"location_id","location_code","location_name","location_description","reported_crs","reported_latitude","reported_longitude","longitude","latitude","domain_state","subregion_id"
10603,"4epetroleumhaven","4e Petroleumhaven","4e Petroleumhaven","ETRS89",51.953524,4.140491,4.140491,51.953524,"outside_domain",
17056,"7epetroleumhaven","7e Petroleumhaven","7e Petroleumhaven","ETRS89",51.915615,4.21277,4.21277,51.915615,"outside_domain",
3627,"a12","A12 platform","A12 platform","ETRS89",55.383333,3.8,3.8,55.383333,"core","southern_and_central_north_sea"
11036,"aadorp","Aadorp","Aadorp","ETRS89",52.3726,6.6333,6.6333,52.3726,"outside_domain",
2303,"aa.helmond","Aa, Helmond","Aa, Helmond","ETRS89",51.488763,5.682549,5.682549,51.488763,"outside_domain",
4998,"aakvlaai.badstrand","Aakvlaai, badstrand","Aakvlaai, badstrand","ETRS89",51.723572,4.864773,4.864773,51.723572,"outside_domain",
9707,"aakvlaai.badstrand.2","Aakvlaai, badstrand, 2","Aakvlaai, badstrand, 2","ETRS89",51.723234,4.869669,4.869669,51.723234,"outside_domain",
11211,"aakvlaai.badstrand.3","Aakvlaai, badstrand, 3","Aakvlaai, badstrand, 3","ETRS89",51.726773,4.866994,4.866994,51.726773,"outside_domain",
11289,"aakvlaai.badstrand.4","Aakvlaai, badstrand, 4","Aakvlaai, badstrand, 4","ETRS89",51.725984,4.863472,4.863472,51.725984,"outside_domain",
10425,"aalst.deneswaarden","Aalst, De Neswaarden","Aalst, De Neswaarden","ETRS89",51.785668,5.115173,5.115173,51.785668,"outside_domain",
10980,"aalst.derietschoof.1","Aalst, De Rietschoof, meetpunt 1","strand","ETRS89",51.77674,5.125978,5.125978,51.77674,"outside_domain",
819,"aalst.derietschoof.2","Aalst, De Rietschoof, meetpunt 2","haven","ETRS89",51.776312,5.127676,5.127676,51.776312,"outside_domain",
1494,"aalst.waterspeelplaatsdeneswaarden","Aalst, Waterspeelplaats De Neswaarden","Aalst, Waterspeelplaats De Neswaarden","ETRS89",51.785477,5.114232,5.114232,51.785477,"outside_domain",
11735,"aardappelengat.west.2","Aardappelengat, west, punt 02","Aardappelengat, west, punt 02","ETRS89",51.782566,4.160885,4.160885,51.782566,"core","southern_and_central_north_sea"
12367,"aarlerixtel.goorloop.wilhelminakanaal","Aarle-Rixtel, Goorloop, Wilhelminakanaal","Aarle-Rixtel, Goorloop, Wilhelminakanaal","ETRS89",51.513289,5.612911,5.612911,51.513289,"outside_domain",
5714,"aarlerixtel.schabbert","Aarle Rixtel, Schabbert","Aarle Rixtel, Schabbert","ETRS89",51.520597,5.654069,5.654069,51.520597,"outside_domain",
10917,"aarlerixtel.schabbert.beneden","Aarle Rixtel, Schabbert, beneden","Aarle Rixtel, Schabbert, beneden","ETRS89",51.5212,5.6534,5.6534,51.5212,"outside_domain",
9668,"aarlerixtel.schabbert.boven","Aarle Rixtel, Schabbert, boven","Aarle Rixtel, Schabbert, boven","ETRS89",51.5205,5.6542,5.6542,51.5205,"outside_domain",
12622,"aarlerixtel.schabbert.inlaat","Aarle Rixtel, Schabbert, inlaat","Spuien","ETRS89",51.521269,5.653569,5.653569,51.521269,"outside_domain",
16524,"aarlerixtel.schabbert.kleplinks","Aarle Rixtel, Schabbert, klep links","Aarle Rixtel, Schabbert, klep links","ETRS89",51.521261,5.653569,5.653569,51.521261,"outside_domain",
9501,"aarlerixtel.schabbert.uitlaat","Aarle Rixtel, Schabbert, uitlaat","NettobalansUIT","ETRS89",51.521264,5.653569,5.653569,51.521264,"outside_domain",
2505,"aarlerixtel.whkgoorloop","Aarle-Rixtel, WHK-Goorloop","AA21","ETRS89",51.513286,5.612912,5.612912,51.513286,"outside_domain",
13467,"aasterberg","Aasterberg","monding van de Geleenbeek","ETRS89",51.10176,5.834066,5.834066,51.10176,"outside_domain",
417,"abbert","Abbert","Abbert","ETRS89",52.504753,5.858506,5.858506,52.504753,"outside_domain",
1412,"abbertstrand","Abbertstrand","Abbertstrand","ETRS89",52.51092,5.853608,5.853608,52.51092,"outside_domain",
16852,"adelaarsweg","Adelaarsweg","Hoge Vaart","ETRS89",52.328631,5.423878,5.423878,52.328631,"outside_domain",
7931,"afsluitdijkbreezanddijktotkornwerderzand.nld6087","Afsluitdijk Breezanddijk tot Kornwerderzand, NLD6087","Afsluitdijk Breezanddijk tot Kornwerderzand, NLD6087","ETRS89",53.05406,5.23976,5.23976,53.05406,"core","southern_and_central_north_sea"
7073,"afsluitdijkkornwerderzandtotzurich.nld6088","Afsluitdijk Kornwerderzand tot Zurich, NLD6088","Afsluitdijk Kornwerderzand tot Zurich, NLD6088","ETRS89",53.0973,5.32529,5.32529,53.0973,"core","southern_and_central_north_sea"
18207,"alblasserdam","Alblasserdam","rechteroever nabij brug","ETRS89",51.856606,4.656146,4.656146,51.856606,"outside_domain",
14391,"alblasserdam.pijlstoep","Alblasserdam, Pijlstoep","Alblasserdam, Pijlstoep","ETRS89",51.865838,4.645151,4.645151,51.865838,"outside_domain",
13767,"almeerderstrand","Almeerderstrand","Almeerderstrand","ETRS89",52.33544,5.138603,5.138603,52.33544,"core","southern_and_central_north_sea"
7620,"almelo","Almelo","Almelo","ETRS89",52.35632,6.620117,6.620117,52.35632,"outside_domain",
15433,"almen","Almen","Almen","ETRS89",52.165824,6.28472,6.28472,52.165824,"outside_domain",
4535,"almerehaven.zwemstrand","Almere-Haven, zwemstrand","Almere-Haven, zwemstrand","ETRS89",52.332849,5.212678,5.212678,52.332849,"core","southern_and_central_north_sea"
14757,"almere.hollandsebrug","Almere, Hollandse brug","Almere, Hollandse brug","ETRS89",52.3265,5.1376,5.1376,52.3265,"core","southern_and_central_north_sea"
13629,"almere.lagevaart","Almere, Lage Vaart","Almere, Lage Vaart","ETRS89",52.398658,5.247623,5.247623,52.398658,"outside_domain",
14962,"almere.triathlon.a","Almere, triathlon, punt A","Almere, triathlon, punt A","ETRS89",52.333802,5.200878,5.200878,52.333802,"core","southern_and_central_north_sea"
17941,"almere.triathlon.b","Almere, triathlon, punt B","Almere, triathlon, punt B","ETRS89",52.329379,5.212075,5.212075,52.329379,"core","southern_and_central_north_sea"
4529,"almere.triathlon.c","Almere, triathlon, punt C","Almere, triathlon, punt C","ETRS89",52.332949,5.219778,5.219778,52.332949,"outside_domain",
1507,"ameland.20kmuitdekust","Ameland, 20 km uit de kust","Ameland, 20 km uit de kust","ETRS89",53.639278,5.618695,5.618695,53.639278,"core","southern_and_central_north_sea"
6954,"ameland.4kmuitdekust","Ameland, 4 km uit de kust","Ameland, 4 km uit de kust","ETRS89",53.500662,5.633421,5.633421,53.500662,"core","southern_and_central_north_sea"
8788,"ameland.70kmuitdekust","Ameland, 70 km uit de kust","Ameland, 70 km uit de kust","ETRS89",54.085403,5.56118,5.56118,54.085403,"core","southern_and_central_north_sea"
13893,"ameland.ballumerstrandwegtothollumerbos.paal2tot7.nld5070","Ameland, Ballumerstrandweg tot Hollumer Bos, paal 2 tot 7, NLD5070","Ameland, Ballumerstrandweg tot Hollumer Bos, paal 2 tot 7, NLD5070","ETRS89",53.47687,5.68174,5.68174,53.47687,"core","southern_and_central_north_sea"
3249,"ameland.buurdertotballumerstrandweg.paal7tot15.nld5069","Ameland, Buurder tot Ballumerstrandweg, paal 7 tot 15, NLD5069","Ameland, Buurder tot Ballumerstrandweg, paal 7 tot 15, NLD5069","ETRS89",53.47439,5.79947,5.79947,53.47439,"core","southern_and_central_north_sea"
2547,"ameland.dehontotbuurderstrandweg.paal15tot25.nld5068","Ameland, De Hon tot Buurderstrandweg, paal 15 tot 25, NLD5068","Ameland, De Hon tot Buurderstrandweg, paal 15 tot 25, NLD5068","ETRS89",53.48383,5.91799,5.91799,53.48383,"core","southern_and_central_north_sea"
11577,"amelandergat","Amelander Gat","Amelander Gat","ETRS89",53.467071,5.567896,5.567896,53.467071,"core","southern_and_central_north_sea"
8851,"amelanderzeegat.1.1","Amelander zeegat, 1 .1","boei","ETRS89",53.507601,5.481405,5.481405,53.507601,"core","southern_and_central_north_sea"
18354,"amelanderzeegat.1.2","Amelander zeegat, 1 .2","boei","ETRS89",53.507598,5.48442,5.48442,53.507598,"core","southern_and_central_north_sea"
12056,"amelanderzeegat.2.1","Amelander zeegat, 2 .1","boei","ETRS89",53.477304,5.573963,5.573963,53.477304,"core","southern_and_central_north_sea"
7722,"amelanderzeegat.2.2","Amelander zeegat, 2 .2","boei","ETRS89",53.478028,5.570954,5.570954,53.478028,"core","southern_and_central_north_sea"
8079,"amelanderzeegat.3.1","Amelander zeegat, 3 .1","boei","ETRS89",53.450839,5.60365,5.60365,53.450839,"core","southern_and_central_north_sea"
4456,"amelanderzeegat.3.2","Amelander zeegat, 3 .2","boei","ETRS89",53.449939,5.604699,5.604699,53.449939,"core","southern_and_central_north_sea"
17977,"amelanderzeegat.4.1","Amelander zeegat, 4 .1","boei","ETRS89",53.421114,5.641855,5.641855,53.421114,"core","southern_and_central_north_sea"
17646,"amelanderzeegat.4.2","Amelander zeegat, 4 .2","boei","ETRS89",53.424273,5.635406,5.635406,53.424273,"core","southern_and_central_north_sea"
5417,"amelanderzeegat.5.1","Amelander zeegat, 5 .1","boei","ETRS89",53.392769,5.698355,5.698355,53.392769,"core","southern_and_central_north_sea"
16066,"amelanderzeegat.5.2","Amelander zeegat, 5 .2","boei","ETRS89",53.393401,5.696857,5.696857,53.393401,"core","southern_and_central_north_sea"
3837,"amelanderzeegat.6.1","Amelander zeegat, 6 .1","boei","ETRS89",53.318808,5.574776,5.574776,53.318808,"core","southern_and_central_north_sea"
15833,"amelanderzeegat.6.2","Amelander zeegat, 6 .2","boei","ETRS89",53.373153,5.770331,5.770331,53.373153,"core","southern_and_central_north_sea"
16994,"ameland.hollumerbostotreeweg.totpaal2.nld5071","Ameland, Hollumer Bos tot Reeweg, tot paal 2, NLD5071","Ameland, Hollumer Bos tot Reeweg, tot paal 2, NLD5071","ETRS89",53.47339,5.60379,5.60379,53.47339,"core","southern_and_central_north_sea"
6200,"ameland.nes","Ameland, Nes","Ameland, Nes","ETRS89",53.429766,5.759448,5.759448,53.429766,"core","southern_and_central_north_sea"
831,"ameland.nes.badstrand","Ameland, Nes, badstrand","Ameland, Nes, badstrand","ETRS89",53.462079,5.778186,5.778186,53.462079,"core","southern_and_central_north_sea"
16936,"ameland.noord","Ameland, noord","Ameland, noord","ETRS89",53.46723,5.788562,5.788562,53.46723,"core","southern_and_central_north_sea"
1166,"ameland.oost","Ameland, oost","Ameland, oost","ETRS89",53.455501,5.971668,5.971668,53.455501,"core","southern_and_central_north_sea"
11457,"ameland.stroomleidamtotveerdamnes.nld5073","Ameland, Stroomleidam tot veerdam Nes, NLD5073","Ameland, Stroomleidam tot veerdam Nes, NLD5073","ETRS89",53.42616,5.73027,5.73027,53.42616,"core","southern_and_central_north_sea"
13599,"ameland.veerdamnestotkooigrie.nld5074","Ameland, veerdam Nes tot Kooigrie, NLD5074","Ameland, veerdam Nes tot Kooigrie, NLD5074","ETRS89",53.42865,5.82731,5.82731,53.42865,"core","southern_and_central_north_sea"
17821,"ameland.wantij","Ameland Wantij","Ameland Wantij","ETRS89",53.42333,5.88833,5.88833,53.42333,"core","southern_and_central_north_sea"
18351,"ameland.westgat","Ameland, Westgat","platform","ETRS89",53.491639,5.941194,5.941194,53.491639,"core","southern_and_central_north_sea"
10138,"amelandwestgat","Ameland Westgat platform","Ameland Westgat platform","ETRS89",53.49164,5.94114,5.94114,53.49164,"core","southern_and_central_north_sea"
15136,"amerikahaven.2","Amerikahaven, 2","Amerikahaven, 2","ETRS89",52.411987,4.774766,4.774766,52.411987,"outside_domain",
7320,"amerikahaven.zuid","Amerikahaven, zuid","Amerikahaven, zuid","ETRS89",52.401564,4.77538,4.77538,52.401564,"outside_domain",
5326,"amerongen.beneden","Amerongen, beneden","Amerongen, beneden","ETRS89",51.974,5.404,5.404,51.974,"outside_domain",
4597,"amerongen.boven","Amerongen, boven","Amerongen, boven","ETRS89",51.9753,5.4125,5.4125,51.9753,"outside_domain",
440,"amerongen.eckenwiel","Amerongen, Eck en Wiel","Amerongen, Eck en Wiel","ETRS89",51.983031,5.455764,5.455764,51.983031,"outside_domain",
16720,"ammerstol.dehem.badstrand","Ammerstol, De Hem, badstrand","Ammerstol, De Hem, badstrand","ETRS89",51.941746,4.832526,4.832526,51.941746,"outside_domain",
8514,"amsteldiep","Amsteldiep","Amsteldiep","ETRS89",52.929371,4.911323,4.911323,52.929371,"core","southern_and_central_north_sea"
6464,"amsterdam.diemerdijk","Amsterdam, Diemerdijk","Amsterdam, Diemerdijk","ETRS89",52.352288,5.005589,5.005589,52.352288,"core","southern_and_central_north_sea"
4160,"amsterdam.diemerpolder","Amsterdam, Diemerpolder","ARK, km 4","ETRS89",52.348628,4.985808,4.985808,52.348628,"outside_domain",
7429,"amsterdam.km25","Amsterdam, km 25","IJtunnel","ETRS89",52.380775,4.905707,4.905707,52.380775,"outside_domain",
12635,"amsterdam.ndsmwerf","Amsterdam, NDSM werf","Amsterdam, NDSM werf","ETRS89",52.399863,4.888014,4.888014,52.399863,"outside_domain",
14717,"amsterdam.schellingwouderbrug","Amsterdam, Schellingwouderbrug","Amsterdam, Schellingwouderbrug","ETRS89",52.378673,4.967545,4.967545,52.378673,"outside_domain",
15071,"amsterdam.stranddiemerpark","Amsterdam, Strand Diemerpark","Amsterdam, Strand Diemerpark","ETRS89",52.354645,4.986986,4.986986,52.354645,"outside_domain",
11817,"amsterdam.surinamekade","Amsterdam, Surinamekade","Amsterdam, Surinamekade","ETRS89",52.37726,4.949568,4.949568,52.37726,"core","southern_and_central_north_sea"
10242,"andel.maas","Andel, Maas","Andel, Maas","ETRS89",51.794083,5.050327,5.050327,51.794083,"outside_domain",
16807,"andel.strand","Strandje Andel","Strandje Andel","ETRS89",51.783418,5.06116,5.06116,51.783418,"outside_domain",
12331,"andel.waal","Andel, Waal","Andel, Waal","ETRS89",51.794799,5.049162,5.049162,51.794799,"outside_domain",
11801,"andijk","Andijk","voorheen IJsselmeer, meetpaal 38","ETRS89",52.7503,5.265049,5.265049,52.7503,"core","southern_and_central_north_sea"
9647,"andijk.ijsselmeer","Andijk IJsselmeer","Andijk IJsselmeer","ETRS89",52.750524,5.265018,5.265018,52.750524,"core","southern_and_central_north_sea"
15724,"andijk.zwemstrand","Andijk, Zwemstrand","Andijk, Zwemstrand","ETRS89",52.739678,5.175511,5.175511,52.739678,"outside_domain",
19152,"andijk.zwemstrandextra","Andijk Zwemstrand extra","Andijk Zwemstrand extra","ETRS89",52.7408,5.1715,5.1715,52.7408,"core","southern_and_central_north_sea"
9766,"ane.h56","Ane, H56","Ane, H56","ETRS89",52.611501,6.658118,6.658118,52.611501,"outside_domain",
6000,"antwerpen.bonapartedok","Antwerpen, Bonapartedok","Antwerpen, Bonapartedok","ETRS89",51.22835,4.399894,4.399894,51.22835,"outside_domain",
7063,"antwerpen.kattendijk","Antwerpen, Kattendijk","Antwerpen, Kattendijk","ETRS89",51.28252,4.332061,4.332061,51.28252,"outside_domain",
18773,"antwerpen.loodsgebouw","Antwerpen, Loodsgebouw","Antwerpen, Loodsgebouw","ETRS89",51.227537,4.399894,4.399894,51.227537,"outside_domain",
6102,"antwerpen.prosperpolder","Antwerpen, Prosperpolder","Antwerpen, Prosperpolder","ETRS89",51.342082,4.247633,4.247633,51.342082,"outside_domain",
18023,"antwerpskanaalpand.km2","Antwerps Kanaalpand, kilometer 02","Antwerps Kanaalpand, kilometer 02","ETRS89",51.38782,4.245773,4.245773,51.38782,"outside_domain",
16292,"appelhoek","Appelhoek","Appelhoek","ETRS89",52.614273,5.190834,5.190834,52.614273,"core","southern_and_central_north_sea"
6211,"appelhoek.west","Appelhoek, west","Appelhoek, west","ETRS89",52.62249,5.2986,5.2986,52.62249,"core","southern_and_central_north_sea"
10606,"appelzak.1kmuitdekust","Appelzak, 1 km uit de kust","Appelzak, 1 km uit de kust","ETRS89",51.380221,3.365682,3.365682,51.380221,"core","southern_and_central_north_sea"
11687,"appelzak.2kmuitdekust","Appelzak, 2 km uit de kust","Appelzak, 2 km uit de kust","ETRS89",51.385216,3.350962,3.350962,51.385216,"core","southern_and_central_north_sea"
15949,"appelzak.4kmuitdekust","Appelzak, 4 km uit de kust","Appelzak, 4 km uit de kust","ETRS89",51.397999,3.329852,3.329852,51.397999,"core","southern_and_central_north_sea"
5798,"arcen","Arcen","Arcen","ETRS89",51.473238,6.178836,6.178836,51.473238,"outside_domain",
2194,"archem.benedenregge","Archem, Beneden Regge","Archem, Beneden Regge","ETRS89",52.468781,6.451574,6.451574,52.468781,"outside_domain",
13410,"archem.linderbeek","Archem, Linderbeek","km 0.1","ETRS89",52.469438,6.45343,6.45343,52.469438,"outside_domain",
2189,"arnemuiden.oranjeplaat","Arnemuiden Oranjeplaat","Arnemuiden Oranjeplaat","ETRS89",51.51661,3.70014,3.70014,51.51661,"outside_domain",
7042,"arnhem.nederrijn","Arnhem, Nederrijn","Arnhem, Nederrijn","ETRS89",51.975408,5.912023,5.912023,51.975408,"outside_domain",
8357,"autricheofoostenrijkpolder","Autriche of oostenrijkpolder","Autriche of oostenrijkpolder","ETRS89",51.239955,3.81318,3.81318,51.239955,"outside_domain",
16725,"baarland.badstrand","Baarland, badstrand","Baarland, badstrand","ETRS89",51.394415,3.898086,3.898086,51.394415,"outside_domain",
14185,"baarland.drempel","Baarland, drempel","Baarland, drempel","ETRS89",51.372693,3.900719,3.900719,51.372693,"core","southern_and_central_north_sea"
13299,"badstrandburen.ameland","Badstrand Buren, Ameland","Badstrand Buren, Ameland","ETRS89",53.463349,5.809289,5.809289,53.463349,"core","southern_and_central_north_sea"
16407,"badstrandhoorn.terschelling","Badstrand Hoorn, Terschelling","Badstrand Hoorn, Terschelling","ETRS89",53.416362,5.342075,5.342075,53.416362,"outside_domain",
15446,"badstrandprinsbernhardweg.schiermonnikoog","Badstrand Prins Bernhardweg, Schiermonnikoog","Badstrand Prins Bernhardweg, Schiermonnikoog","ETRS89",53.503886,6.190084,6.190084,53.503886,"core","southern_and_central_north_sea"
1706,"badstrandveen","Badstrand Veen","Badstrand Veen","ETRS89",51.784412,5.105079,5.105079,51.784412,"outside_domain",
17945,"balgzand","Balgzand","Balgzand","ETRS89",52.935924,4.866631,4.866631,52.935924,"core","southern_and_central_north_sea"
17656,"balgzand.westwal.zuid","Balgzand, westwal, zuid","Balgzand, westwal, zuid","ETRS89",52.891524,4.908021,4.908021,52.891524,"outside_domain",
8019,"ballum.badstrand","Ballum badstrand","Ballum badstrand","ETRS89",53.4659132,5.6958763,5.6958763,53.4659132,"core","southern_and_central_north_sea"
15594,"ballumerbocht","Ballumerbocht","Ballumerbocht","ETRS89",53.436203,5.718231,5.718231,53.436203,"core","southern_and_central_north_sea"
6379,"bath.2","Bath, punt 02","Bath, punt 02","ETRS89",51.399686,4.21008,4.21008,51.399686,"core","southern_and_central_north_sea"
18660,"bath.badstrand","Bath, badstrand","Bath, badstrand","ETRS89",51.400328,4.210825,4.210825,51.400328,"core","southern_and_central_north_sea"
5534,"bath.boei68","Bath, boei 68","Bath, boei 68","ETRS89",51.390355,4.206915,4.206915,51.390355,"core","southern_and_central_north_sea"
11051,"bath.boei71","Bath, boei 71","Bath, boei 71","ETRS89",51.38368,4.165426,4.165426,51.38368,"core","southern_and_central_north_sea"
12697,"bathsespuikanaal.spuisluis","Bathse Spuikanaal, Spuisluis","Bathse Spuikanaal, Spuisluis","ETRS89",51.393207,4.234976,4.234976,51.393207,"core","southern_and_central_north_sea"
11091,"bathsespuikanaal.zuid","Bathse Spuikanaal, zuid","Bathse Spuikanaal, zuid","ETRS89",51.402104,4.235643,4.235643,51.402104,"outside_domain",
7445,"bazeldijk","Bazeldijk","kilometer 14.5","ETRS89",51.900515,4.995334,4.995334,51.900515,"outside_domain",
13279,"beachstrand.eemhof","Beachstrand, Eemhof","Beachstrand, Eemhof","ETRS89",52.259908,5.390089,5.390089,52.259908,"outside_domain",
9444,"beekendonk.biezenloop","Beek en Donk, Biezenloop","AA06","ETRS89",51.559923,5.606078,5.606078,51.559923,"outside_domain",
337,"beekendonk.sluis6.beneden","Beek en donk, sluis 6, beneden","Beek en donk, sluis 6, beneden","ETRS89",51.538,5.633,5.633,51.538,"outside_domain",
18224,"beekendonk.sluis6.boven","Beek en donk, sluis 6, boven","Beek en donk, sluis 6, boven","ETRS89",51.5369,5.6343,5.6343,51.5369,"outside_domain",
16150,"beekendonk.sluis6.inlaat","Beek en Donk, Sluis 6, inlaat","Spuien","ETRS89",51.539903,5.630658,5.630658,51.539903,"outside_domain",
12418,"beekendonk.sluis6.kolk","Beek En Donk Sluis6 kolk","Beek En Donk Sluis6 kolk","ETRS89",51.53989386,5.63065851,5.63065851,51.53989386,"outside_domain",
4807,"beekendonk.sluis6.schuiflinks","Beek En Donk Sluis6 schuiflinks","Beek En Donk Sluis6 schuiflinks","ETRS89",51.53989386,5.63065851,5.63065851,51.53989386,"outside_domain",
12875,"beekendonk.sluis6.schuifrechts","Beek En Donk Sluis6 schuifrechts","Beek En Donk Sluis6 schuifrechts","ETRS89",51.53989386,5.63065851,5.63065851,51.53989386,"outside_domain",
8429,"beekendonk.sluis6.uitlaat","Beek en Donk, Sluis 6, uitlaat","NettobalansUIT","ETRS89",51.539894,5.630658,5.630658,51.539894,"outside_domain",
10726,"beerenplaat.loswal","Beerenplaat, loswal","Beerenplaat, loswal","ETRS89",51.832075,4.397555,4.397555,51.832075,"outside_domain",
499,"beerkanaal","Beerkanaal","Beerkanaal","ETRS89",51.971117,4.097315,4.097315,51.971117,"core","southern_and_central_north_sea"
12693,"beerkanaal.midden","Beerkanaal, midden","Beerkanaal, midden","ETRS89",51.975455,4.090393,4.090393,51.975455,"core","southern_and_central_north_sea"
18056,"belfeld.boven","Belfeld, boven","Belfeld, boven","ETRS89",51.3189,6.1123,6.1123,51.3189,"outside_domain",
9566,"bemmelsewaard","Bemmelse waard","Bemmelse waard","ETRS89",51.881669,5.8996,5.8996,51.881669,"outside_domain",
5982,"benedenleeuwen","Beneden Leeuwen","Beneden Leeuwen","ETRS89",51.887902,5.499341,5.499341,51.887902,"outside_domain",
18671,"benedenstrijmen.km66","Beneden Strijmen, kilometer 66","Beneden Strijmen, kilometer 66","ETRS89",51.933839,5.403924,5.403924,51.933839,"outside_domain",
16304,"beneluxhaven","Beneluxhaven","Beneluxhaven","ETRS89",51.943169,4.127935,4.127935,51.943169,"outside_domain",
8803,"beningerslikken.oost","Beninger Slikken, oost","Beninger Slikken, oost","ETRS89",51.785933,4.238633,4.238633,51.785933,"outside_domain",
7026,"beningerslikken.west.1","Beninger Slikken, west, punt 01","Beninger Slikken, west, punt 01","ETRS89",51.79875,4.211666,4.211666,51.79875,"outside_domain",
17907,"beningerslikken.west.2","Beninger Slikken, west, punt 02","Beninger Slikken, west, punt 02","ETRS89",51.8027,4.201301,4.201301,51.8027,"outside_domain",
10346,"bergambacht.lek","Bergambacht Lek","drinkwaterinnamepunt","ETRS89",51.918929,4.7859,4.7859,51.918929,"outside_domain",
10502,"bergenaanzee","Bergen aan Zee","Bergen aan Zee","ETRS89",52.660979,4.626005,4.626005,52.660979,"core","southern_and_central_north_sea"
15212,"bergenaanzee.doorbraak.paal30tot33.nld3032","Bergen aan Zee, doorbraak, paal 30 tot 33, NLD3032","Bergen aan Zee, doorbraak, paal 30 tot 33, NLD3032","ETRS89",52.70093,4.61384,4.61384,52.70093,"core","southern_and_central_north_sea"
13157,"bergenaanzee.standafvalmeetnet","Bergen aan Zee, Standafval Meetnet","NL001","ETRS89",52.651355,4.626157,4.626157,52.651355,"outside_domain",
17894,"bergen.km1404ro","Bergen, km 1404 ro","Bergen, km 1404 ro","ETRS89",51.59571,6.024741,6.024741,51.59571,"outside_domain",
13011,"bergenopzoom","Bergen op Zoom","Bergen op Zoom","ETRS89",51.473894,4.243875,4.243875,51.473894,"core","southern_and_central_north_sea"
12713,"bergenopzoom.noord","Bergen op Zoom, noord","Bergen op Zoom, noord","ETRS89",51.506522,4.249998,4.249998,51.506522,"outside_domain",
9247,"bergschediep.oost","Bergsche Diep, oost","Bergsche Diep, oost","ETRS89",51.498734,4.234105,4.234105,51.498734,"core","southern_and_central_north_sea"
14447,"bergsediepsluis.noord","Bergse Diepsluis, noord","badstrand","ETRS89",51.5124,4.173062,4.173062,51.5124,"core","southern_and_central_north_sea"
10115,"bergstoep.lek","Bergstoep, Lek","Bergstoep, Lek","ETRS89",51.9157822,4.7754326,4.7754326,51.9157822,"outside_domain",
1858,"berkhout","Berkhout","Berkhout","ETRS89",52.649231,4.982047,4.982047,52.649231,"outside_domain",
6767,"berlicum.schijndelseloop","Berlicum Schijndelseloop","Berlicum Schijndelseloop","ETRS89",51.65749,5.40411,5.40411,51.65749,"outside_domain",
6758,"berlicum.schijndelseloop.twoud","Berlicum, Schijndelseloop, het Woud","AA03","ETRS89",51.657492,5.40411,5.40411,51.657492,"outside_domain",
14332,"beugen","Beugen","Beugen","ETRS89",51.666955,5.962359,5.962359,51.666955,"outside_domain",
11459,"beukers.boven","Beukers, boven","Beukers, boven","ETRS89",52.663514,6.101702,6.101702,52.663514,"outside_domain",
7495,"biddinghuizen.ellerstrand","Biddinghuizen, Ellerstrand","Biddinghuizen, Ellerstrand","ETRS89",52.423421,5.769785,5.769785,52.423421,"outside_domain",
14867,"biddinghuizen.ellerstrand.zuid","Biddinghuizen, Ellerstrand, zuid","Biddinghuizen, Ellerstrand, zuid","ETRS89",52.42742,5.775363,5.775363,52.42742,"outside_domain",
16293,"biddinghuizen.flevostrand","Biddinghuizen, Flevostrand","Biddinghuizen, Flevostrand","ETRS89",52.387439,5.637301,5.637301,52.387439,"outside_domain",
12980,"biddinghuizen.harderstrand","Biddinghuizen, Harderstrand","Biddinghuizen, Harderstrand","ETRS89",52.38859,5.636926,5.636926,52.38859,"outside_domain",
9749,"biddinghuizen.harderstrand.noord","Biddinghuizen, Harderstrand, noord","Biddinghuizen, Harderstrand, noord","ETRS89",52.387591,5.641562,5.641562,52.387591,"outside_domain",
4907,"biddingweg","Biddingweg","Lage Vaart","ETRS89",52.51577,5.633226,5.633226,52.51577,"outside_domain",
6274,"bierum","Bierum","Bierum","ETRS89",53.388839,6.844574,6.844574,53.388839,"outside_domain",
12569,"biesbosch.marina","Biesbosch, Marina","Biesbosch, Marina","ETRS89",51.709165,4.822605,4.822605,51.709165,"outside_domain",
9293,"biesdonk","Biesdonk","Gat van de kleinen hil","ETRS89",51.761393,4.763026,4.763026,51.761393,"outside_domain",
1881,"bijland.jachthaven","Bijland, jachthaven","recreatieplas, kilometer 863.600","ETRS89",51.861827,6.0942,6.0942,51.861827,"outside_domain",
9925,"bijland.noord","BIJland, noord","recreatieplas","ETRS89",51.869605,6.078626,6.078626,51.869605,"outside_domain",
11603,"bijland.zuid","Bijland, zuid","recreatieplas","ETRS89",51.863995,6.080442,6.080442,51.863995,"outside_domain",
9338,"bijsselsebeek.monding","Bijsselsebeek, monding","Bijsselsebeek, monding","ETRS89",52.393624,5.729759,5.729759,52.393624,"outside_domain",
1025,"binnenschaar","Binnen Schaar","Binnen Schaar","ETRS89",51.648777,3.732153,3.732153,51.648777,"core","southern_and_central_north_sea"
15226,"binnenschelde","Binnenschelde","Binnenschelde","ETRS89",51.493506,4.251907,4.251907,51.493506,"core","southern_and_central_north_sea"
8290,"binnenspuikanaal.1","Binnenspuikanaal, 1","Binnenspuikanaal, 1","ETRS89",52.469946,4.608883,4.608883,52.469946,"outside_domain",
2833,"bisonbaai.midden","Bisonbaai, midden","recreatieplas","ETRS89",51.867381,5.928766,5.928766,51.867381,"outside_domain",
6027,"blaarthem","Blaarthem","Afwateringskanaal Eindhoven","ETRS89",51.422066,5.445859,5.445859,51.422066,"outside_domain",
3645,"blaarthem.dommel","Blaarthem, Dommel","Blaarthem, Dommel","ETRS89",51.421797,5.445428,5.445428,51.421797,"outside_domain",
5353,"blaarthem.gender","Blaarthem, Gender","Blaarthem, Gender","ETRS89",51.422875,5.445961,5.445961,51.422875,"outside_domain",
5644,"blaricum.strandvoorland","Blaricum, strand Voorland","Blaricum, strand Voorland","ETRS89",52.297694,5.29721,5.29721,52.297694,"outside_domain",
13199,"blauweslenk.oost","Blauwe Slenk, oost","Blauwe Slenk, oost","ETRS89",53.224558,5.277907,5.277907,53.224558,"core","southern_and_central_north_sea"
12792,"blauweslenk.west","Blauwe Slenk, west","Blauwe Slenk, west","ETRS89",53.230575,5.201819,5.201819,53.230575,"core","southern_and_central_north_sea"
16279,"bleekersvallei","Bleekersvallei","Bleekersvallei","ETRS89",53.069571,4.725084,4.725084,53.069571,"outside_domain",
4795,"bloemendaalaanzee","Bloemendaal aan Zee","Bloemendaal aan Zee","ETRS89",52.402473,4.543016,4.543016,52.402473,"outside_domain",
9472,"bloemendaaltotijmuiden.paal56tot60.nld2027","Bloemendaal tot IJmuiden, paal 56 tot 60, NLD2027","Bloemendaal tot IJmuiden, paal 56 tot 60, NLD2027","ETRS89",52.45586,4.53919,4.53919,52.45586,"core","southern_and_central_north_sea"
15558,"bochtvanstjacob","Bocht van St Jacob","Bocht van St Jacob","ETRS89",51.684824,4.122738,4.122738,51.684824,"core","southern_and_central_north_sea"
8217,"bochtvanwatum","Bocht van Watum","Bocht van Watum","ETRS89",53.334933,6.94394,6.94394,53.334933,"core","southern_and_central_north_sea"
16709,"bochtvanwatum.dijkvoetvka","Bocht van Watum, dijkvoet VKA","Bocht van Watum, dijkvoet VKA","ETRS89",53.409922,6.876722,6.876722,53.409922,"core","southern_and_central_north_sea"
14141,"bochtvanwatum.midden.oost","Bocht van Watum, midden, oost","Bocht van Watum, midden, oost","ETRS89",53.349279,6.911343,6.911343,53.349279,"core","southern_and_central_north_sea"
2793,"bochtvanwatum.midden.west","Bocht van Watum, midden, west","Bocht van Watum, midden, west","ETRS89",53.373636,6.904016,6.904016,53.373636,"core","southern_and_central_north_sea"
5206,"bochtvanwatum.noord","Bocht van Watum, noord","Bocht van Watum, noord","ETRS89",53.404581,6.894281,6.894281,53.404581,"core","southern_and_central_north_sea"
6351,"bochtvanwatum.oost","Bocht van Watum, oost","Bocht van Watum, oost","ETRS89",53.339482,6.9396,6.9396,53.339482,"core","southern_and_central_north_sea"
15377,"bochtvanwatum.zuid","Bocht van Watum, zuid","Bocht van Watum, zuid","ETRS89",53.33036,6.958336,6.958336,53.33036,"core","southern_and_central_north_sea"
15092,"boerenplaat.badstrand","Boerenplaat, badstrand","Boerenplaat, badstrand","ETRS89",51.731722,4.719154,4.719154,51.731722,"outside_domain",
12905,"bommenede","Bommenede","Grevelingen boei G22","ETRS89",51.738709,3.974298,3.974298,51.738709,"core","southern_and_central_north_sea"
10479,"bommenede.boeigb2","Bommenede, boei GB2","Bommenede, boei GB2","ETRS89",51.733914,3.976195,3.976195,51.733914,"core","southern_and_central_north_sea"
18648,"boomkensdiep","Boomkensdiep","Boomkensdiep","ETRS89",53.378964,5.167224,5.167224,53.378964,"core","southern_and_central_north_sea"
8010,"boontjes","Boontjes","Boontjes","ETRS89",53.084869,5.33721,5.33721,53.084869,"core","southern_and_central_north_sea"
2158,"boontjes.oostoever","Boontjes, oostoever","Boontjes, oostoever","ETRS89",53.121271,5.403638,5.403638,53.121271,"outside_domain",
15668,"borgharen.beneden","Borgharen, beneden","Borgharen, beneden","ETRS89",50.869845,5.6973,5.6973,50.869845,"outside_domain",
15256,"borgharen.boven","Borgharen, boven","Borgharen, boven","ETRS89",50.868048,5.696862,5.696862,50.868048,"outside_domain",
9535,"borgsweer.verbindingskanaal","Borgsweer stuw","Borgsweer stuw","ETRS89",53.297252,6.99886,6.99886,53.297252,"outside_domain",
3737,"born","Born","Born","ETRS89",51.037169,5.799222,5.799222,51.037169,"outside_domain",
8169,"borndiep","Borndiep","Borndiep","ETRS89",53.439163,5.601635,5.601635,53.439163,"core","southern_and_central_north_sea"
10979,"borndiep.zuidwest","Borndiep, zuidwest","Terschelling","ETRS89",53.431928,5.626423,5.626423,53.431928,"outside_domain",
12930,"bornrif","Bornrif","Bornrif","ETRS89",53.499272,5.52203,5.52203,53.499272,"core","southern_and_central_north_sea"
18331,"borssele","Borssele","Borssele","ETRS89",51.410924,3.735446,3.735446,51.410924,"core","southern_and_central_north_sea"
15981,"borsselealpha","Borssele Windpark Alpha platform","Borssele Windpark Alpha platform","ETRS89",51.699921,3.056707,3.056707,51.699921,"core","southern_and_central_north_sea"
4714,"borssele.badstrand","Borssele, badstrand","Borssele, badstrand","ETRS89",51.427267,3.715151,3.715151,51.427267,"core","southern_and_central_north_sea"
5100,"borssele.drempel","Borssele, drempel","Borssele, drempel","ETRS89",51.397016,3.705912,3.705912,51.397016,"core","southern_and_central_north_sea"
5038,"borssele.noordnol","Borssele, Noordnol","Borssele, Noordnol","ETRS89",51.425532,3.707018,3.707018,51.425532,"core","southern_and_central_north_sea"
14896,"boschgat","Boschgat","Boschgat","ETRS89",53.420822,5.551757,5.551757,53.420822,"core","southern_and_central_north_sea"
12793,"boschgat.west","Boschgat, west","Boschgat, west","ETRS89",53.403357,5.503729,5.503729,53.403357,"core","southern_and_central_north_sea"
16851,"boschgat.zuid.1","Boschgat, zuid, 1","Boschgat, zuid, 1","ETRS89",53.495676,6.460028,6.460028,53.495676,"core","southern_and_central_north_sea"
364,"boschnaad.oost","Boschnaad, oost","Boschnaad, oost","ETRS89",53.497972,6.523227,6.523227,53.497972,"core","southern_and_central_north_sea"
6470,"boschwad","Boschwad","Boschwad","ETRS89",53.485894,6.510975,6.510975,53.485894,"core","southern_and_central_north_sea"
17824,"bosscherveld.overlaat","Bosscherveld, overlaat","Bosscherveld, overlaat","ETRS89",50.869424,5.686217,5.686217,50.869424,"outside_domain",
4882,"botlek.geulhaven","Botlek Geulhaven","Radarpost 10","ETRS89",51.891814,4.312531,4.312531,51.891814,"outside_domain",
9923,"botlek.hartelkanaal.2","Borlek Hartelkanaal Kuwaitsteiger","Borlek Hartelkanaal Kuwaitsteiger","ETRS89",51.93028,4.16305,4.16305,51.93028,"outside_domain",
8729,"botlek.hartelkering","Botlek Hartelkering","Botlek Hartelkering","ETRS89",51.865467,4.307585,4.307585,51.865467,"outside_domain",
16718,"botlek.hartelkering.binnen","Botlek Hartelkering binnen","Botlek Hartelkering binnen","ETRS89",51.866515,4.313063,4.313063,51.866515,"outside_domain",
7128,"botlek.hartelkering.buiten","Botlek Hartelkering buiten","Botlek Hartelkering buiten","ETRS89",51.867161,4.301199,4.301199,51.867161,"outside_domain",
7353,"botlek.hetscheur","Botlek Het Scheur","Botlek Het Scheur","ETRS89",51.895,4.30778,4.30778,51.895,"outside_domain",
14097,"botlek.rozenburgsesluis.calandkanaal","Botlek Rozenburgsesluis Calandkanaal","Botlek Rozenburgsesluis Calandkanaal","ETRS89",51.895774,4.228893,4.228893,51.895774,"outside_domain",
359,"botlek.rozenburgsesluis.hartelkanaal","Botlek Rozenburgsesluis Hartekanaal","Botlek Rozenburgsesluis Hartekanaal","ETRS89",51.890066,4.228909,4.228909,51.890066,"outside_domain",
9157,"bovenleeuwen","Boven Leeuwen","Boven Leeuwen","ETRS89",51.899393,5.579717,5.579717,51.899393,"outside_domain",
17547,"bovenrijnkm857p900.rechteroever","Bovenrijn km. 857.900, Rechter oever","Bovenrijn km. 857.900, Rechter oever","ETRS89",51.843996,6.163651,6.163651,51.843996,"outside_domain",
2774,"bovensluis","Bovensluis","Bovensluis","ETRS89",51.692464,4.493381,4.493381,51.692464,"core","southern_and_central_north_sea"
5891,"bovensluis.camping","Bovensluis, camping","Bovensluis, camping","ETRS89",51.6851,4.480267,4.480267,51.6851,"outside_domain",
9579,"boxmeer","Boxmeer","Boxmeer","ETRS89",51.647154,5.967598,5.967598,51.647154,"outside_domain",
6729,"braakman.havenbuitenzijdebadstrand","Braakman, haven buitenzijde badstrand","Braakman, haven buitenzijde badstrand","ETRS89",51.348929,3.731802,3.731802,51.348929,"core","southern_and_central_north_sea"
10578,"brakel","Brakel","Andelse Maas","ETRS89",51.826764,5.104336,5.104336,51.826764,"outside_domain",
18642,"breda","Breda","Breda","ETRS89",51.59401,4.77129,4.77129,51.59401,"outside_domain",
9334,"breehorn","Breehorn","Breehorn","ETRS89",52.951149,4.967626,4.967626,52.951149,"core","southern_and_central_north_sea"
8389,"breesem.boei1","Breesem, boei 1","Breesem, boei 1","ETRS89",53.116288,5.043694,5.043694,53.116288,"core","southern_and_central_north_sea"
8225,"breeveertien.26","Breeveertien, punt 26","Breeveertien, punt 26","ETRS89",53.499245,2.99863,2.99863,53.499245,"core","southern_and_central_north_sea"
17878,"breezand","Breezand","Breezand","ETRS89",52.928463,5.268982,5.268982,52.928463,"core","southern_and_central_north_sea"
17299,"breezand.10","Breezand, punt 10","Breezand, punt 10","ETRS89",52.928013,5.26824,5.26824,52.928013,"core","southern_and_central_north_sea"
1739,"breezanddijk","Breezanddijk","Breezanddijk","ETRS89",53.009694,5.160195,5.160195,53.009694,"core","southern_and_central_north_sea"
3785,"breezanddijk.binnen","Breezanddijk, binnen","Breezanddijk, binnen","ETRS89",53.016721,5.207797,5.207797,53.016721,"core","southern_and_central_north_sea"
10815,"breezanddijk.buiten","Breezanddijk, buiten","Breezanddijk, buiten","ETRS89",53.020671,5.205247,5.205247,53.020671,"core","southern_and_central_north_sea"
7001,"breezanddijk.buitenboei1","Breezanddijk, buiten boei 1","Breezanddijk, buiten boei 1","ETRS89",53.013276,5.188292,5.188292,53.013276,"core","southern_and_central_north_sea"
7204,"bremerbaaistrand","Bremerbaaistrand","Bremerbaaistrand","ETRS89",52.416349,5.728318,5.728318,52.416349,"outside_domain",
4886,"bremerbergdijk.drinkwaterstation","Bremerbergdijk, drinkwaterstation","Bremerbergdijk, drinkwaterstation","ETRS89",52.416774,5.724396,5.724396,52.416774,"outside_domain",
12074,"bremerbergdijk.jachthaven","Bremerbergdijk, jachthaven","Bremerbergdijk, jachthaven","ETRS89",52.430441,5.780668,5.780668,52.430441,"outside_domain",
10575,"breskens","Breskens","Breskens","ETRS89",51.399117,3.564552,3.564552,51.399117,"outside_domain",
9674,"breskens.badstrand","Breskens, badstrand","Breskens, badstrand","ETRS89",51.40051,3.567371,3.567371,51.40051,"core","southern_and_central_north_sea"
17802,"breskens.fortfrederikhendrik","Breskens, Fort Frederik Hendrik","Breskens, Fort Frederik Hendrik","ETRS89",51.406038,3.536431,3.536431,51.406038,"outside_domain",
17391,"breskens.handelshaven","Breskens, Handelshaven","Breskens, Handelshaven","ETRS89",51.396709,3.565798,3.565798,51.396709,"outside_domain",
4417,"breskens.haven.landzijde","Breskens, haven, landzijde","Breskens, haven, landzijde","ETRS89",51.395867,3.569425,3.569425,51.395867,"outside_domain",
6479,"breskens.haven.midden","Breskens, haven, midden","Breskens, haven, midden","ETRS89",51.396316,3.569407,3.569407,51.396316,"outside_domain",
16501,"breskens.havenmond","Breskens, havenmond","Breskens, havenmond","ETRS89",51.397192,3.567935,3.567935,51.397192,"outside_domain",
8381,"breskens.nieuwesluis.badstrand","Breskens, Nieuwesluis, badstrand","Breskens, Nieuwesluis, badstrand","ETRS89",51.404029,3.500878,3.500878,51.404029,"outside_domain",
18539,"breskens.veerhaven","Breskens, Veerhaven","Breskens, Veerhaven","ETRS89",51.403661,3.550427,3.550427,51.403661,"core","southern_and_central_north_sea"
15856,"brielle","Brielle","Brielle","ETRS89",51.907356,4.178396,4.178396,51.907356,"outside_domain",
17238,"brielsegat","Brielse Gat","Brielse Gat","ETRS89",51.927536,4.065604,4.065604,51.927536,"outside_domain",
6068,"brienenoord","Brienenoord","kilometer 996.5","ETRS89",51.899898,4.525587,4.525587,51.899898,"outside_domain",
15714,"brienenspolder","Brienenspolder","Brienenspolder","ETRS89",51.752234,4.227433,4.227433,51.752234,"outside_domain",
14118,"broekenpolder","Broekenpolder","Broekenpolder","ETRS89",52.636363,6.025973,6.025973,52.636363,"outside_domain",
15030,"broekerhaven.3","Broekerhaven, 3","Broekerhaven, 3","ETRS89",52.686551,5.260212,5.260212,52.686551,"core","southern_and_central_north_sea"
18673,"broekerhaven.4","Broekerhaven, 4","Broekerhaven, 4","ETRS89",52.68718,5.259678,5.259678,52.68718,"outside_domain",
15065,"broekerhaven.recreatiepark","Broekerhaven, recreatiepark","Broekerhaven, recreatiepark","ETRS89",52.686781,5.256973,5.256973,52.686781,"core","southern_and_central_north_sea"
1085,"brouwersdam.binnen","Brouwersdam, binnen","Brouwersdam, binnen","ETRS89",51.749311,3.827074,3.827074,51.749311,"outside_domain",
2671,"brouwersdam.brouwershavensegat.2","Brouwersdam Brouwershavense Gat 2","Brouwersdam Brouwershavense Gat 2","ETRS89",51.766527,3.621747,3.621747,51.766527,"core","southern_and_central_north_sea"
12385,"brouwersdam.brouwershavensegat.8","Brouwersdam Brouwershavense Gat 8","Brouwersdam Brouwershavense Gat 8","ETRS89",51.74644,3.81472,3.81472,51.74644,"core","southern_and_central_north_sea"
3994,"brouwersdam.buiten","Brouwersdam, buiten","Brouwersdam, buiten","ETRS89",51.748829,3.824628,3.824628,51.748829,"outside_domain",
13350,"brouwersdam.kabbelaarsbank","Brouwersdam, Kabbelaarsbank","Brouwersdam, Kabbelaarsbank","ETRS89",51.763016,3.843696,3.843696,51.763016,"core","southern_and_central_north_sea"
8820,"brouwersdam.spui.binnen.schuif6","Brouwersdam spuisluis binnen schuif6","Brouwersdam spuisluis binnen schuif6","ETRS89",51.748217,3.827374,3.827374,51.748217,"outside_domain",
16486,"brouwersdam.spui.buiten.schuif2","Brouwersdam spuisluis buiten schuif2","Brouwersdam spuisluis buiten schuif2","ETRS89",51.748584,3.82584,3.82584,51.748584,"outside_domain",
3527,"brouwersdam.spui.inlaat","Brouwersdam inlaat","Brouwersdam inlaat","ETRS89",51.748217,3.827374,3.827374,51.748217,"outside_domain",
13503,"brouwersdam.spui.uitlaat","Brouwersdam uitlaat","Brouwersdam uitlaat","ETRS89",51.748584,3.82584,3.82584,51.748584,"outside_domain",
12674,"brouwershaven","Brouwershaven","Brouwershaven","ETRS89",51.738431,3.903034,3.903034,51.738431,"core","southern_and_central_north_sea"
15361,"brouwershaven.badstrand","Brouwershaven, badstrand","Brouwershaven, badstrand","ETRS89",51.731439,3.91528,3.91528,51.731439,"outside_domain",
3387,"brouwershavensche.gat.08","Brouwershavensche Gat 08","Brouwershavensche Gat 08","ETRS89",51.75075645,3.811483912,3.811483912,51.75075645,"core","southern_and_central_north_sea"
11834,"brouwershavenschegat.5","Brouwershavensche Gat, 05","Brouwershavensche Gat, 05","ETRS89",51.824634,3.763258,3.763258,51.824634,"core","southern_and_central_north_sea"
3988,"bruggennepboven","Brug Gennep boven","Brug Gennep boven","ETRS89",51.681876,5.964359,5.964359,51.681876,"outside_domain",
10024,"bruinisse","Bruinisse","Zijpe","ETRS89",51.655121,4.102756,4.102756,51.655121,"core","southern_and_central_north_sea"
9471,"bruinisse.binnen","Bruinisse, binnen","Bruinisse, binnen","ETRS89",51.667246,4.093594,4.093594,51.667246,"core","southern_and_central_north_sea"
17192,"bruinisse.grevelingensluis","Bruinisse Grevelingensluis","Bruinisse Grevelingensluis","ETRS89",51.666611,4.095666,4.095666,51.666611,"core","southern_and_central_north_sea"
18447,"bruinisse.krammersluis.krammerput","Bruinisse Krammersluis krammerput","Bruinisse Krammersluis krammerput","ETRS89",51.666489,4.186255,4.186255,51.666489,"core","southern_and_central_north_sea"
9492,"bruinisse.krammersluis.laagbekken","Bruinisse Krammersluis laagbekken","Bruinisse Krammersluis laagbekken","ETRS89",51.658109,4.160037,4.160037,51.658109,"core","southern_and_central_north_sea"
5563,"bruinisse.krammersluis.oosterschelde.1","Bruinisse Krammersluis sluis, Oosterschelde","Bruinisse Krammersluis sluis, Oosterschelde","ETRS89",51.661389,4.155639,4.155639,51.661389,"core","southern_and_central_north_sea"
14404,"bruinisse.krammersluis.oosterschelde.2","Bruinisse Krammersluis, Oosterschelde","vh west","ETRS89",51.65922,4.14228,4.14228,51.65922,"core","southern_and_central_north_sea"
6461,"bruinisse.krammersluis.oosterscheldezijde","Krammersluis Oosterscheldezijde","Krammersluis Oosterscheldezijde","ETRS89",51.661389,4.155639,4.155639,51.661389,"core","southern_and_central_north_sea"
3009,"bruinisse.krammersluis.volkeraknoord","Bruinisse Krammersluis Volkerak Noord","Bruinisse Krammersluis Volkerak Noord","ETRS89",51.661806,4.16253,4.16253,51.661806,"core","southern_and_central_north_sea"
12019,"bruinisse.krammersluis.volkerakzijdenoord","Krammersluis volkerakzijde noord","Krammersluis volkerakzijde noord","ETRS89",51.661806,4.16253,4.16253,51.661806,"core","southern_and_central_north_sea"
2193,"bruinisse.krammersluis.volkerakzijdezuid","Krammersluis volkerakzijde zuid","Krammersluis volkerakzijde zuid","ETRS89",51.661332,4.162606,4.162606,51.661332,"core","southern_and_central_north_sea"
18046,"bruinisse.krammersluis.volkerakzuid","Bruinisse Krammersluis Volkerak Zuid","Bruinisse Krammersluis Volkerak Zuid","ETRS89",51.661332,4.162606,4.162606,51.661332,"core","southern_and_central_north_sea"
18729,"bruinisse.krammersluizen.krammernoord","Bruinisse Krammersluizen Krammer Noord","Bruinisse Krammersluizen Krammer Noord","ETRS89",51.67008,4.127,4.127,51.67008,"core","southern_and_central_north_sea"
2509,"bruinisse.werkhaven.badstrand","Bruinisse, werkhaven, badstrand","Bruinisse, werkhaven, badstrand","ETRS89",51.668618,4.087627,4.087627,51.668618,"outside_domain",
17451,"buggenum","Buggenum Hanssumerweerd","km 85,77","ETRS89",51.22999,5.99556,5.99556,51.22999,"outside_domain",
7828,"buggenum.spoorbrug","Buggenum, spoorbrug","Buggenum, spoorbrug","ETRS89",51.225043,5.981423,5.981423,51.225043,"outside_domain",
4522,"buiksloot","Buiksloot","Buiksloot","ETRS89",52.383478,4.907352,4.907352,52.383478,"outside_domain",
597,"buitenbanken.west","Buitenbanken west","Buitenbanken west","ETRS89",51.79502,2.97225,2.97225,51.79502,"core","southern_and_central_north_sea"
5254,"buitenhuizen","Buitenhuizen","kilometer 10","ETRS89",52.433277,4.722711,4.722711,52.433277,"outside_domain",
2932,"buitenkooigat","Buitenkooigat","Buitenkooigat","ETRS89",51.748665,4.806906,4.806906,51.748665,"outside_domain",
14055,"buizerdweg","Buizerdweg","Lage Dwarsvaart","ETRS89",52.486808,5.432843,5.432843,52.486808,"outside_domain",
10151,"bunde.kanaal","Bunde, kanaal","Bunde, kanaal","ETRS89",50.906308,5.7247,5.7247,50.906308,"outside_domain",
4440,"burghsluis","Burghsluis","Burghsluis","ETRS89",51.6758,3.756441,3.756441,51.6758,"outside_domain",
13266,"burghsluis.tussen.westboutenburghsluis","Burghsluis, tussen, westbout en Burghsluis","Burghsluis, tussen, westbout en Burghsluis","ETRS89",51.67262,3.741229,3.741229,51.67262,"outside_domain",
2316,"burgum.burgumerdaam.boezem","Burgum Burgumerdaam boezem","Burgum Burgumerdaam boezem","ETRS89",53.18486,6.00312,6.00312,53.18486,"outside_domain",
6910,"buurse","Buurse","Buurserbeek","ETRS89",52.134233,6.860846,6.860846,52.134233,"outside_domain",
10054,"cadzand.1","Cadzand, 1","voorheen punt 02","ETRS89",51.390145,3.368697,3.368697,51.390145,"core","southern_and_central_north_sea"
13189,"cadzand.2","Cadzand, 2","Cadzand, 2","ETRS89",51.379298,3.376275,3.376275,51.379298,"core","southern_and_central_north_sea"
11773,"cadzand.badstrand","Cadzand, badstrand","Cadzand, badstrand","ETRS89",51.380518,3.389726,3.389726,51.380518,"outside_domain",
10791,"callantsoog","Callantsoog","Callantsoog","ETRS89",52.837511,4.688827,4.688827,52.837511,"core","southern_and_central_north_sea"
770,"callantsoog.10kmuitdekust","Callantsoog, 10 km uit de kust","Callantsoog, 10 km uit de kust","ETRS89",52.896148,4.563031,4.563031,52.896148,"core","southern_and_central_north_sea"
2344,"callantsoog.1kmuitdekust","Callantsoog, 01 km uit de kust","Callantsoog, 01 km uit de kust","ETRS89",52.862822,4.686344,4.686344,52.862822,"core","southern_and_central_north_sea"
18738,"callantsoog.20kmuitdekust","Callantsoog, 20 km uit de kust","Callantsoog, 20 km uit de kust","ETRS89",52.912256,4.416384,4.416384,52.912256,"core","southern_and_central_north_sea"
12900,"callantsoog.2kmuitdekust","Callantsoog, 2 km uit de kust","Callantsoog, 2 km uit de kust","ETRS89",52.864765,4.673007,4.673007,52.864765,"core","southern_and_central_north_sea"
18161,"callantsoog.30kmuitdekust","Callantsoog, 30 km uit de kust","Callantsoog, 30 km uit de kust","ETRS89",52.925594,4.270573,4.270573,52.925594,"core","southern_and_central_north_sea"
12544,"callantsoog.4kmuitdekust","Callantsoog, 4 km uit de kust","Callantsoog, 4 km uit de kust","ETRS89",52.868374,4.643009,4.643009,52.868374,"core","southern_and_central_north_sea"
15966,"callantsoog.50kmuitdekust","Callantsoog, 50 km uit de kust","Callantsoog, 50 km uit de kust","ETRS89",52.958924,3.983118,3.983118,52.958924,"core","southern_and_central_north_sea"
6403,"callantsoog.70kmuitdekust","Callantsoog, 70 km uit de kust","Callantsoog, 70 km uit de kust","ETRS89",52.990585,3.680377,3.680377,52.990585,"core","southern_and_central_north_sea"
3512,"callantsoog.grootekeeten.huisduinen.paaltot10.nld3037","Callantsoog, Groote Keeten, Huisduinen, paal 0 tot 10, NLD3037","Callantsoog, Groote Keeten, Huisduinen, paal 0 tot 10, NLD3037","ETRS89",52.94817,4.6998,4.6998,52.94817,"core","southern_and_central_north_sea"
7264,"callantsoog.grootekeeten.paal10tot13.nld3036","Callantsoog, Groote Keeten, paal 10 tot 13, NLD3036","Callantsoog, Groote Keeten, paal 10 tot 13, NLD3036","ETRS89",52.90436,4.69145,4.69145,52.90436,"core","southern_and_central_north_sea"
9367,"calloo","Calloo","Calloo","ETRS89",51.249185,4.298728,4.298728,51.249185,"outside_domain",
13716,"camperduin","Camperduin","Camperduin","ETRS89",52.714184,4.635916,4.635916,52.714184,"core","southern_and_central_north_sea"
10904,"camperduin.badstrandextra2","Camperduin, badstrand extra meetpunt 2","Camperduin, badstrand extra meetpunt 2","ETRS89",52.719056,4.639014,4.639014,52.719056,"core","southern_and_central_north_sea"
3078,"camperduin.badstrandextra3","Camperduin, badstrand extra meetpunt 3","Camperduin, badstrand extra meetpunt 3","ETRS89",52.72006,4.638479,4.638479,52.72006,"core","southern_and_central_north_sea"
7240,"camperduin.doorbraak.paal26tot30.nld3033","Camperduin, doorbraak, paal 26 tot 30, NLD3033","Camperduin, doorbraak, paal 26 tot 30, NLD3033","ETRS89",52.74214,4.62468,4.62468,52.74214,"core","southern_and_central_north_sea"
14242,"camperduin.lagunebadstrand","Camperduin Lagune badstrand","Camperduin Lagune badstrand","ETRS89",52.72333,4.63862,4.63862,52.72333,"core","southern_and_central_north_sea"
2343,"campingdeschans","Camping De Schans","Camping De Schans","ETRS89",51.835827,5.495526,5.495526,51.835827,"outside_domain",
13632,"capelseveer","Capelse Veer","Capelse Veer","ETRS89",51.719895,4.983007,4.983007,51.719895,"outside_domain",
6116,"castricumaanzee","Castricum aan Zee","Castricum aan Zee","ETRS89",52.558116,4.604924,4.604924,52.558116,"core","southern_and_central_north_sea"
6220,"castricum.egmondaanzee.paal38-45","Castricum Egmond aan Zee paal 38-45","Castricum Egmond aan Zee paal 38-45","ETRS89",52.61278,4.59881,4.59881,52.61278,"core","southern_and_central_north_sea"
15783,"colijnpad","Colijnpad","Hoge Vaart","ETRS89",52.555867,5.764682,5.764682,52.555867,"outside_domain",
13060,"colijnsplaat","Colijnsplaat","Colijnsplaat","ETRS89",51.600882,3.85938,3.85938,51.600882,"outside_domain",
6947,"colijnsplaat.badstrand","Colijnsplaat, badstrand","Colijnsplaat, badstrand","ETRS89",51.603504,3.841332,3.841332,51.603504,"outside_domain",
3999,"colijnsplaat.havenlandzijde","Colijnsplaat, haven landzijde","Colijnsplaat, haven landzijde","ETRS89",51.602661,3.843512,3.843512,51.602661,"outside_domain",
5035,"colijnsplaat.haven.midden","Colijnsplaat, haven, midden","Colijnsplaat, haven, midden","ETRS89",51.602851,3.846321,3.846321,51.602851,"outside_domain",
7081,"colijnsplaat.havenmond","Colijnsplaat, havenmond","Colijnsplaat, havenmond","ETRS89",51.60348,3.849749,3.849749,51.60348,"outside_domain",
2078,"colijnweg","Colijnweg","Lage Vaart","ETRS89",52.575231,5.751572,5.751572,52.575231,"outside_domain",
8410,"crevecoeur","Crevecoeur","Crevecoeur","ETRS89",51.733298,5.270526,5.270526,51.733298,"outside_domain",
292,"crobsegat","Crobse gat","recreatieplas","ETRS89",51.818872,5.203734,5.203734,51.818872,"outside_domain",
837,"culemborg","Culemborg","brug","ETRS89",51.961,5.214,5.214,51.961,"outside_domain",
12574,"d15","D15","platform","ETRS89",54.325667,2.93575,2.93575,54.325667,"core","southern_and_central_north_sea"
17039,"dalem","Dalem","voorheen Vuren","ETRS89",51.822,5.016527,5.016527,51.822,"outside_domain",
18757,"dalfsen.vechterweerd","Dalfsen, Vechterweerd","Dalfsen, Vechterweerd","ETRS89",52.518103,6.211651,6.211651,52.518103,"outside_domain",
11591,"dantziggat","Dantziggat","Dantziggat","ETRS89",53.401137,5.726981,5.726981,53.401137,"core","southern_and_central_north_sea"
4475,"dantziggat.kwelderbuiten","Dantziggat, kwelder buiten","Dantziggat, kwelder buiten","ETRS89",53.360025,5.800254,5.800254,53.360025,"outside_domain",
7793,"dantziggat.noord","Dantziggat, noord","Dantziggat, noord","ETRS89",53.402502,5.720978,5.720978,53.402502,"core","southern_and_central_north_sea"
15228,"dantziggat.pietscheveplaat.zuid","Dantziggat Piet Scheveplaat zuid","Dantziggat Piet Scheveplaat zuid","ETRS89",53.37974,5.79487,5.79487,53.37974,"core","southern_and_central_north_sea"
4206,"dantziggat.zuid","Dantziggat, zuid","Dantziggat, zuid","ETRS89",53.399257,5.718157,5.718157,53.399257,"core","southern_and_central_north_sea"
12873,"debisonbaai","De Bisonbaai","De Bisonbaai","ETRS89",51.866931,5.932841,5.932841,51.866931,"outside_domain",
13940,"deblocqvankuffeler.hogevaart","De Blocq van Kuffeler, Hoge Vaart","De Blocq van Kuffeler, Hoge Vaart","ETRS89",52.415704,5.224051,5.224051,52.415704,"outside_domain",
6048,"deblocqvankuffeler.lagevaart","De Blocq van Kuffeler, Lage Vaart","De Blocq van Kuffeler, Lage Vaart","ETRS89",52.416608,5.227723,5.227723,52.416608,"outside_domain",
8578,"dedrost","De Drost","De Drost","ETRS89",52.361462,5.068637,5.068637,52.361462,"core","southern_and_central_north_sea"
17553,"deelen","Deelen","Deelen","ETRS89",52.061316,5.936216,5.936216,52.061316,"outside_domain",
16154,"deeneplaat","Deeneplaat","Deeneplaat","ETRS89",51.739618,4.716721,4.716721,51.739618,"outside_domain",
8480,"degijster.inlaat","De Gijster, inlaat","De Gijster, inlaat","ETRS89",51.72342,4.779341,4.779341,51.72342,"outside_domain",
3521,"degoudenham.campinghetgroeneeiland","De Gouden Ham, Camping Het Groene Eiland","De Gouden Ham, Camping Het Groene Eiland","ETRS89",51.834571,5.548624,5.548624,51.834571,"outside_domain",
11170,"degoudenham.demaaslanden","De Gouden Ham, De Maaslanden","De Gouden Ham, De Maaslanden","ETRS89",51.8303,5.562303,5.562303,51.8303,"outside_domain",
14969,"degoudenham.demaasterp","De Gouden Ham, De Maasterp","De Gouden Ham, De Maasterp","ETRS89",51.834652,5.554369,5.554369,51.834652,"outside_domain",
2987,"degoudenham.hanzeland","De Gouden Ham, Hanzeland","De Gouden Ham, Hanzeland","ETRS89",51.826196,5.546664,5.546664,51.826196,"outside_domain",
15021,"dehaandrik.beneden","De Haandrik, beneden","De Haandrik, beneden","ETRS89",52.620952,6.694131,6.694131,52.620952,"outside_domain",
9027,"dehaandrik.boven","De Haandrik, boven","De Haandrik, boven","ETRS89",52.621387,6.695436,6.695436,52.621387,"outside_domain",
15202,"dehamert","De Hamert","De Hamert","ETRS89",51.51587,6.152924,6.152924,51.51587,"outside_domain",
14351,"dehegegerzen.oudemirdum","De Hege Gerzen, Oudemirdum","De Hege Gerzen, Oudemirdum","ETRS89",52.833115,5.545044,5.545044,52.833115,"core","southern_and_central_north_sea"
13222,"dehollepoarte.makkum","De Holle Poarte, Makkum","De Holle Poarte, Makkum","ETRS89",53.052862,5.37802,5.37802,53.052862,"outside_domain",
11316,"dehoogewaard.campingbadstrand","De Hooge Waard, camping badstrand","De Hooge Waard, camping badstrand","ETRS89",51.779529,5.082301,5.082301,51.779529,"outside_domain",
1521,"dehorst","De Horst","De Horst","ETRS89",52.154593,6.528464,6.528464,52.154593,"outside_domain",
1248,"dekoog","De Koog","De Koog","ETRS89",53.103606,4.754129,4.754129,53.103606,"core","southern_and_central_north_sea"
18346,"dekoog.ecomare.badstrand","De Koog, Ecomare, badstrand","De Koog, Ecomare, badstrand","ETRS89",53.079046,4.732401,4.732401,53.079046,"outside_domain",
4938,"dekrim","De Krim","De Krim","ETRS89",53.164407,4.819031,4.819031,53.164407,"core","southern_and_central_north_sea"
10061,"delden.gemaal.aflaat.1","Delden, gemaal, Aflaat, 1","spuischuif, noord","ETRS89",52.245887,6.677272,6.677272,52.245887,"outside_domain",
4703,"delden.gemaal.aflaat.2","Delden, gemaal, Aflaat, 2","spuischuif, zuid","ETRS89",52.245769,6.677386,6.677386,52.245769,"outside_domain",
9817,"delden.gemaal.pomp1","Delden, gemaal, pomp 1","zuid","ETRS89",52.24577,6.677327,6.677327,52.24577,"outside_domain",
2239,"delden.gemaal.pomp2","Delden, gemaal, pomp 2","midden","ETRS89",52.245806,6.677284,6.677284,52.245806,"outside_domain",
13646,"delden.gemaal.pomp3","Delden, gemaal, pomp 3","noord","ETRS89",52.245842,6.677241,6.677241,52.245842,"outside_domain",
5633,"delden.sintannabrug.kanaaldijk","Delden Sint Annabrug kanaaldijk","Delden Sint Annabrug kanaaldijk","ETRS89",52.252104,6.701179,6.701179,52.252104,"outside_domain",
15167,"delden.sluis.beneden","Delden, sluis, beneden","Delden, sluis, beneden","ETRS89",52.2457,6.6754,6.6754,52.2457,"outside_domain",
3301,"delden.sluis.boven","Delden, sluis, boven","Delden, sluis, boven","ETRS89",52.2472,6.6793,6.6793,52.2472,"outside_domain",
874,"delden.sluis.schuif1","Delden, sluis, schuif 1","boven","ETRS89",52.247067,6.678741,6.678741,52.247067,"outside_domain",
958,"delden.sluis.schuif2","Delden, sluis, schuif 2","beneden","ETRS89",52.246349,6.676963,6.676963,52.246349,"outside_domain",
16534,"delfzijl","Delfzijl","Delfzijl","ETRS89",53.328,6.931,6.931,53.328,"outside_domain",
15546,"delfzijl.buitenhaven","Delfzijl, buitenhaven","Delfzijl, buitenhaven","ETRS89",53.32101,6.964074,6.964074,53.32101,"outside_domain",
2777,"delfzijl.oudeeemskanaal.spuisluis","Delfzijl Oude Eemskanaal Spuisluis","Delfzijl Oude Eemskanaal Spuisluis","ETRS89",53.32778,6.92687,6.92687,53.32778,"outside_domain",
2410,"delfzijl.zeehavenkanaal","Delfzijl, zeehavenkanaal","Delfzijl, zeehavenkanaal","ETRS89",53.322187,6.953821,6.953821,53.322187,"outside_domain",
15589,"deltageullens","Deltageul Lens","Deltageul Lens","ETRS89",51.816556,4.093227,4.093227,51.816556,"core","southern_and_central_north_sea"
4228,"demosterdpot","De Mosterdpot","De Mosterdpot","ETRS89",51.81925,5.000435,5.000435,51.81925,"outside_domain",
18278,"denbommel.badstrand","Den Bommel, badstrand","Den Bommel, badstrand","ETRS89",51.72129,4.28171,4.28171,51.72129,"core","southern_and_central_north_sea"
12149,"denhelder.dekooy","Den Helder, De Kooy","Den Helder, De Kooy","ETRS89",52.923506,4.786483,4.786483,52.923506,"outside_domain",
11500,"denhelder.marsdiep","Den Helder, Marsdiep","Den Helder, Marsdiep","ETRS89",52.964359,4.74499,4.74499,52.964359,"outside_domain",
1757,"denhelder.veersteiger","Den Helder, veersteiger","Den Helder, veersteiger","ETRS89",52.963274,4.778047,4.778047,52.963274,"outside_domain",
13766,"denhelder.waddenzee.mondingnieuwehaven","Den Helder Waddenzee Monding Nieuwe Haven","Den Helder Waddenzee Monding Nieuwe Haven","ETRS89",52.967226,4.793579,4.793579,52.967226,"core","southern_and_central_north_sea"
17568,"denhelder.zeewering.nld3038","Den Helder, zeewering, NLD3038","Den Helder, zeewering, NLD3038","ETRS89",52.97477,4.76239,4.76239,52.97477,"core","southern_and_central_north_sea"
13498,"denhoorntexel.waddenzee.gatvandestier","Den Hoorn Texel Waddenzee Gat van de Stier","Den Hoorn Texel Waddenzee Gat van de Stier","ETRS89",53,4.828333,4.828333,53,"core","southern_and_central_north_sea"
3976,"denoever","Den Oever","Den Oever","ETRS89",52.934566,5.103875,5.103875,52.934566,"core","southern_and_central_north_sea"
18381,"denoever.havenhoofd.west","Den Oever, havenhoofd, west","Den Oever, havenhoofd, west","ETRS89",52.924495,5.049666,5.049666,52.924495,"outside_domain",
4237,"denoever.ijsselmeer.binnenhaven","Den Oever, IJsselmeer binnenhaven","Den Oever, IJsselmeer binnenhaven","ETRS89",52.930195,5.047539,5.047539,52.930195,"core","southern_and_central_north_sea"
4193,"denoever.ijsselmeer.stevinsluizen.zuid","Den Oever Stevinsluizen zuid","Den Oever Stevinsluizen zuid","ETRS89",52.934036,5.054815,5.054815,52.934036,"core","southern_and_central_north_sea"
2847,"denoever.ijsselmeer.vaargeul","Den Oever IJsselmeer Vaargeul","Den Oever IJsselmeer Vaargeul","ETRS89",52.90437,5.0807,5.0807,52.90437,"core","southern_and_central_north_sea"
6426,"denoever.noorderbuurt.nld6085","Den Oever, noorderbuurt, NLD6085","Den Oever, noorderbuurt, NLD6085","ETRS89",52.94974,4.9919,4.9919,52.94974,"core","southern_and_central_north_sea"
6451,"denoever.spuisluis.binnen","Den Oever, spuisluis, binnen","ponton","ETRS89",52.936311,5.052922,5.052922,52.936311,"core","southern_and_central_north_sea"
12432,"denoever.spuisluis.buiten","Den Oever, spuisluis, buiten","Den Oever, spuisluis, buiten","ETRS89",52.938145,5.046436,5.046436,52.938145,"core","southern_and_central_north_sea"
2534,"denoever.spuisluizen","Den Oever, spuisluizen","Den Oever, spuisluizen","ETRS89",52.94281,5.0284,5.0284,52.94281,"core","southern_and_central_north_sea"
6708,"denoever.waddenzee.voorhaven","Den Oever, Waddenzee voorhaven","Den Oever, Waddenzee voorhaven","ETRS89",52.931538,5.045596,5.045596,52.931538,"core","southern_and_central_north_sea"
1888,"denoever.waddenzee.voorhaven.kolk","Den Oever, Waddenzee voorhaven kolk","Den Oever, Waddenzee voorhaven kolk","ETRS89",52.931652,5.045803,5.045803,52.931652,"core","southern_and_central_north_sea"
6741,"denoever.zuiderhaven.strand","Den Oever, zuiderhaven, Strand","Den Oever, zuiderhaven, Strand","ETRS89",52.931638,5.039899,5.039899,52.931638,"outside_domain",
11599,"denosse","Den Osse","Den Osse","ETRS89",51.745636,3.889908,3.889908,51.745636,"core","southern_and_central_north_sea"
8909,"denossebadstrand","Den Osse badstrand","Den Osse badstrand","ETRS89",51.74417,3.887785,3.887785,51.74417,"outside_domain",
5669,"deoudepol","De oude Pol","De oude Pol","ETRS89",52.39283,5.727666,5.727666,52.39283,"outside_domain",
11311,"deoudepol.2","De oude Pol, 2","De oude Pol, 2","ETRS89",52.390222,5.722152,5.722152,52.390222,"outside_domain",
7310,"deoudepol.3","De oude Pol, 3","De oude Pol, 3","ETRS89",52.394336,5.729162,5.729162,52.394336,"outside_domain",
14945,"deoudepol.4","De oude Pol, 4","De oude Pol, 4","ETRS89",52.392778,5.727196,5.727196,52.392778,"outside_domain",
6209,"deoudepol.5","De oude Pol, 5","De oude Pol, 5","ETRS89",52.391526,5.724806,5.724806,52.391526,"outside_domain",
16473,"depiet","De Piet","De Piet","ETRS89",51.52142,3.691946,3.691946,51.52142,"outside_domain",
18026,"depiet.badstrand","De Piet, badstrand","De Piet, badstrand","ETRS89",51.530635,3.72634,3.72634,51.530635,"outside_domain",
5467,"deral","De Ral","De Ral","ETRS89",52.407309,5.701693,5.701693,52.407309,"outside_domain",
2389,"desteeg","De Steeg","De Steeg","ETRS89",52.017067,6.062269,6.062269,52.017067,"outside_domain",
18334,"desteeg.haven","De Steeg, haven","De Steeg, haven","ETRS89",52.01012,6.044835,6.044835,52.01012,"outside_domain",
18481,"devechtgrens","De Vechtgrens","De Vechtgrens","ETRS89",52.610495,6.725196,6.725196,52.610495,"outside_domain",
12203,"deven","De Ven","De Ven","ETRS89",52.741116,5.2954,5.2954,52.741116,"core","southern_and_central_north_sea"
12382,"deventer","Deventer","Deventer","ETRS89",52.251194,6.153247,6.153247,52.251194,"outside_domain",
15663,"devlieter","De Vlieter","monument afsluitdijk","ETRS89",52.968635,5.108714,5.108714,52.968635,"core","southern_and_central_north_sea"
314,"deweed","De Weed","De Weed","ETRS89",52.676387,5.268921,5.268921,52.676387,"core","southern_and_central_north_sea"
6457,"dezwaan","De Zwaan","De Zwaan","ETRS89",52.564698,5.833146,5.833146,52.564698,"outside_domain",
10833,"diemen","Diemen","Diemen","ETRS89",52.349384,4.983599,4.983599,52.349384,"outside_domain",
11141,"diemen.muidenbrug","Diemen Muiden brug","Diemen Muiden brug","ETRS89",52.333141,5.015217,5.015217,52.333141,"outside_domain",
15255,"dieren.ijssel","Dieren, IJssel","Dieren, IJssel","ETRS89",52.049838,6.113642,6.113642,52.049838,"outside_domain",
5866,"dinteloord.dintel.monding","Dinteloord, Dintel, monding","boei DS1","ETRS89",51.659757,4.366361,4.366361,51.659757,"core","southern_and_central_north_sea"
17668,"dinteloord.dintelsas","Dinteloord, Dintelsas","Dinteloord, Dintelsas","ETRS89",51.659155,4.37668,4.37668,51.659155,"outside_domain",
6916,"dinteloord.karolinageul","Dinteloord, Karolinageul","Dinteloord, Karolinageul","ETRS89",51.646503,4.330392,4.330392,51.646503,"core","southern_and_central_north_sea"
13446,"dinteloord.volkerak","Dinteloord, Volkerak","Dinteloord, Volkerak","ETRS89",51.65291,4.316483,4.316483,51.65291,"core","southern_and_central_north_sea"
3094,"dinteloord.volkerak.voorheenboeinv3","Dinteloord, Volkerak, voorheen boei NV3","Dinteloord, Volkerak, voorheen boei NV3","ETRS89",51.652966,4.316622,4.316622,51.652966,"core","southern_and_central_north_sea"
4594,"dintelsegorzen.west","Dintelse Gorzen, west","Dintelse Gorzen, west","ETRS89",51.632088,4.267071,4.267071,51.632088,"core","southern_and_central_north_sea"
3022,"dirksland","Dirksland","Dirksland","ETRS89",51.79419,4.119528,4.119528,51.79419,"outside_domain",
4292,"dishoek","Dishoek","vh Kaapduinen","ETRS89",51.47491,3.517611,3.517611,51.47491,"outside_domain",
17639,"dodewaard","Dodewaard","Dodewaard","ETRS89",51.900512,5.630518,5.630518,51.900512,"outside_domain",
6058,"doekegat","Doekegat","Doekegat","ETRS89",53.466441,6.847737,6.847737,53.466441,"core","southern_and_central_north_sea"
9147,"doel","Doel","Doel","ETRS89",51.315854,4.265392,4.265392,51.315854,"outside_domain",
2626,"doesburg","Doesburg","Doesburg","ETRS89",52.012434,6.130079,6.130079,52.012434,"outside_domain",
1583,"doesburg.hetzwarteschaar","Doesburg, Het Zwarte Schaar","Camping IJsselstrand","ETRS89",52.030895,6.159603,6.159603,52.030895,"outside_domain",
1634,"doesburg.ijssel","Doesburg, IJssel","Doesburg, IJssel","ETRS89",52.019532,6.130488,6.130488,52.019532,"outside_domain",
7806,"dollard.hoogzand","Dollard, Hoogzand","Dollard, Hoogzand","ETRS89",53.304653,7.221266,7.221266,53.304653,"core","southern_and_central_north_sea"
6895,"dollard.west","Dollard, west","Dollard, west","ETRS89",53.279108,7.120344,7.120344,53.279108,"core","southern_and_central_north_sea"
2982,"domburg","Domburg","Domburg","ETRS89",51.573403,3.482963,3.482963,51.573403,"core","southern_and_central_north_sea"
13289,"domburg.badstrand","Domburg, badstrand","Domburg, badstrand","ETRS89",51.556787,3.473001,3.473001,51.556787,"outside_domain",
9719,"domburgerrassen","Domburger Rassen","Domburger Rassen","ETRS89",51.619433,3.399065,3.399065,51.619433,"core","southern_and_central_north_sea"
19098,"domburg.noordduinebadstrand","Domburg, Noordduine Badstrand","Domburg, Noordduine Badstrand","ETRS89",51.555123,3.469347,3.469347,51.555123,"outside_domain",
9378,"domburg.veersedam.paal5-16","Domburg Veerse Dam paal 5-16","Domburg Veerse Dam paal 5-16","ETRS89",51.59791,3.50939,3.50939,51.59791,"core","southern_and_central_north_sea"
9974,"dongen.kanaal","Dongen kanaal","Donge aflaatwerk","ETRS89",51.62126,4.92728,4.92728,51.62126,"outside_domain",
338,"doornspijk.klarenbeek.monding","Doornspijk, Klarenbeek, monding","Doornspijk, Klarenbeek, monding","ETRS89",52.424115,5.790903,5.790903,52.424115,"outside_domain",
8365,"doornspijk.kranswierveld.midden","Doornspijk, Kranswierveld, midden","Doornspijk, Kranswierveld, midden","ETRS89",52.445215,5.809701,5.809701,52.445215,"outside_domain",
5846,"doosje","Doosje","Doosje","ETRS89",52.677677,6.136866,6.136866,52.677677,"outside_domain",
16092,"doovebalg","Doove Balg","Doove Balg","ETRS89",53.052905,5.03301,5.03301,53.052905,"core","southern_and_central_north_sea"
13829,"doovebalg.midden","Doove Balg, midden","Doove Balg, midden","ETRS89",53.06092,5.207034,5.207034,53.06092,"core","southern_and_central_north_sea"
11243,"doovebalg.oost","Doove Balg, oost","Doove Balg, oost","ETRS89",53.084389,5.287214,5.287214,53.084389,"core","southern_and_central_north_sea"
8975,"doovebalg.west","Doove Balg, west","Doove Balg, west","ETRS89",53.052903,5.032264,5.032264,53.052903,"core","southern_and_central_north_sea"
17362,"dordrecht.dordtschekil","Dordrecht Dordtsche Kil","Dordrecht Dordtsche Kil","ETRS89",51.787782,4.627158,4.627158,51.787782,"outside_domain",
7780,"dordrecht.drinkwaterinlaat","Dordrecht, drinkwaterinlaat","Dordrecht, drinkwaterinlaat","ETRS89",51.808578,4.719611,4.719611,51.808578,"outside_domain",
15208,"dordrecht.hollandschdiep.000","Dordrecht Hollands Diep 000","Dordrecht Hollands Diep 000","ETRS89",51.716367,4.636542,4.636542,51.716367,"core","southern_and_central_north_sea"
1371,"dordrecht.hollandschdiep.015","Dordrecht Hollands Diep 015","Dordrecht Hollands Diep 015","ETRS89",51.71648,4.636418,4.636418,51.71648,"core","southern_and_central_north_sea"
18504,"dordrecht.hollandschdiep.030","Dordrecht Hollands Diep 030","Dordrecht Hollands Diep 030","ETRS89",51.716587,4.636301,4.636301,51.716587,"core","southern_and_central_north_sea"
5201,"dordrecht.hollandschdiep.045","Dordrecht Hollands Diep 045","Dordrecht Hollands Diep 045","ETRS89",51.716703,4.636168,4.636168,51.716703,"core","southern_and_central_north_sea"
3315,"dordrecht.hollandschdiep.060","Dordrecht Hollands Diep 060","Dordrecht Hollands Diep 060","ETRS89",51.71681,4.636051,4.636051,51.71681,"core","southern_and_central_north_sea"
5792,"dordrecht.hollandschdiep.075","Dordrecht Hollands Diep 075","Dordrecht Hollands Diep 075","ETRS89",51.716917,4.635919,4.635919,51.716917,"core","southern_and_central_north_sea"
11202,"dordrecht.nieuwemerwede","Dordrecht Nieuwe Merwede","vh Kop van het Land","ETRS89",51.78805,4.75972,4.75972,51.78805,"outside_domain",
7105,"dordrecht.oudemaas.000","Dordrecht Oude Maas 000","vh Duivelseiland","ETRS89",51.803042,4.639463,4.639463,51.803042,"outside_domain",
12072,"dordrecht.oudemaas.015","Dordrecht Oude Maas 015","vh Duivelseiland","ETRS89",51.80315,4.63934,4.63934,51.80315,"outside_domain",
13953,"dordrecht.oudemaas.030","Dordrecht Oude Maas 030","vh Duivelseiland","ETRS89",51.803266,4.639222,4.639222,51.803266,"outside_domain",
2968,"dordrecht.oudemaas.045","Dordrecht Oude Maas 045","vh Duivelseiland","ETRS89",51.803373,4.639089,4.639089,51.803373,"outside_domain",
14705,"dordrecht.oudemaas.060","Dordrecht Oude Maas 060","vh Duivelseiland","ETRS89",51.803489,4.638971,4.638971,51.803489,"outside_domain",
4700,"dordrecht.oudemaas.075","Dordrecht Oude Maas 075","vh Duivelseiland","ETRS89",51.803596,4.638839,4.638839,51.803596,"outside_domain",
12775,"dordrecht.oudemaas.090","Dordrecht Oude Maas 090","vh Duivelseiland","ETRS89",51.803704,4.638721,4.638721,51.803704,"outside_domain",
15390,"dordrecht.oudemaas.105","Dordrecht Oude Maas 105","vh Duivelseiland","ETRS89",51.80382,4.638603,4.638603,51.80382,"outside_domain",
16422,"dordrecht.oudemaas.120","Dordrecht Oude Maas 120","vh Duivelseiland","ETRS89",51.803927,4.638471,4.638471,51.803927,"outside_domain",
13183,"dordrecht.oudemaas.135","Dordrecht Oude Maas 135","vh Duivelseiland","ETRS89",51.804043,4.638353,4.638353,51.804043,"outside_domain",
5836,"dordrecht.oudemaas.150","Dordrecht Oude Maas 150","vh Duivelseiland","ETRS89",51.80415,4.638221,4.638221,51.80415,"outside_domain",
14341,"dordrecht.oudemaas.165","Dordrecht Oude Maas 165","vh Duivelseiland","ETRS89",51.804266,4.638103,4.638103,51.804266,"outside_domain",
4278,"dordrecht.oudemaas.180","Dordrecht Oude Maas 180","vh Duivelseiland","ETRS89",51.804373,4.637985,4.637985,51.804373,"outside_domain",
17146,"dordrecht.oudemaas.195","Dordrecht Oude Maas 195","vh Duivelseiland","ETRS89",51.80448,4.637853,4.637853,51.80448,"outside_domain",
14324,"dordrecht.oudemaas.210","Dordrecht Oude Maas 210","vh Duivelseiland","ETRS89",51.804596,4.637735,4.637735,51.804596,"outside_domain",
2993,"dordrecht.oudemaas.225","Dordrecht Oude Maas 225","vh Duivelseiland","ETRS89",51.804703,4.637617,4.637617,51.804703,"outside_domain",
1808,"dordrecht.oudemaas.240","Dordrecht Oude Maas 240","vh Duivelseiland","ETRS89",51.804819,4.637485,4.637485,51.804819,"outside_domain",
9296,"dordrecht.oudemaas.255","Dordrecht Oude Maas 255","vh Duivelseiland","ETRS89",51.804926,4.637367,4.637367,51.804926,"outside_domain",
13381,"dordrecht.oudemaas.270","Dordrecht Oude Maas 270","vh Duivelseiland","ETRS89",51.805042,4.637235,4.637235,51.805042,"outside_domain",
17931,"dordrecht.oudemaas.285","Dordrecht Oude Maas 285","vh Duivelseiland","ETRS89",51.805149,4.637117,4.637117,51.805149,"outside_domain",
7099,"dordrecht.oudemaas.300","Dordrecht Oude Maas 300","vh Duivelseiland","ETRS89",51.805266,4.636999,4.636999,51.805266,"outside_domain",
17887,"dordrecht.oudemaas.benedenmerwede","Dordrecht Oude Maas, Beneden Merwede","Dordrecht Oude Maas, Beneden Merwede","ETRS89",51.82,4.671,4.671,51.82,"outside_domain",
5053,"dorkwerd.reitdiep","Dorkwerd Reitdiep","vh binnen","ETRS89",53.256512,6.509171,6.509171,53.256512,"outside_domain",
14049,"dreischor","Dreischor","Dreischor","ETRS89",51.71462,3.99933,3.99933,51.71462,"core","southern_and_central_north_sea"
14934,"dreischor.gemaal","Dreischor, gemaal","Dreischor, gemaal","ETRS89",51.708362,4.002272,4.002272,51.708362,"outside_domain",
18770,"driel.baggergat","Driel, baggergat","recreatieplas","ETRS89",51.959428,5.793843,5.793843,51.959428,"outside_domain",
3587,"driel.beneden","Driel, beneden","Driel, beneden","ETRS89",51.962992,5.802606,5.802606,51.962992,"outside_domain",
6383,"driel.boven","Driel, boven","Driel, boven","ETRS89",51.96584,5.810635,5.810635,51.96584,"outside_domain",
8441,"drongelen.km236.ro","Drongelen, km 236, ro","Drongelen, km 236, ro","ETRS89",51.712034,5.055858,5.055858,51.712034,"outside_domain",
12380,"dronten","Dronten","Dronten","ETRS89",52.542076,5.718131,5.718131,52.542076,"outside_domain",
10723,"dronten.elburgerweg","Dronten, Elburgerweg","Hoge Vaart","ETRS89",52.50868,5.765752,5.765752,52.50868,"outside_domain",
9259,"dronten.reevesluis.drontermeer","Dronten Reevesluis zuid","Dronten Reevesluis zuid","ETRS89",52.5181,5.8575,5.8575,52.5181,"outside_domain",
16539,"dronten.reevesluis.vossemeer","Dronten Reevesluis noord","Dronten Reevesluis noord","ETRS89",52.5198,5.8575,5.8575,52.5198,"outside_domain",
4293,"dronten.roggebotsluis.drontermeer","Dronten, Roggebotsluis, drontermeer","voorheen zuid","ETRS89",52.544491,5.855172,5.855172,52.544491,"outside_domain",
41,"dronten.roggebotsluis.vossemeer","Dronten, Roggebotsluis, Vossemeer","voorheen noord","ETRS89",52.546009,5.855365,5.855365,52.546009,"outside_domain",
7298,"drontermeerdijk.km0p4","Drontermeerdijk, kilometer 0.4","Drontermeerdijk, kilometer 0.4","ETRS89",52.541179,5.856154,5.856154,52.541179,"outside_domain",
15922,"drontermeerdijk.km5","Drontermeerdijk, kilometer 5","Drontermeerdijk, kilometer 5","ETRS89",52.500111,5.850504,5.850504,52.500111,"outside_domain",
3248,"dukegat","Dukegat","Dukegat","ETRS89",53.433611,6.926111,6.926111,53.433611,"core","southern_and_central_north_sea"
12941,"dukenburg","Dukenburg","Dukenburg","ETRS89",51.817572,5.811779,5.811779,51.817572,"outside_domain",
9987,"durgerdam","Durgerdam","Durgerdam","ETRS89",52.371724,5.012617,5.012617,52.371724,"core","southern_and_central_north_sea"
3939,"echt.kanaal","Echt","JK 29.59","ETRS89",51.106626,5.849302,5.849302,51.106626,"outside_domain",
7560,"edam","Edam","Edam","ETRS89",52.516051,5.06988,5.06988,52.516051,"outside_domain",
17655,"edam.badstrand","Edam, badstrand","Edam, badstrand","ETRS89",52.51937,5.071123,5.071123,52.51937,"outside_domain",
2500,"edam.oost.361","Edam, oost, mp 361","Edam, oost, mp 361","ETRS89",52.55033,5.121825,5.121825,52.55033,"core","southern_and_central_north_sea"
1592,"edam.oost.361.dhmmm","Edam, oost, mp 361, dhm MM","Edam, oost, mp 361, dhm MM","ETRS89",52.522603,5.142177,5.142177,52.522603,"core","southern_and_central_north_sea"
14993,"eefde","Eefde","Eefde","ETRS89",52.159772,6.233957,6.233957,52.159772,"outside_domain",
6583,"eefde.gemaal.aflaat1.schuif1","Eefde, gemaal, aflaat 1, schuif 1","oud, zuid 2","ETRS89",52.159411,6.234096,6.234096,52.159411,"outside_domain",
4744,"eefde.gemaal.aflaat1.schuif2","Eefde, gemaal, aflaat 1, schuif 2","nieuw, west 2","ETRS89",52.159186,6.234165,6.234165,52.159186,"outside_domain",
4657,"eefde.gemaal.aflaat2","Eefde, gemaal, aflaat 2","nieuw , oost 1","ETRS89",52.159186,6.234238,6.234238,52.159186,"outside_domain",
4385,"eefde.gemaal.aflaat3","Eefde, gemaal, aflaat 3","oud, noord  1","ETRS89",52.159592,6.234027,6.234027,52.159592,"outside_domain",
1415,"eefde.gemaal.pomp1","Eefde, gemaal, pomp 1","nieuw, zuid 1","ETRS89",52.159817,6.233914,6.233914,52.159817,"outside_domain",
6214,"eefde.gemaal.pomp2","Eefde, gemaal, pomp 2","nieuw, noord 2","ETRS89",52.159907,6.233887,6.233887,52.159907,"outside_domain",
8998,"eefde.gemaal.pomp3","Eefde, gemaal, pomp 3","oud","ETRS89",52.159502,6.234025,6.234025,52.159502,"outside_domain",
5479,"eefde.sluis.beneden","Eefde, sluis, beneden","Eefde, sluis, beneden","ETRS89",52.159061,6.22836,6.22836,52.159061,"outside_domain",
3811,"eefde.sluis.boven","Eefde, sluis, boven","Eefde, sluis, boven","ETRS89",52.161,6.238,6.238,52.161,"outside_domain",
17731,"eekt","Eekt","Eekt","ETRS89",52.481745,5.837828,5.837828,52.481745,"outside_domain",
16974,"eemdijk","Eemdijk","Eemdijk","ETRS89",52.261221,5.32236,5.32236,52.261221,"outside_domain",
5399,"eemhaven","Eemhaven","Eemhaven","ETRS89",51.889213,4.417595,4.417595,51.889213,"outside_domain",
2898,"eemmeerdijk.jachthaven","Eemmeerdijk, jachthaven","Eemmeerdijk, jachthaven","ETRS89",52.26752,5.379147,5.379147,52.26752,"outside_domain",
8806,"eemmeerdijk.km21","Eemmeerdijk, kilometer 21","Eemmeerdijk, kilometer 21","ETRS89",52.285485,5.33591,5.33591,52.285485,"outside_domain",
4775,"eemmeerdijk.km22","Eemmeerdijk, kilometer 22","Eemmeerdijk, kilometer 22","ETRS89",52.297165,5.328567,5.328567,52.297165,"outside_domain",
16222,"eemmeerdijk.km23","Eemmeerdijk, kilometer 23","Eemmeerdijk, kilometer 23","ETRS89",52.278751,5.355114,5.355114,52.278751,"outside_domain",
16289,"eemmeerdijk.stichtsebrug","Eemmeerdijk, Stichtse brug","Eemmeerdijk, Stichtse brug","ETRS89",52.30354,5.317269,5.317269,52.30354,"outside_domain",
16157,"eemmeer.oost","Eemmeer, oost","Eemmeer, oost","ETRS89",52.280519,5.347785,5.347785,52.280519,"outside_domain",
18545,"eemnes.eem.monding","Eemnes, Eem, monding","Eemnes, Eem, monding","ETRS89",52.274697,5.331527,5.331527,52.274697,"outside_domain",
18693,"eemscentrale","Eemscentrale","Eemscentrale","ETRS89",53.443263,6.883823,6.883823,53.443263,"core","southern_and_central_north_sea"
10715,"eemsdollard.deelgebied","Eems-Dollard , deelgebied","Eems-Dollard , deelgebied","ETRS89",53.448729,6.892346,6.892346,53.448729,"core","southern_and_central_north_sea"
15709,"eemshaven.doekegat","Eemshaven, Doekegat","Eemshaven, Doekegat","ETRS89",53.45529,6.859522,6.859522,53.45529,"core","southern_and_central_north_sea"
1481,"eemshaven.haven","Eemshaven, haven","Eemshaven, haven","ETRS89",53.448702,6.828392,6.828392,53.448702,"outside_domain",
10925,"eemshaventotdelfzijl.nld6100","Eemshaven tot Delfzijl, NLD6100","Eemshaven tot Delfzijl, NLD6100","ETRS89",53.42057,6.89858,6.89858,53.42057,"core","southern_and_central_north_sea"
16991,"eemshaven.waddenzee","Eemshaven, Waddenzee","stroommeetpaal","ETRS89",53.474392,6.821731,6.821731,53.474392,"core","southern_and_central_north_sea"
279,"egmondaanzee.10kmuitdekust","Egmond aan Zee,  10 km uit de kust","Egmond aan Zee,  10 km uit de kust","ETRS89",52.635626,4.47303,4.47303,52.635626,"core","southern_and_central_north_sea"
7858,"egmondaanzee.1kmuitdekust","Egmond aan Zee,  1 km uit de kust","Egmond aan Zee,  1 km uit de kust","ETRS89",52.620063,4.607176,4.607176,52.620063,"core","southern_and_central_north_sea"
1556,"egmondaanzee.20kmuitdekust","Egmond aan Zee,  20 km uit de kust","Egmond aan Zee,  20 km uit de kust","ETRS89",52.640914,4.328729,4.328729,52.640914,"core","southern_and_central_north_sea"
18489,"egmondaanzee.2kmuitdekust","Egmond aan Zee,  2 km uit de kust","Egmond aan Zee,  2 km uit de kust","ETRS89",52.622291,4.594687,4.594687,52.622291,"core","southern_and_central_north_sea"
14468,"egmondaanzee.30kmuitdekust","Egmond aan Zee,  30 km uit de kust","Egmond aan Zee,  30 km uit de kust","ETRS89",52.667289,4.179745,4.179745,52.667289,"core","southern_and_central_north_sea"
1164,"egmondaanzee.4kmuitdekust","Egmond aan Zee,  4 km uit de kust","Egmond aan Zee,  4 km uit de kust","ETRS89",52.625624,4.568027,4.568027,52.625624,"core","southern_and_central_north_sea"
2819,"egmondaanzee.50kmuitdekust","Egmond aan Zee,  50 km uit de kust","Egmond aan Zee,  50 km uit de kust","ETRS89",52.695616,3.886461,3.886461,52.695616,"core","southern_and_central_north_sea"
5485,"egmondaanzee.5kmuitdekust","Egmond aan Zee,  5 km uit de kust","Egmond aan Zee,  5 km uit de kust","ETRS89",52.624241,4.53871,4.53871,52.624241,"core","southern_and_central_north_sea"
5188,"egmondaanzee.60kmuitdekust","Egmond aan Zee,  60 km uit de kust","Egmond aan Zee,  60 km uit de kust","ETRS89",52.69257,3.72364,3.72364,52.69257,"core","southern_and_central_north_sea"
5014,"egmondaanzee.70kmuitdekust","Egmond aan Zee,  70 km uit de kust","Egmond aan Zee,  70 km uit de kust","ETRS89",52.728112,3.593174,3.593174,52.728112,"core","southern_and_central_north_sea"
17387,"egmondaanzee.badstrand","Egmond aan Zee, badstrand","Egmond aan Zee, badstrand","ETRS89",52.618502,4.617141,4.617141,52.618502,"core","southern_and_central_north_sea"
1610,"egmondaanzee.bergenaanzee.paal33-38","Egmond Aan Zee Bergen aan Zee paal 33-38","Egmond Aan Zee Bergen aan Zee paal 33-38","ETRS89",52.65816,4.60299,4.60299,52.65816,"core","southern_and_central_north_sea"
17864,"egmondlander","Egmond lander","Egmond lander","ETRS89",52.635,4.6175,4.6175,52.635,"core","southern_and_central_north_sea"
17988,"ehzerbrug.km10","Ehzerbrug, km 10","Ehzerbrug, km 10","ETRS89",52.166321,6.330422,6.330422,52.166321,"outside_domain",
1199,"eibersburen","Eibersburen","Eibersburen","ETRS89",53.24225,6.252968,6.252968,53.24225,"outside_domain",
12843,"eierland","Eierland","Eierland","ETRS89",53.189691,4.798127,4.798127,53.189691,"core","southern_and_central_north_sea"
16670,"eierlandsegat","Eierlandse Gat","Eierlandse Gat","ETRS89",53.2762,4.660347,4.660347,53.2762,"core","southern_and_central_north_sea"
15467,"eijsden","Eijsden","Eijsden","ETRS89",50.7795,5.6987,5.6987,50.7795,"outside_domain",
15764,"eijsden.dorp","Eijsden, dorp","Eijsden, dorp","ETRS89",50.777254,5.699517,5.699517,50.777254,"outside_domain",
2150,"eijsden.grens","Eijsden, grens","Eijsden, grens","ETRS89",50.758,5.682,5.682,50.758,"outside_domain",
7359,"eilandvanmaurik.vakantiepark","Eiland van Maurik, vakantiepark","Eiland van Maurik, vakantiepark","ETRS89",51.975314,5.428842,5.428842,51.975314,"outside_domain",
4248,"eindhoven.blaarthem","Eindhoven, Blaarthem","DM18","ETRS89",51.422066,5.446147,5.446147,51.422066,"outside_domain",
78,"eindhoven.blaarthem.kanaal","Eindhoven Stuw Blaarthem kanaal","Eindhoven Stuw Blaarthem kanaal","ETRS89",51.42181,5.44542,5.44542,51.42181,"outside_domain",
16252,"eindhoven.gender","Eindhoven, Gender","DM17","ETRS89",51.422695,5.446147,5.446147,51.422695,"outside_domain",
1467,"eisdenmazenhove.maas","Eisden-Mazenhoven","km 34,76","ETRS89",50.977611,5.735972,5.735972,50.977611,"outside_domain",
13949,"eisdenmazenhove.maesbempdergreend","Maasbeemder Greend","km 34,76","ETRS89",50.978472,5.735139,5.735139,50.978472,"outside_domain",
5624,"elburg.elburgerbrug","Elburg Elburgerbrug","Elburg Elburgerbrug","ETRS89",52.457466,5.817102,5.817102,52.457466,"outside_domain",
6817,"elburg.spijkstrand","Elburg, Spijkstrand","Elburg, Spijkstrand","ETRS89",52.455967,5.811525,5.811525,52.455967,"outside_domain",
15243,"elburg.veluwestrand.oostzijde.2","Elburg, Veluwestrand, oostzijde, 2","Elburg, Veluwestrand, oostzijde, 2","ETRS89",52.452615,5.823674,5.823674,52.452615,"outside_domain",
14911,"elburg.veluwestrand.oostzijde.3","Elburg, Veluwestrand, oostzijde, 3","Elburg, Veluwestrand, oostzijde, 3","ETRS89",52.450356,5.824681,5.824681,52.450356,"outside_domain",
17981,"ellewoutsdijk","Ellewoutsdijk","Ellewoutsdijk","ETRS89",51.385444,3.817259,3.817259,51.385444,"outside_domain",
5213,"ellewoutsdijk.zuidgors","Ellewoutsdijk, zuidgors","Ellewoutsdijk, zuidgors","ETRS89",51.388603,3.837698,3.837698,51.388603,"outside_domain",
3243,"elsloo.maas","Elsloo","km 29,325","ETRS89",50.957736,5.755318,5.755318,50.957736,"outside_domain",
16897,"emden.vaarwater","Emden, vaarwater","Emden, vaarwater","ETRS89",53.330825,7.108718,7.108718,53.330825,"core","southern_and_central_north_sea"
13208,"emshornplate","Emshornplate","Emshornplate","ETRS89",53.459425,6.941604,6.941604,53.459425,"core","southern_and_central_north_sea"
15221,"engelen","Engelen","Dieze","ETRS89",51.717393,5.275776,5.275776,51.717393,"outside_domain",
11938,"engelsmanplaat","Engelsmanplaat","Engelsmanplaat","ETRS89",53.45392,6.065879,6.065879,53.45392,"core","southern_and_central_north_sea"
15024,"engelsmanplaat.nld5084","Engelsmanplaat, NLD5084","Engelsmanplaat, NLD5084","ETRS89",53.45333,6.05,6.05,53.45333,"outside_domain",
17682,"engelsmanplaat.noord","Engelsmanplaat, noord","Engelsmanplaat, noord","ETRS89",53.463389,6.054827,6.054827,53.463389,"core","southern_and_central_north_sea"
4344,"enkhuizen","Enkhuizen","Enkhuizen","ETRS89",52.699145,5.293268,5.293268,52.699145,"core","southern_and_central_north_sea"
3437,"enkhuizen.ijsselmeer.oost.meetpaal1","Enkhuizen, IJsselmeer, oost, meetpaal 01","alias FL26","ETRS89",52.721053,5.356702,5.356702,52.721053,"core","southern_and_central_north_sea"
10337,"enkhuizen.ijsselmeer.oost.meetpaal2","Enkhuizen, IJsselmeer, oost, meetpaal 02","alias FL25","ETRS89",52.721455,5.29849,5.29849,52.721455,"core","southern_and_central_north_sea"
11176,"enkhuizen.ijsselmeer.oost.meetpaal25","Enkhuizen, IJsselmeer, oost, meetpaal 25","Enkhuizen, IJsselmeer, oost, meetpaal 25","ETRS89",52.721347,5.298401,5.298401,52.721347,"core","southern_and_central_north_sea"
13271,"enkhuizen.strand","Enkhuizen, strand","Enkhuizen, strand","ETRS89",52.712292,5.292279,5.292279,52.712292,"outside_domain",
12831,"enkhuizerzand","Enkhuizerzand","Enkhuizerzand","ETRS89",52.692834,5.416226,5.416226,52.692834,"core","southern_and_central_north_sea"
11331,"enkhuizerzand.2","Enkhuizerzand, punt 2","Enkhuizerzand, punt 2","ETRS89",52.733239,5.413854,5.413854,52.733239,"core","southern_and_central_north_sea"
17719,"enschede","Enschede","Enschede","ETRS89",52.23214,6.841541,6.841541,52.23214,"outside_domain",
11704,"enschedevitens","Enschede Vitens","Enschede Vitens","ETRS89",52.236994,6.833485,6.833485,52.236994,"outside_domain",
15809,"epen.geul.cottessen","Epen Geul Cottessen","Epen Geul Cottessen","ETRS89",50.75815138,5.934303783,5.934303783,50.75815138,"outside_domain",
17304,"erkemederstrand","Erkemederstrand","Erkemederstrand","ETRS89",52.266946,5.489192,5.489192,52.266946,"outside_domain",
6014,"erkemedestrand.west","Erkemedestrand, west","Erkemedestrand, west","ETRS89",52.268191,5.493414,5.493414,52.268191,"outside_domain",
2267,"erlecombeneden","Erlecom beneden","Erlecom beneden","ETRS89",51.860731,5.947704,5.947704,51.860731,"outside_domain",
14726,"erlecomboven","Erlecom boven","Erlecom boven","ETRS89",51.862612,5.985328,5.985328,51.862612,"outside_domain",
9192,"ermelo","Ermelo","Ermelo","ETRS89",52.290938,5.542863,5.542863,52.290938,"outside_domain",
9382,"erp.biezenloop","Erp, Biezenloop","Erp, Biezenloop","ETRS89",51.559931,5.606081,5.606081,51.559931,"outside_domain",
858,"erp.sluis5.beneden","Erp, sluis 5, beneden","Erp, sluis 5, beneden","ETRS89",51.577442,5.586153,5.586153,51.577442,"outside_domain",
11082,"erp.sluis5.boven","Erp, sluis 5, boven","Erp, sluis 5, boven","ETRS89",51.576461,5.587317,5.587317,51.576461,"outside_domain",
15179,"erp.sluis5.inlaat","Erp, Sluis 5, inlaat","Spuien","ETRS89",51.577511,5.58585,5.58585,51.577511,"outside_domain",
822,"erp.sluis5.uitlaat","Erp, Sluis 5, uitlaat","NettobalansUIT","ETRS89",51.577506,5.58585,5.58585,51.577506,"outside_domain",
11081,"eurogeul.dwe","Eurogeul, DWE","Eurogeul, DWE","ETRS89",51.947527,2.998954,2.998954,51.947527,"core","southern_and_central_north_sea"
8991,"eurogeul.e13","Eurogeul, E13","Eurogeul, E13","ETRS89",52.009184,3.741804,3.741804,52.009184,"core","southern_and_central_north_sea"
10437,"eurogeul.e5","Eurogeul, E5","Eurogeul, E5","ETRS89",51.983644,3.425352,3.425352,51.983644,"core","southern_and_central_north_sea"
13876,"europahaven","Europahaven","Europahaven","ETRS89",51.962179,4.029151,4.029151,51.962179,"outside_domain",
7748,"europlatform","Europlatform","Europlatform","ETRS89",51.99781,3.275071,3.275071,51.99781,"core","southern_and_central_north_sea"
4242,"europlatform.3","Europlatform 3","boei","ETRS89",51.9978,3.26647,3.26647,51.9978,"core","southern_and_central_north_sea"
2878,"europoort.beneluxhaven","Europoort Beneluxhaven","Europoort Beneluxhaven","ETRS89",51.94305,4.12805,4.12805,51.94305,"outside_domain",
10749,"europoort.calandkanaal.1","Europoort Calandkanaal west","Radarpost 5","ETRS89",51.963941,4.132766,4.132766,51.963941,"core","southern_and_central_north_sea"
16782,"europoort.calandkanaal.2","Europoort Calandkanaal midden","Radarpost 6","ETRS89",51.945278,4.17371,4.17371,51.945278,"outside_domain",
2481,"europoort.calandkanaal.3","Europoort Calandkanaal oost","Radarpost 32","ETRS89",51.918254,4.221408,4.221408,51.918254,"outside_domain",
8785,"europoort.dintelhaven","Europoort Dintelhaven","Europoort Dintelhaven","ETRS89",51.96111,4.10667,4.10667,51.96111,"outside_domain",
4267,"europoort.harmsenbrug","Europoort, Harmsenbrug","Europoort, Harmsenbrug","ETRS89",51.901771,4.210879,4.210879,51.901771,"outside_domain",
1425,"europoort.hartelbrug","Europoort, Hartelbrug","Europoort, Hartelbrug","ETRS89",51.86635,4.307781,4.307781,51.86635,"outside_domain",
1165,"europoort.hartelkering","Europoort, Hartelkering","Europoort, Hartelkering","ETRS89",51.864941,4.307118,4.307118,51.864941,"outside_domain",
8768,"ezumazijl","Ezumazijl","Ezumazijl","ETRS89",53.358681,6.148999,6.148999,53.358681,"outside_domain",
6205,"f16","F16","platform","ETRS89",54.116667,4.012222,4.012222,54.116667,"core","southern_and_central_north_sea"
12979,"f3","F3","platform","ETRS89",54.853199,4.726133,4.726133,54.853199,"core","southern_and_central_north_sea"
12556,"flakkeesespuisluis.meerzijde","Flakkeese spuisluis, meerzijde","Flakkeese spuisluis, meerzijde","ETRS89",51.679195,4.150379,4.150379,51.679195,"outside_domain",
8205,"flevocentrale","Flevocentrale","Flevocentrale","ETRS89",52.580206,5.522936,5.522936,52.580206,"core","southern_and_central_north_sea"
15616,"formerum","Formerum","Formerum","ETRS89",53.390455,5.317016,5.317016,53.390455,"outside_domain",
2827,"fortcrevecoeur","Fort Crevecoeur","monding van de Dieze","ETRS89",51.733567,5.269946,5.269946,51.733567,"outside_domain",
2458,"fortliefkenshoek","Fort Liefkenshoek","Fort Liefkenshoek","ETRS89",51.296459,4.285749,4.285749,51.296459,"outside_domain",
1982,"friesefront.4","Friese Front, 04","Friese Front, 04","ETRS89",53.754816,3.629194,3.629194,53.754816,"core","southern_and_central_north_sea"
11669,"friesekust.ijsselmeer","Friesekust IJsselmeer","Friesekust IJsselmeer","ETRS89",52.822278,5.478778,5.478778,52.822278,"core","southern_and_central_north_sea"
871,"gaast","Gaast","Gaast","ETRS89",53.017932,5.408069,5.408069,53.017932,"outside_domain",
9197,"gaatjebocht.noord","Gaatje Bocht, noord","Gaatje Bocht, noord","ETRS89",53.327952,7.022947,7.022947,53.327952,"core","southern_and_central_north_sea"
343,"gaatjebocht.noordwest","Gaatje Bocht, noordwest","Gaatje Bocht, noordwest","ETRS89",53.322732,7.014944,7.014944,53.322732,"core","southern_and_central_north_sea"
11040,"gaatjebocht.west","Gaatje Bocht, west","Gaatje Bocht, west","ETRS89",53.319336,7.015491,7.015491,53.319336,"core","southern_and_central_north_sea"
6747,"galatheahaven","Galathea haven","Galathea haven","ETRS89",51.659493,4.313728,4.313728,51.659493,"core","southern_and_central_north_sea"
7616,"gammels","Gammels","Gammels","ETRS89",52.876619,5.152524,5.152524,52.876619,"core","southern_and_central_north_sea"
15318,"gatvanborssele","Gat van Borssele","Gat van Borssele","ETRS89",51.411393,3.757884,3.757884,51.411393,"core","southern_and_central_north_sea"
6737,"gatvandebinnennieuwesteek","Gat van de Binnennieuwesteek","Gat van de Binnennieuwesteek","ETRS89",51.73077,4.753374,4.753374,51.73077,"outside_domain",
1918,"gatvandehil.zuidwest","Gat van de Hil, zuidwest","Gat van de Hil, zuidwest","ETRS89",51.743784,4.749644,4.749644,51.743784,"outside_domain",
16491,"gatvandekerksloot","Gat van de Kerksloot","Gat van de Kerksloot","ETRS89",51.727233,4.786527,4.786527,51.727233,"outside_domain",
10766,"gatvandekerksloot.badstrand","Gat van de Kerksloot, badstrand","Gat van de Kerksloot, badstrand","ETRS89",51.724368,4.771368,4.771368,51.724368,"outside_domain",
4430,"gatvandevloeien","Gat van de vloeien","Gat van de vloeien","ETRS89",51.735798,4.788049,4.788049,51.735798,"outside_domain",
12773,"gatvandevloeien.badstrand","Gat van de Vloeien, badstrand","Gat van de Vloeien, badstrand","ETRS89",51.732889,4.785293,4.785293,51.732889,"outside_domain",
6962,"gatvanschiermonnikoog","Gat van Schiermonnikoog","Gat van Schiermonnikoog","ETRS89",53.442927,6.126113,6.126113,53.442927,"core","southern_and_central_north_sea"
5923,"gatvanvankampen.noordoost","Gat van van Kampen, noordoost","Gat van van Kampen, noordoost","ETRS89",51.754684,4.786538,4.786538,51.754684,"outside_domain",
6917,"geersdijk","Geersdijk","Geersdijk","ETRS89",51.553344,3.762139,3.762139,51.553344,"outside_domain",
6959,"geersdijk.badstrand","Geersdijk badstrand","Geersdijk badstrand","ETRS89",51.554766,3.760963,3.760963,51.554766,"outside_domain",
10294,"geertruidenbergamercentrale","Geertruidenberg Amercentrale","Geertruidenberg Amercentrale","ETRS89",51.715496,4.849919,4.849919,51.715496,"outside_domain",
3494,"geisedam","Geisedam","Geisedam","ETRS89",53.320654,7.129204,7.129204,53.320654,"core","southern_and_central_north_sea"
17398,"gelresend.noordzijde","Gelre's End, noordzIJde","Gelre's End, noordzIJde","ETRS89",51.73985,5.261243,5.261243,51.73985,"outside_domain",
14319,"gemaalwouda","Gemaal Wouda","Gemaal Wouda","ETRS89",52.845264,5.678716,5.678716,52.845264,"outside_domain",
68,"genemuiden","Genemuiden","de ketting","ETRS89",52.633395,6.033154,6.033154,52.633395,"outside_domain",
93,"genemuiden.veer","Genemuiden, veer","Genemuiden, veer","ETRS89",52.629275,6.038557,6.038557,52.629275,"outside_domain",
282,"genemuiden.vogeleiland","Genemuiden, Vogeleiland","Genemuiden, Vogeleiland","ETRS89",52.642108,6.008607,6.008607,52.642108,"outside_domain",
12967,"genemuiden.vogeleiland.west","Genemuiden, Vogeleiland, west","Genemuiden, Vogeleiland, west","ETRS89",52.644807,5.987133,5.987133,52.644807,"outside_domain",
2597,"gennep","Gennep","Gennep","ETRS89",51.697,5.9574,5.9574,51.697,"outside_domain",
14568,"gewande.km214.lo","Gewande, km 214, lo","Gewande, km 214, lo","ETRS89",51.752944,5.347738,5.347738,51.752944,"outside_domain",
2616,"glimmen.depunt","Glimmen, De Punt","Drentse Aa","ETRS89",53.131292,6.619242,6.619242,53.131292,"outside_domain",
14591,"goedereede","Goedereede","Goedereede","ETRS89",51.840963,3.965108,3.965108,51.840963,"outside_domain",
12587,"goedereede.noordzee.meetpaal","Goedereede, Noordzee, meetpaal","Goedereede, Noordzee, meetpaal","ETRS89",51.867868,3.959901,3.959901,51.867868,"core","southern_and_central_north_sea"
13662,"goeree10kmuitdekust","Goeree 10 km uit de kust","Goeree 10 km uit de kust","ETRS89",51.894884,3.828948,3.828948,51.894884,"core","southern_and_central_north_sea"
13581,"goeree20kmuitdekust","Goeree 20 km uit de kust","Goeree 20 km uit de kust","ETRS89",51.953368,3.720361,3.720361,51.953368,"core","southern_and_central_north_sea"
18552,"goeree2kmuitdekust","Goeree 2 km uit de kust","Goeree 2 km uit de kust","ETRS89",51.846089,3.915502,3.915502,51.846089,"core","southern_and_central_north_sea"
12324,"goeree30kmuitdekust","Goeree 30 km uit de kust","Goeree 30 km uit de kust","ETRS89",52.014308,3.612317,3.612317,52.014308,"core","southern_and_central_north_sea"
17846,"goeree40kmuitdekust","Goeree 40 km uit de kust","Goeree 40 km uit de kust","ETRS89",52.080315,3.506185,3.506185,52.080315,"core","southern_and_central_north_sea"
1348,"goeree50kmuitdekust","Goeree 50 km uit de kust","Goeree 50 km uit de kust","ETRS89",52.135037,3.396881,3.396881,52.135037,"core","southern_and_central_north_sea"
12815,"goeree6kmuitdekust","Goeree 6 km uit de kust","Goeree 6 km uit de kust","ETRS89",51.868923,3.872311,3.872311,51.868923,"core","southern_and_central_north_sea"
8377,"goeree70kmuitdekust","Goeree 70 km uit de kust","Goeree 70 km uit de kust","ETRS89",52.251431,3.181178,3.181178,52.251431,"core","southern_and_central_north_sea"
14655,"goeree.brouwersdamtotouddorp.paalvoorbij10.nld1012","Goeree, Brouwersdam tot Ouddorp, paal voorbij 10, NLD1012","Goeree, Brouwersdam tot Ouddorp, paal voorbij 10, NLD1012","ETRS89",51.82669,3.84384,3.84384,51.82669,"core","southern_and_central_north_sea"
4352,"goeree.lichteiland","Goeree, lichteiland","Goeree, lichteiland","ETRS89",51.925034,3.668416,3.668416,51.925034,"core","southern_and_central_north_sea"
14922,"goeree.ouddorptotkwadehoek.paal7tot10.nld1013","Goeree, Ouddorp tot Kwade Hoek, paal 7 tot 10, NLD1013","Goeree, Ouddorp tot Kwade Hoek, paal 7 tot 10, NLD1013","ETRS89",51.85155,3.92542,3.92542,51.85155,"core","southern_and_central_north_sea"
15797,"goesschesas","Goessche Sas","Goessche Sas","ETRS89",51.538629,3.927729,3.927729,51.538629,"outside_domain",
10886,"goidschalxoord.oudemaas.meetboeiom1","Goidschalxoord, Oude Maas, meetboei OM1","km 993.560","ETRS89",51.830749,4.455269,4.455269,51.830749,"outside_domain",
8371,"gooierhoofdzomerkade","Gooierhoofd zomerkade","Gooierhoofd zomerkade","ETRS89",52.30578,5.25548,5.25548,52.30578,"outside_domain",
1612,"gooimeerdijk","Gooimeerdijk","Gooimeerdijk","ETRS89",52.329174,5.239919,5.239919,52.329174,"core","southern_and_central_north_sea"
593,"gooimeer.midden","Gooimeer, midden","Gooimeer, midden","ETRS89",52.322875,5.196802,5.196802,52.322875,"core","southern_and_central_north_sea"
8843,"gooimeer.oost","Gooimeer, oost","Gooimeer, oost","ETRS89",52.31125,5.269893,5.269893,52.31125,"outside_domain",
11747,"gooimeer.west","Gooimeer, west","Gooimeer, west","ETRS89",52.324906,5.17548,5.17548,52.324906,"core","southern_and_central_north_sea"
18513,"gooiseweg","Gooiseweg","Hoge Vaart","ETRS89",52.410234,5.598836,5.598836,52.410234,"outside_domain",
4755,"goor.meenweg.twentekanaal.km28.ro","Goor, Meenweg, Twentekanaal,  km 28, ro","Goor, Meenweg, Twentekanaal,  km 28, ro","ETRS89",52.221871,6.563528,6.563528,52.221871,"outside_domain",
5178,"gorinchem","Gorinchem","Gorinchem","ETRS89",51.826922,4.97552,4.97552,51.826922,"outside_domain",
17181,"gorinchembinnen","Gorinchem binnen","Gorinchem binnen","ETRS89",51.836716,4.974415,4.974415,51.836716,"outside_domain",
6430,"gorishoek","Gorishoek","Gorishoek","ETRS89",51.524986,4.081504,4.081504,51.524986,"core","southern_and_central_north_sea"
12349,"gouda","Gouda","Gouda","ETRS89",52.00538,4.711439,4.711439,52.00538,"outside_domain",
1831,"gouda.hanepraaisluis","Gouda, Hanepraaisluis","Gouda, Hanepraaisluis","ETRS89",52.007193,4.714179,4.714179,52.007193,"outside_domain",
17489,"gouda.hollandscheijssel","Gouda Hollandsche IJssel","Gouda Hollandsche IJssel","ETRS89",52.00658,4.71972,4.71972,52.00658,"outside_domain",
12177,"gouda.voorhaven","Gouda, voorhaven","Gouda, voorhaven","ETRS89",51.996723,4.691184,4.691184,51.996723,"outside_domain",
4685,"goudenham","Gouden Ham","recreatieplas","ETRS89",51.836883,5.546804,5.546804,51.836883,"outside_domain",
16596,"goudenham.beneden.overlaat","Gouden Ham, beneden, overlaat","Gouden Ham, beneden, overlaat","ETRS89",51.831515,5.568123,5.568123,51.831515,"outside_domain",
12458,"goudenham.hanzebad","Gouden Ham, hanzebad","recreatieplas","ETRS89",51.827532,5.548947,5.548947,51.827532,"outside_domain",
7888,"goudenham.instroming","Gouden Ham, instroming","recreatieplas","ETRS89",51.821876,5.544575,5.544575,51.821876,"outside_domain",
2203,"goudenham.maaslanden","Gouden Ham, Maaslanden","recreatieplas","ETRS89",51.829945,5.558747,5.558747,51.829945,"outside_domain",
1286,"goudenham.molenstrand","Gouden Ham, Molenstrand","Gouden Ham, Molenstrand","ETRS89",51.838168,5.547011,5.547011,51.838168,"outside_domain",
5977,"gouderak","Gouderak","Gouderak","ETRS89",51.985555,4.672432,4.672432,51.985555,"outside_domain",
8025,"goudswaard.spui","Goudswaard, Spui","Goudswaard, Spui","ETRS89",51.782319,4.236792,4.236792,51.782319,"core","southern_and_central_north_sea"
16996,"goysedorp.km51","Goyse dorp, kilometer 51","Goyse dorp, kilometer 51","ETRS89",51.998203,5.213558,5.213558,51.998203,"outside_domain",
13107,"grave","Grave","Grave","ETRS89",51.768614,5.734897,5.734897,51.768614,"outside_domain",
10021,"grave.beneden","Grave, beneden","sluis","ETRS89",51.775,5.72,5.72,51.775,"outside_domain",
16779,"grave.boven","Grave, boven","sluis","ETRS89",51.761,5.743,5.743,51.761,"outside_domain",
6797,"gravenbol","Gravenbol","Gravenbol","ETRS89",51.971816,5.385602,5.385602,51.971816,"outside_domain",
1157,"grevelingendam.badstrand","Grevelingendam, badstrand","Grevelingendam, badstrand","ETRS89",51.679557,4.117824,4.117824,51.679557,"core","southern_and_central_north_sea"
18307,"grevelingendam.plaatvanoudetonge.badstrand","Grevelingendam, Plaat van Oude Tonge, badstrand","Grevelingendam, Plaat van Oude Tonge, badstrand","ETRS89",51.676206,4.140619,4.140619,51.676206,"core","southern_and_central_north_sea"
6204,"grevelingenkustzone","Grevelingen kustzone","Grevelingen kustzone","ETRS89",51.808056,3.7175,3.7175,51.808056,"core","southern_and_central_north_sea"
6541,"grevelingenmeer.hals","Grevelingen Meer, Hals","Grevelingen Meer, Hals","ETRS89",51.756406,4.013255,4.013255,51.756406,"core","southern_and_central_north_sea"
15755,"grevenbicht","Grevenbicht","Grevenbicht","ETRS89",51.041418,5.765753,5.765753,51.041418,"outside_domain",
6492,"griend.kwelder","Griend, kwelder","Griend, kwelder","ETRS89",53.251483,5.247126,5.247126,53.251483,"core","southern_and_central_north_sea"
504,"griend.nld4058","Griend, NLD4058","Griend, NLD4058","ETRS89",53.27801,5.23709,5.23709,53.27801,"core","southern_and_central_north_sea"
6938,"griete","Griete","vh Overloop van Hansweert","ETRS89",51.372753,3.919681,3.919681,51.372753,"core","southern_and_central_north_sea"
18361,"grijpskerk.gaarkeuken.oost","Grijpskerk Gaarkeuken oost","Grijpskerk Gaarkeuken oost","ETRS89",53.24909,6.317575,6.317575,53.24909,"outside_domain",
7887,"grijpskerk.gaarkeuken.west","Grijpskerk Gaarkeuken west","Grijpskerk Gaarkeuken west","ETRS89",53.247767,6.305834,6.305834,53.247767,"outside_domain",
6690,"groenendijk","Groenendijk","Donge","ETRS89",51.673353,4.915909,4.915909,51.673353,"outside_domain",
12922,"groenevaart.beneden","Groene vaart, beneden","Groene vaart, beneden","ETRS89",52.158543,6.232977,6.232977,52.158543,"outside_domain",
70,"groenevaart.boven","Groene vaart, boven","Groene vaart, boven","ETRS89",52.158552,6.232991,6.232991,52.158552,"outside_domain",
6482,"groenevaart.klep1","Groene vaart, klep 1","Groene vaart, klep 1","ETRS89",52.158566,6.232984,6.232984,52.158566,"outside_domain",
5673,"groenevaart.klep2","Groene vaart, klep 2","Groene vaart, klep 2","ETRS89",52.248391,6.234691,6.234691,52.248391,"outside_domain",
5671,"groningen","Groningen","Groningen","ETRS89",53.228119,6.591879,6.591879,53.228119,"outside_domain",
13447,"groningerwad","Groninger Wad","Groninger Wad","ETRS89",53.450767,6.406221,6.406221,53.450767,"core","southern_and_central_north_sea"
10661,"groningerwadwarffumerlaag.zuid","Groninger Wad Warffumerlaag, zuid","Groninger Wad Warffumerlaag, zuid","ETRS89",53.437539,6.52855,6.52855,53.437539,"core","southern_and_central_north_sea"
11718,"grootammers.veerstoep.badstrand","Groot Ammers, Veerstoep, badstrand","Groot Ammers, Veerstoep, badstrand","ETRS89",51.917449,4.786617,4.786617,51.917449,"outside_domain",
2780,"grooteadrianatheodorapolder","Groote Adriana Theodorapolder","pl 250","ETRS89",51.668415,4.354196,4.354196,51.668415,"core","southern_and_central_north_sea"
17353,"grootegat.noord","Groote Gat, noord","Groote Gat, noord","ETRS89",53.304291,7.15666,7.15666,53.304291,"core","southern_and_central_north_sea"
15873,"grootegat.zuid","Groote Gat, zuid","Groote Gat, zuid","ETRS89",53.277784,7.163639,7.163639,53.277784,"core","southern_and_central_north_sea"
10593,"grootekeeten","Groote Keeten","Groote Keeten","ETRS89",52.864543,4.701166,4.701166,52.864543,"core","southern_and_central_north_sea"
17460,"grotevlak","Grote Vlak","Grote Vlak","ETRS89",53.025892,4.708013,4.708013,53.025892,"outside_domain",
12070,"haandrik.kleplinkeroever","Haandrik, klep linker oever","2","ETRS89",52.621534,6.695167,6.695167,52.621534,"outside_domain",
1342,"haandrik.kleprechteroever","Haandrik, klep rechter oever","1","ETRS89",52.621616,6.695066,6.695066,52.621616,"outside_domain",
3809,"haandrik.kruising.overijssels.kan.km2.3","Haandrik Kruising Overijssels kan.(km 2.3)","Haandrik Kruising Overijssels kan.(km 2.3)","ETRS89",52.62083255,6.698484616,6.698484616,52.62083255,"outside_domain",
291,"haastrecht","Haastrecht","Haastrecht","ETRS89",52.002122,4.773018,4.773018,52.002122,"outside_domain",
5595,"hagestein","Hagestein","Hagestein","ETRS89",51.990866,5.132711,5.132711,51.990866,"outside_domain",
8030,"hagestein.beneden","Hagestein, beneden","Hagestein, beneden","ETRS89",51.993,5.1315,5.1315,51.993,"outside_domain",
13806,"hagestein.boven","Hagestein, boven","Hagestein, boven","ETRS89",51.9895,5.1352,5.1352,51.9895,"outside_domain",
9225,"hagestein.boven.rechteroever","Hagestein, boven, rechteroever","Hagestein, boven, rechteroever","ETRS89",51.981985,5.145382,5.145382,51.981985,"outside_domain",
2585,"haghorst","Haghorst","Haghorst","ETRS89",51.498346,5.207331,5.207331,51.498346,"outside_domain",
17428,"haghorst.sluis4.beneden","Haghorst, sluis 4, beneden","Haghorst, sluis 4, beneden","ETRS89",51.498158,5.206136,5.206136,51.498158,"outside_domain",
6073,"haghorst.sluis4.boven","Haghorst, sluis 4, boven","Haghorst, sluis 4, boven","ETRS89",51.498219,5.207719,5.207719,51.498219,"outside_domain",
692,"haghorst.sluis4.inlaat","Haghorst, Sluis 4, inlaat","Spuien","ETRS89",51.498236,5.207722,5.207722,51.498236,"outside_domain",
17000,"haghorst.sluis4.kolk","Haghorst Sluis 4 kolk","Haghorst Sluis 4 kolk","ETRS89",51.49823098,5.20772101,5.20772101,51.49823098,"outside_domain",
18858,"haghorst.sluis4.schuif","Haghorst Sluis 4 schuif","Haghorst Sluis 4 schuif","ETRS89",51.49823098,5.20772101,5.20772101,51.49823098,"outside_domain",
1500,"haghorst.sluis4.schuif1","Haghorst, sluis 4, schuif1","Haghorst, sluis 4, schuif1","ETRS89",51.497942,5.207447,5.207447,51.497942,"outside_domain",
8059,"haghorst.sluis4.uitlaat","Haghorst, Sluis 4, uitlaat","NettobalansUIT","ETRS89",51.498231,5.207722,5.207722,51.498231,"outside_domain",
1406,"hammen.boeih16.plompetoren","Hammen, boei H16, Plompetoren","Hammen, boei H16, Plompetoren","ETRS89",51.677231,3.775405,3.775405,51.677231,"core","southern_and_central_north_sea"
17879,"hammen.boeih2","Hammen, boei H2","Hammen, boei H2","ETRS89",51.654389,3.855132,3.855132,51.654389,"core","southern_and_central_north_sea"
15868,"hammen.boeih9.gemaal","Hammen, boei H9, Gemaal","Hammen, boei H9, Gemaal","ETRS89",51.675345,3.859339,3.859339,51.675345,"core","southern_and_central_north_sea"
4912,"hammen.oost","Hammen, oost","Hammen, oost","ETRS89",51.6602,3.852695,3.852695,51.6602,"core","southern_and_central_north_sea"
14633,"hammen.west","Hammen, west","Hammen, west","ETRS89",51.672004,3.754988,3.754988,51.672004,"core","southern_and_central_north_sea"
5850,"hank","Hank","Hank","ETRS89",51.717219,4.849319,4.849319,51.717219,"outside_domain",
12772,"hank.bergschemaas","Keizersveer","km 247,60","ETRS89",51.7191,4.894,4.894,51.7191,"outside_domain",
18780,"hansweert","Hansweert","Hansweert","ETRS89",51.44567,3.99744,3.99744,51.44567,"core","southern_and_central_north_sea"
4521,"hansweert.2","Hansweert, punt 02","Hansweert, punt 02","ETRS89",51.447055,3.998987,3.998987,51.447055,"outside_domain",
4291,"hansweert.2overloop","Hansweert, 2 overloop","Westerschelde, Overloop van Hansweert","ETRS89",51.375167,3.917083,3.917083,51.375167,"core","southern_and_central_north_sea"
6941,"hansweert.boeiohmg","Hansweert, boei OHMG","Hansweert, boei OHMG","ETRS89",51.440034,3.990671,3.990671,51.440034,"core","southern_and_central_north_sea"
18787,"hansweert.geul","Hansweert, geul","Hansweert, geul","ETRS89",51.436114,4.014149,4.014149,51.436114,"core","southern_and_central_north_sea"
4048,"hardenberg.beneden","Hardenberg, beneden","Hardenberg, beneden","ETRS89",52.566382,6.61747,6.61747,52.566382,"outside_domain",
15471,"hardenberg.boven","Hardenberg, boven","Hardenberg, boven","ETRS89",52.567067,6.616383,6.616383,52.567067,"outside_domain",
10855,"hardenberg.kleplinkeroever","Hardenberg, klep linker oever","3","ETRS89",52.567034,6.616522,6.616522,52.567034,"outside_domain",
4461,"hardenberg.klepmidden","Hardenberg, klep midden","2","ETRS89",52.567069,6.616656,6.616656,52.567069,"outside_domain",
10384,"hardenberg.kleprechteroever","Hardenberg, klep rechter oever","1","ETRS89",52.567103,6.616805,6.616805,52.567103,"outside_domain",
11274,"harderhaven.knardijk","Harderhaven, Knardijk","Harderhaven, Knardijk","ETRS89",52.362384,5.566501,5.566501,52.362384,"outside_domain",
18717,"hardersluis.noord","Hardersluis, noord","Hardersluis, noord","ETRS89",52.365179,5.613523,5.613523,52.365179,"outside_domain",
123,"hardersluis.zuid","Hardersluis, zuid","Hardersluis, zuid","ETRS89",52.364463,5.612198,5.612198,52.364463,"outside_domain",
14616,"harderwijk.doggersbank.west","Harderwijk, Doggersbank, west","Harderwijk, Doggersbank, west","ETRS89",52.46596,5.826601,5.826601,52.46596,"outside_domain",
8068,"harderwijk.ijsselmeer","Harderwijk, IJsselmeer","voorheen Harderhaven buiten","ETRS89",52.367957,5.617722,5.617722,52.367957,"outside_domain",
2696,"harderwijk.raai1.pq2","Harderwijk, raai 1, PQ 002","Harderwijk, raai 1, PQ 002","ETRS89",52.336565,5.592675,5.592675,52.336565,"outside_domain",
17557,"harderwijk.veluwemeer.pier","pier Europarcs Veluwemeer","pier Europarcs Veluwemeer","ETRS89",52.395662,5.73048,5.73048,52.395662,"outside_domain",
5315,"harderwijk.veluwemeer.strand","strand Europarcs Veluwemeer","strand Europarcs Veluwemeer","ETRS89",52.3954,5.730904,5.730904,52.3954,"outside_domain",
17294,"harderwijk.veluwestrand.1","Harderwijk, Veluwestrand, 1","Harderwijk, Veluwestrand, 1","ETRS89",52.355371,5.61478,5.61478,52.355371,"outside_domain",
13744,"hardinxveld","Hardinxveld","kilometer 962","ETRS89",51.815838,4.876714,4.876714,51.815838,"outside_domain",
10838,"haringvliet.1","Haringvliet, Kier1","Haringvliet, Kier1","ETRS89",51.79685,4.12387,4.12387,51.79685,"core","southern_and_central_north_sea"
8138,"haringvliet.10","Haringvliet, punt 10","Haringvliet, punt 10","ETRS89",51.862779,3.860561,3.860561,51.862779,"core","southern_and_central_north_sea"
2937,"haringvliet.1kmuitdekust","Haringvliet, 1 km uit de kust","Haringvliet, 1 km uit de kust","ETRS89",51.854202,4.013704,4.013704,51.854202,"core","southern_and_central_north_sea"
9662,"haringvliet.2","Haringvliet, Kier2","Haringvliet, Kier2","ETRS89",51.819858,4.074067,4.074067,51.819858,"core","southern_and_central_north_sea"
2358,"haringvliet.20","Haringvliet, 20","Haringvliet, 20","ETRS89",51.721629,4.394648,4.394648,51.721629,"core","southern_and_central_north_sea"
2683,"haringvliet.21","Haringvliet, 21","Haringvliet, 21","ETRS89",51.726518,4.382874,4.382874,51.726518,"core","southern_and_central_north_sea"
11134,"haringvliet.22","Haringvliet, 22","Haringvliet, 22","ETRS89",51.731954,4.371114,4.371114,51.731954,"core","southern_and_central_north_sea"
12476,"haringvliet.23","Haringvliet, 23","Haringvliet, 23","ETRS89",51.73747,4.357381,4.357381,51.73747,"core","southern_and_central_north_sea"
3918,"haringvliet.24","Haringvliet, 24","Haringvliet, 24","ETRS89",51.742332,4.343036,4.343036,51.742332,"core","southern_and_central_north_sea"
6964,"haringvliet.25","Haringvliet, 25","Haringvliet, 25","ETRS89",51.745663,4.329564,4.329564,51.745663,"core","southern_and_central_north_sea"
15790,"haringvliet.26","Haringvliet, 26","Haringvliet, 26","ETRS89",51.749382,4.316371,4.316371,51.749382,"core","southern_and_central_north_sea"
5774,"haringvliet.27","Haringvliet, 27","Haringvliet, 27","ETRS89",51.752276,4.302645,4.302645,51.752276,"core","southern_and_central_north_sea"
6774,"haringvliet.28","Haringvliet, 28","Haringvliet, 28","ETRS89",51.755728,4.289149,4.289149,51.755728,"core","southern_and_central_north_sea"
5075,"haringvliet.29","Haringvliet, 29","Haringvliet, 29","ETRS89",51.756669,4.274584,4.274584,51.756669,"core","southern_and_central_north_sea"
10278,"haringvliet.2kmuitdekust","Haringvliet, 2 km uit de kust","Haringvliet, 2 km uit de kust","ETRS89",51.877814,4.028426,4.028426,51.877814,"core","southern_and_central_north_sea"
15550,"haringvliet.3","Haringvliet, Kier3","Haringvliet, Kier3","ETRS89",51.826032,4.051158,4.051158,51.826032,"core","southern_and_central_north_sea"
1889,"haringvliet.30","Haringvliet, 30","Haringvliet, 30","ETRS89",51.758575,4.260428,4.260428,51.758575,"core","southern_and_central_north_sea"
10651,"haringvliet.31","Haringvliet, 31","Haringvliet, 31","ETRS89",51.759901,4.248807,4.248807,51.759901,"core","southern_and_central_north_sea"
1822,"haringvliet.4","Haringvliet, Kier4","Haringvliet, Kier4","ETRS89",51.82039,4.07514,4.07514,51.82039,"core","southern_and_central_north_sea"
10574,"haringvliet.44","Haringvliet, 44","Haringvliet, 44","ETRS89",51.777648,4.195639,4.195639,51.777648,"core","southern_and_central_north_sea"
16197,"haringvliet.45","Haringvliet, 45","Haringvliet, 45","ETRS89",51.767118,4.205059,4.205059,51.767118,"core","southern_and_central_north_sea"
14676,"haringvliet.46","Haringvliet, 46","Haringvliet, 46","ETRS89",51.761335,4.216466,4.216466,51.761335,"core","southern_and_central_north_sea"
124,"haringvliet.47","Haringvliet, 47","Haringvliet, 47","ETRS89",51.756203,4.229158,4.229158,51.756203,"core","southern_and_central_north_sea"
18582,"haringvliet.49","Haringvliet, 49","Haringvliet, 49","ETRS89",51.765964,4.225416,4.225416,51.765964,"core","southern_and_central_north_sea"
9786,"haringvliet.4kmuitdekust","Haringvliet, 4 km uit de kust","Haringvliet, 4 km uit de kust","ETRS89",51.915037,4.022036,4.022036,51.915037,"core","southern_and_central_north_sea"
15075,"haringvliet.50","Haringvliet, 50","Haringvliet, 50","ETRS89",51.771243,4.213007,4.213007,51.771243,"core","southern_and_central_north_sea"
4046,"haringvliet.51","Haringvliet, 51","Haringvliet, 51","ETRS89",51.778229,4.198029,4.198029,51.778229,"core","southern_and_central_north_sea"
305,"haringvliet.52","Haringvliet, 52","Haringvliet, 52","ETRS89",51.800675,4.185621,4.185621,51.800675,"core","southern_and_central_north_sea"
13211,"haringvliet.53","Haringvliet, 53","Haringvliet, 53","ETRS89",51.803418,4.178791,4.178791,51.803418,"core","southern_and_central_north_sea"
8647,"haringvlietbrug","Haringvlietbrug","Haringvlietbrug","ETRS89",51.712529,4.395311,4.395311,51.712529,"core","southern_and_central_north_sea"
9759,"haringvlietbrug.1","Haringvlietbrug, 1","Haringvlietbrug, 1","ETRS89",51.719335,4.402861,4.402861,51.719335,"core","southern_and_central_north_sea"
11140,"haringvlietbrug.2","Haringvlietbrug, 2","Haringvlietbrug, 2","ETRS89",51.694201,4.399575,4.399575,51.694201,"core","southern_and_central_north_sea"
18744,"haringvlietbrug.noordelijkbrughoofd","Haringvlietbrug, noordelIJk brughoofd","Haringvlietbrug, noordelIJk brughoofd","ETRS89",51.720505,4.403096,4.403096,51.720505,"outside_domain",
2862,"haringvlietbrug.oost","Haringvlietbrug, oost","Haringvlietbrug, oost","ETRS89",51.722137,4.406882,4.406882,51.722137,"outside_domain",
16620,"haringvlietbrug.west","Haringvlietbrug, west","Haringvlietbrug, west","ETRS89",51.722033,4.403063,4.403063,51.722033,"outside_domain",
3017,"haringvliet.drempelabnoord","Haringvliet, drempel AB-noord","Haringvliet, drempel AB-noord","ETRS89",51.832611,4.081739,4.081739,51.832611,"core","southern_and_central_north_sea"
15807,"haringvliet.drempelabzuid","Haringvliet, drempel AB-zuid","Haringvliet, drempel AB-zuid","ETRS89",51.829369,4.068483,4.068483,51.829369,"core","southern_and_central_north_sea"
3938,"haringvliet.drempeladnoord","Haringvliet, drempel AD-noord","Haringvliet, drempel AD-noord","ETRS89",51.827756,4.069619,4.069619,51.827756,"core","southern_and_central_north_sea"
796,"haringvliet.drempeladzuid","Haringvliet, drempel AD-zuid","Haringvliet, drempel AD-zuid","ETRS89",51.824147,4.064503,4.064503,51.824147,"core","southern_and_central_north_sea"
1718,"haringvliet.drempelagmh","Haringvliet, drempel AGMH","Haringvliet, drempel AGMH","ETRS89",51.777306,4.189417,4.189417,51.777306,"core","southern_and_central_north_sea"
13338,"haringvliet.drempelde","Haringvliet, drempel DE","Haringvliet, drempel DE","ETRS89",51.819706,4.093428,4.093428,51.819706,"core","southern_and_central_north_sea"
8847,"haringvliet.drempeldf","Haringvliet, drempel DF","Haringvliet, drempel DF","ETRS89",51.806606,4.099892,4.099892,51.806606,"core","southern_and_central_north_sea"
14282,"haringvliet.kustzone","Haringvliet, kustzone","Haringvliet, kustzone","ETRS89",51.937486,3.865528,3.865528,51.937486,"core","southern_and_central_north_sea"
14441,"haringvlietmond","Haringvlietmond","Haringvlietmond","ETRS89",51.895597,3.933201,3.933201,51.895597,"core","southern_and_central_north_sea"
10020,"haringvliet.ponton.2","Haringvliet, ponton, 2","kier","ETRS89",51.82,4.074,4.074,51.82,"core","southern_and_central_north_sea"
10594,"haringvliet.slijkplaat","Haringvliet, Slijkplaat","Haringvliet, Slijkplaat","ETRS89",51.800721,4.141818,4.141818,51.800721,"core","southern_and_central_north_sea"
2364,"haringvlietsluizen","Haringvlietsluizen","punt ligt binnen","ETRS89",51.82947,4.058326,4.058326,51.82947,"core","southern_and_central_north_sea"
18039,"haringvlietsluizen.1km.noordwest","Haringvlietsluizen, 1 km, noordwest","Haringvlietsluizen, 1 km, noordwest","ETRS89",51.850039,4.044162,4.044162,51.850039,"core","southern_and_central_north_sea"
152,"haringvlietsluizen.binnen","Haringvlietsluizen, binnen","Haringvlietsluizen, binnen","ETRS89",51.835994,4.054941,4.054941,51.835994,"core","southern_and_central_north_sea"
977,"haringvlietsluizen.binnen.noord","Haringvlietsluizen, binnen, noord","Haringvlietsluizen, binnen, noord","ETRS89",51.837574,4.059538,4.059538,51.837574,"outside_domain",
14274,"haringvlietsluizen.binnen.zuid","Haringvlietsluizen, binnen, zuid","Haringvlietsluizen, binnen, zuid","ETRS89",51.82576,4.04828,4.04828,51.82576,"core","southern_and_central_north_sea"
16829,"haringvlietsluizen.buiten","Haringvlietsluizen, buiten","Haringvlietsluizen, buiten","ETRS89",51.829227,4.04484,4.04484,51.829227,"core","southern_and_central_north_sea"
6630,"harlingen.harlingerstrand","Harlingen, Harlingerstrand","Harlingen, Harlingerstrand","ETRS89",53.166818,5.414661,5.414661,53.166818,"outside_domain",
3471,"harlingen.havenmond","Harlingen, havenmond","Harlingen, havenmond","ETRS89",53.176085,5.399172,5.399172,53.176085,"core","southern_and_central_north_sea"
2537,"harlingen.havenmond.west","Harlingen, havenmond, west","Harlingen, havenmond, west","ETRS89",53.176984,5.396929,5.396929,53.176984,"core","southern_and_central_north_sea"
10844,"harlingen.noorderhaven.oost","Harlingen, Noorderhaven, oost","Harlingen, Noorderhaven, oost","ETRS89",53.175811,5.419662,5.419662,53.175811,"outside_domain",
14820,"harlingen.noorderhaven.west","Harlingen, Noorderhaven, west","Harlingen, Noorderhaven, west","ETRS89",53.175633,5.416521,5.416521,53.175633,"outside_domain",
1234,"harlingentotkoehool.nld6090","Harlingen tot Koehool, NLD6090","Harlingen tot Koehool, NLD6090","ETRS89",53.27479,5.51102,5.51102,53.27479,"core","southern_and_central_north_sea"
15532,"harlingen.vaargeul","Harlingen, vaargeul","Harlingen, vaargeul","ETRS89",53.194492,5.328854,5.328854,53.194492,"core","southern_and_central_north_sea"
1321,"harlingen.voorhaven","Harlingen, voorhaven","Harlingen, voorhaven","ETRS89",53.174287,5.405902,5.405902,53.174287,"core","southern_and_central_north_sea"
3352,"harlingen.waddenzee","Harlingen, Waddenzee","Harlingen, Waddenzee","ETRS89",53.175634,5.409342,5.409342,53.175634,"outside_domain",
17442,"harlingen.waddenzee.meetpaal","Harlingen, Waddenzee, meetpaal","Harlingen, Waddenzee, meetpaal","ETRS89",53.181549,5.380611,5.380611,53.181549,"core","southern_and_central_north_sea"
4498,"hartelkanaal.kuwaitpetroleum","Hartelkanaal, Kuwait Petroleum","Hartelkanaal, Kuwait Petroleum","ETRS89",51.930255,4.163079,4.163079,51.930255,"outside_domain",
10975,"hartelkering.landzijde","Hartelkering, Landzijde","Hartelkering, Landzijde","ETRS89",51.866517,4.313064,4.313064,51.866517,"outside_domain",
18293,"hartelkering.zeezijde","Hartelkering, Zeezijde","Hartelkering, Zeezijde","ETRS89",51.867144,4.3012,4.3012,51.867144,"outside_domain",
7497,"hasselt","Hasselt","Hasselt","ETRS89",52.589725,6.086965,6.086965,52.589725,"outside_domain",
9730,"hasselt.zwartewater","Hasselt, Zwarte Water","voorheen Mond der Vecht","ETRS89",52.564026,6.101306,6.101306,52.564026,"outside_domain",
3216,"hato.kayatilburg","Hato Kaya Tilburg","Hato Kaya Tilburg","ETRS89",12.17712,-68.292651,-68.292651,12.17712,"outside_domain",
15132,"hato.marinakralendijk","Hato Marina Kralendijk","Hato Marina Kralendijk","ETRS89",12.167587,-68.28753,-68.28753,12.167587,"outside_domain",
10123,"havenlauwersoogtotpieterburen.nld6097","Haven Lauwersoog tot Pieterburen, NLD6097","Haven Lauwersoog tot Pieterburen, NLD6097","ETRS89",53.41922,6.31764,6.31764,53.41922,"core","southern_and_central_north_sea"
5720,"hedel","Hedel","Hedel","ETRS89",51.738778,5.267761,5.267761,51.738778,"outside_domain",
5683,"hedel.recreatieplas","Hedel, recreatieplas","Hedel, recreatieplas","ETRS89",51.738948,5.25835,5.25835,51.738948,"outside_domain",
12590,"heel.kanaal","Heel boven","km 67,34","ETRS89",51.1743,5.918,5.918,51.1743,"outside_domain",
767,"heel.lateraalkanaallinnebuggenum.innamewerk","Heel, Lateraal Kanaal Linne-Buggenum, innamewerk","Heel, Lateraal Kanaal Linne-Buggenum, innamewerk","ETRS89",51.187568,5.92716,5.92716,51.187568,"outside_domain",
9386,"heel.maas","Heel beneden","km 85,08","ETRS89",51.1765,5.9195,5.9195,51.1765,"outside_domain",
18611,"heerewaarden.kampeerterrein","Heerewaarden, kampeerterrein","recreatieplas","ETRS89",51.814071,5.395178,5.395178,51.814071,"outside_domain",
11030,"heerewaarden.ontzanding","Heerewaarden, ontzanding","recreatieplas","ETRS89",51.79924,5.37488,5.37488,51.79924,"outside_domain",
4063,"heerjansdam","Heerjansdam","Heerjansdam","ETRS89",51.8425,4.58361,4.58361,51.8425,"outside_domain",
6682,"heesbeen","Heesbeen","Heesbeen","ETRS89",51.735848,5.124738,5.124738,51.735848,"outside_domain",
4089,"heeswijksekampen","Heeswijkse Kampen","Heeswijkse Kampen","ETRS89",51.74776,5.849381,5.849381,51.74776,"outside_domain",
15588,"heinenoord","Heinenoord","kilometer 993.5","ETRS89",51.831949,4.455795,4.455795,51.831949,"outside_domain",
7721,"heinenoord.goidschalxoord","Heinenoord, Goidschalxoord","Heinenoord, Goidschalxoord","ETRS89",51.830298,4.451622,4.451622,51.830298,"outside_domain",
1257,"heinenoordtunnel.km990","Heinenoordtunnel, kilometer 990","Heinenoordtunnel, kilometer 990","ETRS89",51.833656,4.502189,4.502189,51.833656,"outside_domain",
468,"hellegat","Hellegat","Hellegat","ETRS89",51.697203,4.390006,4.390006,51.697203,"outside_domain",
17620,"hellegat.midden.2","Hellegat, midden, punt 02","Hellegat, midden, punt 02","ETRS89",51.678083,4.379539,4.379539,51.678083,"core","southern_and_central_north_sea"
7461,"hellegat.midden.noord","Hellegat, midden, noord","Hellegat, midden, noord","ETRS89",51.689453,4.389902,4.389902,51.689453,"core","southern_and_central_north_sea"
379,"hellegat.noord","Hellegat, noord","Hellegat, noord","ETRS89",51.688428,4.376199,4.376199,51.688428,"core","southern_and_central_north_sea"
18230,"hellevloetsluis.hellecat.badstrand","Hellevloetsluis, Hellecat, badstrand","Hellevloetsluis, Hellecat, badstrand","ETRS89",51.841339,4.07616,4.07616,51.841339,"outside_domain",
12491,"hellevoetsluis","Hellevoetsluis","Hellevoetsluis","ETRS89",51.819724,4.128239,4.128239,51.819724,"outside_domain",
17673,"hellevoetsluis.schenkeldijk.badstrand","Hellevoetsluis, Schenkeldijk, badstrand","Hellevoetsluis, Schenkeldijk, badstrand","ETRS89",51.829859,4.093135,4.093135,51.829859,"outside_domain",
11593,"hellevoetsluis.vuurtorengroot.badstrand","Hellevoetsluis, Vuurtoren Groot, badstrand","Hellevoetsluis, Vuurtoren Groot, badstrand","ETRS89",51.82151,4.124693,4.124693,51.82151,"outside_domain",
15438,"helmond.aflaat","Helmond RWZI aflaatwerk","Helmond RWZI aflaatwerk","ETRS89",51.499525,5.674439,5.674439,51.499525,"outside_domain",
6887,"helmond.aflaat.boven","Helmond, aflaat, boven","voorheen waterzuivering","ETRS89",51.499374,5.673257,5.673257,51.499374,"outside_domain",
7416,"helmond.devries","Helmond, De Vries","AA26","ETRS89",51.487541,5.652061,5.652061,51.487541,"outside_domain",
3388,"helmond.ehkgoorloop.pomp","Helmond, EHK-Goorloop, pomp","AA23B","ETRS89",51.456646,5.656389,5.656389,51.456646,"outside_domain",
94,"helmond.guldenaa","Helmond, Gulden Aa","Helmond, Gulden Aa","ETRS89",51.490731,5.6522,5.6522,51.490731,"outside_domain",
808,"helmond.guldenaa.a","Helmond, Gulden Aa, A","Helmond, Gulden Aa, A","ETRS89",51.490731,5.652203,5.652203,51.490731,"outside_domain",
7496,"helmond.guldenaa.b","Helmond, Gulden Aa, B","Helmond, Gulden Aa, B","ETRS89",51.490731,5.652206,5.652206,51.490731,"outside_domain",
15648,"helmond.scheepstal","Helmond stuw Scheepstal inlaat","Helmond stuw Scheepstal inlaat","ETRS89",51.498736,5.684486,5.684486,51.498736,"outside_domain",
30,"helmond.schotenseloop","Helmond, Schotense Loop","Helmond, Schotense Loop","ETRS89",51.448431,5.607669,5.607669,51.448431,"outside_domain",
1786,"helmond.sluis7","Helmond ZuidWillemsvaart Sluis 7","Helmond ZuidWillemsvaart Sluis 7","ETRS89",51.496306,5.652271,5.652271,51.496306,"outside_domain",
14290,"helmond.sluis9.inlaat","Helmond, Sluis 9, inlaat","Spuien","ETRS89",51.447633,5.684497,5.684497,51.447633,"outside_domain",
561,"helmond.sluis9.uitlaat","Helmond, Sluis 9, uitlaat","NettobalansUIT","ETRS89",51.447636,5.684497,5.684497,51.447636,"outside_domain",
5517,"helmond.sluis.aflaat1","Helmond, sluis, aflaat 1","voorheen Vossebeemd","ETRS89",51.46883,5.69194,5.69194,51.46883,"outside_domain",
12182,"helmond.sluis.boven","Helmond, sluis, boven","Helmond, sluis, boven","ETRS89",51.44851,5.693609,5.693609,51.44851,"outside_domain",
2831,"helmond.spaarpand","Helmond, spaarpand","Helmond, spaarpand","ETRS89",51.512634,5.661485,5.661485,51.512634,"outside_domain",
13813,"helmond.traverse.sluis7","Helmond, traverse, sluis 7","Helmond, traverse, sluis 7","ETRS89",51.496026,5.652168,5.652168,51.496026,"outside_domain",
5874,"helmond.treverse.sluis9","Helmond, treverse, sluis 9","Helmond, treverse, sluis 9","ETRS89",51.447782,5.426041,5.426041,51.447782,"outside_domain",
9448,"helmond.zuidwillemsvaart","Helmond, Zuid-Willemsvaart","De Vries","ETRS89",51.486981,5.652061,5.652061,51.486981,"outside_domain",
6894,"helmond.zuidwillemsvaart.inlaatnieuweaa","Helmond, Zuid-Willemsvaart, inlaat Nieuwe Aa","nettobalansuit","ETRS89",51.465297,5.693592,5.693592,51.465297,"outside_domain",
8908,"helmond.zuidwillemsvaart.inlaatnieuweaa.kleplinks","Helmond, Zuid-Willemsvaart, inlaat Nieuwe Aa, klep links","Helmond, Zuid-Willemsvaart, inlaat Nieuwe Aa, klep links","ETRS89",51.465303,5.693592,5.693592,51.465303,"outside_domain",
10999,"helmond.zuidwillemsvaart.inlaatnieuweaa.kleprechts","Helmond, Zuid-Willemsvaart, inlaat Nieuwe Aa, klep rechts","Helmond, Zuid-Willemsvaart, inlaat Nieuwe Aa, klep rechts","ETRS89",51.4653,5.693592,5.693592,51.4653,"outside_domain",
15159,"helmond.zuidwillemsvaart.inlaatnieuweaa.uitlaat","Helmond, Zuid-Willemsvaart, inlaat Nieuwe Aa, uitlaat","spuien","ETRS89",51.465308,5.693592,5.693592,51.465308,"outside_domain",
13653,"helmond.zuidwillemsvaart.instroomaa","Helmond, Zuid-Willemsvaart, instroom Aa","Helmond, Zuid-Willemsvaart, instroom Aa","ETRS89",51.499622,5.674581,5.674581,51.499622,"outside_domain",
13530,"helsdeur","Helsdeur","Helsdeur","ETRS89",52.96232,4.750229,4.750229,52.96232,"outside_domain",
13203,"hemelrijksewaard.dagstrand","Hemelrijkse Waard, dagstrand","Hemelrijkse Waard, dagstrand","ETRS89",51.799553,5.481898,5.481898,51.799553,"outside_domain",
5521,"hengelo.gemaal.pomp1","Hengelo, gemaal, pomp 1","zuid","ETRS89",52.245611,6.804081,6.804081,52.245611,"outside_domain",
11536,"hengelo.gemaal.pomp2","Hengelo, gemaal, pomp 2","midden","ETRS89",52.245647,6.804083,6.804083,52.245647,"outside_domain",
15247,"hengelo.gemaal.pomp3","Hengelo, gemaal, pomp 3","noord","ETRS89",52.245683,6.804098,6.804098,52.245683,"outside_domain",
13113,"hengelo.koppelleiding","Hengelo, Koppelleiding","Hengelo, Koppelleiding","ETRS89",52.246826,6.801732,6.801732,52.246826,"outside_domain",
2591,"hengelo.oelerbrug","Hengelo, Oelerbrug","km 42.6","ETRS89",52.25037,6.76734,6.76734,52.25037,"outside_domain",
9686,"hengelo.sluis.aflaat1.boven.deur1","Hengelo, sluis, aflaat 1, boven, deur 1","hefdeur","ETRS89",52.245959,6.805821,6.805821,52.245959,"outside_domain",
14850,"hengelo.sluis.beneden","Hengelo, sluis, beneden","Hengelo, sluis, beneden","ETRS89",52.2464,6.802,6.802,52.2464,"outside_domain",
8685,"hengelo.sluis.beneden.deur1","Hengelo, sluis, beneden, deur 1","roldeur, zuid","ETRS89",52.246146,6.803718,6.803718,52.246146,"outside_domain",
13149,"hengelo.sluis.beneden.deur2","Hengelo, sluis, beneden, deur 2","roldeur, noord","ETRS89",52.246236,6.803735,6.803735,52.246236,"outside_domain",
1838,"hengelo.sluis.boven","Hengelo, sluis, boven","Hengelo, sluis, boven","ETRS89",52.2459,6.8064,6.8064,52.2459,"outside_domain",
6264,"herenlaak","Maaseik Herenlaak","km 57,00","ETRS89",51.101167,5.81875,5.81875,51.101167,"outside_domain",
7893,"heringsplaat.noordoost","Heringsplaat, noordoost","Heringsplaat, noordoost","ETRS89",53.299895,7.157349,7.157349,53.299895,"core","southern_and_central_north_sea"
16798,"herkingen","Herkingen","Herkingen","ETRS89",51.690479,4.089169,4.089169,51.690479,"core","southern_and_central_north_sea"
7133,"herkingenbadstrand","Herkingen badstrand","Herkingen badstrand","ETRS89",51.707915,4.08071,4.08071,51.707915,"outside_domain",
6030,"herwijnen","Herwijnen","Herwijnen","ETRS89",51.826765,5.104771,5.104771,51.826765,"outside_domain",
3052,"heteren.heterschewaarden","Hetersche Waarden","Hetersche Waarden","ETRS89",51.96302,5.74784,5.74784,51.96302,"outside_domain",
7723,"hetwild.raai212","Het Wild, raai 212","recreatieplas","ETRS89",51.768226,5.352433,5.352433,51.768226,"outside_domain",
13036,"hetzwinduinlaanbadstrand","het Zwin Duinlaan badstrand","het Zwin Duinlaan badstrand","ETRS89",51.373156,3.370986,3.370986,51.373156,"outside_domain",
18755,"heusden","Heusden","Heusden","ETRS89",51.735688,5.133425,5.133425,51.735688,"outside_domain",
16287,"heusden.bernseveer","Heusden, Bernse Veer","Heusden, Bernse Veer","ETRS89",51.743865,5.163192,5.163192,51.743865,"outside_domain",
11099,"hierdensebeek.monding","Hierdensebeek, monding","Hierdensebeek, monding","ETRS89",52.376818,5.679345,5.679345,52.376818,"outside_domain",
1185,"hindeloopen","Hindeloopen","Hindeloopen","ETRS89",52.9703,5.345528,5.345528,52.9703,"core","southern_and_central_north_sea"
965,"hindeloopen.badpaviljoenhindeloopen","Hindeloopen, Badpaviljoen Hindeloopen","Hindeloopen, Badpaviljoen Hindeloopen","ETRS89",52.933444,5.403328,5.403328,52.933444,"outside_domain",
6481,"hindeloopen.parkeerplaats","Hindeloopen, parkeerplaats","Hindeloopen, parkeerplaats","ETRS89",52.942899,5.396132,5.396132,52.942899,"outside_domain",
16208,"hitsertsekade.badstrand","Hitsertse kade, badstrand","Hitsertse kade, badstrand","ETRS89",51.736514,4.368333,4.368333,51.736514,"outside_domain",
18762,"hoedekenskerke","Hoedekenskerke","Hoedekenskerke","ETRS89",51.418648,3.916187,3.916187,51.418648,"outside_domain",
17196,"hoedekenskerke.boei4","Hoedekenskerke, boei 4","Hoedekenskerke, boei 4","ETRS89",51.425087,3.920581,3.920581,51.425087,"outside_domain",
7088,"hoek.braakmanhaven.buiten","Hoek Braakmanhaven buiten","Hoek Braakmanhaven buiten","ETRS89",51.34889,3.73167,3.73167,51.34889,"core","southern_and_central_north_sea"
15832,"hoekvanbaarlandboei29","Hoek van Baarland boei 29","Hoek van Baarland boei 29","ETRS89",51.378961,3.91287,3.91287,51.378961,"core","southern_and_central_north_sea"
1319,"hoekvanholland","Hoek van Holland","rechter oever kilometer 1030.1","ETRS89",51.976899,4.119827,4.119827,51.976899,"outside_domain",
16081,"hoekvanholland.badstrand","Hoek van Holland, badstrand","meteo","ETRS89",51.986252,4.097826,4.097826,51.986252,"outside_domain",
8792,"hoekvanholland.benoordendenoorderdam","Hoek van Holland, benoorden de Noorderdam","Dk1","ETRS89",51.998359,4.078138,4.078138,51.998359,"core","southern_and_central_north_sea"
6022,"hoekvanholland.km1029","Hoek van Holland, kilometer 1029","Hoek van Holland, kilometer 1029","ETRS89",51.970536,4.134197,4.134197,51.970536,"core","southern_and_central_north_sea"
7471,"hoekvanholland.lagelicht","Hoek van Holland, lage licht","Hoek van Holland, lage licht","ETRS89",51.981393,4.081434,4.081434,51.981393,"core","southern_and_central_north_sea"
5937,"hoekvanholland.maeslantkering","Hoek van Holland Maeslantkering","Hoek van Holland Maeslantkering","ETRS89",51.953999,4.160046,4.160046,51.953999,"outside_domain",
12115,"hoekvanholland.maeslantkering.beneden","Hoek van Holland Maeslantkering beneden","Hoek van Holland Maeslantkering beneden","ETRS89",51.956868,4.159313,4.159313,51.956868,"outside_domain",
8248,"hoekvanholland.maeslantkering.beneden.noord","Hoek van Holland, Maeslantkering, Beneden, noord","zeezijde","ETRS89",51.958239,4.161443,4.161443,51.958239,"outside_domain",
9184,"hoekvanholland.maeslantkering.boven","Hoek van Holland Maeslantkering boven","Hoek van Holland Maeslantkering boven","ETRS89",51.952915,4.16815,4.16815,51.952915,"outside_domain",
18170,"hoekvanholland.midden","Hoek van Holland, midden","Hoek van Holland, midden","ETRS89",51.977917,4.109973,4.109973,51.977917,"core","southern_and_central_north_sea"
2943,"hoekvanholland.noordoever","Hoek van Holland, noordoever","Hoek van Holland, noordoever","ETRS89",51.976573,4.110448,4.110448,51.976573,"core","southern_and_central_north_sea"
10161,"hoekvanholland.splitsingsdam","Hoek van Holland, splitsingsdam","Hoek van Holland, splitsingsdam","ETRS89",51.972365,4.116127,4.116127,51.972365,"core","southern_and_central_north_sea"
13194,"hoekvanhollandtotmonster.paal112tot118.nld2019","Hoek van Holland tot Monster, paal 112 tot 118, NLD2019","Hoek van Holland tot Monster, paal 112 tot 118, NLD2019","ETRS89",52.01134,4.10166,4.10166,52.01134,"core","southern_and_central_north_sea"
6992,"hoekvanholland.zuidoever","Hoek van Holland, zuidoever","Hoek van Holland, zuidoever","ETRS89",51.97928,4.11139,4.11139,51.97928,"core","southern_and_central_north_sea"
1181,"hofland","Hofland","Hofland","ETRS89",52.343552,5.093712,5.093712,52.343552,"core","southern_and_central_north_sea"
15127,"hogeknarsluis.hogevaart","Hoge Knarsluis, Hoge Vaart","Hoge Knarsluis, Hoge Vaart","ETRS89",52.384265,5.537022,5.537022,52.384265,"outside_domain",
10050,"hollandschdiep.10","Hollandsch Diep, 10","Hollandsch Diep, 10","ETRS89",51.69024,4.530161,4.530161,51.69024,"core","southern_and_central_north_sea"
15852,"hollandschdiep.11","Hollandsch Diep, 11","Hollandsch Diep, 11","ETRS89",51.690173,4.515005,4.515005,51.690173,"core","southern_and_central_north_sea"
672,"hollandschdiep.12","Hollandsch Diep, 12","Hollandsch Diep, 12","ETRS89",51.692226,4.499923,4.499923,51.692226,"core","southern_and_central_north_sea"
16103,"hollandschdiep.13","Hollandsch Diep, 13","Hollandsch Diep, 13","ETRS89",51.691174,4.48457,4.48457,51.691174,"core","southern_and_central_north_sea"
17433,"hollandschdiep.14","Hollandsch Diep, 14","Hollandsch Diep, 14","ETRS89",51.69232,4.468926,4.468926,51.69232,"core","southern_and_central_north_sea"
5969,"hollandschdiep.15","Hollandsch Diep, 15","Hollandsch Diep, 15","ETRS89",51.69562,4.455436,4.455436,51.69562,"core","southern_and_central_north_sea"
16791,"hollandschdiep.16","Hollandsch Diep, 16","Hollandsch Diep, 16","ETRS89",51.698495,4.441736,4.441736,51.698495,"core","southern_and_central_north_sea"
8168,"hollandschdiep.17","Hollandsch Diep, 17","Hollandsch Diep, 17","ETRS89",51.702271,4.428564,4.428564,51.702271,"core","southern_and_central_north_sea"
1633,"hollandschdiep.18","Hollandsch Diep, 18","Hollandsch Diep, 18","ETRS89",51.71436,4.42074,4.42074,51.71436,"core","southern_and_central_north_sea"
15398,"hollandschdiep.19","Hollandsch Diep, 19","Hollandsch Diep, 19","ETRS89",51.717564,4.40714,4.40714,51.717564,"core","southern_and_central_north_sea"
12647,"hollandschdiep.1.holldp01","Hollandsch Diep, 01, HOLLDP01","Hollandsch Diep, 01, HOLLDP01","ETRS89",51.697459,4.496537,4.496537,51.697459,"core","southern_and_central_north_sea"
16281,"hollandschdiep.1.holldp1","Hollandsch Diep, 1, HOLLDP1","Hollandsch Diep, 1, HOLLDP1","ETRS89",51.720847,4.641801,4.641801,51.720847,"outside_domain",
14128,"hollandschdiep.2.holldp02","Hollandsch Diep, 02, HOLLDP02","Hollandsch Diep, 02, HOLLDP02","ETRS89",51.693486,4.496572,4.496572,51.693486,"core","southern_and_central_north_sea"
4722,"hollandschdiep.2.holldp2","Hollandsch Diep, 2, HOLLDP2","Hollandsch Diep, 2, HOLLDP2","ETRS89",51.721359,4.637566,4.637566,51.721359,"core","southern_and_central_north_sea"
11499,"hollandschdiep.3","Hollandsch Diep, 3","Hollandsch Diep, 3","ETRS89",51.717975,4.621631,4.621631,51.717975,"core","southern_and_central_north_sea"
2136,"hollandschdiep.4","Hollandsch Diep, 4","Hollandsch Diep, 4","ETRS89",51.707558,4.613619,4.613619,51.707558,"core","southern_and_central_north_sea"
17323,"hollandschdiep.5","Hollandsch Diep, 5","Hollandsch Diep, 5","ETRS89",51.700468,4.603078,4.603078,51.700468,"core","southern_and_central_north_sea"
966,"hollandschdiep.6","Hollandsch Diep, 6","Hollandsch Diep, 6","ETRS89",51.695748,4.588421,4.588421,51.695748,"core","southern_and_central_north_sea"
4770,"hollandschdiep.7","Hollandsch Diep, 7","Hollandsch Diep, 7","ETRS89",51.69396,4.574148,4.574148,51.69396,"core","southern_and_central_north_sea"
5927,"hollandschdiep.8","Hollandsch Diep, 8","Hollandsch Diep, 8","ETRS89",51.692252,4.559932,4.559932,51.692252,"core","southern_and_central_north_sea"
13914,"hollandschdiep.9","Hollandsch Diep, 9","Hollandsch Diep, 9","ETRS89",51.691022,4.545043,4.545043,51.691022,"core","southern_and_central_north_sea"
15004,"hollandschdiep.midden","Hollandsch Diep, midden","Hollandsch Diep, midden","ETRS89",51.69964,4.564874,4.564874,51.69964,"core","southern_and_central_north_sea"
10893,"hollandschdiep.monddordtschekil.west","Hollandsch Diep, mond Dordtsche Kil, west","Hollandsch Diep, mond Dordtsche Kil, west","ETRS89",51.711725,4.606226,4.606226,51.711725,"core","southern_and_central_north_sea"
7307,"hollandschdiep.oost.1","Hollandsch Diep, oost, punt 1","Hollandsch Diep, oost, punt 1","ETRS89",51.713872,4.619617,4.619617,51.713872,"core","southern_and_central_north_sea"
7834,"hollandscheijssel.0","Hollandsche IJssel, 0","Hollandsche IJssel, 0","ETRS89",52.008971,4.726533,4.726533,52.008971,"outside_domain",
14033,"hollandscheijssel.1","Hollandsche IJssel, 1","Hollandsche IJssel, 1","ETRS89",52.006863,4.717782,4.717782,52.006863,"outside_domain",
74,"hollandscheijssel.10","Hollandsche IJssel, 10","Hollandsche IJssel, 10","ETRS89",51.960758,4.641021,4.641021,51.960758,"outside_domain",
287,"hollandscheijssel.11","Hollandsche IJssel, 11","Hollandsche IJssel, 11","ETRS89",51.952959,4.644308,4.644308,51.952959,"outside_domain",
8216,"hollandscheijssel.13","Hollandsche IJssel, 13","Hollandsche IJssel, 13","ETRS89",51.936977,4.634363,4.634363,51.936977,"outside_domain",
1907,"hollandscheijssel.14","Hollandsche IJssel, 14","Hollandsche IJssel, 14","ETRS89",51.934631,4.620501,4.620501,51.934631,"outside_domain",
18393,"hollandscheijssel.15","Hollandsche IJssel, 15","Hollandsche IJssel, 15","ETRS89",51.926475,4.614403,4.614403,51.926475,"outside_domain",
1524,"hollandscheijssel.16","Hollandsche IJssel, 16","Hollandsche IJssel, 16","ETRS89",51.926655,4.600966,4.600966,51.926655,"outside_domain",
4640,"hollandscheijssel.17","Hollandsche IJssel, 17","Hollandsche IJssel, 17","ETRS89",51.921952,4.58859,4.58859,51.921952,"outside_domain",
18008,"hollandscheijssel.18","Hollandsche IJssel, 18","Hollandsche IJssel, 18","ETRS89",51.916286,4.579025,4.579025,51.916286,"outside_domain",
4934,"hollandscheijssel.19","Hollandsche IJssel, 19","Hollandsche IJssel, 19","ETRS89",51.910282,4.568625,4.568625,51.910282,"outside_domain",
13819,"hollandscheijssel.19p7","Hollandsche IJssel, 19.7","Hollandsche IJssel, 19.7","ETRS89",51.908232,4.559579,4.559579,51.908232,"outside_domain",
278,"hollandscheijssel.2","Hollandsche IJssel, 2","Hollandsche IJssel, 2","ETRS89",52.001768,4.707096,4.707096,52.001768,"outside_domain",
3006,"hollandscheijssel.7","Hollandsche IJssel, 7","Hollandsche IJssel, 7","ETRS89",51.97581,4.654714,4.654714,51.97581,"outside_domain",
12806,"hollandscheijssel.8","Hollandsche IJssel, 8","Hollandsche IJssel, 8","ETRS89",51.971895,4.642422,4.642422,51.971895,"outside_domain",
12653,"hollandscheijssel.9","Hollandsche IJssel, 9","Hollandsche IJssel, 9","ETRS89",51.967482,4.631218,4.631218,51.967482,"outside_domain",
10336,"hollandsdiep.noordwest1","Hollands Diep, noordwest 01","Hollands Diep, noordwest 01","ETRS89",51.715529,4.415418,4.415418,51.715529,"core","southern_and_central_north_sea"
12145,"hollandsdiep.noordwest2","Hollands Diep, noordwest 02","Hollands Diep, noordwest 02","ETRS89",51.710133,4.413957,4.413957,51.710133,"core","southern_and_central_north_sea"
13805,"hollandsebrug.oudelandzijde","Hollandsebrug, oude landzijde","Hollandsebrug, oude landzijde","ETRS89",52.324331,5.138578,5.138578,52.324331,"core","southern_and_central_north_sea"
8156,"hollandseijssel.km12.ntb","Hollandse IJssel, km 12, ntb","Hollandse IJssel, km 12, ntb","ETRS89",51.944901,4.636616,4.636616,51.944901,"outside_domain",
4066,"hollandsekust.noord.alpha","Hollandse Kust Noord Alpha","Hollandse Kust Noord Alpha","ETRS89",52.69777,4.2935,4.2935,52.69777,"core","southern_and_central_north_sea"
14367,"hollandsekust.noord.deelgebied","Hollandse kust, noord , deelgebied","Hollandse kust, noord , deelgebied","ETRS89",52.754793,4.602027,4.602027,52.754793,"core","southern_and_central_north_sea"
3946,"hollandsekust.noord.windparknoord","Hollandse Kust, Noord Windpark Noord","Hollandse Kust, Noord Windpark Noord","ETRS89",52.783,4.285,4.285,52.783,"core","southern_and_central_north_sea"
8,"hollandsekust.noord.windparkzuid","Hollandse Kust, Noord Windpark Zuid","Hollandse Kust, Noord Windpark Zuid","ETRS89",52.7,4.325,4.325,52.7,"core","southern_and_central_north_sea"
17696,"hollandsekust.west.alpha","Hollandse Kust West Alpha","Hollandse Kust West Alpha","ETRS89",52.67977,3.8046,3.8046,52.67977,"core","southern_and_central_north_sea"
13815,"hollandsekustzone.midden","Hollandse kustzone, midden","Hollandse kustzone, midden","ETRS89",52.490858,4.416944,4.416944,52.490858,"core","southern_and_central_north_sea"
17996,"hollandsekustzone.noord","Hollandse kustzone, noord","Hollandse kustzone, noord","ETRS89",52.801489,4.520678,4.520678,52.801489,"core","southern_and_central_north_sea"
4265,"hollandsekustzone.zuid","Hollandse kustzone, zuid","Hollandse kustzone, zuid","ETRS89",52.208319,4.202444,4.202444,52.208319,"core","southern_and_central_north_sea"
3634,"hollandsekust.zuid.alpha","Hollandse Kust Zuid platform Alpha","Hollandse Kust Zuid platform Alpha","ETRS89",52.232547,4.19569,4.19569,52.232547,"core","southern_and_central_north_sea"
11628,"hollandsekust.zuid.alpha.1","Hollandse Kust Zuid platform Alpha 1","Hollandse Kust Zuid platform Alpha 1","ETRS89",52.232547,4.19569,4.19569,52.232547,"core","southern_and_central_north_sea"
12958,"hollandsekust.zuid.alpha.2","Hollandse Kust Zuid platform Alpha 2","Hollandse Kust Zuid platform Alpha 2","ETRS89",52.232547,4.19569,4.19569,52.232547,"core","southern_and_central_north_sea"
10774,"hollandsekust.zuid.deelgebied","Hollandse kust, zuid , deelgebied","Hollandse kust, zuid , deelgebied","ETRS89",52.213662,4.377592,4.377592,52.213662,"core","southern_and_central_north_sea"
8152,"hollandsekust.zuid.windparknoord","Hollandse Kust, Zuid Windpark Noord","Hollandse Kust, Zuid Windpark Noord","ETRS89",52.393,4.056,4.056,52.393,"core","southern_and_central_north_sea"
4251,"hollandsekust.zuid.windparkzuid","Hollandse Kust, Zuid Windpark Zuid","Hollandse Kust, Zuid Windpark Zuid","ETRS89",52.244,4.0849,4.0849,52.244,"core","southern_and_central_north_sea"
16769,"hollum.badstrand","Hollum, badstrand","Hollum, badstrand","ETRS89",53.44996,5.612977,5.612977,53.44996,"outside_domain",
3971,"hollum.strand","Hollum strand","Meetraai 49.000","ETRS89",53.438517,5.62002,5.62002,53.438517,"outside_domain",
3080,"holtenbroek","Holtenbroek","Holtenbroek","ETRS89",52.528386,6.071448,6.071448,52.528386,"outside_domain",
17046,"holter.zwartewater","Holter, Zwarte Water","alias Buitenland","ETRS89",52.575409,6.103467,6.103467,52.575409,"outside_domain",
6174,"holtheme.vecht","Holtheme Vecht","vh De Haandrik","ETRS89",52.620833,6.698485,6.698485,52.620833,"outside_domain",
12995,"holwerderbalg","Holwerderbalg","Holwerderbalg","ETRS89",53.446078,5.959861,5.959861,53.446078,"core","southern_and_central_north_sea"
16538,"holwerdtotwierum.veerdam.nld6094","Holwerd tot Wierum, veerdam , NLD6094","Holwerd tot Wierum, veerdam , NLD6094","ETRS89",53.4064,5.92567,5.92567,53.4064,"core","southern_and_central_north_sea"
194,"holwerd.vaargeul","Holwerd vaargeul","Holwerd vaargeul","ETRS89",53.39828062,5.882389099,5.882389099,53.39828062,"core","southern_and_central_north_sea"
13288,"holwerd.veersteiger","Holwerd, Veersteiger","zie kaart HAVKT.ZIP in DONAR","ETRS89",53.395656,5.878059,5.878059,53.395656,"outside_domain",
10285,"hond.noord","Hond, noord","Hond, noord","ETRS89",53.406346,6.921021,6.921021,53.406346,"core","southern_and_central_north_sea"
17284,"hondsbosschezeewering.paal20tot26.nld3034","Hondsbossche Zeewering, paal 20 tot 26, NLD3034","Hondsbossche Zeewering, paal 20 tot 26, NLD3034","ETRS89",52.80942,4.65389,4.65389,52.80942,"core","southern_and_central_north_sea"
17718,"hondweg","Hondweg","Zwolse Tocht","ETRS89",52.525239,5.786523,5.786523,52.525239,"outside_domain",
8172,"honswijkerplas","Honswijkerplas","Honswijkerplas","ETRS89",51.992055,5.146929,5.146929,51.992055,"outside_domain",
2469,"honte","Honte","Honte","ETRS89",51.416104,3.701614,3.701614,51.416104,"core","southern_and_central_north_sea"
9223,"honte.kaloot","Honte, Kaloot","Honte, Kaloot","ETRS89",51.42747,3.708643,3.708643,51.42747,"core","southern_and_central_north_sea"
10903,"hoofdplaat","Hoofdplaat","Hoofdplaat","ETRS89",51.374859,3.672253,3.672253,51.374859,"core","southern_and_central_north_sea"
8876,"hooft","Hooft","Hooft","ETRS89",52.339948,5.120207,5.120207,52.339948,"core","southern_and_central_north_sea"
2690,"hooft.2","Hooft, punt 02","Hooft, punt 02","ETRS89",52.348962,5.101015,5.101015,52.348962,"core","southern_and_central_north_sea"
16526,"hoogeplaten","Hooge Platen","Hooge Platen","ETRS89",51.395958,3.634094,3.634094,51.395958,"core","southern_and_central_north_sea"
11165,"hoogvliet","Hoogvliet","kilometer 1005.5","ETRS89",51.879571,4.326418,4.326418,51.879571,"outside_domain",
17524,"hoogvliet.km1001.lo","Hoogvliet, km 1001, lo","Hoogvliet, km 1001, lo","ETRS89",51.846852,4.356796,4.356796,51.846852,"outside_domain",
8764,"hoogzand.west","Hoogzand, west","Hoogzand, west","ETRS89",53.306724,7.185298,7.185298,53.306724,"core","southern_and_central_north_sea"
2225,"hoorn","Hoorn","Hoorn","ETRS89",52.638646,5.073576,5.073576,52.638646,"outside_domain",
532,"hoornderslag.badstrand","Hoornderslag, badstrand","Hoornderslag, badstrand","ETRS89",53.016454,4.707713,4.707713,53.016454,"outside_domain",
16248,"hoorn.hoornschehop.meetpaal43","Hoorn, Hoornsche Hop, meetpaal 43","Hoorn, Hoornsche Hop, meetpaal 43","ETRS89",52.613174,5.062669,5.062669,52.613174,"core","southern_and_central_north_sea"
19151,"hoorn.noord","Hoorn-Noord","Hoorn-Noord","ETRS89",52.6402,5.0469,5.0469,52.6402,"core","southern_and_central_north_sea"
8159,"hoornschegat","Hoornsche gat","Hoornsche gat","ETRS89",51.802444,4.168885,4.168885,51.802444,"core","southern_and_central_north_sea"
12756,"hoornschehop","Hoornsche Hop","Hoornsche Hop","ETRS89",52.613093,5.062389,5.062389,52.613093,"core","southern_and_central_north_sea"
17142,"hoornschehop.317","Hoornsche Hop, meetpunt 317","Hoornsche Hop, meetpunt 317","ETRS89",52.604183,5.091978,5.091978,52.604183,"core","southern_and_central_north_sea"
5455,"hoorn.zuid","Hoorn zuid","Hoorn zuid","ETRS89",52.63694,5.04146,5.04146,52.63694,"core","southern_and_central_north_sea"
13339,"horn","Horn","Horn","ETRS89",52.29714,5.079653,5.079653,52.29714,"outside_domain",
12173,"horsborngat","Horsborngat","Horsborngat","ETRS89",53.56529,6.613264,6.613264,53.56529,"core","southern_and_central_north_sea"
12036,"horsbornzand","Horsbornzand","Horsbornzand","ETRS89",53.523852,6.662351,6.662351,53.523852,"core","southern_and_central_north_sea"
14222,"horst.strandhorst","Horst, strand Horst","Horst, strand Horst","ETRS89",52.3091,5.558089,5.558089,52.3091,"outside_domain",
18599,"houten.oostzijdekm44ro","Houten, oostzijde km 44 ro","Houten, oostzijde km 44 ro","ETRS89",52.035456,5.140021,5.140021,52.035456,"outside_domain",
12706,"houtrib","Houtrib","Houtrib","ETRS89",52.626937,5.524557,5.524557,52.626937,"core","southern_and_central_north_sea"
7527,"houtribdijk.commissarislicht","Houtribdijk, Commissarislicht","Houtribdijk, Commissarislicht","ETRS89",52.566328,5.465668,5.465668,52.566328,"core","southern_and_central_north_sea"
14789,"houtribdijk.ijsselmeer","Houtribdijk, IJsselmeer","Houtribdijk, IJsselmeer","ETRS89",52.608956,5.486766,5.486766,52.608956,"core","southern_and_central_north_sea"
8744,"huibertgat","Huibertgat","Huibertgat","ETRS89",53.57375,6.398433,6.398433,53.57375,"core","southern_and_central_north_sea"
9407,"huibertgat.noordoost","Huibertgat, noordoost","Huibertgat, noordoost","ETRS89",53.562111,6.679353,6.679353,53.562111,"core","southern_and_central_north_sea"
3377,"huibertgat.oost","Huibertgat, oost","Huibertgat, oost","ETRS89",53.559133,6.661199,6.661199,53.559133,"core","southern_and_central_north_sea"
5043,"huisduinen","Huisduinen","Huisduinen","ETRS89",52.936599,4.713866,4.713866,52.936599,"core","southern_and_central_north_sea"
17455,"huissen.nederrijn","Huissen, Nederrijn","Huissen, Nederrijn","ETRS89",51.933324,5.962108,5.962108,51.933324,"outside_domain",
8304,"huizen","Huizen","Huizen","ETRS89",52.316484,5.282902,5.282902,52.316484,"outside_domain",
15969,"huizen.2","Huizen, punt 02","Huizen, punt 02","ETRS89",52.316843,5.225881,5.225881,52.316843,"core","southern_and_central_north_sea"
11623,"huizen.dedodehond","Huizen, De Dode Hond","Huizen, De Dode Hond","ETRS89",52.29976,5.308186,5.308186,52.29976,"outside_domain",
9651,"huizen.dedodehond.noord","Huizen, De Dode Hond, noord","Huizen, De Dode Hond, noord","ETRS89",52.295361,5.316549,5.316549,52.295361,"outside_domain",
5958,"huizen.harderwijkerzand","Huizen, Harderwijkerzand","Huizen, Harderwijkerzand","ETRS89",52.30211,5.279813,5.279813,52.30211,"outside_domain",
13779,"huizen.strandzomerkade","Huizen, strand Zomerkade","Huizen, strand Zomerkade","ETRS89",52.306448,5.258616,5.258616,52.306448,"outside_domain",
8113,"huizen.zuiveringsinstallatie","Huizen, zuiveringsinstallatie","Huizen, zuiveringsinstallatie","ETRS89",52.312355,5.244169,5.244169,52.312355,"outside_domain",
9534,"hulhuizen","Hulhuizen","Hulhuizen","ETRS89",51.883181,6.005646,6.005646,51.883181,"outside_domain",
1073,"hulshorst.badhoophuizen","Hulshorst, Bad Hoophuizen","Hulshorst, Bad Hoophuizen","ETRS89",52.384756,5.706468,5.706468,52.384756,"outside_domain",
5088,"hurwenen","Hurwenen","raai 929, recreatieplas","ETRS89",51.814495,5.308891,5.308891,51.814495,"outside_domain",
9979,"ijburg.strand","IJburg, strand","IJburg, strand","ETRS89",52.355846,5.014379,5.014379,52.355846,"core","southern_and_central_north_sea"
16096,"ijburg.strand2015","IJburg, strand 2015","IJburg, strand 2015","ETRS89",52.353588,5.018568,5.018568,52.353588,"core","southern_and_central_north_sea"
1297,"ijburg.strandamsterdam","IJburg, strand Amsterdam","IJburg, strand Amsterdam","ETRS89",52.348842,5.015613,5.015613,52.348842,"core","southern_and_central_north_sea"
5983,"ijgeul","IJgeul","IJgeul","ETRS89",52.462272,4.482472,4.482472,52.462272,"core","southern_and_central_north_sea"
18560,"ijgeul.1","IJGeul, 1","voorheen IJmuiden stroommeetpaal","ETRS89",52.463943,4.517596,4.517596,52.463943,"core","southern_and_central_north_sea"
7368,"ijgeul.2","IJgeul, 2","voorheen IJmuiden 05","ETRS89",52.492281,4.266748,4.266748,52.492281,"core","southern_and_central_north_sea"
16249,"ijgeul.2.boei","IJgeul, 2, boei","IJgeul, 2, boei","ETRS89",52.5,3.95,3.95,52.5,"core","southern_and_central_north_sea"
15016,"ijgeul.3","IJgeul, 3","voorheen IJgeul 1 boei","ETRS89",52.49,4.3,4.3,52.49,"core","southern_and_central_north_sea"
1246,"ijmeer","IJmeer","IJmeer","ETRS89",52.370514,5.093534,5.093534,52.370514,"core","southern_and_central_north_sea"
10329,"ijmuiden","IJmuiden","IJmuiden","ETRS89",52.539507,4.425641,4.425641,52.539507,"core","southern_and_central_north_sea"
6680,"ijmuiden.1kmuitdekust","IJmuiden, 1 km uit de kust","IJmuiden, 1 km uit de kust","ETRS89",52.465894,4.5387,4.5387,52.465894,"core","southern_and_central_north_sea"
10315,"ijmuiden.20kmuitdekust","IJmuiden, 20 km uit de kust","IJmuiden, 20 km uit de kust","ETRS89",52.559951,4.291509,4.291509,52.559951,"core","southern_and_central_north_sea"
6132,"ijmuiden.3kmuitdekust","IJmuiden, 3 km uit de kust","IJmuiden, 3 km uit de kust","ETRS89",52.487134,4.505329,4.505329,52.487134,"core","southern_and_central_north_sea"
8202,"ijmuiden.5a","IJmuiden, 05 A","IJmuiden, 05 A","ETRS89",52.547284,4.418695,4.418695,52.547284,"core","southern_and_central_north_sea"
18709,"ijmuiden.binnentoeleidingskanaal","IJmuiden, binnen toeleidingskanaal","kilometer 2","ETRS89",52.466014,4.622005,4.622005,52.466014,"outside_domain",
13729,"ijmuiden.buitenhaven","IJmuiden, buitenhaven","IJmuiden, buitenhaven","ETRS89",52.463,4.555,4.555,52.463,"core","southern_and_central_north_sea"
6441,"ijmuiden.buitenhaven.1","IJmuiden, Buitenhaven, 1","IJmuiden, Buitenhaven, 1","ETRS89",52.464196,4.585028,4.585028,52.464196,"core","southern_and_central_north_sea"
1382,"ijmuiden.buitenhaven.2","IJmuiden, Buitenhaven, 2","IJmuiden, Buitenhaven, 2","ETRS89",52.462953,4.581931,4.581931,52.462953,"core","southern_and_central_north_sea"
3027,"ijmuiden.buitenhaven.3","IJmuiden, Buitenhaven, 3","IJmuiden, Buitenhaven, 3","ETRS89",52.469077,4.579788,4.579788,52.469077,"core","southern_and_central_north_sea"
5786,"ijmuiden.buitenhaven.4","IJmuiden, Buitenhaven, 4","IJmuiden, Buitenhaven, 4","ETRS89",52.472108,4.59345,4.59345,52.472108,"core","southern_and_central_north_sea"
18702,"ijmuiden.buitenhaven.5","IJmuiden, Buitenhaven, 5","IJmuiden, Buitenhaven, 5","ETRS89",52.4639,4.582355,4.582355,52.4639,"core","southern_and_central_north_sea"
15555,"ijmuiden.buitenhaven.6","IJmuiden, Buitenhaven, 6","IJmuiden, Buitenhaven, 6","ETRS89",52.465802,4.53807,4.53807,52.465802,"core","southern_and_central_north_sea"
9664,"ijmuiden.buitenhaven.7","IJmuiden, Buitenhaven, 7","IJmuiden, Buitenhaven, 7","ETRS89",52.460173,4.5684,4.5684,52.460173,"core","southern_and_central_north_sea"
4473,"ijmuiden.buitenhaven.8","IJmuiden, Buitenhaven, 8","IJmuiden, Buitenhaven, 8","ETRS89",52.468285,4.580848,4.580848,52.468285,"core","southern_and_central_north_sea"
14348,"ijmuiden.erosiegeul","IJmuiden, erosiegeul","IJmuiden, erosiegeul","ETRS89",52.46291,4.523469,4.523469,52.46291,"core","southern_and_central_north_sea"
792,"ijmuiden.havenhoofd.zuid","IJmuiden, havenhoofd, zuid","IJmuiden, havenhoofd, zuid","ETRS89",52.463693,4.532283,4.532283,52.463693,"core","southern_and_central_north_sea"
169,"ijmuiden.kleinestrand","IJmuiden, Kleine Strand","IJmuiden, Kleine Strand","ETRS89",52.461121,4.563748,4.563748,52.461121,"core","southern_and_central_north_sea"
8664,"ijmuiden.munitiestort.1","IJmuiden, munitiestort, 1","IJmuiden, munitiestort, 1","ETRS89",52.549225,4.057019,4.057019,52.549225,"core","southern_and_central_north_sea"
527,"ijmuiden.munitiestort.2","IJmuiden Munitiestort 2","IJmuiden Munitiestort 2","ETRS89",52.568244,4.0782,4.0782,52.568244,"core","southern_and_central_north_sea"
5945,"ijmuiden.munitiestort.3","IJmuiden Munitiestort 3","IJmuiden Munitiestort 3","ETRS89",52.558334,4.058331,4.058331,52.558334,"core","southern_and_central_north_sea"
4843,"ijmuiden.noordersluis.oost","IJmuiden, noordersluis, oost","IJmuiden, noordersluis, oost","ETRS89",52.4672,4.614,4.614,52.4672,"outside_domain",
7196,"ijmuiden.noordersluis.west","IJmuiden, noordersluis, west","IJmuiden, noordersluis, west","ETRS89",52.4678,4.604,4.604,52.4678,"outside_domain",
14848,"ijmuiden.semafoor","IJmuiden, semafoor","IJmuiden, semafoor","ETRS89",52.462461,4.574391,4.574391,52.462461,"outside_domain",
9075,"ijmuiden.semafoor.badstrand","IJmuiden, semafoor, badstrand","IJmuiden, semafoor, badstrand","ETRS89",52.460331,4.570369,4.570369,52.460331,"outside_domain",
18629,"ijmuiden.stroommeetpaal.backup","IJmuiden, stroommeetpaal, BACKUP","IJmuiden, stroommeetpaal, BACKUP","ETRS89",52.464034,4.517741,4.517741,52.464034,"core","southern_and_central_north_sea"
8250,"ijmuiden.t1","IJmuiden, T1","Noordzeekanaal tijdelijk voor IJmuiden1","ETRS89",52.464155,4.626452,4.626452,52.464155,"outside_domain",
8232,"ijmuiden.wijkaanzee.paal52-55","IJmuiden Wijk aan Zee paal 52-55","IJmuiden Wijk aan Zee paal 52-55","ETRS89",52.48603,4.56042,4.56042,52.48603,"core","southern_and_central_north_sea"
14581,"ijssel.km878p3.rechteroever.a","IJssel, km 878.3, rechter oever, punt A","IJssel, km 878.3, rechter oever, punt A","ETRS89",51.951037,5.957152,5.957152,51.951037,"outside_domain",
1723,"ijssel.km878p3.rechteroever.b","IJssel, km 878.3, rechter oever, punt B","IJssel, km 878.3, rechter oever, punt B","ETRS89",51.951466,5.957681,5.957681,51.951466,"outside_domain",
6371,"ijssel.km878p3.rechteroever.c","IJssel, km 878.3, rechter oever, punt C","IJssel, km 878.3, rechter oever, punt C","ETRS89",51.951716,5.958004,5.958004,51.951716,"outside_domain",
7522,"ijssel.km878p8.rechteroever.a","IJssel, km 878.8, rechter oever, punt A","IJssel, km 878.8, rechter oever, punt A","ETRS89",51.953387,5.952556,5.952556,51.953387,"outside_domain",
1121,"ijssel.km878p8.rechteroever.b","IJssel, km 878.8, rechter oever, punt B","IJssel, km 878.8, rechter oever, punt B","ETRS89",51.953624,5.95381,5.95381,51.953624,"outside_domain",
6920,"ijssel.km878p8.rechteroever.c","IJssel, km 878.8, rechter oever, punt C","IJssel, km 878.8, rechter oever, punt C","ETRS89",51.95379,5.954743,5.954743,51.95379,"outside_domain",
3637,"ijssel.km879p0.linkeroever","IJssel, km 879.0, linker oever","IJssel, km 879.0, linker oever","ETRS89",51.95468,5.949291,5.949291,51.95468,"outside_domain",
8563,"ijssel.km879p0.rechteroever","IJssel, km 879.0, rechter oever","IJssel, km 879.0, rechter oever","ETRS89",51.954831,5.950629,5.950629,51.954831,"outside_domain",
2962,"ijssel.km879p5.rechteroever","IJssel, km 879.5, rechter oever","IJssel, km 879.5, rechter oever","ETRS89",51.959576,5.950346,5.950346,51.959576,"outside_domain",
9405,"ijssel.km879p6.rechteroever.b","IJssel, km 879.6, rechter oever, punt B","IJssel, km 879.6, rechter oever, punt B","ETRS89",51.959791,5.953538,5.953538,51.959791,"outside_domain",
4658,"ijssel.km879p6.rechteroever.c","IJssel, km 879.6, rechter oever, punt C","IJssel, km 879.6, rechter oever, punt C","ETRS89",51.959643,5.954468,5.954468,51.959643,"outside_domain",
3913,"ijssel.km880p0.linkeroever","IJssel, km 880.0, linker oever","IJssel, km 880.0, linker oever","ETRS89",51.963671,5.951021,5.951021,51.963671,"outside_domain",
8457,"ijssel.km880p0.rechteroever","IJssel, km 880.0, rechter oever","IJssel, km 880.0, rechter oever","ETRS89",51.963244,5.952234,5.952234,51.963244,"outside_domain",
4443,"ijssel.km880p1.rechteroever.a","IJssel, km 880.1, rechter oever, punt A","IJssel, km 880.1, rechter oever, punt A","ETRS89",51.964384,5.95543,5.95543,51.964384,"outside_domain",
12178,"ijssel.km880p1.rechteroever.c","IJssel, km 880.1, rechter oever, punt C","IJssel, km 880.1, rechter oever, punt C","ETRS89",51.963566,5.957282,5.957282,51.963566,"outside_domain",
9742,"ijssel.km880p2.linkeroever","IJssel, km 880.2, linker oever","IJssel, km 880.2, linker oever","ETRS89",51.965465,5.952719,5.952719,51.965465,"outside_domain",
13476,"ijssel.km881p2.rechteroever","IJssel, km 881.2, rechter oever","IJssel, km 881.2, rechter oever","ETRS89",51.970121,5.962313,5.962313,51.970121,"outside_domain",
15461,"ijssel.km884p1.rechteroever","IJssel, km 884.1, rechter oever","IJssel, km 884.1, rechter oever","ETRS89",51.98051,6.002844,6.002844,51.98051,"outside_domain",
5203,"ijssel.km912p0.linkeroever","IJssel, km 912.0, linker oever","IJssel, km 912.0, linker oever","ETRS89",52.051365,6.121326,6.121326,52.051365,"outside_domain",
18677,"ijssel.km935p1.linkeroever","IJssel, km 935.1, linker oever","IJssel, km 935.1, linker oever","ETRS89",52.189923,6.157782,6.157782,52.189923,"outside_domain",
11522,"ijssel.km939p9.rechteroever","IJssel, km 939.9, rechter oever","IJssel, km 939.9, rechter oever","ETRS89",52.217765,6.187748,6.187748,52.217765,"outside_domain",
10282,"ijssel.km949p9.linkeroever","IJssel, km 949.9, linker oever","IJssel, km 949.9, linker oever","ETRS89",52.285151,6.110531,6.110531,52.285151,"outside_domain",
8190,"ijssel.km961p0.linkeroever","IJssel, km 961.0, linker oever","IJssel, km 961.0, linker oever","ETRS89",52.3694,6.076813,6.076813,52.3694,"outside_domain",
12494,"ijssel.km970p0.linkeroever","IJssel, km 970.0, linker oever","IJssel, km 970.0, linker oever","ETRS89",52.428058,6.124221,6.124221,52.428058,"outside_domain",
10605,"ijssel.km975p0.linkeroever","IJssel, km 975.0, linker oever","IJssel, km 975.0, linker oever","ETRS89",52.467345,6.100031,6.100031,52.467345,"outside_domain",
12990,"ijssel.km985p0.linkeroever","IJssel, km 985.0, linker oever","IJssel, km 985.0, linker oever","ETRS89",52.531407,6.013351,6.013351,52.531407,"outside_domain",
15268,"ijsselmeer.halfwegdijk","IJsselmeer, Halfwegdijk","IJsselmeer, Halfwegdijk","ETRS89",52.676431,5.446348,5.446348,52.676431,"core","southern_and_central_north_sea"
13037,"ijsselmeer.midden.meetpaal26","IJsselmeer, midden, meetpaal 26","IJsselmeer, midden, meetpaal 26","ETRS89",52.721367,5.459433,5.459433,52.721367,"core","southern_and_central_north_sea"
9464,"ijsselmeer.wagenpad","IJsselmeer, Wagenpad","IJsselmeer, Wagenpad","ETRS89",52.804808,5.198878,5.198878,52.804808,"core","southern_and_central_north_sea"
10540,"ijsselmeer.wagenpad.zuid","IJsselmeer, Wagenpad, zuid","IJsselmeer, Wagenpad, zuid","ETRS89",52.748329,5.335371,5.335371,52.748329,"core","southern_and_central_north_sea"
9165,"ijsselmeer.wagenpad.zuid.1","IJsselmeer, Wagenpad, zuid, locatie 1","IJsselmeer, Wagenpad, zuid, locatie 1","ETRS89",52.748326,5.327966,5.327966,52.748326,"core","southern_and_central_north_sea"
16893,"ijsselmeer.wagenpad.zuid.2","IJsselmeer, Wagenpad, zuid, punt 02","IJsselmeer, Wagenpad, zuid, punt 02","ETRS89",52.757294,5.298329,5.298329,52.757294,"core","southern_and_central_north_sea"
10209,"inschot","Inschot","Inschot","ETRS89",53.161988,5.185368,5.185368,53.161988,"core","southern_and_central_north_sea"
1849,"itsoal.workum","It Soal, Workum","It Soal, Workum","ETRS89",52.965695,5.411288,5.411288,52.965695,"outside_domain",
10008,"itteren","Itteren","Itteren","ETRS89",50.895156,5.694315,5.694315,50.895156,"outside_domain",
10212,"j6","J6","platform","ETRS89",53.816632,2.95001,2.95001,53.816632,"core","southern_and_central_north_sea"
10558,"jaarsveld","Jaarsveld","Jaarsveld","ETRS89",51.969939,4.978721,4.978721,51.969939,"outside_domain",
18720,"jacobahaven","Jacobahaven","Jacobahaven","ETRS89",51.599921,3.686846,3.686846,51.599921,"core","southern_and_central_north_sea"
17566,"julianadorp","Julianadorp","Julianadorp","ETRS89",52.899739,4.711165,4.711165,52.899739,"core","southern_and_central_north_sea"
12957,"julianakanaal.km12","Julianakanaal, km 12","Julianakanaal, km 12","ETRS89",50.962695,5.751358,5.751358,50.962695,"outside_domain",
15068,"julianakanaal.km20","Julianakanaal, km 20","Julianakanaal, km 20","ETRS89",51.028382,5.793029,5.793029,51.028382,"outside_domain",
729,"julianakanaal.km32","Julianakanaal, km 32","Julianakanaal, km 32","ETRS89",51.125925,5.865069,5.865069,51.125925,"outside_domain",
4736,"julianapolder","Julianapolder","Julianapolder","ETRS89",53.40945,6.349601,6.349601,53.40945,"core","southern_and_central_north_sea"
11124,"junne.beneden","Junne, beneden","Junne, beneden","ETRS89",52.528233,6.498508,6.498508,52.528233,"outside_domain",
11744,"junne.boven","Junne, boven","Junne, boven","ETRS89",52.527891,6.499052,6.499052,52.527891,"outside_domain",
18835,"junne.kleplinkeroever","Junne, klep linker oever","3","ETRS89",52.527906,6.49839,6.49839,52.527906,"outside_domain",
7690,"junne.klepmidden","Junne, klep midden","2","ETRS89",52.527959,6.498494,6.498494,52.527959,"outside_domain",
11356,"junne.kleprechteroever","Junne, klep rechter oever","1","ETRS89",52.528021,6.498614,6.498614,52.528021,"outside_domain",
13491,"jutphaas","Jutphaas","Jutphaas","ETRS89",52.03796,5.092801,5.092801,52.03796,"outside_domain",
1581,"k13a","K13a platform","K13a platform","ETRS89",53.217016,3.218922,3.218922,53.217016,"core","southern_and_central_north_sea"
9619,"k13a.1","K13a meetboei","nabij platform","ETRS89",53.2155,3.2217,3.2217,53.2155,"core","southern_and_central_north_sea"
8070,"k14","K14","platform","ETRS89",53.266667,3.633333,3.633333,53.266667,"core","southern_and_central_north_sea"
3057,"kaapbrug","Kaapbrug","Kaapbrug","ETRS89",52.699226,6.184944,6.184944,52.699226,"outside_domain",
10561,"kabbelaarsbank.grevelingen","Kabbelaarsbank, Grevelingen","Kabbelaarsbank, Grevelingen","ETRS89",51.752415,3.862772,3.862772,51.752415,"core","southern_and_central_north_sea"
2744,"kadoelen.zwanediep","Kadoelen, Zwanediep","Kadoelen, Zwanediep","ETRS89",52.658243,5.981641,5.981641,52.658243,"outside_domain",
2141,"kallosluis.schelde","Kallosluis, schelde","Kallosluis, schelde","ETRS89",51.267822,4.29859,4.29859,51.267822,"outside_domain",
6734,"kampen","Kampen","Kampen","ETRS89",52.558966,5.917924,5.917924,52.558966,"outside_domain",
9919,"kampen.ijssel","Kampen, IJssel","voorheen bovenhaven","ETRS89",52.552,5.9264,5.9264,52.552,"outside_domain",
3858,"kampen.keteldiep","Kampen, Keteldiep","Kampen, Keteldiep","ETRS89",52.5816,5.8467,5.8467,52.5816,"outside_domain",
14132,"kampen.scheeresluis.beneden","Kampen Scheeresluis beneden","Kampen Scheeresluis beneden","ETRS89",52.5308,5.94723,5.94723,52.5308,"outside_domain",
119,"kamperhoek.badstrand","Kamperhoek, badstrand","Kamperhoek, badstrand","ETRS89",52.608088,5.641241,5.641241,52.608088,"outside_domain",
15157,"kamperland.debanjaard.badstrand","Kamperland, De Banjaard, badstrand","Kamperland, De Banjaard, badstrand","ETRS89",51.594808,3.663077,3.663077,51.594808,"outside_domain",
12560,"kamperland.deroompot.badstrand","Kamperland, De Roompot, badstrand","Kamperland, De Roompot, badstrand","ETRS89",51.593171,3.730112,3.730112,51.593171,"outside_domain",
5103,"kamperland.schotsman","Kamperland, Schotsman","Kamperland, Schotsman","ETRS89",51.581616,3.643279,3.643279,51.581616,"outside_domain",
2192,"kamperland.schotsman.ruiterplaat","Kamperland, Schotsman, Ruiterplaat","Kamperland, Schotsman, Ruiterplaat","ETRS89",51.581568,3.643262,3.643262,51.581568,"outside_domain",
7533,"kamperland.sintfelixweg.badstrand","Kamperland, Sint Felixweg, badstrand","Kamperland, Sint Felixweg, badstrand","ETRS89",51.55219,3.693537,3.693537,51.55219,"outside_domain",
8736,"kamp.leukermeer.strand","Leukermeer derde strandje","Leukermeer derde strandje","ETRS89",51.571733,6.059125,6.059125,51.571733,"outside_domain",
4945,"kanne","Kanne","Kanne","ETRS89",50.814742,5.671551,5.671551,50.814742,"outside_domain",
2613,"karekietweg","Karekietweg","Hoge Dwarsvaart","ETRS89",52.407402,5.623071,5.623071,52.407402,"outside_domain",
14543,"katsberg.inlaat","Katsberg, inlaat","Kanaal van Deurne","ETRS89",51.32638,5.902401,5.902401,51.32638,"outside_domain",
6062,"katsbinnen","Kats binnen","Kats binnen","ETRS89",51.543733,3.86283,3.86283,51.543733,"outside_domain",
11652,"katseveer.badstrand","Katseveer, badstrand","Katseveer, badstrand","ETRS89",51.54039,3.868421,3.868421,51.54039,"outside_domain",
16927,"kats.zandkreekdam","Kats Zanskreekdam","Kats Zanskreekdam","ETRS89",51.541981,3.865703,3.865703,51.541981,"outside_domain",
17202,"kats.zandkreeksluis","Kats, Zandkreeksluis","voorheen buiten","ETRS89",51.543947,3.865418,3.865418,51.543947,"outside_domain",
610,"kats.zandkreeksluis.buiten","Kats Zandkreeksluis buiten","Kats Zandkreeksluis buiten","ETRS89",51.54397,3.85925,3.85925,51.54397,"outside_domain",
12867,"kats.zandkreeksluis.kolk1","Kast Zanskreeksluis kolk1","Kast Zanskreeksluis kolk1","ETRS89",51.543685,3.862662,3.862662,51.543685,"outside_domain",
11555,"katwijk","Katwijk","Katwijk","ETRS89",52.211262,4.399592,4.399592,52.211262,"outside_domain",
6087,"katwijkaanzee","Katwijk aan zee","Katwijk aan zee","ETRS89",52.211246,4.39769,4.39769,52.211246,"outside_domain",
10618,"katwijkaanzee.boulevard.noord","Katwijk aan Zee, Boulevard, noord","Katwijk aan Zee, Boulevard, noord","ETRS89",52.213953,4.398947,4.398947,52.213953,"core","southern_and_central_north_sea"
4201,"katwijkaanzee.boulevard.zuid","Katwijk aan Zee, Boulevard, zuid","Katwijk aan Zee, Boulevard, zuid","ETRS89",52.20545,4.39046,4.39046,52.20545,"core","southern_and_central_north_sea"
13013,"katwijk.noordwijk.paal82-86","Katwijk Noordwijk paal 82-86","Katwijk Noordwijk paal 82-86","ETRS89",52.2175,4.40381,4.40381,52.2175,"outside_domain",
17094,"katwijk.paal","Katwijk, paal","Katwijk, paal","ETRS89",52.204473,4.362436,4.362436,52.204473,"core","southern_and_central_north_sea"
16004,"katzberg","Katzberg","Katzberg","ETRS89",51.307036,5.848719,5.848719,51.307036,"outside_domain",
18261,"keeten","Keeten","Keeten","ETRS89",51.606947,3.965277,3.965277,51.606947,"core","southern_and_central_north_sea"
11182,"keeten.boeikt22.slikkenvanviane","Keeten, boei Kt22, Slikken van Viane","Keeten, boei Kt22, Slikken van Viane","ETRS89",51.615736,4.037881,4.037881,51.615736,"core","southern_and_central_north_sea"
14604,"keizersveer.km246.ro","Keizersveer, km 246, ro","Keizersveer, km 246, ro","ETRS89",51.718886,4.917128,4.917128,51.718886,"outside_domain",
7413,"keldonk.sluis5.schuiflinks","Keldonk Sluis5 schuiflinks","Keldonk Sluis5 schuiflinks","ETRS89",51.5775062,5.58585052,5.58585052,51.5775062,"outside_domain",
387,"keldonk.sluis5.schuifrechts","Keldonk Sluis5 schuifrechts","Keldonk Sluis5 schuifrechts","ETRS89",51.57750621,5.58585052,5.58585052,51.57750621,"outside_domain",
14415,"kennemerstrand","Kennemerstrand","Kennemerstrand","ETRS89",52.45548,4.552745,4.552745,52.45548,"core","southern_and_central_north_sea"
61,"kerkdriel","Kerkdriel","raai 211, recreatieplas","ETRS89",51.779006,5.33721,5.33721,51.779006,"outside_domain",
1197,"kerkdriel.campingdenbol.dagstrand","Kerkdriel, camping den Bol, dagstrand","Kerkdriel, camping den Bol, dagstrand","ETRS89",51.778556,5.335036,5.335036,51.778556,"outside_domain",
10757,"kerkdriel.dezandmeren.noord","Kerkdriel, De Zandmeren, noord","Kerkdriel, De Zandmeren, noord","ETRS89",51.766013,5.347191,5.347191,51.766013,"outside_domain",
5867,"kerkdriel.dezandmeren.westzijde","Kerkdriel, De Zandmeren, westzijde","oude maasarm km 212","ETRS89",51.763281,5.348091,5.348091,51.763281,"outside_domain",
7587,"kerkenwaard","Kerkenwaard","recreatieplas","ETRS89",51.822005,5.195744,5.195744,51.822005,"outside_domain",
210,"kerkenwaardhaaften","Kerkenwaard-Haaften","recreatieplas","ETRS89",51.81661,5.224047,5.224047,51.81661,"outside_domain",
5458,"kessel","Kessel","Kessel","ETRS89",51.287708,6.04847,6.04847,51.287708,"outside_domain",
17047,"keteleiland","Keteleiland","Keteleiland","ETRS89",52.5885,5.815133,5.815133,52.5885,"core","southern_and_central_north_sea"
10082,"keteleiland.km1002","Keteleiland, km 1002","Keteleiland, km 1002","ETRS89",52.626106,5.852421,5.852421,52.626106,"outside_domain",
3828,"ketelhaven.elandweg","Ketelhaven, Elandweg","Swiftervaart","ETRS89",52.5709,5.69401,5.69401,52.5709,"outside_domain",
5800,"ketelhaven.ketelmeer","Ketelhaven, Ketelmeer","voorheen Ketelmond","ETRS89",52.5825,5.7627,5.7627,52.5825,"outside_domain",
5366,"ketelmeerdijk.km11","Ketelmeerdijk, km 11","Ketelmeerdijk, km 11","ETRS89",52.595077,5.726646,5.726646,52.595077,"core","southern_and_central_north_sea"
10247,"ketelmeerdijk.km9p5","Ketelmeerdijk, km 9.5","Ketelmeerdijk, km 9.5","ETRS89",52.583337,5.745737,5.745737,52.583337,"outside_domain",
3389,"ketelmeer.midden","Ketelmeer, midden","Ketelmeer, midden","ETRS89",52.595919,5.766162,5.766162,52.595919,"core","southern_and_central_north_sea"
14148,"ketelmeer.oostskw4","Ketelmeer, oost SKW 4","Ketelmeer, oost SKW 4","ETRS89",52.60388,5.78576,5.78576,52.60388,"core","southern_and_central_north_sea"
15610,"ketelmeer.westskw27","Ketelmeer, west SKW 27","Ketelmeer, west SKW 27","ETRS89",52.605998,5.675064,5.675064,52.605998,"core","southern_and_central_north_sea"
3275,"ketelweg","Ketelweg","Roggebottocht","ETRS89",52.576074,5.769281,5.769281,52.576074,"outside_domain",
571,"kievitswaard.km964.ro","Kievitswaard, km 964, ro","Kievitswaard, km 964, ro","ETRS89",51.801291,4.849839,4.849839,51.801291,"outside_domain",
18688,"kijkduin","Kijkduin","Kijkduin","ETRS89",52.070859,4.218659,4.218659,52.070859,"core","southern_and_central_north_sea"
5282,"kijkduintotscheveningen.paal102tot106.nld2021","Kijkduin tot Scheveningen, paal 102 tot 106, NLD2021","Kijkduin tot Scheveningen, paal 102 tot 106, NLD2021","ETRS89",52.0794,4.19878,4.19878,52.0794,"core","southern_and_central_north_sea"
1023,"kijkduin.zandmotor.lagune","Zandmotor Lagune","Zandmotor Lagune","ETRS89",52.054397,4.191399,4.191399,52.054397,"core","southern_and_central_north_sea"
11225,"kimstergat.meetpaal","Kimstergat, meetpaal","Kimstergat, meetpaal","ETRS89",53.291079,5.456938,5.456938,53.291079,"core","southern_and_central_north_sea"
2492,"kimstergat.oost","Kimstergat, oost","Kimstergat, oost","ETRS89",53.264566,5.467386,5.467386,53.264566,"core","southern_and_central_north_sea"
9951,"kimstergat.west","Kimstergat, west","Kimstergat, west","ETRS89",53.262779,5.450149,5.450149,53.262779,"core","southern_and_central_north_sea"
8573,"kinderdijk.lek","Kinderdijk Lek","Kinderdijk Lek","ETRS89",51.8883,4.62599,4.62599,51.8883,"outside_domain",
16100,"kinderdijk.lek.km984","Kinderdijk, Lek, km 984","Kinderdijk, Lek, km 984","ETRS89",51.880817,4.626168,4.626168,51.880817,"outside_domain",
2967,"kinderdijk.lek.km988","Kinderdijk, Lek, km 988","Kinderdijk, Lek, km 988","ETRS89",51.890778,4.637621,4.637621,51.890778,"outside_domain",
14069,"kinderdijk.linkeroever.km988.8","Kinderdijk Linkeroever (kilometer 988.8)","Kinderdijk Linkeroever (kilometer 988.8)","ETRS89",51.88829964,4.625989545,4.625989545,51.88829964,"outside_domain",
7626,"kinderdijk.noord","Kinderdijk noord","Kinderdijk noord","ETRS89",51.886191,4.623172,4.623172,51.886191,"outside_domain",
12365,"kloosterzande.baalhoek","Kloosterzande, Baalhoek","Kloosterzande, Baalhoek","ETRS89",51.366086,4.10258,4.10258,51.366086,"core","southern_and_central_north_sea"
4218,"klundert","Klundert","Klundert","ETRS89",51.689478,4.526704,4.526704,51.689478,"core","southern_and_central_north_sea"
9627,"knock","Knock","Knock","ETRS89",53.327222,7.030556,7.030556,53.327222,"core","southern_and_central_north_sea"
13574,"koehooltotzwartehaan.nld6091","Koehool tot Zwarte Haan, NLD6091","Koehool tot Zwarte Haan, NLD6091","ETRS89",53.32676,5.59633,5.59633,53.32676,"core","southern_and_central_north_sea"
3085,"koffiebonenplaat","Koffiebonenplaat","Koffiebonenplaat","ETRS89",53.426479,5.547326,5.547326,53.426479,"core","southern_and_central_north_sea"
11625,"kopvanhetland","Kop van het Land","Kop van het Land","ETRS89",51.788294,4.757596,4.757596,51.788294,"outside_domain",
11151,"korendijkschegeul","Korendijksche geul","Korendijksche geul","ETRS89",51.782342,4.216385,4.216385,51.782342,"core","southern_and_central_north_sea"
4794,"korendijkseslikken.geul","Korendijkse Slikken, geul","Korendijkse Slikken, geul","ETRS89",51.772584,4.246967,4.246967,51.772584,"outside_domain",
5448,"kornwerd","Kornwerd","Kornwerd","ETRS89",53.038325,5.346208,5.346208,53.038325,"core","southern_and_central_north_sea"
5361,"kornwerderzand.buitenboei1","Kornwerderzand, buiten boei 1","Kornwerderzand, buiten boei 1","ETRS89",53.06594,5.286003,5.286003,53.06594,"core","southern_and_central_north_sea"
18020,"kornwerderzand.buitenboei2","Kornwerderzand, buiten boei 2","Kornwerderzand, buiten boei 2","ETRS89",53.06944,5.292022,5.292022,53.06944,"core","southern_and_central_north_sea"
15664,"kornwerderzand.buitenboei3","Kornwerderzand, buiten boei 3","Kornwerderzand, buiten boei 3","ETRS89",53.072904,5.298087,5.298087,53.072904,"core","southern_and_central_north_sea"
10063,"kornwerderzand.buitenspuikom","Kornwerderzand, buitenspuikom","Kornwerderzand, buitenspuikom","ETRS89",53.075433,5.334236,5.334236,53.075433,"core","southern_and_central_north_sea"
17097,"kornwerderzand.havenhoofd.oost","Kornwerderzand, havenhoofd, oost","Kornwerderzand, havenhoofd, oost","ETRS89",53.064921,5.33947,5.33947,53.064921,"core","southern_and_central_north_sea"
1996,"kornwerderzand.ijsselmeer.binnenhaven","Kornwerderzand, IJsselmeer binnenhaven","Kornwerderzand, IJsselmeer binnenhaven","ETRS89",53.06835,5.337321,5.337321,53.06835,"core","southern_and_central_north_sea"
16925,"kornwerderzand.ijsselmeer.middelgronden","Kornwerderzand IJsselmeer Middelgronden","Kornwerderzand IJsselmeer Middelgronden","ETRS89",53.05167,5.3103,5.3103,53.05167,"core","southern_and_central_north_sea"
11534,"kornwerderzand.ijsselmeer.spui","Kornwerderzand IJsselmeer spui","Kornwerderzand IJsselmeer spui","ETRS89",53.06802,5.32872,5.32872,53.06802,"core","southern_and_central_north_sea"
12467,"kornwerderzand.ijsselmeer.spuihavenzuid","Kornwerderzand Spuihaven zuid","Kornwerderzand Spuihaven zuid","ETRS89",53.065647,5.332652,5.332652,53.065647,"core","southern_and_central_north_sea"
14902,"kornwerderzand.ijsselmeer.vaargeul","Kornwerderzand IJsselmeer vaargeul","Kornwerderzand IJsselmeer vaargeul","ETRS89",53.04868,5.34483,5.34483,53.04868,"core","southern_and_central_north_sea"
18610,"kornwerderzand.toegangsgeul","Kornwerderzand, toegangsgeul","Kornwerderzand, toegangsgeul","ETRS89",53.079027,5.334232,5.334232,53.079027,"core","southern_and_central_north_sea"
10232,"kornwerderzand.voorhaven","Kornwerderzand, Voorhaven","Kornwerderzand, Voorhaven","ETRS89",53.071839,5.335733,5.335733,53.071839,"core","southern_and_central_north_sea"
129,"kornwerderzand.waddenzee.buitenhaven","Kornwerderzand Waddenzee buitenhaven","Kornwerderzand Waddenzee buitenhaven","ETRS89",53.07459,5.334757,5.334757,53.07459,"core","southern_and_central_north_sea"
7823,"kornwerderzand.waddenzee.voorhaven.kolk","Kornwerderzand, Waddenzee voorhaven kolk","Kornwerderzand, Waddenzee voorhaven kolk","ETRS89",53.069944,5.337103,5.337103,53.069944,"outside_domain",
9537,"kortgene","Kortgene","Kortgene","ETRS89",51.546479,3.80564,3.80564,51.546479,"outside_domain",
9305,"kortgene.gebrokendak","Kortgene, Gebroken Dak","Kortgene, Gebroken Dak","ETRS89",51.553349,3.83593,3.83593,51.553349,"outside_domain",
17832,"kortgene.paardekreek.badstrand","Kortgene paardekreek badstrand","Kortgene paardekreek badstrand","ETRS89",51.549776,3.809462,3.809462,51.549776,"outside_domain",
18061,"kortgene.schapendijk.badstrand","Kortgene, Schapendijk, badstrand","Kortgene, Schapendijk, badstrand","ETRS89",51.556108,3.833139,3.833139,51.556108,"outside_domain",
15939,"kortgene.westbermweg.badstrand","Kortgene, westbermweg, badstrand","Kortgene, westbermweg, badstrand","ETRS89",51.550326,3.787712,3.787712,51.550326,"outside_domain",
13071,"kraaijenbergseplassen.2","Kraaijenbergse Plassen, 2","Kraaijenbergse Plassen, 2","ETRS89",51.751339,5.832835,5.832835,51.751339,"outside_domain",
18557,"kraaijenbergseplassen.3","Kraaijenbergse Plassen, 3","Kraaijenbergse Plassen, 3","ETRS89",51.750018,5.823105,5.823105,51.750018,"outside_domain",
9287,"kraaijenbergseplassen.beers","Kraaijenbergse Plassen, Beers","Kraaijenbergse Plassen, Beers","ETRS89",51.728507,5.825952,5.825952,51.728507,"outside_domain",
436,"kraaijenbergseplassen.dendrul","Kraaijenbergse Plassen, Den Drul","Kraaijenbergse Plassen, Den Drul","ETRS89",51.739951,5.839673,5.839673,51.739951,"outside_domain",
685,"krabbendijke.roelshoek.badstrand","Krabbendijke, Roelshoek, badstrand","Krabbendijke, Roelshoek, badstrand","ETRS89",51.436473,4.125464,4.125464,51.436473,"outside_domain",
9193,"krabbengat","Krabbengat","Krabbengat","ETRS89",51.68809,3.678905,3.678905,51.68809,"core","southern_and_central_north_sea"
16399,"krabbenkreek","Krabbenkreek","Krabbenkreek","ETRS89",51.610376,4.10489,4.10489,51.610376,"core","southern_and_central_north_sea"
2773,"krabbersgat.buiten","Krabbersgat, buiten","Krabbersgat, buiten","ETRS89",52.706978,5.313226,5.313226,52.706978,"core","southern_and_central_north_sea"
17432,"krabbersgat.ijsselmeer","Krabbersgat, IJsselmeer","voorheen, noord","ETRS89",52.694,5.284,5.284,52.694,"core","southern_and_central_north_sea"
15342,"krabbersgat.markermeer","Krabbersgat, Markermeer","voorheen, zuid","ETRS89",52.691226,5.279974,5.279974,52.691226,"outside_domain",
315,"kraggenburg","Kraggenburg","Kraggenburg","ETRS89",52.653138,5.940784,5.940784,52.653138,"outside_domain",
17606,"kralendijk.plazabeachterminal","Kralendijk Plazabeach Terminal","Kralendijk Plazabeach Terminal","ETRS89",12.149638,-68.277813,-68.277813,12.149638,"outside_domain",
2334,"krammer","Krammer","Krammer","ETRS89",51.666276,4.095356,4.095356,51.666276,"core","southern_and_central_north_sea"
6474,"krammer.1","Krammer, punt 01","Krammer, punt 01","ETRS89",51.669863,4.178672,4.178672,51.669863,"core","southern_and_central_north_sea"
891,"krammer.noordergat","Krammer, Noordergat","Krammer, Noordergat","ETRS89",51.64816,4.227326,4.227326,51.64816,"core","southern_and_central_north_sea"
10449,"krammerput","Krammerput","Krammerput","ETRS89",51.668111,4.183083,4.183083,51.668111,"core","southern_and_central_north_sea"
11959,"krammerscheslikken.midden","Krammersche Slikken, midden","Krammersche Slikken, midden","ETRS89",51.667256,4.223917,4.223917,51.667256,"core","southern_and_central_north_sea"
17494,"krammersluislaagbekken.badstrand","Krammersluis laagbekken, badstrand","Krammersluis laagbekken, badstrand","ETRS89",51.648967,4.17475,4.17475,51.648967,"core","southern_and_central_north_sea"
12423,"krammersluizen","Krammersluizen","Krammersluizen","ETRS89",51.66039,4.127685,4.127685,51.66039,"core","southern_and_central_north_sea"
9806,"krammersluizen.west","Krammersluizen west","Krammersluizen west","ETRS89",51.65934474,4.144263681,4.144263681,51.65934474,"core","southern_and_central_north_sea"
2114,"kranswierveld.oudelandzijde","Kranswierveld, oude landzijde","Kranswierveld, oude landzijde","ETRS89",52.332206,5.587241,5.587241,52.332206,"outside_domain",
18605,"kreekrak.noord","Kreekrak, noord","Kreekrak, noord","ETRS89",51.45005,4.229827,4.229827,51.45005,"core","southern_and_central_north_sea"
13173,"kreekrakoudediensthaven","Kreekrak oude diensthaven","Kreekrak oude diensthaven","ETRS89",51.446552,4.230635,4.230635,51.446552,"core","southern_and_central_north_sea"
18262,"kreekraksluizen","Kreekraksluizen","Kreekraksluizen","ETRS89",51.438833,4.2409,4.2409,51.438833,"core","southern_and_central_north_sea"
17162,"kreekraksluizen.bufferbekken.badstrand","Kreekraksluizen, bufferbekken, badstrand","Kreekraksluizen, bufferbekken, badstrand","ETRS89",51.437847,4.241212,4.241212,51.437847,"core","southern_and_central_north_sea"
14774,"kreil.150dhmijm","Kreil, mp 150 dhm IJM","Kreil, mp 150 dhm IJM","ETRS89",52.793241,5.298256,5.298256,52.793241,"core","southern_and_central_north_sea"
2886,"kreil.150dhmijm.2","Kreil, mp 150 dhm IJM, locatie 2","Kreil, mp 150 dhm IJM, locatie 2","ETRS89",52.802228,5.298238,5.298238,52.802228,"core","southern_and_central_north_sea"
17062,"kreupel.111dhmijm","Kreupel, mp 111 dhm IJM","Kreupel, mp 111 dhm IJM","ETRS89",52.838026,5.179443,5.179443,52.838026,"core","southern_and_central_north_sea"
12670,"krimpenaandeijssel.hollandscheijssel","Krimpen aan de IJssel, Hollandsche IJssel","Krimpen aan de IJssel, Hollandsche IJssel","ETRS89",51.9165,4.579,4.579,51.9165,"outside_domain",
2221,"krimpenaandeijssel.km15.ro","Krimpen aan de IJssel, km 15, ro","Krimpen aan de IJssel, km 15, ro","ETRS89",51.924528,4.612227,4.612227,51.924528,"outside_domain",
6122,"krimpenaandelek.lek","Krimpen aan de Lek, Lek","Krimpen aan de Lek, Lek","ETRS89",51.890722,4.628906,4.628906,51.890722,"outside_domain",
1864,"kromslootpark","Kromslootpark","Kromslootpark","ETRS89",52.323896,5.145181,5.145181,52.323896,"core","southern_and_central_north_sea"
2057,"kruiningen.perkpolder","Kruiningen, Perkpolder","drempel","ETRS89",51.419203,4.028605,4.028605,51.419203,"core","southern_and_central_north_sea"
4482,"kuilvanmarken","Kuil van Marken","Kuil van Marken","ETRS89",52.478941,5.270994,5.270994,52.478941,"core","southern_and_central_north_sea"
15861,"kuipersplaat.boei","Kuipersplaat, boei","Kuipersplaat, boei","ETRS89",53.471214,6.086618,6.086618,53.471214,"core","southern_and_central_north_sea"
9739,"kustzone.deelgebied","Kustzone , deelgebied","Kustzone , deelgebied","ETRS89",52.999246,4.665355,4.665355,52.999246,"core","southern_and_central_north_sea"
5824,"l9","L9","platform","ETRS89",53.616667,4.966667,4.966667,53.616667,"core","southern_and_central_north_sea"
13702,"laak.km58.ro","Laak, km 58, ro","Laak, km 58, ro","ETRS89",51.110933,5.809022,5.809022,51.110933,"outside_domain",
4483,"laaksestrand","Laakse strand","Laakse strand","ETRS89",52.257505,5.440589,5.440589,52.257505,"outside_domain",
7615,"laar","Laar","Laar","ETRS89",52.6116,6.738703,6.738703,52.6116,"outside_domain",
695,"lageknarsluis","Lage Knarsluis","Lage Vaart","ETRS89",52.448161,5.43501,5.43501,52.448161,"outside_domain",
1145,"lagelicht","Lage Licht","Lage Licht","ETRS89",51.988083,4.077861,4.077861,51.988083,"core","southern_and_central_north_sea"
5819,"lageweg.hollandscheijssel.groen12","Lichtopstand Rood 12 Hollandsche IJssel","Lichtopstand Rood 12 Hollandsche IJssel","ETRS89",51.945129,4.636945,4.636945,51.945129,"outside_domain",
7184,"lageweg.hollandscheijssel.groen18","Lichtopstand Groen 18 Hollandsche IJssel","Lichtopstand Groen 18 Hollandsche IJssel","ETRS89",51.957339,4.644601,4.644601,51.957339,"outside_domain",
9451,"lageweg.hollandscheijssel.groen26","Lichtopstand Groen 26 Hollandsche IJssel","Lichtopstand Groen 26 Hollandsche IJssel","ETRS89",51.971488,4.641844,4.641844,51.971488,"outside_domain",
14053,"lageweg.hollandscheijssel.groen30","Lichtopstand Groen 30 Hollandsche IJssel","Lichtopstand Groen 30 Hollandsche IJssel","ETRS89",51.978059,4.664449,4.664449,51.978059,"outside_domain",
8979,"lageweg.hollandscheijssel.groen35","Lichtopstand Rood 35 Hollandsche IJssel","Lichtopstand Rood 35 Hollandsche IJssel","ETRS89",51.994356,4.684584,4.684584,51.994356,"outside_domain",
7398,"lagewitsie","Lage Witsie","Lage Witsie","ETRS89",51.581812,5.032859,5.032859,51.581812,"outside_domain",
15160,"lagezwaluwe.schuddebeurs","Lage Zwaluwe, Schuddebeurs","Lage Zwaluwe, Schuddebeurs","ETRS89",51.716419,4.669716,4.669716,51.716419,"outside_domain",
18786,"lamswaarde.boei59","Lamswaarde, boei 59","Lamswaarde, boei 59","ETRS89",51.371949,4.062615,4.062615,51.371949,"core","southern_and_central_north_sea"
11371,"lanaken","Lanaken-Smeermaas","km 18,40","ETRS89",50.889528,5.683083,5.683083,50.889528,"outside_domain",
4971,"langevelderslag.zandvoort.paal66tot75.nld2025","Langevelderslag, Zandvoort, paal 66 tot 75, NLD2025","Langevelderslag, Zandvoort, paal 66 tot 75, NLD2025","ETRS89",52.37677,4.4921,4.4921,52.37677,"core","southern_and_central_north_sea"
7424,"langezand","Lange Zand","Lange Zand","ETRS89",53.206074,5.22183,5.22183,53.206074,"core","southern_and_central_north_sea"
3428,"larserringweg","Larserringweg","Lage Vaart","ETRS89",52.505145,5.537433,5.537433,52.505145,"outside_domain",
6146,"larserweg","Larserweg","Lage Vaart","ETRS89",52.499812,5.479245,5.479245,52.499812,"outside_domain",
4077,"lauwers","Lauwers","Lauwers","ETRS89",53.530958,6.417102,6.417102,53.530958,"core","southern_and_central_north_sea"
1356,"lauwersdamboei","Lauwersdam boei","Lauwersdam boei","ETRS89",53.418316,6.177054,6.177054,53.418316,"core","southern_and_central_north_sea"
5319,"lauwersoog.buitenhaven","Lauwersoog, buitenhaven","Lauwersoog, buitenhaven","ETRS89",53.415004,6.206095,6.206095,53.415004,"core","southern_and_central_north_sea"
11351,"lauwersoog.havenmond","Lauwersoog, havenmond","Lauwersoog, havenmond","ETRS89",53.410553,6.199995,6.199995,53.410553,"outside_domain",
9057,"lauwersoog.oostdijkvoet","Lauwersoog, oost dijkvoet","Lauwersoog, oost dijkvoet","ETRS89",53.413894,6.261719,6.261719,53.413894,"outside_domain",
13584,"lauwersoog.spuisluisbuiten","Lauwersoog, spuisluis buiten","Lauwersoog, spuisluis buiten","ETRS89",53.410619,6.190221,6.190221,53.410619,"outside_domain",
16251,"lauwersoog.waddenzee","Lauwersoog, Waddenzee","Lauwersoog, Waddenzee","ETRS89",53.408334,6.196046,6.196046,53.408334,"core","southern_and_central_north_sea"
390,"lauwers.oost","Lauwers, oost","Lauwers, oost","ETRS89",53.540686,6.450597,6.450597,53.540686,"core","southern_and_central_north_sea"
18288,"lauwers.zuid","Lauwers, zuid","Lauwers, zuid","ETRS89",53.506523,6.452764,6.452764,53.506523,"core","southern_and_central_north_sea"
12302,"lebbenbrugge","Lebbenbrugge","Slinge","ETRS89",52.107067,6.491016,6.491016,52.107067,"outside_domain",
3781,"leeuwarden.vanharinxmakanaal","Leeuwarden Van Harinxmakanaal","Leeuwarden Van Harinxmakanaal","ETRS89",53.18341,5.79713,5.79713,53.18341,"outside_domain",
16250,"lekkerkerk","Lekkerkerk","Lekkerkerk","ETRS89",51.894577,4.685065,4.685065,51.894577,"outside_domain",
17623,"lekkerkerk.lek","Lekkerkerk, Lek","Lekkerkerk, Lek","ETRS89",51.89392,4.6910177,4.6910177,51.89392,"outside_domain",
11758,"lek.km928p100.ro","Lek, km. 928.100, ro","Lek, km. 928.100, ro","ETRS89",51.968377,5.347062,5.347062,51.968377,"outside_domain",
609,"lek.km931p200.ro","Lek, km. 931.200, ro","Lek, km. 931.200, ro","ETRS89",51.957646,5.312344,5.312344,51.957646,"outside_domain",
12398,"lek.km934p900.ro","Lek, km. 934.900, ro","Lek, km. 934.900, ro","ETRS89",51.96938,5.26184,5.26184,51.96938,"outside_domain",
2251,"lek.km943p400.ro","Lek, km. 943.400, ro","Lek, km. 943.400, ro","ETRS89",51.971415,5.16743,5.16743,51.971415,"outside_domain",
9361,"lek.km956p600.ro","Lek, km. 956.600, ro","Lek, km. 956.600, ro","ETRS89",51.970142,5.026439,5.026439,51.970142,"outside_domain",
18027,"lek.km962p800.ro","Lek, km. 962.800, ro","Lek, km. 962.800, ro","ETRS89",51.962591,4.957243,4.957243,51.962591,"outside_domain",
2027,"lek.km966p900.ro","Lek, km. 966.900, ro","Lek, km. 966.900, ro","ETRS89",51.943967,4.914947,4.914947,51.943967,"outside_domain",
18529,"lek.km985","Lek, km. 985","Lek, km. 985","ETRS89",51.89257,4.678719,4.678719,51.89257,"outside_domain",
5645,"lek.km986","Lek, km. 986","Lek, km. 986","ETRS89",51.889596,4.665546,4.665546,51.889596,"outside_domain",
12412,"lek.km987","Lek, km. 987","Lek, km. 987","ETRS89",51.889579,4.651282,4.651282,51.889579,"outside_domain",
62,"lek.km988","Lek, km. 988","Lek, km. 988","ETRS89",51.891114,4.636642,4.636642,51.891114,"outside_domain",
11768,"lek.km989","Lek, km. 989","Lek, km. 989","ETRS89",51.889324,4.622596,4.622596,51.889324,"outside_domain",
2185,"lelystad","Lelystad","Lelystad","ETRS89",52.514675,5.365108,5.365108,52.514675,"core","southern_and_central_north_sea"
1777,"lelystad.haven","Lelystad, haven","Lelystad, haven","ETRS89",52.505689,5.376159,5.376159,52.505689,"core","southern_and_central_north_sea"
5829,"lelystad.haven.west","Lelystad, haven, west","Lelystad, haven, west","ETRS89",52.496688,5.328303,5.328303,52.496688,"core","southern_and_central_north_sea"
9131,"lelystad.houtribbaai","Lelystad, Houtribbaai","Lelystad, Houtribbaai","ETRS89",52.541628,5.438796,5.438796,52.541628,"core","southern_and_central_north_sea"
11751,"lelystad.houtribhoek","Lelystad, Houtribhoek","Lelystad, Houtribhoek","ETRS89",52.560481,5.472736,5.472736,52.560481,"core","southern_and_central_north_sea"
344,"lelystad.houtribhoek.strand","Lelystad, Houtribhoek, strand","Lelystad, Houtribhoek, strand","ETRS89",52.549447,5.455701,5.455701,52.549447,"outside_domain",
7012,"lelystad.houtribsluis.noord","Lelystad, Houtribsluis, noord","Lelystad, Houtribsluis, noord","ETRS89",52.531,5.435,5.435,52.531,"core","southern_and_central_north_sea"
683,"lelystad.houtribsluis.zuid","Lelystad, Houtribsluis, zuid","Lelystad, Houtribsluis, zuid","ETRS89",52.526351,5.433916,5.433916,52.526351,"core","southern_and_central_north_sea"
1464,"lelystad.ijsselmeer","Lelystad, IJsselmeer","voorheen Houtrib, west mp 260 dhm IJM","ETRS89",52.640439,5.505393,5.505393,52.640439,"core","southern_and_central_north_sea"
8838,"lelystad.julianapad.markermeer","Lelystad, Julianapad, Markermeer","Lelystad, Julianapad, Markermeer","ETRS89",52.496702,5.372479,5.372479,52.496702,"core","southern_and_central_north_sea"
5146,"lelystad.larservaart.meerkoetenweg","Lelystad, Larservaart, Meerkoetenweg","Lelystad, Larservaart, Meerkoetenweg","ETRS89",52.475062,5.516725,5.516725,52.475062,"outside_domain",
16695,"lemmer.ijsselmeer","Lemmer, IJsselmeer","Lemmer, IJsselmeer","ETRS89",52.838,5.71,5.71,52.838,"core","southern_and_central_north_sea"
2380,"lemmer.ijsselmeer.woudagemaal","Lemmer IJsselmeer Woudagemaal","Lemmer IJsselmeer Woudagemaal","ETRS89",52.8461,5.67997,5.67997,52.8461,"outside_domain",
5913,"lemmer.stroomkanaal.teroelsterkolk","Lemmer stroomkanaal Teroelsterkolk","Lemmer stroomkanaal Teroelsterkolk","ETRS89",52.84515,5.6835,5.6835,52.84515,"core","southern_and_central_north_sea"
16030,"lemmer.teroelsterkolk.buiten","Lemmer Teroelsterkolk buiten","Lemmer Teroelsterkolk buiten","ETRS89",52.84506,5.68338,5.68338,52.84506,"core","southern_and_central_north_sea"
10977,"lemmer.woudagemaal.stroomkanaal","Lemmer stroomkanaal Woudagemaal","Lemmer stroomkanaal Woudagemaal","ETRS89",52.84705,5.6802,5.6802,52.84705,"outside_domain",
6313,"lemsterstrand.lemmer","Lemsterstrand, Lemmer","Lemsterstrand, Lemmer","ETRS89",52.842398,5.70004,5.70004,52.842398,"core","southern_and_central_north_sea"
13026,"lexkesveer","Lexkesveer","Lexkesveer","ETRS89",51.961091,5.689393,5.689393,51.961091,"outside_domain",
1344,"lierop.sluis10.beneden","Lierop, sluis 10, beneden","Lierop, sluis 10, beneden","ETRS89",51.416914,5.701031,5.701031,51.416914,"outside_domain",
17348,"lierop.sluis10.boven","Lierop, sluis 10, boven","Lierop, sluis 10, boven","ETRS89",51.415639,5.713889,5.713889,51.415639,"outside_domain",
11676,"lierop.sluis9","Lierop ZuidWillemsvaart Sluis 9","Lierop ZuidWillemsvaart Sluis 9","ETRS89",51.447855,5.685737,5.685737,51.447855,"outside_domain",
18793,"lierop.sluis9.boven","Lierop ZuidWillemsvaart Sluis 9 boven","Lierop ZuidWillemsvaart Sluis 9 boven","ETRS89",51.447698,5.684527,5.684527,51.447698,"outside_domain",
16146,"lieshout.donkersvoortseloop","Lieshout, Donkersvoortseloop","AA19","ETRS89",51.511872,5.562284,5.562284,51.511872,"outside_domain",
10465,"lieshout.donkervoortseloop","Lieshout, Donkervoortseloop","Lieshout, Donkervoortseloop","ETRS89",51.511869,5.562289,5.562289,51.511869,"outside_domain",
8763,"linne.boven","Linne, boven","Linne, boven","ETRS89",51.167731,5.921065,5.921065,51.167731,"outside_domain",
739,"linne.stuw.beneden","Linne beneden","km 70,40","ETRS89",51.160525,5.942617,5.942617,51.160525,"outside_domain",
3722,"linne.stuw.boven","Linne, stuw, boven","Linne, stuw, boven","ETRS89",51.168812,5.922507,5.922507,51.168812,"outside_domain",
1947,"lith","Lith","Lith","ETRS89",51.808928,5.456078,5.456078,51.808928,"outside_domain",
3215,"lith.beneden","Lith dorp","km 202,37","ETRS89",51.810386,5.432911,5.432911,51.810386,"outside_domain",
14681,"lith.boven","Lith, boven","Lith, boven","ETRS89",51.81,5.455,5.455,51.81,"outside_domain",
12403,"lithseham.dagstrand","Lithse Ham, dagstrand","Lithse Ham, dagstrand","ETRS89",51.810923,5.412579,5.412579,51.810923,"outside_domain",
1910,"lithseham.gemeentestrand","Lithse Ham, gemeentestrand","Lithse Ham, gemeentestrand","ETRS89",51.815416,5.417657,5.417657,51.815416,"outside_domain",
13792,"lithseham.recreatieplas","Lithse Ham, recreatieplas","Lithse Ham, recreatieplas","ETRS89",51.817214,5.414758,5.414758,51.817214,"outside_domain",
9383,"lith.sluis","Lith, beneden sluis","Lith, beneden sluis","ETRS89",51.80911,5.452453,5.452453,51.80911,"outside_domain",
16608,"lixhebiefaval","Lixhe Bief Aval","Lixhe Bief Aval","ETRS89",50.759639,5.680889,5.680889,50.759639,"outside_domain",
13110,"lobith.bovenrijn.haven","Lobith, Bovenrijn, haven","Lobith, Bovenrijn, haven","ETRS89",51.857505,6.083651,6.083651,51.857505,"outside_domain",
15596,"lobith.bovenrijn.tolkamer","Lobith, Bovenrijn, Tolkamer","Lobith, Bovenrijn, Tolkamer","ETRS89",51.8495,6.1024,6.1024,51.8495,"outside_domain",
10290,"lobith.ponton","Lobith, ponton","Lobith, ponton","ETRS89",51.854205,6.091178,6.091178,51.854205,"outside_domain",
7801,"lodijkschegat.speelmansplaten","Lodijksche Gat, Speelmansplaten","Lodijksche Gat, Speelmansplaten","ETRS89",51.497363,4.145091,4.145091,51.497363,"core","southern_and_central_north_sea"
8842,"lodijksegat","Lodijkse Gat","Lodijkse Gat","ETRS89",51.515274,4.127053,4.127053,51.515274,"core","southern_and_central_north_sea"
13405,"loenderveenseplas","Loenderveense Plas","Loenderveense Plas","ETRS89",52.201302,5.037454,5.037454,52.201302,"outside_domain",
3016,"loenen","Loenen","Loenen","ETRS89",52.225746,5.007405,5.007405,52.225746,"outside_domain",
17763,"loevestein.waal.km951.ro","Loevestein, Waal, km 951, ro","Loevestein, Waal, km 951, ro","ETRS89",51.821595,5.022418,5.022418,51.821595,"outside_domain",
6114,"looveer","Looveer","Looveer","ETRS89",51.934908,5.961571,5.961571,51.934908,"outside_domain",
18315,"loowaard.recreatieplas","Loowaard, recreatieplas","Loowaard, recreatieplas","ETRS89",51.919049,5.987533,5.987533,51.919049,"outside_domain",
9168,"loozen.grens","Loozen grens","Loozen grens","ETRS89",51.21661444,5.58285265,5.58285265,51.21661444,"outside_domain",
11827,"lopikerkapel.recreatieplas","Lopikerkapel, recreatieplas","Lopikerkapel, recreatieplas","ETRS89",51.987433,5.053972,5.053972,51.987433,"outside_domain",
2953,"lutjewad","Lutjewad","Lutjewad","ETRS89",53.432074,6.311981,6.311981,53.432074,"core","southern_and_central_north_sea"
13432,"maarssenbroek.km31","Maarssenbroek, km 31","Maarssenbroek, km 31","ETRS89",52.12952,5.048385,5.048385,52.12952,"outside_domain",
6272,"maarssen.kanaal","Maarssen, kanaal","Maarssen, kanaal","ETRS89",52.133807,5.039151,5.039151,52.133807,"outside_domain",
2247,"maasband","Maasband","Maasband","ETRS89",50.975804,5.735743,5.735743,50.975804,"outside_domain",
10442,"maasbracht","Maasbracht","Maasbracht","ETRS89",51.140975,5.873028,5.873028,51.140975,"outside_domain",
6679,"maaseik","Maaseik","km 52,8","ETRS89",51.094527,5.801669,5.801669,51.094527,"outside_domain",
3945,"maasgeul.2","Maasgeul 2","vh Maasvlakte noord boei","ETRS89",51.99386,4.00326,4.00326,51.99386,"core","southern_and_central_north_sea"
18111,"maasgeul.8","Maasgeul, 8","Eurogeul E13","ETRS89",52.009204,3.735637,3.735637,52.009204,"core","southern_and_central_north_sea"
18210,"maasgouw.dilkensplas.1","Maasgouw, Dilkensplas, meetpunt 1","Maasgouw, Dilkensplas, meetpunt 1","ETRS89",51.110991,5.817734,5.817734,51.110991,"outside_domain",
13917,"maasgouw.dilkensplas.2","Maasgouw, Dilkensplas, meetpunt 2","Maasgouw, Dilkensplas, meetpunt 2","ETRS89",51.110399,5.814915,5.814915,51.110399,"outside_domain",
12527,"maashees","Maashees","Maashees","ETRS89",51.570287,6.036452,6.036452,51.570287,"outside_domain",
18531,"maasmond","Maasmond","Maasmond","ETRS89",51.989327,4.044855,4.044855,51.989327,"core","southern_and_central_north_sea"
6950,"maasmond.stroommeetpaal","Maasmond, stroommeetpaal","Maasmond, stroommeetpaal","ETRS89",51.992205,4.007711,4.007711,51.992205,"core","southern_and_central_north_sea"
3232,"maassluis","Maassluis","Maassluis","ETRS89",51.917507,4.249788,4.249788,51.917507,"outside_domain",
18864,"maastricht","Maastricht","Maastricht","ETRS89",50.856549,5.694513,5.694513,50.856549,"outside_domain",
15918,"maastricht.borgharen.julianakanaal","Maastricht, Borgharen, Julianakanaal","Maastricht, Borgharen, Julianakanaal","ETRS89",50.869,5.6995,5.6995,50.869,"outside_domain",
15955,"maastricht.borgharen.maas.beneden","Borgharen Dorp","km 16,00","ETRS89",50.8724,5.691,5.691,50.8724,"outside_domain",
8170,"maastricht.borgharen.maas.boven","Maastricht, Borgharen, Maas, boven","stuw","ETRS89",50.868809,5.698089,5.698089,50.868809,"outside_domain",
4340,"maastricht.bosscherveld","Maastricht Bosscherveld overlaat","Maastricht Bosscherveld overlaat","ETRS89",50.869849,5.687038,5.687038,50.869849,"outside_domain",
12684,"maastricht.grindgat.oostmaarland.1","Maastricht, Grindgat, Oost-Maarland, 1","camping, oosterdriessen","ETRS89",50.800522,5.704213,5.704213,50.800522,"outside_domain",
3097,"maastricht.grindgat.oostmaarland.2","Maastricht, Grindgat, Oost-Maarland, 2","Maastricht, Grindgat, Oost-Maarland, 2","ETRS89",50.803416,5.704544,5.704544,50.803416,"outside_domain",
11042,"maastricht.servaasbrug","Maastricht, Servaasbrug","Maastricht, Servaasbrug","ETRS89",50.849626,5.695035,5.695035,50.849626,"outside_domain",
13519,"maastricht.sintpieter","Sint Pieter Noord","km 10,80","ETRS89",50.830294,5.69732,5.69732,50.830294,"outside_domain",
16673,"maastricht.sintpieter.zuid","Maastricht Sint Pieter zuid","Maastricht Sint Pieter zuid","ETRS89",50.8279,5.6977,5.6977,50.8279,"outside_domain",
6560,"maasvlakte.2kmuitdekust","Maasvlakte, 2 km uit de kust","Maasvlakte, 2 km uit de kust","ETRS89",51.924953,3.964834,3.964834,51.924953,"core","southern_and_central_north_sea"
13763,"maasvlakte.amaliahaven","Maasvlakte Amaliahaven","Maasvlakte Amaliahaven","ETRS89",51.96219,3.99496,3.99496,51.96219,"core","southern_and_central_north_sea"
16848,"maasvlakte.badstrand","Maasvlakte, badstrand","Maasvlakte, badstrand","ETRS89",51.953064,4.018298,4.018298,51.953064,"outside_domain",
4410,"maasvlakte.beergat","Maasvlakte Beergat","Maasvlakte Beergat","ETRS89",51.944892,4.08393,4.08393,51.944892,"outside_domain",
81,"maasvlakte.europahaven","Maasvlakte Europahaven","Maasvlakte Europahaven","ETRS89",51.962167,4.029139,4.029139,51.962167,"outside_domain",
9615,"maasvlakte.hartelhaven","Maasvlakte, Hartelhaven","Maasvlakte, Hartelhaven","ETRS89",51.929692,4.042464,4.042464,51.929692,"outside_domain",
899,"maasvlakte.mississippihaven","Maasvlakte Mississippihaven","Maasvlakte Mississippihaven","ETRS89",51.93417,4.045,4.045,51.93417,"outside_domain",
9929,"maasvlakte.nld1018","Maasvlakte, NLD1018","Maasvlakte, NLD1018","ETRS89",51.98865,4.00552,4.00552,51.98865,"core","southern_and_central_north_sea"
5442,"maasvlakte.papegaaiebek","Maasvlakte Papegaaiebek","Maasvlakte Papegaaiebek","ETRS89",51.975002,4.076301,4.076301,51.975002,"outside_domain",
6235,"maasvlakte.ruim1kmuitdekust","Maasvlakte, ruim1 km uit de kust","Ma-III","ETRS89",51.938567,3.996327,3.996327,51.938567,"core","southern_and_central_north_sea"
5179,"maasvlakte.slufter","Maasvlakte Slufter","Maasvlakte Slufter","ETRS89",51.932518,3.998724,3.998724,51.932518,"core","southern_and_central_north_sea"
16069,"maatpolder","Maatpolder","Maatpolder","ETRS89",52.280979,5.313934,5.313934,52.280979,"outside_domain",
16498,"maeslantkering.binnen","Maeslantkering, binnen","Maeslantkering, binnen","ETRS89",51.951517,4.169381,4.169381,51.951517,"outside_domain",
7453,"makkum.sluis.buiten","Makkum sluis buiten","Makkum sluis buiten","ETRS89",53.05451,5.40223,5.40223,53.05451,"outside_domain",
5385,"malden.maaswaalkanaal.inlaatteersesluispolder","Malden Maaswaalkanaal Inlaat Teersesluispolder","Malden Maaswaalkanaal Inlaat Teersesluispolder","ETRS89",51.78926,5.83495,5.83495,51.78926,"outside_domain",
17286,"malzwin","Malzwin","Malzwin","ETRS89",52.993133,4.900946,4.900946,52.993133,"core","southern_and_central_north_sea"
5769,"malzwin.boei1","Malzwin, boei 1","Malzwin, boei 1","ETRS89",52.994689,4.955291,4.955291,52.994689,"core","southern_and_central_north_sea"
7078,"malzwin.marinehaven","Malzwin, marinehaven","Malzwin, marinehaven","ETRS89",52.968368,4.79033,4.79033,52.968368,"core","southern_and_central_north_sea"
13116,"malzwin.zuidwal","Malzwin, Zuidwal","Malzwin, Zuidwal","ETRS89",52.985084,4.910715,4.910715,52.985084,"core","southern_and_central_north_sea"
9351,"maren","Maren","raai 210, recreatieplas","ETRS89",51.792491,5.342268,5.342268,51.792491,"outside_domain",
12223,"marienberg.beneden","Marienberg, beneden","Marienberg, beneden","ETRS89",52.519819,6.566996,6.566996,52.519819,"outside_domain",
12651,"marienberg.boven","Marienberg, boven","Marienberg, boven","ETRS89",52.520265,6.567376,6.567376,52.520265,"outside_domain",
17021,"marienberg.kleplinkeroever","Marienberg, klep linker oever","3","ETRS89",52.520367,6.567099,6.567099,52.520367,"outside_domain",
6290,"marienberg.klepmidden","Marienberg, klep midden","2","ETRS89",52.520395,6.566952,6.566952,52.520395,"outside_domain",
8508,"marienberg.kleprechteroever","Marienberg, klep rechter oever","1","ETRS89",52.520415,6.566776,6.566776,52.520415,"outside_domain",
17735,"markelo","Markelo","voorheen Markelose brug","ETRS89",52.198063,6.511601,6.511601,52.198063,"outside_domain",
993,"markengouwzee","Marken Gouwzee","Marken Gouwzee","ETRS89",52.46037,5.085581,5.085581,52.46037,"core","southern_and_central_north_sea"
13541,"marken.strand","Marken, strand","Marken, strand","ETRS89",52.457275,5.098652,5.098652,52.457275,"outside_domain",
2154,"marken.vuurtoren","Marken, vuurtoren","Marken, vuurtoren","ETRS89",52.459596,5.139289,5.139289,52.459596,"core","southern_and_central_north_sea"
6112,"markermeer.midden","Markermeer, midden","Markermeer, midden","ETRS89",52.5317,5.23124,5.23124,52.5317,"core","southern_and_central_north_sea"
14138,"markermeer.midden352","Markermeer, midden meetpunt 352","Markermeer, midden meetpunt 352","ETRS89",52.568542,5.26921,5.26921,52.568542,"core","southern_and_central_north_sea"
218,"markermeer.midden.meetpaal42","Markermeer, midden, meetpaal 42","Markermeer, midden, meetpaal 42","ETRS89",52.532172,5.23158,5.23158,52.532172,"core","southern_and_central_north_sea"
10799,"markermeer.noordoost","Markermeer, noordoost","Markermeer, noordoost","ETRS89",52.563653,5.35476,5.35476,52.563653,"core","southern_and_central_north_sea"
5808,"markermeer.trintelzand","Markermeer Trintelzand","Markermeer Trintelzand","ETRS89",52.62412,5.37297,5.37297,52.62412,"core","southern_and_central_north_sea"
8880,"markermeer.west.356","Markermeer, west, meetpunt 356","Markermeer, west, meetpunt 356","ETRS89",52.568601,5.387205,5.387205,52.568601,"core","southern_and_central_north_sea"
8289,"markermeer.zuid","Markermeer, zuid","Markermeer, zuid","ETRS89",52.442483,5.122472,5.122472,52.442483,"core","southern_and_central_north_sea"
8416,"markerwaarddijk.ijsselmeer.zuidwest.meetpaal37","Markerwaarddijk, IJsselmeer, zuidwest, meetpaal 37","Markerwaarddijk, IJsselmeer, zuidwest, meetpaal 37","ETRS89",52.667458,5.387205,5.387205,52.667458,"core","southern_and_central_north_sea"
17300,"markerwadden","Marker Wadden","Marker Wadden","ETRS89",52.577582,5.424086,5.424086,52.577582,"core","southern_and_central_north_sea"
2868,"markerwadden.meetpaal","Marker Wadden, meetpaal","Marker Wadden, meetpaal","ETRS89",52.600306,5.391222,5.391222,52.600306,"core","southern_and_central_north_sea"
11882,"markerwadden.oost.meetpaal44","Markerwadden, oost, meetpaal 44","Markerwadden, oost, meetpaal 44","ETRS89",52.577701,5.41817,5.41817,52.577701,"core","southern_and_central_north_sea"
6208,"marknesse","Marknesse","Marknesse","ETRS89",52.69924,5.882068,5.882068,52.69924,"outside_domain",
6080,"marollegat","Marollegat","Marollegat","ETRS89",51.479747,4.191958,4.191958,51.479747,"core","southern_and_central_north_sea"
6575,"marollegat.oost","Marollegat, oost","Marollegat, oost","ETRS89",51.475008,4.199683,4.199683,51.475008,"core","southern_and_central_north_sea"
5437,"marsdiep","Marsdiep","Marsdiep","ETRS89",52.973548,4.749321,4.749321,52.973548,"core","southern_and_central_north_sea"
1590,"marsdiep.noord","Marsdiep, noord","Marsdiep, noord","ETRS89",52.982538,4.749934,4.749934,52.982538,"core","southern_and_central_north_sea"
5718,"maurik.mauriksewetering","Maurik Mauriksewetering","Maurik Mauriksewetering","ETRS89",51.94173,5.38961,5.38961,51.94173,"outside_domain",
16347,"medemblik.3","Medemblik, 3","recreatie terrein","ETRS89",52.765486,5.120865,5.120865,52.765486,"outside_domain",
2906,"medemblik.5","Medemblik, 5","recreatie terrein","ETRS89",52.766602,5.121643,5.121643,52.766602,"outside_domain",
11981,"medemblik.vooroever.hetnesbos","Medemblik, Vooroever, Het Nesbos","Medemblik, Vooroever, Het Nesbos","ETRS89",52.755223,5.124689,5.124689,52.755223,"outside_domain",
7520,"medemblik.vooroever.vlietsingelextra","Medemblik, Vooroever, Vlietsingel extra","Medemblik, Vooroever, Vlietsingel extra","ETRS89",52.76745,5.119134,5.119134,52.76745,"outside_domain",
6226,"medemblik.vooroever.vlietsingelpoel","Medemblik, Vooroever, Vlietsingel Poel","Medemblik, Vooroever, Vlietsingel Poel","ETRS89",52.764619,5.119063,5.119063,52.764619,"outside_domain",
9229,"meeswijk","Meeswijk veer","km 38,93","ETRS89",51.006474,5.766474,5.766474,51.006474,"outside_domain",
9370,"megen","Megen","Megen","ETRS89",51.828495,5.566793,5.566793,51.828495,"outside_domain",
10664,"megen.maas","Megen Dorp","km 190,75","ETRS89",51.827827,5.563091,5.563091,51.827827,"outside_domain",
17394,"meijel.kanaal.beneden","Meijel Stuw Katsberg beneden","Meijel Stuw Katsberg beneden","ETRS89",51.326559,5.902689,5.902689,51.326559,"outside_domain",
11325,"meijel.kanaal.boven","Meijel Stuw Katsberg boven","Meijel Stuw Katsberg boven","ETRS89",51.3262,5.9024,5.9024,51.3262,"outside_domain",
11870,"meppelerdiep.sluis","Meppelerdiep, sluis","Meppelerdiep, sluis","ETRS89",52.637859,6.078202,6.078202,52.637859,"outside_domain",
15765,"meppelerdiep.sluis.binnendeur","Meppelerdiep, sluis, binnendeur","Meppelerdiep, sluis, binnendeur","ETRS89",52.637949,6.078204,6.078204,52.637949,"outside_domain",
3424,"meppelerdiep.sluis.buitendeur","Meppelerdiep, sluis, buitendeur","Meppelerdiep, sluis, buitendeur","ETRS89",52.63777,6.078127,6.078127,52.63777,"outside_domain",
8288,"meppel.hoofdvaart","Meppel, hoofdvaart","Galgenkampsbrug","ETRS89",52.702059,6.185111,6.185111,52.702059,"outside_domain",
2872,"middelaar.dekop.maas.km159p25.pq2","Middelaar, De Kop, Maas, km 159.25, PQ 02","Middelaar, De Kop, Maas, km 159.25, PQ 02","ETRS89",51.718179,5.919352,5.919352,51.718179,"outside_domain",
18193,"middeldiep","Middeldiep","Middeldiep","ETRS89",51.672331,3.403609,3.403609,51.672331,"core","southern_and_central_north_sea"
14114,"middelgat.brouwersplaat.molenplaat.deelgebied","Middelgat, Brouwersplaat, Molenplaat , deelgebied","Middelgat, Brouwersplaat, Molenplaat , deelgebied","ETRS89",51.432521,3.948714,3.948714,51.432521,"core","southern_and_central_north_sea"
9248,"middelgronden.2","Middelgronden, punt 2","Middelgronden, punt 2","ETRS89",53.017841,5.238192,5.238192,53.017841,"core","southern_and_central_north_sea"
14387,"middelharnis","Middelharnis","Middelharnis","ETRS89",51.773561,4.192414,4.192414,51.773561,"outside_domain",
9705,"middelharnis.badstrand","Middelharnis, badstrand","Middelharnis, badstrand","ETRS89",51.771983,4.193731,4.193731,51.771983,"outside_domain",
11169,"middelharnis.meetboei","Middelharnis, meetboei","Middelharnis, meetboei","ETRS89",51.776524,4.192119,4.192119,51.776524,"outside_domain",
9995,"middelwaard","Middelwaard","Middelwaard","ETRS89",51.994143,5.075122,5.075122,51.994143,"outside_domain",
18567,"midderburg.draaibrug","Midderburg, draaibrug","Midderburg, draaibrug","ETRS89",51.495488,3.616576,3.616576,51.495488,"outside_domain",
1753,"mierlo.goorloop.gemaal","Mierlo, Goorloop, gemaal","Mierlo, Goorloop, gemaal","ETRS89",51.456467,5.656469,5.656469,51.456467,"outside_domain",
10934,"mierlo.goorloop.inlaat1","Mierlo Goorloop inlaat1","Mierlo Goorloop inlaat1","ETRS89",51.45647,5.65654,5.65654,51.45647,"outside_domain",
5524,"mijnbouwvak.l02.deelgebied","Mijnbouwvak, L02 , deelgebied","Mijnbouwvak, L02 , deelgebied","ETRS89",53.915942,4.498657,4.498657,53.915942,"core","southern_and_central_north_sea"
18102,"millingenaanderijn","Millingen a/d Rijn","Millingen a/d Rijn","ETRS89",51.872957,6.034838,6.034838,51.872957,"outside_domain",
14427,"millingenaanderijn.km866","Millingen aan de Rijn, km 866","Millingen aan de Rijn, km 866","ETRS89",51.870104,6.062386,6.062386,51.870104,"outside_domain",
9208,"millingenaanderijn.pannerdensekop","Millingen a/d Rijn Pannerdense Kop","Millingen a/d Rijn Pannerdense Kop","ETRS89",51.872,6.0417,6.0417,51.872,"outside_domain",
7575,"mirnserklif.mirns","Mirnser Klif, Mirns","Mirnser Klif, Mirns","ETRS89",52.850437,5.480474,5.480474,52.850437,"core","southern_and_central_north_sea"
4050,"mississippihaven","Mississippihaven","Mississippihaven","ETRS89",51.934244,4.045135,4.045135,51.934244,"outside_domain",
857,"moerdijk","Moerdijk","Moerdijk","ETRS89",51.712,4.615,4.615,51.712,"core","southern_and_central_north_sea"
372,"moerdijk.brug","Moerdijk, brug","station troebelheidmeting","ETRS89",51.716367,4.636542,4.636542,51.716367,"core","southern_and_central_north_sea"
5512,"moerdijk.bruggen","Moerdijk, bruggen","Moerdijk, bruggen","ETRS89",51.716769,4.639495,4.639495,51.716769,"core","southern_and_central_north_sea"
15649,"molengat","Molengat","Molengat","ETRS89",53.427194,5.726886,5.726886,53.427194,"core","southern_and_central_north_sea"
6663,"molenplaat.midden","Molenplaat, midden","Molenplaat, midden","ETRS89",51.497866,4.219969,4.219969,51.497866,"core","southern_and_central_north_sea"
1648,"molkwerum.molkwerum","Molkwerum, Molkwerum","Molkwerum, Molkwerum","ETRS89",52.905866,5.396689,5.396689,52.905866,"outside_domain",
16258,"mondderdonge","Mond der Donge","Mond der Donge","ETRS89",51.709911,4.847381,4.847381,51.709911,"outside_domain",
17859,"mondderdonge.brug","Mond der Donge, brug","Mond der Donge, brug","ETRS89",51.711313,4.859084,4.859084,51.711313,"outside_domain",
9235,"mondvandedollard","Mond van de Dollard","Mond van de Dollard","ETRS89",53.311917,7.081537,7.081537,53.311917,"core","southern_and_central_north_sea"
3691,"mondvandedollard.noord","Mond van de Dollard, noord","Mond van de Dollard, noord","ETRS89",53.316846,7.082481,7.082481,53.316846,"core","southern_and_central_north_sea"
9111,"monstertotkijkduin.paal106tot112.nld2020","Monster tot Kijkduin, paal 106 tot 112, NLD2020","Monster tot Kijkduin, paal 106 tot 112, NLD2020","ETRS89",52.05181,4.15659,4.15659,52.05181,"core","southern_and_central_north_sea"
13443,"mook","Mook","Mook","ETRS89",51.758,5.8645,5.8645,51.758,"outside_domain",
9243,"mook.haven","Mook, haven","Mook, haven","ETRS89",51.750295,5.880296,5.880296,51.750295,"outside_domain",
7654,"moordrecht.zuid.km6ntb","Moordrecht, zuid, km 6 ntb","Moordrecht, zuid, km 6 ntb","ETRS89",51.978721,4.663182,4.663182,51.978721,"outside_domain",
8273,"muiden","Muiden","Muiden","ETRS89",52.330006,5.068863,5.068863,52.330006,"outside_domain",
8267,"muiden.buitenhaven","Muiden, buitenhaven","Muiden, buitenhaven","ETRS89",52.338998,5.070265,5.070265,52.338998,"outside_domain",
10331,"muiden.haven","Muiden, haven","Muiden, haven","ETRS89",52.332168,5.070461,5.070461,52.332168,"outside_domain",
15216,"muiderberg","Muiderberg","Muiderberg","ETRS89",52.329204,5.12281,5.12281,52.329204,"outside_domain",
8712,"muiderberg.extra","Muiderberg, extra","Muiderberg, extra","ETRS89",52.329366,5.122955,5.122955,52.329366,"outside_domain",
15553,"muizenhol","Muizenhol","Muizenhol","ETRS89",51.49859,5.677731,5.677731,51.49859,"outside_domain",
2162,"munnikplaat","Munnikplaat","Munnikplaat","ETRS89",52.908925,5.228753,5.228753,52.908925,"core","southern_and_central_north_sea"
5541,"naarden","Naarden","Naarden","ETRS89",52.310959,5.161865,5.161865,52.310959,"core","southern_and_central_north_sea"
12571,"naarderbos","Naarderbos","Naarderbos","ETRS89",52.317819,5.144671,5.144671,52.317819,"core","southern_and_central_north_sea"
456,"natewisch","Natewisch","recreatieplas","ETRS89",51.973164,5.387203,5.387203,51.973164,"outside_domain",
13625,"nauernaschepolder.km8.1","Nauernasche polder, km 8,1","Nauernasche polder, km 8,1","ETRS89",52.443123,4.699957,4.699957,52.443123,"outside_domain",
14870,"nederland.noordvanhetvastelanduitdekust.nld3009","Nederland, noord van het vaste land uit de kust, NLD3009","Nederland, noord van het vaste land uit de kust, NLD3009","ETRS89",52.7,4,4,52.7,"core","southern_and_central_north_sea"
18989,"nederlandsedeltakustofbinnenland.nld1000","Netherlands Delta coast or inland - not specified","NLD1000","ETRS89",51.7,3.7,3.7,51.7,"outside_domain",
3397,"nederlandsekustofbinnenland.nietgespecificeerd.nld0000","Nederlandse kust of binnenland, niet gespecificeerd, NLD0000","Nederlandse kust of binnenland, niet gespecificeerd, NLD0000","ETRS89",52.6,4.6,4.6,52.6,"core","southern_and_central_north_sea"
3365,"nederrijn.km879p000rechteroever","Nederrijn, km. 879.000 Rechter oever","Nederrijn, km. 879.000 Rechter oever","ETRS89",51.953903,5.946518,5.946518,51.953903,"outside_domain",
15554,"nederrijn.km879p500linkeroever","Nederrijn, km. 879.500 Linker oever","Nederrijn, km. 879.500 Linker oever","ETRS89",51.955092,5.940171,5.940171,51.955092,"outside_domain",
3538,"nederrijn.km879p500rechteroever","Nederrijn, km. 879.500 Rechter oever","Nederrijn, km. 879.500 Rechter oever","ETRS89",51.956141,5.942073,5.942073,51.956141,"outside_domain",
6195,"nederrijn.km880p000linkeroever","Nederrijn, km. 880.000 Linker oever","Nederrijn, km. 880.000 Linker oever","ETRS89",51.95901,5.93515,5.93515,51.95901,"outside_domain",
7224,"nederrijn.km880p000rechteroever","Nederrijn, km. 880.000 Rechter oever","Nederrijn, km. 880.000 Rechter oever","ETRS89",51.960094,5.937439,5.937439,51.960094,"outside_domain",
6145,"nederrijn.km880p100rechteroever","Nederrijn, km. 880.100 Rechter oever","Nederrijn, km. 880.100 Rechter oever","ETRS89",51.959211,5.937629,5.937629,51.959211,"outside_domain",
14758,"nederrijn.km882p700linkeroever","Nederrijn, km. 882.700 Linker oever","Nederrijn, km. 882.700 Linker oever","ETRS89",51.973219,5.912632,5.912632,51.973219,"outside_domain",
1605,"nederrijn.km887p000linkeroever","Nederrijn, km. 887.000 Linker oever","Nederrijn, km. 887.000 Linker oever","ETRS89",51.969934,5.864993,5.864993,51.969934,"outside_domain",
17131,"nederrijn.km900p300linkeroever","Nederrijn, km. 900.300 Linker oever","Nederrijn, km. 900.300 Linker oever","ETRS89",51.959139,5.687422,5.687422,51.959139,"outside_domain",
4493,"nederrijn.km904p200rechteroever","Nederrijn, km. 904.200 Rechter oever","Nederrijn, km. 904.200 Rechter oever","ETRS89",51.948496,5.636846,5.636846,51.948496,"outside_domain",
16216,"nederrijn.km913p400rechteroever","Nederrijn, km. 913.400 Rechter oever","Nederrijn, km. 913.400 Rechter oever","ETRS89",51.971544,5.525016,5.525016,51.971544,"outside_domain",
5648,"nederrijn.km918p200rechteroever","Nederrijn, km. 918.200 Rechter oever","Nederrijn, km. 918.200 Rechter oever","ETRS89",51.984116,5.460065,5.460065,51.984116,"outside_domain",
15541,"nederweert","Nederweert","Nederweert","ETRS89",51.272393,5.74975,5.74975,51.272393,"outside_domain",
782,"nederweert.bovenstroomsluis","Nederweert, bovenstroomsluis","Nederweert, bovenstroomsluis","ETRS89",51.327502,5.747318,5.747318,51.327502,"outside_domain",
7718,"nederweerteind.noordervaart","Nederweert-Eind","Nederweert-Eind","ETRS89",51.28051,5.77045,5.77045,51.28051,"outside_domain",
11379,"nederweert.sluis15.boven","Nederweert, sluis 15, boven","Nederweert, sluis 15, boven","ETRS89",51.2728,5.7497,5.7497,51.2728,"outside_domain",
9915,"nederweert.sluis15.bypass","Nederweert, Sluis 15, bypass","Nederweert, Sluis 15, bypass","ETRS89",51.272606,5.751183,5.751183,51.272606,"outside_domain",
16200,"nederweert.sluis15.inlaat","Nederweert, Sluis 15, inlaat","Spuien","ETRS89",51.272625,5.751183,5.751183,51.272625,"outside_domain",
5679,"nederweert.sluis15.uitlaat","Nederweert, Sluis 15, uitlaat","NettobalansUIT","ETRS89",51.272614,5.751183,5.751183,51.272614,"outside_domain",
16227,"nederweert.sluis15.voedingskanaal","Nederweert, sluis 15, voedingskanaal","Nederweert, sluis 15, voedingskanaal","ETRS89",51.27268,5.7516,5.7516,51.27268,"outside_domain",
9130,"nederweert.sluis15.voedingskanaal1","Nederweert, Sluis 15, voedingskanaal 1","Nederweert, Sluis 15, voedingskanaal 1","ETRS89",51.272611,5.751183,5.751183,51.272611,"outside_domain",
3889,"nederweert.sluis15.voedingskanaal2","Nederweert, Sluis 15, voedingskanaal 2","Nederweert, Sluis 15, voedingskanaal 2","ETRS89",51.272608,5.751183,5.751183,51.272608,"outside_domain",
18438,"neeltjejans.badstrand","Neeltje Jans, badstrand","Neeltje Jans, badstrand","ETRS89",51.642656,3.707639,3.707639,51.642656,"core","southern_and_central_north_sea"
649,"neeltjejans.buitenhaven","Neeltje Jans, Buitenhaven","Neeltje Jans, Buitenhaven","ETRS89",51.639708,3.702692,3.702692,51.639708,"core","southern_and_central_north_sea"
9803,"neer","Neer","Neer","ETRS89",51.2604,6.0055,6.0055,51.2604,"outside_domain",
13210,"negenoord.oost","Negenoord","km 42,47","ETRS89",51.030139,5.759722,5.759722,51.030139,"outside_domain",
14072,"negenoord.west","Negenoord, west","Negenoord, west","ETRS89",51.029639,5.759194,5.759194,51.029639,"outside_domain",
7465,"nes.engelsmandplaat.hetrif","Nes Engelsmandplaat Het Rif","Nes Engelsmandplaat Het Rif","ETRS89",53.475,6.058333,6.058333,53.475,"core","southern_and_central_north_sea"
4859,"neunen.beeksewaterloop","Neunen, Beekse Waterloop","Neunen, Beekse Waterloop","ETRS89",51.513769,5.551481,5.551481,51.513769,"outside_domain",
3947,"nieuwbeerta","Nieuw Beerta","Nieuw Beerta","ETRS89",53.187604,7.16607,7.16607,53.187604,"outside_domain",
12043,"nieuwebildt","Nieuwe Bildt","Nieuwe Bildt","ETRS89",53.310091,5.625896,5.625896,53.310091,"outside_domain",
3875,"nieuwegein.doorslag","Nieuwegein, Doorslag","Nieuwegein, Doorslag","ETRS89",52.0323,5.089851,5.089851,52.0323,"outside_domain",
12035,"nieuwegein.lekkanaal","Nieuwegein, lekkanaal","Nieuwegein, lekkanaal","ETRS89",52.022729,5.113007,5.113007,52.022729,"outside_domain",
18576,"nieuwegein.noord.km42","Nieuwegein, noord, km 42","Nieuwegein, noord, km 42","ETRS89",52.04227,5.109535,5.109535,52.04227,"outside_domain",
14626,"nieuwemaas.990","Nieuwe Maas, 990","Nieuwe Maas, 990","ETRS89",51.891361,4.608411,4.608411,51.891361,"outside_domain",
2339,"nieuwemaas.991","Nieuwe Maas, 991","Nieuwe Maas, 991","ETRS89",51.894192,4.594793,4.594793,51.894192,"outside_domain",
303,"nieuwemaas.992","Nieuwe Maas, 992","Nieuwe Maas, 992","ETRS89",51.900321,4.584136,4.584136,51.900321,"outside_domain",
16233,"nieuwemaas.993","Nieuwe Maas, 993","Nieuwe Maas, 993","ETRS89",51.903592,4.570854,4.570854,51.903592,"outside_domain",
17790,"nieuwemaas.994","Nieuwe Maas, 994","Nieuwe Maas, 994","ETRS89",51.905101,4.556614,4.556614,51.905101,"outside_domain",
17590,"nieuwemaas.995","Nieuwe Maas, 995","Nieuwe Maas, 995","ETRS89",51.903912,4.544909,4.544909,51.903912,"outside_domain",
10109,"nieuwemerwede.westzijde","Nieuwe Merwede, westzijde","km, raai 970","ETRS89",51.792204,4.766093,4.766093,51.792204,"outside_domain",
16772,"nieuwendam","Nieuwendam","Nieuwendam","ETRS89",52.37484,4.951428,4.951428,52.37484,"core","southern_and_central_north_sea"
5055,"nieuwersluis","Nieuwersluis","Nieuwersluis","ETRS89",52.202172,4.999561,4.999561,52.202172,"outside_domain",
9873,"nieuwestatenzijl.buiten","Nieuwe Statenzijl, buiten","Nieuwe Statenzijl, buiten","ETRS89",53.254251,7.175424,7.175424,53.254251,"core","southern_and_central_north_sea"
6534,"nieuwestatenzijl.dollard","Nieuwe Statenzijl, Dollard","Nieuwe Statenzijl, Dollard","ETRS89",53.231562,7.207423,7.207423,53.231562,"outside_domain",
2379,"nieuwewaterweg.meetboeinw2","Nieuwe Waterweg, meetboei NW2","km 1014.700","ETRS89",51.89844,4.296041,4.296041,51.89844,"outside_domain",
221,"nieuwewaterweg.zuidzijde","Nieuwe Waterweg, zuidzijde","tussen km-raai 1020 en 1021","ETRS89",51.921151,4.227163,4.227163,51.921151,"outside_domain",
3725,"nieuwhaamstede.badstrand","Nieuw Haamstede, badstrand","Nieuw Haamstede, badstrand","ETRS89",51.705864,3.677076,3.677076,51.705864,"core","southern_and_central_north_sea"
12545,"nieuwhaamstede.vuurtorenpad.badstrand","Nieuw Haamstede, Vuurtorenpad, badstrand","Nieuw Haamstede, Vuurtorenpad, badstrand","ETRS89",51.714319,3.683558,3.683558,51.714319,"outside_domain",
18371,"nieuwhulckesteyn","Nieuw-Hulckesteyn","badstrand","ETRS89",52.255704,5.463053,5.463053,52.255704,"outside_domain",
11309,"nieuwhulckesteyn.2","Nieuw-Hulckesteyn, 2","badstrand","ETRS89",52.258301,5.463805,5.463805,52.258301,"outside_domain",
345,"nieuwnamen.overloopvanvalkenisse","Nieuwnamen Overloop van Valkenisse","Nieuwnamen Overloop van Valkenisse","ETRS89",51.369978,4.136497,4.136497,51.369978,"core","southern_and_central_north_sea"
7140,"nieuwpoort.lek","Nieuwpoort Lek","Nieuwpoort Lek","ETRS89",51.939076,4.8638976,4.8638976,51.939076,"outside_domain",
356,"nieuwvlietbad.oost.badstrand","Nieuwvliet-Bad, oost, badstrand","Nieuwvliet-Bad, oost, badstrand","ETRS89",51.393569,3.454546,3.454546,51.393569,"outside_domain",
10577,"nieuwvossemeer","Nieuw-Vossemeer","Nieuw-Vossemeer","ETRS89",51.584608,4.201577,4.201577,51.584608,"core","southern_and_central_north_sea"
412,"nigtevecht.km13","Nigtevecht, km 13","Nigtevecht, km 13","ETRS89",52.276208,5.020162,5.020162,52.276208,"outside_domain",
16410,"nigtevecht.westzijdekm13lo","Nigtevecht, westzijde km 13 lo","Nigtevecht, westzijde km 13 lo","ETRS89",52.276058,5.019925,5.019925,52.276058,"outside_domain",
4977,"nijkerk.2","Nijkerk, 02","Nijkerk, 02","ETRS89",52.255659,5.44788,5.44788,52.255659,"outside_domain",
17546,"nijkerkaanzee","Nijkerk aan Zee","Nijkerk aan Zee","ETRS89",52.255023,5.458966,5.458966,52.255023,"outside_domain",
14229,"nijkerk.nijkerkernauw","Nijkerk, Nijkerkernauw","Nijkerk, Nijkerkernauw","ETRS89",52.261739,5.470182,5.470182,52.261739,"outside_domain",
16860,"nijkerk.nijkerkersluis","Nijkerk, Nijkerkersluis","Nijkerk, Nijkerkersluis","ETRS89",52.262993,5.476557,5.476557,52.262993,"outside_domain",
5047,"nijkerk.nuldernauw","Nijkerk, Nuldernauw","Nijkerk, Nuldernauw","ETRS89",52.262814,5.475311,5.475311,52.262814,"outside_domain",
13200,"nijmegen","Nijmegen","Nijmegen","ETRS89",51.850241,5.85991,5.85991,51.850241,"outside_domain",
15276,"nijmegen.dukenburgsebrug","Nijmegen, Dukenburgsebrug","Nijmegen, Dukenburgsebrug","ETRS89",51.817527,5.811996,5.811996,51.817527,"outside_domain",
19246,"nijmegen.lent.spiegelwaal","Spiegelwaal","Spiegelwaal","ETRS89",51.85505,5.85993,5.85993,51.85505,"outside_domain",
12634,"nijmegen.maaswaalkanaal","Nijmegen, Maas-Waalkanaal","voorheen Hatert","ETRS89",51.826797,5.808602,5.808602,51.826797,"outside_domain",
12948,"nijmegen.maaswaalkanaal.inlaatlandsweijer","Nijmegen Maaswaalkanaal Inlaat Landsweijer","Nijmegen Maaswaalkanaal Inlaat Landsweijer","ETRS89",51.82919,5.80625,5.80625,51.82919,"outside_domain",
5408,"nijmegen.maaswaalkanaal.inlaatweurt","Nijmegen Maaswaalkanaal Inlaat Weurt","Nijmegen Maaswaalkanaal Inlaat Weurt","ETRS89",51.84111,5.81146,5.81146,51.84111,"outside_domain",
18167,"nijmegen.waal","Nijmegen, Waal","voorheen Nijmegen haven","ETRS89",51.853,5.854,5.854,51.853,"outside_domain",
17788,"nonnetjesweg","Nonnetjesweg","Hoge Vaart","ETRS89",52.416478,5.623854,5.623854,52.416478,"outside_domain",
15728,"noord.981","Noord, 981","Noord, 981","ETRS89",51.859825,4.650897,4.650897,51.859825,"outside_domain",
7811,"noord.982","Noord, 982","Noord, 982","ETRS89",51.866749,4.641462,4.641462,51.866749,"outside_domain",
4704,"noord.983","Noord, 983","Noord, 983","ETRS89",51.873297,4.632278,4.632278,51.873297,"outside_domain",
15327,"noord.984","Noord, 984","Noord, 984","ETRS89",51.881185,4.626074,4.626074,51.881185,"outside_domain",
18192,"noorderbalgen","Noorderbalgen","Noorderbalgen","ETRS89",53.358039,5.380449,5.380449,53.358039,"core","southern_and_central_north_sea"
7669,"noorderdam","Noorderdam","Noorderdam","ETRS89",51.980839,4.089509,4.089509,51.980839,"core","southern_and_central_north_sea"
2877,"noordergat","Noordergat","Noordergat","ETRS89",51.650588,4.228319,4.228319,51.650588,"core","southern_and_central_north_sea"
13272,"noordergat.vandeplomp.badstrand","Noordergat, van de Plomp, badstrand","Noordergat, van de Plomp, badstrand","ETRS89",51.719079,4.7917,4.7917,51.719079,"outside_domain",
8291,"noordergat.vandevisschen.zuid","Noordergat, van de Visschen, zuid","Noordergat, van de Visschen, zuid","ETRS89",51.727154,4.706325,4.706325,51.727154,"outside_domain",
9475,"noorderkrammer.zuid","Noorder Krammer, zuid","Noorder Krammer, zuid","ETRS89",51.677394,4.176034,4.176034,51.677394,"core","southern_and_central_north_sea"
7227,"noorderlekdijk.km955","Noorderlekdijk, km 955","Noorderlekdijk, km 955","ETRS89",51.979396,5.040786,5.040786,51.979396,"outside_domain",
699,"noordhuizen.oostzijde.km56","Noordhuizen, oostzijde, km 56","Noordhuizen, oostzijde, km 56","ETRS89",51.957423,5.272599,5.272599,51.957423,"outside_domain",
14880,"noordmeep.oost","Noord Meep, oost","Noord Meep, oost","ETRS89",53.336464,5.333917,5.333917,53.336464,"core","southern_and_central_north_sea"
7022,"noordpolderzijl","Noordpolderzijl","Noordpolderzijl","ETRS89",53.432884,6.582293,6.582293,53.432884,"outside_domain",
15534,"noordschans.rietenbiezenveld","Noordschans, Riet- en Biezenveld","Noordschans, Riet- en Biezenveld","ETRS89",51.684834,4.517947,4.517947,51.684834,"core","southern_and_central_north_sea"
18360,"noordwaard","Noordwaard","Noordwaard","ETRS89",51.794683,4.849518,4.849518,51.794683,"outside_domain",
14521,"noordwaard.maczbts.lit.7","Noordwaard, MACZBTS,  Lit, 7","Noordwaard, MACZBTS,  Lit, 7","ETRS89",51.787924,4.86142,4.86142,51.787924,"outside_domain",
17911,"noordwijk.10kmuitdekust.flachsee","Noordwijk, 10 km uit de kust Flachsee","Flachseemeting","ETRS89",52.290014,4.305106,4.305106,52.290014,"core","southern_and_central_north_sea"
12953,"noordwijk.1kmuitdekust","Noordwijk, 1 km uit de kust","Noordwijk, 1 km uit de kust","ETRS89",52.255608,4.418981,4.418981,52.255608,"core","southern_and_central_north_sea"
11185,"noordwijk.1p5kmuitdekust","Noordwijk, 1.5 km uit de kust","Noordwijk, 1.5 km uit de kust","ETRS89",52.253822,4.412345,4.412345,52.253822,"core","southern_and_central_north_sea"
10169,"noordwijk.20kmuitdekust","Noordwijk, 20 km uit de kust","Noordwijk, 20 km uit de kust","ETRS89",52.340886,4.173695,4.173695,52.340886,"core","southern_and_central_north_sea"
6273,"noordwijk.2kmuitdekust.flachsee","Noordwijk, 2 km uit de kust Flachsee","Flachseemeting","ETRS89",52.253814,4.412317,4.412317,52.253814,"core","southern_and_central_north_sea"
18080,"noordwijk.30kmuitdekust","Noordwijk, 30 km uit de kust","Noordwijk, 30 km uit de kust","ETRS89",52.386719,4.046746,4.046746,52.386719,"core","southern_and_central_north_sea"
9973,"noordwijk.3kmuitdekust","Noordwijk, 3 km uit de kust","Noordwijk, 3 km uit de kust","ETRS89",52.260113,4.39373,4.39373,52.260113,"core","southern_and_central_north_sea"
17077,"noordwijk.4kmuitdekust.flachsee","Noordwijk, 4 km uit de kust Flachsee","Flachseemeting","ETRS89",52.268569,4.368681,4.368681,52.268569,"core","southern_and_central_north_sea"
10498,"noordwijk.50kmuitdekust","Noordwijk, 50 km uit de kust","Noordwijk, 50 km uit de kust","ETRS89",52.480053,3.785347,3.785347,52.480053,"core","southern_and_central_north_sea"
4865,"noordwijk.5kmuitdekust","Noordwijk, 5 km uit de kust","Noordwijk, 5 km uit de kust","ETRS89",52.27423,4.352034,4.352034,52.27423,"core","southern_and_central_north_sea"
3143,"noordwijk.60kmuitdekust","Noordwijk, 60 km uit de kust","boei AM3","ETRS89",52.561296,3.716966,3.716966,52.561296,"core","southern_and_central_north_sea"
13826,"noordwijk.70kmuitdekust","Noordwijk, 70 km uit de kust","Noordwijk, 70 km uit de kust","ETRS89",52.585331,3.53006,3.53006,52.585331,"core","southern_and_central_north_sea"
18801,"noordwijk.aanzee","Noordwijk, aan Zee","Noordwijk, aan Zee","ETRS89",52.27761,4.454418,4.454418,52.27761,"outside_domain",
5985,"noordwijkaanzee.boulevard","Noordwijk aan Zee, Boulevard","Noordwijk aan Zee, Boulevard","ETRS89",52.243415,4.424869,4.424869,52.243415,"core","southern_and_central_north_sea"
630,"noordwijk.langevelderslag.paal75tot82.nld2024","Noordwijk, Langevelderslag, paal 75 tot 82, NLD2024","Noordwijk, Langevelderslag, paal 75 tot 82, NLD2024","ETRS89",52.32158,4.45776,4.45776,52.32158,"core","southern_and_central_north_sea"
11506,"noordwijk.meetpost","Noordwijk, meetpost","Noordwijk, meetpost","ETRS89",52.273107,4.294811,4.294811,52.273107,"core","southern_and_central_north_sea"
5518,"noordwijk.strandafvalmeetnet","Noordwijk, Strandafval Meetnet","NL002","ETRS89",52.322696,4.490641,4.490641,52.322696,"outside_domain",
4494,"noordwijk.west.deelgebiedlangsdekust","Noordwijk, west , deelgebied langs de kust","Noordwijk, west , deelgebied langs de kust","ETRS89",52.249208,4.415333,4.415333,52.249208,"core","southern_and_central_north_sea"
10913,"noordzee.boei.b75n","Noordzee, Boei, B-75-N","Noordzee, Boei, B-75-N","ETRS89",52.365885,3.998689,3.998689,52.365885,"core","southern_and_central_north_sea"
5266,"noordzeekanaal.km22p0","Noordzeekanaal, km 22.0","Noordzeekanaal, km 22.0","ETRS89",52.400324,4.882323,4.882323,52.400324,"outside_domain",
2336,"noordzeekanaal.noordzijde.km20p4","Noordzeekanaal, noordzijde, km 20.4","Noordzeekanaal, noordzijde, km 20.4","ETRS89",52.41309,4.868582,4.868582,52.41309,"outside_domain",
4391,"noordzeekanaal.zuidzijde.km17p7","Noordzeekanaal, zuidzijde, km 17.7","Noordzeekanaal, zuidzijde, km 17.7","ETRS89",52.419807,4.833473,4.833473,52.419807,"outside_domain",
4257,"nulderdijk.km37","Nulderdijk, km 37","Nulderdijk, km 37","ETRS89",52.280959,5.531252,5.531252,52.280959,"outside_domain",
16970,"nulderdijk.recreatiepark","Nulderdijk, recreatiepark","Nulderdijk, recreatiepark","ETRS89",52.31307,5.547047,5.547047,52.31307,"outside_domain",
18758,"nulderhoek","Nulderhoek","Nulderhoek","ETRS89",52.267329,5.502319,5.502319,52.267329,"outside_domain",
9185,"numansdorp","Numansdorp","Numansdorp","ETRS89",51.716285,4.436327,4.436327,51.716285,"core","southern_and_central_north_sea"
13846,"numansdorp.polder","Numansdorp, polder","Numansdorp, polder","ETRS89",51.718699,4.423715,4.423715,51.718699,"outside_domain",
16089,"nunnenplaatje.zuidwest","Nunnenplaatje, zuidwest","Nunnenplaatje, zuidwest","ETRS89",51.643984,3.86726,3.86726,51.643984,"core","southern_and_central_north_sea"
14435,"obbicht","Obbicht","Obbicht","ETRS89",51.023587,5.775726,5.775726,51.023587,"outside_domain",
6111,"ochten","Ochten","Ochten","ETRS89",51.903374,5.563024,5.563024,51.903374,"outside_domain",
15086,"oensel.hurwenensekil","Oensel, Hurwenensekil","kilometer 932, recreatieplas","ETRS89",51.811784,5.290045,5.290045,51.811784,"outside_domain",
14474,"oesterdam","Oesterdam","Oesterdam","ETRS89",51.473934,4.227061,4.227061,51.473934,"core","southern_and_central_north_sea"
4925,"oesterdam.speelmansplaten.badstrand","Oesterdam, Speelmansplaten, badstrand","Oesterdam, Speelmansplaten, badstrand","ETRS89",51.501648,4.18516,4.18516,51.501648,"core","southern_and_central_north_sea"
11223,"oesterdam.westzijde.badstrand","Oesterdam, westzijde, badstrand","Oesterdam, westzijde, badstrand","ETRS89",51.478623,4.219455,4.219455,51.478623,"core","southern_and_central_north_sea"
6948,"oestergronden.19","Oestergronden, 19","Oestergronden, 19","ETRS89",54.499279,2.998599,2.998599,54.499279,"core","southern_and_central_north_sea"
9206,"oestergronden.21","Oestergronden, 21","Oestergronden, 21","ETRS89",54.999318,4.998636,4.998636,54.999318,"core","southern_and_central_north_sea"
18575,"oeverbos.west","Oeverbos, west","Oeverbos, west","ETRS89",51.903671,4.278766,4.278766,51.903671,"outside_domain",
3264,"oheenlaak.oudemaas.brug.beneden","Ohe en Laak, Oude Maas, brug, beneden","Ohe en Laak, Oude Maas, brug, beneden","ETRS89",51.111202,5.850496,5.850496,51.111202,"outside_domain",
14308,"oheenlaak.oudemaas.brug.boven","Ohe en Laak, Oude Maas, brug, boven","Ohe en Laak, Oude Maas, brug, boven","ETRS89",51.11028,5.849945,5.849945,51.11028,"outside_domain",
12717,"oijen","Oijen","Oijen","ETRS89",51.823626,5.509044,5.509044,51.823626,"outside_domain",
11438,"olburgen.zwarteschaar","Olburgen, Zwarte Schaar","Olburgen, Zwarte Schaar","ETRS89",52.03555,6.136088,6.136088,52.03555,"outside_domain",
14749,"oldebroekerweg","Oldebroekerweg","Oldebroekertocht","ETRS89",52.461181,5.721204,5.721204,52.461181,"outside_domain",
15635,"oliegeul","Oliegeul","Oliegeul","ETRS89",51.65101,3.738763,3.738763,51.65101,"core","southern_and_central_north_sea"
7790,"olst","Olst","Olst","ETRS89",52.34201,6.10448,6.10448,52.34201,"outside_domain",
10870,"olsterweg","Olsterweg","Oostwoldertocht","ETRS89",52.486208,5.767031,5.767031,52.486208,"outside_domain",
3251,"omdraai","Omdraai","Omdraai","ETRS89",53.103713,5.189491,5.189491,53.103713,"core","southern_and_central_north_sea"
18184,"ommen.ommerkanaal","Ommen, Ommerkanaal","km 0.8","ETRS89",52.523367,6.402053,6.402053,52.523367,"outside_domain",
3664,"ommen.vecht","Ommen, Vecht","voorheen  Hesselmulertbrug","ETRS89",52.517096,6.421919,6.421919,52.517096,"outside_domain",
10141,"ool","Ool","km 76.5","ETRS89",51.190237,5.951867,5.951867,51.190237,"outside_domain",
302,"oolerplas","Oolerplas","Oolerplas","ETRS89",51.187211,5.945608,5.945608,51.187211,"outside_domain",
2779,"ooltgensplaat.hellegat.badstrand","Ooltgensplaat, Hellegat, badstrand","Ooltgensplaat, Hellegat, badstrand","ETRS89",51.684634,4.425265,4.425265,51.684634,"outside_domain",
3239,"oort","Oort","zuidrand Brakzand","ETRS89",53.424277,6.242051,6.242051,53.424277,"core","southern_and_central_north_sea"
1013,"oosterdijk","Oosterdijk","Oosterdijk","ETRS89",52.750662,5.267284,5.267284,52.750662,"core","southern_and_central_north_sea"
13611,"oosterhoofd","Oosterhoofd","Oosterhoofd","ETRS89",53.316607,7.014638,7.014638,53.316607,"core","southern_and_central_north_sea"
12201,"oosterhout","Oosterhout","Oosterhout","ETRS89",51.630371,4.871365,4.871365,51.630371,"outside_domain",
5507,"oosterhout.markduiker","Oosterhout, Markduiker","Oosterhout, Markduiker","ETRS89",51.645856,4.834048,4.834048,51.645856,"outside_domain",
13181,"oosterhout.marksluis.beneden","Oosterhout, Marksluis, beneden","Oosterhout, Marksluis, beneden","ETRS89",51.647889,4.830861,4.830861,51.647889,"outside_domain",
5114,"oosterhout.marksluis.boven","Oosterhout, Marksluis, boven","Oosterhout, Marksluis, boven","ETRS89",51.648139,4.833494,4.833494,51.648139,"outside_domain",
2215,"oosterhout.marksluis.inlaat","Oosterhout, Marksluis, inlaat","NettobalansIN","ETRS89",51.648139,4.833494,4.833494,51.648139,"outside_domain",
17282,"oosterhout.marksluis.uitlaat","Oosterhout, Marksluis, uitlaat","Schutten","ETRS89",51.648142,4.833494,4.833494,51.648142,"outside_domain",
10419,"oosterhout.sluis1.boven","Oosterhout, sluis 1, boven","Oosterhout, sluis 1, boven","ETRS89",51.643,4.83975,4.83975,51.643,"outside_domain",
4566,"oosterhout.sluis1.gemaal","Oosterhout, Sluis 1, gemaal","Malen","ETRS89",51.643014,4.839742,4.839742,51.643014,"outside_domain",
3744,"oosterhout.sluis1.inlaat","Oosterhout, Sluis 1, inlaat","NettobalansIN","ETRS89",51.643008,4.839742,4.839742,51.643008,"outside_domain",
9866,"oosterhout.sluis1.kolk","Oosterhout, Sluis 1, kolk","Schutten","ETRS89",51.643017,4.839742,4.839742,51.643017,"outside_domain",
17274,"oosterhout.sluis1.pomp2","Oosterhout, Sluis 1, pomp 2","Oosterhout, Sluis 1, pomp 2","ETRS89",51.642997,4.839742,4.839742,51.642997,"outside_domain",
17260,"oosterhout.sluis1.spui","Oosterhout, Sluis 1, spui","Spuien","ETRS89",51.643,4.839742,4.839742,51.643,"outside_domain",
12694,"oosterhout.sluis1.spuikanaal","Oosterhout, sluis 1, spuikanaal","Oosterhout, sluis 1, spuikanaal","ETRS89",51.644,4.8393,4.8393,51.644,"outside_domain",
4899,"oosterhout.sluis1.spuikanaal.kleprechts","Oosterhout, Sluis 1, spuikanaal, klep rechts","Oosterhout, Sluis 1, spuikanaal, klep rechts","ETRS89",51.643003,4.839742,4.839742,51.643003,"outside_domain",
17128,"oosterhout.sluis1.uitlaat","Oosterhout, Sluis 1, uitlaat","NettobalansUIT","ETRS89",51.643008,4.839742,4.839742,51.643008,"outside_domain",
17858,"oosterleek","Oosterleek","Oosterleek","ETRS89",52.606788,5.202825,5.202825,52.606788,"core","southern_and_central_north_sea"
12661,"oosterom","Oosterom","Oosterom","ETRS89",53.367339,5.339001,5.339001,53.367339,"core","southern_and_central_north_sea"
5261,"oosterom.oost","Oosterom, oost","Oosterom, oost","ETRS89",53.378239,5.451069,5.451069,53.378239,"core","southern_and_central_north_sea"
2075,"oosterschelde.10","Oosterschelde, 10","Oosterschelde, 10","ETRS89",51.604528,3.459883,3.459883,51.604528,"core","southern_and_central_north_sea"
9820,"oosterschelde.11","Oosterschelde, 11","Oosterschelde, 11","ETRS89",51.64329,3.480331,3.480331,51.64329,"core","southern_and_central_north_sea"
7686,"oosterschelde.12","Oosterschelde, 12","Oosterschelde, 12","ETRS89",51.679663,3.590399,3.590399,51.679663,"core","southern_and_central_north_sea"
4532,"oosterschelde.13","Oosterschelde, 13","Oosterschelde, 13","ETRS89",51.733324,3.554848,3.554848,51.733324,"core","southern_and_central_north_sea"
11095,"oosterschelde.14","Oosterschelde, 14","Oosterschelde, 14","ETRS89",51.720117,3.676908,3.676908,51.720117,"core","southern_and_central_north_sea"
326,"oosterschelde.15","Oosterschelde, 15","Oosterschelde, 15","ETRS89",51.582828,3.471022,3.471022,51.582828,"core","southern_and_central_north_sea"
11597,"oosterschelde.4","Oosterschelde, 4","voorheen Schaar","ETRS89",51.65514,3.69342,3.69342,51.65514,"core","southern_and_central_north_sea"
18680,"oosterschelde.9","Oosterschelde, 09","Oosterschelde, 09","ETRS89",51.623848,3.663128,3.663128,51.623848,"core","southern_and_central_north_sea"
5169,"oosterscheldekering.hammen","Oosterscheldekering buiten, Hammen","Oosterscheldekering buiten, Hammen","ETRS89",51.659815,3.716876,3.716876,51.659815,"core","southern_and_central_north_sea"
12405,"oosterscheldekering.roompot","Oosterscheldekering buiten Roompot","Oosterscheldekering buiten Roompot","ETRS89",51.60872,3.677391,3.677391,51.60872,"core","southern_and_central_north_sea"
18484,"oosterscheldekering.schaar","Oosterscheldekering buiten, Schaar","Oosterscheldekering buiten, Schaar","ETRS89",51.64777,3.711973,3.711973,51.64777,"core","southern_and_central_north_sea"
18749,"oosterschelde.kustzone","Oosterschelde, kustzone","Oosterschelde, kustzone","ETRS89",51.689806,3.569469,3.569469,51.689806,"core","southern_and_central_north_sea"
9721,"oosterschelde.midden.deelgebied","Oosterschelde, midden , deelgebied","Oosterschelde, midden , deelgebied","ETRS89",51.571137,3.959266,3.959266,51.571137,"core","southern_and_central_north_sea"
15502,"oosterschelde.roompotsluis.binnen","Oosterschelde Roompotsluis binnen","Oosterschelde Roompotsluis binnen","ETRS89",51.618,3.688,3.688,51.618,"core","southern_and_central_north_sea"
13634,"oosterschelde.roompotsluis.buiten","Oosterschelde Roompotsluis buiten","Oosterschelde Roompotsluis buiten","ETRS89",51.619,3.68,3.68,51.619,"outside_domain",
14882,"oosterscheslobbegorzen","Oostersche Slobbegorzen","Numansdorp","ETRS89",51.714083,4.468866,4.468866,51.714083,"core","southern_and_central_north_sea"
9115,"oostfriescheplaat.zuidwest","Oost Friesche Plaat, zuidwest","Oost Friesche Plaat, zuidwest","ETRS89",53.248154,7.173808,7.173808,53.248154,"core","southern_and_central_north_sea"
18283,"oostfriesegaatje","Oostfriese Gaatje","Oostfriese Gaatje","ETRS89",53.375185,6.95832,6.95832,53.375185,"core","southern_and_central_north_sea"
544,"oostfriesegaatje.midden","Oostfriese Gaatje, midden","Oostfriese Gaatje, midden","ETRS89",53.390853,6.990011,6.990011,53.390853,"core","southern_and_central_north_sea"
13791,"oostfriesegaatje.noord","Oostfriese Gaatje, noord","Oostfriese Gaatje, noord","ETRS89",53.434134,6.916686,6.916686,53.434134,"core","southern_and_central_north_sea"
10875,"oostkapelle","Oostkapelle","Oostkapelle","ETRS89",51.591465,3.555529,3.555529,51.591465,"core","southern_and_central_north_sea"
6921,"oostkapelleduinweg.badstrand","Oostkapelle Duinweg, badstrand","Oostkapelle Duinweg, badstrand","ETRS89",51.583776,3.54112,3.54112,51.583776,"outside_domain",
16976,"oostmahorn","Oostmahorn","Oostmahorn","ETRS89",53.3798,6.162597,6.162597,53.3798,"outside_domain",
4845,"oostmeep","Oost Meep","Oost Meep","ETRS89",53.311314,5.410762,5.410762,53.311314,"core","southern_and_central_north_sea"
11035,"oostmeep.oost","Oost Meep, oost","Oost Meep, oost","ETRS89",53.293331,5.446894,5.446894,53.293331,"core","southern_and_central_north_sea"
18353,"oostmeep.west","Oost Meep, west","Oost Meep, west","ETRS89",53.322994,5.358695,5.358695,53.322994,"core","southern_and_central_north_sea"
10413,"oostoever","Oostoever","Oostoever","ETRS89",52.93414,4.792286,4.792286,52.93414,"outside_domain",
992,"oostvaardersdiep","Oostvaardersdiep","Oostvaardersdiep","ETRS89",52.418036,5.220809,5.220809,52.418036,"outside_domain",
13897,"oostvoorne","Oostvoorne","Oostvoorne","ETRS89",51.92553,4.103611,4.103611,51.92553,"outside_domain",
1192,"oostvoorne.badstrand","Oostvoorne, badstrand","Oostvoorne, badstrand","ETRS89",51.911163,4.048644,4.048644,51.911163,"outside_domain",
18392,"ophemert.waal.km921.lo","Ophemert, Waal, km 921, lo","Ophemert, Waal, km 921, lo","ETRS89",51.834744,5.398809,5.398809,51.834744,"outside_domain",
7442,"ophemert.waal.km921.uiterwaarden.","Ophemert, Waal, km 921, uiterwaarden,","Ophemert, Waal, km 921, uiterwaarden,","ETRS89",51.836092,5.39881,5.39881,51.836092,"outside_domain",
7725,"opperduit.km982ro","Opperduit, km 982 ro","Opperduit, km 982 ro","ETRS89",51.897111,4.718878,4.718878,51.897111,"outside_domain",
9188,"opperduit.lek","Opperduit Lek","Opperduit Lek","ETRS89",51.8962802,4.7198061,4.7198061,51.8962802,"outside_domain",
1460,"oranjeplaat.badstrand","Oranjeplaat, badstrand","Oranjeplaat, badstrand","ETRS89",51.51678,3.706816,3.706816,51.51678,"outside_domain",
18808,"oranjesluizen.oost","Oranjesluizen, oost","Oranjesluizen, oost","ETRS89",52.381617,4.961275,4.961275,52.381617,"core","southern_and_central_north_sea"
16276,"oranjesluizen.west","Oranjesluizen, west","Oranjesluizen, west","ETRS89",52.382238,4.959066,4.959066,52.382238,"core","southern_and_central_north_sea"
17555,"oranjezon","Oranjezon","Oranjezon","ETRS89",51.596793,3.574369,3.574369,51.596793,"core","southern_and_central_north_sea"
13798,"ossenisse","Ossenisse","vh Overloop van Hansweert","ETRS89",51.407884,3.966769,3.966769,51.407884,"core","southern_and_central_north_sea"
4958,"oterdum","Oterdum","Oterdum","ETRS89",53.31268,7.019246,7.019246,53.31268,"core","southern_and_central_north_sea"
15535,"oudbeijerland","Oud Beijerland","km 999","ETRS89",51.825528,4.385572,4.385572,51.825528,"outside_domain",
1357,"oudbeijerland.badstrand","Oud Beijerland, badstrand","Oud Beijerland, badstrand","ETRS89",51.830109,4.395771,4.395771,51.830109,"outside_domain",
4194,"ouddorp","Ouddorp","Ouddorp","ETRS89",51.797831,3.929932,3.929932,51.797831,"outside_domain",
9178,"ouddorp.depunt.grevelingen","Ouddorp, De Punt, Grevelingen","Ouddorp, De Punt, Grevelingen","ETRS89",51.780095,3.885069,3.885069,51.780095,"outside_domain",
10763,"ouddorp.depunt.west.badstrand","Ouddorp, De Punt, west, badstrand","Ouddorp, De Punt, west, badstrand","ETRS89",51.781641,3.87251,3.87251,51.781641,"outside_domain",
6633,"ouddorp.diepeput","Ouddorp, diepe put","Ouddorp, diepe put","ETRS89",51.796183,3.934769,3.934769,51.796183,"core","southern_and_central_north_sea"
1725,"ouddorp.strand","Ouddorp, strand","Ouddorp, strand","ETRS89",51.831487,3.925506,3.925506,51.831487,"outside_domain",
6427,"oudemirdum","Oudemirdum","Oudemirdum","ETRS89",52.822004,5.467314,5.467314,52.822004,"core","southern_and_central_north_sea"
7101,"oudemirdum.ijsselmeer.noordoost.meetpaal9","Oudemirdum, IJsselmeer, noordoost, meetpaal 09","1000-01-01","ETRS89",52.810189,5.48847,5.48847,52.810189,"core","southern_and_central_north_sea"
7356,"oudemirdum.ijsselmeer.noordoost.meetpaalfl05","Oudemirdum, IJsselmeer, noordoost, meetpaal FL05","voorheen Friesche Kust","ETRS89",52.836389,5.512037,5.512037,52.836389,"core","southern_and_central_north_sea"
6314,"oudepapeschorpolder","Oude Papeschorpolder","Oude Papeschorpolder","ETRS89",51.258199,3.83082,3.83082,51.258199,"outside_domain",
9032,"oudetonge.badstrand","Oude-Tonge, badstrand","Oude-Tonge, badstrand","ETRS89",51.676415,4.207675,4.207675,51.676415,"outside_domain",
3135,"oudewestereems","Oude Westereems","Oude Westereems","ETRS89",53.496162,6.697226,6.697226,53.496162,"core","southern_and_central_north_sea"
3302,"oudewestereems.noord","Oude Westereems, noord","Oude Westereems, noord","ETRS89",53.528384,6.662908,6.662908,53.528384,"core","southern_and_central_north_sea"
11111,"oudewestereems.noord.boei","Oude Westereems, noord, boei","Oude Westereems, noord, boei","ETRS89",53.513226,6.677245,6.677245,53.513226,"core","southern_and_central_north_sea"
13371,"oude.westereems.noord.boei.1","Oude Westereems noord boei 1","Oude Westereems noord boei 1","ETRS89",53.51322518,6.677245577,6.677245577,53.51322518,"core","southern_and_central_north_sea"
4030,"oudewestereems.zuid","Oude Westereems, zuid","boei 1","ETRS89",53.487978,6.726506,6.726506,53.487978,"core","southern_and_central_north_sea"
18189,"oudezeug","Oude Zeug","Oude Zeug","ETRS89",52.859168,5.103472,5.103472,52.859168,"outside_domain",
10231,"oudezeug.ijsselmeer.midden.noord.meetpaal47","Oude Zeug, IJsselmeer , midden, noord, meetpaal 47","Oude Zeug, IJsselmeer , midden, noord, meetpaal 47","ETRS89",52.91201,5.223985,5.223985,52.91201,"core","southern_and_central_north_sea"
14015,"oudezeug.ijsselmeer.midden.noord.meetpaal48","Oude Zeug, IJsselmeer , midden, noord, meetpaal 48","Oude Zeug, IJsselmeer , midden, noord, meetpaal 48","ETRS89",52.87351,5.118499,5.118499,52.87351,"core","southern_and_central_north_sea"
13267,"oudezeug.ijsselmeer.midden.noord.meetpaal49","Oude Zeug, IJsselmeer , midden, noord, meetpaal 49","Oude Zeug, IJsselmeer , midden, noord, meetpaal 49","ETRS89",52.870143,5.108064,5.108064,52.870143,"core","southern_and_central_north_sea"
8238,"oudnaarden","Oud Naarden","Oud Naarden","ETRS89",52.324849,5.230986,5.230986,52.324849,"core","southern_and_central_north_sea"
401,"oudvalkeveen","Oud-Valkeveen","Oud-Valkeveen","ETRS89",52.308327,5.193257,5.193257,52.308327,"outside_domain",
3339,"ouwerkerk.hoekvanouwerkerk.badstrand","Ouwerkerk, Hoek van Ouwerkerk, badstrand","Ouwerkerk, Hoek van Ouwerkerk, badstrand","ETRS89",51.616176,3.961335,3.961335,51.616176,"outside_domain",
12240,"overasseltii","Overasselt II","Overasselt II","ETRS89",51.754895,5.793547,5.793547,51.754895,"outside_domain",
2485,"overlaatcontelmo","Overlaat contelmo","Overlaat contelmo","ETRS89",51.091668,5.824927,5.824927,51.091668,"outside_domain",
8398,"p11","P11","platform","ETRS89",52.358611,3.341389,3.341389,52.358611,"core","southern_and_central_north_sea"
17470,"paap","Paap","Paap","ETRS89",53.348944,6.944522,6.944522,53.348944,"core","southern_and_central_north_sea"
11203,"paap.grootegat.reiderplaat.deelgebied","Paap, Groote Gat, Reiderplaat , deelgebied","Paap, Groote Gat, Reiderplaat , deelgebied","ETRS89",53.382615,6.898737,6.898737,53.382615,"core","southern_and_central_north_sea"
14446,"paardenboer","Paardenboer","Paardenboer","ETRS89",52.611716,5.957832,5.957832,52.611716,"outside_domain",
12915,"paesenstot.havenlauwersoog.nld6096","Paesens tot , haven Lauwersoog, NLD6096","Paesens tot , haven Lauwersoog, NLD6096","ETRS89",53.42799,6.15999,6.15999,53.42799,"core","southern_and_central_north_sea"
2077,"pampus.noord","Pampus, noord","Pampus, noord","ETRS89",52.388489,5.093415,5.093415,52.388489,"core","southern_and_central_north_sea"
13078,"pampus.oost","Pampus, oost","Pampus, oost","ETRS89",52.366482,5.087658,5.087658,52.366482,"core","southern_and_central_north_sea"
13758,"pampus.west","Pampus, west","Pampus, west","ETRS89",52.363683,5.059078,5.059078,52.363683,"core","southern_and_central_north_sea"
17161,"panheel.gemaal","Panheel, gemaal","Panheel, gemaal","ETRS89",51.176547,5.8563,5.8563,51.176547,"outside_domain",
10779,"panheel.sluis.boven","Panheel boven","km 3,25","ETRS89",51.176126,5.856013,5.856013,51.176126,"outside_domain",
7710,"panheel.sluis.inlaat","Panheel, sluis, inlaat","NettobalansIN","ETRS89",51.176542,5.8563,5.8563,51.176542,"outside_domain",
10173,"panheel.sluis.pomp1","Panheel, sluis, pomp 1","Panheel, sluis, pomp 1","ETRS89",51.17655,5.8563,5.8563,51.17655,"outside_domain",
9623,"panheel.sluis.pomp2","Panheel, sluis, pomp 2","Panheel, sluis, pomp 2","ETRS89",51.176553,5.8563,5.8563,51.176553,"outside_domain",
1946,"panheel.sluis.uitlaat","Panheel, sluis, uitlaat","NettobalansUIT","ETRS89",51.176542,5.8563,5.8563,51.176542,"outside_domain",
13095,"pannengat.boei1","Pannengat, boei 1","Pannengat, boei 1","ETRS89",53.243317,5.19098,5.19098,53.243317,"core","southern_and_central_north_sea"
12001,"pannerden.pannerdenschkanaal","Pannerden, Pannerdensch kanaal","Pannerden, Pannerdensch kanaal","ETRS89",51.87475,6.03778,6.03778,51.87475,"outside_domain",
16987,"pannerden.pannerdenschkanaal.km868p000.ro","Pannerden, Pannerdensch kanaal, km. 868.000 , ro","Pannerden, Pannerdensch kanaal, km. 868.000 , ro","ETRS89",51.877802,6.035638,6.035638,51.877802,"outside_domain",
1847,"pannerden.pannerdenschkanaal.km870p000.ro","Pannerden, Pannerdensch kanaal, km. 870.000 , ro","Pannerden, Pannerdensch kanaal, km. 870.000 , ro","ETRS89",51.894273,6.024725,6.024725,51.894273,"outside_domain",
2964,"pannerden.pannerdenschkanaal.km876p400.lo","Pannerden, Pannerdensch kanaal, km. 876.400 , lo","Pannerden, Pannerdensch kanaal, km. 876.400 , lo","ETRS89",51.932389,5.962048,5.962048,51.932389,"outside_domain",
5782,"pannerden.pannerdenschkanaal.km877p500.lo","Pannerden, Pannerdensch kanaal, km. 877.500 , lo","Pannerden, Pannerdensch kanaal, km. 877.500 , lo","ETRS89",51.942017,5.95922,5.95922,51.942017,"outside_domain",
16153,"pannerden.pannerdenschkanaal.km877p500.ro","Pannerden, Pannerdensch kanaal, km. 877.500 , ro","Pannerden, Pannerdensch kanaal, km. 877.500 , ro","ETRS89",51.94304,5.962631,5.962631,51.94304,"outside_domain",
17890,"pannerden.pannerdenschkanaal.km878p000.lo","Pannerden, Pannerdensch kanaal, km. 878.000 , lo","Pannerden, Pannerdensch kanaal, km. 878.000 , lo","ETRS89",51.946337,5.955997,5.955997,51.946337,"outside_domain",
10570,"pannerden.pannerdenschkanaal.km878p000.ro","Pannerden, Pannerdensch kanaal, km. 878.000 , ro","Pannerden, Pannerdensch kanaal, km. 878.000 , ro","ETRS89",51.948031,5.958786,5.958786,51.948031,"outside_domain",
6789,"pannerden.pannerdenschkanaal.km878p500.lo","Pannerden, Pannerdensch kanaal, km. 878.500 , lo","Pannerden, Pannerdensch kanaal, km. 878.500 , lo","ETRS89",51.949818,5.950763,5.950763,51.949818,"outside_domain",
2766,"pannerden.pannerdenschkanaal.km878p500.ro","Pannerden, Pannerdensch kanaal, km. 878.500 , ro","Pannerden, Pannerdensch kanaal, km. 878.500 , ro","ETRS89",51.951216,5.953895,5.953895,51.951216,"outside_domain",
13529,"pannerden.regelwerk.beneden","Pannerden, regelwerk, beneden","Pannerden, regelwerk, beneden","ETRS89",51.888635,6.029691,6.029691,51.888635,"outside_domain",
11079,"pannerden.regelwerk.boven","Pannerden, regelwerk, boven","Pannerden, regelwerk, boven","ETRS89",51.888013,6.030013,6.030013,51.888013,"outside_domain",
4713,"papenbeek.leukermeer.recreatiestrandvakantiepark","Papenbeek, Leukermeer, Recreatiestrand Vakantiepark","Papenbeek, Leukermeer, Recreatiestrand Vakantiepark","ETRS89",51.567382,6.062421,6.062421,51.567382,"outside_domain",
16489,"papendrecht","Papendrecht","km 972.5","ETRS89",51.822533,4.723611,4.723611,51.822533,"outside_domain",
8199,"parksluis","Parksluis","Parksluis","ETRS89",51.906535,4.464452,4.464452,51.906535,"outside_domain",
14888,"pasvanrilland.boei81a","Pas van Rilland, boei 81A","Pas van Rilland, boei 81A","ETRS89",51.380516,4.211838,4.211838,51.380516,"core","southern_and_central_north_sea"
5998,"pasvanterneuzen","Pas van Terneuzen","Pas van Terneuzen","ETRS89",51.366352,3.775405,3.775405,51.366352,"core","southern_and_central_north_sea"
3624,"pasvanterneuzen.nabijboei18","Pas van Terneuzen, nabij boei 18","Pas van Terneuzen, nabij boei 18","ETRS89",51.35148,3.808664,3.808664,51.35148,"core","southern_and_central_north_sea"
4117,"pauluszand","Pauluszand","Pauluszand","ETRS89",51.762329,4.860298,4.860298,51.762329,"outside_domain",
991,"penrod","Penrod","Penrod","ETRS89",53.407588,4.215331,4.215331,53.407588,"core","southern_and_central_north_sea"
8890,"perkpolder.badstrand","Perkpolder, badstrand","Perkpolder, badstrand","ETRS89",51.401619,4.016338,4.016338,51.401619,"core","southern_and_central_north_sea"
7734,"perkpolder.walsoorden","Perkpolder, Walsoorden","Perkpolder, Walsoorden","ETRS89",51.398845,4.017427,4.017427,51.398845,"core","southern_and_central_north_sea"
11441,"pernis","Pernis","km 1008","ETRS89",51.896583,4.390528,4.390528,51.896583,"outside_domain",
17410,"petten","Petten","Petten","ETRS89",52.78839,4.664854,4.664854,52.78839,"core","southern_and_central_north_sea"
4335,"petten.5kmuitdekust","Petten, 5 km uit de kust","Petten, 5 km uit de kust","ETRS89",52.831866,4.615138,4.615138,52.831866,"core","southern_and_central_north_sea"
16548,"petten.boei","Petten, boei","Petten, boei","ETRS89",52.799238,4.540358,4.540358,52.799238,"core","southern_and_central_north_sea"
4986,"petten.callantsoog.paal13tot20.nld3035","Petten, Callantsoog, paal 13 tot 20, NLD3035","Petten, Callantsoog, paal 13 tot 20, NLD3035","ETRS89",52.85898,4.6806,4.6806,52.85898,"core","southern_and_central_north_sea"
2275,"petten.meetraai1","Petten, meetraai 01","Petten, meetraai 01","ETRS89",52.806846,4.556779,4.556779,52.806846,"core","southern_and_central_north_sea"
15821,"petten.meetraai11","Petten, meetraai 11","Petten, meetraai 11","ETRS89",52.770235,4.657359,4.657359,52.770235,"outside_domain",
6361,"petten.meetraai13","Petten, meetraai 13","Petten, meetraai 13","ETRS89",52.770132,4.658161,4.658161,52.770132,"outside_domain",
548,"petten.meetraai16","Petten, meetraai 16","Petten, meetraai 16","ETRS89",52.771999,4.651892,4.651892,52.771999,"core","southern_and_central_north_sea"
2724,"petten.meetraai17","Petten, meetraai 17","Petten, meetraai 17","ETRS89",52.771401,4.65405,4.65405,52.771401,"core","southern_and_central_north_sea"
12768,"petten.meetraai18","Petten, meetraai 18","Petten, meetraai 18","ETRS89",52.771159,4.655551,4.655551,52.771159,"core","southern_and_central_north_sea"
7737,"petten.meetraai2","Petten, meetraai 02","Petten, meetraai 02","ETRS89",52.788327,4.614751,4.614751,52.788327,"core","southern_and_central_north_sea"
18227,"petten.meetraai3","Petten, meetraai 03","Petten, meetraai 03","ETRS89",52.772884,4.649758,4.649758,52.772884,"core","southern_and_central_north_sea"
13187,"petten.meetraai6","Petten, meetraai 06","Petten, meetraai 06","ETRS89",52.77083,4.656149,4.656149,52.77083,"core","southern_and_central_north_sea"
12092,"petten.meetraai611","Petten, meetraai 611","Petten, meetraai 611","ETRS89",52.770866,4.656164,4.656164,52.770866,"core","southern_and_central_north_sea"
15412,"petten.meetraai67","Petten, meetraai 67","Petten, meetraai 67","ETRS89",52.77076,4.656432,4.656432,52.77076,"core","southern_and_central_north_sea"
6212,"petten.meetraai675","Petten, meetraai 675","Petten, meetraai 675","ETRS89",52.770787,4.656461,4.656461,52.770787,"core","southern_and_central_north_sea"
11644,"petten.meetraai7","Petten, meetraai 07","Petten, meetraai 07","ETRS89",52.770636,4.656745,4.656745,52.770636,"core","southern_and_central_north_sea"
11777,"petten.meetraai8","Petten, meetraai 08","Petten, meetraai 08","ETRS89",52.770538,4.656999,4.656999,52.770538,"outside_domain",
14399,"petten.strand","Petten, strand","Petten, strand","ETRS89",52.775785,4.661061,4.661061,52.775785,"outside_domain",
16749,"petten.zuid","Petten, zuid","Petten, zuid","ETRS89",52.772659,4.649702,4.649702,52.772659,"core","southern_and_central_north_sea"
7998,"philipsdam.oost","Philipsdam, oost","Philipsdam, oost","ETRS89",51.661678,4.195802,4.195802,51.661678,"core","southern_and_central_north_sea"
6026,"philipsdam.west","Philipsdam, west","Philipsdam, west","ETRS89",51.665512,4.149443,4.149443,51.665512,"core","southern_and_central_north_sea"
18524,"pierland","Pierland","Pierland","ETRS89",52.388451,5.695683,5.695683,52.388451,"outside_domain",
8034,"pieterburentotuithuizen.nld6098","Pieterburen tot Uithuizen, NLD6098","Pieterburen tot Uithuizen, NLD6098","ETRS89",53.44419,6.52389,6.52389,53.44419,"core","southern_and_central_north_sea"
5600,"pieterburenwad","Pieterburenwad","1","ETRS89",53.457101,6.453042,6.453042,53.457101,"core","southern_and_central_north_sea"
4462,"pietermanskreek","Pietermanskreek","Pietermanskreek","ETRS89",51.496767,4.131425,4.131425,51.496767,"core","southern_and_central_north_sea"
5906,"plaatvanbaarland.2","Plaat van Baarland, punt 02","Plaat van Baarland, punt 02","ETRS89",51.378396,3.868916,3.868916,51.378396,"core","southern_and_central_north_sea"
6660,"plaatvanoudetonge.oost","Plaat van Oude Tonge, oost","Plaat van Oude Tonge, oost","ETRS89",51.672527,4.13955,4.13955,51.672527,"core","southern_and_central_north_sea"
2101,"plasvanwijck.heteren","Plas van Wijck, Heteren","Plas van Wijck, Heteren","ETRS89",51.963229,5.752846,5.752846,51.963229,"outside_domain",
15437,"plaswrceijsden","Plas WRC Eijsden","Hoge Weerd","ETRS89",50.818162,5.699367,5.699367,50.818162,"outside_domain",
10345,"plaswrceijsden.oostmaarland.noord","Plas WRC Eijsden, Oost Maarland, noord","Plas WRC Eijsden, Oost Maarland, noord","ETRS89",50.807845,5.705312,5.705312,50.807845,"outside_domain",
3283,"platenvanossenisse.2601","Platen van Ossenisse, pt. 2601","Platen van Ossenisse, pt. 2601","ETRS89",51.426729,3.995514,3.995514,51.426729,"core","southern_and_central_north_sea"
12407,"platenvanossenisse.2602","Platen van Ossenisse, pt. 2602","Platen van Ossenisse, pt. 2602","ETRS89",51.428887,3.995426,3.995426,51.428887,"core","southern_and_central_north_sea"
9148,"platenvanossenisse.2603","Platen van Ossenisse, pt. 2603","Platen van Ossenisse, pt. 2603","ETRS89",51.429606,3.995397,3.995397,51.429606,"core","southern_and_central_north_sea"
11741,"platenvanossenisse.2604","Platen van Ossenisse, pt. 2604","Platen van Ossenisse, pt. 2604","ETRS89",51.430235,3.995375,3.995375,51.430235,"core","southern_and_central_north_sea"
17349,"platenvanossenisse.2605","Platen van Ossenisse, pt. 2605","Platen van Ossenisse, pt. 2605","ETRS89",51.43046,3.995367,3.995367,51.43046,"core","southern_and_central_north_sea"
15574,"platenvanossenisse.2606","Platen van Ossenisse, pt. 2606","Platen van Ossenisse, pt. 2606","ETRS89",51.430685,3.995356,3.995356,51.430685,"core","southern_and_central_north_sea"
17473,"platenvanossenisse.2607","Platen van Ossenisse, pt. 2607","Platen van Ossenisse, pt. 2607","ETRS89",51.419157,3.995805,3.995805,51.419157,"core","southern_and_central_north_sea"
421,"platenvanossenisse.2608","Platen van Ossenisse, pt. 2608","Platen van Ossenisse, pt. 2608","ETRS89",51.418303,3.995849,3.995849,51.418303,"core","southern_and_central_north_sea"
9337,"poeldonk.aa.inlaat","Poeldonk, Aa, inlaat","Spuien","ETRS89",51.68365,5.353944,5.353944,51.68365,"outside_domain",
17798,"poeldonk.aa.schuif.links","Poeldonk, Aa, schuif, links","Poeldonk, Aa, schuif, links","ETRS89",51.683644,5.353944,5.353944,51.683644,"outside_domain",
15925,"poeldonk.aa.schuif.rechts","Poeldonk, Aa, schuif, rechts","Poeldonk, Aa, schuif, rechts","ETRS89",51.683647,5.353944,5.353944,51.683647,"outside_domain",
12705,"poeldonk.aa.uitlaat","Poeldonk, Aa, uitlaat","NettobalansUIT","ETRS89",51.683644,5.353944,5.353944,51.683644,"outside_domain",
9402,"poeldonk.dungensebrug","Poeldonk, Dungense Brug","Poeldonk, Dungense Brug","ETRS89",51.680673,5.368564,5.368564,51.680673,"outside_domain",
6094,"pogum","Pogum","Pogum","ETRS89",53.321485,7.253999,7.253999,53.321485,"outside_domain",
17861,"polderkatwoude.hogedijk.km17","Polder Katwoude, hoge dijk, km 17","Polder Katwoude, hoge dijk, km 17","ETRS89",52.4828,5.070707,5.070707,52.4828,"core","southern_and_central_north_sea"
9135,"polderwilligelangerak.km969.lo","Polder Willige-Langerak, km 969, lo","Polder Willige-Langerak, km 969, lo","ETRS89",51.93795,4.892341,4.892341,51.93795,"outside_domain",
12597,"polingangkwn","Pol-ingang KWN","Pol-ingang KWN","ETRS89",51.166167,5.892948,5.892948,51.166167,"outside_domain",
1124,"pollendam","Pollendam","Pollendam","ETRS89",53.192574,5.339854,5.339854,53.192574,"core","southern_and_central_north_sea"
11136,"poortershaven.ro","Poortershaven, ro","km 1023.1","ETRS89",51.940318,4.202026,4.202026,51.940318,"outside_domain",
15282,"poortugaal","Poortugaal","km 998","ETRS89",51.842247,4.396084,4.396084,51.842247,"outside_domain",
3376,"portaisola","Porta Isola","Porta Isola","ETRS89",51.134037,5.855281,5.855281,51.134037,"outside_domain",
4576,"portzeelande.badstrand","Port Zeelande, badstrand","Port Zeelande, badstrand","ETRS89",51.758873,3.865118,3.865118,51.758873,"outside_domain",
8779,"posthuiswad","Posthuiswad","Posthuiswad","ETRS89",53.262102,4.978845,4.978845,53.262102,"core","southern_and_central_north_sea"
14289,"pottengat","Pottengat","Pottengat","ETRS89",52.637245,5.323093,5.323093,52.637245,"core","southern_and_central_north_sea"
17118,"prinsesseplaat.zuid","Prinsesseplaat, zuid","Prinsesseplaat, zuid","ETRS89",51.498238,4.229523,4.229523,51.498238,"core","southern_and_central_north_sea"
9014,"prosperpolder","Prosperpolder","Prosperpolder","ETRS89",51.340042,4.265944,4.265944,51.340042,"outside_domain",
7651,"puttershoek","Puttershoek","Puttershoek","ETRS89",51.811648,4.565993,4.565993,51.811648,"outside_domain",
17764,"q1.1","Q1 platform","Q1 platform","ETRS89",52.925335,4.150361,4.150361,52.925335,"core","southern_and_central_north_sea"
10672,"raamsdonksveer","Raamsdonksveer","Donge","ETRS89",51.681731,4.877359,4.877359,51.681731,"outside_domain",
7698,"raamsdonkveerbrughillen","Raamsdonkveer brug Hillen","Raamsdonkveer brug Hillen","ETRS89",51.682081,4.855087,4.855087,51.682081,"outside_domain",
8537,"ramsdiep","Ramsdiep","kilometer 10","ETRS89",52.630065,5.931705,5.931705,52.630065,"outside_domain",
1239,"ramspolbrug.ramsdiep","Ramspolbrug, Ramsdiep","Ramspolbrug, Ramsdiep","ETRS89",52.612666,5.841944,5.841944,52.612666,"core","southern_and_central_north_sea"
11951,"ramspolkering.ketelmeer","Ramspolkering Ketelmeerzijde","0","ETRS89",52.610468,5.84081401,5.84081401,52.610468,"core","southern_and_central_north_sea"
13908,"ramsweg.km42","Ramsweg, km 42","Ramsweg, km 42","ETRS89",52.608271,5.815325,5.815325,52.608271,"core","southern_and_central_north_sea"
6604,"ranselgat","Ranselgat","Ranselgat","ETRS89",53.527608,6.723824,6.723824,53.527608,"core","southern_and_central_north_sea"
4796,"ranselgat.zuid","Ranselgat, zuid","Ranselgat, zuid","ETRS89",53.493937,6.810293,6.810293,53.493937,"core","southern_and_central_north_sea"
3171,"ravenstein","Ravenstein","Ravenstein","ETRS89",51.79596,5.658714,5.658714,51.79596,"outside_domain",
3460,"ravenstein.beneden.spoorbrug","Ravenstein, beneden, Spoorbrug","Ravenstein, beneden, Spoorbrug","ETRS89",51.802374,5.654068,5.654068,51.802374,"outside_domain",
7556,"ravenswaay.beneden","Ravenswaay, beneden","ARK km 63.5","ETRS89",51.946648,5.376294,5.376294,51.946648,"outside_domain",
13891,"razernijpolder","Razernijpolder","Razernijpolder","ETRS89",51.506544,4.206926,4.206926,51.506544,"core","southern_and_central_north_sea"
4728,"rechterveldpolder","Rechterveldpolder","Rechterveldpolder","ETRS89",52.603723,5.830042,5.830042,52.603723,"core","southern_and_central_north_sea"
1854,"recreatiegebiedmookerplas","Recreatiegebied Mookerplas","Recreatiegebied Mookerplas","ETRS89",51.732233,5.929823,5.929823,51.732233,"outside_domain",
1086,"recreatiegebieduiterdijkschellinkhout","Recreatiegebied Uiterdijk Schellinkhout","Recreatiegebied Uiterdijk Schellinkhout","ETRS89",52.63273,5.120501,5.120501,52.63273,"outside_domain",
18408,"recreatieoordveluwestrandbad","Recreatieoord Veluwe Strandbad","Recreatieoord Veluwe Strandbad","ETRS89",52.453215,5.821841,5.821841,52.453215,"outside_domain",
12629,"recreatieparkdescherpenhof","Recreatiepark De Scherpenhof","Recreatiepark De Scherpenhof","ETRS89",52.298177,6.099814,6.099814,52.298177,"outside_domain",
11279,"recreatieterreinhellegatsplein","Recreatieterrein Hellegatsplein","Recreatieterrein Hellegatsplein","ETRS89",51.705842,4.398554,4.398554,51.705842,"core","southern_and_central_north_sea"
71,"redichemsewaard","Redichemse Waard","recreatieplas","ETRS89",51.975318,5.238752,5.238752,51.975318,"outside_domain",
8938,"reevediep","Reevediep","Reevediep","ETRS89",52.527562,5.893674,5.893674,52.527562,"outside_domain",
17513,"reide","Reide","Reide","ETRS89",53.309315,7.096425,7.096425,53.309315,"core","southern_and_central_north_sea"
17445,"reiderplaat.noord.dollard","Reiderplaat, noord, Dollard","Reiderplaat, noord, Dollard","ETRS89",53.302753,7.096555,7.096555,53.302753,"core","southern_and_central_north_sea"
7165,"remmerden","Remmerden","Remmerden","ETRS89",51.969655,5.535344,5.535344,51.969655,"outside_domain",
7074,"remmerdenkm912ro","Remmerden km 912 ro","Remmerden km 912 ro","ETRS89",51.964518,5.545803,5.545803,51.964518,"outside_domain",
2107,"renesse.badstrand.j.vanrenessewegbadstrand","Renesse, badstrand, J. van Renesseweg badstrand","Renesse, badstrand, J. van Renesseweg badstrand","ETRS89",51.74224,3.763166,3.763166,51.74224,"core","southern_and_central_north_sea"
5356,"renesse.badstrand.luieweg","Renesse, badstrand, Luieweg","Renesse, badstrand, Luieweg","ETRS89",51.739668,3.750863,3.750863,51.739668,"core","southern_and_central_north_sea"
3223,"reve","Reve","Reve","ETRS89",52.517857,5.860605,5.860605,52.517857,"outside_domain",
14739,"rhederlaag.bahrschestrand","Rhederlaag, Bahrsche Strand","Rhederlaag, Bahrsche Strand","ETRS89",51.987341,6.041818,6.041818,51.987341,"outside_domain",
3603,"rhederlaag.giesekop","Rhederlaag, Giese Kop","Rhederlaag, Giese Kop","ETRS89",51.992371,6.058402,6.058402,51.992371,"outside_domain",
3980,"rhederlaag.lathumsehoek","Rhederlaag, Lathumse Hoek","recreatieplas","ETRS89",51.988441,6.037961,6.037961,51.988441,"outside_domain",
5078,"rhederlaag.noordoever","Rhederlaag, Noordoever","Rhederlaag, Noordoever","ETRS89",52.002495,6.046758,6.046758,52.002495,"outside_domain",
11110,"rhenen.grebbeberg","Rhenen Grebbeberg","Rhenen Grebbeberg","ETRS89",51.949389,5.589806,5.589806,51.949389,"outside_domain",
6342,"rietplaat","Rietplaat","Rietplaat","ETRS89",51.747494,4.776338,4.776338,51.747494,"outside_domain",
14321,"rietplaat.badstrand","Rietplaat, badstrand","Rietplaat, badstrand","ETRS89",51.748397,4.776977,4.776977,51.748397,"outside_domain",
16119,"rietweg","Rietweg","Larsertocht","ETRS89",52.435452,5.566606,5.566606,52.435452,"outside_domain",
16288,"rijswijk.betuwepand","Rijswijk, Betuwepand","Rijswijk, Betuwepand","ETRS89",51.952417,5.361295,5.361295,51.952417,"outside_domain",
3970,"rijswijk.drielandenpunt","Rijswijk Drielandenpunt","Rijswijk Drielandenpunt","ETRS89",51.95187,5.35958,5.35958,51.95187,"outside_domain",
10793,"rijswijk.waalhaven","Strandje Rijswijk","Strandje Rijswijk","ETRS89",51.803706,5.02178,5.02178,51.803706,"outside_domain",
777,"rilland.antwerpskanaalpand","Rilland, Antwerps kanaalpand","linker oever km 1042","ETRS89",51.405709,4.237887,4.237887,51.405709,"outside_domain",
10722,"rilland.bath","Rilland, Bath","Rilland, Bath","ETRS89",51.39878,4.21014,4.21014,51.39878,"core","southern_and_central_north_sea"
15560,"rilland.bathsebrug","Rilland, Bathsebrug","voorheen Kreekrakbrug spuikanaal","ETRS89",51.42503,4.231181,4.231181,51.42503,"outside_domain",
8849,"rilland.bathsespuikanaal.inloop","Rilland, Bathse Spuikanaal, inloop","Rilland, Bathse Spuikanaal, inloop","ETRS89",51.46291,4.22577,4.22577,51.46291,"core","southern_and_central_north_sea"
5039,"rilland.bathsespuisluis","Rilland Bathse spuisluis","Rilland Bathse spuisluis","ETRS89",51.3931,4.23458,4.23458,51.3931,"core","southern_and_central_north_sea"
11285,"rilland.bathsespuisluis.binnen","Rilland Bathse spuisluis binnen","Rilland Bathse spuisluis binnen","ETRS89",51.393198,4.235008,4.235008,51.393198,"core","southern_and_central_north_sea"
9066,"rilland.bathsespuisluis.buiten","Rilland Bathse spuisluis buiten","Rilland Bathse spuisluis buiten","ETRS89",51.39283,4.234155,4.234155,51.39283,"core","southern_and_central_north_sea"
6423,"ritthem.fortrammekens.badstrand","Ritthem, Fort Rammekens, badstrand","Ritthem, Fort Rammekens, badstrand","ETRS89",51.451945,3.656545,3.656545,51.451945,"outside_domain",
3568,"rivierabeach.noord","Riviera Beach, noord","Riviera Beach, noord","ETRS89",52.448052,5.805669,5.805669,52.448052,"outside_domain",
12357,"rivierabeach.zuid","Riviera Beach, Zuid","Riviera Beach, Zuid","ETRS89",52.442927,5.800884,5.800884,52.442927,"outside_domain",
10690,"rivierabeach.zuidwest2","Riviera beach, zuidwest2","Riviera beach, zuidwest2","ETRS89",52.440864,5.799733,5.799733,52.440864,"outside_domain",
8449,"robbengat","Robbengat","Robbengat","ETRS89",53.454579,6.485632,6.485632,53.454579,"core","southern_and_central_north_sea"
12358,"robbenplaat","Robbenplaat","Robbenplaat","ETRS89",53.435463,6.893198,6.893198,53.435463,"core","southern_and_central_north_sea"
13319,"rockanje.2eslag","Rockanje, 2e Slag","Rockanje, 2e Slag","ETRS89",51.867792,4.048874,4.048874,51.867792,"outside_domain",
7709,"roermond","Roermond","monding van de Roer","ETRS89",51.196378,5.982344,5.982344,51.196378,"outside_domain",
14989,"roermond.beneden","Roermond, beneden","Roermond, beneden","ETRS89",51.213466,5.980419,5.980419,51.213466,"outside_domain",
8778,"roermond.boven","Roermond, boven","Roermond, boven","ETRS89",51.2005,5.9815,5.9815,51.2005,"outside_domain",
5303,"roermond.deweerd.noorderplas","Roermond, De Weerd, noorderplas","dagstrand","ETRS89",51.208666,5.969767,5.969767,51.208666,"outside_domain",
530,"roermond.doevesbeemd.noord","Roermond, Doevesbeemd, noord","camping van Ass","ETRS89",51.208545,5.976062,5.976062,51.208545,"outside_domain",
824,"roermond.doevesbeemd.noord.2","Roermond, Doevesbeemd, noord, 2","campings","ETRS89",51.207193,5.97676,5.97676,51.207193,"outside_domain",
18132,"roermond.doevesbeemd.west","Roermond, Doevesbeemd, west","camping Hermans","ETRS89",51.208435,5.976361,5.976361,51.208435,"outside_domain",
18825,"roermond.hambeek","Roermond, Hambeek","Roermond, Hambeek","ETRS89",51.184693,5.982192,5.982192,51.184693,"outside_domain",
9827,"roermond.recreatiestrandcampinghatenboer","Roermond, Recreatiestrand Camping Hatenboer","Roermond, Recreatiestrand Camping Hatenboer","ETRS89",51.195627,5.97448,5.97448,51.195627,"outside_domain",
17454,"roermond.resortmarinaoolderhuuske.recreatiestrand","Roermond, Resort Marina Oolderhuuske, recreatiestrand","Roermond, Resort Marina Oolderhuuske, recreatiestrand","ETRS89",51.190285,5.954914,5.954914,51.190285,"outside_domain",
12406,"roermond.stuw.boven","Roermond, stuw, boven","Roermond, stuw, boven","ETRS89",51.21073,5.982902,5.982902,51.21073,"outside_domain",
15020,"roeven.sluis15.aftapduiker","Roeven Sluis15 aftapduiker","Roeven Sluis15 aftapduiker","ETRS89",51.27261399,5.75118405,5.75118405,51.27261399,"outside_domain",
4872,"roeven.sluis15.schuiflinks","Roeven Sluis15 schuiflinks","Roeven Sluis15 schuiflinks","ETRS89",51.27261399,5.75118405,5.75118405,51.27261399,"outside_domain",
12625,"roeven.sluis15.schuifrechts","Roeven Sluis15 schuifrechts","Roeven Sluis15 schuifrechts","ETRS89",51.27261399,5.75118405,5.75118405,51.27261399,"outside_domain",
18686,"roeven.sluis15.wkcoverstort","Roeven Sluis15 WKCoverstort","Roeven Sluis15 WKCoverstort","ETRS89",51.27264534,5.74977995,5.74977995,51.27264534,"outside_domain",
1119,"roeven.sluis15.wkcspui","Roeven Sluis15 WKCspui","Roeven Sluis15 WKCspui","ETRS89",51.27264534,5.74977995,5.74977995,51.27264534,"outside_domain",
16124,"roggenplaat","Roggenplaat","Roggenplaat","ETRS89",51.63883,3.80717,3.80717,51.63883,"core","southern_and_central_north_sea"
16226,"roggenplaatgeulwest","Roggenplaat geul west","Roggenplaat geul west","ETRS89",51.645561,3.760565,3.760565,51.645561,"core","southern_and_central_north_sea"
85,"roggenplaat.noord","Roggenplaat, noord","Roggenplaat, noord","ETRS89",51.685012,3.792122,3.792122,51.685012,"core","southern_and_central_north_sea"
18269,"roompot.bekken","Roompot, bekken","Roompot, bekken","ETRS89",51.618314,3.69667,3.69667,51.618314,"core","southern_and_central_north_sea"
12234,"roptazijl","Roptazijl","Roptazijl","ETRS89",53.210131,5.4369,5.4369,53.210131,"outside_domain",
8923,"rosmalen.hintham.beneden","Rosmalen, Hintham, beneden","Rosmalen, Hintham, beneden","ETRS89",51.700278,5.358111,5.358111,51.700278,"outside_domain",
16578,"rosmalen.hintham.boven","Rosmalen, Hintham, boven","Rosmalen, Hintham, boven","ETRS89",51.696961,5.359169,5.359169,51.696961,"outside_domain",
14996,"rosmalen.hinthamsluis.beneden","Rosmalen Hinthamsluis beneden","Rosmalen Hinthamsluis beneden","ETRS89",51.700277,5.358111,5.358111,51.700277,"outside_domain",
3450,"rosmalen.hinthamsluis.boven","Rosmalen Hinthamsluis boven","Rosmalen Hinthamsluis boven","ETRS89",51.697111,5.359194,5.359194,51.697111,"outside_domain",
4565,"rotem","Rotem","Rotem","ETRS89",51.0506,5.771,5.771,51.0506,"outside_domain",
15458,"rotterdam.brienenoordbrug","Rotterdam, Brienenoordbrug","rechter oever kilometer 995.2","ETRS89",51.90525,4.542468,4.542468,51.90525,"outside_domain",
639,"rotterdam.dintelhaven","Rotterdam, Dintelhaven","Rotterdam, Dintelhaven","ETRS89",51.954265,4.120655,4.120655,51.954265,"outside_domain",
6584,"rotterdam.eemhaven","Rotterdam Eemhaven","Rotterdam Eemhaven","ETRS89",51.88917,4.4175,4.4175,51.88917,"outside_domain",
8695,"rotterdam.ijzerwerkerkade","Rotterdam IJzerwerkerkade","Radarpost 23","ETRS89",51.89947,4.51838,4.51838,51.89947,"outside_domain",
17360,"rotterdam.kuip","Rotterdam Kuip","Rotterdam Kuip","ETRS89",51.899467,4.518375,4.518375,51.899467,"outside_domain",
18180,"rotterdam.lekhaven","Rotterdam, Lekhaven","rechter oever km 1005.2","ETRS89",51.904099,4.429597,4.429597,51.904099,"outside_domain",
7155,"rotterdam.luchthaven","Rotterdam, luchthaven","Rotterdam, luchthaven","ETRS89",51.949205,4.448717,4.448717,51.949205,"outside_domain",
3003,"rotterdam.nieuwemaas.boerengat","Rotterdam, Nieuwe Maas, Boerengat","Rotterdam, Nieuwe Maas, Boerengat","ETRS89",51.9184,4.5003,4.5003,51.9184,"outside_domain",
1421,"rotterdam.nieuwemaas.boompjes","Rotterdam Nieuwe Maas Boompjes","Rotterdam Nieuwe Maas Boompjes","ETRS89",51.91528,4.49194,4.49194,51.91528,"outside_domain",
12741,"rotterdamsehoek","Rotterdamse Hoek","Rotterdamse Hoek","ETRS89",52.760831,5.533865,5.533865,52.760831,"core","southern_and_central_north_sea"
3493,"rotterdamsehoek.1","Rotterdamse Hoek, locatie 1","Rotterdamse Hoek, locatie 1","ETRS89",52.766222,5.535365,5.535365,52.766222,"core","southern_and_central_north_sea"
5134,"rotterdamsehoek.dijksmagazijn","Rotterdamse Hoek, dijksmagazijn","Rotterdamse Hoek, dijksmagazijn","ETRS89",52.756067,5.595025,5.595025,52.756067,"outside_domain",
4069,"rotterdamsehoek.ijsselmeer","Rotterdamsehoek IJsselmeer","Rotterdamsehoek IJsselmeer","ETRS89",52.748722,5.552,5.552,52.748722,"core","southern_and_central_north_sea"
17823,"rotterdamsehoek.meetpaalfl2","Rotterdamse Hoek, meetpaal FL2","Rotterdamse Hoek, meetpaal FL2","ETRS89",52.748229,5.550114,5.550114,52.748229,"core","southern_and_central_north_sea"
6244,"rotterdam.vanbrienenoordbrug","Rotterdam van Brienenoordbrug","VW-NM-0119 NM13","ETRS89",51.902828,4.542261,4.542261,51.902828,"outside_domain",
299,"rotterdam.waalhaven.1","Rotterdam Waalhaven 1","Radarpost 19","ETRS89",51.890095,4.439599,4.439599,51.890095,"outside_domain",
15316,"rottumeroog.nld5081","Rottumeroog, NLD5081","Rottumeroog, NLD5081","ETRS89",53.55867,6.57531,6.57531,53.55867,"core","southern_and_central_north_sea"
7100,"rottumeroog.zuidoost","Rottumeroog, zuidoost","Rottumeroog, zuidoost","ETRS89",53.53742,6.605875,6.605875,53.53742,"core","southern_and_central_north_sea"
4987,"rottumerplaat.kwelderzuid","Rottumerplaat, kwelder zuid","Rottumerplaat, kwelder zuid","ETRS89",53.524833,6.509448,6.509448,53.524833,"core","southern_and_central_north_sea"
13151,"rottumerplaat.nld5080","Rottumerplaat, NLD5080","Rottumerplaat, NLD5080","ETRS89",53.56052,6.45636,6.45636,53.56052,"core","southern_and_central_north_sea"
16988,"rozenburg.hetscheur","Rozenburg Het Scheur","Radarpost 8","ETRS89",51.904796,4.260951,4.260951,51.904796,"outside_domain",
7192,"rozenburgsesluis.noordzijde","Rozenburgsesluis, noordzijde","Rozenburgsesluis, noordzijde","ETRS89",51.895774,4.228892,4.228892,51.895774,"outside_domain",
5289,"rozenburgsesluis.zuidzijde","Rozenburgsesluis, zuidzijde","Rozenburgsesluis, zuidzijde","ETRS89",51.891244,4.229823,4.229823,51.891244,"outside_domain",
18291,"ruigt","Ruigt","Ruigt","ETRS89",51.756243,4.844568,4.844568,51.756243,"outside_domain",
16247,"runderweg","Runderweg","Oostervaart","ETRS89",52.519541,5.524222,5.524222,52.519541,"outside_domain",
3901,"runkampen","Runkampen","Aa","ETRS89",51.68302,5.382719,5.382719,51.68302,"outside_domain",
15686,"rupsenhoek","Rupsenhoek","Rupsenhoek","ETRS89",51.740001,4.79972,4.79972,51.740001,"outside_domain",
10953,"saeftinge.boei76","Saeftinge, boei 76","Saeftinge, boei 76","ETRS89",51.367093,4.217928,4.217928,51.367093,"core","southern_and_central_north_sea"
10565,"sambeek.beneden","Sambeek, beneden","Sambeek, beneden","ETRS89",51.6458,5.972,5.972,51.6458,"outside_domain",
1214,"sambeek.boven","Sambeek, boven","Sambeek, boven","ETRS89",51.63225,6.0036,6.0036,51.63225,"outside_domain",
7331,"sassenplaat.noordoost","Sassenplaat, noordoost","Sassenplaat, noordoost","ETRS89",51.703231,4.598228,4.598228,51.703231,"core","southern_and_central_north_sea"
11432,"sasvangent","Sas van Gent","noordzijde brug","ETRS89",51.230267,3.807499,3.807499,51.230267,"outside_domain",
13972,"sasvangent.grens","Sas van Gent, grens","Sas van Gent, grens","ETRS89",51.210291,3.802218,3.802218,51.210291,"outside_domain",
7941,"sasvangent.zuidkm23ro","Sas van Gent, Zuid km 23 ro","Sas van Gent, Zuid km 23 ro","ETRS89",51.214182,3.8028,3.8028,51.214182,"outside_domain",
11372,"schaapsdijkbeek.monding","Schaapsdijkbeek, monding","Schaapsdijkbeek, monding","ETRS89",52.309654,5.559821,5.559821,52.309654,"outside_domain",
14116,"schaar.stroomgat","Schaar Stroomgat","Schaar Stroomgat","ETRS89",51.65163,3.09968,3.09968,51.65163,"core","southern_and_central_north_sea"
8110,"schaarvancolijnsplaat.oost","Schaar van Colijnsplaat, oost","Schaar van Colijnsplaat, oost","ETRS89",51.610152,3.854678,3.854678,51.610152,"core","southern_and_central_north_sea"
15298,"schaarvancolijnsplaat.west","Schaar van Colijnsplaat, west","Schaar van Colijnsplaat, west","ETRS89",51.610587,3.806292,3.806292,51.610587,"core","southern_and_central_north_sea"
11329,"schaarvandenoord","Schaar van de Noord","Schaar van de Noord","ETRS89",51.377868,4.164992,4.164992,51.377868,"core","southern_and_central_north_sea"
13906,"schaarvanoudendoel","Schaar van Ouden Doel","Schaar van Ouden Doel","ETRS89",51.350292,4.250659,4.250659,51.350292,"outside_domain",
15310,"schaarvanspijkerplaat.vlissingen","Schaar van Spijkerplaat, Vlissingen","Schaar van Spijkerplaat, Vlissingen","ETRS89",51.429896,3.631034,3.631034,51.429896,"core","southern_and_central_north_sea"
1625,"schaarvanwaarde.boeisvw3","Schaar van Waarde, boei SVW3","Schaar van Waarde, boei SVW3","ETRS89",51.414287,4.038815,4.038815,51.414287,"core","southern_and_central_north_sea"
4562,"schanskerdiep","Schanskerdiep","Schanskerdiep","ETRS89",53.25955,7.165377,7.165377,53.25955,"core","southern_and_central_north_sea"
14943,"scharendijke.diepeput","Scharendijke, diepe put","Scharendijke, diepe put","ETRS89",51.742883,3.848149,3.848149,51.742883,"core","southern_and_central_north_sea"
7308,"scharendijke.ellemeetbadstrand","Scharendijke, Ellemeet badstrand","Scharendijke, Ellemeet badstrand","ETRS89",51.740741,3.818102,3.818102,51.740741,"core","southern_and_central_north_sea"
2019,"scharendijke.haven.landzijde","Scharendijke, haven, landzijde","Scharendijke, haven, landzijde","ETRS89",51.738416,3.85027,3.85027,51.738416,"outside_domain",
5870,"scharendijke.haven.midden","Scharendijke, haven, midden","Scharendijke, haven, midden","ETRS89",51.739014,3.848556,3.848556,51.739014,"outside_domain",
13147,"scharendijke.havenmond.zeezijde","Scharendijke, havenmond, zeezijde","Scharendijke, havenmond, zeezijde","ETRS89",51.73953,3.847423,3.847423,51.73953,"outside_domain",
7611,"scharendijke.repart","Scharendijke, Repart","Scharendijke, Repart","ETRS89",51.739664,3.831751,3.831751,51.739664,"outside_domain",
15123,"scheelehoekoostzijdekm68.5","Scheele Hoek-oostzijde km 68,5","Scheele Hoek-oostzijde km 68,5","ETRS89",51.937042,5.441579,5.441579,51.937042,"outside_domain",
16734,"scheelhoek","Scheelhoek","Scheelhoek","ETRS89",51.812052,4.080231,4.080231,51.812052,"core","southern_and_central_north_sea"
6019,"scheepvaartgat","Scheepvaartgat","Scheepvaartgat","ETRS89",52.629933,5.98888,5.98888,52.629933,"outside_domain",
18144,"schellingwoude","Schellingwoude","Schellingwoude","ETRS89",52.342823,4.996866,4.996866,52.342823,"outside_domain",
17593,"schellingwoude.h1","Schellingwoude, H1","Schellingwoude, H1","ETRS89",52.381062,4.959386,4.959386,52.381062,"outside_domain",
6661,"schellingwoude.inlaatsluis","Schellingwoude, inlaatsluis","Schellingwoude, inlaatsluis","ETRS89",52.38137,4.960161,4.960161,52.38137,"outside_domain",
15515,"schellinkhouterdijk.hoorn","Schellinkhouterdijk, Hoorn","Schellinkhouterdijk, Hoorn","ETRS89",52.641219,5.077931,5.077931,52.641219,"outside_domain",
6615,"schenkeldijk","Schenkeldijk","kilometer 986","ETRS89",51.744218,4.630642,4.630642,51.744218,"outside_domain",
5986,"scheurhaven","Scheurhaven","Scheurhaven","ETRS89",51.962297,4.138792,4.138792,51.962297,"outside_domain",
8652,"scheurwest","Scheur west","Scheur west","ETRS89",51.40926,3.269829,3.269829,51.40926,"core","southern_and_central_north_sea"
13179,"scheveningen","Scheveningen","Scheveningen","ETRS89",52.099035,4.263563,4.263563,52.099035,"outside_domain",
1250,"scheveningen.13kmuitdekust","Scheveningen, 13 km uit de kust","Scheveningen, 13 km uit de kust","ETRS89",52.206992,4.157031,4.157031,52.206992,"core","southern_and_central_north_sea"
12852,"scheveningen.1ehaven.voorhaven","Scheveningen, 1e haven, voorhaven","Scheveningen, 1e haven, voorhaven","ETRS89",52.099142,4.26248,4.26248,52.099142,"outside_domain",
10180,"scheveningen.2ehaven.landzijde","Scheveningen, 2e haven, landzijde","Scheveningen, 2e haven, landzijde","ETRS89",52.094747,4.264473,4.264473,52.094747,"outside_domain",
9798,"scheveningen.2ehaven.midden","Scheveningen, 2e haven, midden","Scheveningen, 2e haven, midden","ETRS89",52.095958,4.266033,4.266033,52.095958,"outside_domain",
6591,"scheveningen.2kmuitdekust","Scheveningen, 2 km uit de kust","Scheveningen, 2 km uit de kust","ETRS89",52.147825,4.288147,4.288147,52.147825,"core","southern_and_central_north_sea"
8612,"scheveningen.33kmuitdekust","Scheveningen, 33 km uit de kust","Scheveningen, 33 km uit de kust","ETRS89",52.31866,3.909522,3.909522,52.31866,"core","southern_and_central_north_sea"
13400,"scheveningen.3kmuitdekust","Scheveningen, 3 km uit de kust","Scheveningen, 3 km uit de kust","ETRS89",52.153659,4.275369,4.275369,52.153659,"core","southern_and_central_north_sea"
2400,"scheveningen.5kmuitdekust","Scheveningen, 5 km uit de kust","Scheveningen, 5 km uit de kust","ETRS89",52.163381,4.253702,4.253702,52.163381,"core","southern_and_central_north_sea"
9548,"scheveningen.6kmuitdekust","Scheveningen, 6 km uit de kust","Scheveningen, 6 km uit de kust","ETRS89",52.157547,4.237035,4.237035,52.157547,"core","southern_and_central_north_sea"
258,"scheveningen.8kmuitdekust","Scheveningen, 8 km uit de kust","Scheveningen, 8 km uit de kust","ETRS89",52.180048,4.2187,4.2187,52.180048,"core","southern_and_central_north_sea"
11304,"scheveningen.buitenhaven","Scheveningen, buitenhaven","Scheveningen, buitenhaven","ETRS89",52.098721,4.258827,4.258827,52.098721,"core","southern_and_central_north_sea"
5912,"scheveningen.gemaalschouteverversingskanaal","Scheveningen, Gemaal Schoute verversingskanaal","Scheveningen, Gemaal Schoute verversingskanaal","ETRS89",52.089999,4.267029,4.267029,52.089999,"outside_domain",
4256,"scheveningen.munitiestortplaats","Scheveningen, munitiestortplaats","Scheveningen, munitiestortplaats","ETRS89",52.221989,3.820078,3.820078,52.221989,"core","southern_and_central_north_sea"
18348,"scheveningen.noorderstrand","Scheveningen, Noorderstrand","Scheveningen, Noorderstrand","ETRS89",52.111263,4.273329,4.273329,52.111263,"core","southern_and_central_north_sea"
11231,"scheveningentotkatwijk.paal86tot102.nld2022","Scheveningen tot Katwijk, paal 86 tot 102, NLD2022","Scheveningen tot Katwijk, paal 86 tot 102, NLD2022","ETRS89",52.15052,4.29688,4.29688,52.15052,"core","southern_and_central_north_sea"
5833,"scheveningen.vuurtorenbadstrand","Scheveningen, vuurtoren badstrand","Scheveningen, vuurtoren badstrand","ETRS89",52.109391,4.265492,4.265492,52.109391,"core","southern_and_central_north_sea"
15192,"scheveningen.zuiderstrand","Scheveningen, Zuiderstrand","Scheveningen, Zuiderstrand","ETRS89",52.091658,4.246922,4.246922,52.091658,"core","southern_and_central_north_sea"
7145,"scheveningen.zwartepad","Scheveningen, Zwarte Pad","Scheveningen, Zwarte Pad","ETRS89",52.122688,4.293488,4.293488,52.122688,"core","southern_and_central_north_sea"
4343,"schiermonnikoog.40kmu.d.kust","Schiermonnikoog, 40 km u.d. kust","Schiermonnikoog, 40 km u.d. kust","ETRS89",53.924292,6.048698,6.048698,53.924292,"core","southern_and_central_north_sea"
661,"schiermonnikoog.4kmuitdekust","Schiermonnikoog, 4 km uit de kust","Schiermonnikoog, 4 km uit de kust","ETRS89",53.540947,6.207047,6.207047,53.540947,"core","southern_and_central_north_sea"
7794,"schiermonnikoog.70kmu.d.kust","Schiermonnikoog, 70 km u.d. kust","Schiermonnikoog, 70 km u.d. kust","ETRS89",54.195133,5.948687,5.948687,54.195133,"core","southern_and_central_north_sea"
7290,"schiermonnikoog.badwegtotdebalg.paal4tot15.nld5078","Schiermonnikoog, Badweg tot De Balg, paal 4 tot 15, NLD5078","Schiermonnikoog, Badweg tot De Balg, paal 4 tot 15, NLD5078","ETRS89",53.51872,6.24627,6.24627,53.51872,"core","southern_and_central_north_sea"
11168,"schiermonnikoog.eilanderbalg","Schiermonnikoog.Eilanderbalg","Schiermonnikoog.Eilanderbalg","ETRS89",53.474708,6.335251,6.335251,53.474708,"core","southern_and_central_north_sea"
11255,"schiermonnikoog.noord","Schiermonnikoog, noord","Schiermonnikoog, noord","ETRS89",53.594837,6.165377,6.165377,53.594837,"core","southern_and_central_north_sea"
2297,"schiermonnikoog.waddenzee","Schiermonnikoog, Waddenzee","Schiermonnikoog, Waddenzee","ETRS89",53.468937,6.202908,6.202908,53.468937,"core","southern_and_central_north_sea"
13886,"schiermonnikoog.westgat","Schiermonnikoog, Westgat","Schiermonnikoog, Westgat","ETRS89",53.52612,6.03565,6.03565,53.52612,"core","southern_and_central_north_sea"
5240,"schijndel","Schijndel","Schijndel","ETRS89",51.648769,5.443422,5.443422,51.648769,"outside_domain",
11469,"schijndel.pand4","Schijndel, pand 04","Schijndel, pand 04","ETRS89",51.642994,5.467455,5.467455,51.642994,"outside_domain",
18229,"schijndel.sluis","Schijndel sluis","Schijndel sluis","ETRS89",51.648581,5.443581,5.443581,51.648581,"outside_domain",
76,"schijndel.sluis.beneden","Schijndel, sluis, beneden","Schijndel, sluis, beneden","ETRS89",51.648831,5.442469,5.442469,51.648831,"outside_domain",
14744,"schijndel.sluis.boven","Schijndel, sluis, boven","Schijndel, sluis, boven","ETRS89",51.648347,5.445819,5.445819,51.648347,"outside_domain",
3622,"schijndel.sluis.inlaat","Schijndel, sluis, inlaat","Spuien","ETRS89",51.648317,5.443467,5.443467,51.648317,"outside_domain",
14493,"schijndel.sluis.kleplinks","Schijndel sluis kleplinks","Schijndel sluis kleplinks","ETRS89",51.64831172,5.44346528,5.44346528,51.64831172,"outside_domain",
2151,"schijndel.sluis.kleprechts","Schijndel sluis kleprechts","Schijndel sluis kleprechts","ETRS89",51.64831172,5.44346528,5.44346528,51.64831172,"outside_domain",
2157,"schijndel.sluis.kolk","Schijndel sluis kolk","Schijndel sluis kolk","ETRS89",51.64834651,5.44582047,5.44582047,51.64834651,"outside_domain",
12722,"schijndel.sluis.spuikanaal","Schijndel, sluis, spuikanaal","Schijndel, sluis, spuikanaal","ETRS89",51.648311,5.443464,5.443464,51.648311,"outside_domain",
8846,"schildnoord","Schild noord","Schild noord","ETRS89",53.54028,6.551049,6.551049,53.54028,"core","southern_and_central_north_sea"
16905,"schipbeekpomp","Schipbeekpomp","Schipbeekpomp","ETRS89",52.194864,6.504849,6.504849,52.194864,"outside_domain",
14162,"schiphol","Schiphol","Schiphol","ETRS89",52.310817,4.763989,4.763989,52.310817,"outside_domain",
8407,"schokkerhaven","Schokkerhaven","Schokkerhaven","ETRS89",52.608294,5.754798,5.754798,52.608294,"core","southern_and_central_north_sea"
11533,"schokkerhaven.strand","Schokkerhaven, strand","Schokkerhaven, strand","ETRS89",52.612048,5.7438,5.7438,52.612048,"core","southern_and_central_north_sea"
11350,"schokland","Schokland","Schokland","ETRS89",52.625507,5.768233,5.768233,52.625507,"outside_domain",
926,"schoonhoven","Schoonhoven","Schoonhoven","ETRS89",51.942,4.85,4.85,51.942,"outside_domain",
1055,"schore","Schore","Schore","ETRS89",52.957356,4.9445,4.9445,52.957356,"core","southern_and_central_north_sea"
3951,"schoreloswal","Schore loswal","Schore loswal","ETRS89",51.462993,4.006431,4.006431,51.462993,"outside_domain",
14206,"schotsmancampenswegbadstrand","Schotsman Campensweg badstrand","Schotsman Campensweg badstrand","ETRS89",51.574656,3.649992,3.649992,51.574656,"outside_domain",
9853,"schouwem.neeltjejans.schelphoek.nld1008","Schouwem, Neeltje Jans, Schelphoek, NLD1008","Schouwem, Neeltje Jans, Schelphoek, NLD1008","ETRS89",51.65208,3.67152,3.67152,51.65208,"core","southern_and_central_north_sea"
13083,"schouwen.10kmuitdekust","Schouwen, 10 km uit de kust","Schouwen, 10 km uit de kust","ETRS89",51.719192,3.493973,3.493973,51.719192,"core","southern_and_central_north_sea"
17723,"schouwen.1kmuitdekust","Schouwen, 1 km uit de kust","Schouwen, 1 km uit de kust","ETRS89",51.665744,3.593157,3.593157,51.665744,"core","southern_and_central_north_sea"
18216,"schouwen.20kmuitdekust","Schouwen, 20 km uit de kust","Schouwen, 20 km uit de kust","ETRS89",51.778637,3.385635,3.385635,51.778637,"core","southern_and_central_north_sea"
14890,"schouwen.30kmuitdekust","Schouwen, 30 km uit de kust","Schouwen, 30 km uit de kust","ETRS89",51.839054,3.2732,3.2732,51.839054,"core","southern_and_central_north_sea"
10880,"schouwen.4kmuitdekust","Schouwen, 4 km uit de kust","Schouwen, 4 km uit de kust","ETRS89",51.682408,3.561489,3.561489,51.682408,"core","southern_and_central_north_sea"
2182,"schouwen.50kmuitdekust","Schouwen, 50 km uit de kust","Schouwen, 50 km uit de kust","ETRS89",51.954042,3.056841,3.056841,51.954042,"core","southern_and_central_north_sea"
12066,"schouwen.70kmuitdekust","Schouwen, 70 km uit de kust","Schouwen, 70 km uit de kust","ETRS89",52.073475,2.829111,2.829111,52.073475,"core","southern_and_central_north_sea"
4125,"schouwenbank","Schouwenbank","Schouwenbank","ETRS89",51.747524,3.310356,3.310356,51.747524,"core","southern_and_central_north_sea"
17033,"schouwenbank.1","Schouwenbank, 1","Anchor South, wrakkenboei","ETRS89",51.745871,3.305423,3.305423,51.745871,"core","southern_and_central_north_sea"
7262,"schouwenbank.2","Schouwenbank, 2","Noordzee, Schouwenbank, Anchor South","ETRS89",51.7438,3.3062,3.3062,51.7438,"core","southern_and_central_north_sea"
781,"schouwen.westerschouwentotbrouwersdam.paal1tot12.nld1010","Schouwen, westerschouwen tot Brouwersdam, paal 1 tot 12, NLD1010","Schouwen, westerschouwen tot Brouwersdam, paal 1 tot 12, NLD1010","ETRS89",51.74894,3.7225,3.7225,51.74894,"core","southern_and_central_north_sea"
14938,"schroevendplas","Schroevend Plas","Schroevend Plas","ETRS89",51.109777,5.819246,5.819246,51.109777,"outside_domain",
16452,"schuitengatii","Schuitengat II","Schuitengat II","ETRS89",53.354598,5.219007,5.219007,53.354598,"core","southern_and_central_north_sea"
10645,"schulpengatii","Schulpengat II","Schulpengat II","ETRS89",52.937577,4.679524,4.679524,52.937577,"core","southern_and_central_north_sea"
9870,"schuwacht.lek","Schuwacht, Lek","Schuwacht, Lek","ETRS89",51.8906101,4.6566256,4.6566256,51.8906101,"outside_domain",
14358,"seanpplatform","Sean P platform","Sean P platform","ETRS89",53.182566,2.848636,2.848636,53.182566,"core","southern_and_central_north_sea"
5657,"servaasbrugbeneden","Servaasbrug beneden","Servaasbrug beneden","ETRS89",50.849776,5.696502,5.696502,50.849776,"outside_domain",
5529,"sgravendeel","'s-Gravendeel","'s-Gravendeel","ETRS89",51.779153,4.625854,4.625854,51.779153,"outside_domain",
2459,"sgravendeel.haven","'s-Gravendeel, haven","'s-Gravendeel, haven","ETRS89",51.782209,4.625802,4.625802,51.782209,"outside_domain",
15230,"sgravenmoer","sgravenmoer","Donge","ETRS89",51.657249,4.934864,4.934864,51.657249,"outside_domain",
16404,"sgravezande.badstrand","s-Gravezande, badstrand","s-Gravezande, badstrand","ETRS89",52.022843,4.151968,4.151968,52.022843,"core","southern_and_central_north_sea"
2721,"shertogenbosch.crevecoeur","'s-Hertogenbosch Crevecoeur","'s-Hertogenbosch Crevecoeur","ETRS89",51.733524,5.271539,5.271539,51.733524,"outside_domain",
16945,"shertogenbosch.empel.kanaal","Empel, kanaal","Empel, kanaal","ETRS89",51.738528,5.333972,5.333972,51.738528,"outside_domain",
12701,"shertogenbosch.empel.maas","Empel beneden","km 215,40","ETRS89",51.740083,5.332889,5.332889,51.740083,"outside_domain",
6678,"shertogenbosch.engelen","'s-Hertogenbosch Engelen","vh Crevecoeur boven","ETRS89",51.73365,5.273041,5.273041,51.73365,"outside_domain",
6480,"shertogenbosch.engelen.dieze","'s-Hertogenbosch Engelen Dieze","'s-Hertogenbosch Engelen Dieze","ETRS89",51.73361,5.27297,5.27297,51.73361,"outside_domain",
10221,"shertogenbosch.poeldonk.aa","'s-Hertogenbosch, Poeldonk, aa","voorheen beneden","ETRS89",51.683645,5.353944,5.353944,51.683645,"outside_domain",
16325,"shertogenbosch.poeldonk.zuidwillemsvaart","'s-Hertogenbosch, Poeldonk, Zuid-Willemsvaart","voorheen boven","ETRS89",51.683,5.3537,5.3537,51.683,"outside_domain",
13131,"shertogenbosch.sluisempel.gemaal","'s-Hertogenbosch Sluis Empel gemaal","'s-Hertogenbosch Sluis Empel gemaal","ETRS89",51.738519,5.333967,5.333967,51.738519,"outside_domain",
2535,"shertogenbosch.sluisempel.inlaat","'s-Hertogenbosch Sluis Empel inlaat","'s-Hertogenbosch Sluis Empel inlaat","ETRS89",51.738522,5.333967,5.333967,51.738522,"outside_domain",
7607,"shertogenbosch.sluisempel.pomp1","'s-Hertogenbosch Sluis Empel pomp1","'s-Hertogenbosch Sluis Empel pomp1","ETRS89",51.738528,5.333504,5.333504,51.738528,"outside_domain",
1938,"shertogenbosch.sluisempel.pomp2","'s-Hertogenbosch Sluis Empel pomp2","'s-Hertogenbosch Sluis Empel pomp2","ETRS89",51.738531,5.333504,5.333504,51.738531,"outside_domain",
12650,"shertogenbosch.sluisempel.pomp3","'s-Hertogenbosch Sluis Empel pomp3","'s-Hertogenbosch Sluis Empel pomp3","ETRS89",51.738533,5.333504,5.333504,51.738533,"outside_domain",
5167,"shertogenbosch.sluisempel.schutten","'s-Hertogenbosch Sluis Empel schutten","'s-Hertogenbosch Sluis Empel schutten","ETRS89",51.738522,5.333967,5.333967,51.738522,"outside_domain",
8856,"shertogenbosch.sluisempel.uitlaat","'s-Hertogenbosch Sluis Empel uitlaat","'s-Hertogenbosch Sluis Empel uitlaat","ETRS89",51.740075,5.332881,5.332881,51.740075,"outside_domain",
6344,"siegewal","Siege Wal","Schiermonnikoog","ETRS89",53.466765,6.172947,6.172947,53.466765,"core","southern_and_central_north_sea"
9896,"simonshaven","Simonshaven","Simonshaven","ETRS89",51.810097,4.307896,4.307896,51.810097,"outside_domain",
8553,"sintandries.maas","Sint Andries, Maas","Sint Andries, Maas","ETRS89",51.79681,5.358789,5.358789,51.79681,"outside_domain",
6520,"sintandries.waal","Sint Andries, Waal","Sint Andries, Waal","ETRS89",51.798608,5.357049,5.357049,51.798608,"outside_domain",
7898,"sintandries.waalbeneden","Sint Andries, Waal beneden","Sint Andries, Waal beneden","ETRS89",51.820778,5.32266,5.32266,51.820778,"outside_domain",
18584,"sintandries.waalboven","Sint Andries, Waal boven","Sint Andries, Waal boven","ETRS89",51.809396,5.370366,5.370366,51.809396,"outside_domain",
16754,"sintannaland.badstrand","Sint Annaland, Badstrand","Sint Annaland, Badstrand","ETRS89",51.606822,4.104683,4.104683,51.606822,"outside_domain",
10957,"sintannaland.havensteiger","Sint Annaland, Haven Steiger","Sint Annaland, Haven Steiger","ETRS89",51.603596,4.109586,4.109586,51.603596,"outside_domain",
6546,"sintannaland.oosterschelde","Sint Annaland haven","Sint Annaland haven","ETRS89",51.6036,4.1096,4.1096,51.6036,"outside_domain",
12830,"sintmaartensdijk.muiepolder.badstrand","Sint Maartensdijk, Muiepolder, badstrand","Sint Maartensdijk, Muiepolder, badstrand","ETRS89",51.536551,4.062721,4.062721,51.536551,"outside_domain",
5177,"sintmaartenszee","Sint Maartenszee","Sint Maartenszee","ETRS89",52.793817,4.670695,4.670695,52.793817,"core","southern_and_central_north_sea"
17789,"sintphilipsland.badstrand","Sint Philipsland, badstrand","Sint Philipsland, badstrand","ETRS89",51.616741,4.170557,4.170557,51.616741,"outside_domain",
4725,"sintphilipsland.slaak.noord","Sint Philipsland Slaak noord","OB1","ETRS89",51.65423,4.15386,4.15386,51.65423,"core","southern_and_central_north_sea"
9166,"sintphilipsland.slaak.oost","Sint Philipsland Slaak oost","OM3","ETRS89",51.6442,4.17166,4.17166,51.6442,"core","southern_and_central_north_sea"
11592,"sintphilipsland.slaak.zuid","Sint Philipsland Slaak zuid","OM2","ETRS89",51.65136,4.15109,4.15109,51.65136,"core","southern_and_central_north_sea"
4873,"sintpietersberg","Sint-Pietersberg","Sint-Pietersberg","ETRS89",50.818153,5.699367,5.699367,50.818153,"outside_domain",
947,"slaakdambrug","Slaakdambrug","Slaakdambrug","ETRS89",51.612474,4.192619,4.192619,51.612474,"outside_domain",
1449,"slenkzuid","Slenk zuid","Slenk zuid","ETRS89",53.321797,5.259367,5.259367,53.321797,"core","southern_and_central_north_sea"
15265,"sliedrecht","Sliedrecht","Sliedrecht","ETRS89",51.816118,4.784182,4.784182,51.816118,"outside_domain",
10224,"slijkgat.boeisg14","Slijkgat, boei SG14","Slijkgat, boei SG14","ETRS89",51.85406,3.987501,3.987501,51.85406,"core","southern_and_central_north_sea"
12267,"slijkgat.boeisg18","Slijkgat, boei SG18","Slijkgat, boei SG18","ETRS89",51.865869,3.993148,3.993148,51.865869,"core","southern_and_central_north_sea"
3825,"slijkplaat.zuidoost","Slijkplaat, zuid-oost","Slijkplaat, zuid-oost","ETRS89",51.798064,4.145516,4.145516,51.798064,"outside_domain",
3137,"slikkenvanflakkee","Slikken van Flakkee","Slikken van Flakkee","ETRS89",51.751905,4.018143,4.018143,51.751905,"outside_domain",
16187,"slikkerveer","Slikkerveer","kilometer 990.5","ETRS89",51.892348,4.602728,4.602728,51.892348,"outside_domain",
15073,"slobbeland.volendam","Slobbeland, Volendam","Slobbeland, Volendam","ETRS89",52.491908,5.0721,5.0721,52.491908,"outside_domain",
15900,"slochtersluis.boven","Slochtersluis","Slochtersluis","ETRS89",53.23631,6.65056,6.65056,53.23631,"outside_domain",
1213,"sluis","Sluis","Sluis","ETRS89",51.309178,3.382084,3.382084,51.309178,"outside_domain",
17035,"sluis15.zuidwillemsvaart","Sluis 15, Zuid-Willemsvaart","Sluis 15, Zuid-Willemsvaart","ETRS89",51.272842,5.749753,5.749753,51.272842,"outside_domain",
7159,"sluis4.schuiflinks","Sluis4 schuif links","Sluis4 schuif links","ETRS89",51.6085516,5.53156253,5.53156253,51.6085516,"outside_domain",
3961,"sluis4.schuifrechts","Sluis4 schuif rechts","Sluis4 schuif rechts","ETRS89",51.60855161,5.53156253,5.53156253,51.60855161,"outside_domain",
9281,"sluishelmond.boven","Sluis Helmond, boven","Sluis Helmond, boven","ETRS89",51.4653,5.693592,5.693592,51.4653,"outside_domain",
15477,"sluishintham","Sluis Hintham","Sluis Hintham","ETRS89",51.700275,5.358097,5.358097,51.700275,"outside_domain",
2004,"sluispanheel.pompoost","Sluis Panheel, pomp oost","Sluis Panheel, pomp oost","ETRS89",51.174459,5.861985,5.861985,51.174459,"outside_domain",
8067,"sluispanheel.pompwest","Sluis Panheel, pomp west","Sluis Panheel, pomp west","ETRS89",51.17446,5.861943,5.861943,51.17446,"outside_domain",
8774,"smeermaas.zuidwillemsvaart","Smeermaas, Zuid-Willemsvaart","Smeermaas, Zuid-Willemsvaart","ETRS89",50.874748,5.678438,5.678438,50.874748,"outside_domain",
2640,"smeriggat","Smeriggat","Smeriggat","ETRS89",53.430735,6.021912,6.021912,53.430735,"core","southern_and_central_north_sea"
9162,"soelekerkepolder.oost","Soelekerkepolder, oost","Soelekerkepolder, oost","ETRS89",51.542206,3.730818,3.730818,51.542206,"outside_domain",
3422,"someren.sluis11.beneden","Someren, sluis 11, beneden","Someren, sluis 11, beneden","ETRS89",51.39615,5.7264,5.7264,51.39615,"outside_domain",
8384,"someren.sluis11.boven","Someren, sluis 11, boven","Someren, sluis 11, boven","ETRS89",51.3953,5.7277,5.7277,51.3953,"outside_domain",
10557,"someren.sluis12.beneden","Someren, sluis 12, beneden","Someren, sluis 12, beneden","ETRS89",51.3507,5.74324,5.74324,51.3507,"outside_domain",
2043,"someren.sluis12.boven","Someren, sluis 12, boven","Someren, sluis 12, boven","ETRS89",51.34945,5.74345,5.74345,51.34945,"outside_domain",
558,"someren.sluis13","Someren, sluis 13","ADM","ETRS89",51.3302,5.7467,5.7467,51.3302,"outside_domain",
2782,"someren.sluis13.beneden","Someren, sluis 13, beneden","Someren, sluis 13, beneden","ETRS89",51.3309,5.7466,5.7466,51.3309,"outside_domain",
12975,"someren.sluis13.boven","Someren, sluis 13, boven","Someren, sluis 13, boven","ETRS89",51.3296,5.7468,5.7468,51.3296,"outside_domain",
3922,"sonenbreugel","Son en Breugel","Son en Breugel","ETRS89",51.505039,5.472281,5.472281,51.505039,"outside_domain",
17498,"sonenbreugel.beeksewaterloop","Son en Breugel inlaat Beekse Waterloop","Son en Breugel inlaat Beekse Waterloop","ETRS89",51.51377,5.55148,5.55148,51.51377,"outside_domain",
15168,"sonenbreugel.wilhelminakanaal","Son en Breugel inlaat Wilhelminakanaal","Son en Breugel inlaat Wilhelminakanaal","ETRS89",51.50504,5.47228,5.47228,51.50504,"outside_domain",
15747,"spaanjerd","Spaanjerd","Spaanjerd","ETRS89",51.129778,5.823639,5.823639,51.129778,"outside_domain",
17550,"spaarndam.zijkanaalc","Spaarndam, Zijkanaal C","Spaarndam, Zijkanaal C","ETRS89",52.420077,4.693508,4.693508,52.420077,"outside_domain",
2015,"spakenburg","Spakenburg","Spakenburg","ETRS89",52.26069,5.388669,5.388669,52.26069,"outside_domain",
8556,"spakenburg.recreatieparktkleinezeetje","Spakenburg, Recreatiepark 't Kleine Zeetje","Spakenburg, Recreatiepark 't Kleine Zeetje","ETRS89",52.260105,5.375501,5.375501,52.260105,"outside_domain",
2927,"spakenburg.recreatieparktkleinezeetje.2","Spakenburg, Recreatiepark 't Kleine Zeetje, 2","Spakenburg, Recreatiepark 't Kleine Zeetje, 2","ETRS89",52.261102,5.375296,5.375296,52.261102,"outside_domain",
12141,"spakenburg.recreatieparktkleinezeetje.3","Spakenburg, Recreatiepark 't Kleine Zeetje, 3","Spakenburg, Recreatiepark 't Kleine Zeetje, 3","ETRS89",52.260321,5.375984,5.375984,52.260321,"outside_domain",
11874,"spakenburg.recreatieparktkleinezeetje.4","Spakenburg, Recreatiepark 't Kleine Zeetje, 4","Spakenburg, Recreatiepark 't Kleine Zeetje, 4","ETRS89",52.25891,5.382136,5.382136,52.25891,"outside_domain",
3145,"spakenburg.recreatieparktkleinezeetje.5","Spakenburg, Recreatiepark 't Kleine Zeetje, 5","Spakenburg, Recreatiepark 't Kleine Zeetje, 5","ETRS89",52.262765,5.371194,5.371194,52.262765,"outside_domain",
2562,"speelmansgat","Speelmansgat","Speelmansgat","ETRS89",51.358986,4.10937,4.10937,51.358986,"core","southern_and_central_north_sea"
9905,"spijkenisse.beerenplaat","Spijkenisse, Beerenplaat","linker oever km 996.1","ETRS89",51.839573,4.420907,4.420907,51.839573,"outside_domain",
5876,"spijkenisse.oudemaas","Spijkenisse, Oude Maas","inlaat voedingskanaal","ETRS89",51.861661,4.333954,4.333954,51.861661,"outside_domain",
2611,"spijkenisse.oudemaas.brug","Spijkenisse, Oude Maas, Brug","voorheen Spijkenissebrug westelijke doorvaart, km1002.6","ETRS89",51.859612,4.33986,4.33986,51.859612,"outside_domain",
11986,"spijk.spijksedijk.rijn.km860.ro","Spijk, Spijkse dijk, Rijn, km 860, ro","Spijk, Spijkse dijk, Rijn, km 860, ro","ETRS89",51.849892,6.134652,6.134652,51.849892,"outside_domain",
12731,"spijk.wijksebol.strand","Strandje Wijkse Bol","Strandje Wijkse Bol","ETRS89",51.761657,5.134235,5.134235,51.761657,"outside_domain",
12122,"spruit","Spruit","Spruit","ETRS89",53.511134,6.439312,6.439312,53.511134,"core","southern_and_central_north_sea"
3669,"spuigoudswaard","Spui Goudswaard","Spui Goudswaard","ETRS89",51.803243,4.27938,4.27938,51.803243,"outside_domain",
11194,"staart","Staart","Staart","ETRS89",52.730365,5.407931,5.407931,52.730365,"core","southern_and_central_north_sea"
98,"stadaantharingvliet.drinkwaterinnnamepunt","Stad aan het Haringvliet, drinkwaterinnnamepunt","Stad aan het Haringvliet, drinkwaterinnnamepunt","ETRS89",51.752834,4.223002,4.223002,51.752834,"outside_domain",
11920,"stadaantharingvliet.strand","Stad aan het Haringvliet, strand","Stad aan het Haringvliet, strand","ETRS89",51.744927,4.241611,4.241611,51.744927,"outside_domain",
11898,"stampersplaat.noord","Stampersplaat, noord","Stampersplaat, noord","ETRS89",51.753087,3.944539,3.944539,51.753087,"core","southern_and_central_north_sea"
12898,"stavenisse","Stavenisse","Stavenisse","ETRS89",51.598,4.004,4.004,51.598,"core","southern_and_central_north_sea"
16127,"stavenisse.badstrand","Stavenisse, badstrand","Stavenisse, badstrand","ETRS89",51.593832,4.003615,4.003615,51.593832,"outside_domain",
7569,"stavenisse.keeten","Stavenisse, keeten","Stavenisse, keeten","ETRS89",51.60037,4.015242,4.015242,51.60037,"core","southern_and_central_north_sea"
4864,"stavoren","Stavoren","voorheen zuid","ETRS89",52.879766,5.359206,5.359206,52.879766,"outside_domain",
15172,"stavoren.gemaalhoogland.buiten","Stavoren gemaal Hoogland buiten","Stavoren gemaal Hoogland buiten","ETRS89",52.87793,5.36396,5.36396,52.87793,"outside_domain",
3908,"stavoren.ijsselmeer","Stavoren IJsselmeer","Stavoren IJsselmeer","ETRS89",52.853469,5.32634,5.32634,52.853469,"core","southern_and_central_north_sea"
8781,"stavoren.itsuderstrand","Stavoren, It Suderstrand","Stavoren, It Suderstrand","ETRS89",52.872139,5.370067,5.370067,52.872139,"outside_domain",
16192,"stavoren.johanfrisokanaal","Stavoren JohanFrisokanaal gemaal Hoogland inlaat","Stavoren JohanFrisokanaal gemaal Hoogland inlaat","ETRS89",52.87805,5.364415,5.364415,52.87805,"outside_domain",
10729,"stavoren.zuid","Stavoren zuid","voorheen noord","ETRS89",52.87923,5.35915,5.35915,52.87923,"outside_domain",
5779,"steenbergen.roosendaalsevliet","Steenbergen, Roosendaalsevliet","Steenbergen, Roosendaalsevliet","ETRS89",51.641197,4.242284,4.242284,51.641197,"core","southern_and_central_north_sea"
5447,"steenbergsesas","Steenbergse Sas","Steenbergse Sas","ETRS89",51.626668,4.254928,4.254928,51.626668,"outside_domain",
11333,"steenwaard.km941","Steenwaard, km 941","Steenwaard, km 941","ETRS89",51.959977,5.196611,5.196611,51.959977,"outside_domain",
17485,"steilebank","Steile Bank","Steile Bank","ETRS89",52.828102,5.629536,5.629536,52.828102,"core","southern_and_central_north_sea"
12257,"stellendam.binnen","Stellendam, binnen","Stellendam, binnen","ETRS89",51.826694,4.050028,4.050028,51.826694,"core","southern_and_central_north_sea"
13738,"stellendam.buiten","Stellendam, buiten","meetboei","ETRS89",51.8317,4.042533,4.042533,51.8317,"core","southern_and_central_north_sea"
2145,"stellendam.buitenhaven","Stellendam, buitenhaven","Stellendam, buitenhaven","ETRS89",51.827028,4.033445,4.033445,51.827028,"core","southern_and_central_north_sea"
17531,"stellendam.haringvlietsluizen.schuif1","Stellendam, Haringvlietsluizen, schuif 1","Stellendam, Haringvlietsluizen, schuif 1","ETRS89",51.836166,4.054383,4.054383,51.836166,"core","southern_and_central_north_sea"
3643,"stellendam.haringvlietsluizen.schuif10","Stellendam, Haringvlietsluizen, schuif 10","Stellendam, Haringvlietsluizen, schuif 10","ETRS89",51.832333,4.0492,4.0492,51.832333,"core","southern_and_central_north_sea"
4209,"stellendam.haringvlietsluizen.schuif11","Stellendam, Haringvlietsluizen, schuif 11","Stellendam, Haringvlietsluizen, schuif 11","ETRS89",51.831883,4.048633,4.048633,51.831883,"core","southern_and_central_north_sea"
9797,"stellendam.haringvlietsluizen.schuif12","Stellendam, Haringvlietsluizen, schuif 12","Stellendam, Haringvlietsluizen, schuif 12","ETRS89",51.831466,4.04805,4.04805,51.831466,"core","southern_and_central_north_sea"
16592,"stellendam.haringvlietsluizen.schuif13","Stellendam, Haringvlietsluizen, schuif 13","Stellendam, Haringvlietsluizen, schuif 13","ETRS89",51.831033,4.047483,4.047483,51.831033,"core","southern_and_central_north_sea"
14753,"stellendam.haringvlietsluizen.schuif14","Stellendam, Haringvlietsluizen, schuif 14","Stellendam, Haringvlietsluizen, schuif 14","ETRS89",51.8306,4.046917,4.046917,51.8306,"core","southern_and_central_north_sea"
13569,"stellendam.haringvlietsluizen.schuif15","Stellendam, Haringvlietsluizen, schuif 15","Stellendam, Haringvlietsluizen, schuif 15","ETRS89",51.830166,4.046333,4.046333,51.830166,"core","southern_and_central_north_sea"
932,"stellendam.haringvlietsluizen.schuif16","Stellendam, Haringvlietsluizen, schuif 16","Stellendam, Haringvlietsluizen, schuif 16","ETRS89",51.82975,4.045767,4.045767,51.82975,"core","southern_and_central_north_sea"
647,"stellendam.haringvlietsluizen.schuif17","Stellendam, Haringvlietsluizen, schuif 17","Stellendam, Haringvlietsluizen, schuif 17","ETRS89",51.829333,4.0452,4.0452,51.829333,"core","southern_and_central_north_sea"
15915,"stellendam.haringvlietsluizen.schuif2","Stellendam, Haringvlietsluizen, schuif 2","Stellendam, Haringvlietsluizen, schuif 2","ETRS89",51.835766,4.053817,4.053817,51.835766,"core","southern_and_central_north_sea"
9950,"stellendam.haringvlietsluizen.schuif3","Stellendam, Haringvlietsluizen, schuif 3","Stellendam, Haringvlietsluizen, schuif 3","ETRS89",51.835366,4.053267,4.053267,51.835366,"core","southern_and_central_north_sea"
18033,"stellendam.haringvlietsluizen.schuif4","Stellendam, Haringvlietsluizen, schuif 4","Stellendam, Haringvlietsluizen, schuif 4","ETRS89",51.8349,4.052617,4.052617,51.8349,"core","southern_and_central_north_sea"
9679,"stellendam.haringvlietsluizen.schuif5","Stellendam, Haringvlietsluizen, schuif 5","Stellendam, Haringvlietsluizen, schuif 5","ETRS89",51.83445,4.05205,4.05205,51.83445,"core","southern_and_central_north_sea"
2578,"stellendam.haringvlietsluizen.schuif6","Stellendam, Haringvlietsluizen, schuif 6","Stellendam, Haringvlietsluizen, schuif 6","ETRS89",51.834016,4.051483,4.051483,51.834016,"core","southern_and_central_north_sea"
11213,"stellendam.haringvlietsluizen.schuif7","Stellendam, Haringvlietsluizen, schuif 7","Stellendam, Haringvlietsluizen, schuif 7","ETRS89",51.833583,4.050917,4.050917,51.833583,"core","southern_and_central_north_sea"
14195,"stellendam.haringvlietsluizen.schuif8","Stellendam, Haringvlietsluizen, schuif 8","Stellendam, Haringvlietsluizen, schuif 8","ETRS89",51.833166,4.05035,4.05035,51.833166,"core","southern_and_central_north_sea"
9729,"stellendam.haringvlietsluizen.schuif9","Stellendam, Haringvlietsluizen, schuif 9","Stellendam, Haringvlietsluizen, schuif 9","ETRS89",51.832733,4.049767,4.049767,51.832733,"core","southern_and_central_north_sea"
9965,"stellendam.naastbinnenhaven","Stellendam, naast binnenhaven","Stellendam, naast binnenhaven","ETRS89",51.82005,4.049983,4.049983,51.82005,"outside_domain",
16018,"stellendam.recreatieterreinrws","Stellendam, recreatieterrein RWS","Stellendam, recreatieterrein RWS","ETRS89",51.823716,4.044816,4.044816,51.823716,"core","southern_and_central_north_sea"
10326,"stellendam.zuiderdiep","Stellendam, Zuiderdiep","Stellendam, Zuiderdiep","ETRS89",51.804103,4.056826,4.056826,51.804103,"outside_domain",
3975,"steurgat.zuid","Steurgat, zuid","Steurgat, zuid","ETRS89",51.767457,4.861397,4.861397,51.767457,"outside_domain",
1635,"stevensweert","Stevensweert","Stevensweert","ETRS89",51.131088,5.841665,5.841665,51.131088,"outside_domain",
16901,"stevensweert.brandt.huiskensplas","Stevensweert, Brandt, Huiskensplas","dagstrand","ETRS89",51.138721,5.859473,5.859473,51.138721,"outside_domain",
14219,"stevensweert.eiland.dekis","Stevensweert, Eiland, De Kis","dagstrand","ETRS89",51.137182,5.857728,5.857728,51.137182,"outside_domain",
3987,"steyl","Belfeld beneden","km 102,697","ETRS89",51.33536,6.116676,6.116676,51.33536,"outside_domain",
8293,"stikkenpolder.stikkpdr","Stikkenpolder, STIKKPDR","Stikkenpolder, STIKKPDR","ETRS89",52.602418,3.379564,3.379564,52.602418,"core","southern_and_central_north_sea"
8049,"stikkenpolder.stkpdr","Stikkenpolder, STKPDR","Stikkenpolder, STKPDR","ETRS89",52.618253,5.90402,5.90402,52.618253,"outside_domain",
17591,"stortemelk","Stortemelk","Stortemelk","ETRS89",53.338992,5.055312,5.055312,53.338992,"core","southern_and_central_north_sea"
6524,"stortemelk.oost","Stortemelk, oost","Stortemelk, oost","ETRS89",53.321314,5.102088,5.102088,53.321314,"core","southern_and_central_north_sea"
3075,"stortemelk.west","Stortemelk, west","Stortemelk, west","ETRS89",53.320717,4.995998,4.995998,53.320717,"core","southern_and_central_north_sea"
11346,"strandeilandharderwijk","Strandeiland Harderwijk","Strandeiland Harderwijk","ETRS89",52.350684,5.612686,5.612686,52.350684,"outside_domain",
994,"strandeilandvanmaurik","Strand Eiland van Maurik","Strand Eiland van Maurik","ETRS89",51.975226,5.421463,5.421463,51.975226,"outside_domain",
4781,"strandnieuwkamperhoek","Strand Nieuw kamperhoek","Strand Nieuw kamperhoek","ETRS89",52.601666,5.647846,5.647846,52.601666,"outside_domain",
8862,"strand.noordpier.velsen","Strand, noordpier, Velsen","Strand, noordpier, Velsen","ETRS89",52.470601,4.564749,4.564749,52.470601,"core","southern_and_central_north_sea"
11446,"strandnulde","Strand Nulde","Strand Nulde","ETRS89",52.271904,5.548364,5.548364,52.271904,"outside_domain",
5288,"strandnulde.zuid","Strand Nulde, zuid","Strand Nulde, zuid","ETRS89",52.266642,5.530751,5.530751,52.266642,"outside_domain",
11049,"strandrcn","Strand RCN","Strand RCN","ETRS89",52.309816,5.546889,5.546889,52.309816,"outside_domain",
1824,"strandrcn.noord","Strand RCN, Noord","Strand RCN, Noord","ETRS89",52.312816,5.548777,5.548777,52.312816,"outside_domain",
10262,"strandschardam","Strand Schardam","Strand Schardam","ETRS89",52.593706,5.021697,5.021697,52.593706,"outside_domain",
8000,"strandstaversekade","Strand Staversekade","Strand Staversekade","ETRS89",52.659846,5.594348,5.594348,52.659846,"outside_domain",
9083,"strandvanlochem.zuidkm13lo","Strand van Lochem, zuid km 13 lo","Strand van Lochem, zuid km 13 lo","ETRS89",52.166041,6.370218,6.370218,52.166041,"outside_domain",
5623,"streefkerk","Streefkerk","Streefkerk","ETRS89",51.907628,4.751275,4.751275,51.907628,"outside_domain",
12858,"streefkerk.lek","Streefkerk, Lek","Streefkerk, Lek","ETRS89",51.9047846,4.7393118,4.7393118,51.9047846,"outside_domain",
5542,"strijensas","Strijensas","Strijensas","ETRS89",51.713066,4.5912,4.5912,51.713066,"outside_domain",
12022,"strontelersluis","Strontelersluis","Strontelersluis","ETRS89",52.921451,5.038166,5.038166,52.921451,"outside_domain",
7505,"surfstrandalmere","Surfstrand Almere","Surfstrand Almere","ETRS89",52.335004,5.205274,5.205274,52.335004,"outside_domain",
12925,"suurhofbrug","Suurhofbrug","Suurhofbrug","ETRS89",51.938523,4.08346,4.08346,51.938523,"outside_domain",
12845,"suurhofbrug.noordzijde","Suurhofbrug, noordzijde","Suurhofbrug, noordzijde","ETRS89",51.937687,4.107234,4.107234,51.937687,"outside_domain",
7109,"swifterbant.ketelmeer","Swifterbant, Ketelmeer","voorheen Ketelmeer, west","ETRS89",52.6055,5.6455,5.6455,52.6055,"outside_domain",
17661,"swifterweg","Swifterweg","Hoge Vaart","ETRS89",52.460358,5.693242,5.693242,52.460358,"outside_domain",
3190,"tennesseehaven","Tennesseehaven","Tennesseehaven","ETRS89",51.963507,4.093561,4.093561,51.963507,"outside_domain",
1152,"terheijde.10kmuitdekust","Ter Heijde, 10 km uit de kust","Ter Heijde, 10 km uit de kust","ETRS89",52.109016,4.087249,4.087249,52.109016,"core","southern_and_central_north_sea"
16490,"terheijde.1kmuitdekust","Ter Heijde, 1 km uit de kust","Ter Heijde, 1 km uit de kust","ETRS89",52.045696,4.168627,4.168627,52.045696,"core","southern_and_central_north_sea"
1495,"terheijde.20kmuitdekust","Ter Heijde, 20 km uit de kust","Ter Heijde, 20 km uit de kust","ETRS89",52.182537,3.992029,3.992029,52.182537,"core","southern_and_central_north_sea"
15217,"terheijde.2kmuitdekust","Ter Heijde, 2 km uit de kust","Ter Heijde, 2 km uit de kust","ETRS89",52.052354,4.159742,4.159742,52.052354,"core","southern_and_central_north_sea"
18183,"terheijde.30kmuitdekust","Ter Heijde, 30 km uit de kust","Ter Heijde, 30 km uit de kust","ETRS89",52.253171,3.899781,3.899781,52.253171,"core","southern_and_central_north_sea"
16113,"terheijde.40kmuitdekust","Ter Heijde, 40 km uit de kust","Ter Heijde, 40 km uit de kust","ETRS89",52.299491,3.770908,3.770908,52.299491,"core","southern_and_central_north_sea"
15943,"terheijde.4kmuitdekust","Ter Heijde, 4 km uit de kust","Ter Heijde, 4 km uit de kust","ETRS89",52.066247,4.141421,4.141421,52.066247,"core","southern_and_central_north_sea"
4688,"terheijde.50kmuitdekust","Ter Heijde, 50 km uit de kust","Ter Heijde, 50 km uit de kust","ETRS89",52.344824,3.643155,3.643155,52.344824,"core","southern_and_central_north_sea"
17163,"terheijde.70kmuitdekust","Ter Heijde, 70 km uit de kust","Ter Heijde, 70 km uit de kust","ETRS89",52.433981,3.389857,3.389857,52.433981,"core","southern_and_central_north_sea"
3928,"terherne.beneden","Terherne beneden","Terherne beneden","ETRS89",53.04323,5.76625,5.76625,53.04323,"outside_domain",
9667,"terherne.boven","Terherne boven","Terherne boven","ETRS89",53.04488,5.7706,5.7706,53.04488,"outside_domain",
13743,"termunten","Termunten","Termunten","ETRS89",53.300257,7.056776,7.056776,53.300257,"outside_domain",
9877,"termunten.zeestrand","Termunten, zeestrand","Termunten, zeestrand","ETRS89",53.302878,7.031538,7.031538,53.302878,"outside_domain",
1774,"termunterzijl","Termunterzijl","Termunterzijl","ETRS89",53.30314,7.036708,7.036708,53.30314,"outside_domain",
5118,"ternaard","Ternaard","Ternaard","ETRS89",53.382799,5.964879,5.964879,53.382799,"outside_domain",
3509,"terneuzen","Terneuzen","Terneuzen","ETRS89",51.336212,3.819812,3.819812,51.336212,"outside_domain",
6191,"terneuzen.boei20","Terneuzen, boei 20","Terneuzen, boei 20","ETRS89",51.346537,3.825487,3.825487,51.346537,"core","southern_and_central_north_sea"
591,"terneuzen.boeiwpt2","Terneuzen, boei WPT2","Terneuzen, boei WPT2","ETRS89",51.349682,3.825365,3.825365,51.349682,"core","southern_and_central_north_sea"
18497,"terneuzen.goesekade","Terneuzen, Goese Kade","Terneuzen, Goese Kade","ETRS89",51.319879,3.82195,3.82195,51.319879,"outside_domain",
2792,"terneuzen.landtong","Terneuzen, landtong","Terneuzen, landtong","ETRS89",51.322031,3.824889,3.824889,51.322031,"outside_domain",
17916,"terneuzen.middenkmntblo","Terneuzen, Midden km ntb lo","Terneuzen, Midden km ntb lo","ETRS89",51.315252,3.82558,3.82558,51.315252,"outside_domain",
10499,"terneuzen.noord","Terneuzen, Noord","Terneuzen, Noord","ETRS89",51.323548,3.819371,3.819371,51.323548,"outside_domain",
627,"terneuzen.pasvanterneuzen.1","Terneuzen Pas van Terneuzen boei","Terneuzen Pas van Terneuzen boei","ETRS89",51.357777,3.747208,3.747208,51.357777,"core","southern_and_central_north_sea"
13892,"terneuzen.sluiskilbrug","Terneuzen, Sluiskilbrug","Terneuzen, Sluiskilbrug","ETRS89",51.294,3.8354,3.8354,51.294,"outside_domain",
18342,"terneuzen.westsluis","Terneuzen, westsluis","Terneuzen, westsluis","ETRS89",51.336898,3.815339,3.815339,51.336898,"outside_domain",
1361,"terneuzen.westsluis.buiten","Terneuzen, westsluis, buiten","Terneuzen, westsluis, buiten","ETRS89",51.337472,3.812564,3.812564,51.337472,"core","southern_and_central_north_sea"
13885,"terneuzen.westsluisinloop","Terneuzen, westsluis inloop","Terneuzen, westsluis inloop","ETRS89",51.326006,3.818972,3.818972,51.326006,"outside_domain",
5967,"terneuzen.westsluis.kanaalzijde","Terneuzen, westsluis, kanaalzijde","Terneuzen, westsluis, kanaalzijde","ETRS89",51.324309,3.819115,3.819115,51.324309,"outside_domain",
7724,"terneuzen.westsluislinkeroever","Terneuzen, westsluis linker oever","Terneuzen, westsluis linker oever","ETRS89",51.327788,3.81621,3.81621,51.327788,"outside_domain",
8584,"terneuzen.zuid","Terneuzen, zuid","Terneuzen, zuid","ETRS89",51.29972,3.832478,3.832478,51.29972,"outside_domain",
6240,"terschelling.100kmuitdekust","Terschelling, 100 km uit de kust","Terschelling, 100 km uit de kust","ETRS89",54.148726,4.34059,4.34059,54.148726,"core","southern_and_central_north_sea"
2110,"terschelling.10kmuitdekust","Terschelling, 10 km uit de kust","Terschelling, 10 km uit de kust","ETRS89",53.460377,5.09952,5.09952,53.460377,"core","southern_and_central_north_sea"
2686,"terschelling.135kmuitdekust","Terschelling, 135 km uit de kust","Terschelling, 135 km uit de kust","ETRS89",54.414843,4.03974,4.03974,54.414843,"core","southern_and_central_north_sea"
12743,"terschelling.175kmuitdekust","Terschelling, 175 km uit de kust","Terschelling, 175 km uit de kust","ETRS89",54.718461,3.690277,3.690277,54.718461,"core","southern_and_central_north_sea"
17380,"terschelling.20kmuitdekust","Terschelling, 20 km uit de kust","Terschelling, 20 km uit de kust","ETRS89",53.536359,5.02044,5.02044,53.536359,"core","southern_and_central_north_sea"
9639,"terschelling.235kmuitdekust","Terschelling, 235 km uit de kust","Terschelling, 235 km uit de kust","ETRS89",55.171526,3.156081,3.156081,55.171526,"core","southern_and_central_north_sea"
18512,"terschelling.275kmuitdekust","Terschelling, 275 km uit de kust","Terschelling, 275 km uit de kust","ETRS89",55.336686,3.098211,3.098211,55.336686,"core","southern_and_central_north_sea"
14075,"terschelling.30kmuitdekust","Terschelling, 30 km uit de kust","Terschelling, 30 km uit de kust","ETRS89",53.612733,4.939633,4.939633,53.612733,"core","southern_and_central_north_sea"
14914,"terschelling.40kmuitdekust","Terschelling, 40 km uit de kust","Terschelling, 40 km uit de kust","ETRS89",53.689154,4.853131,4.853131,53.689154,"core","southern_and_central_north_sea"
6942,"terschelling.4kmuitdekust","Terschelling, 4 km uit de kust","Terschelling, 4 km uit de kust","ETRS89",53.414543,5.149245,5.149245,53.414543,"core","southern_and_central_north_sea"
11210,"terschelling.50kmuitdekust","Terschelling, 50 km uit de kust","Terschelling, 50 km uit de kust","ETRS89",53.766773,4.765613,4.765613,53.766773,"core","southern_and_central_north_sea"
13595,"terschelling.60kmuitdekust","Terschelling, 60 km uit de kust","Terschelling, 60 km uit de kust","ETRS89",53.843327,4.687311,4.687311,53.843327,"core","southern_and_central_north_sea"
16380,"terschelling.70kmuitdekust","Terschelling, 70 km uit de kust","Terschelling, 70 km uit de kust","ETRS89",53.921038,4.608012,4.608012,53.921038,"core","southern_and_central_north_sea"
5298,"terschelling.amelanderduin.schellingerland.paal18tot30.nld5059","Terschelling, Amelander Duin, Schellingerland, paal 18 tot 30, NLD5059","Terschelling, Amelander Duin, Schellingerland, paal 18 tot 30, NLD5059","ETRS89",53.46246,5.50038,5.50038,53.46246,"core","southern_and_central_north_sea"
1502,"terschelling.badstrandwestaanzee","Terschelling, Badstrand West aan Zee","Terschelling, Badstrand West aan Zee","ETRS89",53.405252,5.251798,5.251798,53.405252,"core","southern_and_central_north_sea"
7835,"terschelling.hoorn","Terschelling, Hoorn","meteostation","ETRS89",53.391726,5.345122,5.345122,53.391726,"outside_domain",
18990,"terschelling.hoorn.midslandaanzee.paal11tot15.nld5061","Terschelling Hoorn - Midsland aan Zee, paal 11-15","NLD5061","ETRS89",53.4376,5.3739,5.3739,53.4376,"core","southern_and_central_north_sea"
16528,"terschelling.kweldervanstriep","Terschelling, kwelder van Striep","Seeryp","ETRS89",53.377737,5.309824,5.309824,53.377737,"core","southern_and_central_north_sea"
11224,"terschelling.midslandaanzee.kroonpolders.paal3tot11.nld5062","Terschelling, Midsland aan Zee, Kroonpolders, paal 3 tot 11, NLD5062","Terschelling, Midsland aan Zee, Kroonpolders, paal 3 tot 11, NLD5062","ETRS89",53.41672,5.20765,5.20765,53.41672,"core","southern_and_central_north_sea"
10077,"terschelling.noordzee","Terschelling, Noordzee","Terschelling, Noordzee","ETRS89",53.442486,5.333033,5.333033,53.442486,"core","southern_and_central_north_sea"
7961,"terschelling.schellingerland.hoorn.paal15tot18.nld5060","Terschelling, Schellingerland, Hoorn, paal 15 tot 18, NLD5060","Terschelling, Schellingerland, Hoorn, paal 15 tot 18, NLD5060","ETRS89",53.4376,5.3739,5.3739,53.4376,"core","southern_and_central_north_sea"
6775,"terschelling.sintjanshoekamelanderduin.paal","Terschelling Sint Janshoek Amelanderduin paal","Terschelling Sint Janshoek Amelanderduin paal","ETRS89",53.4192,5.54254,5.54254,53.4192,"core","southern_and_central_north_sea"
8061,"terschelling.strandafvalmeetnet","Terschelling, Strandafval Meetnet","NL004","ETRS89",53.424079,5.391721,5.391721,53.424079,"outside_domain",
3567,"terschelling.veerhavenmidsland","Terschelling veerhaven Midsland","Terschelling veerhaven Midsland","ETRS89",53.34861,5.24345,5.24345,53.34861,"core","southern_and_central_north_sea"
17352,"terschelling.wantij","Terschelling wantij","Terschelling wantij","ETRS89",53.325,5.53833,5.53833,53.325,"core","southern_and_central_north_sea"
14709,"terschelling.west","Terschelling, west","Terschelling, west","ETRS89",53.363045,5.220026,5.220026,53.363045,"core","southern_and_central_north_sea"
2309,"texel","Texel","Texel","ETRS89",53.029799,4.287567,4.287567,53.029799,"core","southern_and_central_north_sea"
11060,"texel.1kmuitdekust","Texel, 1 km uit de kust","Texel, 1 km uit de kust","ETRS89",53.115362,4.767021,4.767021,53.115362,"core","southern_and_central_north_sea"
10349,"texel.70kmuitdekust","Texel, 70 km uit de kust","Texel, 70 km uit de kust","ETRS89",53.500089,3.998656,3.998656,53.500089,"core","southern_and_central_north_sea"
13544,"texel.decocksdorp.deschorren.nld4045","Texel, De Cocksdorp, De Schorren, NLD4045","Texel, De Cocksdorp, De Schorren, NLD4045","ETRS89",53.14925,4.92288,4.92288,53.14925,"core","southern_and_central_north_sea"
3182,"texel.dekoog.deslufter.paal20tot25.nld4042","Texel, De Koog, De Slufter, paal 20 tot 25, NLD4042","Texel, De Koog, De Slufter, paal 20 tot 25, NLD4042","ETRS89",53.13085,4.75425,4.75425,53.13085,"core","southern_and_central_north_sea"
12336,"texel.deschorren.oostkaap.nld4046","Texel, De Schorren, oostkaap, NLD4046","Texel, De Schorren, oostkaap, NLD4046","ETRS89",53.10351,4.92686,4.92686,53.10351,"core","southern_and_central_north_sea"
12729,"texel.deslufter.vuurtoren.paal25tot32.nld4043","Texel, De Slufter, vuurtoren, paal 25 tot 32, NLD4043","Texel, De Slufter, vuurtoren, paal 25 tot 32, NLD4043","ETRS89",53.17808,4.81311,4.81311,53.17808,"core","southern_and_central_north_sea"
11393,"texel.hoornderslag.westerslag.paal10tot15.nld4040","Texel, Hoornderslag, westerslag, paal 10 tot 15, NLD4040","Texel, Hoornderslag, westerslag, paal 10 tot 15, NLD4040","ETRS89",53.04335,4.68504,4.68504,53.04335,"core","southern_and_central_north_sea"
3289,"texel.hors","Texelhors","Texelhors","ETRS89",52.995005,4.719873,4.719873,52.995005,"outside_domain",
11657,"texelhors","Texelhors","Texelhors","ETRS89",53.002591,4.735637,4.735637,53.002591,"outside_domain",
15902,"texel.lichtschip","Texel, lichtschip","Texel, lichtschip","ETRS89",53.027021,4.299789,4.299789,53.027021,"core","southern_and_central_north_sea"
5901,"texel.mokbaai.hoornderslag.dehors.paaltot10.nld4039","Texel, Mokbaai, Hoornderslag, De Hors, paal 0 tot 10, NLD4039","Texel, Mokbaai, Hoornderslag, De Hors, paal 0 tot 10, NLD4039","ETRS89",52.98667,4.69777,4.69777,52.98667,"core","southern_and_central_north_sea"
6320,"texel.noordzee","Texel, Noordzee","Texel, Noordzee","ETRS89",53.120612,4.733193,4.733193,53.120612,"core","southern_and_central_north_sea"
8328,"texel.oostkaap.oudeschild.nld4047","Texel, Oostkaap, Oudeschild, NLD4047","Texel, Oostkaap, Oudeschild, NLD4047","ETRS89",53.04981,4.89106,4.89106,53.04981,"core","southern_and_central_north_sea"
16064,"texel.oudeschild","Texel, Oudeschild","Texel, Oudeschild","ETRS89",53.038835,4.850192,4.850192,53.038835,"outside_domain",
836,"texel.oudeschild.thorntje.nld4048","Texel, Oudeschild, 't Horntje, NLD4048","Texel, Oudeschild, 't Horntje, NLD4048","ETRS89",53.01551,4.84095,4.84095,53.01551,"core","southern_and_central_north_sea"
2815,"texelstroom","Texelstroom","Texelstroom","ETRS89",53.019577,4.824649,4.824649,53.019577,"core","southern_and_central_north_sea"
13035,"texeltotvlielandtotgriendtotricheleilanden.nld4000","Texel tot Vlieland tot Griend tot Richel eilanden, NLD4000","Texel tot Vlieland tot Griend tot Richel eilanden, NLD4000","ETRS89",53.2,4.9,4.9,53.2,"core","southern_and_central_north_sea"
18036,"texel.vuurtoren.decocksdorp.paal32tot36.nld4044","Texel, vuurtoren, De Cocksdorp, paal 32 tot 36, NLD4044","Texel, vuurtoren, De Cocksdorp, paal 32 tot 36, NLD4044","ETRS89",53.18106,4.88947,4.88947,53.18106,"core","southern_and_central_north_sea"
3871,"texel.westerslag.dekoog.paal15tot20.nld4041","Texel, westerslag, De Koog, paal 15 tot 20, NLD4041","Texel, westerslag, De Koog, paal 15 tot 20, NLD4041","ETRS89",53.07964,4.70811,4.70811,53.07964,"core","southern_and_central_north_sea"
3244,"texel.westgat","Texel, Westgat","Texel, Westgat","ETRS89",52.940591,4.644484,4.644484,52.940591,"core","southern_and_central_north_sea"
3174,"tholen","Tholen","Tholen","ETRS89",51.536023,4.23326,4.23326,51.536023,"outside_domain",
6179,"tholen.2","Tholen, 02","Tholen, 02","ETRS89",51.515855,4.132053,4.132053,51.515855,"core","southern_and_central_north_sea"
4137,"tholen.bergsediepsluis","Tholen Bergsediepsluis","Tholen Bergsediepsluis","ETRS89",51.510197,4.173901,4.173901,51.510197,"core","southern_and_central_north_sea"
2965,"tholen.bergsediepsluis.buiten","Tholen, Bergse Diepsluis, buiten","west","ETRS89",51.511335,4.165743,4.165743,51.511335,"core","southern_and_central_north_sea"
15450,"tholen.nieuwehaven.boeinh7","Tholen, Nieuwe Haven, boei NH7","Tholen, Nieuwe Haven, boei NH7","ETRS89",51.512748,4.215928,4.215928,51.512748,"core","southern_and_central_north_sea"
3201,"tholenschegat.inhamzeedijk","Tholensche Gat, inham Zeedijk","Tholensche Gat, inham Zeedijk","ETRS89",51.510473,4.192778,4.192778,51.510473,"core","southern_and_central_north_sea"
9271,"thorn.degrotehegge","Thorn, De Grote Hegge","dagstrand","ETRS89",51.155656,5.843738,5.843738,51.155656,"outside_domain",
15590,"tiel.haven","Tiel, haven","Tiel, haven","ETRS89",51.887763,5.441528,5.441528,51.887763,"outside_domain",
7685,"tiel.noord.km70","Tiel, noord, km 70","Tiel, noord, km 70","ETRS89",51.91068,5.448605,5.448605,51.91068,"outside_domain",
6158,"tiel.sluis.kanaal","Tiel Sluis, kanaal","Tiel Sluis, kanaal","ETRS89",51.904386,5.452592,5.452592,51.904386,"outside_domain",
14477,"tiel.sluis.waal","Tiel Sluis, Waal","Tiel Sluis, Waal","ETRS89",51.899,5.456,5.456,51.899,"outside_domain",
19153,"tiel.waal","Tiel, Waal","Tiel, Waal","ETRS89",51.882384,5.440687,5.440687,51.882384,"outside_domain",
14866,"tiengemeten","Tiengemeten","Tiengemeten","ETRS89",51.735822,4.354986,4.354986,51.735822,"core","southern_and_central_north_sea"
1856,"tilburg.sluis2.beneden","Tilburg, sluis 2, beneden","Tilburg, sluis 2, beneden","ETRS89",51.59716,4.9908,4.9908,51.59716,"outside_domain",
10091,"tilburg.sluis2.boven","Tilburg, sluis 2, boven","Tilburg, sluis 2, boven","ETRS89",51.59645,4.9924,4.9924,51.59645,"outside_domain",
8911,"tilburg.sluis3","Tilburg Sluis 3","Tilburg Sluis 3","ETRS89",51.58214439,5.03554064,5.03554064,51.58214439,"outside_domain",
6392,"tilburg.sluis3.beneden","Tilburg, sluis 3, beneden","Tilburg, sluis 3, beneden","ETRS89",51.582,5.0324,5.0324,51.582,"outside_domain",
7514,"tilburg.sluis3.boven","Tilburg, sluis 3, boven","Tilburg, sluis 3, boven","ETRS89",51.5816,5.036,5.036,51.5816,"outside_domain",
13786,"tilburg.sluis3.kolk","Tilburg Sluis 3 kolk","Tilburg Sluis 3 kolk","ETRS89",51.58214439,5.03554064,5.03554064,51.58214439,"outside_domain",
2025,"trintelhaven.zuidwest","Trintelhaven, zuid west","Trintelhaven, zuid west","ETRS89",52.631043,5.394517,5.394517,52.631043,"core","southern_and_central_north_sea"
11788,"tullentwaal.oost","Tull en 't Waal, oost","Tull en 't Waal, oost","ETRS89",51.994208,5.140409,5.140409,51.994208,"outside_domain",
13468,"tullentwaal.west","Tull en 't Waal, west","Tull en 't Waal, west","ETRS89",51.997563,5.133401,5.133401,51.997563,"outside_domain",
7653,"tweedemaasvlakte.badstrand","Tweede Maasvlakte, Badstrand","Tweede Maasvlakte, Badstrand","ETRS89",51.926613,3.978392,3.978392,51.926613,"core","southern_and_central_north_sea"
4650,"twenthekanaal.hoofdkanaalkm14p000","Twenthekanaal, Hoofdkanaal km. 14.000","Exelsebrug","ETRS89",52.166707,6.390405,6.390405,52.166707,"outside_domain",
382,"twenthekanaal.hoofdkanaalkm28p100","Twenthekanaal, Hoofdkanaal km. 28.100","Molenbeek","ETRS89",52.221655,6.565323,6.565323,52.221655,"outside_domain",
18674,"twenthekanaal.hoofdkanaalkm41p210","Twenthekanaal, Hoofdkanaal km. 41.210","Oelerbeek","ETRS89",52.251409,6.746751,6.746751,52.251409,"outside_domain",
3351,"uikhoven","Uikhoven","lm 25,25","ETRS89",50.928834,5.7321,5.7321,50.928834,"outside_domain",
11059,"uitdam","Uitdam","Uitdam","ETRS89",52.420992,5.117749,5.117749,52.420992,"core","southern_and_central_north_sea"
224,"uitdammerdijkkm13p8","Uitdammerdijk km 13.8","Uitdammerdijk km 13.8","ETRS89",52.384185,5.016625,5.016625,52.384185,"outside_domain",
14005,"uitdam.noord.strand","Uitdam, Noord, strand","Uitdam, Noord, strand","ETRS89",52.42818,5.076405,5.076405,52.42818,"outside_domain",
4446,"uitdam.strand","Uitdam, strand","Uitdam, strand","ETRS89",52.424191,5.07342,5.07342,52.424191,"outside_domain",
12456,"uithuizentoteemshaven.nld6099","Uithuizen tot Eemshaven, NLD6099","Uithuizen tot Eemshaven, NLD6099","ETRS89",53.48333,6.74093,6.74093,53.48333,"core","southern_and_central_north_sea"
1771,"uithuizerwad","Uithuizerwad","voorheen Uithuizerwad, 1","ETRS89",53.466778,6.749939,6.749939,53.466778,"outside_domain",
12794,"uithuizerwad.eemshavenwest","Uithuizerwad, Eemshaven west","Uithuizerwad, Eemshaven west","ETRS89",53.462285,6.804455,6.804455,53.462285,"core","southern_and_central_north_sea"
5067,"urk","Urk","Urk","ETRS89",52.65882,5.599885,5.599885,52.65882,"core","southern_and_central_north_sea"
16029,"urk.dijkstrand","Urk, dijkstrand","Urk, dijkstrand","ETRS89",52.663389,5.59259,5.59259,52.663389,"outside_domain",
12825,"urk.havenhoofdnoord","Urk, havenhoofd Noord","Urk, havenhoofd Noord","ETRS89",52.655397,5.60445,5.60445,52.655397,"outside_domain",
2113,"urk.ijsselmeer.oost.meetpaal2","Urk, IJsselmeer, oost, meetpaal 02","Urk, IJsselmeer, oost, meetpaal 02","ETRS89",52.748351,5.559,5.559,52.748351,"core","southern_and_central_north_sea"
17603,"urk.ijsselmeer.zuid.meetpaal46","Urk, IJsselmeer, zuid, meetpaal 46","Urk, IJsselmeer, zuid, meetpaal 46","ETRS89",52.71,5.4929,5.4929,52.71,"core","southern_and_central_north_sea"
16144,"urmond","Urmond","monding van de Ur","ETRS89",50.99143,5.768904,5.768904,50.99143,"outside_domain",
13526,"utrechtkm38","Utrecht km 38","Utrecht km 38","ETRS89",52.077307,5.08452,5.08452,52.077307,"outside_domain",
18266,"vaarwaterlangshoofdplaat","Vaarwater langs Hoofdplaat","Vaarwater langs Hoofdplaat","ETRS89",51.377457,3.672677,3.672677,51.377457,"core","southern_and_central_north_sea"
13864,"vaarwaterlangshoofdplaat.4","Vaarwater langs Hoofdplaat, punt 04","Vaarwater langs Hoofdplaat, punt 04","ETRS89",51.374553,3.672796,3.672796,51.374553,"core","southern_and_central_north_sea"
11948,"valkenburg","Valkenburg","Valkenburg","ETRS89",52.168377,4.403757,4.403757,52.168377,"outside_domain",
4332,"valkenisse.boei65","Valkenisse, boei 65","Valkenisse, boei 65","ETRS89",51.370508,4.114792,4.114792,51.370508,"core","southern_and_central_north_sea"
1483,"valkenisse.overloop.nabijboei65a","Valkenisse, overloop, nabij boei 65A","Westerschelde","ETRS89",51.370585,4.136923,4.136923,51.370585,"core","southern_and_central_north_sea"
5387,"valvanurk","Val van Urk","Val van Urk","ETRS89",52.653881,5.53868,5.53868,52.653881,"core","southern_and_central_north_sea"
11682,"valvanurk.noord","Val van Urk, noord","Val van Urk, noord","ETRS89",52.712301,5.535182,5.535182,52.712301,"core","southern_and_central_north_sea"
11055,"vechterweerd.boven","Vechterweerd, boven","Vechterweerd, boven","ETRS89",52.517531,6.21315,6.21315,52.517531,"outside_domain",
6484,"vechterweerd.kleplinkeroever","Vechterweerd, klep linker oever","4","ETRS89",52.517934,6.212634,6.212634,52.517934,"outside_domain",
3524,"vechterweerd.klepmiddenlinkeroever","Vechterweerd, klep midden linker oever","3","ETRS89",52.518005,6.212709,6.212709,52.518005,"outside_domain",
7006,"vechterweerd.klepmiddenrechteroever","Vechterweerd, klep midden rechter oever","2","ETRS89",52.518095,6.21277,6.21277,52.518095,"outside_domain",
16819,"vechterweerd.kleprechteroever","Vechterweerd, klep rechter oever","1","ETRS89",52.518175,6.21286,6.21286,52.518175,"outside_domain",
1114,"veen","Veen","Afgedamde Maas","ETRS89",51.780042,5.111874,5.111874,51.780042,"outside_domain",
1491,"veenenveldendijk","Veen en Veldendijk","Veen en Veldendijk","ETRS89",52.268093,5.361259,5.361259,52.268093,"outside_domain",
6623,"veere","Veere","Veere","ETRS89",51.542099,3.667385,3.667385,51.542099,"outside_domain",
9377,"veere.bastionstrand","Veere, Bastionstrand","Veere, Bastionstrand","ETRS89",51.551055,3.665099,3.665099,51.551055,"outside_domain",
7005,"veere.havenmond","Veere, havenmond","Veere, havenmond","ETRS89",51.548295,3.673062,3.673062,51.548295,"outside_domain",
11184,"veere.havenmondzuid","Veere, havenmond zuid","Veere, havenmond zuid","ETRS89",51.548914,3.675375,3.675375,51.548914,"outside_domain",
7981,"veere.schutsluis","Veere, schutsluis","Veere, schutsluis","ETRS89",51.540751,3.667436,3.667436,51.540751,"outside_domain",
11126,"veere.strandafvalmeetnet","Veere, strandafval Meetnet","NL003","ETRS89",51.58897,3.557001,3.557001,51.58897,"outside_domain",
7932,"veersegat.dam","Veersegat, dam","Veersegat, dam","ETRS89",51.575778,3.634799,3.634799,51.575778,"outside_domain",
5760,"veersegat.dam.meerzijde.badstrand","Veersegat, Dam, meerzijde, badstrand","Veersegat, Dam, meerzijde, badstrand","ETRS89",51.583228,3.628017,3.628017,51.583228,"outside_domain",
1471,"veersemeer.deelgebied","Veerse Meer, deelgebied","Veerse Meer, deelgebied","ETRS89",51.532006,3.715334,3.715334,51.532006,"outside_domain",
1170,"veessen","Veessen Wapenveld","Veessen Wapenveld","ETRS89",52.368033,6.077656,6.077656,52.368033,"outside_domain",
16558,"veessen.beneden","Veessen, beneden","Veessen, beneden","ETRS89",52.36814,6.076946,6.076946,52.36814,"outside_domain",
3916,"veessen.boven","Veessen, boven","Veessen, boven","ETRS89",52.360674,6.091584,6.091584,52.360674,"outside_domain",
2554,"veghel.sluis4.beneden","Veghel, sluis 4, beneden","Veghel, sluis 4, beneden","ETRS89",51.60915,5.5306,5.5306,51.60915,"outside_domain",
11023,"veghel.sluis4.boven","Veghel, sluis 4, boven","Veghel, sluis 4, boven","ETRS89",51.60825,5.5323,5.5323,51.60825,"outside_domain",
13998,"veghel.sluis4.inlaat","Veghel, Sluis 4, inlaat","Spuien","ETRS89",51.608558,5.531564,5.531564,51.608558,"outside_domain",
7482,"veghel.sluis4.uitlaat","Veghel, Sluis 4, uitlaat","NettobalansUIT","ETRS89",51.608553,5.531564,5.531564,51.608553,"outside_domain",
9521,"velden","Velden","Velden","ETRS89",51.418594,6.157395,6.157395,51.418594,"outside_domain",
5113,"velp","Velp","Velp","ETRS89",51.99176,6.005978,6.005978,51.99176,"outside_domain",
3333,"velsen.velserkom","Velserkom","Velserkom","ETRS89",52.467611,4.623665,4.623665,52.467611,"outside_domain",
1416,"velsenzuidkm35lo","Velsen Zuid km 35 lo","Velsen Zuid km 35 lo","ETRS89",52.462788,4.641962,4.641962,52.462788,"outside_domain",
18841,"velsenzuid.spaarndammerpolder","Velsen-Zuid, Spaarndammerpolder","Velsen-Zuid, Spaarndammerpolder","ETRS89",52.441489,4.69707,4.69707,52.441489,"outside_domain",
6745,"velsenzuid.velsertunnel","Velsen Zuid Velsertunnel","Velsen Zuid Velsertunnel","ETRS89",52.461534,4.655179,4.655179,52.461534,"outside_domain",
11667,"veluwemeer.1","Veluwemeer, punt 01","Veluwemeer, punt 01","ETRS89",52.388524,5.666304,5.666304,52.388524,"outside_domain",
14180,"veluwemeer.midden","Veluwemeer, midden","zwaartepunt Veluwemeer","ETRS89",52.400648,5.677842,5.677842,52.400648,"outside_domain",
2200,"veluwemeer.noord","Veluwemeer, noord","Veluwemeer, noord","ETRS89",52.400894,5.69768,5.69768,52.400894,"outside_domain",
14808,"veluwemeer.zuid","Veluwemeer, zuid","Veluwemeer, zuid","ETRS89",52.389437,5.656468,5.656468,52.389437,"outside_domain",
3300,"venlo","Venlo","km 107,47","ETRS89",51.367387,6.159406,6.159406,51.367387,"outside_domain",
3808,"ventjagersgaatje","Ventjagersgaatje","Ventjagersgaatje","ETRS89",51.712036,4.318789,4.318789,51.712036,"core","southern_and_central_north_sea"
4303,"ventjagersgaatje.oost","Ventjagersgaatje, oost","Ventjagersgaatje, oost","ETRS89",51.703217,4.35455,4.35455,51.703217,"outside_domain",
18616,"ventjagersplaten","Ventjagersplaten","Ventjagersplaten","ETRS89",51.692398,4.37478,4.37478,51.692398,"outside_domain",
16392,"verdieptelosplaats","Verdiepte losplaats","Verdiepte losplaats","ETRS89",52.051178,4.007419,4.007419,52.051178,"core","southern_and_central_north_sea"
925,"verdieptelosplaats.noordoost","Verdiepte losplaats, noord-oost","Verdiepte losplaats, noord-oost","ETRS89",52.062858,4.0209,4.0209,52.062858,"core","southern_and_central_north_sea"
7894,"verdieptelosplaats.zuidwest","Verdiepte losplaats, zuid-west","Verdiepte losplaats, zuid-west","ETRS89",52.042806,3.998147,3.998147,52.042806,"core","southern_and_central_north_sea"
8690,"vianen","Vianen","Vianen","ETRS89",51.995281,5.098542,5.098542,51.995281,"outside_domain",
5570,"vierlingsbeek","Vierlingsbeek","Vierlingsbeek","ETRS89",51.596835,6.024535,6.024535,51.596835,"outside_domain",
1066,"vilsteren.beneden","Vilsteren, beneden","Vilsteren, beneden","ETRS89",52.521566,6.334601,6.334601,52.521566,"outside_domain",
17269,"vilsteren.boven","Vilsteren, boven","Vilsteren, boven","ETRS89",52.521324,6.336806,6.336806,52.521324,"outside_domain",
3262,"vilsteren.kleplinkeroever","Vilsteren, klep linker oever","3","ETRS89",52.521629,6.336297,6.336297,52.521629,"outside_domain",
247,"vilsteren.klepmiddenlinkeroever","Vilsteren, klep midden linker oever","3","ETRS89",52.521718,6.336328,6.336328,52.521718,"outside_domain",
16065,"vilsteren.klepmiddenrechteroever","Vilsteren, klep midden rechter oever","2","ETRS89",52.521808,6.336359,6.336359,52.521808,"outside_domain",
7788,"vilsteren.kleprechteroever","Vilsteren, klep rechter oever","1","ETRS89",52.521907,6.336391,6.336391,52.521907,"outside_domain",
12817,"vingegatii","Vingegat II","Vingegat II","ETRS89",53.292515,5.505364,5.505364,53.292515,"core","southern_and_central_north_sea"
8760,"vlaardingen","Vlaardingen","Vlaardingen","ETRS89",51.899639,4.349048,4.349048,51.899639,"outside_domain",
3499,"vlaktevanderaan","Vlakte van de Raan","Vlakte van de Raan","ETRS89",51.503721,3.242164,3.242164,51.503721,"core","southern_and_central_north_sea"
2639,"vlaktevanderaan.2","Vlakte van de Raan, punt 02","Vlakte van de Raan, punt 02","ETRS89",51.502702,3.24204,3.24204,51.502702,"core","southern_and_central_north_sea"
14136,"vlaktevanderaan.deurloo","Vlakte van de Raan Deurloo","Vlakte van de Raan Deurloo","ETRS89",51.5027,3.242044,3.242044,51.5027,"core","southern_and_central_north_sea"
17293,"vlaktevankerken.schorrennoord","Vlakte van Kerken, Schorren noord","Vlakte van Kerken, Schorren noord","ETRS89",53.129287,4.904649,4.904649,53.129287,"outside_domain",
9309,"vlaktevanoosterbierum","Vlakte van Oosterbierum","Vlakte van Oosterbierum","ETRS89",53.27391,5.554794,5.554794,53.27391,"outside_domain",
12849,"vlieland.badstrandtbadhuis","Vlieland, Badstrand 't Badhuis","Vlieland, Badstrand 't Badhuis","ETRS89",53.304982,5.051838,5.051838,53.304982,"outside_domain",
1209,"vlieland.dodemansbol.langepaal.nld4055","Vlieland, Dodemansbol, Lange Paal, NLD4055","Vlieland, Dodemansbol, Lange Paal, NLD4055","ETRS89",53.26359,5.01595,5.01595,53.26359,"core","southern_and_central_north_sea"
5634,"vlieland.haven","Vlieland, haven","Vlieland, haven","ETRS89",53.296127,5.091456,5.091456,53.296127,"core","southern_and_central_north_sea"
12396,"vlieland.jachthaven","Vlieland, jachthaven","Vlieland, jachthaven","ETRS89",53.296034,5.089957,5.089957,53.296034,"outside_domain",
14651,"vlieland.jachthaven.havenmond","Vlieland, jachthaven, havenmond","Vlieland, jachthaven, havenmond","ETRS89",53.294959,5.091464,5.091464,53.294959,"core","southern_and_central_north_sea"
11632,"vlieland.jachthaven.landzijde","Vlieland, jachthaven, landzijde","Vlieland, jachthaven, landzijde","ETRS89",53.297378,5.088597,5.088597,53.297378,"outside_domain",
7483,"vlieland.jachthaven.strandhotel.paal50tot55.nld4049","Vlieland, Jachthaven, Strandhotel, paal 50 tot 55, NLD4049","Vlieland, Jachthaven, Strandhotel, paal 50 tot 55, NLD4049","ETRS89",53.31977,5.09788,5.09788,53.31977,"core","southern_and_central_north_sea"
11262,"vlieland.langepaal.veerhaven.nld4056","Vlieland, Lange Paal, veerhaven, NLD4056","Vlieland, Lange Paal, veerhaven, NLD4056","ETRS89",53.27503,5.05572,5.05572,53.27503,"core","southern_and_central_north_sea"
13952,"vlieland.padvanzes.paal43-46","Vlieland Pad van Zes paal 43-46","Vlieland Pad van Zes paal 43-46","ETRS89",53.29342,4.97379,4.97379,53.29342,"core","southern_and_central_north_sea"
11367,"vlieland.padvanzes.vliehors.paal41tot43.nld4052","Vlieland, Pad van zes, Vliehors, paal 41 tot 43, NLD4052","Vlieland, Pad van zes, Vliehors, paal 41 tot 43, NLD4052","ETRS89",53.27254,4.93322,4.93322,53.27254,"core","southern_and_central_north_sea"
12292,"vlieland.strandhotel.paal46.paal46tot50.nld4050","Vlieland, Strandhotel, paal 46, paal 46 tot 50, NLD4050","Vlieland, Strandhotel, paal 46, paal 46 tot 50, NLD4050","ETRS89",53.3143,5.03504,5.03504,53.3143,"core","southern_and_central_north_sea"
5165,"vlieland.vliehors.nld4053","Vlieland, Vliehors, NLD4053","Vlieland, Vliehors, NLD4053","ETRS89",53.24122,4.85765,4.85765,53.24122,"core","southern_and_central_north_sea"
7955,"vlieland.west","Vlieland, west","Vlieland, west","ETRS89",53.249249,4.915364,4.915364,53.249249,"core","southern_and_central_north_sea"
10246,"vliestroom","Vliestroom","Vliestroom","ETRS89",53.313348,5.159904,5.159904,53.313348,"core","southern_and_central_north_sea"
15655,"vliestroom.zuid","Vliestroom, zuid","Vliestroom, zuid","ETRS89",53.262154,5.172012,5.172012,53.262154,"core","southern_and_central_north_sea"
9217,"vlietepolder","Vlietepolder","Vlietepolder","ETRS89",51.59932,3.75183,3.75183,51.59932,"core","southern_and_central_north_sea"
5811,"vlissingen","Vlissingen","Vlissingen","ETRS89",51.442,3.6,3.6,51.442,"core","southern_and_central_north_sea"
9327,"vlissingen.boeissvh","Vlissingen, boei SSVH","Vlissingen, boei SSVH","ETRS89",51.411991,3.565619,3.565619,51.411991,"core","southern_and_central_north_sea"
7701,"vlissingen.honte","Vlissingen Honte","Vlissingen Honte","ETRS89",51.4363,3.69231,3.69231,51.4363,"core","southern_and_central_north_sea"
11648,"vlissingen.keersluisbrug","Vlissingen, keersluisbrug","Vlissingen, keersluisbrug","ETRS89",51.449528,3.585989,3.585989,51.449528,"outside_domain",
17057,"vlissingen.nollebadstrand","Vlissingen, Nolle badstrand","Vlissingen, Nolle badstrand","ETRS89",51.450223,3.549845,3.549845,51.450223,"core","southern_and_central_north_sea"
9020,"vlissingen.roeiershoofd","Vlissingen, Roeiershoofd","Vlissingen, Roeiershoofd","ETRS89",51.441353,3.574803,3.574803,51.441353,"outside_domain",
17870,"vlodrop","Vlodrop","Roer","ETRS89",51.133844,6.082115,6.082115,51.133844,"outside_domain",
361,"volendam.oost","Volendam, oost","Volendam, oost","ETRS89",52.496469,5.151599,5.151599,52.496469,"core","southern_and_central_north_sea"
15988,"volendam.strandpieterman","Volendam, strand Pieterman","Volendam, strand Pieterman","ETRS89",52.487456,5.061104,5.061104,52.487456,"outside_domain",
4059,"volkerak","Volkerak","Volkerak","ETRS89",51.64668,4.289106,4.289106,51.64668,"core","southern_and_central_north_sea"
10735,"volkerak.meetplaats2","Volkerak, meetplaats 02","Volkerak, meetplaats 02","ETRS89",51.661054,4.357414,4.357414,51.661054,"core","southern_and_central_north_sea"
8699,"volkerak.meetplaats3","Volkerak, meetplaats 03","Volkerak, meetplaats 03","ETRS89",51.647128,4.287101,4.287101,51.647128,"core","southern_and_central_north_sea"
216,"volkerak.oost.2","Volkerak, oost, punt 02","Volkerak, oost, punt 02","ETRS89",51.669001,4.376012,4.376012,51.669001,"core","southern_and_central_north_sea"
8766,"volkerak.oost.3","Volkerak, oost, punt 03","Volkerak, oost, punt 03","ETRS89",51.662953,4.364858,4.364858,51.662953,"core","southern_and_central_north_sea"
2924,"voordelta.2","Voordelta, 2","Voordelta, 2","ETRS89",51.616965,3.386195,3.386195,51.616965,"core","southern_and_central_north_sea"
7315,"voordelta.3","Voordelta, 3","Voordelta, 3","ETRS89",51.705581,3.599253,3.599253,51.705581,"core","southern_and_central_north_sea"
13857,"voordelta.4","Voordelta, 4","Voordelta, 4","ETRS89",51.789753,3.812034,3.812034,51.789753,"core","southern_and_central_north_sea"
8008,"voordelta.5","Voordelta, 5","Voordelta, 5","ETRS89",51.921425,3.917867,3.917867,51.921425,"core","southern_and_central_north_sea"
13975,"voorne.voornestrand.paal6tot16.nld1016","Voorne, Voorne strand, paal 6 tot 16, NLD1016","Voorne, Voorne strand, paal 6 tot 16, NLD1016","ETRS89",51.89234,4.00087,4.00087,51.89234,"core","southern_and_central_north_sea"
14646,"vooroeverandijkkoopmanspolder","Vooroever Andijk Koopmanspolder","Vooroever Andijk Koopmanspolder","ETRS89",52.74069,5.178394,5.178394,52.74069,"outside_domain",
3814,"vossemeerdijkkm0p3","Vossemeerdijk km 0.3","Vossemeerdijk km 0.3","ETRS89",52.547011,5.854166,5.854166,52.547011,"outside_domain",
7524,"vossenbeemd","Vossenbeemd","Vossenbeemd","ETRS89",51.469062,5.691819,5.691819,51.469062,"outside_domain",
3705,"vredesbrug.zwaaikomwestkm89.ro","Vredesbrug, zwaaikom west km 8-9, ro","Vredesbrug, zwaaikom west km 8-9, ro","ETRS89",52.312893,6.632507,6.632507,52.312893,"outside_domain",
11295,"vreeswijk","Vreeswijk","Vreeswijk","ETRS89",52.009863,5.107405,5.107405,52.009863,"outside_domain",
2559,"vrijheidsplaat","Vrijheidsplaat","Vrijheidsplaat","ETRS89",53.410824,5.667268,5.667268,53.410824,"core","southern_and_central_north_sea"
16633,"vrouwenpolder","Vrouwenpolder","Vrouwenpolder","ETRS89",51.564896,3.640556,3.640556,51.564896,"outside_domain",
4743,"vrouwenpolder.breezand.badstrand","Vrouwenpolder, Breezand, badstrand","Vrouwenpolder, Breezand, badstrand","ETRS89",51.590031,3.620104,3.620104,51.590031,"outside_domain",
5971,"vrouwenpolder.nieuwlandpolder.noord","Vrouwenpolder, Nieuwlandpolder, noord","Vrouwenpolder, Nieuwlandpolder, noord","ETRS89",51.58079,3.630897,3.630897,51.58079,"outside_domain",
6872,"vrouwezand","Vrouwezand","Vrouwezand","ETRS89",52.810348,5.393138,5.393138,52.810348,"core","southern_and_central_north_sea"
7357,"vrouwezand.1","Vrouwezand, locatie 1","Vrouwezand, locatie 1","ETRS89",52.838203,5.357526,5.357526,52.838203,"core","southern_and_central_north_sea"
9954,"vrouwezand.meetpaal","Vrouwezand, meetpaal","Friese kust","ETRS89",52.810405,5.487566,5.487566,52.810405,"core","southern_and_central_north_sea"
16894,"vuilegat.hv13","Vuile Gat, HV-13","Vuile Gat, HV-13","ETRS89",51.747933,4.322126,4.322126,51.747933,"core","southern_and_central_north_sea"
14333,"vuursteenweg","Vuursteenweg","Noordertocht","ETRS89",52.576504,5.596685,5.596685,52.576504,"outside_domain",
4167,"vuurtorenbadstrandhellevoetsluis","Vuurtoren Badstrand Hellevoetsluis","Vuurtoren Badstrand Hellevoetsluis","ETRS89",51.821299,4.124278,4.124278,51.821299,"outside_domain",
11120,"waalkm871p200.ro","Waal km 871.200, ro","Waal km 871.200, ro","ETRS89",51.876336,5.990478,5.990478,51.876336,"outside_domain",
11832,"waalkm875p800.lo","Waal km 875.800, lo","Waal km 875.800, lo","ETRS89",51.859891,5.946818,5.946818,51.859891,"outside_domain",
9937,"waalkm880p100.ro","Waal km 880.100, ro","Waal km 880.100, ro","ETRS89",51.873998,5.902519,5.902519,51.873998,"outside_domain",
2333,"waalkm881p900.ro","Waal km 881.900, ro","Waal km 881.900, ro","ETRS89",51.862714,5.880366,5.880366,51.862714,"outside_domain",
8108,"waalkm883p000.ro","Waal km 883.000, ro","Waal km 883.000, ro","ETRS89",51.854912,5.873966,5.873966,51.854912,"outside_domain",
14599,"waalkm889p400.lo","Waal km 889.400, lo","Waal km 889.400, lo","ETRS89",51.874912,5.795983,5.795983,51.874912,"outside_domain",
8275,"waalkm889p400.ro","Waal km 889.400, ro","Waal km 889.400, ro","ETRS89",51.877135,5.797746,5.797746,51.877135,"outside_domain",
13865,"waalkm889p600.ro","Waal km 889.600, ro","Waal km 889.600, ro","ETRS89",51.877538,5.795397,5.795397,51.877538,"outside_domain",
881,"waalkm889p700.lo","Waal km 889.700, lo","Waal km 889.700, lo","ETRS89",51.875247,5.792734,5.792734,51.875247,"outside_domain",
9486,"waalkm890p000.ro","Waal km 890.000, ro","Waal km 890.000, ro","ETRS89",51.878746,5.789207,5.789207,51.878746,"outside_domain",
477,"waalkm893p200.ro","Waal km 893.200, ro","Waal km 893.200, ro","ETRS89",51.885892,5.744853,5.744853,51.885892,"outside_domain",
435,"waalkm893p400.ro","Waal km 893.400, ro","Waal km 893.400, ro","ETRS89",51.886132,5.742792,5.742792,51.886132,"outside_domain",
18859,"waalkm898p000.lo","Waal km 898.000, lo","Waal km 898.000, lo","ETRS89",51.894308,5.678484,5.678484,51.894308,"outside_domain",
11795,"waalkm898p000.ro","Waal km 898.000, ro","Waal km 898.000, ro","ETRS89",51.896771,5.678645,5.678645,51.896771,"outside_domain",
1573,"waalkm901p800.lo","Waal km 901.800, lo","Waal km 901.800, lo","ETRS89",51.898162,5.623735,5.623735,51.898162,"outside_domain",
11750,"waalkm901p800.ro","Waal km 901.800, ro","Waal km 901.800, ro","ETRS89",51.90074,5.624329,5.624329,51.90074,"outside_domain",
17324,"waalkm902p000.lo","Waal km 902.000, lo","Waal km 902.000, lo","ETRS89",51.898167,5.621192,5.621192,51.898167,"outside_domain",
14385,"waalkm905p100.ro","Waal km 905.100, ro","Waal km 905.100, ro","ETRS89",51.903561,5.576902,5.576902,51.903561,"outside_domain",
14198,"waalkm905p400.lo","Waal km 905.400, lo","Waal km 905.400, lo","ETRS89",51.900546,5.572021,5.572021,51.900546,"outside_domain",
15152,"waalkm905p400.ro","Waal km 905.400, ro","Waal km 905.400, ro","ETRS89",51.903018,5.572075,5.572075,51.903018,"outside_domain",
13755,"waalkm905p600.ro","Waal km 905.600, ro","Waal km 905.600, ro","ETRS89",51.903104,5.568893,5.568893,51.903104,"outside_domain",
16266,"waalkm909p000.lo","Waal km 909.000, lo","Waal km 909.000, lo","ETRS89",51.891237,5.524132,5.524132,51.891237,"outside_domain",
12436,"waalkm909p000.ro","Waal km 909.000, ro","Waal km 909.000, ro","ETRS89",51.893513,5.522831,5.522831,51.893513,"outside_domain",
5770,"waalkm909p100.lo","Waal km 909.100, lo","Waal km 909.100, lo","ETRS89",51.890673,5.521966,5.521966,51.890673,"outside_domain",
14035,"waalkm909p200.ro","Waal km 909.200, ro","Waal km 909.200, ro","ETRS89",51.893716,5.518444,5.518444,51.893716,"outside_domain",
16557,"waalkm917p000.ro","Waal km 917.000, ro","Waal km 917.000, ro","ETRS89",51.868842,5.421193,5.421193,51.868842,"outside_domain",
16311,"waalkm922p000.ro","Waal km 922.000, ro","Waal km 922.000, ro","ETRS89",51.831306,5.386518,5.386518,51.831306,"outside_domain",
18566,"waalkm925p700.ro","Waal km 925.700, ro","Waal km 925.700, ro","ETRS89",51.801816,5.356098,5.356098,51.801816,"outside_domain",
6849,"waalkm929p800.lo","Waal km 929.800, lo","Waal km 929.800, lo","ETRS89",51.821079,5.310891,5.310891,51.821079,"outside_domain",
2752,"waalkm937p500.lo","Waal km 937.500, lo","Waal km 937.500, lo","ETRS89",51.808645,5.205095,5.205095,51.808645,"outside_domain",
17344,"waalkm937p500.ro","Waal km 937.500, ro","Waal km 937.500, ro","ETRS89",51.811388,5.205577,5.205577,51.811388,"outside_domain",
6242,"waalkm937p600.lo","Waal km 937.600, lo","Waal km 937.600, lo","ETRS89",51.808885,5.202754,5.202754,51.808885,"outside_domain",
2542,"waalkm937p800.ro","Waal km 937.800, ro","Waal km 937.800, ro","ETRS89",51.811671,5.202864,5.202864,51.811671,"outside_domain",
838,"waalkm939p900.ro","Waal km 939.900, ro","Waal km 939.900, ro","ETRS89",51.818666,5.175488,5.175488,51.818666,"outside_domain",
7573,"waalkm946p000.ro","Waal km 946.000, ro","Waal km 946.000, ro","ETRS89",51.828617,5.094832,5.094832,51.828617,"outside_domain",
9452,"waalkm993p200.lo","Waal km 993.200, lo","Waal km 993.200, lo","ETRS89",51.883533,5.743091,5.743091,51.883533,"outside_domain",
14649,"waal.linkeroever","Waal, linkeroever","Waal, linkeroever","ETRS89",51.853846,5.879398,5.879398,51.853846,"outside_domain",
1764,"waal.rechteroever","Waal, rechteroever","Waal, rechteroever","ETRS89",51.855478,5.876077,5.876077,51.855478,"outside_domain",
10562,"waalwijk","Waalwijk","Waalwijk","ETRS89",51.71243,5.07488,5.07488,51.71243,"outside_domain",
16499,"waarde","Waarde","Waarde","ETRS89",51.413252,4.06616,4.06616,51.413252,"outside_domain",
3856,"waddenzee.kustzone.oost","Waddenzee, kustzone, oost","Waddenzee, kustzone, oost","ETRS89",53.485439,6.475786,6.475786,53.485439,"core","southern_and_central_north_sea"
17070,"waddenzee.kustzone.west","Waddenzee, kustzone, west","Waddenzee, kustzone, west","ETRS89",53.229333,5.332756,5.332756,53.229333,"core","southern_and_central_north_sea"
3382,"waddenzee.ra","Waddenzee, Ra","Waddenzee, Ra","ETRS89",53.479134,6.663717,6.663717,53.479134,"core","southern_and_central_north_sea"
10045,"waddenzee.west.deelgebied","Waddenzee, west, deelgebied","Waddenzee, west, deelgebied","ETRS89",53.089531,5.066196,5.066196,53.089531,"core","southern_and_central_north_sea"
11436,"wageningenkm899","Wageningen km 899","Wageningen km 899","ETRS89",51.964189,5.707311,5.707311,51.964189,"outside_domain",
4762,"walcheren.10kmuitdekust","Walcheren, 10 km uit de kust","Walcheren, 10 km uit de kust","ETRS89",51.596303,3.326519,3.326519,51.596303,"core","southern_and_central_north_sea"
17510,"walcheren.1kmuitdekust","Walcheren, 1 km uit de kust","Walcheren, 1 km uit de kust","ETRS89",51.560753,3.421511,3.421511,51.560753,"core","southern_and_central_north_sea"
17940,"walcheren.20kmuitdekust","Walcheren, 20 km uit de kust","Walcheren, 20 km uit de kust","ETRS89",51.657798,3.219245,3.219245,51.657798,"core","southern_and_central_north_sea"
133,"walcheren.2kmuitdekust","Walcheren, 2 km uit de kust","Walcheren, 2 km uit de kust","ETRS89",51.548074,3.409531,3.409531,51.548074,"core","southern_and_central_north_sea"
15240,"walcheren.30kmuitdekust","Walcheren, 30 km uit de kust","Walcheren, 30 km uit de kust","ETRS89",51.717521,3.112297,3.112297,51.717521,"core","southern_and_central_north_sea"
4119,"walcheren.4kmuitdekust","Walcheren, 4 km uit de kust","Walcheren, 4 km uit de kust","ETRS89",51.560752,3.391791,3.391791,51.560752,"core","southern_and_central_north_sea"
17026,"walcheren.50kmuitdekust","Walcheren, 50 km uit de kust","Walcheren, 50 km uit de kust","ETRS89",51.839189,2.895343,2.895343,51.839189,"core","southern_and_central_north_sea"
938,"walcheren.70kmuitdekust","Walcheren, 70 km uit de kust","Walcheren, 70 km uit de kust","ETRS89",51.956135,2.677835,2.677835,51.956135,"core","southern_and_central_north_sea"
150,"walcheren.vlissingentotzoutelande.paal26tot36.nld1002","Walcheren, Vlissingen tot Zoutelande, paal 26 tot 36, NLD1002","Walcheren, Vlissingen tot Zoutelande, paal 26 tot 36, NLD1002","ETRS89",51.45706,3.50939,3.50939,51.45706,"core","southern_and_central_north_sea"
6306,"walcheren.westkapelletotdomburgpaal.16tot22.nld1004","Walcheren, westkapelle tot Domburg paal, 16 tot 22, NLD1004","Walcheren, westkapelle tot Domburg paal, 16 tot 22, NLD1004","ETRS89",51.55776,3.41966,3.41966,51.55776,"core","southern_and_central_north_sea"
10277,"walcheren.zoutelandetotwestkapelle.paal22tot26.nld1003","Walcheren, Zoutelande tot Westkapelle, paal 22 tot 26, NLD1003","Walcheren, Zoutelande tot Westkapelle, paal 22 tot 26, NLD1003","ETRS89",51.50673,3.4115,3.4115,51.50673,"core","southern_and_central_north_sea"
16368,"walsoorden","Walsoorden","Walsoorden","ETRS89",51.398427,4.026206,4.026206,51.398427,"core","southern_and_central_north_sea"
10310,"wanssum.oudemaas","Wanssum, Oude Maas","Wanssum, Oude Maas","ETRS89",51.535189,6.079147,6.079147,51.535189,"outside_domain",
5506,"warder","Warder","Warder","ETRS89",52.565916,5.032915,5.032915,52.565916,"outside_domain",
15449,"warder.oost","Warder, oost","Warder, oost","ETRS89",52.568117,5.047971,5.047971,52.568117,"core","southern_and_central_north_sea"
5432,"waspik","Waspik","Donge","ETRS89",51.682803,4.918703,4.918703,51.682803,"outside_domain",
4648,"wassenaarseslag","Wassenaarseslag","Wassenaarseslag","ETRS89",52.163438,4.346716,4.346716,52.163438,"core","southern_and_central_north_sea"
8251,"waterlandstrandhemmelandmonnickendam","Waterlandstrand Hemmeland Monnickendam","Waterlandstrand Hemmeland Monnickendam","ETRS89",52.455111,5.048647,5.048647,52.455111,"outside_domain",
127,"watersportcentrumdebijland","Watersportcentrum De Bijland","Watersportcentrum De Bijland","ETRS89",51.865106,6.079573,6.079573,51.865106,"outside_domain",
15647,"waterweg.mondingnabijdezuidwal","Waterweg, monding nabij de Zuidwal","Wa-II","ETRS89",51.983695,4.049158,4.049158,51.983695,"core","southern_and_central_north_sea"
6691,"weert.lozen","Weert, Lozen","km 50","ETRS89",51.223141,5.602491,5.602491,51.223141,"outside_domain",
13841,"weert.sluis16.beneden","Weert, sluis 16, beneden","Weert, sluis 16, beneden","ETRS89",51.245947,5.669381,5.669381,51.245947,"outside_domain",
13800,"weert.sluis16.boven","Weert, sluis 16, boven","Weert, sluis 16, boven","ETRS89",51.245056,5.666583,5.666583,51.245056,"outside_domain",
11437,"weesp.amsterdamrijnkanaal","Weesp, Amsterdam-Rijnkanaal","Weesp, Amsterdam-Rijnkanaal","ETRS89",52.316829,5.018799,5.018799,52.316829,"outside_domain",
6822,"weesp.vecht","Weesp, Vecht","Weesp, Vecht","ETRS89",52.309726,5.047892,5.047892,52.309726,"outside_domain",
10523,"well","Well dorp","km 132,10","ETRS89",51.54744,6.09245,6.09245,51.54744,"outside_domain",
2986,"well.badstrand","Well, badstrand","Well, badstrand","ETRS89",51.747529,5.185952,5.185952,51.747529,"outside_domain",
209,"wellerlooi","Wellerlooi","voorheen Well","ETRS89",51.543406,6.115187,6.115187,51.543406,"outside_domain",
6311,"wellseind","Wellseind","Oude arm van de afgedamde Maas","ETRS89",51.748013,5.185052,5.185052,51.748013,"outside_domain",
2090,"wemeldinge","Wemeldinge","Wemeldinge","ETRS89",51.496841,4.056964,4.056964,51.496841,"core","southern_and_central_north_sea"
5864,"wemeldinge.badstrand","Wemeldinge, badstrand","Wemeldinge, badstrand","ETRS89",51.521166,3.999621,3.999621,51.521166,"core","southern_and_central_north_sea"
14016,"wemeldinge.buitenhaven","Wemeldinge, buitenhaven","Wemeldinge, buitenhaven","ETRS89",51.519159,4.004725,4.004725,51.519159,"outside_domain",
8901,"wemeldinge.oudesluizen","Wemeldinge, oude sluizen","Wemeldinge, oude sluizen","ETRS89",51.524093,4.003855,4.003855,51.524093,"core","southern_and_central_north_sea"
335,"werkendam.binnen","Werkendam, binnen","Steurgat","ETRS89",51.803884,4.876849,4.876849,51.803884,"outside_domain",
6315,"werkendam.binnenkievitswaard","Werkendam, Binnen Kievitswaard","Werkendam, Binnen Kievitswaard","ETRS89",51.792222,4.830278,4.830278,51.792222,"outside_domain",
4741,"werkendam.happenhennip","Werkendam, Happen Hennip","Werkendam, Happen Hennip","ETRS89",51.780722,4.795944,4.795944,51.780722,"outside_domain",
14865,"werkendam.kleinezalm","Werkendam, Kleine Zalm","Werkendam, Kleine Zalm","ETRS89",51.761722,4.821139,4.821139,51.761722,"outside_domain",
3033,"werkendam.kooike","Werkendam, Kooike","Werkendam, Kooike","ETRS89",51.783139,4.862972,4.862972,51.783139,"outside_domain",
17899,"werkendam.middelstekievitswaard","Werkendam, Middelste Kievitswaard","Werkendam, Middelste Kievitswaard","ETRS89",51.784694,4.807028,4.807028,51.784694,"outside_domain",
13025,"werkendam.nieuwemerwede","Werkendam, Nieuwe Merwede","buiten","ETRS89",51.806041,4.876824,4.876824,51.806041,"outside_domain",
3803,"werkendam.steenenmuur","Werkendam, Steenenmuur","Werkendam, Steenenmuur","ETRS89",51.765278,4.839778,4.839778,51.765278,"outside_domain",
5756,"werkendam.steurgat","Werkendam, Steurgat","Werkendam, Steurgat","ETRS89",51.799139,4.871389,4.871389,51.799139,"outside_domain",
689,"werkendam.vogelenzang","Werkendam, Vogelenzang","Werkendam, Vogelenzang","ETRS89",51.769167,4.836139,4.836139,51.769167,"outside_domain",
8567,"wessem.molengreend","Wessem, Molengreend","Wessem, Molengreend","ETRS89",51.162629,5.89613,5.89613,51.162629,"outside_domain",
3830,"wessem.recreatiestrandcomfortparcwessem","Wessem, Recreatiestrand Comfortparc Wessem","Wessem, Recreatiestrand Comfortparc Wessem","ETRS89",51.153627,5.872004,5.872004,51.153627,"outside_domain",
16702,"westereems.west","Westereems, west","Westereems, west","ETRS89",53.618056,6.366667,6.366667,53.618056,"core","southern_and_central_north_sea"
4447,"westerhoofd","Westerhoofd","Westerhoofd","ETRS89",53.320224,6.994933,6.994933,53.320224,"core","southern_and_central_north_sea"
16892,"westerschelde.kustzone","Westerschelde, kustzone","Westerschelde, kustzone","ETRS89",51.503656,3.340775,3.340775,51.503656,"core","southern_and_central_north_sea"
8602,"westerschelde.westelijkdeelgebied","Westerschelde, westelijk deelgebied","mondingsgebied","ETRS89",51.396962,3.705931,3.705931,51.396962,"core","southern_and_central_north_sea"
6590,"westerschouwen.depunt.paal12-18","Westerschouwen De Punt paal 12-18","Westerschouwen De Punt paal 12-18","ETRS89",51.68012,3.64909,3.64909,51.68012,"core","southern_and_central_north_sea"
5197,"westerschouwen.rotondebadstrand","Westerschouwen, Rotonde badstrand","Westerschouwen, Rotonde badstrand","ETRS89",51.669637,3.702156,3.702156,51.669637,"core","southern_and_central_north_sea"
5593,"westerveldsebos","Westerveldse Bos","Westerveldse Bos","ETRS89",52.541521,6.075366,6.075366,52.541521,"outside_domain",
2759,"westervoort","Westervoort","Westervoort","ETRS89",51.967031,5.954706,5.954706,51.967031,"outside_domain",
10355,"westervoort.1","Westervoort, 1","voorheen IJsselkop","ETRS89",51.9705,5.962,5.962,51.9705,"outside_domain",
8222,"westervoort.2","Westervoort, 2","IJsseldijkerwaard","ETRS89",51.9705,5.962,5.962,51.9705,"outside_domain",
5242,"westervoort.brug","Westervoort, brug","Westervoort, brug","ETRS89",51.96703,5.954707,5.954707,51.96703,"outside_domain",
14997,"westervoort.hondbroekschepleij.ijssel","Westervoort Hondsbroeksche Pleij IJssel","Westervoort Hondsbroeksche Pleij IJssel","ETRS89",51.959934,5.950237,5.950237,51.959934,"outside_domain",
10274,"westervoort.hondsbroekschepleij.geul","Westervoort, Hondsbroeksche Pleij, Geul","voorheen, oost","ETRS89",51.956117,5.953158,5.953158,51.956117,"outside_domain",
7564,"westervoort.hondsbroekschepleij.ijssel","Westervoort, Hondsbroeksche Pleij, IJssel","voorheen, west","ETRS89",51.959933,5.950239,5.950239,51.959933,"outside_domain",
5799,"westervoort.ijsselkop","Westervoort IJsselkop","Westervoort IJsselkop","ETRS89",51.9507,5.953,5.953,51.9507,"outside_domain",
5828,"westervoortpleij","Westervoort Pleij","Westervoort Pleij","ETRS89",51.964873,5.954825,5.954825,51.964873,"outside_domain",
14107,"westhaven.2","Westhaven, 2","Westhaven, 2","ETRS89",52.403806,4.819536,4.819536,52.403806,"outside_domain",
6848,"westkapelle","Westkapelle","Westkapelle","ETRS89",51.521448,3.440031,3.440031,51.521448,"core","southern_and_central_north_sea"
3508,"westkapelle.erikabadstrand","Westkapelle, Erika badstrand","Westkapelle, Erika badstrand","ETRS89",51.52402,3.437903,3.437903,51.52402,"outside_domain",
10116,"westkomscheurrak","Westkom - Scheurrak","Westkom - Scheurrak","ETRS89",53.105921,5.08703,5.08703,53.105921,"core","southern_and_central_north_sea"
839,"westmeep","West Meep","West Meep","ETRS89",53.2883,5.229012,5.229012,53.2883,"core","southern_and_central_north_sea"
4105,"westmeep.west","West Meep, west","West Meep, west","ETRS89",53.288682,5.184026,5.184026,53.288682,"core","southern_and_central_north_sea"
12964,"westnieuwland","West Nieuwland","West Nieuwland","ETRS89",51.785765,3.86466,3.86466,51.785765,"core","southern_and_central_north_sea"
16762,"westrepart.badstrand","West Repart, badstrand","West Repart, badstrand","ETRS89",51.739264,3.828724,3.828724,51.739264,"outside_domain",
14541,"westzaan","Westzaan","kilometer 13","ETRS89",52.427822,4.764255,4.764255,52.427822,"outside_domain",
7449,"westzanerpolderkm13lo","Westzanerpolder km 13 lo","Westzanerpolder km 13 lo","ETRS89",52.432467,4.738751,4.738751,52.432467,"outside_domain",
17045,"wevershoof.onderdijkzwemstrand","Wevershoof, Onderdijk zwemstrand","Wevershoof, Onderdijk zwemstrand","ETRS89",52.758153,5.120939,5.120939,52.758153,"outside_domain",
16461,"wielingen","Wielingen","Wielingen","ETRS89",51.409907,3.358291,3.358291,51.409907,"core","southern_and_central_north_sea"
14734,"wielingen.noord","Wielingen, noord","Wielingen, noord","ETRS89",51.432512,3.415364,3.415364,51.432512,"core","southern_and_central_north_sea"
3870,"wielingen.oost","Wielingen, oost","Wielingen, oost","ETRS89",51.420897,3.503717,3.503717,51.420897,"core","southern_and_central_north_sea"
8094,"wiene","Wiene","Wiene","ETRS89",52.240089,6.650719,6.650719,52.240089,"outside_domain",
17959,"wierbalg.noord","Wierbalg, noord","Wierbalg, noord","ETRS89",52.977591,4.948761,4.948761,52.977591,"core","southern_and_central_north_sea"
13855,"wieringen.ijsselmeer.oost","Wieringen IJsselmeer oost","Wieringen IJsselmeer oost","ETRS89",52.873472,5.118889,5.118889,52.873472,"core","southern_and_central_north_sea"
17867,"wieringenvlaak58dhmijm","Wieringenvlaak mp 58 dhm IJM","Wieringenvlaak mp 58 dhm IJM","ETRS89",52.927835,5.149274,5.149274,52.927835,"core","southern_and_central_north_sea"
1903,"wierumergronden","Wierumergronden","Wierumergronden","ETRS89",53.515827,5.958261,5.958261,53.515827,"core","southern_and_central_north_sea"
4091,"wierumerwad","Wierumerwad","1","ETRS89",53.407684,6.063855,6.063855,53.407684,"core","southern_and_central_north_sea"
18782,"wijdenes","Wijdenes","Wijdenes","ETRS89",52.632565,5.165385,5.165385,52.632565,"outside_domain",
9028,"wijhe","Wijhe","Wijhe","ETRS89",52.387,6.126917,6.126917,52.387,"outside_domain",
9964,"wijkaanzee","Wijk aan Zee","Wijk aan Zee","ETRS89",52.498482,4.584626,4.584626,52.498482,"core","southern_and_central_north_sea"
1912,"wijkbijduurstede","Wijk bij Duurstede","Wijk bij Duurstede","ETRS89",51.964437,5.342533,5.342533,51.964437,"outside_domain",
13928,"wijkbijduurstede.amsterdamrijnkanaal","Wijk bij Duurstede, Amsterdam-Rijnkanaal","Wijk bij Duurstede, Amsterdam-Rijnkanaal","ETRS89",51.97479,5.293258,5.293258,51.97479,"outside_domain",
13524,"wijkschewaard.badstrand","Wijksche Waard, Badstrand","Wijksche Waard, Badstrand","ETRS89",51.773773,5.129937,5.129937,51.773773,"outside_domain",
11294,"wilhelminabrug","Wilhelminabrug","Wilhelminabrug","ETRS89",51.643556,4.843404,4.843404,51.643556,"outside_domain",
16790,"wilhelminadorp","Wilhelminadorp","Wilhelminadorp","ETRS89",51.525939,3.88363,3.88363,51.525939,"outside_domain",
18592,"wilhelminadorp.galgenplaat","Wilhelminadorp, Galgenplaat","Wilhelminadorp, Galgenplaat","ETRS89",51.549835,3.925206,3.925206,51.549835,"core","southern_and_central_north_sea"
17856,"wilhelminakanaal.pand2324","Wilhelminakanaal, pand 23-24","Wilhelminakanaal, pand 23-24","ETRS89",51.558473,5.111055,5.111055,51.558473,"outside_domain",
3405,"wilhelminakanaal.sluisi","Wilhelminakanaal, sluis I","Wilhelminakanaal, sluis I","ETRS89",51.643808,4.839644,4.839644,51.643808,"outside_domain",
15961,"wilhelminakanaal.sluisiii","Wilhelminakanaal, sluis III","Wilhelminakanaal, sluis III","ETRS89",51.581459,5.03517,5.03517,51.581459,"outside_domain",
17602,"wilhelminakanaal.sluisiv","Wilhelminakanaal, sluis IV","Wilhelminakanaal, sluis IV","ETRS89",51.49777,5.206369,5.206369,51.49777,"outside_domain",
17054,"willemsdorp","Willemsdorp","Willemsdorp","ETRS89",51.730274,4.628849,4.628849,51.730274,"outside_domain",
13485,"willemstad","Willemstad","Willemstad","ETRS89",51.694837,4.440684,4.440684,51.694837,"outside_domain",
14256,"willemstad.hollandschdiep","Willemstad, Hollandsch Diep","Volkeraksluizen spuisluis","ETRS89",51.696401,4.40689,4.40689,51.696401,"core","southern_and_central_north_sea"
15470,"willemstad.hollandschdiep.volkerakspuisluis","Willemstad Hollandschdiep Volkerakspuisluis","Willemstad Hollandschdiep Volkerakspuisluis","ETRS89",51.694889,4.421779,4.421779,51.694889,"outside_domain",
18332,"willemstad.tonnekreek","Willemstad, Tonnekreek","Willemstad, Tonnekreek","ETRS89",51.682184,4.492644,4.492644,51.682184,"outside_domain",
5558,"willemstad.volkerak","Willemstad, Volkerak","voorheen Rak zuid","ETRS89",51.682434,4.397417,4.397417,51.682434,"outside_domain",
3065,"willemstad.volkeraksluizen.schuif2","Willemstad Volkeraksluizen gat2","Willemstad Volkeraksluizen gat2","ETRS89",51.692446,4.401538,4.401538,51.692446,"core","southern_and_central_north_sea"
17374,"willemstad.volkeraksluizen.schuif3","Willemstad Volkeraksluizen gat3","Willemstad Volkeraksluizen gat3","ETRS89",51.691823,4.402275,4.402275,51.691823,"core","southern_and_central_north_sea"
7910,"wissenkerke","Wissenkerke","Wissenkerke","ETRS89",51.601576,3.720566,3.720566,51.601576,"core","southern_and_central_north_sea"
3483,"wissenkerke.boei7","Wissenkerke, boei 7","Wissenkerke, boei 7","ETRS89",51.607513,3.707021,3.707021,51.607513,"core","southern_and_central_north_sea"
6377,"wolderwijd.midden","Wolderwijd, midden","zwaartepunt Wolderwijd","ETRS89",52.349817,5.567859,5.567859,52.349817,"outside_domain",
7294,"wolderwijd.midden.24","Wolderwijd, midden, meetpunt 24","Wolderwijd, midden, meetpunt 24","ETRS89",52.353271,5.560343,5.560343,52.353271,"outside_domain",
12811,"wolderwijd.oost","Wolderwijd, oost","Wolderwijd, oost","ETRS89",52.352724,5.592691,5.592691,52.352724,"outside_domain",
10009,"woldstrand","Woldstrand","Woldstrand","ETRS89",52.327771,5.548758,5.548758,52.327771,"outside_domain",
13575,"wolferenkm8935ro","Wolferen km 8935 ro","Wolferen km 8935 ro","ETRS89",51.886817,5.732906,5.732906,51.886817,"outside_domain",
5249,"wolfshoek","Wolfshoek","Wolfshoek","ETRS89",53.246847,5.155011,5.155011,53.246847,"core","southern_and_central_north_sea"
2620,"wolphaartsdijk","Wolphaartsdijk","Wolphaartsdijk","ETRS89",51.547774,3.814968,3.814968,51.547774,"outside_domain",
9747,"wolphaartsdijk.schelphoekbadstrand","Wolphaartsdijk, Schelphoek badstrand","Wolphaartsdijk, Schelphoek badstrand","ETRS89",51.542428,3.798573,3.798573,51.542428,"outside_domain",
441,"workum","Workum","Workum","ETRS89",52.986482,5.400608,5.400608,52.986482,"core","southern_and_central_north_sea"
9161,"woudsend.slotermeer.noordwest.meetpaal29","Woudsend, Slotermeer, noordwest, meetpaal 29","Woudsend, Slotermeer, noordwest, meetpaal 29","ETRS89",52.923313,5.647254,5.647254,52.923313,"outside_domain",
3832,"yerseke","Yerseke","Yerseke","ETRS89",51.506154,4.07513,4.07513,51.506154,"core","southern_and_central_north_sea"
16178,"yerseke.boeipk3","Yerseke, boei PK3","Yerseke, boei PK3","ETRS89",51.476478,4.132287,4.132287,51.476478,"core","southern_and_central_north_sea"
10584,"yerseke.postwegbadstrand","Yerseke, Postweg badstrand","Yerseke, Postweg badstrand","ETRS89",51.502533,4.04369,4.04369,51.502533,"outside_domain",
10410,"yerseke.verwaterplaats","Yerseke, verwaterplaats","Yerseke, verwaterplaats","ETRS89",51.480973,4.100907,4.100907,51.480973,"core","southern_and_central_north_sea"
17710,"zaandam.noordzeekanaal","Zaandam, Noordzeekanaal","kilometer 18","ETRS89",52.418084,4.835905,4.835905,52.418084,"outside_domain",
2087,"zaltbommel","Zaltbommel","Zaltbommel","ETRS89",51.815154,5.244645,5.244645,51.815154,"outside_domain",
5413,"zandkreek","Zandkreek","Zandkreek","ETRS89",51.549728,3.916702,3.916702,51.549728,"core","southern_and_central_north_sea"
7830,"zandkreek.boeiz1","Zandkreek, boei Z1","Zandkreek, boei Z1","ETRS89",51.553926,3.907409,3.907409,51.553926,"core","southern_and_central_north_sea"
15486,"zandkreekdam.west","Zandkreekdam, west","Zandkreekdam, west","ETRS89",51.542899,3.854064,3.854064,51.542899,"outside_domain",
11056,"zandkreeksluis.binnen","Zandkreeksluis, binnen","Zandkreeksluis, binnen","ETRS89",51.541655,3.862035,3.862035,51.541655,"outside_domain",
547,"zandkreeksluis.inloop.2","Zandkreeksluis, inloop, punt 02","Zandkreeksluis, inloop, punt 02","ETRS89",51.54422,3.869158,3.869158,51.54422,"core","southern_and_central_north_sea"
8226,"zandmoter.boei.noord","Zandmoter, boei, noord","Zandmoter, boei, noord","ETRS89",52.048094,4.158267,4.158267,52.048094,"core","southern_and_central_north_sea"
7150,"zandmotor.boei.zuid","Zandmotor, boei, zuid","Zandmotor, boei, zuid","ETRS89",52.072594,4.194206,4.194206,52.072594,"core","southern_and_central_north_sea"
15296,"zandmotor.duinmeer","Zandmotor, duinmeer","Zandmotor, duinmeer","ETRS89",52.04729,4.185524,4.185524,52.04729,"core","southern_and_central_north_sea"
293,"zandmotor.lagune","Zandmotor, Lagune","Zandmotor, Lagune","ETRS89",52.05587,4.194816,4.194816,52.05587,"core","southern_and_central_north_sea"
11235,"zandmotor.monsterterheijde","Zandmotor, Monster Ter Heijde","Zandmotor, Monster Ter Heijde","ETRS89",52.030689,4.162157,4.162157,52.030689,"core","southern_and_central_north_sea"
5909,"zandvliet","Zandvliet","Zandvliet","ETRS89",51.37589,4.266899,4.266899,51.37589,"outside_domain",
7047,"zandvoortaanzee","Zandvoort aan Zee","Zandvoort aan Zee","ETRS89",52.374011,4.522264,4.522264,52.374011,"core","southern_and_central_north_sea"
1560,"zandvoorttotbloemendaal.paal60tot66.nld2026","Zandvoort tot Bloemendaal, paal 60 tot 66, NLD2026","Zandvoort tot Bloemendaal, paal 60 tot 66, NLD2026","ETRS89",52.42214,4.5284,4.5284,52.42214,"core","southern_and_central_north_sea"
6269,"zeeasterweg","Zeeasterweg","Wiertocht","ETRS89",52.50327,5.589709,5.589709,52.50327,"outside_domain",
16626,"zeehavenkanaal.monding","Zeehavenkanaal, monding","Zeehavenkanaal, monding","ETRS89",53.318607,7.006234,7.006234,53.318607,"core","southern_and_central_north_sea"
11653,"zeehondenplaat.inganggeul","Zeehondenplaat, ingang geul","t.o. Steenbergsche Vliet","ETRS89",51.634966,4.251326,4.251326,51.634966,"core","southern_and_central_north_sea"
17956,"zeehondenplaat.zuid","Zeehondenplaat, zuid","Zeehondenplaat, zuid","ETRS89",51.70605,4.562559,4.562559,51.70605,"outside_domain",
2837,"zeelandbrug.noord","Zeelandbrug, noord","Zeelandbrug, noord","ETRS89",51.626683,3.909728,3.909728,51.626683,"core","southern_and_central_north_sea"
11884,"zeestrand.eemshotel.delfzijl","Zeestrand, Eemshotel, Delfzijl","Zeestrand, Eemshotel, Delfzijl","ETRS89",53.334825,6.931385,6.931385,53.334825,"outside_domain",
1302,"zeeuwsvlaanderen.belgischegrenstotbreskens.paaltot14.nld1001","Zeeuws-Vlaanderen, Belgische grens tot Breskens, paal 0 tot 14, NLD1001","Zeeuws-Vlaanderen, Belgische grens tot Breskens, paal 0 tot 14, NLD1001","ETRS89",51.40672,3.43597,3.43597,51.40672,"core","southern_and_central_north_sea"
12453,"zeewolde.dezegge","Zeewolde, De Zegge","Zeewolde, De Zegge","ETRS89",52.333001,5.56179,5.56179,52.333001,"outside_domain",
6918,"zeewolderdijk.km44","Zeewolderdijk, km 44","Zeewolderdijk, km 44","ETRS89",52.345614,5.539827,5.539827,52.345614,"outside_domain",
12046,"zeewolderdijk.km45","Zeewolderdijk, km 45","Zeewolderdijk, km 45","ETRS89",52.352793,5.548658,5.548658,52.352793,"outside_domain",
3977,"zeewolde.spiekweg.nijkerkertocht","Zeewolde, Spiekweg, Nijkerkertocht","Zeewolde, Spiekweg, Nijkerkertocht","ETRS89",52.281876,5.46282,5.46282,52.281876,"outside_domain",
7636,"zeughoek","Zeughoek","Zeughoek","ETRS89",52.844769,5.113911,5.113911,52.844769,"outside_domain",
12026,"zierikzee","Zierikzee","Zierikzee","ETRS89",51.642159,3.910813,3.910813,51.642159,"outside_domain",
5155,"zierikzee.deval","Zierikzee, De Val","Zierikzee, De Val","ETRS89",51.629683,3.891141,3.891141,51.629683,"core","southern_and_central_north_sea"
16963,"zierikzee.zeelandbrug","Zierikzee Zeelandbrug","Zierikzee Zeelandbrug","ETRS89",51.6286,3.917785,3.917785,51.6286,"outside_domain",
11001,"zierikzee.zeelandbrug.noord","Zierikzee Zeelandbrug noord","Zierikzee Zeelandbrug noord","ETRS89",51.626682,3.90973,3.90973,51.626682,"core","southern_and_central_north_sea"
7565,"zijkanaal.a","Zijkanaal, A","Zijkanaal, A","ETRS89",52.469719,4.668299,4.668299,52.469719,"outside_domain",
3449,"zijkanaal.b","Zijkanaal, B","Zijkanaal, B","ETRS89",52.444624,4.687681,4.687681,52.444624,"outside_domain",
6816,"zijkanaal.d1","Zijkanaal, D-1","Zijkanaal, D-1","ETRS89",52.433425,4.751412,4.751412,52.433425,"outside_domain",
226,"zijkanaal.e","Zijkanaal, E","Zijkanaal, E","ETRS89",52.429783,4.783636,4.783636,52.429783,"outside_domain",
8575,"zijkanaal.e.2","Zijkanaal, E, 2","Zijkanaal, E, 2","ETRS89",52.42788,4.784162,4.784162,52.42788,"outside_domain",
15658,"zijkanaal.g","Zijkanaal, G","Zijkanaal, G","ETRS89",52.430416,4.832179,4.832179,52.430416,"outside_domain",
1685,"zijkanaal.h","Zijkanaal, H","Zijkanaal, H","ETRS89",52.42416,4.857661,4.857661,52.42416,"outside_domain",
18719,"zijpe","Zijpe","Zijpe","ETRS89",51.644719,4.096983,4.096983,51.644719,"core","southern_and_central_north_sea"
6215,"zilverstrand","Zilverstrand","Zilverstrand","ETRS89",52.329032,5.15171,5.15171,52.329032,"outside_domain",
1033,"zoelen","Zoelen","Zoelen","ETRS89",51.921115,5.42994,5.42994,51.921115,"outside_domain",
9694,"zoelen.beuningengemaal","Zoelen Beuningengemaal","Zoelen Beuningengemaal","ETRS89",51.92096,5.43391,5.43391,51.92096,"outside_domain",
16095,"zoelenseveld.oostzijdekm65p4","Zoelense veld, oostzijde km 65.4","Zoelense veld, oostzijde km 65.4","ETRS89",51.937054,5.397954,5.397954,51.937054,"outside_domain",
9447,"zonenvreugd.hoorn","Zon en Vreugd, Hoorn","Zon en Vreugd, Hoorn","ETRS89",52.641573,5.046356,5.046356,52.641573,"outside_domain",
9021,"zoommeer.midden.2","Zoommeer, midden, locatie 2","Zoommeer, midden, locatie 2","ETRS89",51.502557,4.212647,4.212647,51.502557,"core","southern_and_central_north_sea"
8643,"zoommeer.west2","Zoommeer, west locatie 2","Zoommeer, west locatie 2","ETRS89",51.506315,4.18446,4.18446,51.506315,"core","southern_and_central_north_sea"
4896,"zoutelande.dishoek.badstrand","Zoutelande, Dishoek, badstrand","Zoutelande, Dishoek, badstrand","ETRS89",51.471984,3.516144,3.516144,51.471984,"core","southern_and_central_north_sea"
7090,"zoutelande.smidshoekje.badstrand","Zoutelande, Smidshoekje, badstrand","Zoutelande, Smidshoekje, badstrand","ETRS89",51.499037,3.482188,3.482188,51.499037,"core","southern_and_central_north_sea"
557,"zoutkamp","Zoutkamp","Zoutkamp","ETRS89",53.337345,6.297096,6.297096,53.337345,"core","southern_and_central_north_sea"
17337,"zoutkamperlaag","Zoutkamperlaag","Zoutkamperlaag","ETRS89",53.429409,6.132651,6.132651,53.429409,"core","southern_and_central_north_sea"
11486,"zoutkamperlaag.boei","Zoutkamperlaag, boei","Zoutkamperlaag, boei","ETRS89",53.430482,6.124771,6.124771,53.430482,"core","southern_and_central_north_sea"
16679,"zoutkamperlaag.zeegat","Zoutkamperlaag, zeegat","Zoutkamperlaag, zeegat","ETRS89",53.475102,6.079226,6.079226,53.475102,"core","southern_and_central_north_sea"
4501,"zuidergat.boei44","Zuidergat, boei 44","Zuidergat, boei 44","ETRS89",51.412701,4.03383,4.03383,51.412701,"core","southern_and_central_north_sea"
2096,"zuidergatvandeplomp","Zuidergat van de Plomp","Zuidergat van de Plomp","ETRS89",51.716194,4.826367,4.826367,51.716194,"outside_domain",
1717,"zuiderjongedeen","Zuider Jonge Deen","Zuider Jonge Deen","ETRS89",51.731615,4.723976,4.723976,51.731615,"outside_domain",
4450,"zuidermeerdijk","Zuidermeerdijk","Zuidermeerdijk","ETRS89",52.602339,5.700133,5.700133,52.602339,"core","southern_and_central_north_sea"
7448,"zuidermeerdijkkm37","Zuidermeerdijk km 37","Zuidermeerdijk km 37","ETRS89",52.604021,5.741477,5.741477,52.604021,"core","southern_and_central_north_sea"
17972,"zuiderspruit","Zuiderspruit","Zuiderspruit","ETRS89",53.421522,5.832327,5.832327,53.421522,"core","southern_and_central_north_sea"
10682,"zuidhavenkm976","Zuidhaven km 976","Zuidhaven km 976","ETRS89",51.751058,4.721041,4.721041,51.751058,"outside_domain",
7661,"zuidhavenkm976p6","Zuidhaven km 976.6","Zuidhaven km 976.6","ETRS89",51.74286,4.717687,4.717687,51.74286,"outside_domain",
1939,"zuidkraaijert","Zuidkraaijert","Zuidkraaijert","ETRS89",51.464412,3.716234,3.716234,51.464412,"outside_domain",
8773,"zuidland.spui","Zuidland, Spui","Zuidland, Spui","ETRS89",51.80555,4.282919,4.282919,51.80555,"outside_domain",
3835,"zuidmaartensgat.noord","Zuid Maartensgat, noord","Zuid Maartensgat, noord","ETRS89",51.739929,4.658889,4.658889,51.739929,"outside_domain",
17791,"zuidoord","Zuidoord","Zuidoord","ETRS89",51.793579,4.25306,4.25306,51.793579,"outside_domain",
9139,"zuidoostlauwers.noordoost","Zuid Oost Lauwers, noordoost","Zuid Oost Lauwers, noordoost","ETRS89",53.483166,6.452183,6.452183,53.483166,"core","southern_and_central_north_sea"
18151,"zuidoostlauwers.noordwest","Zuid Oost Lauwers, noordwest","Zuid Oost Lauwers, noordwest","ETRS89",53.49499,6.435902,6.435902,53.49499,"core","southern_and_central_north_sea"
15089,"zuidoostlauwers.oost","Zuid Oost Lauwers, oost","Zuid Oost Lauwers, oost","ETRS89",53.449146,6.51349,6.51349,53.449146,"core","southern_and_central_north_sea"
18543,"zuidoostlauwers.zuidoost","Zuid Oost Lauwers, zuidoost","Zuid Oost Lauwers, zuidoost","ETRS89",53.451486,6.507334,6.507334,53.451486,"core","southern_and_central_north_sea"
8967,"zuidoostrak","Zuidoostrak","Zuidoostrak","ETRS89",53.120289,5.244562,5.244562,53.120289,"core","southern_and_central_north_sea"
6984,"zuidoostrak.zuid","Zuidoostrak, zuid","Zuidoostrak, zuid","ETRS89",53.10684,5.27223,5.27223,53.10684,"core","southern_and_central_north_sea"
18373,"zuidvlije","Zuid Vlije","Zuid Vlije","ETRS89",51.643284,4.216947,4.216947,51.643284,"core","southern_and_central_north_sea"
13205,"zuidvlije.2","Zuid Vlije, locatie 2","Zuid Vlije, locatie 2","ETRS89",51.651452,4.197949,4.197949,51.651452,"core","southern_and_central_north_sea"
6826,"zuidwillemsvaart.km48","Zuid-Willemsvaart, km 48","Zuid-Willemsvaart, km 48","ETRS89",51.216613,5.583282,5.583282,51.216613,"outside_domain",
16181,"zuidwillemsvaart.km55p5","Zuid-Willemsvaart, km 55.5","Zuid-Willemsvaart, km 55.5","ETRS89",51.249401,5.678927,5.678927,51.249401,"outside_domain",
16619,"zuidwillemsvaart.km63p5","Zuid-Willemsvaart, km 63.5","Zuid-Willemsvaart, km 63.5","ETRS89",51.293417,5.752798,5.752798,51.293417,"outside_domain",
17069,"zuidwillemsvaart.sluis11","Zuid-Willemsvaart, sluis 11","Zuid-Willemsvaart, sluis 11","ETRS89",51.395879,5.726735,5.726735,51.395879,"outside_domain",
2174,"zuidwillemsvaart.sluis13","Zuid-Willemsvaart, sluis 13","Zuid-Willemsvaart, sluis 13","ETRS89",51.330111,5.746621,5.746621,51.330111,"outside_domain",
6712,"zuidwillemsvaart.sluis4.boven","Zuid-Willemsvaart, sluis 4, boven","Zuid-Willemsvaart, sluis 4, boven","ETRS89",51.608956,5.530986,5.530986,51.608956,"outside_domain",
2648,"zuidwillemsvaart.sluis6","Zuid-Willemsvaart, sluis 6","Zuid-Willemsvaart, sluis 6","ETRS89",51.539578,5.631089,5.631089,51.539578,"outside_domain",
2972,"zurichtotharlingen.nld6089","Zurich tot Harlingen, NLD6089","Zurich tot Harlingen, NLD6089","ETRS89",53.19516,5.38792,5.38792,53.19516,"core","southern_and_central_north_sea"
8621,"zutphen","Zutphen","Zutphen","ETRS89",52.143276,6.189232,6.189232,52.143276,"outside_domain",
738,"zutphen.ijssel","Zutphen, IJssel","noord","ETRS89",52.154,6.182,6.182,52.154,"outside_domain",
14574,"zwanenbad","Zwanenbad","Zwanenbad","ETRS89",51.93702,5.948729,5.948729,51.93702,"outside_domain",
6490,"zwartehaan","Zwarte Haan","Zwarte Haan","ETRS89",53.321874,5.619809,5.619809,53.321874,"core","southern_and_central_north_sea"
9494,"zwartehoek.1","Zwarte Hoek, punt 01","Zwarte Hoek, punt 01","ETRS89",52.636347,5.97514,5.97514,52.636347,"outside_domain",
15559,"zwartehoek.2","Zwarte Hoek, punt 02","Zwarte Hoek, punt 02","ETRS89",52.638109,5.978488,5.978488,52.638109,"outside_domain",
13337,"zwartemeer.2","Zwarte Meer, punt 02","Zwarte Meer, punt 02","ETRS89",52.619489,5.948704,5.948704,52.619489,"outside_domain",
4802,"zwartemeerdijk.km52","Zwartemeerdijk, km 52","Zwartemeerdijk, km 52","ETRS89",52.632505,5.948117,5.948117,52.632505,"outside_domain",
1113,"zwartewater.km6","Zwartewater, km 6","Zwartewater, km 6","ETRS89",52.557658,6.09756,6.09756,52.557658,"outside_domain",
15667,"zwarteweg.heemskerk","Zwarte Weg, Heemskerk","Zwarte Weg, Heemskerk","ETRS89",52.523991,4.595656,4.595656,52.523991,"core","southern_and_central_north_sea"
11021,"zwartsluis.binnen","Zwartsluis, binnen","Zwartsluis, binnen","ETRS89",52.638486,6.078582,6.078582,52.638486,"outside_domain",
18620,"zwartsluis.gemaal.pomp1","Zwartsluis gemaal pomp1","vh pomp oost","ETRS89",52.637761,6.079753,6.079753,52.637761,"outside_domain",
17955,"zwartsluis.gemaal.pomp2","Zwartsluis gemaal pomp2","vh pomp midden","ETRS89",52.637807,6.079606,6.079606,52.637807,"outside_domain",
1076,"zwartsluis.gemaal.pomp3","Zwartsluis gemaal pomp3","vh pomp west","ETRS89",52.637852,6.079459,6.079459,52.637852,"outside_domain",
15211,"zwartsluis.gemaalpompmidden","Zwartsluis, Gemaal pomp midden","2","ETRS89",52.637806,6.079605,6.079605,52.637806,"outside_domain",
13245,"zwartsluis.gemaalpompoost","Zwartsluis, Gemaal pomp oost","1","ETRS89",52.63776,6.079752,6.079752,52.63776,"outside_domain",
13015,"zwartsluis.gemaalpompwest","Zwartsluis, Gemaal pomp west","3","ETRS89",52.637852,6.079458,6.079458,52.637852,"outside_domain",
8752,"zwartsluis.meppelerdiep","Zwartsluis, Meppelerdiep","km 2.5","ETRS89",52.652215,6.092924,6.092924,52.652215,"outside_domain",
7177,"zwartsluis.zwartewater","Zwartsluis, Zwarte Water","buiten","ETRS89",52.6357,6.076,6.076,52.6357,"outside_domain",
16274,"zwembadoosterleek","Zwembad Oosterleek","Zwembad Oosterleek","ETRS89",52.642315,5.203681,5.203681,52.642315,"outside_domain",
6036,"zwijndrecht.oudemaas.km983.lo","Zwijndrecht, Oude MAas, km 983, lo","Zwijndrecht, Oude MAas, km 983, lo","ETRS89",51.806389,4.585374,4.585374,51.806389,"outside_domain",
16580,"zwolle","Zwolle","Hasselterhaven, Zwarte Water","ETRS89",52.523047,6.069995,6.069995,52.523047,"outside_domain",
144,"zwolle.ijssel","Zwolle, IJssel","voorheen Katerveer","ETRS89",52.5086,6.053,6.053,52.5086,"outside_domain",
1489,"zwolle.zwartewater.kanaal","Zwolle, Zwarte Water, kanaal","voorheen Spooldersluis binnen","ETRS89",52.509831,6.054957,6.054957,52.509831,"outside_domain",
10007,"zwolsehoek.badstrand","Zwolse Hoek, badstrand","Zwolse Hoek, badstrand","ETRS89",52.615386,5.653051,5.653051,52.615386,"outside_domain",
3857,"zwolsehoek.badstrand.2","Zwolse Hoek, badstrand, 2","Zwolse Hoek, badstrand, 2","ETRS89",52.614817,5.654509,5.654509,52.614817,"outside_domain",
