"ds_id","acquisition_rank","provider","provider_dataset_id","canonical_provider_dataset_id","provider_version","source_role","request_method","request_url","request_parameters_sha256","retrieved_utc","raw_relative_path","filename","size_bytes","checksum_sha256","content_type","file_validation_state","license_state","license_evidence","redistribution_state","citation","doi_or_stable_url","manifest_status","status_detail"
"DS06",1,"SMHI SHARK","SHARK_Phytoplankton_1986_2007_SMHI_natdata_planktondb","SHARK:SHARK_Phytoplankton_1986_2007_SMHI_natdata_planktondb","2025-03-09","canonical_provider","GET","https://shark.smhi.se/api/dataset/download/SHARK_Phytoplankton_1986_2007_SMHI_natdata_planktondb_version_2025-03-09.zip","e18aa2443a540fc1dce8d7dfdc392e2cba1efcbcd0f6d7a5bfdd4e6d02ca33db","2026-08-08T19:14:53Z","stage2/ds06_smhi_shark/DS06_SMHI_SHARK_20260808T191500Z/SHARK_Phytoplankton_1986_2007_SMHI_natdata_planktondb_version_2025-03-09.zip","SHARK_Phytoplankton_1986_2007_SMHI_natdata_planktondb_version_2025-03-09.zip",28557,"443571ba70dc118506e122a6e1c4c40073782abf68a73b7ecf2fc93ede7c5f92","application/zip","verified","open","Official SHARK API documentation states all published data are CC0; corroborated by archived MarineInfo records for national and regional SMHI phytoplankton packages. https://creativecommons.org/publicdomain/zero/1.0/","allowed","Swedish Meteorological and Hydrological Institute (SMHI), Swedish Ocean Archive (SHARK), versioned phytoplankton data packages.","https://shark.smhi.se/api/dataset/SHARK_Phytoplankton_1986_2007_SMHI_natdata_planktondb/metadata.json","verified","Downloaded from canonical SHARK package endpoint and passed unzip -t CRC validation."
"DS06",1,"SMHI SHARK","SHARK_Phytoplankton_1994_1996_SMHI_Anholt","SHARK:SHARK_Phytoplankton_1994_1996_SMHI_Anholt","2025-03-09","canonical_provider","GET","https://shark.smhi.se/api/dataset/download/SHARK_Phytoplankton_1994_1996_SMHI_Anholt_version_2025-03-09.zip","c2bc65be861a4af6f36ee5a820844cf1a1da4bb8113b5ac35ed00b193b6ef549","2026-08-08T19:14:53Z","stage2/ds06_smhi_shark/DS06_SMHI_SHARK_20260808T191500Z/SHARK_Phytoplankton_1994_1996_SMHI_Anholt_version_2025-03-09.zip","SHARK_Phytoplankton_1994_1996_SMHI_Anholt_version_2025-03-09.zip",12001,"0432b92b94e68126d03aca9d66ce46167cd8166ed633e55ff0c270665d2ae331","application/zip","verified","open","Official SHARK API documentation states all published data are CC0; corroborated by archived MarineInfo records for national and regional SMHI phytoplankton packages. https://creativecommons.org/publicdomain/zero/1.0/","allowed","Swedish Meteorological and Hydrological Institute (SMHI), Swedish Ocean Archive (SHARK), versioned phytoplankton data packages.","https://shark.smhi.se/api/dataset/SHARK_Phytoplankton_1994_1996_SMHI_Anholt/metadata.json","verified","Downloaded from canonical SHARK package endpoint and passed unzip -t CRC validation."
"DS06",1,"SMHI SHARK","SHARK_Phytoplankton_1995_2001_UMSC","SHARK:SHARK_Phytoplankton_1995_2001_UMSC","2025-03-09","canonical_provider","GET","https://shark.smhi.se/api/dataset/download/SHARK_Phytoplankton_1995_2001_UMSC_version_2025-03-09.zip","984dd2d9c34b64ab01a6c5c7680c390f6f7a082dea03d1dc2e9f7580e81a5507","2026-08-08T19:14:54Z","stage2/ds06_smhi_shark/DS06_SMHI_SHARK_20260808T191500Z/SHARK_Phytoplankton_1995_2001_UMSC_version_2025-03-09.zip","SHARK_Phytoplankton_1995_2001_UMSC_version_2025-03-09.zip",190115,"3c683afd21be04d11435d8330d4f66ad0b1571def75f0b8425d6e7ffe748ddfb","application/zip","verified","open","Official SHARK API documentation states all published data are CC0; corroborated by archived MarineInfo records for national and regional SMHI phytoplankton packages. https://creativecommons.org/publicdomain/zero/1.0/","allowed","Swedish Meteorological and Hydrological Institute (SMHI), Swedish Ocean Archive (SHARK), versioned phytoplankton data packages.","https://shark.smhi.se/api/dataset/SHARK_Phytoplankton_1995_2001_UMSC/metadata.json","verified","Downloaded from canonical SHARK package endpoint and passed unzip -t CRC validation."
"DS06",1,"SMHI SHARK","SHARK_Phytoplankton_1997_SMHI_Anholt","SHARK:SHARK_Phytoplankton_1997_SMHI_Anholt","2025-03-09","canonical_provider","GET","https://shark.smhi.se/api/dataset/download/SHARK_Phytoplankton_1997_SMHI_Anholt_version_2025-03-09.zip","63724717b7f17a1c2b8041b064613a7f694ad0b87e1e12038c431a0d10eb86ec","2026-08-08T19:14:54Z","stage2/ds06_smhi_shark/DS06_SMHI_SHARK_20260808T191500Z/SHARK_Phytoplankton_1997_SMHI_Anholt_version_2025-03-09.zip","SHARK_Phytoplankton_1997_SMHI_Anholt_version_2025-03-09.zip",45622,"2bbe197353f88f561befa0ed2d624f2b1918380970a566fe30bc722d447f5aa6","application/zip","verified","open","Official SHARK API documentation states all published data are CC0; corroborated by archived MarineInfo records for national and regional SMHI phytoplankton packages. https://creativecommons.org/publicdomain/zero/1.0/","allowed","Swedish Meteorological and Hydrological Institute (SMHI), Swedish Ocean Archive (SHARK), versioned phytoplankton data packages.","https://shark.smhi.se/api/dataset/SHARK_Phytoplankton_1997_SMHI_Anholt/metadata.json","verified","Downloaded from canonical SHARK package endpoint and passed unzip -t CRC validation."
"DS06",1,"SMHI SHARK","SHARK_Phytoplankton_1999_SUSE","SHARK:SHARK_Phytoplankton_1999_SUSE","2025-03-09","canonical_provider","GET","https://shark.smhi.se/api/dataset/download/SHARK_Phytoplankton_1999_SUSE_version_2025-03-09.zip","49e52b72361510fad71cd00b649795d7ea6639c6b0c6b5ac966fec5c49c6f9ca","2026-08-08T19:14:54Z","stage2/ds06_smhi_shark/DS06_SMHI_SHARK_20260808T191500Z/SHARK_Phytoplankton_1999_SUSE_version_2025-03-09.zip","SHARK_Phytoplankton_1999_SUSE_version_2025-03-09.zip",83086,"176cb35fe9d9474b0589ad28dcbfc9dea1fa98b0406b15658f06517a2b88dc2d","application/zip","verified","open","Official SHARK API documentation states all published data are CC0; corroborated by archived MarineInfo records for national and regional SMHI phytoplankton packages. https://creativecommons.org/publicdomain/zero/1.0/","allowed","Swedish Meteorological and Hydrological Institute (SMHI), Swedish Ocean Archive (SHARK), versioned phytoplankton data packages.","https://shark.smhi.se/api/dataset/SHARK_Phytoplankton_1999_SUSE/metadata.json","verified","Downloaded from canonical SHARK package endpoint and passed unzip -t CRC validation."
"DS06",1,"SMHI SHARK","SHARK_Phytoplankton_2000_SMHI_Anholt","SHARK:SHARK_Phytoplankton_2000_SMHI_Anholt","2025-03-09","canonical_provider","GET","https://shark.smhi.se/api/dataset/download/SHARK_Phytoplankton_2000_SMHI_Anholt_version_2025-03-09.zip","c9626c7aa8d51773456110a8fccb85e3aa96fbac7de4ec6d935c78183a3ddb2b","2026-08-08T19:14:54Z","stage2/ds06_smhi_shark/DS06_SMHI_SHARK_20260808T191500Z/SHARK_Phytoplankton_2000_SMHI_Anholt_version_2025-03-09.zip","SHARK_Phytoplankton_2000_SMHI_Anholt_version_2025-03-09.zip",60441,"da5f4f7ddb3485e1922fc9bdcfb0a2413406aac71ae353bfdccea1aaa8538cda","application/zip","verified","open","Official SHARK API documentation states all published data are CC0; corroborated by archived MarineInfo records for national and regional SMHI phytoplankton packages. https://creativecommons.org/publicdomain/zero/1.0/","allowed","Swedish Meteorological and Hydrological Institute (SMHI), Swedish Ocean Archive (SHARK), versioned phytoplankton data packages.","https://shark.smhi.se/api/dataset/SHARK_Phytoplankton_2000_SMHI_Anholt/metadata.json","verified","Downloaded from canonical SHARK package endpoint and passed unzip -t CRC validation."
"DS06",1,"SMHI SHARK","SHARK_Phytoplankton_2000_SUSE","SHARK:SHARK_Phytoplankton_2000_SUSE","2025-03-09","canonical_provider","GET","https://shark.smhi.se/api/dataset/download/SHARK_Phytoplankton_2000_SUSE_version_2025-03-09.zip","98d5a8f26535d4909650867cc9ef00f64a5be8e697ef103dfee5b9d29e2db449","2026-08-08T19:14:54Z","stage2/ds06_smhi_shark/DS06_SMHI_SHARK_20260808T191500Z/SHARK_Phytoplankton_2000_SUSE_version_2025-03-09.zip","SHARK_Phytoplankton_2000_SUSE_version_2025-03-09.zip",92141,"84e62dabc77346eb4e835e88bee761a60c8f7b58fba30021ee3ebe9f10e2bbdc","application/zip","verified","open","Official SHARK API documentation states all published data are CC0; corroborated by archived MarineInfo records for national and regional SMHI phytoplankton packages. https://creativecommons.org/publicdomain/zero/1.0/","allowed","Swedish Meteorological and Hydrological Institute (SMHI), Swedish Ocean Archive (SHARK), versioned phytoplankton data packages.","https://shark.smhi.se/api/dataset/SHARK_Phytoplankton_2000_SUSE/metadata.json","verified","Downloaded from canonical SHARK package endpoint and passed unzip -t CRC validation."
"DS06",1,"SMHI SHARK","SHARK_Phytoplankton_2001_SMHI_A17","SHARK:SHARK_Phytoplankton_2001_SMHI_A17","2025-03-09","canonical_provider","GET","https://shark.smhi.se/api/dataset/download/SHARK_Phytoplankton_2001_SMHI_A17_version_2025-03-09.zip","8d27faa3a58a3e603ae5c752e726af423f818c67be79c57dc31e0f857909dead","2026-08-08T19:14:54Z","stage2/ds06_smhi_shark/DS06_SMHI_SHARK_20260808T191500Z/SHARK_Phytoplankton_2001_SMHI_A17_version_2025-03-09.zip","SHARK_Phytoplankton_2001_SMHI_A17_version_2025-03-09.zip",40738,"b133d754ee4d81420403f8d89a4dc561c959d5375f7a0d28f8dbace346b1a69e","application/zip","verified","open","Official SHARK API documentation states all published data are CC0; corroborated by archived MarineInfo records for national and regional SMHI phytoplankton packages. https://creativecommons.org/publicdomain/zero/1.0/","allowed","Swedish Meteorological and Hydrological Institute (SMHI), Swedish Ocean Archive (SHARK), versioned phytoplankton data packages.","https://shark.smhi.se/api/dataset/SHARK_Phytoplankton_2001_SMHI_A17/metadata.json","verified","Downloaded from canonical SHARK package endpoint and passed unzip -t CRC validation."
"DS06",1,"SMHI SHARK","SHARK_Phytoplankton_2001_SMHI_Anholt","SHARK:SHARK_Phytoplankton_2001_SMHI_Anholt","2025-03-09","canonical_provider","GET","https://shark.smhi.se/api/dataset/download/SHARK_Phytoplankton_2001_SMHI_Anholt_version_2025-03-09.zip","f09709e002365a643450ff2d32ca8a767b534a8f5540449c76ed29a6c9d5d559","2026-08-08T19:14:54Z","stage2/ds06_smhi_shark/DS06_SMHI_SHARK_20260808T191500Z/SHARK_Phytoplankton_2001_SMHI_Anholt_version_2025-03-09.zip","SHARK_Phytoplankton_2001_SMHI_Anholt_version_2025-03-09.zip",59352,"11d43cff60b858cdd089ab6a447a1a4e167243c13b2b1ddbb598a625bf4dc915","application/zip","verified","open","Official SHARK API documentation states all published data are CC0; corroborated by archived MarineInfo records for national and regional SMHI phytoplankton packages. https://creativecommons.org/publicdomain/zero/1.0/","allowed","Swedish Meteorological and Hydrological Institute (SMHI), Swedish Ocean Archive (SHARK), versioned phytoplankton data packages.","https://shark.smhi.se/api/dataset/SHARK_Phytoplankton_2001_SMHI_Anholt/metadata.json","verified","Downloaded from canonical SHARK package endpoint and passed unzip -t CRC validation."
"DS06",1,"SMHI SHARK","SHARK_Phytoplankton_2001_SUSE","SHARK:SHARK_Phytoplankton_2001_SUSE","2025-03-09","canonical_provider","GET","https://shark.smhi.se/api/dataset/download/SHARK_Phytoplankton_2001_SUSE_version_2025-03-09.zip","941a28f6f022a33874402787f2521bfe3454d6e3e57954c6e13e39e73b07313b","2026-08-08T19:14:54Z","stage2/ds06_smhi_shark/DS06_SMHI_SHARK_20260808T191500Z/SHARK_Phytoplankton_2001_SUSE_version_2025-03-09.zip","SHARK_Phytoplankton_2001_SUSE_version_2025-03-09.zip",71624,"1aa19bfc28661a52f6b05aa910d2a66e8d45524b7ef98fd7b76e925bf89622ae","application/zip","verified","open","Official SHARK API documentation states all published data are CC0; corroborated by archived MarineInfo records for national and regional SMHI phytoplankton packages. https://creativecommons.org/publicdomain/zero/1.0/","allowed","Swedish Meteorological and Hydrological Institute (SMHI), Swedish Ocean Archive (SHARK), versioned phytoplankton data packages.","https://shark.smhi.se/api/dataset/SHARK_Phytoplankton_2001_SUSE/metadata.json","verified","Downloaded from canonical SHARK package endpoint and passed unzip -t CRC validation."
"DS06",1,"SMHI SHARK","SHARK_Phytoplankton_2002_SMHI","SHARK:SHARK_Phytoplankton_2002_SMHI","2025-03-09","canonical_provider","GET","https://shark.smhi.se/api/dataset/download/SHARK_Phytoplankton_2002_SMHI_version_2025-03-09.zip","1d20117ac1e48484dc735e1bd4d715291f1e413754e28ac8e06d731d3cfc428e","2026-08-08T19:14:55Z","stage2/ds06_smhi_shark/DS06_SMHI_SHARK_20260808T191500Z/SHARK_Phytoplankton_2002_SMHI_version_2025-03-09.zip","SHARK_Phytoplankton_2002_SMHI_version_2025-03-09.zip",119198,"e6c77acd165175f8ef8f1996d35b79ceca18daeded7a80811301e39590fedfc2","application/zip","verified","open","Official SHARK API documentation states all published data are CC0; corroborated by archived MarineInfo records for national and regional SMHI phytoplankton packages. https://creativecommons.org/publicdomain/zero/1.0/","allowed","Swedish Meteorological and Hydrological Institute (SMHI), Swedish Ocean Archive (SHARK), versioned phytoplankton data packages.","https://shark.smhi.se/api/dataset/SHARK_Phytoplankton_2002_SMHI/metadata.json","verified","Downloaded from canonical SHARK package endpoint and passed unzip -t CRC validation."
"DS06",1,"SMHI SHARK","SHARK_Phytoplankton_2002_SMHI_HABILE","SHARK:SHARK_Phytoplankton_2002_SMHI_HABILE","2025-03-09","canonical_provider","GET","https://shark.smhi.se/api/dataset/download/SHARK_Phytoplankton_2002_SMHI_HABILE_version_2025-03-09.zip","efd2861d41be06a94773c0e49f96da5e6ad833c7e8b4922efd2e45b23f634229","2026-08-08T19:14:55Z","stage2/ds06_smhi_shark/DS06_SMHI_SHARK_20260808T191500Z/SHARK_Phytoplankton_2002_SMHI_HABILE_version_2025-03-09.zip","SHARK_Phytoplankton_2002_SMHI_HABILE_version_2025-03-09.zip",402831,"d617bac8c37aed7491f674b0c9e4c7265422a801be9a644a2c88f96799810a20","application/zip","verified","open","Official SHARK API documentation states all published data are CC0; corroborated by archived MarineInfo records for national and regional SMHI phytoplankton packages. https://creativecommons.org/publicdomain/zero/1.0/","allowed","Swedish Meteorological and Hydrological Institute (SMHI), Swedish Ocean Archive (SHARK), versioned phytoplankton data packages.","https://shark.smhi.se/api/dataset/SHARK_Phytoplankton_2002_SMHI_HABILE/metadata.json","verified","Downloaded from canonical SHARK package endpoint and passed unzip -t CRC validation."
"DS06",1,"SMHI SHARK","SHARK_Phytoplankton_2002_SUSE","SHARK:SHARK_Phytoplankton_2002_SUSE","2025-03-09","canonical_provider","GET","https://shark.smhi.se/api/dataset/download/SHARK_Phytoplankton_2002_SUSE_version_2025-03-09.zip","6e590f9da94b98660db4656d1d03892eb9fffdf217dab1d0db9caa13245ffda0","2026-08-08T19:14:55Z","stage2/ds06_smhi_shark/DS06_SMHI_SHARK_20260808T191500Z/SHARK_Phytoplankton_2002_SUSE_version_2025-03-09.zip","SHARK_Phytoplankton_2002_SUSE_version_2025-03-09.zip",58319,"578c6e6cb57d58ef263f987ca733747e4c2d5d381bea5bdf1684323599ad3ef5","application/zip","verified","open","Official SHARK API documentation states all published data are CC0; corroborated by archived MarineInfo records for national and regional SMHI phytoplankton packages. https://creativecommons.org/publicdomain/zero/1.0/","allowed","Swedish Meteorological and Hydrological Institute (SMHI), Swedish Ocean Archive (SHARK), versioned phytoplankton data packages.","https://shark.smhi.se/api/dataset/SHARK_Phytoplankton_2002_SUSE/metadata.json","verified","Downloaded from canonical SHARK package endpoint and passed unzip -t CRC validation."
"DS06",1,"SMHI SHARK","SHARK_Phytoplankton_2002_UMSC","SHARK:SHARK_Phytoplankton_2002_UMSC","2025-03-09","canonical_provider","GET","https://shark.smhi.se/api/dataset/download/SHARK_Phytoplankton_2002_UMSC_version_2025-03-09.zip","7a2a2874131433fa9f209d9379713ad6ed918f61d80b43deabdb1a75ad6ec120","2026-08-08T19:14:55Z","stage2/ds06_smhi_shark/DS06_SMHI_SHARK_20260808T191500Z/SHARK_Phytoplankton_2002_UMSC_version_2025-03-09.zip","SHARK_Phytoplankton_2002_UMSC_version_2025-03-09.zip",53463,"55420c8d00bee4219dfe57019791f5b244e62e3942167266c42cec0774d9b5ff","application/zip","verified","open","Official SHARK API documentation states all published data are CC0; corroborated by archived MarineInfo records for national and regional SMHI phytoplankton packages. https://creativecommons.org/publicdomain/zero/1.0/","allowed","Swedish Meteorological and Hydrological Institute (SMHI), Swedish Ocean Archive (SHARK), versioned phytoplankton data packages.","https://shark.smhi.se/api/dataset/SHARK_Phytoplankton_2002_UMSC/metadata.json","verified","Downloaded from canonical SHARK package endpoint and passed unzip -t CRC validation."
"DS06",1,"SMHI SHARK","SHARK_Phytoplankton_2003_SMHI","SHARK:SHARK_Phytoplankton_2003_SMHI","2025-03-09","canonical_provider","GET","https://shark.smhi.se/api/dataset/download/SHARK_Phytoplankton_2003_SMHI_version_2025-03-09.zip","58565a34d7e1028afe1affcbc38af6075c1e480104d2344e070a4c1856051744","2026-08-08T19:14:55Z","stage2/ds06_smhi_shark/DS06_SMHI_SHARK_20260808T191500Z/SHARK_Phytoplankton_2003_SMHI_version_2025-03-09.zip","SHARK_Phytoplankton_2003_SMHI_version_2025-03-09.zip",45304,"54569e4e1036cf90e8ee6e0ba15c714dcdc4dee5f77b62b5e5e75493aa2e76a0","application/zip","verified","open","Official SHARK API documentation states all published data are CC0; corroborated by archived MarineInfo records for national and regional SMHI phytoplankton packages. https://creativecommons.org/publicdomain/zero/1.0/","allowed","Swedish Meteorological and Hydrological Institute (SMHI), Swedish Ocean Archive (SHARK), versioned phytoplankton data packages.","https://shark.smhi.se/api/dataset/SHARK_Phytoplankton_2003_SMHI/metadata.json","verified","Downloaded from canonical SHARK package endpoint and passed unzip -t CRC validation."
"DS06",1,"SMHI SHARK","SHARK_Phytoplankton_2003_SMHI_A17","SHARK:SHARK_Phytoplankton_2003_SMHI_A17","2025-03-09","canonical_provider","GET","https://shark.smhi.se/api/dataset/download/SHARK_Phytoplankton_2003_SMHI_A17_version_2025-03-09.zip","5fe212fbbaafa9ea4c67ef2d00d57e3786eda616f95e53e3c4ce0c378b257e36","2026-08-08T19:14:55Z","stage2/ds06_smhi_shark/DS06_SMHI_SHARK_20260808T191500Z/SHARK_Phytoplankton_2003_SMHI_A17_version_2025-03-09.zip","SHARK_Phytoplankton_2003_SMHI_A17_version_2025-03-09.zip",49167,"0fc5d24f8bcb7719bf07d82435510c69d6d1be2c76848662bfeda08b1f7b6839","application/zip","verified","open","Official SHARK API documentation states all published data are CC0; corroborated by archived MarineInfo records for national and regional SMHI phytoplankton packages. https://creativecommons.org/publicdomain/zero/1.0/","allowed","Swedish Meteorological and Hydrological Institute (SMHI), Swedish Ocean Archive (SHARK), versioned phytoplankton data packages.","https://shark.smhi.se/api/dataset/SHARK_Phytoplankton_2003_SMHI_A17/metadata.json","verified","Downloaded from canonical SHARK package endpoint and passed unzip -t CRC validation."
"DS06",1,"SMHI SHARK","SHARK_Phytoplankton_2003_SUSE","SHARK:SHARK_Phytoplankton_2003_SUSE","2025-03-09","canonical_provider","GET","https://shark.smhi.se/api/dataset/download/SHARK_Phytoplankton_2003_SUSE_version_2025-03-09.zip","50df7b963828ec586fd2a21f44c811eddb8d593c943f677bf9abeb7fedb93930","2026-08-08T19:14:55Z","stage2/ds06_smhi_shark/DS06_SMHI_SHARK_20260808T191500Z/SHARK_Phytoplankton_2003_SUSE_version_2025-03-09.zip","SHARK_Phytoplankton_2003_SUSE_version_2025-03-09.zip",75097,"b3c4f754b948dbe55b6b43939f9a789f6bad3327a158679fd5ab549eb789ad97","application/zip","verified","open","Official SHARK API documentation states all published data are CC0; corroborated by archived MarineInfo records for national and regional SMHI phytoplankton packages. https://creativecommons.org/publicdomain/zero/1.0/","allowed","Swedish Meteorological and Hydrological Institute (SMHI), Swedish Ocean Archive (SHARK), versioned phytoplankton data packages.","https://shark.smhi.se/api/dataset/SHARK_Phytoplankton_2003_SUSE/metadata.json","verified","Downloaded from canonical SHARK package endpoint and passed unzip -t CRC validation."
"DS06",1,"SMHI SHARK","SHARK_Phytoplankton_2003_UMSC","SHARK:SHARK_Phytoplankton_2003_UMSC","2025-03-09","canonical_provider","GET","https://shark.smhi.se/api/dataset/download/SHARK_Phytoplankton_2003_UMSC_version_2025-03-09.zip","74637b38d7e4d65701d1a9b36977761effffb409bf85bb7519438e3e6cdccb96","2026-08-08T19:14:56Z","stage2/ds06_smhi_shark/DS06_SMHI_SHARK_20260808T191500Z/SHARK_Phytoplankton_2003_UMSC_version_2025-03-09.zip","SHARK_Phytoplankton_2003_UMSC_version_2025-03-09.zip",63645,"535993aca5a54fab692e3ee493db8cb82d6f070800dcac87171a151fe6c51a40","application/zip","verified","open","Official SHARK API documentation states all published data are CC0; corroborated by archived MarineInfo records for national and regional SMHI phytoplankton packages. https://creativecommons.org/publicdomain/zero/1.0/","allowed","Swedish Meteorological and Hydrological Institute (SMHI), Swedish Ocean Archive (SHARK), versioned phytoplankton data packages.","https://shark.smhi.se/api/dataset/SHARK_Phytoplankton_2003_UMSC/metadata.json","verified","Downloaded from canonical SHARK package endpoint and passed unzip -t CRC validation."
"DS06",1,"SMHI SHARK","SHARK_Phytoplankton_2004_SMHI","SHARK:SHARK_Phytoplankton_2004_SMHI","2025-03-09","canonical_provider","GET","https://shark.smhi.se/api/dataset/download/SHARK_Phytoplankton_2004_SMHI_version_2025-03-09.zip","cbd32d4bbcdd4ac7b0e5020a4b97f503968f80e0f47392857ffd4f78e4fef602","2026-08-08T19:14:56Z","stage2/ds06_smhi_shark/DS06_SMHI_SHARK_20260808T191500Z/SHARK_Phytoplankton_2004_SMHI_version_2025-03-09.zip","SHARK_Phytoplankton_2004_SMHI_version_2025-03-09.zip",173206,"68064ab71ddc9bc19cef5b96dca541433823b6e6f44ce411ba46e2def840999f","application/zip","verified","open","Official SHARK API documentation states all published data are CC0; corroborated by archived MarineInfo records for national and regional SMHI phytoplankton packages. https://creativecommons.org/publicdomain/zero/1.0/","allowed","Swedish Meteorological and Hydrological Institute (SMHI), Swedish Ocean Archive (SHARK), versioned phytoplankton data packages.","https://shark.smhi.se/api/dataset/SHARK_Phytoplankton_2004_SMHI/metadata.json","verified","Downloaded from canonical SHARK package endpoint and passed unzip -t CRC validation."
"DS06",1,"SMHI SHARK","SHARK_Phytoplankton_2004_SUSE","SHARK:SHARK_Phytoplankton_2004_SUSE","2025-03-09","canonical_provider","GET","https://shark.smhi.se/api/dataset/download/SHARK_Phytoplankton_2004_SUSE_version_2025-03-09.zip","ddb698c3fa25f78e66e3d30c63c5a073a366e2356da6c80101faadec7c57467e","2026-08-08T19:14:56Z","stage2/ds06_smhi_shark/DS06_SMHI_SHARK_20260808T191500Z/SHARK_Phytoplankton_2004_SUSE_version_2025-03-09.zip","SHARK_Phytoplankton_2004_SUSE_version_2025-03-09.zip",104475,"b14f5dcb443bf59e9ffefe7cc7d71914377f5a38c77522e09e73623e42fe689b","application/zip","verified","open","Official SHARK API documentation states all published data are CC0; corroborated by archived MarineInfo records for national and regional SMHI phytoplankton packages. https://creativecommons.org/publicdomain/zero/1.0/","allowed","Swedish Meteorological and Hydrological Institute (SMHI), Swedish Ocean Archive (SHARK), versioned phytoplankton data packages.","https://shark.smhi.se/api/dataset/SHARK_Phytoplankton_2004_SUSE/metadata.json","verified","Downloaded from canonical SHARK package endpoint and passed unzip -t CRC validation."
"DS06",1,"SMHI SHARK","SHARK_Phytoplankton_2004_UMSC","SHARK:SHARK_Phytoplankton_2004_UMSC","2025-03-09","canonical_provider","GET","https://shark.smhi.se/api/dataset/download/SHARK_Phytoplankton_2004_UMSC_version_2025-03-09.zip","158d6d389d3f20bf0ba8944fd2e095dae87e0c0ec5141a91d9fa055bf09208ae","2026-08-08T19:14:56Z","stage2/ds06_smhi_shark/DS06_SMHI_SHARK_20260808T191500Z/SHARK_Phytoplankton_2004_UMSC_version_2025-03-09.zip","SHARK_Phytoplankton_2004_UMSC_version_2025-03-09.zip",53542,"772ab939f48a9d65d811f9929afd6e01b4cd9b21233fdc69a0d9b3938941866b","application/zip","verified","open","Official SHARK API documentation states all published data are CC0; corroborated by archived MarineInfo records for national and regional SMHI phytoplankton packages. https://creativecommons.org/publicdomain/zero/1.0/","allowed","Swedish Meteorological and Hydrological Institute (SMHI), Swedish Ocean Archive (SHARK), versioned phytoplankton data packages.","https://shark.smhi.se/api/dataset/SHARK_Phytoplankton_2004_UMSC/metadata.json","verified","Downloaded from canonical SHARK package endpoint and passed unzip -t CRC validation."
"DS06",1,"SMHI SHARK","SHARK_Phytoplankton_2005_SMHI","SHARK:SHARK_Phytoplankton_2005_SMHI","2025-03-09","canonical_provider","GET","https://shark.smhi.se/api/dataset/download/SHARK_Phytoplankton_2005_SMHI_version_2025-03-09.zip","d44b0c73767cc0e727d89bc4e0d101b5084c1de9eb3fa89e43f947bf1ca80685","2026-08-08T19:14:56Z","stage2/ds06_smhi_shark/DS06_SMHI_SHARK_20260808T191500Z/SHARK_Phytoplankton_2005_SMHI_version_2025-03-09.zip","SHARK_Phytoplankton_2005_SMHI_version_2025-03-09.zip",134297,"628aa1e9d62a6a6e07aec4743210fc4d1ccca25569d8b96956118d7da32a543d","application/zip","verified","open","Official SHARK API documentation states all published data are CC0; corroborated by archived MarineInfo records for national and regional SMHI phytoplankton packages. https://creativecommons.org/publicdomain/zero/1.0/","allowed","Swedish Meteorological and Hydrological Institute (SMHI), Swedish Ocean Archive (SHARK), versioned phytoplankton data packages.","https://shark.smhi.se/api/dataset/SHARK_Phytoplankton_2005_SMHI/metadata.json","verified","Downloaded from canonical SHARK package endpoint and passed unzip -t CRC validation."
"DS06",1,"SMHI SHARK","SHARK_Phytoplankton_2005_SUSE","SHARK:SHARK_Phytoplankton_2005_SUSE","2025-03-09","canonical_provider","GET","https://shark.smhi.se/api/dataset/download/SHARK_Phytoplankton_2005_SUSE_version_2025-03-09.zip","eb48c927bf93ed31329f4b15013eccea1069d988c0a7ab970578b327b35ff48b","2026-08-08T19:14:56Z","stage2/ds06_smhi_shark/DS06_SMHI_SHARK_20260808T191500Z/SHARK_Phytoplankton_2005_SUSE_version_2025-03-09.zip","SHARK_Phytoplankton_2005_SUSE_version_2025-03-09.zip",105341,"671957bed68a9e266831bdd75eea6ce5716069e5e086090c0dd7ca990d7dd242","application/zip","verified","open","Official SHARK API documentation states all published data are CC0; corroborated by archived MarineInfo records for national and regional SMHI phytoplankton packages. https://creativecommons.org/publicdomain/zero/1.0/","allowed","Swedish Meteorological and Hydrological Institute (SMHI), Swedish Ocean Archive (SHARK), versioned phytoplankton data packages.","https://shark.smhi.se/api/dataset/SHARK_Phytoplankton_2005_SUSE/metadata.json","verified","Downloaded from canonical SHARK package endpoint and passed unzip -t CRC validation."
"DS06",1,"SMHI SHARK","SHARK_Phytoplankton_2005_UMSC","SHARK:SHARK_Phytoplankton_2005_UMSC","2025-03-09","canonical_provider","GET","https://shark.smhi.se/api/dataset/download/SHARK_Phytoplankton_2005_UMSC_version_2025-03-09.zip","9024786b415c54dae99a90f54948c65d086285528ee0fe2a4f00a33548ab58cf","2026-08-08T19:14:56Z","stage2/ds06_smhi_shark/DS06_SMHI_SHARK_20260808T191500Z/SHARK_Phytoplankton_2005_UMSC_version_2025-03-09.zip","SHARK_Phytoplankton_2005_UMSC_version_2025-03-09.zip",37236,"1e0721682e1e1760bc62dec3070049184ea13b033a43cdde2e96d8c5908336fc","application/zip","verified","open","Official SHARK API documentation states all published data are CC0; corroborated by archived MarineInfo records for national and regional SMHI phytoplankton packages. https://creativecommons.org/publicdomain/zero/1.0/","allowed","Swedish Meteorological and Hydrological Institute (SMHI), Swedish Ocean Archive (SHARK), versioned phytoplankton data packages.","https://shark.smhi.se/api/dataset/SHARK_Phytoplankton_2005_UMSC/metadata.json","verified","Downloaded from canonical SHARK package endpoint and passed unzip -t CRC validation."
"DS06",1,"SMHI SHARK","SHARK_Phytoplankton_2006_SMHI","SHARK:SHARK_Phytoplankton_2006_SMHI","2025-03-09","canonical_provider","GET","https://shark.smhi.se/api/dataset/download/SHARK_Phytoplankton_2006_SMHI_version_2025-03-09.zip","cb5097c9480cb42e6cce0c44043e2589aaab1fba25edaafd5d5a47bf957b535f","2026-08-08T19:14:57Z","stage2/ds06_smhi_shark/DS06_SMHI_SHARK_20260808T191500Z/SHARK_Phytoplankton_2006_SMHI_version_2025-03-09.zip","SHARK_Phytoplankton_2006_SMHI_version_2025-03-09.zip",151839,"d339c82b0a4c8d09833c560d04b5caabcfb0c7516a88f2acf813197f5acb3820","application/zip","verified","open","Official SHARK API documentation states all published data are CC0; corroborated by archived MarineInfo records for national and regional SMHI phytoplankton packages. https://creativecommons.org/publicdomain/zero/1.0/","allowed","Swedish Meteorological and Hydrological Institute (SMHI), Swedish Ocean Archive (SHARK), versioned phytoplankton data packages.","https://shark.smhi.se/api/dataset/SHARK_Phytoplankton_2006_SMHI/metadata.json","verified","Downloaded from canonical SHARK package endpoint and passed unzip -t CRC validation."
"DS06",1,"SMHI SHARK","SHARK_Phytoplankton_2006_SUSE","SHARK:SHARK_Phytoplankton_2006_SUSE","2025-03-09","canonical_provider","GET","https://shark.smhi.se/api/dataset/download/SHARK_Phytoplankton_2006_SUSE_version_2025-03-09.zip","8760a29febe7c24bdbc60004a9e058db05871a23615301e32bc6f23f941d608d","2026-08-08T19:14:57Z","stage2/ds06_smhi_shark/DS06_SMHI_SHARK_20260808T191500Z/SHARK_Phytoplankton_2006_SUSE_version_2025-03-09.zip","SHARK_Phytoplankton_2006_SUSE_version_2025-03-09.zip",134884,"bd1b54e59e68022c8c897b2c7820c3c1de3afbe209d3a1a98d04c02b4fe8a0c5","application/zip","verified","open","Official SHARK API documentation states all published data are CC0; corroborated by archived MarineInfo records for national and regional SMHI phytoplankton packages. https://creativecommons.org/publicdomain/zero/1.0/","allowed","Swedish Meteorological and Hydrological Institute (SMHI), Swedish Ocean Archive (SHARK), versioned phytoplankton data packages.","https://shark.smhi.se/api/dataset/SHARK_Phytoplankton_2006_SUSE/metadata.json","verified","Downloaded from canonical SHARK package endpoint and passed unzip -t CRC validation."
"DS06",1,"SMHI SHARK","SHARK_Phytoplankton_2006_UMSC","SHARK:SHARK_Phytoplankton_2006_UMSC","2025-03-09","canonical_provider","GET","https://shark.smhi.se/api/dataset/download/SHARK_Phytoplankton_2006_UMSC_version_2025-03-09.zip","1b3a431403f9dadbefa3e1d03054e521a2c738cfa425a5c17256e09f56a9f294","2026-08-08T19:14:57Z","stage2/ds06_smhi_shark/DS06_SMHI_SHARK_20260808T191500Z/SHARK_Phytoplankton_2006_UMSC_version_2025-03-09.zip","SHARK_Phytoplankton_2006_UMSC_version_2025-03-09.zip",59316,"138312b6b5fe1fb4b91f860718506e728f2294b2052d42ee83419aba0cd366b5","application/zip","verified","open","Official SHARK API documentation states all published data are CC0; corroborated by archived MarineInfo records for national and regional SMHI phytoplankton packages. https://creativecommons.org/publicdomain/zero/1.0/","allowed","Swedish Meteorological and Hydrological Institute (SMHI), Swedish Ocean Archive (SHARK), versioned phytoplankton data packages.","https://shark.smhi.se/api/dataset/SHARK_Phytoplankton_2006_UMSC/metadata.json","verified","Downloaded from canonical SHARK package endpoint and passed unzip -t CRC validation."
"DS06",1,"SMHI SHARK","SHARK_Phytoplankton_2007_SMHI","SHARK:SHARK_Phytoplankton_2007_SMHI","2025-03-09","canonical_provider","GET","https://shark.smhi.se/api/dataset/download/SHARK_Phytoplankton_2007_SMHI_version_2025-03-09.zip","89a9ca51436c33b2d413013075adcfb322d03092ffee5efe0a4cb2a2b0cfc646","2026-08-08T19:14:57Z","stage2/ds06_smhi_shark/DS06_SMHI_SHARK_20260808T191500Z/SHARK_Phytoplankton_2007_SMHI_version_2025-03-09.zip","SHARK_Phytoplankton_2007_SMHI_version_2025-03-09.zip",129400,"bb446f1b463017e32fb330e8283e8f0c427d2f0a126020bbbfaa68fff43553db","application/zip","verified","open","Official SHARK API documentation states all published data are CC0; corroborated by archived MarineInfo records for national and regional SMHI phytoplankton packages. https://creativecommons.org/publicdomain/zero/1.0/","allowed","Swedish Meteorological and Hydrological Institute (SMHI), Swedish Ocean Archive (SHARK), versioned phytoplankton data packages.","https://shark.smhi.se/api/dataset/SHARK_Phytoplankton_2007_SMHI/metadata.json","verified","Downloaded from canonical SHARK package endpoint and passed unzip -t CRC validation."
"DS06",1,"SMHI SHARK","SHARK_Phytoplankton_2007_SUSE","SHARK:SHARK_Phytoplankton_2007_SUSE","2025-03-09","canonical_provider","GET","https://shark.smhi.se/api/dataset/download/SHARK_Phytoplankton_2007_SUSE_version_2025-03-09.zip","6e111bb17b6d049a68bf6d5791febdba0a9bb7cbae4c62483a0e8a48e09c6f73","2026-08-08T19:14:57Z","stage2/ds06_smhi_shark/DS06_SMHI_SHARK_20260808T191500Z/SHARK_Phytoplankton_2007_SUSE_version_2025-03-09.zip","SHARK_Phytoplankton_2007_SUSE_version_2025-03-09.zip",149210,"b3dd73263f455ebfee2bccade6ad737cf95b713ab06ea23bd0a5cbebdab03662","application/zip","verified","open","Official SHARK API documentation states all published data are CC0; corroborated by archived MarineInfo records for national and regional SMHI phytoplankton packages. https://creativecommons.org/publicdomain/zero/1.0/","allowed","Swedish Meteorological and Hydrological Institute (SMHI), Swedish Ocean Archive (SHARK), versioned phytoplankton data packages.","https://shark.smhi.se/api/dataset/SHARK_Phytoplankton_2007_SUSE/metadata.json","verified","Downloaded from canonical SHARK package endpoint and passed unzip -t CRC validation."
"DS06",1,"SMHI SHARK","SHARK_Phytoplankton_2007_UMSC","SHARK:SHARK_Phytoplankton_2007_UMSC","2025-03-09","canonical_provider","GET","https://shark.smhi.se/api/dataset/download/SHARK_Phytoplankton_2007_UMSC_version_2025-03-09.zip","ca961bf753f07f40f254d2677176a31a9534dfd0ae4c26a3ee6c9466ee8a770c","2026-08-08T19:14:57Z","stage2/ds06_smhi_shark/DS06_SMHI_SHARK_20260808T191500Z/SHARK_Phytoplankton_2007_UMSC_version_2025-03-09.zip","SHARK_Phytoplankton_2007_UMSC_version_2025-03-09.zip",67181,"71084704f0f5eba492a804273abde334188f0286bded7c6fa0ce1b61f7dcc834","application/zip","verified","open","Official SHARK API documentation states all published data are CC0; corroborated by archived MarineInfo records for national and regional SMHI phytoplankton packages. https://creativecommons.org/publicdomain/zero/1.0/","allowed","Swedish Meteorological and Hydrological Institute (SMHI), Swedish Ocean Archive (SHARK), versioned phytoplankton data packages.","https://shark.smhi.se/api/dataset/SHARK_Phytoplankton_2007_UMSC/metadata.json","verified","Downloaded from canonical SHARK package endpoint and passed unzip -t CRC validation."
"DS06",1,"SMHI SHARK","SHARK_Phytoplankton_2008_SMHI","SHARK:SHARK_Phytoplankton_2008_SMHI","2025-03-09","canonical_provider","GET","https://shark.smhi.se/api/dataset/download/SHARK_Phytoplankton_2008_SMHI_version_2025-03-09.zip","f1ed9c79aeb796009e4013e29e69b71e1fce04b41d04f1abf9079589780aeb83","2026-08-08T19:14:58Z","stage2/ds06_smhi_shark/DS06_SMHI_SHARK_20260808T191500Z/SHARK_Phytoplankton_2008_SMHI_version_2025-03-09.zip","SHARK_Phytoplankton_2008_SMHI_version_2025-03-09.zip",200031,"a2d5d1e27ad8ab4d350efbc6f56f5dbc0dd38374ae9e5cb752e19302411c724b","application/zip","verified","open","Official SHARK API documentation states all published data are CC0; corroborated by archived MarineInfo records for national and regional SMHI phytoplankton packages. https://creativecommons.org/publicdomain/zero/1.0/","allowed","Swedish Meteorological and Hydrological Institute (SMHI), Swedish Ocean Archive (SHARK), versioned phytoplankton data packages.","https://shark.smhi.se/api/dataset/SHARK_Phytoplankton_2008_SMHI/metadata.json","verified","Downloaded from canonical SHARK package endpoint and passed unzip -t CRC validation."
"DS06",1,"SMHI SHARK","SHARK_Phytoplankton_2008_SUSE","SHARK:SHARK_Phytoplankton_2008_SUSE","2025-03-09","canonical_provider","GET","https://shark.smhi.se/api/dataset/download/SHARK_Phytoplankton_2008_SUSE_version_2025-03-09.zip","6fa01f325dc26bdd6c26257c10393b91ccb8bd3fdb8697e736a6b1f8f685346f","2026-08-08T19:14:58Z","stage2/ds06_smhi_shark/DS06_SMHI_SHARK_20260808T191500Z/SHARK_Phytoplankton_2008_SUSE_version_2025-03-09.zip","SHARK_Phytoplankton_2008_SUSE_version_2025-03-09.zip",173095,"35cda05eacf89b26c70edf8af60f2ceadd562a23e6ec12ad3332bfa03e6fe3a7","application/zip","verified","open","Official SHARK API documentation states all published data are CC0; corroborated by archived MarineInfo records for national and regional SMHI phytoplankton packages. https://creativecommons.org/publicdomain/zero/1.0/","allowed","Swedish Meteorological and Hydrological Institute (SMHI), Swedish Ocean Archive (SHARK), versioned phytoplankton data packages.","https://shark.smhi.se/api/dataset/SHARK_Phytoplankton_2008_SUSE/metadata.json","verified","Downloaded from canonical SHARK package endpoint and passed unzip -t CRC validation."
"DS06",1,"SMHI SHARK","SHARK_Phytoplankton_2008_UMSC","SHARK:SHARK_Phytoplankton_2008_UMSC","2025-03-09","canonical_provider","GET","https://shark.smhi.se/api/dataset/download/SHARK_Phytoplankton_2008_UMSC_version_2025-03-09.zip","91c7a41276da02b39c26f8f16fc04f63c5f07c78435b4d50dd0ea54c7724a3c3","2026-08-08T19:14:58Z","stage2/ds06_smhi_shark/DS06_SMHI_SHARK_20260808T191500Z/SHARK_Phytoplankton_2008_UMSC_version_2025-03-09.zip","SHARK_Phytoplankton_2008_UMSC_version_2025-03-09.zip",80351,"4f9aa26231255bfa93d0cb7cf112d5a88e57bff735d61d7bdce49e145bece655","application/zip","verified","open","Official SHARK API documentation states all published data are CC0; corroborated by archived MarineInfo records for national and regional SMHI phytoplankton packages. https://creativecommons.org/publicdomain/zero/1.0/","allowed","Swedish Meteorological and Hydrological Institute (SMHI), Swedish Ocean Archive (SHARK), versioned phytoplankton data packages.","https://shark.smhi.se/api/dataset/SHARK_Phytoplankton_2008_UMSC/metadata.json","verified","Downloaded from canonical SHARK package endpoint and passed unzip -t CRC validation."
"DS06",1,"SMHI SHARK","SHARK_Phytoplankton_2009_SMHI","SHARK:SHARK_Phytoplankton_2009_SMHI","2025-03-09","canonical_provider","GET","https://shark.smhi.se/api/dataset/download/SHARK_Phytoplankton_2009_SMHI_version_2025-03-09.zip","22d9323bd66867e7514b16181c5d44ab32cc1a53af6ee5023cc52d07ad199039","2026-08-08T19:14:58Z","stage2/ds06_smhi_shark/DS06_SMHI_SHARK_20260808T191500Z/SHARK_Phytoplankton_2009_SMHI_version_2025-03-09.zip","SHARK_Phytoplankton_2009_SMHI_version_2025-03-09.zip",154426,"73e4cb4347ba12fff9bd9158a23a97342b42bb9298ce4a8f3f1c87b963345f43","application/zip","verified","open","Official SHARK API documentation states all published data are CC0; corroborated by archived MarineInfo records for national and regional SMHI phytoplankton packages. https://creativecommons.org/publicdomain/zero/1.0/","allowed","Swedish Meteorological and Hydrological Institute (SMHI), Swedish Ocean Archive (SHARK), versioned phytoplankton data packages.","https://shark.smhi.se/api/dataset/SHARK_Phytoplankton_2009_SMHI/metadata.json","verified","Downloaded from canonical SHARK package endpoint and passed unzip -t CRC validation."
"DS06",1,"SMHI SHARK","SHARK_Phytoplankton_2009_SUSE","SHARK:SHARK_Phytoplankton_2009_SUSE","2025-03-09","canonical_provider","GET","https://shark.smhi.se/api/dataset/download/SHARK_Phytoplankton_2009_SUSE_version_2025-03-09.zip","65b13b779189e125760bc8a1b00effaddc6afa6b30939221083a55e844ddff4c","2026-08-08T19:14:58Z","stage2/ds06_smhi_shark/DS06_SMHI_SHARK_20260808T191500Z/SHARK_Phytoplankton_2009_SUSE_version_2025-03-09.zip","SHARK_Phytoplankton_2009_SUSE_version_2025-03-09.zip",250004,"1761886c8a1a2cb348a73888ccf9472181ba5c3671eaf99254c73deb813ab2e1","application/zip","verified","open","Official SHARK API documentation states all published data are CC0; corroborated by archived MarineInfo records for national and regional SMHI phytoplankton packages. https://creativecommons.org/publicdomain/zero/1.0/","allowed","Swedish Meteorological and Hydrological Institute (SMHI), Swedish Ocean Archive (SHARK), versioned phytoplankton data packages.","https://shark.smhi.se/api/dataset/SHARK_Phytoplankton_2009_SUSE/metadata.json","verified","Downloaded from canonical SHARK package endpoint and passed unzip -t CRC validation."
"DS06",1,"SMHI SHARK","SHARK_Phytoplankton_2009_UMSC","SHARK:SHARK_Phytoplankton_2009_UMSC","2025-03-09","canonical_provider","GET","https://shark.smhi.se/api/dataset/download/SHARK_Phytoplankton_2009_UMSC_version_2025-03-09.zip","7283e4843bb34501c1c51f0c6ed24188742b03d8c31eeb1f3b4e3567dcca56c5","2026-08-08T19:14:58Z","stage2/ds06_smhi_shark/DS06_SMHI_SHARK_20260808T191500Z/SHARK_Phytoplankton_2009_UMSC_version_2025-03-09.zip","SHARK_Phytoplankton_2009_UMSC_version_2025-03-09.zip",72933,"56a6b4b4c7069aff8b1fd4a6fd699308adcc3159e798554a520009a0e037d745","application/zip","verified","open","Official SHARK API documentation states all published data are CC0; corroborated by archived MarineInfo records for national and regional SMHI phytoplankton packages. https://creativecommons.org/publicdomain/zero/1.0/","allowed","Swedish Meteorological and Hydrological Institute (SMHI), Swedish Ocean Archive (SHARK), versioned phytoplankton data packages.","https://shark.smhi.se/api/dataset/SHARK_Phytoplankton_2009_UMSC/metadata.json","verified","Downloaded from canonical SHARK package endpoint and passed unzip -t CRC validation."
"DS06",1,"SMHI SHARK","SHARK_Phytoplankton_2010_SMHI","SHARK:SHARK_Phytoplankton_2010_SMHI","2025-03-09","canonical_provider","GET","https://shark.smhi.se/api/dataset/download/SHARK_Phytoplankton_2010_SMHI_version_2025-03-09.zip","35975056790bb1a40215a89cd9deb2a2583dab2b6eb5f94a2c949b3265137153","2026-08-08T19:14:59Z","stage2/ds06_smhi_shark/DS06_SMHI_SHARK_20260808T191500Z/SHARK_Phytoplankton_2010_SMHI_version_2025-03-09.zip","SHARK_Phytoplankton_2010_SMHI_version_2025-03-09.zip",221577,"afbdbc9ff5f1878017fad0b5d410f3580747d7a286fd071f4ad43d1c0e1723cb","application/zip","verified","open","Official SHARK API documentation states all published data are CC0; corroborated by archived MarineInfo records for national and regional SMHI phytoplankton packages. https://creativecommons.org/publicdomain/zero/1.0/","allowed","Swedish Meteorological and Hydrological Institute (SMHI), Swedish Ocean Archive (SHARK), versioned phytoplankton data packages.","https://shark.smhi.se/api/dataset/SHARK_Phytoplankton_2010_SMHI/metadata.json","verified","Downloaded from canonical SHARK package endpoint and passed unzip -t CRC validation."
"DS06",1,"SMHI SHARK","SHARK_Phytoplankton_2010_SMHI_Ferrybox","SHARK:SHARK_Phytoplankton_2010_SMHI_Ferrybox","2025-03-09","canonical_provider","GET","https://shark.smhi.se/api/dataset/download/SHARK_Phytoplankton_2010_SMHI_Ferrybox_version_2025-03-09.zip","126d16be176559f26e98e24ddbecf5970c68ed362fedb5cd57b25cdc0fa0372c","2026-08-08T19:14:59Z","stage2/ds06_smhi_shark/DS06_SMHI_SHARK_20260808T191500Z/SHARK_Phytoplankton_2010_SMHI_Ferrybox_version_2025-03-09.zip","SHARK_Phytoplankton_2010_SMHI_Ferrybox_version_2025-03-09.zip",21627,"af75122eacb5e787867476d3a324a16c9a32ef98b841c3512bb7239f5d746b72","application/zip","verified","open","Official SHARK API documentation states all published data are CC0; corroborated by archived MarineInfo records for national and regional SMHI phytoplankton packages. https://creativecommons.org/publicdomain/zero/1.0/","allowed","Swedish Meteorological and Hydrological Institute (SMHI), Swedish Ocean Archive (SHARK), versioned phytoplankton data packages.","https://shark.smhi.se/api/dataset/SHARK_Phytoplankton_2010_SMHI_Ferrybox/metadata.json","verified","Downloaded from canonical SHARK package endpoint and passed unzip -t CRC validation."
"DS06",1,"SMHI SHARK","SHARK_Phytoplankton_2010_SUSE","SHARK:SHARK_Phytoplankton_2010_SUSE","2025-03-09","canonical_provider","GET","https://shark.smhi.se/api/dataset/download/SHARK_Phytoplankton_2010_SUSE_version_2025-03-09.zip","c4231468b9a3dd261a9e1f15295ebf20416fcdd35a4457fdee180fc034e4032b","2026-08-08T19:14:59Z","stage2/ds06_smhi_shark/DS06_SMHI_SHARK_20260808T191500Z/SHARK_Phytoplankton_2010_SUSE_version_2025-03-09.zip","SHARK_Phytoplankton_2010_SUSE_version_2025-03-09.zip",236359,"d074872af792b778beec7ff6446819e06f28c2a8c18f293ea2877ad75b2a09d7","application/zip","verified","open","Official SHARK API documentation states all published data are CC0; corroborated by archived MarineInfo records for national and regional SMHI phytoplankton packages. https://creativecommons.org/publicdomain/zero/1.0/","allowed","Swedish Meteorological and Hydrological Institute (SMHI), Swedish Ocean Archive (SHARK), versioned phytoplankton data packages.","https://shark.smhi.se/api/dataset/SHARK_Phytoplankton_2010_SUSE/metadata.json","verified","Downloaded from canonical SHARK package endpoint and passed unzip -t CRC validation."
"DS06",1,"SMHI SHARK","SHARK_Phytoplankton_2010_UMSC","SHARK:SHARK_Phytoplankton_2010_UMSC","2025-03-09","canonical_provider","GET","https://shark.smhi.se/api/dataset/download/SHARK_Phytoplankton_2010_UMSC_version_2025-03-09.zip","e4514a44757b47c9669af2d7dc6fa3e5404933bb27ffdade6a2181eae28d6ce4","2026-08-08T19:14:59Z","stage2/ds06_smhi_shark/DS06_SMHI_SHARK_20260808T191500Z/SHARK_Phytoplankton_2010_UMSC_version_2025-03-09.zip","SHARK_Phytoplankton_2010_UMSC_version_2025-03-09.zip",76104,"438dea4632ad36535ed0e98903ecd34a67a9a5ef484866b113ddafd883889728","application/zip","verified","open","Official SHARK API documentation states all published data are CC0; corroborated by archived MarineInfo records for national and regional SMHI phytoplankton packages. https://creativecommons.org/publicdomain/zero/1.0/","allowed","Swedish Meteorological and Hydrological Institute (SMHI), Swedish Ocean Archive (SHARK), versioned phytoplankton data packages.","https://shark.smhi.se/api/dataset/SHARK_Phytoplankton_2010_UMSC/metadata.json","verified","Downloaded from canonical SHARK package endpoint and passed unzip -t CRC validation."
"DS06",1,"SMHI SHARK","SHARK_Phytoplankton_2011_SMHI","SHARK:SHARK_Phytoplankton_2011_SMHI","2025-03-09","canonical_provider","GET","https://shark.smhi.se/api/dataset/download/SHARK_Phytoplankton_2011_SMHI_version_2025-03-09.zip","9a08af1106cd9345aa64a844ce3c36472b083378211ac87c450b7231e29b573c","2026-08-08T19:14:59Z","stage2/ds06_smhi_shark/DS06_SMHI_SHARK_20260808T191500Z/SHARK_Phytoplankton_2011_SMHI_version_2025-03-09.zip","SHARK_Phytoplankton_2011_SMHI_version_2025-03-09.zip",156467,"a1e991567256cb66502c43808d4447f8edb4e20ac57987545e18208999971769","application/zip","verified","open","Official SHARK API documentation states all published data are CC0; corroborated by archived MarineInfo records for national and regional SMHI phytoplankton packages. https://creativecommons.org/publicdomain/zero/1.0/","allowed","Swedish Meteorological and Hydrological Institute (SMHI), Swedish Ocean Archive (SHARK), versioned phytoplankton data packages.","https://shark.smhi.se/api/dataset/SHARK_Phytoplankton_2011_SMHI/metadata.json","verified","Downloaded from canonical SHARK package endpoint and passed unzip -t CRC validation."
"DS06",1,"SMHI SHARK","SHARK_Phytoplankton_2011_SUSE","SHARK:SHARK_Phytoplankton_2011_SUSE","2025-03-09","canonical_provider","GET","https://shark.smhi.se/api/dataset/download/SHARK_Phytoplankton_2011_SUSE_version_2025-03-09.zip","526f3abeae6a0f9c69f3b25c690b097f6b5283a8ed8db7d565cc150e89eba5a8","2026-08-08T19:14:59Z","stage2/ds06_smhi_shark/DS06_SMHI_SHARK_20260808T191500Z/SHARK_Phytoplankton_2011_SUSE_version_2025-03-09.zip","SHARK_Phytoplankton_2011_SUSE_version_2025-03-09.zip",209287,"f6c4ad8952af69ce063e3eb74538ca6e16355663b62ea2bc5204c54d7605ac8d","application/zip","verified","open","Official SHARK API documentation states all published data are CC0; corroborated by archived MarineInfo records for national and regional SMHI phytoplankton packages. https://creativecommons.org/publicdomain/zero/1.0/","allowed","Swedish Meteorological and Hydrological Institute (SMHI), Swedish Ocean Archive (SHARK), versioned phytoplankton data packages.","https://shark.smhi.se/api/dataset/SHARK_Phytoplankton_2011_SUSE/metadata.json","verified","Downloaded from canonical SHARK package endpoint and passed unzip -t CRC validation."
"DS06",1,"SMHI SHARK","SHARK_Phytoplankton_2011_UMSC","SHARK:SHARK_Phytoplankton_2011_UMSC","2025-03-09","canonical_provider","GET","https://shark.smhi.se/api/dataset/download/SHARK_Phytoplankton_2011_UMSC_version_2025-03-09.zip","e3ba6b8ffb373b007d95329053fe08a8a71db03d18942ae57cc6e2c2b9bdada6","2026-08-08T19:15:00Z","stage2/ds06_smhi_shark/DS06_SMHI_SHARK_20260808T191500Z/SHARK_Phytoplankton_2011_UMSC_version_2025-03-09.zip","SHARK_Phytoplankton_2011_UMSC_version_2025-03-09.zip",96521,"02b80eb14fb5b9465cf4cc06853508978e15e58d29f550ba9bb2c784c8add9b8","application/zip","verified","open","Official SHARK API documentation states all published data are CC0; corroborated by archived MarineInfo records for national and regional SMHI phytoplankton packages. https://creativecommons.org/publicdomain/zero/1.0/","allowed","Swedish Meteorological and Hydrological Institute (SMHI), Swedish Ocean Archive (SHARK), versioned phytoplankton data packages.","https://shark.smhi.se/api/dataset/SHARK_Phytoplankton_2011_UMSC/metadata.json","verified","Downloaded from canonical SHARK package endpoint and passed unzip -t CRC validation."
"DS06",1,"SMHI SHARK","SHARK_Phytoplankton_2012_SMHI","SHARK:SHARK_Phytoplankton_2012_SMHI","2025-03-09","canonical_provider","GET","https://shark.smhi.se/api/dataset/download/SHARK_Phytoplankton_2012_SMHI_version_2025-03-09.zip","44acc8a77927cc902062dd528f416fabce16461c72c40d61d9456b82057d9aad","2026-08-08T19:15:00Z","stage2/ds06_smhi_shark/DS06_SMHI_SHARK_20260808T191500Z/SHARK_Phytoplankton_2012_SMHI_version_2025-03-09.zip","SHARK_Phytoplankton_2012_SMHI_version_2025-03-09.zip",147738,"25597a6da83ece4fd9a70a531c685e9a0c1991e87a8ef2bdd7cfc6ab8cb04f44","application/zip","verified","open","Official SHARK API documentation states all published data are CC0; corroborated by archived MarineInfo records for national and regional SMHI phytoplankton packages. https://creativecommons.org/publicdomain/zero/1.0/","allowed","Swedish Meteorological and Hydrological Institute (SMHI), Swedish Ocean Archive (SHARK), versioned phytoplankton data packages.","https://shark.smhi.se/api/dataset/SHARK_Phytoplankton_2012_SMHI/metadata.json","verified","Downloaded from canonical SHARK package endpoint and passed unzip -t CRC validation."
"DS06",1,"SMHI SHARK","SHARK_Phytoplankton_2012_SUSE","SHARK:SHARK_Phytoplankton_2012_SUSE","2025-03-09","canonical_provider","GET","https://shark.smhi.se/api/dataset/download/SHARK_Phytoplankton_2012_SUSE_version_2025-03-09.zip","c68567ff3141c39d5053e1dfd8a48a5c31d32a65c5ad48e600b6b1e6f2ffe0a1","2026-08-08T19:15:00Z","stage2/ds06_smhi_shark/DS06_SMHI_SHARK_20260808T191500Z/SHARK_Phytoplankton_2012_SUSE_version_2025-03-09.zip","SHARK_Phytoplankton_2012_SUSE_version_2025-03-09.zip",197908,"bb8dba9ab9d54c41d7b5fd91ab4feaea6b1d7b20f5f6df1b8d26bf65972c5d33","application/zip","verified","open","Official SHARK API documentation states all published data are CC0; corroborated by archived MarineInfo records for national and regional SMHI phytoplankton packages. https://creativecommons.org/publicdomain/zero/1.0/","allowed","Swedish Meteorological and Hydrological Institute (SMHI), Swedish Ocean Archive (SHARK), versioned phytoplankton data packages.","https://shark.smhi.se/api/dataset/SHARK_Phytoplankton_2012_SUSE/metadata.json","verified","Downloaded from canonical SHARK package endpoint and passed unzip -t CRC validation."
"DS06",1,"SMHI SHARK","SHARK_Phytoplankton_2012_UMSC","SHARK:SHARK_Phytoplankton_2012_UMSC","2025-03-09","canonical_provider","GET","https://shark.smhi.se/api/dataset/download/SHARK_Phytoplankton_2012_UMSC_version_2025-03-09.zip","c3257732f5ecc109f6d6bd8cd4512868a3824bb6f81be90ca82fac986defa76a","2026-08-08T19:15:00Z","stage2/ds06_smhi_shark/DS06_SMHI_SHARK_20260808T191500Z/SHARK_Phytoplankton_2012_UMSC_version_2025-03-09.zip","SHARK_Phytoplankton_2012_UMSC_version_2025-03-09.zip",112396,"a970cf6cc5553c9d3456e7018bdcd94816ae94c9d6c5d68e4bfd627338e78fcc","application/zip","verified","open","Official SHARK API documentation states all published data are CC0; corroborated by archived MarineInfo records for national and regional SMHI phytoplankton packages. https://creativecommons.org/publicdomain/zero/1.0/","allowed","Swedish Meteorological and Hydrological Institute (SMHI), Swedish Ocean Archive (SHARK), versioned phytoplankton data packages.","https://shark.smhi.se/api/dataset/SHARK_Phytoplankton_2012_UMSC/metadata.json","verified","Downloaded from canonical SHARK package endpoint and passed unzip -t CRC validation."
"DS06",1,"SMHI SHARK","SHARK_Phytoplankton_2013_DEEP","SHARK:SHARK_Phytoplankton_2013_DEEP","2025-03-09","canonical_provider","GET","https://shark.smhi.se/api/dataset/download/SHARK_Phytoplankton_2013_DEEP_version_2025-03-09.zip","d9cd53d06cdf0649085352790de9d2bc41ac058558f0a3a550c8501838e705da","2026-08-08T19:15:00Z","stage2/ds06_smhi_shark/DS06_SMHI_SHARK_20260808T191500Z/SHARK_Phytoplankton_2013_DEEP_version_2025-03-09.zip","SHARK_Phytoplankton_2013_DEEP_version_2025-03-09.zip",177137,"8a58e8808b5d530f5e63eb33638bad3d1da0da72982c272962141cf00cbe51f9","application/zip","verified","open","Official SHARK API documentation states all published data are CC0; corroborated by archived MarineInfo records for national and regional SMHI phytoplankton packages. https://creativecommons.org/publicdomain/zero/1.0/","allowed","Swedish Meteorological and Hydrological Institute (SMHI), Swedish Ocean Archive (SHARK), versioned phytoplankton data packages.","https://shark.smhi.se/api/dataset/SHARK_Phytoplankton_2013_DEEP/metadata.json","verified","Downloaded from canonical SHARK package endpoint and passed unzip -t CRC validation."
"DS06",1,"SMHI SHARK","SHARK_Phytoplankton_2013_SMHI","SHARK:SHARK_Phytoplankton_2013_SMHI","2025-03-09","canonical_provider","GET","https://shark.smhi.se/api/dataset/download/SHARK_Phytoplankton_2013_SMHI_version_2025-03-09.zip","bf6712a207a5574bc2fa29ad677a5a82946751a259814e17e32f9b2e41fdf107","2026-08-08T19:15:01Z","stage2/ds06_smhi_shark/DS06_SMHI_SHARK_20260808T191500Z/SHARK_Phytoplankton_2013_SMHI_version_2025-03-09.zip","SHARK_Phytoplankton_2013_SMHI_version_2025-03-09.zip",181168,"8ec67a1693bdb745f80182d8de47374fc5bbe2e468cee8ce1f52ea1879ab9273","application/zip","verified","open","Official SHARK API documentation states all published data are CC0; corroborated by archived MarineInfo records for national and regional SMHI phytoplankton packages. https://creativecommons.org/publicdomain/zero/1.0/","allowed","Swedish Meteorological and Hydrological Institute (SMHI), Swedish Ocean Archive (SHARK), versioned phytoplankton data packages.","https://shark.smhi.se/api/dataset/SHARK_Phytoplankton_2013_SMHI/metadata.json","verified","Downloaded from canonical SHARK package endpoint and passed unzip -t CRC validation."
"DS06",1,"SMHI SHARK","SHARK_Phytoplankton_2013_SMHI_TRANSPAPER","SHARK:SHARK_Phytoplankton_2013_SMHI_TRANSPAPER","2025-03-09","canonical_provider","GET","https://shark.smhi.se/api/dataset/download/SHARK_Phytoplankton_2013_SMHI_TRANSPAPER_version_2025-03-09.zip","b3d352782569f3f30eb6d606d14453dcff510ed1b22e2bed103a965018d0f1ca","2026-08-08T19:15:01Z","stage2/ds06_smhi_shark/DS06_SMHI_SHARK_20260808T191500Z/SHARK_Phytoplankton_2013_SMHI_TRANSPAPER_version_2025-03-09.zip","SHARK_Phytoplankton_2013_SMHI_TRANSPAPER_version_2025-03-09.zip",110716,"68ca56aa90ea50c4973fc949034d2bd754051de4af301c14a4527bb092a727fa","application/zip","verified","open","Official SHARK API documentation states all published data are CC0; corroborated by archived MarineInfo records for national and regional SMHI phytoplankton packages. https://creativecommons.org/publicdomain/zero/1.0/","allowed","Swedish Meteorological and Hydrological Institute (SMHI), Swedish Ocean Archive (SHARK), versioned phytoplankton data packages.","https://shark.smhi.se/api/dataset/SHARK_Phytoplankton_2013_SMHI_TRANSPAPER/metadata.json","verified","Downloaded from canonical SHARK package endpoint and passed unzip -t CRC validation."
"DS06",1,"SMHI SHARK","SHARK_Phytoplankton_2013_UMSC","SHARK:SHARK_Phytoplankton_2013_UMSC","2025-03-09","canonical_provider","GET","https://shark.smhi.se/api/dataset/download/SHARK_Phytoplankton_2013_UMSC_version_2025-03-09.zip","050bac7f2fd13f35ab8bcb098b93f539093a16b5bc7466ebab82540e63f69e53","2026-08-08T19:15:01Z","stage2/ds06_smhi_shark/DS06_SMHI_SHARK_20260808T191500Z/SHARK_Phytoplankton_2013_UMSC_version_2025-03-09.zip","SHARK_Phytoplankton_2013_UMSC_version_2025-03-09.zip",76599,"fedf1c0015ffa73e857452324cd09bcd6f581a59768a63968fe0f972e145e2cd","application/zip","verified","open","Official SHARK API documentation states all published data are CC0; corroborated by archived MarineInfo records for national and regional SMHI phytoplankton packages. https://creativecommons.org/publicdomain/zero/1.0/","allowed","Swedish Meteorological and Hydrological Institute (SMHI), Swedish Ocean Archive (SHARK), versioned phytoplankton data packages.","https://shark.smhi.se/api/dataset/SHARK_Phytoplankton_2013_UMSC/metadata.json","verified","Downloaded from canonical SHARK package endpoint and passed unzip -t CRC validation."
"DS06",1,"SMHI SHARK","SHARK_Phytoplankton_2014_DEEP","SHARK:SHARK_Phytoplankton_2014_DEEP","2025-03-09","canonical_provider","GET","https://shark.smhi.se/api/dataset/download/SHARK_Phytoplankton_2014_DEEP_version_2025-03-09.zip","4d7a532a7a0e368e09dc98cb6ff22f02c7f8786535e1200afc5668b87dfc68e3","2026-08-08T19:15:01Z","stage2/ds06_smhi_shark/DS06_SMHI_SHARK_20260808T191500Z/SHARK_Phytoplankton_2014_DEEP_version_2025-03-09.zip","SHARK_Phytoplankton_2014_DEEP_version_2025-03-09.zip",127705,"5c54adf5ea16ac64b10d3e8d90cc710462bbc6fff1f7fc015cf95b88272935a4","application/zip","verified","open","Official SHARK API documentation states all published data are CC0; corroborated by archived MarineInfo records for national and regional SMHI phytoplankton packages. https://creativecommons.org/publicdomain/zero/1.0/","allowed","Swedish Meteorological and Hydrological Institute (SMHI), Swedish Ocean Archive (SHARK), versioned phytoplankton data packages.","https://shark.smhi.se/api/dataset/SHARK_Phytoplankton_2014_DEEP/metadata.json","verified","Downloaded from canonical SHARK package endpoint and passed unzip -t CRC validation."
"DS06",1,"SMHI SHARK","SHARK_Phytoplankton_2014_SMHI","SHARK:SHARK_Phytoplankton_2014_SMHI","2025-03-09","canonical_provider","GET","https://shark.smhi.se/api/dataset/download/SHARK_Phytoplankton_2014_SMHI_version_2025-03-09.zip","3269150f9cd88138eeb6d6809f83012a1adb9fe1353a3ca5716453817a3cfe6c","2026-08-08T19:15:01Z","stage2/ds06_smhi_shark/DS06_SMHI_SHARK_20260808T191500Z/SHARK_Phytoplankton_2014_SMHI_version_2025-03-09.zip","SHARK_Phytoplankton_2014_SMHI_version_2025-03-09.zip",131337,"9d5fc80422db0f911d305a9f2d68f6bfb73cf0eaf47eb35e5ffacaf19ae710fb","application/zip","verified","open","Official SHARK API documentation states all published data are CC0; corroborated by archived MarineInfo records for national and regional SMHI phytoplankton packages. https://creativecommons.org/publicdomain/zero/1.0/","allowed","Swedish Meteorological and Hydrological Institute (SMHI), Swedish Ocean Archive (SHARK), versioned phytoplankton data packages.","https://shark.smhi.se/api/dataset/SHARK_Phytoplankton_2014_SMHI/metadata.json","verified","Downloaded from canonical SHARK package endpoint and passed unzip -t CRC validation."
"DS06",1,"SMHI SHARK","SHARK_Phytoplankton_2014_UMSC","SHARK:SHARK_Phytoplankton_2014_UMSC","2025-03-09","canonical_provider","GET","https://shark.smhi.se/api/dataset/download/SHARK_Phytoplankton_2014_UMSC_version_2025-03-09.zip","1f6219d32005db4147faa376143621b87c7d9dd5ce6e77b5186e1c3bc06d5ccc","2026-08-08T19:15:01Z","stage2/ds06_smhi_shark/DS06_SMHI_SHARK_20260808T191500Z/SHARK_Phytoplankton_2014_UMSC_version_2025-03-09.zip","SHARK_Phytoplankton_2014_UMSC_version_2025-03-09.zip",80109,"f82064b57be6e2540dfc2c742deebf9731c368f2e229a3eb4876b2c7eb2fed36","application/zip","verified","open","Official SHARK API documentation states all published data are CC0; corroborated by archived MarineInfo records for national and regional SMHI phytoplankton packages. https://creativecommons.org/publicdomain/zero/1.0/","allowed","Swedish Meteorological and Hydrological Institute (SMHI), Swedish Ocean Archive (SHARK), versioned phytoplankton data packages.","https://shark.smhi.se/api/dataset/SHARK_Phytoplankton_2014_UMSC/metadata.json","verified","Downloaded from canonical SHARK package endpoint and passed unzip -t CRC validation."
"DS06",1,"SMHI SHARK","SHARK_Phytoplankton_2015_DEEP","SHARK:SHARK_Phytoplankton_2015_DEEP","2025-03-09","canonical_provider","GET","https://shark.smhi.se/api/dataset/download/SHARK_Phytoplankton_2015_DEEP_version_2025-03-09.zip","1c67e5c86f466917674289126e36dc8be26a80847ea65d3701ec438a084ff5e5","2026-08-08T19:15:02Z","stage2/ds06_smhi_shark/DS06_SMHI_SHARK_20260808T191500Z/SHARK_Phytoplankton_2015_DEEP_version_2025-03-09.zip","SHARK_Phytoplankton_2015_DEEP_version_2025-03-09.zip",115181,"8639424e29bb38cdfc707175cf8b446ecc3ec4784a71b0dc820ef880b13e529e","application/zip","verified","open","Official SHARK API documentation states all published data are CC0; corroborated by archived MarineInfo records for national and regional SMHI phytoplankton packages. https://creativecommons.org/publicdomain/zero/1.0/","allowed","Swedish Meteorological and Hydrological Institute (SMHI), Swedish Ocean Archive (SHARK), versioned phytoplankton data packages.","https://shark.smhi.se/api/dataset/SHARK_Phytoplankton_2015_DEEP/metadata.json","verified","Downloaded from canonical SHARK package endpoint and passed unzip -t CRC validation."
"DS06",1,"SMHI SHARK","SHARK_Phytoplankton_2015_SMHI","SHARK:SHARK_Phytoplankton_2015_SMHI","2025-03-09","canonical_provider","GET","https://shark.smhi.se/api/dataset/download/SHARK_Phytoplankton_2015_SMHI_version_2025-03-09.zip","2d3b0ec1c697b747cb88a19beafab4b1951d6f90443b52630b12c647f9e39ebc","2026-08-08T19:15:02Z","stage2/ds06_smhi_shark/DS06_SMHI_SHARK_20260808T191500Z/SHARK_Phytoplankton_2015_SMHI_version_2025-03-09.zip","SHARK_Phytoplankton_2015_SMHI_version_2025-03-09.zip",164891,"86c93bddc71bb92e6ff5d4b6a52bc0f3f1de48600db6a71419d0ccb051d6f0a5","application/zip","verified","open","Official SHARK API documentation states all published data are CC0; corroborated by archived MarineInfo records for national and regional SMHI phytoplankton packages. https://creativecommons.org/publicdomain/zero/1.0/","allowed","Swedish Meteorological and Hydrological Institute (SMHI), Swedish Ocean Archive (SHARK), versioned phytoplankton data packages.","https://shark.smhi.se/api/dataset/SHARK_Phytoplankton_2015_SMHI/metadata.json","verified","Downloaded from canonical SHARK package endpoint and passed unzip -t CRC validation."
"DS06",1,"SMHI SHARK","SHARK_Phytoplankton_2015_SMHI_ColorFantasy","SHARK:SHARK_Phytoplankton_2015_SMHI_ColorFantasy","2025-03-09","canonical_provider","GET","https://shark.smhi.se/api/dataset/download/SHARK_Phytoplankton_2015_SMHI_ColorFantasy_version_2025-03-09.zip","e8e93bc48aab3990e59dc6586d9ed27a3a2ef880a4036a018d42c8f7f47f7657","2026-08-08T19:15:02Z","stage2/ds06_smhi_shark/DS06_SMHI_SHARK_20260808T191500Z/SHARK_Phytoplankton_2015_SMHI_ColorFantasy_version_2025-03-09.zip","SHARK_Phytoplankton_2015_SMHI_ColorFantasy_version_2025-03-09.zip",25946,"3b09bd23db7438362fd149efa4820d9a6512e15f573aceeb48a5a0c873bbf623","application/zip","verified","open","Official SHARK API documentation states all published data are CC0; corroborated by archived MarineInfo records for national and regional SMHI phytoplankton packages. https://creativecommons.org/publicdomain/zero/1.0/","allowed","Swedish Meteorological and Hydrological Institute (SMHI), Swedish Ocean Archive (SHARK), versioned phytoplankton data packages.","https://shark.smhi.se/api/dataset/SHARK_Phytoplankton_2015_SMHI_ColorFantasy/metadata.json","verified","Downloaded from canonical SHARK package endpoint and passed unzip -t CRC validation."
"DS06",1,"SMHI SHARK","SHARK_Phytoplankton_2015_SMHI_TRANSPAPER","SHARK:SHARK_Phytoplankton_2015_SMHI_TRANSPAPER","2025-03-09","canonical_provider","GET","https://shark.smhi.se/api/dataset/download/SHARK_Phytoplankton_2015_SMHI_TRANSPAPER_version_2025-03-09.zip","026db41f01372046d76b99b6c5cf161ebd1abc73ebb71a945018a95c7e70b395","2026-08-08T19:15:02Z","stage2/ds06_smhi_shark/DS06_SMHI_SHARK_20260808T191500Z/SHARK_Phytoplankton_2015_SMHI_TRANSPAPER_version_2025-03-09.zip","SHARK_Phytoplankton_2015_SMHI_TRANSPAPER_version_2025-03-09.zip",45957,"91b0cc5d24a66b4d50c07d3f0257ef9e8d16b156208dc7a49546beaf3ab9b991","application/zip","verified","open","Official SHARK API documentation states all published data are CC0; corroborated by archived MarineInfo records for national and regional SMHI phytoplankton packages. https://creativecommons.org/publicdomain/zero/1.0/","allowed","Swedish Meteorological and Hydrological Institute (SMHI), Swedish Ocean Archive (SHARK), versioned phytoplankton data packages.","https://shark.smhi.se/api/dataset/SHARK_Phytoplankton_2015_SMHI_TRANSPAPER/metadata.json","verified","Downloaded from canonical SHARK package endpoint and passed unzip -t CRC validation."
"DS06",1,"SMHI SHARK","SHARK_Phytoplankton_2015_UMSC","SHARK:SHARK_Phytoplankton_2015_UMSC","2025-03-09","canonical_provider","GET","https://shark.smhi.se/api/dataset/download/SHARK_Phytoplankton_2015_UMSC_version_2025-03-09.zip","4c5975f8e7f3c2df2d99ab73f6f99107489c2889d11ab714844dfe663c3b241d","2026-08-08T19:15:02Z","stage2/ds06_smhi_shark/DS06_SMHI_SHARK_20260808T191500Z/SHARK_Phytoplankton_2015_UMSC_version_2025-03-09.zip","SHARK_Phytoplankton_2015_UMSC_version_2025-03-09.zip",75534,"b7793b15c8da8705facdffe7414cec964ff39d948c45b8a2a915727ca62cb2e8","application/zip","verified","open","Official SHARK API documentation states all published data are CC0; corroborated by archived MarineInfo records for national and regional SMHI phytoplankton packages. https://creativecommons.org/publicdomain/zero/1.0/","allowed","Swedish Meteorological and Hydrological Institute (SMHI), Swedish Ocean Archive (SHARK), versioned phytoplankton data packages.","https://shark.smhi.se/api/dataset/SHARK_Phytoplankton_2015_UMSC/metadata.json","verified","Downloaded from canonical SHARK package endpoint and passed unzip -t CRC validation."
"DS06",1,"SMHI SHARK","SHARK_Phytoplankton_2016_DEEP","SHARK:SHARK_Phytoplankton_2016_DEEP","2025-03-09","canonical_provider","GET","https://shark.smhi.se/api/dataset/download/SHARK_Phytoplankton_2016_DEEP_version_2025-03-09.zip","b44e2588bbeb7c6f1026c5f3a601ed2556b66e6bd484ffceb3c6f01fbcb8944f","2026-08-08T19:15:02Z","stage2/ds06_smhi_shark/DS06_SMHI_SHARK_20260808T191500Z/SHARK_Phytoplankton_2016_DEEP_version_2025-03-09.zip","SHARK_Phytoplankton_2016_DEEP_version_2025-03-09.zip",147173,"1074d84cf6194fb53b1c5f09fcca4e6120dafe2d0b5e3f898685ef61e498b8d2","application/zip","verified","open","Official SHARK API documentation states all published data are CC0; corroborated by archived MarineInfo records for national and regional SMHI phytoplankton packages. https://creativecommons.org/publicdomain/zero/1.0/","allowed","Swedish Meteorological and Hydrological Institute (SMHI), Swedish Ocean Archive (SHARK), versioned phytoplankton data packages.","https://shark.smhi.se/api/dataset/SHARK_Phytoplankton_2016_DEEP/metadata.json","verified","Downloaded from canonical SHARK package endpoint and passed unzip -t CRC validation."
"DS06",1,"SMHI SHARK","SHARK_Phytoplankton_2016_SMHI","SHARK:SHARK_Phytoplankton_2016_SMHI","2025-03-09","canonical_provider","GET","https://shark.smhi.se/api/dataset/download/SHARK_Phytoplankton_2016_SMHI_version_2025-03-09.zip","7654c0fbd201b3b2f844b919b17dacde1091d7db11038e598cf89edb21cbd29e","2026-08-08T19:15:02Z","stage2/ds06_smhi_shark/DS06_SMHI_SHARK_20260808T191500Z/SHARK_Phytoplankton_2016_SMHI_version_2025-03-09.zip","SHARK_Phytoplankton_2016_SMHI_version_2025-03-09.zip",173422,"012a97d7759227d7594b9f3d4cd26431ad944d3da3303df9f20502271d7fe1ca","application/zip","verified","open","Official SHARK API documentation states all published data are CC0; corroborated by archived MarineInfo records for national and regional SMHI phytoplankton packages. https://creativecommons.org/publicdomain/zero/1.0/","allowed","Swedish Meteorological and Hydrological Institute (SMHI), Swedish Ocean Archive (SHARK), versioned phytoplankton data packages.","https://shark.smhi.se/api/dataset/SHARK_Phytoplankton_2016_SMHI/metadata.json","verified","Downloaded from canonical SHARK package endpoint and passed unzip -t CRC validation."
"DS06",1,"SMHI SHARK","SHARK_Phytoplankton_2016_UMSC","SHARK:SHARK_Phytoplankton_2016_UMSC","2025-03-09","canonical_provider","GET","https://shark.smhi.se/api/dataset/download/SHARK_Phytoplankton_2016_UMSC_version_2025-03-09.zip","fec7de2c742cea7915779de5efc0501eaab81138307e4ee24a567924ab324488","2026-08-08T19:15:03Z","stage2/ds06_smhi_shark/DS06_SMHI_SHARK_20260808T191500Z/SHARK_Phytoplankton_2016_UMSC_version_2025-03-09.zip","SHARK_Phytoplankton_2016_UMSC_version_2025-03-09.zip",110615,"71e2e20b484fe3630095a8511235b644695b858902710c895ca9b7c68a0aee06","application/zip","verified","open","Official SHARK API documentation states all published data are CC0; corroborated by archived MarineInfo records for national and regional SMHI phytoplankton packages. https://creativecommons.org/publicdomain/zero/1.0/","allowed","Swedish Meteorological and Hydrological Institute (SMHI), Swedish Ocean Archive (SHARK), versioned phytoplankton data packages.","https://shark.smhi.se/api/dataset/SHARK_Phytoplankton_2016_UMSC/metadata.json","verified","Downloaded from canonical SHARK package endpoint and passed unzip -t CRC validation."
"DS06",1,"SMHI SHARK","SHARK_Phytoplankton_2017_2023_DEEP_NYKOM","SHARK:SHARK_Phytoplankton_2017_2023_DEEP_NYKOM","2025-03-09","canonical_provider","GET","https://shark.smhi.se/api/dataset/download/SHARK_Phytoplankton_2017_2023_DEEP_NYKOM_version_2025-03-09.zip","0e065e571e7cc293cea5f91991af6dad22a0711241ab07fafd2956da9fbd3d91","2026-08-08T19:15:03Z","stage2/ds06_smhi_shark/DS06_SMHI_SHARK_20260808T191500Z/SHARK_Phytoplankton_2017_2023_DEEP_NYKOM_version_2025-03-09.zip","SHARK_Phytoplankton_2017_2023_DEEP_NYKOM_version_2025-03-09.zip",52639,"58847e3b8d8fad7e3c4b0ef85ed7895ffb2f4db36d5324f6cbcc5c5372da3496","application/zip","verified","open","Official SHARK API documentation states all published data are CC0; corroborated by archived MarineInfo records for national and regional SMHI phytoplankton packages. https://creativecommons.org/publicdomain/zero/1.0/","allowed","Swedish Meteorological and Hydrological Institute (SMHI), Swedish Ocean Archive (SHARK), versioned phytoplankton data packages.","https://shark.smhi.se/api/dataset/SHARK_Phytoplankton_2017_2023_DEEP_NYKOM/metadata.json","verified","Downloaded from canonical SHARK package endpoint and passed unzip -t CRC validation."
"DS06",1,"SMHI SHARK","SHARK_Phytoplankton_2017_DEEP","SHARK:SHARK_Phytoplankton_2017_DEEP","2025-03-09","canonical_provider","GET","https://shark.smhi.se/api/dataset/download/SHARK_Phytoplankton_2017_DEEP_version_2025-03-09.zip","25698a416c4fdfc208f5cbcaa9a1d9613f78aa7910f6a0e16460c6b2deb3f018","2026-08-08T19:15:03Z","stage2/ds06_smhi_shark/DS06_SMHI_SHARK_20260808T191500Z/SHARK_Phytoplankton_2017_DEEP_version_2025-03-09.zip","SHARK_Phytoplankton_2017_DEEP_version_2025-03-09.zip",140665,"8e40d638f04579af9b623370d00b2b28624756233307b8d3635d424790b7f55d","application/zip","verified","open","Official SHARK API documentation states all published data are CC0; corroborated by archived MarineInfo records for national and regional SMHI phytoplankton packages. https://creativecommons.org/publicdomain/zero/1.0/","allowed","Swedish Meteorological and Hydrological Institute (SMHI), Swedish Ocean Archive (SHARK), versioned phytoplankton data packages.","https://shark.smhi.se/api/dataset/SHARK_Phytoplankton_2017_DEEP/metadata.json","verified","Downloaded from canonical SHARK package endpoint and passed unzip -t CRC validation."
"DS06",1,"SMHI SHARK","SHARK_Phytoplankton_2017_SMHI","SHARK:SHARK_Phytoplankton_2017_SMHI","2025-03-09","canonical_provider","GET","https://shark.smhi.se/api/dataset/download/SHARK_Phytoplankton_2017_SMHI_version_2025-03-09.zip","dab18d1822b022785e5daf6ee07e7c2e5f2ba7c7e501e63e091632dbe9bd23c2","2026-08-08T19:15:03Z","stage2/ds06_smhi_shark/DS06_SMHI_SHARK_20260808T191500Z/SHARK_Phytoplankton_2017_SMHI_version_2025-03-09.zip","SHARK_Phytoplankton_2017_SMHI_version_2025-03-09.zip",183595,"3397671c1ef4e686f5e4b8848038cc9e7b3180a263a7b4d1d8c9aee12374356d","application/zip","verified","open","Official SHARK API documentation states all published data are CC0; corroborated by archived MarineInfo records for national and regional SMHI phytoplankton packages. https://creativecommons.org/publicdomain/zero/1.0/","allowed","Swedish Meteorological and Hydrological Institute (SMHI), Swedish Ocean Archive (SHARK), versioned phytoplankton data packages.","https://shark.smhi.se/api/dataset/SHARK_Phytoplankton_2017_SMHI/metadata.json","verified","Downloaded from canonical SHARK package endpoint and passed unzip -t CRC validation."
"DS06",1,"SMHI SHARK","SHARK_Phytoplankton_2017_SMHI_ColorFantasy","SHARK:SHARK_Phytoplankton_2017_SMHI_ColorFantasy","2025-03-09","canonical_provider","GET","https://shark.smhi.se/api/dataset/download/SHARK_Phytoplankton_2017_SMHI_ColorFantasy_version_2025-03-09.zip","7f12e0708015fd2c211b9321e2917097325bfac64803c3bebbc403dad88895c7","2026-08-08T19:15:03Z","stage2/ds06_smhi_shark/DS06_SMHI_SHARK_20260808T191500Z/SHARK_Phytoplankton_2017_SMHI_ColorFantasy_version_2025-03-09.zip","SHARK_Phytoplankton_2017_SMHI_ColorFantasy_version_2025-03-09.zip",10400,"b21ef099234a581cae11a8b13ede9cfc8df67f5aad6b6ffa8ae65484e3bd006d","application/zip","verified","open","Official SHARK API documentation states all published data are CC0; corroborated by archived MarineInfo records for national and regional SMHI phytoplankton packages. https://creativecommons.org/publicdomain/zero/1.0/","allowed","Swedish Meteorological and Hydrological Institute (SMHI), Swedish Ocean Archive (SHARK), versioned phytoplankton data packages.","https://shark.smhi.se/api/dataset/SHARK_Phytoplankton_2017_SMHI_ColorFantasy/metadata.json","verified","Downloaded from canonical SHARK package endpoint and passed unzip -t CRC validation."
"DS06",1,"SMHI SHARK","SHARK_Phytoplankton_2017_SMHI_WEAQ_TRANSPAPER","SHARK:SHARK_Phytoplankton_2017_SMHI_WEAQ_TRANSPAPER","2025-03-09","canonical_provider","GET","https://shark.smhi.se/api/dataset/download/SHARK_Phytoplankton_2017_SMHI_WEAQ_TRANSPAPER_version_2025-03-09.zip","0bfd37822bb49ab38b214e6a41b50480fbe8037a954f9db36c49fa91959e9b74","2026-08-08T19:15:03Z","stage2/ds06_smhi_shark/DS06_SMHI_SHARK_20260808T191500Z/SHARK_Phytoplankton_2017_SMHI_WEAQ_TRANSPAPER_version_2025-03-09.zip","SHARK_Phytoplankton_2017_SMHI_WEAQ_TRANSPAPER_version_2025-03-09.zip",74901,"aad92750e663cc56e9db11afc7388f2397cee36f79e94b46b3a0c336038c390e","application/zip","verified","open","Official SHARK API documentation states all published data are CC0; corroborated by archived MarineInfo records for national and regional SMHI phytoplankton packages. https://creativecommons.org/publicdomain/zero/1.0/","allowed","Swedish Meteorological and Hydrological Institute (SMHI), Swedish Ocean Archive (SHARK), versioned phytoplankton data packages.","https://shark.smhi.se/api/dataset/SHARK_Phytoplankton_2017_SMHI_WEAQ_TRANSPAPER/metadata.json","verified","Downloaded from canonical SHARK package endpoint and passed unzip -t CRC validation."
"DS06",1,"SMHI SHARK","SHARK_Phytoplankton_2017_UMSC","SHARK:SHARK_Phytoplankton_2017_UMSC","2025-03-09","canonical_provider","GET","https://shark.smhi.se/api/dataset/download/SHARK_Phytoplankton_2017_UMSC_version_2025-03-09.zip","478f55ff94c17cc28490679ef922d17ce5b06cdd8482f901e430243a8d0d67b1","2026-08-08T19:15:04Z","stage2/ds06_smhi_shark/DS06_SMHI_SHARK_20260808T191500Z/SHARK_Phytoplankton_2017_UMSC_version_2025-03-09.zip","SHARK_Phytoplankton_2017_UMSC_version_2025-03-09.zip",109152,"b55e2ee00ba45af9bec70ab8bbe8651ab916eb210a1640f2bb1091cf452829b9","application/zip","verified","open","Official SHARK API documentation states all published data are CC0; corroborated by archived MarineInfo records for national and regional SMHI phytoplankton packages. https://creativecommons.org/publicdomain/zero/1.0/","allowed","Swedish Meteorological and Hydrological Institute (SMHI), Swedish Ocean Archive (SHARK), versioned phytoplankton data packages.","https://shark.smhi.se/api/dataset/SHARK_Phytoplankton_2017_UMSC/metadata.json","verified","Downloaded from canonical SHARK package endpoint and passed unzip -t CRC validation."
"DS06",1,"SMHI SHARK","SHARK_Phytoplankton_2018_2021_SLCK","SHARK:SHARK_Phytoplankton_2018_2021_SLCK","2025-03-09","canonical_provider","GET","https://shark.smhi.se/api/dataset/download/SHARK_Phytoplankton_2018_2021_SLCK_version_2025-03-09.zip","6344229e6b96e01b7ecf90416ee973bf436429ca2fd221dbe2aa3009117d7bb9","2026-08-08T19:15:04Z","stage2/ds06_smhi_shark/DS06_SMHI_SHARK_20260808T191500Z/SHARK_Phytoplankton_2018_2021_SLCK_version_2025-03-09.zip","SHARK_Phytoplankton_2018_2021_SLCK_version_2025-03-09.zip",151982,"c6b5ed4d1d55f2cc8bfc3fe46e297be76be8f7932909cb023d8695a72efef44e","application/zip","verified","open","Official SHARK API documentation states all published data are CC0; corroborated by archived MarineInfo records for national and regional SMHI phytoplankton packages. https://creativecommons.org/publicdomain/zero/1.0/","allowed","Swedish Meteorological and Hydrological Institute (SMHI), Swedish Ocean Archive (SHARK), versioned phytoplankton data packages.","https://shark.smhi.se/api/dataset/SHARK_Phytoplankton_2018_2021_SLCK/metadata.json","verified","Downloaded from canonical SHARK package endpoint and passed unzip -t CRC validation."
"DS06",1,"SMHI SHARK","SHARK_Phytoplankton_2018_BDLST","SHARK:SHARK_Phytoplankton_2018_BDLST","2025-03-09","canonical_provider","GET","https://shark.smhi.se/api/dataset/download/SHARK_Phytoplankton_2018_BDLST_version_2025-03-09.zip","03978915354fc09e7940b2bb37481e2b29994758634b059e682886e45127111c","2026-08-08T19:15:04Z","stage2/ds06_smhi_shark/DS06_SMHI_SHARK_20260808T191500Z/SHARK_Phytoplankton_2018_BDLST_version_2025-03-09.zip","SHARK_Phytoplankton_2018_BDLST_version_2025-03-09.zip",145528,"a06147218d32a981d750da11d08a47287281c63f744f1375ebf409adf157c51c","application/zip","verified","open","Official SHARK API documentation states all published data are CC0; corroborated by archived MarineInfo records for national and regional SMHI phytoplankton packages. https://creativecommons.org/publicdomain/zero/1.0/","allowed","Swedish Meteorological and Hydrological Institute (SMHI), Swedish Ocean Archive (SHARK), versioned phytoplankton data packages.","https://shark.smhi.se/api/dataset/SHARK_Phytoplankton_2018_BDLST/metadata.json","verified","Downloaded from canonical SHARK package endpoint and passed unzip -t CRC validation."
"DS06",1,"SMHI SHARK","SHARK_Phytoplankton_2018_DEEP","SHARK:SHARK_Phytoplankton_2018_DEEP","2025-03-09","canonical_provider","GET","https://shark.smhi.se/api/dataset/download/SHARK_Phytoplankton_2018_DEEP_version_2025-03-09.zip","22a235f66f730b9c2978ff67018c9e2121c51a84dc9767541a03b21a2cf5c5b1","2026-08-08T19:15:04Z","stage2/ds06_smhi_shark/DS06_SMHI_SHARK_20260808T191500Z/SHARK_Phytoplankton_2018_DEEP_version_2025-03-09.zip","SHARK_Phytoplankton_2018_DEEP_version_2025-03-09.zip",136312,"8455ad02287b63f80c1dedd1d07e52d7c977de3baf3b398cf81429fabe133ae7","application/zip","verified","open","Official SHARK API documentation states all published data are CC0; corroborated by archived MarineInfo records for national and regional SMHI phytoplankton packages. https://creativecommons.org/publicdomain/zero/1.0/","allowed","Swedish Meteorological and Hydrological Institute (SMHI), Swedish Ocean Archive (SHARK), versioned phytoplankton data packages.","https://shark.smhi.se/api/dataset/SHARK_Phytoplankton_2018_DEEP/metadata.json","verified","Downloaded from canonical SHARK package endpoint and passed unzip -t CRC validation."
"DS06",1,"SMHI SHARK","SHARK_Phytoplankton_2018_DEEP_CLST_ABLST_SKVVF","SHARK:SHARK_Phytoplankton_2018_DEEP_CLST_ABLST_SKVVF","2025-03-09","canonical_provider","GET","https://shark.smhi.se/api/dataset/download/SHARK_Phytoplankton_2018_DEEP_CLST_ABLST_SKVVF_version_2025-03-09.zip","a96c473c3d284bd90e5fb38c8b5d4086476a1b3a4841a5f2321c896dc3fea0dd","2026-08-08T19:15:04Z","stage2/ds06_smhi_shark/DS06_SMHI_SHARK_20260808T191500Z/SHARK_Phytoplankton_2018_DEEP_CLST_ABLST_SKVVF_version_2025-03-09.zip","SHARK_Phytoplankton_2018_DEEP_CLST_ABLST_SKVVF_version_2025-03-09.zip",36329,"ec86e74df76942c56b63b4537ba4463ac004de8cf9f2878ec70f3e6d352262d2","application/zip","verified","open","Official SHARK API documentation states all published data are CC0; corroborated by archived MarineInfo records for national and regional SMHI phytoplankton packages. https://creativecommons.org/publicdomain/zero/1.0/","allowed","Swedish Meteorological and Hydrological Institute (SMHI), Swedish Ocean Archive (SHARK), versioned phytoplankton data packages.","https://shark.smhi.se/api/dataset/SHARK_Phytoplankton_2018_DEEP_CLST_ABLST_SKVVF/metadata.json","verified","Downloaded from canonical SHARK package endpoint and passed unzip -t CRC validation."
"DS06",1,"SMHI SHARK","SHARK_Phytoplankton_2018_DEEP_SKVVF","SHARK:SHARK_Phytoplankton_2018_DEEP_SKVVF","2025-03-09","canonical_provider","GET","https://shark.smhi.se/api/dataset/download/SHARK_Phytoplankton_2018_DEEP_SKVVF_version_2025-03-09.zip","b2795f1d30fa51f87406716cf756a8d8414caf6fa4e2293011a7fcdbca071522","2026-08-08T19:15:05Z","stage2/ds06_smhi_shark/DS06_SMHI_SHARK_20260808T191500Z/SHARK_Phytoplankton_2018_DEEP_SKVVF_version_2025-03-09.zip","SHARK_Phytoplankton_2018_DEEP_SKVVF_version_2025-03-09.zip",231592,"2e31b419570c6ef76770e5fdbe7d4e9d15c50477c33ed9180f938f84f7f327b5","application/zip","verified","open","Official SHARK API documentation states all published data are CC0; corroborated by archived MarineInfo records for national and regional SMHI phytoplankton packages. https://creativecommons.org/publicdomain/zero/1.0/","allowed","Swedish Meteorological and Hydrological Institute (SMHI), Swedish Ocean Archive (SHARK), versioned phytoplankton data packages.","https://shark.smhi.se/api/dataset/SHARK_Phytoplankton_2018_DEEP_SKVVF/metadata.json","verified","Downloaded from canonical SHARK package endpoint and passed unzip -t CRC validation."
"DS06",1,"SMHI SHARK","SHARK_Phytoplankton_2018_MEDINS_DVF","SHARK:SHARK_Phytoplankton_2018_MEDINS_DVF","2025-03-09","canonical_provider","GET","https://shark.smhi.se/api/dataset/download/SHARK_Phytoplankton_2018_MEDINS_DVF_version_2025-03-09.zip","d82a1f2db6ad4f09565cdeea762784caad929a085a5a6f3e3a2faeace78f147c","2026-08-08T19:15:05Z","stage2/ds06_smhi_shark/DS06_SMHI_SHARK_20260808T191500Z/SHARK_Phytoplankton_2018_MEDINS_DVF_version_2025-03-09.zip","SHARK_Phytoplankton_2018_MEDINS_DVF_version_2025-03-09.zip",21945,"83f0ab0c6d6e7ab8bdd10014e4d0bbed37a75b65c2584c6c3391e2550be6d2b6","application/zip","verified","open","Official SHARK API documentation states all published data are CC0; corroborated by archived MarineInfo records for national and regional SMHI phytoplankton packages. https://creativecommons.org/publicdomain/zero/1.0/","allowed","Swedish Meteorological and Hydrological Institute (SMHI), Swedish Ocean Archive (SHARK), versioned phytoplankton data packages.","https://shark.smhi.se/api/dataset/SHARK_Phytoplankton_2018_MEDINS_DVF/metadata.json","verified","Downloaded from canonical SHARK package endpoint and passed unzip -t CRC validation."
"DS06",1,"SMHI SHARK","SHARK_Phytoplankton_2018_MEDINS_LVX","SHARK:SHARK_Phytoplankton_2018_MEDINS_LVX","2025-03-09","canonical_provider","GET","https://shark.smhi.se/api/dataset/download/SHARK_Phytoplankton_2018_MEDINS_LVX_version_2025-03-09.zip","7318b9c721547e00a81343edd01042db9823ae4c247a2729cd5739cb5dee9614","2026-08-08T19:15:05Z","stage2/ds06_smhi_shark/DS06_SMHI_SHARK_20260808T191500Z/SHARK_Phytoplankton_2018_MEDINS_LVX_version_2025-03-09.zip","SHARK_Phytoplankton_2018_MEDINS_LVX_version_2025-03-09.zip",13441,"7ca9f85a06a795dbde06122d52fb4a90726cda5145198e37e347d0d66393b1ba","application/zip","verified","open","Official SHARK API documentation states all published data are CC0; corroborated by archived MarineInfo records for national and regional SMHI phytoplankton packages. https://creativecommons.org/publicdomain/zero/1.0/","allowed","Swedish Meteorological and Hydrological Institute (SMHI), Swedish Ocean Archive (SHARK), versioned phytoplankton data packages.","https://shark.smhi.se/api/dataset/SHARK_Phytoplankton_2018_MEDINS_LVX/metadata.json","verified","Downloaded from canonical SHARK package endpoint and passed unzip -t CRC validation."
"DS06",1,"SMHI SHARK","SHARK_Phytoplankton_2018_MEDINS_UVVVF","SHARK:SHARK_Phytoplankton_2018_MEDINS_UVVVF","2025-03-09","canonical_provider","GET","https://shark.smhi.se/api/dataset/download/SHARK_Phytoplankton_2018_MEDINS_UVVVF_version_2025-03-09.zip","9082f0bf28d6023a98726d25bce116a5e603343a76cd4dc5d6fac8b7e2159177","2026-08-08T19:15:05Z","stage2/ds06_smhi_shark/DS06_SMHI_SHARK_20260808T191500Z/SHARK_Phytoplankton_2018_MEDINS_UVVVF_version_2025-03-09.zip","SHARK_Phytoplankton_2018_MEDINS_UVVVF_version_2025-03-09.zip",31428,"e947b4efeeb132de78d989ed7bd7c09569e669bf078e18e25204ab1fd07c6d07","application/zip","verified","open","Official SHARK API documentation states all published data are CC0; corroborated by archived MarineInfo records for national and regional SMHI phytoplankton packages. https://creativecommons.org/publicdomain/zero/1.0/","allowed","Swedish Meteorological and Hydrological Institute (SMHI), Swedish Ocean Archive (SHARK), versioned phytoplankton data packages.","https://shark.smhi.se/api/dataset/SHARK_Phytoplankton_2018_MEDINS_UVVVF/metadata.json","verified","Downloaded from canonical SHARK package endpoint and passed unzip -t CRC validation."
"DS06",1,"SMHI SHARK","SHARK_Phytoplankton_2018_PELA_GVVF","SHARK:SHARK_Phytoplankton_2018_PELA_GVVF","2025-03-09","canonical_provider","GET","https://shark.smhi.se/api/dataset/download/SHARK_Phytoplankton_2018_PELA_GVVF_version_2025-03-09.zip","824b0cc30786b4da4cb374f603eeebb9ae6c1dbcd6efd12725ae52c22e87a0dc","2026-08-08T19:15:05Z","stage2/ds06_smhi_shark/DS06_SMHI_SHARK_20260808T191500Z/SHARK_Phytoplankton_2018_PELA_GVVF_version_2025-03-09.zip","SHARK_Phytoplankton_2018_PELA_GVVF_version_2025-03-09.zip",7114,"c17e9e1d41e6fe346890141ccbfbd9e5efa2646427bad25bfad9e6fbfe515757","application/zip","verified","open","Official SHARK API documentation states all published data are CC0; corroborated by archived MarineInfo records for national and regional SMHI phytoplankton packages. https://creativecommons.org/publicdomain/zero/1.0/","allowed","Swedish Meteorological and Hydrological Institute (SMHI), Swedish Ocean Archive (SHARK), versioned phytoplankton data packages.","https://shark.smhi.se/api/dataset/SHARK_Phytoplankton_2018_PELA_GVVF/metadata.json","verified","Downloaded from canonical SHARK package endpoint and passed unzip -t CRC validation."
"DS06",1,"SMHI SHARK","SHARK_Phytoplankton_2018_PELA_SVAB","SHARK:SHARK_Phytoplankton_2018_PELA_SVAB","2025-03-09","canonical_provider","GET","https://shark.smhi.se/api/dataset/download/SHARK_Phytoplankton_2018_PELA_SVAB_version_2025-03-09.zip","0f1ffd120a1a117c4cbd5e44277ad58f87b9d8988a9dc272a9ecc40833f4537d","2026-08-08T19:15:05Z","stage2/ds06_smhi_shark/DS06_SMHI_SHARK_20260808T191500Z/SHARK_Phytoplankton_2018_PELA_SVAB_version_2025-03-09.zip","SHARK_Phytoplankton_2018_PELA_SVAB_version_2025-03-09.zip",58794,"13a5473c7d26c714a2e7521ba174fce262f323b9e7f289a86bd37af9d4e05221","application/zip","verified","open","Official SHARK API documentation states all published data are CC0; corroborated by archived MarineInfo records for national and regional SMHI phytoplankton packages. https://creativecommons.org/publicdomain/zero/1.0/","allowed","Swedish Meteorological and Hydrological Institute (SMHI), Swedish Ocean Archive (SHARK), versioned phytoplankton data packages.","https://shark.smhi.se/api/dataset/SHARK_Phytoplankton_2018_PELA_SVAB/metadata.json","verified","Downloaded from canonical SHARK package endpoint and passed unzip -t CRC validation."
"DS06",1,"SMHI SHARK","SHARK_Phytoplankton_2018_SMHI","SHARK:SHARK_Phytoplankton_2018_SMHI","2025-03-09","canonical_provider","GET","https://shark.smhi.se/api/dataset/download/SHARK_Phytoplankton_2018_SMHI_version_2025-03-09.zip","6958bb10a11184dd768b340552bcc62bdb88785c802dad24acd2ef2b1e95e205","2026-08-08T19:15:05Z","stage2/ds06_smhi_shark/DS06_SMHI_SHARK_20260808T191500Z/SHARK_Phytoplankton_2018_SMHI_version_2025-03-09.zip","SHARK_Phytoplankton_2018_SMHI_version_2025-03-09.zip",293920,"321dc2a43210842d0afefce655e39904e1eb347335ed310609bb49d3742df3b2","application/zip","verified","open","Official SHARK API documentation states all published data are CC0; corroborated by archived MarineInfo records for national and regional SMHI phytoplankton packages. https://creativecommons.org/publicdomain/zero/1.0/","allowed","Swedish Meteorological and Hydrological Institute (SMHI), Swedish Ocean Archive (SHARK), versioned phytoplankton data packages.","https://shark.smhi.se/api/dataset/SHARK_Phytoplankton_2018_SMHI/metadata.json","verified","Downloaded from canonical SHARK package endpoint and passed unzip -t CRC validation."
"DS06",1,"SMHI SHARK","SHARK_Phytoplankton_2018_SMHI_BVVF","SHARK:SHARK_Phytoplankton_2018_SMHI_BVVF","2025-03-09","canonical_provider","GET","https://shark.smhi.se/api/dataset/download/SHARK_Phytoplankton_2018_SMHI_BVVF_version_2025-03-09.zip","52fe1dbb135e11833aa236274855647fd6244f00324df6a7de1edfbf5b4f4652","2026-08-08T19:15:06Z","stage2/ds06_smhi_shark/DS06_SMHI_SHARK_20260808T191500Z/SHARK_Phytoplankton_2018_SMHI_BVVF_version_2025-03-09.zip","SHARK_Phytoplankton_2018_SMHI_BVVF_version_2025-03-09.zip",657255,"f5e43e88427a58c957e8372ab20445d49371808bd452c4a56b3ed449b5d8a2c0","application/zip","verified","open","Official SHARK API documentation states all published data are CC0; corroborated by archived MarineInfo records for national and regional SMHI phytoplankton packages. https://creativecommons.org/publicdomain/zero/1.0/","allowed","Swedish Meteorological and Hydrological Institute (SMHI), Swedish Ocean Archive (SHARK), versioned phytoplankton data packages.","https://shark.smhi.se/api/dataset/SHARK_Phytoplankton_2018_SMHI_BVVF/metadata.json","verified","Downloaded from canonical SHARK package endpoint and passed unzip -t CRC validation."
"DS06",1,"SMHI SHARK","SHARK_Phytoplankton_2018_SMHI_ColorFantasy","SHARK:SHARK_Phytoplankton_2018_SMHI_ColorFantasy","2025-03-09","canonical_provider","GET","https://shark.smhi.se/api/dataset/download/SHARK_Phytoplankton_2018_SMHI_ColorFantasy_version_2025-03-09.zip","36b4c9e41d8e718383158612b7d3ce64b36d6d78f0ebe329fdf851a4b154ec11","2026-08-08T19:15:06Z","stage2/ds06_smhi_shark/DS06_SMHI_SHARK_20260808T191500Z/SHARK_Phytoplankton_2018_SMHI_ColorFantasy_version_2025-03-09.zip","SHARK_Phytoplankton_2018_SMHI_ColorFantasy_version_2025-03-09.zip",30722,"f35ae694fd5785a84d3de905518bcecf43a4baa55c31099c7170a9a146f2b7d6","application/zip","verified","open","Official SHARK API documentation states all published data are CC0; corroborated by archived MarineInfo records for national and regional SMHI phytoplankton packages. https://creativecommons.org/publicdomain/zero/1.0/","allowed","Swedish Meteorological and Hydrological Institute (SMHI), Swedish Ocean Archive (SHARK), versioned phytoplankton data packages.","https://shark.smhi.se/api/dataset/SHARK_Phytoplankton_2018_SMHI_ColorFantasy/metadata.json","verified","Downloaded from canonical SHARK package endpoint and passed unzip -t CRC validation."
"DS06",1,"SMHI SHARK","SHARK_Phytoplankton_2018_SMHI_OLST","SHARK:SHARK_Phytoplankton_2018_SMHI_OLST","2025-03-09","canonical_provider","GET","https://shark.smhi.se/api/dataset/download/SHARK_Phytoplankton_2018_SMHI_OLST_version_2025-03-09.zip","48dcfafff96f116e19afc350da223dc53a6f7bf5eda2eaa3ca37b82204a0ea82","2026-08-08T19:15:06Z","stage2/ds06_smhi_shark/DS06_SMHI_SHARK_20260808T191500Z/SHARK_Phytoplankton_2018_SMHI_OLST_version_2025-03-09.zip","SHARK_Phytoplankton_2018_SMHI_OLST_version_2025-03-09.zip",97730,"5bb99de5aa147d41c758434d809e56c4299932159066414fba442ec5f56c74b4","application/zip","verified","open","Official SHARK API documentation states all published data are CC0; corroborated by archived MarineInfo records for national and regional SMHI phytoplankton packages. https://creativecommons.org/publicdomain/zero/1.0/","allowed","Swedish Meteorological and Hydrological Institute (SMHI), Swedish Ocean Archive (SHARK), versioned phytoplankton data packages.","https://shark.smhi.se/api/dataset/SHARK_Phytoplankton_2018_SMHI_OLST/metadata.json","verified","Downloaded from canonical SHARK package endpoint and passed unzip -t CRC validation."
"DS06",1,"SMHI SHARK","SHARK_Phytoplankton_2018_SMHI_SLV_biotox","SHARK:SHARK_Phytoplankton_2018_SMHI_SLV_biotox","2025-03-11","canonical_provider","GET","https://shark.smhi.se/api/dataset/download/SHARK_Phytoplankton_2018_SMHI_SLV_biotox_version_2025-03-11.zip","92749cce30116fc54342b265c946cdc59b5fe6ba335faabf897a704d89115dd9","2026-08-08T19:15:06Z","stage2/ds06_smhi_shark/DS06_SMHI_SHARK_20260808T191500Z/SHARK_Phytoplankton_2018_SMHI_SLV_biotox_version_2025-03-11.zip","SHARK_Phytoplankton_2018_SMHI_SLV_biotox_version_2025-03-11.zip",33680,"c73ee55d2f87fca53a6b2025c78d621a8f74b84aba01af003d0e011760b1d7b1","application/zip","verified","open","Official SHARK API documentation states all published data are CC0; corroborated by archived MarineInfo records for national and regional SMHI phytoplankton packages. https://creativecommons.org/publicdomain/zero/1.0/","allowed","Swedish Meteorological and Hydrological Institute (SMHI), Swedish Ocean Archive (SHARK), versioned phytoplankton data packages.","https://shark.smhi.se/api/dataset/SHARK_Phytoplankton_2018_SMHI_SLV_biotox/metadata.json","verified","Downloaded from canonical SHARK package endpoint and passed unzip -t CRC validation."
"DS06",1,"SMHI SHARK","SHARK_Phytoplankton_2018_TOXICO_NVSKK","SHARK:SHARK_Phytoplankton_2018_TOXICO_NVSKK","2025-03-09","canonical_provider","GET","https://shark.smhi.se/api/dataset/download/SHARK_Phytoplankton_2018_TOXICO_NVSKK_version_2025-03-09.zip","ecf2408a422fecd545cd8a42988d8015d9173e4ed12a974f70b82b0c8a5f7163","2026-08-08T19:15:06Z","stage2/ds06_smhi_shark/DS06_SMHI_SHARK_20260808T191500Z/SHARK_Phytoplankton_2018_TOXICO_NVSKK_version_2025-03-09.zip","SHARK_Phytoplankton_2018_TOXICO_NVSKK_version_2025-03-09.zip",17689,"f24ef653d4903a30656397f2599f568f28bf83b57208873d06ccab0bf70ce4eb","application/zip","verified","open","Official SHARK API documentation states all published data are CC0; corroborated by archived MarineInfo records for national and regional SMHI phytoplankton packages. https://creativecommons.org/publicdomain/zero/1.0/","allowed","Swedish Meteorological and Hydrological Institute (SMHI), Swedish Ocean Archive (SHARK), versioned phytoplankton data packages.","https://shark.smhi.se/api/dataset/SHARK_Phytoplankton_2018_TOXICO_NVSKK/metadata.json","verified","Downloaded from canonical SHARK package endpoint and passed unzip -t CRC validation."
"DS06",1,"SMHI SHARK","SHARK_Phytoplankton_2018_TOXICO_OVF","SHARK:SHARK_Phytoplankton_2018_TOXICO_OVF","2025-03-09","canonical_provider","GET","https://shark.smhi.se/api/dataset/download/SHARK_Phytoplankton_2018_TOXICO_OVF_version_2025-03-09.zip","ba3782abcf187f5ab35058acb9425d3bcfc8d32f1e4e3b51398b4201b9e29d28","2026-08-08T19:15:07Z","stage2/ds06_smhi_shark/DS06_SMHI_SHARK_20260808T191500Z/SHARK_Phytoplankton_2018_TOXICO_OVF_version_2025-03-09.zip","SHARK_Phytoplankton_2018_TOXICO_OVF_version_2025-03-09.zip",24607,"e42812b181b3b1b73d2e6b8a2f69d8b21bd04c9a85883157cfe0c99a68a20593","application/zip","verified","open","Official SHARK API documentation states all published data are CC0; corroborated by archived MarineInfo records for national and regional SMHI phytoplankton packages. https://creativecommons.org/publicdomain/zero/1.0/","allowed","Swedish Meteorological and Hydrological Institute (SMHI), Swedish Ocean Archive (SHARK), versioned phytoplankton data packages.","https://shark.smhi.se/api/dataset/SHARK_Phytoplankton_2018_TOXICO_OVF/metadata.json","verified","Downloaded from canonical SHARK package endpoint and passed unzip -t CRC validation."
"DS06",1,"SMHI SHARK","SHARK_Phytoplankton_2018_UMSC","SHARK:SHARK_Phytoplankton_2018_UMSC","2025-03-09","canonical_provider","GET","https://shark.smhi.se/api/dataset/download/SHARK_Phytoplankton_2018_UMSC_version_2025-03-09.zip","c0d122629f5f74cbdce202715d124422f966f8a7c2cbc739bd0ea0262d30f197","2026-08-08T19:15:07Z","stage2/ds06_smhi_shark/DS06_SMHI_SHARK_20260808T191500Z/SHARK_Phytoplankton_2018_UMSC_version_2025-03-09.zip","SHARK_Phytoplankton_2018_UMSC_version_2025-03-09.zip",161143,"6d765a29d41f61786e734155f1b7b3d9323408d9bf0005045d210f7ce98ead81","application/zip","verified","open","Official SHARK API documentation states all published data are CC0; corroborated by archived MarineInfo records for national and regional SMHI phytoplankton packages. https://creativecommons.org/publicdomain/zero/1.0/","allowed","Swedish Meteorological and Hydrological Institute (SMHI), Swedish Ocean Archive (SHARK), versioned phytoplankton data packages.","https://shark.smhi.se/api/dataset/SHARK_Phytoplankton_2018_UMSC/metadata.json","verified","Downloaded from canonical SHARK package endpoint and passed unzip -t CRC validation."
"DS06",1,"SMHI SHARK","SHARK_Phytoplankton_2018_UMSC_YLST","SHARK:SHARK_Phytoplankton_2018_UMSC_YLST","2025-03-09","canonical_provider","GET","https://shark.smhi.se/api/dataset/download/SHARK_Phytoplankton_2018_UMSC_YLST_version_2025-03-09.zip","3841bcd999ab36eb828b254789b75776f2eb4dd12386b978e324a94c0318e964","2026-08-08T19:15:07Z","stage2/ds06_smhi_shark/DS06_SMHI_SHARK_20260808T191500Z/SHARK_Phytoplankton_2018_UMSC_YLST_version_2025-03-09.zip","SHARK_Phytoplankton_2018_UMSC_YLST_version_2025-03-09.zip",173129,"afc765d2510c76ac2204ad2390b14302fa8a2d1aa009b5dd3db52bafae65d2eb","application/zip","verified","open","Official SHARK API documentation states all published data are CC0; corroborated by archived MarineInfo records for national and regional SMHI phytoplankton packages. https://creativecommons.org/publicdomain/zero/1.0/","allowed","Swedish Meteorological and Hydrological Institute (SMHI), Swedish Ocean Archive (SHARK), versioned phytoplankton data packages.","https://shark.smhi.se/api/dataset/SHARK_Phytoplankton_2018_UMSC_YLST/metadata.json","verified","Downloaded from canonical SHARK package endpoint and passed unzip -t CRC validation."
"DS06",1,"SMHI SHARK","SHARK_Phytoplankton_2018_WEAQ_NLST","SHARK:SHARK_Phytoplankton_2018_WEAQ_NLST","2025-03-09","canonical_provider","GET","https://shark.smhi.se/api/dataset/download/SHARK_Phytoplankton_2018_WEAQ_NLST_version_2025-03-09.zip","f7ea7042ffdfbde9c438e295430c9649394aae17266ec40721fdafa00b3afd03","2026-08-08T19:15:07Z","stage2/ds06_smhi_shark/DS06_SMHI_SHARK_20260808T191500Z/SHARK_Phytoplankton_2018_WEAQ_NLST_version_2025-03-09.zip","SHARK_Phytoplankton_2018_WEAQ_NLST_version_2025-03-09.zip",158223,"8c1a4685d8d33bf549969c31850b030742f0a136308dc0d11efb0d0792b272bd","application/zip","verified","open","Official SHARK API documentation states all published data are CC0; corroborated by archived MarineInfo records for national and regional SMHI phytoplankton packages. https://creativecommons.org/publicdomain/zero/1.0/","allowed","Swedish Meteorological and Hydrological Institute (SMHI), Swedish Ocean Archive (SHARK), versioned phytoplankton data packages.","https://shark.smhi.se/api/dataset/SHARK_Phytoplankton_2018_WEAQ_NLST/metadata.json","verified","Downloaded from canonical SHARK package endpoint and passed unzip -t CRC validation."
"DS06",1,"SMHI SHARK","SHARK_Phytoplankton_2018-2019_ACLST_UMEKOM","SHARK:SHARK_Phytoplankton_2018-2019_ACLST_UMEKOM","2025-03-09","canonical_provider","GET","https://shark.smhi.se/api/dataset/download/SHARK_Phytoplankton_2018-2019_ACLST_UMEKOM_version_2025-03-09.zip","772e415563b0b44247838c15618ba0fc590a58685b999782fb7b714f85e307be","2026-08-08T19:15:04Z","stage2/ds06_smhi_shark/DS06_SMHI_SHARK_20260808T191500Z/SHARK_Phytoplankton_2018-2019_ACLST_UMEKOM_version_2025-03-09.zip","SHARK_Phytoplankton_2018-2019_ACLST_UMEKOM_version_2025-03-09.zip",13467,"ed4e86395b65a38780c20428550942237e4487c455ec3a08b165c08df822f972","application/zip","verified","open","Official SHARK API documentation states all published data are CC0; corroborated by archived MarineInfo records for national and regional SMHI phytoplankton packages. https://creativecommons.org/publicdomain/zero/1.0/","allowed","Swedish Meteorological and Hydrological Institute (SMHI), Swedish Ocean Archive (SHARK), versioned phytoplankton data packages.","https://shark.smhi.se/api/dataset/SHARK_Phytoplankton_2018-2019_ACLST_UMEKOM/metadata.json","verified","Downloaded from canonical SHARK package endpoint and passed unzip -t CRC validation."
"DS06",1,"SMHI SHARK","SHARK_Phytoplankton_2019_2023_ACLST","SHARK:SHARK_Phytoplankton_2019_2023_ACLST","2025-03-09","canonical_provider","GET","https://shark.smhi.se/api/dataset/download/SHARK_Phytoplankton_2019_2023_ACLST_version_2025-03-09.zip","555c88cbbb7266b7a830b155243290d33e205c7989cd0761f5258933cef75f94","2026-08-08T19:15:07Z","stage2/ds06_smhi_shark/DS06_SMHI_SHARK_20260808T191500Z/SHARK_Phytoplankton_2019_2023_ACLST_version_2025-03-09.zip","SHARK_Phytoplankton_2019_2023_ACLST_version_2025-03-09.zip",22025,"14bc024545bf37c74296a3a71b6831effb44aa93b65c8843592907f95e9e6f18","application/zip","verified","open","Official SHARK API documentation states all published data are CC0; corroborated by archived MarineInfo records for national and regional SMHI phytoplankton packages. https://creativecommons.org/publicdomain/zero/1.0/","allowed","Swedish Meteorological and Hydrological Institute (SMHI), Swedish Ocean Archive (SHARK), versioned phytoplankton data packages.","https://shark.smhi.se/api/dataset/SHARK_Phytoplankton_2019_2023_ACLST/metadata.json","verified","Downloaded from canonical SHARK package endpoint and passed unzip -t CRC validation."
"DS06",1,"SMHI SHARK","SHARK_Phytoplankton_2019_DEEP","SHARK:SHARK_Phytoplankton_2019_DEEP","2025-03-09","canonical_provider","GET","https://shark.smhi.se/api/dataset/download/SHARK_Phytoplankton_2019_DEEP_version_2025-03-09.zip","b7ecab1841bc28ec4062026b4325024f7ed32dc0b4c8a294719ddf8a828fb171","2026-08-08T19:15:08Z","stage2/ds06_smhi_shark/DS06_SMHI_SHARK_20260808T191500Z/SHARK_Phytoplankton_2019_DEEP_version_2025-03-09.zip","SHARK_Phytoplankton_2019_DEEP_version_2025-03-09.zip",199011,"7b1739fb36a63df27f6b1400f69b2bfe22359df4636509f04e47a57e246515ae","application/zip","verified","open","Official SHARK API documentation states all published data are CC0; corroborated by archived MarineInfo records for national and regional SMHI phytoplankton packages. https://creativecommons.org/publicdomain/zero/1.0/","allowed","Swedish Meteorological and Hydrological Institute (SMHI), Swedish Ocean Archive (SHARK), versioned phytoplankton data packages.","https://shark.smhi.se/api/dataset/SHARK_Phytoplankton_2019_DEEP/metadata.json","verified","Downloaded from canonical SHARK package endpoint and passed unzip -t CRC validation."
"DS06",1,"SMHI SHARK","SHARK_Phytoplankton_2019_DEEP_SKVVF","SHARK:SHARK_Phytoplankton_2019_DEEP_SKVVF","2025-03-09","canonical_provider","GET","https://shark.smhi.se/api/dataset/download/SHARK_Phytoplankton_2019_DEEP_SKVVF_version_2025-03-09.zip","45504c731c6b15f16c6cd499e838aa9350239573a9af73de3dec52f17946675a","2026-08-08T19:15:08Z","stage2/ds06_smhi_shark/DS06_SMHI_SHARK_20260808T191500Z/SHARK_Phytoplankton_2019_DEEP_SKVVF_version_2025-03-09.zip","SHARK_Phytoplankton_2019_DEEP_SKVVF_version_2025-03-09.zip",246131,"c7035089c52ce6c699e7db3133f5e8867b15d38551dce543446e515f41161ec0","application/zip","verified","open","Official SHARK API documentation states all published data are CC0; corroborated by archived MarineInfo records for national and regional SMHI phytoplankton packages. https://creativecommons.org/publicdomain/zero/1.0/","allowed","Swedish Meteorological and Hydrological Institute (SMHI), Swedish Ocean Archive (SHARK), versioned phytoplankton data packages.","https://shark.smhi.se/api/dataset/SHARK_Phytoplankton_2019_DEEP_SKVVF/metadata.json","verified","Downloaded from canonical SHARK package endpoint and passed unzip -t CRC validation."
"DS06",1,"SMHI SHARK","SHARK_Phytoplankton_2019_MEDINS_DVVF","SHARK:SHARK_Phytoplankton_2019_MEDINS_DVVF","2025-03-09","canonical_provider","GET","https://shark.smhi.se/api/dataset/download/SHARK_Phytoplankton_2019_MEDINS_DVVF_version_2025-03-09.zip","a6daeedbd0a33adcfec46cf5687ee07cf164eb98593b5dacc16db3cd0d061809","2026-08-08T19:15:08Z","stage2/ds06_smhi_shark/DS06_SMHI_SHARK_20260808T191500Z/SHARK_Phytoplankton_2019_MEDINS_DVVF_version_2025-03-09.zip","SHARK_Phytoplankton_2019_MEDINS_DVVF_version_2025-03-09.zip",24009,"e50873fd313084b2347dbaf96a4e7874e92f75b2112b0d94784fef0d13f748c9","application/zip","verified","open","Official SHARK API documentation states all published data are CC0; corroborated by archived MarineInfo records for national and regional SMHI phytoplankton packages. https://creativecommons.org/publicdomain/zero/1.0/","allowed","Swedish Meteorological and Hydrological Institute (SMHI), Swedish Ocean Archive (SHARK), versioned phytoplankton data packages.","https://shark.smhi.se/api/dataset/SHARK_Phytoplankton_2019_MEDINS_DVVF/metadata.json","verified","Downloaded from canonical SHARK package endpoint and passed unzip -t CRC validation."
"DS06",1,"SMHI SHARK","SHARK_Phytoplankton_2019_MEDINS_LVVVF","SHARK:SHARK_Phytoplankton_2019_MEDINS_LVVVF","2025-03-09","canonical_provider","GET","https://shark.smhi.se/api/dataset/download/SHARK_Phytoplankton_2019_MEDINS_LVVVF_version_2025-03-09.zip","2bae172564e4ceffd6da1d2fae1f8bcf7fab200560b1fb43ee11e57be0e28993","2026-08-08T19:15:08Z","stage2/ds06_smhi_shark/DS06_SMHI_SHARK_20260808T191500Z/SHARK_Phytoplankton_2019_MEDINS_LVVVF_version_2025-03-09.zip","SHARK_Phytoplankton_2019_MEDINS_LVVVF_version_2025-03-09.zip",13768,"57ca650174e36372090f9c8c76d676e53a421916057db241bd6f9db7f33fcb20","application/zip","verified","open","Official SHARK API documentation states all published data are CC0; corroborated by archived MarineInfo records for national and regional SMHI phytoplankton packages. https://creativecommons.org/publicdomain/zero/1.0/","allowed","Swedish Meteorological and Hydrological Institute (SMHI), Swedish Ocean Archive (SHARK), versioned phytoplankton data packages.","https://shark.smhi.se/api/dataset/SHARK_Phytoplankton_2019_MEDINS_LVVVF/metadata.json","verified","Downloaded from canonical SHARK package endpoint and passed unzip -t CRC validation."
"DS06",1,"SMHI SHARK","SHARK_Phytoplankton_2019_MEDINS_MSVVF","SHARK:SHARK_Phytoplankton_2019_MEDINS_MSVVF","2025-03-09","canonical_provider","GET","https://shark.smhi.se/api/dataset/download/SHARK_Phytoplankton_2019_MEDINS_MSVVF_version_2025-03-09.zip","9dc6c75f0c5329539ae9e252fe58f2c504d4ef56ffdd999bc06afcf5e35f0134","2026-08-08T19:15:08Z","stage2/ds06_smhi_shark/DS06_SMHI_SHARK_20260808T191500Z/SHARK_Phytoplankton_2019_MEDINS_MSVVF_version_2025-03-09.zip","SHARK_Phytoplankton_2019_MEDINS_MSVVF_version_2025-03-09.zip",30931,"6935777d1058e799d7472d02fa525f12f8f5aff73a790ae361308b8f210b6d65","application/zip","verified","open","Official SHARK API documentation states all published data are CC0; corroborated by archived MarineInfo records for national and regional SMHI phytoplankton packages. https://creativecommons.org/publicdomain/zero/1.0/","allowed","Swedish Meteorological and Hydrological Institute (SMHI), Swedish Ocean Archive (SHARK), versioned phytoplankton data packages.","https://shark.smhi.se/api/dataset/SHARK_Phytoplankton_2019_MEDINS_MSVVF/metadata.json","verified","Downloaded from canonical SHARK package endpoint and passed unzip -t CRC validation."
"DS06",1,"SMHI SHARK","SHARK_Phytoplankton_2019_MEDINS_NORKOM","SHARK:SHARK_Phytoplankton_2019_MEDINS_NORKOM","2025-03-09","canonical_provider","GET","https://shark.smhi.se/api/dataset/download/SHARK_Phytoplankton_2019_MEDINS_NORKOM_version_2025-03-09.zip","769798b61c5254ef7b2bd42c400fd2f5cd0203866b4d4aa8e7a29c15fbf70a3d","2026-08-08T19:15:08Z","stage2/ds06_smhi_shark/DS06_SMHI_SHARK_20260808T191500Z/SHARK_Phytoplankton_2019_MEDINS_NORKOM_version_2025-03-09.zip","SHARK_Phytoplankton_2019_MEDINS_NORKOM_version_2025-03-09.zip",8418,"7621bed0e202ffcf6ad6d4c4421b732828b6b146e8b7a7f7094d0208bdd36b1b","application/zip","verified","open","Official SHARK API documentation states all published data are CC0; corroborated by archived MarineInfo records for national and regional SMHI phytoplankton packages. https://creativecommons.org/publicdomain/zero/1.0/","allowed","Swedish Meteorological and Hydrological Institute (SMHI), Swedish Ocean Archive (SHARK), versioned phytoplankton data packages.","https://shark.smhi.se/api/dataset/SHARK_Phytoplankton_2019_MEDINS_NORKOM/metadata.json","verified","Downloaded from canonical SHARK package endpoint and passed unzip -t CRC validation."
"DS06",1,"SMHI SHARK","SHARK_Phytoplankton_2019_MEDINS_UVVVF","SHARK:SHARK_Phytoplankton_2019_MEDINS_UVVVF","2025-03-09","canonical_provider","GET","https://shark.smhi.se/api/dataset/download/SHARK_Phytoplankton_2019_MEDINS_UVVVF_version_2025-03-09.zip","9d9a3247cc97a1b3bb1fbc3b46b681c75c8d11713fc52d5739b8a58f1df5145a","2026-08-08T19:15:08Z","stage2/ds06_smhi_shark/DS06_SMHI_SHARK_20260808T191500Z/SHARK_Phytoplankton_2019_MEDINS_UVVVF_version_2025-03-09.zip","SHARK_Phytoplankton_2019_MEDINS_UVVVF_version_2025-03-09.zip",43752,"57560a1aa53aed19362571607edc4af9103ade4565c46ad9ece100da52147bc5","application/zip","verified","open","Official SHARK API documentation states all published data are CC0; corroborated by archived MarineInfo records for national and regional SMHI phytoplankton packages. https://creativecommons.org/publicdomain/zero/1.0/","allowed","Swedish Meteorological and Hydrological Institute (SMHI), Swedish Ocean Archive (SHARK), versioned phytoplankton data packages.","https://shark.smhi.se/api/dataset/SHARK_Phytoplankton_2019_MEDINS_UVVVF/metadata.json","verified","Downloaded from canonical SHARK package endpoint and passed unzip -t CRC validation."
"DS06",1,"SMHI SHARK","SHARK_Phytoplankton_2019_NIRAS","SHARK:SHARK_Phytoplankton_2019_NIRAS","2025-03-09","canonical_provider","GET","https://shark.smhi.se/api/dataset/download/SHARK_Phytoplankton_2019_NIRAS_version_2025-03-09.zip","43e758bca14e2bb1f0975d54d01449633fbb087516240b367e6a1a6cfac10130","2026-08-08T19:15:08Z","stage2/ds06_smhi_shark/DS06_SMHI_SHARK_20260808T191500Z/SHARK_Phytoplankton_2019_NIRAS_version_2025-03-09.zip","SHARK_Phytoplankton_2019_NIRAS_version_2025-03-09.zip",171449,"b287806c8c78244e60f2b4112bc4a5cd67bb2eaf8d3a9e5299d529404e7c538a","application/zip","verified","open","Official SHARK API documentation states all published data are CC0; corroborated by archived MarineInfo records for national and regional SMHI phytoplankton packages. https://creativecommons.org/publicdomain/zero/1.0/","allowed","Swedish Meteorological and Hydrological Institute (SMHI), Swedish Ocean Archive (SHARK), versioned phytoplankton data packages.","https://shark.smhi.se/api/dataset/SHARK_Phytoplankton_2019_NIRAS/metadata.json","verified","Downloaded from canonical SHARK package endpoint and passed unzip -t CRC validation."
"DS06",1,"SMHI SHARK","SHARK_Phytoplankton_2019_PELA_SVAB","SHARK:SHARK_Phytoplankton_2019_PELA_SVAB","2025-03-09","canonical_provider","GET","https://shark.smhi.se/api/dataset/download/SHARK_Phytoplankton_2019_PELA_SVAB_version_2025-03-09.zip","fbeb612ca556cbba768268c0771a2acc43db9426a570e54d0edccaeca52fc9a1","2026-08-08T19:15:09Z","stage2/ds06_smhi_shark/DS06_SMHI_SHARK_20260808T191500Z/SHARK_Phytoplankton_2019_PELA_SVAB_version_2025-03-09.zip","SHARK_Phytoplankton_2019_PELA_SVAB_version_2025-03-09.zip",134702,"08bb4aa31fccfb5db22b32a9f45af69b46fc5f5e57f0ee7ed2561fa446065ecc","application/zip","verified","open","Official SHARK API documentation states all published data are CC0; corroborated by archived MarineInfo records for national and regional SMHI phytoplankton packages. https://creativecommons.org/publicdomain/zero/1.0/","allowed","Swedish Meteorological and Hydrological Institute (SMHI), Swedish Ocean Archive (SHARK), versioned phytoplankton data packages.","https://shark.smhi.se/api/dataset/SHARK_Phytoplankton_2019_PELA_SVAB/metadata.json","verified","Downloaded from canonical SHARK package endpoint and passed unzip -t CRC validation."
"DS06",1,"SMHI SHARK","SHARK_Phytoplankton_2019_SMHI","SHARK:SHARK_Phytoplankton_2019_SMHI","2025-03-09","canonical_provider","GET","https://shark.smhi.se/api/dataset/download/SHARK_Phytoplankton_2019_SMHI_version_2025-03-09.zip","cfda7c354b8945ae5946bbb51b7eebff427a0bc073d4bec9c43c58dbcaec7647","2026-08-08T19:15:09Z","stage2/ds06_smhi_shark/DS06_SMHI_SHARK_20260808T191500Z/SHARK_Phytoplankton_2019_SMHI_version_2025-03-09.zip","SHARK_Phytoplankton_2019_SMHI_version_2025-03-09.zip",316605,"2a632ea422a1655c465a4fcfdeedd0b0770054dcdecf066a4a64705e60a344f7","application/zip","verified","open","Official SHARK API documentation states all published data are CC0; corroborated by archived MarineInfo records for national and regional SMHI phytoplankton packages. https://creativecommons.org/publicdomain/zero/1.0/","allowed","Swedish Meteorological and Hydrological Institute (SMHI), Swedish Ocean Archive (SHARK), versioned phytoplankton data packages.","https://shark.smhi.se/api/dataset/SHARK_Phytoplankton_2019_SMHI/metadata.json","verified","Downloaded from canonical SHARK package endpoint and passed unzip -t CRC validation."
"DS06",1,"SMHI SHARK","SHARK_Phytoplankton_2019_SMHI_BVVF","SHARK:SHARK_Phytoplankton_2019_SMHI_BVVF","2025-03-09","canonical_provider","GET","https://shark.smhi.se/api/dataset/download/SHARK_Phytoplankton_2019_SMHI_BVVF_version_2025-03-09.zip","118f44fe1f23398b4437918078482530d4667c3ca39895dbb2b71de0293384f7","2026-08-08T19:15:10Z","stage2/ds06_smhi_shark/DS06_SMHI_SHARK_20260808T191500Z/SHARK_Phytoplankton_2019_SMHI_BVVF_version_2025-03-09.zip","SHARK_Phytoplankton_2019_SMHI_BVVF_version_2025-03-09.zip",700681,"abfa93326a3c955cdfd11614bacae88c60bd32cc6f024d0aed2fd32ad14bce9c","application/zip","verified","open","Official SHARK API documentation states all published data are CC0; corroborated by archived MarineInfo records for national and regional SMHI phytoplankton packages. https://creativecommons.org/publicdomain/zero/1.0/","allowed","Swedish Meteorological and Hydrological Institute (SMHI), Swedish Ocean Archive (SHARK), versioned phytoplankton data packages.","https://shark.smhi.se/api/dataset/SHARK_Phytoplankton_2019_SMHI_BVVF/metadata.json","verified","Downloaded from canonical SHARK package endpoint and passed unzip -t CRC validation."
"DS06",1,"SMHI SHARK","SHARK_Phytoplankton_2019_SMHI_ColorFantasy","SHARK:SHARK_Phytoplankton_2019_SMHI_ColorFantasy","2025-03-09","canonical_provider","GET","https://shark.smhi.se/api/dataset/download/SHARK_Phytoplankton_2019_SMHI_ColorFantasy_version_2025-03-09.zip","aaa353a17562381e44fda893bf21244eaadb1d479e84cac3446e5c7bd4b95de5","2026-08-08T19:15:10Z","stage2/ds06_smhi_shark/DS06_SMHI_SHARK_20260808T191500Z/SHARK_Phytoplankton_2019_SMHI_ColorFantasy_version_2025-03-09.zip","SHARK_Phytoplankton_2019_SMHI_ColorFantasy_version_2025-03-09.zip",73059,"b03c0f28205b13eea85e1319118022dc9c94fa5cc883e61025797ebf6160eae7","application/zip","verified","open","Official SHARK API documentation states all published data are CC0; corroborated by archived MarineInfo records for national and regional SMHI phytoplankton packages. https://creativecommons.org/publicdomain/zero/1.0/","allowed","Swedish Meteorological and Hydrological Institute (SMHI), Swedish Ocean Archive (SHARK), versioned phytoplankton data packages.","https://shark.smhi.se/api/dataset/SHARK_Phytoplankton_2019_SMHI_ColorFantasy/metadata.json","verified","Downloaded from canonical SHARK package endpoint and passed unzip -t CRC validation."
"DS06",1,"SMHI SHARK","SHARK_Phytoplankton_2019_SMHI_DNA","SHARK:SHARK_Phytoplankton_2019_SMHI_DNA","2025-03-09","canonical_provider","GET","https://shark.smhi.se/api/dataset/download/SHARK_Phytoplankton_2019_SMHI_DNA_version_2025-03-09.zip","e0c185cdd0eb3e8bbe7877b5ca3fa0b1da5099363362e1daeff00d5a872840e5","2026-08-08T19:15:10Z","stage2/ds06_smhi_shark/DS06_SMHI_SHARK_20260808T191500Z/SHARK_Phytoplankton_2019_SMHI_DNA_version_2025-03-09.zip","SHARK_Phytoplankton_2019_SMHI_DNA_version_2025-03-09.zip",122501,"1cf7f1ebbb93837312d0f433e569208efac81002c2c2d63c2e5fcfe224d0d853","application/zip","verified","open","Official SHARK API documentation states all published data are CC0; corroborated by archived MarineInfo records for national and regional SMHI phytoplankton packages. https://creativecommons.org/publicdomain/zero/1.0/","allowed","Swedish Meteorological and Hydrological Institute (SMHI), Swedish Ocean Archive (SHARK), versioned phytoplankton data packages.","https://shark.smhi.se/api/dataset/SHARK_Phytoplankton_2019_SMHI_DNA/metadata.json","verified","Downloaded from canonical SHARK package endpoint and passed unzip -t CRC validation."
"DS06",1,"SMHI SHARK","SHARK_Phytoplankton_2019_SMHI_OLST","SHARK:SHARK_Phytoplankton_2019_SMHI_OLST","2025-03-09","canonical_provider","GET","https://shark.smhi.se/api/dataset/download/SHARK_Phytoplankton_2019_SMHI_OLST_version_2025-03-09.zip","c20e53bd3e37974f502bcf989631a3ef39cd9d70d816fbb4837d15caebbe4273","2026-08-08T19:15:10Z","stage2/ds06_smhi_shark/DS06_SMHI_SHARK_20260808T191500Z/SHARK_Phytoplankton_2019_SMHI_OLST_version_2025-03-09.zip","SHARK_Phytoplankton_2019_SMHI_OLST_version_2025-03-09.zip",117982,"1985b712717197f14bf5e1e0b6e70a1b5b5fe48f5b8c674e6ba1e9a5f5fdabc8","application/zip","verified","open","Official SHARK API documentation states all published data are CC0; corroborated by archived MarineInfo records for national and regional SMHI phytoplankton packages. https://creativecommons.org/publicdomain/zero/1.0/","allowed","Swedish Meteorological and Hydrological Institute (SMHI), Swedish Ocean Archive (SHARK), versioned phytoplankton data packages.","https://shark.smhi.se/api/dataset/SHARK_Phytoplankton_2019_SMHI_OLST/metadata.json","verified","Downloaded from canonical SHARK package endpoint and passed unzip -t CRC validation."
"DS06",1,"SMHI SHARK","SHARK_Phytoplankton_2019_SMHI_SLV_biotox","SHARK:SHARK_Phytoplankton_2019_SMHI_SLV_biotox","2025-03-11","canonical_provider","GET","https://shark.smhi.se/api/dataset/download/SHARK_Phytoplankton_2019_SMHI_SLV_biotox_version_2025-03-11.zip","4a4f9572eeef9fc1d1ddf4271680f55a04f89605e1d578969c1def44df0ecd6e","2026-08-08T19:15:10Z","stage2/ds06_smhi_shark/DS06_SMHI_SHARK_20260808T191500Z/SHARK_Phytoplankton_2019_SMHI_SLV_biotox_version_2025-03-11.zip","SHARK_Phytoplankton_2019_SMHI_SLV_biotox_version_2025-03-11.zip",32734,"ed0a8b5795bcca2f6df2d0d313d160bd24b9f60a4e3655328e2779489e88723c","application/zip","verified","open","Official SHARK API documentation states all published data are CC0; corroborated by archived MarineInfo records for national and regional SMHI phytoplankton packages. https://creativecommons.org/publicdomain/zero/1.0/","allowed","Swedish Meteorological and Hydrological Institute (SMHI), Swedish Ocean Archive (SHARK), versioned phytoplankton data packages.","https://shark.smhi.se/api/dataset/SHARK_Phytoplankton_2019_SMHI_SLV_biotox/metadata.json","verified","Downloaded from canonical SHARK package endpoint and passed unzip -t CRC validation."
"DS06",1,"SMHI SHARK","SHARK_Phytoplankton_2019_UMSC","SHARK:SHARK_Phytoplankton_2019_UMSC","2025-03-09","canonical_provider","GET","https://shark.smhi.se/api/dataset/download/SHARK_Phytoplankton_2019_UMSC_version_2025-03-09.zip","59dedcd4a374f0661d75e487624d6aabed69810a586db690783ec7dea8353149","2026-08-08T19:15:11Z","stage2/ds06_smhi_shark/DS06_SMHI_SHARK_20260808T191500Z/SHARK_Phytoplankton_2019_UMSC_version_2025-03-09.zip","SHARK_Phytoplankton_2019_UMSC_version_2025-03-09.zip",178854,"fd2e4a16adeeb8727b9813e67d6af35f094abe5381a59cf5b71824fe40927424","application/zip","verified","open","Official SHARK API documentation states all published data are CC0; corroborated by archived MarineInfo records for national and regional SMHI phytoplankton packages. https://creativecommons.org/publicdomain/zero/1.0/","allowed","Swedish Meteorological and Hydrological Institute (SMHI), Swedish Ocean Archive (SHARK), versioned phytoplankton data packages.","https://shark.smhi.se/api/dataset/SHARK_Phytoplankton_2019_UMSC/metadata.json","verified","Downloaded from canonical SHARK package endpoint and passed unzip -t CRC validation."
"DS06",1,"SMHI SHARK","SHARK_Phytoplankton_2019_UMSC_DNA","SHARK:SHARK_Phytoplankton_2019_UMSC_DNA","2025-03-09","canonical_provider","GET","https://shark.smhi.se/api/dataset/download/SHARK_Phytoplankton_2019_UMSC_DNA_version_2025-03-09.zip","d4c5ec0b707200ba312907537e6e4e3766900b200729d8b9bd38bee31888b522","2026-08-08T19:15:11Z","stage2/ds06_smhi_shark/DS06_SMHI_SHARK_20260808T191500Z/SHARK_Phytoplankton_2019_UMSC_DNA_version_2025-03-09.zip","SHARK_Phytoplankton_2019_UMSC_DNA_version_2025-03-09.zip",55738,"688d4d1caf1cbf94cf7971c819b0b368db13f77a2303d79c76ec8f87baa2da56","application/zip","verified","open","Official SHARK API documentation states all published data are CC0; corroborated by archived MarineInfo records for national and regional SMHI phytoplankton packages. https://creativecommons.org/publicdomain/zero/1.0/","allowed","Swedish Meteorological and Hydrological Institute (SMHI), Swedish Ocean Archive (SHARK), versioned phytoplankton data packages.","https://shark.smhi.se/api/dataset/SHARK_Phytoplankton_2019_UMSC_DNA/metadata.json","verified","Downloaded from canonical SHARK package endpoint and passed unzip -t CRC validation."
"DS06",1,"SMHI SHARK","SHARK_Phytoplankton_2019_WEAQ_NLST","SHARK:SHARK_Phytoplankton_2019_WEAQ_NLST","2025-03-09","canonical_provider","GET","https://shark.smhi.se/api/dataset/download/SHARK_Phytoplankton_2019_WEAQ_NLST_version_2025-03-09.zip","a7acfde55f38969db0b2e1bb61bb6bbbb4468a46cba58a24c764a07e4b999181","2026-08-08T19:15:11Z","stage2/ds06_smhi_shark/DS06_SMHI_SHARK_20260808T191500Z/SHARK_Phytoplankton_2019_WEAQ_NLST_version_2025-03-09.zip","SHARK_Phytoplankton_2019_WEAQ_NLST_version_2025-03-09.zip",182098,"a9dfca883474d1856445d6ff2c3276bb12724bbdd6b72709b39fd20127eea10a","application/zip","verified","open","Official SHARK API documentation states all published data are CC0; corroborated by archived MarineInfo records for national and regional SMHI phytoplankton packages. https://creativecommons.org/publicdomain/zero/1.0/","allowed","Swedish Meteorological and Hydrological Institute (SMHI), Swedish Ocean Archive (SHARK), versioned phytoplankton data packages.","https://shark.smhi.se/api/dataset/SHARK_Phytoplankton_2019_WEAQ_NLST/metadata.json","verified","Downloaded from canonical SHARK package endpoint and passed unzip -t CRC validation."
"DS06",1,"SMHI SHARK","SHARK_Phytoplankton_2020_2021_UMSC_HAV","SHARK:SHARK_Phytoplankton_2020_2021_UMSC_HAV","2025-03-09","canonical_provider","GET","https://shark.smhi.se/api/dataset/download/SHARK_Phytoplankton_2020_2021_UMSC_HAV_version_2025-03-09.zip","faf4c7eed0c5ffa2061da6f3c71b62c9315108421d585c149c38cd9147714ba1","2026-08-08T19:15:11Z","stage2/ds06_smhi_shark/DS06_SMHI_SHARK_20260808T191500Z/SHARK_Phytoplankton_2020_2021_UMSC_HAV_version_2025-03-09.zip","SHARK_Phytoplankton_2020_2021_UMSC_HAV_version_2025-03-09.zip",32500,"5653dfb90b741de1d6bcae3f53591391e99ce8e2fb86e0f416d42ff0d3766f8f","application/zip","verified","open","Official SHARK API documentation states all published data are CC0; corroborated by archived MarineInfo records for national and regional SMHI phytoplankton packages. https://creativecommons.org/publicdomain/zero/1.0/","allowed","Swedish Meteorological and Hydrological Institute (SMHI), Swedish Ocean Archive (SHARK), versioned phytoplankton data packages.","https://shark.smhi.se/api/dataset/SHARK_Phytoplankton_2020_2021_UMSC_HAV/metadata.json","verified","Downloaded from canonical SHARK package endpoint and passed unzip -t CRC validation."
"DS06",1,"SMHI SHARK","SHARK_Phytoplankton_2020_DEEP","SHARK:SHARK_Phytoplankton_2020_DEEP","2025-03-09","canonical_provider","GET","https://shark.smhi.se/api/dataset/download/SHARK_Phytoplankton_2020_DEEP_version_2025-03-09.zip","b0bfc8607b50bb30a8054479184b6671d2dbd1813c622e1f9cbfab5854df605b","2026-08-08T19:15:11Z","stage2/ds06_smhi_shark/DS06_SMHI_SHARK_20260808T191500Z/SHARK_Phytoplankton_2020_DEEP_version_2025-03-09.zip","SHARK_Phytoplankton_2020_DEEP_version_2025-03-09.zip",204754,"8d59307e5bf7a15be552503d1fee87d7efc8c76dc858ee2a0aec8198f1734540","application/zip","verified","open","Official SHARK API documentation states all published data are CC0; corroborated by archived MarineInfo records for national and regional SMHI phytoplankton packages. https://creativecommons.org/publicdomain/zero/1.0/","allowed","Swedish Meteorological and Hydrological Institute (SMHI), Swedish Ocean Archive (SHARK), versioned phytoplankton data packages.","https://shark.smhi.se/api/dataset/SHARK_Phytoplankton_2020_DEEP/metadata.json","verified","Downloaded from canonical SHARK package endpoint and passed unzip -t CRC validation."
"DS06",1,"SMHI SHARK","SHARK_Phytoplankton_2020_DEEP_ELST","SHARK:SHARK_Phytoplankton_2020_DEEP_ELST","2025-03-09","canonical_provider","GET","https://shark.smhi.se/api/dataset/download/SHARK_Phytoplankton_2020_DEEP_ELST_version_2025-03-09.zip","38922182c27a7490c6fe3b74df6eb09cb3d9fc6524801b2e78c1a8b268029aab","2026-08-08T19:15:11Z","stage2/ds06_smhi_shark/DS06_SMHI_SHARK_20260808T191500Z/SHARK_Phytoplankton_2020_DEEP_ELST_version_2025-03-09.zip","SHARK_Phytoplankton_2020_DEEP_ELST_version_2025-03-09.zip",128250,"0235788ca27800348be67ab1a69055fbaaa52c34f7f0e8012b74a5f7cb6b5532","application/zip","verified","open","Official SHARK API documentation states all published data are CC0; corroborated by archived MarineInfo records for national and regional SMHI phytoplankton packages. https://creativecommons.org/publicdomain/zero/1.0/","allowed","Swedish Meteorological and Hydrological Institute (SMHI), Swedish Ocean Archive (SHARK), versioned phytoplankton data packages.","https://shark.smhi.se/api/dataset/SHARK_Phytoplankton_2020_DEEP_ELST/metadata.json","verified","Downloaded from canonical SHARK package endpoint and passed unzip -t CRC validation."
"DS06",1,"SMHI SHARK","SHARK_Phytoplankton_2020_DEEP_SKVVF","SHARK:SHARK_Phytoplankton_2020_DEEP_SKVVF","2025-03-09","canonical_provider","GET","https://shark.smhi.se/api/dataset/download/SHARK_Phytoplankton_2020_DEEP_SKVVF_version_2025-03-09.zip","36408093f0fd45a5abd0a056a7f2d9f1821758485efcc404b924e437906641a5","2026-08-08T19:15:12Z","stage2/ds06_smhi_shark/DS06_SMHI_SHARK_20260808T191500Z/SHARK_Phytoplankton_2020_DEEP_SKVVF_version_2025-03-09.zip","SHARK_Phytoplankton_2020_DEEP_SKVVF_version_2025-03-09.zip",363515,"3ac7eb9ba03e250d82111ad28c50ede1b5c03a3635977988a6a5c021bd7511b5","application/zip","verified","open","Official SHARK API documentation states all published data are CC0; corroborated by archived MarineInfo records for national and regional SMHI phytoplankton packages. https://creativecommons.org/publicdomain/zero/1.0/","allowed","Swedish Meteorological and Hydrological Institute (SMHI), Swedish Ocean Archive (SHARK), versioned phytoplankton data packages.","https://shark.smhi.se/api/dataset/SHARK_Phytoplankton_2020_DEEP_SKVVF/metadata.json","verified","Downloaded from canonical SHARK package endpoint and passed unzip -t CRC validation."
"DS06",1,"SMHI SHARK","SHARK_Phytoplankton_2020_MEDINS_DVVF","SHARK:SHARK_Phytoplankton_2020_MEDINS_DVVF","2025-03-09","canonical_provider","GET","https://shark.smhi.se/api/dataset/download/SHARK_Phytoplankton_2020_MEDINS_DVVF_version_2025-03-09.zip","ab5ab5875917e93a76dfb4eae0199c0a145dec5f801ed21017538f5782a4a792","2026-08-08T19:15:12Z","stage2/ds06_smhi_shark/DS06_SMHI_SHARK_20260808T191500Z/SHARK_Phytoplankton_2020_MEDINS_DVVF_version_2025-03-09.zip","SHARK_Phytoplankton_2020_MEDINS_DVVF_version_2025-03-09.zip",15980,"b1a6f1d8883eecf1c42e6db21f834c4c838075d789c107ec019bcb230864b637","application/zip","verified","open","Official SHARK API documentation states all published data are CC0; corroborated by archived MarineInfo records for national and regional SMHI phytoplankton packages. https://creativecommons.org/publicdomain/zero/1.0/","allowed","Swedish Meteorological and Hydrological Institute (SMHI), Swedish Ocean Archive (SHARK), versioned phytoplankton data packages.","https://shark.smhi.se/api/dataset/SHARK_Phytoplankton_2020_MEDINS_DVVF/metadata.json","verified","Downloaded from canonical SHARK package endpoint and passed unzip -t CRC validation."
"DS06",1,"SMHI SHARK","SHARK_Phytoplankton_2020_MEDINS_LVVF","SHARK:SHARK_Phytoplankton_2020_MEDINS_LVVF","2025-03-09","canonical_provider","GET","https://shark.smhi.se/api/dataset/download/SHARK_Phytoplankton_2020_MEDINS_LVVF_version_2025-03-09.zip","0ed687dc0f9d91115193848ebb171d67d3ccdbb92f8b71f7669939b79285740a","2026-08-08T19:15:12Z","stage2/ds06_smhi_shark/DS06_SMHI_SHARK_20260808T191500Z/SHARK_Phytoplankton_2020_MEDINS_LVVF_version_2025-03-09.zip","SHARK_Phytoplankton_2020_MEDINS_LVVF_version_2025-03-09.zip",14408,"b11d5a592857dccedd4066fc55a18f0d9ca4c7af0884a98391ba77e076b54c5b","application/zip","verified","open","Official SHARK API documentation states all published data are CC0; corroborated by archived MarineInfo records for national and regional SMHI phytoplankton packages. https://creativecommons.org/publicdomain/zero/1.0/","allowed","Swedish Meteorological and Hydrological Institute (SMHI), Swedish Ocean Archive (SHARK), versioned phytoplankton data packages.","https://shark.smhi.se/api/dataset/SHARK_Phytoplankton_2020_MEDINS_LVVF/metadata.json","verified","Downloaded from canonical SHARK package endpoint and passed unzip -t CRC validation."
"DS06",1,"SMHI SHARK","SHARK_Phytoplankton_2020_MEDINS_MSVVF","SHARK:SHARK_Phytoplankton_2020_MEDINS_MSVVF","2025-03-09","canonical_provider","GET","https://shark.smhi.se/api/dataset/download/SHARK_Phytoplankton_2020_MEDINS_MSVVF_version_2025-03-09.zip","08d6c1ea507ec8aeb4e369b121b69ea4001933aadb28ccec6d07f597a354ea5b","2026-08-08T19:15:12Z","stage2/ds06_smhi_shark/DS06_SMHI_SHARK_20260808T191500Z/SHARK_Phytoplankton_2020_MEDINS_MSVVF_version_2025-03-09.zip","SHARK_Phytoplankton_2020_MEDINS_MSVVF_version_2025-03-09.zip",47813,"dbb372c34d88c74908dea2b47fa71249cfa7306708f0442b9cab29951a6fc41f","application/zip","verified","open","Official SHARK API documentation states all published data are CC0; corroborated by archived MarineInfo records for national and regional SMHI phytoplankton packages. https://creativecommons.org/publicdomain/zero/1.0/","allowed","Swedish Meteorological and Hydrological Institute (SMHI), Swedish Ocean Archive (SHARK), versioned phytoplankton data packages.","https://shark.smhi.se/api/dataset/SHARK_Phytoplankton_2020_MEDINS_MSVVF/metadata.json","verified","Downloaded from canonical SHARK package endpoint and passed unzip -t CRC validation."
"DS06",1,"SMHI SHARK","SHARK_Phytoplankton_2020_MEDINS_NORKOM","SHARK:SHARK_Phytoplankton_2020_MEDINS_NORKOM","2025-03-09","canonical_provider","GET","https://shark.smhi.se/api/dataset/download/SHARK_Phytoplankton_2020_MEDINS_NORKOM_version_2025-03-09.zip","86c0eb39fc94640812bcc329d841bb7210f09756191b1bddb2ef5385e8650a1d","2026-08-08T19:15:12Z","stage2/ds06_smhi_shark/DS06_SMHI_SHARK_20260808T191500Z/SHARK_Phytoplankton_2020_MEDINS_NORKOM_version_2025-03-09.zip","SHARK_Phytoplankton_2020_MEDINS_NORKOM_version_2025-03-09.zip",7003,"04ebecbfb38a5e298d783b23fe79ef6b4418965e6496ba7e924a4848b79128a9","application/zip","verified","open","Official SHARK API documentation states all published data are CC0; corroborated by archived MarineInfo records for national and regional SMHI phytoplankton packages. https://creativecommons.org/publicdomain/zero/1.0/","allowed","Swedish Meteorological and Hydrological Institute (SMHI), Swedish Ocean Archive (SHARK), versioned phytoplankton data packages.","https://shark.smhi.se/api/dataset/SHARK_Phytoplankton_2020_MEDINS_NORKOM/metadata.json","verified","Downloaded from canonical SHARK package endpoint and passed unzip -t CRC validation."
"DS06",1,"SMHI SHARK","SHARK_Phytoplankton_2020_MEDINS_UVVVF","SHARK:SHARK_Phytoplankton_2020_MEDINS_UVVVF","2025-03-09","canonical_provider","GET","https://shark.smhi.se/api/dataset/download/SHARK_Phytoplankton_2020_MEDINS_UVVVF_version_2025-03-09.zip","ad07b57473ed3368eb608cc8b3592db74be43e74d3f8dc264921b6c4bb56cbaf","2026-08-08T19:15:12Z","stage2/ds06_smhi_shark/DS06_SMHI_SHARK_20260808T191500Z/SHARK_Phytoplankton_2020_MEDINS_UVVVF_version_2025-03-09.zip","SHARK_Phytoplankton_2020_MEDINS_UVVVF_version_2025-03-09.zip",52144,"08e2b56e98751160a69e8088446b9280436624f41146e75ecca4a440b732f3be","application/zip","verified","open","Official SHARK API documentation states all published data are CC0; corroborated by archived MarineInfo records for national and regional SMHI phytoplankton packages. https://creativecommons.org/publicdomain/zero/1.0/","allowed","Swedish Meteorological and Hydrological Institute (SMHI), Swedish Ocean Archive (SHARK), versioned phytoplankton data packages.","https://shark.smhi.se/api/dataset/SHARK_Phytoplankton_2020_MEDINS_UVVVF/metadata.json","verified","Downloaded from canonical SHARK package endpoint and passed unzip -t CRC validation."
"DS06",1,"SMHI SHARK","SHARK_Phytoplankton_2020_NIRAS_SYDVVF_VHVVF_NVSKK_OVVF","SHARK:SHARK_Phytoplankton_2020_NIRAS_SYDVVF_VHVVF_NVSKK_OVVF","2025-03-09","canonical_provider","GET","https://shark.smhi.se/api/dataset/download/SHARK_Phytoplankton_2020_NIRAS_SYDVVF_VHVVF_NVSKK_OVVF_version_2025-03-09.zip","0ca17f52cc321c82fdbf2b670f652b03d78096a7f3c0982f96743a9b331d2ba9","2026-08-08T19:15:12Z","stage2/ds06_smhi_shark/DS06_SMHI_SHARK_20260808T191500Z/SHARK_Phytoplankton_2020_NIRAS_SYDVVF_VHVVF_NVSKK_OVVF_version_2025-03-09.zip","SHARK_Phytoplankton_2020_NIRAS_SYDVVF_VHVVF_NVSKK_OVVF_version_2025-03-09.zip",145856,"5c8d1679aad239304d611dae769a8d7524958ce15d8c23eb7568877b48e75469","application/zip","verified","open","Official SHARK API documentation states all published data are CC0; corroborated by archived MarineInfo records for national and regional SMHI phytoplankton packages. https://creativecommons.org/publicdomain/zero/1.0/","allowed","Swedish Meteorological and Hydrological Institute (SMHI), Swedish Ocean Archive (SHARK), versioned phytoplankton data packages.","https://shark.smhi.se/api/dataset/SHARK_Phytoplankton_2020_NIRAS_SYDVVF_VHVVF_NVSKK_OVVF/metadata.json","verified","Downloaded from canonical SHARK package endpoint and passed unzip -t CRC validation."
"DS06",1,"SMHI SHARK","SHARK_Phytoplankton_2020_PELA_GVVF","SHARK:SHARK_Phytoplankton_2020_PELA_GVVF","2025-03-09","canonical_provider","GET","https://shark.smhi.se/api/dataset/download/SHARK_Phytoplankton_2020_PELA_GVVF_version_2025-03-09.zip","3960b506fc4f553769570b17a904378c9f677320b34d3902d8f3f3e3dc8bb4f2","2026-08-08T19:15:13Z","stage2/ds06_smhi_shark/DS06_SMHI_SHARK_20260808T191500Z/SHARK_Phytoplankton_2020_PELA_GVVF_version_2025-03-09.zip","SHARK_Phytoplankton_2020_PELA_GVVF_version_2025-03-09.zip",12479,"f7830b540ffea95e0b9acf8a12c448c8bc5ceefebceff9aff6c3a75b1f29cba3","application/zip","verified","open","Official SHARK API documentation states all published data are CC0; corroborated by archived MarineInfo records for national and regional SMHI phytoplankton packages. https://creativecommons.org/publicdomain/zero/1.0/","allowed","Swedish Meteorological and Hydrological Institute (SMHI), Swedish Ocean Archive (SHARK), versioned phytoplankton data packages.","https://shark.smhi.se/api/dataset/SHARK_Phytoplankton_2020_PELA_GVVF/metadata.json","verified","Downloaded from canonical SHARK package endpoint and passed unzip -t CRC validation."
"DS06",1,"SMHI SHARK","SHARK_Phytoplankton_2020_PELA_SVAB","SHARK:SHARK_Phytoplankton_2020_PELA_SVAB","2025-03-09","canonical_provider","GET","https://shark.smhi.se/api/dataset/download/SHARK_Phytoplankton_2020_PELA_SVAB_version_2025-03-09.zip","f7c0fdf619deb57db0f9e6499b9808392dd4a67c1f5372ecbf0536daf22750d4","2026-08-08T19:15:13Z","stage2/ds06_smhi_shark/DS06_SMHI_SHARK_20260808T191500Z/SHARK_Phytoplankton_2020_PELA_SVAB_version_2025-03-09.zip","SHARK_Phytoplankton_2020_PELA_SVAB_version_2025-03-09.zip",100164,"db06de206f0f3f70e7392e6f6fb6fe07b34fb0846e23d8b01497ad40e5889fdd","application/zip","verified","open","Official SHARK API documentation states all published data are CC0; corroborated by archived MarineInfo records for national and regional SMHI phytoplankton packages. https://creativecommons.org/publicdomain/zero/1.0/","allowed","Swedish Meteorological and Hydrological Institute (SMHI), Swedish Ocean Archive (SHARK), versioned phytoplankton data packages.","https://shark.smhi.se/api/dataset/SHARK_Phytoplankton_2020_PELA_SVAB/metadata.json","verified","Downloaded from canonical SHARK package endpoint and passed unzip -t CRC validation."
"DS06",1,"SMHI SHARK","SHARK_Phytoplankton_2020_SMHI","SHARK:SHARK_Phytoplankton_2020_SMHI","2025-03-09","canonical_provider","GET","https://shark.smhi.se/api/dataset/download/SHARK_Phytoplankton_2020_SMHI_version_2025-03-09.zip","d81b654889539c3464eac7e5cf39106ed914bf084da0cf00237ed96ee7bbebca","2026-08-08T19:15:13Z","stage2/ds06_smhi_shark/DS06_SMHI_SHARK_20260808T191500Z/SHARK_Phytoplankton_2020_SMHI_version_2025-03-09.zip","SHARK_Phytoplankton_2020_SMHI_version_2025-03-09.zip",390519,"88422bcbe3297634874f0bb8c7b81cfa8ff8e5bdbdab1f58363121aa57084244","application/zip","verified","open","Official SHARK API documentation states all published data are CC0; corroborated by archived MarineInfo records for national and regional SMHI phytoplankton packages. https://creativecommons.org/publicdomain/zero/1.0/","allowed","Swedish Meteorological and Hydrological Institute (SMHI), Swedish Ocean Archive (SHARK), versioned phytoplankton data packages.","https://shark.smhi.se/api/dataset/SHARK_Phytoplankton_2020_SMHI/metadata.json","verified","Downloaded from canonical SHARK package endpoint and passed unzip -t CRC validation."
"DS06",1,"SMHI SHARK","SHARK_Phytoplankton_2020_SMHI_BVVF","SHARK:SHARK_Phytoplankton_2020_SMHI_BVVF","2025-03-09","canonical_provider","GET","https://shark.smhi.se/api/dataset/download/SHARK_Phytoplankton_2020_SMHI_BVVF_version_2025-03-09.zip","505903c50068e3413b2a1ca917f19f459d4544470751deaad3a64091751fcd5f","2026-08-08T19:15:14Z","stage2/ds06_smhi_shark/DS06_SMHI_SHARK_20260808T191500Z/SHARK_Phytoplankton_2020_SMHI_BVVF_version_2025-03-09.zip","SHARK_Phytoplankton_2020_SMHI_BVVF_version_2025-03-09.zip",726392,"e36ea8a561cf24699ce27f4442d412fbbebe7fb496d15c2e4a7f6dc4f27417cd","application/zip","verified","open","Official SHARK API documentation states all published data are CC0; corroborated by archived MarineInfo records for national and regional SMHI phytoplankton packages. https://creativecommons.org/publicdomain/zero/1.0/","allowed","Swedish Meteorological and Hydrological Institute (SMHI), Swedish Ocean Archive (SHARK), versioned phytoplankton data packages.","https://shark.smhi.se/api/dataset/SHARK_Phytoplankton_2020_SMHI_BVVF/metadata.json","verified","Downloaded from canonical SHARK package endpoint and passed unzip -t CRC validation."
"DS06",1,"SMHI SHARK","SHARK_Phytoplankton_2020_SMHI_ColorFantasy","SHARK:SHARK_Phytoplankton_2020_SMHI_ColorFantasy","2025-03-09","canonical_provider","GET","https://shark.smhi.se/api/dataset/download/SHARK_Phytoplankton_2020_SMHI_ColorFantasy_version_2025-03-09.zip","ee99908e860c1c0989cb062dc6c53a10465ca692e328fe7d5cf38d08a7aaea3e","2026-08-08T19:15:14Z","stage2/ds06_smhi_shark/DS06_SMHI_SHARK_20260808T191500Z/SHARK_Phytoplankton_2020_SMHI_ColorFantasy_version_2025-03-09.zip","SHARK_Phytoplankton_2020_SMHI_ColorFantasy_version_2025-03-09.zip",93323,"18ed35d0a3affc0815bfca9b33ed15cf985e0aa1ac07e0c08e732f22e0317e91","application/zip","verified","open","Official SHARK API documentation states all published data are CC0; corroborated by archived MarineInfo records for national and regional SMHI phytoplankton packages. https://creativecommons.org/publicdomain/zero/1.0/","allowed","Swedish Meteorological and Hydrological Institute (SMHI), Swedish Ocean Archive (SHARK), versioned phytoplankton data packages.","https://shark.smhi.se/api/dataset/SHARK_Phytoplankton_2020_SMHI_ColorFantasy/metadata.json","verified","Downloaded from canonical SHARK package endpoint and passed unzip -t CRC validation."
"DS06",1,"SMHI SHARK","SHARK_Phytoplankton_2020_SMHI_OLST","SHARK:SHARK_Phytoplankton_2020_SMHI_OLST","2025-03-09","canonical_provider","GET","https://shark.smhi.se/api/dataset/download/SHARK_Phytoplankton_2020_SMHI_OLST_version_2025-03-09.zip","461c1a7236be0639f2a0b1dd3c5299e5fab75351c8b7078ad9e166b06b1d89ec","2026-08-08T19:15:14Z","stage2/ds06_smhi_shark/DS06_SMHI_SHARK_20260808T191500Z/SHARK_Phytoplankton_2020_SMHI_OLST_version_2025-03-09.zip","SHARK_Phytoplankton_2020_SMHI_OLST_version_2025-03-09.zip",191496,"0d223fb25b17ef770c694612a6e0613459eb731bc717e3c4db1c5aeaf1ac06d6","application/zip","verified","open","Official SHARK API documentation states all published data are CC0; corroborated by archived MarineInfo records for national and regional SMHI phytoplankton packages. https://creativecommons.org/publicdomain/zero/1.0/","allowed","Swedish Meteorological and Hydrological Institute (SMHI), Swedish Ocean Archive (SHARK), versioned phytoplankton data packages.","https://shark.smhi.se/api/dataset/SHARK_Phytoplankton_2020_SMHI_OLST/metadata.json","verified","Downloaded from canonical SHARK package endpoint and passed unzip -t CRC validation."
"DS06",1,"SMHI SHARK","SHARK_Phytoplankton_2020_SMHI_SLV_biotox","SHARK:SHARK_Phytoplankton_2020_SMHI_SLV_biotox","2025-03-11","canonical_provider","GET","https://shark.smhi.se/api/dataset/download/SHARK_Phytoplankton_2020_SMHI_SLV_biotox_version_2025-03-11.zip","f17aba41c8511c49855c70390f2731c0c25eb3a52372d0e689606138bb8ab7c5","2026-08-08T19:15:14Z","stage2/ds06_smhi_shark/DS06_SMHI_SHARK_20260808T191500Z/SHARK_Phytoplankton_2020_SMHI_SLV_biotox_version_2025-03-11.zip","SHARK_Phytoplankton_2020_SMHI_SLV_biotox_version_2025-03-11.zip",37704,"1ac9b35cfb374ffb8cb4920ffbfdc747a383a16029c0ace75bc71ef3849d5d02","application/zip","verified","open","Official SHARK API documentation states all published data are CC0; corroborated by archived MarineInfo records for national and regional SMHI phytoplankton packages. https://creativecommons.org/publicdomain/zero/1.0/","allowed","Swedish Meteorological and Hydrological Institute (SMHI), Swedish Ocean Archive (SHARK), versioned phytoplankton data packages.","https://shark.smhi.se/api/dataset/SHARK_Phytoplankton_2020_SMHI_SLV_biotox/metadata.json","verified","Downloaded from canonical SHARK package endpoint and passed unzip -t CRC validation."
"DS06",1,"SMHI SHARK","SHARK_Phytoplankton_2020_UMSC","SHARK:SHARK_Phytoplankton_2020_UMSC","2025-03-09","canonical_provider","GET","https://shark.smhi.se/api/dataset/download/SHARK_Phytoplankton_2020_UMSC_version_2025-03-09.zip","3a8d011dffb7facc2f73b338581393387e63aac812fae65ac70ee7654170d580","2026-08-08T19:15:14Z","stage2/ds06_smhi_shark/DS06_SMHI_SHARK_20260808T191500Z/SHARK_Phytoplankton_2020_UMSC_version_2025-03-09.zip","SHARK_Phytoplankton_2020_UMSC_version_2025-03-09.zip",211212,"811fa323338b1822530a6eef36b7dabd43c5a6213c787b1ed9d4b53c3fe70287","application/zip","verified","open","Official SHARK API documentation states all published data are CC0; corroborated by archived MarineInfo records for national and regional SMHI phytoplankton packages. https://creativecommons.org/publicdomain/zero/1.0/","allowed","Swedish Meteorological and Hydrological Institute (SMHI), Swedish Ocean Archive (SHARK), versioned phytoplankton data packages.","https://shark.smhi.se/api/dataset/SHARK_Phytoplankton_2020_UMSC/metadata.json","verified","Downloaded from canonical SHARK package endpoint and passed unzip -t CRC validation."
"DS06",1,"SMHI SHARK","SHARK_Phytoplankton_2020_UMSC_ACLST","SHARK:SHARK_Phytoplankton_2020_UMSC_ACLST","2025-03-09","canonical_provider","GET","https://shark.smhi.se/api/dataset/download/SHARK_Phytoplankton_2020_UMSC_ACLST_version_2025-03-09.zip","df1e130e828183bd3db3103e23934172c079f7bfc1ee3af8437f3ba95281ae56","2026-08-08T19:15:14Z","stage2/ds06_smhi_shark/DS06_SMHI_SHARK_20260808T191500Z/SHARK_Phytoplankton_2020_UMSC_ACLST_version_2025-03-09.zip","SHARK_Phytoplankton_2020_UMSC_ACLST_version_2025-03-09.zip",41914,"e95cf8efa70a4fc9b08f1167eb0a00ea12e8ad86ba6dab5d05a2493a6a6a18d8","application/zip","verified","open","Official SHARK API documentation states all published data are CC0; corroborated by archived MarineInfo records for national and regional SMHI phytoplankton packages. https://creativecommons.org/publicdomain/zero/1.0/","allowed","Swedish Meteorological and Hydrological Institute (SMHI), Swedish Ocean Archive (SHARK), versioned phytoplankton data packages.","https://shark.smhi.se/api/dataset/SHARK_Phytoplankton_2020_UMSC_ACLST/metadata.json","verified","Downloaded from canonical SHARK package endpoint and passed unzip -t CRC validation."
"DS06",1,"SMHI SHARK","SHARK_Phytoplankton_2020_UMSC_YLST","SHARK:SHARK_Phytoplankton_2020_UMSC_YLST","2025-03-09","canonical_provider","GET","https://shark.smhi.se/api/dataset/download/SHARK_Phytoplankton_2020_UMSC_YLST_version_2025-03-09.zip","b28126707e6fdc313a477e997c2bd962994e7e86ff7764f194404256bddce144","2026-08-08T19:15:14Z","stage2/ds06_smhi_shark/DS06_SMHI_SHARK_20260808T191500Z/SHARK_Phytoplankton_2020_UMSC_YLST_version_2025-03-09.zip","SHARK_Phytoplankton_2020_UMSC_YLST_version_2025-03-09.zip",43098,"f9e1e991a10f828b212a9dea932285670ff1ce3e8c3e910f990b0b52ff441f95","application/zip","verified","open","Official SHARK API documentation states all published data are CC0; corroborated by archived MarineInfo records for national and regional SMHI phytoplankton packages. https://creativecommons.org/publicdomain/zero/1.0/","allowed","Swedish Meteorological and Hydrological Institute (SMHI), Swedish Ocean Archive (SHARK), versioned phytoplankton data packages.","https://shark.smhi.se/api/dataset/SHARK_Phytoplankton_2020_UMSC_YLST/metadata.json","verified","Downloaded from canonical SHARK package endpoint and passed unzip -t CRC validation."
"DS06",1,"SMHI SHARK","SHARK_Phytoplankton_2020_WEAQ_NLST","SHARK:SHARK_Phytoplankton_2020_WEAQ_NLST","2025-03-09","canonical_provider","GET","https://shark.smhi.se/api/dataset/download/SHARK_Phytoplankton_2020_WEAQ_NLST_version_2025-03-09.zip","ea2fcbd9f412384f751b72f8797ddec0da817df7a372c9be3a29fd378bcae4af","2026-08-08T19:15:15Z","stage2/ds06_smhi_shark/DS06_SMHI_SHARK_20260808T191500Z/SHARK_Phytoplankton_2020_WEAQ_NLST_version_2025-03-09.zip","SHARK_Phytoplankton_2020_WEAQ_NLST_version_2025-03-09.zip",173127,"7810a0af3b772fea034b09cf04821b08adfbe654e041ff2872189d0d39ce4c5e","application/zip","verified","open","Official SHARK API documentation states all published data are CC0; corroborated by archived MarineInfo records for national and regional SMHI phytoplankton packages. https://creativecommons.org/publicdomain/zero/1.0/","allowed","Swedish Meteorological and Hydrological Institute (SMHI), Swedish Ocean Archive (SHARK), versioned phytoplankton data packages.","https://shark.smhi.se/api/dataset/SHARK_Phytoplankton_2020_WEAQ_NLST/metadata.json","verified","Downloaded from canonical SHARK package endpoint and passed unzip -t CRC validation."
"DS06",1,"SMHI SHARK","SHARK_Phytoplankton_2021_DEEP","SHARK:SHARK_Phytoplankton_2021_DEEP","2025-03-09","canonical_provider","GET","https://shark.smhi.se/api/dataset/download/SHARK_Phytoplankton_2021_DEEP_version_2025-03-09.zip","8cd5a74d1bd0d3eaf0f3fa48fda17f569fc395f2309c642c8c89ea2122348cfe","2026-08-08T19:15:15Z","stage2/ds06_smhi_shark/DS06_SMHI_SHARK_20260808T191500Z/SHARK_Phytoplankton_2021_DEEP_version_2025-03-09.zip","SHARK_Phytoplankton_2021_DEEP_version_2025-03-09.zip",163548,"e4ffff7777e7ddeede19de1738046c64de97beb0addd783913017437fed897ed","application/zip","verified","open","Official SHARK API documentation states all published data are CC0; corroborated by archived MarineInfo records for national and regional SMHI phytoplankton packages. https://creativecommons.org/publicdomain/zero/1.0/","allowed","Swedish Meteorological and Hydrological Institute (SMHI), Swedish Ocean Archive (SHARK), versioned phytoplankton data packages.","https://shark.smhi.se/api/dataset/SHARK_Phytoplankton_2021_DEEP/metadata.json","verified","Downloaded from canonical SHARK package endpoint and passed unzip -t CRC validation."
"DS06",1,"SMHI SHARK","SHARK_Phytoplankton_2021_DEEP_ELST","SHARK:SHARK_Phytoplankton_2021_DEEP_ELST","2025-03-09","canonical_provider","GET","https://shark.smhi.se/api/dataset/download/SHARK_Phytoplankton_2021_DEEP_ELST_version_2025-03-09.zip","13bf02f8213d91a2545eac67a718bc9fef7406a69f84a51e713a1a77d3104a92","2026-08-08T19:15:15Z","stage2/ds06_smhi_shark/DS06_SMHI_SHARK_20260808T191500Z/SHARK_Phytoplankton_2021_DEEP_ELST_version_2025-03-09.zip","SHARK_Phytoplankton_2021_DEEP_ELST_version_2025-03-09.zip",110044,"20e8bd7209718951f6cb4f2c376172a2505ffc4c1c1e0b08a7d28fb40c61065e","application/zip","verified","open","Official SHARK API documentation states all published data are CC0; corroborated by archived MarineInfo records for national and regional SMHI phytoplankton packages. https://creativecommons.org/publicdomain/zero/1.0/","allowed","Swedish Meteorological and Hydrological Institute (SMHI), Swedish Ocean Archive (SHARK), versioned phytoplankton data packages.","https://shark.smhi.se/api/dataset/SHARK_Phytoplankton_2021_DEEP_ELST/metadata.json","verified","Downloaded from canonical SHARK package endpoint and passed unzip -t CRC validation."
"DS06",1,"SMHI SHARK","SHARK_Phytoplankton_2021_DEEP_ILST","SHARK:SHARK_Phytoplankton_2021_DEEP_ILST","2025-03-09","canonical_provider","GET","https://shark.smhi.se/api/dataset/download/SHARK_Phytoplankton_2021_DEEP_ILST_version_2025-03-09.zip","dac5882a0117ee0929b0dd3aa18eb9813f9090a21c12adfd71fec473bc2ac5c8","2026-08-08T19:15:15Z","stage2/ds06_smhi_shark/DS06_SMHI_SHARK_20260808T191500Z/SHARK_Phytoplankton_2021_DEEP_ILST_version_2025-03-09.zip","SHARK_Phytoplankton_2021_DEEP_ILST_version_2025-03-09.zip",20646,"6843113fa6682541846523bd4d8c1a0c2e060bc067fc867dc23d276e5e7feaa8","application/zip","verified","open","Official SHARK API documentation states all published data are CC0; corroborated by archived MarineInfo records for national and regional SMHI phytoplankton packages. https://creativecommons.org/publicdomain/zero/1.0/","allowed","Swedish Meteorological and Hydrological Institute (SMHI), Swedish Ocean Archive (SHARK), versioned phytoplankton data packages.","https://shark.smhi.se/api/dataset/SHARK_Phytoplankton_2021_DEEP_ILST/metadata.json","verified","Downloaded from canonical SHARK package endpoint and passed unzip -t CRC validation."
"DS06",1,"SMHI SHARK","SHARK_Phytoplankton_2021_DEEP_SKVVF","SHARK:SHARK_Phytoplankton_2021_DEEP_SKVVF","2025-03-09","canonical_provider","GET","https://shark.smhi.se/api/dataset/download/SHARK_Phytoplankton_2021_DEEP_SKVVF_version_2025-03-09.zip","be5c1da95ed3989a0f153ab99e0c1bb71794406d2afdfa98b5524f9a0eefd885","2026-08-08T19:15:15Z","stage2/ds06_smhi_shark/DS06_SMHI_SHARK_20260808T191500Z/SHARK_Phytoplankton_2021_DEEP_SKVVF_version_2025-03-09.zip","SHARK_Phytoplankton_2021_DEEP_SKVVF_version_2025-03-09.zip",364967,"ae0bed069e18ef9f668f5e001981acbd5c2b2f912cb38531bacb8cabc6bc7fbc","application/zip","verified","open","Official SHARK API documentation states all published data are CC0; corroborated by archived MarineInfo records for national and regional SMHI phytoplankton packages. https://creativecommons.org/publicdomain/zero/1.0/","allowed","Swedish Meteorological and Hydrological Institute (SMHI), Swedish Ocean Archive (SHARK), versioned phytoplankton data packages.","https://shark.smhi.se/api/dataset/SHARK_Phytoplankton_2021_DEEP_SKVVF/metadata.json","verified","Downloaded from canonical SHARK package endpoint and passed unzip -t CRC validation."
"DS06",1,"SMHI SHARK","SHARK_Phytoplankton_2021_MEDINS_BDLST","SHARK:SHARK_Phytoplankton_2021_MEDINS_BDLST","2025-03-09","canonical_provider","GET","https://shark.smhi.se/api/dataset/download/SHARK_Phytoplankton_2021_MEDINS_BDLST_version_2025-03-09.zip","b8bd9ccc35465f6cfdb9c3e2f8198e7b4796f79fd6cc46e25180ab0c244c819e","2026-08-08T19:15:16Z","stage2/ds06_smhi_shark/DS06_SMHI_SHARK_20260808T191500Z/SHARK_Phytoplankton_2021_MEDINS_BDLST_version_2025-03-09.zip","SHARK_Phytoplankton_2021_MEDINS_BDLST_version_2025-03-09.zip",251982,"1389866df5069f3cdd3318e1e0d05586c198b7c9a8eb4f7c383c71e22786c84c","application/zip","verified","open","Official SHARK API documentation states all published data are CC0; corroborated by archived MarineInfo records for national and regional SMHI phytoplankton packages. https://creativecommons.org/publicdomain/zero/1.0/","allowed","Swedish Meteorological and Hydrological Institute (SMHI), Swedish Ocean Archive (SHARK), versioned phytoplankton data packages.","https://shark.smhi.se/api/dataset/SHARK_Phytoplankton_2021_MEDINS_BDLST/metadata.json","verified","Downloaded from canonical SHARK package endpoint and passed unzip -t CRC validation."
"DS06",1,"SMHI SHARK","SHARK_Phytoplankton_2021_MEDINS_DVVF","SHARK:SHARK_Phytoplankton_2021_MEDINS_DVVF","2025-03-09","canonical_provider","GET","https://shark.smhi.se/api/dataset/download/SHARK_Phytoplankton_2021_MEDINS_DVVF_version_2025-03-09.zip","a10b5a95ee63a425f68a8e96978ba982ee3b7ffb12bf3f6ee71213e44891351b","2026-08-08T19:15:16Z","stage2/ds06_smhi_shark/DS06_SMHI_SHARK_20260808T191500Z/SHARK_Phytoplankton_2021_MEDINS_DVVF_version_2025-03-09.zip","SHARK_Phytoplankton_2021_MEDINS_DVVF_version_2025-03-09.zip",28599,"5fbea68076930fe45686c6265fdc92bd79ebcd6756b6b20e38ecb74e57efd063","application/zip","verified","open","Official SHARK API documentation states all published data are CC0; corroborated by archived MarineInfo records for national and regional SMHI phytoplankton packages. https://creativecommons.org/publicdomain/zero/1.0/","allowed","Swedish Meteorological and Hydrological Institute (SMHI), Swedish Ocean Archive (SHARK), versioned phytoplankton data packages.","https://shark.smhi.se/api/dataset/SHARK_Phytoplankton_2021_MEDINS_DVVF/metadata.json","verified","Downloaded from canonical SHARK package endpoint and passed unzip -t CRC validation."
"DS06",1,"SMHI SHARK","SHARK_Phytoplankton_2021_MEDINS_LVVVF","SHARK:SHARK_Phytoplankton_2021_MEDINS_LVVVF","2025-03-09","canonical_provider","GET","https://shark.smhi.se/api/dataset/download/SHARK_Phytoplankton_2021_MEDINS_LVVVF_version_2025-03-09.zip","a5cf597e914caaf47b349cacc6f4118e677a4b55a4b8656cf7e6564658b2a56c","2026-08-08T19:15:16Z","stage2/ds06_smhi_shark/DS06_SMHI_SHARK_20260808T191500Z/SHARK_Phytoplankton_2021_MEDINS_LVVVF_version_2025-03-09.zip","SHARK_Phytoplankton_2021_MEDINS_LVVVF_version_2025-03-09.zip",17427,"7cde289b19667271fea579ce504bf7e20301527ac7f756b1620a3f6ee0078945","application/zip","verified","open","Official SHARK API documentation states all published data are CC0; corroborated by archived MarineInfo records for national and regional SMHI phytoplankton packages. https://creativecommons.org/publicdomain/zero/1.0/","allowed","Swedish Meteorological and Hydrological Institute (SMHI), Swedish Ocean Archive (SHARK), versioned phytoplankton data packages.","https://shark.smhi.se/api/dataset/SHARK_Phytoplankton_2021_MEDINS_LVVVF/metadata.json","verified","Downloaded from canonical SHARK package endpoint and passed unzip -t CRC validation."
"DS06",1,"SMHI SHARK","SHARK_Phytoplankton_2021_MEDINS_MSVVF","SHARK:SHARK_Phytoplankton_2021_MEDINS_MSVVF","2025-03-09","canonical_provider","GET","https://shark.smhi.se/api/dataset/download/SHARK_Phytoplankton_2021_MEDINS_MSVVF_version_2025-03-09.zip","392f21251d4fb9c03fb133749b63d76304829b1407065f89b1d94ab3f2f57a69","2026-08-08T19:15:16Z","stage2/ds06_smhi_shark/DS06_SMHI_SHARK_20260808T191500Z/SHARK_Phytoplankton_2021_MEDINS_MSVVF_version_2025-03-09.zip","SHARK_Phytoplankton_2021_MEDINS_MSVVF_version_2025-03-09.zip",48724,"6b0488c7387a88152baf46dd345df972b4cb79adb74c1dc48408dbe192bc9a22","application/zip","verified","open","Official SHARK API documentation states all published data are CC0; corroborated by archived MarineInfo records for national and regional SMHI phytoplankton packages. https://creativecommons.org/publicdomain/zero/1.0/","allowed","Swedish Meteorological and Hydrological Institute (SMHI), Swedish Ocean Archive (SHARK), versioned phytoplankton data packages.","https://shark.smhi.se/api/dataset/SHARK_Phytoplankton_2021_MEDINS_MSVVF/metadata.json","verified","Downloaded from canonical SHARK package endpoint and passed unzip -t CRC validation."
"DS06",1,"SMHI SHARK","SHARK_Phytoplankton_2021_MEDINS_NLST","SHARK:SHARK_Phytoplankton_2021_MEDINS_NLST","2025-03-09","canonical_provider","GET","https://shark.smhi.se/api/dataset/download/SHARK_Phytoplankton_2021_MEDINS_NLST_version_2025-03-09.zip","f9a6972cb35ed2d2bec1a46313c8a2aaac14b0c128bae7b035060d915c15321b","2026-08-08T19:15:16Z","stage2/ds06_smhi_shark/DS06_SMHI_SHARK_20260808T191500Z/SHARK_Phytoplankton_2021_MEDINS_NLST_version_2025-03-09.zip","SHARK_Phytoplankton_2021_MEDINS_NLST_version_2025-03-09.zip",247295,"c147507acef9232b2f04090d80e37377e82102df8142643a9cea938cef9b023f","application/zip","verified","open","Official SHARK API documentation states all published data are CC0; corroborated by archived MarineInfo records for national and regional SMHI phytoplankton packages. https://creativecommons.org/publicdomain/zero/1.0/","allowed","Swedish Meteorological and Hydrological Institute (SMHI), Swedish Ocean Archive (SHARK), versioned phytoplankton data packages.","https://shark.smhi.se/api/dataset/SHARK_Phytoplankton_2021_MEDINS_NLST/metadata.json","verified","Downloaded from canonical SHARK package endpoint and passed unzip -t CRC validation."
"DS06",1,"SMHI SHARK","SHARK_Phytoplankton_2021_MEDINS_NORKOM","SHARK:SHARK_Phytoplankton_2021_MEDINS_NORKOM","2025-03-09","canonical_provider","GET","https://shark.smhi.se/api/dataset/download/SHARK_Phytoplankton_2021_MEDINS_NORKOM_version_2025-03-09.zip","d4eb63b8f2b160a068854229a7b54f0aa8b6ea517f4e7749e6a39917075395b9","2026-08-08T19:15:16Z","stage2/ds06_smhi_shark/DS06_SMHI_SHARK_20260808T191500Z/SHARK_Phytoplankton_2021_MEDINS_NORKOM_version_2025-03-09.zip","SHARK_Phytoplankton_2021_MEDINS_NORKOM_version_2025-03-09.zip",11364,"024638368516785ef686cc4c5fc1e6eadc083eac7c4b4f3f133cd6e930fe18d7","application/zip","verified","open","Official SHARK API documentation states all published data are CC0; corroborated by archived MarineInfo records for national and regional SMHI phytoplankton packages. https://creativecommons.org/publicdomain/zero/1.0/","allowed","Swedish Meteorological and Hydrological Institute (SMHI), Swedish Ocean Archive (SHARK), versioned phytoplankton data packages.","https://shark.smhi.se/api/dataset/SHARK_Phytoplankton_2021_MEDINS_NORKOM/metadata.json","verified","Downloaded from canonical SHARK package endpoint and passed unzip -t CRC validation."
"DS06",1,"SMHI SHARK","SHARK_Phytoplankton_2021_MEDINS_UVVVF","SHARK:SHARK_Phytoplankton_2021_MEDINS_UVVVF","2025-03-09","canonical_provider","GET","https://shark.smhi.se/api/dataset/download/SHARK_Phytoplankton_2021_MEDINS_UVVVF_version_2025-03-09.zip","1ff487dc19294f1e2e4c53002b20eb8cc5cb3517066a071fd7e57e4341b8c287","2026-08-08T19:15:17Z","stage2/ds06_smhi_shark/DS06_SMHI_SHARK_20260808T191500Z/SHARK_Phytoplankton_2021_MEDINS_UVVVF_version_2025-03-09.zip","SHARK_Phytoplankton_2021_MEDINS_UVVVF_version_2025-03-09.zip",66986,"07d3d28952ecf3e6c9485c60cf435f7b36f3c5d80c4e90df370e138182e9edde","application/zip","verified","open","Official SHARK API documentation states all published data are CC0; corroborated by archived MarineInfo records for national and regional SMHI phytoplankton packages. https://creativecommons.org/publicdomain/zero/1.0/","allowed","Swedish Meteorological and Hydrological Institute (SMHI), Swedish Ocean Archive (SHARK), versioned phytoplankton data packages.","https://shark.smhi.se/api/dataset/SHARK_Phytoplankton_2021_MEDINS_UVVVF/metadata.json","verified","Downloaded from canonical SHARK package endpoint and passed unzip -t CRC validation."
"DS06",1,"SMHI SHARK","SHARK_Phytoplankton_2021_NIRAS","SHARK:SHARK_Phytoplankton_2021_NIRAS","2025-03-09","canonical_provider","GET","https://shark.smhi.se/api/dataset/download/SHARK_Phytoplankton_2021_NIRAS_version_2025-03-09.zip","8c6d273a1bf9d0299b10031ddd6a61fa2fcddfda2d0a275f49fb5545660741fc","2026-08-08T19:15:17Z","stage2/ds06_smhi_shark/DS06_SMHI_SHARK_20260808T191500Z/SHARK_Phytoplankton_2021_NIRAS_version_2025-03-09.zip","SHARK_Phytoplankton_2021_NIRAS_version_2025-03-09.zip",67965,"99ee0719d6b02f58fb0ed2609cf8b0a0f326b51bbae0112d85e680b54229ef10","application/zip","verified","open","Official SHARK API documentation states all published data are CC0; corroborated by archived MarineInfo records for national and regional SMHI phytoplankton packages. https://creativecommons.org/publicdomain/zero/1.0/","allowed","Swedish Meteorological and Hydrological Institute (SMHI), Swedish Ocean Archive (SHARK), versioned phytoplankton data packages.","https://shark.smhi.se/api/dataset/SHARK_Phytoplankton_2021_NIRAS/metadata.json","verified","Downloaded from canonical SHARK package endpoint and passed unzip -t CRC validation."
"DS06",1,"SMHI SHARK","SHARK_Phytoplankton_2021_PELA_EDSVVS","SHARK:SHARK_Phytoplankton_2021_PELA_EDSVVS","2025-03-09","canonical_provider","GET","https://shark.smhi.se/api/dataset/download/SHARK_Phytoplankton_2021_PELA_EDSVVS_version_2025-03-09.zip","614a54bfb949eff9ce26548b409b477b9cb8e688d0b275cda820a37811b82254","2026-08-08T19:15:17Z","stage2/ds06_smhi_shark/DS06_SMHI_SHARK_20260808T191500Z/SHARK_Phytoplankton_2021_PELA_EDSVVS_version_2025-03-09.zip","SHARK_Phytoplankton_2021_PELA_EDSVVS_version_2025-03-09.zip",7009,"209707fe405cffd52b830d485cb308e41c4c3a736f03ed496bb30b06e159f30f","application/zip","verified","open","Official SHARK API documentation states all published data are CC0; corroborated by archived MarineInfo records for national and regional SMHI phytoplankton packages. https://creativecommons.org/publicdomain/zero/1.0/","allowed","Swedish Meteorological and Hydrological Institute (SMHI), Swedish Ocean Archive (SHARK), versioned phytoplankton data packages.","https://shark.smhi.se/api/dataset/SHARK_Phytoplankton_2021_PELA_EDSVVS/metadata.json","verified","Downloaded from canonical SHARK package endpoint and passed unzip -t CRC validation."
"DS06",1,"SMHI SHARK","SHARK_Phytoplankton_2021_PELA_GVVF","SHARK:SHARK_Phytoplankton_2021_PELA_GVVF","2025-03-09","canonical_provider","GET","https://shark.smhi.se/api/dataset/download/SHARK_Phytoplankton_2021_PELA_GVVF_version_2025-03-09.zip","446649765376d8061eaa351d47add154bd4ba1dc81044fa4747d10930a934829","2026-08-08T19:15:17Z","stage2/ds06_smhi_shark/DS06_SMHI_SHARK_20260808T191500Z/SHARK_Phytoplankton_2021_PELA_GVVF_version_2025-03-09.zip","SHARK_Phytoplankton_2021_PELA_GVVF_version_2025-03-09.zip",9374,"b206b34a928deb739d334e8377b894499e7790bb1a4c779941be811dca8c194e","application/zip","verified","open","Official SHARK API documentation states all published data are CC0; corroborated by archived MarineInfo records for national and regional SMHI phytoplankton packages. https://creativecommons.org/publicdomain/zero/1.0/","allowed","Swedish Meteorological and Hydrological Institute (SMHI), Swedish Ocean Archive (SHARK), versioned phytoplankton data packages.","https://shark.smhi.se/api/dataset/SHARK_Phytoplankton_2021_PELA_GVVF/metadata.json","verified","Downloaded from canonical SHARK package endpoint and passed unzip -t CRC validation."
"DS06",1,"SMHI SHARK","SHARK_Phytoplankton_2021_PELA_SVAB","SHARK:SHARK_Phytoplankton_2021_PELA_SVAB","2025-03-09","canonical_provider","GET","https://shark.smhi.se/api/dataset/download/SHARK_Phytoplankton_2021_PELA_SVAB_version_2025-03-09.zip","e6f9ff08ef862737e98ef9c6db2ec0ea937da7e8f1b9532d2c84e6a179f6009b","2026-08-08T19:15:17Z","stage2/ds06_smhi_shark/DS06_SMHI_SHARK_20260808T191500Z/SHARK_Phytoplankton_2021_PELA_SVAB_version_2025-03-09.zip","SHARK_Phytoplankton_2021_PELA_SVAB_version_2025-03-09.zip",206905,"91e5a623e9b08ac14081f1afa2ca8dcfc8ab988d28081a7f01e192332fdeb86e","application/zip","verified","open","Official SHARK API documentation states all published data are CC0; corroborated by archived MarineInfo records for national and regional SMHI phytoplankton packages. https://creativecommons.org/publicdomain/zero/1.0/","allowed","Swedish Meteorological and Hydrological Institute (SMHI), Swedish Ocean Archive (SHARK), versioned phytoplankton data packages.","https://shark.smhi.se/api/dataset/SHARK_Phytoplankton_2021_PELA_SVAB/metadata.json","verified","Downloaded from canonical SHARK package endpoint and passed unzip -t CRC validation."
"DS06",1,"SMHI SHARK","SHARK_Phytoplankton_2021_PELA_SVAB_Brunnsviken","SHARK:SHARK_Phytoplankton_2021_PELA_SVAB_Brunnsviken","2025-03-09","canonical_provider","GET","https://shark.smhi.se/api/dataset/download/SHARK_Phytoplankton_2021_PELA_SVAB_Brunnsviken_version_2025-03-09.zip","be8a865ce03f2af01f03e03c93a4eb2154a70d4805891f36337ea667333c9308","2026-08-08T19:15:17Z","stage2/ds06_smhi_shark/DS06_SMHI_SHARK_20260808T191500Z/SHARK_Phytoplankton_2021_PELA_SVAB_Brunnsviken_version_2025-03-09.zip","SHARK_Phytoplankton_2021_PELA_SVAB_Brunnsviken_version_2025-03-09.zip",9720,"adb3f1dfbc886c11dcb12b25305c320bb5acd9330018c1f659b29e36d16a6272","application/zip","verified","open","Official SHARK API documentation states all published data are CC0; corroborated by archived MarineInfo records for national and regional SMHI phytoplankton packages. https://creativecommons.org/publicdomain/zero/1.0/","allowed","Swedish Meteorological and Hydrological Institute (SMHI), Swedish Ocean Archive (SHARK), versioned phytoplankton data packages.","https://shark.smhi.se/api/dataset/SHARK_Phytoplankton_2021_PELA_SVAB_Brunnsviken/metadata.json","verified","Downloaded from canonical SHARK package endpoint and passed unzip -t CRC validation."
"DS06",1,"SMHI SHARK","SHARK_Phytoplankton_2021_SMHI","SHARK:SHARK_Phytoplankton_2021_SMHI","2025-03-09","canonical_provider","GET","https://shark.smhi.se/api/dataset/download/SHARK_Phytoplankton_2021_SMHI_version_2025-03-09.zip","0f6f452df6a4537d0076dff9e5604ecf65eadc5f6a1132551cfd83afa4d49d33","2026-08-08T19:15:18Z","stage2/ds06_smhi_shark/DS06_SMHI_SHARK_20260808T191500Z/SHARK_Phytoplankton_2021_SMHI_version_2025-03-09.zip","SHARK_Phytoplankton_2021_SMHI_version_2025-03-09.zip",454936,"e8b835b5b20539d2a4c7e9c863fe9ca23d0349d4d98c19e59b6bf7d3943d090a","application/zip","verified","open","Official SHARK API documentation states all published data are CC0; corroborated by archived MarineInfo records for national and regional SMHI phytoplankton packages. https://creativecommons.org/publicdomain/zero/1.0/","allowed","Swedish Meteorological and Hydrological Institute (SMHI), Swedish Ocean Archive (SHARK), versioned phytoplankton data packages.","https://shark.smhi.se/api/dataset/SHARK_Phytoplankton_2021_SMHI/metadata.json","verified","Downloaded from canonical SHARK package endpoint and passed unzip -t CRC validation."
"DS06",1,"SMHI SHARK","SHARK_Phytoplankton_2021_SMHI_BVVF","SHARK:SHARK_Phytoplankton_2021_SMHI_BVVF","2025-03-09","canonical_provider","GET","https://shark.smhi.se/api/dataset/download/SHARK_Phytoplankton_2021_SMHI_BVVF_version_2025-03-09.zip","ad3d8127e4238a6b9cb5ec05afa7c1172edae1504713ac4273c92c61b213410a","2026-08-08T19:15:18Z","stage2/ds06_smhi_shark/DS06_SMHI_SHARK_20260808T191500Z/SHARK_Phytoplankton_2021_SMHI_BVVF_version_2025-03-09.zip","SHARK_Phytoplankton_2021_SMHI_BVVF_version_2025-03-09.zip",795357,"17bdb64b06c060c92a89375c40bf21fc1046b2fd0c6ee7b9509017c31c579bf3","application/zip","verified","open","Official SHARK API documentation states all published data are CC0; corroborated by archived MarineInfo records for national and regional SMHI phytoplankton packages. https://creativecommons.org/publicdomain/zero/1.0/","allowed","Swedish Meteorological and Hydrological Institute (SMHI), Swedish Ocean Archive (SHARK), versioned phytoplankton data packages.","https://shark.smhi.se/api/dataset/SHARK_Phytoplankton_2021_SMHI_BVVF/metadata.json","verified","Downloaded from canonical SHARK package endpoint and passed unzip -t CRC validation."
"DS06",1,"SMHI SHARK","SHARK_Phytoplankton_2021_SMHI_ColorFantasy","SHARK:SHARK_Phytoplankton_2021_SMHI_ColorFantasy","2025-03-09","canonical_provider","GET","https://shark.smhi.se/api/dataset/download/SHARK_Phytoplankton_2021_SMHI_ColorFantasy_version_2025-03-09.zip","c5dab302b758b71fe1d0a956fda416d5135273a0bd02528878a49c60f98146b2","2026-08-08T19:15:18Z","stage2/ds06_smhi_shark/DS06_SMHI_SHARK_20260808T191500Z/SHARK_Phytoplankton_2021_SMHI_ColorFantasy_version_2025-03-09.zip","SHARK_Phytoplankton_2021_SMHI_ColorFantasy_version_2025-03-09.zip",57891,"3e970941d497f5a168fc67c899e47a795cad154927abb23e10b337d995c381b1","application/zip","verified","open","Official SHARK API documentation states all published data are CC0; corroborated by archived MarineInfo records for national and regional SMHI phytoplankton packages. https://creativecommons.org/publicdomain/zero/1.0/","allowed","Swedish Meteorological and Hydrological Institute (SMHI), Swedish Ocean Archive (SHARK), versioned phytoplankton data packages.","https://shark.smhi.se/api/dataset/SHARK_Phytoplankton_2021_SMHI_ColorFantasy/metadata.json","verified","Downloaded from canonical SHARK package endpoint and passed unzip -t CRC validation."
"DS06",1,"SMHI SHARK","SHARK_Phytoplankton_2021_SMHI_OLST","SHARK:SHARK_Phytoplankton_2021_SMHI_OLST","2025-03-09","canonical_provider","GET","https://shark.smhi.se/api/dataset/download/SHARK_Phytoplankton_2021_SMHI_OLST_version_2025-03-09.zip","e5e2d741dc1bf43c81636a860a70976af575684ef81a79b62fdffc084d309f05","2026-08-08T19:15:18Z","stage2/ds06_smhi_shark/DS06_SMHI_SHARK_20260808T191500Z/SHARK_Phytoplankton_2021_SMHI_OLST_version_2025-03-09.zip","SHARK_Phytoplankton_2021_SMHI_OLST_version_2025-03-09.zip",206193,"a8ec0e954a2674b8d3205718fc998a7416ff9c0046e62293939debc4217c8129","application/zip","verified","open","Official SHARK API documentation states all published data are CC0; corroborated by archived MarineInfo records for national and regional SMHI phytoplankton packages. https://creativecommons.org/publicdomain/zero/1.0/","allowed","Swedish Meteorological and Hydrological Institute (SMHI), Swedish Ocean Archive (SHARK), versioned phytoplankton data packages.","https://shark.smhi.se/api/dataset/SHARK_Phytoplankton_2021_SMHI_OLST/metadata.json","verified","Downloaded from canonical SHARK package endpoint and passed unzip -t CRC validation."
"DS06",1,"SMHI SHARK","SHARK_Phytoplankton_2021_SMHI_SLCK","SHARK:SHARK_Phytoplankton_2021_SMHI_SLCK","2025-03-09","canonical_provider","GET","https://shark.smhi.se/api/dataset/download/SHARK_Phytoplankton_2021_SMHI_SLCK_version_2025-03-09.zip","8805fa1a30a9d7451a75ba4c96de6548a44f1cad57ffa3ea1cf4c760c08e0482","2026-08-08T19:15:19Z","stage2/ds06_smhi_shark/DS06_SMHI_SHARK_20260808T191500Z/SHARK_Phytoplankton_2021_SMHI_SLCK_version_2025-03-09.zip","SHARK_Phytoplankton_2021_SMHI_SLCK_version_2025-03-09.zip",335921,"2a8e40c8cea9b35ef0777129dafcb7ed50a6522bc216a718f62861209b855a92","application/zip","verified","open","Official SHARK API documentation states all published data are CC0; corroborated by archived MarineInfo records for national and regional SMHI phytoplankton packages. https://creativecommons.org/publicdomain/zero/1.0/","allowed","Swedish Meteorological and Hydrological Institute (SMHI), Swedish Ocean Archive (SHARK), versioned phytoplankton data packages.","https://shark.smhi.se/api/dataset/SHARK_Phytoplankton_2021_SMHI_SLCK/metadata.json","verified","Downloaded from canonical SHARK package endpoint and passed unzip -t CRC validation."
"DS06",1,"SMHI SHARK","SHARK_Phytoplankton_2021_SMHI_SLV_biotox","SHARK:SHARK_Phytoplankton_2021_SMHI_SLV_biotox","2025-03-11","canonical_provider","GET","https://shark.smhi.se/api/dataset/download/SHARK_Phytoplankton_2021_SMHI_SLV_biotox_version_2025-03-11.zip","07dbd110acf1fed34cdc322ac87cd4fd11c1af875c317af783d1f078efa202bb","2026-08-08T19:15:19Z","stage2/ds06_smhi_shark/DS06_SMHI_SHARK_20260808T191500Z/SHARK_Phytoplankton_2021_SMHI_SLV_biotox_version_2025-03-11.zip","SHARK_Phytoplankton_2021_SMHI_SLV_biotox_version_2025-03-11.zip",48271,"1ee9c4d53fa5855c30a75232171fad9071e53215daedad6d9144966689e9a295","application/zip","verified","open","Official SHARK API documentation states all published data are CC0; corroborated by archived MarineInfo records for national and regional SMHI phytoplankton packages. https://creativecommons.org/publicdomain/zero/1.0/","allowed","Swedish Meteorological and Hydrological Institute (SMHI), Swedish Ocean Archive (SHARK), versioned phytoplankton data packages.","https://shark.smhi.se/api/dataset/SHARK_Phytoplankton_2021_SMHI_SLV_biotox/metadata.json","verified","Downloaded from canonical SHARK package endpoint and passed unzip -t CRC validation."
"DS06",1,"SMHI SHARK","SHARK_Phytoplankton_2021_UMSC","SHARK:SHARK_Phytoplankton_2021_UMSC","2025-03-09","canonical_provider","GET","https://shark.smhi.se/api/dataset/download/SHARK_Phytoplankton_2021_UMSC_version_2025-03-09.zip","4a8025ba21d376f91590463df5225593bd9297b0862f8926b49e415a9dcc63b0","2026-08-08T19:15:19Z","stage2/ds06_smhi_shark/DS06_SMHI_SHARK_20260808T191500Z/SHARK_Phytoplankton_2021_UMSC_version_2025-03-09.zip","SHARK_Phytoplankton_2021_UMSC_version_2025-03-09.zip",207361,"13d110e0ff3aa880a2e2d7b028ef3630b90bc776081cc1753929c4945421fbff","application/zip","verified","open","Official SHARK API documentation states all published data are CC0; corroborated by archived MarineInfo records for national and regional SMHI phytoplankton packages. https://creativecommons.org/publicdomain/zero/1.0/","allowed","Swedish Meteorological and Hydrological Institute (SMHI), Swedish Ocean Archive (SHARK), versioned phytoplankton data packages.","https://shark.smhi.se/api/dataset/SHARK_Phytoplankton_2021_UMSC/metadata.json","verified","Downloaded from canonical SHARK package endpoint and passed unzip -t CRC validation."
"DS06",1,"SMHI SHARK","SHARK_Phytoplankton_2021_UMSC_ACLST","SHARK:SHARK_Phytoplankton_2021_UMSC_ACLST","2025-03-09","canonical_provider","GET","https://shark.smhi.se/api/dataset/download/SHARK_Phytoplankton_2021_UMSC_ACLST_version_2025-03-09.zip","515af4d33233345bbdada5c116e1c8149d853e7b75be335a0dc3413ddb8b79b0","2026-08-08T19:15:19Z","stage2/ds06_smhi_shark/DS06_SMHI_SHARK_20260808T191500Z/SHARK_Phytoplankton_2021_UMSC_ACLST_version_2025-03-09.zip","SHARK_Phytoplankton_2021_UMSC_ACLST_version_2025-03-09.zip",51161,"821720626d7cd8e73fffc4abf2a21007d01f7d6fb76e613d7caf6a43db10e8a5","application/zip","verified","open","Official SHARK API documentation states all published data are CC0; corroborated by archived MarineInfo records for national and regional SMHI phytoplankton packages. https://creativecommons.org/publicdomain/zero/1.0/","allowed","Swedish Meteorological and Hydrological Institute (SMHI), Swedish Ocean Archive (SHARK), versioned phytoplankton data packages.","https://shark.smhi.se/api/dataset/SHARK_Phytoplankton_2021_UMSC_ACLST/metadata.json","verified","Downloaded from canonical SHARK package endpoint and passed unzip -t CRC validation."
"DS06",1,"SMHI SHARK","SHARK_Phytoplankton_2022_DEEP","SHARK:SHARK_Phytoplankton_2022_DEEP","2025-03-09","canonical_provider","GET","https://shark.smhi.se/api/dataset/download/SHARK_Phytoplankton_2022_DEEP_version_2025-03-09.zip","1fea8fb86268ed4d7512830180151e4bacfe1a26d985627c905e935dbce788ae","2026-08-08T19:15:20Z","stage2/ds06_smhi_shark/DS06_SMHI_SHARK_20260808T191500Z/SHARK_Phytoplankton_2022_DEEP_version_2025-03-09.zip","SHARK_Phytoplankton_2022_DEEP_version_2025-03-09.zip",182551,"ff51ea9aef21e95d17398e105b5823d2b2966611ce4f44d21d3c0ed0e7c79f57","application/zip","verified","open","Official SHARK API documentation states all published data are CC0; corroborated by archived MarineInfo records for national and regional SMHI phytoplankton packages. https://creativecommons.org/publicdomain/zero/1.0/","allowed","Swedish Meteorological and Hydrological Institute (SMHI), Swedish Ocean Archive (SHARK), versioned phytoplankton data packages.","https://shark.smhi.se/api/dataset/SHARK_Phytoplankton_2022_DEEP/metadata.json","verified","Downloaded from canonical SHARK package endpoint and passed unzip -t CRC validation."
"DS06",1,"SMHI SHARK","SHARK_Phytoplankton_2022_DEEP_ELST","SHARK:SHARK_Phytoplankton_2022_DEEP_ELST","2025-03-09","canonical_provider","GET","https://shark.smhi.se/api/dataset/download/SHARK_Phytoplankton_2022_DEEP_ELST_version_2025-03-09.zip","c0a30567e7b7288cd87b2ca8f4b1e7e6c6468b318a9b3dde4926a512af7e51f1","2026-08-08T19:15:20Z","stage2/ds06_smhi_shark/DS06_SMHI_SHARK_20260808T191500Z/SHARK_Phytoplankton_2022_DEEP_ELST_version_2025-03-09.zip","SHARK_Phytoplankton_2022_DEEP_ELST_version_2025-03-09.zip",122046,"847c2974a4896ec87521454aafa6f29b6e63a4577a264dd35e50668e4c6b3624","application/zip","verified","open","Official SHARK API documentation states all published data are CC0; corroborated by archived MarineInfo records for national and regional SMHI phytoplankton packages. https://creativecommons.org/publicdomain/zero/1.0/","allowed","Swedish Meteorological and Hydrological Institute (SMHI), Swedish Ocean Archive (SHARK), versioned phytoplankton data packages.","https://shark.smhi.se/api/dataset/SHARK_Phytoplankton_2022_DEEP_ELST/metadata.json","verified","Downloaded from canonical SHARK package endpoint and passed unzip -t CRC validation."
"DS06",1,"SMHI SHARK","SHARK_Phytoplankton_2022_DEEP_ILST","SHARK:SHARK_Phytoplankton_2022_DEEP_ILST","2025-03-09","canonical_provider","GET","https://shark.smhi.se/api/dataset/download/SHARK_Phytoplankton_2022_DEEP_ILST_version_2025-03-09.zip","56f7b2924a484ec3b671958f4cb07981dee145839ee7ba490400c0ff6c95db25","2026-08-08T19:15:20Z","stage2/ds06_smhi_shark/DS06_SMHI_SHARK_20260808T191500Z/SHARK_Phytoplankton_2022_DEEP_ILST_version_2025-03-09.zip","SHARK_Phytoplankton_2022_DEEP_ILST_version_2025-03-09.zip",16212,"d218ba8df393024c439a8e39d280a8c662ac27b718b1ecf06c5891a7b2ad349d","application/zip","verified","open","Official SHARK API documentation states all published data are CC0; corroborated by archived MarineInfo records for national and regional SMHI phytoplankton packages. https://creativecommons.org/publicdomain/zero/1.0/","allowed","Swedish Meteorological and Hydrological Institute (SMHI), Swedish Ocean Archive (SHARK), versioned phytoplankton data packages.","https://shark.smhi.se/api/dataset/SHARK_Phytoplankton_2022_DEEP_ILST/metadata.json","verified","Downloaded from canonical SHARK package endpoint and passed unzip -t CRC validation."
"DS06",1,"SMHI SHARK","SHARK_Phytoplankton_2022_DEEP_SKVVF","SHARK:SHARK_Phytoplankton_2022_DEEP_SKVVF","2025-03-09","canonical_provider","GET","https://shark.smhi.se/api/dataset/download/SHARK_Phytoplankton_2022_DEEP_SKVVF_version_2025-03-09.zip","dd14c82457e881562dff09d734f6ca4e1bd8a6c02702949232719ff707fbc021","2026-08-08T19:15:20Z","stage2/ds06_smhi_shark/DS06_SMHI_SHARK_20260808T191500Z/SHARK_Phytoplankton_2022_DEEP_SKVVF_version_2025-03-09.zip","SHARK_Phytoplankton_2022_DEEP_SKVVF_version_2025-03-09.zip",372547,"f87c0104f1e553c9f6ff8e52fb89a2019195091290fcd5de608005845a655ee0","application/zip","verified","open","Official SHARK API documentation states all published data are CC0; corroborated by archived MarineInfo records for national and regional SMHI phytoplankton packages. https://creativecommons.org/publicdomain/zero/1.0/","allowed","Swedish Meteorological and Hydrological Institute (SMHI), Swedish Ocean Archive (SHARK), versioned phytoplankton data packages.","https://shark.smhi.se/api/dataset/SHARK_Phytoplankton_2022_DEEP_SKVVF/metadata.json","verified","Downloaded from canonical SHARK package endpoint and passed unzip -t CRC validation."
"DS06",1,"SMHI SHARK","SHARK_Phytoplankton_2022_MEDINS","SHARK:SHARK_Phytoplankton_2022_MEDINS","2025-03-09","canonical_provider","GET","https://shark.smhi.se/api/dataset/download/SHARK_Phytoplankton_2022_MEDINS_version_2025-03-09.zip","09f46d1bde1b935ee285de45b85d2d4168f2e00cbb901f66c28a62d29b96e15f","2026-08-08T19:15:20Z","stage2/ds06_smhi_shark/DS06_SMHI_SHARK_20260808T191500Z/SHARK_Phytoplankton_2022_MEDINS_version_2025-03-09.zip","SHARK_Phytoplankton_2022_MEDINS_version_2025-03-09.zip",325295,"8ea50a2509139f235d75b742ae9877debc18a9a13996d2af4b5ed299aa1ee0ac","application/zip","verified","open","Official SHARK API documentation states all published data are CC0; corroborated by archived MarineInfo records for national and regional SMHI phytoplankton packages. https://creativecommons.org/publicdomain/zero/1.0/","allowed","Swedish Meteorological and Hydrological Institute (SMHI), Swedish Ocean Archive (SHARK), versioned phytoplankton data packages.","https://shark.smhi.se/api/dataset/SHARK_Phytoplankton_2022_MEDINS/metadata.json","verified","Downloaded from canonical SHARK package endpoint and passed unzip -t CRC validation."
"DS06",1,"SMHI SHARK","SHARK_Phytoplankton_2022_MEDINS_BDLST","SHARK:SHARK_Phytoplankton_2022_MEDINS_BDLST","2025-03-09","canonical_provider","GET","https://shark.smhi.se/api/dataset/download/SHARK_Phytoplankton_2022_MEDINS_BDLST_version_2025-03-09.zip","53bdcbdf61e895c7eecb8116f2a920ab3d0f69275facca9c3bcbc46deeb21778","2026-08-08T19:15:21Z","stage2/ds06_smhi_shark/DS06_SMHI_SHARK_20260808T191500Z/SHARK_Phytoplankton_2022_MEDINS_BDLST_version_2025-03-09.zip","SHARK_Phytoplankton_2022_MEDINS_BDLST_version_2025-03-09.zip",298793,"07d789ae5a89836e0ad2547bfd0efa9f45b06f401013a53d43f09a234f7bba5b","application/zip","verified","open","Official SHARK API documentation states all published data are CC0; corroborated by archived MarineInfo records for national and regional SMHI phytoplankton packages. https://creativecommons.org/publicdomain/zero/1.0/","allowed","Swedish Meteorological and Hydrological Institute (SMHI), Swedish Ocean Archive (SHARK), versioned phytoplankton data packages.","https://shark.smhi.se/api/dataset/SHARK_Phytoplankton_2022_MEDINS_BDLST/metadata.json","verified","Downloaded from canonical SHARK package endpoint and passed unzip -t CRC validation."
"DS06",1,"SMHI SHARK","SHARK_Phytoplankton_2022_MEDINS_DVVF","SHARK:SHARK_Phytoplankton_2022_MEDINS_DVVF","2025-03-09","canonical_provider","GET","https://shark.smhi.se/api/dataset/download/SHARK_Phytoplankton_2022_MEDINS_DVVF_version_2025-03-09.zip","7977cf514e4fb94c928cec0d08f1411a09ad63755067cb652340fc5b9dbf1935","2026-08-08T19:15:21Z","stage2/ds06_smhi_shark/DS06_SMHI_SHARK_20260808T191500Z/SHARK_Phytoplankton_2022_MEDINS_DVVF_version_2025-03-09.zip","SHARK_Phytoplankton_2022_MEDINS_DVVF_version_2025-03-09.zip",39285,"6ae7abb5f9a4c28caf022cff030666fe19d87f5ddf605dedf7e39d9d7552c899","application/zip","verified","open","Official SHARK API documentation states all published data are CC0; corroborated by archived MarineInfo records for national and regional SMHI phytoplankton packages. https://creativecommons.org/publicdomain/zero/1.0/","allowed","Swedish Meteorological and Hydrological Institute (SMHI), Swedish Ocean Archive (SHARK), versioned phytoplankton data packages.","https://shark.smhi.se/api/dataset/SHARK_Phytoplankton_2022_MEDINS_DVVF/metadata.json","verified","Downloaded from canonical SHARK package endpoint and passed unzip -t CRC validation."
"DS06",1,"SMHI SHARK","SHARK_Phytoplankton_2022_MEDINS_LVVVF","SHARK:SHARK_Phytoplankton_2022_MEDINS_LVVVF","2025-03-09","canonical_provider","GET","https://shark.smhi.se/api/dataset/download/SHARK_Phytoplankton_2022_MEDINS_LVVVF_version_2025-03-09.zip","0b9b7a013465addad5d9e8cd5fc8354b196538f1914d395c30cf89de7446213a","2026-08-08T19:15:21Z","stage2/ds06_smhi_shark/DS06_SMHI_SHARK_20260808T191500Z/SHARK_Phytoplankton_2022_MEDINS_LVVVF_version_2025-03-09.zip","SHARK_Phytoplankton_2022_MEDINS_LVVVF_version_2025-03-09.zip",16348,"ad50dd161f4fd93d1474b9afca900087e5db1bc9a35d8a12a67f5f24a269514b","application/zip","verified","open","Official SHARK API documentation states all published data are CC0; corroborated by archived MarineInfo records for national and regional SMHI phytoplankton packages. https://creativecommons.org/publicdomain/zero/1.0/","allowed","Swedish Meteorological and Hydrological Institute (SMHI), Swedish Ocean Archive (SHARK), versioned phytoplankton data packages.","https://shark.smhi.se/api/dataset/SHARK_Phytoplankton_2022_MEDINS_LVVVF/metadata.json","verified","Downloaded from canonical SHARK package endpoint and passed unzip -t CRC validation."
"DS06",1,"SMHI SHARK","SHARK_Phytoplankton_2022_MEDINS_MSVVF","SHARK:SHARK_Phytoplankton_2022_MEDINS_MSVVF","2025-03-09","canonical_provider","GET","https://shark.smhi.se/api/dataset/download/SHARK_Phytoplankton_2022_MEDINS_MSVVF_version_2025-03-09.zip","08267e837dc20dace3f8bfcfe2292c6e1e6a7bf344caf16e053ad24521b20423","2026-08-08T19:15:21Z","stage2/ds06_smhi_shark/DS06_SMHI_SHARK_20260808T191500Z/SHARK_Phytoplankton_2022_MEDINS_MSVVF_version_2025-03-09.zip","SHARK_Phytoplankton_2022_MEDINS_MSVVF_version_2025-03-09.zip",33933,"f080873b93cb65fdb1a0e04d06fc27581930f980239fb6d125f513531efdcb25","application/zip","verified","open","Official SHARK API documentation states all published data are CC0; corroborated by archived MarineInfo records for national and regional SMHI phytoplankton packages. https://creativecommons.org/publicdomain/zero/1.0/","allowed","Swedish Meteorological and Hydrological Institute (SMHI), Swedish Ocean Archive (SHARK), versioned phytoplankton data packages.","https://shark.smhi.se/api/dataset/SHARK_Phytoplankton_2022_MEDINS_MSVVF/metadata.json","verified","Downloaded from canonical SHARK package endpoint and passed unzip -t CRC validation."
"DS06",1,"SMHI SHARK","SHARK_Phytoplankton_2022_MEDINS_NLST","SHARK:SHARK_Phytoplankton_2022_MEDINS_NLST","2025-03-09","canonical_provider","GET","https://shark.smhi.se/api/dataset/download/SHARK_Phytoplankton_2022_MEDINS_NLST_version_2025-03-09.zip","1ac403f03bf7a12d64eaa2ad6eea8e7c1d4fe0a91e25521ee961d4171c5a7d50","2026-08-08T19:15:21Z","stage2/ds06_smhi_shark/DS06_SMHI_SHARK_20260808T191500Z/SHARK_Phytoplankton_2022_MEDINS_NLST_version_2025-03-09.zip","SHARK_Phytoplankton_2022_MEDINS_NLST_version_2025-03-09.zip",216907,"759d9e1fc3758f2fc5e1bad84f7106f9924c4e75d0c20fdca17d46f2d1f2d2cd","application/zip","verified","open","Official SHARK API documentation states all published data are CC0; corroborated by archived MarineInfo records for national and regional SMHI phytoplankton packages. https://creativecommons.org/publicdomain/zero/1.0/","allowed","Swedish Meteorological and Hydrological Institute (SMHI), Swedish Ocean Archive (SHARK), versioned phytoplankton data packages.","https://shark.smhi.se/api/dataset/SHARK_Phytoplankton_2022_MEDINS_NLST/metadata.json","verified","Downloaded from canonical SHARK package endpoint and passed unzip -t CRC validation."
"DS06",1,"SMHI SHARK","SHARK_Phytoplankton_2022_MEDINS_NORKOM","SHARK:SHARK_Phytoplankton_2022_MEDINS_NORKOM","2025-03-09","canonical_provider","GET","https://shark.smhi.se/api/dataset/download/SHARK_Phytoplankton_2022_MEDINS_NORKOM_version_2025-03-09.zip","81fdad2e1f1e908593463c956572ac3e9cdd184e8942f9c2c4cab68c22b4b6af","2026-08-08T19:15:21Z","stage2/ds06_smhi_shark/DS06_SMHI_SHARK_20260808T191500Z/SHARK_Phytoplankton_2022_MEDINS_NORKOM_version_2025-03-09.zip","SHARK_Phytoplankton_2022_MEDINS_NORKOM_version_2025-03-09.zip",10915,"a07bda95c8b53290ee035b7bde79165aaeb1e5f3321e7fc674ad1fb31d6768ea","application/zip","verified","open","Official SHARK API documentation states all published data are CC0; corroborated by archived MarineInfo records for national and regional SMHI phytoplankton packages. https://creativecommons.org/publicdomain/zero/1.0/","allowed","Swedish Meteorological and Hydrological Institute (SMHI), Swedish Ocean Archive (SHARK), versioned phytoplankton data packages.","https://shark.smhi.se/api/dataset/SHARK_Phytoplankton_2022_MEDINS_NORKOM/metadata.json","verified","Downloaded from canonical SHARK package endpoint and passed unzip -t CRC validation."
"DS06",1,"SMHI SHARK","SHARK_Phytoplankton_2022_MEDINS_UVVVF","SHARK:SHARK_Phytoplankton_2022_MEDINS_UVVVF","2025-03-09","canonical_provider","GET","https://shark.smhi.se/api/dataset/download/SHARK_Phytoplankton_2022_MEDINS_UVVVF_version_2025-03-09.zip","f0b4bee5a376dddc6fe2a09ef668b3aef382cd52785ca0bc0679aee5b769acb9","2026-08-08T19:15:21Z","stage2/ds06_smhi_shark/DS06_SMHI_SHARK_20260808T191500Z/SHARK_Phytoplankton_2022_MEDINS_UVVVF_version_2025-03-09.zip","SHARK_Phytoplankton_2022_MEDINS_UVVVF_version_2025-03-09.zip",99362,"bfd03d1543bf506d1a8c1400136590b14d55e426e602e0f92a755e3e5877169c","application/zip","verified","open","Official SHARK API documentation states all published data are CC0; corroborated by archived MarineInfo records for national and regional SMHI phytoplankton packages. https://creativecommons.org/publicdomain/zero/1.0/","allowed","Swedish Meteorological and Hydrological Institute (SMHI), Swedish Ocean Archive (SHARK), versioned phytoplankton data packages.","https://shark.smhi.se/api/dataset/SHARK_Phytoplankton_2022_MEDINS_UVVVF/metadata.json","verified","Downloaded from canonical SHARK package endpoint and passed unzip -t CRC validation."
"DS06",1,"SMHI SHARK","SHARK_Phytoplankton_2022_NATVAT","SHARK:SHARK_Phytoplankton_2022_NATVAT","2025-03-09","canonical_provider","GET","https://shark.smhi.se/api/dataset/download/SHARK_Phytoplankton_2022_NATVAT_version_2025-03-09.zip","e2e5dd3940006f65710de783a691d6f51a10fc74f235403371376ce15f96b072","2026-08-08T19:15:22Z","stage2/ds06_smhi_shark/DS06_SMHI_SHARK_20260808T191500Z/SHARK_Phytoplankton_2022_NATVAT_version_2025-03-09.zip","SHARK_Phytoplankton_2022_NATVAT_version_2025-03-09.zip",30774,"78c4cf461613481e8e33d29b54144247255eb80df295952afaca710e05f81137","application/zip","verified","open","Official SHARK API documentation states all published data are CC0; corroborated by archived MarineInfo records for national and regional SMHI phytoplankton packages. https://creativecommons.org/publicdomain/zero/1.0/","allowed","Swedish Meteorological and Hydrological Institute (SMHI), Swedish Ocean Archive (SHARK), versioned phytoplankton data packages.","https://shark.smhi.se/api/dataset/SHARK_Phytoplankton_2022_NATVAT/metadata.json","verified","Downloaded from canonical SHARK package endpoint and passed unzip -t CRC validation."
"DS06",1,"SMHI SHARK","SHARK_Phytoplankton_2022_NIRAS","SHARK:SHARK_Phytoplankton_2022_NIRAS","2025-03-09","canonical_provider","GET","https://shark.smhi.se/api/dataset/download/SHARK_Phytoplankton_2022_NIRAS_version_2025-03-09.zip","603e1a284c754ee103717da3cb50bbc271fdbd34bd0a361bdeabcefd4846a9fb","2026-08-08T19:15:22Z","stage2/ds06_smhi_shark/DS06_SMHI_SHARK_20260808T191500Z/SHARK_Phytoplankton_2022_NIRAS_version_2025-03-09.zip","SHARK_Phytoplankton_2022_NIRAS_version_2025-03-09.zip",69188,"cd110c4e17af0e2e43e95350489bfc29579390ab8982ddb79aaaa998a46fab01","application/zip","verified","open","Official SHARK API documentation states all published data are CC0; corroborated by archived MarineInfo records for national and regional SMHI phytoplankton packages. https://creativecommons.org/publicdomain/zero/1.0/","allowed","Swedish Meteorological and Hydrological Institute (SMHI), Swedish Ocean Archive (SHARK), versioned phytoplankton data packages.","https://shark.smhi.se/api/dataset/SHARK_Phytoplankton_2022_NIRAS/metadata.json","verified","Downloaded from canonical SHARK package endpoint and passed unzip -t CRC validation."
"DS06",1,"SMHI SHARK","SHARK_Phytoplankton_2022_PELA_EDSVVS","SHARK:SHARK_Phytoplankton_2022_PELA_EDSVVS","2025-03-09","canonical_provider","GET","https://shark.smhi.se/api/dataset/download/SHARK_Phytoplankton_2022_PELA_EDSVVS_version_2025-03-09.zip","76b7f224c426ba71e3bc019bf7c2e1471f77e47f66841b71b438b0b2ca2442df","2026-08-08T19:15:22Z","stage2/ds06_smhi_shark/DS06_SMHI_SHARK_20260808T191500Z/SHARK_Phytoplankton_2022_PELA_EDSVVS_version_2025-03-09.zip","SHARK_Phytoplankton_2022_PELA_EDSVVS_version_2025-03-09.zip",5594,"72bd5598b463ad8a1d754b09d2d24d9e12b128c2accc9cd3eb7061d2170efa47","application/zip","verified","open","Official SHARK API documentation states all published data are CC0; corroborated by archived MarineInfo records for national and regional SMHI phytoplankton packages. https://creativecommons.org/publicdomain/zero/1.0/","allowed","Swedish Meteorological and Hydrological Institute (SMHI), Swedish Ocean Archive (SHARK), versioned phytoplankton data packages.","https://shark.smhi.se/api/dataset/SHARK_Phytoplankton_2022_PELA_EDSVVS/metadata.json","verified","Downloaded from canonical SHARK package endpoint and passed unzip -t CRC validation."
"DS06",1,"SMHI SHARK","SHARK_Phytoplankton_2022_PELA_GVVF","SHARK:SHARK_Phytoplankton_2022_PELA_GVVF","2025-03-09","canonical_provider","GET","https://shark.smhi.se/api/dataset/download/SHARK_Phytoplankton_2022_PELA_GVVF_version_2025-03-09.zip","1c1651de518e596d030e192a31c5b103032ad137ef0b5d0b6417e611363e3bef","2026-08-08T19:15:22Z","stage2/ds06_smhi_shark/DS06_SMHI_SHARK_20260808T191500Z/SHARK_Phytoplankton_2022_PELA_GVVF_version_2025-03-09.zip","SHARK_Phytoplankton_2022_PELA_GVVF_version_2025-03-09.zip",32357,"28c0fa9095a406b3c6a7b82ae62ef649d9baf9ef415caee68ba8f04662dadd0a","application/zip","verified","open","Official SHARK API documentation states all published data are CC0; corroborated by archived MarineInfo records for national and regional SMHI phytoplankton packages. https://creativecommons.org/publicdomain/zero/1.0/","allowed","Swedish Meteorological and Hydrological Institute (SMHI), Swedish Ocean Archive (SHARK), versioned phytoplankton data packages.","https://shark.smhi.se/api/dataset/SHARK_Phytoplankton_2022_PELA_GVVF/metadata.json","verified","Downloaded from canonical SHARK package endpoint and passed unzip -t CRC validation."
"DS06",1,"SMHI SHARK","SHARK_Phytoplankton_2022_PELA_SVAB","SHARK:SHARK_Phytoplankton_2022_PELA_SVAB","2025-03-09","canonical_provider","GET","https://shark.smhi.se/api/dataset/download/SHARK_Phytoplankton_2022_PELA_SVAB_version_2025-03-09.zip","acd93b9a37f6a838c006e34cb2caf41e466071fb571257c6c1ce31593b03b00f","2026-08-08T19:15:22Z","stage2/ds06_smhi_shark/DS06_SMHI_SHARK_20260808T191500Z/SHARK_Phytoplankton_2022_PELA_SVAB_version_2025-03-09.zip","SHARK_Phytoplankton_2022_PELA_SVAB_version_2025-03-09.zip",64807,"b02a776c0695d519687870674061b6b32c26f12156a89c7697034d176c053d28","application/zip","verified","open","Official SHARK API documentation states all published data are CC0; corroborated by archived MarineInfo records for national and regional SMHI phytoplankton packages. https://creativecommons.org/publicdomain/zero/1.0/","allowed","Swedish Meteorological and Hydrological Institute (SMHI), Swedish Ocean Archive (SHARK), versioned phytoplankton data packages.","https://shark.smhi.se/api/dataset/SHARK_Phytoplankton_2022_PELA_SVAB/metadata.json","verified","Downloaded from canonical SHARK package endpoint and passed unzip -t CRC validation."
"DS06",1,"SMHI SHARK","SHARK_Phytoplankton_2022_PELA_SVAB_Brunnsviken","SHARK:SHARK_Phytoplankton_2022_PELA_SVAB_Brunnsviken","2025-03-09","canonical_provider","GET","https://shark.smhi.se/api/dataset/download/SHARK_Phytoplankton_2022_PELA_SVAB_Brunnsviken_version_2025-03-09.zip","a312a7ad176e622e4da3b0f10c89f6bb7e1e20d4e69aabde16fae19487c9a4c1","2026-08-08T19:15:22Z","stage2/ds06_smhi_shark/DS06_SMHI_SHARK_20260808T191500Z/SHARK_Phytoplankton_2022_PELA_SVAB_Brunnsviken_version_2025-03-09.zip","SHARK_Phytoplankton_2022_PELA_SVAB_Brunnsviken_version_2025-03-09.zip",7580,"d58758da9b9ca9ae12c936e81ee84a2af345e94e238347a5cef886ce1247f951","application/zip","verified","open","Official SHARK API documentation states all published data are CC0; corroborated by archived MarineInfo records for national and regional SMHI phytoplankton packages. https://creativecommons.org/publicdomain/zero/1.0/","allowed","Swedish Meteorological and Hydrological Institute (SMHI), Swedish Ocean Archive (SHARK), versioned phytoplankton data packages.","https://shark.smhi.se/api/dataset/SHARK_Phytoplankton_2022_PELA_SVAB_Brunnsviken/metadata.json","verified","Downloaded from canonical SHARK package endpoint and passed unzip -t CRC validation."
"DS06",1,"SMHI SHARK","SHARK_Phytoplankton_2022_SLCK","SHARK:SHARK_Phytoplankton_2022_SLCK","2025-03-09","canonical_provider","GET","https://shark.smhi.se/api/dataset/download/SHARK_Phytoplankton_2022_SLCK_version_2025-03-09.zip","2fe7e406114f9ff4e2cd79ad08b1c0ebd31579b97460fc6571b3c8f7bad8586f","2026-08-08T19:15:22Z","stage2/ds06_smhi_shark/DS06_SMHI_SHARK_20260808T191500Z/SHARK_Phytoplankton_2022_SLCK_version_2025-03-09.zip","SHARK_Phytoplankton_2022_SLCK_version_2025-03-09.zip",37975,"d6c67572d92fdef2b9d8e7224f74411cc459c10d12a107c4f659f151223fdf55","application/zip","verified","open","Official SHARK API documentation states all published data are CC0; corroborated by archived MarineInfo records for national and regional SMHI phytoplankton packages. https://creativecommons.org/publicdomain/zero/1.0/","allowed","Swedish Meteorological and Hydrological Institute (SMHI), Swedish Ocean Archive (SHARK), versioned phytoplankton data packages.","https://shark.smhi.se/api/dataset/SHARK_Phytoplankton_2022_SLCK/metadata.json","verified","Downloaded from canonical SHARK package endpoint and passed unzip -t CRC validation."
"DS06",1,"SMHI SHARK","SHARK_Phytoplankton_2022_SMHI","SHARK:SHARK_Phytoplankton_2022_SMHI","2025-03-09","canonical_provider","GET","https://shark.smhi.se/api/dataset/download/SHARK_Phytoplankton_2022_SMHI_version_2025-03-09.zip","3ffe218dfa01d4da034a2e2b0f6338b8b17736638bc25d809ed6461ea36d2c7b","2026-08-08T19:15:23Z","stage2/ds06_smhi_shark/DS06_SMHI_SHARK_20260808T191500Z/SHARK_Phytoplankton_2022_SMHI_version_2025-03-09.zip","SHARK_Phytoplankton_2022_SMHI_version_2025-03-09.zip",346749,"de3a248668b83a3da4ab5c9db5351d9e0027a9168bd1adb0a6d9cc2f283bbb97","application/zip","verified","open","Official SHARK API documentation states all published data are CC0; corroborated by archived MarineInfo records for national and regional SMHI phytoplankton packages. https://creativecommons.org/publicdomain/zero/1.0/","allowed","Swedish Meteorological and Hydrological Institute (SMHI), Swedish Ocean Archive (SHARK), versioned phytoplankton data packages.","https://shark.smhi.se/api/dataset/SHARK_Phytoplankton_2022_SMHI/metadata.json","verified","Downloaded from canonical SHARK package endpoint and passed unzip -t CRC validation."
"DS06",1,"SMHI SHARK","SHARK_Phytoplankton_2022_SMHI_BVVF","SHARK:SHARK_Phytoplankton_2022_SMHI_BVVF","2025-03-09","canonical_provider","GET","https://shark.smhi.se/api/dataset/download/SHARK_Phytoplankton_2022_SMHI_BVVF_version_2025-03-09.zip","d2c921295993d3951c6f4d7fa912c6abf0f98653a56a4b8f5e83f69cc2039e32","2026-08-08T19:15:23Z","stage2/ds06_smhi_shark/DS06_SMHI_SHARK_20260808T191500Z/SHARK_Phytoplankton_2022_SMHI_BVVF_version_2025-03-09.zip","SHARK_Phytoplankton_2022_SMHI_BVVF_version_2025-03-09.zip",663110,"be6ac0dd75d4855a7d6791f3f7a73b1791f0fafb8582d06bb175a75d6c76b92a","application/zip","verified","open","Official SHARK API documentation states all published data are CC0; corroborated by archived MarineInfo records for national and regional SMHI phytoplankton packages. https://creativecommons.org/publicdomain/zero/1.0/","allowed","Swedish Meteorological and Hydrological Institute (SMHI), Swedish Ocean Archive (SHARK), versioned phytoplankton data packages.","https://shark.smhi.se/api/dataset/SHARK_Phytoplankton_2022_SMHI_BVVF/metadata.json","verified","Downloaded from canonical SHARK package endpoint and passed unzip -t CRC validation."
"DS06",1,"SMHI SHARK","SHARK_Phytoplankton_2022_SMHI_ColorFantasy","SHARK:SHARK_Phytoplankton_2022_SMHI_ColorFantasy","2025-03-09","canonical_provider","GET","https://shark.smhi.se/api/dataset/download/SHARK_Phytoplankton_2022_SMHI_ColorFantasy_version_2025-03-09.zip","32112cde956fefffd11f40d659a2e9ad850ed125467b985b1978c46a6a9b5f51","2026-08-08T19:15:23Z","stage2/ds06_smhi_shark/DS06_SMHI_SHARK_20260808T191500Z/SHARK_Phytoplankton_2022_SMHI_ColorFantasy_version_2025-03-09.zip","SHARK_Phytoplankton_2022_SMHI_ColorFantasy_version_2025-03-09.zip",61718,"502055944a88f592d472b36952b0879ae13b302565e069df4059335390c4f837","application/zip","verified","open","Official SHARK API documentation states all published data are CC0; corroborated by archived MarineInfo records for national and regional SMHI phytoplankton packages. https://creativecommons.org/publicdomain/zero/1.0/","allowed","Swedish Meteorological and Hydrological Institute (SMHI), Swedish Ocean Archive (SHARK), versioned phytoplankton data packages.","https://shark.smhi.se/api/dataset/SHARK_Phytoplankton_2022_SMHI_ColorFantasy/metadata.json","verified","Downloaded from canonical SHARK package endpoint and passed unzip -t CRC validation."
"DS06",1,"SMHI SHARK","SHARK_Phytoplankton_2022_SMHI_EXT","SHARK:SHARK_Phytoplankton_2022_SMHI_EXT","2025-03-09","canonical_provider","GET","https://shark.smhi.se/api/dataset/download/SHARK_Phytoplankton_2022_SMHI_EXT_version_2025-03-09.zip","285090122bad7498e1585b11106d7db5d3fb37221c4efbfb321c8804cf7217c9","2026-08-08T19:15:23Z","stage2/ds06_smhi_shark/DS06_SMHI_SHARK_20260808T191500Z/SHARK_Phytoplankton_2022_SMHI_EXT_version_2025-03-09.zip","SHARK_Phytoplankton_2022_SMHI_EXT_version_2025-03-09.zip",14039,"f61d3bb5020e815077baa0d7b350894b541a366ab31cb1191336a294633248ed","application/zip","verified","open","Official SHARK API documentation states all published data are CC0; corroborated by archived MarineInfo records for national and regional SMHI phytoplankton packages. https://creativecommons.org/publicdomain/zero/1.0/","allowed","Swedish Meteorological and Hydrological Institute (SMHI), Swedish Ocean Archive (SHARK), versioned phytoplankton data packages.","https://shark.smhi.se/api/dataset/SHARK_Phytoplankton_2022_SMHI_EXT/metadata.json","verified","Downloaded from canonical SHARK package endpoint and passed unzip -t CRC validation."
"DS06",1,"SMHI SHARK","SHARK_Phytoplankton_2022_SMHI_OLST","SHARK:SHARK_Phytoplankton_2022_SMHI_OLST","2025-03-09","canonical_provider","GET","https://shark.smhi.se/api/dataset/download/SHARK_Phytoplankton_2022_SMHI_OLST_version_2025-03-09.zip","c3aedb468088226b273eec7ec0ece4d3ba1fa791e42c6da67e14dc0c999e7349","2026-08-08T19:15:23Z","stage2/ds06_smhi_shark/DS06_SMHI_SHARK_20260808T191500Z/SHARK_Phytoplankton_2022_SMHI_OLST_version_2025-03-09.zip","SHARK_Phytoplankton_2022_SMHI_OLST_version_2025-03-09.zip",156980,"080c4bda8383f6f473ea950840eab833bc4be4905db14f200da707166e90b1a1","application/zip","verified","open","Official SHARK API documentation states all published data are CC0; corroborated by archived MarineInfo records for national and regional SMHI phytoplankton packages. https://creativecommons.org/publicdomain/zero/1.0/","allowed","Swedish Meteorological and Hydrological Institute (SMHI), Swedish Ocean Archive (SHARK), versioned phytoplankton data packages.","https://shark.smhi.se/api/dataset/SHARK_Phytoplankton_2022_SMHI_OLST/metadata.json","verified","Downloaded from canonical SHARK package endpoint and passed unzip -t CRC validation."
"DS06",1,"SMHI SHARK","SHARK_Phytoplankton_2022_SMHI_SLV_biotox","SHARK:SHARK_Phytoplankton_2022_SMHI_SLV_biotox","2025-03-11","canonical_provider","GET","https://shark.smhi.se/api/dataset/download/SHARK_Phytoplankton_2022_SMHI_SLV_biotox_version_2025-03-11.zip","5e4aa4275c810c5350d57079ec45f30931c6eea35d900cdebc656a2a00de5bf3","2026-08-08T19:15:24Z","stage2/ds06_smhi_shark/DS06_SMHI_SHARK_20260808T191500Z/SHARK_Phytoplankton_2022_SMHI_SLV_biotox_version_2025-03-11.zip","SHARK_Phytoplankton_2022_SMHI_SLV_biotox_version_2025-03-11.zip",41700,"584bda464a498ffd61e6353475a96968454a94b62f8338fc2e7e79ce9dec9b55","application/zip","verified","open","Official SHARK API documentation states all published data are CC0; corroborated by archived MarineInfo records for national and regional SMHI phytoplankton packages. https://creativecommons.org/publicdomain/zero/1.0/","allowed","Swedish Meteorological and Hydrological Institute (SMHI), Swedish Ocean Archive (SHARK), versioned phytoplankton data packages.","https://shark.smhi.se/api/dataset/SHARK_Phytoplankton_2022_SMHI_SLV_biotox/metadata.json","verified","Downloaded from canonical SHARK package endpoint and passed unzip -t CRC validation."
"DS06",1,"SMHI SHARK","SHARK_Phytoplankton_2022_SMHI_SLV_KALKOM","SHARK:SHARK_Phytoplankton_2022_SMHI_SLV_KALKOM","2025-03-11","canonical_provider","GET","https://shark.smhi.se/api/dataset/download/SHARK_Phytoplankton_2022_SMHI_SLV_KALKOM_version_2025-03-11.zip","885a54bcdb13040cfe442cc7b1f1ab0347554d7677cbabb9c97c3dbc42498c80","2026-08-08T19:15:24Z","stage2/ds06_smhi_shark/DS06_SMHI_SHARK_20260808T191500Z/SHARK_Phytoplankton_2022_SMHI_SLV_KALKOM_version_2025-03-11.zip","SHARK_Phytoplankton_2022_SMHI_SLV_KALKOM_version_2025-03-11.zip",11977,"4554a0464a5c5ccf796eef6e1054701a6f9ff19233a5a12a41ee39e410b18965","application/zip","verified","open","Official SHARK API documentation states all published data are CC0; corroborated by archived MarineInfo records for national and regional SMHI phytoplankton packages. https://creativecommons.org/publicdomain/zero/1.0/","allowed","Swedish Meteorological and Hydrological Institute (SMHI), Swedish Ocean Archive (SHARK), versioned phytoplankton data packages.","https://shark.smhi.se/api/dataset/SHARK_Phytoplankton_2022_SMHI_SLV_KALKOM/metadata.json","verified","Downloaded from canonical SHARK package endpoint and passed unzip -t CRC validation."
"DS06",1,"SMHI SHARK","SHARK_Phytoplankton_2022_UMSC","SHARK:SHARK_Phytoplankton_2022_UMSC","2025-03-09","canonical_provider","GET","https://shark.smhi.se/api/dataset/download/SHARK_Phytoplankton_2022_UMSC_version_2025-03-09.zip","4ff0884866c9972c7e802166282ea0c246f849be288de1a7210106a2f9b32e24","2026-08-08T19:15:24Z","stage2/ds06_smhi_shark/DS06_SMHI_SHARK_20260808T191500Z/SHARK_Phytoplankton_2022_UMSC_version_2025-03-09.zip","SHARK_Phytoplankton_2022_UMSC_version_2025-03-09.zip",207402,"29d077bef9348485989c699759f4d156e341b1d0421524c4f3f3c6e955f5da4d","application/zip","verified","open","Official SHARK API documentation states all published data are CC0; corroborated by archived MarineInfo records for national and regional SMHI phytoplankton packages. https://creativecommons.org/publicdomain/zero/1.0/","allowed","Swedish Meteorological and Hydrological Institute (SMHI), Swedish Ocean Archive (SHARK), versioned phytoplankton data packages.","https://shark.smhi.se/api/dataset/SHARK_Phytoplankton_2022_UMSC/metadata.json","verified","Downloaded from canonical SHARK package endpoint and passed unzip -t CRC validation."
"DS06",1,"SMHI SHARK","SHARK_Phytoplankton_2022_UMSC_ACLST","SHARK:SHARK_Phytoplankton_2022_UMSC_ACLST","2025-03-09","canonical_provider","GET","https://shark.smhi.se/api/dataset/download/SHARK_Phytoplankton_2022_UMSC_ACLST_version_2025-03-09.zip","d61a05f15735f2f5c48f811cfe7116d988698b1264a63cc10c6ace34b49dcc50","2026-08-08T19:15:24Z","stage2/ds06_smhi_shark/DS06_SMHI_SHARK_20260808T191500Z/SHARK_Phytoplankton_2022_UMSC_ACLST_version_2025-03-09.zip","SHARK_Phytoplankton_2022_UMSC_ACLST_version_2025-03-09.zip",57714,"88623c0946d4b8cbb98df8f756d4627eb47141216ebcb2ee1c4209a7bdf316be","application/zip","verified","open","Official SHARK API documentation states all published data are CC0; corroborated by archived MarineInfo records for national and regional SMHI phytoplankton packages. https://creativecommons.org/publicdomain/zero/1.0/","allowed","Swedish Meteorological and Hydrological Institute (SMHI), Swedish Ocean Archive (SHARK), versioned phytoplankton data packages.","https://shark.smhi.se/api/dataset/SHARK_Phytoplankton_2022_UMSC_ACLST/metadata.json","verified","Downloaded from canonical SHARK package endpoint and passed unzip -t CRC validation."
"DS06",1,"SMHI SHARK","SHARK_Phytoplankton_2023_DEEP","SHARK:SHARK_Phytoplankton_2023_DEEP","2025-03-09","canonical_provider","GET","https://shark.smhi.se/api/dataset/download/SHARK_Phytoplankton_2023_DEEP_version_2025-03-09.zip","aa3172386cc46cff40f73ebc73084739a4366e8b61ad331d37bd911ee9571a88","2026-08-08T19:15:24Z","stage2/ds06_smhi_shark/DS06_SMHI_SHARK_20260808T191500Z/SHARK_Phytoplankton_2023_DEEP_version_2025-03-09.zip","SHARK_Phytoplankton_2023_DEEP_version_2025-03-09.zip",215600,"de0dfda74a118925241362230d2408d88ff4069c7645e01f302eea78f90d24e2","application/zip","verified","open","Official SHARK API documentation states all published data are CC0; corroborated by archived MarineInfo records for national and regional SMHI phytoplankton packages. https://creativecommons.org/publicdomain/zero/1.0/","allowed","Swedish Meteorological and Hydrological Institute (SMHI), Swedish Ocean Archive (SHARK), versioned phytoplankton data packages.","https://shark.smhi.se/api/dataset/SHARK_Phytoplankton_2023_DEEP/metadata.json","verified","Downloaded from canonical SHARK package endpoint and passed unzip -t CRC validation."
"DS06",1,"SMHI SHARK","SHARK_Phytoplankton_2023_DEEP_ILST","SHARK:SHARK_Phytoplankton_2023_DEEP_ILST","2025-03-09","canonical_provider","GET","https://shark.smhi.se/api/dataset/download/SHARK_Phytoplankton_2023_DEEP_ILST_version_2025-03-09.zip","d0bc48f74ebfe2540218df660f22d9ea74fb624e778bff1f385fd464a1280224","2026-08-08T19:15:24Z","stage2/ds06_smhi_shark/DS06_SMHI_SHARK_20260808T191500Z/SHARK_Phytoplankton_2023_DEEP_ILST_version_2025-03-09.zip","SHARK_Phytoplankton_2023_DEEP_ILST_version_2025-03-09.zip",16647,"d45e1e2b48f480bf14ac958ce2b592e00f2fd06c892113052f591ad701148c37","application/zip","verified","open","Official SHARK API documentation states all published data are CC0; corroborated by archived MarineInfo records for national and regional SMHI phytoplankton packages. https://creativecommons.org/publicdomain/zero/1.0/","allowed","Swedish Meteorological and Hydrological Institute (SMHI), Swedish Ocean Archive (SHARK), versioned phytoplankton data packages.","https://shark.smhi.se/api/dataset/SHARK_Phytoplankton_2023_DEEP_ILST/metadata.json","verified","Downloaded from canonical SHARK package endpoint and passed unzip -t CRC validation."
"DS06",1,"SMHI SHARK","SHARK_Phytoplankton_2023_DEEP_SKVVF","SHARK:SHARK_Phytoplankton_2023_DEEP_SKVVF","2025-03-09","canonical_provider","GET","https://shark.smhi.se/api/dataset/download/SHARK_Phytoplankton_2023_DEEP_SKVVF_version_2025-03-09.zip","7d31339e3f26a6185eb267cdbd41b34b9d1b7e0117b478dde8dbf1e4fab38ed4","2026-08-08T19:15:25Z","stage2/ds06_smhi_shark/DS06_SMHI_SHARK_20260808T191500Z/SHARK_Phytoplankton_2023_DEEP_SKVVF_version_2025-03-09.zip","SHARK_Phytoplankton_2023_DEEP_SKVVF_version_2025-03-09.zip",374840,"20580f4bc470b585e4e8c0237b66a29af94babc367cbd4bdc7faea3588eb8a49","application/zip","verified","open","Official SHARK API documentation states all published data are CC0; corroborated by archived MarineInfo records for national and regional SMHI phytoplankton packages. https://creativecommons.org/publicdomain/zero/1.0/","allowed","Swedish Meteorological and Hydrological Institute (SMHI), Swedish Ocean Archive (SHARK), versioned phytoplankton data packages.","https://shark.smhi.se/api/dataset/SHARK_Phytoplankton_2023_DEEP_SKVVF/metadata.json","verified","Downloaded from canonical SHARK package endpoint and passed unzip -t CRC validation."
"DS06",1,"SMHI SHARK","SHARK_Phytoplankton_2023_MEDINS_DVVF","SHARK:SHARK_Phytoplankton_2023_MEDINS_DVVF","2025-03-09","canonical_provider","GET","https://shark.smhi.se/api/dataset/download/SHARK_Phytoplankton_2023_MEDINS_DVVF_version_2025-03-09.zip","86e2253082f3577c7bafb3528d9db869912ab639d837d54fa286809cd67a8d06","2026-08-08T19:15:25Z","stage2/ds06_smhi_shark/DS06_SMHI_SHARK_20260808T191500Z/SHARK_Phytoplankton_2023_MEDINS_DVVF_version_2025-03-09.zip","SHARK_Phytoplankton_2023_MEDINS_DVVF_version_2025-03-09.zip",47802,"42eb00f930426da7d1d3b4ecdaa6e890c0b785ae1deda12157b3b183e67c680f","application/zip","verified","open","Official SHARK API documentation states all published data are CC0; corroborated by archived MarineInfo records for national and regional SMHI phytoplankton packages. https://creativecommons.org/publicdomain/zero/1.0/","allowed","Swedish Meteorological and Hydrological Institute (SMHI), Swedish Ocean Archive (SHARK), versioned phytoplankton data packages.","https://shark.smhi.se/api/dataset/SHARK_Phytoplankton_2023_MEDINS_DVVF/metadata.json","verified","Downloaded from canonical SHARK package endpoint and passed unzip -t CRC validation."
"DS06",1,"SMHI SHARK","SHARK_Phytoplankton_2023_MEDINS_LVVVF","SHARK:SHARK_Phytoplankton_2023_MEDINS_LVVVF","2025-03-09","canonical_provider","GET","https://shark.smhi.se/api/dataset/download/SHARK_Phytoplankton_2023_MEDINS_LVVVF_version_2025-03-09.zip","4e2e38c251b951ea1ba8412dee83cfa7b897a50bdb27c7fcbd38c7ae91dd53cb","2026-08-08T19:15:25Z","stage2/ds06_smhi_shark/DS06_SMHI_SHARK_20260808T191500Z/SHARK_Phytoplankton_2023_MEDINS_LVVVF_version_2025-03-09.zip","SHARK_Phytoplankton_2023_MEDINS_LVVVF_version_2025-03-09.zip",20103,"5789b8a476dd9cb2688eaae17a418b0d5aedd6cdcb41c63fd1a6e429846ae90c","application/zip","verified","open","Official SHARK API documentation states all published data are CC0; corroborated by archived MarineInfo records for national and regional SMHI phytoplankton packages. https://creativecommons.org/publicdomain/zero/1.0/","allowed","Swedish Meteorological and Hydrological Institute (SMHI), Swedish Ocean Archive (SHARK), versioned phytoplankton data packages.","https://shark.smhi.se/api/dataset/SHARK_Phytoplankton_2023_MEDINS_LVVVF/metadata.json","verified","Downloaded from canonical SHARK package endpoint and passed unzip -t CRC validation."
"DS06",1,"SMHI SHARK","SHARK_Phytoplankton_2023_MEDINS_NLST","SHARK:SHARK_Phytoplankton_2023_MEDINS_NLST","2025-03-09","canonical_provider","GET","https://shark.smhi.se/api/dataset/download/SHARK_Phytoplankton_2023_MEDINS_NLST_version_2025-03-09.zip","356d91d190cbcfc53f9718fe51f506a632eca966ce412e17b7ee49c68c4cd69c","2026-08-08T19:15:25Z","stage2/ds06_smhi_shark/DS06_SMHI_SHARK_20260808T191500Z/SHARK_Phytoplankton_2023_MEDINS_NLST_version_2025-03-09.zip","SHARK_Phytoplankton_2023_MEDINS_NLST_version_2025-03-09.zip",252939,"b9d91a953a8dd0bbbafd1c8c5456d10fa4e3236d819b9691454b9d23317a9258","application/zip","verified","open","Official SHARK API documentation states all published data are CC0; corroborated by archived MarineInfo records for national and regional SMHI phytoplankton packages. https://creativecommons.org/publicdomain/zero/1.0/","allowed","Swedish Meteorological and Hydrological Institute (SMHI), Swedish Ocean Archive (SHARK), versioned phytoplankton data packages.","https://shark.smhi.se/api/dataset/SHARK_Phytoplankton_2023_MEDINS_NLST/metadata.json","verified","Downloaded from canonical SHARK package endpoint and passed unzip -t CRC validation."
"DS06",1,"SMHI SHARK","SHARK_Phytoplankton_2023_MEDINS_NORKOM","SHARK:SHARK_Phytoplankton_2023_MEDINS_NORKOM","2025-03-09","canonical_provider","GET","https://shark.smhi.se/api/dataset/download/SHARK_Phytoplankton_2023_MEDINS_NORKOM_version_2025-03-09.zip","5bc28b39df030b1aed20fd2b2ef39663820fb720a97d3461f97056241e29a51d","2026-08-08T19:15:25Z","stage2/ds06_smhi_shark/DS06_SMHI_SHARK_20260808T191500Z/SHARK_Phytoplankton_2023_MEDINS_NORKOM_version_2025-03-09.zip","SHARK_Phytoplankton_2023_MEDINS_NORKOM_version_2025-03-09.zip",11315,"34d28434c8bf99beed74eebb47d08ed1cde65c39e1f94e8dbdcb76ccf7ee361a","application/zip","verified","open","Official SHARK API documentation states all published data are CC0; corroborated by archived MarineInfo records for national and regional SMHI phytoplankton packages. https://creativecommons.org/publicdomain/zero/1.0/","allowed","Swedish Meteorological and Hydrological Institute (SMHI), Swedish Ocean Archive (SHARK), versioned phytoplankton data packages.","https://shark.smhi.se/api/dataset/SHARK_Phytoplankton_2023_MEDINS_NORKOM/metadata.json","verified","Downloaded from canonical SHARK package endpoint and passed unzip -t CRC validation."
"DS06",1,"SMHI SHARK","SHARK_Phytoplankton_2023_NATVAT","SHARK:SHARK_Phytoplankton_2023_NATVAT","2025-03-09","canonical_provider","GET","https://shark.smhi.se/api/dataset/download/SHARK_Phytoplankton_2023_NATVAT_version_2025-03-09.zip","97b091dee31d85f9554e3a9f490376a81f7542ed7e683ddafa7224ffe1ead376","2026-08-08T19:15:25Z","stage2/ds06_smhi_shark/DS06_SMHI_SHARK_20260808T191500Z/SHARK_Phytoplankton_2023_NATVAT_version_2025-03-09.zip","SHARK_Phytoplankton_2023_NATVAT_version_2025-03-09.zip",63885,"78bafee8fe0043d8e9f7dfd8427193f462a712fa175986962ae82bdd9b914be8","application/zip","verified","open","Official SHARK API documentation states all published data are CC0; corroborated by archived MarineInfo records for national and regional SMHI phytoplankton packages. https://creativecommons.org/publicdomain/zero/1.0/","allowed","Swedish Meteorological and Hydrological Institute (SMHI), Swedish Ocean Archive (SHARK), versioned phytoplankton data packages.","https://shark.smhi.se/api/dataset/SHARK_Phytoplankton_2023_NATVAT/metadata.json","verified","Downloaded from canonical SHARK package endpoint and passed unzip -t CRC validation."
"DS06",1,"SMHI SHARK","SHARK_Phytoplankton_2023_NIRAS","SHARK:SHARK_Phytoplankton_2023_NIRAS","2025-03-09","canonical_provider","GET","https://shark.smhi.se/api/dataset/download/SHARK_Phytoplankton_2023_NIRAS_version_2025-03-09.zip","df695796c38b3efdb1dcad3d529c971023ec2504b4fd8b521ec99caa3f9006dd","2026-08-08T19:15:26Z","stage2/ds06_smhi_shark/DS06_SMHI_SHARK_20260808T191500Z/SHARK_Phytoplankton_2023_NIRAS_version_2025-03-09.zip","SHARK_Phytoplankton_2023_NIRAS_version_2025-03-09.zip",77457,"c90d8870a0d653e157c7a90fd798c0196c2b922ae7d80deb6685c957231f2646","application/zip","verified","open","Official SHARK API documentation states all published data are CC0; corroborated by archived MarineInfo records for national and regional SMHI phytoplankton packages. https://creativecommons.org/publicdomain/zero/1.0/","allowed","Swedish Meteorological and Hydrological Institute (SMHI), Swedish Ocean Archive (SHARK), versioned phytoplankton data packages.","https://shark.smhi.se/api/dataset/SHARK_Phytoplankton_2023_NIRAS/metadata.json","verified","Downloaded from canonical SHARK package endpoint and passed unzip -t CRC validation."
"DS06",1,"SMHI SHARK","SHARK_Phytoplankton_2023_PELA_EDSVVS","SHARK:SHARK_Phytoplankton_2023_PELA_EDSVVS","2025-03-09","canonical_provider","GET","https://shark.smhi.se/api/dataset/download/SHARK_Phytoplankton_2023_PELA_EDSVVS_version_2025-03-09.zip","04e7e7821db686a2894cbc9fc2faa84488278d3ee92c64f50192738fa75d938f","2026-08-08T19:15:26Z","stage2/ds06_smhi_shark/DS06_SMHI_SHARK_20260808T191500Z/SHARK_Phytoplankton_2023_PELA_EDSVVS_version_2025-03-09.zip","SHARK_Phytoplankton_2023_PELA_EDSVVS_version_2025-03-09.zip",8472,"a21b2d7a52b1abc6222d9c31bd9555fcc024d652b2f8de2ccdb6aacdf103507e","application/zip","verified","open","Official SHARK API documentation states all published data are CC0; corroborated by archived MarineInfo records for national and regional SMHI phytoplankton packages. https://creativecommons.org/publicdomain/zero/1.0/","allowed","Swedish Meteorological and Hydrological Institute (SMHI), Swedish Ocean Archive (SHARK), versioned phytoplankton data packages.","https://shark.smhi.se/api/dataset/SHARK_Phytoplankton_2023_PELA_EDSVVS/metadata.json","verified","Downloaded from canonical SHARK package endpoint and passed unzip -t CRC validation."
"DS06",1,"SMHI SHARK","SHARK_Phytoplankton_2023_PELA_GVVF","SHARK:SHARK_Phytoplankton_2023_PELA_GVVF","2025-03-09","canonical_provider","GET","https://shark.smhi.se/api/dataset/download/SHARK_Phytoplankton_2023_PELA_GVVF_version_2025-03-09.zip","84fc517e9b44260f794f0d5db0c37b02833f2bb32b402ca0064109a84d80e7b9","2026-08-08T19:15:26Z","stage2/ds06_smhi_shark/DS06_SMHI_SHARK_20260808T191500Z/SHARK_Phytoplankton_2023_PELA_GVVF_version_2025-03-09.zip","SHARK_Phytoplankton_2023_PELA_GVVF_version_2025-03-09.zip",28894,"b01726af76029c36462ebf27ecf0a354fc37b687d41dbba98caf46116054e462","application/zip","verified","open","Official SHARK API documentation states all published data are CC0; corroborated by archived MarineInfo records for national and regional SMHI phytoplankton packages. https://creativecommons.org/publicdomain/zero/1.0/","allowed","Swedish Meteorological and Hydrological Institute (SMHI), Swedish Ocean Archive (SHARK), versioned phytoplankton data packages.","https://shark.smhi.se/api/dataset/SHARK_Phytoplankton_2023_PELA_GVVF/metadata.json","verified","Downloaded from canonical SHARK package endpoint and passed unzip -t CRC validation."
"DS06",1,"SMHI SHARK","SHARK_Phytoplankton_2023_PELA_SVAB","SHARK:SHARK_Phytoplankton_2023_PELA_SVAB","2025-03-09","canonical_provider","GET","https://shark.smhi.se/api/dataset/download/SHARK_Phytoplankton_2023_PELA_SVAB_version_2025-03-09.zip","2c48c155dac01897b6630de3472e814010ef8b87d1c5041cef6db8a014c2b8fe","2026-08-08T19:15:26Z","stage2/ds06_smhi_shark/DS06_SMHI_SHARK_20260808T191500Z/SHARK_Phytoplankton_2023_PELA_SVAB_version_2025-03-09.zip","SHARK_Phytoplankton_2023_PELA_SVAB_version_2025-03-09.zip",86309,"bcb10c61332c5bee1f8f62a5e774fe5c85997104ead89178360c821976ba7384","application/zip","verified","open","Official SHARK API documentation states all published data are CC0; corroborated by archived MarineInfo records for national and regional SMHI phytoplankton packages. https://creativecommons.org/publicdomain/zero/1.0/","allowed","Swedish Meteorological and Hydrological Institute (SMHI), Swedish Ocean Archive (SHARK), versioned phytoplankton data packages.","https://shark.smhi.se/api/dataset/SHARK_Phytoplankton_2023_PELA_SVAB/metadata.json","verified","Downloaded from canonical SHARK package endpoint and passed unzip -t CRC validation."
"DS06",1,"SMHI SHARK","SHARK_Phytoplankton_2023_PELA_SVAB_Brunnsviken","SHARK:SHARK_Phytoplankton_2023_PELA_SVAB_Brunnsviken","2025-03-09","canonical_provider","GET","https://shark.smhi.se/api/dataset/download/SHARK_Phytoplankton_2023_PELA_SVAB_Brunnsviken_version_2025-03-09.zip","af72f7e184cf7ecdead77f0411141c275a685cf49ce569c3fa7f899ea7111a2a","2026-08-08T19:15:26Z","stage2/ds06_smhi_shark/DS06_SMHI_SHARK_20260808T191500Z/SHARK_Phytoplankton_2023_PELA_SVAB_Brunnsviken_version_2025-03-09.zip","SHARK_Phytoplankton_2023_PELA_SVAB_Brunnsviken_version_2025-03-09.zip",7631,"4369b867255df38d47c28c0373115549d4e79cde74de20e45864f4f204a20b38","application/zip","verified","open","Official SHARK API documentation states all published data are CC0; corroborated by archived MarineInfo records for national and regional SMHI phytoplankton packages. https://creativecommons.org/publicdomain/zero/1.0/","allowed","Swedish Meteorological and Hydrological Institute (SMHI), Swedish Ocean Archive (SHARK), versioned phytoplankton data packages.","https://shark.smhi.se/api/dataset/SHARK_Phytoplankton_2023_PELA_SVAB_Brunnsviken/metadata.json","verified","Downloaded from canonical SHARK package endpoint and passed unzip -t CRC validation."
"DS06",1,"SMHI SHARK","SHARK_Phytoplankton_2023_SLCK_SMHI","SHARK:SHARK_Phytoplankton_2023_SLCK_SMHI","2025-03-09","canonical_provider","GET","https://shark.smhi.se/api/dataset/download/SHARK_Phytoplankton_2023_SLCK_SMHI_version_2025-03-09.zip","1dd6ed7ab7b6093a639c40e284666f96c543f257f45c32ab1c08cf85702fef9b","2026-08-08T19:15:26Z","stage2/ds06_smhi_shark/DS06_SMHI_SHARK_20260808T191500Z/SHARK_Phytoplankton_2023_SLCK_SMHI_version_2025-03-09.zip","SHARK_Phytoplankton_2023_SLCK_SMHI_version_2025-03-09.zip",7255,"e6385de595eb281f1d60f7f281ca47f1a5b4be5525c96eba5aef7955e56413e5","application/zip","verified","open","Official SHARK API documentation states all published data are CC0; corroborated by archived MarineInfo records for national and regional SMHI phytoplankton packages. https://creativecommons.org/publicdomain/zero/1.0/","allowed","Swedish Meteorological and Hydrological Institute (SMHI), Swedish Ocean Archive (SHARK), versioned phytoplankton data packages.","https://shark.smhi.se/api/dataset/SHARK_Phytoplankton_2023_SLCK_SMHI/metadata.json","verified","Downloaded from canonical SHARK package endpoint and passed unzip -t CRC validation."
"DS06",1,"SMHI SHARK","SHARK_Phytoplankton_2023_SMHI","SHARK:SHARK_Phytoplankton_2023_SMHI","2025-03-09","canonical_provider","GET","https://shark.smhi.se/api/dataset/download/SHARK_Phytoplankton_2023_SMHI_version_2025-03-09.zip","43de565e5f9c2e2e55e832c7c49f090c82c824d574d06733187e327aeb8aa244","2026-08-08T19:15:26Z","stage2/ds06_smhi_shark/DS06_SMHI_SHARK_20260808T191500Z/SHARK_Phytoplankton_2023_SMHI_version_2025-03-09.zip","SHARK_Phytoplankton_2023_SMHI_version_2025-03-09.zip",351139,"6ad8c13ec56ae304b131cd665dc9ca16cbac250d2075406afee9d4dc7d007a0b","application/zip","verified","open","Official SHARK API documentation states all published data are CC0; corroborated by archived MarineInfo records for national and regional SMHI phytoplankton packages. https://creativecommons.org/publicdomain/zero/1.0/","allowed","Swedish Meteorological and Hydrological Institute (SMHI), Swedish Ocean Archive (SHARK), versioned phytoplankton data packages.","https://shark.smhi.se/api/dataset/SHARK_Phytoplankton_2023_SMHI/metadata.json","verified","Downloaded from canonical SHARK package endpoint and passed unzip -t CRC validation."
"DS06",1,"SMHI SHARK","SHARK_Phytoplankton_2023_SMHI_ALGG","SHARK:SHARK_Phytoplankton_2023_SMHI_ALGG","2025-03-07","canonical_provider","GET","https://shark.smhi.se/api/dataset/download/SHARK_Phytoplankton_2023_SMHI_ALGG_version_2025-03-07.zip","7448b897aedc1099bef5021c9b0607175b70fa3102763f02198b3619b807300b","2026-08-08T19:15:27Z","stage2/ds06_smhi_shark/DS06_SMHI_SHARK_20260808T191500Z/SHARK_Phytoplankton_2023_SMHI_ALGG_version_2025-03-07.zip","SHARK_Phytoplankton_2023_SMHI_ALGG_version_2025-03-07.zip",58909,"77d212546a1f067d659390ca6dd3d38398479b5cf156e05945b35ea06fba373b","application/zip","verified","open","Official SHARK API documentation states all published data are CC0; corroborated by archived MarineInfo records for national and regional SMHI phytoplankton packages. https://creativecommons.org/publicdomain/zero/1.0/","allowed","Swedish Meteorological and Hydrological Institute (SMHI), Swedish Ocean Archive (SHARK), versioned phytoplankton data packages.","https://shark.smhi.se/api/dataset/SHARK_Phytoplankton_2023_SMHI_ALGG/metadata.json","verified","Downloaded from canonical SHARK package endpoint and passed unzip -t CRC validation."
"DS06",1,"SMHI SHARK","SHARK_Phytoplankton_2023_SMHI_Algtox","SHARK:SHARK_Phytoplankton_2023_SMHI_Algtox","2025-03-09","canonical_provider","GET","https://shark.smhi.se/api/dataset/download/SHARK_Phytoplankton_2023_SMHI_Algtox_version_2025-03-09.zip","0fee1358e475a430e627c4a7e239f596c3175ea042158f0233ce8151577ecc72","2026-08-08T19:15:27Z","stage2/ds06_smhi_shark/DS06_SMHI_SHARK_20260808T191500Z/SHARK_Phytoplankton_2023_SMHI_Algtox_version_2025-03-09.zip","SHARK_Phytoplankton_2023_SMHI_Algtox_version_2025-03-09.zip",104956,"a8e91e2b4fbc7177f78666e24ae88df28f6b858e8a518acacae823ea1b47d700","application/zip","verified","open","Official SHARK API documentation states all published data are CC0; corroborated by archived MarineInfo records for national and regional SMHI phytoplankton packages. https://creativecommons.org/publicdomain/zero/1.0/","allowed","Swedish Meteorological and Hydrological Institute (SMHI), Swedish Ocean Archive (SHARK), versioned phytoplankton data packages.","https://shark.smhi.se/api/dataset/SHARK_Phytoplankton_2023_SMHI_Algtox/metadata.json","verified","Downloaded from canonical SHARK package endpoint and passed unzip -t CRC validation."
"DS06",1,"SMHI SHARK","SHARK_Phytoplankton_2023_SMHI_BVVF","SHARK:SHARK_Phytoplankton_2023_SMHI_BVVF","2025-03-09","canonical_provider","GET","https://shark.smhi.se/api/dataset/download/SHARK_Phytoplankton_2023_SMHI_BVVF_version_2025-03-09.zip","412eda09ef63846f656fa3d281393fc987895377a4df41aea3497eec64a82fc5","2026-08-08T19:15:27Z","stage2/ds06_smhi_shark/DS06_SMHI_SHARK_20260808T191500Z/SHARK_Phytoplankton_2023_SMHI_BVVF_version_2025-03-09.zip","SHARK_Phytoplankton_2023_SMHI_BVVF_version_2025-03-09.zip",727600,"9d945c4d534e761f76c16ad016194de8d1296175481395d04c4268edbb052729","application/zip","verified","open","Official SHARK API documentation states all published data are CC0; corroborated by archived MarineInfo records for national and regional SMHI phytoplankton packages. https://creativecommons.org/publicdomain/zero/1.0/","allowed","Swedish Meteorological and Hydrological Institute (SMHI), Swedish Ocean Archive (SHARK), versioned phytoplankton data packages.","https://shark.smhi.se/api/dataset/SHARK_Phytoplankton_2023_SMHI_BVVF/metadata.json","verified","Downloaded from canonical SHARK package endpoint and passed unzip -t CRC validation."
"DS06",1,"SMHI SHARK","SHARK_Phytoplankton_2023_SMHI_ColorFantasy","SHARK:SHARK_Phytoplankton_2023_SMHI_ColorFantasy","2025-03-09","canonical_provider","GET","https://shark.smhi.se/api/dataset/download/SHARK_Phytoplankton_2023_SMHI_ColorFantasy_version_2025-03-09.zip","73f01bbd9d32c26825cebf42fc3b8911ba4ebe1b400a4c4800ccc02b72d5f076","2026-08-08T19:15:27Z","stage2/ds06_smhi_shark/DS06_SMHI_SHARK_20260808T191500Z/SHARK_Phytoplankton_2023_SMHI_ColorFantasy_version_2025-03-09.zip","SHARK_Phytoplankton_2023_SMHI_ColorFantasy_version_2025-03-09.zip",62628,"768c473f6040c50206428085cea6e0d7bf1057ae17a492ecfe3c9f6741621bda","application/zip","verified","open","Official SHARK API documentation states all published data are CC0; corroborated by archived MarineInfo records for national and regional SMHI phytoplankton packages. https://creativecommons.org/publicdomain/zero/1.0/","allowed","Swedish Meteorological and Hydrological Institute (SMHI), Swedish Ocean Archive (SHARK), versioned phytoplankton data packages.","https://shark.smhi.se/api/dataset/SHARK_Phytoplankton_2023_SMHI_ColorFantasy/metadata.json","verified","Downloaded from canonical SHARK package endpoint and passed unzip -t CRC validation."
"DS06",1,"SMHI SHARK","SHARK_Phytoplankton_2023_SMHI_OLST","SHARK:SHARK_Phytoplankton_2023_SMHI_OLST","2025-03-09","canonical_provider","GET","https://shark.smhi.se/api/dataset/download/SHARK_Phytoplankton_2023_SMHI_OLST_version_2025-03-09.zip","8dc3d3d3632a6e4b6a0ed0b30bd7a204f8c142151907dc8b5c0c6bb5f7612ee8","2026-08-08T19:15:28Z","stage2/ds06_smhi_shark/DS06_SMHI_SHARK_20260808T191500Z/SHARK_Phytoplankton_2023_SMHI_OLST_version_2025-03-09.zip","SHARK_Phytoplankton_2023_SMHI_OLST_version_2025-03-09.zip",143406,"96e9fd617bcc27e5d1eee9dcc29516c0835bc80fe847d376cd27989458f61b66","application/zip","verified","open","Official SHARK API documentation states all published data are CC0; corroborated by archived MarineInfo records for national and regional SMHI phytoplankton packages. https://creativecommons.org/publicdomain/zero/1.0/","allowed","Swedish Meteorological and Hydrological Institute (SMHI), Swedish Ocean Archive (SHARK), versioned phytoplankton data packages.","https://shark.smhi.se/api/dataset/SHARK_Phytoplankton_2023_SMHI_OLST/metadata.json","verified","Downloaded from canonical SHARK package endpoint and passed unzip -t CRC validation."
"DS06",1,"SMHI SHARK","SHARK_Phytoplankton_2023_SMHI_SLV_biotox","SHARK:SHARK_Phytoplankton_2023_SMHI_SLV_biotox","2025-03-11","canonical_provider","GET","https://shark.smhi.se/api/dataset/download/SHARK_Phytoplankton_2023_SMHI_SLV_biotox_version_2025-03-11.zip","efb30504ceff2d2d9791e4d798931d32b4918c6d68c49c9c698068e0490cd7a7","2026-08-08T19:15:28Z","stage2/ds06_smhi_shark/DS06_SMHI_SHARK_20260808T191500Z/SHARK_Phytoplankton_2023_SMHI_SLV_biotox_version_2025-03-11.zip","SHARK_Phytoplankton_2023_SMHI_SLV_biotox_version_2025-03-11.zip",46129,"c481d93ab640b90d6fc7025e4c99d5e4fe6140731b74d8c7d9791b796d3c2a89","application/zip","verified","open","Official SHARK API documentation states all published data are CC0; corroborated by archived MarineInfo records for national and regional SMHI phytoplankton packages. https://creativecommons.org/publicdomain/zero/1.0/","allowed","Swedish Meteorological and Hydrological Institute (SMHI), Swedish Ocean Archive (SHARK), versioned phytoplankton data packages.","https://shark.smhi.se/api/dataset/SHARK_Phytoplankton_2023_SMHI_SLV_biotox/metadata.json","verified","Downloaded from canonical SHARK package endpoint and passed unzip -t CRC validation."
"DS06",1,"SMHI SHARK","SHARK_Phytoplankton_2023_SWECO_MSVVF","SHARK:SHARK_Phytoplankton_2023_SWECO_MSVVF","2025-03-09","canonical_provider","GET","https://shark.smhi.se/api/dataset/download/SHARK_Phytoplankton_2023_SWECO_MSVVF_version_2025-03-09.zip","38d2ae8a85d9d49042ceb0dd15cab1ed5fa0b3780970a40f77032c41a88f0b02","2026-08-08T19:15:28Z","stage2/ds06_smhi_shark/DS06_SMHI_SHARK_20260808T191500Z/SHARK_Phytoplankton_2023_SWECO_MSVVF_version_2025-03-09.zip","SHARK_Phytoplankton_2023_SWECO_MSVVF_version_2025-03-09.zip",27154,"6c3bf3d61ed15ff0c796febbda70a481c15398bec38ff06add981f3bbbe8664b","application/zip","verified","open","Official SHARK API documentation states all published data are CC0; corroborated by archived MarineInfo records for national and regional SMHI phytoplankton packages. https://creativecommons.org/publicdomain/zero/1.0/","allowed","Swedish Meteorological and Hydrological Institute (SMHI), Swedish Ocean Archive (SHARK), versioned phytoplankton data packages.","https://shark.smhi.se/api/dataset/SHARK_Phytoplankton_2023_SWECO_MSVVF/metadata.json","verified","Downloaded from canonical SHARK package endpoint and passed unzip -t CRC validation."
"DS06",1,"SMHI SHARK","SHARK_Phytoplankton_2023_SWECO_UVVVF","SHARK:SHARK_Phytoplankton_2023_SWECO_UVVVF","2025-03-09","canonical_provider","GET","https://shark.smhi.se/api/dataset/download/SHARK_Phytoplankton_2023_SWECO_UVVVF_version_2025-03-09.zip","c5c7317251305fe7c487c32b83607a17b5747556bddba5ad8145b98a70ee1f93","2026-08-08T19:15:28Z","stage2/ds06_smhi_shark/DS06_SMHI_SHARK_20260808T191500Z/SHARK_Phytoplankton_2023_SWECO_UVVVF_version_2025-03-09.zip","SHARK_Phytoplankton_2023_SWECO_UVVVF_version_2025-03-09.zip",74997,"aaa8a727a590c4047404716932179b335863fa7ac87c564895bff626103258f0","application/zip","verified","open","Official SHARK API documentation states all published data are CC0; corroborated by archived MarineInfo records for national and regional SMHI phytoplankton packages. https://creativecommons.org/publicdomain/zero/1.0/","allowed","Swedish Meteorological and Hydrological Institute (SMHI), Swedish Ocean Archive (SHARK), versioned phytoplankton data packages.","https://shark.smhi.se/api/dataset/SHARK_Phytoplankton_2023_SWECO_UVVVF/metadata.json","verified","Downloaded from canonical SHARK package endpoint and passed unzip -t CRC validation."
"DS06",1,"SMHI SHARK","SHARK_Phytoplankton_2023_UMSC","SHARK:SHARK_Phytoplankton_2023_UMSC","2025-03-09","canonical_provider","GET","https://shark.smhi.se/api/dataset/download/SHARK_Phytoplankton_2023_UMSC_version_2025-03-09.zip","2b2ae1cd3d44b5d03343a721787f58e12fe4942cf3ced64e3435ef221f44e94e","2026-08-08T19:15:28Z","stage2/ds06_smhi_shark/DS06_SMHI_SHARK_20260808T191500Z/SHARK_Phytoplankton_2023_UMSC_version_2025-03-09.zip","SHARK_Phytoplankton_2023_UMSC_version_2025-03-09.zip",289485,"c703097cccf86fe63faa8633760b9dad6c117dd19cd6920ae44d5d15f4541943","application/zip","verified","open","Official SHARK API documentation states all published data are CC0; corroborated by archived MarineInfo records for national and regional SMHI phytoplankton packages. https://creativecommons.org/publicdomain/zero/1.0/","allowed","Swedish Meteorological and Hydrological Institute (SMHI), Swedish Ocean Archive (SHARK), versioned phytoplankton data packages.","https://shark.smhi.se/api/dataset/SHARK_Phytoplankton_2023_UMSC/metadata.json","verified","Downloaded from canonical SHARK package endpoint and passed unzip -t CRC validation."
"DS06",1,"SMHI SHARK","SHARK_Phytoplankton_2023_UMSC_ACLST","SHARK:SHARK_Phytoplankton_2023_UMSC_ACLST","2025-03-09","canonical_provider","GET","https://shark.smhi.se/api/dataset/download/SHARK_Phytoplankton_2023_UMSC_ACLST_version_2025-03-09.zip","469308cc42874399fd6416f7ce9ee3e8eced241a9c4c417dd66d77487e11016b","2026-08-08T19:15:28Z","stage2/ds06_smhi_shark/DS06_SMHI_SHARK_20260808T191500Z/SHARK_Phytoplankton_2023_UMSC_ACLST_version_2025-03-09.zip","SHARK_Phytoplankton_2023_UMSC_ACLST_version_2025-03-09.zip",12271,"a2f85b11677a4edc7cf7b6be19e6494d693c365def6d6417a86f3bc203e919af","application/zip","verified","open","Official SHARK API documentation states all published data are CC0; corroborated by archived MarineInfo records for national and regional SMHI phytoplankton packages. https://creativecommons.org/publicdomain/zero/1.0/","allowed","Swedish Meteorological and Hydrological Institute (SMHI), Swedish Ocean Archive (SHARK), versioned phytoplankton data packages.","https://shark.smhi.se/api/dataset/SHARK_Phytoplankton_2023_UMSC_ACLST/metadata.json","verified","Downloaded from canonical SHARK package endpoint and passed unzip -t CRC validation."
"DS06",1,"SMHI SHARK","SHARK_Phytoplankton_2023_UMSC_FHK","SHARK:SHARK_Phytoplankton_2023_UMSC_FHK","2025-03-09","canonical_provider","GET","https://shark.smhi.se/api/dataset/download/SHARK_Phytoplankton_2023_UMSC_FHK_version_2025-03-09.zip","d12fb3659d76e96d595358be3fe46ef1e7fdfbaf6e0d4ce19a4c314b474b6be9","2026-08-08T19:15:28Z","stage2/ds06_smhi_shark/DS06_SMHI_SHARK_20260808T191500Z/SHARK_Phytoplankton_2023_UMSC_FHK_version_2025-03-09.zip","SHARK_Phytoplankton_2023_UMSC_FHK_version_2025-03-09.zip",25297,"765d447bf5ea945d856bd19e89ebdb56809152ceea7744fb2b183f179b15bc9a","application/zip","verified","open","Official SHARK API documentation states all published data are CC0; corroborated by archived MarineInfo records for national and regional SMHI phytoplankton packages. https://creativecommons.org/publicdomain/zero/1.0/","allowed","Swedish Meteorological and Hydrological Institute (SMHI), Swedish Ocean Archive (SHARK), versioned phytoplankton data packages.","https://shark.smhi.se/api/dataset/SHARK_Phytoplankton_2023_UMSC_FHK/metadata.json","verified","Downloaded from canonical SHARK package endpoint and passed unzip -t CRC validation."
"DS06",1,"SMHI SHARK","SHARK_Phytoplankton_2024_NIRAS_NVSKK","SHARK:SHARK_Phytoplankton_2024_NIRAS_NVSKK","2025-03-09","canonical_provider","GET","https://shark.smhi.se/api/dataset/download/SHARK_Phytoplankton_2024_NIRAS_NVSKK_version_2025-03-09.zip","bdcae1557eaee9f9aaed4c5da72af2504d2f9a28d6904a7a53ed363e855dde28","2026-08-08T19:15:29Z","stage2/ds06_smhi_shark/DS06_SMHI_SHARK_20260808T191500Z/SHARK_Phytoplankton_2024_NIRAS_NVSKK_version_2025-03-09.zip","SHARK_Phytoplankton_2024_NIRAS_NVSKK_version_2025-03-09.zip",27729,"fac7ccec358b0daccd339dcace4627b50a1e8893432908380ee25d3c693fece8","application/zip","verified","open","Official SHARK API documentation states all published data are CC0; corroborated by archived MarineInfo records for national and regional SMHI phytoplankton packages. https://creativecommons.org/publicdomain/zero/1.0/","allowed","Swedish Meteorological and Hydrological Institute (SMHI), Swedish Ocean Archive (SHARK), versioned phytoplankton data packages.","https://shark.smhi.se/api/dataset/SHARK_Phytoplankton_2024_NIRAS_NVSKK/metadata.json","verified","Downloaded from canonical SHARK package endpoint and passed unzip -t CRC validation."
"DS06",1,"SMHI SHARK","SHARK_Phytoplankton_2024_NIRAS_OVVF","SHARK:SHARK_Phytoplankton_2024_NIRAS_OVVF","2025-03-09","canonical_provider","GET","https://shark.smhi.se/api/dataset/download/SHARK_Phytoplankton_2024_NIRAS_OVVF_version_2025-03-09.zip","24385ea043d280108322cce737252f6a8307b25820cadeccd2b9030d50d541ea","2026-08-08T19:15:29Z","stage2/ds06_smhi_shark/DS06_SMHI_SHARK_20260808T191500Z/SHARK_Phytoplankton_2024_NIRAS_OVVF_version_2025-03-09.zip","SHARK_Phytoplankton_2024_NIRAS_OVVF_version_2025-03-09.zip",15444,"e60c2a289195c2c90164e561a6c322c1be219746ac0f463afc365880b5cae78e","application/zip","verified","open","Official SHARK API documentation states all published data are CC0; corroborated by archived MarineInfo records for national and regional SMHI phytoplankton packages. https://creativecommons.org/publicdomain/zero/1.0/","allowed","Swedish Meteorological and Hydrological Institute (SMHI), Swedish Ocean Archive (SHARK), versioned phytoplankton data packages.","https://shark.smhi.se/api/dataset/SHARK_Phytoplankton_2024_NIRAS_OVVF/metadata.json","verified","Downloaded from canonical SHARK package endpoint and passed unzip -t CRC validation."
"DS06",1,"SMHI SHARK","SHARK_Phytoplankton_2024_NIRAS_VHVVF_BKVF","SHARK:SHARK_Phytoplankton_2024_NIRAS_VHVVF_BKVF","2025-03-09","canonical_provider","GET","https://shark.smhi.se/api/dataset/download/SHARK_Phytoplankton_2024_NIRAS_VHVVF_BKVF_version_2025-03-09.zip","a4df0afa63c52d1a4141936bd840fac307658bf4bae2fe5d764ae0c2f8fa2a86","2026-08-08T19:15:29Z","stage2/ds06_smhi_shark/DS06_SMHI_SHARK_20260808T191500Z/SHARK_Phytoplankton_2024_NIRAS_VHVVF_BKVF_version_2025-03-09.zip","SHARK_Phytoplankton_2024_NIRAS_VHVVF_BKVF_version_2025-03-09.zip",40840,"85bf1cb142d85293dfe0ba41b4019030ca6a6a69ef1f8e8a9b50213072d7c7ed","application/zip","verified","open","Official SHARK API documentation states all published data are CC0; corroborated by archived MarineInfo records for national and regional SMHI phytoplankton packages. https://creativecommons.org/publicdomain/zero/1.0/","allowed","Swedish Meteorological and Hydrological Institute (SMHI), Swedish Ocean Archive (SHARK), versioned phytoplankton data packages.","https://shark.smhi.se/api/dataset/SHARK_Phytoplankton_2024_NIRAS_VHVVF_BKVF/metadata.json","verified","Downloaded from canonical SHARK package endpoint and passed unzip -t CRC validation."
"DS06",1,"SMHI SHARK","SHARK_Phytoplankton_2024_SMHI","SHARK:SHARK_Phytoplankton_2024_SMHI","2025-03-13","canonical_provider","GET","https://shark.smhi.se/api/dataset/download/SHARK_Phytoplankton_2024_SMHI_version_2025-03-13.zip","2245863b4a7082aefd99549529e012950b9a279a24f13dd599fcc864bd3b2d04","2026-08-08T19:15:29Z","stage2/ds06_smhi_shark/DS06_SMHI_SHARK_20260808T191500Z/SHARK_Phytoplankton_2024_SMHI_version_2025-03-13.zip","SHARK_Phytoplankton_2024_SMHI_version_2025-03-13.zip",269346,"d0dc07cf72271fa3d8d51f7be870f4842ec06a609f4f44d4b156a923cf3ba38c","application/zip","verified","open","Official SHARK API documentation states all published data are CC0; corroborated by archived MarineInfo records for national and regional SMHI phytoplankton packages. https://creativecommons.org/publicdomain/zero/1.0/","allowed","Swedish Meteorological and Hydrological Institute (SMHI), Swedish Ocean Archive (SHARK), versioned phytoplankton data packages.","https://shark.smhi.se/api/dataset/SHARK_Phytoplankton_2024_SMHI/metadata.json","verified","Downloaded from canonical SHARK package endpoint and passed unzip -t CRC validation."
"DS06",1,"SMHI SHARK","SHARK_Phytoplankton_2024_SMHI_ALGX","SHARK:SHARK_Phytoplankton_2024_SMHI_ALGX","2025-03-09","canonical_provider","GET","https://shark.smhi.se/api/dataset/download/SHARK_Phytoplankton_2024_SMHI_ALGX_version_2025-03-09.zip","fee4e62e0b848c928f72287f7b6262bd0e269a48fc6d7162e016a8d63513d64a","2026-08-08T19:15:29Z","stage2/ds06_smhi_shark/DS06_SMHI_SHARK_20260808T191500Z/SHARK_Phytoplankton_2024_SMHI_ALGX_version_2025-03-09.zip","SHARK_Phytoplankton_2024_SMHI_ALGX_version_2025-03-09.zip",62661,"724bc19c568424ac806668682717cf50f9d48ba0df9be0341acb63ccdd09d59d","application/zip","verified","open","Official SHARK API documentation states all published data are CC0; corroborated by archived MarineInfo records for national and regional SMHI phytoplankton packages. https://creativecommons.org/publicdomain/zero/1.0/","allowed","Swedish Meteorological and Hydrological Institute (SMHI), Swedish Ocean Archive (SHARK), versioned phytoplankton data packages.","https://shark.smhi.se/api/dataset/SHARK_Phytoplankton_2024_SMHI_ALGX/metadata.json","verified","Downloaded from canonical SHARK package endpoint and passed unzip -t CRC validation."
"DS06",1,"SMHI SHARK","SHARK_Phytoplankton_2024_SMHI_BVVF","SHARK:SHARK_Phytoplankton_2024_SMHI_BVVF","2025-03-09","canonical_provider","GET","https://shark.smhi.se/api/dataset/download/SHARK_Phytoplankton_2024_SMHI_BVVF_version_2025-03-09.zip","6d3f369eabccc1cbdada26442f57df0ded530a9379f7212f1683bf693451daa3","2026-08-08T19:15:30Z","stage2/ds06_smhi_shark/DS06_SMHI_SHARK_20260808T191500Z/SHARK_Phytoplankton_2024_SMHI_BVVF_version_2025-03-09.zip","SHARK_Phytoplankton_2024_SMHI_BVVF_version_2025-03-09.zip",670318,"0203fb5575081d14048179e6469d715b21d76952d110f6e6be727232b5736625","application/zip","verified","open","Official SHARK API documentation states all published data are CC0; corroborated by archived MarineInfo records for national and regional SMHI phytoplankton packages. https://creativecommons.org/publicdomain/zero/1.0/","allowed","Swedish Meteorological and Hydrological Institute (SMHI), Swedish Ocean Archive (SHARK), versioned phytoplankton data packages.","https://shark.smhi.se/api/dataset/SHARK_Phytoplankton_2024_SMHI_BVVF/metadata.json","verified","Downloaded from canonical SHARK package endpoint and passed unzip -t CRC validation."
"DS06",1,"SMHI SHARK","SHARK_Phytoplankton_2024_SMHI_SLV_biotox","SHARK:SHARK_Phytoplankton_2024_SMHI_SLV_biotox","2025-03-11","canonical_provider","GET","https://shark.smhi.se/api/dataset/download/SHARK_Phytoplankton_2024_SMHI_SLV_biotox_version_2025-03-11.zip","0b71052693264455f54682b87cde0cbb688b25af73f6be9023a3f0e1fb461bf1","2026-08-08T19:15:30Z","stage2/ds06_smhi_shark/DS06_SMHI_SHARK_20260808T191500Z/SHARK_Phytoplankton_2024_SMHI_SLV_biotox_version_2025-03-11.zip","SHARK_Phytoplankton_2024_SMHI_SLV_biotox_version_2025-03-11.zip",32845,"1882aefb5e837fc7da5edf02d829eb049aff76c956cba5bad38bc373da27220d","application/zip","verified","open","Official SHARK API documentation states all published data are CC0; corroborated by archived MarineInfo records for national and regional SMHI phytoplankton packages. https://creativecommons.org/publicdomain/zero/1.0/","allowed","Swedish Meteorological and Hydrological Institute (SMHI), Swedish Ocean Archive (SHARK), versioned phytoplankton data packages.","https://shark.smhi.se/api/dataset/SHARK_Phytoplankton_2024_SMHI_SLV_biotox/metadata.json","verified","Downloaded from canonical SHARK package endpoint and passed unzip -t CRC validation."
"DS06",1,"SMHI SHARK","SHARK_Phytoplankton_2024_SWECO_DVVF","SHARK:SHARK_Phytoplankton_2024_SWECO_DVVF","2025-03-09","canonical_provider","GET","https://shark.smhi.se/api/dataset/download/SHARK_Phytoplankton_2024_SWECO_DVVF_version_2025-03-09.zip","02b3a44146cb121e203feb7ac2646808b1d2497e3a93a483247c5148cb095376","2026-08-08T19:15:30Z","stage2/ds06_smhi_shark/DS06_SMHI_SHARK_20260808T191500Z/SHARK_Phytoplankton_2024_SWECO_DVVF_version_2025-03-09.zip","SHARK_Phytoplankton_2024_SWECO_DVVF_version_2025-03-09.zip",24792,"1739a5cded1694dc7d335503efa79b20180643bf892f53cbc68aa558e72eb09d","application/zip","verified","open","Official SHARK API documentation states all published data are CC0; corroborated by archived MarineInfo records for national and regional SMHI phytoplankton packages. https://creativecommons.org/publicdomain/zero/1.0/","allowed","Swedish Meteorological and Hydrological Institute (SMHI), Swedish Ocean Archive (SHARK), versioned phytoplankton data packages.","https://shark.smhi.se/api/dataset/SHARK_Phytoplankton_2024_SWECO_DVVF/metadata.json","verified","Downloaded from canonical SHARK package endpoint and passed unzip -t CRC validation."
"DS06",1,"SMHI SHARK","SHARK_Phytoplankton_2024_SWECO_LVVVF","SHARK:SHARK_Phytoplankton_2024_SWECO_LVVVF","2025-03-09","canonical_provider","GET","https://shark.smhi.se/api/dataset/download/SHARK_Phytoplankton_2024_SWECO_LVVVF_version_2025-03-09.zip","f76adfb59fe5b20eb8338de151e8d5dbc6df1c709516fecdb102f25e22d6c7c2","2026-08-08T19:15:30Z","stage2/ds06_smhi_shark/DS06_SMHI_SHARK_20260808T191500Z/SHARK_Phytoplankton_2024_SWECO_LVVVF_version_2025-03-09.zip","SHARK_Phytoplankton_2024_SWECO_LVVVF_version_2025-03-09.zip",9971,"c9737a461562594278693bb590d80a8d393f1dcd3b65f2e7d89cfb8147530ee0","application/zip","verified","open","Official SHARK API documentation states all published data are CC0; corroborated by archived MarineInfo records for national and regional SMHI phytoplankton packages. https://creativecommons.org/publicdomain/zero/1.0/","allowed","Swedish Meteorological and Hydrological Institute (SMHI), Swedish Ocean Archive (SHARK), versioned phytoplankton data packages.","https://shark.smhi.se/api/dataset/SHARK_Phytoplankton_2024_SWECO_LVVVF/metadata.json","verified","Downloaded from canonical SHARK package endpoint and passed unzip -t CRC validation."
"DS06",1,"SMHI SHARK","SHARK_Phytoplankton_2024_SWECO_MSVVF","SHARK:SHARK_Phytoplankton_2024_SWECO_MSVVF","2025-03-17","canonical_provider","GET","https://shark.smhi.se/api/dataset/download/SHARK_Phytoplankton_2024_SWECO_MSVVF_version_2025-03-17.zip","c5461817ab9595180c55f2480ba32579e07992fea4e2afe4cadb68cd71b6fb5e","2026-08-08T19:15:30Z","stage2/ds06_smhi_shark/DS06_SMHI_SHARK_20260808T191500Z/SHARK_Phytoplankton_2024_SWECO_MSVVF_version_2025-03-17.zip","SHARK_Phytoplankton_2024_SWECO_MSVVF_version_2025-03-17.zip",23193,"54ad64bd4cdf0e5b23858f87b93fe2999010525b98286b900bab3f4e7f5a8cfe","application/zip","verified","open","Official SHARK API documentation states all published data are CC0; corroborated by archived MarineInfo records for national and regional SMHI phytoplankton packages. https://creativecommons.org/publicdomain/zero/1.0/","allowed","Swedish Meteorological and Hydrological Institute (SMHI), Swedish Ocean Archive (SHARK), versioned phytoplankton data packages.","https://shark.smhi.se/api/dataset/SHARK_Phytoplankton_2024_SWECO_MSVVF/metadata.json","verified","Downloaded from canonical SHARK package endpoint and passed unzip -t CRC validation."
"DS06",1,"SMHI SHARK","SHARK_Phytoplankton_2024_SWECO_NLST","SHARK:SHARK_Phytoplankton_2024_SWECO_NLST","2025-03-09","canonical_provider","GET","https://shark.smhi.se/api/dataset/download/SHARK_Phytoplankton_2024_SWECO_NLST_version_2025-03-09.zip","188219573f82e925a833940aec37541996a9452568e0761f6877a34f5bf2bbf1","2026-08-08T19:15:30Z","stage2/ds06_smhi_shark/DS06_SMHI_SHARK_20260808T191500Z/SHARK_Phytoplankton_2024_SWECO_NLST_version_2025-03-09.zip","SHARK_Phytoplankton_2024_SWECO_NLST_version_2025-03-09.zip",196057,"d1473686f704e1dd4a9370796cceebc43b644decb195ad2ce2fdd9d05584312a","application/zip","verified","open","Official SHARK API documentation states all published data are CC0; corroborated by archived MarineInfo records for national and regional SMHI phytoplankton packages. https://creativecommons.org/publicdomain/zero/1.0/","allowed","Swedish Meteorological and Hydrological Institute (SMHI), Swedish Ocean Archive (SHARK), versioned phytoplankton data packages.","https://shark.smhi.se/api/dataset/SHARK_Phytoplankton_2024_SWECO_NLST/metadata.json","verified","Downloaded from canonical SHARK package endpoint and passed unzip -t CRC validation."
"DS06",1,"SMHI SHARK","SHARK_Phytoplankton_2024_SWECO_NORKOM","SHARK:SHARK_Phytoplankton_2024_SWECO_NORKOM","2025-03-09","canonical_provider","GET","https://shark.smhi.se/api/dataset/download/SHARK_Phytoplankton_2024_SWECO_NORKOM_version_2025-03-09.zip","f37b65bf5f7c63d2c8a403e4b537f76eb2e1b3aa90c4ac9d3d806e215d6d4582","2026-08-08T19:15:31Z","stage2/ds06_smhi_shark/DS06_SMHI_SHARK_20260808T191500Z/SHARK_Phytoplankton_2024_SWECO_NORKOM_version_2025-03-09.zip","SHARK_Phytoplankton_2024_SWECO_NORKOM_version_2025-03-09.zip",8077,"f88f5f88dffa2311bde86901c4f152887bbde3b12446bc89a89075dabbc7aebe","application/zip","verified","open","Official SHARK API documentation states all published data are CC0; corroborated by archived MarineInfo records for national and regional SMHI phytoplankton packages. https://creativecommons.org/publicdomain/zero/1.0/","allowed","Swedish Meteorological and Hydrological Institute (SMHI), Swedish Ocean Archive (SHARK), versioned phytoplankton data packages.","https://shark.smhi.se/api/dataset/SHARK_Phytoplankton_2024_SWECO_NORKOM/metadata.json","verified","Downloaded from canonical SHARK package endpoint and passed unzip -t CRC validation."
"DS06",1,"SMHI SHARK","SHARK_Phytoplankton_2024_SWECO_UVVVF","SHARK:SHARK_Phytoplankton_2024_SWECO_UVVVF","2025-03-09","canonical_provider","GET","https://shark.smhi.se/api/dataset/download/SHARK_Phytoplankton_2024_SWECO_UVVVF_version_2025-03-09.zip","2489fa1e3d3ab4536eec4c95ed9cc438c9bae8c39829d08ff7b580ef3a756a9c","2026-08-08T19:15:31Z","stage2/ds06_smhi_shark/DS06_SMHI_SHARK_20260808T191500Z/SHARK_Phytoplankton_2024_SWECO_UVVVF_version_2025-03-09.zip","SHARK_Phytoplankton_2024_SWECO_UVVVF_version_2025-03-09.zip",66199,"ab9f139d8e8c6acc1335453e4219908630deade2253b50980059c039cde97848","application/zip","verified","open","Official SHARK API documentation states all published data are CC0; corroborated by archived MarineInfo records for national and regional SMHI phytoplankton packages. https://creativecommons.org/publicdomain/zero/1.0/","allowed","Swedish Meteorological and Hydrological Institute (SMHI), Swedish Ocean Archive (SHARK), versioned phytoplankton data packages.","https://shark.smhi.se/api/dataset/SHARK_Phytoplankton_2024_SWECO_UVVVF/metadata.json","verified","Downloaded from canonical SHARK package endpoint and passed unzip -t CRC validation."
