"crosswalk_version","accepted_aphia_id","authority_species","authority_genus","authority_class","authority_division","authority_trophy","authority_size_class","lifeform_primary","lifeform_secondary","autotrophy_status","autotrophy_uncertainty","colony_state","phaeocystis_state","assignment_rule","crosswalk_state"
"PEG_BVOL2026_stage5_v1",146563,"Aphanocapsa delicatissima","Aphanocapsa","Cyanophyceae","CYANOBACTERIA","AU",1,"other_autotrophic_phytoplankton","","autotroph",FALSE,"provider_comment_mentions_colony","not_phaeocystis","peg_trophy_au_other","authority_rule_assignment_not_yet_applied_to_biomass"
"PEG_BVOL2026_stage5_v1",146563,"Aphanocapsa delicatissima","Aphanocapsa","Cyanophyceae","CYANOBACTERIA","AU",2,"other_autotrophic_phytoplankton","","autotroph",FALSE,"provider_comment_mentions_colony","not_phaeocystis","peg_trophy_au_other","authority_rule_assignment_not_yet_applied_to_biomass"
"PEG_BVOL2026_stage5_v1",146563,"Aphanocapsa delicatissima","Aphanocapsa","Cyanophyceae","CYANOBACTERIA","AU",3,"other_autotrophic_phytoplankton","","autotroph",FALSE,"provider_comment_mentions_colony","not_phaeocystis","peg_trophy_au_other","authority_rule_assignment_not_yet_applied_to_biomass"
"PEG_BVOL2026_stage5_v1",146563,"Aphanocapsa delicatissima","Aphanocapsa","Cyanophyceae","CYANOBACTERIA","AU",4,"other_autotrophic_phytoplankton","","autotroph",FALSE,"provider_comment_mentions_colony","not_phaeocystis","peg_trophy_au_other","authority_rule_assignment_not_yet_applied_to_biomass"
"PEG_BVOL2026_stage5_v1",146563,"Aphanocapsa delicatissima","Aphanocapsa","Cyanophyceae","CYANOBACTERIA","AU",5,"other_autotrophic_phytoplankton","","autotroph",FALSE,"provider_comment_mentions_colony","not_phaeocystis","peg_trophy_au_other","authority_rule_assignment_not_yet_applied_to_biomass"
"PEG_BVOL2026_stage5_v1",146563,"Aphanocapsa delicatissima","Aphanocapsa","Cyanophyceae","CYANOBACTERIA","AU",6,"other_autotrophic_phytoplankton","","autotroph",FALSE,"provider_comment_mentions_colony","not_phaeocystis","peg_trophy_au_other","authority_rule_assignment_not_yet_applied_to_biomass"
"PEG_BVOL2026_stage5_v1",146563,"Aphanocapsa delicatissima","Aphanocapsa","Cyanophyceae","CYANOBACTERIA","AU",7,"other_autotrophic_phytoplankton","","autotroph",FALSE,"provider_comment_mentions_colony","not_phaeocystis","peg_trophy_au_other","authority_rule_assignment_not_yet_applied_to_biomass"
"PEG_BVOL2026_stage5_v1",146564,"Aphanocapsa elachista","Aphanocapsa","Cyanophyceae","CYANOBACTERIA","AU",1,"other_autotrophic_phytoplankton","","autotroph",FALSE,"provider_comment_mentions_colony","not_phaeocystis","peg_trophy_au_other","authority_rule_assignment_not_yet_applied_to_biomass"
"PEG_BVOL2026_stage5_v1",146564,"Aphanocapsa elachista","Aphanocapsa","Cyanophyceae","CYANOBACTERIA","AU",2,"other_autotrophic_phytoplankton","","autotroph",FALSE,"provider_comment_mentions_colony","not_phaeocystis","peg_trophy_au_other","authority_rule_assignment_not_yet_applied_to_biomass"
"PEG_BVOL2026_stage5_v1",146564,"Aphanocapsa elachista","Aphanocapsa","Cyanophyceae","CYANOBACTERIA","AU",3,"other_autotrophic_phytoplankton","","autotroph",FALSE,"provider_comment_mentions_colony","not_phaeocystis","peg_trophy_au_other","authority_rule_assignment_not_yet_applied_to_biomass"
"PEG_BVOL2026_stage5_v1",146564,"Aphanocapsa elachista","Aphanocapsa","Cyanophyceae","CYANOBACTERIA","AU",4,"other_autotrophic_phytoplankton","","autotroph",FALSE,"provider_comment_mentions_colony","not_phaeocystis","peg_trophy_au_other","authority_rule_assignment_not_yet_applied_to_biomass"
"PEG_BVOL2026_stage5_v1",146564,"Aphanocapsa elachista","Aphanocapsa","Cyanophyceae","CYANOBACTERIA","AU",5,"other_autotrophic_phytoplankton","","autotroph",FALSE,"provider_comment_mentions_colony","not_phaeocystis","peg_trophy_au_other","authority_rule_assignment_not_yet_applied_to_biomass"
"PEG_BVOL2026_stage5_v1",146647,"Aphanocapsa holsatica","Aphanocapsa","Cyanophyceae","CYANOBACTERIA","AU",1,"other_autotrophic_phytoplankton","","autotroph",FALSE,"provider_comment_mentions_colony","not_phaeocystis","peg_trophy_au_other","authority_rule_assignment_not_yet_applied_to_biomass"
"PEG_BVOL2026_stage5_v1",146647,"Aphanocapsa holsatica","Aphanocapsa","Cyanophyceae","CYANOBACTERIA","AU",2,"other_autotrophic_phytoplankton","","autotroph",FALSE,"provider_comment_mentions_colony","not_phaeocystis","peg_trophy_au_other","authority_rule_assignment_not_yet_applied_to_biomass"
"PEG_BVOL2026_stage5_v1",146647,"Aphanocapsa holsatica","Aphanocapsa","Cyanophyceae","CYANOBACTERIA","AU",3,"other_autotrophic_phytoplankton","","autotroph",FALSE,"provider_comment_mentions_colony","not_phaeocystis","peg_trophy_au_other","authority_rule_assignment_not_yet_applied_to_biomass"
"PEG_BVOL2026_stage5_v1",146647,"Aphanocapsa holsatica","Aphanocapsa","Cyanophyceae","CYANOBACTERIA","AU",4,"other_autotrophic_phytoplankton","","autotroph",FALSE,"provider_comment_mentions_colony","not_phaeocystis","peg_trophy_au_other","authority_rule_assignment_not_yet_applied_to_biomass"
"PEG_BVOL2026_stage5_v1",146647,"Aphanocapsa holsatica","Aphanocapsa","Cyanophyceae","CYANOBACTERIA","AU",5,"other_autotrophic_phytoplankton","","autotroph",FALSE,"provider_comment_mentions_colony","not_phaeocystis","peg_trophy_au_other","authority_rule_assignment_not_yet_applied_to_biomass"
"PEG_BVOL2026_stage5_v1",162668,"Aphanocapsa incerta","Aphanocapsa","Cyanophyceae","CYANOBACTERIA","AU",1,"other_autotrophic_phytoplankton","","autotroph",FALSE,"provider_comment_mentions_colony","not_phaeocystis","peg_trophy_au_other","authority_rule_assignment_not_yet_applied_to_biomass"
"PEG_BVOL2026_stage5_v1",162668,"Aphanocapsa incerta","Aphanocapsa","Cyanophyceae","CYANOBACTERIA","AU",2,"other_autotrophic_phytoplankton","","autotroph",FALSE,"provider_comment_mentions_colony","not_phaeocystis","peg_trophy_au_other","authority_rule_assignment_not_yet_applied_to_biomass"
"PEG_BVOL2026_stage5_v1",162668,"Aphanocapsa incerta","Aphanocapsa","Cyanophyceae","CYANOBACTERIA","AU",3,"other_autotrophic_phytoplankton","","autotroph",FALSE,"provider_comment_mentions_colony","not_phaeocystis","peg_trophy_au_other","authority_rule_assignment_not_yet_applied_to_biomass"
"PEG_BVOL2026_stage5_v1",162668,"Aphanocapsa incerta","Aphanocapsa","Cyanophyceae","CYANOBACTERIA","AU",4,"other_autotrophic_phytoplankton","","autotroph",FALSE,"provider_comment_mentions_colony","not_phaeocystis","peg_trophy_au_other","authority_rule_assignment_not_yet_applied_to_biomass"
"PEG_BVOL2026_stage5_v1",162668,"Aphanocapsa incerta","Aphanocapsa","Cyanophyceae","CYANOBACTERIA","AU",5,"other_autotrophic_phytoplankton","","autotroph",FALSE,"provider_comment_mentions_colony","not_phaeocystis","peg_trophy_au_other","authority_rule_assignment_not_yet_applied_to_biomass"
"PEG_BVOL2026_stage5_v1",162671,"Aphanocapsa parasitica","Aphanocapsa","Cyanophyceae","CYANOBACTERIA","AU",1,"other_autotrophic_phytoplankton","","autotroph",FALSE,"provider_comment_mentions_colony","not_phaeocystis","peg_trophy_au_other","authority_rule_assignment_not_yet_applied_to_biomass"
"PEG_BVOL2026_stage5_v1",162671,"Aphanocapsa parasitica","Aphanocapsa","Cyanophyceae","CYANOBACTERIA","AU",2,"other_autotrophic_phytoplankton","","autotroph",FALSE,"provider_comment_mentions_colony","not_phaeocystis","peg_trophy_au_other","authority_rule_assignment_not_yet_applied_to_biomass"
"PEG_BVOL2026_stage5_v1",162672,"Aphanocapsa planctonica","Aphanocapsa","Cyanophyceae","CYANOBACTERIA","AU",1,"other_autotrophic_phytoplankton","","autotroph",FALSE,"provider_comment_mentions_colony","not_phaeocystis","peg_trophy_au_other","authority_rule_assignment_not_yet_applied_to_biomass"
"PEG_BVOL2026_stage5_v1",162672,"Aphanocapsa planctonica","Aphanocapsa","Cyanophyceae","CYANOBACTERIA","AU",2,"other_autotrophic_phytoplankton","","autotroph",FALSE,"provider_comment_mentions_colony","not_phaeocystis","peg_trophy_au_other","authority_rule_assignment_not_yet_applied_to_biomass"
"PEG_BVOL2026_stage5_v1",162672,"Aphanocapsa planctonica","Aphanocapsa","Cyanophyceae","CYANOBACTERIA","AU",3,"other_autotrophic_phytoplankton","","autotroph",FALSE,"provider_comment_mentions_colony","not_phaeocystis","peg_trophy_au_other","authority_rule_assignment_not_yet_applied_to_biomass"
"PEG_BVOL2026_stage5_v1",162672,"Aphanocapsa planctonica","Aphanocapsa","Cyanophyceae","CYANOBACTERIA","AU",4,"other_autotrophic_phytoplankton","","autotroph",FALSE,"provider_comment_mentions_colony","not_phaeocystis","peg_trophy_au_other","authority_rule_assignment_not_yet_applied_to_biomass"
"PEG_BVOL2026_stage5_v1",162672,"Aphanocapsa planctonica","Aphanocapsa","Cyanophyceae","CYANOBACTERIA","AU",5,"other_autotrophic_phytoplankton","","autotroph",FALSE,"provider_comment_mentions_colony","not_phaeocystis","peg_trophy_au_other","authority_rule_assignment_not_yet_applied_to_biomass"
"PEG_BVOL2026_stage5_v1",162673,"Aphanocapsa reinboldii","Aphanocapsa","Cyanophyceae","CYANOBACTERIA","AU",1,"other_autotrophic_phytoplankton","","autotroph",FALSE,"provider_comment_mentions_colony","not_phaeocystis","peg_trophy_au_other","authority_rule_assignment_not_yet_applied_to_biomass"
"PEG_BVOL2026_stage5_v1",162673,"Aphanocapsa reinboldii","Aphanocapsa","Cyanophyceae","CYANOBACTERIA","AU",2,"other_autotrophic_phytoplankton","","autotroph",FALSE,"provider_comment_mentions_colony","not_phaeocystis","peg_trophy_au_other","authority_rule_assignment_not_yet_applied_to_biomass"
"PEG_BVOL2026_stage5_v1",162673,"Aphanocapsa reinboldii","Aphanocapsa","Cyanophyceae","CYANOBACTERIA","AU",3,"other_autotrophic_phytoplankton","","autotroph",FALSE,"provider_comment_mentions_colony","not_phaeocystis","peg_trophy_au_other","authority_rule_assignment_not_yet_applied_to_biomass"
"PEG_BVOL2026_stage5_v1",162673,"Aphanocapsa reinboldii","Aphanocapsa","Cyanophyceae","CYANOBACTERIA","AU",4,"other_autotrophic_phytoplankton","","autotroph",FALSE,"provider_comment_mentions_colony","not_phaeocystis","peg_trophy_au_other","authority_rule_assignment_not_yet_applied_to_biomass"
"PEG_BVOL2026_stage5_v1",162673,"Aphanocapsa reinboldii","Aphanocapsa","Cyanophyceae","CYANOBACTERIA","AU",5,"other_autotrophic_phytoplankton","","autotroph",FALSE,"provider_comment_mentions_colony","not_phaeocystis","peg_trophy_au_other","authority_rule_assignment_not_yet_applied_to_biomass"
"PEG_BVOL2026_stage5_v1",162675,"Aphanocapsa rivularis","Aphanocapsa","Cyanophyceae","CYANOBACTERIA","AU",1,"other_autotrophic_phytoplankton","","autotroph",FALSE,"provider_comment_mentions_colony","not_phaeocystis","peg_trophy_au_other","authority_rule_assignment_not_yet_applied_to_biomass"
"PEG_BVOL2026_stage5_v1",162675,"Aphanocapsa rivularis","Aphanocapsa","Cyanophyceae","CYANOBACTERIA","AU",2,"other_autotrophic_phytoplankton","","autotroph",FALSE,"provider_comment_mentions_colony","not_phaeocystis","peg_trophy_au_other","authority_rule_assignment_not_yet_applied_to_biomass"
"PEG_BVOL2026_stage5_v1",162675,"Aphanocapsa rivularis","Aphanocapsa","Cyanophyceae","CYANOBACTERIA","AU",3,"other_autotrophic_phytoplankton","","autotroph",FALSE,"provider_comment_mentions_colony","not_phaeocystis","peg_trophy_au_other","authority_rule_assignment_not_yet_applied_to_biomass"
"PEG_BVOL2026_stage5_v1",162675,"Aphanocapsa rivularis","Aphanocapsa","Cyanophyceae","CYANOBACTERIA","AU",4,"other_autotrophic_phytoplankton","","autotroph",FALSE,"provider_comment_mentions_colony","not_phaeocystis","peg_trophy_au_other","authority_rule_assignment_not_yet_applied_to_biomass"
"PEG_BVOL2026_stage5_v1",162675,"Aphanocapsa rivularis","Aphanocapsa","Cyanophyceae","CYANOBACTERIA","AU",5,"other_autotrophic_phytoplankton","","autotroph",FALSE,"provider_comment_mentions_colony","not_phaeocystis","peg_trophy_au_other","authority_rule_assignment_not_yet_applied_to_biomass"
"PEG_BVOL2026_stage5_v1",146562,"Aphanocapsa","Aphanocapsa","Cyanophyceae","CYANOBACTERIA","AU",1,"other_autotrophic_phytoplankton","","autotroph",FALSE,"provider_comment_mentions_colony","not_phaeocystis","peg_trophy_au_other","authority_rule_assignment_not_yet_applied_to_biomass"
"PEG_BVOL2026_stage5_v1",146562,"Aphanocapsa","Aphanocapsa","Cyanophyceae","CYANOBACTERIA","AU",2,"other_autotrophic_phytoplankton","","autotroph",FALSE,"provider_comment_mentions_colony","not_phaeocystis","peg_trophy_au_other","authority_rule_assignment_not_yet_applied_to_biomass"
"PEG_BVOL2026_stage5_v1",146562,"Aphanocapsa","Aphanocapsa","Cyanophyceae","CYANOBACTERIA","AU",3,"other_autotrophic_phytoplankton","","autotroph",FALSE,"provider_comment_mentions_colony","not_phaeocystis","peg_trophy_au_other","authority_rule_assignment_not_yet_applied_to_biomass"
"PEG_BVOL2026_stage5_v1",146562,"Aphanocapsa","Aphanocapsa","Cyanophyceae","CYANOBACTERIA","AU",4,"other_autotrophic_phytoplankton","","autotroph",FALSE,"provider_comment_mentions_colony","not_phaeocystis","peg_trophy_au_other","authority_rule_assignment_not_yet_applied_to_biomass"
"PEG_BVOL2026_stage5_v1",146562,"Aphanocapsa","Aphanocapsa","Cyanophyceae","CYANOBACTERIA","AU",5,"other_autotrophic_phytoplankton","","autotroph",FALSE,"provider_comment_mentions_colony","not_phaeocystis","peg_trophy_au_other","authority_rule_assignment_not_yet_applied_to_biomass"
"PEG_BVOL2026_stage5_v1",146562,"Aphanocapsa","Aphanocapsa","Cyanophyceae","CYANOBACTERIA","AU",6,"other_autotrophic_phytoplankton","","autotroph",FALSE,"provider_comment_mentions_colony","not_phaeocystis","peg_trophy_au_other","authority_rule_assignment_not_yet_applied_to_biomass"
"PEG_BVOL2026_stage5_v1",146562,"Aphanocapsa","Aphanocapsa","Cyanophyceae","CYANOBACTERIA","AU",7,"other_autotrophic_phytoplankton","","autotroph",FALSE,"provider_comment_mentions_colony","not_phaeocystis","peg_trophy_au_other","authority_rule_assignment_not_yet_applied_to_biomass"
"PEG_BVOL2026_stage5_v1",146562,"Aphanocapsa","Aphanocapsa","Cyanophyceae","CYANOBACTERIA","AU",8,"other_autotrophic_phytoplankton","","autotroph",FALSE,"provider_comment_mentions_colony","not_phaeocystis","peg_trophy_au_other","authority_rule_assignment_not_yet_applied_to_biomass"
"PEG_BVOL2026_stage5_v1",146562,"Aphanocapsa","Aphanocapsa","Cyanophyceae","CYANOBACTERIA","AU",9,"other_autotrophic_phytoplankton","","autotroph",FALSE,"provider_comment_mentions_colony","not_phaeocystis","peg_trophy_au_other","authority_rule_assignment_not_yet_applied_to_biomass"
"PEG_BVOL2026_stage5_v1",146562,"Aphanocapsa","Aphanocapsa","Cyanophyceae","CYANOBACTERIA","AU",10,"other_autotrophic_phytoplankton","","autotroph",FALSE,"provider_comment_mentions_colony","not_phaeocystis","peg_trophy_au_other","authority_rule_assignment_not_yet_applied_to_biomass"
"PEG_BVOL2026_stage5_v1",146562,"Aphanocapsa","Aphanocapsa","Cyanophyceae","CYANOBACTERIA","AU",11,"other_autotrophic_phytoplankton","","autotroph",FALSE,"provider_comment_mentions_colony","not_phaeocystis","peg_trophy_au_other","authority_rule_assignment_not_yet_applied_to_biomass"
"PEG_BVOL2026_stage5_v1",146562,"Aphanocapsa","Aphanocapsa","Cyanophyceae","CYANOBACTERIA","AU",12,"other_autotrophic_phytoplankton","","autotroph",FALSE,"provider_comment_mentions_colony","not_phaeocystis","peg_trophy_au_other","authority_rule_assignment_not_yet_applied_to_biomass"
"PEG_BVOL2026_stage5_v1",146562,"Aphanocapsa","Aphanocapsa","Cyanophyceae","CYANOBACTERIA","AU",13,"other_autotrophic_phytoplankton","","autotroph",FALSE,"provider_comment_mentions_colony","not_phaeocystis","peg_trophy_au_other","authority_rule_assignment_not_yet_applied_to_biomass"
"PEG_BVOL2026_stage5_v1",146562,"Aphanocapsa","Aphanocapsa","Cyanophyceae","CYANOBACTERIA","AU",14,"other_autotrophic_phytoplankton","","autotroph",FALSE,"provider_comment_mentions_colony","not_phaeocystis","peg_trophy_au_other","authority_rule_assignment_not_yet_applied_to_biomass"
"PEG_BVOL2026_stage5_v1",146562,"Aphanocapsa","Aphanocapsa","Cyanophyceae","CYANOBACTERIA","AU",15,"other_autotrophic_phytoplankton","","autotroph",FALSE,"provider_comment_mentions_colony","not_phaeocystis","peg_trophy_au_other","authority_rule_assignment_not_yet_applied_to_biomass"
"PEG_BVOL2026_stage5_v1",162683,"Aphanothece castagnei","Aphanothece","Cyanophyceae","CYANOBACTERIA","AU",1,"other_autotrophic_phytoplankton","","autotroph",FALSE,"provider_comment_mentions_colony","not_phaeocystis","peg_trophy_au_other","authority_rule_assignment_not_yet_applied_to_biomass"
"PEG_BVOL2026_stage5_v1",162683,"Aphanothece castagnei","Aphanothece","Cyanophyceae","CYANOBACTERIA","AU",2,"other_autotrophic_phytoplankton","","autotroph",FALSE,"provider_comment_mentions_colony","not_phaeocystis","peg_trophy_au_other","authority_rule_assignment_not_yet_applied_to_biomass"
"PEG_BVOL2026_stage5_v1",162683,"Aphanothece castagnei","Aphanothece","Cyanophyceae","CYANOBACTERIA","AU",3,"other_autotrophic_phytoplankton","","autotroph",FALSE,"provider_comment_mentions_colony","not_phaeocystis","peg_trophy_au_other","authority_rule_assignment_not_yet_applied_to_biomass"
"PEG_BVOL2026_stage5_v1",162683,"Aphanothece castagnei","Aphanothece","Cyanophyceae","CYANOBACTERIA","AU",4,"other_autotrophic_phytoplankton","","autotroph",FALSE,"provider_comment_mentions_colony","not_phaeocystis","peg_trophy_au_other","authority_rule_assignment_not_yet_applied_to_biomass"
"PEG_BVOL2026_stage5_v1",162683,"Aphanothece castagnei","Aphanothece","Cyanophyceae","CYANOBACTERIA","AU",5,"other_autotrophic_phytoplankton","","autotroph",FALSE,"provider_comment_mentions_colony","not_phaeocystis","peg_trophy_au_other","authority_rule_assignment_not_yet_applied_to_biomass"
"PEG_BVOL2026_stage5_v1",624961,"Aphanothece paralleliformis","Aphanothece","Cyanophyceae","CYANOBACTERIA","AU",1,"other_autotrophic_phytoplankton","","autotroph",FALSE,"provider_comment_mentions_colony","not_phaeocystis","peg_trophy_au_other","authority_rule_assignment_not_yet_applied_to_biomass"
"PEG_BVOL2026_stage5_v1",624961,"Aphanothece paralleliformis","Aphanothece","Cyanophyceae","CYANOBACTERIA","AU",2,"other_autotrophic_phytoplankton","","autotroph",FALSE,"provider_comment_mentions_colony","not_phaeocystis","peg_trophy_au_other","authority_rule_assignment_not_yet_applied_to_biomass"
"PEG_BVOL2026_stage5_v1",624961,"Aphanothece paralleliformis","Aphanothece","Cyanophyceae","CYANOBACTERIA","AU",3,"other_autotrophic_phytoplankton","","autotroph",FALSE,"provider_comment_mentions_colony","not_phaeocystis","peg_trophy_au_other","authority_rule_assignment_not_yet_applied_to_biomass"
"PEG_BVOL2026_stage5_v1",624961,"Aphanothece paralleliformis","Aphanothece","Cyanophyceae","CYANOBACTERIA","AU",4,"other_autotrophic_phytoplankton","","autotroph",FALSE,"provider_comment_mentions_colony","not_phaeocystis","peg_trophy_au_other","authority_rule_assignment_not_yet_applied_to_biomass"
"PEG_BVOL2026_stage5_v1",624961,"Aphanothece paralleliformis","Aphanothece","Cyanophyceae","CYANOBACTERIA","AU",5,"other_autotrophic_phytoplankton","","autotroph",FALSE,"provider_comment_mentions_colony","not_phaeocystis","peg_trophy_au_other","authority_rule_assignment_not_yet_applied_to_biomass"
"PEG_BVOL2026_stage5_v1",162694,"Aphanothece stagnina","Aphanothece","Cyanophyceae","CYANOBACTERIA","AU",1,"other_autotrophic_phytoplankton","","autotroph",FALSE,"provider_comment_mentions_colony","not_phaeocystis","peg_trophy_au_other","authority_rule_assignment_not_yet_applied_to_biomass"
"PEG_BVOL2026_stage5_v1",162694,"Aphanothece stagnina","Aphanothece","Cyanophyceae","CYANOBACTERIA","AU",2,"other_autotrophic_phytoplankton","","autotroph",FALSE,"provider_comment_mentions_colony","not_phaeocystis","peg_trophy_au_other","authority_rule_assignment_not_yet_applied_to_biomass"
"PEG_BVOL2026_stage5_v1",162694,"Aphanothece stagnina","Aphanothece","Cyanophyceae","CYANOBACTERIA","AU",3,"other_autotrophic_phytoplankton","","autotroph",FALSE,"provider_comment_mentions_colony","not_phaeocystis","peg_trophy_au_other","authority_rule_assignment_not_yet_applied_to_biomass"
"PEG_BVOL2026_stage5_v1",162694,"Aphanothece stagnina","Aphanothece","Cyanophyceae","CYANOBACTERIA","AU",4,"other_autotrophic_phytoplankton","","autotroph",FALSE,"provider_comment_mentions_colony","not_phaeocystis","peg_trophy_au_other","authority_rule_assignment_not_yet_applied_to_biomass"
"PEG_BVOL2026_stage5_v1",162694,"Aphanothece stagnina","Aphanothece","Cyanophyceae","CYANOBACTERIA","AU",5,"other_autotrophic_phytoplankton","","autotroph",FALSE,"provider_comment_mentions_colony","not_phaeocystis","peg_trophy_au_other","authority_rule_assignment_not_yet_applied_to_biomass"
"PEG_BVOL2026_stage5_v1",146715,"Aphanothece","Aphanothece","Cyanophyceae","CYANOBACTERIA","AU",1,"other_autotrophic_phytoplankton","","autotroph",FALSE,"provider_comment_mentions_colony","not_phaeocystis","peg_trophy_au_other","authority_rule_assignment_not_yet_applied_to_biomass"
"PEG_BVOL2026_stage5_v1",146715,"Aphanothece","Aphanothece","Cyanophyceae","CYANOBACTERIA","AU",2,"other_autotrophic_phytoplankton","","autotroph",FALSE,"provider_comment_mentions_colony","not_phaeocystis","peg_trophy_au_other","authority_rule_assignment_not_yet_applied_to_biomass"
"PEG_BVOL2026_stage5_v1",146715,"Aphanothece","Aphanothece","Cyanophyceae","CYANOBACTERIA","AU",3,"other_autotrophic_phytoplankton","","autotroph",FALSE,"provider_comment_mentions_colony","not_phaeocystis","peg_trophy_au_other","authority_rule_assignment_not_yet_applied_to_biomass"
"PEG_BVOL2026_stage5_v1",146715,"Aphanothece","Aphanothece","Cyanophyceae","CYANOBACTERIA","AU",4,"other_autotrophic_phytoplankton","","autotroph",FALSE,"provider_comment_mentions_colony","not_phaeocystis","peg_trophy_au_other","authority_rule_assignment_not_yet_applied_to_biomass"
"PEG_BVOL2026_stage5_v1",146715,"Aphanothece","Aphanothece","Cyanophyceae","CYANOBACTERIA","AU",5,"other_autotrophic_phytoplankton","","autotroph",FALSE,"provider_comment_mentions_colony","not_phaeocystis","peg_trophy_au_other","authority_rule_assignment_not_yet_applied_to_biomass"
"PEG_BVOL2026_stage5_v1",146715,"Aphanothece","Aphanothece","Cyanophyceae","CYANOBACTERIA","AU",6,"other_autotrophic_phytoplankton","","autotroph",FALSE,"provider_comment_mentions_colony","not_phaeocystis","peg_trophy_au_other","authority_rule_assignment_not_yet_applied_to_biomass"
"PEG_BVOL2026_stage5_v1",146715,"Aphanothece","Aphanothece","Cyanophyceae","CYANOBACTERIA","AU",7,"other_autotrophic_phytoplankton","","autotroph",FALSE,"provider_comment_mentions_colony","not_phaeocystis","peg_trophy_au_other","authority_rule_assignment_not_yet_applied_to_biomass"
"PEG_BVOL2026_stage5_v1",146715,"Aphanothece","Aphanothece","Cyanophyceae","CYANOBACTERIA","AU",8,"other_autotrophic_phytoplankton","","autotroph",FALSE,"provider_comment_mentions_colony","not_phaeocystis","peg_trophy_au_other","authority_rule_assignment_not_yet_applied_to_biomass"
"PEG_BVOL2026_stage5_v1",146715,"Aphanothece","Aphanothece","Cyanophyceae","CYANOBACTERIA","AU",9,"other_autotrophic_phytoplankton","","autotroph",FALSE,"provider_comment_mentions_colony","not_phaeocystis","peg_trophy_au_other","authority_rule_assignment_not_yet_applied_to_biomass"
"PEG_BVOL2026_stage5_v1",146715,"Aphanothece","Aphanothece","Cyanophyceae","CYANOBACTERIA","AU",10,"other_autotrophic_phytoplankton","","autotroph",FALSE,"provider_comment_mentions_colony","not_phaeocystis","peg_trophy_au_other","authority_rule_assignment_not_yet_applied_to_biomass"
"PEG_BVOL2026_stage5_v1",162699,"Chroococcus cumulatus","Chroococcus","Cyanophyceae","CYANOBACTERIA","AU",1,"other_autotrophic_phytoplankton","","autotroph",FALSE,"provider_comment_mentions_colony","not_phaeocystis","peg_trophy_au_other","authority_rule_assignment_not_yet_applied_to_biomass"
"PEG_BVOL2026_stage5_v1",146569,"Chroococcus dispersus","Chroococcus","Cyanophyceae","CYANOBACTERIA","AU",1,"other_autotrophic_phytoplankton","","autotroph",FALSE,"provider_comment_mentions_colony","not_phaeocystis","peg_trophy_au_other","authority_rule_assignment_not_yet_applied_to_biomass"
"PEG_BVOL2026_stage5_v1",146569,"Chroococcus dispersus","Chroococcus","Cyanophyceae","CYANOBACTERIA","AU",2,"other_autotrophic_phytoplankton","","autotroph",FALSE,"provider_comment_mentions_colony","not_phaeocystis","peg_trophy_au_other","authority_rule_assignment_not_yet_applied_to_biomass"
"PEG_BVOL2026_stage5_v1",162704,"Chroococcus distans","Chroococcus","Cyanophyceae","CYANOBACTERIA","AU",1,"other_autotrophic_phytoplankton","","autotroph",FALSE,"provider_comment_mentions_colony","not_phaeocystis","peg_trophy_au_other","authority_rule_assignment_not_yet_applied_to_biomass"
"PEG_BVOL2026_stage5_v1",162714,"Chroococcus minimus","Chroococcus","Cyanophyceae","CYANOBACTERIA","AU",1,"other_autotrophic_phytoplankton","","autotroph",FALSE,"provider_comment_mentions_colony","not_phaeocystis","peg_trophy_au_other","authority_rule_assignment_not_yet_applied_to_biomass"
"PEG_BVOL2026_stage5_v1",146614,"Chroococcus minor","Chroococcus","Cyanophyceae","CYANOBACTERIA","AU",1,"other_autotrophic_phytoplankton","","autotroph",FALSE,"provider_comment_mentions_colony","not_phaeocystis","peg_trophy_au_other","authority_rule_assignment_not_yet_applied_to_biomass"
"PEG_BVOL2026_stage5_v1",146567,"Chroococcus minutus","Chroococcus","Cyanophyceae","CYANOBACTERIA","AU",1,"other_autotrophic_phytoplankton","","autotroph",FALSE,"not_resolved","not_phaeocystis","peg_trophy_au_other","authority_rule_assignment_not_yet_applied_to_biomass"
"PEG_BVOL2026_stage5_v1",146566,"Chroococcus turgidus","Chroococcus","Cyanophyceae","CYANOBACTERIA","AU",1,"other_autotrophic_phytoplankton","","autotroph",FALSE,"not_resolved","not_phaeocystis","peg_trophy_au_other","authority_rule_assignment_not_yet_applied_to_biomass"
"PEG_BVOL2026_stage5_v1",146566,"Chroococcus turgidus","Chroococcus","Cyanophyceae","CYANOBACTERIA","AU",2,"other_autotrophic_phytoplankton","","autotroph",FALSE,"not_resolved","not_phaeocystis","peg_trophy_au_other","authority_rule_assignment_not_yet_applied_to_biomass"
"PEG_BVOL2026_stage5_v1",146566,"Chroococcus turgidus","Chroococcus","Cyanophyceae","CYANOBACTERIA","AU",3,"other_autotrophic_phytoplankton","","autotroph",FALSE,"not_resolved","not_phaeocystis","peg_trophy_au_other","authority_rule_assignment_not_yet_applied_to_biomass"
"PEG_BVOL2026_stage5_v1",146565,"Chroococcus","Chroococcus","Cyanophyceae","CYANOBACTERIA","AU",1,"other_autotrophic_phytoplankton","","autotroph",FALSE,"provider_comment_mentions_colony","not_phaeocystis","peg_trophy_au_other","authority_rule_assignment_not_yet_applied_to_biomass"
"PEG_BVOL2026_stage5_v1",146565,"Chroococcus","Chroococcus","Cyanophyceae","CYANOBACTERIA","AU",2,"other_autotrophic_phytoplankton","","autotroph",FALSE,"provider_comment_mentions_colony","not_phaeocystis","peg_trophy_au_other","authority_rule_assignment_not_yet_applied_to_biomass"
"PEG_BVOL2026_stage5_v1",146565,"Chroococcus","Chroococcus","Cyanophyceae","CYANOBACTERIA","AU",3,"other_autotrophic_phytoplankton","","autotroph",FALSE,"provider_comment_mentions_colony","not_phaeocystis","peg_trophy_au_other","authority_rule_assignment_not_yet_applied_to_biomass"
"PEG_BVOL2026_stage5_v1",146565,"Chroococcus","Chroococcus","Cyanophyceae","CYANOBACTERIA","AU",4,"other_autotrophic_phytoplankton","","autotroph",FALSE,"provider_comment_mentions_colony","not_phaeocystis","peg_trophy_au_other","authority_rule_assignment_not_yet_applied_to_biomass"
"PEG_BVOL2026_stage5_v1",146565,"Chroococcus","Chroococcus","Cyanophyceae","CYANOBACTERIA","AU",5,"other_autotrophic_phytoplankton","","autotroph",FALSE,"provider_comment_mentions_colony","not_phaeocystis","peg_trophy_au_other","authority_rule_assignment_not_yet_applied_to_biomass"
"PEG_BVOL2026_stage5_v1",146565,"Chroococcus","Chroococcus","Cyanophyceae","CYANOBACTERIA","AU",6,"other_autotrophic_phytoplankton","","autotroph",FALSE,"provider_comment_mentions_colony","not_phaeocystis","peg_trophy_au_other","authority_rule_assignment_not_yet_applied_to_biomass"
"PEG_BVOL2026_stage5_v1",146565,"Chroococcus","Chroococcus","Cyanophyceae","CYANOBACTERIA","AU",7,"other_autotrophic_phytoplankton","","autotroph",FALSE,"provider_comment_mentions_colony","not_phaeocystis","peg_trophy_au_other","authority_rule_assignment_not_yet_applied_to_biomass"
"PEG_BVOL2026_stage5_v1",,"Chroococcales","Chroococcales","Cyanophyceae","CYANOBACTERIA","AU",1,"other_autotrophic_phytoplankton","","autotroph",FALSE,"provider_comment_mentions_colony","not_phaeocystis","peg_trophy_au_other","authority_rule_assignment_not_yet_applied_to_biomass"
"PEG_BVOL2026_stage5_v1",,"Chroococcales","Chroococcales","Cyanophyceae","CYANOBACTERIA","AU",2,"other_autotrophic_phytoplankton","","autotroph",FALSE,"provider_comment_mentions_colony","not_phaeocystis","peg_trophy_au_other","authority_rule_assignment_not_yet_applied_to_biomass"
"PEG_BVOL2026_stage5_v1",,"Chroococcales","Chroococcales","Cyanophyceae","CYANOBACTERIA","AU",3,"other_autotrophic_phytoplankton","","autotroph",FALSE,"provider_comment_mentions_colony","not_phaeocystis","peg_trophy_au_other","authority_rule_assignment_not_yet_applied_to_biomass"
"PEG_BVOL2026_stage5_v1",,"Chroococcales","Chroococcales","Cyanophyceae","CYANOBACTERIA","AU",4,"other_autotrophic_phytoplankton","","autotroph",FALSE,"provider_comment_mentions_colony","not_phaeocystis","peg_trophy_au_other","authority_rule_assignment_not_yet_applied_to_biomass"
"PEG_BVOL2026_stage5_v1",,"Chroococcales","Chroococcales","Cyanophyceae","CYANOBACTERIA","AU",5,"other_autotrophic_phytoplankton","","autotroph",FALSE,"provider_comment_mentions_colony","not_phaeocystis","peg_trophy_au_other","authority_rule_assignment_not_yet_applied_to_biomass"
"PEG_BVOL2026_stage5_v1",,"Chroococcales","Chroococcales","Cyanophyceae","CYANOBACTERIA","AU",6,"other_autotrophic_phytoplankton","","autotroph",FALSE,"provider_comment_mentions_colony","not_phaeocystis","peg_trophy_au_other","authority_rule_assignment_not_yet_applied_to_biomass"
"PEG_BVOL2026_stage5_v1",,"Chroococcales","Chroococcales","Cyanophyceae","CYANOBACTERIA","AU",7,"other_autotrophic_phytoplankton","","autotroph",FALSE,"provider_comment_mentions_colony","not_phaeocystis","peg_trophy_au_other","authority_rule_assignment_not_yet_applied_to_biomass"
"PEG_BVOL2026_stage5_v1",,"Chroococcales","Chroococcales","Cyanophyceae","CYANOBACTERIA","AU",8,"other_autotrophic_phytoplankton","","autotroph",FALSE,"provider_comment_mentions_colony","not_phaeocystis","peg_trophy_au_other","authority_rule_assignment_not_yet_applied_to_biomass"
"PEG_BVOL2026_stage5_v1",,"Chroococcales","Chroococcales","Cyanophyceae","CYANOBACTERIA","AU",9,"other_autotrophic_phytoplankton","","autotroph",FALSE,"provider_comment_mentions_colony","not_phaeocystis","peg_trophy_au_other","authority_rule_assignment_not_yet_applied_to_biomass"
"PEG_BVOL2026_stage5_v1",,"Chroococcales","Chroococcales","Cyanophyceae","CYANOBACTERIA","AU",10,"other_autotrophic_phytoplankton","","autotroph",FALSE,"provider_comment_mentions_colony","not_phaeocystis","peg_trophy_au_other","authority_rule_assignment_not_yet_applied_to_biomass"
"PEG_BVOL2026_stage5_v1",,"Chroococcales","Chroococcales","Cyanophyceae","CYANOBACTERIA","AU",11,"other_autotrophic_phytoplankton","","autotroph",FALSE,"provider_comment_mentions_colony","not_phaeocystis","peg_trophy_au_other","authority_rule_assignment_not_yet_applied_to_biomass"
"PEG_BVOL2026_stage5_v1",,"Chroococcales","Chroococcales","Cyanophyceae","CYANOBACTERIA","AU",12,"other_autotrophic_phytoplankton","","autotroph",FALSE,"provider_comment_mentions_colony","not_phaeocystis","peg_trophy_au_other","authority_rule_assignment_not_yet_applied_to_biomass"
"PEG_BVOL2026_stage5_v1",,"Chroococcales","Chroococcales","Cyanophyceae","CYANOBACTERIA","AU",13,"other_autotrophic_phytoplankton","","autotroph",FALSE,"provider_comment_mentions_colony","not_phaeocystis","peg_trophy_au_other","authority_rule_assignment_not_yet_applied_to_biomass"
"PEG_BVOL2026_stage5_v1",,"Chroococcales","Chroococcales","Cyanophyceae","CYANOBACTERIA","AU",14,"other_autotrophic_phytoplankton","","autotroph",FALSE,"provider_comment_mentions_colony","not_phaeocystis","peg_trophy_au_other","authority_rule_assignment_not_yet_applied_to_biomass"
"PEG_BVOL2026_stage5_v1",,"Chroococcales","Chroococcales","Cyanophyceae","CYANOBACTERIA","AU",15,"other_autotrophic_phytoplankton","","autotroph",FALSE,"provider_comment_mentions_colony","not_phaeocystis","peg_trophy_au_other","authority_rule_assignment_not_yet_applied_to_biomass"
"PEG_BVOL2026_stage5_v1",,"Chroococcales","Chroococcales","Cyanophyceae","CYANOBACTERIA","AU",16,"other_autotrophic_phytoplankton","","autotroph",FALSE,"provider_comment_mentions_colony","not_phaeocystis","peg_trophy_au_other","authority_rule_assignment_not_yet_applied_to_biomass"
"PEG_BVOL2026_stage5_v1",,"Chroococcales","Chroococcales","Cyanophyceae","CYANOBACTERIA","AU",17,"other_autotrophic_phytoplankton","","autotroph",FALSE,"provider_comment_mentions_colony","not_phaeocystis","peg_trophy_au_other","authority_rule_assignment_not_yet_applied_to_biomass"
"PEG_BVOL2026_stage5_v1",,"Chroococcales","Chroococcales","Cyanophyceae","CYANOBACTERIA","AU",18,"other_autotrophic_phytoplankton","","autotroph",FALSE,"provider_comment_mentions_colony","not_phaeocystis","peg_trophy_au_other","authority_rule_assignment_not_yet_applied_to_biomass"
"PEG_BVOL2026_stage5_v1",,"Chroococcales","Chroococcales","Cyanophyceae","CYANOBACTERIA","AU",19,"other_autotrophic_phytoplankton","","autotroph",FALSE,"provider_comment_mentions_colony","not_phaeocystis","peg_trophy_au_other","authority_rule_assignment_not_yet_applied_to_biomass"
"PEG_BVOL2026_stage5_v1",,"Chroococcales","Chroococcales","Cyanophyceae","CYANOBACTERIA","AU",20,"other_autotrophic_phytoplankton","","autotroph",FALSE,"provider_comment_mentions_colony","not_phaeocystis","peg_trophy_au_other","authority_rule_assignment_not_yet_applied_to_biomass"
"PEG_BVOL2026_stage5_v1",160569,"Coelomoron pusillum","Coelomoron","Cyanophyceae","CYANOBACTERIA","AU",1,"other_autotrophic_phytoplankton","","autotroph",FALSE,"not_resolved","not_phaeocystis","peg_trophy_au_other","authority_rule_assignment_not_yet_applied_to_biomass"
"PEG_BVOL2026_stage5_v1",160569,"Coelomoron pusillum","Coelomoron","Cyanophyceae","CYANOBACTERIA","AU",2,"other_autotrophic_phytoplankton","","autotroph",FALSE,"not_resolved","not_phaeocystis","peg_trophy_au_other","authority_rule_assignment_not_yet_applied_to_biomass"
"PEG_BVOL2026_stage5_v1",160569,"Coelomoron pusillum","Coelomoron","Cyanophyceae","CYANOBACTERIA","AU",3,"other_autotrophic_phytoplankton","","autotroph",FALSE,"not_resolved","not_phaeocystis","peg_trophy_au_other","authority_rule_assignment_not_yet_applied_to_biomass"
"PEG_BVOL2026_stage5_v1",160568,"Coelomoron","Coelomoron","Cyanophyceae","CYANOBACTERIA","AU",1,"other_autotrophic_phytoplankton","","autotroph",FALSE,"not_resolved","not_phaeocystis","peg_trophy_au_other","authority_rule_assignment_not_yet_applied_to_biomass"
"PEG_BVOL2026_stage5_v1",160568,"Coelomoron","Coelomoron","Cyanophyceae","CYANOBACTERIA","AU",2,"other_autotrophic_phytoplankton","","autotroph",FALSE,"not_resolved","not_phaeocystis","peg_trophy_au_other","authority_rule_assignment_not_yet_applied_to_biomass"
"PEG_BVOL2026_stage5_v1",160568,"Coelomoron","Coelomoron","Cyanophyceae","CYANOBACTERIA","AU",3,"other_autotrophic_phytoplankton","","autotroph",FALSE,"not_resolved","not_phaeocystis","peg_trophy_au_other","authority_rule_assignment_not_yet_applied_to_biomass"
"PEG_BVOL2026_stage5_v1",146575,"Coelosphaerium dubium","Coelosphaerium","Cyanophyceae","CYANOBACTERIA","AU",1,"other_autotrophic_phytoplankton","","autotroph",FALSE,"not_resolved","not_phaeocystis","peg_trophy_au_other","authority_rule_assignment_not_yet_applied_to_biomass"
"PEG_BVOL2026_stage5_v1",146575,"Coelosphaerium dubium","Coelosphaerium","Cyanophyceae","CYANOBACTERIA","AU",2,"other_autotrophic_phytoplankton","","autotroph",FALSE,"not_resolved","not_phaeocystis","peg_trophy_au_other","authority_rule_assignment_not_yet_applied_to_biomass"
"PEG_BVOL2026_stage5_v1",146575,"Coelosphaerium dubium","Coelosphaerium","Cyanophyceae","CYANOBACTERIA","AU",3,"other_autotrophic_phytoplankton","","autotroph",FALSE,"not_resolved","not_phaeocystis","peg_trophy_au_other","authority_rule_assignment_not_yet_applied_to_biomass"
"PEG_BVOL2026_stage5_v1",146575,"Coelosphaerium dubium","Coelosphaerium","Cyanophyceae","CYANOBACTERIA","AU",4,"other_autotrophic_phytoplankton","","autotroph",FALSE,"not_resolved","not_phaeocystis","peg_trophy_au_other","authority_rule_assignment_not_yet_applied_to_biomass"
"PEG_BVOL2026_stage5_v1",146575,"Coelosphaerium dubium","Coelosphaerium","Cyanophyceae","CYANOBACTERIA","AU",5,"other_autotrophic_phytoplankton","","autotroph",FALSE,"not_resolved","not_phaeocystis","peg_trophy_au_other","authority_rule_assignment_not_yet_applied_to_biomass"
"PEG_BVOL2026_stage5_v1",177100,"Coelosphaerium kuetzingianum","Coelosphaerium","Cyanophyceae","CYANOBACTERIA","AU",1,"other_autotrophic_phytoplankton","","autotroph",FALSE,"not_resolved","not_phaeocystis","peg_trophy_au_other","authority_rule_assignment_not_yet_applied_to_biomass"
"PEG_BVOL2026_stage5_v1",177100,"Coelosphaerium kuetzingianum","Coelosphaerium","Cyanophyceae","CYANOBACTERIA","AU",2,"other_autotrophic_phytoplankton","","autotroph",FALSE,"not_resolved","not_phaeocystis","peg_trophy_au_other","authority_rule_assignment_not_yet_applied_to_biomass"
"PEG_BVOL2026_stage5_v1",177100,"Coelosphaerium kuetzingianum","Coelosphaerium","Cyanophyceae","CYANOBACTERIA","AU",3,"other_autotrophic_phytoplankton","","autotroph",FALSE,"not_resolved","not_phaeocystis","peg_trophy_au_other","authority_rule_assignment_not_yet_applied_to_biomass"
"PEG_BVOL2026_stage5_v1",177100,"Coelosphaerium kuetzingianum","Coelosphaerium","Cyanophyceae","CYANOBACTERIA","AU",4,"other_autotrophic_phytoplankton","","autotroph",FALSE,"not_resolved","not_phaeocystis","peg_trophy_au_other","authority_rule_assignment_not_yet_applied_to_biomass"
"PEG_BVOL2026_stage5_v1",177100,"Coelosphaerium kuetzingianum","Coelosphaerium","Cyanophyceae","CYANOBACTERIA","AU",5,"other_autotrophic_phytoplankton","","autotroph",FALSE,"not_resolved","not_phaeocystis","peg_trophy_au_other","authority_rule_assignment_not_yet_applied_to_biomass"
"PEG_BVOL2026_stage5_v1",146619,"Coelosphaerium minutissimum","Coelosphaerium","Cyanophyceae","CYANOBACTERIA","AU",1,"other_autotrophic_phytoplankton","","autotroph",FALSE,"not_resolved","not_phaeocystis","peg_trophy_au_other","authority_rule_assignment_not_yet_applied_to_biomass"
"PEG_BVOL2026_stage5_v1",146619,"Coelosphaerium minutissimum","Coelosphaerium","Cyanophyceae","CYANOBACTERIA","AU",2,"other_autotrophic_phytoplankton","","autotroph",FALSE,"not_resolved","not_phaeocystis","peg_trophy_au_other","authority_rule_assignment_not_yet_applied_to_biomass"
"PEG_BVOL2026_stage5_v1",146619,"Coelosphaerium minutissimum","Coelosphaerium","Cyanophyceae","CYANOBACTERIA","AU",3,"other_autotrophic_phytoplankton","","autotroph",FALSE,"not_resolved","not_phaeocystis","peg_trophy_au_other","authority_rule_assignment_not_yet_applied_to_biomass"
"PEG_BVOL2026_stage5_v1",146619,"Coelosphaerium minutissimum","Coelosphaerium","Cyanophyceae","CYANOBACTERIA","AU",4,"other_autotrophic_phytoplankton","","autotroph",FALSE,"not_resolved","not_phaeocystis","peg_trophy_au_other","authority_rule_assignment_not_yet_applied_to_biomass"
"PEG_BVOL2026_stage5_v1",146619,"Coelosphaerium minutissimum","Coelosphaerium","Cyanophyceae","CYANOBACTERIA","AU",5,"other_autotrophic_phytoplankton","","autotroph",FALSE,"not_resolved","not_phaeocystis","peg_trophy_au_other","authority_rule_assignment_not_yet_applied_to_biomass"
"PEG_BVOL2026_stage5_v1",177103,"Coelosphaerium subarcticum","Coelosphaerium","Cyanophyceae","CYANOBACTERIA","AU",1,"other_autotrophic_phytoplankton","","autotroph",FALSE,"not_resolved","not_phaeocystis","peg_trophy_au_other","authority_rule_assignment_not_yet_applied_to_biomass"
"PEG_BVOL2026_stage5_v1",177103,"Coelosphaerium subarcticum","Coelosphaerium","Cyanophyceae","CYANOBACTERIA","AU",2,"other_autotrophic_phytoplankton","","autotroph",FALSE,"not_resolved","not_phaeocystis","peg_trophy_au_other","authority_rule_assignment_not_yet_applied_to_biomass"
"PEG_BVOL2026_stage5_v1",177103,"Coelosphaerium subarcticum","Coelosphaerium","Cyanophyceae","CYANOBACTERIA","AU",3,"other_autotrophic_phytoplankton","","autotroph",FALSE,"not_resolved","not_phaeocystis","peg_trophy_au_other","authority_rule_assignment_not_yet_applied_to_biomass"
"PEG_BVOL2026_stage5_v1",177103,"Coelosphaerium subarcticum","Coelosphaerium","Cyanophyceae","CYANOBACTERIA","AU",4,"other_autotrophic_phytoplankton","","autotroph",FALSE,"not_resolved","not_phaeocystis","peg_trophy_au_other","authority_rule_assignment_not_yet_applied_to_biomass"
"PEG_BVOL2026_stage5_v1",177103,"Coelosphaerium subarcticum","Coelosphaerium","Cyanophyceae","CYANOBACTERIA","AU",5,"other_autotrophic_phytoplankton","","autotroph",FALSE,"not_resolved","not_phaeocystis","peg_trophy_au_other","authority_rule_assignment_not_yet_applied_to_biomass"
"PEG_BVOL2026_stage5_v1",146573,"Coelosphaerium","Coelosphaerium","Cyanophyceae","CYANOBACTERIA","AU",1,"other_autotrophic_phytoplankton","","autotroph",FALSE,"not_resolved","not_phaeocystis","peg_trophy_au_other","authority_rule_assignment_not_yet_applied_to_biomass"
"PEG_BVOL2026_stage5_v1",146573,"Coelosphaerium","Coelosphaerium","Cyanophyceae","CYANOBACTERIA","AU",2,"other_autotrophic_phytoplankton","","autotroph",FALSE,"not_resolved","not_phaeocystis","peg_trophy_au_other","authority_rule_assignment_not_yet_applied_to_biomass"
"PEG_BVOL2026_stage5_v1",146573,"Coelosphaerium","Coelosphaerium","Cyanophyceae","CYANOBACTERIA","AU",3,"other_autotrophic_phytoplankton","","autotroph",FALSE,"not_resolved","not_phaeocystis","peg_trophy_au_other","authority_rule_assignment_not_yet_applied_to_biomass"
"PEG_BVOL2026_stage5_v1",146573,"Coelosphaerium","Coelosphaerium","Cyanophyceae","CYANOBACTERIA","AU",4,"other_autotrophic_phytoplankton","","autotroph",FALSE,"not_resolved","not_phaeocystis","peg_trophy_au_other","authority_rule_assignment_not_yet_applied_to_biomass"
"PEG_BVOL2026_stage5_v1",146573,"Coelosphaerium","Coelosphaerium","Cyanophyceae","CYANOBACTERIA","AU",5,"other_autotrophic_phytoplankton","","autotroph",FALSE,"not_resolved","not_phaeocystis","peg_trophy_au_other","authority_rule_assignment_not_yet_applied_to_biomass"
"PEG_BVOL2026_stage5_v1",146573,"Coelosphaerium","Coelosphaerium","Cyanophyceae","CYANOBACTERIA","AU",6,"other_autotrophic_phytoplankton","","autotroph",FALSE,"not_resolved","not_phaeocystis","peg_trophy_au_other","authority_rule_assignment_not_yet_applied_to_biomass"
"PEG_BVOL2026_stage5_v1",146573,"Coelosphaerium","Coelosphaerium","Cyanophyceae","CYANOBACTERIA","AU",7,"other_autotrophic_phytoplankton","","autotroph",FALSE,"not_resolved","not_phaeocystis","peg_trophy_au_other","authority_rule_assignment_not_yet_applied_to_biomass"
"PEG_BVOL2026_stage5_v1",146573,"Coelosphaerium","Coelosphaerium","Cyanophyceae","CYANOBACTERIA","AU",8,"other_autotrophic_phytoplankton","","autotroph",FALSE,"not_resolved","not_phaeocystis","peg_trophy_au_other","authority_rule_assignment_not_yet_applied_to_biomass"
"PEG_BVOL2026_stage5_v1",146573,"Coelosphaerium","Coelosphaerium","Cyanophyceae","CYANOBACTERIA","AU",9,"other_autotrophic_phytoplankton","","autotroph",FALSE,"not_resolved","not_phaeocystis","peg_trophy_au_other","authority_rule_assignment_not_yet_applied_to_biomass"
"PEG_BVOL2026_stage5_v1",146573,"Coelosphaerium","Coelosphaerium","Cyanophyceae","CYANOBACTERIA","AU",10,"other_autotrophic_phytoplankton","","autotroph",FALSE,"not_resolved","not_phaeocystis","peg_trophy_au_other","authority_rule_assignment_not_yet_applied_to_biomass"
"PEG_BVOL2026_stage5_v1",177122,"Cyanonephron styloides","Cyanonephron","Cyanophyceae","CYANOBACTERIA","AU",1,"other_autotrophic_phytoplankton","","autotroph",FALSE,"not_resolved","not_phaeocystis","peg_trophy_au_other","authority_rule_assignment_not_yet_applied_to_biomass"
"PEG_BVOL2026_stage5_v1",177122,"Cyanonephron styloides","Cyanonephron","Cyanophyceae","CYANOBACTERIA","AU",2,"other_autotrophic_phytoplankton","","autotroph",FALSE,"not_resolved","not_phaeocystis","peg_trophy_au_other","authority_rule_assignment_not_yet_applied_to_biomass"
"PEG_BVOL2026_stage5_v1",177122,"Cyanonephron styloides","Cyanonephron","Cyanophyceae","CYANOBACTERIA","AU",3,"other_autotrophic_phytoplankton","","autotroph",FALSE,"not_resolved","not_phaeocystis","peg_trophy_au_other","authority_rule_assignment_not_yet_applied_to_biomass"
"PEG_BVOL2026_stage5_v1",177122,"Cyanonephron styloides","Cyanonephron","Cyanophyceae","CYANOBACTERIA","AU",4,"other_autotrophic_phytoplankton","","autotroph",FALSE,"not_resolved","not_phaeocystis","peg_trophy_au_other","authority_rule_assignment_not_yet_applied_to_biomass"
"PEG_BVOL2026_stage5_v1",177122,"Cyanonephron styloides","Cyanonephron","Cyanophyceae","CYANOBACTERIA","AU",5,"other_autotrophic_phytoplankton","","autotroph",FALSE,"not_resolved","not_phaeocystis","peg_trophy_au_other","authority_rule_assignment_not_yet_applied_to_biomass"
"PEG_BVOL2026_stage5_v1",177121,"Cyanonephron","Cyanonephron","Cyanophyceae","CYANOBACTERIA","AU",1,"other_autotrophic_phytoplankton","","autotroph",FALSE,"not_resolved","not_phaeocystis","peg_trophy_au_other","authority_rule_assignment_not_yet_applied_to_biomass"
"PEG_BVOL2026_stage5_v1",177121,"Cyanonephron","Cyanonephron","Cyanophyceae","CYANOBACTERIA","AU",2,"other_autotrophic_phytoplankton","","autotroph",FALSE,"not_resolved","not_phaeocystis","peg_trophy_au_other","authority_rule_assignment_not_yet_applied_to_biomass"
"PEG_BVOL2026_stage5_v1",177121,"Cyanonephron","Cyanonephron","Cyanophyceae","CYANOBACTERIA","AU",3,"other_autotrophic_phytoplankton","","autotroph",FALSE,"not_resolved","not_phaeocystis","peg_trophy_au_other","authority_rule_assignment_not_yet_applied_to_biomass"
"PEG_BVOL2026_stage5_v1",177121,"Cyanonephron","Cyanonephron","Cyanophyceae","CYANOBACTERIA","AU",4,"other_autotrophic_phytoplankton","","autotroph",FALSE,"not_resolved","not_phaeocystis","peg_trophy_au_other","authority_rule_assignment_not_yet_applied_to_biomass"
"PEG_BVOL2026_stage5_v1",177121,"Cyanonephron","Cyanonephron","Cyanophyceae","CYANOBACTERIA","AU",5,"other_autotrophic_phytoplankton","","autotroph",FALSE,"not_resolved","not_phaeocystis","peg_trophy_au_other","authority_rule_assignment_not_yet_applied_to_biomass"
"PEG_BVOL2026_stage5_v1",622903,"Cyanocatena imperfecta","Cyanocatena","Cyanophyceae","CYANOBACTERIA","AU",1,"other_autotrophic_phytoplankton","","autotroph",FALSE,"provider_comment_mentions_colony","not_phaeocystis","peg_trophy_au_other","authority_rule_assignment_not_yet_applied_to_biomass"
"PEG_BVOL2026_stage5_v1",622903,"Cyanocatena imperfecta","Cyanocatena","Cyanophyceae","CYANOBACTERIA","AU",2,"other_autotrophic_phytoplankton","","autotroph",FALSE,"provider_comment_mentions_colony","not_phaeocystis","peg_trophy_au_other","authority_rule_assignment_not_yet_applied_to_biomass"
"PEG_BVOL2026_stage5_v1",622903,"Cyanocatena imperfecta","Cyanocatena","Cyanophyceae","CYANOBACTERIA","AU",3,"other_autotrophic_phytoplankton","","autotroph",FALSE,"provider_comment_mentions_colony","not_phaeocystis","peg_trophy_au_other","authority_rule_assignment_not_yet_applied_to_biomass"
"PEG_BVOL2026_stage5_v1",622903,"Cyanocatena imperfecta","Cyanocatena","Cyanophyceae","CYANOBACTERIA","AU",4,"other_autotrophic_phytoplankton","","autotroph",FALSE,"provider_comment_mentions_colony","not_phaeocystis","peg_trophy_au_other","authority_rule_assignment_not_yet_applied_to_biomass"
"PEG_BVOL2026_stage5_v1",622903,"Cyanocatena imperfecta","Cyanocatena","Cyanophyceae","CYANOBACTERIA","AU",5,"other_autotrophic_phytoplankton","","autotroph",FALSE,"provider_comment_mentions_colony","not_phaeocystis","peg_trophy_au_other","authority_rule_assignment_not_yet_applied_to_biomass"
"PEG_BVOL2026_stage5_v1",622903,"Cyanocatena imperfecta","Cyanocatena","Cyanophyceae","CYANOBACTERIA","AU",6,"other_autotrophic_phytoplankton","","autotroph",FALSE,"provider_comment_mentions_colony","not_phaeocystis","peg_trophy_au_other","authority_rule_assignment_not_yet_applied_to_biomass"
"PEG_BVOL2026_stage5_v1",177126,"Eucapsis alpina","Eucapsis","Cyanophyceae","CYANOBACTERIA","AU",1,"other_autotrophic_phytoplankton","","autotroph",FALSE,"provider_comment_mentions_colony","not_phaeocystis","peg_trophy_au_other","authority_rule_assignment_not_yet_applied_to_biomass"
"PEG_BVOL2026_stage5_v1",1345052,"Eucapsis aphanocapsoides","Eucapsis","Cyanophyceae","CYANOBACTERIA","AU",1,"other_autotrophic_phytoplankton","","autotroph",FALSE,"provider_comment_mentions_colony","not_phaeocystis","peg_trophy_au_other","authority_rule_assignment_not_yet_applied_to_biomass"
"PEG_BVOL2026_stage5_v1",1345052,"Eucapsis aphanocapsoides","Eucapsis","Cyanophyceae","CYANOBACTERIA","AU",2,"other_autotrophic_phytoplankton","","autotroph",FALSE,"provider_comment_mentions_colony","not_phaeocystis","peg_trophy_au_other","authority_rule_assignment_not_yet_applied_to_biomass"
"PEG_BVOL2026_stage5_v1",1345052,"Eucapsis aphanocapsoides","Eucapsis","Cyanophyceae","CYANOBACTERIA","AU",3,"other_autotrophic_phytoplankton","","autotroph",FALSE,"provider_comment_mentions_colony","not_phaeocystis","peg_trophy_au_other","authority_rule_assignment_not_yet_applied_to_biomass"
"PEG_BVOL2026_stage5_v1",1345052,"Eucapsis aphanocapsoides","Eucapsis","Cyanophyceae","CYANOBACTERIA","AU",4,"other_autotrophic_phytoplankton","","autotroph",FALSE,"provider_comment_mentions_colony","not_phaeocystis","peg_trophy_au_other","authority_rule_assignment_not_yet_applied_to_biomass"
"PEG_BVOL2026_stage5_v1",1345052,"Eucapsis aphanocapsoides","Eucapsis","Cyanophyceae","CYANOBACTERIA","AU",5,"other_autotrophic_phytoplankton","","autotroph",FALSE,"provider_comment_mentions_colony","not_phaeocystis","peg_trophy_au_other","authority_rule_assignment_not_yet_applied_to_biomass"
"PEG_BVOL2026_stage5_v1",1315861,"Eucapsis microscopica","Eucapsis","Cyanophyceae","CYANOBACTERIA","AU",1,"other_autotrophic_phytoplankton","","autotroph",FALSE,"provider_comment_mentions_colony","not_phaeocystis","peg_trophy_au_other","authority_rule_assignment_not_yet_applied_to_biomass"
"PEG_BVOL2026_stage5_v1",1315861,"Eucapsis microscopica","Eucapsis","Cyanophyceae","CYANOBACTERIA","AU",2,"other_autotrophic_phytoplankton","","autotroph",FALSE,"provider_comment_mentions_colony","not_phaeocystis","peg_trophy_au_other","authority_rule_assignment_not_yet_applied_to_biomass"
"PEG_BVOL2026_stage5_v1",1315861,"Eucapsis microscopica","Eucapsis","Cyanophyceae","CYANOBACTERIA","AU",3,"other_autotrophic_phytoplankton","","autotroph",FALSE,"provider_comment_mentions_colony","not_phaeocystis","peg_trophy_au_other","authority_rule_assignment_not_yet_applied_to_biomass"
"PEG_BVOL2026_stage5_v1",1315861,"Eucapsis microscopica","Eucapsis","Cyanophyceae","CYANOBACTERIA","AU",4,"other_autotrophic_phytoplankton","","autotroph",FALSE,"provider_comment_mentions_colony","not_phaeocystis","peg_trophy_au_other","authority_rule_assignment_not_yet_applied_to_biomass"
"PEG_BVOL2026_stage5_v1",1315861,"Eucapsis microscopica","Eucapsis","Cyanophyceae","CYANOBACTERIA","AU",5,"other_autotrophic_phytoplankton","","autotroph",FALSE,"provider_comment_mentions_colony","not_phaeocystis","peg_trophy_au_other","authority_rule_assignment_not_yet_applied_to_biomass"
"PEG_BVOL2026_stage5_v1",177128,"Eucapsis minuta","Eucapsis","Cyanophyceae","CYANOBACTERIA","AU",1,"other_autotrophic_phytoplankton","","autotroph",FALSE,"provider_comment_mentions_colony","not_phaeocystis","peg_trophy_au_other","authority_rule_assignment_not_yet_applied_to_biomass"
"PEG_BVOL2026_stage5_v1",177125,"Eucapsis","Eucapsis","Cyanophyceae","CYANOBACTERIA","AU",1,"other_autotrophic_phytoplankton","","autotroph",FALSE,"provider_comment_mentions_colony","not_phaeocystis","peg_trophy_au_other","authority_rule_assignment_not_yet_applied_to_biomass"
"PEG_BVOL2026_stage5_v1",146572,"Gomphosphaeria aponina","Gomphosphaeria","Cyanophyceae","CYANOBACTERIA","AU",1,"other_autotrophic_phytoplankton","","autotroph",FALSE,"not_resolved","not_phaeocystis","peg_trophy_au_other","authority_rule_assignment_not_yet_applied_to_biomass"
"PEG_BVOL2026_stage5_v1",146572,"Gomphosphaeria aponina","Gomphosphaeria","Cyanophyceae","CYANOBACTERIA","AU",2,"other_autotrophic_phytoplankton","","autotroph",FALSE,"not_resolved","not_phaeocystis","peg_trophy_au_other","authority_rule_assignment_not_yet_applied_to_biomass"
"PEG_BVOL2026_stage5_v1",146572,"Gomphosphaeria aponina","Gomphosphaeria","Cyanophyceae","CYANOBACTERIA","AU",3,"other_autotrophic_phytoplankton","","autotroph",FALSE,"not_resolved","not_phaeocystis","peg_trophy_au_other","authority_rule_assignment_not_yet_applied_to_biomass"
"PEG_BVOL2026_stage5_v1",177136,"Gomphosphaeria salina","Gomphosphaeria","Cyanophyceae","CYANOBACTERIA","AU",1,"other_autotrophic_phytoplankton","","autotroph",FALSE,"not_resolved","not_phaeocystis","peg_trophy_au_other","authority_rule_assignment_not_yet_applied_to_biomass"
"PEG_BVOL2026_stage5_v1",177136,"Gomphosphaeria salina","Gomphosphaeria","Cyanophyceae","CYANOBACTERIA","AU",2,"other_autotrophic_phytoplankton","","autotroph",FALSE,"not_resolved","not_phaeocystis","peg_trophy_au_other","authority_rule_assignment_not_yet_applied_to_biomass"
"PEG_BVOL2026_stage5_v1",177136,"Gomphosphaeria salina","Gomphosphaeria","Cyanophyceae","CYANOBACTERIA","AU",3,"other_autotrophic_phytoplankton","","autotroph",FALSE,"not_resolved","not_phaeocystis","peg_trophy_au_other","authority_rule_assignment_not_yet_applied_to_biomass"
"PEG_BVOL2026_stage5_v1",146570,"Gomphosphaeria","Gomphosphaeria","Cyanophyceae","CYANOBACTERIA","AU",1,"other_autotrophic_phytoplankton","","autotroph",FALSE,"not_resolved","not_phaeocystis","peg_trophy_au_other","authority_rule_assignment_not_yet_applied_to_biomass"
"PEG_BVOL2026_stage5_v1",146570,"Gomphosphaeria","Gomphosphaeria","Cyanophyceae","CYANOBACTERIA","AU",2,"other_autotrophic_phytoplankton","","autotroph",FALSE,"not_resolved","not_phaeocystis","peg_trophy_au_other","authority_rule_assignment_not_yet_applied_to_biomass"
"PEG_BVOL2026_stage5_v1",146570,"Gomphosphaeria","Gomphosphaeria","Cyanophyceae","CYANOBACTERIA","AU",3,"other_autotrophic_phytoplankton","","autotroph",FALSE,"not_resolved","not_phaeocystis","peg_trophy_au_other","authority_rule_assignment_not_yet_applied_to_biomass"
"PEG_BVOL2026_stage5_v1",576250,"Limnococcus limneticus","Limnococcus","Cyanophyceae","CYANOBACTERIA","AU",1,"other_autotrophic_phytoplankton","","autotroph",FALSE,"provider_comment_mentions_colony","not_phaeocystis","peg_trophy_au_other","authority_rule_assignment_not_yet_applied_to_biomass"
"PEG_BVOL2026_stage5_v1",576250,"Limnococcus limneticus","Limnococcus","Cyanophyceae","CYANOBACTERIA","AU",2,"other_autotrophic_phytoplankton","","autotroph",FALSE,"provider_comment_mentions_colony","not_phaeocystis","peg_trophy_au_other","authority_rule_assignment_not_yet_applied_to_biomass"
"PEG_BVOL2026_stage5_v1",177158,"Merismopedia elegans","Merismopedia","Cyanophyceae","CYANOBACTERIA","AU",1,"other_autotrophic_phytoplankton","","autotroph",FALSE,"provider_comment_mentions_colony","not_phaeocystis","peg_trophy_au_other","authority_rule_assignment_not_yet_applied_to_biomass"
"PEG_BVOL2026_stage5_v1",177158,"Merismopedia elegans","Merismopedia","Cyanophyceae","CYANOBACTERIA","AU",2,"other_autotrophic_phytoplankton","","autotroph",FALSE,"provider_comment_mentions_colony","not_phaeocystis","peg_trophy_au_other","authority_rule_assignment_not_yet_applied_to_biomass"
"PEG_BVOL2026_stage5_v1",146578,"Merismopedia glauca","Merismopedia","Cyanophyceae","CYANOBACTERIA","AU",1,"other_autotrophic_phytoplankton","","autotroph",FALSE,"provider_comment_mentions_colony","not_phaeocystis","peg_trophy_au_other","authority_rule_assignment_not_yet_applied_to_biomass"
"PEG_BVOL2026_stage5_v1",146578,"Merismopedia glauca","Merismopedia","Cyanophyceae","CYANOBACTERIA","AU",2,"other_autotrophic_phytoplankton","","autotroph",FALSE,"provider_comment_mentions_colony","not_phaeocystis","peg_trophy_au_other","authority_rule_assignment_not_yet_applied_to_biomass"
"PEG_BVOL2026_stage5_v1",146577,"Merismopedia punctata","Merismopedia","Cyanophyceae","CYANOBACTERIA","AU",1,"other_autotrophic_phytoplankton","","autotroph",FALSE,"provider_comment_mentions_colony","not_phaeocystis","peg_trophy_au_other","authority_rule_assignment_not_yet_applied_to_biomass"
"PEG_BVOL2026_stage5_v1",146577,"Merismopedia punctata","Merismopedia","Cyanophyceae","CYANOBACTERIA","AU",2,"other_autotrophic_phytoplankton","","autotroph",FALSE,"provider_comment_mentions_colony","not_phaeocystis","peg_trophy_au_other","authority_rule_assignment_not_yet_applied_to_biomass"
"PEG_BVOL2026_stage5_v1",146577,"Merismopedia punctata","Merismopedia","Cyanophyceae","CYANOBACTERIA","AU",3,"other_autotrophic_phytoplankton","","autotroph",FALSE,"provider_comment_mentions_colony","not_phaeocystis","peg_trophy_au_other","authority_rule_assignment_not_yet_applied_to_biomass"
"PEG_BVOL2026_stage5_v1",146576,"Merismopedia tenuissima","Merismopedia","Cyanophyceae","CYANOBACTERIA","AU",1,"other_autotrophic_phytoplankton","","autotroph",FALSE,"provider_comment_mentions_colony","not_phaeocystis","peg_trophy_au_other","authority_rule_assignment_not_yet_applied_to_biomass"
"PEG_BVOL2026_stage5_v1",146576,"Merismopedia tenuissima","Merismopedia","Cyanophyceae","CYANOBACTERIA","AU",2,"other_autotrophic_phytoplankton","","autotroph",FALSE,"provider_comment_mentions_colony","not_phaeocystis","peg_trophy_au_other","authority_rule_assignment_not_yet_applied_to_biomass"
"PEG_BVOL2026_stage5_v1",146576,"Merismopedia tenuissima","Merismopedia","Cyanophyceae","CYANOBACTERIA","AU",3,"other_autotrophic_phytoplankton","","autotroph",FALSE,"provider_comment_mentions_colony","not_phaeocystis","peg_trophy_au_other","authority_rule_assignment_not_yet_applied_to_biomass"
"PEG_BVOL2026_stage5_v1",146576,"Merismopedia tenuissima","Merismopedia","Cyanophyceae","CYANOBACTERIA","AU",4,"other_autotrophic_phytoplankton","","autotroph",FALSE,"provider_comment_mentions_colony","not_phaeocystis","peg_trophy_au_other","authority_rule_assignment_not_yet_applied_to_biomass"
"PEG_BVOL2026_stage5_v1",146576,"Merismopedia tenuissima","Merismopedia","Cyanophyceae","CYANOBACTERIA","AU",5,"other_autotrophic_phytoplankton","","autotroph",FALSE,"provider_comment_mentions_colony","not_phaeocystis","peg_trophy_au_other","authority_rule_assignment_not_yet_applied_to_biomass"
"PEG_BVOL2026_stage5_v1",146546,"Merismopedia warmingiana","Merismopedia","Cyanophyceae","CYANOBACTERIA","AU",1,"other_autotrophic_phytoplankton","","autotroph",FALSE,"provider_comment_mentions_colony","not_phaeocystis","peg_trophy_au_other","authority_rule_assignment_not_yet_applied_to_biomass"
"PEG_BVOL2026_stage5_v1",146546,"Merismopedia warmingiana","Merismopedia","Cyanophyceae","CYANOBACTERIA","AU",2,"other_autotrophic_phytoplankton","","autotroph",FALSE,"provider_comment_mentions_colony","not_phaeocystis","peg_trophy_au_other","authority_rule_assignment_not_yet_applied_to_biomass"
"PEG_BVOL2026_stage5_v1",146546,"Merismopedia warmingiana","Merismopedia","Cyanophyceae","CYANOBACTERIA","AU",3,"other_autotrophic_phytoplankton","","autotroph",FALSE,"provider_comment_mentions_colony","not_phaeocystis","peg_trophy_au_other","authority_rule_assignment_not_yet_applied_to_biomass"
"PEG_BVOL2026_stage5_v1",146546,"Merismopedia warmingiana","Merismopedia","Cyanophyceae","CYANOBACTERIA","AU",4,"other_autotrophic_phytoplankton","","autotroph",FALSE,"provider_comment_mentions_colony","not_phaeocystis","peg_trophy_au_other","authority_rule_assignment_not_yet_applied_to_biomass"
"PEG_BVOL2026_stage5_v1",146546,"Merismopedia warmingiana","Merismopedia","Cyanophyceae","CYANOBACTERIA","AU",5,"other_autotrophic_phytoplankton","","autotroph",FALSE,"provider_comment_mentions_colony","not_phaeocystis","peg_trophy_au_other","authority_rule_assignment_not_yet_applied_to_biomass"
"PEG_BVOL2026_stage5_v1",146546,"Merismopedia warmingiana","Merismopedia","Cyanophyceae","CYANOBACTERIA","AU",6,"other_autotrophic_phytoplankton","","autotroph",FALSE,"provider_comment_mentions_colony","not_phaeocystis","peg_trophy_au_other","authority_rule_assignment_not_yet_applied_to_biomass"
"PEG_BVOL2026_stage5_v1",146545,"Merismopedia","Merismopedia","Cyanophyceae","CYANOBACTERIA","AU",1,"other_autotrophic_phytoplankton","","autotroph",FALSE,"provider_comment_mentions_colony","not_phaeocystis","peg_trophy_au_other","authority_rule_assignment_not_yet_applied_to_biomass"
"PEG_BVOL2026_stage5_v1",146545,"Merismopedia","Merismopedia","Cyanophyceae","CYANOBACTERIA","AU",2,"other_autotrophic_phytoplankton","","autotroph",FALSE,"provider_comment_mentions_colony","not_phaeocystis","peg_trophy_au_other","authority_rule_assignment_not_yet_applied_to_biomass"
"PEG_BVOL2026_stage5_v1",146545,"Merismopedia","Merismopedia","Cyanophyceae","CYANOBACTERIA","AU",3,"other_autotrophic_phytoplankton","","autotroph",FALSE,"provider_comment_mentions_colony","not_phaeocystis","peg_trophy_au_other","authority_rule_assignment_not_yet_applied_to_biomass"
"PEG_BVOL2026_stage5_v1",146545,"Merismopedia","Merismopedia","Cyanophyceae","CYANOBACTERIA","AU",4,"other_autotrophic_phytoplankton","","autotroph",FALSE,"provider_comment_mentions_colony","not_phaeocystis","peg_trophy_au_other","authority_rule_assignment_not_yet_applied_to_biomass"
"PEG_BVOL2026_stage5_v1",146545,"Merismopedia","Merismopedia","Cyanophyceae","CYANOBACTERIA","AU",5,"other_autotrophic_phytoplankton","","autotroph",FALSE,"provider_comment_mentions_colony","not_phaeocystis","peg_trophy_au_other","authority_rule_assignment_not_yet_applied_to_biomass"
"PEG_BVOL2026_stage5_v1",146545,"Merismopedia","Merismopedia","Cyanophyceae","CYANOBACTERIA","AU",6,"other_autotrophic_phytoplankton","","autotroph",FALSE,"provider_comment_mentions_colony","not_phaeocystis","peg_trophy_au_other","authority_rule_assignment_not_yet_applied_to_biomass"
"PEG_BVOL2026_stage5_v1",146545,"Merismopedia","Merismopedia","Cyanophyceae","CYANOBACTERIA","AU",7,"other_autotrophic_phytoplankton","","autotroph",FALSE,"provider_comment_mentions_colony","not_phaeocystis","peg_trophy_au_other","authority_rule_assignment_not_yet_applied_to_biomass"
"PEG_BVOL2026_stage5_v1",146545,"Merismopedia","Merismopedia","Cyanophyceae","CYANOBACTERIA","AU",8,"other_autotrophic_phytoplankton","","autotroph",FALSE,"provider_comment_mentions_colony","not_phaeocystis","peg_trophy_au_other","authority_rule_assignment_not_yet_applied_to_biomass"
"PEG_BVOL2026_stage5_v1",146545,"Merismopedia","Merismopedia","Cyanophyceae","CYANOBACTERIA","AU",9,"other_autotrophic_phytoplankton","","autotroph",FALSE,"provider_comment_mentions_colony","not_phaeocystis","peg_trophy_au_other","authority_rule_assignment_not_yet_applied_to_biomass"
"PEG_BVOL2026_stage5_v1",146545,"Merismopedia","Merismopedia","Cyanophyceae","CYANOBACTERIA","AU",10,"other_autotrophic_phytoplankton","","autotroph",FALSE,"provider_comment_mentions_colony","not_phaeocystis","peg_trophy_au_other","authority_rule_assignment_not_yet_applied_to_biomass"
"PEG_BVOL2026_stage5_v1",146545,"Merismopedia","Merismopedia","Cyanophyceae","CYANOBACTERIA","AU",11,"other_autotrophic_phytoplankton","","autotroph",FALSE,"provider_comment_mentions_colony","not_phaeocystis","peg_trophy_au_other","authority_rule_assignment_not_yet_applied_to_biomass"
"PEG_BVOL2026_stage5_v1",146545,"Merismopedia","Merismopedia","Cyanophyceae","CYANOBACTERIA","AU",12,"other_autotrophic_phytoplankton","","autotroph",FALSE,"provider_comment_mentions_colony","not_phaeocystis","peg_trophy_au_other","authority_rule_assignment_not_yet_applied_to_biomass"
"PEG_BVOL2026_stage5_v1",146558,"Microcystis aeruginosa","Microcystis","Cyanophyceae","CYANOBACTERIA","AU",1,"other_autotrophic_phytoplankton","","autotroph",FALSE,"provider_comment_mentions_colony","not_phaeocystis","peg_trophy_au_other","authority_rule_assignment_not_yet_applied_to_biomass"
"PEG_BVOL2026_stage5_v1",146558,"Microcystis aeruginosa","Microcystis","Cyanophyceae","CYANOBACTERIA","AU",2,"other_autotrophic_phytoplankton","","autotroph",FALSE,"provider_comment_mentions_colony","not_phaeocystis","peg_trophy_au_other","authority_rule_assignment_not_yet_applied_to_biomass"
"PEG_BVOL2026_stage5_v1",146558,"Microcystis aeruginosa","Microcystis","Cyanophyceae","CYANOBACTERIA","AU",3,"other_autotrophic_phytoplankton","","autotroph",FALSE,"provider_comment_mentions_colony","not_phaeocystis","peg_trophy_au_other","authority_rule_assignment_not_yet_applied_to_biomass"
"PEG_BVOL2026_stage5_v1",146558,"Microcystis aeruginosa","Microcystis","Cyanophyceae","CYANOBACTERIA","AU",4,"other_autotrophic_phytoplankton","","autotroph",FALSE,"provider_comment_mentions_colony","not_phaeocystis","peg_trophy_au_other","authority_rule_assignment_not_yet_applied_to_biomass"
"PEG_BVOL2026_stage5_v1",146560,"Microcystis flos-aquae","Microcystis","Cyanophyceae","CYANOBACTERIA","AU",1,"other_autotrophic_phytoplankton","","autotroph",FALSE,"provider_comment_mentions_colony","not_phaeocystis","peg_trophy_au_other","authority_rule_assignment_not_yet_applied_to_biomass"
"PEG_BVOL2026_stage5_v1",146560,"Microcystis flos-aquae","Microcystis","Cyanophyceae","CYANOBACTERIA","AU",2,"other_autotrophic_phytoplankton","","autotroph",FALSE,"provider_comment_mentions_colony","not_phaeocystis","peg_trophy_au_other","authority_rule_assignment_not_yet_applied_to_biomass"
"PEG_BVOL2026_stage5_v1",146560,"Microcystis flos-aquae","Microcystis","Cyanophyceae","CYANOBACTERIA","AU",3,"other_autotrophic_phytoplankton","","autotroph",FALSE,"provider_comment_mentions_colony","not_phaeocystis","peg_trophy_au_other","authority_rule_assignment_not_yet_applied_to_biomass"
"PEG_BVOL2026_stage5_v1",146560,"Microcystis flos-aquae","Microcystis","Cyanophyceae","CYANOBACTERIA","AU",4,"other_autotrophic_phytoplankton","","autotroph",FALSE,"provider_comment_mentions_colony","not_phaeocystis","peg_trophy_au_other","authority_rule_assignment_not_yet_applied_to_biomass"
"PEG_BVOL2026_stage5_v1",177245,"Microcystis ichthyoblabe","Microcystis","Cyanophyceae","CYANOBACTERIA","AU",1,"other_autotrophic_phytoplankton","","autotroph",FALSE,"provider_comment_mentions_colony","not_phaeocystis","peg_trophy_au_other","authority_rule_assignment_not_yet_applied_to_biomass"
"PEG_BVOL2026_stage5_v1",177245,"Microcystis ichthyoblabe","Microcystis","Cyanophyceae","CYANOBACTERIA","AU",2,"other_autotrophic_phytoplankton","","autotroph",FALSE,"provider_comment_mentions_colony","not_phaeocystis","peg_trophy_au_other","authority_rule_assignment_not_yet_applied_to_biomass"
"PEG_BVOL2026_stage5_v1",177245,"Microcystis ichthyoblabe","Microcystis","Cyanophyceae","CYANOBACTERIA","AU",3,"other_autotrophic_phytoplankton","","autotroph",FALSE,"provider_comment_mentions_colony","not_phaeocystis","peg_trophy_au_other","authority_rule_assignment_not_yet_applied_to_biomass"
"PEG_BVOL2026_stage5_v1",177245,"Microcystis ichthyoblabe","Microcystis","Cyanophyceae","CYANOBACTERIA","AU",4,"other_autotrophic_phytoplankton","","autotroph",FALSE,"provider_comment_mentions_colony","not_phaeocystis","peg_trophy_au_other","authority_rule_assignment_not_yet_applied_to_biomass"
"PEG_BVOL2026_stage5_v1",177252,"Microcystis novacekii","Microcystis","Cyanophyceae","CYANOBACTERIA","AU",1,"other_autotrophic_phytoplankton","","autotroph",FALSE,"provider_comment_mentions_colony","not_phaeocystis","peg_trophy_au_other","authority_rule_assignment_not_yet_applied_to_biomass"
"PEG_BVOL2026_stage5_v1",177252,"Microcystis novacekii","Microcystis","Cyanophyceae","CYANOBACTERIA","AU",2,"other_autotrophic_phytoplankton","","autotroph",FALSE,"provider_comment_mentions_colony","not_phaeocystis","peg_trophy_au_other","authority_rule_assignment_not_yet_applied_to_biomass"
"PEG_BVOL2026_stage5_v1",177252,"Microcystis novacekii","Microcystis","Cyanophyceae","CYANOBACTERIA","AU",3,"other_autotrophic_phytoplankton","","autotroph",FALSE,"provider_comment_mentions_colony","not_phaeocystis","peg_trophy_au_other","authority_rule_assignment_not_yet_applied_to_biomass"
"PEG_BVOL2026_stage5_v1",177252,"Microcystis novacekii","Microcystis","Cyanophyceae","CYANOBACTERIA","AU",4,"other_autotrophic_phytoplankton","","autotroph",FALSE,"provider_comment_mentions_colony","not_phaeocystis","peg_trophy_au_other","authority_rule_assignment_not_yet_applied_to_biomass"
"PEG_BVOL2026_stage5_v1",177400,"Microcystis viridis","Microcystis","Cyanophyceae","CYANOBACTERIA","AU",1,"other_autotrophic_phytoplankton","","autotroph",FALSE,"provider_comment_mentions_colony","not_phaeocystis","peg_trophy_au_other","authority_rule_assignment_not_yet_applied_to_biomass"
"PEG_BVOL2026_stage5_v1",177400,"Microcystis viridis","Microcystis","Cyanophyceae","CYANOBACTERIA","AU",2,"other_autotrophic_phytoplankton","","autotroph",FALSE,"provider_comment_mentions_colony","not_phaeocystis","peg_trophy_au_other","authority_rule_assignment_not_yet_applied_to_biomass"
"PEG_BVOL2026_stage5_v1",177400,"Microcystis viridis","Microcystis","Cyanophyceae","CYANOBACTERIA","AU",3,"other_autotrophic_phytoplankton","","autotroph",FALSE,"provider_comment_mentions_colony","not_phaeocystis","peg_trophy_au_other","authority_rule_assignment_not_yet_applied_to_biomass"
"PEG_BVOL2026_stage5_v1",177400,"Microcystis viridis","Microcystis","Cyanophyceae","CYANOBACTERIA","AU",4,"other_autotrophic_phytoplankton","","autotroph",FALSE,"provider_comment_mentions_colony","not_phaeocystis","peg_trophy_au_other","authority_rule_assignment_not_yet_applied_to_biomass"
"PEG_BVOL2026_stage5_v1",177400,"Microcystis viridis","Microcystis","Cyanophyceae","CYANOBACTERIA","AU",5,"other_autotrophic_phytoplankton","","autotroph",FALSE,"provider_comment_mentions_colony","not_phaeocystis","peg_trophy_au_other","authority_rule_assignment_not_yet_applied_to_biomass"
"PEG_BVOL2026_stage5_v1",146561,"Microcystis wesenbergii","Microcystis","Cyanophyceae","CYANOBACTERIA","AU",1,"other_autotrophic_phytoplankton","","autotroph",FALSE,"provider_comment_mentions_colony","not_phaeocystis","peg_trophy_au_other","authority_rule_assignment_not_yet_applied_to_biomass"
"PEG_BVOL2026_stage5_v1",146561,"Microcystis wesenbergii","Microcystis","Cyanophyceae","CYANOBACTERIA","AU",2,"other_autotrophic_phytoplankton","","autotroph",FALSE,"provider_comment_mentions_colony","not_phaeocystis","peg_trophy_au_other","authority_rule_assignment_not_yet_applied_to_biomass"
"PEG_BVOL2026_stage5_v1",146561,"Microcystis wesenbergii","Microcystis","Cyanophyceae","CYANOBACTERIA","AU",3,"other_autotrophic_phytoplankton","","autotroph",FALSE,"provider_comment_mentions_colony","not_phaeocystis","peg_trophy_au_other","authority_rule_assignment_not_yet_applied_to_biomass"
"PEG_BVOL2026_stage5_v1",146561,"Microcystis wesenbergii","Microcystis","Cyanophyceae","CYANOBACTERIA","AU",4,"other_autotrophic_phytoplankton","","autotroph",FALSE,"provider_comment_mentions_colony","not_phaeocystis","peg_trophy_au_other","authority_rule_assignment_not_yet_applied_to_biomass"
"PEG_BVOL2026_stage5_v1",146557,"Microcystis","Microcystis","Cyanophyceae","CYANOBACTERIA","AU",1,"other_autotrophic_phytoplankton","","autotroph",FALSE,"provider_comment_mentions_colony","not_phaeocystis","peg_trophy_au_other","authority_rule_assignment_not_yet_applied_to_biomass"
"PEG_BVOL2026_stage5_v1",146557,"Microcystis","Microcystis","Cyanophyceae","CYANOBACTERIA","AU",2,"other_autotrophic_phytoplankton","","autotroph",FALSE,"provider_comment_mentions_colony","not_phaeocystis","peg_trophy_au_other","authority_rule_assignment_not_yet_applied_to_biomass"
"PEG_BVOL2026_stage5_v1",146557,"Microcystis","Microcystis","Cyanophyceae","CYANOBACTERIA","AU",3,"other_autotrophic_phytoplankton","","autotroph",FALSE,"provider_comment_mentions_colony","not_phaeocystis","peg_trophy_au_other","authority_rule_assignment_not_yet_applied_to_biomass"
"PEG_BVOL2026_stage5_v1",146557,"Microcystis","Microcystis","Cyanophyceae","CYANOBACTERIA","AU",4,"other_autotrophic_phytoplankton","","autotroph",FALSE,"provider_comment_mentions_colony","not_phaeocystis","peg_trophy_au_other","authority_rule_assignment_not_yet_applied_to_biomass"
"PEG_BVOL2026_stage5_v1",146557,"Microcystis","Microcystis","Cyanophyceae","CYANOBACTERIA","AU",5,"other_autotrophic_phytoplankton","","autotroph",FALSE,"provider_comment_mentions_colony","not_phaeocystis","peg_trophy_au_other","authority_rule_assignment_not_yet_applied_to_biomass"
"PEG_BVOL2026_stage5_v1",146557,"Microcystis","Microcystis","Cyanophyceae","CYANOBACTERIA","AU",6,"other_autotrophic_phytoplankton","","autotroph",FALSE,"provider_comment_mentions_colony","not_phaeocystis","peg_trophy_au_other","authority_rule_assignment_not_yet_applied_to_biomass"
"PEG_BVOL2026_stage5_v1",146557,"Microcystis","Microcystis","Cyanophyceae","CYANOBACTERIA","AU",7,"other_autotrophic_phytoplankton","","autotroph",FALSE,"provider_comment_mentions_colony","not_phaeocystis","peg_trophy_au_other","authority_rule_assignment_not_yet_applied_to_biomass"
"PEG_BVOL2026_stage5_v1",146557,"Microcystis","Microcystis","Cyanophyceae","CYANOBACTERIA","AU",8,"other_autotrophic_phytoplankton","","autotroph",FALSE,"provider_comment_mentions_colony","not_phaeocystis","peg_trophy_au_other","authority_rule_assignment_not_yet_applied_to_biomass"
"PEG_BVOL2026_stage5_v1",177431,"Radiocystis geminata","Radiocystis","Cyanophyceae","CYANOBACTERIA","AU",1,"other_autotrophic_phytoplankton","","autotroph",FALSE,"provider_comment_mentions_colony","not_phaeocystis","peg_trophy_au_other","authority_rule_assignment_not_yet_applied_to_biomass"
"PEG_BVOL2026_stage5_v1",177431,"Radiocystis geminata","Radiocystis","Cyanophyceae","CYANOBACTERIA","AU",2,"other_autotrophic_phytoplankton","","autotroph",FALSE,"provider_comment_mentions_colony","not_phaeocystis","peg_trophy_au_other","authority_rule_assignment_not_yet_applied_to_biomass"
"PEG_BVOL2026_stage5_v1",177431,"Radiocystis geminata","Radiocystis","Cyanophyceae","CYANOBACTERIA","AU",3,"other_autotrophic_phytoplankton","","autotroph",FALSE,"provider_comment_mentions_colony","not_phaeocystis","peg_trophy_au_other","authority_rule_assignment_not_yet_applied_to_biomass"
"PEG_BVOL2026_stage5_v1",177431,"Radiocystis geminata","Radiocystis","Cyanophyceae","CYANOBACTERIA","AU",4,"other_autotrophic_phytoplankton","","autotroph",FALSE,"provider_comment_mentions_colony","not_phaeocystis","peg_trophy_au_other","authority_rule_assignment_not_yet_applied_to_biomass"
"PEG_BVOL2026_stage5_v1",177428,"Pannus spumosus","Pannus","Cyanophyceae","CYANOBACTERIA","AU",1,"other_autotrophic_phytoplankton","","autotroph",FALSE,"not_resolved","not_phaeocystis","peg_trophy_au_other","authority_rule_assignment_not_yet_applied_to_biomass"
"PEG_BVOL2026_stage5_v1",177428,"Pannus spumosus","Pannus","Cyanophyceae","CYANOBACTERIA","AU",2,"other_autotrophic_phytoplankton","","autotroph",FALSE,"not_resolved","not_phaeocystis","peg_trophy_au_other","authority_rule_assignment_not_yet_applied_to_biomass"
"PEG_BVOL2026_stage5_v1",177428,"Pannus spumosus","Pannus","Cyanophyceae","CYANOBACTERIA","AU",3,"other_autotrophic_phytoplankton","","autotroph",FALSE,"not_resolved","not_phaeocystis","peg_trophy_au_other","authority_rule_assignment_not_yet_applied_to_biomass"
"PEG_BVOL2026_stage5_v1",177426,"Pannus","Pannus","Cyanophyceae","CYANOBACTERIA","AU",1,"other_autotrophic_phytoplankton","","autotroph",FALSE,"not_resolved","not_phaeocystis","peg_trophy_au_other","authority_rule_assignment_not_yet_applied_to_biomass"
"PEG_BVOL2026_stage5_v1",177426,"Pannus","Pannus","Cyanophyceae","CYANOBACTERIA","AU",2,"other_autotrophic_phytoplankton","","autotroph",FALSE,"not_resolved","not_phaeocystis","peg_trophy_au_other","authority_rule_assignment_not_yet_applied_to_biomass"
"PEG_BVOL2026_stage5_v1",177426,"Pannus","Pannus","Cyanophyceae","CYANOBACTERIA","AU",3,"other_autotrophic_phytoplankton","","autotroph",FALSE,"not_resolved","not_phaeocystis","peg_trophy_au_other","authority_rule_assignment_not_yet_applied_to_biomass"
"PEG_BVOL2026_stage5_v1",177464,"Snowella atomus","Snowella","Cyanophyceae","CYANOBACTERIA","AU",1,"other_autotrophic_phytoplankton","","autotroph",FALSE,"not_resolved","not_phaeocystis","peg_trophy_au_other","authority_rule_assignment_not_yet_applied_to_biomass"
"PEG_BVOL2026_stage5_v1",177464,"Snowella atomus","Snowella","Cyanophyceae","CYANOBACTERIA","AU",2,"other_autotrophic_phytoplankton","","autotroph",FALSE,"not_resolved","not_phaeocystis","peg_trophy_au_other","authority_rule_assignment_not_yet_applied_to_biomass"
"PEG_BVOL2026_stage5_v1",177464,"Snowella atomus","Snowella","Cyanophyceae","CYANOBACTERIA","AU",3,"other_autotrophic_phytoplankton","","autotroph",FALSE,"not_resolved","not_phaeocystis","peg_trophy_au_other","authority_rule_assignment_not_yet_applied_to_biomass"
"PEG_BVOL2026_stage5_v1",177464,"Snowella atomus","Snowella","Cyanophyceae","CYANOBACTERIA","AU",4,"other_autotrophic_phytoplankton","","autotroph",FALSE,"not_resolved","not_phaeocystis","peg_trophy_au_other","authority_rule_assignment_not_yet_applied_to_biomass"
"PEG_BVOL2026_stage5_v1",177465,"Snowella fennica","Snowella","Cyanophyceae","CYANOBACTERIA","AU",1,"other_autotrophic_phytoplankton","","autotroph",FALSE,"not_resolved","not_phaeocystis","peg_trophy_au_other","authority_rule_assignment_not_yet_applied_to_biomass"
"PEG_BVOL2026_stage5_v1",177465,"Snowella fennica","Snowella","Cyanophyceae","CYANOBACTERIA","AU",2,"other_autotrophic_phytoplankton","","autotroph",FALSE,"not_resolved","not_phaeocystis","peg_trophy_au_other","authority_rule_assignment_not_yet_applied_to_biomass"
"PEG_BVOL2026_stage5_v1",177465,"Snowella fennica","Snowella","Cyanophyceae","CYANOBACTERIA","AU",3,"other_autotrophic_phytoplankton","","autotroph",FALSE,"not_resolved","not_phaeocystis","peg_trophy_au_other","authority_rule_assignment_not_yet_applied_to_biomass"
"PEG_BVOL2026_stage5_v1",177465,"Snowella fennica","Snowella","Cyanophyceae","CYANOBACTERIA","AU",4,"other_autotrophic_phytoplankton","","autotroph",FALSE,"not_resolved","not_phaeocystis","peg_trophy_au_other","authority_rule_assignment_not_yet_applied_to_biomass"
"PEG_BVOL2026_stage5_v1",146645,"Snowella lacustris","Snowella","Cyanophyceae","CYANOBACTERIA","AU",1,"other_autotrophic_phytoplankton","","autotroph",FALSE,"not_resolved","not_phaeocystis","peg_trophy_au_other","authority_rule_assignment_not_yet_applied_to_biomass"
"PEG_BVOL2026_stage5_v1",146645,"Snowella lacustris","Snowella","Cyanophyceae","CYANOBACTERIA","AU",2,"other_autotrophic_phytoplankton","","autotroph",FALSE,"not_resolved","not_phaeocystis","peg_trophy_au_other","authority_rule_assignment_not_yet_applied_to_biomass"
"PEG_BVOL2026_stage5_v1",146645,"Snowella lacustris","Snowella","Cyanophyceae","CYANOBACTERIA","AU",3,"other_autotrophic_phytoplankton","","autotroph",FALSE,"not_resolved","not_phaeocystis","peg_trophy_au_other","authority_rule_assignment_not_yet_applied_to_biomass"
"PEG_BVOL2026_stage5_v1",146645,"Snowella lacustris","Snowella","Cyanophyceae","CYANOBACTERIA","AU",4,"other_autotrophic_phytoplankton","","autotroph",FALSE,"not_resolved","not_phaeocystis","peg_trophy_au_other","authority_rule_assignment_not_yet_applied_to_biomass"
"PEG_BVOL2026_stage5_v1",177473,"Snowella litoralis","Snowella","Cyanophyceae","CYANOBACTERIA","AU",1,"other_autotrophic_phytoplankton","","autotroph",FALSE,"not_resolved","not_phaeocystis","peg_trophy_au_other","authority_rule_assignment_not_yet_applied_to_biomass"
"PEG_BVOL2026_stage5_v1",177473,"Snowella litoralis","Snowella","Cyanophyceae","CYANOBACTERIA","AU",2,"other_autotrophic_phytoplankton","","autotroph",FALSE,"not_resolved","not_phaeocystis","peg_trophy_au_other","authority_rule_assignment_not_yet_applied_to_biomass"
"PEG_BVOL2026_stage5_v1",177473,"Snowella litoralis","Snowella","Cyanophyceae","CYANOBACTERIA","AU",3,"other_autotrophic_phytoplankton","","autotroph",FALSE,"not_resolved","not_phaeocystis","peg_trophy_au_other","authority_rule_assignment_not_yet_applied_to_biomass"
"PEG_BVOL2026_stage5_v1",177473,"Snowella litoralis","Snowella","Cyanophyceae","CYANOBACTERIA","AU",4,"other_autotrophic_phytoplankton","","autotroph",FALSE,"not_resolved","not_phaeocystis","peg_trophy_au_other","authority_rule_assignment_not_yet_applied_to_biomass"
"PEG_BVOL2026_stage5_v1",177480,"Snowella septentrionalis","Snowella","Cyanophyceae","CYANOBACTERIA","AU",1,"other_autotrophic_phytoplankton","","autotroph",FALSE,"not_resolved","not_phaeocystis","peg_trophy_au_other","authority_rule_assignment_not_yet_applied_to_biomass"
"PEG_BVOL2026_stage5_v1",177480,"Snowella septentrionalis","Snowella","Cyanophyceae","CYANOBACTERIA","AU",2,"other_autotrophic_phytoplankton","","autotroph",FALSE,"not_resolved","not_phaeocystis","peg_trophy_au_other","authority_rule_assignment_not_yet_applied_to_biomass"
"PEG_BVOL2026_stage5_v1",177480,"Snowella septentrionalis","Snowella","Cyanophyceae","CYANOBACTERIA","AU",3,"other_autotrophic_phytoplankton","","autotroph",FALSE,"not_resolved","not_phaeocystis","peg_trophy_au_other","authority_rule_assignment_not_yet_applied_to_biomass"
"PEG_BVOL2026_stage5_v1",177480,"Snowella septentrionalis","Snowella","Cyanophyceae","CYANOBACTERIA","AU",4,"other_autotrophic_phytoplankton","","autotroph",FALSE,"not_resolved","not_phaeocystis","peg_trophy_au_other","authority_rule_assignment_not_yet_applied_to_biomass"
"PEG_BVOL2026_stage5_v1",146644,"Snowella","Snowella","Cyanophyceae","CYANOBACTERIA","AU",1,"other_autotrophic_phytoplankton","","autotroph",FALSE,"not_resolved","not_phaeocystis","peg_trophy_au_other","authority_rule_assignment_not_yet_applied_to_biomass"
"PEG_BVOL2026_stage5_v1",146644,"Snowella","Snowella","Cyanophyceae","CYANOBACTERIA","AU",2,"other_autotrophic_phytoplankton","","autotroph",FALSE,"not_resolved","not_phaeocystis","peg_trophy_au_other","authority_rule_assignment_not_yet_applied_to_biomass"
"PEG_BVOL2026_stage5_v1",146644,"Snowella","Snowella","Cyanophyceae","CYANOBACTERIA","AU",3,"other_autotrophic_phytoplankton","","autotroph",FALSE,"not_resolved","not_phaeocystis","peg_trophy_au_other","authority_rule_assignment_not_yet_applied_to_biomass"
"PEG_BVOL2026_stage5_v1",146644,"Snowella","Snowella","Cyanophyceae","CYANOBACTERIA","AU",4,"other_autotrophic_phytoplankton","","autotroph",FALSE,"not_resolved","not_phaeocystis","peg_trophy_au_other","authority_rule_assignment_not_yet_applied_to_biomass"
"PEG_BVOL2026_stage5_v1",146644,"Snowella","Snowella","Cyanophyceae","CYANOBACTERIA","AU",5,"other_autotrophic_phytoplankton","","autotroph",FALSE,"not_resolved","not_phaeocystis","peg_trophy_au_other","authority_rule_assignment_not_yet_applied_to_biomass"
"PEG_BVOL2026_stage5_v1",1313613,"Anagnostidinema amphibium","Anagnostidinema","Cyanophyceae","CYANOBACTERIA","AU",1,"other_autotrophic_phytoplankton","","autotroph",FALSE,"not_resolved","not_phaeocystis","peg_trophy_au_other","authority_rule_assignment_not_yet_applied_to_biomass"
"PEG_BVOL2026_stage5_v1",177572,"Planktolyngbya contorta","Planktolyngbya","Cyanophyceae","CYANOBACTERIA","AU",1,"other_autotrophic_phytoplankton","","autotroph",FALSE,"not_resolved","not_phaeocystis","peg_trophy_au_other","authority_rule_assignment_not_yet_applied_to_biomass"
"PEG_BVOL2026_stage5_v1",177574,"Planktolyngbya lacustris","Planktolyngbya","Cyanophyceae","CYANOBACTERIA","AU",1,"other_autotrophic_phytoplankton","","autotroph",FALSE,"not_resolved","not_phaeocystis","peg_trophy_au_other","authority_rule_assignment_not_yet_applied_to_biomass"
"PEG_BVOL2026_stage5_v1",177576,"Planktolyngbya limnetica","Planktolyngbya","Cyanophyceae","CYANOBACTERIA","AU",1,"other_autotrophic_phytoplankton","","autotroph",FALSE,"not_resolved","not_phaeocystis","peg_trophy_au_other","authority_rule_assignment_not_yet_applied_to_biomass"
"PEG_BVOL2026_stage5_v1",177576,"Planktolyngbya limnetica","Planktolyngbya","Cyanophyceae","CYANOBACTERIA","AU",2,"other_autotrophic_phytoplankton","","autotroph",FALSE,"not_resolved","not_phaeocystis","peg_trophy_au_other","authority_rule_assignment_not_yet_applied_to_biomass"
"PEG_BVOL2026_stage5_v1",146677,"Planktolyngbya","Planktolyngbya","Cyanophyceae","CYANOBACTERIA","AU",1,"other_autotrophic_phytoplankton","","autotroph",FALSE,"not_resolved","not_phaeocystis","peg_trophy_au_other","authority_rule_assignment_not_yet_applied_to_biomass"
"PEG_BVOL2026_stage5_v1",146677,"Planktolyngbya","Planktolyngbya","Cyanophyceae","CYANOBACTERIA","AU",2,"other_autotrophic_phytoplankton","","autotroph",FALSE,"not_resolved","not_phaeocystis","peg_trophy_au_other","authority_rule_assignment_not_yet_applied_to_biomass"
"PEG_BVOL2026_stage5_v1",146677,"Planktolyngbya","Planktolyngbya","Cyanophyceae","CYANOBACTERIA","AU",3,"other_autotrophic_phytoplankton","","autotroph",FALSE,"not_resolved","not_phaeocystis","peg_trophy_au_other","authority_rule_assignment_not_yet_applied_to_biomass"
"PEG_BVOL2026_stage5_v1",707720,"Cyanodictyon balticum","Cyanodictyon","Cyanophyceae","CYANOBACTERIA","AU",1,"other_autotrophic_phytoplankton","","autotroph",FALSE,"provider_comment_mentions_colony","not_phaeocystis","peg_trophy_au_other","authority_rule_assignment_not_yet_applied_to_biomass"
"PEG_BVOL2026_stage5_v1",707720,"Cyanodictyon balticum","Cyanodictyon","Cyanophyceae","CYANOBACTERIA","AU",2,"other_autotrophic_phytoplankton","","autotroph",FALSE,"provider_comment_mentions_colony","not_phaeocystis","peg_trophy_au_other","authority_rule_assignment_not_yet_applied_to_biomass"
"PEG_BVOL2026_stage5_v1",707720,"Cyanodictyon balticum","Cyanodictyon","Cyanophyceae","CYANOBACTERIA","AU",3,"other_autotrophic_phytoplankton","","autotroph",FALSE,"provider_comment_mentions_colony","not_phaeocystis","peg_trophy_au_other","authority_rule_assignment_not_yet_applied_to_biomass"
"PEG_BVOL2026_stage5_v1",707720,"Cyanodictyon balticum","Cyanodictyon","Cyanophyceae","CYANOBACTERIA","AU",4,"other_autotrophic_phytoplankton","","autotroph",FALSE,"provider_comment_mentions_colony","not_phaeocystis","peg_trophy_au_other","authority_rule_assignment_not_yet_applied_to_biomass"
"PEG_BVOL2026_stage5_v1",707720,"Cyanodictyon balticum","Cyanodictyon","Cyanophyceae","CYANOBACTERIA","AU",5,"other_autotrophic_phytoplankton","","autotroph",FALSE,"provider_comment_mentions_colony","not_phaeocystis","peg_trophy_au_other","authority_rule_assignment_not_yet_applied_to_biomass"
"PEG_BVOL2026_stage5_v1",612428,"Cyanodictyon iac","Cyanodictyon","Cyanophyceae","CYANOBACTERIA","AU",1,"other_autotrophic_phytoplankton","","autotroph",FALSE,"provider_comment_mentions_colony","not_phaeocystis","peg_trophy_au_other","authority_rule_assignment_not_yet_applied_to_biomass"
"PEG_BVOL2026_stage5_v1",612428,"Cyanodictyon iac","Cyanodictyon","Cyanophyceae","CYANOBACTERIA","AU",2,"other_autotrophic_phytoplankton","","autotroph",FALSE,"provider_comment_mentions_colony","not_phaeocystis","peg_trophy_au_other","authority_rule_assignment_not_yet_applied_to_biomass"
"PEG_BVOL2026_stage5_v1",612428,"Cyanodictyon iac","Cyanodictyon","Cyanophyceae","CYANOBACTERIA","AU",3,"other_autotrophic_phytoplankton","","autotroph",FALSE,"provider_comment_mentions_colony","not_phaeocystis","peg_trophy_au_other","authority_rule_assignment_not_yet_applied_to_biomass"
"PEG_BVOL2026_stage5_v1",612428,"Cyanodictyon iac","Cyanodictyon","Cyanophyceae","CYANOBACTERIA","AU",4,"other_autotrophic_phytoplankton","","autotroph",FALSE,"provider_comment_mentions_colony","not_phaeocystis","peg_trophy_au_other","authority_rule_assignment_not_yet_applied_to_biomass"
"PEG_BVOL2026_stage5_v1",612427,"Cyanodictyon filiforme","Cyanodictyon","Cyanophyceae","CYANOBACTERIA","AU",1,"other_autotrophic_phytoplankton","","autotroph",FALSE,"not_resolved","not_phaeocystis","peg_trophy_au_other","authority_rule_assignment_not_yet_applied_to_biomass"
"PEG_BVOL2026_stage5_v1",612427,"Cyanodictyon filiforme","Cyanodictyon","Cyanophyceae","CYANOBACTERIA","AU",2,"other_autotrophic_phytoplankton","","autotroph",FALSE,"not_resolved","not_phaeocystis","peg_trophy_au_other","authority_rule_assignment_not_yet_applied_to_biomass"
"PEG_BVOL2026_stage5_v1",177112,"Cyanodictyon planctonicum","Cyanodictyon","Cyanophyceae","CYANOBACTERIA","AU",1,"other_autotrophic_phytoplankton","","autotroph",FALSE,"provider_comment_mentions_colony","not_phaeocystis","peg_trophy_au_other","authority_rule_assignment_not_yet_applied_to_biomass"
"PEG_BVOL2026_stage5_v1",177112,"Cyanodictyon planctonicum","Cyanodictyon","Cyanophyceae","CYANOBACTERIA","AU",2,"other_autotrophic_phytoplankton","","autotroph",FALSE,"provider_comment_mentions_colony","not_phaeocystis","peg_trophy_au_other","authority_rule_assignment_not_yet_applied_to_biomass"
"PEG_BVOL2026_stage5_v1",177112,"Cyanodictyon planctonicum","Cyanodictyon","Cyanophyceae","CYANOBACTERIA","AU",3,"other_autotrophic_phytoplankton","","autotroph",FALSE,"provider_comment_mentions_colony","not_phaeocystis","peg_trophy_au_other","authority_rule_assignment_not_yet_applied_to_biomass"
"PEG_BVOL2026_stage5_v1",177112,"Cyanodictyon planctonicum","Cyanodictyon","Cyanophyceae","CYANOBACTERIA","AU",4,"other_autotrophic_phytoplankton","","autotroph",FALSE,"provider_comment_mentions_colony","not_phaeocystis","peg_trophy_au_other","authority_rule_assignment_not_yet_applied_to_biomass"
"PEG_BVOL2026_stage5_v1",177112,"Cyanodictyon planctonicum","Cyanodictyon","Cyanophyceae","CYANOBACTERIA","AU",5,"other_autotrophic_phytoplankton","","autotroph",FALSE,"provider_comment_mentions_colony","not_phaeocystis","peg_trophy_au_other","authority_rule_assignment_not_yet_applied_to_biomass"
"PEG_BVOL2026_stage5_v1",177113,"Cyanodictyon reticulatum","Cyanodictyon","Cyanophyceae","CYANOBACTERIA","AU",1,"other_autotrophic_phytoplankton","","autotroph",FALSE,"provider_comment_mentions_colony","not_phaeocystis","peg_trophy_au_other","authority_rule_assignment_not_yet_applied_to_biomass"
"PEG_BVOL2026_stage5_v1",177113,"Cyanodictyon reticulatum","Cyanodictyon","Cyanophyceae","CYANOBACTERIA","AU",2,"other_autotrophic_phytoplankton","","autotroph",FALSE,"provider_comment_mentions_colony","not_phaeocystis","peg_trophy_au_other","authority_rule_assignment_not_yet_applied_to_biomass"
"PEG_BVOL2026_stage5_v1",177113,"Cyanodictyon reticulatum","Cyanodictyon","Cyanophyceae","CYANOBACTERIA","AU",3,"other_autotrophic_phytoplankton","","autotroph",FALSE,"provider_comment_mentions_colony","not_phaeocystis","peg_trophy_au_other","authority_rule_assignment_not_yet_applied_to_biomass"
"PEG_BVOL2026_stage5_v1",177113,"Cyanodictyon reticulatum","Cyanodictyon","Cyanophyceae","CYANOBACTERIA","AU",4,"other_autotrophic_phytoplankton","","autotroph",FALSE,"provider_comment_mentions_colony","not_phaeocystis","peg_trophy_au_other","authority_rule_assignment_not_yet_applied_to_biomass"
"PEG_BVOL2026_stage5_v1",177113,"Cyanodictyon reticulatum","Cyanodictyon","Cyanophyceae","CYANOBACTERIA","AU",5,"other_autotrophic_phytoplankton","","autotroph",FALSE,"provider_comment_mentions_colony","not_phaeocystis","peg_trophy_au_other","authority_rule_assignment_not_yet_applied_to_biomass"
"PEG_BVOL2026_stage5_v1",614743,"Cyanodictyon tubiforme","Cyanodictyon","Cyanophyceae","CYANOBACTERIA","AU",1,"other_autotrophic_phytoplankton","","autotroph",FALSE,"provider_comment_mentions_colony","not_phaeocystis","peg_trophy_au_other","authority_rule_assignment_not_yet_applied_to_biomass"
"PEG_BVOL2026_stage5_v1",614743,"Cyanodictyon tubiforme","Cyanodictyon","Cyanophyceae","CYANOBACTERIA","AU",2,"other_autotrophic_phytoplankton","","autotroph",FALSE,"provider_comment_mentions_colony","not_phaeocystis","peg_trophy_au_other","authority_rule_assignment_not_yet_applied_to_biomass"
"PEG_BVOL2026_stage5_v1",614743,"Cyanodictyon tubiforme","Cyanodictyon","Cyanophyceae","CYANOBACTERIA","AU",3,"other_autotrophic_phytoplankton","","autotroph",FALSE,"provider_comment_mentions_colony","not_phaeocystis","peg_trophy_au_other","authority_rule_assignment_not_yet_applied_to_biomass"
"PEG_BVOL2026_stage5_v1",614743,"Cyanodictyon tubiforme","Cyanodictyon","Cyanophyceae","CYANOBACTERIA","AU",4,"other_autotrophic_phytoplankton","","autotroph",FALSE,"provider_comment_mentions_colony","not_phaeocystis","peg_trophy_au_other","authority_rule_assignment_not_yet_applied_to_biomass"
"PEG_BVOL2026_stage5_v1",614743,"Cyanodictyon tubiforme","Cyanodictyon","Cyanophyceae","CYANOBACTERIA","AU",5,"other_autotrophic_phytoplankton","","autotroph",FALSE,"provider_comment_mentions_colony","not_phaeocystis","peg_trophy_au_other","authority_rule_assignment_not_yet_applied_to_biomass"
"PEG_BVOL2026_stage5_v1",177108,"Cyanodictyon","Cyanodictyon","Cyanophyceae","CYANOBACTERIA","AU",1,"other_autotrophic_phytoplankton","","autotroph",FALSE,"provider_comment_mentions_colony","not_phaeocystis","peg_trophy_au_other","authority_rule_assignment_not_yet_applied_to_biomass"
"PEG_BVOL2026_stage5_v1",177108,"Cyanodictyon","Cyanodictyon","Cyanophyceae","CYANOBACTERIA","AU",2,"other_autotrophic_phytoplankton","","autotroph",FALSE,"provider_comment_mentions_colony","not_phaeocystis","peg_trophy_au_other","authority_rule_assignment_not_yet_applied_to_biomass"
"PEG_BVOL2026_stage5_v1",177108,"Cyanodictyon","Cyanodictyon","Cyanophyceae","CYANOBACTERIA","AU",3,"other_autotrophic_phytoplankton","","autotroph",FALSE,"provider_comment_mentions_colony","not_phaeocystis","peg_trophy_au_other","authority_rule_assignment_not_yet_applied_to_biomass"
"PEG_BVOL2026_stage5_v1",177108,"Cyanodictyon","Cyanodictyon","Cyanophyceae","CYANOBACTERIA","AU",4,"other_autotrophic_phytoplankton","","autotroph",FALSE,"provider_comment_mentions_colony","not_phaeocystis","peg_trophy_au_other","authority_rule_assignment_not_yet_applied_to_biomass"
"PEG_BVOL2026_stage5_v1",177108,"Cyanodictyon","Cyanodictyon","Cyanophyceae","CYANOBACTERIA","AU",5,"other_autotrophic_phytoplankton","","autotroph",FALSE,"provider_comment_mentions_colony","not_phaeocystis","peg_trophy_au_other","authority_rule_assignment_not_yet_applied_to_biomass"
"PEG_BVOL2026_stage5_v1",177108,"Cyanodictyon","Cyanodictyon","Cyanophyceae","CYANOBACTERIA","AU",6,"other_autotrophic_phytoplankton","","autotroph",FALSE,"provider_comment_mentions_colony","not_phaeocystis","peg_trophy_au_other","authority_rule_assignment_not_yet_applied_to_biomass"
"PEG_BVOL2026_stage5_v1",177108,"Cyanodictyon","Cyanodictyon","Cyanophyceae","CYANOBACTERIA","AU",7,"other_autotrophic_phytoplankton","","autotroph",FALSE,"provider_comment_mentions_colony","not_phaeocystis","peg_trophy_au_other","authority_rule_assignment_not_yet_applied_to_biomass"
"PEG_BVOL2026_stage5_v1",177108,"Cyanodictyon","Cyanodictyon","Cyanophyceae","CYANOBACTERIA","AU",8,"other_autotrophic_phytoplankton","","autotroph",FALSE,"provider_comment_mentions_colony","not_phaeocystis","peg_trophy_au_other","authority_rule_assignment_not_yet_applied_to_biomass"
"PEG_BVOL2026_stage5_v1",177108,"Cyanodictyon","Cyanodictyon","Cyanophyceae","CYANOBACTERIA","AU",9,"other_autotrophic_phytoplankton","","autotroph",FALSE,"provider_comment_mentions_colony","not_phaeocystis","peg_trophy_au_other","authority_rule_assignment_not_yet_applied_to_biomass"
"PEG_BVOL2026_stage5_v1",177108,"Cyanodictyon","Cyanodictyon","Cyanophyceae","CYANOBACTERIA","AU",10,"other_autotrophic_phytoplankton","","autotroph",FALSE,"provider_comment_mentions_colony","not_phaeocystis","peg_trophy_au_other","authority_rule_assignment_not_yet_applied_to_biomass"
"PEG_BVOL2026_stage5_v1",177140,"Lemmermanniella pallida","Lemmermanniella","Cyanophyceae","CYANOBACTERIA","AU",1,"other_autotrophic_phytoplankton","","autotroph",FALSE,"not_resolved","not_phaeocystis","peg_trophy_au_other","authority_rule_assignment_not_yet_applied_to_biomass"
"PEG_BVOL2026_stage5_v1",177140,"Lemmermanniella pallida","Lemmermanniella","Cyanophyceae","CYANOBACTERIA","AU",2,"other_autotrophic_phytoplankton","","autotroph",FALSE,"not_resolved","not_phaeocystis","peg_trophy_au_other","authority_rule_assignment_not_yet_applied_to_biomass"
"PEG_BVOL2026_stage5_v1",177140,"Lemmermanniella pallida","Lemmermanniella","Cyanophyceae","CYANOBACTERIA","AU",3,"other_autotrophic_phytoplankton","","autotroph",FALSE,"not_resolved","not_phaeocystis","peg_trophy_au_other","authority_rule_assignment_not_yet_applied_to_biomass"
"PEG_BVOL2026_stage5_v1",177140,"Lemmermanniella pallida","Lemmermanniella","Cyanophyceae","CYANOBACTERIA","AU",4,"other_autotrophic_phytoplankton","","autotroph",FALSE,"not_resolved","not_phaeocystis","peg_trophy_au_other","authority_rule_assignment_not_yet_applied_to_biomass"
"PEG_BVOL2026_stage5_v1",177140,"Lemmermanniella pallida","Lemmermanniella","Cyanophyceae","CYANOBACTERIA","AU",5,"other_autotrophic_phytoplankton","","autotroph",FALSE,"not_resolved","not_phaeocystis","peg_trophy_au_other","authority_rule_assignment_not_yet_applied_to_biomass"
"PEG_BVOL2026_stage5_v1",177155,"Lemmermanniella parva","Lemmermanniella","Cyanophyceae","CYANOBACTERIA","AU",1,"other_autotrophic_phytoplankton","","autotroph",FALSE,"not_resolved","not_phaeocystis","peg_trophy_au_other","authority_rule_assignment_not_yet_applied_to_biomass"
"PEG_BVOL2026_stage5_v1",177155,"Lemmermanniella parva","Lemmermanniella","Cyanophyceae","CYANOBACTERIA","AU",2,"other_autotrophic_phytoplankton","","autotroph",FALSE,"not_resolved","not_phaeocystis","peg_trophy_au_other","authority_rule_assignment_not_yet_applied_to_biomass"
"PEG_BVOL2026_stage5_v1",177155,"Lemmermanniella parva","Lemmermanniella","Cyanophyceae","CYANOBACTERIA","AU",3,"other_autotrophic_phytoplankton","","autotroph",FALSE,"not_resolved","not_phaeocystis","peg_trophy_au_other","authority_rule_assignment_not_yet_applied_to_biomass"
"PEG_BVOL2026_stage5_v1",177155,"Lemmermanniella parva","Lemmermanniella","Cyanophyceae","CYANOBACTERIA","AU",4,"other_autotrophic_phytoplankton","","autotroph",FALSE,"not_resolved","not_phaeocystis","peg_trophy_au_other","authority_rule_assignment_not_yet_applied_to_biomass"
"PEG_BVOL2026_stage5_v1",177155,"Lemmermanniella parva","Lemmermanniella","Cyanophyceae","CYANOBACTERIA","AU",5,"other_autotrophic_phytoplankton","","autotroph",FALSE,"not_resolved","not_phaeocystis","peg_trophy_au_other","authority_rule_assignment_not_yet_applied_to_biomass"
"PEG_BVOL2026_stage5_v1",177138,"Lemmermanniella","Lemmermanniella","Cyanophyceae","CYANOBACTERIA","AU",1,"other_autotrophic_phytoplankton","","autotroph",FALSE,"not_resolved","not_phaeocystis","peg_trophy_au_other","authority_rule_assignment_not_yet_applied_to_biomass"
"PEG_BVOL2026_stage5_v1",177138,"Lemmermanniella","Lemmermanniella","Cyanophyceae","CYANOBACTERIA","AU",2,"other_autotrophic_phytoplankton","","autotroph",FALSE,"not_resolved","not_phaeocystis","peg_trophy_au_other","authority_rule_assignment_not_yet_applied_to_biomass"
"PEG_BVOL2026_stage5_v1",177138,"Lemmermanniella","Lemmermanniella","Cyanophyceae","CYANOBACTERIA","AU",3,"other_autotrophic_phytoplankton","","autotroph",FALSE,"not_resolved","not_phaeocystis","peg_trophy_au_other","authority_rule_assignment_not_yet_applied_to_biomass"
"PEG_BVOL2026_stage5_v1",177138,"Lemmermanniella","Lemmermanniella","Cyanophyceae","CYANOBACTERIA","AU",4,"other_autotrophic_phytoplankton","","autotroph",FALSE,"not_resolved","not_phaeocystis","peg_trophy_au_other","authority_rule_assignment_not_yet_applied_to_biomass"
"PEG_BVOL2026_stage5_v1",177138,"Lemmermanniella","Lemmermanniella","Cyanophyceae","CYANOBACTERIA","AU",5,"other_autotrophic_phytoplankton","","autotroph",FALSE,"not_resolved","not_phaeocystis","peg_trophy_au_other","authority_rule_assignment_not_yet_applied_to_biomass"
"PEG_BVOL2026_stage5_v1",177447,"Rhabdoderma lineare","Rhabdoderma","Cyanophyceae","CYANOBACTERIA","AU",1,"other_autotrophic_phytoplankton","","autotroph",FALSE,"provider_comment_mentions_colony","not_phaeocystis","peg_trophy_au_other","authority_rule_assignment_not_yet_applied_to_biomass"
"PEG_BVOL2026_stage5_v1",177447,"Rhabdoderma lineare","Rhabdoderma","Cyanophyceae","CYANOBACTERIA","AU",3,"other_autotrophic_phytoplankton","","autotroph",FALSE,"provider_comment_mentions_colony","not_phaeocystis","peg_trophy_au_other","authority_rule_assignment_not_yet_applied_to_biomass"
"PEG_BVOL2026_stage5_v1",177434,"Rhabdoderma","Rhabdoderma","Cyanophyceae","CYANOBACTERIA","AU",1,"other_autotrophic_phytoplankton","","autotroph",FALSE,"provider_comment_mentions_colony","not_phaeocystis","peg_trophy_au_other","authority_rule_assignment_not_yet_applied_to_biomass"
"PEG_BVOL2026_stage5_v1",177434,"Rhabdoderma","Rhabdoderma","Cyanophyceae","CYANOBACTERIA","AU",2,"other_autotrophic_phytoplankton","","autotroph",FALSE,"provider_comment_mentions_colony","not_phaeocystis","peg_trophy_au_other","authority_rule_assignment_not_yet_applied_to_biomass"
"PEG_BVOL2026_stage5_v1",177595,"Romeria","Romeria","Cyanophyceae","CYANOBACTERIA","AU",1,"other_autotrophic_phytoplankton","","autotroph",FALSE,"not_resolved","not_phaeocystis","peg_trophy_au_other","authority_rule_assignment_not_yet_applied_to_biomass"
"PEG_BVOL2026_stage5_v1",177595,"Romeria","Romeria","Cyanophyceae","CYANOBACTERIA","AU",2,"other_autotrophic_phytoplankton","","autotroph",FALSE,"not_resolved","not_phaeocystis","peg_trophy_au_other","authority_rule_assignment_not_yet_applied_to_biomass"
"PEG_BVOL2026_stage5_v1",177595,"Romeria","Romeria","Cyanophyceae","CYANOBACTERIA","AU",3,"other_autotrophic_phytoplankton","","autotroph",FALSE,"not_resolved","not_phaeocystis","peg_trophy_au_other","authority_rule_assignment_not_yet_applied_to_biomass"
"PEG_BVOL2026_stage5_v1",177595,"Romeria","Romeria","Cyanophyceae","CYANOBACTERIA","AU",4,"other_autotrophic_phytoplankton","","autotroph",FALSE,"not_resolved","not_phaeocystis","peg_trophy_au_other","authority_rule_assignment_not_yet_applied_to_biomass"
"PEG_BVOL2026_stage5_v1",177595,"Romeria","Romeria","Cyanophyceae","CYANOBACTERIA","AU",5,"other_autotrophic_phytoplankton","","autotroph",FALSE,"not_resolved","not_phaeocystis","peg_trophy_au_other","authority_rule_assignment_not_yet_applied_to_biomass"
"PEG_BVOL2026_stage5_v1",177595,"Romeria","Romeria","Cyanophyceae","CYANOBACTERIA","AU",6,"other_autotrophic_phytoplankton","","autotroph",FALSE,"not_resolved","not_phaeocystis","peg_trophy_au_other","authority_rule_assignment_not_yet_applied_to_biomass"
"PEG_BVOL2026_stage5_v1",177635,"Anabaena baltica","Anabaena","Cyanophyceae","CYANOBACTERIA","AU",1,"other_autotrophic_phytoplankton","","autotroph",FALSE,"not_resolved","not_phaeocystis","peg_trophy_au_other","authority_rule_assignment_not_yet_applied_to_biomass"
"PEG_BVOL2026_stage5_v1",177635,"Anabaena baltica","Anabaena","Cyanophyceae","CYANOBACTERIA","AU",2,"other_autotrophic_phytoplankton","","autotroph",FALSE,"not_resolved","not_phaeocystis","peg_trophy_au_other","authority_rule_assignment_not_yet_applied_to_biomass"
"PEG_BVOL2026_stage5_v1",177649,"Anabaena cylindrica","Anabaena","Cyanophyceae","CYANOBACTERIA","AU",1,"other_autotrophic_phytoplankton","","autotroph",FALSE,"not_resolved","not_phaeocystis","peg_trophy_au_other","authority_rule_assignment_not_yet_applied_to_biomass"
"PEG_BVOL2026_stage5_v1",177649,"Anabaena cylindrica","Anabaena","Cyanophyceae","CYANOBACTERIA","AU",2,"other_autotrophic_phytoplankton","","autotroph",FALSE,"not_resolved","not_phaeocystis","peg_trophy_au_other","authority_rule_assignment_not_yet_applied_to_biomass"
"PEG_BVOL2026_stage5_v1",177659,"Anabaena inaequalis","Anabaena","Cyanophyceae","CYANOBACTERIA","AU",1,"other_autotrophic_phytoplankton","","autotroph",FALSE,"not_resolved","not_phaeocystis","peg_trophy_au_other","authority_rule_assignment_not_yet_applied_to_biomass"
"PEG_BVOL2026_stage5_v1",177659,"Anabaena inaequalis","Anabaena","Cyanophyceae","CYANOBACTERIA","AU",2,"other_autotrophic_phytoplankton","","autotroph",FALSE,"not_resolved","not_phaeocystis","peg_trophy_au_other","authority_rule_assignment_not_yet_applied_to_biomass"
"PEG_BVOL2026_stage5_v1",239061,"Anabaena oscillarioides","Anabaena","Cyanophyceae","CYANOBACTERIA","AU",1,"other_autotrophic_phytoplankton","","autotroph",FALSE,"not_resolved","not_phaeocystis","peg_trophy_au_other","authority_rule_assignment_not_yet_applied_to_biomass"
"PEG_BVOL2026_stage5_v1",146714,"Anabaena torulosa","Anabaena","Cyanophyceae","CYANOBACTERIA","AU",1,"other_autotrophic_phytoplankton","","autotroph",FALSE,"not_resolved","not_phaeocystis","peg_trophy_au_other","authority_rule_assignment_not_yet_applied_to_biomass"
"PEG_BVOL2026_stage5_v1",146585,"Anabaena","Anabaena","Cyanophyceae","CYANOBACTERIA","AU",1,"other_autotrophic_phytoplankton","","autotroph",FALSE,"not_resolved","not_phaeocystis","peg_trophy_au_other","authority_rule_assignment_not_yet_applied_to_biomass"
"PEG_BVOL2026_stage5_v1",146585,"Anabaena","Anabaena","Cyanophyceae","CYANOBACTERIA","AU",2,"other_autotrophic_phytoplankton","","autotroph",FALSE,"not_resolved","not_phaeocystis","peg_trophy_au_other","authority_rule_assignment_not_yet_applied_to_biomass"
"PEG_BVOL2026_stage5_v1",146585,"Anabaena","Anabaena","Cyanophyceae","CYANOBACTERIA","AU",3,"other_autotrophic_phytoplankton","","autotroph",FALSE,"not_resolved","not_phaeocystis","peg_trophy_au_other","authority_rule_assignment_not_yet_applied_to_biomass"
"PEG_BVOL2026_stage5_v1",146585,"Anabaena","Anabaena","Cyanophyceae","CYANOBACTERIA","AU",4,"other_autotrophic_phytoplankton","","autotroph",FALSE,"not_resolved","not_phaeocystis","peg_trophy_au_other","authority_rule_assignment_not_yet_applied_to_biomass"
"PEG_BVOL2026_stage5_v1",146585,"Anabaena","Anabaena","Cyanophyceae","CYANOBACTERIA","AU",5,"other_autotrophic_phytoplankton","","autotroph",FALSE,"not_resolved","not_phaeocystis","peg_trophy_au_other","authority_rule_assignment_not_yet_applied_to_biomass"
"PEG_BVOL2026_stage5_v1",146585,"Anabaena","Anabaena","Cyanophyceae","CYANOBACTERIA","AU",6,"other_autotrophic_phytoplankton","","autotroph",FALSE,"not_resolved","not_phaeocystis","peg_trophy_au_other","authority_rule_assignment_not_yet_applied_to_biomass"
"PEG_BVOL2026_stage5_v1",146585,"Anabaena","Anabaena","Cyanophyceae","CYANOBACTERIA","AU",10,"other_autotrophic_phytoplankton","","autotroph",FALSE,"not_resolved","not_phaeocystis","peg_trophy_au_other","authority_rule_assignment_not_yet_applied_to_biomass"
"PEG_BVOL2026_stage5_v1",146585,"Anabaena","Anabaena","Cyanophyceae","CYANOBACTERIA","AU",11,"other_autotrophic_phytoplankton","","autotroph",FALSE,"not_resolved","not_phaeocystis","peg_trophy_au_other","authority_rule_assignment_not_yet_applied_to_biomass"
"PEG_BVOL2026_stage5_v1",146585,"Anabaena","Anabaena","Cyanophyceae","CYANOBACTERIA","AU",12,"other_autotrophic_phytoplankton","","autotroph",FALSE,"not_resolved","not_phaeocystis","peg_trophy_au_other","authority_rule_assignment_not_yet_applied_to_biomass"
"PEG_BVOL2026_stage5_v1",146585,"Anabaena","Anabaena","Cyanophyceae","CYANOBACTERIA","AU",13,"other_autotrophic_phytoplankton","","autotroph",FALSE,"not_resolved","not_phaeocystis","peg_trophy_au_other","authority_rule_assignment_not_yet_applied_to_biomass"
"PEG_BVOL2026_stage5_v1",345457,"Anabaenopsis elenkinii","Anabaenopsis","Cyanophyceae","CYANOBACTERIA","AU",1,"other_autotrophic_phytoplankton","","autotroph",FALSE,"not_resolved","not_phaeocystis","peg_trophy_au_other","authority_rule_assignment_not_yet_applied_to_biomass"
"PEG_BVOL2026_stage5_v1",146590,"Anabaenopsis","Anabaenopsis","Cyanophyceae","CYANOBACTERIA","AU",1,"other_autotrophic_phytoplankton","","autotroph",FALSE,"not_resolved","not_phaeocystis","peg_trophy_au_other","authority_rule_assignment_not_yet_applied_to_biomass"
"PEG_BVOL2026_stage5_v1",146590,"Anabaenopsis","Anabaenopsis","Cyanophyceae","CYANOBACTERIA","AU",2,"other_autotrophic_phytoplankton","","autotroph",FALSE,"not_resolved","not_phaeocystis","peg_trophy_au_other","authority_rule_assignment_not_yet_applied_to_biomass"
"PEG_BVOL2026_stage5_v1",146590,"Anabaenopsis","Anabaenopsis","Cyanophyceae","CYANOBACTERIA","AU",3,"other_autotrophic_phytoplankton","","autotroph",FALSE,"not_resolved","not_phaeocystis","peg_trophy_au_other","authority_rule_assignment_not_yet_applied_to_biomass"
"PEG_BVOL2026_stage5_v1",609460,"Aphanizomenon flosaquae","Aphanizomenon","Cyanophyceae","CYANOBACTERIA","AU",1,"other_autotrophic_phytoplankton","","autotroph",FALSE,"not_resolved","not_phaeocystis","peg_trophy_au_other","authority_rule_assignment_not_yet_applied_to_biomass"
"PEG_BVOL2026_stage5_v1",248100,"Aphanizomenon gracile","Aphanizomenon","Cyanophyceae","CYANOBACTERIA","AU",1,"other_autotrophic_phytoplankton","","autotroph",FALSE,"not_resolved","not_phaeocystis","peg_trophy_au_other","authority_rule_assignment_not_yet_applied_to_biomass"
"PEG_BVOL2026_stage5_v1",578448,"Aphanizomenon hungaricum","Aphanizomenon","Cyanophyceae","CYANOBACTERIA","AU",1,"other_autotrophic_phytoplankton","","autotroph",FALSE,"not_resolved","not_phaeocystis","peg_trophy_au_other","authority_rule_assignment_not_yet_applied_to_biomass"
"PEG_BVOL2026_stage5_v1",625385,"Aphanizomenon klebahnii","Aphanizomenon","Cyanophyceae","CYANOBACTERIA","AU",1,"other_autotrophic_phytoplankton","","autotroph",FALSE,"not_resolved","not_phaeocystis","peg_trophy_au_other","authority_rule_assignment_not_yet_applied_to_biomass"
"PEG_BVOL2026_stage5_v1",592876,"Aphanizomenon skujae","Aphanizomenon","Cyanophyceae","CYANOBACTERIA","AU",1,"other_autotrophic_phytoplankton","","autotroph",FALSE,"not_resolved","not_phaeocystis","peg_trophy_au_other","authority_rule_assignment_not_yet_applied_to_biomass"
"PEG_BVOL2026_stage5_v1",659901,"Aphanizomenon yezoense","Aphanizomenon","Cyanophyceae","CYANOBACTERIA","AU",1,"other_autotrophic_phytoplankton","","autotroph",FALSE,"not_resolved","not_phaeocystis","peg_trophy_au_other","authority_rule_assignment_not_yet_applied_to_biomass"
"PEG_BVOL2026_stage5_v1",659901,"Aphanizomenon yezoense","Aphanizomenon","Cyanophyceae","CYANOBACTERIA","AU",3,"other_autotrophic_phytoplankton","","autotroph",FALSE,"not_resolved","not_phaeocystis","peg_trophy_au_other","authority_rule_assignment_not_yet_applied_to_biomass"
"PEG_BVOL2026_stage5_v1",160567,"Aphanizomenon","Aphanizomenon","Cyanophyceae","CYANOBACTERIA","AU",1,"other_autotrophic_phytoplankton","","autotroph",FALSE,"not_resolved","not_phaeocystis","peg_trophy_au_other","authority_rule_assignment_not_yet_applied_to_biomass"
"PEG_BVOL2026_stage5_v1",160567,"Aphanizomenon","Aphanizomenon","Cyanophyceae","CYANOBACTERIA","AU",2,"other_autotrophic_phytoplankton","","autotroph",FALSE,"not_resolved","not_phaeocystis","peg_trophy_au_other","authority_rule_assignment_not_yet_applied_to_biomass"
"PEG_BVOL2026_stage5_v1",160567,"Aphanizomenon","Aphanizomenon","Cyanophyceae","CYANOBACTERIA","AU",3,"other_autotrophic_phytoplankton","","autotroph",FALSE,"not_resolved","not_phaeocystis","peg_trophy_au_other","authority_rule_assignment_not_yet_applied_to_biomass"
"PEG_BVOL2026_stage5_v1",160567,"Aphanizomenon","Aphanizomenon","Cyanophyceae","CYANOBACTERIA","AU",4,"other_autotrophic_phytoplankton","","autotroph",FALSE,"not_resolved","not_phaeocystis","peg_trophy_au_other","authority_rule_assignment_not_yet_applied_to_biomass"
"PEG_BVOL2026_stage5_v1",160567,"Aphanizomenon","Aphanizomenon","Cyanophyceae","CYANOBACTERIA","AU",5,"other_autotrophic_phytoplankton","","autotroph",FALSE,"not_resolved","not_phaeocystis","peg_trophy_au_other","authority_rule_assignment_not_yet_applied_to_biomass"
"PEG_BVOL2026_stage5_v1",160567,"Aphanizomenon","Aphanizomenon","Cyanophyceae","CYANOBACTERIA","AU",6,"other_autotrophic_phytoplankton","","autotroph",FALSE,"not_resolved","not_phaeocystis","peg_trophy_au_other","authority_rule_assignment_not_yet_applied_to_biomass"
"PEG_BVOL2026_stage5_v1",603250,"Cronbergia","Cronbergia","Cyanophyceae","CYANOBACTERIA","AU",1,"other_autotrophic_phytoplankton","","autotroph",FALSE,"not_resolved","not_phaeocystis","peg_trophy_au_other","authority_rule_assignment_not_yet_applied_to_biomass"
"PEG_BVOL2026_stage5_v1",603250,"Cronbergia","Cronbergia","Cyanophyceae","CYANOBACTERIA","AU",2,"other_autotrophic_phytoplankton","","autotroph",FALSE,"not_resolved","not_phaeocystis","peg_trophy_au_other","authority_rule_assignment_not_yet_applied_to_biomass"
"PEG_BVOL2026_stage5_v1",603250,"Cronbergia","Cronbergia","Cyanophyceae","CYANOBACTERIA","AU",3,"other_autotrophic_phytoplankton","","autotroph",FALSE,"not_resolved","not_phaeocystis","peg_trophy_au_other","authority_rule_assignment_not_yet_applied_to_biomass"
"PEG_BVOL2026_stage5_v1",621617,"Cuspidothrix issatschenkoi","Cuspidothrix","Cyanophyceae","CYANOBACTERIA","AU",1,"other_autotrophic_phytoplankton","","autotroph",FALSE,"not_resolved","not_phaeocystis","peg_trophy_au_other","authority_rule_assignment_not_yet_applied_to_biomass"
"PEG_BVOL2026_stage5_v1",621617,"Cuspidothrix issatschenkoi","Cuspidothrix","Cyanophyceae","CYANOBACTERIA","AU",2,"other_autotrophic_phytoplankton","","autotroph",FALSE,"not_resolved","not_phaeocystis","peg_trophy_au_other","authority_rule_assignment_not_yet_applied_to_biomass"
"PEG_BVOL2026_stage5_v1",625363,"Dolichospermum affine","Dolichospermum","Cyanophyceae","CYANOBACTERIA","AU",1,"other_autotrophic_phytoplankton","","autotroph",FALSE,"not_resolved","not_phaeocystis","peg_trophy_au_other","authority_rule_assignment_not_yet_applied_to_biomass"
"PEG_BVOL2026_stage5_v1",625368,"Dolichospermum crassum","Dolichospermum","Cyanophyceae","CYANOBACTERIA","AU",1,"other_autotrophic_phytoplankton","","autotroph",FALSE,"not_resolved","not_phaeocystis","peg_trophy_au_other","authority_rule_assignment_not_yet_applied_to_biomass"
"PEG_BVOL2026_stage5_v1",623803,"Dolichospermum flosaquae","Dolichospermum","Cyanophyceae","CYANOBACTERIA","AU",1,"other_autotrophic_phytoplankton","","autotroph",FALSE,"not_resolved","not_phaeocystis","peg_trophy_au_other","authority_rule_assignment_not_yet_applied_to_biomass"
"PEG_BVOL2026_stage5_v1",623803,"Dolichospermum flosaquae","Dolichospermum","Cyanophyceae","CYANOBACTERIA","AU",2,"other_autotrophic_phytoplankton","","autotroph",FALSE,"not_resolved","not_phaeocystis","peg_trophy_au_other","authority_rule_assignment_not_yet_applied_to_biomass"
"PEG_BVOL2026_stage5_v1",625371,"Dolichospermum heterosporum","Dolichospermum","Cyanophyceae","CYANOBACTERIA","AU",1,"other_autotrophic_phytoplankton","","autotroph",FALSE,"not_resolved","not_phaeocystis","peg_trophy_au_other","authority_rule_assignment_not_yet_applied_to_biomass"
"PEG_BVOL2026_stage5_v1",625374,"Dolichospermum lemmermannii","Dolichospermum","Cyanophyceae","CYANOBACTERIA","AU",1,"other_autotrophic_phytoplankton","","autotroph",FALSE,"not_resolved","not_phaeocystis","peg_trophy_au_other","authority_rule_assignment_not_yet_applied_to_biomass"
"PEG_BVOL2026_stage5_v1",625403,"Dolichospermum macrosporum","Dolichospermum","Cyanophyceae","CYANOBACTERIA","AU",1,"other_autotrophic_phytoplankton","","autotroph",FALSE,"not_resolved","not_phaeocystis","peg_trophy_au_other","authority_rule_assignment_not_yet_applied_to_biomass"
"PEG_BVOL2026_stage5_v1",625407,"Dolichospermum planctonicum","Dolichospermum","Cyanophyceae","CYANOBACTERIA","AU",1,"other_autotrophic_phytoplankton","","autotroph",FALSE,"not_resolved","not_phaeocystis","peg_trophy_au_other","authority_rule_assignment_not_yet_applied_to_biomass"
"PEG_BVOL2026_stage5_v1",625407,"Dolichospermum planctonicum","Dolichospermum","Cyanophyceae","CYANOBACTERIA","AU",2,"other_autotrophic_phytoplankton","","autotroph",FALSE,"not_resolved","not_phaeocystis","peg_trophy_au_other","authority_rule_assignment_not_yet_applied_to_biomass"
"PEG_BVOL2026_stage5_v1",625408,"Dolichospermum sigmoideum","Dolichospermum","Cyanophyceae","CYANOBACTERIA","AU",1,"other_autotrophic_phytoplankton","","autotroph",FALSE,"not_resolved","not_phaeocystis","peg_trophy_au_other","authority_rule_assignment_not_yet_applied_to_biomass"
"PEG_BVOL2026_stage5_v1",625409,"Dolichospermum smithii","Dolichospermum","Cyanophyceae","CYANOBACTERIA","AU",1,"other_autotrophic_phytoplankton","","autotroph",FALSE,"not_resolved","not_phaeocystis","peg_trophy_au_other","authority_rule_assignment_not_yet_applied_to_biomass"
"PEG_BVOL2026_stage5_v1",625411,"Dolichospermum spiroides","Dolichospermum","Cyanophyceae","CYANOBACTERIA","AU",1,"other_autotrophic_phytoplankton","","autotroph",FALSE,"not_resolved","not_phaeocystis","peg_trophy_au_other","authority_rule_assignment_not_yet_applied_to_biomass"
"PEG_BVOL2026_stage5_v1",578476,"Dolichospermum","Dolichospermum","Cyanophyceae","CYANOBACTERIA","AU",1,"other_autotrophic_phytoplankton","","autotroph",FALSE,"not_resolved","not_phaeocystis","peg_trophy_au_other","authority_rule_assignment_not_yet_applied_to_biomass"
"PEG_BVOL2026_stage5_v1",578476,"Dolichospermum","Dolichospermum","Cyanophyceae","CYANOBACTERIA","AU",2,"other_autotrophic_phytoplankton","","autotroph",FALSE,"not_resolved","not_phaeocystis","peg_trophy_au_other","authority_rule_assignment_not_yet_applied_to_biomass"
"PEG_BVOL2026_stage5_v1",578476,"Dolichospermum","Dolichospermum","Cyanophyceae","CYANOBACTERIA","AU",3,"other_autotrophic_phytoplankton","","autotroph",FALSE,"not_resolved","not_phaeocystis","peg_trophy_au_other","authority_rule_assignment_not_yet_applied_to_biomass"
"PEG_BVOL2026_stage5_v1",578476,"Dolichospermum","Dolichospermum","Cyanophyceae","CYANOBACTERIA","AU",4,"other_autotrophic_phytoplankton","","autotroph",FALSE,"not_resolved","not_phaeocystis","peg_trophy_au_other","authority_rule_assignment_not_yet_applied_to_biomass"
"PEG_BVOL2026_stage5_v1",578476,"Dolichospermum","Dolichospermum","Cyanophyceae","CYANOBACTERIA","AU",5,"other_autotrophic_phytoplankton","","autotroph",FALSE,"not_resolved","not_phaeocystis","peg_trophy_au_other","authority_rule_assignment_not_yet_applied_to_biomass"
"PEG_BVOL2026_stage5_v1",578476,"Dolichospermum","Dolichospermum","Cyanophyceae","CYANOBACTERIA","AU",6,"other_autotrophic_phytoplankton","","autotroph",FALSE,"not_resolved","not_phaeocystis","peg_trophy_au_other","authority_rule_assignment_not_yet_applied_to_biomass"
"PEG_BVOL2026_stage5_v1",578476,"Dolichospermum","Dolichospermum","Cyanophyceae","CYANOBACTERIA","AU",10,"other_autotrophic_phytoplankton","","autotroph",FALSE,"not_resolved","not_phaeocystis","peg_trophy_au_other","authority_rule_assignment_not_yet_applied_to_biomass"
"PEG_BVOL2026_stage5_v1",578476,"Dolichospermum","Dolichospermum","Cyanophyceae","CYANOBACTERIA","AU",11,"other_autotrophic_phytoplankton","","autotroph",FALSE,"not_resolved","not_phaeocystis","peg_trophy_au_other","authority_rule_assignment_not_yet_applied_to_biomass"
"PEG_BVOL2026_stage5_v1",578476,"Dolichospermum","Dolichospermum","Cyanophyceae","CYANOBACTERIA","AU",12,"other_autotrophic_phytoplankton","","autotroph",FALSE,"not_resolved","not_phaeocystis","peg_trophy_au_other","authority_rule_assignment_not_yet_applied_to_biomass"
"PEG_BVOL2026_stage5_v1",578476,"Dolichospermum","Dolichospermum","Cyanophyceae","CYANOBACTERIA","AU",13,"other_autotrophic_phytoplankton","","autotroph",FALSE,"not_resolved","not_phaeocystis","peg_trophy_au_other","authority_rule_assignment_not_yet_applied_to_biomass"
"PEG_BVOL2026_stage5_v1",409630,"Gloeotrichia echinulata","Gloeotrichia","Cyanophyceae","CYANOBACTERIA","AU",1,"other_autotrophic_phytoplankton","","autotroph",FALSE,"not_resolved","not_phaeocystis","peg_trophy_au_other","authority_rule_assignment_not_yet_applied_to_biomass"
"PEG_BVOL2026_stage5_v1",409629,"Gloeotrichia","Gloeotrichia","Cyanophyceae","CYANOBACTERIA","AU",1,"other_autotrophic_phytoplankton","","autotroph",FALSE,"not_resolved","not_phaeocystis","peg_trophy_au_other","authority_rule_assignment_not_yet_applied_to_biomass"
"PEG_BVOL2026_stage5_v1",409629,"Gloeotrichia","Gloeotrichia","Cyanophyceae","CYANOBACTERIA","AU",2,"other_autotrophic_phytoplankton","","autotroph",FALSE,"not_resolved","not_phaeocystis","peg_trophy_au_other","authority_rule_assignment_not_yet_applied_to_biomass"
"PEG_BVOL2026_stage5_v1",409629,"Gloeotrichia","Gloeotrichia","Cyanophyceae","CYANOBACTERIA","AU",3,"other_autotrophic_phytoplankton","","autotroph",FALSE,"not_resolved","not_phaeocystis","peg_trophy_au_other","authority_rule_assignment_not_yet_applied_to_biomass"
"PEG_BVOL2026_stage5_v1",657648,"Nodularia baltica","Nodularia","Cyanophyceae","CYANOBACTERIA","AU",1,"other_autotrophic_phytoplankton","","autotroph",FALSE,"not_resolved","not_phaeocystis","peg_trophy_au_other","authority_rule_assignment_not_yet_applied_to_biomass"
"PEG_BVOL2026_stage5_v1",178477,"Nodularia harveyana","Nodularia","Cyanophyceae","CYANOBACTERIA","AU",1,"other_autotrophic_phytoplankton","","autotroph",FALSE,"not_resolved","not_phaeocystis","peg_trophy_au_other","authority_rule_assignment_not_yet_applied_to_biomass"
"PEG_BVOL2026_stage5_v1",625438,"Nodularia litorea","Nodularia","Cyanophyceae","CYANOBACTERIA","AU",1,"other_autotrophic_phytoplankton","","autotroph",FALSE,"not_resolved","not_phaeocystis","peg_trophy_au_other","authority_rule_assignment_not_yet_applied_to_biomass"
"PEG_BVOL2026_stage5_v1",160566,"Nodularia spumigena","Nodularia","Cyanophyceae","CYANOBACTERIA","AU",1,"other_autotrophic_phytoplankton","","autotroph",FALSE,"not_resolved","not_phaeocystis","peg_trophy_au_other","authority_rule_assignment_not_yet_applied_to_biomass"
"PEG_BVOL2026_stage5_v1",160566,"Nodularia spumigena","Nodularia","Cyanophyceae","CYANOBACTERIA","AU",2,"other_autotrophic_phytoplankton","","autotroph",FALSE,"not_resolved","not_phaeocystis","peg_trophy_au_other","authority_rule_assignment_not_yet_applied_to_biomass"
"PEG_BVOL2026_stage5_v1",160566,"Nodularia spumigena","Nodularia","Cyanophyceae","CYANOBACTERIA","AU",3,"other_autotrophic_phytoplankton","","autotroph",FALSE,"not_resolved","not_phaeocystis","peg_trophy_au_other","authority_rule_assignment_not_yet_applied_to_biomass"
"PEG_BVOL2026_stage5_v1",160566,"Nodularia spumigena","Nodularia","Cyanophyceae","CYANOBACTERIA","AU",4,"other_autotrophic_phytoplankton","","autotroph",FALSE,"not_resolved","not_phaeocystis","peg_trophy_au_other","authority_rule_assignment_not_yet_applied_to_biomass"
"PEG_BVOL2026_stage5_v1",156692,"Nodularia","Nodularia","Cyanophyceae","CYANOBACTERIA","AU",1,"other_autotrophic_phytoplankton","","autotroph",FALSE,"not_resolved","not_phaeocystis","peg_trophy_au_other","authority_rule_assignment_not_yet_applied_to_biomass"
"PEG_BVOL2026_stage5_v1",156692,"Nodularia","Nodularia","Cyanophyceae","CYANOBACTERIA","AU",2,"other_autotrophic_phytoplankton","","autotroph",FALSE,"not_resolved","not_phaeocystis","peg_trophy_au_other","authority_rule_assignment_not_yet_applied_to_biomass"
"PEG_BVOL2026_stage5_v1",156692,"Nodularia","Nodularia","Cyanophyceae","CYANOBACTERIA","AU",3,"other_autotrophic_phytoplankton","","autotroph",FALSE,"not_resolved","not_phaeocystis","peg_trophy_au_other","authority_rule_assignment_not_yet_applied_to_biomass"
"PEG_BVOL2026_stage5_v1",156692,"Nodularia","Nodularia","Cyanophyceae","CYANOBACTERIA","AU",4,"other_autotrophic_phytoplankton","","autotroph",FALSE,"not_resolved","not_phaeocystis","peg_trophy_au_other","authority_rule_assignment_not_yet_applied_to_biomass"
"PEG_BVOL2026_stage5_v1",840966,"Kamptonema chlorinum","Kamptonema","Cyanophyceae","CYANOBACTERIA","AU",1,"other_autotrophic_phytoplankton","","autotroph",FALSE,"not_resolved","not_phaeocystis","peg_trophy_au_other","authority_rule_assignment_not_yet_applied_to_biomass"
"PEG_BVOL2026_stage5_v1",836574,"Limnoraphis","Limnoraphis","Cyanophyceae","CYANOBACTERIA","AU",1,"other_autotrophic_phytoplankton","","autotroph",FALSE,"not_resolved","not_phaeocystis","peg_trophy_au_other","authority_rule_assignment_not_yet_applied_to_biomass"
"PEG_BVOL2026_stage5_v1",836574,"Limnoraphis","Limnoraphis","Cyanophyceae","CYANOBACTERIA","AU",2,"other_autotrophic_phytoplankton","","autotroph",FALSE,"not_resolved","not_phaeocystis","peg_trophy_au_other","authority_rule_assignment_not_yet_applied_to_biomass"
"PEG_BVOL2026_stage5_v1",836574,"Limnoraphis","Limnoraphis","Cyanophyceae","CYANOBACTERIA","AU",3,"other_autotrophic_phytoplankton","","autotroph",FALSE,"not_resolved","not_phaeocystis","peg_trophy_au_other","authority_rule_assignment_not_yet_applied_to_biomass"
"PEG_BVOL2026_stage5_v1",157084,"Lyngbya aestuarii","Lyngbya","Cyanophyceae","CYANOBACTERIA","AU",1,"other_autotrophic_phytoplankton","","autotroph",FALSE,"not_resolved","not_phaeocystis","peg_trophy_au_other","authority_rule_assignment_not_yet_applied_to_biomass"
"PEG_BVOL2026_stage5_v1",146554,"Oscillatoria limosa","Oscillatoria","Cyanophyceae","CYANOBACTERIA","AU",1,"other_autotrophic_phytoplankton","","autotroph",FALSE,"not_resolved","not_phaeocystis","peg_trophy_au_other","authority_rule_assignment_not_yet_applied_to_biomass"
"PEG_BVOL2026_stage5_v1",146554,"Oscillatoria limosa","Oscillatoria","Cyanophyceae","CYANOBACTERIA","AU",2,"other_autotrophic_phytoplankton","","autotroph",FALSE,"not_resolved","not_phaeocystis","peg_trophy_au_other","authority_rule_assignment_not_yet_applied_to_biomass"
"PEG_BVOL2026_stage5_v1",146554,"Oscillatoria limosa","Oscillatoria","Cyanophyceae","CYANOBACTERIA","AU",3,"other_autotrophic_phytoplankton","","autotroph",FALSE,"not_resolved","not_phaeocystis","peg_trophy_au_other","authority_rule_assignment_not_yet_applied_to_biomass"
"PEG_BVOL2026_stage5_v1",,"Oscillatoriales","Oscillatoriales","Cyanophyceae","CYANOBACTERIA","AU",1,"other_autotrophic_phytoplankton","","autotroph",FALSE,"not_resolved","not_phaeocystis","peg_trophy_au_other","authority_rule_assignment_not_yet_applied_to_biomass"
"PEG_BVOL2026_stage5_v1",,"Oscillatoriales","Oscillatoriales","Cyanophyceae","CYANOBACTERIA","AU",2,"other_autotrophic_phytoplankton","","autotroph",FALSE,"not_resolved","not_phaeocystis","peg_trophy_au_other","authority_rule_assignment_not_yet_applied_to_biomass"
"PEG_BVOL2026_stage5_v1",,"Oscillatoriales","Oscillatoriales","Cyanophyceae","CYANOBACTERIA","AU",3,"other_autotrophic_phytoplankton","","autotroph",FALSE,"not_resolved","not_phaeocystis","peg_trophy_au_other","authority_rule_assignment_not_yet_applied_to_biomass"
"PEG_BVOL2026_stage5_v1",,"Oscillatoriales","Oscillatoriales","Cyanophyceae","CYANOBACTERIA","AU",4,"other_autotrophic_phytoplankton","","autotroph",FALSE,"not_resolved","not_phaeocystis","peg_trophy_au_other","authority_rule_assignment_not_yet_applied_to_biomass"
"PEG_BVOL2026_stage5_v1",,"Oscillatoriales","Oscillatoriales","Cyanophyceae","CYANOBACTERIA","AU",5,"other_autotrophic_phytoplankton","","autotroph",FALSE,"not_resolved","not_phaeocystis","peg_trophy_au_other","authority_rule_assignment_not_yet_applied_to_biomass"
"PEG_BVOL2026_stage5_v1",,"Oscillatoriales","Oscillatoriales","Cyanophyceae","CYANOBACTERIA","AU",6,"other_autotrophic_phytoplankton","","autotroph",FALSE,"not_resolved","not_phaeocystis","peg_trophy_au_other","authority_rule_assignment_not_yet_applied_to_biomass"
"PEG_BVOL2026_stage5_v1",,"Oscillatoriales","Oscillatoriales","Cyanophyceae","CYANOBACTERIA","AU",7,"other_autotrophic_phytoplankton","","autotroph",FALSE,"not_resolved","not_phaeocystis","peg_trophy_au_other","authority_rule_assignment_not_yet_applied_to_biomass"
"PEG_BVOL2026_stage5_v1",,"Oscillatoriales","Oscillatoriales","Cyanophyceae","CYANOBACTERIA","AU",10,"other_autotrophic_phytoplankton","","autotroph",FALSE,"not_resolved","not_phaeocystis","peg_trophy_au_other","authority_rule_assignment_not_yet_applied_to_biomass"
"PEG_BVOL2026_stage5_v1",,"Oscillatoriales","Oscillatoriales","Cyanophyceae","CYANOBACTERIA","AU",11,"other_autotrophic_phytoplankton","","autotroph",FALSE,"not_resolved","not_phaeocystis","peg_trophy_au_other","authority_rule_assignment_not_yet_applied_to_biomass"
"PEG_BVOL2026_stage5_v1",146690,"Phormidium","Phormidium","Cyanophyceae","CYANOBACTERIA","AU",1,"other_autotrophic_phytoplankton","","autotroph",FALSE,"not_resolved","not_phaeocystis","peg_trophy_au_other","authority_rule_assignment_not_yet_applied_to_biomass"
"PEG_BVOL2026_stage5_v1",146690,"Phormidium","Phormidium","Cyanophyceae","CYANOBACTERIA","AU",2,"other_autotrophic_phytoplankton","","autotroph",FALSE,"not_resolved","not_phaeocystis","peg_trophy_au_other","authority_rule_assignment_not_yet_applied_to_biomass"
"PEG_BVOL2026_stage5_v1",146690,"Phormidium","Phormidium","Cyanophyceae","CYANOBACTERIA","AU",3,"other_autotrophic_phytoplankton","","autotroph",FALSE,"not_resolved","not_phaeocystis","peg_trophy_au_other","authority_rule_assignment_not_yet_applied_to_biomass"
"PEG_BVOL2026_stage5_v1",146690,"Phormidium","Phormidium","Cyanophyceae","CYANOBACTERIA","AU",4,"other_autotrophic_phytoplankton","","autotroph",FALSE,"not_resolved","not_phaeocystis","peg_trophy_au_other","authority_rule_assignment_not_yet_applied_to_biomass"
"PEG_BVOL2026_stage5_v1",146690,"Phormidium","Phormidium","Cyanophyceae","CYANOBACTERIA","AU",5,"other_autotrophic_phytoplankton","","autotroph",FALSE,"not_resolved","not_phaeocystis","peg_trophy_au_other","authority_rule_assignment_not_yet_applied_to_biomass"
"PEG_BVOL2026_stage5_v1",146690,"Phormidium","Phormidium","Cyanophyceae","CYANOBACTERIA","AU",6,"other_autotrophic_phytoplankton","","autotroph",FALSE,"not_resolved","not_phaeocystis","peg_trophy_au_other","authority_rule_assignment_not_yet_applied_to_biomass"
"PEG_BVOL2026_stage5_v1",146552,"Planktothrix agardhii","Planktothrix","Cyanophyceae","CYANOBACTERIA","AU",1,"other_autotrophic_phytoplankton","","autotroph",FALSE,"not_resolved","not_phaeocystis","peg_trophy_au_other","authority_rule_assignment_not_yet_applied_to_biomass"
"PEG_BVOL2026_stage5_v1",146552,"Planktothrix agardhii","Planktothrix","Cyanophyceae","CYANOBACTERIA","AU",2,"other_autotrophic_phytoplankton","","autotroph",FALSE,"not_resolved","not_phaeocystis","peg_trophy_au_other","authority_rule_assignment_not_yet_applied_to_biomass"
"PEG_BVOL2026_stage5_v1",177583,"Planktothrix mougeotii","Planktothrix","Cyanophyceae","CYANOBACTERIA","AU",1,"other_autotrophic_phytoplankton","","autotroph",FALSE,"not_resolved","not_phaeocystis","peg_trophy_au_other","authority_rule_assignment_not_yet_applied_to_biomass"
"PEG_BVOL2026_stage5_v1",146551,"Planktothrix","Planktothrix","Cyanophyceae","CYANOBACTERIA","AU",1,"other_autotrophic_phytoplankton","","autotroph",FALSE,"not_resolved","not_phaeocystis","peg_trophy_au_other","authority_rule_assignment_not_yet_applied_to_biomass"
"PEG_BVOL2026_stage5_v1",146551,"Planktothrix","Planktothrix","Cyanophyceae","CYANOBACTERIA","AU",2,"other_autotrophic_phytoplankton","","autotroph",FALSE,"not_resolved","not_phaeocystis","peg_trophy_au_other","authority_rule_assignment_not_yet_applied_to_biomass"
"PEG_BVOL2026_stage5_v1",146551,"Planktothrix","Planktothrix","Cyanophyceae","CYANOBACTERIA","AU",3,"other_autotrophic_phytoplankton","","autotroph",FALSE,"not_resolved","not_phaeocystis","peg_trophy_au_other","authority_rule_assignment_not_yet_applied_to_biomass"
"PEG_BVOL2026_stage5_v1",146551,"Planktothrix","Planktothrix","Cyanophyceae","CYANOBACTERIA","AU",4,"other_autotrophic_phytoplankton","","autotroph",FALSE,"not_resolved","not_phaeocystis","peg_trophy_au_other","authority_rule_assignment_not_yet_applied_to_biomass"
"PEG_BVOL2026_stage5_v1",615642,"Tychonema bourrellyi","Tychonema","Cyanophyceae","CYANOBACTERIA","AU",1,"other_autotrophic_phytoplankton","","autotroph",FALSE,"not_resolved","not_phaeocystis","peg_trophy_au_other","authority_rule_assignment_not_yet_applied_to_biomass"
"PEG_BVOL2026_stage5_v1",177507,"Limnothrix planctonica","Limnothrix","Cyanophyceae","CYANOBACTERIA","AU",1,"other_autotrophic_phytoplankton","","autotroph",FALSE,"not_resolved","not_phaeocystis","peg_trophy_au_other","authority_rule_assignment_not_yet_applied_to_biomass"
"PEG_BVOL2026_stage5_v1",177507,"Limnothrix planctonica","Limnothrix","Cyanophyceae","CYANOBACTERIA","AU",2,"other_autotrophic_phytoplankton","","autotroph",FALSE,"not_resolved","not_phaeocystis","peg_trophy_au_other","authority_rule_assignment_not_yet_applied_to_biomass"
"PEG_BVOL2026_stage5_v1",177507,"Limnothrix planctonica","Limnothrix","Cyanophyceae","CYANOBACTERIA","AU",3,"other_autotrophic_phytoplankton","","autotroph",FALSE,"not_resolved","not_phaeocystis","peg_trophy_au_other","authority_rule_assignment_not_yet_applied_to_biomass"
"PEG_BVOL2026_stage5_v1",177508,"Limnothrix redekei","Limnothrix","Cyanophyceae","CYANOBACTERIA","AU",1,"other_autotrophic_phytoplankton","","autotroph",FALSE,"not_resolved","not_phaeocystis","peg_trophy_au_other","authority_rule_assignment_not_yet_applied_to_biomass"
"PEG_BVOL2026_stage5_v1",177508,"Limnothrix redekei","Limnothrix","Cyanophyceae","CYANOBACTERIA","AU",2,"other_autotrophic_phytoplankton","","autotroph",FALSE,"not_resolved","not_phaeocystis","peg_trophy_au_other","authority_rule_assignment_not_yet_applied_to_biomass"
"PEG_BVOL2026_stage5_v1",177506,"Limnothrix","Limnothrix","Cyanophyceae","CYANOBACTERIA","AU",1,"other_autotrophic_phytoplankton","","autotroph",FALSE,"not_resolved","not_phaeocystis","peg_trophy_au_other","authority_rule_assignment_not_yet_applied_to_biomass"
"PEG_BVOL2026_stage5_v1",177506,"Limnothrix","Limnothrix","Cyanophyceae","CYANOBACTERIA","AU",2,"other_autotrophic_phytoplankton","","autotroph",FALSE,"not_resolved","not_phaeocystis","peg_trophy_au_other","authority_rule_assignment_not_yet_applied_to_biomass"
"PEG_BVOL2026_stage5_v1",177506,"Limnothrix","Limnothrix","Cyanophyceae","CYANOBACTERIA","AU",3,"other_autotrophic_phytoplankton","","autotroph",FALSE,"not_resolved","not_phaeocystis","peg_trophy_au_other","authority_rule_assignment_not_yet_applied_to_biomass"
"PEG_BVOL2026_stage5_v1",177506,"Limnothrix","Limnothrix","Cyanophyceae","CYANOBACTERIA","AU",4,"other_autotrophic_phytoplankton","","autotroph",FALSE,"not_resolved","not_phaeocystis","peg_trophy_au_other","authority_rule_assignment_not_yet_applied_to_biomass"
"PEG_BVOL2026_stage5_v1",577876,"Pseudanabaena acicularis","Pseudanabaena","Cyanophyceae","CYANOBACTERIA","AU",1,"other_autotrophic_phytoplankton","","autotroph",FALSE,"not_resolved","not_phaeocystis","peg_trophy_au_other","authority_rule_assignment_not_yet_applied_to_biomass"
"PEG_BVOL2026_stage5_v1",177590,"Pseudanabaena limnetica","Pseudanabaena","Cyanophyceae","CYANOBACTERIA","AU",1,"other_autotrophic_phytoplankton","","autotroph",FALSE,"not_resolved","not_phaeocystis","peg_trophy_au_other","authority_rule_assignment_not_yet_applied_to_biomass"
"PEG_BVOL2026_stage5_v1",177590,"Pseudanabaena limnetica","Pseudanabaena","Cyanophyceae","CYANOBACTERIA","AU",2,"other_autotrophic_phytoplankton","","autotroph",FALSE,"not_resolved","not_phaeocystis","peg_trophy_au_other","authority_rule_assignment_not_yet_applied_to_biomass"
"PEG_BVOL2026_stage5_v1",177592,"Pseudanabaena mucicola","Pseudanabaena","Cyanophyceae","CYANOBACTERIA","AU",1,"other_autotrophic_phytoplankton","","autotroph",FALSE,"not_resolved","not_phaeocystis","peg_trophy_au_other","authority_rule_assignment_not_yet_applied_to_biomass"
"PEG_BVOL2026_stage5_v1",177588,"Pseudanabaena","Pseudanabaena","Cyanophyceae","CYANOBACTERIA","AU",1,"other_autotrophic_phytoplankton","","autotroph",FALSE,"not_resolved","not_phaeocystis","peg_trophy_au_other","authority_rule_assignment_not_yet_applied_to_biomass"
"PEG_BVOL2026_stage5_v1",177588,"Pseudanabaena","Pseudanabaena","Cyanophyceae","CYANOBACTERIA","AU",2,"other_autotrophic_phytoplankton","","autotroph",FALSE,"not_resolved","not_phaeocystis","peg_trophy_au_other","authority_rule_assignment_not_yet_applied_to_biomass"
"PEG_BVOL2026_stage5_v1",177588,"Pseudanabaena","Pseudanabaena","Cyanophyceae","CYANOBACTERIA","AU",3,"other_autotrophic_phytoplankton","","autotroph",FALSE,"not_resolved","not_phaeocystis","peg_trophy_au_other","authority_rule_assignment_not_yet_applied_to_biomass"
"PEG_BVOL2026_stage5_v1",177588,"Pseudanabaena","Pseudanabaena","Cyanophyceae","CYANOBACTERIA","AU",4,"other_autotrophic_phytoplankton","","autotroph",FALSE,"not_resolved","not_phaeocystis","peg_trophy_au_other","authority_rule_assignment_not_yet_applied_to_biomass"
"PEG_BVOL2026_stage5_v1",177588,"Pseudanabaena","Pseudanabaena","Cyanophyceae","CYANOBACTERIA","AU",5,"other_autotrophic_phytoplankton","","autotroph",FALSE,"not_resolved","not_phaeocystis","peg_trophy_au_other","authority_rule_assignment_not_yet_applied_to_biomass"
"PEG_BVOL2026_stage5_v1",177588,"Pseudanabaena","Pseudanabaena","Cyanophyceae","CYANOBACTERIA","AU",6,"other_autotrophic_phytoplankton","","autotroph",FALSE,"not_resolved","not_phaeocystis","peg_trophy_au_other","authority_rule_assignment_not_yet_applied_to_biomass"
"PEG_BVOL2026_stage5_v1",660933,"Spirulina major","Spirulina","Cyanophyceae","CYANOBACTERIA","AU",1,"other_autotrophic_phytoplankton","","autotroph",FALSE,"not_resolved","not_phaeocystis","peg_trophy_au_other","authority_rule_assignment_not_yet_applied_to_biomass"
"PEG_BVOL2026_stage5_v1",660753,"Spirulina subsalsa","Spirulina","Cyanophyceae","CYANOBACTERIA","AU",2,"other_autotrophic_phytoplankton","","autotroph",FALSE,"not_resolved","not_phaeocystis","peg_trophy_au_other","authority_rule_assignment_not_yet_applied_to_biomass"
"PEG_BVOL2026_stage5_v1",146541,"Spirulina","Spirulina","Cyanophyceae","CYANOBACTERIA","AU",1,"other_autotrophic_phytoplankton","","autotroph",FALSE,"not_resolved","not_phaeocystis","peg_trophy_au_other","authority_rule_assignment_not_yet_applied_to_biomass"
"PEG_BVOL2026_stage5_v1",146541,"Spirulina","Spirulina","Cyanophyceae","CYANOBACTERIA","AU",2,"other_autotrophic_phytoplankton","","autotroph",FALSE,"not_resolved","not_phaeocystis","peg_trophy_au_other","authority_rule_assignment_not_yet_applied_to_biomass"
"PEG_BVOL2026_stage5_v1",624957,"Anathece bachmannii","Anathece","Cyanophyceae","CYANOBACTERIA","AU",2,"other_autotrophic_phytoplankton","","autotroph",FALSE,"provider_comment_mentions_colony","not_phaeocystis","peg_trophy_au_other","authority_rule_assignment_not_yet_applied_to_biomass"
"PEG_BVOL2026_stage5_v1",624957,"Anathece bachmannii","Anathece","Cyanophyceae","CYANOBACTERIA","AU",3,"other_autotrophic_phytoplankton","","autotroph",FALSE,"provider_comment_mentions_colony","not_phaeocystis","peg_trophy_au_other","authority_rule_assignment_not_yet_applied_to_biomass"
"PEG_BVOL2026_stage5_v1",624957,"Anathece bachmannii","Anathece","Cyanophyceae","CYANOBACTERIA","AU",4,"other_autotrophic_phytoplankton","","autotroph",FALSE,"provider_comment_mentions_colony","not_phaeocystis","peg_trophy_au_other","authority_rule_assignment_not_yet_applied_to_biomass"
"PEG_BVOL2026_stage5_v1",624957,"Anathece bachmannii","Anathece","Cyanophyceae","CYANOBACTERIA","AU",5,"other_autotrophic_phytoplankton","","autotroph",FALSE,"provider_comment_mentions_colony","not_phaeocystis","peg_trophy_au_other","authority_rule_assignment_not_yet_applied_to_biomass"
"PEG_BVOL2026_stage5_v1",624957,"Anathece bachmannii","Anathece","Cyanophyceae","CYANOBACTERIA","AU",6,"other_autotrophic_phytoplankton","","autotroph",FALSE,"provider_comment_mentions_colony","not_phaeocystis","peg_trophy_au_other","authority_rule_assignment_not_yet_applied_to_biomass"
"PEG_BVOL2026_stage5_v1",699619,"Anathece clathrata","Anathece","Cyanophyceae","CYANOBACTERIA","AU",1,"other_autotrophic_phytoplankton","","autotroph",FALSE,"provider_comment_mentions_colony","not_phaeocystis","peg_trophy_au_other","authority_rule_assignment_not_yet_applied_to_biomass"
"PEG_BVOL2026_stage5_v1",699619,"Anathece clathrata","Anathece","Cyanophyceae","CYANOBACTERIA","AU",2,"other_autotrophic_phytoplankton","","autotroph",FALSE,"provider_comment_mentions_colony","not_phaeocystis","peg_trophy_au_other","authority_rule_assignment_not_yet_applied_to_biomass"
"PEG_BVOL2026_stage5_v1",699619,"Anathece clathrata","Anathece","Cyanophyceae","CYANOBACTERIA","AU",3,"other_autotrophic_phytoplankton","","autotroph",FALSE,"provider_comment_mentions_colony","not_phaeocystis","peg_trophy_au_other","authority_rule_assignment_not_yet_applied_to_biomass"
"PEG_BVOL2026_stage5_v1",699619,"Anathece clathrata","Anathece","Cyanophyceae","CYANOBACTERIA","AU",4,"other_autotrophic_phytoplankton","","autotroph",FALSE,"provider_comment_mentions_colony","not_phaeocystis","peg_trophy_au_other","authority_rule_assignment_not_yet_applied_to_biomass"
"PEG_BVOL2026_stage5_v1",699619,"Anathece clathrata","Anathece","Cyanophyceae","CYANOBACTERIA","AU",5,"other_autotrophic_phytoplankton","","autotroph",FALSE,"provider_comment_mentions_colony","not_phaeocystis","peg_trophy_au_other","authority_rule_assignment_not_yet_applied_to_biomass"
"PEG_BVOL2026_stage5_v1",624955,"Anathece minutissima","Anathece","Cyanophyceae","CYANOBACTERIA","AU",1,"other_autotrophic_phytoplankton","","autotroph",FALSE,"provider_comment_mentions_colony","not_phaeocystis","peg_trophy_au_other","authority_rule_assignment_not_yet_applied_to_biomass"
"PEG_BVOL2026_stage5_v1",624955,"Anathece minutissima","Anathece","Cyanophyceae","CYANOBACTERIA","AU",2,"other_autotrophic_phytoplankton","","autotroph",FALSE,"provider_comment_mentions_colony","not_phaeocystis","peg_trophy_au_other","authority_rule_assignment_not_yet_applied_to_biomass"
"PEG_BVOL2026_stage5_v1",624955,"Anathece minutissima","Anathece","Cyanophyceae","CYANOBACTERIA","AU",3,"other_autotrophic_phytoplankton","","autotroph",FALSE,"provider_comment_mentions_colony","not_phaeocystis","peg_trophy_au_other","authority_rule_assignment_not_yet_applied_to_biomass"
"PEG_BVOL2026_stage5_v1",624955,"Anathece minutissima","Anathece","Cyanophyceae","CYANOBACTERIA","AU",4,"other_autotrophic_phytoplankton","","autotroph",FALSE,"provider_comment_mentions_colony","not_phaeocystis","peg_trophy_au_other","authority_rule_assignment_not_yet_applied_to_biomass"
"PEG_BVOL2026_stage5_v1",624955,"Anathece minutissima","Anathece","Cyanophyceae","CYANOBACTERIA","AU",5,"other_autotrophic_phytoplankton","","autotroph",FALSE,"provider_comment_mentions_colony","not_phaeocystis","peg_trophy_au_other","authority_rule_assignment_not_yet_applied_to_biomass"
"PEG_BVOL2026_stage5_v1",624960,"Anathece smithii","Anathece","Cyanophyceae","CYANOBACTERIA","AU",1,"other_autotrophic_phytoplankton","","autotroph",FALSE,"provider_comment_mentions_colony","not_phaeocystis","peg_trophy_au_other","authority_rule_assignment_not_yet_applied_to_biomass"
"PEG_BVOL2026_stage5_v1",624960,"Anathece smithii","Anathece","Cyanophyceae","CYANOBACTERIA","AU",2,"other_autotrophic_phytoplankton","","autotroph",FALSE,"provider_comment_mentions_colony","not_phaeocystis","peg_trophy_au_other","authority_rule_assignment_not_yet_applied_to_biomass"
"PEG_BVOL2026_stage5_v1",624960,"Anathece smithii","Anathece","Cyanophyceae","CYANOBACTERIA","AU",3,"other_autotrophic_phytoplankton","","autotroph",FALSE,"provider_comment_mentions_colony","not_phaeocystis","peg_trophy_au_other","authority_rule_assignment_not_yet_applied_to_biomass"
"PEG_BVOL2026_stage5_v1",624960,"Anathece smithii","Anathece","Cyanophyceae","CYANOBACTERIA","AU",4,"other_autotrophic_phytoplankton","","autotroph",FALSE,"provider_comment_mentions_colony","not_phaeocystis","peg_trophy_au_other","authority_rule_assignment_not_yet_applied_to_biomass"
"PEG_BVOL2026_stage5_v1",624960,"Anathece smithii","Anathece","Cyanophyceae","CYANOBACTERIA","AU",5,"other_autotrophic_phytoplankton","","autotroph",FALSE,"provider_comment_mentions_colony","not_phaeocystis","peg_trophy_au_other","authority_rule_assignment_not_yet_applied_to_biomass"
"PEG_BVOL2026_stage5_v1",160572,"Synechococcus","Synechococcus","Cyanophyceae","CYANOBACTERIA","AU",1,"other_autotrophic_phytoplankton","","autotroph",FALSE,"not_resolved","not_phaeocystis","peg_trophy_au_other","authority_rule_assignment_not_yet_applied_to_biomass"
"PEG_BVOL2026_stage5_v1",160572,"Synechococcus","Synechococcus","Cyanophyceae","CYANOBACTERIA","AU",2,"other_autotrophic_phytoplankton","","autotroph",FALSE,"not_resolved","not_phaeocystis","peg_trophy_au_other","authority_rule_assignment_not_yet_applied_to_biomass"
"PEG_BVOL2026_stage5_v1",160572,"Synechococcus","Synechococcus","Cyanophyceae","CYANOBACTERIA","AU",3,"other_autotrophic_phytoplankton","","autotroph",FALSE,"not_resolved","not_phaeocystis","peg_trophy_au_other","authority_rule_assignment_not_yet_applied_to_biomass"
"PEG_BVOL2026_stage5_v1",160572,"Synechococcus","Synechococcus","Cyanophyceae","CYANOBACTERIA","AU",4,"other_autotrophic_phytoplankton","","autotroph",FALSE,"not_resolved","not_phaeocystis","peg_trophy_au_other","authority_rule_assignment_not_yet_applied_to_biomass"
"PEG_BVOL2026_stage5_v1",177484,"Woronichinia compacta","Woronichinia","Cyanophyceae","CYANOBACTERIA","AU",1,"other_autotrophic_phytoplankton","","autotroph",FALSE,"not_resolved","not_phaeocystis","peg_trophy_au_other","authority_rule_assignment_not_yet_applied_to_biomass"
"PEG_BVOL2026_stage5_v1",177484,"Woronichinia compacta","Woronichinia","Cyanophyceae","CYANOBACTERIA","AU",2,"other_autotrophic_phytoplankton","","autotroph",FALSE,"not_resolved","not_phaeocystis","peg_trophy_au_other","authority_rule_assignment_not_yet_applied_to_biomass"
"PEG_BVOL2026_stage5_v1",177484,"Woronichinia compacta","Woronichinia","Cyanophyceae","CYANOBACTERIA","AU",3,"other_autotrophic_phytoplankton","","autotroph",FALSE,"not_resolved","not_phaeocystis","peg_trophy_au_other","authority_rule_assignment_not_yet_applied_to_biomass"
"PEG_BVOL2026_stage5_v1",177484,"Woronichinia compacta","Woronichinia","Cyanophyceae","CYANOBACTERIA","AU",4,"other_autotrophic_phytoplankton","","autotroph",FALSE,"not_resolved","not_phaeocystis","peg_trophy_au_other","authority_rule_assignment_not_yet_applied_to_biomass"
"PEG_BVOL2026_stage5_v1",177489,"Woronichinia elorantae","Woronichinia","Cyanophyceae","CYANOBACTERIA","AU",1,"other_autotrophic_phytoplankton","","autotroph",FALSE,"not_resolved","not_phaeocystis","peg_trophy_au_other","authority_rule_assignment_not_yet_applied_to_biomass"
"PEG_BVOL2026_stage5_v1",177489,"Woronichinia elorantae","Woronichinia","Cyanophyceae","CYANOBACTERIA","AU",2,"other_autotrophic_phytoplankton","","autotroph",FALSE,"not_resolved","not_phaeocystis","peg_trophy_au_other","authority_rule_assignment_not_yet_applied_to_biomass"
"PEG_BVOL2026_stage5_v1",177489,"Woronichinia elorantae","Woronichinia","Cyanophyceae","CYANOBACTERIA","AU",3,"other_autotrophic_phytoplankton","","autotroph",FALSE,"not_resolved","not_phaeocystis","peg_trophy_au_other","authority_rule_assignment_not_yet_applied_to_biomass"
"PEG_BVOL2026_stage5_v1",177489,"Woronichinia elorantae","Woronichinia","Cyanophyceae","CYANOBACTERIA","AU",4,"other_autotrophic_phytoplankton","","autotroph",FALSE,"not_resolved","not_phaeocystis","peg_trophy_au_other","authority_rule_assignment_not_yet_applied_to_biomass"
"PEG_BVOL2026_stage5_v1",177490,"Woronichinia fusca","Woronichinia","Cyanophyceae","CYANOBACTERIA","AU",1,"other_autotrophic_phytoplankton","","autotroph",FALSE,"not_resolved","not_phaeocystis","peg_trophy_au_other","authority_rule_assignment_not_yet_applied_to_biomass"
"PEG_BVOL2026_stage5_v1",177490,"Woronichinia fusca","Woronichinia","Cyanophyceae","CYANOBACTERIA","AU",2,"other_autotrophic_phytoplankton","","autotroph",FALSE,"not_resolved","not_phaeocystis","peg_trophy_au_other","authority_rule_assignment_not_yet_applied_to_biomass"
"PEG_BVOL2026_stage5_v1",177490,"Woronichinia fusca","Woronichinia","Cyanophyceae","CYANOBACTERIA","AU",3,"other_autotrophic_phytoplankton","","autotroph",FALSE,"not_resolved","not_phaeocystis","peg_trophy_au_other","authority_rule_assignment_not_yet_applied_to_biomass"
"PEG_BVOL2026_stage5_v1",177490,"Woronichinia fusca","Woronichinia","Cyanophyceae","CYANOBACTERIA","AU",4,"other_autotrophic_phytoplankton","","autotroph",FALSE,"not_resolved","not_phaeocystis","peg_trophy_au_other","authority_rule_assignment_not_yet_applied_to_biomass"
"PEG_BVOL2026_stage5_v1",177492,"Woronichinia karelica","Woronichinia","Cyanophyceae","CYANOBACTERIA","AU",1,"other_autotrophic_phytoplankton","","autotroph",FALSE,"not_resolved","not_phaeocystis","peg_trophy_au_other","authority_rule_assignment_not_yet_applied_to_biomass"
"PEG_BVOL2026_stage5_v1",177492,"Woronichinia karelica","Woronichinia","Cyanophyceae","CYANOBACTERIA","AU",2,"other_autotrophic_phytoplankton","","autotroph",FALSE,"not_resolved","not_phaeocystis","peg_trophy_au_other","authority_rule_assignment_not_yet_applied_to_biomass"
"PEG_BVOL2026_stage5_v1",177492,"Woronichinia karelica","Woronichinia","Cyanophyceae","CYANOBACTERIA","AU",3,"other_autotrophic_phytoplankton","","autotroph",FALSE,"not_resolved","not_phaeocystis","peg_trophy_au_other","authority_rule_assignment_not_yet_applied_to_biomass"
"PEG_BVOL2026_stage5_v1",177492,"Woronichinia karelica","Woronichinia","Cyanophyceae","CYANOBACTERIA","AU",4,"other_autotrophic_phytoplankton","","autotroph",FALSE,"not_resolved","not_phaeocystis","peg_trophy_au_other","authority_rule_assignment_not_yet_applied_to_biomass"
"PEG_BVOL2026_stage5_v1",146618,"Woronichinia naegeliana","Woronichinia","Cyanophyceae","CYANOBACTERIA","AU",1,"other_autotrophic_phytoplankton","","autotroph",FALSE,"not_resolved","not_phaeocystis","peg_trophy_au_other","authority_rule_assignment_not_yet_applied_to_biomass"
"PEG_BVOL2026_stage5_v1",146618,"Woronichinia naegeliana","Woronichinia","Cyanophyceae","CYANOBACTERIA","AU",2,"other_autotrophic_phytoplankton","","autotroph",FALSE,"not_resolved","not_phaeocystis","peg_trophy_au_other","authority_rule_assignment_not_yet_applied_to_biomass"
"PEG_BVOL2026_stage5_v1",146618,"Woronichinia naegeliana","Woronichinia","Cyanophyceae","CYANOBACTERIA","AU",3,"other_autotrophic_phytoplankton","","autotroph",FALSE,"not_resolved","not_phaeocystis","peg_trophy_au_other","authority_rule_assignment_not_yet_applied_to_biomass"
"PEG_BVOL2026_stage5_v1",146618,"Woronichinia naegeliana","Woronichinia","Cyanophyceae","CYANOBACTERIA","AU",4,"other_autotrophic_phytoplankton","","autotroph",FALSE,"not_resolved","not_phaeocystis","peg_trophy_au_other","authority_rule_assignment_not_yet_applied_to_biomass"
"PEG_BVOL2026_stage5_v1",146617,"Woronichinia","Woronichinia","Cyanophyceae","CYANOBACTERIA","AU",1,"other_autotrophic_phytoplankton","","autotroph",FALSE,"not_resolved","not_phaeocystis","peg_trophy_au_other","authority_rule_assignment_not_yet_applied_to_biomass"
"PEG_BVOL2026_stage5_v1",146617,"Woronichinia","Woronichinia","Cyanophyceae","CYANOBACTERIA","AU",2,"other_autotrophic_phytoplankton","","autotroph",FALSE,"not_resolved","not_phaeocystis","peg_trophy_au_other","authority_rule_assignment_not_yet_applied_to_biomass"
"PEG_BVOL2026_stage5_v1",146617,"Woronichinia","Woronichinia","Cyanophyceae","CYANOBACTERIA","AU",3,"other_autotrophic_phytoplankton","","autotroph",FALSE,"not_resolved","not_phaeocystis","peg_trophy_au_other","authority_rule_assignment_not_yet_applied_to_biomass"
"PEG_BVOL2026_stage5_v1",146617,"Woronichinia","Woronichinia","Cyanophyceae","CYANOBACTERIA","AU",4,"other_autotrophic_phytoplankton","","autotroph",FALSE,"not_resolved","not_phaeocystis","peg_trophy_au_other","authority_rule_assignment_not_yet_applied_to_biomass"
"PEG_BVOL2026_stage5_v1",146617,"Woronichinia","Woronichinia","Cyanophyceae","CYANOBACTERIA","AU",5,"other_autotrophic_phytoplankton","","autotroph",FALSE,"not_resolved","not_phaeocystis","peg_trophy_au_other","authority_rule_assignment_not_yet_applied_to_biomass"
"PEG_BVOL2026_stage5_v1",146617,"Woronichinia","Woronichinia","Cyanophyceae","CYANOBACTERIA","AU",6,"other_autotrophic_phytoplankton","","autotroph",FALSE,"not_resolved","not_phaeocystis","peg_trophy_au_other","authority_rule_assignment_not_yet_applied_to_biomass"
"PEG_BVOL2026_stage5_v1",,"Cyanophyceae","","Cyanophyceae","CYANOBACTERIA","AU",1,"other_autotrophic_phytoplankton","","autotroph",FALSE,"not_resolved","not_phaeocystis","peg_trophy_au_other","authority_rule_assignment_not_yet_applied_to_biomass"
"PEG_BVOL2026_stage5_v1",,"Cyanophyceae","","Cyanophyceae","CYANOBACTERIA","AU",2,"other_autotrophic_phytoplankton","","autotroph",FALSE,"not_resolved","not_phaeocystis","peg_trophy_au_other","authority_rule_assignment_not_yet_applied_to_biomass"
"PEG_BVOL2026_stage5_v1",,"Cyanophyceae","","Cyanophyceae","CYANOBACTERIA","AU",3,"other_autotrophic_phytoplankton","","autotroph",FALSE,"not_resolved","not_phaeocystis","peg_trophy_au_other","authority_rule_assignment_not_yet_applied_to_biomass"
"PEG_BVOL2026_stage5_v1",,"Cyanophyceae","","Cyanophyceae","CYANOBACTERIA","AU",4,"other_autotrophic_phytoplankton","","autotroph",FALSE,"not_resolved","not_phaeocystis","peg_trophy_au_other","authority_rule_assignment_not_yet_applied_to_biomass"
"PEG_BVOL2026_stage5_v1",,"Cyanophyceae","","Cyanophyceae","CYANOBACTERIA","AU",5,"other_autotrophic_phytoplankton","","autotroph",FALSE,"not_resolved","not_phaeocystis","peg_trophy_au_other","authority_rule_assignment_not_yet_applied_to_biomass"
"PEG_BVOL2026_stage5_v1",,"Cyanophyceae","Cyanophyceae","Cyanophyceae","CYANOBACTERIA","AU",6,"other_autotrophic_phytoplankton","","autotroph",FALSE,"not_resolved","not_phaeocystis","peg_trophy_au_other","authority_rule_assignment_not_yet_applied_to_biomass"
"PEG_BVOL2026_stage5_v1",,"Cyanophyceae","Cyanophyceae","Cyanophyceae","CYANOBACTERIA","AU",7,"other_autotrophic_phytoplankton","","autotroph",FALSE,"not_resolved","not_phaeocystis","peg_trophy_au_other","authority_rule_assignment_not_yet_applied_to_biomass"
"PEG_BVOL2026_stage5_v1",146168,"Cryptaulax marina","Cryptaulax","Cryptophyceae","CRYPTOPHYTA","HT",1,"heterotroph_or_mixotroph_uncertain","","heterotroph",TRUE,"not_resolved","not_phaeocystis","peg_trophy_ht_or_mx","authority_rule_assignment_not_yet_applied_to_biomass"
"PEG_BVOL2026_stage5_v1",146167,"Cryptaulax","Cryptaulax","Cryptophyceae","CRYPTOPHYTA","HT",1,"heterotroph_or_mixotroph_uncertain","","heterotroph",TRUE,"not_resolved","not_phaeocystis","peg_trophy_ht_or_mx","authority_rule_assignment_not_yet_applied_to_biomass"
"PEG_BVOL2026_stage5_v1",146167,"Cryptaulax","Cryptaulax","Cryptophyceae","CRYPTOPHYTA","HT",2,"heterotroph_or_mixotroph_uncertain","","heterotroph",TRUE,"not_resolved","not_phaeocystis","peg_trophy_ht_or_mx","authority_rule_assignment_not_yet_applied_to_biomass"
"PEG_BVOL2026_stage5_v1",146167,"Cryptaulax","Cryptaulax","Cryptophyceae","CRYPTOPHYTA","HT",3,"heterotroph_or_mixotroph_uncertain","","heterotroph",TRUE,"not_resolved","not_phaeocystis","peg_trophy_ht_or_mx","authority_rule_assignment_not_yet_applied_to_biomass"
"PEG_BVOL2026_stage5_v1",146167,"Cryptaulax","Cryptaulax","Cryptophyceae","CRYPTOPHYTA","HT",4,"heterotroph_or_mixotroph_uncertain","","heterotroph",TRUE,"not_resolved","not_phaeocystis","peg_trophy_ht_or_mx","authority_rule_assignment_not_yet_applied_to_biomass"
"PEG_BVOL2026_stage5_v1",106297,"Cryptomonas baltica","Cryptomonas","Cryptophyceae","CRYPTOPHYTA","AU",2,"other_autotrophic_phytoplankton","","autotroph",FALSE,"not_resolved","not_phaeocystis","peg_trophy_au_other","authority_rule_assignment_not_yet_applied_to_biomass"
"PEG_BVOL2026_stage5_v1",238840,"Cryptomonas curvata","Cryptomonas","Cryptophyceae","CRYPTOPHYTA","AU",1,"other_autotrophic_phytoplankton","","autotroph",FALSE,"not_resolved","not_phaeocystis","peg_trophy_au_other","authority_rule_assignment_not_yet_applied_to_biomass"
"PEG_BVOL2026_stage5_v1",238840,"Cryptomonas curvata","Cryptomonas","Cryptophyceae","CRYPTOPHYTA","AU",2,"other_autotrophic_phytoplankton","","autotroph",FALSE,"not_resolved","not_phaeocystis","peg_trophy_au_other","authority_rule_assignment_not_yet_applied_to_biomass"
"PEG_BVOL2026_stage5_v1",238840,"Cryptomonas curvata","Cryptomonas","Cryptophyceae","CRYPTOPHYTA","AU",3,"other_autotrophic_phytoplankton","","autotroph",FALSE,"not_resolved","not_phaeocystis","peg_trophy_au_other","authority_rule_assignment_not_yet_applied_to_biomass"
"PEG_BVOL2026_stage5_v1",238840,"Cryptomonas curvata","Cryptomonas","Cryptophyceae","CRYPTOPHYTA","AU",4,"other_autotrophic_phytoplankton","","autotroph",FALSE,"not_resolved","not_phaeocystis","peg_trophy_au_other","authority_rule_assignment_not_yet_applied_to_biomass"
"PEG_BVOL2026_stage5_v1",238840,"Cryptomonas curvata","Cryptomonas","Cryptophyceae","CRYPTOPHYTA","AU",5,"other_autotrophic_phytoplankton","","autotroph",FALSE,"not_resolved","not_phaeocystis","peg_trophy_au_other","authority_rule_assignment_not_yet_applied_to_biomass"
"PEG_BVOL2026_stage5_v1",238840,"Cryptomonas curvata","Cryptomonas","Cryptophyceae","CRYPTOPHYTA","AU",6,"other_autotrophic_phytoplankton","","autotroph",FALSE,"not_resolved","not_phaeocystis","peg_trophy_au_other","authority_rule_assignment_not_yet_applied_to_biomass"
"PEG_BVOL2026_stage5_v1",155555,"Cryptomonas erosa","Cryptomonas","Cryptophyceae","CRYPTOPHYTA","AU",1,"other_autotrophic_phytoplankton","","autotroph",FALSE,"not_resolved","not_phaeocystis","peg_trophy_au_other","authority_rule_assignment_not_yet_applied_to_biomass"
"PEG_BVOL2026_stage5_v1",248112,"Cryptomonas marssonii","Cryptomonas","Cryptophyceae","CRYPTOPHYTA","AU",1,"other_autotrophic_phytoplankton","","autotroph",FALSE,"not_resolved","not_phaeocystis","peg_trophy_au_other","authority_rule_assignment_not_yet_applied_to_biomass"
"PEG_BVOL2026_stage5_v1",248112,"Cryptomonas marssonii","Cryptomonas","Cryptophyceae","CRYPTOPHYTA","AU",2,"other_autotrophic_phytoplankton","","autotroph",FALSE,"not_resolved","not_phaeocystis","peg_trophy_au_other","authority_rule_assignment_not_yet_applied_to_biomass"
"PEG_BVOL2026_stage5_v1",572014,"Cryptomonas obovata","Cryptomonas","Cryptophyceae","CRYPTOPHYTA","AU",1,"other_autotrophic_phytoplankton","","autotroph",FALSE,"not_resolved","not_phaeocystis","peg_trophy_au_other","authority_rule_assignment_not_yet_applied_to_biomass"
"PEG_BVOL2026_stage5_v1",572014,"Cryptomonas obovata","Cryptomonas","Cryptophyceae","CRYPTOPHYTA","AU",2,"other_autotrophic_phytoplankton","","autotroph",FALSE,"not_resolved","not_phaeocystis","peg_trophy_au_other","authority_rule_assignment_not_yet_applied_to_biomass"
"PEG_BVOL2026_stage5_v1",572014,"Cryptomonas obovata","Cryptomonas","Cryptophyceae","CRYPTOPHYTA","AU",3,"other_autotrophic_phytoplankton","","autotroph",FALSE,"not_resolved","not_phaeocystis","peg_trophy_au_other","authority_rule_assignment_not_yet_applied_to_biomass"
"PEG_BVOL2026_stage5_v1",572014,"Cryptomonas obovata","Cryptomonas","Cryptophyceae","CRYPTOPHYTA","AU",4,"other_autotrophic_phytoplankton","","autotroph",FALSE,"not_resolved","not_phaeocystis","peg_trophy_au_other","authority_rule_assignment_not_yet_applied_to_biomass"
"PEG_BVOL2026_stage5_v1",572014,"Cryptomonas obovata","Cryptomonas","Cryptophyceae","CRYPTOPHYTA","AU",5,"other_autotrophic_phytoplankton","","autotroph",FALSE,"not_resolved","not_phaeocystis","peg_trophy_au_other","authority_rule_assignment_not_yet_applied_to_biomass"
"PEG_BVOL2026_stage5_v1",155554,"Cryptomonas ovata","Cryptomonas","Cryptophyceae","CRYPTOPHYTA","AU",1,"other_autotrophic_phytoplankton","","autotroph",FALSE,"not_resolved","not_phaeocystis","peg_trophy_au_other","authority_rule_assignment_not_yet_applied_to_biomass"
"PEG_BVOL2026_stage5_v1",155554,"Cryptomonas ovata","Cryptomonas","Cryptophyceae","CRYPTOPHYTA","AU",2,"other_autotrophic_phytoplankton","","autotroph",FALSE,"not_resolved","not_phaeocystis","peg_trophy_au_other","authority_rule_assignment_not_yet_applied_to_biomass"
"PEG_BVOL2026_stage5_v1",155554,"Cryptomonas ovata","Cryptomonas","Cryptophyceae","CRYPTOPHYTA","AU",3,"other_autotrophic_phytoplankton","","autotroph",FALSE,"not_resolved","not_phaeocystis","peg_trophy_au_other","authority_rule_assignment_not_yet_applied_to_biomass"
"PEG_BVOL2026_stage5_v1",155554,"Cryptomonas ovata","Cryptomonas","Cryptophyceae","CRYPTOPHYTA","AU",4,"other_autotrophic_phytoplankton","","autotroph",FALSE,"not_resolved","not_phaeocystis","peg_trophy_au_other","authority_rule_assignment_not_yet_applied_to_biomass"
"PEG_BVOL2026_stage5_v1",155554,"Cryptomonas ovata","Cryptomonas","Cryptophyceae","CRYPTOPHYTA","AU",5,"other_autotrophic_phytoplankton","","autotroph",FALSE,"not_resolved","not_phaeocystis","peg_trophy_au_other","authority_rule_assignment_not_yet_applied_to_biomass"
"PEG_BVOL2026_stage5_v1",610202,"Cryptomonas platyuris","Cryptomonas","Cryptophyceae","CRYPTOPHYTA","AU",1,"other_autotrophic_phytoplankton","","autotroph",FALSE,"not_resolved","not_phaeocystis","peg_trophy_au_other","authority_rule_assignment_not_yet_applied_to_biomass"
"PEG_BVOL2026_stage5_v1",106282,"Cryptomonas","Cryptomonas","Cryptophyceae","CRYPTOPHYTA","AU",1,"other_autotrophic_phytoplankton","","autotroph",FALSE,"not_resolved","not_phaeocystis","peg_trophy_au_other","authority_rule_assignment_not_yet_applied_to_biomass"
"PEG_BVOL2026_stage5_v1",106282,"Cryptomonas","Cryptomonas","Cryptophyceae","CRYPTOPHYTA","AU",2,"other_autotrophic_phytoplankton","","autotroph",FALSE,"not_resolved","not_phaeocystis","peg_trophy_au_other","authority_rule_assignment_not_yet_applied_to_biomass"
"PEG_BVOL2026_stage5_v1",106282,"Cryptomonas","Cryptomonas","Cryptophyceae","CRYPTOPHYTA","AU",3,"other_autotrophic_phytoplankton","","autotroph",FALSE,"not_resolved","not_phaeocystis","peg_trophy_au_other","authority_rule_assignment_not_yet_applied_to_biomass"
"PEG_BVOL2026_stage5_v1",106282,"Cryptomonas","Cryptomonas","Cryptophyceae","CRYPTOPHYTA","AU",4,"other_autotrophic_phytoplankton","","autotroph",FALSE,"not_resolved","not_phaeocystis","peg_trophy_au_other","authority_rule_assignment_not_yet_applied_to_biomass"
"PEG_BVOL2026_stage5_v1",106282,"Cryptomonas","Cryptomonas","Cryptophyceae","CRYPTOPHYTA","AU",5,"other_autotrophic_phytoplankton","","autotroph",FALSE,"not_resolved","not_phaeocystis","peg_trophy_au_other","authority_rule_assignment_not_yet_applied_to_biomass"
"PEG_BVOL2026_stage5_v1",106282,"Cryptomonas","Cryptomonas","Cryptophyceae","CRYPTOPHYTA","AU",6,"other_autotrophic_phytoplankton","","autotroph",FALSE,"not_resolved","not_phaeocystis","peg_trophy_au_other","authority_rule_assignment_not_yet_applied_to_biomass"
"PEG_BVOL2026_stage5_v1",106282,"Cryptomonas","Cryptomonas","Cryptophyceae","CRYPTOPHYTA","AU",7,"other_autotrophic_phytoplankton","","autotroph",FALSE,"not_resolved","not_phaeocystis","peg_trophy_au_other","authority_rule_assignment_not_yet_applied_to_biomass"
"PEG_BVOL2026_stage5_v1",106282,"Cryptomonas","Cryptomonas","Cryptophyceae","CRYPTOPHYTA","AU",8,"other_autotrophic_phytoplankton","","autotroph",FALSE,"not_resolved","not_phaeocystis","peg_trophy_au_other","authority_rule_assignment_not_yet_applied_to_biomass"
"PEG_BVOL2026_stage5_v1",106282,"Cryptomonas","Cryptomonas","Cryptophyceae","CRYPTOPHYTA","AU",9,"other_autotrophic_phytoplankton","","autotroph",FALSE,"not_resolved","not_phaeocystis","peg_trophy_au_other","authority_rule_assignment_not_yet_applied_to_biomass"
"PEG_BVOL2026_stage5_v1",106292,"Chroomonas baltica","Chroomonas","Cryptophyceae","CRYPTOPHYTA","AU",1,"other_autotrophic_phytoplankton","","autotroph",FALSE,"not_resolved","not_phaeocystis","peg_trophy_au_other","authority_rule_assignment_not_yet_applied_to_biomass"
"PEG_BVOL2026_stage5_v1",106295,"Chroomonas vectensis","Chroomonas","Cryptophyceae","CRYPTOPHYTA","AU",1,"other_autotrophic_phytoplankton","","autotroph",FALSE,"not_resolved","not_phaeocystis","peg_trophy_au_other","authority_rule_assignment_not_yet_applied_to_biomass"
"PEG_BVOL2026_stage5_v1",106281,"Chroomonas","Chroomonas","Cryptophyceae","CRYPTOPHYTA","AU",1,"other_autotrophic_phytoplankton","","autotroph",FALSE,"not_resolved","not_phaeocystis","peg_trophy_au_other","authority_rule_assignment_not_yet_applied_to_biomass"
"PEG_BVOL2026_stage5_v1",106281,"Chroomonas","Chroomonas","Cryptophyceae","CRYPTOPHYTA","AU",2,"other_autotrophic_phytoplankton","","autotroph",FALSE,"not_resolved","not_phaeocystis","peg_trophy_au_other","authority_rule_assignment_not_yet_applied_to_biomass"
"PEG_BVOL2026_stage5_v1",106310,"Hemiselmis virescens","Hemiselmis","Cryptophyceae","CRYPTOPHYTA","AU",1,"other_autotrophic_phytoplankton","","autotroph",FALSE,"not_resolved","not_phaeocystis","peg_trophy_au_other","authority_rule_assignment_not_yet_applied_to_biomass"
"PEG_BVOL2026_stage5_v1",106287,"Hemiselmis","Hemiselmis","Cryptophyceae","CRYPTOPHYTA","AU",1,"other_autotrophic_phytoplankton","","autotroph",FALSE,"not_resolved","not_phaeocystis","peg_trophy_au_other","authority_rule_assignment_not_yet_applied_to_biomass"
"PEG_BVOL2026_stage5_v1",106287,"Hemiselmis","Hemiselmis","Cryptophyceae","CRYPTOPHYTA","AU",2,"other_autotrophic_phytoplankton","","autotroph",FALSE,"not_resolved","not_phaeocystis","peg_trophy_au_other","authority_rule_assignment_not_yet_applied_to_biomass"
"PEG_BVOL2026_stage5_v1",106287,"Hemiselmis","Hemiselmis","Cryptophyceae","CRYPTOPHYTA","AU",3,"other_autotrophic_phytoplankton","","autotroph",FALSE,"not_resolved","not_phaeocystis","peg_trophy_au_other","authority_rule_assignment_not_yet_applied_to_biomass"
"PEG_BVOL2026_stage5_v1",451665,"Komma caudata","Komma","Cryptophyceae","CRYPTOPHYTA","AU",1,"other_autotrophic_phytoplankton","","autotroph",FALSE,"not_resolved","not_phaeocystis","peg_trophy_au_other","authority_rule_assignment_not_yet_applied_to_biomass"
"PEG_BVOL2026_stage5_v1",370563,"Plagioselmis nannoplanctica","Plagioselmis","Cryptophyceae","CRYPTOPHYTA","AU",1,"other_autotrophic_phytoplankton","","autotroph",FALSE,"not_resolved","not_phaeocystis","peg_trophy_au_other","authority_rule_assignment_not_yet_applied_to_biomass"
"PEG_BVOL2026_stage5_v1",106303,"Plagioselmis prolonga","Plagioselmis","Cryptophyceae","CRYPTOPHYTA","AU",1,"other_autotrophic_phytoplankton","","autotroph",FALSE,"not_resolved","not_phaeocystis","peg_trophy_au_other","authority_rule_assignment_not_yet_applied_to_biomass"
"PEG_BVOL2026_stage5_v1",106303,"Plagioselmis prolonga","Plagioselmis","Cryptophyceae","CRYPTOPHYTA","AU",2,"other_autotrophic_phytoplankton","","autotroph",FALSE,"not_resolved","not_phaeocystis","peg_trophy_au_other","authority_rule_assignment_not_yet_applied_to_biomass"
"PEG_BVOL2026_stage5_v1",106303,"Plagioselmis prolonga","Plagioselmis","Cryptophyceae","CRYPTOPHYTA","AU",3,"other_autotrophic_phytoplankton","","autotroph",FALSE,"not_resolved","not_phaeocystis","peg_trophy_au_other","authority_rule_assignment_not_yet_applied_to_biomass"
"PEG_BVOL2026_stage5_v1",106283,"Plagioselmis","Plagioselmis","Cryptophyceae","CRYPTOPHYTA","AU",1,"other_autotrophic_phytoplankton","","autotroph",FALSE,"not_resolved","not_phaeocystis","peg_trophy_au_other","authority_rule_assignment_not_yet_applied_to_biomass"
"PEG_BVOL2026_stage5_v1",106283,"Plagioselmis","Plagioselmis","Cryptophyceae","CRYPTOPHYTA","AU",2,"other_autotrophic_phytoplankton","","autotroph",FALSE,"not_resolved","not_phaeocystis","peg_trophy_au_other","authority_rule_assignment_not_yet_applied_to_biomass"
"PEG_BVOL2026_stage5_v1",106283,"Plagioselmis","Plagioselmis","Cryptophyceae","CRYPTOPHYTA","AU",3,"other_autotrophic_phytoplankton","","autotroph",FALSE,"not_resolved","not_phaeocystis","peg_trophy_au_other","authority_rule_assignment_not_yet_applied_to_biomass"
"PEG_BVOL2026_stage5_v1",248151,"Rhodomonas lacustris","Rhodomonas","Cryptophyceae","CRYPTOPHYTA","AU",1,"other_autotrophic_phytoplankton","","autotroph",FALSE,"not_resolved","not_phaeocystis","peg_trophy_au_other","authority_rule_assignment_not_yet_applied_to_biomass"
"PEG_BVOL2026_stage5_v1",106316,"Rhodomonas salina","Rhodomonas","Cryptophyceae","CRYPTOPHYTA","AU",1,"other_autotrophic_phytoplankton","","autotroph",FALSE,"not_resolved","not_phaeocystis","peg_trophy_au_other","authority_rule_assignment_not_yet_applied_to_biomass"
"PEG_BVOL2026_stage5_v1",106314,"Rhodomonas marina","Rhodomonas","Cryptophyceae","CRYPTOPHYTA","AU",1,"other_autotrophic_phytoplankton","","autotroph",FALSE,"not_resolved","not_phaeocystis","peg_trophy_au_other","authority_rule_assignment_not_yet_applied_to_biomass"
"PEG_BVOL2026_stage5_v1",106289,"Rhodomonas","Rhodomonas","Cryptophyceae","CRYPTOPHYTA","AU",1,"other_autotrophic_phytoplankton","","autotroph",FALSE,"not_resolved","not_phaeocystis","peg_trophy_au_other","authority_rule_assignment_not_yet_applied_to_biomass"
"PEG_BVOL2026_stage5_v1",106289,"Rhodomonas","Rhodomonas","Cryptophyceae","CRYPTOPHYTA","AU",2,"other_autotrophic_phytoplankton","","autotroph",FALSE,"not_resolved","not_phaeocystis","peg_trophy_au_other","authority_rule_assignment_not_yet_applied_to_biomass"
"PEG_BVOL2026_stage5_v1",106305,"Teleaulax acuta","Teleaulax","Cryptophyceae","CRYPTOPHYTA","AU",1,"other_autotrophic_phytoplankton","","autotroph",FALSE,"not_resolved","not_phaeocystis","peg_trophy_au_other","authority_rule_assignment_not_yet_applied_to_biomass"
"PEG_BVOL2026_stage5_v1",106305,"Teleaulax acuta","Teleaulax","Cryptophyceae","CRYPTOPHYTA","AU",2,"other_autotrophic_phytoplankton","","autotroph",FALSE,"not_resolved","not_phaeocystis","peg_trophy_au_other","authority_rule_assignment_not_yet_applied_to_biomass"
"PEG_BVOL2026_stage5_v1",106305,"Teleaulax acuta","Teleaulax","Cryptophyceae","CRYPTOPHYTA","AU",3,"other_autotrophic_phytoplankton","","autotroph",FALSE,"not_resolved","not_phaeocystis","peg_trophy_au_other","authority_rule_assignment_not_yet_applied_to_biomass"
"PEG_BVOL2026_stage5_v1",106306,"Teleaulax amphioxeia","Teleaulax","Cryptophyceae","CRYPTOPHYTA","AU",1,"other_autotrophic_phytoplankton","","autotroph",FALSE,"not_resolved","not_phaeocystis","peg_trophy_au_other","authority_rule_assignment_not_yet_applied_to_biomass"
"PEG_BVOL2026_stage5_v1",106306,"Teleaulax amphioxeia","Teleaulax","Cryptophyceae","CRYPTOPHYTA","AU",2,"other_autotrophic_phytoplankton","","autotroph",FALSE,"not_resolved","not_phaeocystis","peg_trophy_au_other","authority_rule_assignment_not_yet_applied_to_biomass"
"PEG_BVOL2026_stage5_v1",106306,"Teleaulax amphioxeia","Teleaulax","Cryptophyceae","CRYPTOPHYTA","AU",3,"other_autotrophic_phytoplankton","","autotroph",FALSE,"not_resolved","not_phaeocystis","peg_trophy_au_other","authority_rule_assignment_not_yet_applied_to_biomass"
"PEG_BVOL2026_stage5_v1",106285,"Teleaulax","Teleaulax","Cryptophyceae","CRYPTOPHYTA","AU",1,"other_autotrophic_phytoplankton","","autotroph",FALSE,"not_resolved","not_phaeocystis","peg_trophy_au_other","authority_rule_assignment_not_yet_applied_to_biomass"
"PEG_BVOL2026_stage5_v1",106285,"Teleaulax","Teleaulax","Cryptophyceae","CRYPTOPHYTA","AU",2,"other_autotrophic_phytoplankton","","autotroph",FALSE,"not_resolved","not_phaeocystis","peg_trophy_au_other","authority_rule_assignment_not_yet_applied_to_biomass"
"PEG_BVOL2026_stage5_v1",106285,"Teleaulax","Teleaulax","Cryptophyceae","CRYPTOPHYTA","AU",3,"other_autotrophic_phytoplankton","","autotroph",FALSE,"not_resolved","not_phaeocystis","peg_trophy_au_other","authority_rule_assignment_not_yet_applied_to_biomass"
"PEG_BVOL2026_stage5_v1",106285,"Teleaulax","Teleaulax","Cryptophyceae","CRYPTOPHYTA","AU",4,"other_autotrophic_phytoplankton","","autotroph",FALSE,"not_resolved","not_phaeocystis","peg_trophy_au_other","authority_rule_assignment_not_yet_applied_to_biomass"
"PEG_BVOL2026_stage5_v1",,"Pyrenomonadales","Pyrenomonadales","Cryptophyceae","CRYPTOPHYTA","AU",1,"other_autotrophic_phytoplankton","","autotroph",FALSE,"not_resolved","not_phaeocystis","peg_trophy_au_other","authority_rule_assignment_not_yet_applied_to_biomass"
"PEG_BVOL2026_stage5_v1",,"Pyrenomonadales","Pyrenomonadales","Cryptophyceae","CRYPTOPHYTA","AU",2,"other_autotrophic_phytoplankton","","autotroph",FALSE,"not_resolved","not_phaeocystis","peg_trophy_au_other","authority_rule_assignment_not_yet_applied_to_biomass"
"PEG_BVOL2026_stage5_v1",,"Pyrenomonadales","Pyrenomonadales","Cryptophyceae","CRYPTOPHYTA","AU",3,"other_autotrophic_phytoplankton","","autotroph",FALSE,"not_resolved","not_phaeocystis","peg_trophy_au_other","authority_rule_assignment_not_yet_applied_to_biomass"
"PEG_BVOL2026_stage5_v1",,"Pyrenomonadales","Pyrenomonadales","Cryptophyceae","CRYPTOPHYTA","AU",4,"other_autotrophic_phytoplankton","","autotroph",FALSE,"not_resolved","not_phaeocystis","peg_trophy_au_other","authority_rule_assignment_not_yet_applied_to_biomass"
"PEG_BVOL2026_stage5_v1",,"Pyrenomonadales","Pyrenomonadales","Cryptophyceae","CRYPTOPHYTA","AU",5,"other_autotrophic_phytoplankton","","autotroph",FALSE,"not_resolved","not_phaeocystis","peg_trophy_au_other","authority_rule_assignment_not_yet_applied_to_biomass"
"PEG_BVOL2026_stage5_v1",,"Pyrenomonadales","Pyrenomonadales","Cryptophyceae","CRYPTOPHYTA","AU",6,"other_autotrophic_phytoplankton","","autotroph",FALSE,"not_resolved","not_phaeocystis","peg_trophy_au_other","authority_rule_assignment_not_yet_applied_to_biomass"
"PEG_BVOL2026_stage5_v1",,"Pyrenomonadales","Pyrenomonadales","Cryptophyceae","CRYPTOPHYTA","AU",7,"other_autotrophic_phytoplankton","","autotroph",FALSE,"not_resolved","not_phaeocystis","peg_trophy_au_other","authority_rule_assignment_not_yet_applied_to_biomass"
"PEG_BVOL2026_stage5_v1",,"Pyrenomonadales","Pyrenomonadales","Cryptophyceae","CRYPTOPHYTA","AU",8,"other_autotrophic_phytoplankton","","autotroph",FALSE,"not_resolved","not_phaeocystis","peg_trophy_au_other","authority_rule_assignment_not_yet_applied_to_biomass"
"PEG_BVOL2026_stage5_v1",,"Pyrenomonadales","Pyrenomonadales","Cryptophyceae","CRYPTOPHYTA","AU",9,"other_autotrophic_phytoplankton","","autotroph",FALSE,"not_resolved","not_phaeocystis","peg_trophy_au_other","authority_rule_assignment_not_yet_applied_to_biomass"
"PEG_BVOL2026_stage5_v1",,"Pyrenomonadales","Pyrenomonadales","Cryptophyceae","CRYPTOPHYTA","AU",10,"other_autotrophic_phytoplankton","","autotroph",FALSE,"not_resolved","not_phaeocystis","peg_trophy_au_other","authority_rule_assignment_not_yet_applied_to_biomass"
"PEG_BVOL2026_stage5_v1",,"Cryptomonadales","Cryptomonadales","Cryptophyceae","CRYPTOPHYTA","AU",1,"other_autotrophic_phytoplankton","","autotroph",FALSE,"not_resolved","not_phaeocystis","peg_trophy_au_other","authority_rule_assignment_not_yet_applied_to_biomass"
"PEG_BVOL2026_stage5_v1",,"Cryptomonadales","Cryptomonadales","Cryptophyceae","CRYPTOPHYTA","AU",2,"other_autotrophic_phytoplankton","","autotroph",FALSE,"not_resolved","not_phaeocystis","peg_trophy_au_other","authority_rule_assignment_not_yet_applied_to_biomass"
"PEG_BVOL2026_stage5_v1",,"Cryptomonadales","Cryptomonadales","Cryptophyceae","CRYPTOPHYTA","AU",3,"other_autotrophic_phytoplankton","","autotroph",FALSE,"not_resolved","not_phaeocystis","peg_trophy_au_other","authority_rule_assignment_not_yet_applied_to_biomass"
"PEG_BVOL2026_stage5_v1",,"Cryptomonadales","Cryptomonadales","Cryptophyceae","CRYPTOPHYTA","AU",4,"other_autotrophic_phytoplankton","","autotroph",FALSE,"not_resolved","not_phaeocystis","peg_trophy_au_other","authority_rule_assignment_not_yet_applied_to_biomass"
"PEG_BVOL2026_stage5_v1",,"Cryptomonadales","Cryptomonadales","Cryptophyceae","CRYPTOPHYTA","AU",5,"other_autotrophic_phytoplankton","","autotroph",FALSE,"not_resolved","not_phaeocystis","peg_trophy_au_other","authority_rule_assignment_not_yet_applied_to_biomass"
"PEG_BVOL2026_stage5_v1",,"Cryptomonadales","Cryptomonadales","Cryptophyceae","CRYPTOPHYTA","AU",6,"other_autotrophic_phytoplankton","","autotroph",FALSE,"not_resolved","not_phaeocystis","peg_trophy_au_other","authority_rule_assignment_not_yet_applied_to_biomass"
"PEG_BVOL2026_stage5_v1",,"Cryptomonadales","Cryptomonadales","Cryptophyceae","CRYPTOPHYTA","AU",7,"other_autotrophic_phytoplankton","","autotroph",FALSE,"not_resolved","not_phaeocystis","peg_trophy_au_other","authority_rule_assignment_not_yet_applied_to_biomass"
"PEG_BVOL2026_stage5_v1",,"Cryptomonadales","Cryptomonadales","Cryptophyceae","CRYPTOPHYTA","AU",8,"other_autotrophic_phytoplankton","","autotroph",FALSE,"not_resolved","not_phaeocystis","peg_trophy_au_other","authority_rule_assignment_not_yet_applied_to_biomass"
"PEG_BVOL2026_stage5_v1",,"Cryptomonadales","Cryptomonadales","Cryptophyceae","CRYPTOPHYTA","AU",9,"other_autotrophic_phytoplankton","","autotroph",FALSE,"not_resolved","not_phaeocystis","peg_trophy_au_other","authority_rule_assignment_not_yet_applied_to_biomass"
"PEG_BVOL2026_stage5_v1",,"Cryptomonadales","Cryptomonadales","Cryptophyceae","CRYPTOPHYTA","AU",10,"other_autotrophic_phytoplankton","","autotroph",FALSE,"not_resolved","not_phaeocystis","peg_trophy_au_other","authority_rule_assignment_not_yet_applied_to_biomass"
"PEG_BVOL2026_stage5_v1",,"Cryptophyceae","","Cryptophyceae","CRYPTOPHYTA","AU",1,"other_autotrophic_phytoplankton","","autotroph",FALSE,"not_resolved","not_phaeocystis","peg_trophy_au_other","authority_rule_assignment_not_yet_applied_to_biomass"
"PEG_BVOL2026_stage5_v1",,"","Cryptophyceae","Cryptophyceae","CRYPTOPHYTA","AU",2,"other_autotrophic_phytoplankton","","autotroph",FALSE,"not_resolved","not_phaeocystis","peg_trophy_au_other","authority_rule_assignment_not_yet_applied_to_biomass"
"PEG_BVOL2026_stage5_v1",,"Cryptophyceae","","Cryptophyceae","CRYPTOPHYTA","AU",3,"other_autotrophic_phytoplankton","","autotroph",FALSE,"not_resolved","not_phaeocystis","peg_trophy_au_other","authority_rule_assignment_not_yet_applied_to_biomass"
"PEG_BVOL2026_stage5_v1",,"Cryptophyceae","","Cryptophyceae","CRYPTOPHYTA","AU",4,"other_autotrophic_phytoplankton","","autotroph",FALSE,"not_resolved","not_phaeocystis","peg_trophy_au_other","authority_rule_assignment_not_yet_applied_to_biomass"
"PEG_BVOL2026_stage5_v1",,"Cryptophyceae","","Cryptophyceae","CRYPTOPHYTA","AU",5,"other_autotrophic_phytoplankton","","autotroph",FALSE,"not_resolved","not_phaeocystis","peg_trophy_au_other","authority_rule_assignment_not_yet_applied_to_biomass"
"PEG_BVOL2026_stage5_v1",,"Cryptophyceae","","Cryptophyceae","CRYPTOPHYTA","AU",6,"other_autotrophic_phytoplankton","","autotroph",FALSE,"not_resolved","not_phaeocystis","peg_trophy_au_other","authority_rule_assignment_not_yet_applied_to_biomass"
"PEG_BVOL2026_stage5_v1",,"Cryptophyceae","","Cryptophyceae","CRYPTOPHYTA","AU",7,"other_autotrophic_phytoplankton","","autotroph",FALSE,"not_resolved","not_phaeocystis","peg_trophy_au_other","authority_rule_assignment_not_yet_applied_to_biomass"
"PEG_BVOL2026_stage5_v1",,"Cryptophyceae","","Cryptophyceae","CRYPTOPHYTA","AU",8,"other_autotrophic_phytoplankton","","autotroph",FALSE,"not_resolved","not_phaeocystis","peg_trophy_au_other","authority_rule_assignment_not_yet_applied_to_biomass"
"PEG_BVOL2026_stage5_v1",,"Cryptophyceae","","Cryptophyceae","CRYPTOPHYTA","AU",9,"other_autotrophic_phytoplankton","","autotroph",FALSE,"not_resolved","not_phaeocystis","peg_trophy_au_other","authority_rule_assignment_not_yet_applied_to_biomass"
"PEG_BVOL2026_stage5_v1",,"Cryptophyceae","","Cryptophyceae","CRYPTOPHYTA","AU",10,"other_autotrophic_phytoplankton","","autotroph",FALSE,"not_resolved","not_phaeocystis","peg_trophy_au_other","authority_rule_assignment_not_yet_applied_to_biomass"
"PEG_BVOL2026_stage5_v1",109717,"Actiniscus pentasterias","Actiniscus","Dinophyceae","DINOPHYTA (PYRROPHYTA)","HT",1,"heterotroph_or_mixotroph_uncertain","dinoflagellate_trophy_uncertain","heterotroph",TRUE,"not_resolved","not_phaeocystis","peg_trophy_ht_or_mx","authority_rule_assignment_not_yet_applied_to_biomass"
"PEG_BVOL2026_stage5_v1",232110,"Dicroerisma psilonereiella","Dicroerisma","Dinophyceae","DINOPHYTA (PYRROPHYTA)","HT",1,"heterotroph_or_mixotroph_uncertain","dinoflagellate_trophy_uncertain","heterotroph",TRUE,"not_resolved","not_phaeocystis","peg_trophy_ht_or_mx","authority_rule_assignment_not_yet_applied_to_biomass"
"PEG_BVOL2026_stage5_v1",109718,"Amphidinium acutissimum","Amphidinium","Dinophyceae","DINOPHYTA (PYRROPHYTA)","AU",1,"dinoflagellate_autotroph","","autotroph",FALSE,"not_resolved","not_phaeocystis","peg_class_dinophyceae_and_trophy_au","authority_rule_assignment_not_yet_applied_to_biomass"
"PEG_BVOL2026_stage5_v1",109723,"Amphidinium carterae","Amphidinium","Dinophyceae","DINOPHYTA (PYRROPHYTA)","AU",1,"dinoflagellate_autotroph","","autotroph",FALSE,"not_resolved","not_phaeocystis","peg_class_dinophyceae_and_trophy_au","authority_rule_assignment_not_yet_applied_to_biomass"
"PEG_BVOL2026_stage5_v1",109726,"Amphidinium crassum","Amphidinium","Dinophyceae","DINOPHYTA (PYRROPHYTA)","HT",1,"heterotroph_or_mixotroph_uncertain","dinoflagellate_trophy_uncertain","heterotroph",TRUE,"not_resolved","not_phaeocystis","peg_trophy_ht_or_mx","authority_rule_assignment_not_yet_applied_to_biomass"
"PEG_BVOL2026_stage5_v1",109726,"Amphidinium crassum","Amphidinium","Dinophyceae","DINOPHYTA (PYRROPHYTA)","HT",2,"heterotroph_or_mixotroph_uncertain","dinoflagellate_trophy_uncertain","heterotroph",TRUE,"not_resolved","not_phaeocystis","peg_trophy_ht_or_mx","authority_rule_assignment_not_yet_applied_to_biomass"
"PEG_BVOL2026_stage5_v1",109726,"Amphidinium crassum","Amphidinium","Dinophyceae","DINOPHYTA (PYRROPHYTA)","HT",3,"heterotroph_or_mixotroph_uncertain","dinoflagellate_trophy_uncertain","heterotroph",TRUE,"not_resolved","not_phaeocystis","peg_trophy_ht_or_mx","authority_rule_assignment_not_yet_applied_to_biomass"
"PEG_BVOL2026_stage5_v1",109733,"Amphidinium incoloratum","Amphidinium","Dinophyceae","DINOPHYTA (PYRROPHYTA)","HT",1,"heterotroph_or_mixotroph_uncertain","dinoflagellate_trophy_uncertain","heterotroph",TRUE,"not_resolved","not_phaeocystis","peg_trophy_ht_or_mx","authority_rule_assignment_not_yet_applied_to_biomass"
"PEG_BVOL2026_stage5_v1",109741,"Amphidinium longum","Amphidinium","Dinophyceae","DINOPHYTA (PYRROPHYTA)","HT",1,"heterotroph_or_mixotroph_uncertain","dinoflagellate_trophy_uncertain","heterotroph",TRUE,"not_resolved","not_phaeocystis","peg_trophy_ht_or_mx","authority_rule_assignment_not_yet_applied_to_biomass"
"PEG_BVOL2026_stage5_v1",109745,"Amphidinium operculatum","Amphidinium","Dinophyceae","DINOPHYTA (PYRROPHYTA)","HT",1,"heterotroph_or_mixotroph_uncertain","dinoflagellate_trophy_uncertain","heterotroph",TRUE,"not_resolved","not_phaeocystis","peg_trophy_ht_or_mx","authority_rule_assignment_not_yet_applied_to_biomass"
"PEG_BVOL2026_stage5_v1",109754,"Amphidinium sphenoides","Amphidinium","Dinophyceae","DINOPHYTA (PYRROPHYTA)","HT",1,"heterotroph_or_mixotroph_uncertain","dinoflagellate_trophy_uncertain","heterotroph",TRUE,"not_resolved","not_phaeocystis","peg_trophy_ht_or_mx","authority_rule_assignment_not_yet_applied_to_biomass"
"PEG_BVOL2026_stage5_v1",109754,"Amphidinium sphenoides","Amphidinium","Dinophyceae","DINOPHYTA (PYRROPHYTA)","HT",2,"heterotroph_or_mixotroph_uncertain","dinoflagellate_trophy_uncertain","heterotroph",TRUE,"not_resolved","not_phaeocystis","peg_trophy_ht_or_mx","authority_rule_assignment_not_yet_applied_to_biomass"
"PEG_BVOL2026_stage5_v1",109754,"Amphidinium sphenoides","Amphidinium","Dinophyceae","DINOPHYTA (PYRROPHYTA)","HT",3,"heterotroph_or_mixotroph_uncertain","dinoflagellate_trophy_uncertain","heterotroph",TRUE,"not_resolved","not_phaeocystis","peg_trophy_ht_or_mx","authority_rule_assignment_not_yet_applied_to_biomass"
"PEG_BVOL2026_stage5_v1",109473,"Amphidinium","Amphidinium","Dinophyceae","DINOPHYTA (PYRROPHYTA)","AU",1,"dinoflagellate_autotroph","","autotroph",FALSE,"not_resolved","not_phaeocystis","peg_class_dinophyceae_and_trophy_au","authority_rule_assignment_not_yet_applied_to_biomass"
"PEG_BVOL2026_stage5_v1",109473,"Amphidinium","Amphidinium","Dinophyceae","DINOPHYTA (PYRROPHYTA)","AU",2,"dinoflagellate_autotroph","","autotroph",FALSE,"not_resolved","not_phaeocystis","peg_class_dinophyceae_and_trophy_au","authority_rule_assignment_not_yet_applied_to_biomass"
"PEG_BVOL2026_stage5_v1",109473,"Amphidinium","Amphidinium","Dinophyceae","DINOPHYTA (PYRROPHYTA)","AU",3,"dinoflagellate_autotroph","","autotroph",FALSE,"not_resolved","not_phaeocystis","peg_class_dinophyceae_and_trophy_au","authority_rule_assignment_not_yet_applied_to_biomass"
"PEG_BVOL2026_stage5_v1",109473,"Amphidinium","Amphidinium","Dinophyceae","DINOPHYTA (PYRROPHYTA)","AU",4,"dinoflagellate_autotroph","","autotroph",FALSE,"not_resolved","not_phaeocystis","peg_class_dinophyceae_and_trophy_au","authority_rule_assignment_not_yet_applied_to_biomass"
"PEG_BVOL2026_stage5_v1",109473,"Amphidinium","Amphidinium","Dinophyceae","DINOPHYTA (PYRROPHYTA)","AU",5,"dinoflagellate_autotroph","","autotroph",FALSE,"not_resolved","not_phaeocystis","peg_class_dinophyceae_and_trophy_au","authority_rule_assignment_not_yet_applied_to_biomass"
"PEG_BVOL2026_stage5_v1",109473,"Amphidinium","Amphidinium","Dinophyceae","DINOPHYTA (PYRROPHYTA)","AU",6,"dinoflagellate_autotroph","","autotroph",FALSE,"not_resolved","not_phaeocystis","peg_class_dinophyceae_and_trophy_au","authority_rule_assignment_not_yet_applied_to_biomass"
"PEG_BVOL2026_stage5_v1",109473,"Amphidinium","Amphidinium","Dinophyceae","DINOPHYTA (PYRROPHYTA)","AU",7,"dinoflagellate_autotroph","","autotroph",FALSE,"not_resolved","not_phaeocystis","peg_class_dinophyceae_and_trophy_au","authority_rule_assignment_not_yet_applied_to_biomass"
"PEG_BVOL2026_stage5_v1",109473,"Amphidinium","Amphidinium","Dinophyceae","DINOPHYTA (PYRROPHYTA)","AU",8,"dinoflagellate_autotroph","","autotroph",FALSE,"not_resolved","not_phaeocystis","peg_class_dinophyceae_and_trophy_au","authority_rule_assignment_not_yet_applied_to_biomass"
"PEG_BVOL2026_stage5_v1",109473,"Amphidinium","Amphidinium","Dinophyceae","DINOPHYTA (PYRROPHYTA)","HT",51,"heterotroph_or_mixotroph_uncertain","dinoflagellate_trophy_uncertain","heterotroph",TRUE,"not_resolved","not_phaeocystis","peg_trophy_ht_or_mx","authority_rule_assignment_not_yet_applied_to_biomass"
"PEG_BVOL2026_stage5_v1",109473,"Amphidinium","Amphidinium","Dinophyceae","DINOPHYTA (PYRROPHYTA)","HT",52,"heterotroph_or_mixotroph_uncertain","dinoflagellate_trophy_uncertain","heterotroph",TRUE,"not_resolved","not_phaeocystis","peg_trophy_ht_or_mx","authority_rule_assignment_not_yet_applied_to_biomass"
"PEG_BVOL2026_stage5_v1",109473,"Amphidinium","Amphidinium","Dinophyceae","DINOPHYTA (PYRROPHYTA)","HT",53,"heterotroph_or_mixotroph_uncertain","dinoflagellate_trophy_uncertain","heterotroph",TRUE,"not_resolved","not_phaeocystis","peg_trophy_ht_or_mx","authority_rule_assignment_not_yet_applied_to_biomass"
"PEG_BVOL2026_stage5_v1",109473,"Amphidinium","Amphidinium","Dinophyceae","DINOPHYTA (PYRROPHYTA)","HT",54,"heterotroph_or_mixotroph_uncertain","dinoflagellate_trophy_uncertain","heterotroph",TRUE,"not_resolved","not_phaeocystis","peg_trophy_ht_or_mx","authority_rule_assignment_not_yet_applied_to_biomass"
"PEG_BVOL2026_stage5_v1",109473,"Amphidinium","Amphidinium","Dinophyceae","DINOPHYTA (PYRROPHYTA)","HT",55,"heterotroph_or_mixotroph_uncertain","dinoflagellate_trophy_uncertain","heterotroph",TRUE,"not_resolved","not_phaeocystis","peg_trophy_ht_or_mx","authority_rule_assignment_not_yet_applied_to_biomass"
"PEG_BVOL2026_stage5_v1",109473,"Amphidinium","Amphidinium","Dinophyceae","DINOPHYTA (PYRROPHYTA)","HT",56,"heterotroph_or_mixotroph_uncertain","dinoflagellate_trophy_uncertain","heterotroph",TRUE,"not_resolved","not_phaeocystis","peg_trophy_ht_or_mx","authority_rule_assignment_not_yet_applied_to_biomass"
"PEG_BVOL2026_stage5_v1",109473,"Amphidinium","Amphidinium","Dinophyceae","DINOPHYTA (PYRROPHYTA)","HT",57,"heterotroph_or_mixotroph_uncertain","dinoflagellate_trophy_uncertain","heterotroph",TRUE,"not_resolved","not_phaeocystis","peg_trophy_ht_or_mx","authority_rule_assignment_not_yet_applied_to_biomass"
"PEG_BVOL2026_stage5_v1",109473,"Amphidinium","Amphidinium","Dinophyceae","DINOPHYTA (PYRROPHYTA)","HT",58,"heterotroph_or_mixotroph_uncertain","dinoflagellate_trophy_uncertain","heterotroph",TRUE,"not_resolved","not_phaeocystis","peg_trophy_ht_or_mx","authority_rule_assignment_not_yet_applied_to_biomass"
"PEG_BVOL2026_stage5_v1",109603,"Dinophysis acuminata","Dinophysis","Dinophyceae","DINOPHYTA (PYRROPHYTA)","MX",1,"heterotroph_or_mixotroph_uncertain","dinoflagellate_trophy_uncertain","mixotroph",TRUE,"not_resolved","not_phaeocystis","peg_trophy_ht_or_mx","authority_rule_assignment_not_yet_applied_to_biomass"
"PEG_BVOL2026_stage5_v1",109603,"Dinophysis acuminata","Dinophysis","Dinophyceae","DINOPHYTA (PYRROPHYTA)","MX",2,"heterotroph_or_mixotroph_uncertain","dinoflagellate_trophy_uncertain","mixotroph",TRUE,"not_resolved","not_phaeocystis","peg_trophy_ht_or_mx","authority_rule_assignment_not_yet_applied_to_biomass"
"PEG_BVOL2026_stage5_v1",109603,"Dinophysis acuminata","Dinophysis","Dinophyceae","DINOPHYTA (PYRROPHYTA)","MX",3,"heterotroph_or_mixotroph_uncertain","dinoflagellate_trophy_uncertain","mixotroph",TRUE,"not_resolved","not_phaeocystis","peg_trophy_ht_or_mx","authority_rule_assignment_not_yet_applied_to_biomass"
"PEG_BVOL2026_stage5_v1",109603,"Dinophysis acuminata","Dinophysis","Dinophyceae","DINOPHYTA (PYRROPHYTA)","MX",4,"heterotroph_or_mixotroph_uncertain","dinoflagellate_trophy_uncertain","mixotroph",TRUE,"not_resolved","not_phaeocystis","peg_trophy_ht_or_mx","authority_rule_assignment_not_yet_applied_to_biomass"
"PEG_BVOL2026_stage5_v1",109603,"Dinophysis acuminata","Dinophysis","Dinophyceae","DINOPHYTA (PYRROPHYTA)","MX",5,"heterotroph_or_mixotroph_uncertain","dinoflagellate_trophy_uncertain","mixotroph",TRUE,"not_resolved","not_phaeocystis","peg_trophy_ht_or_mx","authority_rule_assignment_not_yet_applied_to_biomass"
"PEG_BVOL2026_stage5_v1",109603,"Dinophysis acuminata","Dinophysis","Dinophyceae","DINOPHYTA (PYRROPHYTA)","MX",6,"heterotroph_or_mixotroph_uncertain","dinoflagellate_trophy_uncertain","mixotroph",TRUE,"not_resolved","not_phaeocystis","peg_trophy_ht_or_mx","authority_rule_assignment_not_yet_applied_to_biomass"
"PEG_BVOL2026_stage5_v1",109604,"Dinophysis acuta","Dinophysis","Dinophyceae","DINOPHYTA (PYRROPHYTA)","MX",1,"heterotroph_or_mixotroph_uncertain","dinoflagellate_trophy_uncertain","mixotroph",TRUE,"not_resolved","not_phaeocystis","peg_trophy_ht_or_mx","authority_rule_assignment_not_yet_applied_to_biomass"
"PEG_BVOL2026_stage5_v1",109604,"Dinophysis acuta","Dinophysis","Dinophyceae","DINOPHYTA (PYRROPHYTA)","MX",2,"heterotroph_or_mixotroph_uncertain","dinoflagellate_trophy_uncertain","mixotroph",TRUE,"not_resolved","not_phaeocystis","peg_trophy_ht_or_mx","authority_rule_assignment_not_yet_applied_to_biomass"
"PEG_BVOL2026_stage5_v1",109604,"Dinophysis acuta","Dinophysis","Dinophyceae","DINOPHYTA (PYRROPHYTA)","MX",3,"heterotroph_or_mixotroph_uncertain","dinoflagellate_trophy_uncertain","mixotroph",TRUE,"not_resolved","not_phaeocystis","peg_trophy_ht_or_mx","authority_rule_assignment_not_yet_applied_to_biomass"
"PEG_BVOL2026_stage5_v1",109604,"Dinophysis acuta","Dinophysis","Dinophyceae","DINOPHYTA (PYRROPHYTA)","MX",4,"heterotroph_or_mixotroph_uncertain","dinoflagellate_trophy_uncertain","mixotroph",TRUE,"not_resolved","not_phaeocystis","peg_trophy_ht_or_mx","authority_rule_assignment_not_yet_applied_to_biomass"
"PEG_BVOL2026_stage5_v1",109604,"Dinophysis acuta","Dinophysis","Dinophyceae","DINOPHYTA (PYRROPHYTA)","MX",5,"heterotroph_or_mixotroph_uncertain","dinoflagellate_trophy_uncertain","mixotroph",TRUE,"not_resolved","not_phaeocystis","peg_trophy_ht_or_mx","authority_rule_assignment_not_yet_applied_to_biomass"
"PEG_BVOL2026_stage5_v1",109616,"Dinophysis dens","Dinophysis","Dinophyceae","DINOPHYTA (PYRROPHYTA)","MX",1,"heterotroph_or_mixotroph_uncertain","dinoflagellate_trophy_uncertain","mixotroph",TRUE,"not_resolved","not_phaeocystis","peg_trophy_ht_or_mx","authority_rule_assignment_not_yet_applied_to_biomass"
"PEG_BVOL2026_stage5_v1",109637,"Dinophysis norvegica","Dinophysis","Dinophyceae","DINOPHYTA (PYRROPHYTA)","MX",1,"heterotroph_or_mixotroph_uncertain","dinoflagellate_trophy_uncertain","mixotroph",TRUE,"not_resolved","not_phaeocystis","peg_trophy_ht_or_mx","authority_rule_assignment_not_yet_applied_to_biomass"
"PEG_BVOL2026_stage5_v1",109637,"Dinophysis norvegica","Dinophysis","Dinophyceae","DINOPHYTA (PYRROPHYTA)","MX",2,"heterotroph_or_mixotroph_uncertain","dinoflagellate_trophy_uncertain","mixotroph",TRUE,"not_resolved","not_phaeocystis","peg_trophy_ht_or_mx","authority_rule_assignment_not_yet_applied_to_biomass"
"PEG_BVOL2026_stage5_v1",109637,"Dinophysis norvegica","Dinophysis","Dinophyceae","DINOPHYTA (PYRROPHYTA)","MX",3,"heterotroph_or_mixotroph_uncertain","dinoflagellate_trophy_uncertain","mixotroph",TRUE,"not_resolved","not_phaeocystis","peg_trophy_ht_or_mx","authority_rule_assignment_not_yet_applied_to_biomass"
"PEG_BVOL2026_stage5_v1",109637,"Dinophysis norvegica","Dinophysis","Dinophyceae","DINOPHYTA (PYRROPHYTA)","MX",4,"heterotroph_or_mixotroph_uncertain","dinoflagellate_trophy_uncertain","mixotroph",TRUE,"not_resolved","not_phaeocystis","peg_trophy_ht_or_mx","authority_rule_assignment_not_yet_applied_to_biomass"
"PEG_BVOL2026_stage5_v1",109638,"Dinophysis odiosa","Dinophysis","Dinophyceae","DINOPHYTA (PYRROPHYTA)","HT",1,"heterotroph_or_mixotroph_uncertain","dinoflagellate_trophy_uncertain","heterotroph",TRUE,"not_resolved","not_phaeocystis","peg_trophy_ht_or_mx","authority_rule_assignment_not_yet_applied_to_biomass"
"PEG_BVOL2026_stage5_v1",109662,"Dinophysis tripos","Dinophysis","Dinophyceae","DINOPHYTA (PYRROPHYTA)","MX",1,"heterotroph_or_mixotroph_uncertain","dinoflagellate_trophy_uncertain","mixotroph",TRUE,"not_resolved","not_phaeocystis","peg_trophy_ht_or_mx","authority_rule_assignment_not_yet_applied_to_biomass"
"PEG_BVOL2026_stage5_v1",109462,"Dinophysis","Dinophysis","Dinophyceae","DINOPHYTA (PYRROPHYTA)","MX",1,"heterotroph_or_mixotroph_uncertain","dinoflagellate_trophy_uncertain","mixotroph",TRUE,"not_resolved","not_phaeocystis","peg_trophy_ht_or_mx","authority_rule_assignment_not_yet_applied_to_biomass"
"PEG_BVOL2026_stage5_v1",109462,"Dinophysis","Dinophysis","Dinophyceae","DINOPHYTA (PYRROPHYTA)","MX",2,"heterotroph_or_mixotroph_uncertain","dinoflagellate_trophy_uncertain","mixotroph",TRUE,"not_resolved","not_phaeocystis","peg_trophy_ht_or_mx","authority_rule_assignment_not_yet_applied_to_biomass"
"PEG_BVOL2026_stage5_v1",109462,"Dinophysis","Dinophysis","Dinophyceae","DINOPHYTA (PYRROPHYTA)","MX",3,"heterotroph_or_mixotroph_uncertain","dinoflagellate_trophy_uncertain","mixotroph",TRUE,"not_resolved","not_phaeocystis","peg_trophy_ht_or_mx","authority_rule_assignment_not_yet_applied_to_biomass"
"PEG_BVOL2026_stage5_v1",109462,"Dinophysis","Dinophysis","Dinophyceae","DINOPHYTA (PYRROPHYTA)","MX",4,"heterotroph_or_mixotroph_uncertain","dinoflagellate_trophy_uncertain","mixotroph",TRUE,"not_resolved","not_phaeocystis","peg_trophy_ht_or_mx","authority_rule_assignment_not_yet_applied_to_biomass"
"PEG_BVOL2026_stage5_v1",109462,"Dinophysis","Dinophysis","Dinophyceae","DINOPHYTA (PYRROPHYTA)","MX",5,"heterotroph_or_mixotroph_uncertain","dinoflagellate_trophy_uncertain","mixotroph",TRUE,"not_resolved","not_phaeocystis","peg_trophy_ht_or_mx","authority_rule_assignment_not_yet_applied_to_biomass"
"PEG_BVOL2026_stage5_v1",109462,"Dinophysis","Dinophysis","Dinophyceae","DINOPHYTA (PYRROPHYTA)","MX",6,"heterotroph_or_mixotroph_uncertain","dinoflagellate_trophy_uncertain","mixotroph",TRUE,"not_resolved","not_phaeocystis","peg_trophy_ht_or_mx","authority_rule_assignment_not_yet_applied_to_biomass"
"PEG_BVOL2026_stage5_v1",109462,"Dinophysis","Dinophysis","Dinophyceae","DINOPHYTA (PYRROPHYTA)","MX",7,"heterotroph_or_mixotroph_uncertain","dinoflagellate_trophy_uncertain","mixotroph",TRUE,"not_resolved","not_phaeocystis","peg_trophy_ht_or_mx","authority_rule_assignment_not_yet_applied_to_biomass"
"PEG_BVOL2026_stage5_v1",156505,"Phalacroma rotundatum","Phalacroma","Dinophyceae","DINOPHYTA (PYRROPHYTA)","HT",1,"heterotroph_or_mixotroph_uncertain","dinoflagellate_trophy_uncertain","heterotroph",TRUE,"not_resolved","not_phaeocystis","peg_trophy_ht_or_mx","authority_rule_assignment_not_yet_applied_to_biomass"
"PEG_BVOL2026_stage5_v1",156505,"Phalacroma rotundatum","Phalacroma","Dinophyceae","DINOPHYTA (PYRROPHYTA)","HT",2,"heterotroph_or_mixotroph_uncertain","dinoflagellate_trophy_uncertain","heterotroph",TRUE,"not_resolved","not_phaeocystis","peg_trophy_ht_or_mx","authority_rule_assignment_not_yet_applied_to_biomass"
"PEG_BVOL2026_stage5_v1",156505,"Phalacroma rotundatum","Phalacroma","Dinophyceae","DINOPHYTA (PYRROPHYTA)","HT",3,"heterotroph_or_mixotroph_uncertain","dinoflagellate_trophy_uncertain","heterotroph",TRUE,"not_resolved","not_phaeocystis","peg_trophy_ht_or_mx","authority_rule_assignment_not_yet_applied_to_biomass"
"PEG_BVOL2026_stage5_v1",156505,"Phalacroma rotundatum","Phalacroma","Dinophyceae","DINOPHYTA (PYRROPHYTA)","HT",4,"heterotroph_or_mixotroph_uncertain","dinoflagellate_trophy_uncertain","heterotroph",TRUE,"not_resolved","not_phaeocystis","peg_trophy_ht_or_mx","authority_rule_assignment_not_yet_applied_to_biomass"
"PEG_BVOL2026_stage5_v1",109711,"Alexandrium minutum","Alexandrium","Dinophyceae","DINOPHYTA (PYRROPHYTA)","AU",1,"dinoflagellate_autotroph","","autotroph",FALSE,"not_resolved","not_phaeocystis","peg_class_dinophyceae_and_trophy_au","authority_rule_assignment_not_yet_applied_to_biomass"
"PEG_BVOL2026_stage5_v1",109711,"Alexandrium minutum","Alexandrium","Dinophyceae","DINOPHYTA (PYRROPHYTA)","AU",2,"dinoflagellate_autotroph","","autotroph",FALSE,"not_resolved","not_phaeocystis","peg_class_dinophyceae_and_trophy_au","authority_rule_assignment_not_yet_applied_to_biomass"
"PEG_BVOL2026_stage5_v1",109712,"Alexandrium ostenfeldii","Alexandrium","Dinophyceae","DINOPHYTA (PYRROPHYTA)","AU",1,"dinoflagellate_autotroph","","autotroph",FALSE,"not_resolved","not_phaeocystis","peg_class_dinophyceae_and_trophy_au","authority_rule_assignment_not_yet_applied_to_biomass"
"PEG_BVOL2026_stage5_v1",109712,"Alexandrium ostenfeldii","Alexandrium","Dinophyceae","DINOPHYTA (PYRROPHYTA)","AU",2,"dinoflagellate_autotroph","","autotroph",FALSE,"not_resolved","not_phaeocystis","peg_class_dinophyceae_and_trophy_au","authority_rule_assignment_not_yet_applied_to_biomass"
"PEG_BVOL2026_stage5_v1",109712,"Alexandrium ostenfeldii","Alexandrium","Dinophyceae","DINOPHYTA (PYRROPHYTA)","AU",3,"dinoflagellate_autotroph","","autotroph",FALSE,"not_resolved","not_phaeocystis","peg_class_dinophyceae_and_trophy_au","authority_rule_assignment_not_yet_applied_to_biomass"
"PEG_BVOL2026_stage5_v1",109713,"Alexandrium pseudogonyaulax","Alexandrium","Dinophyceae","DINOPHYTA (PYRROPHYTA)","AU",1,"dinoflagellate_autotroph","","autotroph",FALSE,"not_resolved","not_phaeocystis","peg_class_dinophyceae_and_trophy_au","authority_rule_assignment_not_yet_applied_to_biomass"
"PEG_BVOL2026_stage5_v1",109713,"Alexandrium pseudogonyaulax","Alexandrium","Dinophyceae","DINOPHYTA (PYRROPHYTA)","AU",2,"dinoflagellate_autotroph","","autotroph",FALSE,"not_resolved","not_phaeocystis","peg_class_dinophyceae_and_trophy_au","authority_rule_assignment_not_yet_applied_to_biomass"
"PEG_BVOL2026_stage5_v1",109714,"Alexandrium tamarense","Alexandrium","Dinophyceae","DINOPHYTA (PYRROPHYTA)","AU",1,"dinoflagellate_autotroph","","autotroph",FALSE,"not_resolved","not_phaeocystis","peg_class_dinophyceae_and_trophy_au","authority_rule_assignment_not_yet_applied_to_biomass"
"PEG_BVOL2026_stage5_v1",109714,"Alexandrium tamarense","Alexandrium","Dinophyceae","DINOPHYTA (PYRROPHYTA)","AU",2,"dinoflagellate_autotroph","","autotroph",FALSE,"not_resolved","not_phaeocystis","peg_class_dinophyceae_and_trophy_au","authority_rule_assignment_not_yet_applied_to_biomass"
"PEG_BVOL2026_stage5_v1",109714,"Alexandrium tamarense","Alexandrium","Dinophyceae","DINOPHYTA (PYRROPHYTA)","AU",3,"dinoflagellate_autotroph","","autotroph",FALSE,"not_resolved","not_phaeocystis","peg_class_dinophyceae_and_trophy_au","authority_rule_assignment_not_yet_applied_to_biomass"
"PEG_BVOL2026_stage5_v1",109470,"Alexandrium","Alexandrium","Dinophyceae","DINOPHYTA (PYRROPHYTA)","AU",1,"dinoflagellate_autotroph","","autotroph",FALSE,"not_resolved","not_phaeocystis","peg_class_dinophyceae_and_trophy_au","authority_rule_assignment_not_yet_applied_to_biomass"
"PEG_BVOL2026_stage5_v1",109470,"Alexandrium","Alexandrium","Dinophyceae","DINOPHYTA (PYRROPHYTA)","AU",2,"dinoflagellate_autotroph","","autotroph",FALSE,"not_resolved","not_phaeocystis","peg_class_dinophyceae_and_trophy_au","authority_rule_assignment_not_yet_applied_to_biomass"
"PEG_BVOL2026_stage5_v1",109470,"Alexandrium","Alexandrium","Dinophyceae","DINOPHYTA (PYRROPHYTA)","AU",3,"dinoflagellate_autotroph","","autotroph",FALSE,"not_resolved","not_phaeocystis","peg_class_dinophyceae_and_trophy_au","authority_rule_assignment_not_yet_applied_to_biomass"
"PEG_BVOL2026_stage5_v1",109470,"Alexandrium","Alexandrium","Dinophyceae","DINOPHYTA (PYRROPHYTA)","AU",4,"dinoflagellate_autotroph","","autotroph",FALSE,"not_resolved","not_phaeocystis","peg_class_dinophyceae_and_trophy_au","authority_rule_assignment_not_yet_applied_to_biomass"
"PEG_BVOL2026_stage5_v1",109470,"Alexandrium","Alexandrium","Dinophyceae","DINOPHYTA (PYRROPHYTA)","AU",5,"dinoflagellate_autotroph","","autotroph",FALSE,"not_resolved","not_phaeocystis","peg_class_dinophyceae_and_trophy_au","authority_rule_assignment_not_yet_applied_to_biomass"
"PEG_BVOL2026_stage5_v1",109470,"Alexandrium","Alexandrium","Dinophyceae","DINOPHYTA (PYRROPHYTA)","AU",6,"dinoflagellate_autotroph","","autotroph",FALSE,"not_resolved","not_phaeocystis","peg_class_dinophyceae_and_trophy_au","authority_rule_assignment_not_yet_applied_to_biomass"
"PEG_BVOL2026_stage5_v1",109470,"Alexandrium","Alexandrium","Dinophyceae","DINOPHYTA (PYRROPHYTA)","AU",7,"dinoflagellate_autotroph","","autotroph",FALSE,"not_resolved","not_phaeocystis","peg_class_dinophyceae_and_trophy_au","authority_rule_assignment_not_yet_applied_to_biomass"
"PEG_BVOL2026_stage5_v1",110007,"Amylax triacantha","Amylax","Dinophyceae","DINOPHYTA (PYRROPHYTA)","AU",1,"dinoflagellate_autotroph","","autotroph",FALSE,"not_resolved","not_phaeocystis","peg_class_dinophyceae_and_trophy_au","authority_rule_assignment_not_yet_applied_to_biomass"
"PEG_BVOL2026_stage5_v1",110007,"Amylax triacantha","Amylax","Dinophyceae","DINOPHYTA (PYRROPHYTA)","AU",2,"dinoflagellate_autotroph","","autotroph",FALSE,"not_resolved","not_phaeocystis","peg_class_dinophyceae_and_trophy_au","authority_rule_assignment_not_yet_applied_to_biomass"
"PEG_BVOL2026_stage5_v1",110007,"Amylax triacantha","Amylax","Dinophyceae","DINOPHYTA (PYRROPHYTA)","AU",3,"dinoflagellate_autotroph","","autotroph",FALSE,"not_resolved","not_phaeocystis","peg_class_dinophyceae_and_trophy_au","authority_rule_assignment_not_yet_applied_to_biomass"
"PEG_BVOL2026_stage5_v1",110007,"Amylax triacantha","Amylax","Dinophyceae","DINOPHYTA (PYRROPHYTA)","AU",4,"dinoflagellate_autotroph","","autotroph",FALSE,"not_resolved","not_phaeocystis","peg_class_dinophyceae_and_trophy_au","authority_rule_assignment_not_yet_applied_to_biomass"
"PEG_BVOL2026_stage5_v1",1304620,"Amylax triacantha var. triacantha","Amylax","Dinophyceae","DINOPHYTA (PYRROPHYTA)","AU",1,"dinoflagellate_autotroph","","autotroph",FALSE,"not_resolved","not_phaeocystis","peg_class_dinophyceae_and_trophy_au","authority_rule_assignment_not_yet_applied_to_biomass"
"PEG_BVOL2026_stage5_v1",1304620,"Amylax triacantha var. triacantha","Amylax","Dinophyceae","DINOPHYTA (PYRROPHYTA)","AU",2,"dinoflagellate_autotroph","","autotroph",FALSE,"not_resolved","not_phaeocystis","peg_class_dinophyceae_and_trophy_au","authority_rule_assignment_not_yet_applied_to_biomass"
"PEG_BVOL2026_stage5_v1",1304620,"Amylax triacantha var. triacantha","Amylax","Dinophyceae","DINOPHYTA (PYRROPHYTA)","AU",3,"dinoflagellate_autotroph","","autotroph",FALSE,"not_resolved","not_phaeocystis","peg_class_dinophyceae_and_trophy_au","authority_rule_assignment_not_yet_applied_to_biomass"
"PEG_BVOL2026_stage5_v1",1304620,"Amylax triacantha var. triacantha","Amylax","Dinophyceae","DINOPHYTA (PYRROPHYTA)","AU",4,"dinoflagellate_autotroph","","autotroph",FALSE,"not_resolved","not_phaeocystis","peg_class_dinophyceae_and_trophy_au","authority_rule_assignment_not_yet_applied_to_biomass"
"PEG_BVOL2026_stage5_v1",846758,"Amylax triacantha var. buxus","Amylax","Dinophyceae","DINOPHYTA (PYRROPHYTA)","AU",1,"dinoflagellate_autotroph","","autotroph",FALSE,"not_resolved","not_phaeocystis","peg_class_dinophyceae_and_trophy_au","authority_rule_assignment_not_yet_applied_to_biomass"
"PEG_BVOL2026_stage5_v1",156511,"Ceratium hirundinella","Ceratium","Dinophyceae","DINOPHYTA (PYRROPHYTA)","AU",1,"dinoflagellate_autotroph","","autotroph",FALSE,"not_resolved","not_phaeocystis","peg_class_dinophyceae_and_trophy_au","authority_rule_assignment_not_yet_applied_to_biomass"
"PEG_BVOL2026_stage5_v1",156511,"Ceratium hirundinella","Ceratium","Dinophyceae","DINOPHYTA (PYRROPHYTA)","AU",2,"dinoflagellate_autotroph","","autotroph",FALSE,"not_resolved","not_phaeocystis","peg_class_dinophyceae_and_trophy_au","authority_rule_assignment_not_yet_applied_to_biomass"
"PEG_BVOL2026_stage5_v1",156511,"Ceratium hirundinella","Ceratium","Dinophyceae","DINOPHYTA (PYRROPHYTA)","AU",3,"dinoflagellate_autotroph","","autotroph",FALSE,"not_resolved","not_phaeocystis","peg_class_dinophyceae_and_trophy_au","authority_rule_assignment_not_yet_applied_to_biomass"
"PEG_BVOL2026_stage5_v1",156511,"Ceratium hirundinella","Ceratium","Dinophyceae","DINOPHYTA (PYRROPHYTA)","AU",4,"dinoflagellate_autotroph","","autotroph",FALSE,"not_resolved","not_phaeocystis","peg_class_dinophyceae_and_trophy_au","authority_rule_assignment_not_yet_applied_to_biomass"
"PEG_BVOL2026_stage5_v1",109506,"Ceratium","Ceratium","Dinophyceae","DINOPHYTA (PYRROPHYTA)","AU",1,"dinoflagellate_autotroph","","autotroph",FALSE,"not_resolved","not_phaeocystis","peg_class_dinophyceae_and_trophy_au","authority_rule_assignment_not_yet_applied_to_biomass"
"PEG_BVOL2026_stage5_v1",840627,"Tripos furca","Tripos","Dinophyceae","DINOPHYTA (PYRROPHYTA)","AU",1,"dinoflagellate_autotroph","","autotroph",FALSE,"not_resolved","not_phaeocystis","peg_class_dinophyceae_and_trophy_au","authority_rule_assignment_not_yet_applied_to_biomass"
"PEG_BVOL2026_stage5_v1",840627,"Tripos furca","Tripos","Dinophyceae","DINOPHYTA (PYRROPHYTA)","AU",2,"dinoflagellate_autotroph","","autotroph",FALSE,"not_resolved","not_phaeocystis","peg_class_dinophyceae_and_trophy_au","authority_rule_assignment_not_yet_applied_to_biomass"
"PEG_BVOL2026_stage5_v1",840627,"Tripos furca","Tripos","Dinophyceae","DINOPHYTA (PYRROPHYTA)","AU",3,"dinoflagellate_autotroph","","autotroph",FALSE,"not_resolved","not_phaeocystis","peg_class_dinophyceae_and_trophy_au","authority_rule_assignment_not_yet_applied_to_biomass"
"PEG_BVOL2026_stage5_v1",840626,"Tripos fusus","Tripos","Dinophyceae","DINOPHYTA (PYRROPHYTA)","AU",1,"dinoflagellate_autotroph","","autotroph",FALSE,"not_resolved","not_phaeocystis","peg_class_dinophyceae_and_trophy_au","authority_rule_assignment_not_yet_applied_to_biomass"
"PEG_BVOL2026_stage5_v1",840626,"Tripos fusus","Tripos","Dinophyceae","DINOPHYTA (PYRROPHYTA)","AU",2,"dinoflagellate_autotroph","","autotroph",FALSE,"not_resolved","not_phaeocystis","peg_class_dinophyceae_and_trophy_au","authority_rule_assignment_not_yet_applied_to_biomass"
"PEG_BVOL2026_stage5_v1",837453,"Tripos horridus","Tripos","Dinophyceae","DINOPHYTA (PYRROPHYTA)","AU",1,"dinoflagellate_autotroph","","autotroph",FALSE,"not_resolved","not_phaeocystis","peg_class_dinophyceae_and_trophy_au","authority_rule_assignment_not_yet_applied_to_biomass"
"PEG_BVOL2026_stage5_v1",837453,"Tripos horridus","Tripos","Dinophyceae","DINOPHYTA (PYRROPHYTA)","AU",2,"dinoflagellate_autotroph","","autotroph",FALSE,"not_resolved","not_phaeocystis","peg_class_dinophyceae_and_trophy_au","authority_rule_assignment_not_yet_applied_to_biomass"
"PEG_BVOL2026_stage5_v1",837453,"Tripos horridus","Tripos","Dinophyceae","DINOPHYTA (PYRROPHYTA)","AU",3,"dinoflagellate_autotroph","","autotroph",FALSE,"not_resolved","not_phaeocystis","peg_class_dinophyceae_and_trophy_au","authority_rule_assignment_not_yet_applied_to_biomass"
"PEG_BVOL2026_stage5_v1",837459,"Tripos lineatus","Tripos","Dinophyceae","DINOPHYTA (PYRROPHYTA)","AU",1,"dinoflagellate_autotroph","","autotroph",FALSE,"not_resolved","not_phaeocystis","peg_class_dinophyceae_and_trophy_au","authority_rule_assignment_not_yet_applied_to_biomass"
"PEG_BVOL2026_stage5_v1",837459,"Tripos lineatus","Tripos","Dinophyceae","DINOPHYTA (PYRROPHYTA)","AU",2,"dinoflagellate_autotroph","","autotroph",FALSE,"not_resolved","not_phaeocystis","peg_class_dinophyceae_and_trophy_au","authority_rule_assignment_not_yet_applied_to_biomass"
"PEG_BVOL2026_stage5_v1",837459,"Tripos lineatus","Tripos","Dinophyceae","DINOPHYTA (PYRROPHYTA)","AU",3,"dinoflagellate_autotroph","","autotroph",FALSE,"not_resolved","not_phaeocystis","peg_class_dinophyceae_and_trophy_au","authority_rule_assignment_not_yet_applied_to_biomass"
"PEG_BVOL2026_stage5_v1",837459,"Tripos lineatus","Tripos","Dinophyceae","DINOPHYTA (PYRROPHYTA)","AU",4,"dinoflagellate_autotroph","","autotroph",FALSE,"not_resolved","not_phaeocystis","peg_class_dinophyceae_and_trophy_au","authority_rule_assignment_not_yet_applied_to_biomass"
"PEG_BVOL2026_stage5_v1",837459,"Tripos lineatus","Tripos","Dinophyceae","DINOPHYTA (PYRROPHYTA)","AU",5,"dinoflagellate_autotroph","","autotroph",FALSE,"not_resolved","not_phaeocystis","peg_class_dinophyceae_and_trophy_au","authority_rule_assignment_not_yet_applied_to_biomass"
"PEG_BVOL2026_stage5_v1",841259,"Tripos longipes","Tripos","Dinophyceae","DINOPHYTA (PYRROPHYTA)","AU",1,"dinoflagellate_autotroph","","autotroph",FALSE,"not_resolved","not_phaeocystis","peg_class_dinophyceae_and_trophy_au","authority_rule_assignment_not_yet_applied_to_biomass"
"PEG_BVOL2026_stage5_v1",841259,"Tripos longipes","Tripos","Dinophyceae","DINOPHYTA (PYRROPHYTA)","AU",2,"dinoflagellate_autotroph","","autotroph",FALSE,"not_resolved","not_phaeocystis","peg_class_dinophyceae_and_trophy_au","authority_rule_assignment_not_yet_applied_to_biomass"
"PEG_BVOL2026_stage5_v1",841260,"Tripos macroceros","Tripos","Dinophyceae","DINOPHYTA (PYRROPHYTA)","AU",1,"dinoflagellate_autotroph","","autotroph",FALSE,"not_resolved","not_phaeocystis","peg_class_dinophyceae_and_trophy_au","authority_rule_assignment_not_yet_applied_to_biomass"
"PEG_BVOL2026_stage5_v1",841260,"Tripos macroceros","Tripos","Dinophyceae","DINOPHYTA (PYRROPHYTA)","AU",2,"dinoflagellate_autotroph","","autotroph",FALSE,"not_resolved","not_phaeocystis","peg_class_dinophyceae_and_trophy_au","authority_rule_assignment_not_yet_applied_to_biomass"
"PEG_BVOL2026_stage5_v1",495363,"Tripos muelleri","Tripos","Dinophyceae","DINOPHYTA (PYRROPHYTA)","AU",1,"dinoflagellate_autotroph","","autotroph",FALSE,"not_resolved","not_phaeocystis","peg_class_dinophyceae_and_trophy_au","authority_rule_assignment_not_yet_applied_to_biomass"
"PEG_BVOL2026_stage5_v1",495363,"Tripos muelleri","Tripos","Dinophyceae","DINOPHYTA (PYRROPHYTA)","AU",2,"dinoflagellate_autotroph","","autotroph",FALSE,"not_resolved","not_phaeocystis","peg_class_dinophyceae_and_trophy_au","authority_rule_assignment_not_yet_applied_to_biomass"
"PEG_BVOL2026_stage5_v1",495363,"Tripos muelleri","Tripos","Dinophyceae","DINOPHYTA (PYRROPHYTA)","AU",3,"dinoflagellate_autotroph","","autotroph",FALSE,"not_resolved","not_phaeocystis","peg_class_dinophyceae_and_trophy_au","authority_rule_assignment_not_yet_applied_to_biomass"
"PEG_BVOL2026_stage5_v1",495363,"Tripos muelleri","Tripos","Dinophyceae","DINOPHYTA (PYRROPHYTA)","AU",4,"dinoflagellate_autotroph","","autotroph",FALSE,"not_resolved","not_phaeocystis","peg_class_dinophyceae_and_trophy_au","authority_rule_assignment_not_yet_applied_to_biomass"
"PEG_BVOL2026_stage5_v1",495363,"Tripos muelleri","Tripos","Dinophyceae","DINOPHYTA (PYRROPHYTA)","AU",5,"dinoflagellate_autotroph","","autotroph",FALSE,"not_resolved","not_phaeocystis","peg_class_dinophyceae_and_trophy_au","authority_rule_assignment_not_yet_applied_to_biomass"
"PEG_BVOL2026_stage5_v1",495363,"Tripos muelleri","Tripos","Dinophyceae","DINOPHYTA (PYRROPHYTA)","AU",6,"dinoflagellate_autotroph","","autotroph",FALSE,"not_resolved","not_phaeocystis","peg_class_dinophyceae_and_trophy_au","authority_rule_assignment_not_yet_applied_to_biomass"
"PEG_BVOL2026_stage5_v1",494057,"Tripos","Tripos","Dinophyceae","DINOPHYTA (PYRROPHYTA)","AU",1,"dinoflagellate_autotroph","","autotroph",FALSE,"not_resolved","not_phaeocystis","peg_class_dinophyceae_and_trophy_au","authority_rule_assignment_not_yet_applied_to_biomass"
"PEG_BVOL2026_stage5_v1",109705,"Fragilidium subglobosum","Fragilidium","Dinophyceae","DINOPHYTA (PYRROPHYTA)","AU",1,"dinoflagellate_autotroph","","autotroph",FALSE,"not_resolved","not_phaeocystis","peg_class_dinophyceae_and_trophy_au","authority_rule_assignment_not_yet_applied_to_biomass"
"PEG_BVOL2026_stage5_v1",109705,"Fragilidium subglobosum","Fragilidium","Dinophyceae","DINOPHYTA (PYRROPHYTA)","AU",2,"dinoflagellate_autotroph","","autotroph",FALSE,"not_resolved","not_phaeocystis","peg_class_dinophyceae_and_trophy_au","authority_rule_assignment_not_yet_applied_to_biomass"
"PEG_BVOL2026_stage5_v1",109468,"Fragilidium","Fragilidium","Dinophyceae","DINOPHYTA (PYRROPHYTA)","AU",1,"dinoflagellate_autotroph","","autotroph",FALSE,"not_resolved","not_phaeocystis","peg_class_dinophyceae_and_trophy_au","authority_rule_assignment_not_yet_applied_to_biomass"
"PEG_BVOL2026_stage5_v1",110015,"Gonyaulax digitale","Gonyaulax","Dinophyceae","DINOPHYTA (PYRROPHYTA)","AU",1,"dinoflagellate_autotroph","","autotroph",FALSE,"not_resolved","not_phaeocystis","peg_class_dinophyceae_and_trophy_au","authority_rule_assignment_not_yet_applied_to_biomass"
"PEG_BVOL2026_stage5_v1",110015,"Gonyaulax digitale","Gonyaulax","Dinophyceae","DINOPHYTA (PYRROPHYTA)","AU",2,"dinoflagellate_autotroph","","autotroph",FALSE,"not_resolved","not_phaeocystis","peg_class_dinophyceae_and_trophy_au","authority_rule_assignment_not_yet_applied_to_biomass"
"PEG_BVOL2026_stage5_v1",110015,"Gonyaulax digitale","Gonyaulax","Dinophyceae","DINOPHYTA (PYRROPHYTA)","AU",3,"dinoflagellate_autotroph","","autotroph",FALSE,"not_resolved","not_phaeocystis","peg_class_dinophyceae_and_trophy_au","authority_rule_assignment_not_yet_applied_to_biomass"
"PEG_BVOL2026_stage5_v1",110035,"Gonyaulax polygramma","Gonyaulax","Dinophyceae","DINOPHYTA (PYRROPHYTA)","AU",1,"dinoflagellate_autotroph","","autotroph",FALSE,"not_resolved","not_phaeocystis","peg_class_dinophyceae_and_trophy_au","authority_rule_assignment_not_yet_applied_to_biomass"
"PEG_BVOL2026_stage5_v1",110039,"Gonyaulax scrippsae","Gonyaulax","Dinophyceae","DINOPHYTA (PYRROPHYTA)","AU",1,"dinoflagellate_autotroph","","autotroph",FALSE,"not_resolved","not_phaeocystis","peg_class_dinophyceae_and_trophy_au","authority_rule_assignment_not_yet_applied_to_biomass"
"PEG_BVOL2026_stage5_v1",110041,"Gonyaulax spinifera","Gonyaulax","Dinophyceae","DINOPHYTA (PYRROPHYTA)","AU",1,"dinoflagellate_autotroph","","autotroph",FALSE,"not_resolved","not_phaeocystis","peg_class_dinophyceae_and_trophy_au","authority_rule_assignment_not_yet_applied_to_biomass"
"PEG_BVOL2026_stage5_v1",110041,"Gonyaulax spinifera","Gonyaulax","Dinophyceae","DINOPHYTA (PYRROPHYTA)","AU",2,"dinoflagellate_autotroph","","autotroph",FALSE,"not_resolved","not_phaeocystis","peg_class_dinophyceae_and_trophy_au","authority_rule_assignment_not_yet_applied_to_biomass"
"PEG_BVOL2026_stage5_v1",110041,"Gonyaulax spinifera","Gonyaulax","Dinophyceae","DINOPHYTA (PYRROPHYTA)","AU",3,"dinoflagellate_autotroph","","autotroph",FALSE,"not_resolved","not_phaeocystis","peg_class_dinophyceae_and_trophy_au","authority_rule_assignment_not_yet_applied_to_biomass"
"PEG_BVOL2026_stage5_v1",109519,"Gonyaulax","Gonyaulax","Dinophyceae","DINOPHYTA (PYRROPHYTA)","AU",1,"dinoflagellate_autotroph","","autotroph",FALSE,"not_resolved","not_phaeocystis","peg_class_dinophyceae_and_trophy_au","authority_rule_assignment_not_yet_applied_to_biomass"
"PEG_BVOL2026_stage5_v1",109519,"Gonyaulax","Gonyaulax","Dinophyceae","DINOPHYTA (PYRROPHYTA)","AU",2,"dinoflagellate_autotroph","","autotroph",FALSE,"not_resolved","not_phaeocystis","peg_class_dinophyceae_and_trophy_au","authority_rule_assignment_not_yet_applied_to_biomass"
"PEG_BVOL2026_stage5_v1",109519,"Gonyaulax","Gonyaulax","Dinophyceae","DINOPHYTA (PYRROPHYTA)","AU",3,"dinoflagellate_autotroph","","autotroph",FALSE,"not_resolved","not_phaeocystis","peg_class_dinophyceae_and_trophy_au","authority_rule_assignment_not_yet_applied_to_biomass"
"PEG_BVOL2026_stage5_v1",109519,"Gonyaulax","Gonyaulax","Dinophyceae","DINOPHYTA (PYRROPHYTA)","AU",4,"dinoflagellate_autotroph","","autotroph",FALSE,"not_resolved","not_phaeocystis","peg_class_dinophyceae_and_trophy_au","authority_rule_assignment_not_yet_applied_to_biomass"
"PEG_BVOL2026_stage5_v1",109519,"Gonyaulax","Gonyaulax","Dinophyceae","DINOPHYTA (PYRROPHYTA)","AU",5,"dinoflagellate_autotroph","","autotroph",FALSE,"not_resolved","not_phaeocystis","peg_class_dinophyceae_and_trophy_au","authority_rule_assignment_not_yet_applied_to_biomass"
"PEG_BVOL2026_stage5_v1",109519,"Gonyaulax","Gonyaulax","Dinophyceae","DINOPHYTA (PYRROPHYTA)","AU",6,"dinoflagellate_autotroph","","autotroph",FALSE,"not_resolved","not_phaeocystis","peg_class_dinophyceae_and_trophy_au","authority_rule_assignment_not_yet_applied_to_biomass"
"PEG_BVOL2026_stage5_v1",109519,"Gonyaulax","Gonyaulax","Dinophyceae","DINOPHYTA (PYRROPHYTA)","AU",7,"dinoflagellate_autotroph","","autotroph",FALSE,"not_resolved","not_phaeocystis","peg_class_dinophyceae_and_trophy_au","authority_rule_assignment_not_yet_applied_to_biomass"
"PEG_BVOL2026_stage5_v1",109519,"Gonyaulax","Gonyaulax","Dinophyceae","DINOPHYTA (PYRROPHYTA)","AU",8,"dinoflagellate_autotroph","","autotroph",FALSE,"not_resolved","not_phaeocystis","peg_class_dinophyceae_and_trophy_au","authority_rule_assignment_not_yet_applied_to_biomass"
"PEG_BVOL2026_stage5_v1",109519,"Gonyaulax","Gonyaulax","Dinophyceae","DINOPHYTA (PYRROPHYTA)","AU",9,"dinoflagellate_autotroph","","autotroph",FALSE,"not_resolved","not_phaeocystis","peg_class_dinophyceae_and_trophy_au","authority_rule_assignment_not_yet_applied_to_biomass"
"PEG_BVOL2026_stage5_v1",109519,"Gonyaulax","Gonyaulax","Dinophyceae","DINOPHYTA (PYRROPHYTA)","AU",10,"dinoflagellate_autotroph","","autotroph",FALSE,"not_resolved","not_phaeocystis","peg_class_dinophyceae_and_trophy_au","authority_rule_assignment_not_yet_applied_to_biomass"
"PEG_BVOL2026_stage5_v1",1778370,"Lingulaulax polyedra","Lingulaulax","Dinophyceae","DINOPHYTA (PYRROPHYTA)","AU",5,"dinoflagellate_autotroph","","autotroph",FALSE,"not_resolved","not_phaeocystis","peg_class_dinophyceae_and_trophy_au","authority_rule_assignment_not_yet_applied_to_biomass"
"PEG_BVOL2026_stage5_v1",1778370,"Lingulaulax polyedra","Lingulaulax","Dinophyceae","DINOPHYTA (PYRROPHYTA)","AU",6,"dinoflagellate_autotroph","","autotroph",FALSE,"not_resolved","not_phaeocystis","peg_class_dinophyceae_and_trophy_au","authority_rule_assignment_not_yet_applied_to_biomass"
"PEG_BVOL2026_stage5_v1",1778370,"Lingulaulax polyedra","Lingulaulax","Dinophyceae","DINOPHYTA (PYRROPHYTA)","AU",7,"dinoflagellate_autotroph","","autotroph",FALSE,"not_resolved","not_phaeocystis","peg_class_dinophyceae_and_trophy_au","authority_rule_assignment_not_yet_applied_to_biomass"
"PEG_BVOL2026_stage5_v1",1778370,"Lingulaulax polyedra","Lingulaulax","Dinophyceae","DINOPHYTA (PYRROPHYTA)","AU",8,"dinoflagellate_autotroph","","autotroph",FALSE,"not_resolved","not_phaeocystis","peg_class_dinophyceae_and_trophy_au","authority_rule_assignment_not_yet_applied_to_biomass"
"PEG_BVOL2026_stage5_v1",109992,"Micracanthodinium claytonii","Micracanthodinium","Dinophyceae","DINOPHYTA (PYRROPHYTA)","AU",1,"dinoflagellate_autotroph","","autotroph",FALSE,"not_resolved","not_phaeocystis","peg_class_dinophyceae_and_trophy_au","authority_rule_assignment_not_yet_applied_to_biomass"
"PEG_BVOL2026_stage5_v1",109992,"Micracanthodinium claytonii","Micracanthodinium","Dinophyceae","DINOPHYTA (PYRROPHYTA)","AU",2,"dinoflagellate_autotroph","","autotroph",FALSE,"not_resolved","not_phaeocystis","peg_class_dinophyceae_and_trophy_au","authority_rule_assignment_not_yet_applied_to_biomass"
"PEG_BVOL2026_stage5_v1",109993,"Micracanthodinium setiferum","Micracanthodinium","Dinophyceae","DINOPHYTA (PYRROPHYTA)","AU",1,"dinoflagellate_autotroph","","autotroph",FALSE,"not_resolved","not_phaeocystis","peg_class_dinophyceae_and_trophy_au","authority_rule_assignment_not_yet_applied_to_biomass"
"PEG_BVOL2026_stage5_v1",109993,"Micracanthodinium setiferum","Micracanthodinium","Dinophyceae","DINOPHYTA (PYRROPHYTA)","AU",2,"dinoflagellate_autotroph","","autotroph",FALSE,"not_resolved","not_phaeocystis","peg_class_dinophyceae_and_trophy_au","authority_rule_assignment_not_yet_applied_to_biomass"
"PEG_BVOL2026_stage5_v1",109993,"Micracanthodinium setiferum","Micracanthodinium","Dinophyceae","DINOPHYTA (PYRROPHYTA)","AU",3,"dinoflagellate_autotroph","","autotroph",FALSE,"not_resolved","not_phaeocystis","peg_class_dinophyceae_and_trophy_au","authority_rule_assignment_not_yet_applied_to_biomass"
"PEG_BVOL2026_stage5_v1",109993,"Micracanthodinium setiferum","Micracanthodinium","Dinophyceae","DINOPHYTA (PYRROPHYTA)","AU",4,"dinoflagellate_autotroph","","autotroph",FALSE,"not_resolved","not_phaeocystis","peg_class_dinophyceae_and_trophy_au","authority_rule_assignment_not_yet_applied_to_biomass"
"PEG_BVOL2026_stage5_v1",109510,"Micracanthodinium","Micracanthodinium","Dinophyceae","DINOPHYTA (PYRROPHYTA)","AU",1,"dinoflagellate_autotroph","","autotroph",FALSE,"not_resolved","not_phaeocystis","peg_class_dinophyceae_and_trophy_au","authority_rule_assignment_not_yet_applied_to_biomass"
"PEG_BVOL2026_stage5_v1",109510,"Micracanthodinium","Micracanthodinium","Dinophyceae","DINOPHYTA (PYRROPHYTA)","AU",2,"dinoflagellate_autotroph","","autotroph",FALSE,"not_resolved","not_phaeocystis","peg_class_dinophyceae_and_trophy_au","authority_rule_assignment_not_yet_applied_to_biomass"
"PEG_BVOL2026_stage5_v1",109510,"Micracanthodinium","Micracanthodinium","Dinophyceae","DINOPHYTA (PYRROPHYTA)","AU",3,"dinoflagellate_autotroph","","autotroph",FALSE,"not_resolved","not_phaeocystis","peg_class_dinophyceae_and_trophy_au","authority_rule_assignment_not_yet_applied_to_biomass"
"PEG_BVOL2026_stage5_v1",109510,"Micracanthodinium","Micracanthodinium","Dinophyceae","DINOPHYTA (PYRROPHYTA)","AU",4,"dinoflagellate_autotroph","","autotroph",FALSE,"not_resolved","not_phaeocystis","peg_class_dinophyceae_and_trophy_au","authority_rule_assignment_not_yet_applied_to_biomass"
"PEG_BVOL2026_stage5_v1",110156,"Peridiniella catenata","Peridiniella","Dinophyceae","DINOPHYTA (PYRROPHYTA)","AU",1,"dinoflagellate_autotroph","","autotroph",FALSE,"not_resolved","not_phaeocystis","peg_class_dinophyceae_and_trophy_au","authority_rule_assignment_not_yet_applied_to_biomass"
"PEG_BVOL2026_stage5_v1",110156,"Peridiniella catenata","Peridiniella","Dinophyceae","DINOPHYTA (PYRROPHYTA)","AU",2,"dinoflagellate_autotroph","","autotroph",FALSE,"not_resolved","not_phaeocystis","peg_class_dinophyceae_and_trophy_au","authority_rule_assignment_not_yet_applied_to_biomass"
"PEG_BVOL2026_stage5_v1",110156,"Peridiniella catenata","Peridiniella","Dinophyceae","DINOPHYTA (PYRROPHYTA)","AU",3,"dinoflagellate_autotroph","","autotroph",FALSE,"not_resolved","not_phaeocystis","peg_class_dinophyceae_and_trophy_au","authority_rule_assignment_not_yet_applied_to_biomass"
"PEG_BVOL2026_stage5_v1",110156,"Peridiniella catenata","Peridiniella","Dinophyceae","DINOPHYTA (PYRROPHYTA)","AU",4,"dinoflagellate_autotroph","","autotroph",FALSE,"not_resolved","not_phaeocystis","peg_class_dinophyceae_and_trophy_au","authority_rule_assignment_not_yet_applied_to_biomass"
"PEG_BVOL2026_stage5_v1",110156,"Peridiniella catenata","Peridiniella","Dinophyceae","DINOPHYTA (PYRROPHYTA)","AU",5,"dinoflagellate_autotroph","","autotroph",FALSE,"not_resolved","not_phaeocystis","peg_class_dinophyceae_and_trophy_au","authority_rule_assignment_not_yet_applied_to_biomass"
"PEG_BVOL2026_stage5_v1",233369,"Peridiniella danica","Peridiniella","Dinophyceae","DINOPHYTA (PYRROPHYTA)","HT",1,"heterotroph_or_mixotroph_uncertain","dinoflagellate_trophy_uncertain","heterotroph",TRUE,"not_resolved","not_phaeocystis","peg_trophy_ht_or_mx","authority_rule_assignment_not_yet_applied_to_biomass"
"PEG_BVOL2026_stage5_v1",110321,"Protoceratium reticulatum","Protoceratium","Dinophyceae","DINOPHYTA (PYRROPHYTA)","AU",1,"dinoflagellate_autotroph","","autotroph",FALSE,"not_resolved","not_phaeocystis","peg_class_dinophyceae_and_trophy_au","authority_rule_assignment_not_yet_applied_to_biomass"
"PEG_BVOL2026_stage5_v1",110321,"Protoceratium reticulatum","Protoceratium","Dinophyceae","DINOPHYTA (PYRROPHYTA)","AU",2,"dinoflagellate_autotroph","","autotroph",FALSE,"not_resolved","not_phaeocystis","peg_class_dinophyceae_and_trophy_au","authority_rule_assignment_not_yet_applied_to_biomass"
"PEG_BVOL2026_stage5_v1",110321,"Protoceratium reticulatum","Protoceratium","Dinophyceae","DINOPHYTA (PYRROPHYTA)","AU",3,"dinoflagellate_autotroph","","autotroph",FALSE,"not_resolved","not_phaeocystis","peg_class_dinophyceae_and_trophy_au","authority_rule_assignment_not_yet_applied_to_biomass"
"PEG_BVOL2026_stage5_v1",110321,"Protoceratium reticulatum","Protoceratium","Dinophyceae","DINOPHYTA (PYRROPHYTA)","AU",4,"dinoflagellate_autotroph","","autotroph",FALSE,"not_resolved","not_phaeocystis","peg_class_dinophyceae_and_trophy_au","authority_rule_assignment_not_yet_applied_to_biomass"
"PEG_BVOL2026_stage5_v1",232598,"Pyrophacus horologium","Pyrophacus","Dinophyceae","DINOPHYTA (PYRROPHYTA)","AU",1,"dinoflagellate_autotroph","","autotroph",FALSE,"not_resolved","not_phaeocystis","peg_class_dinophyceae_and_trophy_au","authority_rule_assignment_not_yet_applied_to_biomass"
"PEG_BVOL2026_stage5_v1",232598,"Pyrophacus horologium","Pyrophacus","Dinophyceae","DINOPHYTA (PYRROPHYTA)","AU",2,"dinoflagellate_autotroph","","autotroph",FALSE,"not_resolved","not_phaeocystis","peg_class_dinophyceae_and_trophy_au","authority_rule_assignment_not_yet_applied_to_biomass"
"PEG_BVOL2026_stage5_v1",232598,"Pyrophacus horologium","Pyrophacus","Dinophyceae","DINOPHYTA (PYRROPHYTA)","AU",3,"dinoflagellate_autotroph","","autotroph",FALSE,"not_resolved","not_phaeocystis","peg_class_dinophyceae_and_trophy_au","authority_rule_assignment_not_yet_applied_to_biomass"
"PEG_BVOL2026_stage5_v1",232598,"Pyrophacus horologium","Pyrophacus","Dinophyceae","DINOPHYTA (PYRROPHYTA)","AU",4,"dinoflagellate_autotroph","","autotroph",FALSE,"not_resolved","not_phaeocystis","peg_class_dinophyceae_and_trophy_au","authority_rule_assignment_not_yet_applied_to_biomass"
"PEG_BVOL2026_stage5_v1",1760858,"Sourniaea diacantha","Sourniaea","Dinophyceae","DINOPHYTA (PYRROPHYTA)","AU",1,"dinoflagellate_autotroph","","autotroph",FALSE,"not_resolved","not_phaeocystis","peg_class_dinophyceae_and_trophy_au","authority_rule_assignment_not_yet_applied_to_biomass"
"PEG_BVOL2026_stage5_v1",1760858,"Sourniaea diacantha","Sourniaea","Dinophyceae","DINOPHYTA (PYRROPHYTA)","AU",2,"dinoflagellate_autotroph","","autotroph",FALSE,"not_resolved","not_phaeocystis","peg_class_dinophyceae_and_trophy_au","authority_rule_assignment_not_yet_applied_to_biomass"
"PEG_BVOL2026_stage5_v1",1760858,"Sourniaea diacantha","Sourniaea","Dinophyceae","DINOPHYTA (PYRROPHYTA)","AU",3,"dinoflagellate_autotroph","","autotroph",FALSE,"not_resolved","not_phaeocystis","peg_class_dinophyceae_and_trophy_au","authority_rule_assignment_not_yet_applied_to_biomass"
"PEG_BVOL2026_stage5_v1",1760858,"Sourniaea diacantha","Sourniaea","Dinophyceae","DINOPHYTA (PYRROPHYTA)","AU",4,"dinoflagellate_autotroph","","autotroph",FALSE,"not_resolved","not_phaeocystis","peg_class_dinophyceae_and_trophy_au","authority_rule_assignment_not_yet_applied_to_biomass"
"PEG_BVOL2026_stage5_v1",1760858,"Sourniaea diacantha","Sourniaea","Dinophyceae","DINOPHYTA (PYRROPHYTA)","AU",5,"dinoflagellate_autotroph","","autotroph",FALSE,"not_resolved","not_phaeocystis","peg_class_dinophyceae_and_trophy_au","authority_rule_assignment_not_yet_applied_to_biomass"
"PEG_BVOL2026_stage5_v1",232546,"Akashiwo sanguinea","Akashiwo","Dinophyceae","DINOPHYTA (PYRROPHYTA)","AU",1,"dinoflagellate_autotroph","","autotroph",FALSE,"not_resolved","not_phaeocystis","peg_class_dinophyceae_and_trophy_au","authority_rule_assignment_not_yet_applied_to_biomass"
"PEG_BVOL2026_stage5_v1",232546,"Akashiwo sanguinea","Akashiwo","Dinophyceae","DINOPHYTA (PYRROPHYTA)","AU",2,"dinoflagellate_autotroph","","autotroph",FALSE,"not_resolved","not_phaeocystis","peg_class_dinophyceae_and_trophy_au","authority_rule_assignment_not_yet_applied_to_biomass"
"PEG_BVOL2026_stage5_v1",232546,"Akashiwo sanguinea","Akashiwo","Dinophyceae","DINOPHYTA (PYRROPHYTA)","AU",3,"dinoflagellate_autotroph","","autotroph",FALSE,"not_resolved","not_phaeocystis","peg_class_dinophyceae_and_trophy_au","authority_rule_assignment_not_yet_applied_to_biomass"
"PEG_BVOL2026_stage5_v1",232546,"Akashiwo sanguinea","Akashiwo","Dinophyceae","DINOPHYTA (PYRROPHYTA)","AU",4,"dinoflagellate_autotroph","","autotroph",FALSE,"not_resolved","not_phaeocystis","peg_class_dinophyceae_and_trophy_au","authority_rule_assignment_not_yet_applied_to_biomass"
"PEG_BVOL2026_stage5_v1",232546,"Akashiwo sanguinea","Akashiwo","Dinophyceae","DINOPHYTA (PYRROPHYTA)","AU",5,"dinoflagellate_autotroph","","autotroph",FALSE,"not_resolved","not_phaeocystis","peg_class_dinophyceae_and_trophy_au","authority_rule_assignment_not_yet_applied_to_biomass"
"PEG_BVOL2026_stage5_v1",232546,"Akashiwo sanguinea","Akashiwo","Dinophyceae","DINOPHYTA (PYRROPHYTA)","AU",6,"dinoflagellate_autotroph","","autotroph",FALSE,"not_resolved","not_phaeocystis","peg_class_dinophyceae_and_trophy_au","authority_rule_assignment_not_yet_applied_to_biomass"
"PEG_BVOL2026_stage5_v1",1633651,"Balechina gracilis","Balechina","Dinophyceae","DINOPHYTA (PYRROPHYTA)","HT",1,"heterotroph_or_mixotroph_uncertain","dinoflagellate_trophy_uncertain","heterotroph",TRUE,"not_resolved","not_phaeocystis","peg_trophy_ht_or_mx","authority_rule_assignment_not_yet_applied_to_biomass"
"PEG_BVOL2026_stage5_v1",1633651,"Balechina gracilis","Balechina","Dinophyceae","DINOPHYTA (PYRROPHYTA)","HT",2,"heterotroph_or_mixotroph_uncertain","dinoflagellate_trophy_uncertain","heterotroph",TRUE,"not_resolved","not_phaeocystis","peg_trophy_ht_or_mx","authority_rule_assignment_not_yet_applied_to_biomass"
"PEG_BVOL2026_stage5_v1",1633651,"Balechina gracilis","Balechina","Dinophyceae","DINOPHYTA (PYRROPHYTA)","HT",3,"heterotroph_or_mixotroph_uncertain","dinoflagellate_trophy_uncertain","heterotroph",TRUE,"not_resolved","not_phaeocystis","peg_trophy_ht_or_mx","authority_rule_assignment_not_yet_applied_to_biomass"
"PEG_BVOL2026_stage5_v1",1633651,"Balechina gracilis","Balechina","Dinophyceae","DINOPHYTA (PYRROPHYTA)","HT",4,"heterotroph_or_mixotroph_uncertain","dinoflagellate_trophy_uncertain","heterotroph",TRUE,"not_resolved","not_phaeocystis","peg_trophy_ht_or_mx","authority_rule_assignment_not_yet_applied_to_biomass"
"PEG_BVOL2026_stage5_v1",1371463,"Barrufeta resplendens","Barrufeta","Dinophyceae","DINOPHYTA (PYRROPHYTA)","AU",1,"dinoflagellate_autotroph","","autotroph",FALSE,"not_resolved","not_phaeocystis","peg_class_dinophyceae_and_trophy_au","authority_rule_assignment_not_yet_applied_to_biomass"
"PEG_BVOL2026_stage5_v1",109766,"Cochlodinium helicoides","Cochlodinium","Dinophyceae","DINOPHYTA (PYRROPHYTA)","AU",1,"dinoflagellate_autotroph","","autotroph",FALSE,"not_resolved","not_phaeocystis","peg_class_dinophyceae_and_trophy_au","authority_rule_assignment_not_yet_applied_to_biomass"
"PEG_BVOL2026_stage5_v1",109773,"Cochlodinium pupa","Cochlodinium","Dinophyceae","DINOPHYTA (PYRROPHYTA)","AU",1,"dinoflagellate_autotroph","","autotroph",FALSE,"not_resolved","not_phaeocystis","peg_class_dinophyceae_and_trophy_au","authority_rule_assignment_not_yet_applied_to_biomass"
"PEG_BVOL2026_stage5_v1",109474,"Cochlodinium","Cochlodinium","Dinophyceae","DINOPHYTA (PYRROPHYTA)","HT",1,"heterotroph_or_mixotroph_uncertain","dinoflagellate_trophy_uncertain","heterotroph",TRUE,"not_resolved","not_phaeocystis","peg_trophy_ht_or_mx","authority_rule_assignment_not_yet_applied_to_biomass"
"PEG_BVOL2026_stage5_v1",109474,"Cochlodinium","Cochlodinium","Dinophyceae","DINOPHYTA (PYRROPHYTA)","HT",2,"heterotroph_or_mixotroph_uncertain","dinoflagellate_trophy_uncertain","heterotroph",TRUE,"not_resolved","not_phaeocystis","peg_trophy_ht_or_mx","authority_rule_assignment_not_yet_applied_to_biomass"
"PEG_BVOL2026_stage5_v1",109474,"Cochlodinium","Cochlodinium","Dinophyceae","DINOPHYTA (PYRROPHYTA)","HT",3,"heterotroph_or_mixotroph_uncertain","dinoflagellate_trophy_uncertain","heterotroph",TRUE,"not_resolved","not_phaeocystis","peg_trophy_ht_or_mx","authority_rule_assignment_not_yet_applied_to_biomass"
"PEG_BVOL2026_stage5_v1",249714,"Gymnodinium albulum","Gymnodinium","Dinophyceae","DINOPHYTA (PYRROPHYTA)","AU",1,"dinoflagellate_autotroph","","autotroph",FALSE,"not_resolved","not_phaeocystis","peg_class_dinophyceae_and_trophy_au","authority_rule_assignment_not_yet_applied_to_biomass"
"PEG_BVOL2026_stage5_v1",232716,"Gymnodinium aureolum","Gymnodinium","Dinophyceae","DINOPHYTA (PYRROPHYTA)","AU",1,"dinoflagellate_autotroph","","autotroph",FALSE,"not_resolved","not_phaeocystis","peg_class_dinophyceae_and_trophy_au","authority_rule_assignment_not_yet_applied_to_biomass"
"PEG_BVOL2026_stage5_v1",232716,"Gymnodinium aureolum","Gymnodinium","Dinophyceae","DINOPHYTA (PYRROPHYTA)","AU",2,"dinoflagellate_autotroph","","autotroph",FALSE,"not_resolved","not_phaeocystis","peg_class_dinophyceae_and_trophy_au","authority_rule_assignment_not_yet_applied_to_biomass"
"PEG_BVOL2026_stage5_v1",623645,"Gymnodinium corollarium","Gymnodinium","Dinophyceae","DINOPHYTA (PYRROPHYTA)","AU",1,"dinoflagellate_autotroph","","autotroph",FALSE,"not_resolved","not_phaeocystis","peg_class_dinophyceae_and_trophy_au","authority_rule_assignment_not_yet_applied_to_biomass"
"PEG_BVOL2026_stage5_v1",623645,"Gymnodinium corollarium","Gymnodinium","Dinophyceae","DINOPHYTA (PYRROPHYTA)","AU",2,"dinoflagellate_autotroph","","autotroph",FALSE,"not_resolved","not_phaeocystis","peg_class_dinophyceae_and_trophy_au","authority_rule_assignment_not_yet_applied_to_biomass"
"PEG_BVOL2026_stage5_v1",623645,"Gymnodinium corollarium","Gymnodinium","Dinophyceae","DINOPHYTA (PYRROPHYTA)","AU",3,"dinoflagellate_autotroph","","autotroph",FALSE,"not_resolved","not_phaeocystis","peg_class_dinophyceae_and_trophy_au","authority_rule_assignment_not_yet_applied_to_biomass"
"PEG_BVOL2026_stage5_v1",623645,"Gymnodinium corollarium","Gymnodinium","Dinophyceae","DINOPHYTA (PYRROPHYTA)","AU",4,"dinoflagellate_autotroph","","autotroph",FALSE,"not_resolved","not_phaeocystis","peg_class_dinophyceae_and_trophy_au","authority_rule_assignment_not_yet_applied_to_biomass"
"PEG_BVOL2026_stage5_v1",623645,"Gymnodinium corollarium","Gymnodinium","Dinophyceae","DINOPHYTA (PYRROPHYTA)","AU",5,"dinoflagellate_autotroph","","autotroph",FALSE,"not_resolved","not_phaeocystis","peg_class_dinophyceae_and_trophy_au","authority_rule_assignment_not_yet_applied_to_biomass"
"PEG_BVOL2026_stage5_v1",623645,"Gymnodinium corollarium","Gymnodinium","Dinophyceae","DINOPHYTA (PYRROPHYTA)","AU",6,"dinoflagellate_autotroph","","autotroph",FALSE,"not_resolved","not_phaeocystis","peg_class_dinophyceae_and_trophy_au","authority_rule_assignment_not_yet_applied_to_biomass"
"PEG_BVOL2026_stage5_v1",623645,"Gymnodinium corollarium","Gymnodinium","Dinophyceae","DINOPHYTA (PYRROPHYTA)","AU",7,"dinoflagellate_autotroph","","autotroph",FALSE,"not_resolved","not_phaeocystis","peg_class_dinophyceae_and_trophy_au","authority_rule_assignment_not_yet_applied_to_biomass"
"PEG_BVOL2026_stage5_v1",623645,"Gymnodinium corollarium","Gymnodinium","Dinophyceae","DINOPHYTA (PYRROPHYTA)","AU",8,"dinoflagellate_autotroph","","autotroph",FALSE,"not_resolved","not_phaeocystis","peg_class_dinophyceae_and_trophy_au","authority_rule_assignment_not_yet_applied_to_biomass"
"PEG_BVOL2026_stage5_v1",232778,"Gymnodinium heterostriatum","Gymnodinium","Dinophyceae","DINOPHYTA (PYRROPHYTA)","HT",1,"heterotroph_or_mixotroph_uncertain","dinoflagellate_trophy_uncertain","heterotroph",TRUE,"not_resolved","not_phaeocystis","peg_trophy_ht_or_mx","authority_rule_assignment_not_yet_applied_to_biomass"
"PEG_BVOL2026_stage5_v1",109819,"Gymnodinium ostenfeldii","Gymnodinium","Dinophyceae","DINOPHYTA (PYRROPHYTA)","AU",1,"dinoflagellate_autotroph","","autotroph",FALSE,"not_resolved","not_phaeocystis","peg_class_dinophyceae_and_trophy_au","authority_rule_assignment_not_yet_applied_to_biomass"
"PEG_BVOL2026_stage5_v1",232869,"Gymnodinium stellatum","Gymnodinium","Dinophyceae","DINOPHYTA (PYRROPHYTA)","HT",1,"heterotroph_or_mixotroph_uncertain","dinoflagellate_trophy_uncertain","heterotroph",TRUE,"not_resolved","not_phaeocystis","peg_trophy_ht_or_mx","authority_rule_assignment_not_yet_applied_to_biomass"
"PEG_BVOL2026_stage5_v1",547469,"Gymnodinium venator","Gymnodinium","Dinophyceae","DINOPHYTA (PYRROPHYTA)","HT",1,"heterotroph_or_mixotroph_uncertain","dinoflagellate_trophy_uncertain","heterotroph",TRUE,"not_resolved","not_phaeocystis","peg_trophy_ht_or_mx","authority_rule_assignment_not_yet_applied_to_biomass"
"PEG_BVOL2026_stage5_v1",232880,"Gymnodinium verruculosum","Gymnodinium","Dinophyceae","DINOPHYTA (PYRROPHYTA)","AU",1,"dinoflagellate_autotroph","","autotroph",FALSE,"not_resolved","not_phaeocystis","peg_class_dinophyceae_and_trophy_au","authority_rule_assignment_not_yet_applied_to_biomass"
"PEG_BVOL2026_stage5_v1",109837,"Gymnodinium vestifici","Gymnodinium","Dinophyceae","DINOPHYTA (PYRROPHYTA)","HT",6,"heterotroph_or_mixotroph_uncertain","dinoflagellate_trophy_uncertain","heterotroph",TRUE,"not_resolved","not_phaeocystis","peg_trophy_ht_or_mx","authority_rule_assignment_not_yet_applied_to_biomass"
"PEG_BVOL2026_stage5_v1",109837,"Gymnodinium vestifici","Gymnodinium","Dinophyceae","DINOPHYTA (PYRROPHYTA)","HT",7,"heterotroph_or_mixotroph_uncertain","dinoflagellate_trophy_uncertain","heterotroph",TRUE,"not_resolved","not_phaeocystis","peg_trophy_ht_or_mx","authority_rule_assignment_not_yet_applied_to_biomass"
"PEG_BVOL2026_stage5_v1",109837,"Gymnodinium vestifici","Gymnodinium","Dinophyceae","DINOPHYTA (PYRROPHYTA)","HT",8,"heterotroph_or_mixotroph_uncertain","dinoflagellate_trophy_uncertain","heterotroph",TRUE,"not_resolved","not_phaeocystis","peg_trophy_ht_or_mx","authority_rule_assignment_not_yet_applied_to_biomass"
"PEG_BVOL2026_stage5_v1",109837,"Gymnodinium vestifici","Gymnodinium","Dinophyceae","DINOPHYTA (PYRROPHYTA)","HT",9,"heterotroph_or_mixotroph_uncertain","dinoflagellate_trophy_uncertain","heterotroph",TRUE,"not_resolved","not_phaeocystis","peg_trophy_ht_or_mx","authority_rule_assignment_not_yet_applied_to_biomass"
"PEG_BVOL2026_stage5_v1",109837,"Gymnodinium vestifici","Gymnodinium","Dinophyceae","DINOPHYTA (PYRROPHYTA)","HT",10,"heterotroph_or_mixotroph_uncertain","dinoflagellate_trophy_uncertain","heterotroph",TRUE,"not_resolved","not_phaeocystis","peg_trophy_ht_or_mx","authority_rule_assignment_not_yet_applied_to_biomass"
"PEG_BVOL2026_stage5_v1",109475,"Gymnodinium","Gymnodinium","Dinophyceae","DINOPHYTA (PYRROPHYTA)","AU",1,"dinoflagellate_autotroph","","autotroph",FALSE,"not_resolved","not_phaeocystis","peg_class_dinophyceae_and_trophy_au","authority_rule_assignment_not_yet_applied_to_biomass"
"PEG_BVOL2026_stage5_v1",109475,"Gymnodinium","Gymnodinium","Dinophyceae","DINOPHYTA (PYRROPHYTA)","AU",2,"dinoflagellate_autotroph","","autotroph",FALSE,"not_resolved","not_phaeocystis","peg_class_dinophyceae_and_trophy_au","authority_rule_assignment_not_yet_applied_to_biomass"
"PEG_BVOL2026_stage5_v1",109475,"Gymnodinium","Gymnodinium","Dinophyceae","DINOPHYTA (PYRROPHYTA)","AU",3,"dinoflagellate_autotroph","","autotroph",FALSE,"not_resolved","not_phaeocystis","peg_class_dinophyceae_and_trophy_au","authority_rule_assignment_not_yet_applied_to_biomass"
"PEG_BVOL2026_stage5_v1",109475,"Gymnodinium","Gymnodinium","Dinophyceae","DINOPHYTA (PYRROPHYTA)","AU",4,"dinoflagellate_autotroph","","autotroph",FALSE,"not_resolved","not_phaeocystis","peg_class_dinophyceae_and_trophy_au","authority_rule_assignment_not_yet_applied_to_biomass"
"PEG_BVOL2026_stage5_v1",109475,"Gymnodinium","Gymnodinium","Dinophyceae","DINOPHYTA (PYRROPHYTA)","AU",5,"dinoflagellate_autotroph","","autotroph",FALSE,"not_resolved","not_phaeocystis","peg_class_dinophyceae_and_trophy_au","authority_rule_assignment_not_yet_applied_to_biomass"
"PEG_BVOL2026_stage5_v1",109475,"Gymnodinium","Gymnodinium","Dinophyceae","DINOPHYTA (PYRROPHYTA)","AU",6,"dinoflagellate_autotroph","","autotroph",FALSE,"not_resolved","not_phaeocystis","peg_class_dinophyceae_and_trophy_au","authority_rule_assignment_not_yet_applied_to_biomass"
"PEG_BVOL2026_stage5_v1",109475,"Gymnodinium","Gymnodinium","Dinophyceae","DINOPHYTA (PYRROPHYTA)","AU",7,"dinoflagellate_autotroph","","autotroph",FALSE,"not_resolved","not_phaeocystis","peg_class_dinophyceae_and_trophy_au","authority_rule_assignment_not_yet_applied_to_biomass"
"PEG_BVOL2026_stage5_v1",109475,"Gymnodinium","Gymnodinium","Dinophyceae","DINOPHYTA (PYRROPHYTA)","AU",8,"dinoflagellate_autotroph","","autotroph",FALSE,"not_resolved","not_phaeocystis","peg_class_dinophyceae_and_trophy_au","authority_rule_assignment_not_yet_applied_to_biomass"
"PEG_BVOL2026_stage5_v1",109475,"Gymnodinium","Gymnodinium","Dinophyceae","DINOPHYTA (PYRROPHYTA)","AU",9,"dinoflagellate_autotroph","","autotroph",FALSE,"not_resolved","not_phaeocystis","peg_class_dinophyceae_and_trophy_au","authority_rule_assignment_not_yet_applied_to_biomass"
"PEG_BVOL2026_stage5_v1",109475,"Gymnodinium","Gymnodinium","Dinophyceae","DINOPHYTA (PYRROPHYTA)","AU",10,"dinoflagellate_autotroph","","autotroph",FALSE,"not_resolved","not_phaeocystis","peg_class_dinophyceae_and_trophy_au","authority_rule_assignment_not_yet_applied_to_biomass"
"PEG_BVOL2026_stage5_v1",109475,"Gymnodinium","Gymnodinium","Dinophyceae","DINOPHYTA (PYRROPHYTA)","AU",11,"dinoflagellate_autotroph","","autotroph",FALSE,"not_resolved","not_phaeocystis","peg_class_dinophyceae_and_trophy_au","authority_rule_assignment_not_yet_applied_to_biomass"
"PEG_BVOL2026_stage5_v1",109475,"Gymnodinium","Gymnodinium","Dinophyceae","DINOPHYTA (PYRROPHYTA)","AU",12,"dinoflagellate_autotroph","","autotroph",FALSE,"not_resolved","not_phaeocystis","peg_class_dinophyceae_and_trophy_au","authority_rule_assignment_not_yet_applied_to_biomass"
"PEG_BVOL2026_stage5_v1",109475,"Gymnodinium","Gymnodinium","Dinophyceae","DINOPHYTA (PYRROPHYTA)","AU",13,"dinoflagellate_autotroph","","autotroph",FALSE,"not_resolved","not_phaeocystis","peg_class_dinophyceae_and_trophy_au","authority_rule_assignment_not_yet_applied_to_biomass"
"PEG_BVOL2026_stage5_v1",109475,"Gymnodinium","Gymnodinium","Dinophyceae","DINOPHYTA (PYRROPHYTA)","AU",14,"dinoflagellate_autotroph","","autotroph",FALSE,"not_resolved","not_phaeocystis","peg_class_dinophyceae_and_trophy_au","authority_rule_assignment_not_yet_applied_to_biomass"
"PEG_BVOL2026_stage5_v1",109475,"Gymnodinium","Gymnodinium","Dinophyceae","DINOPHYTA (PYRROPHYTA)","AU",15,"dinoflagellate_autotroph","","autotroph",FALSE,"not_resolved","not_phaeocystis","peg_class_dinophyceae_and_trophy_au","authority_rule_assignment_not_yet_applied_to_biomass"
"PEG_BVOL2026_stage5_v1",109475,"Gymnodinium","Gymnodinium","Dinophyceae","DINOPHYTA (PYRROPHYTA)","AU",16,"dinoflagellate_autotroph","","autotroph",FALSE,"not_resolved","not_phaeocystis","peg_class_dinophyceae_and_trophy_au","authority_rule_assignment_not_yet_applied_to_biomass"
"PEG_BVOL2026_stage5_v1",109475,"Gymnodinium","Gymnodinium","Dinophyceae","DINOPHYTA (PYRROPHYTA)","AU",17,"dinoflagellate_autotroph","","autotroph",FALSE,"not_resolved","not_phaeocystis","peg_class_dinophyceae_and_trophy_au","authority_rule_assignment_not_yet_applied_to_biomass"
"PEG_BVOL2026_stage5_v1",109475,"Gymnodinium","Gymnodinium","Dinophyceae","DINOPHYTA (PYRROPHYTA)","HT",51,"heterotroph_or_mixotroph_uncertain","dinoflagellate_trophy_uncertain","heterotroph",TRUE,"not_resolved","not_phaeocystis","peg_trophy_ht_or_mx","authority_rule_assignment_not_yet_applied_to_biomass"
"PEG_BVOL2026_stage5_v1",109475,"Gymnodinium","Gymnodinium","Dinophyceae","DINOPHYTA (PYRROPHYTA)","HT",52,"heterotroph_or_mixotroph_uncertain","dinoflagellate_trophy_uncertain","heterotroph",TRUE,"not_resolved","not_phaeocystis","peg_trophy_ht_or_mx","authority_rule_assignment_not_yet_applied_to_biomass"
"PEG_BVOL2026_stage5_v1",109475,"Gymnodinium","Gymnodinium","Dinophyceae","DINOPHYTA (PYRROPHYTA)","HT",53,"heterotroph_or_mixotroph_uncertain","dinoflagellate_trophy_uncertain","heterotroph",TRUE,"not_resolved","not_phaeocystis","peg_trophy_ht_or_mx","authority_rule_assignment_not_yet_applied_to_biomass"
"PEG_BVOL2026_stage5_v1",109475,"Gymnodinium","Gymnodinium","Dinophyceae","DINOPHYTA (PYRROPHYTA)","HT",54,"heterotroph_or_mixotroph_uncertain","dinoflagellate_trophy_uncertain","heterotroph",TRUE,"not_resolved","not_phaeocystis","peg_trophy_ht_or_mx","authority_rule_assignment_not_yet_applied_to_biomass"
"PEG_BVOL2026_stage5_v1",109475,"Gymnodinium","Gymnodinium","Dinophyceae","DINOPHYTA (PYRROPHYTA)","HT",55,"heterotroph_or_mixotroph_uncertain","dinoflagellate_trophy_uncertain","heterotroph",TRUE,"not_resolved","not_phaeocystis","peg_trophy_ht_or_mx","authority_rule_assignment_not_yet_applied_to_biomass"
"PEG_BVOL2026_stage5_v1",109475,"Gymnodinium","Gymnodinium","Dinophyceae","DINOPHYTA (PYRROPHYTA)","HT",56,"heterotroph_or_mixotroph_uncertain","dinoflagellate_trophy_uncertain","heterotroph",TRUE,"not_resolved","not_phaeocystis","peg_trophy_ht_or_mx","authority_rule_assignment_not_yet_applied_to_biomass"
"PEG_BVOL2026_stage5_v1",109475,"Gymnodinium","Gymnodinium","Dinophyceae","DINOPHYTA (PYRROPHYTA)","HT",57,"heterotroph_or_mixotroph_uncertain","dinoflagellate_trophy_uncertain","heterotroph",TRUE,"not_resolved","not_phaeocystis","peg_trophy_ht_or_mx","authority_rule_assignment_not_yet_applied_to_biomass"
"PEG_BVOL2026_stage5_v1",109475,"Gymnodinium","Gymnodinium","Dinophyceae","DINOPHYTA (PYRROPHYTA)","HT",58,"heterotroph_or_mixotroph_uncertain","dinoflagellate_trophy_uncertain","heterotroph",TRUE,"not_resolved","not_phaeocystis","peg_trophy_ht_or_mx","authority_rule_assignment_not_yet_applied_to_biomass"
"PEG_BVOL2026_stage5_v1",109475,"Gymnodinium","Gymnodinium","Dinophyceae","DINOPHYTA (PYRROPHYTA)","HT",59,"heterotroph_or_mixotroph_uncertain","dinoflagellate_trophy_uncertain","heterotroph",TRUE,"not_resolved","not_phaeocystis","peg_trophy_ht_or_mx","authority_rule_assignment_not_yet_applied_to_biomass"
"PEG_BVOL2026_stage5_v1",109475,"Gymnodinium","Gymnodinium","Dinophyceae","DINOPHYTA (PYRROPHYTA)","HT",60,"heterotroph_or_mixotroph_uncertain","dinoflagellate_trophy_uncertain","heterotroph",TRUE,"not_resolved","not_phaeocystis","peg_trophy_ht_or_mx","authority_rule_assignment_not_yet_applied_to_biomass"
"PEG_BVOL2026_stage5_v1",109475,"Gymnodinium","Gymnodinium","Dinophyceae","DINOPHYTA (PYRROPHYTA)","HT",61,"heterotroph_or_mixotroph_uncertain","dinoflagellate_trophy_uncertain","heterotroph",TRUE,"not_resolved","not_phaeocystis","peg_trophy_ht_or_mx","authority_rule_assignment_not_yet_applied_to_biomass"
"PEG_BVOL2026_stage5_v1",109475,"Gymnodinium","Gymnodinium","Dinophyceae","DINOPHYTA (PYRROPHYTA)","HT",62,"heterotroph_or_mixotroph_uncertain","dinoflagellate_trophy_uncertain","heterotroph",TRUE,"not_resolved","not_phaeocystis","peg_trophy_ht_or_mx","authority_rule_assignment_not_yet_applied_to_biomass"
"PEG_BVOL2026_stage5_v1",109475,"Gymnodinium","Gymnodinium","Dinophyceae","DINOPHYTA (PYRROPHYTA)","HT",63,"heterotroph_or_mixotroph_uncertain","dinoflagellate_trophy_uncertain","heterotroph",TRUE,"not_resolved","not_phaeocystis","peg_trophy_ht_or_mx","authority_rule_assignment_not_yet_applied_to_biomass"
"PEG_BVOL2026_stage5_v1",109475,"Gymnodinium","Gymnodinium","Dinophyceae","DINOPHYTA (PYRROPHYTA)","HT",64,"heterotroph_or_mixotroph_uncertain","dinoflagellate_trophy_uncertain","heterotroph",TRUE,"not_resolved","not_phaeocystis","peg_trophy_ht_or_mx","authority_rule_assignment_not_yet_applied_to_biomass"
"PEG_BVOL2026_stage5_v1",109475,"Gymnodinium","Gymnodinium","Dinophyceae","DINOPHYTA (PYRROPHYTA)","HT",65,"heterotroph_or_mixotroph_uncertain","dinoflagellate_trophy_uncertain","heterotroph",TRUE,"not_resolved","not_phaeocystis","peg_trophy_ht_or_mx","authority_rule_assignment_not_yet_applied_to_biomass"
"PEG_BVOL2026_stage5_v1",109475,"Gymnodinium","Gymnodinium","Dinophyceae","DINOPHYTA (PYRROPHYTA)","HT",66,"heterotroph_or_mixotroph_uncertain","dinoflagellate_trophy_uncertain","heterotroph",TRUE,"not_resolved","not_phaeocystis","peg_trophy_ht_or_mx","authority_rule_assignment_not_yet_applied_to_biomass"
"PEG_BVOL2026_stage5_v1",109475,"Gymnodinium","Gymnodinium","Dinophyceae","DINOPHYTA (PYRROPHYTA)","HT",67,"heterotroph_or_mixotroph_uncertain","dinoflagellate_trophy_uncertain","heterotroph",TRUE,"not_resolved","not_phaeocystis","peg_trophy_ht_or_mx","authority_rule_assignment_not_yet_applied_to_biomass"
"PEG_BVOL2026_stage5_v1",109849,"Gyrodinium crassum","Gyrodinium","Dinophyceae","DINOPHYTA (PYRROPHYTA)","HT",1,"heterotroph_or_mixotroph_uncertain","dinoflagellate_trophy_uncertain","heterotroph",TRUE,"not_resolved","not_phaeocystis","peg_trophy_ht_or_mx","authority_rule_assignment_not_yet_applied_to_biomass"
"PEG_BVOL2026_stage5_v1",109851,"Gyrodinium dominans","Gyrodinium","Dinophyceae","DINOPHYTA (PYRROPHYTA)","HT",1,"heterotroph_or_mixotroph_uncertain","dinoflagellate_trophy_uncertain","heterotroph",TRUE,"not_resolved","not_phaeocystis","peg_trophy_ht_or_mx","authority_rule_assignment_not_yet_applied_to_biomass"
"PEG_BVOL2026_stage5_v1",109854,"Gyrodinium flagellare","Gyrodinium","Dinophyceae","DINOPHYTA (PYRROPHYTA)","AU",1,"dinoflagellate_autotroph","","autotroph",FALSE,"not_resolved","not_phaeocystis","peg_class_dinophyceae_and_trophy_au","authority_rule_assignment_not_yet_applied_to_biomass"
"PEG_BVOL2026_stage5_v1",109856,"Gyrodinium fusiforme","Gyrodinium","Dinophyceae","DINOPHYTA (PYRROPHYTA)","HT",1,"heterotroph_or_mixotroph_uncertain","dinoflagellate_trophy_uncertain","heterotroph",TRUE,"not_resolved","not_phaeocystis","peg_trophy_ht_or_mx","authority_rule_assignment_not_yet_applied_to_biomass"
"PEG_BVOL2026_stage5_v1",109856,"Gyrodinium fusiforme","Gyrodinium","Dinophyceae","DINOPHYTA (PYRROPHYTA)","HT",2,"heterotroph_or_mixotroph_uncertain","dinoflagellate_trophy_uncertain","heterotroph",TRUE,"not_resolved","not_phaeocystis","peg_trophy_ht_or_mx","authority_rule_assignment_not_yet_applied_to_biomass"
"PEG_BVOL2026_stage5_v1",109856,"Gyrodinium fusiforme","Gyrodinium","Dinophyceae","DINOPHYTA (PYRROPHYTA)","HT",3,"heterotroph_or_mixotroph_uncertain","dinoflagellate_trophy_uncertain","heterotroph",TRUE,"not_resolved","not_phaeocystis","peg_trophy_ht_or_mx","authority_rule_assignment_not_yet_applied_to_biomass"
"PEG_BVOL2026_stage5_v1",109856,"Gyrodinium fusiforme","Gyrodinium","Dinophyceae","DINOPHYTA (PYRROPHYTA)","HT",4,"heterotroph_or_mixotroph_uncertain","dinoflagellate_trophy_uncertain","heterotroph",TRUE,"not_resolved","not_phaeocystis","peg_trophy_ht_or_mx","authority_rule_assignment_not_yet_applied_to_biomass"
"PEG_BVOL2026_stage5_v1",109859,"Gyrodinium lachryma","Gyrodinium","Dinophyceae","DINOPHYTA (PYRROPHYTA)","HT",1,"heterotroph_or_mixotroph_uncertain","dinoflagellate_trophy_uncertain","heterotroph",TRUE,"not_resolved","not_phaeocystis","peg_trophy_ht_or_mx","authority_rule_assignment_not_yet_applied_to_biomass"
"PEG_BVOL2026_stage5_v1",109876,"Gyrodinium spirale","Gyrodinium","Dinophyceae","DINOPHYTA (PYRROPHYTA)","HT",1,"heterotroph_or_mixotroph_uncertain","dinoflagellate_trophy_uncertain","heterotroph",TRUE,"not_resolved","not_phaeocystis","peg_trophy_ht_or_mx","authority_rule_assignment_not_yet_applied_to_biomass"
"PEG_BVOL2026_stage5_v1",109876,"Gyrodinium spirale","Gyrodinium","Dinophyceae","DINOPHYTA (PYRROPHYTA)","HT",2,"heterotroph_or_mixotroph_uncertain","dinoflagellate_trophy_uncertain","heterotroph",TRUE,"not_resolved","not_phaeocystis","peg_trophy_ht_or_mx","authority_rule_assignment_not_yet_applied_to_biomass"
"PEG_BVOL2026_stage5_v1",109876,"Gyrodinium spirale","Gyrodinium","Dinophyceae","DINOPHYTA (PYRROPHYTA)","HT",3,"heterotroph_or_mixotroph_uncertain","dinoflagellate_trophy_uncertain","heterotroph",TRUE,"not_resolved","not_phaeocystis","peg_trophy_ht_or_mx","authority_rule_assignment_not_yet_applied_to_biomass"
"PEG_BVOL2026_stage5_v1",109876,"Gyrodinium spirale","Gyrodinium","Dinophyceae","DINOPHYTA (PYRROPHYTA)","HT",4,"heterotroph_or_mixotroph_uncertain","dinoflagellate_trophy_uncertain","heterotroph",TRUE,"not_resolved","not_phaeocystis","peg_trophy_ht_or_mx","authority_rule_assignment_not_yet_applied_to_biomass"
"PEG_BVOL2026_stage5_v1",109876,"Gyrodinium spirale","Gyrodinium","Dinophyceae","DINOPHYTA (PYRROPHYTA)","HT",5,"heterotroph_or_mixotroph_uncertain","dinoflagellate_trophy_uncertain","heterotroph",TRUE,"not_resolved","not_phaeocystis","peg_trophy_ht_or_mx","authority_rule_assignment_not_yet_applied_to_biomass"
"PEG_BVOL2026_stage5_v1",109876,"Gyrodinium spirale","Gyrodinium","Dinophyceae","DINOPHYTA (PYRROPHYTA)","HT",6,"heterotroph_or_mixotroph_uncertain","dinoflagellate_trophy_uncertain","heterotroph",TRUE,"not_resolved","not_phaeocystis","peg_trophy_ht_or_mx","authority_rule_assignment_not_yet_applied_to_biomass"
"PEG_BVOL2026_stage5_v1",109876,"Gyrodinium spirale","Gyrodinium","Dinophyceae","DINOPHYTA (PYRROPHYTA)","HT",7,"heterotroph_or_mixotroph_uncertain","dinoflagellate_trophy_uncertain","heterotroph",TRUE,"not_resolved","not_phaeocystis","peg_trophy_ht_or_mx","authority_rule_assignment_not_yet_applied_to_biomass"
"PEG_BVOL2026_stage5_v1",109876,"Gyrodinium spirale","Gyrodinium","Dinophyceae","DINOPHYTA (PYRROPHYTA)","HT",8,"heterotroph_or_mixotroph_uncertain","dinoflagellate_trophy_uncertain","heterotroph",TRUE,"not_resolved","not_phaeocystis","peg_trophy_ht_or_mx","authority_rule_assignment_not_yet_applied_to_biomass"
"PEG_BVOL2026_stage5_v1",109476,"Gyrodinium","Gyrodinium","Dinophyceae","DINOPHYTA (PYRROPHYTA)","AU",1,"dinoflagellate_autotroph","","autotroph",FALSE,"not_resolved","not_phaeocystis","peg_class_dinophyceae_and_trophy_au","authority_rule_assignment_not_yet_applied_to_biomass"
"PEG_BVOL2026_stage5_v1",109476,"Gyrodinium","Gyrodinium","Dinophyceae","DINOPHYTA (PYRROPHYTA)","AU",2,"dinoflagellate_autotroph","","autotroph",FALSE,"not_resolved","not_phaeocystis","peg_class_dinophyceae_and_trophy_au","authority_rule_assignment_not_yet_applied_to_biomass"
"PEG_BVOL2026_stage5_v1",109476,"Gyrodinium","Gyrodinium","Dinophyceae","DINOPHYTA (PYRROPHYTA)","AU",3,"dinoflagellate_autotroph","","autotroph",FALSE,"not_resolved","not_phaeocystis","peg_class_dinophyceae_and_trophy_au","authority_rule_assignment_not_yet_applied_to_biomass"
"PEG_BVOL2026_stage5_v1",109476,"Gyrodinium","Gyrodinium","Dinophyceae","DINOPHYTA (PYRROPHYTA)","AU",4,"dinoflagellate_autotroph","","autotroph",FALSE,"not_resolved","not_phaeocystis","peg_class_dinophyceae_and_trophy_au","authority_rule_assignment_not_yet_applied_to_biomass"
"PEG_BVOL2026_stage5_v1",109476,"Gyrodinium","Gyrodinium","Dinophyceae","DINOPHYTA (PYRROPHYTA)","AU",5,"dinoflagellate_autotroph","","autotroph",FALSE,"not_resolved","not_phaeocystis","peg_class_dinophyceae_and_trophy_au","authority_rule_assignment_not_yet_applied_to_biomass"
"PEG_BVOL2026_stage5_v1",109476,"Gyrodinium","Gyrodinium","Dinophyceae","DINOPHYTA (PYRROPHYTA)","AU",6,"dinoflagellate_autotroph","","autotroph",FALSE,"not_resolved","not_phaeocystis","peg_class_dinophyceae_and_trophy_au","authority_rule_assignment_not_yet_applied_to_biomass"
"PEG_BVOL2026_stage5_v1",109476,"Gyrodinium","Gyrodinium","Dinophyceae","DINOPHYTA (PYRROPHYTA)","AU",7,"dinoflagellate_autotroph","","autotroph",FALSE,"not_resolved","not_phaeocystis","peg_class_dinophyceae_and_trophy_au","authority_rule_assignment_not_yet_applied_to_biomass"
"PEG_BVOL2026_stage5_v1",109476,"Gyrodinium","Gyrodinium","Dinophyceae","DINOPHYTA (PYRROPHYTA)","AU",8,"dinoflagellate_autotroph","","autotroph",FALSE,"not_resolved","not_phaeocystis","peg_class_dinophyceae_and_trophy_au","authority_rule_assignment_not_yet_applied_to_biomass"
"PEG_BVOL2026_stage5_v1",109476,"Gyrodinium","Gyrodinium","Dinophyceae","DINOPHYTA (PYRROPHYTA)","AU",9,"dinoflagellate_autotroph","","autotroph",FALSE,"not_resolved","not_phaeocystis","peg_class_dinophyceae_and_trophy_au","authority_rule_assignment_not_yet_applied_to_biomass"
"PEG_BVOL2026_stage5_v1",109476,"Gyrodinium","Gyrodinium","Dinophyceae","DINOPHYTA (PYRROPHYTA)","AU",10,"dinoflagellate_autotroph","","autotroph",FALSE,"not_resolved","not_phaeocystis","peg_class_dinophyceae_and_trophy_au","authority_rule_assignment_not_yet_applied_to_biomass"
"PEG_BVOL2026_stage5_v1",109476,"Gyrodinium","Gyrodinium","Dinophyceae","DINOPHYTA (PYRROPHYTA)","AU",11,"dinoflagellate_autotroph","","autotroph",FALSE,"not_resolved","not_phaeocystis","peg_class_dinophyceae_and_trophy_au","authority_rule_assignment_not_yet_applied_to_biomass"
"PEG_BVOL2026_stage5_v1",109476,"Gyrodinium","Gyrodinium","Dinophyceae","DINOPHYTA (PYRROPHYTA)","AU",12,"dinoflagellate_autotroph","","autotroph",FALSE,"not_resolved","not_phaeocystis","peg_class_dinophyceae_and_trophy_au","authority_rule_assignment_not_yet_applied_to_biomass"
"PEG_BVOL2026_stage5_v1",109476,"Gyrodinium","Gyrodinium","Dinophyceae","DINOPHYTA (PYRROPHYTA)","AU",13,"dinoflagellate_autotroph","","autotroph",FALSE,"not_resolved","not_phaeocystis","peg_class_dinophyceae_and_trophy_au","authority_rule_assignment_not_yet_applied_to_biomass"
"PEG_BVOL2026_stage5_v1",109476,"Gyrodinium","Gyrodinium","Dinophyceae","DINOPHYTA (PYRROPHYTA)","AU",14,"dinoflagellate_autotroph","","autotroph",FALSE,"not_resolved","not_phaeocystis","peg_class_dinophyceae_and_trophy_au","authority_rule_assignment_not_yet_applied_to_biomass"
"PEG_BVOL2026_stage5_v1",109476,"Gyrodinium","Gyrodinium","Dinophyceae","DINOPHYTA (PYRROPHYTA)","AU",15,"dinoflagellate_autotroph","","autotroph",FALSE,"not_resolved","not_phaeocystis","peg_class_dinophyceae_and_trophy_au","authority_rule_assignment_not_yet_applied_to_biomass"
"PEG_BVOL2026_stage5_v1",109476,"Gyrodinium","Gyrodinium","Dinophyceae","DINOPHYTA (PYRROPHYTA)","AU",16,"dinoflagellate_autotroph","","autotroph",FALSE,"not_resolved","not_phaeocystis","peg_class_dinophyceae_and_trophy_au","authority_rule_assignment_not_yet_applied_to_biomass"
"PEG_BVOL2026_stage5_v1",109476,"Gyrodinium","Gyrodinium","Dinophyceae","DINOPHYTA (PYRROPHYTA)","AU",17,"dinoflagellate_autotroph","","autotroph",FALSE,"not_resolved","not_phaeocystis","peg_class_dinophyceae_and_trophy_au","authority_rule_assignment_not_yet_applied_to_biomass"
"PEG_BVOL2026_stage5_v1",109476,"Gyrodinium","Gyrodinium","Dinophyceae","DINOPHYTA (PYRROPHYTA)","HT",51,"heterotroph_or_mixotroph_uncertain","dinoflagellate_trophy_uncertain","heterotroph",TRUE,"not_resolved","not_phaeocystis","peg_trophy_ht_or_mx","authority_rule_assignment_not_yet_applied_to_biomass"
"PEG_BVOL2026_stage5_v1",109476,"Gyrodinium","Gyrodinium","Dinophyceae","DINOPHYTA (PYRROPHYTA)","HT",52,"heterotroph_or_mixotroph_uncertain","dinoflagellate_trophy_uncertain","heterotroph",TRUE,"not_resolved","not_phaeocystis","peg_trophy_ht_or_mx","authority_rule_assignment_not_yet_applied_to_biomass"
"PEG_BVOL2026_stage5_v1",109476,"Gyrodinium","Gyrodinium","Dinophyceae","DINOPHYTA (PYRROPHYTA)","HT",53,"heterotroph_or_mixotroph_uncertain","dinoflagellate_trophy_uncertain","heterotroph",TRUE,"not_resolved","not_phaeocystis","peg_trophy_ht_or_mx","authority_rule_assignment_not_yet_applied_to_biomass"
"PEG_BVOL2026_stage5_v1",109476,"Gyrodinium","Gyrodinium","Dinophyceae","DINOPHYTA (PYRROPHYTA)","HT",54,"heterotroph_or_mixotroph_uncertain","dinoflagellate_trophy_uncertain","heterotroph",TRUE,"not_resolved","not_phaeocystis","peg_trophy_ht_or_mx","authority_rule_assignment_not_yet_applied_to_biomass"
"PEG_BVOL2026_stage5_v1",109476,"Gyrodinium","Gyrodinium","Dinophyceae","DINOPHYTA (PYRROPHYTA)","HT",55,"heterotroph_or_mixotroph_uncertain","dinoflagellate_trophy_uncertain","heterotroph",TRUE,"not_resolved","not_phaeocystis","peg_trophy_ht_or_mx","authority_rule_assignment_not_yet_applied_to_biomass"
"PEG_BVOL2026_stage5_v1",109476,"Gyrodinium","Gyrodinium","Dinophyceae","DINOPHYTA (PYRROPHYTA)","HT",56,"heterotroph_or_mixotroph_uncertain","dinoflagellate_trophy_uncertain","heterotroph",TRUE,"not_resolved","not_phaeocystis","peg_trophy_ht_or_mx","authority_rule_assignment_not_yet_applied_to_biomass"
"PEG_BVOL2026_stage5_v1",109476,"Gyrodinium","Gyrodinium","Dinophyceae","DINOPHYTA (PYRROPHYTA)","HT",57,"heterotroph_or_mixotroph_uncertain","dinoflagellate_trophy_uncertain","heterotroph",TRUE,"not_resolved","not_phaeocystis","peg_trophy_ht_or_mx","authority_rule_assignment_not_yet_applied_to_biomass"
"PEG_BVOL2026_stage5_v1",109476,"Gyrodinium","Gyrodinium","Dinophyceae","DINOPHYTA (PYRROPHYTA)","HT",58,"heterotroph_or_mixotroph_uncertain","dinoflagellate_trophy_uncertain","heterotroph",TRUE,"not_resolved","not_phaeocystis","peg_trophy_ht_or_mx","authority_rule_assignment_not_yet_applied_to_biomass"
"PEG_BVOL2026_stage5_v1",109476,"Gyrodinium","Gyrodinium","Dinophyceae","DINOPHYTA (PYRROPHYTA)","HT",59,"heterotroph_or_mixotroph_uncertain","dinoflagellate_trophy_uncertain","heterotroph",TRUE,"not_resolved","not_phaeocystis","peg_trophy_ht_or_mx","authority_rule_assignment_not_yet_applied_to_biomass"
"PEG_BVOL2026_stage5_v1",109476,"Gyrodinium","Gyrodinium","Dinophyceae","DINOPHYTA (PYRROPHYTA)","HT",60,"heterotroph_or_mixotroph_uncertain","dinoflagellate_trophy_uncertain","heterotroph",TRUE,"not_resolved","not_phaeocystis","peg_trophy_ht_or_mx","authority_rule_assignment_not_yet_applied_to_biomass"
"PEG_BVOL2026_stage5_v1",109476,"Gyrodinium","Gyrodinium","Dinophyceae","DINOPHYTA (PYRROPHYTA)","HT",61,"heterotroph_or_mixotroph_uncertain","dinoflagellate_trophy_uncertain","heterotroph",TRUE,"not_resolved","not_phaeocystis","peg_trophy_ht_or_mx","authority_rule_assignment_not_yet_applied_to_biomass"
"PEG_BVOL2026_stage5_v1",109476,"Gyrodinium","Gyrodinium","Dinophyceae","DINOPHYTA (PYRROPHYTA)","HT",62,"heterotroph_or_mixotroph_uncertain","dinoflagellate_trophy_uncertain","heterotroph",TRUE,"not_resolved","not_phaeocystis","peg_trophy_ht_or_mx","authority_rule_assignment_not_yet_applied_to_biomass"
"PEG_BVOL2026_stage5_v1",109476,"Gyrodinium","Gyrodinium","Dinophyceae","DINOPHYTA (PYRROPHYTA)","HT",63,"heterotroph_or_mixotroph_uncertain","dinoflagellate_trophy_uncertain","heterotroph",TRUE,"not_resolved","not_phaeocystis","peg_trophy_ht_or_mx","authority_rule_assignment_not_yet_applied_to_biomass"
"PEG_BVOL2026_stage5_v1",109476,"Gyrodinium","Gyrodinium","Dinophyceae","DINOPHYTA (PYRROPHYTA)","HT",64,"heterotroph_or_mixotroph_uncertain","dinoflagellate_trophy_uncertain","heterotroph",TRUE,"not_resolved","not_phaeocystis","peg_trophy_ht_or_mx","authority_rule_assignment_not_yet_applied_to_biomass"
"PEG_BVOL2026_stage5_v1",109476,"Gyrodinium","Gyrodinium","Dinophyceae","DINOPHYTA (PYRROPHYTA)","HT",65,"heterotroph_or_mixotroph_uncertain","dinoflagellate_trophy_uncertain","heterotroph",TRUE,"not_resolved","not_phaeocystis","peg_trophy_ht_or_mx","authority_rule_assignment_not_yet_applied_to_biomass"
"PEG_BVOL2026_stage5_v1",109476,"Gyrodinium","Gyrodinium","Dinophyceae","DINOPHYTA (PYRROPHYTA)","HT",66,"heterotroph_or_mixotroph_uncertain","dinoflagellate_trophy_uncertain","heterotroph",TRUE,"not_resolved","not_phaeocystis","peg_trophy_ht_or_mx","authority_rule_assignment_not_yet_applied_to_biomass"
"PEG_BVOL2026_stage5_v1",109476,"Gyrodinium","Gyrodinium","Dinophyceae","DINOPHYTA (PYRROPHYTA)","HT",67,"heterotroph_or_mixotroph_uncertain","dinoflagellate_trophy_uncertain","heterotroph",TRUE,"not_resolved","not_phaeocystis","peg_trophy_ht_or_mx","authority_rule_assignment_not_yet_applied_to_biomass"
"PEG_BVOL2026_stage5_v1",233024,"Karenia mikimotoi","Karenia","Dinophyceae","DINOPHYTA (PYRROPHYTA)","AU",1,"dinoflagellate_autotroph","","autotroph",FALSE,"not_resolved","not_phaeocystis","peg_class_dinophyceae_and_trophy_au","authority_rule_assignment_not_yet_applied_to_biomass"
"PEG_BVOL2026_stage5_v1",233024,"Karenia mikimotoi","Karenia","Dinophyceae","DINOPHYTA (PYRROPHYTA)","AU",2,"dinoflagellate_autotroph","","autotroph",FALSE,"not_resolved","not_phaeocystis","peg_class_dinophyceae_and_trophy_au","authority_rule_assignment_not_yet_applied_to_biomass"
"PEG_BVOL2026_stage5_v1",231788,"Karenia","Karenia","Dinophyceae","DINOPHYTA (PYRROPHYTA)","AU",1,"dinoflagellate_autotroph","","autotroph",FALSE,"not_resolved","not_phaeocystis","peg_class_dinophyceae_and_trophy_au","authority_rule_assignment_not_yet_applied_to_biomass"
"PEG_BVOL2026_stage5_v1",231788,"Karenia","Karenia","Dinophyceae","DINOPHYTA (PYRROPHYTA)","AU",2,"dinoflagellate_autotroph","","autotroph",FALSE,"not_resolved","not_phaeocystis","peg_class_dinophyceae_and_trophy_au","authority_rule_assignment_not_yet_applied_to_biomass"
"PEG_BVOL2026_stage5_v1",233037,"Karlodinium veneficum","Karlodinium","Dinophyceae","DINOPHYTA (PYRROPHYTA)","AU",1,"dinoflagellate_autotroph","","autotroph",FALSE,"not_resolved","not_phaeocystis","peg_class_dinophyceae_and_trophy_au","authority_rule_assignment_not_yet_applied_to_biomass"
"PEG_BVOL2026_stage5_v1",345481,"Lepidodinium chlorophorum","Lepidodinium","Dinophyceae","DINOPHYTA (PYRROPHYTA)","AU",1,"dinoflagellate_autotroph","","autotroph",FALSE,"not_resolved","not_phaeocystis","peg_class_dinophyceae_and_trophy_au","authority_rule_assignment_not_yet_applied_to_biomass"
"PEG_BVOL2026_stage5_v1",547527,"Nematopsides vigilans","Nematopsides","Dinophyceae","DINOPHYTA (PYRROPHYTA)","HT",1,"heterotroph_or_mixotroph_uncertain","dinoflagellate_trophy_uncertain","heterotroph",TRUE,"not_resolved","not_phaeocystis","peg_trophy_ht_or_mx","authority_rule_assignment_not_yet_applied_to_biomass"
"PEG_BVOL2026_stage5_v1",547527,"Nematopsides vigilans","Nematopsides","Dinophyceae","DINOPHYTA (PYRROPHYTA)","HT",2,"heterotroph_or_mixotroph_uncertain","dinoflagellate_trophy_uncertain","heterotroph",TRUE,"not_resolved","not_phaeocystis","peg_trophy_ht_or_mx","authority_rule_assignment_not_yet_applied_to_biomass"
"PEG_BVOL2026_stage5_v1",109901,"Polykrikos schwartzii","Polykrikos","Dinophyceae","DINOPHYTA (PYRROPHYTA)","HT",1,"heterotroph_or_mixotroph_uncertain","dinoflagellate_trophy_uncertain","heterotroph",TRUE,"not_resolved","not_phaeocystis","peg_trophy_ht_or_mx","authority_rule_assignment_not_yet_applied_to_biomass"
"PEG_BVOL2026_stage5_v1",109901,"Polykrikos schwartzii","Polykrikos","Dinophyceae","DINOPHYTA (PYRROPHYTA)","HT",2,"heterotroph_or_mixotroph_uncertain","dinoflagellate_trophy_uncertain","heterotroph",TRUE,"not_resolved","not_phaeocystis","peg_trophy_ht_or_mx","authority_rule_assignment_not_yet_applied_to_biomass"
"PEG_BVOL2026_stage5_v1",109901,"Polykrikos schwartzii","Polykrikos","Dinophyceae","DINOPHYTA (PYRROPHYTA)","HT",3,"heterotroph_or_mixotroph_uncertain","dinoflagellate_trophy_uncertain","heterotroph",TRUE,"not_resolved","not_phaeocystis","peg_trophy_ht_or_mx","authority_rule_assignment_not_yet_applied_to_biomass"
"PEG_BVOL2026_stage5_v1",109901,"Polykrikos schwartzii","Polykrikos","Dinophyceae","DINOPHYTA (PYRROPHYTA)","HT",4,"heterotroph_or_mixotroph_uncertain","dinoflagellate_trophy_uncertain","heterotroph",TRUE,"not_resolved","not_phaeocystis","peg_trophy_ht_or_mx","authority_rule_assignment_not_yet_applied_to_biomass"
"PEG_BVOL2026_stage5_v1",109901,"Polykrikos schwartzii","Polykrikos","Dinophyceae","DINOPHYTA (PYRROPHYTA)","HT",5,"heterotroph_or_mixotroph_uncertain","dinoflagellate_trophy_uncertain","heterotroph",TRUE,"not_resolved","not_phaeocystis","peg_trophy_ht_or_mx","authority_rule_assignment_not_yet_applied_to_biomass"
"PEG_BVOL2026_stage5_v1",109901,"Polykrikos schwartzii","Polykrikos","Dinophyceae","DINOPHYTA (PYRROPHYTA)","HT",6,"heterotroph_or_mixotroph_uncertain","dinoflagellate_trophy_uncertain","heterotroph",TRUE,"not_resolved","not_phaeocystis","peg_trophy_ht_or_mx","authority_rule_assignment_not_yet_applied_to_biomass"
"PEG_BVOL2026_stage5_v1",109901,"Polykrikos schwartzii","Polykrikos","Dinophyceae","DINOPHYTA (PYRROPHYTA)","HT",7,"heterotroph_or_mixotroph_uncertain","dinoflagellate_trophy_uncertain","heterotroph",TRUE,"not_resolved","not_phaeocystis","peg_trophy_ht_or_mx","authority_rule_assignment_not_yet_applied_to_biomass"
"PEG_BVOL2026_stage5_v1",663583,"Protodinium simplex","Protodinium","Dinophyceae","DINOPHYTA (PYRROPHYTA)","AU",1,"dinoflagellate_autotroph","","autotroph",FALSE,"not_resolved","not_phaeocystis","peg_class_dinophyceae_and_trophy_au","authority_rule_assignment_not_yet_applied_to_biomass"
"PEG_BVOL2026_stage5_v1",663583,"Protodinium simplex","Protodinium","Dinophyceae","DINOPHYTA (PYRROPHYTA)","AU",2,"dinoflagellate_autotroph","","autotroph",FALSE,"not_resolved","not_phaeocystis","peg_class_dinophyceae_and_trophy_au","authority_rule_assignment_not_yet_applied_to_biomass"
"PEG_BVOL2026_stage5_v1",663583,"Protodinium simplex","Protodinium","Dinophyceae","DINOPHYTA (PYRROPHYTA)","AU",3,"dinoflagellate_autotroph","","autotroph",FALSE,"not_resolved","not_phaeocystis","peg_class_dinophyceae_and_trophy_au","authority_rule_assignment_not_yet_applied_to_biomass"
"PEG_BVOL2026_stage5_v1",615516,"Sclerodinium calyptroglyphe","Sclerodinium","Dinophyceae","DINOPHYTA (PYRROPHYTA)","HT",1,"heterotroph_or_mixotroph_uncertain","dinoflagellate_trophy_uncertain","heterotroph",TRUE,"not_resolved","not_phaeocystis","peg_trophy_ht_or_mx","authority_rule_assignment_not_yet_applied_to_biomass"
"PEG_BVOL2026_stage5_v1",109889,"Torodinium robustum","Torodinium","Dinophyceae","DINOPHYTA (PYRROPHYTA)","AU",1,"dinoflagellate_autotroph","","autotroph",FALSE,"not_resolved","not_phaeocystis","peg_class_dinophyceae_and_trophy_au","authority_rule_assignment_not_yet_applied_to_biomass"
"PEG_BVOL2026_stage5_v1",109889,"Torodinium robustum","Torodinium","Dinophyceae","DINOPHYTA (PYRROPHYTA)","AU",2,"dinoflagellate_autotroph","","autotroph",FALSE,"not_resolved","not_phaeocystis","peg_class_dinophyceae_and_trophy_au","authority_rule_assignment_not_yet_applied_to_biomass"
"PEG_BVOL2026_stage5_v1",109889,"Torodinium robustum","Torodinium","Dinophyceae","DINOPHYTA (PYRROPHYTA)","AU",3,"dinoflagellate_autotroph","","autotroph",FALSE,"not_resolved","not_phaeocystis","peg_class_dinophyceae_and_trophy_au","authority_rule_assignment_not_yet_applied_to_biomass"
"PEG_BVOL2026_stage5_v1",109889,"Torodinium robustum","Torodinium","Dinophyceae","DINOPHYTA (PYRROPHYTA)","AU",4,"dinoflagellate_autotroph","","autotroph",FALSE,"not_resolved","not_phaeocystis","peg_class_dinophyceae_and_trophy_au","authority_rule_assignment_not_yet_applied_to_biomass"
"PEG_BVOL2026_stage5_v1",109889,"Torodinium robustum","Torodinium","Dinophyceae","DINOPHYTA (PYRROPHYTA)","AU",5,"dinoflagellate_autotroph","","autotroph",FALSE,"not_resolved","not_phaeocystis","peg_class_dinophyceae_and_trophy_au","authority_rule_assignment_not_yet_applied_to_biomass"
"PEG_BVOL2026_stage5_v1",109889,"Torodinium robustum","Torodinium","Dinophyceae","DINOPHYTA (PYRROPHYTA)","AU",6,"dinoflagellate_autotroph","","autotroph",FALSE,"not_resolved","not_phaeocystis","peg_class_dinophyceae_and_trophy_au","authority_rule_assignment_not_yet_applied_to_biomass"
"PEG_BVOL2026_stage5_v1",109889,"Torodinium robustum","Torodinium","Dinophyceae","DINOPHYTA (PYRROPHYTA)","AU",7,"dinoflagellate_autotroph","","autotroph",FALSE,"not_resolved","not_phaeocystis","peg_class_dinophyceae_and_trophy_au","authority_rule_assignment_not_yet_applied_to_biomass"
"PEG_BVOL2026_stage5_v1",109890,"Torodinium teredo","Torodinium","Dinophyceae","DINOPHYTA (PYRROPHYTA)","AU",1,"dinoflagellate_autotroph","","autotroph",FALSE,"not_resolved","not_phaeocystis","peg_class_dinophyceae_and_trophy_au","authority_rule_assignment_not_yet_applied_to_biomass"
"PEG_BVOL2026_stage5_v1",109890,"Torodinium teredo","Torodinium","Dinophyceae","DINOPHYTA (PYRROPHYTA)","AU",2,"dinoflagellate_autotroph","","autotroph",FALSE,"not_resolved","not_phaeocystis","peg_class_dinophyceae_and_trophy_au","authority_rule_assignment_not_yet_applied_to_biomass"
"PEG_BVOL2026_stage5_v1",109479,"Torodinium","Torodinium","Dinophyceae","DINOPHYTA (PYRROPHYTA)","AU",1,"dinoflagellate_autotroph","","autotroph",FALSE,"not_resolved","not_phaeocystis","peg_class_dinophyceae_and_trophy_au","authority_rule_assignment_not_yet_applied_to_biomass"
"PEG_BVOL2026_stage5_v1",,"Gymnodiniales","Gymnodiniales","Dinophyceae","DINOPHYTA (PYRROPHYTA)","AU",1,"dinoflagellate_autotroph","","autotroph",FALSE,"not_resolved","not_phaeocystis","peg_class_dinophyceae_and_trophy_au","authority_rule_assignment_not_yet_applied_to_biomass"
"PEG_BVOL2026_stage5_v1",,"Gymnodiniales","Gymnodiniales","Dinophyceae","DINOPHYTA (PYRROPHYTA)","AU",2,"dinoflagellate_autotroph","","autotroph",FALSE,"not_resolved","not_phaeocystis","peg_class_dinophyceae_and_trophy_au","authority_rule_assignment_not_yet_applied_to_biomass"
"PEG_BVOL2026_stage5_v1",,"Gymnodiniales","Gymnodiniales","Dinophyceae","DINOPHYTA (PYRROPHYTA)","AU",3,"dinoflagellate_autotroph","","autotroph",FALSE,"not_resolved","not_phaeocystis","peg_class_dinophyceae_and_trophy_au","authority_rule_assignment_not_yet_applied_to_biomass"
"PEG_BVOL2026_stage5_v1",,"Gymnodiniales","Gymnodiniales","Dinophyceae","DINOPHYTA (PYRROPHYTA)","AU",4,"dinoflagellate_autotroph","","autotroph",FALSE,"not_resolved","not_phaeocystis","peg_class_dinophyceae_and_trophy_au","authority_rule_assignment_not_yet_applied_to_biomass"
"PEG_BVOL2026_stage5_v1",,"Gymnodiniales","Gymnodiniales","Dinophyceae","DINOPHYTA (PYRROPHYTA)","AU",5,"dinoflagellate_autotroph","","autotroph",FALSE,"not_resolved","not_phaeocystis","peg_class_dinophyceae_and_trophy_au","authority_rule_assignment_not_yet_applied_to_biomass"
"PEG_BVOL2026_stage5_v1",,"Gymnodiniales","Gymnodiniales","Dinophyceae","DINOPHYTA (PYRROPHYTA)","AU",6,"dinoflagellate_autotroph","","autotroph",FALSE,"not_resolved","not_phaeocystis","peg_class_dinophyceae_and_trophy_au","authority_rule_assignment_not_yet_applied_to_biomass"
"PEG_BVOL2026_stage5_v1",,"Gymnodiniales","Gymnodiniales","Dinophyceae","DINOPHYTA (PYRROPHYTA)","AU",7,"dinoflagellate_autotroph","","autotroph",FALSE,"not_resolved","not_phaeocystis","peg_class_dinophyceae_and_trophy_au","authority_rule_assignment_not_yet_applied_to_biomass"
"PEG_BVOL2026_stage5_v1",,"Gymnodiniales","Gymnodiniales","Dinophyceae","DINOPHYTA (PYRROPHYTA)","AU",8,"dinoflagellate_autotroph","","autotroph",FALSE,"not_resolved","not_phaeocystis","peg_class_dinophyceae_and_trophy_au","authority_rule_assignment_not_yet_applied_to_biomass"
"PEG_BVOL2026_stage5_v1",,"Gymnodiniales","Gymnodiniales","Dinophyceae","DINOPHYTA (PYRROPHYTA)","AU",9,"dinoflagellate_autotroph","","autotroph",FALSE,"not_resolved","not_phaeocystis","peg_class_dinophyceae_and_trophy_au","authority_rule_assignment_not_yet_applied_to_biomass"
"PEG_BVOL2026_stage5_v1",,"Gymnodiniales","Gymnodiniales","Dinophyceae","DINOPHYTA (PYRROPHYTA)","AU",10,"dinoflagellate_autotroph","","autotroph",FALSE,"not_resolved","not_phaeocystis","peg_class_dinophyceae_and_trophy_au","authority_rule_assignment_not_yet_applied_to_biomass"
"PEG_BVOL2026_stage5_v1",,"Gymnodiniales","Gymnodiniales","Dinophyceae","DINOPHYTA (PYRROPHYTA)","AU",11,"dinoflagellate_autotroph","","autotroph",FALSE,"not_resolved","not_phaeocystis","peg_class_dinophyceae_and_trophy_au","authority_rule_assignment_not_yet_applied_to_biomass"
"PEG_BVOL2026_stage5_v1",,"Gymnodiniales","Gymnodiniales","Dinophyceae","DINOPHYTA (PYRROPHYTA)","AU",12,"dinoflagellate_autotroph","","autotroph",FALSE,"not_resolved","not_phaeocystis","peg_class_dinophyceae_and_trophy_au","authority_rule_assignment_not_yet_applied_to_biomass"
"PEG_BVOL2026_stage5_v1",,"Gymnodiniales","Gymnodiniales","Dinophyceae","DINOPHYTA (PYRROPHYTA)","AU",13,"dinoflagellate_autotroph","","autotroph",FALSE,"not_resolved","not_phaeocystis","peg_class_dinophyceae_and_trophy_au","authority_rule_assignment_not_yet_applied_to_biomass"
"PEG_BVOL2026_stage5_v1",,"Gymnodiniales","Gymnodiniales","Dinophyceae","DINOPHYTA (PYRROPHYTA)","AU",14,"dinoflagellate_autotroph","","autotroph",FALSE,"not_resolved","not_phaeocystis","peg_class_dinophyceae_and_trophy_au","authority_rule_assignment_not_yet_applied_to_biomass"
"PEG_BVOL2026_stage5_v1",,"Gymnodiniales","Gymnodiniales","Dinophyceae","DINOPHYTA (PYRROPHYTA)","AU",15,"dinoflagellate_autotroph","","autotroph",FALSE,"not_resolved","not_phaeocystis","peg_class_dinophyceae_and_trophy_au","authority_rule_assignment_not_yet_applied_to_biomass"
"PEG_BVOL2026_stage5_v1",,"Gymnodiniales","Gymnodiniales","Dinophyceae","DINOPHYTA (PYRROPHYTA)","AU",16,"dinoflagellate_autotroph","","autotroph",FALSE,"not_resolved","not_phaeocystis","peg_class_dinophyceae_and_trophy_au","authority_rule_assignment_not_yet_applied_to_biomass"
"PEG_BVOL2026_stage5_v1",,"Gymnodiniales","Gymnodiniales","Dinophyceae","DINOPHYTA (PYRROPHYTA)","AU",17,"dinoflagellate_autotroph","","autotroph",FALSE,"not_resolved","not_phaeocystis","peg_class_dinophyceae_and_trophy_au","authority_rule_assignment_not_yet_applied_to_biomass"
"PEG_BVOL2026_stage5_v1",,"Gymnodiniales","Gymnodiniales","Dinophyceae","DINOPHYTA (PYRROPHYTA)","AU",18,"dinoflagellate_autotroph","","autotroph",FALSE,"not_resolved","not_phaeocystis","peg_class_dinophyceae_and_trophy_au","authority_rule_assignment_not_yet_applied_to_biomass"
"PEG_BVOL2026_stage5_v1",,"Gymnodiniales","Gymnodiniales","Dinophyceae","DINOPHYTA (PYRROPHYTA)","AU",19,"dinoflagellate_autotroph","","autotroph",FALSE,"not_resolved","not_phaeocystis","peg_class_dinophyceae_and_trophy_au","authority_rule_assignment_not_yet_applied_to_biomass"
"PEG_BVOL2026_stage5_v1",,"Gymnodiniales","Gymnodiniales","Dinophyceae","DINOPHYTA (PYRROPHYTA)","AU",20,"dinoflagellate_autotroph","","autotroph",FALSE,"not_resolved","not_phaeocystis","peg_class_dinophyceae_and_trophy_au","authority_rule_assignment_not_yet_applied_to_biomass"
"PEG_BVOL2026_stage5_v1",,"Gymnodiniales","Gymnodiniales","Dinophyceae","DINOPHYTA (PYRROPHYTA)","AU",21,"dinoflagellate_autotroph","","autotroph",FALSE,"not_resolved","not_phaeocystis","peg_class_dinophyceae_and_trophy_au","authority_rule_assignment_not_yet_applied_to_biomass"
"PEG_BVOL2026_stage5_v1",,"Gymnodiniales","Gymnodiniales","Dinophyceae","DINOPHYTA (PYRROPHYTA)","AU",22,"dinoflagellate_autotroph","","autotroph",FALSE,"not_resolved","not_phaeocystis","peg_class_dinophyceae_and_trophy_au","authority_rule_assignment_not_yet_applied_to_biomass"
"PEG_BVOL2026_stage5_v1",,"Gymnodiniales","Gymnodiniales","Dinophyceae","DINOPHYTA (PYRROPHYTA)","AU",23,"dinoflagellate_autotroph","","autotroph",FALSE,"not_resolved","not_phaeocystis","peg_class_dinophyceae_and_trophy_au","authority_rule_assignment_not_yet_applied_to_biomass"
"PEG_BVOL2026_stage5_v1",,"Gymnodiniales","Gymnodiniales","Dinophyceae","DINOPHYTA (PYRROPHYTA)","AU",24,"dinoflagellate_autotroph","","autotroph",FALSE,"not_resolved","not_phaeocystis","peg_class_dinophyceae_and_trophy_au","authority_rule_assignment_not_yet_applied_to_biomass"
"PEG_BVOL2026_stage5_v1",,"Gymnodiniales","Gymnodiniales","Dinophyceae","DINOPHYTA (PYRROPHYTA)","HT",51,"heterotroph_or_mixotroph_uncertain","dinoflagellate_trophy_uncertain","heterotroph",TRUE,"not_resolved","not_phaeocystis","peg_trophy_ht_or_mx","authority_rule_assignment_not_yet_applied_to_biomass"
"PEG_BVOL2026_stage5_v1",,"Gymnodiniales","Gymnodiniales","Dinophyceae","DINOPHYTA (PYRROPHYTA)","HT",52,"heterotroph_or_mixotroph_uncertain","dinoflagellate_trophy_uncertain","heterotroph",TRUE,"not_resolved","not_phaeocystis","peg_trophy_ht_or_mx","authority_rule_assignment_not_yet_applied_to_biomass"
"PEG_BVOL2026_stage5_v1",,"Gymnodiniales","Gymnodiniales","Dinophyceae","DINOPHYTA (PYRROPHYTA)","HT",53,"heterotroph_or_mixotroph_uncertain","dinoflagellate_trophy_uncertain","heterotroph",TRUE,"not_resolved","not_phaeocystis","peg_trophy_ht_or_mx","authority_rule_assignment_not_yet_applied_to_biomass"
"PEG_BVOL2026_stage5_v1",,"Gymnodiniales","Gymnodiniales","Dinophyceae","DINOPHYTA (PYRROPHYTA)","HT",54,"heterotroph_or_mixotroph_uncertain","dinoflagellate_trophy_uncertain","heterotroph",TRUE,"not_resolved","not_phaeocystis","peg_trophy_ht_or_mx","authority_rule_assignment_not_yet_applied_to_biomass"
"PEG_BVOL2026_stage5_v1",,"Gymnodiniales","Gymnodiniales","Dinophyceae","DINOPHYTA (PYRROPHYTA)","HT",55,"heterotroph_or_mixotroph_uncertain","dinoflagellate_trophy_uncertain","heterotroph",TRUE,"not_resolved","not_phaeocystis","peg_trophy_ht_or_mx","authority_rule_assignment_not_yet_applied_to_biomass"
"PEG_BVOL2026_stage5_v1",,"Gymnodiniales","Gymnodiniales","Dinophyceae","DINOPHYTA (PYRROPHYTA)","HT",56,"heterotroph_or_mixotroph_uncertain","dinoflagellate_trophy_uncertain","heterotroph",TRUE,"not_resolved","not_phaeocystis","peg_trophy_ht_or_mx","authority_rule_assignment_not_yet_applied_to_biomass"
"PEG_BVOL2026_stage5_v1",,"Gymnodiniales","Gymnodiniales","Dinophyceae","DINOPHYTA (PYRROPHYTA)","HT",57,"heterotroph_or_mixotroph_uncertain","dinoflagellate_trophy_uncertain","heterotroph",TRUE,"not_resolved","not_phaeocystis","peg_trophy_ht_or_mx","authority_rule_assignment_not_yet_applied_to_biomass"
"PEG_BVOL2026_stage5_v1",,"Gymnodiniales","Gymnodiniales","Dinophyceae","DINOPHYTA (PYRROPHYTA)","HT",58,"heterotroph_or_mixotroph_uncertain","dinoflagellate_trophy_uncertain","heterotroph",TRUE,"not_resolved","not_phaeocystis","peg_trophy_ht_or_mx","authority_rule_assignment_not_yet_applied_to_biomass"
"PEG_BVOL2026_stage5_v1",,"Gymnodiniales","Gymnodiniales","Dinophyceae","DINOPHYTA (PYRROPHYTA)","HT",59,"heterotroph_or_mixotroph_uncertain","dinoflagellate_trophy_uncertain","heterotroph",TRUE,"not_resolved","not_phaeocystis","peg_trophy_ht_or_mx","authority_rule_assignment_not_yet_applied_to_biomass"
"PEG_BVOL2026_stage5_v1",,"Gymnodiniales","Gymnodiniales","Dinophyceae","DINOPHYTA (PYRROPHYTA)","HT",60,"heterotroph_or_mixotroph_uncertain","dinoflagellate_trophy_uncertain","heterotroph",TRUE,"not_resolved","not_phaeocystis","peg_trophy_ht_or_mx","authority_rule_assignment_not_yet_applied_to_biomass"
"PEG_BVOL2026_stage5_v1",,"Gymnodiniales","Gymnodiniales","Dinophyceae","DINOPHYTA (PYRROPHYTA)","HT",61,"heterotroph_or_mixotroph_uncertain","dinoflagellate_trophy_uncertain","heterotroph",TRUE,"not_resolved","not_phaeocystis","peg_trophy_ht_or_mx","authority_rule_assignment_not_yet_applied_to_biomass"
"PEG_BVOL2026_stage5_v1",,"Gymnodiniales","Gymnodiniales","Dinophyceae","DINOPHYTA (PYRROPHYTA)","HT",62,"heterotroph_or_mixotroph_uncertain","dinoflagellate_trophy_uncertain","heterotroph",TRUE,"not_resolved","not_phaeocystis","peg_trophy_ht_or_mx","authority_rule_assignment_not_yet_applied_to_biomass"
"PEG_BVOL2026_stage5_v1",,"Gymnodiniales","Gymnodiniales","Dinophyceae","DINOPHYTA (PYRROPHYTA)","HT",63,"heterotroph_or_mixotroph_uncertain","dinoflagellate_trophy_uncertain","heterotroph",TRUE,"not_resolved","not_phaeocystis","peg_trophy_ht_or_mx","authority_rule_assignment_not_yet_applied_to_biomass"
"PEG_BVOL2026_stage5_v1",,"Gymnodiniales","Gymnodiniales","Dinophyceae","DINOPHYTA (PYRROPHYTA)","HT",64,"heterotroph_or_mixotroph_uncertain","dinoflagellate_trophy_uncertain","heterotroph",TRUE,"not_resolved","not_phaeocystis","peg_trophy_ht_or_mx","authority_rule_assignment_not_yet_applied_to_biomass"
"PEG_BVOL2026_stage5_v1",,"Gymnodiniales","Gymnodiniales","Dinophyceae","DINOPHYTA (PYRROPHYTA)","HT",65,"heterotroph_or_mixotroph_uncertain","dinoflagellate_trophy_uncertain","heterotroph",TRUE,"not_resolved","not_phaeocystis","peg_trophy_ht_or_mx","authority_rule_assignment_not_yet_applied_to_biomass"
"PEG_BVOL2026_stage5_v1",,"Gymnodiniales","Gymnodiniales","Dinophyceae","DINOPHYTA (PYRROPHYTA)","HT",66,"heterotroph_or_mixotroph_uncertain","dinoflagellate_trophy_uncertain","heterotroph",TRUE,"not_resolved","not_phaeocystis","peg_trophy_ht_or_mx","authority_rule_assignment_not_yet_applied_to_biomass"
"PEG_BVOL2026_stage5_v1",,"Gymnodiniales","Gymnodiniales","Dinophyceae","DINOPHYTA (PYRROPHYTA)","HT",67,"heterotroph_or_mixotroph_uncertain","dinoflagellate_trophy_uncertain","heterotroph",TRUE,"not_resolved","not_phaeocystis","peg_trophy_ht_or_mx","authority_rule_assignment_not_yet_applied_to_biomass"
"PEG_BVOL2026_stage5_v1",,"Gymnodiniales","Gymnodiniales","Dinophyceae","DINOPHYTA (PYRROPHYTA)","HT",68,"heterotroph_or_mixotroph_uncertain","dinoflagellate_trophy_uncertain","heterotroph",TRUE,"not_resolved","not_phaeocystis","peg_trophy_ht_or_mx","authority_rule_assignment_not_yet_applied_to_biomass"
"PEG_BVOL2026_stage5_v1",,"Gymnodiniales","Gymnodiniales","Dinophyceae","DINOPHYTA (PYRROPHYTA)","HT",69,"heterotroph_or_mixotroph_uncertain","dinoflagellate_trophy_uncertain","heterotroph",TRUE,"not_resolved","not_phaeocystis","peg_trophy_ht_or_mx","authority_rule_assignment_not_yet_applied_to_biomass"
"PEG_BVOL2026_stage5_v1",,"Gymnodiniales","Gymnodiniales","Dinophyceae","DINOPHYTA (PYRROPHYTA)","HT",70,"heterotroph_or_mixotroph_uncertain","dinoflagellate_trophy_uncertain","heterotroph",TRUE,"not_resolved","not_phaeocystis","peg_trophy_ht_or_mx","authority_rule_assignment_not_yet_applied_to_biomass"
"PEG_BVOL2026_stage5_v1",,"Gymnodiniales","Gymnodiniales","Dinophyceae","DINOPHYTA (PYRROPHYTA)","HT",71,"heterotroph_or_mixotroph_uncertain","dinoflagellate_trophy_uncertain","heterotroph",TRUE,"not_resolved","not_phaeocystis","peg_trophy_ht_or_mx","authority_rule_assignment_not_yet_applied_to_biomass"
"PEG_BVOL2026_stage5_v1",,"Gymnodiniales","Gymnodiniales","Dinophyceae","DINOPHYTA (PYRROPHYTA)","HT",72,"heterotroph_or_mixotroph_uncertain","dinoflagellate_trophy_uncertain","heterotroph",TRUE,"not_resolved","not_phaeocystis","peg_trophy_ht_or_mx","authority_rule_assignment_not_yet_applied_to_biomass"
"PEG_BVOL2026_stage5_v1",,"Gymnodiniales","Gymnodiniales","Dinophyceae","DINOPHYTA (PYRROPHYTA)","HT",73,"heterotroph_or_mixotroph_uncertain","dinoflagellate_trophy_uncertain","heterotroph",TRUE,"not_resolved","not_phaeocystis","peg_trophy_ht_or_mx","authority_rule_assignment_not_yet_applied_to_biomass"
"PEG_BVOL2026_stage5_v1",,"Gymnodiniales","Gymnodiniales","Dinophyceae","DINOPHYTA (PYRROPHYTA)","HT",74,"heterotroph_or_mixotroph_uncertain","dinoflagellate_trophy_uncertain","heterotroph",TRUE,"not_resolved","not_phaeocystis","peg_trophy_ht_or_mx","authority_rule_assignment_not_yet_applied_to_biomass"
"PEG_BVOL2026_stage5_v1",109920,"Kofoidinium velleloides","Kofoidinium","Dinophyceae","DINOPHYTA (PYRROPHYTA)","HT",1,"heterotroph_or_mixotroph_uncertain","dinoflagellate_trophy_uncertain","heterotroph",TRUE,"not_resolved","not_phaeocystis","peg_trophy_ht_or_mx","authority_rule_assignment_not_yet_applied_to_biomass"
"PEG_BVOL2026_stage5_v1",109921,"Noctiluca scintillans","Noctiluca","Dinophyceae","DINOPHYTA (PYRROPHYTA)","HT",1,"heterotroph_or_mixotroph_uncertain","dinoflagellate_trophy_uncertain","heterotroph",TRUE,"not_resolved","not_phaeocystis","peg_trophy_ht_or_mx","authority_rule_assignment_not_yet_applied_to_biomass"
"PEG_BVOL2026_stage5_v1",109921,"Noctiluca scintillans","Noctiluca","Dinophyceae","DINOPHYTA (PYRROPHYTA)","HT",2,"heterotroph_or_mixotroph_uncertain","dinoflagellate_trophy_uncertain","heterotroph",TRUE,"not_resolved","not_phaeocystis","peg_trophy_ht_or_mx","authority_rule_assignment_not_yet_applied_to_biomass"
"PEG_BVOL2026_stage5_v1",109921,"Noctiluca scintillans","Noctiluca","Dinophyceae","DINOPHYTA (PYRROPHYTA)","HT",3,"heterotroph_or_mixotroph_uncertain","dinoflagellate_trophy_uncertain","heterotroph",TRUE,"not_resolved","not_phaeocystis","peg_trophy_ht_or_mx","authority_rule_assignment_not_yet_applied_to_biomass"
"PEG_BVOL2026_stage5_v1",109921,"Noctiluca scintillans","Noctiluca","Dinophyceae","DINOPHYTA (PYRROPHYTA)","HT",4,"heterotroph_or_mixotroph_uncertain","dinoflagellate_trophy_uncertain","heterotroph",TRUE,"not_resolved","not_phaeocystis","peg_trophy_ht_or_mx","authority_rule_assignment_not_yet_applied_to_biomass"
"PEG_BVOL2026_stage5_v1",109921,"Noctiluca scintillans","Noctiluca","Dinophyceae","DINOPHYTA (PYRROPHYTA)","HT",5,"heterotroph_or_mixotroph_uncertain","dinoflagellate_trophy_uncertain","heterotroph",TRUE,"not_resolved","not_phaeocystis","peg_trophy_ht_or_mx","authority_rule_assignment_not_yet_applied_to_biomass"
"PEG_BVOL2026_stage5_v1",109921,"Noctiluca scintillans","Noctiluca","Dinophyceae","DINOPHYTA (PYRROPHYTA)","HT",6,"heterotroph_or_mixotroph_uncertain","dinoflagellate_trophy_uncertain","heterotroph",TRUE,"not_resolved","not_phaeocystis","peg_trophy_ht_or_mx","authority_rule_assignment_not_yet_applied_to_biomass"
"PEG_BVOL2026_stage5_v1",109903,"Pronoctiluca pelagica","Pronoctiluca","Dinophyceae","DINOPHYTA (PYRROPHYTA)","HT",1,"heterotroph_or_mixotroph_uncertain","dinoflagellate_trophy_uncertain","heterotroph",TRUE,"not_resolved","not_phaeocystis","peg_trophy_ht_or_mx","authority_rule_assignment_not_yet_applied_to_biomass"
"PEG_BVOL2026_stage5_v1",109923,"Spatulodinium pseudonoctiluca","Spatulodinium","Dinophyceae","DINOPHYTA (PYRROPHYTA)","HT",1,"heterotroph_or_mixotroph_uncertain","dinoflagellate_trophy_uncertain","heterotroph",TRUE,"not_resolved","not_phaeocystis","peg_trophy_ht_or_mx","authority_rule_assignment_not_yet_applied_to_biomass"
"PEG_BVOL2026_stage5_v1",109902,"Oxyrrhis marina","Oxyrrhis","Dinophyceae","DINOPHYTA (PYRROPHYTA)","HT",1,"heterotroph_or_mixotroph_uncertain","dinoflagellate_trophy_uncertain","heterotroph",TRUE,"not_resolved","not_phaeocystis","peg_trophy_ht_or_mx","authority_rule_assignment_not_yet_applied_to_biomass"
"PEG_BVOL2026_stage5_v1",624607,"Archaeperidinium minutum","Archaeperidinium","Dinophyceae","DINOPHYTA (PYRROPHYTA)","HT",1,"heterotroph_or_mixotroph_uncertain","dinoflagellate_trophy_uncertain","heterotroph",TRUE,"not_resolved","not_phaeocystis","peg_trophy_ht_or_mx","authority_rule_assignment_not_yet_applied_to_biomass"
"PEG_BVOL2026_stage5_v1",624607,"Archaeperidinium minutum","Archaeperidinium","Dinophyceae","DINOPHYTA (PYRROPHYTA)","HT",2,"heterotroph_or_mixotroph_uncertain","dinoflagellate_trophy_uncertain","heterotroph",TRUE,"not_resolved","not_phaeocystis","peg_trophy_ht_or_mx","authority_rule_assignment_not_yet_applied_to_biomass"
"PEG_BVOL2026_stage5_v1",233754,"Corythodinium curvicaudatum","Corythodinium","Dinophyceae","DINOPHYTA (PYRROPHYTA)","AU",1,"dinoflagellate_autotroph","","autotroph",FALSE,"not_resolved","not_phaeocystis","peg_class_dinophyceae_and_trophy_au","authority_rule_assignment_not_yet_applied_to_biomass"
"PEG_BVOL2026_stage5_v1",110001,"Diplopsalis lenticula","Diplopsalis","Dinophyceae","DINOPHYTA (PYRROPHYTA)","HT",1,"heterotroph_or_mixotroph_uncertain","dinoflagellate_trophy_uncertain","heterotroph",TRUE,"not_resolved","not_phaeocystis","peg_trophy_ht_or_mx","authority_rule_assignment_not_yet_applied_to_biomass"
"PEG_BVOL2026_stage5_v1",110001,"Diplopsalis lenticula","Diplopsalis","Dinophyceae","DINOPHYTA (PYRROPHYTA)","HT",2,"heterotroph_or_mixotroph_uncertain","dinoflagellate_trophy_uncertain","heterotroph",TRUE,"not_resolved","not_phaeocystis","peg_trophy_ht_or_mx","authority_rule_assignment_not_yet_applied_to_biomass"
"PEG_BVOL2026_stage5_v1",,"Diplopsalis","Diplopsalis","Dinophyceae","DINOPHYTA (PYRROPHYTA)","",1,"unresolved_autotroph","dinoflagellate_trophy_uncertain","unresolved",TRUE,"not_resolved","not_phaeocystis","peg_trophy_blank_unresolved","authority_rule_assignment_not_yet_applied_to_biomass"
"PEG_BVOL2026_stage5_v1",,"Diplopsalis","Diplopsalis","Dinophyceae","DINOPHYTA (PYRROPHYTA)","",2,"unresolved_autotroph","dinoflagellate_trophy_uncertain","unresolved",TRUE,"not_resolved","not_phaeocystis","peg_trophy_blank_unresolved","authority_rule_assignment_not_yet_applied_to_biomass"
"PEG_BVOL2026_stage5_v1",,"Diplopsalis","Diplopsalis","Dinophyceae","DINOPHYTA (PYRROPHYTA)","",3,"unresolved_autotroph","dinoflagellate_trophy_uncertain","unresolved",TRUE,"not_resolved","not_phaeocystis","peg_trophy_blank_unresolved","authority_rule_assignment_not_yet_applied_to_biomass"
"PEG_BVOL2026_stage5_v1",,"Diplopsalis","Diplopsalis","Dinophyceae","DINOPHYTA (PYRROPHYTA)","",4,"unresolved_autotroph","dinoflagellate_trophy_uncertain","unresolved",TRUE,"not_resolved","not_phaeocystis","peg_trophy_blank_unresolved","authority_rule_assignment_not_yet_applied_to_biomass"
"PEG_BVOL2026_stage5_v1",,"Diplopsalis","Diplopsalis","Dinophyceae","DINOPHYTA (PYRROPHYTA)","",5,"unresolved_autotroph","dinoflagellate_trophy_uncertain","unresolved",TRUE,"not_resolved","not_phaeocystis","peg_trophy_blank_unresolved","authority_rule_assignment_not_yet_applied_to_biomass"
"PEG_BVOL2026_stage5_v1",248118,"Durinskia baltica","Durinskia","Dinophyceae","DINOPHYTA (PYRROPHYTA)","AU",1,"dinoflagellate_autotroph","","autotroph",FALSE,"not_resolved","not_phaeocystis","peg_class_dinophyceae_and_trophy_au","authority_rule_assignment_not_yet_applied_to_biomass"
"PEG_BVOL2026_stage5_v1",248118,"Durinskia baltica","Durinskia","Dinophyceae","DINOPHYTA (PYRROPHYTA)","AU",2,"dinoflagellate_autotroph","","autotroph",FALSE,"not_resolved","not_phaeocystis","peg_class_dinophyceae_and_trophy_au","authority_rule_assignment_not_yet_applied_to_biomass"
"PEG_BVOL2026_stage5_v1",248118,"Durinskia baltica","Durinskia","Dinophyceae","DINOPHYTA (PYRROPHYTA)","AU",3,"dinoflagellate_autotroph","","autotroph",FALSE,"not_resolved","not_phaeocystis","peg_class_dinophyceae_and_trophy_au","authority_rule_assignment_not_yet_applied_to_biomass"
"PEG_BVOL2026_stage5_v1",110149,"Glenodinium paululum","Glenodinium","Dinophyceae","DINOPHYTA (PYRROPHYTA)","AU",1,"dinoflagellate_autotroph","","autotroph",FALSE,"not_resolved","not_phaeocystis","peg_class_dinophyceae_and_trophy_au","authority_rule_assignment_not_yet_applied_to_biomass"
"PEG_BVOL2026_stage5_v1",109538,"Glenodinium","Glenodinium","Dinophyceae","DINOPHYTA (PYRROPHYTA)","AU",1,"dinoflagellate_autotroph","","autotroph",FALSE,"not_resolved","not_phaeocystis","peg_class_dinophyceae_and_trophy_au","authority_rule_assignment_not_yet_applied_to_biomass"
"PEG_BVOL2026_stage5_v1",109538,"Glenodinium","Glenodinium","Dinophyceae","DINOPHYTA (PYRROPHYTA)","AU",2,"dinoflagellate_autotroph","","autotroph",FALSE,"not_resolved","not_phaeocystis","peg_class_dinophyceae_and_trophy_au","authority_rule_assignment_not_yet_applied_to_biomass"
"PEG_BVOL2026_stage5_v1",109538,"Glenodinium","Glenodinium","Dinophyceae","DINOPHYTA (PYRROPHYTA)","AU",3,"dinoflagellate_autotroph","","autotroph",FALSE,"not_resolved","not_phaeocystis","peg_class_dinophyceae_and_trophy_au","authority_rule_assignment_not_yet_applied_to_biomass"
"PEG_BVOL2026_stage5_v1",109538,"Glenodinium","Glenodinium","Dinophyceae","DINOPHYTA (PYRROPHYTA)","AU",4,"dinoflagellate_autotroph","","autotroph",FALSE,"not_resolved","not_phaeocystis","peg_class_dinophyceae_and_trophy_au","authority_rule_assignment_not_yet_applied_to_biomass"
"PEG_BVOL2026_stage5_v1",109538,"Glenodinium","Glenodinium","Dinophyceae","DINOPHYTA (PYRROPHYTA)","AU",5,"dinoflagellate_autotroph","","autotroph",FALSE,"not_resolved","not_phaeocystis","peg_class_dinophyceae_and_trophy_au","authority_rule_assignment_not_yet_applied_to_biomass"
"PEG_BVOL2026_stage5_v1",109538,"Glenodinium","Glenodinium","Dinophyceae","DINOPHYTA (PYRROPHYTA)","AU",6,"dinoflagellate_autotroph","","autotroph",FALSE,"not_resolved","not_phaeocystis","peg_class_dinophyceae_and_trophy_au","authority_rule_assignment_not_yet_applied_to_biomass"
"PEG_BVOL2026_stage5_v1",109538,"Glenodinium","Glenodinium","Dinophyceae","DINOPHYTA (PYRROPHYTA)","AU",7,"dinoflagellate_autotroph","","autotroph",FALSE,"not_resolved","not_phaeocystis","peg_class_dinophyceae_and_trophy_au","authority_rule_assignment_not_yet_applied_to_biomass"
"PEG_BVOL2026_stage5_v1",109538,"Glenodinium","Glenodinium","Dinophyceae","DINOPHYTA (PYRROPHYTA)","AU",8,"dinoflagellate_autotroph","","autotroph",FALSE,"not_resolved","not_phaeocystis","peg_class_dinophyceae_and_trophy_au","authority_rule_assignment_not_yet_applied_to_biomass"
"PEG_BVOL2026_stage5_v1",109538,"Glenodinium","Glenodinium","Dinophyceae","DINOPHYTA (PYRROPHYTA)","AU",9,"dinoflagellate_autotroph","","autotroph",FALSE,"not_resolved","not_phaeocystis","peg_class_dinophyceae_and_trophy_au","authority_rule_assignment_not_yet_applied_to_biomass"
"PEG_BVOL2026_stage5_v1",109538,"Glenodinium","Glenodinium","Dinophyceae","DINOPHYTA (PYRROPHYTA)","AU",10,"dinoflagellate_autotroph","","autotroph",FALSE,"not_resolved","not_phaeocystis","peg_class_dinophyceae_and_trophy_au","authority_rule_assignment_not_yet_applied_to_biomass"
"PEG_BVOL2026_stage5_v1",109538,"Glenodinium","Glenodinium","Dinophyceae","DINOPHYTA (PYRROPHYTA)","AU",11,"dinoflagellate_autotroph","","autotroph",FALSE,"not_resolved","not_phaeocystis","peg_class_dinophyceae_and_trophy_au","authority_rule_assignment_not_yet_applied_to_biomass"
"PEG_BVOL2026_stage5_v1",109538,"Glenodinium","Glenodinium","Dinophyceae","DINOPHYTA (PYRROPHYTA)","AU",12,"dinoflagellate_autotroph","","autotroph",FALSE,"not_resolved","not_phaeocystis","peg_class_dinophyceae_and_trophy_au","authority_rule_assignment_not_yet_applied_to_biomass"
"PEG_BVOL2026_stage5_v1",109538,"Glenodinium","Glenodinium","Dinophyceae","DINOPHYTA (PYRROPHYTA)","AU",13,"dinoflagellate_autotroph","","autotroph",FALSE,"not_resolved","not_phaeocystis","peg_class_dinophyceae_and_trophy_au","authority_rule_assignment_not_yet_applied_to_biomass"
"PEG_BVOL2026_stage5_v1",109538,"Glenodinium","Glenodinium","Dinophyceae","DINOPHYTA (PYRROPHYTA)","AU",14,"dinoflagellate_autotroph","","autotroph",FALSE,"not_resolved","not_phaeocystis","peg_class_dinophyceae_and_trophy_au","authority_rule_assignment_not_yet_applied_to_biomass"
"PEG_BVOL2026_stage5_v1",109538,"Glenodinium","Glenodinium","Dinophyceae","DINOPHYTA (PYRROPHYTA)","AU",15,"dinoflagellate_autotroph","","autotroph",FALSE,"not_resolved","not_phaeocystis","peg_class_dinophyceae_and_trophy_au","authority_rule_assignment_not_yet_applied_to_biomass"
"PEG_BVOL2026_stage5_v1",109538,"Glenodinium","Glenodinium","Dinophyceae","DINOPHYTA (PYRROPHYTA)","AU",16,"dinoflagellate_autotroph","","autotroph",FALSE,"not_resolved","not_phaeocystis","peg_class_dinophyceae_and_trophy_au","authority_rule_assignment_not_yet_applied_to_biomass"
"PEG_BVOL2026_stage5_v1",109538,"Glenodinium","Glenodinium","Dinophyceae","DINOPHYTA (PYRROPHYTA)","AU",17,"dinoflagellate_autotroph","","autotroph",FALSE,"not_resolved","not_phaeocystis","peg_class_dinophyceae_and_trophy_au","authority_rule_assignment_not_yet_applied_to_biomass"
"PEG_BVOL2026_stage5_v1",109538,"Glenodinium","Glenodinium","Dinophyceae","DINOPHYTA (PYRROPHYTA)","AU",18,"dinoflagellate_autotroph","","autotroph",FALSE,"not_resolved","not_phaeocystis","peg_class_dinophyceae_and_trophy_au","authority_rule_assignment_not_yet_applied_to_biomass"
"PEG_BVOL2026_stage5_v1",109538,"Glenodinium","Glenodinium","Dinophyceae","DINOPHYTA (PYRROPHYTA)","AU",19,"dinoflagellate_autotroph","","autotroph",FALSE,"not_resolved","not_phaeocystis","peg_class_dinophyceae_and_trophy_au","authority_rule_assignment_not_yet_applied_to_biomass"
"PEG_BVOL2026_stage5_v1",109538,"Glenodinium","Glenodinium","Dinophyceae","DINOPHYTA (PYRROPHYTA)","AU",20,"dinoflagellate_autotroph","","autotroph",FALSE,"not_resolved","not_phaeocystis","peg_class_dinophyceae_and_trophy_au","authority_rule_assignment_not_yet_applied_to_biomass"
"PEG_BVOL2026_stage5_v1",109538,"Glenodinium","Glenodinium","Dinophyceae","DINOPHYTA (PYRROPHYTA)","AU",21,"dinoflagellate_autotroph","","autotroph",FALSE,"not_resolved","not_phaeocystis","peg_class_dinophyceae_and_trophy_au","authority_rule_assignment_not_yet_applied_to_biomass"
"PEG_BVOL2026_stage5_v1",109538,"Glenodinium","Glenodinium","Dinophyceae","DINOPHYTA (PYRROPHYTA)","HT",51,"heterotroph_or_mixotroph_uncertain","dinoflagellate_trophy_uncertain","heterotroph",TRUE,"not_resolved","not_phaeocystis","peg_trophy_ht_or_mx","authority_rule_assignment_not_yet_applied_to_biomass"
"PEG_BVOL2026_stage5_v1",109538,"Glenodinium","Glenodinium","Dinophyceae","DINOPHYTA (PYRROPHYTA)","HT",52,"heterotroph_or_mixotroph_uncertain","dinoflagellate_trophy_uncertain","heterotroph",TRUE,"not_resolved","not_phaeocystis","peg_trophy_ht_or_mx","authority_rule_assignment_not_yet_applied_to_biomass"
"PEG_BVOL2026_stage5_v1",109538,"Glenodinium","Glenodinium","Dinophyceae","DINOPHYTA (PYRROPHYTA)","HT",53,"heterotroph_or_mixotroph_uncertain","dinoflagellate_trophy_uncertain","heterotroph",TRUE,"not_resolved","not_phaeocystis","peg_trophy_ht_or_mx","authority_rule_assignment_not_yet_applied_to_biomass"
"PEG_BVOL2026_stage5_v1",109538,"Glenodinium","Glenodinium","Dinophyceae","DINOPHYTA (PYRROPHYTA)","HT",54,"heterotroph_or_mixotroph_uncertain","dinoflagellate_trophy_uncertain","heterotroph",TRUE,"not_resolved","not_phaeocystis","peg_trophy_ht_or_mx","authority_rule_assignment_not_yet_applied_to_biomass"
"PEG_BVOL2026_stage5_v1",109538,"Glenodinium","Glenodinium","Dinophyceae","DINOPHYTA (PYRROPHYTA)","HT",55,"heterotroph_or_mixotroph_uncertain","dinoflagellate_trophy_uncertain","heterotroph",TRUE,"not_resolved","not_phaeocystis","peg_trophy_ht_or_mx","authority_rule_assignment_not_yet_applied_to_biomass"
"PEG_BVOL2026_stage5_v1",109538,"Glenodinium","Glenodinium","Dinophyceae","DINOPHYTA (PYRROPHYTA)","HT",56,"heterotroph_or_mixotroph_uncertain","dinoflagellate_trophy_uncertain","heterotroph",TRUE,"not_resolved","not_phaeocystis","peg_trophy_ht_or_mx","authority_rule_assignment_not_yet_applied_to_biomass"
"PEG_BVOL2026_stage5_v1",109538,"Glenodinium","Glenodinium","Dinophyceae","DINOPHYTA (PYRROPHYTA)","HT",57,"heterotroph_or_mixotroph_uncertain","dinoflagellate_trophy_uncertain","heterotroph",TRUE,"not_resolved","not_phaeocystis","peg_trophy_ht_or_mx","authority_rule_assignment_not_yet_applied_to_biomass"
"PEG_BVOL2026_stage5_v1",109538,"Glenodinium","Glenodinium","Dinophyceae","DINOPHYTA (PYRROPHYTA)","HT",58,"heterotroph_or_mixotroph_uncertain","dinoflagellate_trophy_uncertain","heterotroph",TRUE,"not_resolved","not_phaeocystis","peg_trophy_ht_or_mx","authority_rule_assignment_not_yet_applied_to_biomass"
"PEG_BVOL2026_stage5_v1",109538,"Glenodinium","Glenodinium","Dinophyceae","DINOPHYTA (PYRROPHYTA)","HT",59,"heterotroph_or_mixotroph_uncertain","dinoflagellate_trophy_uncertain","heterotroph",TRUE,"not_resolved","not_phaeocystis","peg_trophy_ht_or_mx","authority_rule_assignment_not_yet_applied_to_biomass"
"PEG_BVOL2026_stage5_v1",109538,"Glenodinium","Glenodinium","Dinophyceae","DINOPHYTA (PYRROPHYTA)","HT",60,"heterotroph_or_mixotroph_uncertain","dinoflagellate_trophy_uncertain","heterotroph",TRUE,"not_resolved","not_phaeocystis","peg_trophy_ht_or_mx","authority_rule_assignment_not_yet_applied_to_biomass"
"PEG_BVOL2026_stage5_v1",109538,"Glenodinium","Glenodinium","Dinophyceae","DINOPHYTA (PYRROPHYTA)","HT",61,"heterotroph_or_mixotroph_uncertain","dinoflagellate_trophy_uncertain","heterotroph",TRUE,"not_resolved","not_phaeocystis","peg_trophy_ht_or_mx","authority_rule_assignment_not_yet_applied_to_biomass"
"PEG_BVOL2026_stage5_v1",109538,"Glenodinium","Glenodinium","Dinophyceae","DINOPHYTA (PYRROPHYTA)","HT",62,"heterotroph_or_mixotroph_uncertain","dinoflagellate_trophy_uncertain","heterotroph",TRUE,"not_resolved","not_phaeocystis","peg_trophy_ht_or_mx","authority_rule_assignment_not_yet_applied_to_biomass"
"PEG_BVOL2026_stage5_v1",109538,"Glenodinium","Glenodinium","Dinophyceae","DINOPHYTA (PYRROPHYTA)","HT",63,"heterotroph_or_mixotroph_uncertain","dinoflagellate_trophy_uncertain","heterotroph",TRUE,"not_resolved","not_phaeocystis","peg_trophy_ht_or_mx","authority_rule_assignment_not_yet_applied_to_biomass"
"PEG_BVOL2026_stage5_v1",109538,"Glenodinium","Glenodinium","Dinophyceae","DINOPHYTA (PYRROPHYTA)","HT",64,"heterotroph_or_mixotroph_uncertain","dinoflagellate_trophy_uncertain","heterotroph",TRUE,"not_resolved","not_phaeocystis","peg_trophy_ht_or_mx","authority_rule_assignment_not_yet_applied_to_biomass"
"PEG_BVOL2026_stage5_v1",109538,"Glenodinium","Glenodinium","Dinophyceae","DINOPHYTA (PYRROPHYTA)","HT",65,"heterotroph_or_mixotroph_uncertain","dinoflagellate_trophy_uncertain","heterotroph",TRUE,"not_resolved","not_phaeocystis","peg_trophy_ht_or_mx","authority_rule_assignment_not_yet_applied_to_biomass"
"PEG_BVOL2026_stage5_v1",109538,"Glenodinium","Glenodinium","Dinophyceae","DINOPHYTA (PYRROPHYTA)","HT",66,"heterotroph_or_mixotroph_uncertain","dinoflagellate_trophy_uncertain","heterotroph",TRUE,"not_resolved","not_phaeocystis","peg_trophy_ht_or_mx","authority_rule_assignment_not_yet_applied_to_biomass"
"PEG_BVOL2026_stage5_v1",109538,"Glenodinium","Glenodinium","Dinophyceae","DINOPHYTA (PYRROPHYTA)","HT",67,"heterotroph_or_mixotroph_uncertain","dinoflagellate_trophy_uncertain","heterotroph",TRUE,"not_resolved","not_phaeocystis","peg_trophy_ht_or_mx","authority_rule_assignment_not_yet_applied_to_biomass"
"PEG_BVOL2026_stage5_v1",109538,"Glenodinium","Glenodinium","Dinophyceae","DINOPHYTA (PYRROPHYTA)","HT",68,"heterotroph_or_mixotroph_uncertain","dinoflagellate_trophy_uncertain","heterotroph",TRUE,"not_resolved","not_phaeocystis","peg_trophy_ht_or_mx","authority_rule_assignment_not_yet_applied_to_biomass"
"PEG_BVOL2026_stage5_v1",109538,"Glenodinium","Glenodinium","Dinophyceae","DINOPHYTA (PYRROPHYTA)","HT",69,"heterotroph_or_mixotroph_uncertain","dinoflagellate_trophy_uncertain","heterotroph",TRUE,"not_resolved","not_phaeocystis","peg_trophy_ht_or_mx","authority_rule_assignment_not_yet_applied_to_biomass"
"PEG_BVOL2026_stage5_v1",109538,"Glenodinium","Glenodinium","Dinophyceae","DINOPHYTA (PYRROPHYTA)","HT",70,"heterotroph_or_mixotroph_uncertain","dinoflagellate_trophy_uncertain","heterotroph",TRUE,"not_resolved","not_phaeocystis","peg_trophy_ht_or_mx","authority_rule_assignment_not_yet_applied_to_biomass"
"PEG_BVOL2026_stage5_v1",109538,"Glenodinium","Glenodinium","Dinophyceae","DINOPHYTA (PYRROPHYTA)","HT",71,"heterotroph_or_mixotroph_uncertain","dinoflagellate_trophy_uncertain","heterotroph",TRUE,"not_resolved","not_phaeocystis","peg_trophy_ht_or_mx","authority_rule_assignment_not_yet_applied_to_biomass"
"PEG_BVOL2026_stage5_v1",688227,"Heterocapsa arctica subsp. frigida","Heterocapsa","Dinophyceae","DINOPHYTA (PYRROPHYTA)","AU",3,"dinoflagellate_autotroph","","autotroph",FALSE,"not_resolved","not_phaeocystis","peg_class_dinophyceae_and_trophy_au","authority_rule_assignment_not_yet_applied_to_biomass"
"PEG_BVOL2026_stage5_v1",233619,"Heterocapsa minima","Heterocapsa","Dinophyceae","DINOPHYTA (PYRROPHYTA)","AU",1,"dinoflagellate_autotroph","","autotroph",FALSE,"not_resolved","not_phaeocystis","peg_class_dinophyceae_and_trophy_au","authority_rule_assignment_not_yet_applied_to_biomass"
"PEG_BVOL2026_stage5_v1",233619,"Heterocapsa minima","Heterocapsa","Dinophyceae","DINOPHYTA (PYRROPHYTA)","AU",2,"dinoflagellate_autotroph","","autotroph",FALSE,"not_resolved","not_phaeocystis","peg_class_dinophyceae_and_trophy_au","authority_rule_assignment_not_yet_applied_to_biomass"
"PEG_BVOL2026_stage5_v1",110152,"Heterocapsa rotundata","Heterocapsa","Dinophyceae","DINOPHYTA (PYRROPHYTA)","AU",1,"dinoflagellate_autotroph","","autotroph",FALSE,"not_resolved","not_phaeocystis","peg_class_dinophyceae_and_trophy_au","authority_rule_assignment_not_yet_applied_to_biomass"
"PEG_BVOL2026_stage5_v1",110152,"Heterocapsa rotundata","Heterocapsa","Dinophyceae","DINOPHYTA (PYRROPHYTA)","AU",2,"dinoflagellate_autotroph","","autotroph",FALSE,"not_resolved","not_phaeocystis","peg_class_dinophyceae_and_trophy_au","authority_rule_assignment_not_yet_applied_to_biomass"
"PEG_BVOL2026_stage5_v1",110153,"Heterocapsa triquetra","Heterocapsa","Dinophyceae","DINOPHYTA (PYRROPHYTA)","MX",1,"heterotroph_or_mixotroph_uncertain","dinoflagellate_trophy_uncertain","mixotroph",TRUE,"not_resolved","not_phaeocystis","peg_trophy_ht_or_mx","authority_rule_assignment_not_yet_applied_to_biomass"
"PEG_BVOL2026_stage5_v1",110153,"Heterocapsa triquetra","Heterocapsa","Dinophyceae","DINOPHYTA (PYRROPHYTA)","MX",2,"heterotroph_or_mixotroph_uncertain","dinoflagellate_trophy_uncertain","mixotroph",TRUE,"not_resolved","not_phaeocystis","peg_trophy_ht_or_mx","authority_rule_assignment_not_yet_applied_to_biomass"
"PEG_BVOL2026_stage5_v1",110153,"Heterocapsa triquetra","Heterocapsa","Dinophyceae","DINOPHYTA (PYRROPHYTA)","MX",3,"heterotroph_or_mixotroph_uncertain","dinoflagellate_trophy_uncertain","mixotroph",TRUE,"not_resolved","not_phaeocystis","peg_trophy_ht_or_mx","authority_rule_assignment_not_yet_applied_to_biomass"
"PEG_BVOL2026_stage5_v1",110153,"Heterocapsa triquetra","Heterocapsa","Dinophyceae","DINOPHYTA (PYRROPHYTA)","MX",4,"heterotroph_or_mixotroph_uncertain","dinoflagellate_trophy_uncertain","mixotroph",TRUE,"not_resolved","not_phaeocystis","peg_trophy_ht_or_mx","authority_rule_assignment_not_yet_applied_to_biomass"
"PEG_BVOL2026_stage5_v1",110153,"Heterocapsa triquetra","Heterocapsa","Dinophyceae","DINOPHYTA (PYRROPHYTA)","MX",5,"heterotroph_or_mixotroph_uncertain","dinoflagellate_trophy_uncertain","mixotroph",TRUE,"not_resolved","not_phaeocystis","peg_trophy_ht_or_mx","authority_rule_assignment_not_yet_applied_to_biomass"
"PEG_BVOL2026_stage5_v1",110153,"Heterocapsa triquetra","Heterocapsa","Dinophyceae","DINOPHYTA (PYRROPHYTA)","MX",6,"heterotroph_or_mixotroph_uncertain","dinoflagellate_trophy_uncertain","mixotroph",TRUE,"not_resolved","not_phaeocystis","peg_trophy_ht_or_mx","authority_rule_assignment_not_yet_applied_to_biomass"
"PEG_BVOL2026_stage5_v1",110153,"Heterocapsa triquetra","Heterocapsa","Dinophyceae","DINOPHYTA (PYRROPHYTA)","MX",7,"heterotroph_or_mixotroph_uncertain","dinoflagellate_trophy_uncertain","mixotroph",TRUE,"not_resolved","not_phaeocystis","peg_trophy_ht_or_mx","authority_rule_assignment_not_yet_applied_to_biomass"
"PEG_BVOL2026_stage5_v1",109540,"Heterocapsa","Heterocapsa","Dinophyceae","DINOPHYTA (PYRROPHYTA)","AU",1,"dinoflagellate_autotroph","","autotroph",FALSE,"not_resolved","not_phaeocystis","peg_class_dinophyceae_and_trophy_au","authority_rule_assignment_not_yet_applied_to_biomass"
"PEG_BVOL2026_stage5_v1",109540,"Heterocapsa","Heterocapsa","Dinophyceae","DINOPHYTA (PYRROPHYTA)","AU",2,"dinoflagellate_autotroph","","autotroph",FALSE,"not_resolved","not_phaeocystis","peg_class_dinophyceae_and_trophy_au","authority_rule_assignment_not_yet_applied_to_biomass"
"PEG_BVOL2026_stage5_v1",109540,"Heterocapsa","Heterocapsa","Dinophyceae","DINOPHYTA (PYRROPHYTA)","AU",3,"dinoflagellate_autotroph","","autotroph",FALSE,"not_resolved","not_phaeocystis","peg_class_dinophyceae_and_trophy_au","authority_rule_assignment_not_yet_applied_to_biomass"
"PEG_BVOL2026_stage5_v1",109540,"Heterocapsa","Heterocapsa","Dinophyceae","DINOPHYTA (PYRROPHYTA)","AU",4,"dinoflagellate_autotroph","","autotroph",FALSE,"not_resolved","not_phaeocystis","peg_class_dinophyceae_and_trophy_au","authority_rule_assignment_not_yet_applied_to_biomass"
"PEG_BVOL2026_stage5_v1",109540,"Heterocapsa","Heterocapsa","Dinophyceae","DINOPHYTA (PYRROPHYTA)","AU",5,"dinoflagellate_autotroph","","autotroph",FALSE,"not_resolved","not_phaeocystis","peg_class_dinophyceae_and_trophy_au","authority_rule_assignment_not_yet_applied_to_biomass"
"PEG_BVOL2026_stage5_v1",109540,"Heterocapsa","Heterocapsa","Dinophyceae","DINOPHYTA (PYRROPHYTA)","AU",6,"dinoflagellate_autotroph","","autotroph",FALSE,"not_resolved","not_phaeocystis","peg_class_dinophyceae_and_trophy_au","authority_rule_assignment_not_yet_applied_to_biomass"
"PEG_BVOL2026_stage5_v1",109540,"Heterocapsa","Heterocapsa","Dinophyceae","DINOPHYTA (PYRROPHYTA)","AU",7,"dinoflagellate_autotroph","","autotroph",FALSE,"not_resolved","not_phaeocystis","peg_class_dinophyceae_and_trophy_au","authority_rule_assignment_not_yet_applied_to_biomass"
"PEG_BVOL2026_stage5_v1",109540,"Heterocapsa","Heterocapsa","Dinophyceae","DINOPHYTA (PYRROPHYTA)","AU",8,"dinoflagellate_autotroph","","autotroph",FALSE,"not_resolved","not_phaeocystis","peg_class_dinophyceae_and_trophy_au","authority_rule_assignment_not_yet_applied_to_biomass"
"PEG_BVOL2026_stage5_v1",110154,"Kryptoperidinium foliaceum","Kryptoperidinium","Dinophyceae","DINOPHYTA (PYRROPHYTA)","AU",5,"dinoflagellate_autotroph","","autotroph",FALSE,"not_resolved","not_phaeocystis","peg_class_dinophyceae_and_trophy_au","authority_rule_assignment_not_yet_applied_to_biomass"
"PEG_BVOL2026_stage5_v1",110154,"Kryptoperidinium foliaceum","Kryptoperidinium","Dinophyceae","DINOPHYTA (PYRROPHYTA)","AU",6,"dinoflagellate_autotroph","","autotroph",FALSE,"not_resolved","not_phaeocystis","peg_class_dinophyceae_and_trophy_au","authority_rule_assignment_not_yet_applied_to_biomass"
"PEG_BVOL2026_stage5_v1",110154,"Kryptoperidinium foliaceum","Kryptoperidinium","Dinophyceae","DINOPHYTA (PYRROPHYTA)","AU",7,"dinoflagellate_autotroph","","autotroph",FALSE,"not_resolved","not_phaeocystis","peg_class_dinophyceae_and_trophy_au","authority_rule_assignment_not_yet_applied_to_biomass"
"PEG_BVOL2026_stage5_v1",110154,"Kryptoperidinium foliaceum","Kryptoperidinium","Dinophyceae","DINOPHYTA (PYRROPHYTA)","AU",8,"dinoflagellate_autotroph","","autotroph",FALSE,"not_resolved","not_phaeocystis","peg_class_dinophyceae_and_trophy_au","authority_rule_assignment_not_yet_applied_to_biomass"
"PEG_BVOL2026_stage5_v1",232703,"Lessardia elongata","Lessardia","Dinophyceae","DINOPHYTA (PYRROPHYTA)","AU",1,"dinoflagellate_autotroph","","autotroph",FALSE,"not_resolved","not_phaeocystis","peg_class_dinophyceae_and_trophy_au","authority_rule_assignment_not_yet_applied_to_biomass"
"PEG_BVOL2026_stage5_v1",110155,"Oblea rotunda","Oblea","Dinophyceae","DINOPHYTA (PYRROPHYTA)","HT",4,"heterotroph_or_mixotroph_uncertain","dinoflagellate_trophy_uncertain","heterotroph",TRUE,"not_resolved","not_phaeocystis","peg_trophy_ht_or_mx","authority_rule_assignment_not_yet_applied_to_biomass"
"PEG_BVOL2026_stage5_v1",,"Oblea rotunda","Oblea","Dinophyceae","DINOPHYTA (PYRROPHYTA)","",1,"unresolved_autotroph","dinoflagellate_trophy_uncertain","unresolved",TRUE,"not_resolved","not_phaeocystis","peg_trophy_blank_unresolved","authority_rule_assignment_not_yet_applied_to_biomass"
"PEG_BVOL2026_stage5_v1",,"Oblea rotunda","Oblea","Dinophyceae","DINOPHYTA (PYRROPHYTA)","",2,"unresolved_autotroph","dinoflagellate_trophy_uncertain","unresolved",TRUE,"not_resolved","not_phaeocystis","peg_trophy_blank_unresolved","authority_rule_assignment_not_yet_applied_to_biomass"
"PEG_BVOL2026_stage5_v1",,"Oblea rotunda","Oblea","Dinophyceae","DINOPHYTA (PYRROPHYTA)","",3,"unresolved_autotroph","dinoflagellate_trophy_uncertain","unresolved",TRUE,"not_resolved","not_phaeocystis","peg_trophy_blank_unresolved","authority_rule_assignment_not_yet_applied_to_biomass"
"PEG_BVOL2026_stage5_v1",,"Oblea rotunda","Oblea","Dinophyceae","DINOPHYTA (PYRROPHYTA)","",5,"unresolved_autotroph","dinoflagellate_trophy_uncertain","unresolved",TRUE,"not_resolved","not_phaeocystis","peg_trophy_blank_unresolved","authority_rule_assignment_not_yet_applied_to_biomass"
"PEG_BVOL2026_stage5_v1",233857,"Oxytoxum criophilum","Oxytoxum","Dinophyceae","DINOPHYTA (PYRROPHYTA)","AU",1,"dinoflagellate_autotroph","","autotroph",FALSE,"not_resolved","not_phaeocystis","peg_class_dinophyceae_and_trophy_au","authority_rule_assignment_not_yet_applied_to_biomass"
"PEG_BVOL2026_stage5_v1",233870,"Oxytoxum gracile","Oxytoxum","Dinophyceae","DINOPHYTA (PYRROPHYTA)","AU",1,"dinoflagellate_autotroph","","autotroph",FALSE,"not_resolved","not_phaeocystis","peg_class_dinophyceae_and_trophy_au","authority_rule_assignment_not_yet_applied_to_biomass"
"PEG_BVOL2026_stage5_v1",109528,"Oxytoxum","Oxytoxum","Dinophyceae","DINOPHYTA (PYRROPHYTA)","AU",1,"dinoflagellate_autotroph","","autotroph",FALSE,"not_resolved","not_phaeocystis","peg_class_dinophyceae_and_trophy_au","authority_rule_assignment_not_yet_applied_to_biomass"
"PEG_BVOL2026_stage5_v1",838487,"Parvodinium inconspicuum","Parvodinium","Dinophyceae","DINOPHYTA (PYRROPHYTA)","AU",1,"dinoflagellate_autotroph","","autotroph",FALSE,"not_resolved","not_phaeocystis","peg_class_dinophyceae_and_trophy_au","authority_rule_assignment_not_yet_applied_to_biomass"
"PEG_BVOL2026_stage5_v1",838487,"Parvodinium inconspicuum","Parvodinium","Dinophyceae","DINOPHYTA (PYRROPHYTA)","AU",2,"dinoflagellate_autotroph","","autotroph",FALSE,"not_resolved","not_phaeocystis","peg_class_dinophyceae_and_trophy_au","authority_rule_assignment_not_yet_applied_to_biomass"
"PEG_BVOL2026_stage5_v1",109925,"Pentapharsodinium dalei","Pentapharsodinium","Dinophyceae","DINOPHYTA (PYRROPHYTA)","AU",1,"dinoflagellate_autotroph","","autotroph",FALSE,"not_resolved","not_phaeocystis","peg_class_dinophyceae_and_trophy_au","authority_rule_assignment_not_yet_applied_to_biomass"
"PEG_BVOL2026_stage5_v1",109925,"Pentapharsodinium dalei","Pentapharsodinium","Dinophyceae","DINOPHYTA (PYRROPHYTA)","AU",2,"dinoflagellate_autotroph","","autotroph",FALSE,"not_resolved","not_phaeocystis","peg_class_dinophyceae_and_trophy_au","authority_rule_assignment_not_yet_applied_to_biomass"
"PEG_BVOL2026_stage5_v1",109925,"Pentapharsodinium dalei","Pentapharsodinium","Dinophyceae","DINOPHYTA (PYRROPHYTA)","AU",3,"dinoflagellate_autotroph","","autotroph",FALSE,"not_resolved","not_phaeocystis","peg_class_dinophyceae_and_trophy_au","authority_rule_assignment_not_yet_applied_to_biomass"
"PEG_BVOL2026_stage5_v1",110183,"Peridinium cinctum","Peridinium","Dinophyceae","DINOPHYTA (PYRROPHYTA)","AU",1,"dinoflagellate_autotroph","","autotroph",FALSE,"not_resolved","not_phaeocystis","peg_class_dinophyceae_and_trophy_au","authority_rule_assignment_not_yet_applied_to_biomass"
"PEG_BVOL2026_stage5_v1",1305343,"Peridinium quadridentatum","Peridinium","Dinophyceae","DINOPHYTA (PYRROPHYTA)","HT",1,"heterotroph_or_mixotroph_uncertain","dinoflagellate_trophy_uncertain","heterotroph",TRUE,"not_resolved","not_phaeocystis","peg_trophy_ht_or_mx","authority_rule_assignment_not_yet_applied_to_biomass"
"PEG_BVOL2026_stage5_v1",109549,"Peridinium","Peridinium","Dinophyceae","DINOPHYTA (PYRROPHYTA)","AU",1,"dinoflagellate_autotroph","","autotroph",FALSE,"not_resolved","not_phaeocystis","peg_class_dinophyceae_and_trophy_au","authority_rule_assignment_not_yet_applied_to_biomass"
"PEG_BVOL2026_stage5_v1",109549,"Peridinium","Peridinium","Dinophyceae","DINOPHYTA (PYRROPHYTA)","AU",2,"dinoflagellate_autotroph","","autotroph",FALSE,"not_resolved","not_phaeocystis","peg_class_dinophyceae_and_trophy_au","authority_rule_assignment_not_yet_applied_to_biomass"
"PEG_BVOL2026_stage5_v1",614618,"Preperidinium meunieri","Preperidinium","Dinophyceae","DINOPHYTA (PYRROPHYTA)","HT",1,"heterotroph_or_mixotroph_uncertain","dinoflagellate_trophy_uncertain","heterotroph",TRUE,"not_resolved","not_phaeocystis","peg_trophy_ht_or_mx","authority_rule_assignment_not_yet_applied_to_biomass"
"PEG_BVOL2026_stage5_v1",614618,"Preperidinium meunieri","Preperidinium","Dinophyceae","DINOPHYTA (PYRROPHYTA)","HT",2,"heterotroph_or_mixotroph_uncertain","dinoflagellate_trophy_uncertain","heterotroph",TRUE,"not_resolved","not_phaeocystis","peg_trophy_ht_or_mx","authority_rule_assignment_not_yet_applied_to_biomass"
"PEG_BVOL2026_stage5_v1",110205,"Protoperidinium achromaticum","Protoperidinium","Dinophyceae","DINOPHYTA (PYRROPHYTA)","HT",3,"heterotroph_or_mixotroph_uncertain","dinoflagellate_trophy_uncertain","heterotroph",TRUE,"not_resolved","not_phaeocystis","peg_trophy_ht_or_mx","authority_rule_assignment_not_yet_applied_to_biomass"
"PEG_BVOL2026_stage5_v1",110205,"Protoperidinium achromaticum","Protoperidinium","Dinophyceae","DINOPHYTA (PYRROPHYTA)","HT",4,"heterotroph_or_mixotroph_uncertain","dinoflagellate_trophy_uncertain","heterotroph",TRUE,"not_resolved","not_phaeocystis","peg_trophy_ht_or_mx","authority_rule_assignment_not_yet_applied_to_biomass"
"PEG_BVOL2026_stage5_v1",110208,"Protoperidinium bipes","Protoperidinium","Dinophyceae","DINOPHYTA (PYRROPHYTA)","HT",1,"heterotroph_or_mixotroph_uncertain","dinoflagellate_trophy_uncertain","heterotroph",TRUE,"not_resolved","not_phaeocystis","peg_trophy_ht_or_mx","authority_rule_assignment_not_yet_applied_to_biomass"
"PEG_BVOL2026_stage5_v1",110208,"Protoperidinium bipes","Protoperidinium","Dinophyceae","DINOPHYTA (PYRROPHYTA)","HT",2,"heterotroph_or_mixotroph_uncertain","dinoflagellate_trophy_uncertain","heterotroph",TRUE,"not_resolved","not_phaeocystis","peg_trophy_ht_or_mx","authority_rule_assignment_not_yet_applied_to_biomass"
"PEG_BVOL2026_stage5_v1",110208,"Protoperidinium bipes","Protoperidinium","Dinophyceae","DINOPHYTA (PYRROPHYTA)","HT",3,"heterotroph_or_mixotroph_uncertain","dinoflagellate_trophy_uncertain","heterotroph",TRUE,"not_resolved","not_phaeocystis","peg_trophy_ht_or_mx","authority_rule_assignment_not_yet_applied_to_biomass"
"PEG_BVOL2026_stage5_v1",110209,"Protoperidinium breve","Protoperidinium","Dinophyceae","DINOPHYTA (PYRROPHYTA)","HT",1,"heterotroph_or_mixotroph_uncertain","dinoflagellate_trophy_uncertain","heterotroph",TRUE,"not_resolved","not_phaeocystis","peg_trophy_ht_or_mx","authority_rule_assignment_not_yet_applied_to_biomass"
"PEG_BVOL2026_stage5_v1",110209,"Protoperidinium breve","Protoperidinium","Dinophyceae","DINOPHYTA (PYRROPHYTA)","HT",2,"heterotroph_or_mixotroph_uncertain","dinoflagellate_trophy_uncertain","heterotroph",TRUE,"not_resolved","not_phaeocystis","peg_trophy_ht_or_mx","authority_rule_assignment_not_yet_applied_to_biomass"
"PEG_BVOL2026_stage5_v1",110209,"Protoperidinium breve","Protoperidinium","Dinophyceae","DINOPHYTA (PYRROPHYTA)","HT",3,"heterotroph_or_mixotroph_uncertain","dinoflagellate_trophy_uncertain","heterotroph",TRUE,"not_resolved","not_phaeocystis","peg_trophy_ht_or_mx","authority_rule_assignment_not_yet_applied_to_biomass"
"PEG_BVOL2026_stage5_v1",110209,"Protoperidinium breve","Protoperidinium","Dinophyceae","DINOPHYTA (PYRROPHYTA)","HT",4,"heterotroph_or_mixotroph_uncertain","dinoflagellate_trophy_uncertain","heterotroph",TRUE,"not_resolved","not_phaeocystis","peg_trophy_ht_or_mx","authority_rule_assignment_not_yet_applied_to_biomass"
"PEG_BVOL2026_stage5_v1",110209,"Protoperidinium breve","Protoperidinium","Dinophyceae","DINOPHYTA (PYRROPHYTA)","HT",5,"heterotroph_or_mixotroph_uncertain","dinoflagellate_trophy_uncertain","heterotroph",TRUE,"not_resolved","not_phaeocystis","peg_trophy_ht_or_mx","authority_rule_assignment_not_yet_applied_to_biomass"
"PEG_BVOL2026_stage5_v1",110209,"Protoperidinium breve","Protoperidinium","Dinophyceae","DINOPHYTA (PYRROPHYTA)","HT",6,"heterotroph_or_mixotroph_uncertain","dinoflagellate_trophy_uncertain","heterotroph",TRUE,"not_resolved","not_phaeocystis","peg_trophy_ht_or_mx","authority_rule_assignment_not_yet_applied_to_biomass"
"PEG_BVOL2026_stage5_v1",110210,"Protoperidinium brevipes","Protoperidinium","Dinophyceae","DINOPHYTA (PYRROPHYTA)","HT",1,"heterotroph_or_mixotroph_uncertain","dinoflagellate_trophy_uncertain","heterotroph",TRUE,"not_resolved","not_phaeocystis","peg_trophy_ht_or_mx","authority_rule_assignment_not_yet_applied_to_biomass"
"PEG_BVOL2026_stage5_v1",110210,"Protoperidinium brevipes","Protoperidinium","Dinophyceae","DINOPHYTA (PYRROPHYTA)","HT",2,"heterotroph_or_mixotroph_uncertain","dinoflagellate_trophy_uncertain","heterotroph",TRUE,"not_resolved","not_phaeocystis","peg_trophy_ht_or_mx","authority_rule_assignment_not_yet_applied_to_biomass"
"PEG_BVOL2026_stage5_v1",110210,"Protoperidinium brevipes","Protoperidinium","Dinophyceae","DINOPHYTA (PYRROPHYTA)","HT",3,"heterotroph_or_mixotroph_uncertain","dinoflagellate_trophy_uncertain","heterotroph",TRUE,"not_resolved","not_phaeocystis","peg_trophy_ht_or_mx","authority_rule_assignment_not_yet_applied_to_biomass"
"PEG_BVOL2026_stage5_v1",110210,"Protoperidinium brevipes","Protoperidinium","Dinophyceae","DINOPHYTA (PYRROPHYTA)","HT",4,"heterotroph_or_mixotroph_uncertain","dinoflagellate_trophy_uncertain","heterotroph",TRUE,"not_resolved","not_phaeocystis","peg_trophy_ht_or_mx","authority_rule_assignment_not_yet_applied_to_biomass"
"PEG_BVOL2026_stage5_v1",623339,"Protoperidinium bolmonense","Protoperidinium","Dinophyceae","DINOPHYTA (PYRROPHYTA)","HT",1,"heterotroph_or_mixotroph_uncertain","dinoflagellate_trophy_uncertain","heterotroph",TRUE,"not_resolved","not_phaeocystis","peg_trophy_ht_or_mx","authority_rule_assignment_not_yet_applied_to_biomass"
"PEG_BVOL2026_stage5_v1",162749,"Protoperidinium cerasus","Protoperidinium","Dinophyceae","DINOPHYTA (PYRROPHYTA)","HT",1,"heterotroph_or_mixotroph_uncertain","dinoflagellate_trophy_uncertain","heterotroph",TRUE,"not_resolved","not_phaeocystis","peg_trophy_ht_or_mx","authority_rule_assignment_not_yet_applied_to_biomass"
"PEG_BVOL2026_stage5_v1",163862,"Protoperidinium claudicans","Protoperidinium","Dinophyceae","DINOPHYTA (PYRROPHYTA)","HT",1,"heterotroph_or_mixotroph_uncertain","dinoflagellate_trophy_uncertain","heterotroph",TRUE,"not_resolved","not_phaeocystis","peg_trophy_ht_or_mx","authority_rule_assignment_not_yet_applied_to_biomass"
"PEG_BVOL2026_stage5_v1",163862,"Protoperidinium claudicans","Protoperidinium","Dinophyceae","DINOPHYTA (PYRROPHYTA)","HT",2,"heterotroph_or_mixotroph_uncertain","dinoflagellate_trophy_uncertain","heterotroph",TRUE,"not_resolved","not_phaeocystis","peg_trophy_ht_or_mx","authority_rule_assignment_not_yet_applied_to_biomass"
"PEG_BVOL2026_stage5_v1",163862,"Protoperidinium claudicans","Protoperidinium","Dinophyceae","DINOPHYTA (PYRROPHYTA)","HT",3,"heterotroph_or_mixotroph_uncertain","dinoflagellate_trophy_uncertain","heterotroph",TRUE,"not_resolved","not_phaeocystis","peg_trophy_ht_or_mx","authority_rule_assignment_not_yet_applied_to_biomass"
"PEG_BVOL2026_stage5_v1",110212,"Protoperidinium conicoides","Protoperidinium","Dinophyceae","DINOPHYTA (PYRROPHYTA)","HT",1,"heterotroph_or_mixotroph_uncertain","dinoflagellate_trophy_uncertain","heterotroph",TRUE,"not_resolved","not_phaeocystis","peg_trophy_ht_or_mx","authority_rule_assignment_not_yet_applied_to_biomass"
"PEG_BVOL2026_stage5_v1",110212,"Protoperidinium conicoides","Protoperidinium","Dinophyceae","DINOPHYTA (PYRROPHYTA)","HT",2,"heterotroph_or_mixotroph_uncertain","dinoflagellate_trophy_uncertain","heterotroph",TRUE,"not_resolved","not_phaeocystis","peg_trophy_ht_or_mx","authority_rule_assignment_not_yet_applied_to_biomass"
"PEG_BVOL2026_stage5_v1",110212,"Protoperidinium conicoides","Protoperidinium","Dinophyceae","DINOPHYTA (PYRROPHYTA)","HT",3,"heterotroph_or_mixotroph_uncertain","dinoflagellate_trophy_uncertain","heterotroph",TRUE,"not_resolved","not_phaeocystis","peg_trophy_ht_or_mx","authority_rule_assignment_not_yet_applied_to_biomass"
"PEG_BVOL2026_stage5_v1",110213,"Protoperidinium conicum","Protoperidinium","Dinophyceae","DINOPHYTA (PYRROPHYTA)","HT",1,"heterotroph_or_mixotroph_uncertain","dinoflagellate_trophy_uncertain","heterotroph",TRUE,"not_resolved","not_phaeocystis","peg_trophy_ht_or_mx","authority_rule_assignment_not_yet_applied_to_biomass"
"PEG_BVOL2026_stage5_v1",110213,"Protoperidinium conicum","Protoperidinium","Dinophyceae","DINOPHYTA (PYRROPHYTA)","HT",2,"heterotroph_or_mixotroph_uncertain","dinoflagellate_trophy_uncertain","heterotroph",TRUE,"not_resolved","not_phaeocystis","peg_trophy_ht_or_mx","authority_rule_assignment_not_yet_applied_to_biomass"
"PEG_BVOL2026_stage5_v1",110213,"Protoperidinium conicum","Protoperidinium","Dinophyceae","DINOPHYTA (PYRROPHYTA)","HT",6,"heterotroph_or_mixotroph_uncertain","dinoflagellate_trophy_uncertain","heterotroph",TRUE,"not_resolved","not_phaeocystis","peg_trophy_ht_or_mx","authority_rule_assignment_not_yet_applied_to_biomass"
"PEG_BVOL2026_stage5_v1",110213,"Protoperidinium conicum","Protoperidinium","Dinophyceae","DINOPHYTA (PYRROPHYTA)","HT",3,"heterotroph_or_mixotroph_uncertain","dinoflagellate_trophy_uncertain","heterotroph",TRUE,"not_resolved","not_phaeocystis","peg_trophy_ht_or_mx","authority_rule_assignment_not_yet_applied_to_biomass"
"PEG_BVOL2026_stage5_v1",110213,"Protoperidinium conicum","Protoperidinium","Dinophyceae","DINOPHYTA (PYRROPHYTA)","HT",4,"heterotroph_or_mixotroph_uncertain","dinoflagellate_trophy_uncertain","heterotroph",TRUE,"not_resolved","not_phaeocystis","peg_trophy_ht_or_mx","authority_rule_assignment_not_yet_applied_to_biomass"
"PEG_BVOL2026_stage5_v1",110213,"Protoperidinium conicum","Protoperidinium","Dinophyceae","DINOPHYTA (PYRROPHYTA)","HT",5,"heterotroph_or_mixotroph_uncertain","dinoflagellate_trophy_uncertain","heterotroph",TRUE,"not_resolved","not_phaeocystis","peg_trophy_ht_or_mx","authority_rule_assignment_not_yet_applied_to_biomass"
"PEG_BVOL2026_stage5_v1",110214,"Protoperidinium crassipes","Protoperidinium","Dinophyceae","DINOPHYTA (PYRROPHYTA)","HT",1,"heterotroph_or_mixotroph_uncertain","dinoflagellate_trophy_uncertain","heterotroph",TRUE,"not_resolved","not_phaeocystis","peg_trophy_ht_or_mx","authority_rule_assignment_not_yet_applied_to_biomass"
"PEG_BVOL2026_stage5_v1",110214,"Protoperidinium crassipes","Protoperidinium","Dinophyceae","DINOPHYTA (PYRROPHYTA)","HT",2,"heterotroph_or_mixotroph_uncertain","dinoflagellate_trophy_uncertain","heterotroph",TRUE,"not_resolved","not_phaeocystis","peg_trophy_ht_or_mx","authority_rule_assignment_not_yet_applied_to_biomass"
"PEG_BVOL2026_stage5_v1",110215,"Protoperidinium curtipes","Protoperidinium","Dinophyceae","DINOPHYTA (PYRROPHYTA)","HT",1,"heterotroph_or_mixotroph_uncertain","dinoflagellate_trophy_uncertain","heterotroph",TRUE,"not_resolved","not_phaeocystis","peg_trophy_ht_or_mx","authority_rule_assignment_not_yet_applied_to_biomass"
"PEG_BVOL2026_stage5_v1",163934,"Protoperidinium curvipes","Protoperidinium","Dinophyceae","DINOPHYTA (PYRROPHYTA)","HT",1,"heterotroph_or_mixotroph_uncertain","dinoflagellate_trophy_uncertain","heterotroph",TRUE,"not_resolved","not_phaeocystis","peg_trophy_ht_or_mx","authority_rule_assignment_not_yet_applied_to_biomass"
"PEG_BVOL2026_stage5_v1",110216,"Protoperidinium denticulatum","Protoperidinium","Dinophyceae","DINOPHYTA (PYRROPHYTA)","HT",1,"heterotroph_or_mixotroph_uncertain","dinoflagellate_trophy_uncertain","heterotroph",TRUE,"not_resolved","not_phaeocystis","peg_trophy_ht_or_mx","authority_rule_assignment_not_yet_applied_to_biomass"
"PEG_BVOL2026_stage5_v1",110217,"Protoperidinium depressum","Protoperidinium","Dinophyceae","DINOPHYTA (PYRROPHYTA)","HT",1,"heterotroph_or_mixotroph_uncertain","dinoflagellate_trophy_uncertain","heterotroph",TRUE,"not_resolved","not_phaeocystis","peg_trophy_ht_or_mx","authority_rule_assignment_not_yet_applied_to_biomass"
"PEG_BVOL2026_stage5_v1",110217,"Protoperidinium depressum","Protoperidinium","Dinophyceae","DINOPHYTA (PYRROPHYTA)","HT",2,"heterotroph_or_mixotroph_uncertain","dinoflagellate_trophy_uncertain","heterotroph",TRUE,"not_resolved","not_phaeocystis","peg_trophy_ht_or_mx","authority_rule_assignment_not_yet_applied_to_biomass"
"PEG_BVOL2026_stage5_v1",110217,"Protoperidinium depressum","Protoperidinium","Dinophyceae","DINOPHYTA (PYRROPHYTA)","HT",3,"heterotroph_or_mixotroph_uncertain","dinoflagellate_trophy_uncertain","heterotroph",TRUE,"not_resolved","not_phaeocystis","peg_trophy_ht_or_mx","authority_rule_assignment_not_yet_applied_to_biomass"
"PEG_BVOL2026_stage5_v1",110217,"Protoperidinium depressum","Protoperidinium","Dinophyceae","DINOPHYTA (PYRROPHYTA)","HT",4,"heterotroph_or_mixotroph_uncertain","dinoflagellate_trophy_uncertain","heterotroph",TRUE,"not_resolved","not_phaeocystis","peg_trophy_ht_or_mx","authority_rule_assignment_not_yet_applied_to_biomass"
"PEG_BVOL2026_stage5_v1",110217,"Protoperidinium depressum","Protoperidinium","Dinophyceae","DINOPHYTA (PYRROPHYTA)","HT",5,"heterotroph_or_mixotroph_uncertain","dinoflagellate_trophy_uncertain","heterotroph",TRUE,"not_resolved","not_phaeocystis","peg_trophy_ht_or_mx","authority_rule_assignment_not_yet_applied_to_biomass"
"PEG_BVOL2026_stage5_v1",110219,"Protoperidinium divergens","Protoperidinium","Dinophyceae","DINOPHYTA (PYRROPHYTA)","HT",1,"heterotroph_or_mixotroph_uncertain","dinoflagellate_trophy_uncertain","heterotroph",TRUE,"not_resolved","not_phaeocystis","peg_trophy_ht_or_mx","authority_rule_assignment_not_yet_applied_to_biomass"
"PEG_BVOL2026_stage5_v1",110219,"Protoperidinium divergens","Protoperidinium","Dinophyceae","DINOPHYTA (PYRROPHYTA)","HT",2,"heterotroph_or_mixotroph_uncertain","dinoflagellate_trophy_uncertain","heterotroph",TRUE,"not_resolved","not_phaeocystis","peg_trophy_ht_or_mx","authority_rule_assignment_not_yet_applied_to_biomass"
"PEG_BVOL2026_stage5_v1",110219,"Protoperidinium divergens","Protoperidinium","Dinophyceae","DINOPHYTA (PYRROPHYTA)","HT",3,"heterotroph_or_mixotroph_uncertain","dinoflagellate_trophy_uncertain","heterotroph",TRUE,"not_resolved","not_phaeocystis","peg_trophy_ht_or_mx","authority_rule_assignment_not_yet_applied_to_biomass"
"PEG_BVOL2026_stage5_v1",110223,"Protoperidinium granii","Protoperidinium","Dinophyceae","DINOPHYTA (PYRROPHYTA)","HT",1,"heterotroph_or_mixotroph_uncertain","dinoflagellate_trophy_uncertain","heterotroph",TRUE,"not_resolved","not_phaeocystis","peg_trophy_ht_or_mx","authority_rule_assignment_not_yet_applied_to_biomass"
"PEG_BVOL2026_stage5_v1",110223,"Protoperidinium granii","Protoperidinium","Dinophyceae","DINOPHYTA (PYRROPHYTA)","HT",2,"heterotroph_or_mixotroph_uncertain","dinoflagellate_trophy_uncertain","heterotroph",TRUE,"not_resolved","not_phaeocystis","peg_trophy_ht_or_mx","authority_rule_assignment_not_yet_applied_to_biomass"
"PEG_BVOL2026_stage5_v1",110223,"Protoperidinium granii","Protoperidinium","Dinophyceae","DINOPHYTA (PYRROPHYTA)","HT",3,"heterotroph_or_mixotroph_uncertain","dinoflagellate_trophy_uncertain","heterotroph",TRUE,"not_resolved","not_phaeocystis","peg_trophy_ht_or_mx","authority_rule_assignment_not_yet_applied_to_biomass"
"PEG_BVOL2026_stage5_v1",110223,"Protoperidinium granii","Protoperidinium","Dinophyceae","DINOPHYTA (PYRROPHYTA)","HT",4,"heterotroph_or_mixotroph_uncertain","dinoflagellate_trophy_uncertain","heterotroph",TRUE,"not_resolved","not_phaeocystis","peg_trophy_ht_or_mx","authority_rule_assignment_not_yet_applied_to_biomass"
"PEG_BVOL2026_stage5_v1",110223,"Protoperidinium granii","Protoperidinium","Dinophyceae","DINOPHYTA (PYRROPHYTA)","HT",5,"heterotroph_or_mixotroph_uncertain","dinoflagellate_trophy_uncertain","heterotroph",TRUE,"not_resolved","not_phaeocystis","peg_trophy_ht_or_mx","authority_rule_assignment_not_yet_applied_to_biomass"
"PEG_BVOL2026_stage5_v1",110223,"Protoperidinium granii","Protoperidinium","Dinophyceae","DINOPHYTA (PYRROPHYTA)","HT",7,"heterotroph_or_mixotroph_uncertain","dinoflagellate_trophy_uncertain","heterotroph",TRUE,"not_resolved","not_phaeocystis","peg_trophy_ht_or_mx","authority_rule_assignment_not_yet_applied_to_biomass"
"PEG_BVOL2026_stage5_v1",110223,"Protoperidinium granii","Protoperidinium","Dinophyceae","DINOPHYTA (PYRROPHYTA)","HT",8,"heterotroph_or_mixotroph_uncertain","dinoflagellate_trophy_uncertain","heterotroph",TRUE,"not_resolved","not_phaeocystis","peg_trophy_ht_or_mx","authority_rule_assignment_not_yet_applied_to_biomass"
"PEG_BVOL2026_stage5_v1",110223,"Protoperidinium granii","Protoperidinium","Dinophyceae","DINOPHYTA (PYRROPHYTA)","HT",9,"heterotroph_or_mixotroph_uncertain","dinoflagellate_trophy_uncertain","heterotroph",TRUE,"not_resolved","not_phaeocystis","peg_trophy_ht_or_mx","authority_rule_assignment_not_yet_applied_to_biomass"
"PEG_BVOL2026_stage5_v1",110228,"Protoperidinium laticeps","Protoperidinium","Dinophyceae","DINOPHYTA (PYRROPHYTA)","HT",1,"heterotroph_or_mixotroph_uncertain","dinoflagellate_trophy_uncertain","heterotroph",TRUE,"not_resolved","not_phaeocystis","peg_trophy_ht_or_mx","authority_rule_assignment_not_yet_applied_to_biomass"
"PEG_BVOL2026_stage5_v1",110229,"Protoperidinium leonis","Protoperidinium","Dinophyceae","DINOPHYTA (PYRROPHYTA)","HT",1,"heterotroph_or_mixotroph_uncertain","dinoflagellate_trophy_uncertain","heterotroph",TRUE,"not_resolved","not_phaeocystis","peg_trophy_ht_or_mx","authority_rule_assignment_not_yet_applied_to_biomass"
"PEG_BVOL2026_stage5_v1",233195,"Protoperidinium longispinum","Protoperidinium","Dinophyceae","DINOPHYTA (PYRROPHYTA)","HT",1,"heterotroph_or_mixotroph_uncertain","dinoflagellate_trophy_uncertain","heterotroph",TRUE,"not_resolved","not_phaeocystis","peg_trophy_ht_or_mx","authority_rule_assignment_not_yet_applied_to_biomass"
"PEG_BVOL2026_stage5_v1",614620,"Protoperidinium marielebouriae","Protoperidinium","Dinophyceae","DINOPHYTA (PYRROPHYTA)","HT",2,"heterotroph_or_mixotroph_uncertain","dinoflagellate_trophy_uncertain","heterotroph",TRUE,"not_resolved","not_phaeocystis","peg_trophy_ht_or_mx","authority_rule_assignment_not_yet_applied_to_biomass"
"PEG_BVOL2026_stage5_v1",110238,"Protoperidinium oblongum","Protoperidinium","Dinophyceae","DINOPHYTA (PYRROPHYTA)","HT",1,"heterotroph_or_mixotroph_uncertain","dinoflagellate_trophy_uncertain","heterotroph",TRUE,"not_resolved","not_phaeocystis","peg_trophy_ht_or_mx","authority_rule_assignment_not_yet_applied_to_biomass"
"PEG_BVOL2026_stage5_v1",110238,"Protoperidinium oblongum","Protoperidinium","Dinophyceae","DINOPHYTA (PYRROPHYTA)","HT",2,"heterotroph_or_mixotroph_uncertain","dinoflagellate_trophy_uncertain","heterotroph",TRUE,"not_resolved","not_phaeocystis","peg_trophy_ht_or_mx","authority_rule_assignment_not_yet_applied_to_biomass"
"PEG_BVOL2026_stage5_v1",110238,"Protoperidinium oblongum","Protoperidinium","Dinophyceae","DINOPHYTA (PYRROPHYTA)","HT",3,"heterotroph_or_mixotroph_uncertain","dinoflagellate_trophy_uncertain","heterotroph",TRUE,"not_resolved","not_phaeocystis","peg_trophy_ht_or_mx","authority_rule_assignment_not_yet_applied_to_biomass"
"PEG_BVOL2026_stage5_v1",110238,"Protoperidinium oblongum","Protoperidinium","Dinophyceae","DINOPHYTA (PYRROPHYTA)","HT",4,"heterotroph_or_mixotroph_uncertain","dinoflagellate_trophy_uncertain","heterotroph",TRUE,"not_resolved","not_phaeocystis","peg_trophy_ht_or_mx","authority_rule_assignment_not_yet_applied_to_biomass"
"PEG_BVOL2026_stage5_v1",110238,"Protoperidinium oblongum","Protoperidinium","Dinophyceae","DINOPHYTA (PYRROPHYTA)","HT",5,"heterotroph_or_mixotroph_uncertain","dinoflagellate_trophy_uncertain","heterotroph",TRUE,"not_resolved","not_phaeocystis","peg_trophy_ht_or_mx","authority_rule_assignment_not_yet_applied_to_biomass"
"PEG_BVOL2026_stage5_v1",110244,"Protoperidinium pallidum","Protoperidinium","Dinophyceae","DINOPHYTA (PYRROPHYTA)","HT",1,"heterotroph_or_mixotroph_uncertain","dinoflagellate_trophy_uncertain","heterotroph",TRUE,"not_resolved","not_phaeocystis","peg_trophy_ht_or_mx","authority_rule_assignment_not_yet_applied_to_biomass"
"PEG_BVOL2026_stage5_v1",110244,"Protoperidinium pallidum","Protoperidinium","Dinophyceae","DINOPHYTA (PYRROPHYTA)","HT",2,"heterotroph_or_mixotroph_uncertain","dinoflagellate_trophy_uncertain","heterotroph",TRUE,"not_resolved","not_phaeocystis","peg_trophy_ht_or_mx","authority_rule_assignment_not_yet_applied_to_biomass"
"PEG_BVOL2026_stage5_v1",110244,"Protoperidinium pallidum","Protoperidinium","Dinophyceae","DINOPHYTA (PYRROPHYTA)","HT",3,"heterotroph_or_mixotroph_uncertain","dinoflagellate_trophy_uncertain","heterotroph",TRUE,"not_resolved","not_phaeocystis","peg_trophy_ht_or_mx","authority_rule_assignment_not_yet_applied_to_biomass"
"PEG_BVOL2026_stage5_v1",110245,"Protoperidinium pellucidum","Protoperidinium","Dinophyceae","DINOPHYTA (PYRROPHYTA)","HT",7,"heterotroph_or_mixotroph_uncertain","dinoflagellate_trophy_uncertain","heterotroph",TRUE,"not_resolved","not_phaeocystis","peg_trophy_ht_or_mx","authority_rule_assignment_not_yet_applied_to_biomass"
"PEG_BVOL2026_stage5_v1",110245,"Protoperidinium pellucidum","Protoperidinium","Dinophyceae","DINOPHYTA (PYRROPHYTA)","HT",8,"heterotroph_or_mixotroph_uncertain","dinoflagellate_trophy_uncertain","heterotroph",TRUE,"not_resolved","not_phaeocystis","peg_trophy_ht_or_mx","authority_rule_assignment_not_yet_applied_to_biomass"
"PEG_BVOL2026_stage5_v1",110245,"Protoperidinium pellucidum","Protoperidinium","Dinophyceae","DINOPHYTA (PYRROPHYTA)","HT",9,"heterotroph_or_mixotroph_uncertain","dinoflagellate_trophy_uncertain","heterotroph",TRUE,"not_resolved","not_phaeocystis","peg_trophy_ht_or_mx","authority_rule_assignment_not_yet_applied_to_biomass"
"PEG_BVOL2026_stage5_v1",110245,"Protoperidinium pellucidum","Protoperidinium","Dinophyceae","DINOPHYTA (PYRROPHYTA)","HT",10,"heterotroph_or_mixotroph_uncertain","dinoflagellate_trophy_uncertain","heterotroph",TRUE,"not_resolved","not_phaeocystis","peg_trophy_ht_or_mx","authority_rule_assignment_not_yet_applied_to_biomass"
"PEG_BVOL2026_stage5_v1",110245,"Protoperidinium pellucidum","Protoperidinium","Dinophyceae","DINOPHYTA (PYRROPHYTA)","HT",11,"heterotroph_or_mixotroph_uncertain","dinoflagellate_trophy_uncertain","heterotroph",TRUE,"not_resolved","not_phaeocystis","peg_trophy_ht_or_mx","authority_rule_assignment_not_yet_applied_to_biomass"
"PEG_BVOL2026_stage5_v1",110245,"Protoperidinium pellucidum","Protoperidinium","Dinophyceae","DINOPHYTA (PYRROPHYTA)","HT",12,"heterotroph_or_mixotroph_uncertain","dinoflagellate_trophy_uncertain","heterotroph",TRUE,"not_resolved","not_phaeocystis","peg_trophy_ht_or_mx","authority_rule_assignment_not_yet_applied_to_biomass"
"PEG_BVOL2026_stage5_v1",110245,"Protoperidinium pellucidum","Protoperidinium","Dinophyceae","DINOPHYTA (PYRROPHYTA)","HT",13,"heterotroph_or_mixotroph_uncertain","dinoflagellate_trophy_uncertain","heterotroph",TRUE,"not_resolved","not_phaeocystis","peg_trophy_ht_or_mx","authority_rule_assignment_not_yet_applied_to_biomass"
"PEG_BVOL2026_stage5_v1",110245,"Protoperidinium pellucidum","Protoperidinium","Dinophyceae","DINOPHYTA (PYRROPHYTA)","HT",14,"heterotroph_or_mixotroph_uncertain","dinoflagellate_trophy_uncertain","heterotroph",TRUE,"not_resolved","not_phaeocystis","peg_trophy_ht_or_mx","authority_rule_assignment_not_yet_applied_to_biomass"
"PEG_BVOL2026_stage5_v1",110247,"Protoperidinium pentagonum","Protoperidinium","Dinophyceae","DINOPHYTA (PYRROPHYTA)","HT",1,"heterotroph_or_mixotroph_uncertain","dinoflagellate_trophy_uncertain","heterotroph",TRUE,"not_resolved","not_phaeocystis","peg_trophy_ht_or_mx","authority_rule_assignment_not_yet_applied_to_biomass"
"PEG_BVOL2026_stage5_v1",110248,"Protoperidinium punctulatum","Protoperidinium","Dinophyceae","DINOPHYTA (PYRROPHYTA)","HT",1,"heterotroph_or_mixotroph_uncertain","dinoflagellate_trophy_uncertain","heterotroph",TRUE,"not_resolved","not_phaeocystis","peg_trophy_ht_or_mx","authority_rule_assignment_not_yet_applied_to_biomass"
"PEG_BVOL2026_stage5_v1",110249,"Protoperidinium pyriforme","Protoperidinium","Dinophyceae","DINOPHYTA (PYRROPHYTA)","HT",1,"heterotroph_or_mixotroph_uncertain","dinoflagellate_trophy_uncertain","heterotroph",TRUE,"not_resolved","not_phaeocystis","peg_trophy_ht_or_mx","authority_rule_assignment_not_yet_applied_to_biomass"
"PEG_BVOL2026_stage5_v1",110257,"Protoperidinium steinii","Protoperidinium","Dinophyceae","DINOPHYTA (PYRROPHYTA)","HT",1,"heterotroph_or_mixotroph_uncertain","dinoflagellate_trophy_uncertain","heterotroph",TRUE,"not_resolved","not_phaeocystis","peg_trophy_ht_or_mx","authority_rule_assignment_not_yet_applied_to_biomass"
"PEG_BVOL2026_stage5_v1",110257,"Protoperidinium steinii","Protoperidinium","Dinophyceae","DINOPHYTA (PYRROPHYTA)","HT",2,"heterotroph_or_mixotroph_uncertain","dinoflagellate_trophy_uncertain","heterotroph",TRUE,"not_resolved","not_phaeocystis","peg_trophy_ht_or_mx","authority_rule_assignment_not_yet_applied_to_biomass"
"PEG_BVOL2026_stage5_v1",110257,"Protoperidinium steinii","Protoperidinium","Dinophyceae","DINOPHYTA (PYRROPHYTA)","HT",3,"heterotroph_or_mixotroph_uncertain","dinoflagellate_trophy_uncertain","heterotroph",TRUE,"not_resolved","not_phaeocystis","peg_trophy_ht_or_mx","authority_rule_assignment_not_yet_applied_to_biomass"
"PEG_BVOL2026_stage5_v1",110257,"Protoperidinium steinii","Protoperidinium","Dinophyceae","DINOPHYTA (PYRROPHYTA)","HT",4,"heterotroph_or_mixotroph_uncertain","dinoflagellate_trophy_uncertain","heterotroph",TRUE,"not_resolved","not_phaeocystis","peg_trophy_ht_or_mx","authority_rule_assignment_not_yet_applied_to_biomass"
"PEG_BVOL2026_stage5_v1",110257,"Protoperidinium steinii","Protoperidinium","Dinophyceae","DINOPHYTA (PYRROPHYTA)","HT",5,"heterotroph_or_mixotroph_uncertain","dinoflagellate_trophy_uncertain","heterotroph",TRUE,"not_resolved","not_phaeocystis","peg_trophy_ht_or_mx","authority_rule_assignment_not_yet_applied_to_biomass"
"PEG_BVOL2026_stage5_v1",110257,"Protoperidinium steinii","Protoperidinium","Dinophyceae","DINOPHYTA (PYRROPHYTA)","HT",6,"heterotroph_or_mixotroph_uncertain","dinoflagellate_trophy_uncertain","heterotroph",TRUE,"not_resolved","not_phaeocystis","peg_trophy_ht_or_mx","authority_rule_assignment_not_yet_applied_to_biomass"
"PEG_BVOL2026_stage5_v1",110257,"Protoperidinium steinii","Protoperidinium","Dinophyceae","DINOPHYTA (PYRROPHYTA)","HT",7,"heterotroph_or_mixotroph_uncertain","dinoflagellate_trophy_uncertain","heterotroph",TRUE,"not_resolved","not_phaeocystis","peg_trophy_ht_or_mx","authority_rule_assignment_not_yet_applied_to_biomass"
"PEG_BVOL2026_stage5_v1",110259,"Protoperidinium subinerme","Protoperidinium","Dinophyceae","DINOPHYTA (PYRROPHYTA)","HT",1,"heterotroph_or_mixotroph_uncertain","dinoflagellate_trophy_uncertain","heterotroph",TRUE,"not_resolved","not_phaeocystis","peg_trophy_ht_or_mx","authority_rule_assignment_not_yet_applied_to_biomass"
"PEG_BVOL2026_stage5_v1",110259,"Protoperidinium subinerme","Protoperidinium","Dinophyceae","DINOPHYTA (PYRROPHYTA)","HT",2,"heterotroph_or_mixotroph_uncertain","dinoflagellate_trophy_uncertain","heterotroph",TRUE,"not_resolved","not_phaeocystis","peg_trophy_ht_or_mx","authority_rule_assignment_not_yet_applied_to_biomass"
"PEG_BVOL2026_stage5_v1",110259,"Protoperidinium subinerme","Protoperidinium","Dinophyceae","DINOPHYTA (PYRROPHYTA)","HT",3,"heterotroph_or_mixotroph_uncertain","dinoflagellate_trophy_uncertain","heterotroph",TRUE,"not_resolved","not_phaeocystis","peg_trophy_ht_or_mx","authority_rule_assignment_not_yet_applied_to_biomass"
"PEG_BVOL2026_stage5_v1",110260,"Protoperidinium thorianum","Protoperidinium","Dinophyceae","DINOPHYTA (PYRROPHYTA)","HT",1,"heterotroph_or_mixotroph_uncertain","dinoflagellate_trophy_uncertain","heterotroph",TRUE,"not_resolved","not_phaeocystis","peg_trophy_ht_or_mx","authority_rule_assignment_not_yet_applied_to_biomass"
"PEG_BVOL2026_stage5_v1",110260,"Protoperidinium thorianum","Protoperidinium","Dinophyceae","DINOPHYTA (PYRROPHYTA)","HT",2,"heterotroph_or_mixotroph_uncertain","dinoflagellate_trophy_uncertain","heterotroph",TRUE,"not_resolved","not_phaeocystis","peg_trophy_ht_or_mx","authority_rule_assignment_not_yet_applied_to_biomass"
"PEG_BVOL2026_stage5_v1",109553,"Protoperidinium","Protoperidinium","Dinophyceae","DINOPHYTA (PYRROPHYTA)","HT",1,"heterotroph_or_mixotroph_uncertain","dinoflagellate_trophy_uncertain","heterotroph",TRUE,"not_resolved","not_phaeocystis","peg_trophy_ht_or_mx","authority_rule_assignment_not_yet_applied_to_biomass"
"PEG_BVOL2026_stage5_v1",109553,"Protoperidinium","Protoperidinium","Dinophyceae","DINOPHYTA (PYRROPHYTA)","HT",2,"heterotroph_or_mixotroph_uncertain","dinoflagellate_trophy_uncertain","heterotroph",TRUE,"not_resolved","not_phaeocystis","peg_trophy_ht_or_mx","authority_rule_assignment_not_yet_applied_to_biomass"
"PEG_BVOL2026_stage5_v1",109553,"Protoperidinium","Protoperidinium","Dinophyceae","DINOPHYTA (PYRROPHYTA)","HT",3,"heterotroph_or_mixotroph_uncertain","dinoflagellate_trophy_uncertain","heterotroph",TRUE,"not_resolved","not_phaeocystis","peg_trophy_ht_or_mx","authority_rule_assignment_not_yet_applied_to_biomass"
"PEG_BVOL2026_stage5_v1",109553,"Protoperidinium","Protoperidinium","Dinophyceae","DINOPHYTA (PYRROPHYTA)","HT",4,"heterotroph_or_mixotroph_uncertain","dinoflagellate_trophy_uncertain","heterotroph",TRUE,"not_resolved","not_phaeocystis","peg_trophy_ht_or_mx","authority_rule_assignment_not_yet_applied_to_biomass"
"PEG_BVOL2026_stage5_v1",109553,"Protoperidinium","Protoperidinium","Dinophyceae","DINOPHYTA (PYRROPHYTA)","HT",5,"heterotroph_or_mixotroph_uncertain","dinoflagellate_trophy_uncertain","heterotroph",TRUE,"not_resolved","not_phaeocystis","peg_trophy_ht_or_mx","authority_rule_assignment_not_yet_applied_to_biomass"
"PEG_BVOL2026_stage5_v1",109553,"Protoperidinium","Protoperidinium","Dinophyceae","DINOPHYTA (PYRROPHYTA)","HT",6,"heterotroph_or_mixotroph_uncertain","dinoflagellate_trophy_uncertain","heterotroph",TRUE,"not_resolved","not_phaeocystis","peg_trophy_ht_or_mx","authority_rule_assignment_not_yet_applied_to_biomass"
"PEG_BVOL2026_stage5_v1",109553,"Protoperidinium","Protoperidinium","Dinophyceae","DINOPHYTA (PYRROPHYTA)","HT",7,"heterotroph_or_mixotroph_uncertain","dinoflagellate_trophy_uncertain","heterotroph",TRUE,"not_resolved","not_phaeocystis","peg_trophy_ht_or_mx","authority_rule_assignment_not_yet_applied_to_biomass"
"PEG_BVOL2026_stage5_v1",109553,"Protoperidinium","Protoperidinium","Dinophyceae","DINOPHYTA (PYRROPHYTA)","HT",8,"heterotroph_or_mixotroph_uncertain","dinoflagellate_trophy_uncertain","heterotroph",TRUE,"not_resolved","not_phaeocystis","peg_trophy_ht_or_mx","authority_rule_assignment_not_yet_applied_to_biomass"
"PEG_BVOL2026_stage5_v1",109553,"Protoperidinium","Protoperidinium","Dinophyceae","DINOPHYTA (PYRROPHYTA)","HT",9,"heterotroph_or_mixotroph_uncertain","dinoflagellate_trophy_uncertain","heterotroph",TRUE,"not_resolved","not_phaeocystis","peg_trophy_ht_or_mx","authority_rule_assignment_not_yet_applied_to_biomass"
"PEG_BVOL2026_stage5_v1",109553,"Protoperidinium","Protoperidinium","Dinophyceae","DINOPHYTA (PYRROPHYTA)","HT",10,"heterotroph_or_mixotroph_uncertain","dinoflagellate_trophy_uncertain","heterotroph",TRUE,"not_resolved","not_phaeocystis","peg_trophy_ht_or_mx","authority_rule_assignment_not_yet_applied_to_biomass"
"PEG_BVOL2026_stage5_v1",109553,"Protoperidinium","Protoperidinium","Dinophyceae","DINOPHYTA (PYRROPHYTA)","HT",11,"heterotroph_or_mixotroph_uncertain","dinoflagellate_trophy_uncertain","heterotroph",TRUE,"not_resolved","not_phaeocystis","peg_trophy_ht_or_mx","authority_rule_assignment_not_yet_applied_to_biomass"
"PEG_BVOL2026_stage5_v1",109553,"Protoperidinium","Protoperidinium","Dinophyceae","DINOPHYTA (PYRROPHYTA)","HT",12,"heterotroph_or_mixotroph_uncertain","dinoflagellate_trophy_uncertain","heterotroph",TRUE,"not_resolved","not_phaeocystis","peg_trophy_ht_or_mx","authority_rule_assignment_not_yet_applied_to_biomass"
"PEG_BVOL2026_stage5_v1",109553,"Protoperidinium","Protoperidinium","Dinophyceae","DINOPHYTA (PYRROPHYTA)","HT",13,"heterotroph_or_mixotroph_uncertain","dinoflagellate_trophy_uncertain","heterotroph",TRUE,"not_resolved","not_phaeocystis","peg_trophy_ht_or_mx","authority_rule_assignment_not_yet_applied_to_biomass"
"PEG_BVOL2026_stage5_v1",,"Peridiniales","Peridiniales","Dinophyceae","DINOPHYTA (PYRROPHYTA)","AU",1,"dinoflagellate_autotroph","","autotroph",FALSE,"not_resolved","not_phaeocystis","peg_class_dinophyceae_and_trophy_au","authority_rule_assignment_not_yet_applied_to_biomass"
"PEG_BVOL2026_stage5_v1",,"Peridiniales","Peridiniales","Dinophyceae","DINOPHYTA (PYRROPHYTA)","AU",2,"dinoflagellate_autotroph","","autotroph",FALSE,"not_resolved","not_phaeocystis","peg_class_dinophyceae_and_trophy_au","authority_rule_assignment_not_yet_applied_to_biomass"
"PEG_BVOL2026_stage5_v1",,"Peridiniales","Peridiniales","Dinophyceae","DINOPHYTA (PYRROPHYTA)","AU",3,"dinoflagellate_autotroph","","autotroph",FALSE,"not_resolved","not_phaeocystis","peg_class_dinophyceae_and_trophy_au","authority_rule_assignment_not_yet_applied_to_biomass"
"PEG_BVOL2026_stage5_v1",,"Peridiniales","Peridiniales","Dinophyceae","DINOPHYTA (PYRROPHYTA)","AU",4,"dinoflagellate_autotroph","","autotroph",FALSE,"not_resolved","not_phaeocystis","peg_class_dinophyceae_and_trophy_au","authority_rule_assignment_not_yet_applied_to_biomass"
"PEG_BVOL2026_stage5_v1",,"Peridiniales","Peridiniales","Dinophyceae","DINOPHYTA (PYRROPHYTA)","AU",5,"dinoflagellate_autotroph","","autotroph",FALSE,"not_resolved","not_phaeocystis","peg_class_dinophyceae_and_trophy_au","authority_rule_assignment_not_yet_applied_to_biomass"
"PEG_BVOL2026_stage5_v1",,"Peridiniales","Peridiniales","Dinophyceae","DINOPHYTA (PYRROPHYTA)","AU",6,"dinoflagellate_autotroph","","autotroph",FALSE,"not_resolved","not_phaeocystis","peg_class_dinophyceae_and_trophy_au","authority_rule_assignment_not_yet_applied_to_biomass"
"PEG_BVOL2026_stage5_v1",,"Peridiniales","Peridiniales","Dinophyceae","DINOPHYTA (PYRROPHYTA)","AU",7,"dinoflagellate_autotroph","","autotroph",FALSE,"not_resolved","not_phaeocystis","peg_class_dinophyceae_and_trophy_au","authority_rule_assignment_not_yet_applied_to_biomass"
"PEG_BVOL2026_stage5_v1",,"Peridiniales","Peridiniales","Dinophyceae","DINOPHYTA (PYRROPHYTA)","AU",8,"dinoflagellate_autotroph","","autotroph",FALSE,"not_resolved","not_phaeocystis","peg_class_dinophyceae_and_trophy_au","authority_rule_assignment_not_yet_applied_to_biomass"
"PEG_BVOL2026_stage5_v1",,"Peridiniales","Peridiniales","Dinophyceae","DINOPHYTA (PYRROPHYTA)","AU",9,"dinoflagellate_autotroph","","autotroph",FALSE,"not_resolved","not_phaeocystis","peg_class_dinophyceae_and_trophy_au","authority_rule_assignment_not_yet_applied_to_biomass"
"PEG_BVOL2026_stage5_v1",,"Peridiniales","Peridiniales","Dinophyceae","DINOPHYTA (PYRROPHYTA)","AU",10,"dinoflagellate_autotroph","","autotroph",FALSE,"not_resolved","not_phaeocystis","peg_class_dinophyceae_and_trophy_au","authority_rule_assignment_not_yet_applied_to_biomass"
"PEG_BVOL2026_stage5_v1",,"Peridiniales","Peridiniales","Dinophyceae","DINOPHYTA (PYRROPHYTA)","AU",11,"dinoflagellate_autotroph","","autotroph",FALSE,"not_resolved","not_phaeocystis","peg_class_dinophyceae_and_trophy_au","authority_rule_assignment_not_yet_applied_to_biomass"
"PEG_BVOL2026_stage5_v1",,"Peridiniales","Peridiniales","Dinophyceae","DINOPHYTA (PYRROPHYTA)","AU",12,"dinoflagellate_autotroph","","autotroph",FALSE,"not_resolved","not_phaeocystis","peg_class_dinophyceae_and_trophy_au","authority_rule_assignment_not_yet_applied_to_biomass"
"PEG_BVOL2026_stage5_v1",,"Peridiniales","Peridiniales","Dinophyceae","DINOPHYTA (PYRROPHYTA)","AU",13,"dinoflagellate_autotroph","","autotroph",FALSE,"not_resolved","not_phaeocystis","peg_class_dinophyceae_and_trophy_au","authority_rule_assignment_not_yet_applied_to_biomass"
"PEG_BVOL2026_stage5_v1",,"Peridiniales","Peridiniales","Dinophyceae","DINOPHYTA (PYRROPHYTA)","AU",14,"dinoflagellate_autotroph","","autotroph",FALSE,"not_resolved","not_phaeocystis","peg_class_dinophyceae_and_trophy_au","authority_rule_assignment_not_yet_applied_to_biomass"
"PEG_BVOL2026_stage5_v1",,"Peridiniales","Peridiniales","Dinophyceae","DINOPHYTA (PYRROPHYTA)","AU",15,"dinoflagellate_autotroph","","autotroph",FALSE,"not_resolved","not_phaeocystis","peg_class_dinophyceae_and_trophy_au","authority_rule_assignment_not_yet_applied_to_biomass"
"PEG_BVOL2026_stage5_v1",,"Peridiniales","Peridiniales","Dinophyceae","DINOPHYTA (PYRROPHYTA)","AU",16,"dinoflagellate_autotroph","","autotroph",FALSE,"not_resolved","not_phaeocystis","peg_class_dinophyceae_and_trophy_au","authority_rule_assignment_not_yet_applied_to_biomass"
"PEG_BVOL2026_stage5_v1",,"Peridiniales","Peridiniales","Dinophyceae","DINOPHYTA (PYRROPHYTA)","AU",17,"dinoflagellate_autotroph","","autotroph",FALSE,"not_resolved","not_phaeocystis","peg_class_dinophyceae_and_trophy_au","authority_rule_assignment_not_yet_applied_to_biomass"
"PEG_BVOL2026_stage5_v1",,"Peridiniales","Peridiniales","Dinophyceae","DINOPHYTA (PYRROPHYTA)","AU",18,"dinoflagellate_autotroph","","autotroph",FALSE,"not_resolved","not_phaeocystis","peg_class_dinophyceae_and_trophy_au","authority_rule_assignment_not_yet_applied_to_biomass"
"PEG_BVOL2026_stage5_v1",,"Peridiniales","Peridiniales","Dinophyceae","DINOPHYTA (PYRROPHYTA)","AU",19,"dinoflagellate_autotroph","","autotroph",FALSE,"not_resolved","not_phaeocystis","peg_class_dinophyceae_and_trophy_au","authority_rule_assignment_not_yet_applied_to_biomass"
"PEG_BVOL2026_stage5_v1",,"Peridiniales","Peridiniales","Dinophyceae","DINOPHYTA (PYRROPHYTA)","AU",20,"dinoflagellate_autotroph","","autotroph",FALSE,"not_resolved","not_phaeocystis","peg_class_dinophyceae_and_trophy_au","authority_rule_assignment_not_yet_applied_to_biomass"
"PEG_BVOL2026_stage5_v1",,"Peridiniales","Peridiniales","Dinophyceae","DINOPHYTA (PYRROPHYTA)","AU",21,"dinoflagellate_autotroph","","autotroph",FALSE,"not_resolved","not_phaeocystis","peg_class_dinophyceae_and_trophy_au","authority_rule_assignment_not_yet_applied_to_biomass"
"PEG_BVOL2026_stage5_v1",,"Peridiniales","Peridiniales","Dinophyceae","DINOPHYTA (PYRROPHYTA)","AU",22,"dinoflagellate_autotroph","","autotroph",FALSE,"not_resolved","not_phaeocystis","peg_class_dinophyceae_and_trophy_au","authority_rule_assignment_not_yet_applied_to_biomass"
"PEG_BVOL2026_stage5_v1",,"Peridiniales","Peridiniales","Dinophyceae","DINOPHYTA (PYRROPHYTA)","AU",23,"dinoflagellate_autotroph","","autotroph",FALSE,"not_resolved","not_phaeocystis","peg_class_dinophyceae_and_trophy_au","authority_rule_assignment_not_yet_applied_to_biomass"
"PEG_BVOL2026_stage5_v1",,"Peridiniales","Peridiniales","Dinophyceae","DINOPHYTA (PYRROPHYTA)","AU",24,"dinoflagellate_autotroph","","autotroph",FALSE,"not_resolved","not_phaeocystis","peg_class_dinophyceae_and_trophy_au","authority_rule_assignment_not_yet_applied_to_biomass"
"PEG_BVOL2026_stage5_v1",,"Peridiniales","Peridiniales","Dinophyceae","DINOPHYTA (PYRROPHYTA)","HT",51,"heterotroph_or_mixotroph_uncertain","dinoflagellate_trophy_uncertain","heterotroph",TRUE,"not_resolved","not_phaeocystis","peg_trophy_ht_or_mx","authority_rule_assignment_not_yet_applied_to_biomass"
"PEG_BVOL2026_stage5_v1",,"Peridiniales","Peridiniales","Dinophyceae","DINOPHYTA (PYRROPHYTA)","HT",52,"heterotroph_or_mixotroph_uncertain","dinoflagellate_trophy_uncertain","heterotroph",TRUE,"not_resolved","not_phaeocystis","peg_trophy_ht_or_mx","authority_rule_assignment_not_yet_applied_to_biomass"
"PEG_BVOL2026_stage5_v1",,"Peridiniales","Peridiniales","Dinophyceae","DINOPHYTA (PYRROPHYTA)","HT",53,"heterotroph_or_mixotroph_uncertain","dinoflagellate_trophy_uncertain","heterotroph",TRUE,"not_resolved","not_phaeocystis","peg_trophy_ht_or_mx","authority_rule_assignment_not_yet_applied_to_biomass"
"PEG_BVOL2026_stage5_v1",,"Peridiniales","Peridiniales","Dinophyceae","DINOPHYTA (PYRROPHYTA)","HT",54,"heterotroph_or_mixotroph_uncertain","dinoflagellate_trophy_uncertain","heterotroph",TRUE,"not_resolved","not_phaeocystis","peg_trophy_ht_or_mx","authority_rule_assignment_not_yet_applied_to_biomass"
"PEG_BVOL2026_stage5_v1",,"Peridiniales","Peridiniales","Dinophyceae","DINOPHYTA (PYRROPHYTA)","HT",55,"heterotroph_or_mixotroph_uncertain","dinoflagellate_trophy_uncertain","heterotroph",TRUE,"not_resolved","not_phaeocystis","peg_trophy_ht_or_mx","authority_rule_assignment_not_yet_applied_to_biomass"
"PEG_BVOL2026_stage5_v1",,"Peridiniales","Peridiniales","Dinophyceae","DINOPHYTA (PYRROPHYTA)","HT",56,"heterotroph_or_mixotroph_uncertain","dinoflagellate_trophy_uncertain","heterotroph",TRUE,"not_resolved","not_phaeocystis","peg_trophy_ht_or_mx","authority_rule_assignment_not_yet_applied_to_biomass"
"PEG_BVOL2026_stage5_v1",,"Peridiniales","Peridiniales","Dinophyceae","DINOPHYTA (PYRROPHYTA)","HT",57,"heterotroph_or_mixotroph_uncertain","dinoflagellate_trophy_uncertain","heterotroph",TRUE,"not_resolved","not_phaeocystis","peg_trophy_ht_or_mx","authority_rule_assignment_not_yet_applied_to_biomass"
"PEG_BVOL2026_stage5_v1",,"Peridiniales","Peridiniales","Dinophyceae","DINOPHYTA (PYRROPHYTA)","HT",58,"heterotroph_or_mixotroph_uncertain","dinoflagellate_trophy_uncertain","heterotroph",TRUE,"not_resolved","not_phaeocystis","peg_trophy_ht_or_mx","authority_rule_assignment_not_yet_applied_to_biomass"
"PEG_BVOL2026_stage5_v1",,"Peridiniales","Peridiniales","Dinophyceae","DINOPHYTA (PYRROPHYTA)","HT",59,"heterotroph_or_mixotroph_uncertain","dinoflagellate_trophy_uncertain","heterotroph",TRUE,"not_resolved","not_phaeocystis","peg_trophy_ht_or_mx","authority_rule_assignment_not_yet_applied_to_biomass"
"PEG_BVOL2026_stage5_v1",,"Peridiniales","Peridiniales","Dinophyceae","DINOPHYTA (PYRROPHYTA)","HT",60,"heterotroph_or_mixotroph_uncertain","dinoflagellate_trophy_uncertain","heterotroph",TRUE,"not_resolved","not_phaeocystis","peg_trophy_ht_or_mx","authority_rule_assignment_not_yet_applied_to_biomass"
"PEG_BVOL2026_stage5_v1",,"Peridiniales","Peridiniales","Dinophyceae","DINOPHYTA (PYRROPHYTA)","HT",61,"heterotroph_or_mixotroph_uncertain","dinoflagellate_trophy_uncertain","heterotroph",TRUE,"not_resolved","not_phaeocystis","peg_trophy_ht_or_mx","authority_rule_assignment_not_yet_applied_to_biomass"
"PEG_BVOL2026_stage5_v1",,"Peridiniales","Peridiniales","Dinophyceae","DINOPHYTA (PYRROPHYTA)","HT",62,"heterotroph_or_mixotroph_uncertain","dinoflagellate_trophy_uncertain","heterotroph",TRUE,"not_resolved","not_phaeocystis","peg_trophy_ht_or_mx","authority_rule_assignment_not_yet_applied_to_biomass"
"PEG_BVOL2026_stage5_v1",,"Peridiniales","Peridiniales","Dinophyceae","DINOPHYTA (PYRROPHYTA)","HT",63,"heterotroph_or_mixotroph_uncertain","dinoflagellate_trophy_uncertain","heterotroph",TRUE,"not_resolved","not_phaeocystis","peg_trophy_ht_or_mx","authority_rule_assignment_not_yet_applied_to_biomass"
"PEG_BVOL2026_stage5_v1",,"Peridiniales","Peridiniales","Dinophyceae","DINOPHYTA (PYRROPHYTA)","HT",64,"heterotroph_or_mixotroph_uncertain","dinoflagellate_trophy_uncertain","heterotroph",TRUE,"not_resolved","not_phaeocystis","peg_trophy_ht_or_mx","authority_rule_assignment_not_yet_applied_to_biomass"
"PEG_BVOL2026_stage5_v1",,"Peridiniales","Peridiniales","Dinophyceae","DINOPHYTA (PYRROPHYTA)","HT",65,"heterotroph_or_mixotroph_uncertain","dinoflagellate_trophy_uncertain","heterotroph",TRUE,"not_resolved","not_phaeocystis","peg_trophy_ht_or_mx","authority_rule_assignment_not_yet_applied_to_biomass"
"PEG_BVOL2026_stage5_v1",,"Peridiniales","Peridiniales","Dinophyceae","DINOPHYTA (PYRROPHYTA)","HT",66,"heterotroph_or_mixotroph_uncertain","dinoflagellate_trophy_uncertain","heterotroph",TRUE,"not_resolved","not_phaeocystis","peg_trophy_ht_or_mx","authority_rule_assignment_not_yet_applied_to_biomass"
"PEG_BVOL2026_stage5_v1",,"Peridiniales","Peridiniales","Dinophyceae","DINOPHYTA (PYRROPHYTA)","HT",67,"heterotroph_or_mixotroph_uncertain","dinoflagellate_trophy_uncertain","heterotroph",TRUE,"not_resolved","not_phaeocystis","peg_trophy_ht_or_mx","authority_rule_assignment_not_yet_applied_to_biomass"
"PEG_BVOL2026_stage5_v1",,"Peridiniales","Peridiniales","Dinophyceae","DINOPHYTA (PYRROPHYTA)","HT",68,"heterotroph_or_mixotroph_uncertain","dinoflagellate_trophy_uncertain","heterotroph",TRUE,"not_resolved","not_phaeocystis","peg_trophy_ht_or_mx","authority_rule_assignment_not_yet_applied_to_biomass"
"PEG_BVOL2026_stage5_v1",,"Peridiniales","Peridiniales","Dinophyceae","DINOPHYTA (PYRROPHYTA)","HT",69,"heterotroph_or_mixotroph_uncertain","dinoflagellate_trophy_uncertain","heterotroph",TRUE,"not_resolved","not_phaeocystis","peg_trophy_ht_or_mx","authority_rule_assignment_not_yet_applied_to_biomass"
"PEG_BVOL2026_stage5_v1",,"Peridiniales","Peridiniales","Dinophyceae","DINOPHYTA (PYRROPHYTA)","HT",70,"heterotroph_or_mixotroph_uncertain","dinoflagellate_trophy_uncertain","heterotroph",TRUE,"not_resolved","not_phaeocystis","peg_trophy_ht_or_mx","authority_rule_assignment_not_yet_applied_to_biomass"
"PEG_BVOL2026_stage5_v1",,"Peridiniales","Peridiniales","Dinophyceae","DINOPHYTA (PYRROPHYTA)","HT",71,"heterotroph_or_mixotroph_uncertain","dinoflagellate_trophy_uncertain","heterotroph",TRUE,"not_resolved","not_phaeocystis","peg_trophy_ht_or_mx","authority_rule_assignment_not_yet_applied_to_biomass"
"PEG_BVOL2026_stage5_v1",,"Peridiniales","Peridiniales","Dinophyceae","DINOPHYTA (PYRROPHYTA)","HT",72,"heterotroph_or_mixotroph_uncertain","dinoflagellate_trophy_uncertain","heterotroph",TRUE,"not_resolved","not_phaeocystis","peg_trophy_ht_or_mx","authority_rule_assignment_not_yet_applied_to_biomass"
"PEG_BVOL2026_stage5_v1",,"Peridiniales","Peridiniales","Dinophyceae","DINOPHYTA (PYRROPHYTA)","HT",73,"heterotroph_or_mixotroph_uncertain","dinoflagellate_trophy_uncertain","heterotroph",TRUE,"not_resolved","not_phaeocystis","peg_trophy_ht_or_mx","authority_rule_assignment_not_yet_applied_to_biomass"
"PEG_BVOL2026_stage5_v1",,"Peridiniales","Peridiniales","Dinophyceae","DINOPHYTA (PYRROPHYTA)","HT",74,"heterotroph_or_mixotroph_uncertain","dinoflagellate_trophy_uncertain","heterotroph",TRUE,"not_resolved","not_phaeocystis","peg_trophy_ht_or_mx","authority_rule_assignment_not_yet_applied_to_biomass"
"PEG_BVOL2026_stage5_v1",232516,"Mesoporos perforatus","Mesoporos","Dinophyceae","DINOPHYTA (PYRROPHYTA)","AU",1,"dinoflagellate_autotroph","","autotroph",FALSE,"not_resolved","not_phaeocystis","peg_class_dinophyceae_and_trophy_au","authority_rule_assignment_not_yet_applied_to_biomass"
"PEG_BVOL2026_stage5_v1",110293,"Prorocentrum balticum","Prorocentrum","Dinophyceae","DINOPHYTA (PYRROPHYTA)","AU",1,"dinoflagellate_autotroph","","autotroph",FALSE,"not_resolved","not_phaeocystis","peg_class_dinophyceae_and_trophy_au","authority_rule_assignment_not_yet_applied_to_biomass"
"PEG_BVOL2026_stage5_v1",110293,"Prorocentrum balticum","Prorocentrum","Dinophyceae","DINOPHYTA (PYRROPHYTA)","AU",2,"dinoflagellate_autotroph","","autotroph",FALSE,"not_resolved","not_phaeocystis","peg_class_dinophyceae_and_trophy_au","authority_rule_assignment_not_yet_applied_to_biomass"
"PEG_BVOL2026_stage5_v1",110293,"Prorocentrum balticum","Prorocentrum","Dinophyceae","DINOPHYTA (PYRROPHYTA)","AU",3,"dinoflagellate_autotroph","","autotroph",FALSE,"not_resolved","not_phaeocystis","peg_class_dinophyceae_and_trophy_au","authority_rule_assignment_not_yet_applied_to_biomass"
"PEG_BVOL2026_stage5_v1",110295,"Prorocentrum compressum","Prorocentrum","Dinophyceae","DINOPHYTA (PYRROPHYTA)","AU",1,"dinoflagellate_autotroph","","autotroph",FALSE,"not_resolved","not_phaeocystis","peg_class_dinophyceae_and_trophy_au","authority_rule_assignment_not_yet_applied_to_biomass"
"PEG_BVOL2026_stage5_v1",110295,"Prorocentrum compressum","Prorocentrum","Dinophyceae","DINOPHYTA (PYRROPHYTA)","AU",2,"dinoflagellate_autotroph","","autotroph",FALSE,"not_resolved","not_phaeocystis","peg_class_dinophyceae_and_trophy_au","authority_rule_assignment_not_yet_applied_to_biomass"
"PEG_BVOL2026_stage5_v1",232376,"Prorocentrum cordatum","Prorocentrum","Dinophyceae","DINOPHYTA (PYRROPHYTA)","AU",4,"dinoflagellate_autotroph","","autotroph",FALSE,"not_resolved","not_phaeocystis","peg_class_dinophyceae_and_trophy_au","authority_rule_assignment_not_yet_applied_to_biomass"
"PEG_BVOL2026_stage5_v1",232376,"Prorocentrum cordatum","Prorocentrum","Dinophyceae","DINOPHYTA (PYRROPHYTA)","AU",5,"dinoflagellate_autotroph","","autotroph",FALSE,"not_resolved","not_phaeocystis","peg_class_dinophyceae_and_trophy_au","authority_rule_assignment_not_yet_applied_to_biomass"
"PEG_BVOL2026_stage5_v1",232376,"Prorocentrum cordatum","Prorocentrum","Dinophyceae","DINOPHYTA (PYRROPHYTA)","AU",6,"dinoflagellate_autotroph","","autotroph",FALSE,"not_resolved","not_phaeocystis","peg_class_dinophyceae_and_trophy_au","authority_rule_assignment_not_yet_applied_to_biomass"
"PEG_BVOL2026_stage5_v1",110301,"Prorocentrum lima","Prorocentrum","Dinophyceae","DINOPHYTA (PYRROPHYTA)","AU",1,"dinoflagellate_autotroph","","autotroph",FALSE,"not_resolved","not_phaeocystis","peg_class_dinophyceae_and_trophy_au","authority_rule_assignment_not_yet_applied_to_biomass"
"PEG_BVOL2026_stage5_v1",110303,"Prorocentrum micans","Prorocentrum","Dinophyceae","DINOPHYTA (PYRROPHYTA)","AU",1,"dinoflagellate_autotroph","","autotroph",FALSE,"not_resolved","not_phaeocystis","peg_class_dinophyceae_and_trophy_au","authority_rule_assignment_not_yet_applied_to_biomass"
"PEG_BVOL2026_stage5_v1",110303,"Prorocentrum micans","Prorocentrum","Dinophyceae","DINOPHYTA (PYRROPHYTA)","AU",2,"dinoflagellate_autotroph","","autotroph",FALSE,"not_resolved","not_phaeocystis","peg_class_dinophyceae_and_trophy_au","authority_rule_assignment_not_yet_applied_to_biomass"
"PEG_BVOL2026_stage5_v1",110303,"Prorocentrum micans","Prorocentrum","Dinophyceae","DINOPHYTA (PYRROPHYTA)","AU",4,"dinoflagellate_autotroph","","autotroph",FALSE,"not_resolved","not_phaeocystis","peg_class_dinophyceae_and_trophy_au","authority_rule_assignment_not_yet_applied_to_biomass"
"PEG_BVOL2026_stage5_v1",110303,"Prorocentrum micans","Prorocentrum","Dinophyceae","DINOPHYTA (PYRROPHYTA)","AU",3,"dinoflagellate_autotroph","","autotroph",FALSE,"not_resolved","not_phaeocystis","peg_class_dinophyceae_and_trophy_au","authority_rule_assignment_not_yet_applied_to_biomass"
"PEG_BVOL2026_stage5_v1",110303,"Prorocentrum micans","Prorocentrum","Dinophyceae","DINOPHYTA (PYRROPHYTA)","AU",5,"dinoflagellate_autotroph","","autotroph",FALSE,"not_resolved","not_phaeocystis","peg_class_dinophyceae_and_trophy_au","authority_rule_assignment_not_yet_applied_to_biomass"
"PEG_BVOL2026_stage5_v1",110316,"Prorocentrum triestinum","Prorocentrum","Dinophyceae","DINOPHYTA (PYRROPHYTA)","AU",1,"dinoflagellate_autotroph","","autotroph",FALSE,"not_resolved","not_phaeocystis","peg_class_dinophyceae_and_trophy_au","authority_rule_assignment_not_yet_applied_to_biomass"
"PEG_BVOL2026_stage5_v1",109566,"Prorocentrum","Prorocentrum","Dinophyceae","DINOPHYTA (PYRROPHYTA)","AU",4,"dinoflagellate_autotroph","","autotroph",FALSE,"not_resolved","not_phaeocystis","peg_class_dinophyceae_and_trophy_au","authority_rule_assignment_not_yet_applied_to_biomass"
"PEG_BVOL2026_stage5_v1",109566,"Prorocentrum","Prorocentrum","Dinophyceae","DINOPHYTA (PYRROPHYTA)","AU",5,"dinoflagellate_autotroph","","autotroph",FALSE,"not_resolved","not_phaeocystis","peg_class_dinophyceae_and_trophy_au","authority_rule_assignment_not_yet_applied_to_biomass"
"PEG_BVOL2026_stage5_v1",109566,"Prorocentrum","Prorocentrum","Dinophyceae","DINOPHYTA (PYRROPHYTA)","AU",6,"dinoflagellate_autotroph","","autotroph",FALSE,"not_resolved","not_phaeocystis","peg_class_dinophyceae_and_trophy_au","authority_rule_assignment_not_yet_applied_to_biomass"
"PEG_BVOL2026_stage5_v1",109566,"Prorocentrum","Prorocentrum","Dinophyceae","DINOPHYTA (PYRROPHYTA)","AU",7,"dinoflagellate_autotroph","","autotroph",FALSE,"not_resolved","not_phaeocystis","peg_class_dinophyceae_and_trophy_au","authority_rule_assignment_not_yet_applied_to_biomass"
"PEG_BVOL2026_stage5_v1",109566,"Prorocentrum","Prorocentrum","Dinophyceae","DINOPHYTA (PYRROPHYTA)","AU",8,"dinoflagellate_autotroph","","autotroph",FALSE,"not_resolved","not_phaeocystis","peg_class_dinophyceae_and_trophy_au","authority_rule_assignment_not_yet_applied_to_biomass"
"PEG_BVOL2026_stage5_v1",110325,"Dissodinium pseudolunula","Dissodinium","Dinophyceae","DINOPHYTA (PYRROPHYTA)","AU",1,"dinoflagellate_autotroph","","autotroph",FALSE,"not_resolved","not_phaeocystis","peg_class_dinophyceae_and_trophy_au","authority_rule_assignment_not_yet_applied_to_biomass"
"PEG_BVOL2026_stage5_v1",110325,"Dissodinium pseudolunula","Dissodinium","Dinophyceae","DINOPHYTA (PYRROPHYTA)","AU",2,"dinoflagellate_autotroph","","autotroph",FALSE,"not_resolved","not_phaeocystis","peg_class_dinophyceae_and_trophy_au","authority_rule_assignment_not_yet_applied_to_biomass"
"PEG_BVOL2026_stage5_v1",110325,"Dissodinium pseudolunula","Dissodinium","Dinophyceae","DINOPHYTA (PYRROPHYTA)","AU",3,"dinoflagellate_autotroph","","autotroph",FALSE,"not_resolved","not_phaeocystis","peg_class_dinophyceae_and_trophy_au","authority_rule_assignment_not_yet_applied_to_biomass"
"PEG_BVOL2026_stage5_v1",626297,"Biecheleria baltica","Biecheleria","Dinophyceae","DINOPHYTA (PYRROPHYTA)","AU",1,"dinoflagellate_autotroph","","autotroph",FALSE,"not_resolved","not_phaeocystis","peg_class_dinophyceae_and_trophy_au","authority_rule_assignment_not_yet_applied_to_biomass"
"PEG_BVOL2026_stage5_v1",626297,"Biecheleria baltica","Biecheleria","Dinophyceae","DINOPHYTA (PYRROPHYTA)","AU",2,"dinoflagellate_autotroph","","autotroph",FALSE,"not_resolved","not_phaeocystis","peg_class_dinophyceae_and_trophy_au","authority_rule_assignment_not_yet_applied_to_biomass"
"PEG_BVOL2026_stage5_v1",626297,"Biecheleria baltica","Biecheleria","Dinophyceae","DINOPHYTA (PYRROPHYTA)","AU",3,"dinoflagellate_autotroph","","autotroph",FALSE,"not_resolved","not_phaeocystis","peg_class_dinophyceae_and_trophy_au","authority_rule_assignment_not_yet_applied_to_biomass"
"PEG_BVOL2026_stage5_v1",626297,"Biecheleria baltica","Biecheleria","Dinophyceae","DINOPHYTA (PYRROPHYTA)","AU",4,"dinoflagellate_autotroph","","autotroph",FALSE,"not_resolved","not_phaeocystis","peg_class_dinophyceae_and_trophy_au","authority_rule_assignment_not_yet_applied_to_biomass"
"PEG_BVOL2026_stage5_v1",626297,"Biecheleria baltica","Biecheleria","Dinophyceae","DINOPHYTA (PYRROPHYTA)","AU",5,"dinoflagellate_autotroph","","autotroph",FALSE,"not_resolved","not_phaeocystis","peg_class_dinophyceae_and_trophy_au","authority_rule_assignment_not_yet_applied_to_biomass"
"PEG_BVOL2026_stage5_v1",626297,"Biecheleria baltica","Biecheleria","Dinophyceae","DINOPHYTA (PYRROPHYTA)","AU",6,"dinoflagellate_autotroph","","autotroph",FALSE,"not_resolved","not_phaeocystis","peg_class_dinophyceae_and_trophy_au","authority_rule_assignment_not_yet_applied_to_biomass"
"PEG_BVOL2026_stage5_v1",626297,"Biecheleria baltica","Biecheleria","Dinophyceae","DINOPHYTA (PYRROPHYTA)","AU",7,"dinoflagellate_autotroph","","autotroph",FALSE,"not_resolved","not_phaeocystis","peg_class_dinophyceae_and_trophy_au","authority_rule_assignment_not_yet_applied_to_biomass"
"PEG_BVOL2026_stage5_v1",626297,"Biecheleria baltica","Biecheleria","Dinophyceae","DINOPHYTA (PYRROPHYTA)","AU",8,"dinoflagellate_autotroph","","autotroph",FALSE,"not_resolved","not_phaeocystis","peg_class_dinophyceae_and_trophy_au","authority_rule_assignment_not_yet_applied_to_biomass"
"PEG_BVOL2026_stage5_v1",1380043,"Apocalathium malmogiense","Apocalathium","Dinophyceae","DINOPHYTA (PYRROPHYTA)","AU",1,"dinoflagellate_autotroph","","autotroph",FALSE,"not_resolved","not_phaeocystis","peg_class_dinophyceae_and_trophy_au","authority_rule_assignment_not_yet_applied_to_biomass"
"PEG_BVOL2026_stage5_v1",1380043,"Apocalathium malmogiense","Apocalathium","Dinophyceae","DINOPHYTA (PYRROPHYTA)","AU",2,"dinoflagellate_autotroph","","autotroph",FALSE,"not_resolved","not_phaeocystis","peg_class_dinophyceae_and_trophy_au","authority_rule_assignment_not_yet_applied_to_biomass"
"PEG_BVOL2026_stage5_v1",1380043,"Apocalathium malmogiense","Apocalathium","Dinophyceae","DINOPHYTA (PYRROPHYTA)","AU",3,"dinoflagellate_autotroph","","autotroph",FALSE,"not_resolved","not_phaeocystis","peg_class_dinophyceae_and_trophy_au","authority_rule_assignment_not_yet_applied_to_biomass"
"PEG_BVOL2026_stage5_v1",1380043,"Apocalathium malmogiense","Apocalathium","Dinophyceae","DINOPHYTA (PYRROPHYTA)","AU",4,"dinoflagellate_autotroph","","autotroph",FALSE,"not_resolved","not_phaeocystis","peg_class_dinophyceae_and_trophy_au","authority_rule_assignment_not_yet_applied_to_biomass"
"PEG_BVOL2026_stage5_v1",1380043,"Apocalathium malmogiense","Apocalathium","Dinophyceae","DINOPHYTA (PYRROPHYTA)","AU",5,"dinoflagellate_autotroph","","autotroph",FALSE,"not_resolved","not_phaeocystis","peg_class_dinophyceae_and_trophy_au","authority_rule_assignment_not_yet_applied_to_biomass"
"PEG_BVOL2026_stage5_v1",1380043,"Apocalathium malmogiense","Apocalathium","Dinophyceae","DINOPHYTA (PYRROPHYTA)","AU",6,"dinoflagellate_autotroph","","autotroph",FALSE,"not_resolved","not_phaeocystis","peg_class_dinophyceae_and_trophy_au","authority_rule_assignment_not_yet_applied_to_biomass"
"PEG_BVOL2026_stage5_v1",1380043,"Apocalathium malmogiense","Apocalathium","Dinophyceae","DINOPHYTA (PYRROPHYTA)","AU",7,"dinoflagellate_autotroph","","autotroph",FALSE,"not_resolved","not_phaeocystis","peg_class_dinophyceae_and_trophy_au","authority_rule_assignment_not_yet_applied_to_biomass"
"PEG_BVOL2026_stage5_v1",1380043,"Apocalathium malmogiense","Apocalathium","Dinophyceae","DINOPHYTA (PYRROPHYTA)","AU",8,"dinoflagellate_autotroph","","autotroph",FALSE,"not_resolved","not_phaeocystis","peg_class_dinophyceae_and_trophy_au","authority_rule_assignment_not_yet_applied_to_biomass"
"PEG_BVOL2026_stage5_v1",,"Apocalathium","Apocalathium","Dinophyceae","DINOPHYTA (PYRROPHYTA)","",1,"unresolved_autotroph","dinoflagellate_trophy_uncertain","unresolved",TRUE,"not_resolved","not_phaeocystis","peg_trophy_blank_unresolved","authority_rule_assignment_not_yet_applied_to_biomass"
"PEG_BVOL2026_stage5_v1",,"Apocalathium","Apocalathium","Dinophyceae","DINOPHYTA (PYRROPHYTA)","",2,"unresolved_autotroph","dinoflagellate_trophy_uncertain","unresolved",TRUE,"not_resolved","not_phaeocystis","peg_trophy_blank_unresolved","authority_rule_assignment_not_yet_applied_to_biomass"
"PEG_BVOL2026_stage5_v1",,"Apocalathium","Apocalathium","Dinophyceae","DINOPHYTA (PYRROPHYTA)","",3,"unresolved_autotroph","dinoflagellate_trophy_uncertain","unresolved",TRUE,"not_resolved","not_phaeocystis","peg_trophy_blank_unresolved","authority_rule_assignment_not_yet_applied_to_biomass"
"PEG_BVOL2026_stage5_v1",,"Apocalathium","Apocalathium","Dinophyceae","DINOPHYTA (PYRROPHYTA)","",4,"unresolved_autotroph","dinoflagellate_trophy_uncertain","unresolved",TRUE,"not_resolved","not_phaeocystis","peg_trophy_blank_unresolved","authority_rule_assignment_not_yet_applied_to_biomass"
"PEG_BVOL2026_stage5_v1",,"Apocalathium","Apocalathium","Dinophyceae","DINOPHYTA (PYRROPHYTA)","",5,"unresolved_autotroph","dinoflagellate_trophy_uncertain","unresolved",TRUE,"not_resolved","not_phaeocystis","peg_trophy_blank_unresolved","authority_rule_assignment_not_yet_applied_to_biomass"
"PEG_BVOL2026_stage5_v1",,"Apocalathium","Apocalathium","Dinophyceae","DINOPHYTA (PYRROPHYTA)","",6,"unresolved_autotroph","dinoflagellate_trophy_uncertain","unresolved",TRUE,"not_resolved","not_phaeocystis","peg_trophy_blank_unresolved","authority_rule_assignment_not_yet_applied_to_biomass"
"PEG_BVOL2026_stage5_v1",,"Apocalathium","Apocalathium","Dinophyceae","DINOPHYTA (PYRROPHYTA)","",7,"unresolved_autotroph","dinoflagellate_trophy_uncertain","unresolved",TRUE,"not_resolved","not_phaeocystis","peg_trophy_blank_unresolved","authority_rule_assignment_not_yet_applied_to_biomass"
"PEG_BVOL2026_stage5_v1",,"Apocalathium","Apocalathium","Dinophyceae","DINOPHYTA (PYRROPHYTA)","",8,"unresolved_autotroph","dinoflagellate_trophy_uncertain","unresolved",TRUE,"not_resolved","not_phaeocystis","peg_trophy_blank_unresolved","authority_rule_assignment_not_yet_applied_to_biomass"
"PEG_BVOL2026_stage5_v1",,"Apocalathium","Apocalathium","Dinophyceae","DINOPHYTA (PYRROPHYTA)","",9,"unresolved_autotroph","dinoflagellate_trophy_uncertain","unresolved",TRUE,"not_resolved","not_phaeocystis","peg_trophy_blank_unresolved","authority_rule_assignment_not_yet_applied_to_biomass"
"PEG_BVOL2026_stage5_v1",,"Apocalathium","Apocalathium","Dinophyceae","DINOPHYTA (PYRROPHYTA)","",10,"unresolved_autotroph","dinoflagellate_trophy_uncertain","unresolved",TRUE,"not_resolved","not_phaeocystis","peg_trophy_blank_unresolved","authority_rule_assignment_not_yet_applied_to_biomass"
"PEG_BVOL2026_stage5_v1",,"Apocalathium","Apocalathium","Dinophyceae","DINOPHYTA (PYRROPHYTA)","",11,"unresolved_autotroph","dinoflagellate_trophy_uncertain","unresolved",TRUE,"not_resolved","not_phaeocystis","peg_trophy_blank_unresolved","authority_rule_assignment_not_yet_applied_to_biomass"
"PEG_BVOL2026_stage5_v1",1321853,"Scrippsiella acuminata","Scrippsiella","Dinophyceae","DINOPHYTA (PYRROPHYTA)","AU",1,"dinoflagellate_autotroph","","autotroph",FALSE,"not_resolved","not_phaeocystis","peg_class_dinophyceae_and_trophy_au","authority_rule_assignment_not_yet_applied_to_biomass"
"PEG_BVOL2026_stage5_v1",1321853,"Scrippsiella acuminata","Scrippsiella","Dinophyceae","DINOPHYTA (PYRROPHYTA)","AU",2,"dinoflagellate_autotroph","","autotroph",FALSE,"not_resolved","not_phaeocystis","peg_class_dinophyceae_and_trophy_au","authority_rule_assignment_not_yet_applied_to_biomass"
"PEG_BVOL2026_stage5_v1",1321853,"Scrippsiella acuminata","Scrippsiella","Dinophyceae","DINOPHYTA (PYRROPHYTA)","AU",3,"dinoflagellate_autotroph","","autotroph",FALSE,"not_resolved","not_phaeocystis","peg_class_dinophyceae_and_trophy_au","authority_rule_assignment_not_yet_applied_to_biomass"
"PEG_BVOL2026_stage5_v1",,"Scrippsiella","Scrippsiella","Dinophyceae","DINOPHYTA (PYRROPHYTA)","",12,"unresolved_autotroph","dinoflagellate_trophy_uncertain","unresolved",TRUE,"not_resolved","not_phaeocystis","peg_trophy_blank_unresolved","authority_rule_assignment_not_yet_applied_to_biomass"
"PEG_BVOL2026_stage5_v1",,"Scrippsiella","Scrippsiella","Dinophyceae","DINOPHYTA (PYRROPHYTA)","",13,"unresolved_autotroph","dinoflagellate_trophy_uncertain","unresolved",TRUE,"not_resolved","not_phaeocystis","peg_trophy_blank_unresolved","authority_rule_assignment_not_yet_applied_to_biomass"
"PEG_BVOL2026_stage5_v1",,"Scrippsiella","Scrippsiella","Dinophyceae","DINOPHYTA (PYRROPHYTA)","",14,"unresolved_autotroph","dinoflagellate_trophy_uncertain","unresolved",TRUE,"not_resolved","not_phaeocystis","peg_trophy_blank_unresolved","authority_rule_assignment_not_yet_applied_to_biomass"
"PEG_BVOL2026_stage5_v1",109885,"Katodinium glaucum","Katodinium","Dinophyceae","DINOPHYTA (PYRROPHYTA)","HT",1,"heterotroph_or_mixotroph_uncertain","dinoflagellate_trophy_uncertain","heterotroph",TRUE,"not_resolved","not_phaeocystis","peg_trophy_ht_or_mx","authority_rule_assignment_not_yet_applied_to_biomass"
"PEG_BVOL2026_stage5_v1",109885,"Katodinium glaucum","Katodinium","Dinophyceae","DINOPHYTA (PYRROPHYTA)","HT",2,"heterotroph_or_mixotroph_uncertain","dinoflagellate_trophy_uncertain","heterotroph",TRUE,"not_resolved","not_phaeocystis","peg_trophy_ht_or_mx","authority_rule_assignment_not_yet_applied_to_biomass"
"PEG_BVOL2026_stage5_v1",109885,"Katodinium glaucum","Katodinium","Dinophyceae","DINOPHYTA (PYRROPHYTA)","HT",3,"heterotroph_or_mixotroph_uncertain","dinoflagellate_trophy_uncertain","heterotroph",TRUE,"not_resolved","not_phaeocystis","peg_trophy_ht_or_mx","authority_rule_assignment_not_yet_applied_to_biomass"
"PEG_BVOL2026_stage5_v1",109885,"Katodinium glaucum","Katodinium","Dinophyceae","DINOPHYTA (PYRROPHYTA)","HT",4,"heterotroph_or_mixotroph_uncertain","dinoflagellate_trophy_uncertain","heterotroph",TRUE,"not_resolved","not_phaeocystis","peg_trophy_ht_or_mx","authority_rule_assignment_not_yet_applied_to_biomass"
"PEG_BVOL2026_stage5_v1",109885,"Katodinium glaucum","Katodinium","Dinophyceae","DINOPHYTA (PYRROPHYTA)","HT",5,"heterotroph_or_mixotroph_uncertain","dinoflagellate_trophy_uncertain","heterotroph",TRUE,"not_resolved","not_phaeocystis","peg_trophy_ht_or_mx","authority_rule_assignment_not_yet_applied_to_biomass"
"PEG_BVOL2026_stage5_v1",109885,"Katodinium glaucum","Katodinium","Dinophyceae","DINOPHYTA (PYRROPHYTA)","HT",6,"heterotroph_or_mixotroph_uncertain","dinoflagellate_trophy_uncertain","heterotroph",TRUE,"not_resolved","not_phaeocystis","peg_trophy_ht_or_mx","authority_rule_assignment_not_yet_applied_to_biomass"
"PEG_BVOL2026_stage5_v1",109477,"Katodinium","Katodinium","Dinophyceae","DINOPHYTA (PYRROPHYTA)","AU",1,"dinoflagellate_autotroph","","autotroph",FALSE,"not_resolved","not_phaeocystis","peg_class_dinophyceae_and_trophy_au","authority_rule_assignment_not_yet_applied_to_biomass"
"PEG_BVOL2026_stage5_v1",109477,"Katodinium","Katodinium","Dinophyceae","DINOPHYTA (PYRROPHYTA)","AU",2,"dinoflagellate_autotroph","","autotroph",FALSE,"not_resolved","not_phaeocystis","peg_class_dinophyceae_and_trophy_au","authority_rule_assignment_not_yet_applied_to_biomass"
"PEG_BVOL2026_stage5_v1",109477,"Katodinium","Katodinium","Dinophyceae","DINOPHYTA (PYRROPHYTA)","AU",3,"dinoflagellate_autotroph","","autotroph",FALSE,"not_resolved","not_phaeocystis","peg_class_dinophyceae_and_trophy_au","authority_rule_assignment_not_yet_applied_to_biomass"
"PEG_BVOL2026_stage5_v1",109477,"Katodinium","Katodinium","Dinophyceae","DINOPHYTA (PYRROPHYTA)","HT",51,"heterotroph_or_mixotroph_uncertain","dinoflagellate_trophy_uncertain","heterotroph",TRUE,"not_resolved","not_phaeocystis","peg_trophy_ht_or_mx","authority_rule_assignment_not_yet_applied_to_biomass"
"PEG_BVOL2026_stage5_v1",109477,"Katodinium","Katodinium","Dinophyceae","DINOPHYTA (PYRROPHYTA)","HT",52,"heterotroph_or_mixotroph_uncertain","dinoflagellate_trophy_uncertain","heterotroph",TRUE,"not_resolved","not_phaeocystis","peg_trophy_ht_or_mx","authority_rule_assignment_not_yet_applied_to_biomass"
"PEG_BVOL2026_stage5_v1",109477,"Katodinium","Katodinium","Dinophyceae","DINOPHYTA (PYRROPHYTA)","HT",53,"heterotroph_or_mixotroph_uncertain","dinoflagellate_trophy_uncertain","heterotroph",TRUE,"not_resolved","not_phaeocystis","peg_trophy_ht_or_mx","authority_rule_assignment_not_yet_applied_to_biomass"
"PEG_BVOL2026_stage5_v1",846290,"Azadinium caudatum var. margalefii","Azadinium","Dinophyceae","DINOPHYTA (PYRROPHYTA)","AU",1,"dinoflagellate_autotroph","","autotroph",FALSE,"not_resolved","not_phaeocystis","peg_class_dinophyceae_and_trophy_au","authority_rule_assignment_not_yet_applied_to_biomass"
"PEG_BVOL2026_stage5_v1",846290,"Azadinium caudatum var. margalefii","Azadinium","Dinophyceae","DINOPHYTA (PYRROPHYTA)","AU",2,"dinoflagellate_autotroph","","autotroph",FALSE,"not_resolved","not_phaeocystis","peg_class_dinophyceae_and_trophy_au","authority_rule_assignment_not_yet_applied_to_biomass"
"PEG_BVOL2026_stage5_v1",391509,"Azadinium spinosum","Azadinium","Dinophyceae","DINOPHYTA (PYRROPHYTA)","AU",1,"dinoflagellate_autotroph","","autotroph",FALSE,"not_resolved","not_phaeocystis","peg_class_dinophyceae_and_trophy_au","authority_rule_assignment_not_yet_applied_to_biomass"
"PEG_BVOL2026_stage5_v1",391508,"Azadinium","Azadinium","Dinophyceae","DINOPHYTA (PYRROPHYTA)","AU",1,"dinoflagellate_autotroph","","autotroph",FALSE,"not_resolved","not_phaeocystis","peg_class_dinophyceae_and_trophy_au","authority_rule_assignment_not_yet_applied_to_biomass"
"PEG_BVOL2026_stage5_v1",,"Dinophyceae","Dinophyceae","Dinophyceae","DINOPHYTA (PYRROPHYTA)","AU",1,"dinoflagellate_autotroph","","autotroph",FALSE,"not_resolved","not_phaeocystis","peg_class_dinophyceae_and_trophy_au","authority_rule_assignment_not_yet_applied_to_biomass"
"PEG_BVOL2026_stage5_v1",,"Dinophyceae","Dinophyceae","Dinophyceae","DINOPHYTA (PYRROPHYTA)","AU",2,"dinoflagellate_autotroph","","autotroph",FALSE,"not_resolved","not_phaeocystis","peg_class_dinophyceae_and_trophy_au","authority_rule_assignment_not_yet_applied_to_biomass"
"PEG_BVOL2026_stage5_v1",,"Dinophyceae","","Dinophyceae","DINOPHYTA (PYRROPHYTA)","AU",3,"dinoflagellate_autotroph","","autotroph",FALSE,"not_resolved","not_phaeocystis","peg_class_dinophyceae_and_trophy_au","authority_rule_assignment_not_yet_applied_to_biomass"
"PEG_BVOL2026_stage5_v1",,"Dinophyceae","","Dinophyceae","DINOPHYTA (PYRROPHYTA)","AU",4,"dinoflagellate_autotroph","","autotroph",FALSE,"not_resolved","not_phaeocystis","peg_class_dinophyceae_and_trophy_au","authority_rule_assignment_not_yet_applied_to_biomass"
"PEG_BVOL2026_stage5_v1",,"Dinophyceae","Dinophyceae","Dinophyceae","DINOPHYTA (PYRROPHYTA)","AU",5,"dinoflagellate_autotroph","","autotroph",FALSE,"not_resolved","not_phaeocystis","peg_class_dinophyceae_and_trophy_au","authority_rule_assignment_not_yet_applied_to_biomass"
"PEG_BVOL2026_stage5_v1",,"Dinophyceae","","Dinophyceae","DINOPHYTA (PYRROPHYTA)","AU",6,"dinoflagellate_autotroph","","autotroph",FALSE,"not_resolved","not_phaeocystis","peg_class_dinophyceae_and_trophy_au","authority_rule_assignment_not_yet_applied_to_biomass"
"PEG_BVOL2026_stage5_v1",,"Dinophyceae","Dinophyceae","Dinophyceae","DINOPHYTA (PYRROPHYTA)","AU",7,"dinoflagellate_autotroph","","autotroph",FALSE,"not_resolved","not_phaeocystis","peg_class_dinophyceae_and_trophy_au","authority_rule_assignment_not_yet_applied_to_biomass"
"PEG_BVOL2026_stage5_v1",,"Dinophyceae","Dinophyceae","Dinophyceae","DINOPHYTA (PYRROPHYTA)","AU",8,"dinoflagellate_autotroph","","autotroph",FALSE,"not_resolved","not_phaeocystis","peg_class_dinophyceae_and_trophy_au","authority_rule_assignment_not_yet_applied_to_biomass"
"PEG_BVOL2026_stage5_v1",,"Dinophyceae","Dinophyceae","Dinophyceae","DINOPHYTA (PYRROPHYTA)","HT",51,"heterotroph_or_mixotroph_uncertain","dinoflagellate_trophy_uncertain","heterotroph",TRUE,"not_resolved","not_phaeocystis","peg_trophy_ht_or_mx","authority_rule_assignment_not_yet_applied_to_biomass"
"PEG_BVOL2026_stage5_v1",,"Dinophyceae","Dinophyceae","Dinophyceae","DINOPHYTA (PYRROPHYTA)","HT",52,"heterotroph_or_mixotroph_uncertain","dinoflagellate_trophy_uncertain","heterotroph",TRUE,"not_resolved","not_phaeocystis","peg_trophy_ht_or_mx","authority_rule_assignment_not_yet_applied_to_biomass"
"PEG_BVOL2026_stage5_v1",,"Dinophyceae","Dinophyceae","Dinophyceae","DINOPHYTA (PYRROPHYTA)","HT",53,"heterotroph_or_mixotroph_uncertain","dinoflagellate_trophy_uncertain","heterotroph",TRUE,"not_resolved","not_phaeocystis","peg_trophy_ht_or_mx","authority_rule_assignment_not_yet_applied_to_biomass"
"PEG_BVOL2026_stage5_v1",,"Dinophyceae","Dinophyceae","Dinophyceae","DINOPHYTA (PYRROPHYTA)","HT",54,"heterotroph_or_mixotroph_uncertain","dinoflagellate_trophy_uncertain","heterotroph",TRUE,"not_resolved","not_phaeocystis","peg_trophy_ht_or_mx","authority_rule_assignment_not_yet_applied_to_biomass"
"PEG_BVOL2026_stage5_v1",,"Dinophyceae","Dinophyceae","Dinophyceae","DINOPHYTA (PYRROPHYTA)","HT",55,"heterotroph_or_mixotroph_uncertain","dinoflagellate_trophy_uncertain","heterotroph",TRUE,"not_resolved","not_phaeocystis","peg_trophy_ht_or_mx","authority_rule_assignment_not_yet_applied_to_biomass"
"PEG_BVOL2026_stage5_v1",,"Dinophyceae","Dinophyceae","Dinophyceae","DINOPHYTA (PYRROPHYTA)","HT",56,"heterotroph_or_mixotroph_uncertain","dinoflagellate_trophy_uncertain","heterotroph",TRUE,"not_resolved","not_phaeocystis","peg_trophy_ht_or_mx","authority_rule_assignment_not_yet_applied_to_biomass"
"PEG_BVOL2026_stage5_v1",,"Dinophyceae","Dinophyceae","Dinophyceae","DINOPHYTA (PYRROPHYTA)","HT",57,"heterotroph_or_mixotroph_uncertain","dinoflagellate_trophy_uncertain","heterotroph",TRUE,"not_resolved","not_phaeocystis","peg_trophy_ht_or_mx","authority_rule_assignment_not_yet_applied_to_biomass"
"PEG_BVOL2026_stage5_v1",,"Dinophyceae","Dinophyceae","Dinophyceae","DINOPHYTA (PYRROPHYTA)","HT",58,"heterotroph_or_mixotroph_uncertain","dinoflagellate_trophy_uncertain","heterotroph",TRUE,"not_resolved","not_phaeocystis","peg_trophy_ht_or_mx","authority_rule_assignment_not_yet_applied_to_biomass"
"PEG_BVOL2026_stage5_v1",837255,"Chrysotila carterae","Chrysotila","Coccolithophyceae","HAPTOPHYTA","AU",1,"coccolithophore","","autotroph",FALSE,"not_resolved","not_phaeocystis","peg_class_coccolithophyceae","authority_rule_assignment_not_yet_applied_to_biomass"
"PEG_BVOL2026_stage5_v1",601284,"Chrysotila","Chrysotila","Coccolithophyceae","HAPTOPHYTA","AU",1,"coccolithophore","","autotroph",FALSE,"not_resolved","not_phaeocystis","peg_class_coccolithophyceae","authority_rule_assignment_not_yet_applied_to_biomass"
"PEG_BVOL2026_stage5_v1",236056,"Gephyrocapsa huxleyi","Gephyrocapsa","Coccolithophyceae","HAPTOPHYTA","AU",1,"coccolithophore","","autotroph",FALSE,"not_resolved","not_phaeocystis","peg_class_coccolithophyceae","authority_rule_assignment_not_yet_applied_to_biomass"
"PEG_BVOL2026_stage5_v1",236056,"Gephyrocapsa huxleyi","Gephyrocapsa","Coccolithophyceae","HAPTOPHYTA","AU",2,"coccolithophore","","autotroph",FALSE,"not_resolved","not_phaeocystis","peg_class_coccolithophyceae","authority_rule_assignment_not_yet_applied_to_biomass"
"PEG_BVOL2026_stage5_v1",160538,"Phaeocystis globosa","Phaeocystis","Coccolithophyceae","HAPTOPHYTA","AU",1,"phaeocystis_haptophyte","","autotroph",FALSE,"provider_comment_mentions_colony","taxon_identified_form_not_inferred","peg_genus_exact_phaeocystis","authority_rule_assignment_not_yet_applied_to_biomass"
"PEG_BVOL2026_stage5_v1",115106,"Phaeocystis pouchetii","Phaeocystis","Coccolithophyceae","HAPTOPHYTA","AU",1,"phaeocystis_haptophyte","","autotroph",FALSE,"provider_comment_mentions_colony","taxon_identified_form_not_inferred","peg_genus_exact_phaeocystis","authority_rule_assignment_not_yet_applied_to_biomass"
"PEG_BVOL2026_stage5_v1",115106,"Phaeocystis pouchetii","Phaeocystis","Coccolithophyceae","HAPTOPHYTA","AU",2,"phaeocystis_haptophyte","","autotroph",FALSE,"provider_comment_mentions_colony","taxon_identified_form_not_inferred","peg_genus_exact_phaeocystis","authority_rule_assignment_not_yet_applied_to_biomass"
"PEG_BVOL2026_stage5_v1",115088,"Phaeocystis","Phaeocystis","Coccolithophyceae","HAPTOPHYTA","AU",1,"phaeocystis_haptophyte","","autotroph",FALSE,"provider_comment_mentions_colony","taxon_identified_form_not_inferred","peg_genus_exact_phaeocystis","authority_rule_assignment_not_yet_applied_to_biomass"
"PEG_BVOL2026_stage5_v1",615467,"Chrysochromulina birgeri","Chrysochromulina","Coccolithophyceae","HAPTOPHYTA","MX",1,"coccolithophore","","mixotroph",TRUE,"not_resolved","not_phaeocystis","peg_class_coccolithophyceae","authority_rule_assignment_not_yet_applied_to_biomass"
"PEG_BVOL2026_stage5_v1",115126,"Chrysochromulina parkeae","Chrysochromulina","Coccolithophyceae","HAPTOPHYTA","MX",1,"coccolithophore","","mixotroph",TRUE,"not_resolved","not_phaeocystis","peg_class_coccolithophyceae","authority_rule_assignment_not_yet_applied_to_biomass"
"PEG_BVOL2026_stage5_v1",115129,"Chrysochromulina spinifera","Chrysochromulina","Coccolithophyceae","HAPTOPHYTA","MX",1,"coccolithophore","","mixotroph",TRUE,"not_resolved","not_phaeocystis","peg_class_coccolithophyceae","authority_rule_assignment_not_yet_applied_to_biomass"
"PEG_BVOL2026_stage5_v1",115129,"Chrysochromulina spinifera","Chrysochromulina","Coccolithophyceae","HAPTOPHYTA","MX",2,"coccolithophore","","mixotroph",TRUE,"not_resolved","not_phaeocystis","peg_class_coccolithophyceae","authority_rule_assignment_not_yet_applied_to_biomass"
"PEG_BVOL2026_stage5_v1",115090,"Chrysochromulina","Chrysochromulina","Coccolithophyceae","HAPTOPHYTA","MX",1,"coccolithophore","","mixotroph",TRUE,"not_resolved","not_phaeocystis","peg_class_coccolithophyceae","authority_rule_assignment_not_yet_applied_to_biomass"
"PEG_BVOL2026_stage5_v1",115090,"Chrysochromulina","Chrysochromulina","Coccolithophyceae","HAPTOPHYTA","MX",2,"coccolithophore","","mixotroph",TRUE,"not_resolved","not_phaeocystis","peg_class_coccolithophyceae","authority_rule_assignment_not_yet_applied_to_biomass"
"PEG_BVOL2026_stage5_v1",115090,"Chrysochromulina","Chrysochromulina","Coccolithophyceae","HAPTOPHYTA","MX",3,"coccolithophore","","mixotroph",TRUE,"not_resolved","not_phaeocystis","peg_class_coccolithophyceae","authority_rule_assignment_not_yet_applied_to_biomass"
"PEG_BVOL2026_stage5_v1",115090,"Chrysochromulina","Chrysochromulina","Coccolithophyceae","HAPTOPHYTA","MX",4,"coccolithophore","","mixotroph",TRUE,"not_resolved","not_phaeocystis","peg_class_coccolithophyceae","authority_rule_assignment_not_yet_applied_to_biomass"
"PEG_BVOL2026_stage5_v1",115090,"Chrysochromulina","Chrysochromulina","Coccolithophyceae","HAPTOPHYTA","MX",5,"coccolithophore","","mixotroph",TRUE,"not_resolved","not_phaeocystis","peg_class_coccolithophyceae","authority_rule_assignment_not_yet_applied_to_biomass"
"PEG_BVOL2026_stage5_v1",115090,"Chrysochromulina","Chrysochromulina","Coccolithophyceae","HAPTOPHYTA","MX",6,"coccolithophore","","mixotroph",TRUE,"not_resolved","not_phaeocystis","peg_class_coccolithophyceae","authority_rule_assignment_not_yet_applied_to_biomass"
"PEG_BVOL2026_stage5_v1",699623,"Haptolina hirta","Haptolina","Coccolithophyceae","HAPTOPHYTA","MX",1,"coccolithophore","","mixotroph",TRUE,"not_resolved","not_phaeocystis","peg_class_coccolithophyceae","authority_rule_assignment_not_yet_applied_to_biomass"
"PEG_BVOL2026_stage5_v1",160564,"Prymnesium parvum","Prymnesium","Coccolithophyceae","HAPTOPHYTA","MX",1,"coccolithophore","","mixotroph",TRUE,"not_resolved","not_phaeocystis","peg_class_coccolithophyceae","authority_rule_assignment_not_yet_applied_to_biomass"
"PEG_BVOL2026_stage5_v1",160564,"Prymnesium parvum","Prymnesium","Coccolithophyceae","HAPTOPHYTA","MX",2,"coccolithophore","","mixotroph",TRUE,"not_resolved","not_phaeocystis","peg_class_coccolithophyceae","authority_rule_assignment_not_yet_applied_to_biomass"
"PEG_BVOL2026_stage5_v1",160564,"Prymnesium parvum","Prymnesium","Coccolithophyceae","HAPTOPHYTA","MX",3,"coccolithophore","","mixotroph",TRUE,"not_resolved","not_phaeocystis","peg_class_coccolithophyceae","authority_rule_assignment_not_yet_applied_to_biomass"
"PEG_BVOL2026_stage5_v1",160564,"Prymnesium parvum","Prymnesium","Coccolithophyceae","HAPTOPHYTA","MX",4,"coccolithophore","","mixotroph",TRUE,"not_resolved","not_phaeocystis","peg_class_coccolithophyceae","authority_rule_assignment_not_yet_applied_to_biomass"
"PEG_BVOL2026_stage5_v1",670030,"Prymnesium polylepis","Prymnesium","Coccolithophyceae","HAPTOPHYTA","MX",1,"coccolithophore","","mixotroph",TRUE,"not_resolved","not_phaeocystis","peg_class_coccolithophyceae","authority_rule_assignment_not_yet_applied_to_biomass"
"PEG_BVOL2026_stage5_v1",670030,"Prymnesium polylepis","Prymnesium","Coccolithophyceae","HAPTOPHYTA","MX",2,"coccolithophore","","mixotroph",TRUE,"not_resolved","not_phaeocystis","peg_class_coccolithophyceae","authority_rule_assignment_not_yet_applied_to_biomass"
"PEG_BVOL2026_stage5_v1",670030,"Prymnesium polylepis","Prymnesium","Coccolithophyceae","HAPTOPHYTA","MX",3,"coccolithophore","","mixotroph",TRUE,"not_resolved","not_phaeocystis","peg_class_coccolithophyceae","authority_rule_assignment_not_yet_applied_to_biomass"
"PEG_BVOL2026_stage5_v1",160563,"Prymnesium","Prymnesium","Coccolithophyceae","HAPTOPHYTA","MX",1,"coccolithophore","","mixotroph",TRUE,"not_resolved","not_phaeocystis","peg_class_coccolithophyceae","authority_rule_assignment_not_yet_applied_to_biomass"
"PEG_BVOL2026_stage5_v1",160563,"Prymnesium","Prymnesium","Coccolithophyceae","HAPTOPHYTA","MX",2,"coccolithophore","","mixotroph",TRUE,"not_resolved","not_phaeocystis","peg_class_coccolithophyceae","authority_rule_assignment_not_yet_applied_to_biomass"
"PEG_BVOL2026_stage5_v1",115061,"Prymnesiales","Prymnesiales","Coccolithophyceae","HAPTOPHYTA","MX",1,"coccolithophore","","mixotroph",TRUE,"not_resolved","not_phaeocystis","peg_class_coccolithophyceae","authority_rule_assignment_not_yet_applied_to_biomass"
"PEG_BVOL2026_stage5_v1",,"Prymnesiales","Prymnesiales","Coccolithophyceae","HAPTOPHYTA","MX",2,"coccolithophore","","mixotroph",TRUE,"not_resolved","not_phaeocystis","peg_class_coccolithophyceae","authority_rule_assignment_not_yet_applied_to_biomass"
"PEG_BVOL2026_stage5_v1",,"Prymnesiales","Prymnesiales","Coccolithophyceae","HAPTOPHYTA","MX",3,"coccolithophore","","mixotroph",TRUE,"not_resolved","not_phaeocystis","peg_class_coccolithophyceae","authority_rule_assignment_not_yet_applied_to_biomass"
"PEG_BVOL2026_stage5_v1",,"Prymnesiales","Prymnesiales","Coccolithophyceae","HAPTOPHYTA","MX",4,"coccolithophore","","mixotroph",TRUE,"not_resolved","not_phaeocystis","peg_class_coccolithophyceae","authority_rule_assignment_not_yet_applied_to_biomass"
"PEG_BVOL2026_stage5_v1",,"Prymnesiales","Prymnesiales","Coccolithophyceae","HAPTOPHYTA","MX",5,"coccolithophore","","mixotroph",TRUE,"not_resolved","not_phaeocystis","peg_class_coccolithophyceae","authority_rule_assignment_not_yet_applied_to_biomass"
"PEG_BVOL2026_stage5_v1",,"Prymnesiales","Prymnesiales","Coccolithophyceae","HAPTOPHYTA","MX",6,"coccolithophore","","mixotroph",TRUE,"not_resolved","not_phaeocystis","peg_class_coccolithophyceae","authority_rule_assignment_not_yet_applied_to_biomass"
"PEG_BVOL2026_stage5_v1",,"Prymnesiales","Prymnesiales","Coccolithophyceae","HAPTOPHYTA","MX",7,"coccolithophore","","mixotroph",TRUE,"not_resolved","not_phaeocystis","peg_class_coccolithophyceae","authority_rule_assignment_not_yet_applied_to_biomass"
"PEG_BVOL2026_stage5_v1",235802,"Acanthoica quattrospina","Acanthoica","Coccolithophyceae","HAPTOPHYTA","MX",1,"coccolithophore","","mixotroph",TRUE,"not_resolved","not_phaeocystis","peg_class_coccolithophyceae","authority_rule_assignment_not_yet_applied_to_biomass"
"PEG_BVOL2026_stage5_v1",249731,"Pavlova","Pavlova","Pavlovophyceae","HAPTOPHYTA","AU",1,"other_autotrophic_phytoplankton","","autotroph",FALSE,"not_resolved","not_phaeocystis","peg_trophy_au_other","authority_rule_assignment_not_yet_applied_to_biomass"
"PEG_BVOL2026_stage5_v1",571996,"Chrysidiastrum catenatum","Chrysidiastrum","Chrysophyceae","CHRYSOPHYTA (HETEROKONTOPHYTA)","AU",1,"other_autotrophic_phytoplankton","","autotroph",FALSE,"not_resolved","not_phaeocystis","peg_trophy_au_other","authority_rule_assignment_not_yet_applied_to_biomass"
"PEG_BVOL2026_stage5_v1",248110,"Chrysococcus","Chrysococcus","Chrysophyceae","CHRYSOPHYTA (HETEROKONTOPHYTA)","AU",1,"other_autotrophic_phytoplankton","","autotroph",FALSE,"not_resolved","not_phaeocystis","peg_trophy_au_other","authority_rule_assignment_not_yet_applied_to_biomass"
"PEG_BVOL2026_stage5_v1",248110,"Chrysococcus","Chrysococcus","Chrysophyceae","CHRYSOPHYTA (HETEROKONTOPHYTA)","AU",2,"other_autotrophic_phytoplankton","","autotroph",FALSE,"not_resolved","not_phaeocystis","peg_trophy_au_other","authority_rule_assignment_not_yet_applied_to_biomass"
"PEG_BVOL2026_stage5_v1",572032,"Dinobryon acuminatum","Dinobryon","Chrysophyceae","CHRYSOPHYTA (HETEROKONTOPHYTA)","MX",1,"heterotroph_or_mixotroph_uncertain","","mixotroph",TRUE,"not_resolved","not_phaeocystis","peg_trophy_ht_or_mx","authority_rule_assignment_not_yet_applied_to_biomass"
"PEG_BVOL2026_stage5_v1",160552,"Dinobryon balticum","Dinobryon","Chrysophyceae","CHRYSOPHYTA (HETEROKONTOPHYTA)","MX",1,"heterotroph_or_mixotroph_uncertain","","mixotroph",TRUE,"provider_comment_mentions_colony","not_phaeocystis","peg_trophy_ht_or_mx","authority_rule_assignment_not_yet_applied_to_biomass"
"PEG_BVOL2026_stage5_v1",160552,"Dinobryon balticum","Dinobryon","Chrysophyceae","CHRYSOPHYTA (HETEROKONTOPHYTA)","MX",2,"heterotroph_or_mixotroph_uncertain","","mixotroph",TRUE,"provider_comment_mentions_colony","not_phaeocystis","peg_trophy_ht_or_mx","authority_rule_assignment_not_yet_applied_to_biomass"
"PEG_BVOL2026_stage5_v1",160552,"Dinobryon balticum","Dinobryon","Chrysophyceae","CHRYSOPHYTA (HETEROKONTOPHYTA)","MX",3,"heterotroph_or_mixotroph_uncertain","","mixotroph",TRUE,"provider_comment_mentions_colony","not_phaeocystis","peg_trophy_ht_or_mx","authority_rule_assignment_not_yet_applied_to_biomass"
"PEG_BVOL2026_stage5_v1",157242,"Dinobryon bavaricum","Dinobryon","Chrysophyceae","CHRYSOPHYTA (HETEROKONTOPHYTA)","MX",1,"heterotroph_or_mixotroph_uncertain","","mixotroph",TRUE,"provider_comment_mentions_colony","not_phaeocystis","peg_trophy_ht_or_mx","authority_rule_assignment_not_yet_applied_to_biomass"
"PEG_BVOL2026_stage5_v1",571655,"Dinobryon borgei","Dinobryon","Chrysophyceae","CHRYSOPHYTA (HETEROKONTOPHYTA)","AU",1,"other_autotrophic_phytoplankton","","autotroph",FALSE,"not_resolved","not_phaeocystis","peg_trophy_au_other","authority_rule_assignment_not_yet_applied_to_biomass"
"PEG_BVOL2026_stage5_v1",572033,"Dinobryon crenulatum","Dinobryon","Chrysophyceae","CHRYSOPHYTA (HETEROKONTOPHYTA)","MX",1,"heterotroph_or_mixotroph_uncertain","","mixotroph",TRUE,"not_resolved","not_phaeocystis","peg_trophy_ht_or_mx","authority_rule_assignment_not_yet_applied_to_biomass"
"PEG_BVOL2026_stage5_v1",157246,"Dinobryon cylindricum","Dinobryon","Chrysophyceae","CHRYSOPHYTA (HETEROKONTOPHYTA)","MX",1,"heterotroph_or_mixotroph_uncertain","","mixotroph",TRUE,"provider_comment_mentions_colony","not_phaeocystis","peg_trophy_ht_or_mx","authority_rule_assignment_not_yet_applied_to_biomass"
"PEG_BVOL2026_stage5_v1",157246,"Dinobryon cylindricum","Dinobryon","Chrysophyceae","CHRYSOPHYTA (HETEROKONTOPHYTA)","MX",2,"heterotroph_or_mixotroph_uncertain","","mixotroph",TRUE,"provider_comment_mentions_colony","not_phaeocystis","peg_trophy_ht_or_mx","authority_rule_assignment_not_yet_applied_to_biomass"
"PEG_BVOL2026_stage5_v1",157248,"Dinobryon divergens","Dinobryon","Chrysophyceae","CHRYSOPHYTA (HETEROKONTOPHYTA)","MX",1,"heterotroph_or_mixotroph_uncertain","","mixotroph",TRUE,"provider_comment_mentions_colony","not_phaeocystis","peg_trophy_ht_or_mx","authority_rule_assignment_not_yet_applied_to_biomass"
"PEG_BVOL2026_stage5_v1",157248,"Dinobryon divergens","Dinobryon","Chrysophyceae","CHRYSOPHYTA (HETEROKONTOPHYTA)","MX",2,"heterotroph_or_mixotroph_uncertain","","mixotroph",TRUE,"provider_comment_mentions_colony","not_phaeocystis","peg_trophy_ht_or_mx","authority_rule_assignment_not_yet_applied_to_biomass"
"PEG_BVOL2026_stage5_v1",157248,"Dinobryon divergens","Dinobryon","Chrysophyceae","CHRYSOPHYTA (HETEROKONTOPHYTA)","MX",3,"heterotroph_or_mixotroph_uncertain","","mixotroph",TRUE,"provider_comment_mentions_colony","not_phaeocystis","peg_trophy_ht_or_mx","authority_rule_assignment_not_yet_applied_to_biomass"
"PEG_BVOL2026_stage5_v1",160553,"Dinobryon faculiferum","Dinobryon","Chrysophyceae","CHRYSOPHYTA (HETEROKONTOPHYTA)","MX",1,"heterotroph_or_mixotroph_uncertain","","mixotroph",TRUE,"not_resolved","not_phaeocystis","peg_trophy_ht_or_mx","authority_rule_assignment_not_yet_applied_to_biomass"
"PEG_BVOL2026_stage5_v1",160553,"Dinobryon faculiferum","Dinobryon","Chrysophyceae","CHRYSOPHYTA (HETEROKONTOPHYTA)","MX",2,"heterotroph_or_mixotroph_uncertain","","mixotroph",TRUE,"not_resolved","not_phaeocystis","peg_trophy_ht_or_mx","authority_rule_assignment_not_yet_applied_to_biomass"
"PEG_BVOL2026_stage5_v1",160553,"Dinobryon faculiferum","Dinobryon","Chrysophyceae","CHRYSOPHYTA (HETEROKONTOPHYTA)","MX",3,"heterotroph_or_mixotroph_uncertain","","mixotroph",TRUE,"not_resolved","not_phaeocystis","peg_trophy_ht_or_mx","authority_rule_assignment_not_yet_applied_to_biomass"
"PEG_BVOL2026_stage5_v1",157252,"Dinobryon sertularia","Dinobryon","Chrysophyceae","CHRYSOPHYTA (HETEROKONTOPHYTA)","MX",1,"heterotroph_or_mixotroph_uncertain","","mixotroph",TRUE,"provider_comment_mentions_colony","not_phaeocystis","peg_trophy_ht_or_mx","authority_rule_assignment_not_yet_applied_to_biomass"
"PEG_BVOL2026_stage5_v1",157254,"Dinobryon sociale","Dinobryon","Chrysophyceae","CHRYSOPHYTA (HETEROKONTOPHYTA)","MX",1,"heterotroph_or_mixotroph_uncertain","","mixotroph",TRUE,"provider_comment_mentions_colony","not_phaeocystis","peg_trophy_ht_or_mx","authority_rule_assignment_not_yet_applied_to_biomass"
"PEG_BVOL2026_stage5_v1",577553,"Dinobryon suecicum","Dinobryon","Chrysophyceae","CHRYSOPHYTA (HETEROKONTOPHYTA)","AU",1,"other_autotrophic_phytoplankton","","autotroph",FALSE,"not_resolved","not_phaeocystis","peg_trophy_au_other","authority_rule_assignment_not_yet_applied_to_biomass"
"PEG_BVOL2026_stage5_v1",157240,"Dinobryon","Dinobryon","Chrysophyceae","CHRYSOPHYTA (HETEROKONTOPHYTA)","MX",1,"heterotroph_or_mixotroph_uncertain","","mixotroph",TRUE,"provider_comment_mentions_colony","not_phaeocystis","peg_trophy_ht_or_mx","authority_rule_assignment_not_yet_applied_to_biomass"
"PEG_BVOL2026_stage5_v1",157240,"Dinobryon","Dinobryon","Chrysophyceae","CHRYSOPHYTA (HETEROKONTOPHYTA)","MX",2,"heterotroph_or_mixotroph_uncertain","","mixotroph",TRUE,"provider_comment_mentions_colony","not_phaeocystis","peg_trophy_ht_or_mx","authority_rule_assignment_not_yet_applied_to_biomass"
"PEG_BVOL2026_stage5_v1",157240,"Dinobryon","Dinobryon","Chrysophyceae","CHRYSOPHYTA (HETEROKONTOPHYTA)","MX",3,"heterotroph_or_mixotroph_uncertain","","mixotroph",TRUE,"provider_comment_mentions_colony","not_phaeocystis","peg_trophy_ht_or_mx","authority_rule_assignment_not_yet_applied_to_biomass"
"PEG_BVOL2026_stage5_v1",157240,"Dinobryon","Dinobryon","Chrysophyceae","CHRYSOPHYTA (HETEROKONTOPHYTA)","MX",4,"heterotroph_or_mixotroph_uncertain","","mixotroph",TRUE,"provider_comment_mentions_colony","not_phaeocystis","peg_trophy_ht_or_mx","authority_rule_assignment_not_yet_applied_to_biomass"
"PEG_BVOL2026_stage5_v1",163474,"Kephyrion","Kephyrion","Chrysophyceae","CHRYSOPHYTA (HETEROKONTOPHYTA)","MX",1,"heterotroph_or_mixotroph_uncertain","","mixotroph",TRUE,"not_resolved","not_phaeocystis","peg_trophy_ht_or_mx","authority_rule_assignment_not_yet_applied_to_biomass"
"PEG_BVOL2026_stage5_v1",162741,"Pseudokephyrion","Pseudokephyrion","Chrysophyceae","CHRYSOPHYTA (HETEROKONTOPHYTA)","AU",1,"other_autotrophic_phytoplankton","","autotroph",FALSE,"not_resolved","not_phaeocystis","peg_trophy_au_other","authority_rule_assignment_not_yet_applied_to_biomass"
"PEG_BVOL2026_stage5_v1",162741,"Pseudokephyrion","Pseudokephyrion","Chrysophyceae","CHRYSOPHYTA (HETEROKONTOPHYTA)","AU",2,"other_autotrophic_phytoplankton","","autotroph",FALSE,"not_resolved","not_phaeocystis","peg_trophy_au_other","authority_rule_assignment_not_yet_applied_to_biomass"
"PEG_BVOL2026_stage5_v1",162740,"Ollicola vangoorii","Ollicola","Chrysophyceae","CHRYSOPHYTA (HETEROKONTOPHYTA)","AU",1,"other_autotrophic_phytoplankton","","autotroph",FALSE,"not_resolved","not_phaeocystis","peg_trophy_au_other","authority_rule_assignment_not_yet_applied_to_biomass"
"PEG_BVOL2026_stage5_v1",249725,"Ochromonas","Ochromonas","Chrysophyceae","CHRYSOPHYTA (HETEROKONTOPHYTA)","MX",1,"heterotroph_or_mixotroph_uncertain","","mixotroph",TRUE,"not_resolved","not_phaeocystis","peg_trophy_ht_or_mx","authority_rule_assignment_not_yet_applied_to_biomass"
"PEG_BVOL2026_stage5_v1",,"Ochromonadales","Ochromonadales","Chrysophyceae","CHRYSOPHYTA (HETEROKONTOPHYTA)","MX",1,"heterotroph_or_mixotroph_uncertain","","mixotroph",TRUE,"provider_comment_mentions_colony","not_phaeocystis","peg_trophy_ht_or_mx","authority_rule_assignment_not_yet_applied_to_biomass"
"PEG_BVOL2026_stage5_v1",,"Ochromonadales","Ochromonadales","Chrysophyceae","CHRYSOPHYTA (HETEROKONTOPHYTA)","MX",2,"heterotroph_or_mixotroph_uncertain","","mixotroph",TRUE,"provider_comment_mentions_colony","not_phaeocystis","peg_trophy_ht_or_mx","authority_rule_assignment_not_yet_applied_to_biomass"
"PEG_BVOL2026_stage5_v1",291417,"Paraphysomonas","Paraphysomonas","Chrysophyceae","CHRYSOPHYTA (HETEROKONTOPHYTA)","HT",1,"heterotroph_or_mixotroph_uncertain","","heterotroph",TRUE,"not_resolved","not_phaeocystis","peg_trophy_ht_or_mx","authority_rule_assignment_not_yet_applied_to_biomass"
"PEG_BVOL2026_stage5_v1",291417,"Paraphysomonas","Paraphysomonas","Chrysophyceae","CHRYSOPHYTA (HETEROKONTOPHYTA)","HT",2,"heterotroph_or_mixotroph_uncertain","","heterotroph",TRUE,"not_resolved","not_phaeocystis","peg_trophy_ht_or_mx","authority_rule_assignment_not_yet_applied_to_biomass"
"PEG_BVOL2026_stage5_v1",248172,"Uroglena","Uroglena","Chrysophyceae","CHRYSOPHYTA (HETEROKONTOPHYTA)","AU",1,"other_autotrophic_phytoplankton","","autotroph",FALSE,"provider_comment_mentions_colony","not_phaeocystis","peg_trophy_au_other","authority_rule_assignment_not_yet_applied_to_biomass"
"PEG_BVOL2026_stage5_v1",248172,"Uroglena","Uroglena","Chrysophyceae","CHRYSOPHYTA (HETEROKONTOPHYTA)","AU",2,"other_autotrophic_phytoplankton","","autotroph",FALSE,"provider_comment_mentions_colony","not_phaeocystis","peg_trophy_au_other","authority_rule_assignment_not_yet_applied_to_biomass"
"PEG_BVOL2026_stage5_v1",555951,"Uroglenopsis americana","Uroglenopsis","Chrysophyceae","CHRYSOPHYTA (HETEROKONTOPHYTA)","AU",1,"other_autotrophic_phytoplankton","","autotroph",FALSE,"provider_comment_mentions_colony","not_phaeocystis","peg_trophy_au_other","authority_rule_assignment_not_yet_applied_to_biomass"
"PEG_BVOL2026_stage5_v1",555950,"Uroglenopsis","Uroglenopsis","Chrysophyceae","CHRYSOPHYTA (HETEROKONTOPHYTA)","AU",1,"other_autotrophic_phytoplankton","","autotroph",FALSE,"provider_comment_mentions_colony","not_phaeocystis","peg_trophy_au_other","authority_rule_assignment_not_yet_applied_to_biomass"
"PEG_BVOL2026_stage5_v1",555950,"Uroglenopsis","Uroglenopsis","Chrysophyceae","CHRYSOPHYTA (HETEROKONTOPHYTA)","AU",2,"other_autotrophic_phytoplankton","","autotroph",FALSE,"provider_comment_mentions_colony","not_phaeocystis","peg_trophy_au_other","authority_rule_assignment_not_yet_applied_to_biomass"
"PEG_BVOL2026_stage5_v1",345524,"Spiniferomonas","Spiniferomonas","Chrysophyceae","CRYPTOPHYTA","AU",1,"other_autotrophic_phytoplankton","","autotroph",FALSE,"not_resolved","not_phaeocystis","peg_trophy_au_other","authority_rule_assignment_not_yet_applied_to_biomass"
"PEG_BVOL2026_stage5_v1",345524,"Spiniferomonas","Spiniferomonas","Chrysophyceae","CRYPTOPHYTA","AU",2,"other_autotrophic_phytoplankton","","autotroph",FALSE,"not_resolved","not_phaeocystis","peg_trophy_au_other","authority_rule_assignment_not_yet_applied_to_biomass"
"PEG_BVOL2026_stage5_v1",,"Chrysophyceae","","Chrysophyceae","CHRYSOPHYTA (HETEROKONTOPHYTA)","MX",1,"heterotroph_or_mixotroph_uncertain","","mixotroph",TRUE,"provider_comment_mentions_colony","not_phaeocystis","peg_trophy_ht_or_mx","authority_rule_assignment_not_yet_applied_to_biomass"
"PEG_BVOL2026_stage5_v1",157463,"Dictyocha fibula","Dictyocha","Dictyochophyceae","CHRYSOPHYTA (HETEROKONTOPHYTA)","AU",1,"other_autotrophic_phytoplankton","","autotroph",FALSE,"not_resolved","not_phaeocystis","peg_trophy_au_other","authority_rule_assignment_not_yet_applied_to_biomass"
"PEG_BVOL2026_stage5_v1",157463,"Dictyocha fibula","Dictyocha","Dictyochophyceae","CHRYSOPHYTA (HETEROKONTOPHYTA)","AU",2,"other_autotrophic_phytoplankton","","autotroph",FALSE,"not_resolved","not_phaeocystis","peg_trophy_au_other","authority_rule_assignment_not_yet_applied_to_biomass"
"PEG_BVOL2026_stage5_v1",157258,"Dictyocha","Dictyocha","Dictyochophyceae","CHRYSOPHYTA (HETEROKONTOPHYTA)","AU",1,"other_autotrophic_phytoplankton","","autotroph",FALSE,"not_resolved","not_phaeocystis","peg_trophy_au_other","authority_rule_assignment_not_yet_applied_to_biomass"
"PEG_BVOL2026_stage5_v1",157258,"Dictyocha","Dictyocha","Dictyochophyceae","CHRYSOPHYTA (HETEROKONTOPHYTA)","AU",2,"other_autotrophic_phytoplankton","","autotroph",FALSE,"not_resolved","not_phaeocystis","peg_trophy_au_other","authority_rule_assignment_not_yet_applied_to_biomass"
"PEG_BVOL2026_stage5_v1",157258,"Dictyocha","Dictyocha","Dictyochophyceae","CHRYSOPHYTA (HETEROKONTOPHYTA)","AU",3,"other_autotrophic_phytoplankton","","autotroph",FALSE,"not_resolved","not_phaeocystis","peg_trophy_au_other","authority_rule_assignment_not_yet_applied_to_biomass"
"PEG_BVOL2026_stage5_v1",157258,"Dictyocha","Dictyocha","Dictyochophyceae","CHRYSOPHYTA (HETEROKONTOPHYTA)","AU",4,"other_autotrophic_phytoplankton","","autotroph",FALSE,"not_resolved","not_phaeocystis","peg_trophy_au_other","authority_rule_assignment_not_yet_applied_to_biomass"
"PEG_BVOL2026_stage5_v1",157258,"Dictyocha","Dictyocha","Dictyochophyceae","CHRYSOPHYTA (HETEROKONTOPHYTA)","AU",5,"other_autotrophic_phytoplankton","","autotroph",FALSE,"not_resolved","not_phaeocystis","peg_trophy_au_other","authority_rule_assignment_not_yet_applied_to_biomass"
"PEG_BVOL2026_stage5_v1",1310442,"Octactis speculum","Octactis","Dictyochophyceae","CHRYSOPHYTA (HETEROKONTOPHYTA)","AU",1,"other_autotrophic_phytoplankton","","autotroph",FALSE,"not_resolved","not_phaeocystis","peg_trophy_au_other","authority_rule_assignment_not_yet_applied_to_biomass"
"PEG_BVOL2026_stage5_v1",1310442,"Octactis speculum","Octactis","Dictyochophyceae","CHRYSOPHYTA (HETEROKONTOPHYTA)","AU",2,"other_autotrophic_phytoplankton","","autotroph",FALSE,"not_resolved","not_phaeocystis","peg_trophy_au_other","authority_rule_assignment_not_yet_applied_to_biomass"
"PEG_BVOL2026_stage5_v1",1310442,"Octactis speculum","Octactis","Dictyochophyceae","CHRYSOPHYTA (HETEROKONTOPHYTA)","AU",3,"other_autotrophic_phytoplankton","","autotroph",FALSE,"not_resolved","not_phaeocystis","peg_trophy_au_other","authority_rule_assignment_not_yet_applied_to_biomass"
"PEG_BVOL2026_stage5_v1",1310442,"Octactis speculum","Octactis","Dictyochophyceae","CHRYSOPHYTA (HETEROKONTOPHYTA)","AU",4,"other_autotrophic_phytoplankton","","autotroph",FALSE,"not_resolved","not_phaeocystis","peg_trophy_au_other","authority_rule_assignment_not_yet_applied_to_biomass"
"PEG_BVOL2026_stage5_v1",1310442,"Octactis speculum","Octactis","Dictyochophyceae","CHRYSOPHYTA (HETEROKONTOPHYTA)","AU",5,"other_autotrophic_phytoplankton","","autotroph",FALSE,"not_resolved","not_phaeocystis","peg_trophy_au_other","authority_rule_assignment_not_yet_applied_to_biomass"
"PEG_BVOL2026_stage5_v1",1310442,"Octactis speculum","Octactis","Dictyochophyceae","CHRYSOPHYTA (HETEROKONTOPHYTA)","AU",6,"other_autotrophic_phytoplankton","","autotroph",FALSE,"not_resolved","not_phaeocystis","peg_trophy_au_other","authority_rule_assignment_not_yet_applied_to_biomass"
"PEG_BVOL2026_stage5_v1",1310442,"Octactis speculum","Octactis","Dictyochophyceae","CHRYSOPHYTA (HETEROKONTOPHYTA)","AU",7,"other_autotrophic_phytoplankton","","autotroph",FALSE,"not_resolved","not_phaeocystis","peg_trophy_au_other","authority_rule_assignment_not_yet_applied_to_biomass"
"PEG_BVOL2026_stage5_v1",1310442,"Octactis speculum","Octactis","Dictyochophyceae","CHRYSOPHYTA (HETEROKONTOPHYTA)","AU",8,"other_autotrophic_phytoplankton","","autotroph",FALSE,"not_resolved","not_phaeocystis","peg_trophy_au_other","authority_rule_assignment_not_yet_applied_to_biomass"
"PEG_BVOL2026_stage5_v1",,"Dictyochales","Dictyochales","Dictyochophyceae","CHRYSOPHYTA (HETEROKONTOPHYTA)","AU",1,"other_autotrophic_phytoplankton","","autotroph",FALSE,"not_resolved","not_phaeocystis","peg_trophy_au_other","authority_rule_assignment_not_yet_applied_to_biomass"
"PEG_BVOL2026_stage5_v1",,"Dictyochales","Dictyochales","Dictyochophyceae","CHRYSOPHYTA (HETEROKONTOPHYTA)","AU",2,"other_autotrophic_phytoplankton","","autotroph",FALSE,"not_resolved","not_phaeocystis","peg_trophy_au_other","authority_rule_assignment_not_yet_applied_to_biomass"
"PEG_BVOL2026_stage5_v1",,"Dictyochales","Dictyochales","Dictyochophyceae","CHRYSOPHYTA (HETEROKONTOPHYTA)","AU",3,"other_autotrophic_phytoplankton","","autotroph",FALSE,"not_resolved","not_phaeocystis","peg_trophy_au_other","authority_rule_assignment_not_yet_applied_to_biomass"
"PEG_BVOL2026_stage5_v1",,"Dictyochales","Dictyochales","Dictyochophyceae","CHRYSOPHYTA (HETEROKONTOPHYTA)","AU",4,"other_autotrophic_phytoplankton","","autotroph",FALSE,"not_resolved","not_phaeocystis","peg_trophy_au_other","authority_rule_assignment_not_yet_applied_to_biomass"
"PEG_BVOL2026_stage5_v1",,"Dictyochales","Dictyochales","Dictyochophyceae","CHRYSOPHYTA (HETEROKONTOPHYTA)","AU",5,"other_autotrophic_phytoplankton","","autotroph",FALSE,"not_resolved","not_phaeocystis","peg_trophy_au_other","authority_rule_assignment_not_yet_applied_to_biomass"
"PEG_BVOL2026_stage5_v1",531467,"Pseudochattonella farcimen","Pseudochattonella","Dictyochophyceae","CHRYSOPHYTA (HETEROKONTOPHYTA)","AU",1,"other_autotrophic_phytoplankton","","autotroph",FALSE,"not_resolved","not_phaeocystis","peg_trophy_au_other","authority_rule_assignment_not_yet_applied_to_biomass"
"PEG_BVOL2026_stage5_v1",531467,"Pseudochattonella farcimen","Pseudochattonella","Dictyochophyceae","CHRYSOPHYTA (HETEROKONTOPHYTA)","AU",2,"other_autotrophic_phytoplankton","","autotroph",FALSE,"not_resolved","not_phaeocystis","peg_trophy_au_other","authority_rule_assignment_not_yet_applied_to_biomass"
"PEG_BVOL2026_stage5_v1",531467,"Pseudochattonella farcimen","Pseudochattonella","Dictyochophyceae","CHRYSOPHYTA (HETEROKONTOPHYTA)","AU",3,"other_autotrophic_phytoplankton","","autotroph",FALSE,"not_resolved","not_phaeocystis","peg_trophy_au_other","authority_rule_assignment_not_yet_applied_to_biomass"
"PEG_BVOL2026_stage5_v1",531467,"Pseudochattonella farcimen","Pseudochattonella","Dictyochophyceae","CHRYSOPHYTA (HETEROKONTOPHYTA)","AU",4,"other_autotrophic_phytoplankton","","autotroph",FALSE,"not_resolved","not_phaeocystis","peg_trophy_au_other","authority_rule_assignment_not_yet_applied_to_biomass"
"PEG_BVOL2026_stage5_v1",531467,"Pseudochattonella farcimen","Pseudochattonella","Dictyochophyceae","CHRYSOPHYTA (HETEROKONTOPHYTA)","AU",5,"other_autotrophic_phytoplankton","","autotroph",FALSE,"not_resolved","not_phaeocystis","peg_trophy_au_other","authority_rule_assignment_not_yet_applied_to_biomass"
"PEG_BVOL2026_stage5_v1",531467,"Pseudochattonella farcimen","Pseudochattonella","Dictyochophyceae","CHRYSOPHYTA (HETEROKONTOPHYTA)","AU",6,"other_autotrophic_phytoplankton","","autotroph",FALSE,"not_resolved","not_phaeocystis","peg_trophy_au_other","authority_rule_assignment_not_yet_applied_to_biomass"
"PEG_BVOL2026_stage5_v1",531467,"Pseudochattonella farcimen","Pseudochattonella","Dictyochophyceae","CHRYSOPHYTA (HETEROKONTOPHYTA)","AU",7,"other_autotrophic_phytoplankton","","autotroph",FALSE,"not_resolved","not_phaeocystis","peg_trophy_au_other","authority_rule_assignment_not_yet_applied_to_biomass"
"PEG_BVOL2026_stage5_v1",531467,"Pseudochattonella farcimen","Pseudochattonella","Dictyochophyceae","CHRYSOPHYTA (HETEROKONTOPHYTA)","AU",8,"other_autotrophic_phytoplankton","","autotroph",FALSE,"not_resolved","not_phaeocystis","peg_trophy_au_other","authority_rule_assignment_not_yet_applied_to_biomass"
"PEG_BVOL2026_stage5_v1",531446,"Pseudochattonella verruculosa","Pseudochattonella","Dictyochophyceae","CHRYSOPHYTA (HETEROKONTOPHYTA)","AU",1,"other_autotrophic_phytoplankton","","autotroph",FALSE,"not_resolved","not_phaeocystis","peg_trophy_au_other","authority_rule_assignment_not_yet_applied_to_biomass"
"PEG_BVOL2026_stage5_v1",531446,"Pseudochattonella verruculosa","Pseudochattonella","Dictyochophyceae","CHRYSOPHYTA (HETEROKONTOPHYTA)","AU",2,"other_autotrophic_phytoplankton","","autotroph",FALSE,"not_resolved","not_phaeocystis","peg_trophy_au_other","authority_rule_assignment_not_yet_applied_to_biomass"
"PEG_BVOL2026_stage5_v1",531446,"Pseudochattonella verruculosa","Pseudochattonella","Dictyochophyceae","CHRYSOPHYTA (HETEROKONTOPHYTA)","AU",3,"other_autotrophic_phytoplankton","","autotroph",FALSE,"not_resolved","not_phaeocystis","peg_trophy_au_other","authority_rule_assignment_not_yet_applied_to_biomass"
"PEG_BVOL2026_stage5_v1",531445,"Pseudochattonella","Pseudochattonella","Dictyochophyceae","CHRYSOPHYTA (HETEROKONTOPHYTA)","AU",1,"other_autotrophic_phytoplankton","","autotroph",FALSE,"not_resolved","not_phaeocystis","peg_trophy_au_other","authority_rule_assignment_not_yet_applied_to_biomass"
"PEG_BVOL2026_stage5_v1",531445,"Pseudochattonella","Pseudochattonella","Dictyochophyceae","CHRYSOPHYTA (HETEROKONTOPHYTA)","AU",2,"other_autotrophic_phytoplankton","","autotroph",FALSE,"not_resolved","not_phaeocystis","peg_trophy_au_other","authority_rule_assignment_not_yet_applied_to_biomass"
"PEG_BVOL2026_stage5_v1",531445,"Pseudochattonella","Pseudochattonella","Dictyochophyceae","CHRYSOPHYTA (HETEROKONTOPHYTA)","AU",3,"other_autotrophic_phytoplankton","","autotroph",FALSE,"not_resolved","not_phaeocystis","peg_trophy_au_other","authority_rule_assignment_not_yet_applied_to_biomass"
"PEG_BVOL2026_stage5_v1",531445,"Pseudochattonella","Pseudochattonella","Dictyochophyceae","CHRYSOPHYTA (HETEROKONTOPHYTA)","AU",4,"other_autotrophic_phytoplankton","","autotroph",FALSE,"not_resolved","not_phaeocystis","peg_trophy_au_other","authority_rule_assignment_not_yet_applied_to_biomass"
"PEG_BVOL2026_stage5_v1",531445,"Pseudochattonella","Pseudochattonella","Dictyochophyceae","CHRYSOPHYTA (HETEROKONTOPHYTA)","AU",5,"other_autotrophic_phytoplankton","","autotroph",FALSE,"not_resolved","not_phaeocystis","peg_trophy_au_other","authority_rule_assignment_not_yet_applied_to_biomass"
"PEG_BVOL2026_stage5_v1",531445,"Pseudochattonella","Pseudochattonella","Dictyochophyceae","CHRYSOPHYTA (HETEROKONTOPHYTA)","AU",6,"other_autotrophic_phytoplankton","","autotroph",FALSE,"not_resolved","not_phaeocystis","peg_trophy_au_other","authority_rule_assignment_not_yet_applied_to_biomass"
"PEG_BVOL2026_stage5_v1",531445,"Pseudochattonella","Pseudochattonella","Dictyochophyceae","CHRYSOPHYTA (HETEROKONTOPHYTA)","AU",7,"other_autotrophic_phytoplankton","","autotroph",FALSE,"not_resolved","not_phaeocystis","peg_trophy_au_other","authority_rule_assignment_not_yet_applied_to_biomass"
"PEG_BVOL2026_stage5_v1",531445,"Pseudochattonella","Pseudochattonella","Dictyochophyceae","CHRYSOPHYTA (HETEROKONTOPHYTA)","AU",8,"other_autotrophic_phytoplankton","","autotroph",FALSE,"not_resolved","not_phaeocystis","peg_trophy_au_other","authority_rule_assignment_not_yet_applied_to_biomass"
"PEG_BVOL2026_stage5_v1",248097,"Apedinella radians","Apedinella","Dictyochophyceae","CHRYSOPHYTA (HETEROKONTOPHYTA)","AU",1,"other_autotrophic_phytoplankton","","autotroph",FALSE,"not_resolved","not_phaeocystis","peg_trophy_au_other","authority_rule_assignment_not_yet_applied_to_biomass"
"PEG_BVOL2026_stage5_v1",248097,"Apedinella radians","Apedinella","Dictyochophyceae","CHRYSOPHYTA (HETEROKONTOPHYTA)","AU",2,"other_autotrophic_phytoplankton","","autotroph",FALSE,"not_resolved","not_phaeocystis","peg_trophy_au_other","authority_rule_assignment_not_yet_applied_to_biomass"
"PEG_BVOL2026_stage5_v1",248097,"Apedinella radians","Apedinella","Dictyochophyceae","CHRYSOPHYTA (HETEROKONTOPHYTA)","AU",3,"other_autotrophic_phytoplankton","","autotroph",FALSE,"not_resolved","not_phaeocystis","peg_trophy_au_other","authority_rule_assignment_not_yet_applied_to_biomass"
"PEG_BVOL2026_stage5_v1",248097,"Apedinella radians","Apedinella","Dictyochophyceae","CHRYSOPHYTA (HETEROKONTOPHYTA)","AU",4,"other_autotrophic_phytoplankton","","autotroph",FALSE,"not_resolved","not_phaeocystis","peg_trophy_au_other","authority_rule_assignment_not_yet_applied_to_biomass"
"PEG_BVOL2026_stage5_v1",248097,"Apedinella radians","Apedinella","Dictyochophyceae","CHRYSOPHYTA (HETEROKONTOPHYTA)","AU",5,"other_autotrophic_phytoplankton","","autotroph",FALSE,"not_resolved","not_phaeocystis","peg_trophy_au_other","authority_rule_assignment_not_yet_applied_to_biomass"
"PEG_BVOL2026_stage5_v1",248149,"Pseudopedinella elastica","Pseudopedinella","Dictyochophyceae","CHRYSOPHYTA (HETEROKONTOPHYTA)","AU",1,"other_autotrophic_phytoplankton","","autotroph",FALSE,"not_resolved","not_phaeocystis","peg_trophy_au_other","authority_rule_assignment_not_yet_applied_to_biomass"
"PEG_BVOL2026_stage5_v1",248149,"Pseudopedinella elastica","Pseudopedinella","Dictyochophyceae","CHRYSOPHYTA (HETEROKONTOPHYTA)","AU",2,"other_autotrophic_phytoplankton","","autotroph",FALSE,"not_resolved","not_phaeocystis","peg_trophy_au_other","authority_rule_assignment_not_yet_applied_to_biomass"
"PEG_BVOL2026_stage5_v1",160600,"Pseudopedinella pyriformis","Pseudopedinella","Dictyochophyceae","CHRYSOPHYTA (HETEROKONTOPHYTA)","AU",1,"other_autotrophic_phytoplankton","","autotroph",FALSE,"not_resolved","not_phaeocystis","peg_trophy_au_other","authority_rule_assignment_not_yet_applied_to_biomass"
"PEG_BVOL2026_stage5_v1",160600,"Pseudopedinella pyriformis","Pseudopedinella","Dictyochophyceae","CHRYSOPHYTA (HETEROKONTOPHYTA)","AU",2,"other_autotrophic_phytoplankton","","autotroph",FALSE,"not_resolved","not_phaeocystis","peg_trophy_au_other","authority_rule_assignment_not_yet_applied_to_biomass"
"PEG_BVOL2026_stage5_v1",388485,"Pseudopedinella thomsenii","Pseudopedinella","Dictyochophyceae","CHRYSOPHYTA (HETEROKONTOPHYTA)","AU",1,"other_autotrophic_phytoplankton","","autotroph",FALSE,"not_resolved","not_phaeocystis","peg_trophy_au_other","authority_rule_assignment_not_yet_applied_to_biomass"
"PEG_BVOL2026_stage5_v1",388485,"Pseudopedinella thomsenii","Pseudopedinella","Dictyochophyceae","CHRYSOPHYTA (HETEROKONTOPHYTA)","AU",2,"other_autotrophic_phytoplankton","","autotroph",FALSE,"not_resolved","not_phaeocystis","peg_trophy_au_other","authority_rule_assignment_not_yet_applied_to_biomass"
"PEG_BVOL2026_stage5_v1",388485,"Pseudopedinella thomsenii","Pseudopedinella","Dictyochophyceae","CHRYSOPHYTA (HETEROKONTOPHYTA)","AU",3,"other_autotrophic_phytoplankton","","autotroph",FALSE,"not_resolved","not_phaeocystis","peg_trophy_au_other","authority_rule_assignment_not_yet_applied_to_biomass"
"PEG_BVOL2026_stage5_v1",388485,"Pseudopedinella thomsenii","Pseudopedinella","Dictyochophyceae","CHRYSOPHYTA (HETEROKONTOPHYTA)","AU",4,"other_autotrophic_phytoplankton","","autotroph",FALSE,"not_resolved","not_phaeocystis","peg_trophy_au_other","authority_rule_assignment_not_yet_applied_to_biomass"
"PEG_BVOL2026_stage5_v1",160599,"Pseudopedinella","Pseudopedinella","Dictyochophyceae","CHRYSOPHYTA (HETEROKONTOPHYTA)","AU",1,"other_autotrophic_phytoplankton","","autotroph",FALSE,"not_resolved","not_phaeocystis","peg_trophy_au_other","authority_rule_assignment_not_yet_applied_to_biomass"
"PEG_BVOL2026_stage5_v1",160599,"Pseudopedinella","Pseudopedinella","Dictyochophyceae","CHRYSOPHYTA (HETEROKONTOPHYTA)","AU",2,"other_autotrophic_phytoplankton","","autotroph",FALSE,"not_resolved","not_phaeocystis","peg_trophy_au_other","authority_rule_assignment_not_yet_applied_to_biomass"
"PEG_BVOL2026_stage5_v1",160599,"Pseudopedinella","Pseudopedinella","Dictyochophyceae","CHRYSOPHYTA (HETEROKONTOPHYTA)","AU",3,"other_autotrophic_phytoplankton","","autotroph",FALSE,"not_resolved","not_phaeocystis","peg_trophy_au_other","authority_rule_assignment_not_yet_applied_to_biomass"
"PEG_BVOL2026_stage5_v1",160599,"Pseudopedinella","Pseudopedinella","Dictyochophyceae","CHRYSOPHYTA (HETEROKONTOPHYTA)","AU",4,"other_autotrophic_phytoplankton","","autotroph",FALSE,"not_resolved","not_phaeocystis","peg_trophy_au_other","authority_rule_assignment_not_yet_applied_to_biomass"
"PEG_BVOL2026_stage5_v1",160599,"Pseudopedinella","Pseudopedinella","Dictyochophyceae","CHRYSOPHYTA (HETEROKONTOPHYTA)","AU",5,"other_autotrophic_phytoplankton","","autotroph",FALSE,"not_resolved","not_phaeocystis","peg_trophy_au_other","authority_rule_assignment_not_yet_applied_to_biomass"
"PEG_BVOL2026_stage5_v1",160599,"Pseudopedinella","Pseudopedinella","Dictyochophyceae","CHRYSOPHYTA (HETEROKONTOPHYTA)","AU",6,"other_autotrophic_phytoplankton","","autotroph",FALSE,"not_resolved","not_phaeocystis","peg_trophy_au_other","authority_rule_assignment_not_yet_applied_to_biomass"
"PEG_BVOL2026_stage5_v1",610314,"Goniochloris mutica","Goniochloris","Eustigmatophyceae","CHRYSOPHYTA (HETEROKONTOPHYTA)","AU",1,"other_autotrophic_phytoplankton","","autotroph",FALSE,"not_resolved","not_phaeocystis","peg_trophy_au_other","authority_rule_assignment_not_yet_applied_to_biomass"
"PEG_BVOL2026_stage5_v1",610316,"Goniochloris smithii","Goniochloris","Eustigmatophyceae","CHRYSOPHYTA (HETEROKONTOPHYTA)","AU",1,"other_autotrophic_phytoplankton","","autotroph",FALSE,"not_resolved","not_phaeocystis","peg_trophy_au_other","authority_rule_assignment_not_yet_applied_to_biomass"
"PEG_BVOL2026_stage5_v1",233761,"Fibrocapsa japonica","Fibrocapsa","Raphidophyceae","CHRYSOPHYTA (HETEROKONTOPHYTA)","AU",1,"other_autotrophic_phytoplankton","","autotroph",FALSE,"not_resolved","not_phaeocystis","peg_trophy_au_other","authority_rule_assignment_not_yet_applied_to_biomass"
"PEG_BVOL2026_stage5_v1",375674,"Gonyostomum semen","Gonyostomum","Raphidophyceae","CHRYSOPHYTA (HETEROKONTOPHYTA)","AU",2,"other_autotrophic_phytoplankton","","autotroph",FALSE,"not_resolved","not_phaeocystis","peg_trophy_au_other","authority_rule_assignment_not_yet_applied_to_biomass"
"PEG_BVOL2026_stage5_v1",160585,"Heterosigma akashiwo","Heterosigma","Raphidophyceae","CHRYSOPHYTA (HETEROKONTOPHYTA)","AU",1,"other_autotrophic_phytoplankton","","autotroph",FALSE,"not_resolved","not_phaeocystis","peg_trophy_au_other","authority_rule_assignment_not_yet_applied_to_biomass"
"PEG_BVOL2026_stage5_v1",160584,"Heterosigma","Heterosigma","Raphidophyceae","CHRYSOPHYTA (HETEROKONTOPHYTA)","AU",1,"other_autotrophic_phytoplankton","","autotroph",FALSE,"not_resolved","not_phaeocystis","peg_trophy_au_other","authority_rule_assignment_not_yet_applied_to_biomass"
"PEG_BVOL2026_stage5_v1",369891,"Merotricha","Merotricha","Raphidophyceae","CHRYSOPHYTA (HETEROKONTOPHYTA)","AU",1,"other_autotrophic_phytoplankton","","autotroph",FALSE,"not_resolved","not_phaeocystis","peg_trophy_au_other","authority_rule_assignment_not_yet_applied_to_biomass"
"PEG_BVOL2026_stage5_v1",249722,"Mallomonas akrokomos","Mallomonas","Synurophyceae","CHRYSOPHYTA (HETEROKONTOPHYTA)","AU",2,"other_autotrophic_phytoplankton","","autotroph",FALSE,"not_resolved","not_phaeocystis","peg_trophy_au_other","authority_rule_assignment_not_yet_applied_to_biomass"
"PEG_BVOL2026_stage5_v1",409645,"Mallomonas caudata","Mallomonas","Synurophyceae","CHRYSOPHYTA (HETEROKONTOPHYTA)","AU",1,"other_autotrophic_phytoplankton","","autotroph",FALSE,"not_resolved","not_phaeocystis","peg_trophy_au_other","authority_rule_assignment_not_yet_applied_to_biomass"
"PEG_BVOL2026_stage5_v1",409645,"Mallomonas caudata","Mallomonas","Synurophyceae","CHRYSOPHYTA (HETEROKONTOPHYTA)","AU",2,"other_autotrophic_phytoplankton","","autotroph",FALSE,"not_resolved","not_phaeocystis","peg_trophy_au_other","authority_rule_assignment_not_yet_applied_to_biomass"
"PEG_BVOL2026_stage5_v1",610261,"Mallomonas hamata","Mallomonas","Synurophyceae","CHRYSOPHYTA (HETEROKONTOPHYTA)","AU",2,"other_autotrophic_phytoplankton","","autotroph",FALSE,"not_resolved","not_phaeocystis","peg_trophy_au_other","authority_rule_assignment_not_yet_applied_to_biomass"
"PEG_BVOL2026_stage5_v1",610267,"Mallomonas multiunca","Mallomonas","Synurophyceae","CHRYSOPHYTA (HETEROKONTOPHYTA)","AU",2,"other_autotrophic_phytoplankton","","autotroph",FALSE,"not_resolved","not_phaeocystis","peg_trophy_au_other","authority_rule_assignment_not_yet_applied_to_biomass"
"PEG_BVOL2026_stage5_v1",841057,"Mallomonas ploesslii","Mallomonas","Synurophyceae","CHRYSOPHYTA (HETEROKONTOPHYTA)","AU",1,"other_autotrophic_phytoplankton","","autotroph",FALSE,"not_resolved","not_phaeocystis","peg_trophy_au_other","authority_rule_assignment_not_yet_applied_to_biomass"
"PEG_BVOL2026_stage5_v1",610275,"Mallomonas punctifera","Mallomonas","Synurophyceae","CHRYSOPHYTA (HETEROKONTOPHYTA)","AU",1,"other_autotrophic_phytoplankton","","autotroph",FALSE,"not_resolved","not_phaeocystis","peg_trophy_au_other","authority_rule_assignment_not_yet_applied_to_biomass"
"PEG_BVOL2026_stage5_v1",249721,"Mallomonas","Mallomonas","Synurophyceae","CHRYSOPHYTA (HETEROKONTOPHYTA)","AU",1,"other_autotrophic_phytoplankton","","autotroph",FALSE,"not_resolved","not_phaeocystis","peg_trophy_au_other","authority_rule_assignment_not_yet_applied_to_biomass"
"PEG_BVOL2026_stage5_v1",249721,"Mallomonas","Mallomonas","Synurophyceae","CHRYSOPHYTA (HETEROKONTOPHYTA)","AU",2,"other_autotrophic_phytoplankton","","autotroph",FALSE,"not_resolved","not_phaeocystis","peg_trophy_au_other","authority_rule_assignment_not_yet_applied_to_biomass"
"PEG_BVOL2026_stage5_v1",178595,"Synura uvella","Synura","Synurophyceae","CHRYSOPHYTA (HETEROKONTOPHYTA)","AU",1,"other_autotrophic_phytoplankton","","autotroph",FALSE,"provider_comment_mentions_colony","not_phaeocystis","peg_trophy_au_other","authority_rule_assignment_not_yet_applied_to_biomass"
"PEG_BVOL2026_stage5_v1",178595,"Synura uvella","Synura","Synurophyceae","CHRYSOPHYTA (HETEROKONTOPHYTA)","AU",2,"other_autotrophic_phytoplankton","","autotroph",FALSE,"provider_comment_mentions_colony","not_phaeocystis","peg_trophy_au_other","authority_rule_assignment_not_yet_applied_to_biomass"
"PEG_BVOL2026_stage5_v1",178594,"Synura","Synura","Synurophyceae","CHRYSOPHYTA (HETEROKONTOPHYTA)","AU",1,"other_autotrophic_phytoplankton","","autotroph",FALSE,"provider_comment_mentions_colony","not_phaeocystis","peg_trophy_au_other","authority_rule_assignment_not_yet_applied_to_biomass"
"PEG_BVOL2026_stage5_v1",248129,"Meringosphaera mediterranea","Meringosphaera","Xanthophyceae","CHRYSOPHYTA (HETEROKONTOPHYTA)","AU",1,"other_autotrophic_phytoplankton","","autotroph",FALSE,"not_resolved","not_phaeocystis","peg_trophy_au_other","authority_rule_assignment_not_yet_applied_to_biomass"
"PEG_BVOL2026_stage5_v1",248129,"Meringosphaera mediterranea","Meringosphaera","Xanthophyceae","CHRYSOPHYTA (HETEROKONTOPHYTA)","AU",2,"other_autotrophic_phytoplankton","","autotroph",FALSE,"not_resolved","not_phaeocystis","peg_trophy_au_other","authority_rule_assignment_not_yet_applied_to_biomass"
"PEG_BVOL2026_stage5_v1",162837,"Aulacoseira alpigena","Aulacoseira","Bacillariophyceae","HETEROKONTOPHYTA","AU",1,"diatom","","autotroph",FALSE,"not_resolved","not_phaeocystis","peg_class_bacillariophyceae","authority_rule_assignment_not_yet_applied_to_biomass"
"PEG_BVOL2026_stage5_v1",162837,"Aulacoseira alpigena","Aulacoseira","Bacillariophyceae","HETEROKONTOPHYTA","AU",2,"diatom","","autotroph",FALSE,"not_resolved","not_phaeocystis","peg_class_bacillariophyceae","authority_rule_assignment_not_yet_applied_to_biomass"
"PEG_BVOL2026_stage5_v1",148960,"Aulacoseira ambigua","Aulacoseira","Bacillariophyceae","HETEROKONTOPHYTA","AU",1,"diatom","","autotroph",FALSE,"not_resolved","not_phaeocystis","peg_class_bacillariophyceae","authority_rule_assignment_not_yet_applied_to_biomass"
"PEG_BVOL2026_stage5_v1",148960,"Aulacoseira ambigua","Aulacoseira","Bacillariophyceae","HETEROKONTOPHYTA","AU",2,"diatom","","autotroph",FALSE,"not_resolved","not_phaeocystis","peg_class_bacillariophyceae","authority_rule_assignment_not_yet_applied_to_biomass"
"PEG_BVOL2026_stage5_v1",148960,"Aulacoseira ambigua","Aulacoseira","Bacillariophyceae","HETEROKONTOPHYTA","AU",3,"diatom","","autotroph",FALSE,"not_resolved","not_phaeocystis","peg_class_bacillariophyceae","authority_rule_assignment_not_yet_applied_to_biomass"
"PEG_BVOL2026_stage5_v1",148960,"Aulacoseira ambigua","Aulacoseira","Bacillariophyceae","HETEROKONTOPHYTA","AU",4,"diatom","","autotroph",FALSE,"not_resolved","not_phaeocystis","peg_class_bacillariophyceae","authority_rule_assignment_not_yet_applied_to_biomass"
"PEG_BVOL2026_stage5_v1",148960,"Aulacoseira ambigua","Aulacoseira","Bacillariophyceae","HETEROKONTOPHYTA","AU",5,"diatom","","autotroph",FALSE,"not_resolved","not_phaeocystis","peg_class_bacillariophyceae","authority_rule_assignment_not_yet_applied_to_biomass"
"PEG_BVOL2026_stage5_v1",148960,"Aulacoseira ambigua","Aulacoseira","Bacillariophyceae","HETEROKONTOPHYTA","AU",6,"diatom","","autotroph",FALSE,"not_resolved","not_phaeocystis","peg_class_bacillariophyceae","authority_rule_assignment_not_yet_applied_to_biomass"
"PEG_BVOL2026_stage5_v1",148960,"Aulacoseira ambigua","Aulacoseira","Bacillariophyceae","HETEROKONTOPHYTA","AU",7,"diatom","","autotroph",FALSE,"not_resolved","not_phaeocystis","peg_class_bacillariophyceae","authority_rule_assignment_not_yet_applied_to_biomass"
"PEG_BVOL2026_stage5_v1",149096,"Aulacoseira distans","Aulacoseira","Bacillariophyceae","HETEROKONTOPHYTA","AU",1,"diatom","","autotroph",FALSE,"not_resolved","not_phaeocystis","peg_class_bacillariophyceae","authority_rule_assignment_not_yet_applied_to_biomass"
"PEG_BVOL2026_stage5_v1",149096,"Aulacoseira distans","Aulacoseira","Bacillariophyceae","HETEROKONTOPHYTA","AU",2,"diatom","","autotroph",FALSE,"not_resolved","not_phaeocystis","peg_class_bacillariophyceae","authority_rule_assignment_not_yet_applied_to_biomass"
"PEG_BVOL2026_stage5_v1",149096,"Aulacoseira distans","Aulacoseira","Bacillariophyceae","HETEROKONTOPHYTA","AU",3,"diatom","","autotroph",FALSE,"not_resolved","not_phaeocystis","peg_class_bacillariophyceae","authority_rule_assignment_not_yet_applied_to_biomass"
"PEG_BVOL2026_stage5_v1",148961,"Aulacoseira granulata","Aulacoseira","Bacillariophyceae","HETEROKONTOPHYTA","AU",1,"diatom","","autotroph",FALSE,"not_resolved","not_phaeocystis","peg_class_bacillariophyceae","authority_rule_assignment_not_yet_applied_to_biomass"
"PEG_BVOL2026_stage5_v1",148961,"Aulacoseira granulata","Aulacoseira","Bacillariophyceae","HETEROKONTOPHYTA","AU",2,"diatom","","autotroph",FALSE,"not_resolved","not_phaeocystis","peg_class_bacillariophyceae","authority_rule_assignment_not_yet_applied_to_biomass"
"PEG_BVOL2026_stage5_v1",148961,"Aulacoseira granulata","Aulacoseira","Bacillariophyceae","HETEROKONTOPHYTA","AU",3,"diatom","","autotroph",FALSE,"not_resolved","not_phaeocystis","peg_class_bacillariophyceae","authority_rule_assignment_not_yet_applied_to_biomass"
"PEG_BVOL2026_stage5_v1",148961,"Aulacoseira granulata","Aulacoseira","Bacillariophyceae","HETEROKONTOPHYTA","AU",4,"diatom","","autotroph",FALSE,"not_resolved","not_phaeocystis","peg_class_bacillariophyceae","authority_rule_assignment_not_yet_applied_to_biomass"
"PEG_BVOL2026_stage5_v1",148961,"Aulacoseira granulata","Aulacoseira","Bacillariophyceae","HETEROKONTOPHYTA","AU",5,"diatom","","autotroph",FALSE,"not_resolved","not_phaeocystis","peg_class_bacillariophyceae","authority_rule_assignment_not_yet_applied_to_biomass"
"PEG_BVOL2026_stage5_v1",148961,"Aulacoseira granulata","Aulacoseira","Bacillariophyceae","HETEROKONTOPHYTA","AU",6,"diatom","","autotroph",FALSE,"not_resolved","not_phaeocystis","peg_class_bacillariophyceae","authority_rule_assignment_not_yet_applied_to_biomass"
"PEG_BVOL2026_stage5_v1",148961,"Aulacoseira granulata","Aulacoseira","Bacillariophyceae","HETEROKONTOPHYTA","AU",7,"diatom","","autotroph",FALSE,"not_resolved","not_phaeocystis","peg_class_bacillariophyceae","authority_rule_assignment_not_yet_applied_to_biomass"
"PEG_BVOL2026_stage5_v1",148961,"Aulacoseira granulata","Aulacoseira","Bacillariophyceae","HETEROKONTOPHYTA","AU",8,"diatom","","autotroph",FALSE,"not_resolved","not_phaeocystis","peg_class_bacillariophyceae","authority_rule_assignment_not_yet_applied_to_biomass"
"PEG_BVOL2026_stage5_v1",162864,"Aulacoseira granulata var. granulata","Aulacoseira","Bacillariophyceae","HETEROKONTOPHYTA","AU",1,"diatom","","autotroph",FALSE,"not_resolved","not_phaeocystis","peg_class_bacillariophyceae","authority_rule_assignment_not_yet_applied_to_biomass"
"PEG_BVOL2026_stage5_v1",162864,"Aulacoseira granulata var. granulata","Aulacoseira","Bacillariophyceae","HETEROKONTOPHYTA","AU",2,"diatom","","autotroph",FALSE,"not_resolved","not_phaeocystis","peg_class_bacillariophyceae","authority_rule_assignment_not_yet_applied_to_biomass"
"PEG_BVOL2026_stage5_v1",162864,"Aulacoseira granulata var. granulata","Aulacoseira","Bacillariophyceae","HETEROKONTOPHYTA","AU",3,"diatom","","autotroph",FALSE,"not_resolved","not_phaeocystis","peg_class_bacillariophyceae","authority_rule_assignment_not_yet_applied_to_biomass"
"PEG_BVOL2026_stage5_v1",162864,"Aulacoseira granulata var. granulata","Aulacoseira","Bacillariophyceae","HETEROKONTOPHYTA","AU",4,"diatom","","autotroph",FALSE,"not_resolved","not_phaeocystis","peg_class_bacillariophyceae","authority_rule_assignment_not_yet_applied_to_biomass"
"PEG_BVOL2026_stage5_v1",162864,"Aulacoseira granulata var. granulata","Aulacoseira","Bacillariophyceae","HETEROKONTOPHYTA","AU",5,"diatom","","autotroph",FALSE,"not_resolved","not_phaeocystis","peg_class_bacillariophyceae","authority_rule_assignment_not_yet_applied_to_biomass"
"PEG_BVOL2026_stage5_v1",162864,"Aulacoseira granulata var. granulata","Aulacoseira","Bacillariophyceae","HETEROKONTOPHYTA","AU",6,"diatom","","autotroph",FALSE,"not_resolved","not_phaeocystis","peg_class_bacillariophyceae","authority_rule_assignment_not_yet_applied_to_biomass"
"PEG_BVOL2026_stage5_v1",162864,"Aulacoseira granulata var. granulata","Aulacoseira","Bacillariophyceae","HETEROKONTOPHYTA","AU",7,"diatom","","autotroph",FALSE,"not_resolved","not_phaeocystis","peg_class_bacillariophyceae","authority_rule_assignment_not_yet_applied_to_biomass"
"PEG_BVOL2026_stage5_v1",162864,"Aulacoseira granulata var. granulata","Aulacoseira","Bacillariophyceae","HETEROKONTOPHYTA","AU",8,"diatom","","autotroph",FALSE,"not_resolved","not_phaeocystis","peg_class_bacillariophyceae","authority_rule_assignment_not_yet_applied_to_biomass"
"PEG_BVOL2026_stage5_v1",162865,"Aulacoseira granulata var. angustissima","Aulacoseira","Bacillariophyceae","HETEROKONTOPHYTA","AU",1,"diatom","","autotroph",FALSE,"not_resolved","not_phaeocystis","peg_class_bacillariophyceae","authority_rule_assignment_not_yet_applied_to_biomass"
"PEG_BVOL2026_stage5_v1",162865,"Aulacoseira granulata var. angustissima","Aulacoseira","Bacillariophyceae","HETEROKONTOPHYTA","AU",2,"diatom","","autotroph",FALSE,"not_resolved","not_phaeocystis","peg_class_bacillariophyceae","authority_rule_assignment_not_yet_applied_to_biomass"
"PEG_BVOL2026_stage5_v1",162865,"Aulacoseira granulata var. angustissima","Aulacoseira","Bacillariophyceae","HETEROKONTOPHYTA","AU",3,"diatom","","autotroph",FALSE,"not_resolved","not_phaeocystis","peg_class_bacillariophyceae","authority_rule_assignment_not_yet_applied_to_biomass"
"PEG_BVOL2026_stage5_v1",162865,"Aulacoseira granulata var. angustissima","Aulacoseira","Bacillariophyceae","HETEROKONTOPHYTA","AU",4,"diatom","","autotroph",FALSE,"not_resolved","not_phaeocystis","peg_class_bacillariophyceae","authority_rule_assignment_not_yet_applied_to_biomass"
"PEG_BVOL2026_stage5_v1",149648,"Aulacoseira islandica","Aulacoseira","Bacillariophyceae","HETEROKONTOPHYTA","AU",1,"diatom","","autotroph",FALSE,"not_resolved","not_phaeocystis","peg_class_bacillariophyceae","authority_rule_assignment_not_yet_applied_to_biomass"
"PEG_BVOL2026_stage5_v1",149648,"Aulacoseira islandica","Aulacoseira","Bacillariophyceae","HETEROKONTOPHYTA","AU",2,"diatom","","autotroph",FALSE,"not_resolved","not_phaeocystis","peg_class_bacillariophyceae","authority_rule_assignment_not_yet_applied_to_biomass"
"PEG_BVOL2026_stage5_v1",149648,"Aulacoseira islandica","Aulacoseira","Bacillariophyceae","HETEROKONTOPHYTA","AU",3,"diatom","","autotroph",FALSE,"not_resolved","not_phaeocystis","peg_class_bacillariophyceae","authority_rule_assignment_not_yet_applied_to_biomass"
"PEG_BVOL2026_stage5_v1",149648,"Aulacoseira islandica","Aulacoseira","Bacillariophyceae","HETEROKONTOPHYTA","AU",4,"diatom","","autotroph",FALSE,"not_resolved","not_phaeocystis","peg_class_bacillariophyceae","authority_rule_assignment_not_yet_applied_to_biomass"
"PEG_BVOL2026_stage5_v1",149648,"Aulacoseira islandica","Aulacoseira","Bacillariophyceae","HETEROKONTOPHYTA","AU",5,"diatom","","autotroph",FALSE,"not_resolved","not_phaeocystis","peg_class_bacillariophyceae","authority_rule_assignment_not_yet_applied_to_biomass"
"PEG_BVOL2026_stage5_v1",162867,"Aulacoseira islandica subsp. islandica","Aulacoseira","Bacillariophyceae","HETEROKONTOPHYTA","AU",1,"diatom","","autotroph",FALSE,"not_resolved","not_phaeocystis","peg_class_bacillariophyceae","authority_rule_assignment_not_yet_applied_to_biomass"
"PEG_BVOL2026_stage5_v1",162867,"Aulacoseira islandica subsp. islandica","Aulacoseira","Bacillariophyceae","HETEROKONTOPHYTA","AU",2,"diatom","","autotroph",FALSE,"not_resolved","not_phaeocystis","peg_class_bacillariophyceae","authority_rule_assignment_not_yet_applied_to_biomass"
"PEG_BVOL2026_stage5_v1",162867,"Aulacoseira islandica subsp. islandica","Aulacoseira","Bacillariophyceae","HETEROKONTOPHYTA","AU",3,"diatom","","autotroph",FALSE,"not_resolved","not_phaeocystis","peg_class_bacillariophyceae","authority_rule_assignment_not_yet_applied_to_biomass"
"PEG_BVOL2026_stage5_v1",162867,"Aulacoseira islandica subsp. islandica","Aulacoseira","Bacillariophyceae","HETEROKONTOPHYTA","AU",4,"diatom","","autotroph",FALSE,"not_resolved","not_phaeocystis","peg_class_bacillariophyceae","authority_rule_assignment_not_yet_applied_to_biomass"
"PEG_BVOL2026_stage5_v1",162867,"Aulacoseira islandica subsp. islandica","Aulacoseira","Bacillariophyceae","HETEROKONTOPHYTA","AU",5,"diatom","","autotroph",FALSE,"not_resolved","not_phaeocystis","peg_class_bacillariophyceae","authority_rule_assignment_not_yet_applied_to_biomass"
"PEG_BVOL2026_stage5_v1",162869,"Aulacoseira islandica subsp. helvetica","Aulacoseira","Bacillariophyceae","HETEROKONTOPHYTA","AU",1,"diatom","","autotroph",FALSE,"not_resolved","not_phaeocystis","peg_class_bacillariophyceae","authority_rule_assignment_not_yet_applied_to_biomass"
"PEG_BVOL2026_stage5_v1",162869,"Aulacoseira islandica subsp. helvetica","Aulacoseira","Bacillariophyceae","HETEROKONTOPHYTA","AU",2,"diatom","","autotroph",FALSE,"not_resolved","not_phaeocystis","peg_class_bacillariophyceae","authority_rule_assignment_not_yet_applied_to_biomass"
"PEG_BVOL2026_stage5_v1",162869,"Aulacoseira islandica subsp. helvetica","Aulacoseira","Bacillariophyceae","HETEROKONTOPHYTA","AU",3,"diatom","","autotroph",FALSE,"not_resolved","not_phaeocystis","peg_class_bacillariophyceae","authority_rule_assignment_not_yet_applied_to_biomass"
"PEG_BVOL2026_stage5_v1",162877,"Aulacoseira italica","Aulacoseira","Bacillariophyceae","HETEROKONTOPHYTA","AU",1,"diatom","","autotroph",FALSE,"not_resolved","not_phaeocystis","peg_class_bacillariophyceae","authority_rule_assignment_not_yet_applied_to_biomass"
"PEG_BVOL2026_stage5_v1",162877,"Aulacoseira italica","Aulacoseira","Bacillariophyceae","HETEROKONTOPHYTA","AU",2,"diatom","","autotroph",FALSE,"not_resolved","not_phaeocystis","peg_class_bacillariophyceae","authority_rule_assignment_not_yet_applied_to_biomass"
"PEG_BVOL2026_stage5_v1",162877,"Aulacoseira italica","Aulacoseira","Bacillariophyceae","HETEROKONTOPHYTA","AU",3,"diatom","","autotroph",FALSE,"not_resolved","not_phaeocystis","peg_class_bacillariophyceae","authority_rule_assignment_not_yet_applied_to_biomass"
"PEG_BVOL2026_stage5_v1",162903,"Aulacoseira subarctica","Aulacoseira","Bacillariophyceae","HETEROKONTOPHYTA","AU",1,"diatom","","autotroph",FALSE,"not_resolved","not_phaeocystis","peg_class_bacillariophyceae","authority_rule_assignment_not_yet_applied_to_biomass"
"PEG_BVOL2026_stage5_v1",162903,"Aulacoseira subarctica","Aulacoseira","Bacillariophyceae","HETEROKONTOPHYTA","AU",2,"diatom","","autotroph",FALSE,"not_resolved","not_phaeocystis","peg_class_bacillariophyceae","authority_rule_assignment_not_yet_applied_to_biomass"
"PEG_BVOL2026_stage5_v1",162903,"Aulacoseira subarctica","Aulacoseira","Bacillariophyceae","HETEROKONTOPHYTA","AU",3,"diatom","","autotroph",FALSE,"not_resolved","not_phaeocystis","peg_class_bacillariophyceae","authority_rule_assignment_not_yet_applied_to_biomass"
"PEG_BVOL2026_stage5_v1",162903,"Aulacoseira subarctica","Aulacoseira","Bacillariophyceae","HETEROKONTOPHYTA","AU",4,"diatom","","autotroph",FALSE,"not_resolved","not_phaeocystis","peg_class_bacillariophyceae","authority_rule_assignment_not_yet_applied_to_biomass"
"PEG_BVOL2026_stage5_v1",179360,"Aulacoseira tenella","Aulacoseira","Bacillariophyceae","HETEROKONTOPHYTA","AU",1,"diatom","","autotroph",FALSE,"not_resolved","not_phaeocystis","peg_class_bacillariophyceae","authority_rule_assignment_not_yet_applied_to_biomass"
"PEG_BVOL2026_stage5_v1",148959,"Aulacoseira","Aulacoseira","Bacillariophyceae","HETEROKONTOPHYTA","AU",1,"diatom","","autotroph",FALSE,"not_resolved","not_phaeocystis","peg_class_bacillariophyceae","authority_rule_assignment_not_yet_applied_to_biomass"
"PEG_BVOL2026_stage5_v1",148959,"Aulacoseira","Aulacoseira","Bacillariophyceae","HETEROKONTOPHYTA","AU",2,"diatom","","autotroph",FALSE,"not_resolved","not_phaeocystis","peg_class_bacillariophyceae","authority_rule_assignment_not_yet_applied_to_biomass"
"PEG_BVOL2026_stage5_v1",148959,"Aulacoseira","Aulacoseira","Bacillariophyceae","HETEROKONTOPHYTA","AU",3,"diatom","","autotroph",FALSE,"not_resolved","not_phaeocystis","peg_class_bacillariophyceae","authority_rule_assignment_not_yet_applied_to_biomass"
"PEG_BVOL2026_stage5_v1",148945,"Actinocyclus normanii","Actinocyclus","Bacillariophyceae","HETEROKONTOPHYTA","AU",1,"diatom","","autotroph",FALSE,"not_resolved","not_phaeocystis","peg_class_bacillariophyceae","authority_rule_assignment_not_yet_applied_to_biomass"
"PEG_BVOL2026_stage5_v1",148945,"Actinocyclus normanii","Actinocyclus","Bacillariophyceae","HETEROKONTOPHYTA","AU",2,"diatom","","autotroph",FALSE,"not_resolved","not_phaeocystis","peg_class_bacillariophyceae","authority_rule_assignment_not_yet_applied_to_biomass"
"PEG_BVOL2026_stage5_v1",148945,"Actinocyclus normanii","Actinocyclus","Bacillariophyceae","HETEROKONTOPHYTA","AU",3,"diatom","","autotroph",FALSE,"not_resolved","not_phaeocystis","peg_class_bacillariophyceae","authority_rule_assignment_not_yet_applied_to_biomass"
"PEG_BVOL2026_stage5_v1",148945,"Actinocyclus normanii","Actinocyclus","Bacillariophyceae","HETEROKONTOPHYTA","AU",4,"diatom","","autotroph",FALSE,"not_resolved","not_phaeocystis","peg_class_bacillariophyceae","authority_rule_assignment_not_yet_applied_to_biomass"
"PEG_BVOL2026_stage5_v1",148945,"Actinocyclus normanii","Actinocyclus","Bacillariophyceae","HETEROKONTOPHYTA","AU",5,"diatom","","autotroph",FALSE,"not_resolved","not_phaeocystis","peg_class_bacillariophyceae","authority_rule_assignment_not_yet_applied_to_biomass"
"PEG_BVOL2026_stage5_v1",148945,"Actinocyclus normanii","Actinocyclus","Bacillariophyceae","HETEROKONTOPHYTA","AU",6,"diatom","","autotroph",FALSE,"not_resolved","not_phaeocystis","peg_class_bacillariophyceae","authority_rule_assignment_not_yet_applied_to_biomass"
"PEG_BVOL2026_stage5_v1",148945,"Actinocyclus normanii","Actinocyclus","Bacillariophyceae","HETEROKONTOPHYTA","AU",7,"diatom","","autotroph",FALSE,"not_resolved","not_phaeocystis","peg_class_bacillariophyceae","authority_rule_assignment_not_yet_applied_to_biomass"
"PEG_BVOL2026_stage5_v1",162766,"Actinocyclus normanii f. normanii","Actinocyclus","Bacillariophyceae","HETEROKONTOPHYTA","AU",1,"diatom","","autotroph",FALSE,"not_resolved","not_phaeocystis","peg_class_bacillariophyceae","authority_rule_assignment_not_yet_applied_to_biomass"
"PEG_BVOL2026_stage5_v1",162766,"Actinocyclus normanii f. normanii","Actinocyclus","Bacillariophyceae","HETEROKONTOPHYTA","AU",2,"diatom","","autotroph",FALSE,"not_resolved","not_phaeocystis","peg_class_bacillariophyceae","authority_rule_assignment_not_yet_applied_to_biomass"
"PEG_BVOL2026_stage5_v1",162766,"Actinocyclus normanii f. normanii","Actinocyclus","Bacillariophyceae","HETEROKONTOPHYTA","AU",3,"diatom","","autotroph",FALSE,"not_resolved","not_phaeocystis","peg_class_bacillariophyceae","authority_rule_assignment_not_yet_applied_to_biomass"
"PEG_BVOL2026_stage5_v1",162766,"Actinocyclus normanii f. normanii","Actinocyclus","Bacillariophyceae","HETEROKONTOPHYTA","AU",4,"diatom","","autotroph",FALSE,"not_resolved","not_phaeocystis","peg_class_bacillariophyceae","authority_rule_assignment_not_yet_applied_to_biomass"
"PEG_BVOL2026_stage5_v1",162766,"Actinocyclus normanii f. normanii","Actinocyclus","Bacillariophyceae","HETEROKONTOPHYTA","AU",5,"diatom","","autotroph",FALSE,"not_resolved","not_phaeocystis","peg_class_bacillariophyceae","authority_rule_assignment_not_yet_applied_to_biomass"
"PEG_BVOL2026_stage5_v1",162766,"Actinocyclus normanii f. normanii","Actinocyclus","Bacillariophyceae","HETEROKONTOPHYTA","AU",6,"diatom","","autotroph",FALSE,"not_resolved","not_phaeocystis","peg_class_bacillariophyceae","authority_rule_assignment_not_yet_applied_to_biomass"
"PEG_BVOL2026_stage5_v1",157433,"Actinocyclus normanii f. subsalsus","Actinocyclus","Bacillariophyceae","HETEROKONTOPHYTA","AU",1,"diatom","","autotroph",FALSE,"not_resolved","not_phaeocystis","peg_class_bacillariophyceae","authority_rule_assignment_not_yet_applied_to_biomass"
"PEG_BVOL2026_stage5_v1",157433,"Actinocyclus normanii f. subsalsus","Actinocyclus","Bacillariophyceae","HETEROKONTOPHYTA","AU",2,"diatom","","autotroph",FALSE,"not_resolved","not_phaeocystis","peg_class_bacillariophyceae","authority_rule_assignment_not_yet_applied_to_biomass"
"PEG_BVOL2026_stage5_v1",157433,"Actinocyclus normanii f. subsalsus","Actinocyclus","Bacillariophyceae","HETEROKONTOPHYTA","AU",3,"diatom","","autotroph",FALSE,"not_resolved","not_phaeocystis","peg_class_bacillariophyceae","authority_rule_assignment_not_yet_applied_to_biomass"
"PEG_BVOL2026_stage5_v1",157433,"Actinocyclus normanii f. subsalsus","Actinocyclus","Bacillariophyceae","HETEROKONTOPHYTA","AU",4,"diatom","","autotroph",FALSE,"not_resolved","not_phaeocystis","peg_class_bacillariophyceae","authority_rule_assignment_not_yet_applied_to_biomass"
"PEG_BVOL2026_stage5_v1",157433,"Actinocyclus normanii f. subsalsus","Actinocyclus","Bacillariophyceae","HETEROKONTOPHYTA","AU",5,"diatom","","autotroph",FALSE,"not_resolved","not_phaeocystis","peg_class_bacillariophyceae","authority_rule_assignment_not_yet_applied_to_biomass"
"PEG_BVOL2026_stage5_v1",157433,"Actinocyclus normanii f. subsalsus","Actinocyclus","Bacillariophyceae","HETEROKONTOPHYTA","AU",6,"diatom","","autotroph",FALSE,"not_resolved","not_phaeocystis","peg_class_bacillariophyceae","authority_rule_assignment_not_yet_applied_to_biomass"
"PEG_BVOL2026_stage5_v1",149164,"Actinocyclus octonarius","Actinocyclus","Bacillariophyceae","HETEROKONTOPHYTA","AU",1,"diatom","","autotroph",FALSE,"not_resolved","not_phaeocystis","peg_class_bacillariophyceae","authority_rule_assignment_not_yet_applied_to_biomass"
"PEG_BVOL2026_stage5_v1",149164,"Actinocyclus octonarius","Actinocyclus","Bacillariophyceae","HETEROKONTOPHYTA","AU",2,"diatom","","autotroph",FALSE,"not_resolved","not_phaeocystis","peg_class_bacillariophyceae","authority_rule_assignment_not_yet_applied_to_biomass"
"PEG_BVOL2026_stage5_v1",149164,"Actinocyclus octonarius","Actinocyclus","Bacillariophyceae","HETEROKONTOPHYTA","AU",3,"diatom","","autotroph",FALSE,"not_resolved","not_phaeocystis","peg_class_bacillariophyceae","authority_rule_assignment_not_yet_applied_to_biomass"
"PEG_BVOL2026_stage5_v1",149164,"Actinocyclus octonarius","Actinocyclus","Bacillariophyceae","HETEROKONTOPHYTA","AU",4,"diatom","","autotroph",FALSE,"not_resolved","not_phaeocystis","peg_class_bacillariophyceae","authority_rule_assignment_not_yet_applied_to_biomass"
"PEG_BVOL2026_stage5_v1",149164,"Actinocyclus octonarius","Actinocyclus","Bacillariophyceae","HETEROKONTOPHYTA","AU",5,"diatom","","autotroph",FALSE,"not_resolved","not_phaeocystis","peg_class_bacillariophyceae","authority_rule_assignment_not_yet_applied_to_biomass"
"PEG_BVOL2026_stage5_v1",149164,"Actinocyclus octonarius","Actinocyclus","Bacillariophyceae","HETEROKONTOPHYTA","AU",6,"diatom","","autotroph",FALSE,"not_resolved","not_phaeocystis","peg_class_bacillariophyceae","authority_rule_assignment_not_yet_applied_to_biomass"
"PEG_BVOL2026_stage5_v1",149164,"Actinocyclus octonarius","Actinocyclus","Bacillariophyceae","HETEROKONTOPHYTA","AU",7,"diatom","","autotroph",FALSE,"not_resolved","not_phaeocystis","peg_class_bacillariophyceae","authority_rule_assignment_not_yet_applied_to_biomass"
"PEG_BVOL2026_stage5_v1",149164,"Actinocyclus octonarius","Actinocyclus","Bacillariophyceae","HETEROKONTOPHYTA","AU",8,"diatom","","autotroph",FALSE,"not_resolved","not_phaeocystis","peg_class_bacillariophyceae","authority_rule_assignment_not_yet_applied_to_biomass"
"PEG_BVOL2026_stage5_v1",149164,"Actinocyclus octonarius","Actinocyclus","Bacillariophyceae","HETEROKONTOPHYTA","AU",9,"diatom","","autotroph",FALSE,"not_resolved","not_phaeocystis","peg_class_bacillariophyceae","authority_rule_assignment_not_yet_applied_to_biomass"
"PEG_BVOL2026_stage5_v1",149164,"Actinocyclus octonarius","Actinocyclus","Bacillariophyceae","HETEROKONTOPHYTA","AU",10,"diatom","","autotroph",FALSE,"not_resolved","not_phaeocystis","peg_class_bacillariophyceae","authority_rule_assignment_not_yet_applied_to_biomass"
"PEG_BVOL2026_stage5_v1",149164,"Actinocyclus octonarius","Actinocyclus","Bacillariophyceae","HETEROKONTOPHYTA","AU",11,"diatom","","autotroph",FALSE,"not_resolved","not_phaeocystis","peg_class_bacillariophyceae","authority_rule_assignment_not_yet_applied_to_biomass"
"PEG_BVOL2026_stage5_v1",149164,"Actinocyclus octonarius","Actinocyclus","Bacillariophyceae","HETEROKONTOPHYTA","AU",12,"diatom","","autotroph",FALSE,"not_resolved","not_phaeocystis","peg_class_bacillariophyceae","authority_rule_assignment_not_yet_applied_to_biomass"
"PEG_BVOL2026_stage5_v1",162770,"Actinocyclus octonarius var. octonarius","Actinocyclus","Bacillariophyceae","HETEROKONTOPHYTA","AU",1,"diatom","","autotroph",FALSE,"not_resolved","not_phaeocystis","peg_class_bacillariophyceae","authority_rule_assignment_not_yet_applied_to_biomass"
"PEG_BVOL2026_stage5_v1",162770,"Actinocyclus octonarius var. octonarius","Actinocyclus","Bacillariophyceae","HETEROKONTOPHYTA","AU",2,"diatom","","autotroph",FALSE,"not_resolved","not_phaeocystis","peg_class_bacillariophyceae","authority_rule_assignment_not_yet_applied_to_biomass"
"PEG_BVOL2026_stage5_v1",162770,"Actinocyclus octonarius var. octonarius","Actinocyclus","Bacillariophyceae","HETEROKONTOPHYTA","AU",3,"diatom","","autotroph",FALSE,"not_resolved","not_phaeocystis","peg_class_bacillariophyceae","authority_rule_assignment_not_yet_applied_to_biomass"
"PEG_BVOL2026_stage5_v1",162770,"Actinocyclus octonarius var. octonarius","Actinocyclus","Bacillariophyceae","HETEROKONTOPHYTA","AU",4,"diatom","","autotroph",FALSE,"not_resolved","not_phaeocystis","peg_class_bacillariophyceae","authority_rule_assignment_not_yet_applied_to_biomass"
"PEG_BVOL2026_stage5_v1",162770,"Actinocyclus octonarius var. octonarius","Actinocyclus","Bacillariophyceae","HETEROKONTOPHYTA","AU",5,"diatom","","autotroph",FALSE,"not_resolved","not_phaeocystis","peg_class_bacillariophyceae","authority_rule_assignment_not_yet_applied_to_biomass"
"PEG_BVOL2026_stage5_v1",162770,"Actinocyclus octonarius var. octonarius","Actinocyclus","Bacillariophyceae","HETEROKONTOPHYTA","AU",6,"diatom","","autotroph",FALSE,"not_resolved","not_phaeocystis","peg_class_bacillariophyceae","authority_rule_assignment_not_yet_applied_to_biomass"
"PEG_BVOL2026_stage5_v1",162770,"Actinocyclus octonarius var. octonarius","Actinocyclus","Bacillariophyceae","HETEROKONTOPHYTA","AU",7,"diatom","","autotroph",FALSE,"not_resolved","not_phaeocystis","peg_class_bacillariophyceae","authority_rule_assignment_not_yet_applied_to_biomass"
"PEG_BVOL2026_stage5_v1",162770,"Actinocyclus octonarius var. octonarius","Actinocyclus","Bacillariophyceae","HETEROKONTOPHYTA","AU",8,"diatom","","autotroph",FALSE,"not_resolved","not_phaeocystis","peg_class_bacillariophyceae","authority_rule_assignment_not_yet_applied_to_biomass"
"PEG_BVOL2026_stage5_v1",162770,"Actinocyclus octonarius var. octonarius","Actinocyclus","Bacillariophyceae","HETEROKONTOPHYTA","AU",9,"diatom","","autotroph",FALSE,"not_resolved","not_phaeocystis","peg_class_bacillariophyceae","authority_rule_assignment_not_yet_applied_to_biomass"
"PEG_BVOL2026_stage5_v1",162770,"Actinocyclus octonarius var. octonarius","Actinocyclus","Bacillariophyceae","HETEROKONTOPHYTA","AU",10,"diatom","","autotroph",FALSE,"not_resolved","not_phaeocystis","peg_class_bacillariophyceae","authority_rule_assignment_not_yet_applied_to_biomass"
"PEG_BVOL2026_stage5_v1",162770,"Actinocyclus octonarius var. octonarius","Actinocyclus","Bacillariophyceae","HETEROKONTOPHYTA","AU",11,"diatom","","autotroph",FALSE,"not_resolved","not_phaeocystis","peg_class_bacillariophyceae","authority_rule_assignment_not_yet_applied_to_biomass"
"PEG_BVOL2026_stage5_v1",162770,"Actinocyclus octonarius var. octonarius","Actinocyclus","Bacillariophyceae","HETEROKONTOPHYTA","AU",12,"diatom","","autotroph",FALSE,"not_resolved","not_phaeocystis","peg_class_bacillariophyceae","authority_rule_assignment_not_yet_applied_to_biomass"
"PEG_BVOL2026_stage5_v1",160648,"Actinocyclus octonarius var. crassus","Actinocyclus","Bacillariophyceae","HETEROKONTOPHYTA","AU",1,"diatom","","autotroph",FALSE,"not_resolved","not_phaeocystis","peg_class_bacillariophyceae","authority_rule_assignment_not_yet_applied_to_biomass"
"PEG_BVOL2026_stage5_v1",160648,"Actinocyclus octonarius var. crassus","Actinocyclus","Bacillariophyceae","HETEROKONTOPHYTA","AU",2,"diatom","","autotroph",FALSE,"not_resolved","not_phaeocystis","peg_class_bacillariophyceae","authority_rule_assignment_not_yet_applied_to_biomass"
"PEG_BVOL2026_stage5_v1",160648,"Actinocyclus octonarius var. crassus","Actinocyclus","Bacillariophyceae","HETEROKONTOPHYTA","AU",3,"diatom","","autotroph",FALSE,"not_resolved","not_phaeocystis","peg_class_bacillariophyceae","authority_rule_assignment_not_yet_applied_to_biomass"
"PEG_BVOL2026_stage5_v1",160648,"Actinocyclus octonarius var. crassus","Actinocyclus","Bacillariophyceae","HETEROKONTOPHYTA","AU",4,"diatom","","autotroph",FALSE,"not_resolved","not_phaeocystis","peg_class_bacillariophyceae","authority_rule_assignment_not_yet_applied_to_biomass"
"PEG_BVOL2026_stage5_v1",160648,"Actinocyclus octonarius var. crassus","Actinocyclus","Bacillariophyceae","HETEROKONTOPHYTA","AU",5,"diatom","","autotroph",FALSE,"not_resolved","not_phaeocystis","peg_class_bacillariophyceae","authority_rule_assignment_not_yet_applied_to_biomass"
"PEG_BVOL2026_stage5_v1",160648,"Actinocyclus octonarius var. crassus","Actinocyclus","Bacillariophyceae","HETEROKONTOPHYTA","AU",6,"diatom","","autotroph",FALSE,"not_resolved","not_phaeocystis","peg_class_bacillariophyceae","authority_rule_assignment_not_yet_applied_to_biomass"
"PEG_BVOL2026_stage5_v1",160648,"Actinocyclus octonarius var. crassus","Actinocyclus","Bacillariophyceae","HETEROKONTOPHYTA","AU",7,"diatom","","autotroph",FALSE,"not_resolved","not_phaeocystis","peg_class_bacillariophyceae","authority_rule_assignment_not_yet_applied_to_biomass"
"PEG_BVOL2026_stage5_v1",160650,"Actinocyclus octonarius var. tenellus","Actinocyclus","Bacillariophyceae","HETEROKONTOPHYTA","AU",1,"diatom","","autotroph",FALSE,"not_resolved","not_phaeocystis","peg_class_bacillariophyceae","authority_rule_assignment_not_yet_applied_to_biomass"
"PEG_BVOL2026_stage5_v1",160650,"Actinocyclus octonarius var. tenellus","Actinocyclus","Bacillariophyceae","HETEROKONTOPHYTA","AU",2,"diatom","","autotroph",FALSE,"not_resolved","not_phaeocystis","peg_class_bacillariophyceae","authority_rule_assignment_not_yet_applied_to_biomass"
"PEG_BVOL2026_stage5_v1",160650,"Actinocyclus octonarius var. tenellus","Actinocyclus","Bacillariophyceae","HETEROKONTOPHYTA","AU",3,"diatom","","autotroph",FALSE,"not_resolved","not_phaeocystis","peg_class_bacillariophyceae","authority_rule_assignment_not_yet_applied_to_biomass"
"PEG_BVOL2026_stage5_v1",160650,"Actinocyclus octonarius var. tenellus","Actinocyclus","Bacillariophyceae","HETEROKONTOPHYTA","AU",4,"diatom","","autotroph",FALSE,"not_resolved","not_phaeocystis","peg_class_bacillariophyceae","authority_rule_assignment_not_yet_applied_to_biomass"
"PEG_BVOL2026_stage5_v1",160650,"Actinocyclus octonarius var. tenellus","Actinocyclus","Bacillariophyceae","HETEROKONTOPHYTA","AU",5,"diatom","","autotroph",FALSE,"not_resolved","not_phaeocystis","peg_class_bacillariophyceae","authority_rule_assignment_not_yet_applied_to_biomass"
"PEG_BVOL2026_stage5_v1",148944,"Actinocyclus","Actinocyclus","Bacillariophyceae","HETEROKONTOPHYTA","AU",1,"diatom","","autotroph",FALSE,"not_resolved","not_phaeocystis","peg_class_bacillariophyceae","authority_rule_assignment_not_yet_applied_to_biomass"
"PEG_BVOL2026_stage5_v1",148944,"Actinocyclus","Actinocyclus","Bacillariophyceae","HETEROKONTOPHYTA","AU",2,"diatom","","autotroph",FALSE,"not_resolved","not_phaeocystis","peg_class_bacillariophyceae","authority_rule_assignment_not_yet_applied_to_biomass"
"PEG_BVOL2026_stage5_v1",148944,"Actinocyclus","Actinocyclus","Bacillariophyceae","HETEROKONTOPHYTA","AU",3,"diatom","","autotroph",FALSE,"not_resolved","not_phaeocystis","peg_class_bacillariophyceae","authority_rule_assignment_not_yet_applied_to_biomass"
"PEG_BVOL2026_stage5_v1",148944,"Actinocyclus","Actinocyclus","Bacillariophyceae","HETEROKONTOPHYTA","AU",4,"diatom","","autotroph",FALSE,"not_resolved","not_phaeocystis","peg_class_bacillariophyceae","authority_rule_assignment_not_yet_applied_to_biomass"
"PEG_BVOL2026_stage5_v1",148944,"Actinocyclus","Actinocyclus","Bacillariophyceae","HETEROKONTOPHYTA","AU",5,"diatom","","autotroph",FALSE,"not_resolved","not_phaeocystis","peg_class_bacillariophyceae","authority_rule_assignment_not_yet_applied_to_biomass"
"PEG_BVOL2026_stage5_v1",148944,"Actinocyclus","Actinocyclus","Bacillariophyceae","HETEROKONTOPHYTA","AU",6,"diatom","","autotroph",FALSE,"not_resolved","not_phaeocystis","peg_class_bacillariophyceae","authority_rule_assignment_not_yet_applied_to_biomass"
"PEG_BVOL2026_stage5_v1",148944,"Actinocyclus","Actinocyclus","Bacillariophyceae","HETEROKONTOPHYTA","AU",7,"diatom","","autotroph",FALSE,"not_resolved","not_phaeocystis","peg_class_bacillariophyceae","authority_rule_assignment_not_yet_applied_to_biomass"
"PEG_BVOL2026_stage5_v1",148944,"Actinocyclus","Actinocyclus","Bacillariophyceae","HETEROKONTOPHYTA","AU",8,"diatom","","autotroph",FALSE,"not_resolved","not_phaeocystis","peg_class_bacillariophyceae","authority_rule_assignment_not_yet_applied_to_biomass"
"PEG_BVOL2026_stage5_v1",148944,"Actinocyclus","Actinocyclus","Bacillariophyceae","HETEROKONTOPHYTA","AU",9,"diatom","","autotroph",FALSE,"not_resolved","not_phaeocystis","peg_class_bacillariophyceae","authority_rule_assignment_not_yet_applied_to_biomass"
"PEG_BVOL2026_stage5_v1",148944,"Actinocyclus","Actinocyclus","Bacillariophyceae","HETEROKONTOPHYTA","AU",10,"diatom","","autotroph",FALSE,"not_resolved","not_phaeocystis","peg_class_bacillariophyceae","authority_rule_assignment_not_yet_applied_to_biomass"
"PEG_BVOL2026_stage5_v1",148948,"Actinoptychus senarius","Actinoptychus","Bacillariophyceae","HETEROKONTOPHYTA","AU",1,"diatom","","autotroph",FALSE,"not_resolved","not_phaeocystis","peg_class_bacillariophyceae","authority_rule_assignment_not_yet_applied_to_biomass"
"PEG_BVOL2026_stage5_v1",148948,"Actinoptychus senarius","Actinoptychus","Bacillariophyceae","HETEROKONTOPHYTA","AU",2,"diatom","","autotroph",FALSE,"not_resolved","not_phaeocystis","peg_class_bacillariophyceae","authority_rule_assignment_not_yet_applied_to_biomass"
"PEG_BVOL2026_stage5_v1",148948,"Actinoptychus senarius","Actinoptychus","Bacillariophyceae","HETEROKONTOPHYTA","AU",3,"diatom","","autotroph",FALSE,"not_resolved","not_phaeocystis","peg_class_bacillariophyceae","authority_rule_assignment_not_yet_applied_to_biomass"
"PEG_BVOL2026_stage5_v1",148948,"Actinoptychus senarius","Actinoptychus","Bacillariophyceae","HETEROKONTOPHYTA","AU",4,"diatom","","autotroph",FALSE,"not_resolved","not_phaeocystis","peg_class_bacillariophyceae","authority_rule_assignment_not_yet_applied_to_biomass"
"PEG_BVOL2026_stage5_v1",148948,"Actinoptychus senarius","Actinoptychus","Bacillariophyceae","HETEROKONTOPHYTA","AU",5,"diatom","","autotroph",FALSE,"not_resolved","not_phaeocystis","peg_class_bacillariophyceae","authority_rule_assignment_not_yet_applied_to_biomass"
"PEG_BVOL2026_stage5_v1",148948,"Actinoptychus senarius","Actinoptychus","Bacillariophyceae","HETEROKONTOPHYTA","AU",6,"diatom","","autotroph",FALSE,"not_resolved","not_phaeocystis","peg_class_bacillariophyceae","authority_rule_assignment_not_yet_applied_to_biomass"
"PEG_BVOL2026_stage5_v1",148948,"Actinoptychus senarius","Actinoptychus","Bacillariophyceae","HETEROKONTOPHYTA","AU",7,"diatom","","autotroph",FALSE,"not_resolved","not_phaeocystis","peg_class_bacillariophyceae","authority_rule_assignment_not_yet_applied_to_biomass"
"PEG_BVOL2026_stage5_v1",148948,"Actinoptychus senarius","Actinoptychus","Bacillariophyceae","HETEROKONTOPHYTA","AU",8,"diatom","","autotroph",FALSE,"not_resolved","not_phaeocystis","peg_class_bacillariophyceae","authority_rule_assignment_not_yet_applied_to_biomass"
"PEG_BVOL2026_stage5_v1",149274,"Coscinodiscus asteromphalus","Coscinodiscus","Bacillariophyceae","HETEROKONTOPHYTA","AU",1,"diatom","","autotroph",FALSE,"not_resolved","not_phaeocystis","peg_class_bacillariophyceae","authority_rule_assignment_not_yet_applied_to_biomass"
"PEG_BVOL2026_stage5_v1",149274,"Coscinodiscus asteromphalus","Coscinodiscus","Bacillariophyceae","HETEROKONTOPHYTA","AU",2,"diatom","","autotroph",FALSE,"not_resolved","not_phaeocystis","peg_class_bacillariophyceae","authority_rule_assignment_not_yet_applied_to_biomass"
"PEG_BVOL2026_stage5_v1",149274,"Coscinodiscus asteromphalus","Coscinodiscus","Bacillariophyceae","HETEROKONTOPHYTA","AU",3,"diatom","","autotroph",FALSE,"not_resolved","not_phaeocystis","peg_class_bacillariophyceae","authority_rule_assignment_not_yet_applied_to_biomass"
"PEG_BVOL2026_stage5_v1",149274,"Coscinodiscus asteromphalus","Coscinodiscus","Bacillariophyceae","HETEROKONTOPHYTA","AU",4,"diatom","","autotroph",FALSE,"not_resolved","not_phaeocystis","peg_class_bacillariophyceae","authority_rule_assignment_not_yet_applied_to_biomass"
"PEG_BVOL2026_stage5_v1",149274,"Coscinodiscus asteromphalus","Coscinodiscus","Bacillariophyceae","HETEROKONTOPHYTA","AU",5,"diatom","","autotroph",FALSE,"not_resolved","not_phaeocystis","peg_class_bacillariophyceae","authority_rule_assignment_not_yet_applied_to_biomass"
"PEG_BVOL2026_stage5_v1",149274,"Coscinodiscus asteromphalus","Coscinodiscus","Bacillariophyceae","HETEROKONTOPHYTA","AU",6,"diatom","","autotroph",FALSE,"not_resolved","not_phaeocystis","peg_class_bacillariophyceae","authority_rule_assignment_not_yet_applied_to_biomass"
"PEG_BVOL2026_stage5_v1",149274,"Coscinodiscus asteromphalus","Coscinodiscus","Bacillariophyceae","HETEROKONTOPHYTA","AU",7,"diatom","","autotroph",FALSE,"not_resolved","not_phaeocystis","peg_class_bacillariophyceae","authority_rule_assignment_not_yet_applied_to_biomass"
"PEG_BVOL2026_stage5_v1",149274,"Coscinodiscus asteromphalus","Coscinodiscus","Bacillariophyceae","HETEROKONTOPHYTA","AU",8,"diatom","","autotroph",FALSE,"not_resolved","not_phaeocystis","peg_class_bacillariophyceae","authority_rule_assignment_not_yet_applied_to_biomass"
"PEG_BVOL2026_stage5_v1",149159,"Coscinodiscus centralis","Coscinodiscus","Bacillariophyceae","HETEROKONTOPHYTA","AU",1,"diatom","","autotroph",FALSE,"not_resolved","not_phaeocystis","peg_class_bacillariophyceae","authority_rule_assignment_not_yet_applied_to_biomass"
"PEG_BVOL2026_stage5_v1",149159,"Coscinodiscus centralis","Coscinodiscus","Bacillariophyceae","HETEROKONTOPHYTA","AU",2,"diatom","","autotroph",FALSE,"not_resolved","not_phaeocystis","peg_class_bacillariophyceae","authority_rule_assignment_not_yet_applied_to_biomass"
"PEG_BVOL2026_stage5_v1",148992,"Coscinodiscus concinnus","Coscinodiscus","Bacillariophyceae","HETEROKONTOPHYTA","AU",1,"diatom","","autotroph",FALSE,"not_resolved","not_phaeocystis","peg_class_bacillariophyceae","authority_rule_assignment_not_yet_applied_to_biomass"
"PEG_BVOL2026_stage5_v1",148992,"Coscinodiscus concinnus","Coscinodiscus","Bacillariophyceae","HETEROKONTOPHYTA","AU",2,"diatom","","autotroph",FALSE,"not_resolved","not_phaeocystis","peg_class_bacillariophyceae","authority_rule_assignment_not_yet_applied_to_biomass"
"PEG_BVOL2026_stage5_v1",148992,"Coscinodiscus concinnus","Coscinodiscus","Bacillariophyceae","HETEROKONTOPHYTA","AU",3,"diatom","","autotroph",FALSE,"not_resolved","not_phaeocystis","peg_class_bacillariophyceae","authority_rule_assignment_not_yet_applied_to_biomass"
"PEG_BVOL2026_stage5_v1",148992,"Coscinodiscus concinnus","Coscinodiscus","Bacillariophyceae","HETEROKONTOPHYTA","AU",4,"diatom","","autotroph",FALSE,"not_resolved","not_phaeocystis","peg_class_bacillariophyceae","authority_rule_assignment_not_yet_applied_to_biomass"
"PEG_BVOL2026_stage5_v1",148992,"Coscinodiscus concinnus","Coscinodiscus","Bacillariophyceae","HETEROKONTOPHYTA","AU",5,"diatom","","autotroph",FALSE,"not_resolved","not_phaeocystis","peg_class_bacillariophyceae","authority_rule_assignment_not_yet_applied_to_biomass"
"PEG_BVOL2026_stage5_v1",149271,"Coscinodiscus granii","Coscinodiscus","Bacillariophyceae","HETEROKONTOPHYTA","AU",1,"diatom","","autotroph",FALSE,"not_resolved","not_phaeocystis","peg_class_bacillariophyceae","authority_rule_assignment_not_yet_applied_to_biomass"
"PEG_BVOL2026_stage5_v1",149271,"Coscinodiscus granii","Coscinodiscus","Bacillariophyceae","HETEROKONTOPHYTA","AU",2,"diatom","","autotroph",FALSE,"not_resolved","not_phaeocystis","peg_class_bacillariophyceae","authority_rule_assignment_not_yet_applied_to_biomass"
"PEG_BVOL2026_stage5_v1",149271,"Coscinodiscus granii","Coscinodiscus","Bacillariophyceae","HETEROKONTOPHYTA","AU",3,"diatom","","autotroph",FALSE,"not_resolved","not_phaeocystis","peg_class_bacillariophyceae","authority_rule_assignment_not_yet_applied_to_biomass"
"PEG_BVOL2026_stage5_v1",149271,"Coscinodiscus granii","Coscinodiscus","Bacillariophyceae","HETEROKONTOPHYTA","AU",4,"diatom","","autotroph",FALSE,"not_resolved","not_phaeocystis","peg_class_bacillariophyceae","authority_rule_assignment_not_yet_applied_to_biomass"
"PEG_BVOL2026_stage5_v1",149271,"Coscinodiscus granii","Coscinodiscus","Bacillariophyceae","HETEROKONTOPHYTA","AU",5,"diatom","","autotroph",FALSE,"not_resolved","not_phaeocystis","peg_class_bacillariophyceae","authority_rule_assignment_not_yet_applied_to_biomass"
"PEG_BVOL2026_stage5_v1",149271,"Coscinodiscus granii","Coscinodiscus","Bacillariophyceae","HETEROKONTOPHYTA","AU",6,"diatom","","autotroph",FALSE,"not_resolved","not_phaeocystis","peg_class_bacillariophyceae","authority_rule_assignment_not_yet_applied_to_biomass"
"PEG_BVOL2026_stage5_v1",149271,"Coscinodiscus granii","Coscinodiscus","Bacillariophyceae","HETEROKONTOPHYTA","AU",7,"diatom","","autotroph",FALSE,"not_resolved","not_phaeocystis","peg_class_bacillariophyceae","authority_rule_assignment_not_yet_applied_to_biomass"
"PEG_BVOL2026_stage5_v1",149271,"Coscinodiscus granii","Coscinodiscus","Bacillariophyceae","HETEROKONTOPHYTA","AU",8,"diatom","","autotroph",FALSE,"not_resolved","not_phaeocystis","peg_class_bacillariophyceae","authority_rule_assignment_not_yet_applied_to_biomass"
"PEG_BVOL2026_stage5_v1",149271,"Coscinodiscus granii","Coscinodiscus","Bacillariophyceae","HETEROKONTOPHYTA","AU",9,"diatom","","autotroph",FALSE,"not_resolved","not_phaeocystis","peg_class_bacillariophyceae","authority_rule_assignment_not_yet_applied_to_biomass"
"PEG_BVOL2026_stage5_v1",149158,"Coscinodiscus radiatus","Coscinodiscus","Bacillariophyceae","HETEROKONTOPHYTA","AU",1,"diatom","","autotroph",FALSE,"not_resolved","not_phaeocystis","peg_class_bacillariophyceae","authority_rule_assignment_not_yet_applied_to_biomass"
"PEG_BVOL2026_stage5_v1",149158,"Coscinodiscus radiatus","Coscinodiscus","Bacillariophyceae","HETEROKONTOPHYTA","AU",2,"diatom","","autotroph",FALSE,"not_resolved","not_phaeocystis","peg_class_bacillariophyceae","authority_rule_assignment_not_yet_applied_to_biomass"
"PEG_BVOL2026_stage5_v1",149158,"Coscinodiscus radiatus","Coscinodiscus","Bacillariophyceae","HETEROKONTOPHYTA","AU",3,"diatom","","autotroph",FALSE,"not_resolved","not_phaeocystis","peg_class_bacillariophyceae","authority_rule_assignment_not_yet_applied_to_biomass"
"PEG_BVOL2026_stage5_v1",149158,"Coscinodiscus radiatus","Coscinodiscus","Bacillariophyceae","HETEROKONTOPHYTA","AU",4,"diatom","","autotroph",FALSE,"not_resolved","not_phaeocystis","peg_class_bacillariophyceae","authority_rule_assignment_not_yet_applied_to_biomass"
"PEG_BVOL2026_stage5_v1",149158,"Coscinodiscus radiatus","Coscinodiscus","Bacillariophyceae","HETEROKONTOPHYTA","AU",5,"diatom","","autotroph",FALSE,"not_resolved","not_phaeocystis","peg_class_bacillariophyceae","authority_rule_assignment_not_yet_applied_to_biomass"
"PEG_BVOL2026_stage5_v1",149158,"Coscinodiscus radiatus","Coscinodiscus","Bacillariophyceae","HETEROKONTOPHYTA","AU",6,"diatom","","autotroph",FALSE,"not_resolved","not_phaeocystis","peg_class_bacillariophyceae","authority_rule_assignment_not_yet_applied_to_biomass"
"PEG_BVOL2026_stage5_v1",149158,"Coscinodiscus radiatus","Coscinodiscus","Bacillariophyceae","HETEROKONTOPHYTA","AU",7,"diatom","","autotroph",FALSE,"not_resolved","not_phaeocystis","peg_class_bacillariophyceae","authority_rule_assignment_not_yet_applied_to_biomass"
"PEG_BVOL2026_stage5_v1",149158,"Coscinodiscus radiatus","Coscinodiscus","Bacillariophyceae","HETEROKONTOPHYTA","AU",8,"diatom","","autotroph",FALSE,"not_resolved","not_phaeocystis","peg_class_bacillariophyceae","authority_rule_assignment_not_yet_applied_to_biomass"
"PEG_BVOL2026_stage5_v1",149158,"Coscinodiscus radiatus","Coscinodiscus","Bacillariophyceae","HETEROKONTOPHYTA","AU",9,"diatom","","autotroph",FALSE,"not_resolved","not_phaeocystis","peg_class_bacillariophyceae","authority_rule_assignment_not_yet_applied_to_biomass"
"PEG_BVOL2026_stage5_v1",156632,"Coscinodiscus wailesii","Coscinodiscus","Bacillariophyceae","HETEROKONTOPHYTA","AU",1,"diatom","","autotroph",FALSE,"not_resolved","not_phaeocystis","peg_class_bacillariophyceae","authority_rule_assignment_not_yet_applied_to_biomass"
"PEG_BVOL2026_stage5_v1",156632,"Coscinodiscus wailesii","Coscinodiscus","Bacillariophyceae","HETEROKONTOPHYTA","AU",2,"diatom","","autotroph",FALSE,"not_resolved","not_phaeocystis","peg_class_bacillariophyceae","authority_rule_assignment_not_yet_applied_to_biomass"
"PEG_BVOL2026_stage5_v1",156632,"Coscinodiscus wailesii","Coscinodiscus","Bacillariophyceae","HETEROKONTOPHYTA","AU",3,"diatom","","autotroph",FALSE,"not_resolved","not_phaeocystis","peg_class_bacillariophyceae","authority_rule_assignment_not_yet_applied_to_biomass"
"PEG_BVOL2026_stage5_v1",156632,"Coscinodiscus wailesii","Coscinodiscus","Bacillariophyceae","HETEROKONTOPHYTA","AU",4,"diatom","","autotroph",FALSE,"not_resolved","not_phaeocystis","peg_class_bacillariophyceae","authority_rule_assignment_not_yet_applied_to_biomass"
"PEG_BVOL2026_stage5_v1",156632,"Coscinodiscus wailesii","Coscinodiscus","Bacillariophyceae","HETEROKONTOPHYTA","AU",5,"diatom","","autotroph",FALSE,"not_resolved","not_phaeocystis","peg_class_bacillariophyceae","authority_rule_assignment_not_yet_applied_to_biomass"
"PEG_BVOL2026_stage5_v1",148917,"Coscinodiscus","Coscinodiscus","Bacillariophyceae","HETEROKONTOPHYTA","AU",1,"diatom","","autotroph",FALSE,"not_resolved","not_phaeocystis","peg_class_bacillariophyceae","authority_rule_assignment_not_yet_applied_to_biomass"
"PEG_BVOL2026_stage5_v1",148917,"Coscinodiscus","Coscinodiscus","Bacillariophyceae","HETEROKONTOPHYTA","AU",2,"diatom","","autotroph",FALSE,"not_resolved","not_phaeocystis","peg_class_bacillariophyceae","authority_rule_assignment_not_yet_applied_to_biomass"
"PEG_BVOL2026_stage5_v1",148917,"Coscinodiscus","Coscinodiscus","Bacillariophyceae","HETEROKONTOPHYTA","AU",3,"diatom","","autotroph",FALSE,"not_resolved","not_phaeocystis","peg_class_bacillariophyceae","authority_rule_assignment_not_yet_applied_to_biomass"
"PEG_BVOL2026_stage5_v1",148917,"Coscinodiscus","Coscinodiscus","Bacillariophyceae","HETEROKONTOPHYTA","AU",4,"diatom","","autotroph",FALSE,"not_resolved","not_phaeocystis","peg_class_bacillariophyceae","authority_rule_assignment_not_yet_applied_to_biomass"
"PEG_BVOL2026_stage5_v1",148917,"Coscinodiscus","Coscinodiscus","Bacillariophyceae","HETEROKONTOPHYTA","AU",5,"diatom","","autotroph",FALSE,"not_resolved","not_phaeocystis","peg_class_bacillariophyceae","authority_rule_assignment_not_yet_applied_to_biomass"
"PEG_BVOL2026_stage5_v1",148917,"Coscinodiscus","Coscinodiscus","Bacillariophyceae","HETEROKONTOPHYTA","AU",6,"diatom","","autotroph",FALSE,"not_resolved","not_phaeocystis","peg_class_bacillariophyceae","authority_rule_assignment_not_yet_applied_to_biomass"
"PEG_BVOL2026_stage5_v1",148917,"Coscinodiscus","Coscinodiscus","Bacillariophyceae","HETEROKONTOPHYTA","AU",7,"diatom","","autotroph",FALSE,"not_resolved","not_phaeocystis","peg_class_bacillariophyceae","authority_rule_assignment_not_yet_applied_to_biomass"
"PEG_BVOL2026_stage5_v1",148917,"Coscinodiscus","Coscinodiscus","Bacillariophyceae","HETEROKONTOPHYTA","AU",8,"diatom","","autotroph",FALSE,"not_resolved","not_phaeocystis","peg_class_bacillariophyceae","authority_rule_assignment_not_yet_applied_to_biomass"
"PEG_BVOL2026_stage5_v1",148917,"Coscinodiscus","Coscinodiscus","Bacillariophyceae","HETEROKONTOPHYTA","AU",9,"diatom","","autotroph",FALSE,"not_resolved","not_phaeocystis","peg_class_bacillariophyceae","authority_rule_assignment_not_yet_applied_to_biomass"
"PEG_BVOL2026_stage5_v1",148917,"Coscinodiscus","Coscinodiscus","Bacillariophyceae","HETEROKONTOPHYTA","AU",10,"diatom","","autotroph",FALSE,"not_resolved","not_phaeocystis","peg_class_bacillariophyceae","authority_rule_assignment_not_yet_applied_to_biomass"
"PEG_BVOL2026_stage5_v1",148917,"Coscinodiscus","Coscinodiscus","Bacillariophyceae","HETEROKONTOPHYTA","AU",11,"diatom","","autotroph",FALSE,"not_resolved","not_phaeocystis","peg_class_bacillariophyceae","authority_rule_assignment_not_yet_applied_to_biomass"
"PEG_BVOL2026_stage5_v1",148917,"Coscinodiscus","Coscinodiscus","Bacillariophyceae","HETEROKONTOPHYTA","AU",12,"diatom","","autotroph",FALSE,"not_resolved","not_phaeocystis","peg_class_bacillariophyceae","authority_rule_assignment_not_yet_applied_to_biomass"
"PEG_BVOL2026_stage5_v1",148917,"Coscinodiscus","Coscinodiscus","Bacillariophyceae","HETEROKONTOPHYTA","AU",13,"diatom","","autotroph",FALSE,"not_resolved","not_phaeocystis","peg_class_bacillariophyceae","authority_rule_assignment_not_yet_applied_to_biomass"
"PEG_BVOL2026_stage5_v1",450729,"Coscinodiscopsis commutata","Coscinodiscopsis","Bacillariophyceae","HETEROKONTOPHYTA","AU",1,"diatom","","autotroph",FALSE,"not_resolved","not_phaeocystis","peg_class_bacillariophyceae","authority_rule_assignment_not_yet_applied_to_biomass"
"PEG_BVOL2026_stage5_v1",450729,"Coscinodiscopsis commutata","Coscinodiscopsis","Bacillariophyceae","HETEROKONTOPHYTA","AU",2,"diatom","","autotroph",FALSE,"not_resolved","not_phaeocystis","peg_class_bacillariophyceae","authority_rule_assignment_not_yet_applied_to_biomass"
"PEG_BVOL2026_stage5_v1",450729,"Coscinodiscopsis commutata","Coscinodiscopsis","Bacillariophyceae","HETEROKONTOPHYTA","AU",3,"diatom","","autotroph",FALSE,"not_resolved","not_phaeocystis","peg_class_bacillariophyceae","authority_rule_assignment_not_yet_applied_to_biomass"
"PEG_BVOL2026_stage5_v1",450729,"Coscinodiscopsis commutata","Coscinodiscopsis","Bacillariophyceae","HETEROKONTOPHYTA","AU",4,"diatom","","autotroph",FALSE,"not_resolved","not_phaeocystis","peg_class_bacillariophyceae","authority_rule_assignment_not_yet_applied_to_biomass"
"PEG_BVOL2026_stage5_v1",450729,"Coscinodiscopsis commutata","Coscinodiscopsis","Bacillariophyceae","HETEROKONTOPHYTA","AU",5,"diatom","","autotroph",FALSE,"not_resolved","not_phaeocystis","peg_class_bacillariophyceae","authority_rule_assignment_not_yet_applied_to_biomass"
"PEG_BVOL2026_stage5_v1",149105,"Roperia tesselata","Roperia","Bacillariophyceae","HETEROKONTOPHYTA","AU",1,"diatom","","autotroph",FALSE,"not_resolved","not_phaeocystis","peg_class_bacillariophyceae","authority_rule_assignment_not_yet_applied_to_biomass"
"PEG_BVOL2026_stage5_v1",178990,"Acanthoceras zachariasii","Acanthoceras","Bacillariophyceae","HETEROKONTOPHYTA","AU",2,"diatom","","autotroph",FALSE,"not_resolved","not_phaeocystis","peg_class_bacillariophyceae","authority_rule_assignment_not_yet_applied_to_biomass"
"PEG_BVOL2026_stage5_v1",178990,"Acanthoceras zachariasii","Acanthoceras","Bacillariophyceae","HETEROKONTOPHYTA","AU",3,"diatom","","autotroph",FALSE,"not_resolved","not_phaeocystis","peg_class_bacillariophyceae","authority_rule_assignment_not_yet_applied_to_biomass"
"PEG_BVOL2026_stage5_v1",178990,"Acanthoceras zachariasii","Acanthoceras","Bacillariophyceae","HETEROKONTOPHYTA","AU",4,"diatom","","autotroph",FALSE,"not_resolved","not_phaeocystis","peg_class_bacillariophyceae","authority_rule_assignment_not_yet_applied_to_biomass"
"PEG_BVOL2026_stage5_v1",178990,"Acanthoceras zachariasii","Acanthoceras","Bacillariophyceae","HETEROKONTOPHYTA","AU",5,"diatom","","autotroph",FALSE,"not_resolved","not_phaeocystis","peg_class_bacillariophyceae","authority_rule_assignment_not_yet_applied_to_biomass"
"PEG_BVOL2026_stage5_v1",178990,"Acanthoceras zachariasii","Acanthoceras","Bacillariophyceae","HETEROKONTOPHYTA","AU",6,"diatom","","autotroph",FALSE,"not_resolved","not_phaeocystis","peg_class_bacillariophyceae","authority_rule_assignment_not_yet_applied_to_biomass"
"PEG_BVOL2026_stage5_v1",178990,"Acanthoceras zachariasii","Acanthoceras","Bacillariophyceae","HETEROKONTOPHYTA","AU",7,"diatom","","autotroph",FALSE,"not_resolved","not_phaeocystis","peg_class_bacillariophyceae","authority_rule_assignment_not_yet_applied_to_biomass"
"PEG_BVOL2026_stage5_v1",160520,"Attheya decora","Attheya","Bacillariophyceae","HETEROKONTOPHYTA","AU",1,"diatom","","autotroph",FALSE,"not_resolved","not_phaeocystis","peg_class_bacillariophyceae","authority_rule_assignment_not_yet_applied_to_biomass"
"PEG_BVOL2026_stage5_v1",160520,"Attheya decora","Attheya","Bacillariophyceae","HETEROKONTOPHYTA","AU",2,"diatom","","autotroph",FALSE,"not_resolved","not_phaeocystis","peg_class_bacillariophyceae","authority_rule_assignment_not_yet_applied_to_biomass"
"PEG_BVOL2026_stage5_v1",160520,"Attheya decora","Attheya","Bacillariophyceae","HETEROKONTOPHYTA","AU",3,"diatom","","autotroph",FALSE,"not_resolved","not_phaeocystis","peg_class_bacillariophyceae","authority_rule_assignment_not_yet_applied_to_biomass"
"PEG_BVOL2026_stage5_v1",160520,"Attheya decora","Attheya","Bacillariophyceae","HETEROKONTOPHYTA","AU",4,"diatom","","autotroph",FALSE,"not_resolved","not_phaeocystis","peg_class_bacillariophyceae","authority_rule_assignment_not_yet_applied_to_biomass"
"PEG_BVOL2026_stage5_v1",464444,"Attheya longicornis","Attheya","Bacillariophyceae","HETEROKONTOPHYTA","AU",1,"diatom","","autotroph",FALSE,"not_resolved","not_phaeocystis","peg_class_bacillariophyceae","authority_rule_assignment_not_yet_applied_to_biomass"
"PEG_BVOL2026_stage5_v1",162823,"Attheya septentrionalis","Attheya","Bacillariophyceae","HETEROKONTOPHYTA","AU",1,"diatom","","autotroph",FALSE,"not_resolved","not_phaeocystis","peg_class_bacillariophyceae","authority_rule_assignment_not_yet_applied_to_biomass"
"PEG_BVOL2026_stage5_v1",162823,"Attheya septentrionalis","Attheya","Bacillariophyceae","HETEROKONTOPHYTA","AU",2,"diatom","","autotroph",FALSE,"not_resolved","not_phaeocystis","peg_class_bacillariophyceae","authority_rule_assignment_not_yet_applied_to_biomass"
"PEG_BVOL2026_stage5_v1",160519,"Attheya","Attheya","Bacillariophyceae","HETEROKONTOPHYTA","AU",1,"diatom","","autotroph",FALSE,"not_resolved","not_phaeocystis","peg_class_bacillariophyceae","authority_rule_assignment_not_yet_applied_to_biomass"
"PEG_BVOL2026_stage5_v1",160519,"Attheya","Attheya","Bacillariophyceae","HETEROKONTOPHYTA","AU",2,"diatom","","autotroph",FALSE,"not_resolved","not_phaeocystis","peg_class_bacillariophyceae","authority_rule_assignment_not_yet_applied_to_biomass"
"PEG_BVOL2026_stage5_v1",149119,"Bacteriastrum hyalinum","Bacteriastrum","Bacillariophyceae","HETEROKONTOPHYTA","AU",1,"diatom","","autotroph",FALSE,"not_resolved","not_phaeocystis","peg_class_bacillariophyceae","authority_rule_assignment_not_yet_applied_to_biomass"
"PEG_BVOL2026_stage5_v1",149241,"Chaetoceros affinis","Chaetoceros","Bacillariophyceae","HETEROKONTOPHYTA","AU",1,"diatom","","autotroph",FALSE,"not_resolved","not_phaeocystis","peg_class_bacillariophyceae","authority_rule_assignment_not_yet_applied_to_biomass"
"PEG_BVOL2026_stage5_v1",149241,"Chaetoceros affinis","Chaetoceros","Bacillariophyceae","HETEROKONTOPHYTA","AU",2,"diatom","","autotroph",FALSE,"not_resolved","not_phaeocystis","peg_class_bacillariophyceae","authority_rule_assignment_not_yet_applied_to_biomass"
"PEG_BVOL2026_stage5_v1",149241,"Chaetoceros affinis","Chaetoceros","Bacillariophyceae","HETEROKONTOPHYTA","AU",3,"diatom","","autotroph",FALSE,"not_resolved","not_phaeocystis","peg_class_bacillariophyceae","authority_rule_assignment_not_yet_applied_to_biomass"
"PEG_BVOL2026_stage5_v1",149241,"Chaetoceros affinis","Chaetoceros","Bacillariophyceae","HETEROKONTOPHYTA","AU",4,"diatom","","autotroph",FALSE,"not_resolved","not_phaeocystis","peg_class_bacillariophyceae","authority_rule_assignment_not_yet_applied_to_biomass"
"PEG_BVOL2026_stage5_v1",149241,"Chaetoceros affinis","Chaetoceros","Bacillariophyceae","HETEROKONTOPHYTA","AU",5,"diatom","","autotroph",FALSE,"not_resolved","not_phaeocystis","peg_class_bacillariophyceae","authority_rule_assignment_not_yet_applied_to_biomass"
"PEG_BVOL2026_stage5_v1",149241,"Chaetoceros affinis","Chaetoceros","Bacillariophyceae","HETEROKONTOPHYTA","AU",6,"diatom","","autotroph",FALSE,"not_resolved","not_phaeocystis","peg_class_bacillariophyceae","authority_rule_assignment_not_yet_applied_to_biomass"
"PEG_BVOL2026_stage5_v1",149124,"Chaetoceros borealis","Chaetoceros","Bacillariophyceae","HETEROKONTOPHYTA","AU",1,"diatom","","autotroph",FALSE,"not_resolved","not_phaeocystis","peg_class_bacillariophyceae","authority_rule_assignment_not_yet_applied_to_biomass"
"PEG_BVOL2026_stage5_v1",149124,"Chaetoceros borealis","Chaetoceros","Bacillariophyceae","HETEROKONTOPHYTA","AU",2,"diatom","","autotroph",FALSE,"not_resolved","not_phaeocystis","peg_class_bacillariophyceae","authority_rule_assignment_not_yet_applied_to_biomass"
"PEG_BVOL2026_stage5_v1",149124,"Chaetoceros borealis","Chaetoceros","Bacillariophyceae","HETEROKONTOPHYTA","AU",3,"diatom","","autotroph",FALSE,"not_resolved","not_phaeocystis","peg_class_bacillariophyceae","authority_rule_assignment_not_yet_applied_to_biomass"
"PEG_BVOL2026_stage5_v1",149124,"Chaetoceros borealis","Chaetoceros","Bacillariophyceae","HETEROKONTOPHYTA","AU",4,"diatom","","autotroph",FALSE,"not_resolved","not_phaeocystis","peg_class_bacillariophyceae","authority_rule_assignment_not_yet_applied_to_biomass"
"PEG_BVOL2026_stage5_v1",149124,"Chaetoceros borealis","Chaetoceros","Bacillariophyceae","HETEROKONTOPHYTA","AU",5,"diatom","","autotroph",FALSE,"not_resolved","not_phaeocystis","peg_class_bacillariophyceae","authority_rule_assignment_not_yet_applied_to_biomass"
"PEG_BVOL2026_stage5_v1",149124,"Chaetoceros borealis","Chaetoceros","Bacillariophyceae","HETEROKONTOPHYTA","AU",6,"diatom","","autotroph",FALSE,"not_resolved","not_phaeocystis","peg_class_bacillariophyceae","authority_rule_assignment_not_yet_applied_to_biomass"
"PEG_BVOL2026_stage5_v1",149291,"Chaetoceros brevis","Chaetoceros","Bacillariophyceae","HETEROKONTOPHYTA","AU",1,"diatom","","autotroph",FALSE,"not_resolved","not_phaeocystis","peg_class_bacillariophyceae","authority_rule_assignment_not_yet_applied_to_biomass"
"PEG_BVOL2026_stage5_v1",149291,"Chaetoceros brevis","Chaetoceros","Bacillariophyceae","HETEROKONTOPHYTA","AU",2,"diatom","","autotroph",FALSE,"not_resolved","not_phaeocystis","peg_class_bacillariophyceae","authority_rule_assignment_not_yet_applied_to_biomass"
"PEG_BVOL2026_stage5_v1",149291,"Chaetoceros brevis","Chaetoceros","Bacillariophyceae","HETEROKONTOPHYTA","AU",3,"diatom","","autotroph",FALSE,"not_resolved","not_phaeocystis","peg_class_bacillariophyceae","authority_rule_assignment_not_yet_applied_to_biomass"
"PEG_BVOL2026_stage5_v1",149291,"Chaetoceros brevis","Chaetoceros","Bacillariophyceae","HETEROKONTOPHYTA","AU",4,"diatom","","autotroph",FALSE,"not_resolved","not_phaeocystis","peg_class_bacillariophyceae","authority_rule_assignment_not_yet_applied_to_biomass"
"PEG_BVOL2026_stage5_v1",149291,"Chaetoceros brevis","Chaetoceros","Bacillariophyceae","HETEROKONTOPHYTA","AU",5,"diatom","","autotroph",FALSE,"not_resolved","not_phaeocystis","peg_class_bacillariophyceae","authority_rule_assignment_not_yet_applied_to_biomass"
"PEG_BVOL2026_stage5_v1",149291,"Chaetoceros brevis","Chaetoceros","Bacillariophyceae","HETEROKONTOPHYTA","AU",6,"diatom","","autotroph",FALSE,"not_resolved","not_phaeocystis","peg_class_bacillariophyceae","authority_rule_assignment_not_yet_applied_to_biomass"
"PEG_BVOL2026_stage5_v1",149291,"Chaetoceros brevis","Chaetoceros","Bacillariophyceae","HETEROKONTOPHYTA","AU",7,"diatom","","autotroph",FALSE,"not_resolved","not_phaeocystis","peg_class_bacillariophyceae","authority_rule_assignment_not_yet_applied_to_biomass"
"PEG_BVOL2026_stage5_v1",149291,"Chaetoceros brevis","Chaetoceros","Bacillariophyceae","HETEROKONTOPHYTA","AU",8,"diatom","","autotroph",FALSE,"not_resolved","not_phaeocystis","peg_class_bacillariophyceae","authority_rule_assignment_not_yet_applied_to_biomass"
"PEG_BVOL2026_stage5_v1",149291,"Chaetoceros brevis","Chaetoceros","Bacillariophyceae","HETEROKONTOPHYTA","AU",9,"diatom","","autotroph",FALSE,"not_resolved","not_phaeocystis","peg_class_bacillariophyceae","authority_rule_assignment_not_yet_applied_to_biomass"
"PEG_BVOL2026_stage5_v1",341473,"Chaetoceros castracanei","Chaetoceros","Bacillariophyceae","HETEROKONTOPHYTA","AU",1,"diatom","","autotroph",FALSE,"not_resolved","not_phaeocystis","peg_class_bacillariophyceae","authority_rule_assignment_not_yet_applied_to_biomass"
"PEG_BVOL2026_stage5_v1",341473,"Chaetoceros castracanei","Chaetoceros","Bacillariophyceae","HETEROKONTOPHYTA","AU",2,"diatom","","autotroph",FALSE,"not_resolved","not_phaeocystis","peg_class_bacillariophyceae","authority_rule_assignment_not_yet_applied_to_biomass"
"PEG_BVOL2026_stage5_v1",341473,"Chaetoceros castracanei","Chaetoceros","Bacillariophyceae","HETEROKONTOPHYTA","AU",3,"diatom","","autotroph",FALSE,"not_resolved","not_phaeocystis","peg_class_bacillariophyceae","authority_rule_assignment_not_yet_applied_to_biomass"
"PEG_BVOL2026_stage5_v1",341473,"Chaetoceros castracanei","Chaetoceros","Bacillariophyceae","HETEROKONTOPHYTA","AU",4,"diatom","","autotroph",FALSE,"not_resolved","not_phaeocystis","peg_class_bacillariophyceae","authority_rule_assignment_not_yet_applied_to_biomass"
"PEG_BVOL2026_stage5_v1",341473,"Chaetoceros castracanei","Chaetoceros","Bacillariophyceae","HETEROKONTOPHYTA","AU",5,"diatom","","autotroph",FALSE,"not_resolved","not_phaeocystis","peg_class_bacillariophyceae","authority_rule_assignment_not_yet_applied_to_biomass"
"PEG_BVOL2026_stage5_v1",163013,"Chaetoceros calcitrans","Chaetoceros","Bacillariophyceae","HETEROKONTOPHYTA","AU",1,"diatom","","autotroph",FALSE,"not_resolved","not_phaeocystis","peg_class_bacillariophyceae","authority_rule_assignment_not_yet_applied_to_biomass"
"PEG_BVOL2026_stage5_v1",163013,"Chaetoceros calcitrans","Chaetoceros","Bacillariophyceae","HETEROKONTOPHYTA","AU",2,"diatom","","autotroph",FALSE,"not_resolved","not_phaeocystis","peg_class_bacillariophyceae","authority_rule_assignment_not_yet_applied_to_biomass"
"PEG_BVOL2026_stage5_v1",163013,"Chaetoceros calcitrans","Chaetoceros","Bacillariophyceae","HETEROKONTOPHYTA","AU",3,"diatom","","autotroph",FALSE,"not_resolved","not_phaeocystis","peg_class_bacillariophyceae","authority_rule_assignment_not_yet_applied_to_biomass"
"PEG_BVOL2026_stage5_v1",163013,"Chaetoceros calcitrans","Chaetoceros","Bacillariophyceae","HETEROKONTOPHYTA","AU",4,"diatom","","autotroph",FALSE,"not_resolved","not_phaeocystis","peg_class_bacillariophyceae","authority_rule_assignment_not_yet_applied_to_biomass"
"PEG_BVOL2026_stage5_v1",149297,"Chaetoceros ceratosporus","Chaetoceros","Bacillariophyceae","HETEROKONTOPHYTA","AU",1,"diatom","","autotroph",FALSE,"not_resolved","not_phaeocystis","peg_class_bacillariophyceae","authority_rule_assignment_not_yet_applied_to_biomass"
"PEG_BVOL2026_stage5_v1",149297,"Chaetoceros ceratosporus","Chaetoceros","Bacillariophyceae","HETEROKONTOPHYTA","AU",2,"diatom","","autotroph",FALSE,"not_resolved","not_phaeocystis","peg_class_bacillariophyceae","authority_rule_assignment_not_yet_applied_to_biomass"
"PEG_BVOL2026_stage5_v1",149297,"Chaetoceros ceratosporus","Chaetoceros","Bacillariophyceae","HETEROKONTOPHYTA","AU",3,"diatom","","autotroph",FALSE,"not_resolved","not_phaeocystis","peg_class_bacillariophyceae","authority_rule_assignment_not_yet_applied_to_biomass"
"PEG_BVOL2026_stage5_v1",149297,"Chaetoceros ceratosporus","Chaetoceros","Bacillariophyceae","HETEROKONTOPHYTA","AU",4,"diatom","","autotroph",FALSE,"not_resolved","not_phaeocystis","peg_class_bacillariophyceae","authority_rule_assignment_not_yet_applied_to_biomass"
"PEG_BVOL2026_stage5_v1",149297,"Chaetoceros ceratosporus","Chaetoceros","Bacillariophyceae","HETEROKONTOPHYTA","AU",5,"diatom","","autotroph",FALSE,"not_resolved","not_phaeocystis","peg_class_bacillariophyceae","authority_rule_assignment_not_yet_applied_to_biomass"
"PEG_BVOL2026_stage5_v1",149297,"Chaetoceros ceratosporus","Chaetoceros","Bacillariophyceae","HETEROKONTOPHYTA","AU",6,"diatom","","autotroph",FALSE,"not_resolved","not_phaeocystis","peg_class_bacillariophyceae","authority_rule_assignment_not_yet_applied_to_biomass"
"PEG_BVOL2026_stage5_v1",163016,"Chaetoceros ceratosporus var. ceratosporus","Chaetoceros","Bacillariophyceae","HETEROKONTOPHYTA","AU",1,"diatom","","autotroph",FALSE,"not_resolved","not_phaeocystis","peg_class_bacillariophyceae","authority_rule_assignment_not_yet_applied_to_biomass"
"PEG_BVOL2026_stage5_v1",163016,"Chaetoceros ceratosporus var. ceratosporus","Chaetoceros","Bacillariophyceae","HETEROKONTOPHYTA","AU",2,"diatom","","autotroph",FALSE,"not_resolved","not_phaeocystis","peg_class_bacillariophyceae","authority_rule_assignment_not_yet_applied_to_biomass"
"PEG_BVOL2026_stage5_v1",163016,"Chaetoceros ceratosporus var. ceratosporus","Chaetoceros","Bacillariophyceae","HETEROKONTOPHYTA","AU",3,"diatom","","autotroph",FALSE,"not_resolved","not_phaeocystis","peg_class_bacillariophyceae","authority_rule_assignment_not_yet_applied_to_biomass"
"PEG_BVOL2026_stage5_v1",163016,"Chaetoceros ceratosporus var. ceratosporus","Chaetoceros","Bacillariophyceae","HETEROKONTOPHYTA","AU",4,"diatom","","autotroph",FALSE,"not_resolved","not_phaeocystis","peg_class_bacillariophyceae","authority_rule_assignment_not_yet_applied_to_biomass"
"PEG_BVOL2026_stage5_v1",163016,"Chaetoceros ceratosporus var. ceratosporus","Chaetoceros","Bacillariophyceae","HETEROKONTOPHYTA","AU",5,"diatom","","autotroph",FALSE,"not_resolved","not_phaeocystis","peg_class_bacillariophyceae","authority_rule_assignment_not_yet_applied_to_biomass"
"PEG_BVOL2026_stage5_v1",163016,"Chaetoceros ceratosporus var. ceratosporus","Chaetoceros","Bacillariophyceae","HETEROKONTOPHYTA","AU",6,"diatom","","autotroph",FALSE,"not_resolved","not_phaeocystis","peg_class_bacillariophyceae","authority_rule_assignment_not_yet_applied_to_biomass"
"PEG_BVOL2026_stage5_v1",163019,"Chaetoceros circinalis","Chaetoceros","Bacillariophyceae","HETEROKONTOPHYTA","AU",1,"diatom","","autotroph",FALSE,"not_resolved","not_phaeocystis","peg_class_bacillariophyceae","authority_rule_assignment_not_yet_applied_to_biomass"
"PEG_BVOL2026_stage5_v1",163019,"Chaetoceros circinalis","Chaetoceros","Bacillariophyceae","HETEROKONTOPHYTA","AU",2,"diatom","","autotroph",FALSE,"not_resolved","not_phaeocystis","peg_class_bacillariophyceae","authority_rule_assignment_not_yet_applied_to_biomass"
"PEG_BVOL2026_stage5_v1",149129,"Chaetoceros compressus","Chaetoceros","Bacillariophyceae","HETEROKONTOPHYTA","AU",1,"diatom","","autotroph",FALSE,"not_resolved","not_phaeocystis","peg_class_bacillariophyceae","authority_rule_assignment_not_yet_applied_to_biomass"
"PEG_BVOL2026_stage5_v1",149129,"Chaetoceros compressus","Chaetoceros","Bacillariophyceae","HETEROKONTOPHYTA","AU",2,"diatom","","autotroph",FALSE,"not_resolved","not_phaeocystis","peg_class_bacillariophyceae","authority_rule_assignment_not_yet_applied_to_biomass"
"PEG_BVOL2026_stage5_v1",149129,"Chaetoceros compressus","Chaetoceros","Bacillariophyceae","HETEROKONTOPHYTA","AU",3,"diatom","","autotroph",FALSE,"not_resolved","not_phaeocystis","peg_class_bacillariophyceae","authority_rule_assignment_not_yet_applied_to_biomass"
"PEG_BVOL2026_stage5_v1",149129,"Chaetoceros compressus","Chaetoceros","Bacillariophyceae","HETEROKONTOPHYTA","AU",4,"diatom","","autotroph",FALSE,"not_resolved","not_phaeocystis","peg_class_bacillariophyceae","authority_rule_assignment_not_yet_applied_to_biomass"
"PEG_BVOL2026_stage5_v1",156607,"Chaetoceros concavicornis","Chaetoceros","Bacillariophyceae","HETEROKONTOPHYTA","AU",1,"diatom","","autotroph",FALSE,"not_resolved","not_phaeocystis","peg_class_bacillariophyceae","authority_rule_assignment_not_yet_applied_to_biomass"
"PEG_BVOL2026_stage5_v1",156607,"Chaetoceros concavicornis","Chaetoceros","Bacillariophyceae","HETEROKONTOPHYTA","AU",2,"diatom","","autotroph",FALSE,"not_resolved","not_phaeocystis","peg_class_bacillariophyceae","authority_rule_assignment_not_yet_applied_to_biomass"
"PEG_BVOL2026_stage5_v1",156607,"Chaetoceros concavicornis","Chaetoceros","Bacillariophyceae","HETEROKONTOPHYTA","AU",3,"diatom","","autotroph",FALSE,"not_resolved","not_phaeocystis","peg_class_bacillariophyceae","authority_rule_assignment_not_yet_applied_to_biomass"
"PEG_BVOL2026_stage5_v1",156607,"Chaetoceros concavicornis","Chaetoceros","Bacillariophyceae","HETEROKONTOPHYTA","AU",4,"diatom","","autotroph",FALSE,"not_resolved","not_phaeocystis","peg_class_bacillariophyceae","authority_rule_assignment_not_yet_applied_to_biomass"
"PEG_BVOL2026_stage5_v1",156607,"Chaetoceros concavicornis","Chaetoceros","Bacillariophyceae","HETEROKONTOPHYTA","AU",5,"diatom","","autotroph",FALSE,"not_resolved","not_phaeocystis","peg_class_bacillariophyceae","authority_rule_assignment_not_yet_applied_to_biomass"
"PEG_BVOL2026_stage5_v1",156607,"Chaetoceros concavicornis","Chaetoceros","Bacillariophyceae","HETEROKONTOPHYTA","AU",6,"diatom","","autotroph",FALSE,"not_resolved","not_phaeocystis","peg_class_bacillariophyceae","authority_rule_assignment_not_yet_applied_to_biomass"
"PEG_BVOL2026_stage5_v1",156607,"Chaetoceros concavicornis","Chaetoceros","Bacillariophyceae","HETEROKONTOPHYTA","AU",7,"diatom","","autotroph",FALSE,"not_resolved","not_phaeocystis","peg_class_bacillariophyceae","authority_rule_assignment_not_yet_applied_to_biomass"
"PEG_BVOL2026_stage5_v1",156607,"Chaetoceros concavicornis","Chaetoceros","Bacillariophyceae","HETEROKONTOPHYTA","AU",8,"diatom","","autotroph",FALSE,"not_resolved","not_phaeocystis","peg_class_bacillariophyceae","authority_rule_assignment_not_yet_applied_to_biomass"
"PEG_BVOL2026_stage5_v1",156609,"Chaetoceros constrictus","Chaetoceros","Bacillariophyceae","HETEROKONTOPHYTA","AU",1,"diatom","","autotroph",FALSE,"not_resolved","not_phaeocystis","peg_class_bacillariophyceae","authority_rule_assignment_not_yet_applied_to_biomass"
"PEG_BVOL2026_stage5_v1",156609,"Chaetoceros constrictus","Chaetoceros","Bacillariophyceae","HETEROKONTOPHYTA","AU",2,"diatom","","autotroph",FALSE,"not_resolved","not_phaeocystis","peg_class_bacillariophyceae","authority_rule_assignment_not_yet_applied_to_biomass"
"PEG_BVOL2026_stage5_v1",156609,"Chaetoceros constrictus","Chaetoceros","Bacillariophyceae","HETEROKONTOPHYTA","AU",3,"diatom","","autotroph",FALSE,"not_resolved","not_phaeocystis","peg_class_bacillariophyceae","authority_rule_assignment_not_yet_applied_to_biomass"
"PEG_BVOL2026_stage5_v1",156609,"Chaetoceros constrictus","Chaetoceros","Bacillariophyceae","HETEROKONTOPHYTA","AU",4,"diatom","","autotroph",FALSE,"not_resolved","not_phaeocystis","peg_class_bacillariophyceae","authority_rule_assignment_not_yet_applied_to_biomass"
"PEG_BVOL2026_stage5_v1",156609,"Chaetoceros constrictus","Chaetoceros","Bacillariophyceae","HETEROKONTOPHYTA","AU",5,"diatom","","autotroph",FALSE,"not_resolved","not_phaeocystis","peg_class_bacillariophyceae","authority_rule_assignment_not_yet_applied_to_biomass"
"PEG_BVOL2026_stage5_v1",149623,"Chaetoceros contortus","Chaetoceros","Bacillariophyceae","HETEROKONTOPHYTA","AU",1,"diatom","","autotroph",FALSE,"not_resolved","not_phaeocystis","peg_class_bacillariophyceae","authority_rule_assignment_not_yet_applied_to_biomass"
"PEG_BVOL2026_stage5_v1",149623,"Chaetoceros contortus","Chaetoceros","Bacillariophyceae","HETEROKONTOPHYTA","AU",2,"diatom","","autotroph",FALSE,"not_resolved","not_phaeocystis","peg_class_bacillariophyceae","authority_rule_assignment_not_yet_applied_to_biomass"
"PEG_BVOL2026_stage5_v1",149623,"Chaetoceros contortus","Chaetoceros","Bacillariophyceae","HETEROKONTOPHYTA","AU",3,"diatom","","autotroph",FALSE,"not_resolved","not_phaeocystis","peg_class_bacillariophyceae","authority_rule_assignment_not_yet_applied_to_biomass"
"PEG_BVOL2026_stage5_v1",149623,"Chaetoceros contortus","Chaetoceros","Bacillariophyceae","HETEROKONTOPHYTA","AU",4,"diatom","","autotroph",FALSE,"not_resolved","not_phaeocystis","peg_class_bacillariophyceae","authority_rule_assignment_not_yet_applied_to_biomass"
"PEG_BVOL2026_stage5_v1",156611,"Chaetoceros convolutus","Chaetoceros","Bacillariophyceae","HETEROKONTOPHYTA","AU",3,"diatom","","autotroph",FALSE,"not_resolved","not_phaeocystis","peg_class_bacillariophyceae","authority_rule_assignment_not_yet_applied_to_biomass"
"PEG_BVOL2026_stage5_v1",156611,"Chaetoceros convolutus","Chaetoceros","Bacillariophyceae","HETEROKONTOPHYTA","AU",4,"diatom","","autotroph",FALSE,"not_resolved","not_phaeocystis","peg_class_bacillariophyceae","authority_rule_assignment_not_yet_applied_to_biomass"
"PEG_BVOL2026_stage5_v1",156611,"Chaetoceros convolutus","Chaetoceros","Bacillariophyceae","HETEROKONTOPHYTA","AU",5,"diatom","","autotroph",FALSE,"not_resolved","not_phaeocystis","peg_class_bacillariophyceae","authority_rule_assignment_not_yet_applied_to_biomass"
"PEG_BVOL2026_stage5_v1",156611,"Chaetoceros convolutus","Chaetoceros","Bacillariophyceae","HETEROKONTOPHYTA","AU",6,"diatom","","autotroph",FALSE,"not_resolved","not_phaeocystis","peg_class_bacillariophyceae","authority_rule_assignment_not_yet_applied_to_biomass"
"PEG_BVOL2026_stage5_v1",156611,"Chaetoceros convolutus","Chaetoceros","Bacillariophyceae","HETEROKONTOPHYTA","AU",7,"diatom","","autotroph",FALSE,"not_resolved","not_phaeocystis","peg_class_bacillariophyceae","authority_rule_assignment_not_yet_applied_to_biomass"
"PEG_BVOL2026_stage5_v1",156611,"Chaetoceros convolutus","Chaetoceros","Bacillariophyceae","HETEROKONTOPHYTA","AU",8,"diatom","","autotroph",FALSE,"not_resolved","not_phaeocystis","peg_class_bacillariophyceae","authority_rule_assignment_not_yet_applied_to_biomass"
"PEG_BVOL2026_stage5_v1",156611,"Chaetoceros convolutus","Chaetoceros","Bacillariophyceae","HETEROKONTOPHYTA","AU",9,"diatom","","autotroph",FALSE,"not_resolved","not_phaeocystis","peg_class_bacillariophyceae","authority_rule_assignment_not_yet_applied_to_biomass"
"PEG_BVOL2026_stage5_v1",156611,"Chaetoceros convolutus","Chaetoceros","Bacillariophyceae","HETEROKONTOPHYTA","AU",10,"diatom","","autotroph",FALSE,"not_resolved","not_phaeocystis","peg_class_bacillariophyceae","authority_rule_assignment_not_yet_applied_to_biomass"
"PEG_BVOL2026_stage5_v1",156611,"Chaetoceros convolutus","Chaetoceros","Bacillariophyceae","HETEROKONTOPHYTA","AU",11,"diatom","","autotroph",FALSE,"not_resolved","not_phaeocystis","peg_class_bacillariophyceae","authority_rule_assignment_not_yet_applied_to_biomass"
"PEG_BVOL2026_stage5_v1",156611,"Chaetoceros convolutus","Chaetoceros","Bacillariophyceae","HETEROKONTOPHYTA","AU",12,"diatom","","autotroph",FALSE,"not_resolved","not_phaeocystis","peg_class_bacillariophyceae","authority_rule_assignment_not_yet_applied_to_biomass"
"PEG_BVOL2026_stage5_v1",163026,"Chaetoceros coronatus","Chaetoceros","Bacillariophyceae","HETEROKONTOPHYTA","AU",1,"diatom","","autotroph",FALSE,"not_resolved","not_phaeocystis","peg_class_bacillariophyceae","authority_rule_assignment_not_yet_applied_to_biomass"
"PEG_BVOL2026_stage5_v1",163026,"Chaetoceros coronatus","Chaetoceros","Bacillariophyceae","HETEROKONTOPHYTA","AU",2,"diatom","","autotroph",FALSE,"not_resolved","not_phaeocystis","peg_class_bacillariophyceae","authority_rule_assignment_not_yet_applied_to_biomass"
"PEG_BVOL2026_stage5_v1",149289,"Chaetoceros costatus","Chaetoceros","Bacillariophyceae","HETEROKONTOPHYTA","AU",1,"diatom","","autotroph",FALSE,"not_resolved","not_phaeocystis","peg_class_bacillariophyceae","authority_rule_assignment_not_yet_applied_to_biomass"
"PEG_BVOL2026_stage5_v1",149289,"Chaetoceros costatus","Chaetoceros","Bacillariophyceae","HETEROKONTOPHYTA","AU",2,"diatom","","autotroph",FALSE,"not_resolved","not_phaeocystis","peg_class_bacillariophyceae","authority_rule_assignment_not_yet_applied_to_biomass"
"PEG_BVOL2026_stage5_v1",149171,"Chaetoceros crinitus","Chaetoceros","Bacillariophyceae","HETEROKONTOPHYTA","AU",1,"diatom","","autotroph",FALSE,"not_resolved","not_phaeocystis","peg_class_bacillariophyceae","authority_rule_assignment_not_yet_applied_to_biomass"
"PEG_BVOL2026_stage5_v1",149171,"Chaetoceros crinitus","Chaetoceros","Bacillariophyceae","HETEROKONTOPHYTA","AU",2,"diatom","","autotroph",FALSE,"not_resolved","not_phaeocystis","peg_class_bacillariophyceae","authority_rule_assignment_not_yet_applied_to_biomass"
"PEG_BVOL2026_stage5_v1",149221,"Chaetoceros curvisetus","Chaetoceros","Bacillariophyceae","HETEROKONTOPHYTA","AU",1,"diatom","","autotroph",FALSE,"not_resolved","not_phaeocystis","peg_class_bacillariophyceae","authority_rule_assignment_not_yet_applied_to_biomass"
"PEG_BVOL2026_stage5_v1",149221,"Chaetoceros curvisetus","Chaetoceros","Bacillariophyceae","HETEROKONTOPHYTA","AU",2,"diatom","","autotroph",FALSE,"not_resolved","not_phaeocystis","peg_class_bacillariophyceae","authority_rule_assignment_not_yet_applied_to_biomass"
"PEG_BVOL2026_stage5_v1",149221,"Chaetoceros curvisetus","Chaetoceros","Bacillariophyceae","HETEROKONTOPHYTA","AU",3,"diatom","","autotroph",FALSE,"not_resolved","not_phaeocystis","peg_class_bacillariophyceae","authority_rule_assignment_not_yet_applied_to_biomass"
"PEG_BVOL2026_stage5_v1",149221,"Chaetoceros curvisetus","Chaetoceros","Bacillariophyceae","HETEROKONTOPHYTA","AU",4,"diatom","","autotroph",FALSE,"not_resolved","not_phaeocystis","peg_class_bacillariophyceae","authority_rule_assignment_not_yet_applied_to_biomass"
"PEG_BVOL2026_stage5_v1",149120,"Chaetoceros danicus","Chaetoceros","Bacillariophyceae","HETEROKONTOPHYTA","AU",1,"diatom","","autotroph",FALSE,"not_resolved","not_phaeocystis","peg_class_bacillariophyceae","authority_rule_assignment_not_yet_applied_to_biomass"
"PEG_BVOL2026_stage5_v1",149120,"Chaetoceros danicus","Chaetoceros","Bacillariophyceae","HETEROKONTOPHYTA","AU",2,"diatom","","autotroph",FALSE,"not_resolved","not_phaeocystis","peg_class_bacillariophyceae","authority_rule_assignment_not_yet_applied_to_biomass"
"PEG_BVOL2026_stage5_v1",149120,"Chaetoceros danicus","Chaetoceros","Bacillariophyceae","HETEROKONTOPHYTA","AU",3,"diatom","","autotroph",FALSE,"not_resolved","not_phaeocystis","peg_class_bacillariophyceae","authority_rule_assignment_not_yet_applied_to_biomass"
"PEG_BVOL2026_stage5_v1",149120,"Chaetoceros danicus","Chaetoceros","Bacillariophyceae","HETEROKONTOPHYTA","AU",4,"diatom","","autotroph",FALSE,"not_resolved","not_phaeocystis","peg_class_bacillariophyceae","authority_rule_assignment_not_yet_applied_to_biomass"
"PEG_BVOL2026_stage5_v1",149120,"Chaetoceros danicus","Chaetoceros","Bacillariophyceae","HETEROKONTOPHYTA","AU",5,"diatom","","autotroph",FALSE,"not_resolved","not_phaeocystis","peg_class_bacillariophyceae","authority_rule_assignment_not_yet_applied_to_biomass"
"PEG_BVOL2026_stage5_v1",149120,"Chaetoceros danicus","Chaetoceros","Bacillariophyceae","HETEROKONTOPHYTA","AU",6,"diatom","","autotroph",FALSE,"not_resolved","not_phaeocystis","peg_class_bacillariophyceae","authority_rule_assignment_not_yet_applied_to_biomass"
"PEG_BVOL2026_stage5_v1",149120,"Chaetoceros danicus","Chaetoceros","Bacillariophyceae","HETEROKONTOPHYTA","AU",7,"diatom","","autotroph",FALSE,"not_resolved","not_phaeocystis","peg_class_bacillariophyceae","authority_rule_assignment_not_yet_applied_to_biomass"
"PEG_BVOL2026_stage5_v1",149120,"Chaetoceros danicus","Chaetoceros","Bacillariophyceae","HETEROKONTOPHYTA","AU",8,"diatom","","autotroph",FALSE,"not_resolved","not_phaeocystis","peg_class_bacillariophyceae","authority_rule_assignment_not_yet_applied_to_biomass"
"PEG_BVOL2026_stage5_v1",149120,"Chaetoceros danicus","Chaetoceros","Bacillariophyceae","HETEROKONTOPHYTA","AU",9,"diatom","","autotroph",FALSE,"not_resolved","not_phaeocystis","peg_class_bacillariophyceae","authority_rule_assignment_not_yet_applied_to_biomass"
"PEG_BVOL2026_stage5_v1",149120,"Chaetoceros danicus","Chaetoceros","Bacillariophyceae","HETEROKONTOPHYTA","AU",10,"diatom","","autotroph",FALSE,"not_resolved","not_phaeocystis","peg_class_bacillariophyceae","authority_rule_assignment_not_yet_applied_to_biomass"
"PEG_BVOL2026_stage5_v1",149120,"Chaetoceros danicus","Chaetoceros","Bacillariophyceae","HETEROKONTOPHYTA","AU",11,"diatom","","autotroph",FALSE,"not_resolved","not_phaeocystis","peg_class_bacillariophyceae","authority_rule_assignment_not_yet_applied_to_biomass"
"PEG_BVOL2026_stage5_v1",149219,"Chaetoceros debilis","Chaetoceros","Bacillariophyceae","HETEROKONTOPHYTA","AU",1,"diatom","","autotroph",FALSE,"not_resolved","not_phaeocystis","peg_class_bacillariophyceae","authority_rule_assignment_not_yet_applied_to_biomass"
"PEG_BVOL2026_stage5_v1",149219,"Chaetoceros debilis","Chaetoceros","Bacillariophyceae","HETEROKONTOPHYTA","AU",2,"diatom","","autotroph",FALSE,"not_resolved","not_phaeocystis","peg_class_bacillariophyceae","authority_rule_assignment_not_yet_applied_to_biomass"
"PEG_BVOL2026_stage5_v1",149219,"Chaetoceros debilis","Chaetoceros","Bacillariophyceae","HETEROKONTOPHYTA","AU",3,"diatom","","autotroph",FALSE,"not_resolved","not_phaeocystis","peg_class_bacillariophyceae","authority_rule_assignment_not_yet_applied_to_biomass"
"PEG_BVOL2026_stage5_v1",149219,"Chaetoceros debilis","Chaetoceros","Bacillariophyceae","HETEROKONTOPHYTA","AU",4,"diatom","","autotroph",FALSE,"not_resolved","not_phaeocystis","peg_class_bacillariophyceae","authority_rule_assignment_not_yet_applied_to_biomass"
"PEG_BVOL2026_stage5_v1",149219,"Chaetoceros debilis","Chaetoceros","Bacillariophyceae","HETEROKONTOPHYTA","AU",5,"diatom","","autotroph",FALSE,"not_resolved","not_phaeocystis","peg_class_bacillariophyceae","authority_rule_assignment_not_yet_applied_to_biomass"
"PEG_BVOL2026_stage5_v1",149126,"Chaetoceros decipiens","Chaetoceros","Bacillariophyceae","HETEROKONTOPHYTA","AU",6,"diatom","","autotroph",FALSE,"not_resolved","not_phaeocystis","peg_class_bacillariophyceae","authority_rule_assignment_not_yet_applied_to_biomass"
"PEG_BVOL2026_stage5_v1",149126,"Chaetoceros decipiens","Chaetoceros","Bacillariophyceae","HETEROKONTOPHYTA","AU",7,"diatom","","autotroph",FALSE,"not_resolved","not_phaeocystis","peg_class_bacillariophyceae","authority_rule_assignment_not_yet_applied_to_biomass"
"PEG_BVOL2026_stage5_v1",149126,"Chaetoceros decipiens","Chaetoceros","Bacillariophyceae","HETEROKONTOPHYTA","AU",8,"diatom","","autotroph",FALSE,"not_resolved","not_phaeocystis","peg_class_bacillariophyceae","authority_rule_assignment_not_yet_applied_to_biomass"
"PEG_BVOL2026_stage5_v1",149126,"Chaetoceros decipiens","Chaetoceros","Bacillariophyceae","HETEROKONTOPHYTA","AU",9,"diatom","","autotroph",FALSE,"not_resolved","not_phaeocystis","peg_class_bacillariophyceae","authority_rule_assignment_not_yet_applied_to_biomass"
"PEG_BVOL2026_stage5_v1",149126,"Chaetoceros decipiens","Chaetoceros","Bacillariophyceae","HETEROKONTOPHYTA","AU",10,"diatom","","autotroph",FALSE,"not_resolved","not_phaeocystis","peg_class_bacillariophyceae","authority_rule_assignment_not_yet_applied_to_biomass"
"PEG_BVOL2026_stage5_v1",149121,"Chaetoceros densus","Chaetoceros","Bacillariophyceae","HETEROKONTOPHYTA","AU",1,"diatom","","autotroph",FALSE,"not_resolved","not_phaeocystis","peg_class_bacillariophyceae","authority_rule_assignment_not_yet_applied_to_biomass"
"PEG_BVOL2026_stage5_v1",149128,"Chaetoceros diadema","Chaetoceros","Bacillariophyceae","HETEROKONTOPHYTA","AU",3,"diatom","","autotroph",FALSE,"not_resolved","not_phaeocystis","peg_class_bacillariophyceae","authority_rule_assignment_not_yet_applied_to_biomass"
"PEG_BVOL2026_stage5_v1",149128,"Chaetoceros diadema","Chaetoceros","Bacillariophyceae","HETEROKONTOPHYTA","AU",4,"diatom","","autotroph",FALSE,"not_resolved","not_phaeocystis","peg_class_bacillariophyceae","authority_rule_assignment_not_yet_applied_to_biomass"
"PEG_BVOL2026_stage5_v1",149128,"Chaetoceros diadema","Chaetoceros","Bacillariophyceae","HETEROKONTOPHYTA","AU",5,"diatom","","autotroph",FALSE,"not_resolved","not_phaeocystis","peg_class_bacillariophyceae","authority_rule_assignment_not_yet_applied_to_biomass"
"PEG_BVOL2026_stage5_v1",149128,"Chaetoceros diadema","Chaetoceros","Bacillariophyceae","HETEROKONTOPHYTA","AU",6,"diatom","","autotroph",FALSE,"not_resolved","not_phaeocystis","peg_class_bacillariophyceae","authority_rule_assignment_not_yet_applied_to_biomass"
"PEG_BVOL2026_stage5_v1",149122,"Chaetoceros didymus","Chaetoceros","Bacillariophyceae","HETEROKONTOPHYTA","AU",1,"diatom","","autotroph",FALSE,"not_resolved","not_phaeocystis","peg_class_bacillariophyceae","authority_rule_assignment_not_yet_applied_to_biomass"
"PEG_BVOL2026_stage5_v1",149122,"Chaetoceros didymus","Chaetoceros","Bacillariophyceae","HETEROKONTOPHYTA","AU",2,"diatom","","autotroph",FALSE,"not_resolved","not_phaeocystis","peg_class_bacillariophyceae","authority_rule_assignment_not_yet_applied_to_biomass"
"PEG_BVOL2026_stage5_v1",149122,"Chaetoceros didymus","Chaetoceros","Bacillariophyceae","HETEROKONTOPHYTA","AU",3,"diatom","","autotroph",FALSE,"not_resolved","not_phaeocystis","peg_class_bacillariophyceae","authority_rule_assignment_not_yet_applied_to_biomass"
"PEG_BVOL2026_stage5_v1",149122,"Chaetoceros didymus","Chaetoceros","Bacillariophyceae","HETEROKONTOPHYTA","AU",4,"diatom","","autotroph",FALSE,"not_resolved","not_phaeocystis","peg_class_bacillariophyceae","authority_rule_assignment_not_yet_applied_to_biomass"
"PEG_BVOL2026_stage5_v1",163048,"Chaetoceros didymus var. didymus","Chaetoceros","Bacillariophyceae","HETEROKONTOPHYTA","AU",1,"diatom","","autotroph",FALSE,"not_resolved","not_phaeocystis","peg_class_bacillariophyceae","authority_rule_assignment_not_yet_applied_to_biomass"
"PEG_BVOL2026_stage5_v1",163048,"Chaetoceros didymus var. didymus","Chaetoceros","Bacillariophyceae","HETEROKONTOPHYTA","AU",2,"diatom","","autotroph",FALSE,"not_resolved","not_phaeocystis","peg_class_bacillariophyceae","authority_rule_assignment_not_yet_applied_to_biomass"
"PEG_BVOL2026_stage5_v1",163048,"Chaetoceros didymus var. didymus","Chaetoceros","Bacillariophyceae","HETEROKONTOPHYTA","AU",3,"diatom","","autotroph",FALSE,"not_resolved","not_phaeocystis","peg_class_bacillariophyceae","authority_rule_assignment_not_yet_applied_to_biomass"
"PEG_BVOL2026_stage5_v1",163049,"Chaetoceros didymus var. anglicus","Chaetoceros","Bacillariophyceae","HETEROKONTOPHYTA","AU",2,"diatom","","autotroph",FALSE,"not_resolved","not_phaeocystis","peg_class_bacillariophyceae","authority_rule_assignment_not_yet_applied_to_biomass"
"PEG_BVOL2026_stage5_v1",160521,"Chaetoceros eibenii","Chaetoceros","Bacillariophyceae","HETEROKONTOPHYTA","AU",1,"diatom","","autotroph",FALSE,"not_resolved","not_phaeocystis","peg_class_bacillariophyceae","authority_rule_assignment_not_yet_applied_to_biomass"
"PEG_BVOL2026_stage5_v1",160522,"Chaetoceros externus","Chaetoceros","Bacillariophyceae","HETEROKONTOPHYTA","AU",1,"diatom","","autotroph",FALSE,"not_resolved","not_phaeocystis","peg_class_bacillariophyceae","authority_rule_assignment_not_yet_applied_to_biomass"
"PEG_BVOL2026_stage5_v1",163063,"Chaetoceros holsaticus","Chaetoceros","Bacillariophyceae","HETEROKONTOPHYTA","AU",1,"diatom","","autotroph",FALSE,"not_resolved","not_phaeocystis","peg_class_bacillariophyceae","authority_rule_assignment_not_yet_applied_to_biomass"
"PEG_BVOL2026_stage5_v1",163063,"Chaetoceros holsaticus","Chaetoceros","Bacillariophyceae","HETEROKONTOPHYTA","AU",2,"diatom","","autotroph",FALSE,"not_resolved","not_phaeocystis","peg_class_bacillariophyceae","authority_rule_assignment_not_yet_applied_to_biomass"
"PEG_BVOL2026_stage5_v1",163063,"Chaetoceros holsaticus","Chaetoceros","Bacillariophyceae","HETEROKONTOPHYTA","AU",3,"diatom","","autotroph",FALSE,"not_resolved","not_phaeocystis","peg_class_bacillariophyceae","authority_rule_assignment_not_yet_applied_to_biomass"
"PEG_BVOL2026_stage5_v1",163063,"Chaetoceros holsaticus","Chaetoceros","Bacillariophyceae","HETEROKONTOPHYTA","AU",4,"diatom","","autotroph",FALSE,"not_resolved","not_phaeocystis","peg_class_bacillariophyceae","authority_rule_assignment_not_yet_applied_to_biomass"
"PEG_BVOL2026_stage5_v1",163063,"Chaetoceros holsaticus","Chaetoceros","Bacillariophyceae","HETEROKONTOPHYTA","AU",5,"diatom","","autotroph",FALSE,"not_resolved","not_phaeocystis","peg_class_bacillariophyceae","authority_rule_assignment_not_yet_applied_to_biomass"
"PEG_BVOL2026_stage5_v1",163063,"Chaetoceros holsaticus","Chaetoceros","Bacillariophyceae","HETEROKONTOPHYTA","AU",6,"diatom","","autotroph",FALSE,"not_resolved","not_phaeocystis","peg_class_bacillariophyceae","authority_rule_assignment_not_yet_applied_to_biomass"
"PEG_BVOL2026_stage5_v1",156613,"Chaetoceros ingolfianus","Chaetoceros","Bacillariophyceae","HETEROKONTOPHYTA","AU",1,"diatom","","autotroph",FALSE,"not_resolved","not_phaeocystis","peg_class_bacillariophyceae","authority_rule_assignment_not_yet_applied_to_biomass"
"PEG_BVOL2026_stage5_v1",156613,"Chaetoceros ingolfianus","Chaetoceros","Bacillariophyceae","HETEROKONTOPHYTA","AU",2,"diatom","","autotroph",FALSE,"not_resolved","not_phaeocystis","peg_class_bacillariophyceae","authority_rule_assignment_not_yet_applied_to_biomass"
"PEG_BVOL2026_stage5_v1",156613,"Chaetoceros ingolfianus","Chaetoceros","Bacillariophyceae","HETEROKONTOPHYTA","AU",3,"diatom","","autotroph",FALSE,"not_resolved","not_phaeocystis","peg_class_bacillariophyceae","authority_rule_assignment_not_yet_applied_to_biomass"
"PEG_BVOL2026_stage5_v1",149228,"Chaetoceros laciniosus","Chaetoceros","Bacillariophyceae","HETEROKONTOPHYTA","AU",1,"diatom","","autotroph",FALSE,"not_resolved","not_phaeocystis","peg_class_bacillariophyceae","authority_rule_assignment_not_yet_applied_to_biomass"
"PEG_BVOL2026_stage5_v1",149228,"Chaetoceros laciniosus","Chaetoceros","Bacillariophyceae","HETEROKONTOPHYTA","AU",2,"diatom","","autotroph",FALSE,"not_resolved","not_phaeocystis","peg_class_bacillariophyceae","authority_rule_assignment_not_yet_applied_to_biomass"
"PEG_BVOL2026_stage5_v1",149228,"Chaetoceros laciniosus","Chaetoceros","Bacillariophyceae","HETEROKONTOPHYTA","AU",3,"diatom","","autotroph",FALSE,"not_resolved","not_phaeocystis","peg_class_bacillariophyceae","authority_rule_assignment_not_yet_applied_to_biomass"
"PEG_BVOL2026_stage5_v1",149228,"Chaetoceros laciniosus","Chaetoceros","Bacillariophyceae","HETEROKONTOPHYTA","AU",4,"diatom","","autotroph",FALSE,"not_resolved","not_phaeocystis","peg_class_bacillariophyceae","authority_rule_assignment_not_yet_applied_to_biomass"
"PEG_BVOL2026_stage5_v1",160523,"Chaetoceros lauderi","Chaetoceros","Bacillariophyceae","HETEROKONTOPHYTA","AU",1,"diatom","","autotroph",FALSE,"not_resolved","not_phaeocystis","peg_class_bacillariophyceae","authority_rule_assignment_not_yet_applied_to_biomass"
"PEG_BVOL2026_stage5_v1",160523,"Chaetoceros lauderi","Chaetoceros","Bacillariophyceae","HETEROKONTOPHYTA","AU",2,"diatom","","autotroph",FALSE,"not_resolved","not_phaeocystis","peg_class_bacillariophyceae","authority_rule_assignment_not_yet_applied_to_biomass"
"PEG_BVOL2026_stage5_v1",160523,"Chaetoceros lauderi","Chaetoceros","Bacillariophyceae","HETEROKONTOPHYTA","AU",3,"diatom","","autotroph",FALSE,"not_resolved","not_phaeocystis","peg_class_bacillariophyceae","authority_rule_assignment_not_yet_applied_to_biomass"
"PEG_BVOL2026_stage5_v1",156617,"Chaetoceros lorenzianus","Chaetoceros","Bacillariophyceae","HETEROKONTOPHYTA","AU",1,"diatom","","autotroph",FALSE,"not_resolved","not_phaeocystis","peg_class_bacillariophyceae","authority_rule_assignment_not_yet_applied_to_biomass"
"PEG_BVOL2026_stage5_v1",156617,"Chaetoceros lorenzianus","Chaetoceros","Bacillariophyceae","HETEROKONTOPHYTA","AU",2,"diatom","","autotroph",FALSE,"not_resolved","not_phaeocystis","peg_class_bacillariophyceae","authority_rule_assignment_not_yet_applied_to_biomass"
"PEG_BVOL2026_stage5_v1",156617,"Chaetoceros lorenzianus","Chaetoceros","Bacillariophyceae","HETEROKONTOPHYTA","AU",3,"diatom","","autotroph",FALSE,"not_resolved","not_phaeocystis","peg_class_bacillariophyceae","authority_rule_assignment_not_yet_applied_to_biomass"
"PEG_BVOL2026_stage5_v1",156617,"Chaetoceros lorenzianus","Chaetoceros","Bacillariophyceae","HETEROKONTOPHYTA","AU",4,"diatom","","autotroph",FALSE,"not_resolved","not_phaeocystis","peg_class_bacillariophyceae","authority_rule_assignment_not_yet_applied_to_biomass"
"PEG_BVOL2026_stage5_v1",156617,"Chaetoceros lorenzianus","Chaetoceros","Bacillariophyceae","HETEROKONTOPHYTA","AU",5,"diatom","","autotroph",FALSE,"not_resolved","not_phaeocystis","peg_class_bacillariophyceae","authority_rule_assignment_not_yet_applied_to_biomass"
"PEG_BVOL2026_stage5_v1",156617,"Chaetoceros lorenzianus","Chaetoceros","Bacillariophyceae","HETEROKONTOPHYTA","AU",6,"diatom","","autotroph",FALSE,"not_resolved","not_phaeocystis","peg_class_bacillariophyceae","authority_rule_assignment_not_yet_applied_to_biomass"
"PEG_BVOL2026_stage5_v1",156617,"Chaetoceros lorenzianus","Chaetoceros","Bacillariophyceae","HETEROKONTOPHYTA","AU",7,"diatom","","autotroph",FALSE,"not_resolved","not_phaeocystis","peg_class_bacillariophyceae","authority_rule_assignment_not_yet_applied_to_biomass"
"PEG_BVOL2026_stage5_v1",156617,"Chaetoceros lorenzianus","Chaetoceros","Bacillariophyceae","HETEROKONTOPHYTA","AU",8,"diatom","","autotroph",FALSE,"not_resolved","not_phaeocystis","peg_class_bacillariophyceae","authority_rule_assignment_not_yet_applied_to_biomass"
"PEG_BVOL2026_stage5_v1",163089,"Chaetoceros minimus","Chaetoceros","Bacillariophyceae","HETEROKONTOPHYTA","AU",1,"diatom","","autotroph",FALSE,"not_resolved","not_phaeocystis","peg_class_bacillariophyceae","authority_rule_assignment_not_yet_applied_to_biomass"
"PEG_BVOL2026_stage5_v1",163089,"Chaetoceros minimus","Chaetoceros","Bacillariophyceae","HETEROKONTOPHYTA","AU",2,"diatom","","autotroph",FALSE,"not_resolved","not_phaeocystis","peg_class_bacillariophyceae","authority_rule_assignment_not_yet_applied_to_biomass"
"PEG_BVOL2026_stage5_v1",163089,"Chaetoceros minimus","Chaetoceros","Bacillariophyceae","HETEROKONTOPHYTA","AU",3,"diatom","","autotroph",FALSE,"not_resolved","not_phaeocystis","peg_class_bacillariophyceae","authority_rule_assignment_not_yet_applied_to_biomass"
"PEG_BVOL2026_stage5_v1",163098,"Chaetoceros muelleri","Chaetoceros","Bacillariophyceae","HETEROKONTOPHYTA","AU",1,"diatom","","autotroph",FALSE,"not_resolved","not_phaeocystis","peg_class_bacillariophyceae","authority_rule_assignment_not_yet_applied_to_biomass"
"PEG_BVOL2026_stage5_v1",178207,"Chaetoceros neogracilis","Chaetoceros","Bacillariophyceae","HETEROKONTOPHYTA","AU",1,"diatom","","autotroph",FALSE,"not_resolved","not_phaeocystis","peg_class_bacillariophyceae","authority_rule_assignment_not_yet_applied_to_biomass"
"PEG_BVOL2026_stage5_v1",178207,"Chaetoceros neogracilis","Chaetoceros","Bacillariophyceae","HETEROKONTOPHYTA","AU",2,"diatom","","autotroph",FALSE,"not_resolved","not_phaeocystis","peg_class_bacillariophyceae","authority_rule_assignment_not_yet_applied_to_biomass"
"PEG_BVOL2026_stage5_v1",178207,"Chaetoceros neogracilis","Chaetoceros","Bacillariophyceae","HETEROKONTOPHYTA","AU",3,"diatom","","autotroph",FALSE,"not_resolved","not_phaeocystis","peg_class_bacillariophyceae","authority_rule_assignment_not_yet_applied_to_biomass"
"PEG_BVOL2026_stage5_v1",178207,"Chaetoceros neogracilis","Chaetoceros","Bacillariophyceae","HETEROKONTOPHYTA","AU",4,"diatom","","autotroph",FALSE,"not_resolved","not_phaeocystis","peg_class_bacillariophyceae","authority_rule_assignment_not_yet_applied_to_biomass"
"PEG_BVOL2026_stage5_v1",178207,"Chaetoceros neogracilis","Chaetoceros","Bacillariophyceae","HETEROKONTOPHYTA","AU",5,"diatom","","autotroph",FALSE,"not_resolved","not_phaeocystis","peg_class_bacillariophyceae","authority_rule_assignment_not_yet_applied_to_biomass"
"PEG_BVOL2026_stage5_v1",1296550,"Chaetoceros pauciramosus","Chaetoceros","Bacillariophyceae","HETEROKONTOPHYTA","AU",1,"diatom","","autotroph",FALSE,"not_resolved","not_phaeocystis","peg_class_bacillariophyceae","authority_rule_assignment_not_yet_applied_to_biomass"
"PEG_BVOL2026_stage5_v1",1296550,"Chaetoceros pauciramosus","Chaetoceros","Bacillariophyceae","HETEROKONTOPHYTA","AU",2,"diatom","","autotroph",FALSE,"not_resolved","not_phaeocystis","peg_class_bacillariophyceae","authority_rule_assignment_not_yet_applied_to_biomass"
"PEG_BVOL2026_stage5_v1",1296550,"Chaetoceros pauciramosus","Chaetoceros","Bacillariophyceae","HETEROKONTOPHYTA","AU",3,"diatom","","autotroph",FALSE,"not_resolved","not_phaeocystis","peg_class_bacillariophyceae","authority_rule_assignment_not_yet_applied_to_biomass"
"PEG_BVOL2026_stage5_v1",1296550,"Chaetoceros pauciramosus","Chaetoceros","Bacillariophyceae","HETEROKONTOPHYTA","AU",4,"diatom","","autotroph",FALSE,"not_resolved","not_phaeocystis","peg_class_bacillariophyceae","authority_rule_assignment_not_yet_applied_to_biomass"
"PEG_BVOL2026_stage5_v1",1296550,"Chaetoceros pauciramosus","Chaetoceros","Bacillariophyceae","HETEROKONTOPHYTA","AU",5,"diatom","","autotroph",FALSE,"not_resolved","not_phaeocystis","peg_class_bacillariophyceae","authority_rule_assignment_not_yet_applied_to_biomass"
"PEG_BVOL2026_stage5_v1",1296550,"Chaetoceros pauciramosus","Chaetoceros","Bacillariophyceae","HETEROKONTOPHYTA","AU",6,"diatom","","autotroph",FALSE,"not_resolved","not_phaeocystis","peg_class_bacillariophyceae","authority_rule_assignment_not_yet_applied_to_biomass"
"PEG_BVOL2026_stage5_v1",1296550,"Chaetoceros pauciramosus","Chaetoceros","Bacillariophyceae","HETEROKONTOPHYTA","AU",7,"diatom","","autotroph",FALSE,"not_resolved","not_phaeocystis","peg_class_bacillariophyceae","authority_rule_assignment_not_yet_applied_to_biomass"
"PEG_BVOL2026_stage5_v1",1296550,"Chaetoceros pauciramosus","Chaetoceros","Bacillariophyceae","HETEROKONTOPHYTA","AU",8,"diatom","","autotroph",FALSE,"not_resolved","not_phaeocystis","peg_class_bacillariophyceae","authority_rule_assignment_not_yet_applied_to_biomass"
"PEG_BVOL2026_stage5_v1",1296550,"Chaetoceros pauciramosus","Chaetoceros","Bacillariophyceae","HETEROKONTOPHYTA","AU",9,"diatom","","autotroph",FALSE,"not_resolved","not_phaeocystis","peg_class_bacillariophyceae","authority_rule_assignment_not_yet_applied_to_biomass"
"PEG_BVOL2026_stage5_v1",1296550,"Chaetoceros pauciramosus","Chaetoceros","Bacillariophyceae","HETEROKONTOPHYTA","AU",10,"diatom","","autotroph",FALSE,"not_resolved","not_phaeocystis","peg_class_bacillariophyceae","authority_rule_assignment_not_yet_applied_to_biomass"
"PEG_BVOL2026_stage5_v1",163055,"Chaetoceros protuberans","Chaetoceros","Bacillariophyceae","HETEROKONTOPHYTA","AU",1,"diatom","","autotroph",FALSE,"not_resolved","not_phaeocystis","peg_class_bacillariophyceae","authority_rule_assignment_not_yet_applied_to_biomass"
"PEG_BVOL2026_stage5_v1",149222,"Chaetoceros pseudocrinitus","Chaetoceros","Bacillariophyceae","HETEROKONTOPHYTA","AU",1,"diatom","","autotroph",FALSE,"not_resolved","not_phaeocystis","peg_class_bacillariophyceae","authority_rule_assignment_not_yet_applied_to_biomass"
"PEG_BVOL2026_stage5_v1",621740,"Chaetoceros salsugineus","Chaetoceros","Bacillariophyceae","HETEROKONTOPHYTA","AU",1,"diatom","","autotroph",FALSE,"not_resolved","not_phaeocystis","peg_class_bacillariophyceae","authority_rule_assignment_not_yet_applied_to_biomass"
"PEG_BVOL2026_stage5_v1",621740,"Chaetoceros salsugineus","Chaetoceros","Bacillariophyceae","HETEROKONTOPHYTA","AU",2,"diatom","","autotroph",FALSE,"not_resolved","not_phaeocystis","peg_class_bacillariophyceae","authority_rule_assignment_not_yet_applied_to_biomass"
"PEG_BVOL2026_stage5_v1",163118,"Chaetoceros seiracanthus","Chaetoceros","Bacillariophyceae","HETEROKONTOPHYTA","AU",1,"diatom","","autotroph",FALSE,"not_resolved","not_phaeocystis","peg_class_bacillariophyceae","authority_rule_assignment_not_yet_applied_to_biomass"
"PEG_BVOL2026_stage5_v1",163118,"Chaetoceros seiracanthus","Chaetoceros","Bacillariophyceae","HETEROKONTOPHYTA","AU",2,"diatom","","autotroph",FALSE,"not_resolved","not_phaeocystis","peg_class_bacillariophyceae","authority_rule_assignment_not_yet_applied_to_biomass"
"PEG_BVOL2026_stage5_v1",163118,"Chaetoceros seiracanthus","Chaetoceros","Bacillariophyceae","HETEROKONTOPHYTA","AU",3,"diatom","","autotroph",FALSE,"not_resolved","not_phaeocystis","peg_class_bacillariophyceae","authority_rule_assignment_not_yet_applied_to_biomass"
"PEG_BVOL2026_stage5_v1",149127,"Chaetoceros similis","Chaetoceros","Bacillariophyceae","HETEROKONTOPHYTA","AU",1,"diatom","","autotroph",FALSE,"not_resolved","not_phaeocystis","peg_class_bacillariophyceae","authority_rule_assignment_not_yet_applied_to_biomass"
"PEG_BVOL2026_stage5_v1",149127,"Chaetoceros similis","Chaetoceros","Bacillariophyceae","HETEROKONTOPHYTA","AU",2,"diatom","","autotroph",FALSE,"not_resolved","not_phaeocystis","peg_class_bacillariophyceae","authority_rule_assignment_not_yet_applied_to_biomass"
"PEG_BVOL2026_stage5_v1",149127,"Chaetoceros similis","Chaetoceros","Bacillariophyceae","HETEROKONTOPHYTA","AU",3,"diatom","","autotroph",FALSE,"not_resolved","not_phaeocystis","peg_class_bacillariophyceae","authority_rule_assignment_not_yet_applied_to_biomass"
"PEG_BVOL2026_stage5_v1",149127,"Chaetoceros similis","Chaetoceros","Bacillariophyceae","HETEROKONTOPHYTA","AU",4,"diatom","","autotroph",FALSE,"not_resolved","not_phaeocystis","peg_class_bacillariophyceae","authority_rule_assignment_not_yet_applied_to_biomass"
"PEG_BVOL2026_stage5_v1",149127,"Chaetoceros similis","Chaetoceros","Bacillariophyceae","HETEROKONTOPHYTA","AU",5,"diatom","","autotroph",FALSE,"not_resolved","not_phaeocystis","peg_class_bacillariophyceae","authority_rule_assignment_not_yet_applied_to_biomass"
"PEG_BVOL2026_stage5_v1",149127,"Chaetoceros similis","Chaetoceros","Bacillariophyceae","HETEROKONTOPHYTA","AU",6,"diatom","","autotroph",FALSE,"not_resolved","not_phaeocystis","peg_class_bacillariophyceae","authority_rule_assignment_not_yet_applied_to_biomass"
"PEG_BVOL2026_stage5_v1",149127,"Chaetoceros similis","Chaetoceros","Bacillariophyceae","HETEROKONTOPHYTA","AU",7,"diatom","","autotroph",FALSE,"not_resolved","not_phaeocystis","peg_class_bacillariophyceae","authority_rule_assignment_not_yet_applied_to_biomass"
"PEG_BVOL2026_stage5_v1",149294,"Chaetoceros simplex","Chaetoceros","Bacillariophyceae","HETEROKONTOPHYTA","AU",1,"diatom","","autotroph",FALSE,"not_resolved","not_phaeocystis","peg_class_bacillariophyceae","authority_rule_assignment_not_yet_applied_to_biomass"
"PEG_BVOL2026_stage5_v1",149294,"Chaetoceros simplex","Chaetoceros","Bacillariophyceae","HETEROKONTOPHYTA","AU",2,"diatom","","autotroph",FALSE,"not_resolved","not_phaeocystis","peg_class_bacillariophyceae","authority_rule_assignment_not_yet_applied_to_biomass"
"PEG_BVOL2026_stage5_v1",149294,"Chaetoceros simplex","Chaetoceros","Bacillariophyceae","HETEROKONTOPHYTA","AU",3,"diatom","","autotroph",FALSE,"not_resolved","not_phaeocystis","peg_class_bacillariophyceae","authority_rule_assignment_not_yet_applied_to_biomass"
"PEG_BVOL2026_stage5_v1",149294,"Chaetoceros simplex","Chaetoceros","Bacillariophyceae","HETEROKONTOPHYTA","AU",4,"diatom","","autotroph",FALSE,"not_resolved","not_phaeocystis","peg_class_bacillariophyceae","authority_rule_assignment_not_yet_applied_to_biomass"
"PEG_BVOL2026_stage5_v1",149294,"Chaetoceros simplex","Chaetoceros","Bacillariophyceae","HETEROKONTOPHYTA","AU",5,"diatom","","autotroph",FALSE,"not_resolved","not_phaeocystis","peg_class_bacillariophyceae","authority_rule_assignment_not_yet_applied_to_biomass"
"PEG_BVOL2026_stage5_v1",149294,"Chaetoceros simplex","Chaetoceros","Bacillariophyceae","HETEROKONTOPHYTA","AU",6,"diatom","","autotroph",FALSE,"not_resolved","not_phaeocystis","peg_class_bacillariophyceae","authority_rule_assignment_not_yet_applied_to_biomass"
"PEG_BVOL2026_stage5_v1",149294,"Chaetoceros simplex","Chaetoceros","Bacillariophyceae","HETEROKONTOPHYTA","AU",7,"diatom","","autotroph",FALSE,"not_resolved","not_phaeocystis","peg_class_bacillariophyceae","authority_rule_assignment_not_yet_applied_to_biomass"
"PEG_BVOL2026_stage5_v1",149294,"Chaetoceros simplex","Chaetoceros","Bacillariophyceae","HETEROKONTOPHYTA","AU",8,"diatom","","autotroph",FALSE,"not_resolved","not_phaeocystis","peg_class_bacillariophyceae","authority_rule_assignment_not_yet_applied_to_biomass"
"PEG_BVOL2026_stage5_v1",149294,"Chaetoceros simplex","Chaetoceros","Bacillariophyceae","HETEROKONTOPHYTA","AU",9,"diatom","","autotroph",FALSE,"not_resolved","not_phaeocystis","peg_class_bacillariophyceae","authority_rule_assignment_not_yet_applied_to_biomass"
"PEG_BVOL2026_stage5_v1",149123,"Chaetoceros socialis","Chaetoceros","Bacillariophyceae","HETEROKONTOPHYTA","AU",1,"diatom","","autotroph",FALSE,"not_resolved","not_phaeocystis","peg_class_bacillariophyceae","authority_rule_assignment_not_yet_applied_to_biomass"
"PEG_BVOL2026_stage5_v1",149123,"Chaetoceros socialis","Chaetoceros","Bacillariophyceae","HETEROKONTOPHYTA","AU",2,"diatom","","autotroph",FALSE,"not_resolved","not_phaeocystis","peg_class_bacillariophyceae","authority_rule_assignment_not_yet_applied_to_biomass"
"PEG_BVOL2026_stage5_v1",149123,"Chaetoceros socialis","Chaetoceros","Bacillariophyceae","HETEROKONTOPHYTA","AU",3,"diatom","","autotroph",FALSE,"not_resolved","not_phaeocystis","peg_class_bacillariophyceae","authority_rule_assignment_not_yet_applied_to_biomass"
"PEG_BVOL2026_stage5_v1",149123,"Chaetoceros socialis","Chaetoceros","Bacillariophyceae","HETEROKONTOPHYTA","AU",4,"diatom","","autotroph",FALSE,"not_resolved","not_phaeocystis","peg_class_bacillariophyceae","authority_rule_assignment_not_yet_applied_to_biomass"
"PEG_BVOL2026_stage5_v1",156621,"Chaetoceros subtilis","Chaetoceros","Bacillariophyceae","HETEROKONTOPHYTA","AU",1,"diatom","","autotroph",FALSE,"not_resolved","not_phaeocystis","peg_class_bacillariophyceae","authority_rule_assignment_not_yet_applied_to_biomass"
"PEG_BVOL2026_stage5_v1",156621,"Chaetoceros subtilis","Chaetoceros","Bacillariophyceae","HETEROKONTOPHYTA","AU",2,"diatom","","autotroph",FALSE,"not_resolved","not_phaeocystis","peg_class_bacillariophyceae","authority_rule_assignment_not_yet_applied_to_biomass"
"PEG_BVOL2026_stage5_v1",156621,"Chaetoceros subtilis","Chaetoceros","Bacillariophyceae","HETEROKONTOPHYTA","AU",3,"diatom","","autotroph",FALSE,"not_resolved","not_phaeocystis","peg_class_bacillariophyceae","authority_rule_assignment_not_yet_applied_to_biomass"
"PEG_BVOL2026_stage5_v1",156621,"Chaetoceros subtilis","Chaetoceros","Bacillariophyceae","HETEROKONTOPHYTA","AU",4,"diatom","","autotroph",FALSE,"not_resolved","not_phaeocystis","peg_class_bacillariophyceae","authority_rule_assignment_not_yet_applied_to_biomass"
"PEG_BVOL2026_stage5_v1",156621,"Chaetoceros subtilis","Chaetoceros","Bacillariophyceae","HETEROKONTOPHYTA","AU",5,"diatom","","autotroph",FALSE,"not_resolved","not_phaeocystis","peg_class_bacillariophyceae","authority_rule_assignment_not_yet_applied_to_biomass"
"PEG_BVOL2026_stage5_v1",156621,"Chaetoceros subtilis","Chaetoceros","Bacillariophyceae","HETEROKONTOPHYTA","AU",6,"diatom","","autotroph",FALSE,"not_resolved","not_phaeocystis","peg_class_bacillariophyceae","authority_rule_assignment_not_yet_applied_to_biomass"
"PEG_BVOL2026_stage5_v1",156621,"Chaetoceros subtilis","Chaetoceros","Bacillariophyceae","HETEROKONTOPHYTA","AU",7,"diatom","","autotroph",FALSE,"not_resolved","not_phaeocystis","peg_class_bacillariophyceae","authority_rule_assignment_not_yet_applied_to_biomass"
"PEG_BVOL2026_stage5_v1",156621,"Chaetoceros subtilis","Chaetoceros","Bacillariophyceae","HETEROKONTOPHYTA","AU",8,"diatom","","autotroph",FALSE,"not_resolved","not_phaeocystis","peg_class_bacillariophyceae","authority_rule_assignment_not_yet_applied_to_biomass"
"PEG_BVOL2026_stage5_v1",156621,"Chaetoceros subtilis","Chaetoceros","Bacillariophyceae","HETEROKONTOPHYTA","AU",9,"diatom","","autotroph",FALSE,"not_resolved","not_phaeocystis","peg_class_bacillariophyceae","authority_rule_assignment_not_yet_applied_to_biomass"
"PEG_BVOL2026_stage5_v1",156621,"Chaetoceros subtilis","Chaetoceros","Bacillariophyceae","HETEROKONTOPHYTA","AU",10,"diatom","","autotroph",FALSE,"not_resolved","not_phaeocystis","peg_class_bacillariophyceae","authority_rule_assignment_not_yet_applied_to_biomass"
"PEG_BVOL2026_stage5_v1",156621,"Chaetoceros subtilis","Chaetoceros","Bacillariophyceae","HETEROKONTOPHYTA","AU",11,"diatom","","autotroph",FALSE,"not_resolved","not_phaeocystis","peg_class_bacillariophyceae","authority_rule_assignment_not_yet_applied_to_biomass"
"PEG_BVOL2026_stage5_v1",156621,"Chaetoceros subtilis","Chaetoceros","Bacillariophyceae","HETEROKONTOPHYTA","AU",12,"diatom","","autotroph",FALSE,"not_resolved","not_phaeocystis","peg_class_bacillariophyceae","authority_rule_assignment_not_yet_applied_to_biomass"
"PEG_BVOL2026_stage5_v1",156621,"Chaetoceros subtilis","Chaetoceros","Bacillariophyceae","HETEROKONTOPHYTA","AU",13,"diatom","","autotroph",FALSE,"not_resolved","not_phaeocystis","peg_class_bacillariophyceae","authority_rule_assignment_not_yet_applied_to_biomass"
"PEG_BVOL2026_stage5_v1",163131,"Chaetoceros subtilis var. subtilis","Chaetoceros","Bacillariophyceae","HETEROKONTOPHYTA","AU",1,"diatom","","autotroph",FALSE,"not_resolved","not_phaeocystis","peg_class_bacillariophyceae","authority_rule_assignment_not_yet_applied_to_biomass"
"PEG_BVOL2026_stage5_v1",163131,"Chaetoceros subtilis var. subtilis","Chaetoceros","Bacillariophyceae","HETEROKONTOPHYTA","AU",2,"diatom","","autotroph",FALSE,"not_resolved","not_phaeocystis","peg_class_bacillariophyceae","authority_rule_assignment_not_yet_applied_to_biomass"
"PEG_BVOL2026_stage5_v1",163131,"Chaetoceros subtilis var. subtilis","Chaetoceros","Bacillariophyceae","HETEROKONTOPHYTA","AU",3,"diatom","","autotroph",FALSE,"not_resolved","not_phaeocystis","peg_class_bacillariophyceae","authority_rule_assignment_not_yet_applied_to_biomass"
"PEG_BVOL2026_stage5_v1",163131,"Chaetoceros subtilis var. subtilis","Chaetoceros","Bacillariophyceae","HETEROKONTOPHYTA","AU",4,"diatom","","autotroph",FALSE,"not_resolved","not_phaeocystis","peg_class_bacillariophyceae","authority_rule_assignment_not_yet_applied_to_biomass"
"PEG_BVOL2026_stage5_v1",163131,"Chaetoceros subtilis var. subtilis","Chaetoceros","Bacillariophyceae","HETEROKONTOPHYTA","AU",5,"diatom","","autotroph",FALSE,"not_resolved","not_phaeocystis","peg_class_bacillariophyceae","authority_rule_assignment_not_yet_applied_to_biomass"
"PEG_BVOL2026_stage5_v1",163131,"Chaetoceros subtilis var. subtilis","Chaetoceros","Bacillariophyceae","HETEROKONTOPHYTA","AU",6,"diatom","","autotroph",FALSE,"not_resolved","not_phaeocystis","peg_class_bacillariophyceae","authority_rule_assignment_not_yet_applied_to_biomass"
"PEG_BVOL2026_stage5_v1",163131,"Chaetoceros subtilis var. subtilis","Chaetoceros","Bacillariophyceae","HETEROKONTOPHYTA","AU",7,"diatom","","autotroph",FALSE,"not_resolved","not_phaeocystis","peg_class_bacillariophyceae","authority_rule_assignment_not_yet_applied_to_biomass"
"PEG_BVOL2026_stage5_v1",163131,"Chaetoceros subtilis var. subtilis","Chaetoceros","Bacillariophyceae","HETEROKONTOPHYTA","AU",8,"diatom","","autotroph",FALSE,"not_resolved","not_phaeocystis","peg_class_bacillariophyceae","authority_rule_assignment_not_yet_applied_to_biomass"
"PEG_BVOL2026_stage5_v1",163131,"Chaetoceros subtilis var. subtilis","Chaetoceros","Bacillariophyceae","HETEROKONTOPHYTA","AU",9,"diatom","","autotroph",FALSE,"not_resolved","not_phaeocystis","peg_class_bacillariophyceae","authority_rule_assignment_not_yet_applied_to_biomass"
"PEG_BVOL2026_stage5_v1",163131,"Chaetoceros subtilis var. subtilis","Chaetoceros","Bacillariophyceae","HETEROKONTOPHYTA","AU",10,"diatom","","autotroph",FALSE,"not_resolved","not_phaeocystis","peg_class_bacillariophyceae","authority_rule_assignment_not_yet_applied_to_biomass"
"PEG_BVOL2026_stage5_v1",163131,"Chaetoceros subtilis var. subtilis","Chaetoceros","Bacillariophyceae","HETEROKONTOPHYTA","AU",11,"diatom","","autotroph",FALSE,"not_resolved","not_phaeocystis","peg_class_bacillariophyceae","authority_rule_assignment_not_yet_applied_to_biomass"
"PEG_BVOL2026_stage5_v1",163131,"Chaetoceros subtilis var. subtilis","Chaetoceros","Bacillariophyceae","HETEROKONTOPHYTA","AU",12,"diatom","","autotroph",FALSE,"not_resolved","not_phaeocystis","peg_class_bacillariophyceae","authority_rule_assignment_not_yet_applied_to_biomass"
"PEG_BVOL2026_stage5_v1",163131,"Chaetoceros subtilis var. subtilis","Chaetoceros","Bacillariophyceae","HETEROKONTOPHYTA","AU",13,"diatom","","autotroph",FALSE,"not_resolved","not_phaeocystis","peg_class_bacillariophyceae","authority_rule_assignment_not_yet_applied_to_biomass"
"PEG_BVOL2026_stage5_v1",156623,"Chaetoceros tenuissimus","Chaetoceros","Bacillariophyceae","HETEROKONTOPHYTA","AU",1,"diatom","","autotroph",FALSE,"not_resolved","not_phaeocystis","peg_class_bacillariophyceae","authority_rule_assignment_not_yet_applied_to_biomass"
"PEG_BVOL2026_stage5_v1",156623,"Chaetoceros tenuissimus","Chaetoceros","Bacillariophyceae","HETEROKONTOPHYTA","AU",2,"diatom","","autotroph",FALSE,"not_resolved","not_phaeocystis","peg_class_bacillariophyceae","authority_rule_assignment_not_yet_applied_to_biomass"
"PEG_BVOL2026_stage5_v1",156623,"Chaetoceros tenuissimus","Chaetoceros","Bacillariophyceae","HETEROKONTOPHYTA","AU",3,"diatom","","autotroph",FALSE,"not_resolved","not_phaeocystis","peg_class_bacillariophyceae","authority_rule_assignment_not_yet_applied_to_biomass"
"PEG_BVOL2026_stage5_v1",156623,"Chaetoceros tenuissimus","Chaetoceros","Bacillariophyceae","HETEROKONTOPHYTA","AU",4,"diatom","","autotroph",FALSE,"not_resolved","not_phaeocystis","peg_class_bacillariophyceae","authority_rule_assignment_not_yet_applied_to_biomass"
"PEG_BVOL2026_stage5_v1",149125,"Chaetoceros teres","Chaetoceros","Bacillariophyceae","HETEROKONTOPHYTA","AU",1,"diatom","","autotroph",FALSE,"not_resolved","not_phaeocystis","peg_class_bacillariophyceae","authority_rule_assignment_not_yet_applied_to_biomass"
"PEG_BVOL2026_stage5_v1",149125,"Chaetoceros teres","Chaetoceros","Bacillariophyceae","HETEROKONTOPHYTA","AU",2,"diatom","","autotroph",FALSE,"not_resolved","not_phaeocystis","peg_class_bacillariophyceae","authority_rule_assignment_not_yet_applied_to_biomass"
"PEG_BVOL2026_stage5_v1",163137,"Chaetoceros throndsenii","Chaetoceros","Bacillariophyceae","HETEROKONTOPHYTA","AU",1,"diatom","","autotroph",FALSE,"not_resolved","not_phaeocystis","peg_class_bacillariophyceae","authority_rule_assignment_not_yet_applied_to_biomass"
"PEG_BVOL2026_stage5_v1",163137,"Chaetoceros throndsenii","Chaetoceros","Bacillariophyceae","HETEROKONTOPHYTA","AU",2,"diatom","","autotroph",FALSE,"not_resolved","not_phaeocystis","peg_class_bacillariophyceae","authority_rule_assignment_not_yet_applied_to_biomass"
"PEG_BVOL2026_stage5_v1",163137,"Chaetoceros throndsenii","Chaetoceros","Bacillariophyceae","HETEROKONTOPHYTA","AU",3,"diatom","","autotroph",FALSE,"not_resolved","not_phaeocystis","peg_class_bacillariophyceae","authority_rule_assignment_not_yet_applied_to_biomass"
"PEG_BVOL2026_stage5_v1",163137,"Chaetoceros throndsenii","Chaetoceros","Bacillariophyceae","HETEROKONTOPHYTA","AU",4,"diatom","","autotroph",FALSE,"not_resolved","not_phaeocystis","peg_class_bacillariophyceae","authority_rule_assignment_not_yet_applied_to_biomass"
"PEG_BVOL2026_stage5_v1",163137,"Chaetoceros throndsenii","Chaetoceros","Bacillariophyceae","HETEROKONTOPHYTA","AU",5,"diatom","","autotroph",FALSE,"not_resolved","not_phaeocystis","peg_class_bacillariophyceae","authority_rule_assignment_not_yet_applied_to_biomass"
"PEG_BVOL2026_stage5_v1",163150,"Chaetoceros throndsenii var. throndsenii","Chaetoceros","Bacillariophyceae","HETEROKONTOPHYTA","AU",1,"diatom","","autotroph",FALSE,"not_resolved","not_phaeocystis","peg_class_bacillariophyceae","authority_rule_assignment_not_yet_applied_to_biomass"
"PEG_BVOL2026_stage5_v1",163150,"Chaetoceros throndsenii var. throndsenii","Chaetoceros","Bacillariophyceae","HETEROKONTOPHYTA","AU",2,"diatom","","autotroph",FALSE,"not_resolved","not_phaeocystis","peg_class_bacillariophyceae","authority_rule_assignment_not_yet_applied_to_biomass"
"PEG_BVOL2026_stage5_v1",163150,"Chaetoceros throndsenii var. throndsenii","Chaetoceros","Bacillariophyceae","HETEROKONTOPHYTA","AU",3,"diatom","","autotroph",FALSE,"not_resolved","not_phaeocystis","peg_class_bacillariophyceae","authority_rule_assignment_not_yet_applied_to_biomass"
"PEG_BVOL2026_stage5_v1",163150,"Chaetoceros throndsenii var. throndsenii","Chaetoceros","Bacillariophyceae","HETEROKONTOPHYTA","AU",4,"diatom","","autotroph",FALSE,"not_resolved","not_phaeocystis","peg_class_bacillariophyceae","authority_rule_assignment_not_yet_applied_to_biomass"
"PEG_BVOL2026_stage5_v1",163150,"Chaetoceros throndsenii var. throndsenii","Chaetoceros","Bacillariophyceae","HETEROKONTOPHYTA","AU",5,"diatom","","autotroph",FALSE,"not_resolved","not_phaeocystis","peg_class_bacillariophyceae","authority_rule_assignment_not_yet_applied_to_biomass"
"PEG_BVOL2026_stage5_v1",160524,"Chaetoceros wighamii","Chaetoceros","Bacillariophyceae","HETEROKONTOPHYTA","AU",1,"diatom","","autotroph",FALSE,"not_resolved","not_phaeocystis","peg_class_bacillariophyceae","authority_rule_assignment_not_yet_applied_to_biomass"
"PEG_BVOL2026_stage5_v1",160524,"Chaetoceros wighamii","Chaetoceros","Bacillariophyceae","HETEROKONTOPHYTA","AU",2,"diatom","","autotroph",FALSE,"not_resolved","not_phaeocystis","peg_class_bacillariophyceae","authority_rule_assignment_not_yet_applied_to_biomass"
"PEG_BVOL2026_stage5_v1",160524,"Chaetoceros wighamii","Chaetoceros","Bacillariophyceae","HETEROKONTOPHYTA","AU",3,"diatom","","autotroph",FALSE,"not_resolved","not_phaeocystis","peg_class_bacillariophyceae","authority_rule_assignment_not_yet_applied_to_biomass"
"PEG_BVOL2026_stage5_v1",160524,"Chaetoceros wighamii","Chaetoceros","Bacillariophyceae","HETEROKONTOPHYTA","AU",4,"diatom","","autotroph",FALSE,"not_resolved","not_phaeocystis","peg_class_bacillariophyceae","authority_rule_assignment_not_yet_applied_to_biomass"
"PEG_BVOL2026_stage5_v1",160524,"Chaetoceros wighamii","Chaetoceros","Bacillariophyceae","HETEROKONTOPHYTA","AU",5,"diatom","","autotroph",FALSE,"not_resolved","not_phaeocystis","peg_class_bacillariophyceae","authority_rule_assignment_not_yet_applied_to_biomass"
"PEG_BVOL2026_stage5_v1",160524,"Chaetoceros wighamii","Chaetoceros","Bacillariophyceae","HETEROKONTOPHYTA","AU",6,"diatom","","autotroph",FALSE,"not_resolved","not_phaeocystis","peg_class_bacillariophyceae","authority_rule_assignment_not_yet_applied_to_biomass"
"PEG_BVOL2026_stage5_v1",160524,"Chaetoceros wighamii","Chaetoceros","Bacillariophyceae","HETEROKONTOPHYTA","AU",7,"diatom","","autotroph",FALSE,"not_resolved","not_phaeocystis","peg_class_bacillariophyceae","authority_rule_assignment_not_yet_applied_to_biomass"
"PEG_BVOL2026_stage5_v1",160524,"Chaetoceros wighamii","Chaetoceros","Bacillariophyceae","HETEROKONTOPHYTA","AU",8,"diatom","","autotroph",FALSE,"not_resolved","not_phaeocystis","peg_class_bacillariophyceae","authority_rule_assignment_not_yet_applied_to_biomass"
"PEG_BVOL2026_stage5_v1",160524,"Chaetoceros wighamii","Chaetoceros","Bacillariophyceae","HETEROKONTOPHYTA","AU",9,"diatom","","autotroph",FALSE,"not_resolved","not_phaeocystis","peg_class_bacillariophyceae","authority_rule_assignment_not_yet_applied_to_biomass"
"PEG_BVOL2026_stage5_v1",160524,"Chaetoceros wighamii","Chaetoceros","Bacillariophyceae","HETEROKONTOPHYTA","AU",10,"diatom","","autotroph",FALSE,"not_resolved","not_phaeocystis","peg_class_bacillariophyceae","authority_rule_assignment_not_yet_applied_to_biomass"
"PEG_BVOL2026_stage5_v1",160524,"Chaetoceros wighamii","Chaetoceros","Bacillariophyceae","HETEROKONTOPHYTA","AU",11,"diatom","","autotroph",FALSE,"not_resolved","not_phaeocystis","peg_class_bacillariophyceae","authority_rule_assignment_not_yet_applied_to_biomass"
"PEG_BVOL2026_stage5_v1",160524,"Chaetoceros wighamii","Chaetoceros","Bacillariophyceae","HETEROKONTOPHYTA","AU",12,"diatom","","autotroph",FALSE,"not_resolved","not_phaeocystis","peg_class_bacillariophyceae","authority_rule_assignment_not_yet_applied_to_biomass"
"PEG_BVOL2026_stage5_v1",160524,"Chaetoceros wighamii","Chaetoceros","Bacillariophyceae","HETEROKONTOPHYTA","AU",13,"diatom","","autotroph",FALSE,"not_resolved","not_phaeocystis","peg_class_bacillariophyceae","authority_rule_assignment_not_yet_applied_to_biomass"
"PEG_BVOL2026_stage5_v1",160524,"Chaetoceros wighamii","Chaetoceros","Bacillariophyceae","HETEROKONTOPHYTA","AU",14,"diatom","","autotroph",FALSE,"not_resolved","not_phaeocystis","peg_class_bacillariophyceae","authority_rule_assignment_not_yet_applied_to_biomass"
"PEG_BVOL2026_stage5_v1",160524,"Chaetoceros wighamii","Chaetoceros","Bacillariophyceae","HETEROKONTOPHYTA","AU",15,"diatom","","autotroph",FALSE,"not_resolved","not_phaeocystis","peg_class_bacillariophyceae","authority_rule_assignment_not_yet_applied_to_biomass"
"PEG_BVOL2026_stage5_v1",160524,"Chaetoceros wighamii","Chaetoceros","Bacillariophyceae","HETEROKONTOPHYTA","AU",16,"diatom","","autotroph",FALSE,"not_resolved","not_phaeocystis","peg_class_bacillariophyceae","authority_rule_assignment_not_yet_applied_to_biomass"
"PEG_BVOL2026_stage5_v1",160524,"Chaetoceros wighamii","Chaetoceros","Bacillariophyceae","HETEROKONTOPHYTA","AU",17,"diatom","","autotroph",FALSE,"not_resolved","not_phaeocystis","peg_class_bacillariophyceae","authority_rule_assignment_not_yet_applied_to_biomass"
"PEG_BVOL2026_stage5_v1",160524,"Chaetoceros wighamii","Chaetoceros","Bacillariophyceae","HETEROKONTOPHYTA","AU",18,"diatom","","autotroph",FALSE,"not_resolved","not_phaeocystis","peg_class_bacillariophyceae","authority_rule_assignment_not_yet_applied_to_biomass"
"PEG_BVOL2026_stage5_v1",160524,"Chaetoceros wighamii","Chaetoceros","Bacillariophyceae","HETEROKONTOPHYTA","AU",19,"diatom","","autotroph",FALSE,"not_resolved","not_phaeocystis","peg_class_bacillariophyceae","authority_rule_assignment_not_yet_applied_to_biomass"
"PEG_BVOL2026_stage5_v1",160524,"Chaetoceros wighamii","Chaetoceros","Bacillariophyceae","HETEROKONTOPHYTA","AU",20,"diatom","","autotroph",FALSE,"not_resolved","not_phaeocystis","peg_class_bacillariophyceae","authority_rule_assignment_not_yet_applied_to_biomass"
"PEG_BVOL2026_stage5_v1",160524,"Chaetoceros wighamii","Chaetoceros","Bacillariophyceae","HETEROKONTOPHYTA","AU",21,"diatom","","autotroph",FALSE,"not_resolved","not_phaeocystis","peg_class_bacillariophyceae","authority_rule_assignment_not_yet_applied_to_biomass"
"PEG_BVOL2026_stage5_v1",160524,"Chaetoceros wighamii","Chaetoceros","Bacillariophyceae","HETEROKONTOPHYTA","AU",22,"diatom","","autotroph",FALSE,"not_resolved","not_phaeocystis","peg_class_bacillariophyceae","authority_rule_assignment_not_yet_applied_to_biomass"
"PEG_BVOL2026_stage5_v1",160524,"Chaetoceros wighamii","Chaetoceros","Bacillariophyceae","HETEROKONTOPHYTA","AU",23,"diatom","","autotroph",FALSE,"not_resolved","not_phaeocystis","peg_class_bacillariophyceae","authority_rule_assignment_not_yet_applied_to_biomass"
"PEG_BVOL2026_stage5_v1",148985,"Chaetoceros","Chaetoceros","Bacillariophyceae","HETEROKONTOPHYTA","AU",1,"diatom","","autotroph",FALSE,"not_resolved","not_phaeocystis","peg_class_bacillariophyceae","authority_rule_assignment_not_yet_applied_to_biomass"
"PEG_BVOL2026_stage5_v1",148985,"Chaetoceros","Chaetoceros","Bacillariophyceae","HETEROKONTOPHYTA","AU",2,"diatom","","autotroph",FALSE,"not_resolved","not_phaeocystis","peg_class_bacillariophyceae","authority_rule_assignment_not_yet_applied_to_biomass"
"PEG_BVOL2026_stage5_v1",148985,"Chaetoceros","Chaetoceros","Bacillariophyceae","HETEROKONTOPHYTA","AU",3,"diatom","","autotroph",FALSE,"not_resolved","not_phaeocystis","peg_class_bacillariophyceae","authority_rule_assignment_not_yet_applied_to_biomass"
"PEG_BVOL2026_stage5_v1",148985,"Chaetoceros","Chaetoceros","Bacillariophyceae","HETEROKONTOPHYTA","AU",4,"diatom","","autotroph",FALSE,"not_resolved","not_phaeocystis","peg_class_bacillariophyceae","authority_rule_assignment_not_yet_applied_to_biomass"
"PEG_BVOL2026_stage5_v1",148985,"Chaetoceros","Chaetoceros","Bacillariophyceae","HETEROKONTOPHYTA","AU",5,"diatom","","autotroph",FALSE,"not_resolved","not_phaeocystis","peg_class_bacillariophyceae","authority_rule_assignment_not_yet_applied_to_biomass"
"PEG_BVOL2026_stage5_v1",148985,"Chaetoceros","Chaetoceros","Bacillariophyceae","HETEROKONTOPHYTA","AU",6,"diatom","","autotroph",FALSE,"not_resolved","not_phaeocystis","peg_class_bacillariophyceae","authority_rule_assignment_not_yet_applied_to_biomass"
"PEG_BVOL2026_stage5_v1",148985,"Chaetoceros","Chaetoceros","Bacillariophyceae","HETEROKONTOPHYTA","AU",7,"diatom","","autotroph",FALSE,"not_resolved","not_phaeocystis","peg_class_bacillariophyceae","authority_rule_assignment_not_yet_applied_to_biomass"
"PEG_BVOL2026_stage5_v1",148985,"Chaetoceros","Chaetoceros","Bacillariophyceae","HETEROKONTOPHYTA","AU",8,"diatom","","autotroph",FALSE,"not_resolved","not_phaeocystis","peg_class_bacillariophyceae","authority_rule_assignment_not_yet_applied_to_biomass"
"PEG_BVOL2026_stage5_v1",148985,"Chaetoceros","Chaetoceros","Bacillariophyceae","HETEROKONTOPHYTA","AU",9,"diatom","","autotroph",FALSE,"not_resolved","not_phaeocystis","peg_class_bacillariophyceae","authority_rule_assignment_not_yet_applied_to_biomass"
"PEG_BVOL2026_stage5_v1",148985,"Chaetoceros","Chaetoceros","Bacillariophyceae","HETEROKONTOPHYTA","AU",10,"diatom","","autotroph",FALSE,"not_resolved","not_phaeocystis","peg_class_bacillariophyceae","authority_rule_assignment_not_yet_applied_to_biomass"
"PEG_BVOL2026_stage5_v1",148985,"Chaetoceros","Chaetoceros","Bacillariophyceae","HETEROKONTOPHYTA","AU",11,"diatom","","autotroph",FALSE,"not_resolved","not_phaeocystis","peg_class_bacillariophyceae","authority_rule_assignment_not_yet_applied_to_biomass"
"PEG_BVOL2026_stage5_v1",148985,"Chaetoceros","Chaetoceros","Bacillariophyceae","HETEROKONTOPHYTA","AU",12,"diatom","","autotroph",FALSE,"not_resolved","not_phaeocystis","peg_class_bacillariophyceae","authority_rule_assignment_not_yet_applied_to_biomass"
"PEG_BVOL2026_stage5_v1",148985,"Chaetoceros","Chaetoceros","Bacillariophyceae","HETEROKONTOPHYTA","AU",13,"diatom","","autotroph",FALSE,"not_resolved","not_phaeocystis","peg_class_bacillariophyceae","authority_rule_assignment_not_yet_applied_to_biomass"
"PEG_BVOL2026_stage5_v1",148985,"Chaetoceros","Chaetoceros","Bacillariophyceae","HETEROKONTOPHYTA","AU",14,"diatom","","autotroph",FALSE,"not_resolved","not_phaeocystis","peg_class_bacillariophyceae","authority_rule_assignment_not_yet_applied_to_biomass"
"PEG_BVOL2026_stage5_v1",148985,"Chaetoceros","Chaetoceros","Bacillariophyceae","HETEROKONTOPHYTA","AU",15,"diatom","","autotroph",FALSE,"not_resolved","not_phaeocystis","peg_class_bacillariophyceae","authority_rule_assignment_not_yet_applied_to_biomass"
"PEG_BVOL2026_stage5_v1",148985,"Chaetoceros","Chaetoceros","Bacillariophyceae","HETEROKONTOPHYTA","AU",16,"diatom","","autotroph",FALSE,"not_resolved","not_phaeocystis","peg_class_bacillariophyceae","authority_rule_assignment_not_yet_applied_to_biomass"
"PEG_BVOL2026_stage5_v1",148996,"Cyclostephanos dubius","Cyclostephanos","Bacillariophyceae","HETEROKONTOPHYTA","AU",1,"diatom","","autotroph",FALSE,"not_resolved","not_phaeocystis","peg_class_bacillariophyceae","authority_rule_assignment_not_yet_applied_to_biomass"
"PEG_BVOL2026_stage5_v1",148996,"Cyclostephanos dubius","Cyclostephanos","Bacillariophyceae","HETEROKONTOPHYTA","AU",2,"diatom","","autotroph",FALSE,"not_resolved","not_phaeocystis","peg_class_bacillariophyceae","authority_rule_assignment_not_yet_applied_to_biomass"
"PEG_BVOL2026_stage5_v1",148905,"Cyclotella","Cyclotella","Bacillariophyceae","HETEROKONTOPHYTA","AU",4,"diatom","","autotroph",FALSE,"not_resolved","not_phaeocystis","peg_class_bacillariophyceae","authority_rule_assignment_not_yet_applied_to_biomass"
"PEG_BVOL2026_stage5_v1",148907,"Cyclotella atomus","Cyclotella","Bacillariophyceae","HETEROKONTOPHYTA","AU",1,"diatom","","autotroph",FALSE,"not_resolved","not_phaeocystis","peg_class_bacillariophyceae","authority_rule_assignment_not_yet_applied_to_biomass"
"PEG_BVOL2026_stage5_v1",148907,"Cyclotella atomus","Cyclotella","Bacillariophyceae","HETEROKONTOPHYTA","AU",2,"diatom","","autotroph",FALSE,"not_resolved","not_phaeocystis","peg_class_bacillariophyceae","authority_rule_assignment_not_yet_applied_to_biomass"
"PEG_BVOL2026_stage5_v1",148907,"Cyclotella atomus","Cyclotella","Bacillariophyceae","HETEROKONTOPHYTA","AU",3,"diatom","","autotroph",FALSE,"not_resolved","not_phaeocystis","peg_class_bacillariophyceae","authority_rule_assignment_not_yet_applied_to_biomass"
"PEG_BVOL2026_stage5_v1",148907,"Cyclotella atomus","Cyclotella","Bacillariophyceae","HETEROKONTOPHYTA","AU",4,"diatom","","autotroph",FALSE,"not_resolved","not_phaeocystis","peg_class_bacillariophyceae","authority_rule_assignment_not_yet_applied_to_biomass"
"PEG_BVOL2026_stage5_v1",148907,"Cyclotella atomus","Cyclotella","Bacillariophyceae","HETEROKONTOPHYTA","AU",5,"diatom","","autotroph",FALSE,"not_resolved","not_phaeocystis","peg_class_bacillariophyceae","authority_rule_assignment_not_yet_applied_to_biomass"
"PEG_BVOL2026_stage5_v1",148908,"Cyclotella choctawhatcheeana","Cyclotella","Bacillariophyceae","HETEROKONTOPHYTA","AU",1,"diatom","","autotroph",FALSE,"not_resolved","not_phaeocystis","peg_class_bacillariophyceae","authority_rule_assignment_not_yet_applied_to_biomass"
"PEG_BVOL2026_stage5_v1",148908,"Cyclotella choctawhatcheeana","Cyclotella","Bacillariophyceae","HETEROKONTOPHYTA","AU",2,"diatom","","autotroph",FALSE,"not_resolved","not_phaeocystis","peg_class_bacillariophyceae","authority_rule_assignment_not_yet_applied_to_biomass"
"PEG_BVOL2026_stage5_v1",148908,"Cyclotella choctawhatcheeana","Cyclotella","Bacillariophyceae","HETEROKONTOPHYTA","AU",3,"diatom","","autotroph",FALSE,"not_resolved","not_phaeocystis","peg_class_bacillariophyceae","authority_rule_assignment_not_yet_applied_to_biomass"
"PEG_BVOL2026_stage5_v1",148908,"Cyclotella choctawhatcheeana","Cyclotella","Bacillariophyceae","HETEROKONTOPHYTA","AU",4,"diatom","","autotroph",FALSE,"not_resolved","not_phaeocystis","peg_class_bacillariophyceae","authority_rule_assignment_not_yet_applied_to_biomass"
"PEG_BVOL2026_stage5_v1",148909,"Cyclotella meneghiniana","Cyclotella","Bacillariophyceae","HETEROKONTOPHYTA","AU",1,"diatom","","autotroph",FALSE,"not_resolved","not_phaeocystis","peg_class_bacillariophyceae","authority_rule_assignment_not_yet_applied_to_biomass"
"PEG_BVOL2026_stage5_v1",148909,"Cyclotella meneghiniana","Cyclotella","Bacillariophyceae","HETEROKONTOPHYTA","AU",2,"diatom","","autotroph",FALSE,"not_resolved","not_phaeocystis","peg_class_bacillariophyceae","authority_rule_assignment_not_yet_applied_to_biomass"
"PEG_BVOL2026_stage5_v1",148909,"Cyclotella meneghiniana","Cyclotella","Bacillariophyceae","HETEROKONTOPHYTA","AU",3,"diatom","","autotroph",FALSE,"not_resolved","not_phaeocystis","peg_class_bacillariophyceae","authority_rule_assignment_not_yet_applied_to_biomass"
"PEG_BVOL2026_stage5_v1",148909,"Cyclotella meneghiniana","Cyclotella","Bacillariophyceae","HETEROKONTOPHYTA","AU",4,"diatom","","autotroph",FALSE,"not_resolved","not_phaeocystis","peg_class_bacillariophyceae","authority_rule_assignment_not_yet_applied_to_biomass"
"PEG_BVOL2026_stage5_v1",148909,"Cyclotella meneghiniana","Cyclotella","Bacillariophyceae","HETEROKONTOPHYTA","AU",5,"diatom","","autotroph",FALSE,"not_resolved","not_phaeocystis","peg_class_bacillariophyceae","authority_rule_assignment_not_yet_applied_to_biomass"
"PEG_BVOL2026_stage5_v1",148909,"Cyclotella meneghiniana","Cyclotella","Bacillariophyceae","HETEROKONTOPHYTA","AU",6,"diatom","","autotroph",FALSE,"not_resolved","not_phaeocystis","peg_class_bacillariophyceae","authority_rule_assignment_not_yet_applied_to_biomass"
"PEG_BVOL2026_stage5_v1",149259,"Cyclotella stelligera","Cyclotella","Bacillariophyceae","HETEROKONTOPHYTA","AU",1,"diatom","","autotroph",FALSE,"not_resolved","not_phaeocystis","peg_class_bacillariophyceae","authority_rule_assignment_not_yet_applied_to_biomass"
"PEG_BVOL2026_stage5_v1",149259,"Cyclotella stelligera","Cyclotella","Bacillariophyceae","HETEROKONTOPHYTA","AU",2,"diatom","","autotroph",FALSE,"not_resolved","not_phaeocystis","peg_class_bacillariophyceae","authority_rule_assignment_not_yet_applied_to_biomass"
"PEG_BVOL2026_stage5_v1",149259,"Cyclotella stelligera","Cyclotella","Bacillariophyceae","HETEROKONTOPHYTA","AU",3,"diatom","","autotroph",FALSE,"not_resolved","not_phaeocystis","peg_class_bacillariophyceae","authority_rule_assignment_not_yet_applied_to_biomass"
"PEG_BVOL2026_stage5_v1",148905,"Cyclotella","Cyclotella","Bacillariophyceae","HETEROKONTOPHYTA","AU",1,"diatom","","autotroph",FALSE,"not_resolved","not_phaeocystis","peg_class_bacillariophyceae","authority_rule_assignment_not_yet_applied_to_biomass"
"PEG_BVOL2026_stage5_v1",148905,"Cyclotella","Cyclotella","Bacillariophyceae","HETEROKONTOPHYTA","AU",2,"diatom","","autotroph",FALSE,"not_resolved","not_phaeocystis","peg_class_bacillariophyceae","authority_rule_assignment_not_yet_applied_to_biomass"
"PEG_BVOL2026_stage5_v1",148905,"Cyclotella","Cyclotella","Bacillariophyceae","HETEROKONTOPHYTA","AU",3,"diatom","","autotroph",FALSE,"not_resolved","not_phaeocystis","peg_class_bacillariophyceae","authority_rule_assignment_not_yet_applied_to_biomass"
"PEG_BVOL2026_stage5_v1",149106,"Leptocylindrus danicus","Leptocylindrus","Bacillariophyceae","HETEROKONTOPHYTA","AU",1,"diatom","","autotroph",FALSE,"not_resolved","not_phaeocystis","peg_class_bacillariophyceae","authority_rule_assignment_not_yet_applied_to_biomass"
"PEG_BVOL2026_stage5_v1",149106,"Leptocylindrus danicus","Leptocylindrus","Bacillariophyceae","HETEROKONTOPHYTA","AU",2,"diatom","","autotroph",FALSE,"not_resolved","not_phaeocystis","peg_class_bacillariophyceae","authority_rule_assignment_not_yet_applied_to_biomass"
"PEG_BVOL2026_stage5_v1",149106,"Leptocylindrus danicus","Leptocylindrus","Bacillariophyceae","HETEROKONTOPHYTA","AU",3,"diatom","","autotroph",FALSE,"not_resolved","not_phaeocystis","peg_class_bacillariophyceae","authority_rule_assignment_not_yet_applied_to_biomass"
"PEG_BVOL2026_stage5_v1",149106,"Leptocylindrus danicus","Leptocylindrus","Bacillariophyceae","HETEROKONTOPHYTA","AU",4,"diatom","","autotroph",FALSE,"not_resolved","not_phaeocystis","peg_class_bacillariophyceae","authority_rule_assignment_not_yet_applied_to_biomass"
"PEG_BVOL2026_stage5_v1",149106,"Leptocylindrus danicus","Leptocylindrus","Bacillariophyceae","HETEROKONTOPHYTA","AU",5,"diatom","","autotroph",FALSE,"not_resolved","not_phaeocystis","peg_class_bacillariophyceae","authority_rule_assignment_not_yet_applied_to_biomass"
"PEG_BVOL2026_stage5_v1",149106,"Leptocylindrus danicus","Leptocylindrus","Bacillariophyceae","HETEROKONTOPHYTA","AU",6,"diatom","","autotroph",FALSE,"not_resolved","not_phaeocystis","peg_class_bacillariophyceae","authority_rule_assignment_not_yet_applied_to_biomass"
"PEG_BVOL2026_stage5_v1",149106,"Leptocylindrus danicus","Leptocylindrus","Bacillariophyceae","HETEROKONTOPHYTA","AU",7,"diatom","","autotroph",FALSE,"not_resolved","not_phaeocystis","peg_class_bacillariophyceae","authority_rule_assignment_not_yet_applied_to_biomass"
"PEG_BVOL2026_stage5_v1",149106,"Leptocylindrus danicus","Leptocylindrus","Bacillariophyceae","HETEROKONTOPHYTA","AU",8,"diatom","","autotroph",FALSE,"not_resolved","not_phaeocystis","peg_class_bacillariophyceae","authority_rule_assignment_not_yet_applied_to_biomass"
"PEG_BVOL2026_stage5_v1",149106,"Leptocylindrus danicus","Leptocylindrus","Bacillariophyceae","HETEROKONTOPHYTA","AU",9,"diatom","","autotroph",FALSE,"not_resolved","not_phaeocystis","peg_class_bacillariophyceae","authority_rule_assignment_not_yet_applied_to_biomass"
"PEG_BVOL2026_stage5_v1",149039,"Leptocylindrus minimus","Leptocylindrus","Bacillariophyceae","HETEROKONTOPHYTA","AU",1,"diatom","","autotroph",FALSE,"not_resolved","not_phaeocystis","peg_class_bacillariophyceae","authority_rule_assignment_not_yet_applied_to_biomass"
"PEG_BVOL2026_stage5_v1",149039,"Leptocylindrus minimus","Leptocylindrus","Bacillariophyceae","HETEROKONTOPHYTA","AU",2,"diatom","","autotroph",FALSE,"not_resolved","not_phaeocystis","peg_class_bacillariophyceae","authority_rule_assignment_not_yet_applied_to_biomass"
"PEG_BVOL2026_stage5_v1",149038,"Leptocylindrus","Leptocylindrus","Bacillariophyceae","HETEROKONTOPHYTA","AU",1,"diatom","","autotroph",FALSE,"not_resolved","not_phaeocystis","peg_class_bacillariophyceae","authority_rule_assignment_not_yet_applied_to_biomass"
"PEG_BVOL2026_stage5_v1",149038,"Leptocylindrus","Leptocylindrus","Bacillariophyceae","HETEROKONTOPHYTA","AU",2,"diatom","","autotroph",FALSE,"not_resolved","not_phaeocystis","peg_class_bacillariophyceae","authority_rule_assignment_not_yet_applied_to_biomass"
"PEG_BVOL2026_stage5_v1",1340218,"Lindavia glomerata","Lindavia","Bacillariophyceae","HETEROKONTOPHYTA","AU",1,"diatom","","autotroph",FALSE,"not_resolved","not_phaeocystis","peg_class_bacillariophyceae","authority_rule_assignment_not_yet_applied_to_biomass"
"PEG_BVOL2026_stage5_v1",1340218,"Lindavia glomerata","Lindavia","Bacillariophyceae","HETEROKONTOPHYTA","AU",2,"diatom","","autotroph",FALSE,"not_resolved","not_phaeocystis","peg_class_bacillariophyceae","authority_rule_assignment_not_yet_applied_to_biomass"
"PEG_BVOL2026_stage5_v1",149000,"Lindavia radiosa","Lindavia","Bacillariophyceae","HETEROKONTOPHYTA","AU",1,"diatom","","autotroph",FALSE,"not_resolved","not_phaeocystis","peg_class_bacillariophyceae","authority_rule_assignment_not_yet_applied_to_biomass"
"PEG_BVOL2026_stage5_v1",149000,"Lindavia radiosa","Lindavia","Bacillariophyceae","HETEROKONTOPHYTA","AU",2,"diatom","","autotroph",FALSE,"not_resolved","not_phaeocystis","peg_class_bacillariophyceae","authority_rule_assignment_not_yet_applied_to_biomass"
"PEG_BVOL2026_stage5_v1",149000,"Lindavia radiosa","Lindavia","Bacillariophyceae","HETEROKONTOPHYTA","AU",3,"diatom","","autotroph",FALSE,"not_resolved","not_phaeocystis","peg_class_bacillariophyceae","authority_rule_assignment_not_yet_applied_to_biomass"
"PEG_BVOL2026_stage5_v1",149000,"Lindavia radiosa","Lindavia","Bacillariophyceae","HETEROKONTOPHYTA","AU",4,"diatom","","autotroph",FALSE,"not_resolved","not_phaeocystis","peg_class_bacillariophyceae","authority_rule_assignment_not_yet_applied_to_biomass"
"PEG_BVOL2026_stage5_v1",149050,"Odontella aurita","Odontella","Bacillariophyceae","HETEROKONTOPHYTA","AU",1,"diatom","","autotroph",FALSE,"not_resolved","not_phaeocystis","peg_class_bacillariophyceae","authority_rule_assignment_not_yet_applied_to_biomass"
"PEG_BVOL2026_stage5_v1",149095,"Odontella sinensis","Odontella","Bacillariophyceae","HETEROKONTOPHYTA","AU",1,"diatom","","autotroph",FALSE,"not_resolved","not_phaeocystis","peg_class_bacillariophyceae","authority_rule_assignment_not_yet_applied_to_biomass"
"PEG_BVOL2026_stage5_v1",149168,"Proboscia alata","Proboscia","Bacillariophyceae","HETEROKONTOPHYTA","AU",1,"diatom","","autotroph",FALSE,"not_resolved","not_phaeocystis","peg_class_bacillariophyceae","authority_rule_assignment_not_yet_applied_to_biomass"
"PEG_BVOL2026_stage5_v1",149168,"Proboscia alata","Proboscia","Bacillariophyceae","HETEROKONTOPHYTA","AU",2,"diatom","","autotroph",FALSE,"not_resolved","not_phaeocystis","peg_class_bacillariophyceae","authority_rule_assignment_not_yet_applied_to_biomass"
"PEG_BVOL2026_stage5_v1",149168,"Proboscia alata","Proboscia","Bacillariophyceae","HETEROKONTOPHYTA","AU",3,"diatom","","autotroph",FALSE,"not_resolved","not_phaeocystis","peg_class_bacillariophyceae","authority_rule_assignment_not_yet_applied_to_biomass"
"PEG_BVOL2026_stage5_v1",149168,"Proboscia alata","Proboscia","Bacillariophyceae","HETEROKONTOPHYTA","AU",4,"diatom","","autotroph",FALSE,"not_resolved","not_phaeocystis","peg_class_bacillariophyceae","authority_rule_assignment_not_yet_applied_to_biomass"
"PEG_BVOL2026_stage5_v1",149168,"Proboscia alata","Proboscia","Bacillariophyceae","HETEROKONTOPHYTA","AU",5,"diatom","","autotroph",FALSE,"not_resolved","not_phaeocystis","peg_class_bacillariophyceae","authority_rule_assignment_not_yet_applied_to_biomass"
"PEG_BVOL2026_stage5_v1",149168,"Proboscia alata","Proboscia","Bacillariophyceae","HETEROKONTOPHYTA","AU",6,"diatom","","autotroph",FALSE,"not_resolved","not_phaeocystis","peg_class_bacillariophyceae","authority_rule_assignment_not_yet_applied_to_biomass"
"PEG_BVOL2026_stage5_v1",149168,"Proboscia alata","Proboscia","Bacillariophyceae","HETEROKONTOPHYTA","AU",7,"diatom","","autotroph",FALSE,"not_resolved","not_phaeocystis","peg_class_bacillariophyceae","authority_rule_assignment_not_yet_applied_to_biomass"
"PEG_BVOL2026_stage5_v1",149168,"Proboscia alata","Proboscia","Bacillariophyceae","HETEROKONTOPHYTA","AU",8,"diatom","","autotroph",FALSE,"not_resolved","not_phaeocystis","peg_class_bacillariophyceae","authority_rule_assignment_not_yet_applied_to_biomass"
"PEG_BVOL2026_stage5_v1",345513,"Proboscia indica","Proboscia","Bacillariophyceae","HETEROKONTOPHYTA","AU",1,"diatom","","autotroph",FALSE,"not_resolved","not_phaeocystis","peg_class_bacillariophyceae","authority_rule_assignment_not_yet_applied_to_biomass"
"PEG_BVOL2026_stage5_v1",149653,"Stellarima stellaris","Stellarima","Bacillariophyceae","HETEROKONTOPHYTA","AU",1,"diatom","","autotroph",FALSE,"not_resolved","not_phaeocystis","peg_class_bacillariophyceae","authority_rule_assignment_not_yet_applied_to_biomass"
"PEG_BVOL2026_stage5_v1",149653,"Stellarima stellaris","Stellarima","Bacillariophyceae","HETEROKONTOPHYTA","AU",2,"diatom","","autotroph",FALSE,"not_resolved","not_phaeocystis","peg_class_bacillariophyceae","authority_rule_assignment_not_yet_applied_to_biomass"
"PEG_BVOL2026_stage5_v1",149653,"Stellarima stellaris","Stellarima","Bacillariophyceae","HETEROKONTOPHYTA","AU",3,"diatom","","autotroph",FALSE,"not_resolved","not_phaeocystis","peg_class_bacillariophyceae","authority_rule_assignment_not_yet_applied_to_biomass"
"PEG_BVOL2026_stage5_v1",149653,"Stellarima stellaris","Stellarima","Bacillariophyceae","HETEROKONTOPHYTA","AU",4,"diatom","","autotroph",FALSE,"not_resolved","not_phaeocystis","peg_class_bacillariophyceae","authority_rule_assignment_not_yet_applied_to_biomass"
"PEG_BVOL2026_stage5_v1",163403,"Stephanodiscus binderanus","Stephanodiscus","Bacillariophyceae","HETEROKONTOPHYTA","AU",1,"diatom","","autotroph",FALSE,"not_resolved","not_phaeocystis","peg_class_bacillariophyceae","authority_rule_assignment_not_yet_applied_to_biomass"
"PEG_BVOL2026_stage5_v1",163403,"Stephanodiscus binderanus","Stephanodiscus","Bacillariophyceae","HETEROKONTOPHYTA","AU",2,"diatom","","autotroph",FALSE,"not_resolved","not_phaeocystis","peg_class_bacillariophyceae","authority_rule_assignment_not_yet_applied_to_biomass"
"PEG_BVOL2026_stage5_v1",163403,"Stephanodiscus binderanus","Stephanodiscus","Bacillariophyceae","HETEROKONTOPHYTA","AU",3,"diatom","","autotroph",FALSE,"not_resolved","not_phaeocystis","peg_class_bacillariophyceae","authority_rule_assignment_not_yet_applied_to_biomass"
"PEG_BVOL2026_stage5_v1",163403,"Stephanodiscus binderanus","Stephanodiscus","Bacillariophyceae","HETEROKONTOPHYTA","AU",4,"diatom","","autotroph",FALSE,"not_resolved","not_phaeocystis","peg_class_bacillariophyceae","authority_rule_assignment_not_yet_applied_to_biomass"
"PEG_BVOL2026_stage5_v1",149080,"Stephanodiscus hantzschii","Stephanodiscus","Bacillariophyceae","HETEROKONTOPHYTA","AU",1,"diatom","","autotroph",FALSE,"not_resolved","not_phaeocystis","peg_class_bacillariophyceae","authority_rule_assignment_not_yet_applied_to_biomass"
"PEG_BVOL2026_stage5_v1",149080,"Stephanodiscus hantzschii","Stephanodiscus","Bacillariophyceae","HETEROKONTOPHYTA","AU",2,"diatom","","autotroph",FALSE,"not_resolved","not_phaeocystis","peg_class_bacillariophyceae","authority_rule_assignment_not_yet_applied_to_biomass"
"PEG_BVOL2026_stage5_v1",149080,"Stephanodiscus hantzschii","Stephanodiscus","Bacillariophyceae","HETEROKONTOPHYTA","AU",3,"diatom","","autotroph",FALSE,"not_resolved","not_phaeocystis","peg_class_bacillariophyceae","authority_rule_assignment_not_yet_applied_to_biomass"
"PEG_BVOL2026_stage5_v1",149080,"Stephanodiscus hantzschii","Stephanodiscus","Bacillariophyceae","HETEROKONTOPHYTA","AU",4,"diatom","","autotroph",FALSE,"not_resolved","not_phaeocystis","peg_class_bacillariophyceae","authority_rule_assignment_not_yet_applied_to_biomass"
"PEG_BVOL2026_stage5_v1",149080,"Stephanodiscus hantzschii","Stephanodiscus","Bacillariophyceae","HETEROKONTOPHYTA","AU",5,"diatom","","autotroph",FALSE,"not_resolved","not_phaeocystis","peg_class_bacillariophyceae","authority_rule_assignment_not_yet_applied_to_biomass"
"PEG_BVOL2026_stage5_v1",163427,"Stephanodiscus minutulus","Stephanodiscus","Bacillariophyceae","HETEROKONTOPHYTA","AU",1,"diatom","","autotroph",FALSE,"not_resolved","not_phaeocystis","peg_class_bacillariophyceae","authority_rule_assignment_not_yet_applied_to_biomass"
"PEG_BVOL2026_stage5_v1",163433,"Stephanodiscus neoastraea","Stephanodiscus","Bacillariophyceae","HETEROKONTOPHYTA","AU",1,"diatom","","autotroph",FALSE,"not_resolved","not_phaeocystis","peg_class_bacillariophyceae","authority_rule_assignment_not_yet_applied_to_biomass"
"PEG_BVOL2026_stage5_v1",163433,"Stephanodiscus neoastraea","Stephanodiscus","Bacillariophyceae","HETEROKONTOPHYTA","AU",2,"diatom","","autotroph",FALSE,"not_resolved","not_phaeocystis","peg_class_bacillariophyceae","authority_rule_assignment_not_yet_applied_to_biomass"
"PEG_BVOL2026_stage5_v1",163433,"Stephanodiscus neoastraea","Stephanodiscus","Bacillariophyceae","HETEROKONTOPHYTA","AU",3,"diatom","","autotroph",FALSE,"not_resolved","not_phaeocystis","peg_class_bacillariophyceae","authority_rule_assignment_not_yet_applied_to_biomass"
"PEG_BVOL2026_stage5_v1",163433,"Stephanodiscus neoastraea","Stephanodiscus","Bacillariophyceae","HETEROKONTOPHYTA","AU",4,"diatom","","autotroph",FALSE,"not_resolved","not_phaeocystis","peg_class_bacillariophyceae","authority_rule_assignment_not_yet_applied_to_biomass"
"PEG_BVOL2026_stage5_v1",163433,"Stephanodiscus neoastraea","Stephanodiscus","Bacillariophyceae","HETEROKONTOPHYTA","AU",5,"diatom","","autotroph",FALSE,"not_resolved","not_phaeocystis","peg_class_bacillariophyceae","authority_rule_assignment_not_yet_applied_to_biomass"
"PEG_BVOL2026_stage5_v1",149083,"Stephanodiscus parvus","Stephanodiscus","Bacillariophyceae","HETEROKONTOPHYTA","AU",1,"diatom","","autotroph",FALSE,"not_resolved","not_phaeocystis","peg_class_bacillariophyceae","authority_rule_assignment_not_yet_applied_to_biomass"
"PEG_BVOL2026_stage5_v1",163435,"Stephanodiscus rotula","Stephanodiscus","Bacillariophyceae","HETEROKONTOPHYTA","AU",1,"diatom","","autotroph",FALSE,"provider_comment_mentions_colony","not_phaeocystis","peg_class_bacillariophyceae","authority_rule_assignment_not_yet_applied_to_biomass"
"PEG_BVOL2026_stage5_v1",163435,"Stephanodiscus rotula","Stephanodiscus","Bacillariophyceae","HETEROKONTOPHYTA","AU",2,"diatom","","autotroph",FALSE,"provider_comment_mentions_colony","not_phaeocystis","peg_class_bacillariophyceae","authority_rule_assignment_not_yet_applied_to_biomass"
"PEG_BVOL2026_stage5_v1",163435,"Stephanodiscus rotula","Stephanodiscus","Bacillariophyceae","HETEROKONTOPHYTA","AU",3,"diatom","","autotroph",FALSE,"provider_comment_mentions_colony","not_phaeocystis","peg_class_bacillariophyceae","authority_rule_assignment_not_yet_applied_to_biomass"
"PEG_BVOL2026_stage5_v1",163435,"Stephanodiscus rotula","Stephanodiscus","Bacillariophyceae","HETEROKONTOPHYTA","AU",4,"diatom","","autotroph",FALSE,"provider_comment_mentions_colony","not_phaeocystis","peg_class_bacillariophyceae","authority_rule_assignment_not_yet_applied_to_biomass"
"PEG_BVOL2026_stage5_v1",163435,"Stephanodiscus rotula","Stephanodiscus","Bacillariophyceae","HETEROKONTOPHYTA","AU",5,"diatom","","autotroph",FALSE,"provider_comment_mentions_colony","not_phaeocystis","peg_class_bacillariophyceae","authority_rule_assignment_not_yet_applied_to_biomass"
"PEG_BVOL2026_stage5_v1",149079,"Stephanodiscus","Stephanodiscus","Bacillariophyceae","HETEROKONTOPHYTA","AU",1,"diatom","","autotroph",FALSE,"not_resolved","not_phaeocystis","peg_class_bacillariophyceae","authority_rule_assignment_not_yet_applied_to_biomass"
"PEG_BVOL2026_stage5_v1",149079,"Stephanodiscus","Stephanodiscus","Bacillariophyceae","HETEROKONTOPHYTA","AU",2,"diatom","","autotroph",FALSE,"not_resolved","not_phaeocystis","peg_class_bacillariophyceae","authority_rule_assignment_not_yet_applied_to_biomass"
"PEG_BVOL2026_stage5_v1",149079,"Stephanodiscus","Stephanodiscus","Bacillariophyceae","HETEROKONTOPHYTA","AU",3,"diatom","","autotroph",FALSE,"not_resolved","not_phaeocystis","peg_class_bacillariophyceae","authority_rule_assignment_not_yet_applied_to_biomass"
"PEG_BVOL2026_stage5_v1",149079,"Stephanodiscus","Stephanodiscus","Bacillariophyceae","HETEROKONTOPHYTA","AU",4,"diatom","","autotroph",FALSE,"not_resolved","not_phaeocystis","peg_class_bacillariophyceae","authority_rule_assignment_not_yet_applied_to_biomass"
"PEG_BVOL2026_stage5_v1",149631,"Stephanopyxis turris","Stephanopyxis","Bacillariophyceae","HETEROKONTOPHYTA","AU",1,"diatom","","autotroph",FALSE,"not_resolved","not_phaeocystis","peg_class_bacillariophyceae","authority_rule_assignment_not_yet_applied_to_biomass"
"PEG_BVOL2026_stage5_v1",839996,"Trieres regia","Trieres","Bacillariophyceae","HETEROKONTOPHYTA","AU",1,"diatom","","autotroph",FALSE,"not_resolved","not_phaeocystis","peg_class_bacillariophyceae","authority_rule_assignment_not_yet_applied_to_biomass"
"PEG_BVOL2026_stage5_v1",839996,"Trieres regia","Trieres","Bacillariophyceae","HETEROKONTOPHYTA","AU",2,"diatom","","autotroph",FALSE,"not_resolved","not_phaeocystis","peg_class_bacillariophyceae","authority_rule_assignment_not_yet_applied_to_biomass"
"PEG_BVOL2026_stage5_v1",839996,"Trieres regia","Trieres","Bacillariophyceae","HETEROKONTOPHYTA","AU",3,"diatom","","autotroph",FALSE,"not_resolved","not_phaeocystis","peg_class_bacillariophyceae","authority_rule_assignment_not_yet_applied_to_biomass"
"PEG_BVOL2026_stage5_v1",839991,"Trieres mobiliensis","Trieres","Bacillariophyceae","HETEROKONTOPHYTA","AU",1,"diatom","","autotroph",FALSE,"not_resolved","not_phaeocystis","peg_class_bacillariophyceae","authority_rule_assignment_not_yet_applied_to_biomass"
"PEG_BVOL2026_stage5_v1",,"Centrales","Centrales","Bacillariophyceae","HETEROKONTOPHYTA","AU",1,"diatom","","autotroph",FALSE,"provider_comment_mentions_colony","not_phaeocystis","peg_class_bacillariophyceae","authority_rule_assignment_not_yet_applied_to_biomass"
"PEG_BVOL2026_stage5_v1",,"Centrales","Centrales","Bacillariophyceae","HETEROKONTOPHYTA","AU",2,"diatom","","autotroph",FALSE,"provider_comment_mentions_colony","not_phaeocystis","peg_class_bacillariophyceae","authority_rule_assignment_not_yet_applied_to_biomass"
"PEG_BVOL2026_stage5_v1",,"Centrales","Centrales","Bacillariophyceae","HETEROKONTOPHYTA","AU",3,"diatom","","autotroph",FALSE,"provider_comment_mentions_colony","not_phaeocystis","peg_class_bacillariophyceae","authority_rule_assignment_not_yet_applied_to_biomass"
"PEG_BVOL2026_stage5_v1",,"Centrales","Centrales","Bacillariophyceae","HETEROKONTOPHYTA","AU",4,"diatom","","autotroph",FALSE,"provider_comment_mentions_colony","not_phaeocystis","peg_class_bacillariophyceae","authority_rule_assignment_not_yet_applied_to_biomass"
"PEG_BVOL2026_stage5_v1",,"Centrales","Centrales","Bacillariophyceae","HETEROKONTOPHYTA","AU",5,"diatom","","autotroph",FALSE,"provider_comment_mentions_colony","not_phaeocystis","peg_class_bacillariophyceae","authority_rule_assignment_not_yet_applied_to_biomass"
"PEG_BVOL2026_stage5_v1",,"Centrales","Centrales","Bacillariophyceae","HETEROKONTOPHYTA","AU",6,"diatom","","autotroph",FALSE,"provider_comment_mentions_colony","not_phaeocystis","peg_class_bacillariophyceae","authority_rule_assignment_not_yet_applied_to_biomass"
"PEG_BVOL2026_stage5_v1",,"Centrales","Centrales","Bacillariophyceae","HETEROKONTOPHYTA","AU",7,"diatom","","autotroph",FALSE,"provider_comment_mentions_colony","not_phaeocystis","peg_class_bacillariophyceae","authority_rule_assignment_not_yet_applied_to_biomass"
"PEG_BVOL2026_stage5_v1",,"Centrales","Centrales","Bacillariophyceae","HETEROKONTOPHYTA","AU",8,"diatom","","autotroph",FALSE,"provider_comment_mentions_colony","not_phaeocystis","peg_class_bacillariophyceae","authority_rule_assignment_not_yet_applied_to_biomass"
"PEG_BVOL2026_stage5_v1",,"Centrales","Centrales","Bacillariophyceae","HETEROKONTOPHYTA","AU",9,"diatom","","autotroph",FALSE,"provider_comment_mentions_colony","not_phaeocystis","peg_class_bacillariophyceae","authority_rule_assignment_not_yet_applied_to_biomass"
"PEG_BVOL2026_stage5_v1",,"Centrales","Centrales","Bacillariophyceae","HETEROKONTOPHYTA","AU",10,"diatom","","autotroph",FALSE,"provider_comment_mentions_colony","not_phaeocystis","peg_class_bacillariophyceae","authority_rule_assignment_not_yet_applied_to_biomass"
"PEG_BVOL2026_stage5_v1",,"Centrales","Centrales","Bacillariophyceae","HETEROKONTOPHYTA","AU",11,"diatom","","autotroph",FALSE,"provider_comment_mentions_colony","not_phaeocystis","peg_class_bacillariophyceae","authority_rule_assignment_not_yet_applied_to_biomass"
"PEG_BVOL2026_stage5_v1",,"Centrales","Centrales","Bacillariophyceae","HETEROKONTOPHYTA","AU",12,"diatom","","autotroph",FALSE,"provider_comment_mentions_colony","not_phaeocystis","peg_class_bacillariophyceae","authority_rule_assignment_not_yet_applied_to_biomass"
"PEG_BVOL2026_stage5_v1",,"Centrales","Centrales","Bacillariophyceae","HETEROKONTOPHYTA","AU",13,"diatom","","autotroph",FALSE,"provider_comment_mentions_colony","not_phaeocystis","peg_class_bacillariophyceae","authority_rule_assignment_not_yet_applied_to_biomass"
"PEG_BVOL2026_stage5_v1",,"Centrales","Centrales","Bacillariophyceae","HETEROKONTOPHYTA","AU",14,"diatom","","autotroph",FALSE,"provider_comment_mentions_colony","not_phaeocystis","peg_class_bacillariophyceae","authority_rule_assignment_not_yet_applied_to_biomass"
"PEG_BVOL2026_stage5_v1",,"Centrales","Centrales","Bacillariophyceae","HETEROKONTOPHYTA","AU",15,"diatom","","autotroph",FALSE,"provider_comment_mentions_colony","not_phaeocystis","peg_class_bacillariophyceae","authority_rule_assignment_not_yet_applied_to_biomass"
"PEG_BVOL2026_stage5_v1",,"Centrales","Centrales","Bacillariophyceae","HETEROKONTOPHYTA","AU",16,"diatom","","autotroph",FALSE,"provider_comment_mentions_colony","not_phaeocystis","peg_class_bacillariophyceae","authority_rule_assignment_not_yet_applied_to_biomass"
"PEG_BVOL2026_stage5_v1",,"Centrales","Centrales","Bacillariophyceae","HETEROKONTOPHYTA","AU",17,"diatom","","autotroph",FALSE,"provider_comment_mentions_colony","not_phaeocystis","peg_class_bacillariophyceae","authority_rule_assignment_not_yet_applied_to_biomass"
"PEG_BVOL2026_stage5_v1",149619,"Cerataulina pelagica","Cerataulina","Bacillariophyceae","HETEROKONTOPHYTA","AU",1,"diatom","","autotroph",FALSE,"not_resolved","not_phaeocystis","peg_class_bacillariophyceae","authority_rule_assignment_not_yet_applied_to_biomass"
"PEG_BVOL2026_stage5_v1",149619,"Cerataulina pelagica","Cerataulina","Bacillariophyceae","HETEROKONTOPHYTA","AU",2,"diatom","","autotroph",FALSE,"not_resolved","not_phaeocystis","peg_class_bacillariophyceae","authority_rule_assignment_not_yet_applied_to_biomass"
"PEG_BVOL2026_stage5_v1",149619,"Cerataulina pelagica","Cerataulina","Bacillariophyceae","HETEROKONTOPHYTA","AU",3,"diatom","","autotroph",FALSE,"not_resolved","not_phaeocystis","peg_class_bacillariophyceae","authority_rule_assignment_not_yet_applied_to_biomass"
"PEG_BVOL2026_stage5_v1",149619,"Cerataulina pelagica","Cerataulina","Bacillariophyceae","HETEROKONTOPHYTA","AU",4,"diatom","","autotroph",FALSE,"not_resolved","not_phaeocystis","peg_class_bacillariophyceae","authority_rule_assignment_not_yet_applied_to_biomass"
"PEG_BVOL2026_stage5_v1",149619,"Cerataulina pelagica","Cerataulina","Bacillariophyceae","HETEROKONTOPHYTA","AU",5,"diatom","","autotroph",FALSE,"not_resolved","not_phaeocystis","peg_class_bacillariophyceae","authority_rule_assignment_not_yet_applied_to_biomass"
"PEG_BVOL2026_stage5_v1",149619,"Cerataulina pelagica","Cerataulina","Bacillariophyceae","HETEROKONTOPHYTA","AU",6,"diatom","","autotroph",FALSE,"not_resolved","not_phaeocystis","peg_class_bacillariophyceae","authority_rule_assignment_not_yet_applied_to_biomass"
"PEG_BVOL2026_stage5_v1",149619,"Cerataulina pelagica","Cerataulina","Bacillariophyceae","HETEROKONTOPHYTA","AU",7,"diatom","","autotroph",FALSE,"not_resolved","not_phaeocystis","peg_class_bacillariophyceae","authority_rule_assignment_not_yet_applied_to_biomass"
"PEG_BVOL2026_stage5_v1",149619,"Cerataulina pelagica","Cerataulina","Bacillariophyceae","HETEROKONTOPHYTA","AU",8,"diatom","","autotroph",FALSE,"not_resolved","not_phaeocystis","peg_class_bacillariophyceae","authority_rule_assignment_not_yet_applied_to_biomass"
"PEG_BVOL2026_stage5_v1",149619,"Cerataulina pelagica","Cerataulina","Bacillariophyceae","HETEROKONTOPHYTA","AU",9,"diatom","","autotroph",FALSE,"not_resolved","not_phaeocystis","peg_class_bacillariophyceae","authority_rule_assignment_not_yet_applied_to_biomass"
"PEG_BVOL2026_stage5_v1",149619,"Cerataulina pelagica","Cerataulina","Bacillariophyceae","HETEROKONTOPHYTA","AU",10,"diatom","","autotroph",FALSE,"not_resolved","not_phaeocystis","peg_class_bacillariophyceae","authority_rule_assignment_not_yet_applied_to_biomass"
"PEG_BVOL2026_stage5_v1",149619,"Cerataulina pelagica","Cerataulina","Bacillariophyceae","HETEROKONTOPHYTA","AU",11,"diatom","","autotroph",FALSE,"not_resolved","not_phaeocystis","peg_class_bacillariophyceae","authority_rule_assignment_not_yet_applied_to_biomass"
"PEG_BVOL2026_stage5_v1",149619,"Cerataulina pelagica","Cerataulina","Bacillariophyceae","HETEROKONTOPHYTA","AU",12,"diatom","","autotroph",FALSE,"not_resolved","not_phaeocystis","peg_class_bacillariophyceae","authority_rule_assignment_not_yet_applied_to_biomass"
"PEG_BVOL2026_stage5_v1",149619,"Cerataulina pelagica","Cerataulina","Bacillariophyceae","HETEROKONTOPHYTA","AU",13,"diatom","","autotroph",FALSE,"not_resolved","not_phaeocystis","peg_class_bacillariophyceae","authority_rule_assignment_not_yet_applied_to_biomass"
"PEG_BVOL2026_stage5_v1",149619,"Cerataulina pelagica","Cerataulina","Bacillariophyceae","HETEROKONTOPHYTA","AU",14,"diatom","","autotroph",FALSE,"not_resolved","not_phaeocystis","peg_class_bacillariophyceae","authority_rule_assignment_not_yet_applied_to_biomass"
"PEG_BVOL2026_stage5_v1",149619,"Cerataulina pelagica","Cerataulina","Bacillariophyceae","HETEROKONTOPHYTA","AU",15,"diatom","","autotroph",FALSE,"not_resolved","not_phaeocystis","peg_class_bacillariophyceae","authority_rule_assignment_not_yet_applied_to_biomass"
"PEG_BVOL2026_stage5_v1",149619,"Cerataulina pelagica","Cerataulina","Bacillariophyceae","HETEROKONTOPHYTA","AU",16,"diatom","","autotroph",FALSE,"not_resolved","not_phaeocystis","peg_class_bacillariophyceae","authority_rule_assignment_not_yet_applied_to_biomass"
"PEG_BVOL2026_stage5_v1",149619,"Cerataulina pelagica","Cerataulina","Bacillariophyceae","HETEROKONTOPHYTA","AU",17,"diatom","","autotroph",FALSE,"not_resolved","not_phaeocystis","peg_class_bacillariophyceae","authority_rule_assignment_not_yet_applied_to_biomass"
"PEG_BVOL2026_stage5_v1",157430,"Eucampia groenlandica","Eucampia","Bacillariophyceae","HETEROKONTOPHYTA","AU",1,"diatom","","autotroph",FALSE,"not_resolved","not_phaeocystis","peg_class_bacillariophyceae","authority_rule_assignment_not_yet_applied_to_biomass"
"PEG_BVOL2026_stage5_v1",149131,"Eucampia zodiacus","Eucampia","Bacillariophyceae","HETEROKONTOPHYTA","AU",1,"diatom","","autotroph",FALSE,"not_resolved","not_phaeocystis","peg_class_bacillariophyceae","authority_rule_assignment_not_yet_applied_to_biomass"
"PEG_BVOL2026_stage5_v1",149131,"Eucampia zodiacus","Eucampia","Bacillariophyceae","HETEROKONTOPHYTA","AU",2,"diatom","","autotroph",FALSE,"not_resolved","not_phaeocystis","peg_class_bacillariophyceae","authority_rule_assignment_not_yet_applied_to_biomass"
"PEG_BVOL2026_stage5_v1",149131,"Eucampia zodiacus","Eucampia","Bacillariophyceae","HETEROKONTOPHYTA","AU",3,"diatom","","autotroph",FALSE,"not_resolved","not_phaeocystis","peg_class_bacillariophyceae","authority_rule_assignment_not_yet_applied_to_biomass"
"PEG_BVOL2026_stage5_v1",149131,"Eucampia zodiacus","Eucampia","Bacillariophyceae","HETEROKONTOPHYTA","AU",4,"diatom","","autotroph",FALSE,"not_resolved","not_phaeocystis","peg_class_bacillariophyceae","authority_rule_assignment_not_yet_applied_to_biomass"
"PEG_BVOL2026_stage5_v1",149131,"Eucampia zodiacus","Eucampia","Bacillariophyceae","HETEROKONTOPHYTA","AU",5,"diatom","","autotroph",FALSE,"not_resolved","not_phaeocystis","peg_class_bacillariophyceae","authority_rule_assignment_not_yet_applied_to_biomass"
"PEG_BVOL2026_stage5_v1",149023,"Ditylum brightwellii","Ditylum","Bacillariophyceae","HETEROKONTOPHYTA","AU",1,"diatom","","autotroph",FALSE,"not_resolved","not_phaeocystis","peg_class_bacillariophyceae","authority_rule_assignment_not_yet_applied_to_biomass"
"PEG_BVOL2026_stage5_v1",149023,"Ditylum brightwellii","Ditylum","Bacillariophyceae","HETEROKONTOPHYTA","AU",2,"diatom","","autotroph",FALSE,"not_resolved","not_phaeocystis","peg_class_bacillariophyceae","authority_rule_assignment_not_yet_applied_to_biomass"
"PEG_BVOL2026_stage5_v1",149023,"Ditylum brightwellii","Ditylum","Bacillariophyceae","HETEROKONTOPHYTA","AU",3,"diatom","","autotroph",FALSE,"not_resolved","not_phaeocystis","peg_class_bacillariophyceae","authority_rule_assignment_not_yet_applied_to_biomass"
"PEG_BVOL2026_stage5_v1",149023,"Ditylum brightwellii","Ditylum","Bacillariophyceae","HETEROKONTOPHYTA","AU",4,"diatom","","autotroph",FALSE,"not_resolved","not_phaeocystis","peg_class_bacillariophyceae","authority_rule_assignment_not_yet_applied_to_biomass"
"PEG_BVOL2026_stage5_v1",149023,"Ditylum brightwellii","Ditylum","Bacillariophyceae","HETEROKONTOPHYTA","AU",5,"diatom","","autotroph",FALSE,"not_resolved","not_phaeocystis","peg_class_bacillariophyceae","authority_rule_assignment_not_yet_applied_to_biomass"
"PEG_BVOL2026_stage5_v1",149023,"Ditylum brightwellii","Ditylum","Bacillariophyceae","HETEROKONTOPHYTA","AU",6,"diatom","","autotroph",FALSE,"not_resolved","not_phaeocystis","peg_class_bacillariophyceae","authority_rule_assignment_not_yet_applied_to_biomass"
"PEG_BVOL2026_stage5_v1",149023,"Ditylum brightwellii","Ditylum","Bacillariophyceae","HETEROKONTOPHYTA","AU",7,"diatom","","autotroph",FALSE,"not_resolved","not_phaeocystis","peg_class_bacillariophyceae","authority_rule_assignment_not_yet_applied_to_biomass"
"PEG_BVOL2026_stage5_v1",149023,"Ditylum brightwellii","Ditylum","Bacillariophyceae","HETEROKONTOPHYTA","AU",8,"diatom","","autotroph",FALSE,"not_resolved","not_phaeocystis","peg_class_bacillariophyceae","authority_rule_assignment_not_yet_applied_to_biomass"
"PEG_BVOL2026_stage5_v1",157440,"Helicotheca tamesis","Helicotheca","Bacillariophyceae","HETEROKONTOPHYTA","AU",1,"diatom","","autotroph",FALSE,"not_resolved","not_phaeocystis","peg_class_bacillariophyceae","authority_rule_assignment_not_yet_applied_to_biomass"
"PEG_BVOL2026_stage5_v1",149322,"Lithodesmium undulatum","Lithodesmium","Bacillariophyceae","HETEROKONTOPHYTA","AU",1,"diatom","","autotroph",FALSE,"not_resolved","not_phaeocystis","peg_class_bacillariophyceae","authority_rule_assignment_not_yet_applied_to_biomass"
"PEG_BVOL2026_stage5_v1",160537,"Melosira arctica","Melosira","Bacillariophyceae","HETEROKONTOPHYTA","AU",1,"diatom","","autotroph",FALSE,"not_resolved","not_phaeocystis","peg_class_bacillariophyceae","authority_rule_assignment_not_yet_applied_to_biomass"
"PEG_BVOL2026_stage5_v1",160537,"Melosira arctica","Melosira","Bacillariophyceae","HETEROKONTOPHYTA","AU",2,"diatom","","autotroph",FALSE,"not_resolved","not_phaeocystis","peg_class_bacillariophyceae","authority_rule_assignment_not_yet_applied_to_biomass"
"PEG_BVOL2026_stage5_v1",160537,"Melosira arctica","Melosira","Bacillariophyceae","HETEROKONTOPHYTA","AU",3,"diatom","","autotroph",FALSE,"not_resolved","not_phaeocystis","peg_class_bacillariophyceae","authority_rule_assignment_not_yet_applied_to_biomass"
"PEG_BVOL2026_stage5_v1",160537,"Melosira arctica","Melosira","Bacillariophyceae","HETEROKONTOPHYTA","AU",4,"diatom","","autotroph",FALSE,"not_resolved","not_phaeocystis","peg_class_bacillariophyceae","authority_rule_assignment_not_yet_applied_to_biomass"
"PEG_BVOL2026_stage5_v1",160537,"Melosira arctica","Melosira","Bacillariophyceae","HETEROKONTOPHYTA","AU",5,"diatom","","autotroph",FALSE,"not_resolved","not_phaeocystis","peg_class_bacillariophyceae","authority_rule_assignment_not_yet_applied_to_biomass"
"PEG_BVOL2026_stage5_v1",160537,"Melosira arctica","Melosira","Bacillariophyceae","HETEROKONTOPHYTA","AU",6,"diatom","","autotroph",FALSE,"not_resolved","not_phaeocystis","peg_class_bacillariophyceae","authority_rule_assignment_not_yet_applied_to_biomass"
"PEG_BVOL2026_stage5_v1",160537,"Melosira arctica","Melosira","Bacillariophyceae","HETEROKONTOPHYTA","AU",7,"diatom","","autotroph",FALSE,"not_resolved","not_phaeocystis","peg_class_bacillariophyceae","authority_rule_assignment_not_yet_applied_to_biomass"
"PEG_BVOL2026_stage5_v1",160537,"Melosira arctica","Melosira","Bacillariophyceae","HETEROKONTOPHYTA","AU",8,"diatom","","autotroph",FALSE,"not_resolved","not_phaeocystis","peg_class_bacillariophyceae","authority_rule_assignment_not_yet_applied_to_biomass"
"PEG_BVOL2026_stage5_v1",156636,"Melosira lineata","Melosira","Bacillariophyceae","HETEROKONTOPHYTA","AU",1,"diatom","","autotroph",FALSE,"not_resolved","not_phaeocystis","peg_class_bacillariophyceae","authority_rule_assignment_not_yet_applied_to_biomass"
"PEG_BVOL2026_stage5_v1",156636,"Melosira lineata","Melosira","Bacillariophyceae","HETEROKONTOPHYTA","AU",2,"diatom","","autotroph",FALSE,"not_resolved","not_phaeocystis","peg_class_bacillariophyceae","authority_rule_assignment_not_yet_applied_to_biomass"
"PEG_BVOL2026_stage5_v1",418547,"Melosira moniliformis","Melosira","Bacillariophyceae","HETEROKONTOPHYTA","AU",1,"diatom","","autotroph",FALSE,"not_resolved","not_phaeocystis","peg_class_bacillariophyceae","authority_rule_assignment_not_yet_applied_to_biomass"
"PEG_BVOL2026_stage5_v1",418547,"Melosira moniliformis","Melosira","Bacillariophyceae","HETEROKONTOPHYTA","AU",2,"diatom","","autotroph",FALSE,"not_resolved","not_phaeocystis","peg_class_bacillariophyceae","authority_rule_assignment_not_yet_applied_to_biomass"
"PEG_BVOL2026_stage5_v1",418547,"Melosira moniliformis","Melosira","Bacillariophyceae","HETEROKONTOPHYTA","AU",3,"diatom","","autotroph",FALSE,"not_resolved","not_phaeocystis","peg_class_bacillariophyceae","authority_rule_assignment_not_yet_applied_to_biomass"
"PEG_BVOL2026_stage5_v1",418547,"Melosira moniliformis","Melosira","Bacillariophyceae","HETEROKONTOPHYTA","AU",4,"diatom","","autotroph",FALSE,"not_resolved","not_phaeocystis","peg_class_bacillariophyceae","authority_rule_assignment_not_yet_applied_to_biomass"
"PEG_BVOL2026_stage5_v1",149044,"Melosira nummuloides","Melosira","Bacillariophyceae","HETEROKONTOPHYTA","AU",1,"diatom","","autotroph",FALSE,"not_resolved","not_phaeocystis","peg_class_bacillariophyceae","authority_rule_assignment_not_yet_applied_to_biomass"
"PEG_BVOL2026_stage5_v1",149044,"Melosira nummuloides","Melosira","Bacillariophyceae","HETEROKONTOPHYTA","AU",2,"diatom","","autotroph",FALSE,"not_resolved","not_phaeocystis","peg_class_bacillariophyceae","authority_rule_assignment_not_yet_applied_to_biomass"
"PEG_BVOL2026_stage5_v1",149043,"Melosira varians","Melosira","Bacillariophyceae","HETEROKONTOPHYTA","AU",1,"diatom","","autotroph",FALSE,"not_resolved","not_phaeocystis","peg_class_bacillariophyceae","authority_rule_assignment_not_yet_applied_to_biomass"
"PEG_BVOL2026_stage5_v1",149043,"Melosira varians","Melosira","Bacillariophyceae","HETEROKONTOPHYTA","AU",2,"diatom","","autotroph",FALSE,"not_resolved","not_phaeocystis","peg_class_bacillariophyceae","authority_rule_assignment_not_yet_applied_to_biomass"
"PEG_BVOL2026_stage5_v1",149043,"Melosira varians","Melosira","Bacillariophyceae","HETEROKONTOPHYTA","AU",3,"diatom","","autotroph",FALSE,"not_resolved","not_phaeocystis","peg_class_bacillariophyceae","authority_rule_assignment_not_yet_applied_to_biomass"
"PEG_BVOL2026_stage5_v1",149043,"Melosira varians","Melosira","Bacillariophyceae","HETEROKONTOPHYTA","AU",4,"diatom","","autotroph",FALSE,"not_resolved","not_phaeocystis","peg_class_bacillariophyceae","authority_rule_assignment_not_yet_applied_to_biomass"
"PEG_BVOL2026_stage5_v1",149042,"Melosira","Melosira","Bacillariophyceae","HETEROKONTOPHYTA","AU",1,"diatom","","autotroph",FALSE,"not_resolved","not_phaeocystis","peg_class_bacillariophyceae","authority_rule_assignment_not_yet_applied_to_biomass"
"PEG_BVOL2026_stage5_v1",149042,"Melosira","Melosira","Bacillariophyceae","HETEROKONTOPHYTA","AU",2,"diatom","","autotroph",FALSE,"not_resolved","not_phaeocystis","peg_class_bacillariophyceae","authority_rule_assignment_not_yet_applied_to_biomass"
"PEG_BVOL2026_stage5_v1",149055,"Paralia sulcata","Paralia","Bacillariophyceae","HETEROKONTOPHYTA","AU",1,"diatom","","autotroph",FALSE,"not_resolved","not_phaeocystis","peg_class_bacillariophyceae","authority_rule_assignment_not_yet_applied_to_biomass"
"PEG_BVOL2026_stage5_v1",179786,"Dactyliosolen blavyanus","Dactyliosolen","Bacillariophyceae","HETEROKONTOPHYTA","AU",1,"diatom","","autotroph",FALSE,"not_resolved","not_phaeocystis","peg_class_bacillariophyceae","authority_rule_assignment_not_yet_applied_to_biomass"
"PEG_BVOL2026_stage5_v1",179786,"Dactyliosolen blavyanus","Dactyliosolen","Bacillariophyceae","HETEROKONTOPHYTA","AU",2,"diatom","","autotroph",FALSE,"not_resolved","not_phaeocystis","peg_class_bacillariophyceae","authority_rule_assignment_not_yet_applied_to_biomass"
"PEG_BVOL2026_stage5_v1",179786,"Dactyliosolen blavyanus","Dactyliosolen","Bacillariophyceae","HETEROKONTOPHYTA","AU",3,"diatom","","autotroph",FALSE,"not_resolved","not_phaeocystis","peg_class_bacillariophyceae","authority_rule_assignment_not_yet_applied_to_biomass"
"PEG_BVOL2026_stage5_v1",179786,"Dactyliosolen blavyanus","Dactyliosolen","Bacillariophyceae","HETEROKONTOPHYTA","AU",4,"diatom","","autotroph",FALSE,"not_resolved","not_phaeocystis","peg_class_bacillariophyceae","authority_rule_assignment_not_yet_applied_to_biomass"
"PEG_BVOL2026_stage5_v1",149310,"Dactyliosolen fragilissimus","Dactyliosolen","Bacillariophyceae","HETEROKONTOPHYTA","AU",1,"diatom","","autotroph",FALSE,"not_resolved","not_phaeocystis","peg_class_bacillariophyceae","authority_rule_assignment_not_yet_applied_to_biomass"
"PEG_BVOL2026_stage5_v1",149310,"Dactyliosolen fragilissimus","Dactyliosolen","Bacillariophyceae","HETEROKONTOPHYTA","AU",2,"diatom","","autotroph",FALSE,"not_resolved","not_phaeocystis","peg_class_bacillariophyceae","authority_rule_assignment_not_yet_applied_to_biomass"
"PEG_BVOL2026_stage5_v1",149310,"Dactyliosolen fragilissimus","Dactyliosolen","Bacillariophyceae","HETEROKONTOPHYTA","AU",3,"diatom","","autotroph",FALSE,"not_resolved","not_phaeocystis","peg_class_bacillariophyceae","authority_rule_assignment_not_yet_applied_to_biomass"
"PEG_BVOL2026_stage5_v1",149310,"Dactyliosolen fragilissimus","Dactyliosolen","Bacillariophyceae","HETEROKONTOPHYTA","AU",4,"diatom","","autotroph",FALSE,"not_resolved","not_phaeocystis","peg_class_bacillariophyceae","authority_rule_assignment_not_yet_applied_to_biomass"
"PEG_BVOL2026_stage5_v1",149310,"Dactyliosolen fragilissimus","Dactyliosolen","Bacillariophyceae","HETEROKONTOPHYTA","AU",5,"diatom","","autotroph",FALSE,"not_resolved","not_phaeocystis","peg_class_bacillariophyceae","authority_rule_assignment_not_yet_applied_to_biomass"
"PEG_BVOL2026_stage5_v1",149310,"Dactyliosolen fragilissimus","Dactyliosolen","Bacillariophyceae","HETEROKONTOPHYTA","AU",6,"diatom","","autotroph",FALSE,"not_resolved","not_phaeocystis","peg_class_bacillariophyceae","authority_rule_assignment_not_yet_applied_to_biomass"
"PEG_BVOL2026_stage5_v1",149310,"Dactyliosolen fragilissimus","Dactyliosolen","Bacillariophyceae","HETEROKONTOPHYTA","AU",7,"diatom","","autotroph",FALSE,"not_resolved","not_phaeocystis","peg_class_bacillariophyceae","authority_rule_assignment_not_yet_applied_to_biomass"
"PEG_BVOL2026_stage5_v1",149310,"Dactyliosolen fragilissimus","Dactyliosolen","Bacillariophyceae","HETEROKONTOPHYTA","AU",8,"diatom","","autotroph",FALSE,"not_resolved","not_phaeocystis","peg_class_bacillariophyceae","authority_rule_assignment_not_yet_applied_to_biomass"
"PEG_BVOL2026_stage5_v1",149310,"Dactyliosolen fragilissimus","Dactyliosolen","Bacillariophyceae","HETEROKONTOPHYTA","AU",9,"diatom","","autotroph",FALSE,"not_resolved","not_phaeocystis","peg_class_bacillariophyceae","authority_rule_assignment_not_yet_applied_to_biomass"
"PEG_BVOL2026_stage5_v1",149310,"Dactyliosolen fragilissimus","Dactyliosolen","Bacillariophyceae","HETEROKONTOPHYTA","AU",10,"diatom","","autotroph",FALSE,"not_resolved","not_phaeocystis","peg_class_bacillariophyceae","authority_rule_assignment_not_yet_applied_to_biomass"
"PEG_BVOL2026_stage5_v1",149310,"Dactyliosolen fragilissimus","Dactyliosolen","Bacillariophyceae","HETEROKONTOPHYTA","AU",11,"diatom","","autotroph",FALSE,"not_resolved","not_phaeocystis","peg_class_bacillariophyceae","authority_rule_assignment_not_yet_applied_to_biomass"
"PEG_BVOL2026_stage5_v1",149310,"Dactyliosolen fragilissimus","Dactyliosolen","Bacillariophyceae","HETEROKONTOPHYTA","AU",12,"diatom","","autotroph",FALSE,"not_resolved","not_phaeocystis","peg_class_bacillariophyceae","authority_rule_assignment_not_yet_applied_to_biomass"
"PEG_BVOL2026_stage5_v1",163262,"Dactyliosolen mediterraneus","Dactyliosolen","Bacillariophyceae","HETEROKONTOPHYTA","AU",1,"diatom","","autotroph",FALSE,"not_resolved","not_phaeocystis","peg_class_bacillariophyceae","authority_rule_assignment_not_yet_applied_to_biomass"
"PEG_BVOL2026_stage5_v1",248064,"Dactyliosolen phuketensis","Dactyliosolen","Bacillariophyceae","HETEROKONTOPHYTA","AU",1,"diatom","","autotroph",FALSE,"not_resolved","not_phaeocystis","peg_class_bacillariophyceae","authority_rule_assignment_not_yet_applied_to_biomass"
"PEG_BVOL2026_stage5_v1",248064,"Dactyliosolen phuketensis","Dactyliosolen","Bacillariophyceae","HETEROKONTOPHYTA","AU",2,"diatom","","autotroph",FALSE,"not_resolved","not_phaeocystis","peg_class_bacillariophyceae","authority_rule_assignment_not_yet_applied_to_biomass"
"PEG_BVOL2026_stage5_v1",248064,"Dactyliosolen phuketensis","Dactyliosolen","Bacillariophyceae","HETEROKONTOPHYTA","AU",3,"diatom","","autotroph",FALSE,"not_resolved","not_phaeocystis","peg_class_bacillariophyceae","authority_rule_assignment_not_yet_applied_to_biomass"
"PEG_BVOL2026_stage5_v1",149112,"Guinardia delicatula","Guinardia","Bacillariophyceae","HETEROKONTOPHYTA","AU",1,"diatom","","autotroph",FALSE,"not_resolved","not_phaeocystis","peg_class_bacillariophyceae","authority_rule_assignment_not_yet_applied_to_biomass"
"PEG_BVOL2026_stage5_v1",149112,"Guinardia delicatula","Guinardia","Bacillariophyceae","HETEROKONTOPHYTA","AU",2,"diatom","","autotroph",FALSE,"not_resolved","not_phaeocystis","peg_class_bacillariophyceae","authority_rule_assignment_not_yet_applied_to_biomass"
"PEG_BVOL2026_stage5_v1",149112,"Guinardia delicatula","Guinardia","Bacillariophyceae","HETEROKONTOPHYTA","AU",3,"diatom","","autotroph",FALSE,"not_resolved","not_phaeocystis","peg_class_bacillariophyceae","authority_rule_assignment_not_yet_applied_to_biomass"
"PEG_BVOL2026_stage5_v1",149112,"Guinardia delicatula","Guinardia","Bacillariophyceae","HETEROKONTOPHYTA","AU",4,"diatom","","autotroph",FALSE,"not_resolved","not_phaeocystis","peg_class_bacillariophyceae","authority_rule_assignment_not_yet_applied_to_biomass"
"PEG_BVOL2026_stage5_v1",149112,"Guinardia delicatula","Guinardia","Bacillariophyceae","HETEROKONTOPHYTA","AU",5,"diatom","","autotroph",FALSE,"not_resolved","not_phaeocystis","peg_class_bacillariophyceae","authority_rule_assignment_not_yet_applied_to_biomass"
"PEG_BVOL2026_stage5_v1",149112,"Guinardia delicatula","Guinardia","Bacillariophyceae","HETEROKONTOPHYTA","AU",6,"diatom","","autotroph",FALSE,"not_resolved","not_phaeocystis","peg_class_bacillariophyceae","authority_rule_assignment_not_yet_applied_to_biomass"
"PEG_BVOL2026_stage5_v1",149132,"Guinardia flaccida","Guinardia","Bacillariophyceae","HETEROKONTOPHYTA","AU",1,"diatom","","autotroph",FALSE,"not_resolved","not_phaeocystis","peg_class_bacillariophyceae","authority_rule_assignment_not_yet_applied_to_biomass"
"PEG_BVOL2026_stage5_v1",149132,"Guinardia flaccida","Guinardia","Bacillariophyceae","HETEROKONTOPHYTA","AU",2,"diatom","","autotroph",FALSE,"not_resolved","not_phaeocystis","peg_class_bacillariophyceae","authority_rule_assignment_not_yet_applied_to_biomass"
"PEG_BVOL2026_stage5_v1",149132,"Guinardia flaccida","Guinardia","Bacillariophyceae","HETEROKONTOPHYTA","AU",3,"diatom","","autotroph",FALSE,"not_resolved","not_phaeocystis","peg_class_bacillariophyceae","authority_rule_assignment_not_yet_applied_to_biomass"
"PEG_BVOL2026_stage5_v1",149132,"Guinardia flaccida","Guinardia","Bacillariophyceae","HETEROKONTOPHYTA","AU",4,"diatom","","autotroph",FALSE,"not_resolved","not_phaeocystis","peg_class_bacillariophyceae","authority_rule_assignment_not_yet_applied_to_biomass"
"PEG_BVOL2026_stage5_v1",149132,"Guinardia flaccida","Guinardia","Bacillariophyceae","HETEROKONTOPHYTA","AU",5,"diatom","","autotroph",FALSE,"not_resolved","not_phaeocystis","peg_class_bacillariophyceae","authority_rule_assignment_not_yet_applied_to_biomass"
"PEG_BVOL2026_stage5_v1",149132,"Guinardia flaccida","Guinardia","Bacillariophyceae","HETEROKONTOPHYTA","AU",6,"diatom","","autotroph",FALSE,"not_resolved","not_phaeocystis","peg_class_bacillariophyceae","authority_rule_assignment_not_yet_applied_to_biomass"
"PEG_BVOL2026_stage5_v1",149132,"Guinardia flaccida","Guinardia","Bacillariophyceae","HETEROKONTOPHYTA","AU",7,"diatom","","autotroph",FALSE,"not_resolved","not_phaeocystis","peg_class_bacillariophyceae","authority_rule_assignment_not_yet_applied_to_biomass"
"PEG_BVOL2026_stage5_v1",149132,"Guinardia flaccida","Guinardia","Bacillariophyceae","HETEROKONTOPHYTA","AU",8,"diatom","","autotroph",FALSE,"not_resolved","not_phaeocystis","peg_class_bacillariophyceae","authority_rule_assignment_not_yet_applied_to_biomass"
"PEG_BVOL2026_stage5_v1",149132,"Guinardia flaccida","Guinardia","Bacillariophyceae","HETEROKONTOPHYTA","AU",9,"diatom","","autotroph",FALSE,"not_resolved","not_phaeocystis","peg_class_bacillariophyceae","authority_rule_assignment_not_yet_applied_to_biomass"
"PEG_BVOL2026_stage5_v1",149113,"Guinardia striata","Guinardia","Bacillariophyceae","HETEROKONTOPHYTA","AU",1,"diatom","","autotroph",FALSE,"not_resolved","not_phaeocystis","peg_class_bacillariophyceae","authority_rule_assignment_not_yet_applied_to_biomass"
"PEG_BVOL2026_stage5_v1",345491,"Neocalyptrella robusta","Neocalyptrella","Bacillariophyceae","HETEROKONTOPHYTA","AU",2,"diatom","","autotroph",FALSE,"not_resolved","not_phaeocystis","peg_class_bacillariophyceae","authority_rule_assignment_not_yet_applied_to_biomass"
"PEG_BVOL2026_stage5_v1",163344,"Pseudosolenia calcar-avis","Pseudosolenia","Bacillariophyceae","HETEROKONTOPHYTA","AU",1,"diatom","","autotroph",FALSE,"not_resolved","not_phaeocystis","peg_class_bacillariophyceae","authority_rule_assignment_not_yet_applied_to_biomass"
"PEG_BVOL2026_stage5_v1",163344,"Pseudosolenia calcar-avis","Pseudosolenia","Bacillariophyceae","HETEROKONTOPHYTA","AU",2,"diatom","","autotroph",FALSE,"not_resolved","not_phaeocystis","peg_class_bacillariophyceae","authority_rule_assignment_not_yet_applied_to_biomass"
"PEG_BVOL2026_stage5_v1",163344,"Pseudosolenia calcar-avis","Pseudosolenia","Bacillariophyceae","HETEROKONTOPHYTA","AU",3,"diatom","","autotroph",FALSE,"not_resolved","not_phaeocystis","peg_class_bacillariophyceae","authority_rule_assignment_not_yet_applied_to_biomass"
"PEG_BVOL2026_stage5_v1",163344,"Pseudosolenia calcar-avis","Pseudosolenia","Bacillariophyceae","HETEROKONTOPHYTA","AU",4,"diatom","","autotroph",FALSE,"not_resolved","not_phaeocystis","peg_class_bacillariophyceae","authority_rule_assignment_not_yet_applied_to_biomass"
"PEG_BVOL2026_stage5_v1",163344,"Pseudosolenia calcar-avis","Pseudosolenia","Bacillariophyceae","HETEROKONTOPHYTA","AU",5,"diatom","","autotroph",FALSE,"not_resolved","not_phaeocystis","peg_class_bacillariophyceae","authority_rule_assignment_not_yet_applied_to_biomass"
"PEG_BVOL2026_stage5_v1",163344,"Pseudosolenia calcar-avis","Pseudosolenia","Bacillariophyceae","HETEROKONTOPHYTA","AU",6,"diatom","","autotroph",FALSE,"not_resolved","not_phaeocystis","peg_class_bacillariophyceae","authority_rule_assignment_not_yet_applied_to_biomass"
"PEG_BVOL2026_stage5_v1",163344,"Pseudosolenia calcar-avis","Pseudosolenia","Bacillariophyceae","HETEROKONTOPHYTA","AU",7,"diatom","","autotroph",FALSE,"not_resolved","not_phaeocystis","peg_class_bacillariophyceae","authority_rule_assignment_not_yet_applied_to_biomass"
"PEG_BVOL2026_stage5_v1",163344,"Pseudosolenia calcar-avis","Pseudosolenia","Bacillariophyceae","HETEROKONTOPHYTA","AU",8,"diatom","","autotroph",FALSE,"not_resolved","not_phaeocystis","peg_class_bacillariophyceae","authority_rule_assignment_not_yet_applied_to_biomass"
"PEG_BVOL2026_stage5_v1",163344,"Pseudosolenia calcar-avis","Pseudosolenia","Bacillariophyceae","HETEROKONTOPHYTA","AU",9,"diatom","","autotroph",FALSE,"not_resolved","not_phaeocystis","peg_class_bacillariophyceae","authority_rule_assignment_not_yet_applied_to_biomass"
"PEG_BVOL2026_stage5_v1",149070,"Rhizosolenia hebetata","Rhizosolenia","Bacillariophyceae","HETEROKONTOPHYTA","AU",1,"diatom","","autotroph",FALSE,"not_resolved","not_phaeocystis","peg_class_bacillariophyceae","authority_rule_assignment_not_yet_applied_to_biomass"
"PEG_BVOL2026_stage5_v1",149070,"Rhizosolenia hebetata","Rhizosolenia","Bacillariophyceae","HETEROKONTOPHYTA","AU",2,"diatom","","autotroph",FALSE,"not_resolved","not_phaeocystis","peg_class_bacillariophyceae","authority_rule_assignment_not_yet_applied_to_biomass"
"PEG_BVOL2026_stage5_v1",149070,"Rhizosolenia hebetata","Rhizosolenia","Bacillariophyceae","HETEROKONTOPHYTA","AU",3,"diatom","","autotroph",FALSE,"not_resolved","not_phaeocystis","peg_class_bacillariophyceae","authority_rule_assignment_not_yet_applied_to_biomass"
"PEG_BVOL2026_stage5_v1",149070,"Rhizosolenia hebetata","Rhizosolenia","Bacillariophyceae","HETEROKONTOPHYTA","AU",4,"diatom","","autotroph",FALSE,"not_resolved","not_phaeocystis","peg_class_bacillariophyceae","authority_rule_assignment_not_yet_applied_to_biomass"
"PEG_BVOL2026_stage5_v1",149070,"Rhizosolenia hebetata","Rhizosolenia","Bacillariophyceae","HETEROKONTOPHYTA","AU",5,"diatom","","autotroph",FALSE,"not_resolved","not_phaeocystis","peg_class_bacillariophyceae","authority_rule_assignment_not_yet_applied_to_biomass"
"PEG_BVOL2026_stage5_v1",149070,"Rhizosolenia hebetata","Rhizosolenia","Bacillariophyceae","HETEROKONTOPHYTA","AU",6,"diatom","","autotroph",FALSE,"not_resolved","not_phaeocystis","peg_class_bacillariophyceae","authority_rule_assignment_not_yet_applied_to_biomass"
"PEG_BVOL2026_stage5_v1",149070,"Rhizosolenia hebetata","Rhizosolenia","Bacillariophyceae","HETEROKONTOPHYTA","AU",7,"diatom","","autotroph",FALSE,"not_resolved","not_phaeocystis","peg_class_bacillariophyceae","authority_rule_assignment_not_yet_applied_to_biomass"
"PEG_BVOL2026_stage5_v1",149071,"Rhizosolenia hebetata f. semispina","Rhizosolenia","Bacillariophyceae","HETEROKONTOPHYTA","AU",1,"diatom","","autotroph",FALSE,"not_resolved","not_phaeocystis","peg_class_bacillariophyceae","authority_rule_assignment_not_yet_applied_to_biomass"
"PEG_BVOL2026_stage5_v1",149071,"Rhizosolenia hebetata f. semispina","Rhizosolenia","Bacillariophyceae","HETEROKONTOPHYTA","AU",2,"diatom","","autotroph",FALSE,"not_resolved","not_phaeocystis","peg_class_bacillariophyceae","authority_rule_assignment_not_yet_applied_to_biomass"
"PEG_BVOL2026_stage5_v1",149071,"Rhizosolenia hebetata f. semispina","Rhizosolenia","Bacillariophyceae","HETEROKONTOPHYTA","AU",3,"diatom","","autotroph",FALSE,"not_resolved","not_phaeocystis","peg_class_bacillariophyceae","authority_rule_assignment_not_yet_applied_to_biomass"
"PEG_BVOL2026_stage5_v1",149071,"Rhizosolenia hebetata f. semispina","Rhizosolenia","Bacillariophyceae","HETEROKONTOPHYTA","AU",4,"diatom","","autotroph",FALSE,"not_resolved","not_phaeocystis","peg_class_bacillariophyceae","authority_rule_assignment_not_yet_applied_to_biomass"
"PEG_BVOL2026_stage5_v1",149071,"Rhizosolenia hebetata f. semispina","Rhizosolenia","Bacillariophyceae","HETEROKONTOPHYTA","AU",5,"diatom","","autotroph",FALSE,"not_resolved","not_phaeocystis","peg_class_bacillariophyceae","authority_rule_assignment_not_yet_applied_to_biomass"
"PEG_BVOL2026_stage5_v1",149071,"Rhizosolenia hebetata f. semispina","Rhizosolenia","Bacillariophyceae","HETEROKONTOPHYTA","AU",6,"diatom","","autotroph",FALSE,"not_resolved","not_phaeocystis","peg_class_bacillariophyceae","authority_rule_assignment_not_yet_applied_to_biomass"
"PEG_BVOL2026_stage5_v1",149071,"Rhizosolenia hebetata f. semispina","Rhizosolenia","Bacillariophyceae","HETEROKONTOPHYTA","AU",7,"diatom","","autotroph",FALSE,"not_resolved","not_phaeocystis","peg_class_bacillariophyceae","authority_rule_assignment_not_yet_applied_to_biomass"
"PEG_BVOL2026_stage5_v1",149116,"Rhizosolenia imbricata","Rhizosolenia","Bacillariophyceae","HETEROKONTOPHYTA","AU",1,"diatom","","autotroph",FALSE,"not_resolved","not_phaeocystis","peg_class_bacillariophyceae","authority_rule_assignment_not_yet_applied_to_biomass"
"PEG_BVOL2026_stage5_v1",149116,"Rhizosolenia imbricata","Rhizosolenia","Bacillariophyceae","HETEROKONTOPHYTA","AU",2,"diatom","","autotroph",FALSE,"not_resolved","not_phaeocystis","peg_class_bacillariophyceae","authority_rule_assignment_not_yet_applied_to_biomass"
"PEG_BVOL2026_stage5_v1",163522,"Rhizosolenia longiseta","Rhizosolenia","Bacillariophyceae","HETEROKONTOPHYTA","AU",1,"diatom","","autotroph",FALSE,"not_resolved","not_phaeocystis","peg_class_bacillariophyceae","authority_rule_assignment_not_yet_applied_to_biomass"
"PEG_BVOL2026_stage5_v1",163522,"Rhizosolenia longiseta","Rhizosolenia","Bacillariophyceae","HETEROKONTOPHYTA","AU",2,"diatom","","autotroph",FALSE,"not_resolved","not_phaeocystis","peg_class_bacillariophyceae","authority_rule_assignment_not_yet_applied_to_biomass"
"PEG_BVOL2026_stage5_v1",163522,"Rhizosolenia longiseta","Rhizosolenia","Bacillariophyceae","HETEROKONTOPHYTA","AU",3,"diatom","","autotroph",FALSE,"not_resolved","not_phaeocystis","peg_class_bacillariophyceae","authority_rule_assignment_not_yet_applied_to_biomass"
"PEG_BVOL2026_stage5_v1",163522,"Rhizosolenia longiseta","Rhizosolenia","Bacillariophyceae","HETEROKONTOPHYTA","AU",4,"diatom","","autotroph",FALSE,"not_resolved","not_phaeocystis","peg_class_bacillariophyceae","authority_rule_assignment_not_yet_applied_to_biomass"
"PEG_BVOL2026_stage5_v1",163522,"Rhizosolenia longiseta","Rhizosolenia","Bacillariophyceae","HETEROKONTOPHYTA","AU",5,"diatom","","autotroph",FALSE,"not_resolved","not_phaeocystis","peg_class_bacillariophyceae","authority_rule_assignment_not_yet_applied_to_biomass"
"PEG_BVOL2026_stage5_v1",163522,"Rhizosolenia longiseta","Rhizosolenia","Bacillariophyceae","HETEROKONTOPHYTA","AU",6,"diatom","","autotroph",FALSE,"not_resolved","not_phaeocystis","peg_class_bacillariophyceae","authority_rule_assignment_not_yet_applied_to_biomass"
"PEG_BVOL2026_stage5_v1",163522,"Rhizosolenia longiseta","Rhizosolenia","Bacillariophyceae","HETEROKONTOPHYTA","AU",7,"diatom","","autotroph",FALSE,"not_resolved","not_phaeocystis","peg_class_bacillariophyceae","authority_rule_assignment_not_yet_applied_to_biomass"
"PEG_BVOL2026_stage5_v1",149115,"Rhizosolenia setigera","Rhizosolenia","Bacillariophyceae","HETEROKONTOPHYTA","AU",1,"diatom","","autotroph",FALSE,"not_resolved","not_phaeocystis","peg_class_bacillariophyceae","authority_rule_assignment_not_yet_applied_to_biomass"
"PEG_BVOL2026_stage5_v1",149115,"Rhizosolenia setigera","Rhizosolenia","Bacillariophyceae","HETEROKONTOPHYTA","AU",2,"diatom","","autotroph",FALSE,"not_resolved","not_phaeocystis","peg_class_bacillariophyceae","authority_rule_assignment_not_yet_applied_to_biomass"
"PEG_BVOL2026_stage5_v1",149115,"Rhizosolenia setigera","Rhizosolenia","Bacillariophyceae","HETEROKONTOPHYTA","AU",3,"diatom","","autotroph",FALSE,"not_resolved","not_phaeocystis","peg_class_bacillariophyceae","authority_rule_assignment_not_yet_applied_to_biomass"
"PEG_BVOL2026_stage5_v1",149115,"Rhizosolenia setigera","Rhizosolenia","Bacillariophyceae","HETEROKONTOPHYTA","AU",4,"diatom","","autotroph",FALSE,"not_resolved","not_phaeocystis","peg_class_bacillariophyceae","authority_rule_assignment_not_yet_applied_to_biomass"
"PEG_BVOL2026_stage5_v1",149115,"Rhizosolenia setigera","Rhizosolenia","Bacillariophyceae","HETEROKONTOPHYTA","AU",5,"diatom","","autotroph",FALSE,"not_resolved","not_phaeocystis","peg_class_bacillariophyceae","authority_rule_assignment_not_yet_applied_to_biomass"
"PEG_BVOL2026_stage5_v1",149115,"Rhizosolenia setigera","Rhizosolenia","Bacillariophyceae","HETEROKONTOPHYTA","AU",6,"diatom","","autotroph",FALSE,"not_resolved","not_phaeocystis","peg_class_bacillariophyceae","authority_rule_assignment_not_yet_applied_to_biomass"
"PEG_BVOL2026_stage5_v1",149115,"Rhizosolenia setigera","Rhizosolenia","Bacillariophyceae","HETEROKONTOPHYTA","AU",7,"diatom","","autotroph",FALSE,"not_resolved","not_phaeocystis","peg_class_bacillariophyceae","authority_rule_assignment_not_yet_applied_to_biomass"
"PEG_BVOL2026_stage5_v1",149115,"Rhizosolenia setigera","Rhizosolenia","Bacillariophyceae","HETEROKONTOPHYTA","AU",8,"diatom","","autotroph",FALSE,"not_resolved","not_phaeocystis","peg_class_bacillariophyceae","authority_rule_assignment_not_yet_applied_to_biomass"
"PEG_BVOL2026_stage5_v1",149115,"Rhizosolenia setigera","Rhizosolenia","Bacillariophyceae","HETEROKONTOPHYTA","AU",9,"diatom","","autotroph",FALSE,"not_resolved","not_phaeocystis","peg_class_bacillariophyceae","authority_rule_assignment_not_yet_applied_to_biomass"
"PEG_BVOL2026_stage5_v1",547544,"Rhizosolenia setigera f. pungens","Rhizosolenia","Bacillariophyceae","HETEROKONTOPHYTA","AU",1,"diatom","","autotroph",FALSE,"not_resolved","not_phaeocystis","peg_class_bacillariophyceae","authority_rule_assignment_not_yet_applied_to_biomass"
"PEG_BVOL2026_stage5_v1",547544,"Rhizosolenia setigera f. pungens","Rhizosolenia","Bacillariophyceae","HETEROKONTOPHYTA","AU",2,"diatom","","autotroph",FALSE,"not_resolved","not_phaeocystis","peg_class_bacillariophyceae","authority_rule_assignment_not_yet_applied_to_biomass"
"PEG_BVOL2026_stage5_v1",547544,"Rhizosolenia setigera f. pungens","Rhizosolenia","Bacillariophyceae","HETEROKONTOPHYTA","AU",3,"diatom","","autotroph",FALSE,"not_resolved","not_phaeocystis","peg_class_bacillariophyceae","authority_rule_assignment_not_yet_applied_to_biomass"
"PEG_BVOL2026_stage5_v1",547544,"Rhizosolenia setigera f. pungens","Rhizosolenia","Bacillariophyceae","HETEROKONTOPHYTA","AU",4,"diatom","","autotroph",FALSE,"not_resolved","not_phaeocystis","peg_class_bacillariophyceae","authority_rule_assignment_not_yet_applied_to_biomass"
"PEG_BVOL2026_stage5_v1",547544,"Rhizosolenia setigera f. pungens","Rhizosolenia","Bacillariophyceae","HETEROKONTOPHYTA","AU",5,"diatom","","autotroph",FALSE,"not_resolved","not_phaeocystis","peg_class_bacillariophyceae","authority_rule_assignment_not_yet_applied_to_biomass"
"PEG_BVOL2026_stage5_v1",547544,"Rhizosolenia setigera f. pungens","Rhizosolenia","Bacillariophyceae","HETEROKONTOPHYTA","AU",6,"diatom","","autotroph",FALSE,"not_resolved","not_phaeocystis","peg_class_bacillariophyceae","authority_rule_assignment_not_yet_applied_to_biomass"
"PEG_BVOL2026_stage5_v1",547544,"Rhizosolenia setigera f. pungens","Rhizosolenia","Bacillariophyceae","HETEROKONTOPHYTA","AU",7,"diatom","","autotroph",FALSE,"not_resolved","not_phaeocystis","peg_class_bacillariophyceae","authority_rule_assignment_not_yet_applied_to_biomass"
"PEG_BVOL2026_stage5_v1",547544,"Rhizosolenia setigera f. pungens","Rhizosolenia","Bacillariophyceae","HETEROKONTOPHYTA","AU",8,"diatom","","autotroph",FALSE,"not_resolved","not_phaeocystis","peg_class_bacillariophyceae","authority_rule_assignment_not_yet_applied_to_biomass"
"PEG_BVOL2026_stage5_v1",149629,"Rhizosolenia styliformis","Rhizosolenia","Bacillariophyceae","HETEROKONTOPHYTA","AU",1,"diatom","","autotroph",FALSE,"not_resolved","not_phaeocystis","peg_class_bacillariophyceae","authority_rule_assignment_not_yet_applied_to_biomass"
"PEG_BVOL2026_stage5_v1",149629,"Rhizosolenia styliformis","Rhizosolenia","Bacillariophyceae","HETEROKONTOPHYTA","AU",3,"diatom","","autotroph",FALSE,"not_resolved","not_phaeocystis","peg_class_bacillariophyceae","authority_rule_assignment_not_yet_applied_to_biomass"
"PEG_BVOL2026_stage5_v1",149069,"Rhizosolenia","Rhizosolenia","Bacillariophyceae","HETEROKONTOPHYTA","AU",1,"diatom","","autotroph",FALSE,"not_resolved","not_phaeocystis","peg_class_bacillariophyceae","authority_rule_assignment_not_yet_applied_to_biomass"
"PEG_BVOL2026_stage5_v1",149069,"Rhizosolenia","Rhizosolenia","Bacillariophyceae","HETEROKONTOPHYTA","AU",2,"diatom","","autotroph",FALSE,"not_resolved","not_phaeocystis","peg_class_bacillariophyceae","authority_rule_assignment_not_yet_applied_to_biomass"
"PEG_BVOL2026_stage5_v1",149069,"Rhizosolenia","Rhizosolenia","Bacillariophyceae","HETEROKONTOPHYTA","AU",3,"diatom","","autotroph",FALSE,"not_resolved","not_phaeocystis","peg_class_bacillariophyceae","authority_rule_assignment_not_yet_applied_to_biomass"
"PEG_BVOL2026_stage5_v1",149069,"Rhizosolenia","Rhizosolenia","Bacillariophyceae","HETEROKONTOPHYTA","AU",4,"diatom","","autotroph",FALSE,"not_resolved","not_phaeocystis","peg_class_bacillariophyceae","authority_rule_assignment_not_yet_applied_to_biomass"
"PEG_BVOL2026_stage5_v1",149069,"Rhizosolenia","Rhizosolenia","Bacillariophyceae","HETEROKONTOPHYTA","AU",5,"diatom","","autotroph",FALSE,"not_resolved","not_phaeocystis","peg_class_bacillariophyceae","authority_rule_assignment_not_yet_applied_to_biomass"
"PEG_BVOL2026_stage5_v1",157455,"Urosolenia eriensis","Urosolenia","Bacillariophyceae","HETEROKONTOPHYTA","AU",1,"diatom","","autotroph",FALSE,"not_resolved","not_phaeocystis","peg_class_bacillariophyceae","authority_rule_assignment_not_yet_applied_to_biomass"
"PEG_BVOL2026_stage5_v1",157455,"Urosolenia eriensis","Urosolenia","Bacillariophyceae","HETEROKONTOPHYTA","AU",2,"diatom","","autotroph",FALSE,"not_resolved","not_phaeocystis","peg_class_bacillariophyceae","authority_rule_assignment_not_yet_applied_to_biomass"
"PEG_BVOL2026_stage5_v1",1307640,"Bacterosira constricta","Bacterosira","Bacillariophyceae","HETEROKONTOPHYTA","AU",1,"diatom","","autotroph",FALSE,"not_resolved","not_phaeocystis","peg_class_bacillariophyceae","authority_rule_assignment_not_yet_applied_to_biomass"
"PEG_BVOL2026_stage5_v1",1307640,"Bacterosira constricta","Bacterosira","Bacillariophyceae","HETEROKONTOPHYTA","AU",2,"diatom","","autotroph",FALSE,"not_resolved","not_phaeocystis","peg_class_bacillariophyceae","authority_rule_assignment_not_yet_applied_to_biomass"
"PEG_BVOL2026_stage5_v1",547454,"Conticribra guillardii","Conticribra","Bacillariophyceae","HETEROKONTOPHYTA","AU",1,"diatom","","autotroph",FALSE,"not_resolved","not_phaeocystis","peg_class_bacillariophyceae","authority_rule_assignment_not_yet_applied_to_biomass"
"PEG_BVOL2026_stage5_v1",623754,"Conticribra weissflogii","Conticribra","Bacillariophyceae","HETEROKONTOPHYTA","AU",1,"diatom","","autotroph",FALSE,"not_resolved","not_phaeocystis","peg_class_bacillariophyceae","authority_rule_assignment_not_yet_applied_to_biomass"
"PEG_BVOL2026_stage5_v1",623754,"Conticribra weissflogii","Conticribra","Bacillariophyceae","HETEROKONTOPHYTA","AU",2,"diatom","","autotroph",FALSE,"not_resolved","not_phaeocystis","peg_class_bacillariophyceae","authority_rule_assignment_not_yet_applied_to_biomass"
"PEG_BVOL2026_stage5_v1",623754,"Conticribra weissflogii","Conticribra","Bacillariophyceae","HETEROKONTOPHYTA","AU",3,"diatom","","autotroph",FALSE,"not_resolved","not_phaeocystis","peg_class_bacillariophyceae","authority_rule_assignment_not_yet_applied_to_biomass"
"PEG_BVOL2026_stage5_v1",149286,"Detonula confervacea","Detonula","Bacillariophyceae","HETEROKONTOPHYTA","AU",1,"diatom","","autotroph",FALSE,"not_resolved","not_phaeocystis","peg_class_bacillariophyceae","authority_rule_assignment_not_yet_applied_to_biomass"
"PEG_BVOL2026_stage5_v1",149286,"Detonula confervacea","Detonula","Bacillariophyceae","HETEROKONTOPHYTA","AU",2,"diatom","","autotroph",FALSE,"not_resolved","not_phaeocystis","peg_class_bacillariophyceae","authority_rule_assignment_not_yet_applied_to_biomass"
"PEG_BVOL2026_stage5_v1",149286,"Detonula confervacea","Detonula","Bacillariophyceae","HETEROKONTOPHYTA","AU",3,"diatom","","autotroph",FALSE,"not_resolved","not_phaeocystis","peg_class_bacillariophyceae","authority_rule_assignment_not_yet_applied_to_biomass"
"PEG_BVOL2026_stage5_v1",149286,"Detonula confervacea","Detonula","Bacillariophyceae","HETEROKONTOPHYTA","AU",4,"diatom","","autotroph",FALSE,"not_resolved","not_phaeocystis","peg_class_bacillariophyceae","authority_rule_assignment_not_yet_applied_to_biomass"
"PEG_BVOL2026_stage5_v1",149647,"Detonula pumila","Detonula","Bacillariophyceae","HETEROKONTOPHYTA","AU",1,"diatom","","autotroph",FALSE,"not_resolved","not_phaeocystis","peg_class_bacillariophyceae","authority_rule_assignment_not_yet_applied_to_biomass"
"PEG_BVOL2026_stage5_v1",149135,"Lauderia annulata","Lauderia","Bacillariophyceae","HETEROKONTOPHYTA","AU",1,"diatom","","autotroph",FALSE,"not_resolved","not_phaeocystis","peg_class_bacillariophyceae","authority_rule_assignment_not_yet_applied_to_biomass"
"PEG_BVOL2026_stage5_v1",149135,"Lauderia annulata","Lauderia","Bacillariophyceae","HETEROKONTOPHYTA","AU",2,"diatom","","autotroph",FALSE,"not_resolved","not_phaeocystis","peg_class_bacillariophyceae","authority_rule_assignment_not_yet_applied_to_biomass"
"PEG_BVOL2026_stage5_v1",149135,"Lauderia annulata","Lauderia","Bacillariophyceae","HETEROKONTOPHYTA","AU",3,"diatom","","autotroph",FALSE,"not_resolved","not_phaeocystis","peg_class_bacillariophyceae","authority_rule_assignment_not_yet_applied_to_biomass"
"PEG_BVOL2026_stage5_v1",163494,"Lineaperpetua lacustris","Lineaperpetua","Bacillariophyceae","HETEROKONTOPHYTA","AU",1,"diatom","","autotroph",FALSE,"not_resolved","not_phaeocystis","peg_class_bacillariophyceae","authority_rule_assignment_not_yet_applied_to_biomass"
"PEG_BVOL2026_stage5_v1",163494,"Lineaperpetua lacustris","Lineaperpetua","Bacillariophyceae","HETEROKONTOPHYTA","AU",2,"diatom","","autotroph",FALSE,"not_resolved","not_phaeocystis","peg_class_bacillariophyceae","authority_rule_assignment_not_yet_applied_to_biomass"
"PEG_BVOL2026_stage5_v1",163494,"Lineaperpetua lacustris","Lineaperpetua","Bacillariophyceae","HETEROKONTOPHYTA","AU",3,"diatom","","autotroph",FALSE,"not_resolved","not_phaeocystis","peg_class_bacillariophyceae","authority_rule_assignment_not_yet_applied_to_biomass"
"PEG_BVOL2026_stage5_v1",163494,"Lineaperpetua lacustris","Lineaperpetua","Bacillariophyceae","HETEROKONTOPHYTA","AU",4,"diatom","","autotroph",FALSE,"not_resolved","not_phaeocystis","peg_class_bacillariophyceae","authority_rule_assignment_not_yet_applied_to_biomass"
"PEG_BVOL2026_stage5_v1",163494,"Lineaperpetua lacustris","Lineaperpetua","Bacillariophyceae","HETEROKONTOPHYTA","AU",5,"diatom","","autotroph",FALSE,"not_resolved","not_phaeocystis","peg_class_bacillariophyceae","authority_rule_assignment_not_yet_applied_to_biomass"
"PEG_BVOL2026_stage5_v1",163494,"Lineaperpetua lacustris","Lineaperpetua","Bacillariophyceae","HETEROKONTOPHYTA","AU",6,"diatom","","autotroph",FALSE,"not_resolved","not_phaeocystis","peg_class_bacillariophyceae","authority_rule_assignment_not_yet_applied_to_biomass"
"PEG_BVOL2026_stage5_v1",163494,"Lineaperpetua lacustris","Lineaperpetua","Bacillariophyceae","HETEROKONTOPHYTA","AU",7,"diatom","","autotroph",FALSE,"not_resolved","not_phaeocystis","peg_class_bacillariophyceae","authority_rule_assignment_not_yet_applied_to_biomass"
"PEG_BVOL2026_stage5_v1",163494,"Lineaperpetua lacustris","Lineaperpetua","Bacillariophyceae","HETEROKONTOPHYTA","AU",8,"diatom","","autotroph",FALSE,"not_resolved","not_phaeocystis","peg_class_bacillariophyceae","authority_rule_assignment_not_yet_applied_to_biomass"
"PEG_BVOL2026_stage5_v1",196815,"Planktoniella sol","Planktoniella","Bacillariophyceae","HETEROKONTOPHYTA","AU",1,"diatom","","autotroph",FALSE,"not_resolved","not_phaeocystis","peg_class_bacillariophyceae","authority_rule_assignment_not_yet_applied_to_biomass"
"PEG_BVOL2026_stage5_v1",156689,"Porosira glacialis","Porosira","Bacillariophyceae","HETEROKONTOPHYTA","AU",1,"diatom","","autotroph",FALSE,"not_resolved","not_phaeocystis","peg_class_bacillariophyceae","authority_rule_assignment_not_yet_applied_to_biomass"
"PEG_BVOL2026_stage5_v1",156689,"Porosira glacialis","Porosira","Bacillariophyceae","HETEROKONTOPHYTA","AU",2,"diatom","","autotroph",FALSE,"not_resolved","not_phaeocystis","peg_class_bacillariophyceae","authority_rule_assignment_not_yet_applied_to_biomass"
"PEG_BVOL2026_stage5_v1",156689,"Porosira glacialis","Porosira","Bacillariophyceae","HETEROKONTOPHYTA","AU",3,"diatom","","autotroph",FALSE,"not_resolved","not_phaeocystis","peg_class_bacillariophyceae","authority_rule_assignment_not_yet_applied_to_biomass"
"PEG_BVOL2026_stage5_v1",156689,"Porosira glacialis","Porosira","Bacillariophyceae","HETEROKONTOPHYTA","AU",4,"diatom","","autotroph",FALSE,"not_resolved","not_phaeocystis","peg_class_bacillariophyceae","authority_rule_assignment_not_yet_applied_to_biomass"
"PEG_BVOL2026_stage5_v1",156689,"Porosira glacialis","Porosira","Bacillariophyceae","HETEROKONTOPHYTA","AU",5,"diatom","","autotroph",FALSE,"not_resolved","not_phaeocystis","peg_class_bacillariophyceae","authority_rule_assignment_not_yet_applied_to_biomass"
"PEG_BVOL2026_stage5_v1",156689,"Porosira glacialis","Porosira","Bacillariophyceae","HETEROKONTOPHYTA","AU",6,"diatom","","autotroph",FALSE,"not_resolved","not_phaeocystis","peg_class_bacillariophyceae","authority_rule_assignment_not_yet_applied_to_biomass"
"PEG_BVOL2026_stage5_v1",156689,"Porosira glacialis","Porosira","Bacillariophyceae","HETEROKONTOPHYTA","AU",7,"diatom","","autotroph",FALSE,"not_resolved","not_phaeocystis","peg_class_bacillariophyceae","authority_rule_assignment_not_yet_applied_to_biomass"
"PEG_BVOL2026_stage5_v1",156689,"Porosira glacialis","Porosira","Bacillariophyceae","HETEROKONTOPHYTA","AU",8,"diatom","","autotroph",FALSE,"not_resolved","not_phaeocystis","peg_class_bacillariophyceae","authority_rule_assignment_not_yet_applied_to_biomass"
"PEG_BVOL2026_stage5_v1",156689,"Porosira glacialis","Porosira","Bacillariophyceae","HETEROKONTOPHYTA","AU",9,"diatom","","autotroph",FALSE,"not_resolved","not_phaeocystis","peg_class_bacillariophyceae","authority_rule_assignment_not_yet_applied_to_biomass"
"PEG_BVOL2026_stage5_v1",156689,"Porosira glacialis","Porosira","Bacillariophyceae","HETEROKONTOPHYTA","AU",10,"diatom","","autotroph",FALSE,"not_resolved","not_phaeocystis","peg_class_bacillariophyceae","authority_rule_assignment_not_yet_applied_to_biomass"
"PEG_BVOL2026_stage5_v1",156689,"Porosira glacialis","Porosira","Bacillariophyceae","HETEROKONTOPHYTA","AU",11,"diatom","","autotroph",FALSE,"not_resolved","not_phaeocystis","peg_class_bacillariophyceae","authority_rule_assignment_not_yet_applied_to_biomass"
"PEG_BVOL2026_stage5_v1",376667,"Skeletonema marinoi","Skeletonema","Bacillariophyceae","HETEROKONTOPHYTA","AU",1,"diatom","","autotroph",FALSE,"not_resolved","not_phaeocystis","peg_class_bacillariophyceae","authority_rule_assignment_not_yet_applied_to_biomass"
"PEG_BVOL2026_stage5_v1",376667,"Skeletonema marinoi","Skeletonema","Bacillariophyceae","HETEROKONTOPHYTA","AU",2,"diatom","","autotroph",FALSE,"not_resolved","not_phaeocystis","peg_class_bacillariophyceae","authority_rule_assignment_not_yet_applied_to_biomass"
"PEG_BVOL2026_stage5_v1",376667,"Skeletonema marinoi","Skeletonema","Bacillariophyceae","HETEROKONTOPHYTA","AU",3,"diatom","","autotroph",FALSE,"not_resolved","not_phaeocystis","peg_class_bacillariophyceae","authority_rule_assignment_not_yet_applied_to_biomass"
"PEG_BVOL2026_stage5_v1",376667,"Skeletonema marinoi","Skeletonema","Bacillariophyceae","HETEROKONTOPHYTA","AU",4,"diatom","","autotroph",FALSE,"not_resolved","not_phaeocystis","peg_class_bacillariophyceae","authority_rule_assignment_not_yet_applied_to_biomass"
"PEG_BVOL2026_stage5_v1",376667,"Skeletonema marinoi","Skeletonema","Bacillariophyceae","HETEROKONTOPHYTA","AU",5,"diatom","","autotroph",FALSE,"not_resolved","not_phaeocystis","peg_class_bacillariophyceae","authority_rule_assignment_not_yet_applied_to_biomass"
"PEG_BVOL2026_stage5_v1",376667,"Skeletonema marinoi","Skeletonema","Bacillariophyceae","HETEROKONTOPHYTA","AU",6,"diatom","","autotroph",FALSE,"not_resolved","not_phaeocystis","peg_class_bacillariophyceae","authority_rule_assignment_not_yet_applied_to_biomass"
"PEG_BVOL2026_stage5_v1",376667,"Skeletonema marinoi","Skeletonema","Bacillariophyceae","HETEROKONTOPHYTA","AU",7,"diatom","","autotroph",FALSE,"not_resolved","not_phaeocystis","peg_class_bacillariophyceae","authority_rule_assignment_not_yet_applied_to_biomass"
"PEG_BVOL2026_stage5_v1",376667,"Skeletonema marinoi","Skeletonema","Bacillariophyceae","HETEROKONTOPHYTA","AU",8,"diatom","","autotroph",FALSE,"not_resolved","not_phaeocystis","peg_class_bacillariophyceae","authority_rule_assignment_not_yet_applied_to_biomass"
"PEG_BVOL2026_stage5_v1",376667,"Skeletonema marinoi","Skeletonema","Bacillariophyceae","HETEROKONTOPHYTA","AU",9,"diatom","","autotroph",FALSE,"not_resolved","not_phaeocystis","peg_class_bacillariophyceae","authority_rule_assignment_not_yet_applied_to_biomass"
"PEG_BVOL2026_stage5_v1",376667,"Skeletonema marinoi","Skeletonema","Bacillariophyceae","HETEROKONTOPHYTA","AU",10,"diatom","","autotroph",FALSE,"not_resolved","not_phaeocystis","peg_class_bacillariophyceae","authority_rule_assignment_not_yet_applied_to_biomass"
"PEG_BVOL2026_stage5_v1",376667,"Skeletonema marinoi","Skeletonema","Bacillariophyceae","HETEROKONTOPHYTA","AU",11,"diatom","","autotroph",FALSE,"not_resolved","not_phaeocystis","peg_class_bacillariophyceae","authority_rule_assignment_not_yet_applied_to_biomass"
"PEG_BVOL2026_stage5_v1",376667,"Skeletonema marinoi","Skeletonema","Bacillariophyceae","HETEROKONTOPHYTA","AU",12,"diatom","","autotroph",FALSE,"not_resolved","not_phaeocystis","peg_class_bacillariophyceae","authority_rule_assignment_not_yet_applied_to_biomass"
"PEG_BVOL2026_stage5_v1",376667,"Skeletonema marinoi","Skeletonema","Bacillariophyceae","HETEROKONTOPHYTA","AU",13,"diatom","","autotroph",FALSE,"not_resolved","not_phaeocystis","peg_class_bacillariophyceae","authority_rule_assignment_not_yet_applied_to_biomass"
"PEG_BVOL2026_stage5_v1",376667,"Skeletonema marinoi","Skeletonema","Bacillariophyceae","HETEROKONTOPHYTA","AU",14,"diatom","","autotroph",FALSE,"not_resolved","not_phaeocystis","peg_class_bacillariophyceae","authority_rule_assignment_not_yet_applied_to_biomass"
"PEG_BVOL2026_stage5_v1",376667,"Skeletonema marinoi","Skeletonema","Bacillariophyceae","HETEROKONTOPHYTA","AU",15,"diatom","","autotroph",FALSE,"not_resolved","not_phaeocystis","peg_class_bacillariophyceae","authority_rule_assignment_not_yet_applied_to_biomass"
"PEG_BVOL2026_stage5_v1",376667,"Skeletonema marinoi","Skeletonema","Bacillariophyceae","HETEROKONTOPHYTA","AU",16,"diatom","","autotroph",FALSE,"not_resolved","not_phaeocystis","peg_class_bacillariophyceae","authority_rule_assignment_not_yet_applied_to_biomass"
"PEG_BVOL2026_stage5_v1",376667,"Skeletonema marinoi","Skeletonema","Bacillariophyceae","HETEROKONTOPHYTA","AU",17,"diatom","","autotroph",FALSE,"not_resolved","not_phaeocystis","peg_class_bacillariophyceae","authority_rule_assignment_not_yet_applied_to_biomass"
"PEG_BVOL2026_stage5_v1",376667,"Skeletonema marinoi","Skeletonema","Bacillariophyceae","HETEROKONTOPHYTA","AU",18,"diatom","","autotroph",FALSE,"not_resolved","not_phaeocystis","peg_class_bacillariophyceae","authority_rule_assignment_not_yet_applied_to_biomass"
"PEG_BVOL2026_stage5_v1",376667,"Skeletonema marinoi","Skeletonema","Bacillariophyceae","HETEROKONTOPHYTA","AU",19,"diatom","","autotroph",FALSE,"not_resolved","not_phaeocystis","peg_class_bacillariophyceae","authority_rule_assignment_not_yet_applied_to_biomass"
"PEG_BVOL2026_stage5_v1",376667,"Skeletonema marinoi","Skeletonema","Bacillariophyceae","HETEROKONTOPHYTA","AU",20,"diatom","","autotroph",FALSE,"not_resolved","not_phaeocystis","peg_class_bacillariophyceae","authority_rule_assignment_not_yet_applied_to_biomass"
"PEG_BVOL2026_stage5_v1",376667,"Skeletonema marinoi","Skeletonema","Bacillariophyceae","HETEROKONTOPHYTA","AU",21,"diatom","","autotroph",FALSE,"not_resolved","not_phaeocystis","peg_class_bacillariophyceae","authority_rule_assignment_not_yet_applied_to_biomass"
"PEG_BVOL2026_stage5_v1",376667,"Skeletonema marinoi","Skeletonema","Bacillariophyceae","HETEROKONTOPHYTA","AU",22,"diatom","","autotroph",FALSE,"not_resolved","not_phaeocystis","peg_class_bacillariophyceae","authority_rule_assignment_not_yet_applied_to_biomass"
"PEG_BVOL2026_stage5_v1",376667,"Skeletonema marinoi","Skeletonema","Bacillariophyceae","HETEROKONTOPHYTA","AU",23,"diatom","","autotroph",FALSE,"not_resolved","not_phaeocystis","peg_class_bacillariophyceae","authority_rule_assignment_not_yet_applied_to_biomass"
"PEG_BVOL2026_stage5_v1",163390,"Skeletonema potamos","Skeletonema","Bacillariophyceae","HETEROKONTOPHYTA","AU",1,"diatom","","autotroph",FALSE,"not_resolved","not_phaeocystis","peg_class_bacillariophyceae","authority_rule_assignment_not_yet_applied_to_biomass"
"PEG_BVOL2026_stage5_v1",163390,"Skeletonema potamos","Skeletonema","Bacillariophyceae","HETEROKONTOPHYTA","AU",2,"diatom","","autotroph",FALSE,"not_resolved","not_phaeocystis","peg_class_bacillariophyceae","authority_rule_assignment_not_yet_applied_to_biomass"
"PEG_BVOL2026_stage5_v1",163390,"Skeletonema potamos","Skeletonema","Bacillariophyceae","HETEROKONTOPHYTA","AU",3,"diatom","","autotroph",FALSE,"not_resolved","not_phaeocystis","peg_class_bacillariophyceae","authority_rule_assignment_not_yet_applied_to_biomass"
"PEG_BVOL2026_stage5_v1",163390,"Skeletonema potamos","Skeletonema","Bacillariophyceae","HETEROKONTOPHYTA","AU",4,"diatom","","autotroph",FALSE,"not_resolved","not_phaeocystis","peg_class_bacillariophyceae","authority_rule_assignment_not_yet_applied_to_biomass"
"PEG_BVOL2026_stage5_v1",149075,"Skeletonema subsalsum","Skeletonema","Bacillariophyceae","HETEROKONTOPHYTA","AU",1,"diatom","","autotroph",FALSE,"not_resolved","not_phaeocystis","peg_class_bacillariophyceae","authority_rule_assignment_not_yet_applied_to_biomass"
"PEG_BVOL2026_stage5_v1",149075,"Skeletonema subsalsum","Skeletonema","Bacillariophyceae","HETEROKONTOPHYTA","AU",2,"diatom","","autotroph",FALSE,"not_resolved","not_phaeocystis","peg_class_bacillariophyceae","authority_rule_assignment_not_yet_applied_to_biomass"
"PEG_BVOL2026_stage5_v1",149075,"Skeletonema subsalsum","Skeletonema","Bacillariophyceae","HETEROKONTOPHYTA","AU",3,"diatom","","autotroph",FALSE,"not_resolved","not_phaeocystis","peg_class_bacillariophyceae","authority_rule_assignment_not_yet_applied_to_biomass"
"PEG_BVOL2026_stage5_v1",149075,"Skeletonema subsalsum","Skeletonema","Bacillariophyceae","HETEROKONTOPHYTA","AU",4,"diatom","","autotroph",FALSE,"not_resolved","not_phaeocystis","peg_class_bacillariophyceae","authority_rule_assignment_not_yet_applied_to_biomass"
"PEG_BVOL2026_stage5_v1",149075,"Skeletonema subsalsum","Skeletonema","Bacillariophyceae","HETEROKONTOPHYTA","AU",5,"diatom","","autotroph",FALSE,"not_resolved","not_phaeocystis","peg_class_bacillariophyceae","authority_rule_assignment_not_yet_applied_to_biomass"
"PEG_BVOL2026_stage5_v1",149075,"Skeletonema subsalsum","Skeletonema","Bacillariophyceae","HETEROKONTOPHYTA","AU",6,"diatom","","autotroph",FALSE,"not_resolved","not_phaeocystis","peg_class_bacillariophyceae","authority_rule_assignment_not_yet_applied_to_biomass"
"PEG_BVOL2026_stage5_v1",149075,"Skeletonema subsalsum","Skeletonema","Bacillariophyceae","HETEROKONTOPHYTA","AU",7,"diatom","","autotroph",FALSE,"not_resolved","not_phaeocystis","peg_class_bacillariophyceae","authority_rule_assignment_not_yet_applied_to_biomass"
"PEG_BVOL2026_stage5_v1",149075,"Skeletonema subsalsum","Skeletonema","Bacillariophyceae","HETEROKONTOPHYTA","AU",8,"diatom","","autotroph",FALSE,"not_resolved","not_phaeocystis","peg_class_bacillariophyceae","authority_rule_assignment_not_yet_applied_to_biomass"
"PEG_BVOL2026_stage5_v1",149073,"Skeletonema","Skeletonema","Bacillariophyceae","HETEROKONTOPHYTA","AU",1,"diatom","","autotroph",FALSE,"not_resolved","not_phaeocystis","peg_class_bacillariophyceae","authority_rule_assignment_not_yet_applied_to_biomass"
"PEG_BVOL2026_stage5_v1",149073,"Skeletonema","Skeletonema","Bacillariophyceae","HETEROKONTOPHYTA","AU",2,"diatom","","autotroph",FALSE,"not_resolved","not_phaeocystis","peg_class_bacillariophyceae","authority_rule_assignment_not_yet_applied_to_biomass"
"PEG_BVOL2026_stage5_v1",148913,"Thalassiosira angulata","Thalassiosira","Bacillariophyceae","HETEROKONTOPHYTA","AU",1,"diatom","","autotroph",FALSE,"not_resolved","not_phaeocystis","peg_class_bacillariophyceae","authority_rule_assignment_not_yet_applied_to_biomass"
"PEG_BVOL2026_stage5_v1",148913,"Thalassiosira angulata","Thalassiosira","Bacillariophyceae","HETEROKONTOPHYTA","AU",2,"diatom","","autotroph",FALSE,"not_resolved","not_phaeocystis","peg_class_bacillariophyceae","authority_rule_assignment_not_yet_applied_to_biomass"
"PEG_BVOL2026_stage5_v1",148913,"Thalassiosira angulata","Thalassiosira","Bacillariophyceae","HETEROKONTOPHYTA","AU",3,"diatom","","autotroph",FALSE,"not_resolved","not_phaeocystis","peg_class_bacillariophyceae","authority_rule_assignment_not_yet_applied_to_biomass"
"PEG_BVOL2026_stage5_v1",148913,"Thalassiosira angulata","Thalassiosira","Bacillariophyceae","HETEROKONTOPHYTA","AU",4,"diatom","","autotroph",FALSE,"not_resolved","not_phaeocystis","peg_class_bacillariophyceae","authority_rule_assignment_not_yet_applied_to_biomass"
"PEG_BVOL2026_stage5_v1",148913,"Thalassiosira angulata","Thalassiosira","Bacillariophyceae","HETEROKONTOPHYTA","AU",5,"diatom","","autotroph",FALSE,"not_resolved","not_phaeocystis","peg_class_bacillariophyceae","authority_rule_assignment_not_yet_applied_to_biomass"
"PEG_BVOL2026_stage5_v1",148913,"Thalassiosira angulata","Thalassiosira","Bacillariophyceae","HETEROKONTOPHYTA","AU",6,"diatom","","autotroph",FALSE,"not_resolved","not_phaeocystis","peg_class_bacillariophyceae","authority_rule_assignment_not_yet_applied_to_biomass"
"PEG_BVOL2026_stage5_v1",148913,"Thalassiosira angulata","Thalassiosira","Bacillariophyceae","HETEROKONTOPHYTA","AU",7,"diatom","","autotroph",FALSE,"not_resolved","not_phaeocystis","peg_class_bacillariophyceae","authority_rule_assignment_not_yet_applied_to_biomass"
"PEG_BVOL2026_stage5_v1",148913,"Thalassiosira angulata","Thalassiosira","Bacillariophyceae","HETEROKONTOPHYTA","AU",8,"diatom","","autotroph",FALSE,"not_resolved","not_phaeocystis","peg_class_bacillariophyceae","authority_rule_assignment_not_yet_applied_to_biomass"
"PEG_BVOL2026_stage5_v1",148914,"Thalassiosira anguste-lineata","Thalassiosira","Bacillariophyceae","HETEROKONTOPHYTA","AU",1,"diatom","","autotroph",FALSE,"not_resolved","not_phaeocystis","peg_class_bacillariophyceae","authority_rule_assignment_not_yet_applied_to_biomass"
"PEG_BVOL2026_stage5_v1",148914,"Thalassiosira anguste-lineata","Thalassiosira","Bacillariophyceae","HETEROKONTOPHYTA","AU",2,"diatom","","autotroph",FALSE,"not_resolved","not_phaeocystis","peg_class_bacillariophyceae","authority_rule_assignment_not_yet_applied_to_biomass"
"PEG_BVOL2026_stage5_v1",148914,"Thalassiosira anguste-lineata","Thalassiosira","Bacillariophyceae","HETEROKONTOPHYTA","AU",3,"diatom","","autotroph",FALSE,"not_resolved","not_phaeocystis","peg_class_bacillariophyceae","authority_rule_assignment_not_yet_applied_to_biomass"
"PEG_BVOL2026_stage5_v1",148914,"Thalassiosira anguste-lineata","Thalassiosira","Bacillariophyceae","HETEROKONTOPHYTA","AU",4,"diatom","","autotroph",FALSE,"not_resolved","not_phaeocystis","peg_class_bacillariophyceae","authority_rule_assignment_not_yet_applied_to_biomass"
"PEG_BVOL2026_stage5_v1",148914,"Thalassiosira anguste-lineata","Thalassiosira","Bacillariophyceae","HETEROKONTOPHYTA","AU",5,"diatom","","autotroph",FALSE,"not_resolved","not_phaeocystis","peg_class_bacillariophyceae","authority_rule_assignment_not_yet_applied_to_biomass"
"PEG_BVOL2026_stage5_v1",148914,"Thalassiosira anguste-lineata","Thalassiosira","Bacillariophyceae","HETEROKONTOPHYTA","AU",6,"diatom","","autotroph",FALSE,"not_resolved","not_phaeocystis","peg_class_bacillariophyceae","authority_rule_assignment_not_yet_applied_to_biomass"
"PEG_BVOL2026_stage5_v1",148914,"Thalassiosira anguste-lineata","Thalassiosira","Bacillariophyceae","HETEROKONTOPHYTA","AU",7,"diatom","","autotroph",FALSE,"not_resolved","not_phaeocystis","peg_class_bacillariophyceae","authority_rule_assignment_not_yet_applied_to_biomass"
"PEG_BVOL2026_stage5_v1",148914,"Thalassiosira anguste-lineata","Thalassiosira","Bacillariophyceae","HETEROKONTOPHYTA","AU",8,"diatom","","autotroph",FALSE,"not_resolved","not_phaeocystis","peg_class_bacillariophyceae","authority_rule_assignment_not_yet_applied_to_biomass"
"PEG_BVOL2026_stage5_v1",148914,"Thalassiosira anguste-lineata","Thalassiosira","Bacillariophyceae","HETEROKONTOPHYTA","AU",9,"diatom","","autotroph",FALSE,"not_resolved","not_phaeocystis","peg_class_bacillariophyceae","authority_rule_assignment_not_yet_applied_to_biomass"
"PEG_BVOL2026_stage5_v1",148914,"Thalassiosira anguste-lineata","Thalassiosira","Bacillariophyceae","HETEROKONTOPHYTA","AU",10,"diatom","","autotroph",FALSE,"not_resolved","not_phaeocystis","peg_class_bacillariophyceae","authority_rule_assignment_not_yet_applied_to_biomass"
"PEG_BVOL2026_stage5_v1",148914,"Thalassiosira anguste-lineata","Thalassiosira","Bacillariophyceae","HETEROKONTOPHYTA","AU",11,"diatom","","autotroph",FALSE,"not_resolved","not_phaeocystis","peg_class_bacillariophyceae","authority_rule_assignment_not_yet_applied_to_biomass"
"PEG_BVOL2026_stage5_v1",148914,"Thalassiosira anguste-lineata","Thalassiosira","Bacillariophyceae","HETEROKONTOPHYTA","AU",12,"diatom","","autotroph",FALSE,"not_resolved","not_phaeocystis","peg_class_bacillariophyceae","authority_rule_assignment_not_yet_applied_to_biomass"
"PEG_BVOL2026_stage5_v1",156690,"Thalassiosira baltica","Thalassiosira","Bacillariophyceae","HETEROKONTOPHYTA","AU",1,"diatom","","autotroph",FALSE,"not_resolved","not_phaeocystis","peg_class_bacillariophyceae","authority_rule_assignment_not_yet_applied_to_biomass"
"PEG_BVOL2026_stage5_v1",156690,"Thalassiosira baltica","Thalassiosira","Bacillariophyceae","HETEROKONTOPHYTA","AU",2,"diatom","","autotroph",FALSE,"not_resolved","not_phaeocystis","peg_class_bacillariophyceae","authority_rule_assignment_not_yet_applied_to_biomass"
"PEG_BVOL2026_stage5_v1",156690,"Thalassiosira baltica","Thalassiosira","Bacillariophyceae","HETEROKONTOPHYTA","AU",3,"diatom","","autotroph",FALSE,"not_resolved","not_phaeocystis","peg_class_bacillariophyceae","authority_rule_assignment_not_yet_applied_to_biomass"
"PEG_BVOL2026_stage5_v1",156690,"Thalassiosira baltica","Thalassiosira","Bacillariophyceae","HETEROKONTOPHYTA","AU",4,"diatom","","autotroph",FALSE,"not_resolved","not_phaeocystis","peg_class_bacillariophyceae","authority_rule_assignment_not_yet_applied_to_biomass"
"PEG_BVOL2026_stage5_v1",156690,"Thalassiosira baltica","Thalassiosira","Bacillariophyceae","HETEROKONTOPHYTA","AU",5,"diatom","","autotroph",FALSE,"not_resolved","not_phaeocystis","peg_class_bacillariophyceae","authority_rule_assignment_not_yet_applied_to_biomass"
"PEG_BVOL2026_stage5_v1",156690,"Thalassiosira baltica","Thalassiosira","Bacillariophyceae","HETEROKONTOPHYTA","AU",6,"diatom","","autotroph",FALSE,"not_resolved","not_phaeocystis","peg_class_bacillariophyceae","authority_rule_assignment_not_yet_applied_to_biomass"
"PEG_BVOL2026_stage5_v1",156690,"Thalassiosira baltica","Thalassiosira","Bacillariophyceae","HETEROKONTOPHYTA","AU",7,"diatom","","autotroph",FALSE,"not_resolved","not_phaeocystis","peg_class_bacillariophyceae","authority_rule_assignment_not_yet_applied_to_biomass"
"PEG_BVOL2026_stage5_v1",156690,"Thalassiosira baltica","Thalassiosira","Bacillariophyceae","HETEROKONTOPHYTA","AU",8,"diatom","","autotroph",FALSE,"not_resolved","not_phaeocystis","peg_class_bacillariophyceae","authority_rule_assignment_not_yet_applied_to_biomass"
"PEG_BVOL2026_stage5_v1",156690,"Thalassiosira baltica","Thalassiosira","Bacillariophyceae","HETEROKONTOPHYTA","AU",9,"diatom","","autotroph",FALSE,"not_resolved","not_phaeocystis","peg_class_bacillariophyceae","authority_rule_assignment_not_yet_applied_to_biomass"
"PEG_BVOL2026_stage5_v1",156690,"Thalassiosira baltica","Thalassiosira","Bacillariophyceae","HETEROKONTOPHYTA","AU",10,"diatom","","autotroph",FALSE,"not_resolved","not_phaeocystis","peg_class_bacillariophyceae","authority_rule_assignment_not_yet_applied_to_biomass"
"PEG_BVOL2026_stage5_v1",148919,"Thalassiosira decipiens","Thalassiosira","Bacillariophyceae","HETEROKONTOPHYTA","AU",1,"diatom","","autotroph",FALSE,"not_resolved","not_phaeocystis","peg_class_bacillariophyceae","authority_rule_assignment_not_yet_applied_to_biomass"
"PEG_BVOL2026_stage5_v1",148919,"Thalassiosira decipiens","Thalassiosira","Bacillariophyceae","HETEROKONTOPHYTA","AU",2,"diatom","","autotroph",FALSE,"not_resolved","not_phaeocystis","peg_class_bacillariophyceae","authority_rule_assignment_not_yet_applied_to_biomass"
"PEG_BVOL2026_stage5_v1",148919,"Thalassiosira decipiens","Thalassiosira","Bacillariophyceae","HETEROKONTOPHYTA","AU",3,"diatom","","autotroph",FALSE,"not_resolved","not_phaeocystis","peg_class_bacillariophyceae","authority_rule_assignment_not_yet_applied_to_biomass"
"PEG_BVOL2026_stage5_v1",555264,"Thalassiosira delicatula","Thalassiosira","Bacillariophyceae","HETEROKONTOPHYTA","AU",1,"diatom","","autotroph",FALSE,"not_resolved","not_phaeocystis","peg_class_bacillariophyceae","authority_rule_assignment_not_yet_applied_to_biomass"
"PEG_BVOL2026_stage5_v1",555264,"Thalassiosira delicatula","Thalassiosira","Bacillariophyceae","HETEROKONTOPHYTA","AU",2,"diatom","","autotroph",FALSE,"not_resolved","not_phaeocystis","peg_class_bacillariophyceae","authority_rule_assignment_not_yet_applied_to_biomass"
"PEG_BVOL2026_stage5_v1",148922,"Thalassiosira eccentrica","Thalassiosira","Bacillariophyceae","HETEROKONTOPHYTA","AU",1,"diatom","","autotroph",FALSE,"not_resolved","not_phaeocystis","peg_class_bacillariophyceae","authority_rule_assignment_not_yet_applied_to_biomass"
"PEG_BVOL2026_stage5_v1",148922,"Thalassiosira eccentrica","Thalassiosira","Bacillariophyceae","HETEROKONTOPHYTA","AU",2,"diatom","","autotroph",FALSE,"not_resolved","not_phaeocystis","peg_class_bacillariophyceae","authority_rule_assignment_not_yet_applied_to_biomass"
"PEG_BVOL2026_stage5_v1",148922,"Thalassiosira eccentrica","Thalassiosira","Bacillariophyceae","HETEROKONTOPHYTA","AU",3,"diatom","","autotroph",FALSE,"not_resolved","not_phaeocystis","peg_class_bacillariophyceae","authority_rule_assignment_not_yet_applied_to_biomass"
"PEG_BVOL2026_stage5_v1",148922,"Thalassiosira eccentrica","Thalassiosira","Bacillariophyceae","HETEROKONTOPHYTA","AU",4,"diatom","","autotroph",FALSE,"not_resolved","not_phaeocystis","peg_class_bacillariophyceae","authority_rule_assignment_not_yet_applied_to_biomass"
"PEG_BVOL2026_stage5_v1",148922,"Thalassiosira eccentrica","Thalassiosira","Bacillariophyceae","HETEROKONTOPHYTA","AU",5,"diatom","","autotroph",FALSE,"not_resolved","not_phaeocystis","peg_class_bacillariophyceae","authority_rule_assignment_not_yet_applied_to_biomass"
"PEG_BVOL2026_stage5_v1",148922,"Thalassiosira eccentrica","Thalassiosira","Bacillariophyceae","HETEROKONTOPHYTA","AU",6,"diatom","","autotroph",FALSE,"not_resolved","not_phaeocystis","peg_class_bacillariophyceae","authority_rule_assignment_not_yet_applied_to_biomass"
"PEG_BVOL2026_stage5_v1",148922,"Thalassiosira eccentrica","Thalassiosira","Bacillariophyceae","HETEROKONTOPHYTA","AU",7,"diatom","","autotroph",FALSE,"not_resolved","not_phaeocystis","peg_class_bacillariophyceae","authority_rule_assignment_not_yet_applied_to_biomass"
"PEG_BVOL2026_stage5_v1",149102,"Thalassiosira gravida","Thalassiosira","Bacillariophyceae","HETEROKONTOPHYTA","AU",1,"diatom","","autotroph",FALSE,"not_resolved","not_phaeocystis","peg_class_bacillariophyceae","authority_rule_assignment_not_yet_applied_to_biomass"
"PEG_BVOL2026_stage5_v1",149102,"Thalassiosira gravida","Thalassiosira","Bacillariophyceae","HETEROKONTOPHYTA","AU",2,"diatom","","autotroph",FALSE,"not_resolved","not_phaeocystis","peg_class_bacillariophyceae","authority_rule_assignment_not_yet_applied_to_biomass"
"PEG_BVOL2026_stage5_v1",149102,"Thalassiosira gravida","Thalassiosira","Bacillariophyceae","HETEROKONTOPHYTA","AU",3,"diatom","","autotroph",FALSE,"not_resolved","not_phaeocystis","peg_class_bacillariophyceae","authority_rule_assignment_not_yet_applied_to_biomass"
"PEG_BVOL2026_stage5_v1",149102,"Thalassiosira gravida","Thalassiosira","Bacillariophyceae","HETEROKONTOPHYTA","AU",4,"diatom","","autotroph",FALSE,"not_resolved","not_phaeocystis","peg_class_bacillariophyceae","authority_rule_assignment_not_yet_applied_to_biomass"
"PEG_BVOL2026_stage5_v1",149102,"Thalassiosira gravida","Thalassiosira","Bacillariophyceae","HETEROKONTOPHYTA","AU",5,"diatom","","autotroph",FALSE,"not_resolved","not_phaeocystis","peg_class_bacillariophyceae","authority_rule_assignment_not_yet_applied_to_biomass"
"PEG_BVOL2026_stage5_v1",149102,"Thalassiosira gravida","Thalassiosira","Bacillariophyceae","HETEROKONTOPHYTA","AU",6,"diatom","","autotroph",FALSE,"not_resolved","not_phaeocystis","peg_class_bacillariophyceae","authority_rule_assignment_not_yet_applied_to_biomass"
"PEG_BVOL2026_stage5_v1",149100,"Thalassiosira hyalina","Thalassiosira","Bacillariophyceae","HETEROKONTOPHYTA","AU",1,"diatom","","autotroph",FALSE,"not_resolved","not_phaeocystis","peg_class_bacillariophyceae","authority_rule_assignment_not_yet_applied_to_biomass"
"PEG_BVOL2026_stage5_v1",163491,"Thalassiosira hyperborea","Thalassiosira","Bacillariophyceae","HETEROKONTOPHYTA","AU",1,"diatom","","autotroph",FALSE,"not_resolved","not_phaeocystis","peg_class_bacillariophyceae","authority_rule_assignment_not_yet_applied_to_biomass"
"PEG_BVOL2026_stage5_v1",163499,"Thalassiosira hyperborea var. pelagica","Thalassiosira","Bacillariophyceae","HETEROKONTOPHYTA","AU",3,"diatom","","autotroph",FALSE,"not_resolved","not_phaeocystis","peg_class_bacillariophyceae","authority_rule_assignment_not_yet_applied_to_biomass"
"PEG_BVOL2026_stage5_v1",163499,"Thalassiosira hyperborea var. pelagica","Thalassiosira","Bacillariophyceae","HETEROKONTOPHYTA","AU",4,"diatom","","autotroph",FALSE,"not_resolved","not_phaeocystis","peg_class_bacillariophyceae","authority_rule_assignment_not_yet_applied_to_biomass"
"PEG_BVOL2026_stage5_v1",163499,"Thalassiosira hyperborea var. pelagica","Thalassiosira","Bacillariophyceae","HETEROKONTOPHYTA","AU",5,"diatom","","autotroph",FALSE,"not_resolved","not_phaeocystis","peg_class_bacillariophyceae","authority_rule_assignment_not_yet_applied_to_biomass"
"PEG_BVOL2026_stage5_v1",149308,"Thalassiosira levanderi","Thalassiosira","Bacillariophyceae","HETEROKONTOPHYTA","AU",1,"diatom","","autotroph",FALSE,"not_resolved","not_phaeocystis","peg_class_bacillariophyceae","authority_rule_assignment_not_yet_applied_to_biomass"
"PEG_BVOL2026_stage5_v1",149308,"Thalassiosira levanderi","Thalassiosira","Bacillariophyceae","HETEROKONTOPHYTA","AU",2,"diatom","","autotroph",FALSE,"not_resolved","not_phaeocystis","peg_class_bacillariophyceae","authority_rule_assignment_not_yet_applied_to_biomass"
"PEG_BVOL2026_stage5_v1",149308,"Thalassiosira levanderi","Thalassiosira","Bacillariophyceae","HETEROKONTOPHYTA","AU",3,"diatom","","autotroph",FALSE,"not_resolved","not_phaeocystis","peg_class_bacillariophyceae","authority_rule_assignment_not_yet_applied_to_biomass"
"PEG_BVOL2026_stage5_v1",149308,"Thalassiosira levanderi","Thalassiosira","Bacillariophyceae","HETEROKONTOPHYTA","AU",4,"diatom","","autotroph",FALSE,"not_resolved","not_phaeocystis","peg_class_bacillariophyceae","authority_rule_assignment_not_yet_applied_to_biomass"
"PEG_BVOL2026_stage5_v1",149308,"Thalassiosira levanderi","Thalassiosira","Bacillariophyceae","HETEROKONTOPHYTA","AU",5,"diatom","","autotroph",FALSE,"not_resolved","not_phaeocystis","peg_class_bacillariophyceae","authority_rule_assignment_not_yet_applied_to_biomass"
"PEG_BVOL2026_stage5_v1",148925,"Thalassiosira minima","Thalassiosira","Bacillariophyceae","HETEROKONTOPHYTA","AU",1,"diatom","","autotroph",FALSE,"not_resolved","not_phaeocystis","peg_class_bacillariophyceae","authority_rule_assignment_not_yet_applied_to_biomass"
"PEG_BVOL2026_stage5_v1",148931,"Thalassiosira nordenskioeldii","Thalassiosira","Bacillariophyceae","HETEROKONTOPHYTA","AU",1,"diatom","","autotroph",FALSE,"not_resolved","not_phaeocystis","peg_class_bacillariophyceae","authority_rule_assignment_not_yet_applied_to_biomass"
"PEG_BVOL2026_stage5_v1",148931,"Thalassiosira nordenskioeldii","Thalassiosira","Bacillariophyceae","HETEROKONTOPHYTA","AU",2,"diatom","","autotroph",FALSE,"not_resolved","not_phaeocystis","peg_class_bacillariophyceae","authority_rule_assignment_not_yet_applied_to_biomass"
"PEG_BVOL2026_stage5_v1",148931,"Thalassiosira nordenskioeldii","Thalassiosira","Bacillariophyceae","HETEROKONTOPHYTA","AU",3,"diatom","","autotroph",FALSE,"not_resolved","not_phaeocystis","peg_class_bacillariophyceae","authority_rule_assignment_not_yet_applied_to_biomass"
"PEG_BVOL2026_stage5_v1",148931,"Thalassiosira nordenskioeldii","Thalassiosira","Bacillariophyceae","HETEROKONTOPHYTA","AU",4,"diatom","","autotroph",FALSE,"not_resolved","not_phaeocystis","peg_class_bacillariophyceae","authority_rule_assignment_not_yet_applied_to_biomass"
"PEG_BVOL2026_stage5_v1",148931,"Thalassiosira nordenskioeldii","Thalassiosira","Bacillariophyceae","HETEROKONTOPHYTA","AU",5,"diatom","","autotroph",FALSE,"not_resolved","not_phaeocystis","peg_class_bacillariophyceae","authority_rule_assignment_not_yet_applied_to_biomass"
"PEG_BVOL2026_stage5_v1",148931,"Thalassiosira nordenskioeldii","Thalassiosira","Bacillariophyceae","HETEROKONTOPHYTA","AU",6,"diatom","","autotroph",FALSE,"not_resolved","not_phaeocystis","peg_class_bacillariophyceae","authority_rule_assignment_not_yet_applied_to_biomass"
"PEG_BVOL2026_stage5_v1",148933,"Thalassiosira proschkinae","Thalassiosira","Bacillariophyceae","HETEROKONTOPHYTA","AU",1,"diatom","","autotroph",FALSE,"not_resolved","not_phaeocystis","peg_class_bacillariophyceae","authority_rule_assignment_not_yet_applied_to_biomass"
"PEG_BVOL2026_stage5_v1",148934,"Thalassiosira pseudonana","Thalassiosira","Bacillariophyceae","HETEROKONTOPHYTA","AU",1,"diatom","","autotroph",FALSE,"not_resolved","not_phaeocystis","peg_class_bacillariophyceae","authority_rule_assignment_not_yet_applied_to_biomass"
"PEG_BVOL2026_stage5_v1",148934,"Thalassiosira pseudonana","Thalassiosira","Bacillariophyceae","HETEROKONTOPHYTA","AU",2,"diatom","","autotroph",FALSE,"not_resolved","not_phaeocystis","peg_class_bacillariophyceae","authority_rule_assignment_not_yet_applied_to_biomass"
"PEG_BVOL2026_stage5_v1",148936,"Thalassiosira punctigera","Thalassiosira","Bacillariophyceae","HETEROKONTOPHYTA","AU",1,"diatom","","autotroph",FALSE,"not_resolved","not_phaeocystis","peg_class_bacillariophyceae","authority_rule_assignment_not_yet_applied_to_biomass"
"PEG_BVOL2026_stage5_v1",148936,"Thalassiosira punctigera","Thalassiosira","Bacillariophyceae","HETEROKONTOPHYTA","AU",2,"diatom","","autotroph",FALSE,"not_resolved","not_phaeocystis","peg_class_bacillariophyceae","authority_rule_assignment_not_yet_applied_to_biomass"
"PEG_BVOL2026_stage5_v1",148936,"Thalassiosira punctigera","Thalassiosira","Bacillariophyceae","HETEROKONTOPHYTA","AU",3,"diatom","","autotroph",FALSE,"not_resolved","not_phaeocystis","peg_class_bacillariophyceae","authority_rule_assignment_not_yet_applied_to_biomass"
"PEG_BVOL2026_stage5_v1",148912,"Thalassiosira","Thalassiosira","Bacillariophyceae","HETEROKONTOPHYTA","AU",1,"diatom","","autotroph",FALSE,"not_resolved","not_phaeocystis","peg_class_bacillariophyceae","authority_rule_assignment_not_yet_applied_to_biomass"
"PEG_BVOL2026_stage5_v1",148912,"Thalassiosira","Thalassiosira","Bacillariophyceae","HETEROKONTOPHYTA","AU",2,"diatom","","autotroph",FALSE,"not_resolved","not_phaeocystis","peg_class_bacillariophyceae","authority_rule_assignment_not_yet_applied_to_biomass"
"PEG_BVOL2026_stage5_v1",148912,"Thalassiosira","Thalassiosira","Bacillariophyceae","HETEROKONTOPHYTA","AU",3,"diatom","","autotroph",FALSE,"not_resolved","not_phaeocystis","peg_class_bacillariophyceae","authority_rule_assignment_not_yet_applied_to_biomass"
"PEG_BVOL2026_stage5_v1",148912,"Thalassiosira","Thalassiosira","Bacillariophyceae","HETEROKONTOPHYTA","AU",4,"diatom","","autotroph",FALSE,"not_resolved","not_phaeocystis","peg_class_bacillariophyceae","authority_rule_assignment_not_yet_applied_to_biomass"
"PEG_BVOL2026_stage5_v1",148912,"Thalassiosira","Thalassiosira","Bacillariophyceae","HETEROKONTOPHYTA","AU",5,"diatom","","autotroph",FALSE,"not_resolved","not_phaeocystis","peg_class_bacillariophyceae","authority_rule_assignment_not_yet_applied_to_biomass"
"PEG_BVOL2026_stage5_v1",148912,"Thalassiosira","Thalassiosira","Bacillariophyceae","HETEROKONTOPHYTA","AU",6,"diatom","","autotroph",FALSE,"not_resolved","not_phaeocystis","peg_class_bacillariophyceae","authority_rule_assignment_not_yet_applied_to_biomass"
"PEG_BVOL2026_stage5_v1",148912,"Thalassiosira","Thalassiosira","Bacillariophyceae","HETEROKONTOPHYTA","AU",7,"diatom","","autotroph",FALSE,"not_resolved","not_phaeocystis","peg_class_bacillariophyceae","authority_rule_assignment_not_yet_applied_to_biomass"
"PEG_BVOL2026_stage5_v1",148912,"Thalassiosira","Thalassiosira","Bacillariophyceae","HETEROKONTOPHYTA","AU",8,"diatom","","autotroph",FALSE,"not_resolved","not_phaeocystis","peg_class_bacillariophyceae","authority_rule_assignment_not_yet_applied_to_biomass"
"PEG_BVOL2026_stage5_v1",148912,"Thalassiosira","Thalassiosira","Bacillariophyceae","HETEROKONTOPHYTA","AU",9,"diatom","","autotroph",FALSE,"not_resolved","not_phaeocystis","peg_class_bacillariophyceae","authority_rule_assignment_not_yet_applied_to_biomass"
"PEG_BVOL2026_stage5_v1",148912,"Thalassiosira","Thalassiosira","Bacillariophyceae","HETEROKONTOPHYTA","AU",10,"diatom","","autotroph",FALSE,"not_resolved","not_phaeocystis","peg_class_bacillariophyceae","authority_rule_assignment_not_yet_applied_to_biomass"
"PEG_BVOL2026_stage5_v1",148912,"Thalassiosira","Thalassiosira","Bacillariophyceae","HETEROKONTOPHYTA","AU",11,"diatom","","autotroph",FALSE,"not_resolved","not_phaeocystis","peg_class_bacillariophyceae","authority_rule_assignment_not_yet_applied_to_biomass"
"PEG_BVOL2026_stage5_v1",148912,"Thalassiosira","Thalassiosira","Bacillariophyceae","HETEROKONTOPHYTA","AU",12,"diatom","","autotroph",FALSE,"not_resolved","not_phaeocystis","peg_class_bacillariophyceae","authority_rule_assignment_not_yet_applied_to_biomass"
"PEG_BVOL2026_stage5_v1",149191,"Achnanthes","Achnanthes","Bacillariophyceae","HETEROKONTOPHYTA","AU",5,"diatom","","autotroph",FALSE,"not_resolved","not_phaeocystis","peg_class_bacillariophyceae","authority_rule_assignment_not_yet_applied_to_biomass"
"PEG_BVOL2026_stage5_v1",149191,"Achnanthes","Achnanthes","Bacillariophyceae","HETEROKONTOPHYTA","AU",6,"diatom","","autotroph",FALSE,"not_resolved","not_phaeocystis","peg_class_bacillariophyceae","authority_rule_assignment_not_yet_applied_to_biomass"
"PEG_BVOL2026_stage5_v1",149191,"Achnanthes","Achnanthes","Bacillariophyceae","HETEROKONTOPHYTA","AU",7,"diatom","","autotroph",FALSE,"not_resolved","not_phaeocystis","peg_class_bacillariophyceae","authority_rule_assignment_not_yet_applied_to_biomass"
"PEG_BVOL2026_stage5_v1",149191,"Achnanthes","Achnanthes","Bacillariophyceae","HETEROKONTOPHYTA","AU",8,"diatom","","autotroph",FALSE,"not_resolved","not_phaeocystis","peg_class_bacillariophyceae","authority_rule_assignment_not_yet_applied_to_biomass"
"PEG_BVOL2026_stage5_v1",149377,"Cocconeis pediculus","Cocconeis","Bacillariophyceae","HETEROKONTOPHYTA","AU",1,"diatom","","autotroph",FALSE,"not_resolved","not_phaeocystis","peg_class_bacillariophyceae","authority_rule_assignment_not_yet_applied_to_biomass"
"PEG_BVOL2026_stage5_v1",148990,"Cocconeis placentula","Cocconeis","Bacillariophyceae","HETEROKONTOPHYTA","AU",1,"diatom","","autotroph",FALSE,"not_resolved","not_phaeocystis","peg_class_bacillariophyceae","authority_rule_assignment_not_yet_applied_to_biomass"
"PEG_BVOL2026_stage5_v1",148990,"Cocconeis placentula","Cocconeis","Bacillariophyceae","HETEROKONTOPHYTA","AU",2,"diatom","","autotroph",FALSE,"not_resolved","not_phaeocystis","peg_class_bacillariophyceae","authority_rule_assignment_not_yet_applied_to_biomass"
"PEG_BVOL2026_stage5_v1",148990,"Cocconeis placentula","Cocconeis","Bacillariophyceae","HETEROKONTOPHYTA","AU",3,"diatom","","autotroph",FALSE,"not_resolved","not_phaeocystis","peg_class_bacillariophyceae","authority_rule_assignment_not_yet_applied_to_biomass"
"PEG_BVOL2026_stage5_v1",148990,"Cocconeis placentula","Cocconeis","Bacillariophyceae","HETEROKONTOPHYTA","AU",4,"diatom","","autotroph",FALSE,"not_resolved","not_phaeocystis","peg_class_bacillariophyceae","authority_rule_assignment_not_yet_applied_to_biomass"
"PEG_BVOL2026_stage5_v1",148990,"Cocconeis placentula","Cocconeis","Bacillariophyceae","HETEROKONTOPHYTA","AU",5,"diatom","","autotroph",FALSE,"not_resolved","not_phaeocystis","peg_class_bacillariophyceae","authority_rule_assignment_not_yet_applied_to_biomass"
"PEG_BVOL2026_stage5_v1",148990,"Cocconeis placentula","Cocconeis","Bacillariophyceae","HETEROKONTOPHYTA","AU",6,"diatom","","autotroph",FALSE,"not_resolved","not_phaeocystis","peg_class_bacillariophyceae","authority_rule_assignment_not_yet_applied_to_biomass"
"PEG_BVOL2026_stage5_v1",148990,"Cocconeis placentula","Cocconeis","Bacillariophyceae","HETEROKONTOPHYTA","AU",7,"diatom","","autotroph",FALSE,"not_resolved","not_phaeocystis","peg_class_bacillariophyceae","authority_rule_assignment_not_yet_applied_to_biomass"
"PEG_BVOL2026_stage5_v1",148990,"Cocconeis placentula","Cocconeis","Bacillariophyceae","HETEROKONTOPHYTA","AU",8,"diatom","","autotroph",FALSE,"not_resolved","not_phaeocystis","peg_class_bacillariophyceae","authority_rule_assignment_not_yet_applied_to_biomass"
"PEG_BVOL2026_stage5_v1",148990,"Cocconeis placentula","Cocconeis","Bacillariophyceae","HETEROKONTOPHYTA","AU",9,"diatom","","autotroph",FALSE,"not_resolved","not_phaeocystis","peg_class_bacillariophyceae","authority_rule_assignment_not_yet_applied_to_biomass"
"PEG_BVOL2026_stage5_v1",163873,"Cocconeis placentula var. placentula","Cocconeis","Bacillariophyceae","HETEROKONTOPHYTA","AU",1,"diatom","","autotroph",FALSE,"not_resolved","not_phaeocystis","peg_class_bacillariophyceae","authority_rule_assignment_not_yet_applied_to_biomass"
"PEG_BVOL2026_stage5_v1",163873,"Cocconeis placentula var. placentula","Cocconeis","Bacillariophyceae","HETEROKONTOPHYTA","AU",2,"diatom","","autotroph",FALSE,"not_resolved","not_phaeocystis","peg_class_bacillariophyceae","authority_rule_assignment_not_yet_applied_to_biomass"
"PEG_BVOL2026_stage5_v1",163873,"Cocconeis placentula var. placentula","Cocconeis","Bacillariophyceae","HETEROKONTOPHYTA","AU",3,"diatom","","autotroph",FALSE,"not_resolved","not_phaeocystis","peg_class_bacillariophyceae","authority_rule_assignment_not_yet_applied_to_biomass"
"PEG_BVOL2026_stage5_v1",163873,"Cocconeis placentula var. placentula","Cocconeis","Bacillariophyceae","HETEROKONTOPHYTA","AU",4,"diatom","","autotroph",FALSE,"not_resolved","not_phaeocystis","peg_class_bacillariophyceae","authority_rule_assignment_not_yet_applied_to_biomass"
"PEG_BVOL2026_stage5_v1",163873,"Cocconeis placentula var. placentula","Cocconeis","Bacillariophyceae","HETEROKONTOPHYTA","AU",5,"diatom","","autotroph",FALSE,"not_resolved","not_phaeocystis","peg_class_bacillariophyceae","authority_rule_assignment_not_yet_applied_to_biomass"
"PEG_BVOL2026_stage5_v1",163873,"Cocconeis placentula var. placentula","Cocconeis","Bacillariophyceae","HETEROKONTOPHYTA","AU",6,"diatom","","autotroph",FALSE,"not_resolved","not_phaeocystis","peg_class_bacillariophyceae","authority_rule_assignment_not_yet_applied_to_biomass"
"PEG_BVOL2026_stage5_v1",163873,"Cocconeis placentula var. placentula","Cocconeis","Bacillariophyceae","HETEROKONTOPHYTA","AU",7,"diatom","","autotroph",FALSE,"not_resolved","not_phaeocystis","peg_class_bacillariophyceae","authority_rule_assignment_not_yet_applied_to_biomass"
"PEG_BVOL2026_stage5_v1",163873,"Cocconeis placentula var. placentula","Cocconeis","Bacillariophyceae","HETEROKONTOPHYTA","AU",8,"diatom","","autotroph",FALSE,"not_resolved","not_phaeocystis","peg_class_bacillariophyceae","authority_rule_assignment_not_yet_applied_to_biomass"
"PEG_BVOL2026_stage5_v1",163873,"Cocconeis placentula var. placentula","Cocconeis","Bacillariophyceae","HETEROKONTOPHYTA","AU",9,"diatom","","autotroph",FALSE,"not_resolved","not_phaeocystis","peg_class_bacillariophyceae","authority_rule_assignment_not_yet_applied_to_biomass"
"PEG_BVOL2026_stage5_v1",149376,"Cocconeis scutellum","Cocconeis","Bacillariophyceae","HETEROKONTOPHYTA","AU",1,"diatom","","autotroph",FALSE,"not_resolved","not_phaeocystis","peg_class_bacillariophyceae","authority_rule_assignment_not_yet_applied_to_biomass"
"PEG_BVOL2026_stage5_v1",149376,"Cocconeis scutellum","Cocconeis","Bacillariophyceae","HETEROKONTOPHYTA","AU",2,"diatom","","autotroph",FALSE,"not_resolved","not_phaeocystis","peg_class_bacillariophyceae","authority_rule_assignment_not_yet_applied_to_biomass"
"PEG_BVOL2026_stage5_v1",149376,"Cocconeis scutellum","Cocconeis","Bacillariophyceae","HETEROKONTOPHYTA","AU",3,"diatom","","autotroph",FALSE,"not_resolved","not_phaeocystis","peg_class_bacillariophyceae","authority_rule_assignment_not_yet_applied_to_biomass"
"PEG_BVOL2026_stage5_v1",163880,"Cocconeis scutellum var. scutellum","Cocconeis","Bacillariophyceae","HETEROKONTOPHYTA","AU",1,"diatom","","autotroph",FALSE,"not_resolved","not_phaeocystis","peg_class_bacillariophyceae","authority_rule_assignment_not_yet_applied_to_biomass"
"PEG_BVOL2026_stage5_v1",163880,"Cocconeis scutellum var. scutellum","Cocconeis","Bacillariophyceae","HETEROKONTOPHYTA","AU",2,"diatom","","autotroph",FALSE,"not_resolved","not_phaeocystis","peg_class_bacillariophyceae","authority_rule_assignment_not_yet_applied_to_biomass"
"PEG_BVOL2026_stage5_v1",163880,"Cocconeis scutellum var. scutellum","Cocconeis","Bacillariophyceae","HETEROKONTOPHYTA","AU",3,"diatom","","autotroph",FALSE,"not_resolved","not_phaeocystis","peg_class_bacillariophyceae","authority_rule_assignment_not_yet_applied_to_biomass"
"PEG_BVOL2026_stage5_v1",148989,"Cocconeis","Cocconeis","Bacillariophyceae","HETEROKONTOPHYTA","AU",1,"diatom","","autotroph",FALSE,"not_resolved","not_phaeocystis","peg_class_bacillariophyceae","authority_rule_assignment_not_yet_applied_to_biomass"
"PEG_BVOL2026_stage5_v1",148954,"Asterionella formosa","Asterionella","Bacillariophyceae","HETEROKONTOPHYTA","AU",1,"diatom","","autotroph",FALSE,"not_resolved","not_phaeocystis","peg_class_bacillariophyceae","authority_rule_assignment_not_yet_applied_to_biomass"
"PEG_BVOL2026_stage5_v1",148954,"Asterionella formosa","Asterionella","Bacillariophyceae","HETEROKONTOPHYTA","AU",2,"diatom","","autotroph",FALSE,"not_resolved","not_phaeocystis","peg_class_bacillariophyceae","authority_rule_assignment_not_yet_applied_to_biomass"
"PEG_BVOL2026_stage5_v1",148954,"Asterionella formosa","Asterionella","Bacillariophyceae","HETEROKONTOPHYTA","AU",3,"diatom","","autotroph",FALSE,"not_resolved","not_phaeocystis","peg_class_bacillariophyceae","authority_rule_assignment_not_yet_applied_to_biomass"
"PEG_BVOL2026_stage5_v1",148954,"Asterionella formosa","Asterionella","Bacillariophyceae","HETEROKONTOPHYTA","AU",4,"diatom","","autotroph",FALSE,"not_resolved","not_phaeocystis","peg_class_bacillariophyceae","authority_rule_assignment_not_yet_applied_to_biomass"
"PEG_BVOL2026_stage5_v1",149139,"Asterionellopsis glacialis","Asterionellopsis","Bacillariophyceae","HETEROKONTOPHYTA","AU",4,"diatom","","autotroph",FALSE,"not_resolved","not_phaeocystis","peg_class_bacillariophyceae","authority_rule_assignment_not_yet_applied_to_biomass"
"PEG_BVOL2026_stage5_v1",149139,"Asterionellopsis glacialis","Asterionellopsis","Bacillariophyceae","HETEROKONTOPHYTA","AU",5,"diatom","","autotroph",FALSE,"not_resolved","not_phaeocystis","peg_class_bacillariophyceae","authority_rule_assignment_not_yet_applied_to_biomass"
"PEG_BVOL2026_stage5_v1",149139,"Asterionellopsis glacialis","Asterionellopsis","Bacillariophyceae","HETEROKONTOPHYTA","AU",6,"diatom","","autotroph",FALSE,"not_resolved","not_phaeocystis","peg_class_bacillariophyceae","authority_rule_assignment_not_yet_applied_to_biomass"
"PEG_BVOL2026_stage5_v1",558243,"Bacillaria paxillifera","Bacillaria","Bacillariophyceae","HETEROKONTOPHYTA","AU",2,"diatom","","autotroph",FALSE,"not_resolved","not_phaeocystis","peg_class_bacillariophyceae","authority_rule_assignment_not_yet_applied_to_biomass"
"PEG_BVOL2026_stage5_v1",621696,"Belonastrum berolinensis","Belonastrum","Bacillariophyceae","HETEROKONTOPHYTA","AU",3,"diatom","","autotroph",FALSE,"not_resolved","not_phaeocystis","peg_class_bacillariophyceae","authority_rule_assignment_not_yet_applied_to_biomass"
"PEG_BVOL2026_stage5_v1",149004,"Cylindrotheca closterium","Cylindrotheca","Bacillariophyceae","HETEROKONTOPHYTA","AU",11,"diatom","","autotroph",FALSE,"not_resolved","not_phaeocystis","peg_class_bacillariophyceae","authority_rule_assignment_not_yet_applied_to_biomass"
"PEG_BVOL2026_stage5_v1",149004,"Cylindrotheca closterium","Cylindrotheca","Bacillariophyceae","HETEROKONTOPHYTA","AU",12,"diatom","","autotroph",FALSE,"not_resolved","not_phaeocystis","peg_class_bacillariophyceae","authority_rule_assignment_not_yet_applied_to_biomass"
"PEG_BVOL2026_stage5_v1",149004,"Cylindrotheca closterium","Cylindrotheca","Bacillariophyceae","HETEROKONTOPHYTA","AU",13,"diatom","","autotroph",FALSE,"not_resolved","not_phaeocystis","peg_class_bacillariophyceae","authority_rule_assignment_not_yet_applied_to_biomass"
"PEG_BVOL2026_stage5_v1",149004,"Cylindrotheca closterium","Cylindrotheca","Bacillariophyceae","HETEROKONTOPHYTA","AU",14,"diatom","","autotroph",FALSE,"not_resolved","not_phaeocystis","peg_class_bacillariophyceae","authority_rule_assignment_not_yet_applied_to_biomass"
"PEG_BVOL2026_stage5_v1",149004,"Cylindrotheca closterium","Cylindrotheca","Bacillariophyceae","HETEROKONTOPHYTA","AU",15,"diatom","","autotroph",FALSE,"not_resolved","not_phaeocystis","peg_class_bacillariophyceae","authority_rule_assignment_not_yet_applied_to_biomass"
"PEG_BVOL2026_stage5_v1",163990,"Diatoma constricta","Diatoma","Bacillariophyceae","HETEROKONTOPHYTA","AU",1,"diatom","","autotroph",FALSE,"not_resolved","not_phaeocystis","peg_class_bacillariophyceae","authority_rule_assignment_not_yet_applied_to_biomass"
"PEG_BVOL2026_stage5_v1",164000,"Diatoma moniliformis","Diatoma","Bacillariophyceae","HETEROKONTOPHYTA","AU",1,"diatom","","autotroph",FALSE,"not_resolved","not_phaeocystis","peg_class_bacillariophyceae","authority_rule_assignment_not_yet_applied_to_biomass"
"PEG_BVOL2026_stage5_v1",164000,"Diatoma moniliformis","Diatoma","Bacillariophyceae","HETEROKONTOPHYTA","AU",2,"diatom","","autotroph",FALSE,"not_resolved","not_phaeocystis","peg_class_bacillariophyceae","authority_rule_assignment_not_yet_applied_to_biomass"
"PEG_BVOL2026_stage5_v1",149014,"Diatoma tenuis","Diatoma","Bacillariophyceae","HETEROKONTOPHYTA","AU",1,"diatom","","autotroph",FALSE,"not_resolved","not_phaeocystis","peg_class_bacillariophyceae","authority_rule_assignment_not_yet_applied_to_biomass"
"PEG_BVOL2026_stage5_v1",149014,"Diatoma tenuis","Diatoma","Bacillariophyceae","HETEROKONTOPHYTA","AU",2,"diatom","","autotroph",FALSE,"not_resolved","not_phaeocystis","peg_class_bacillariophyceae","authority_rule_assignment_not_yet_applied_to_biomass"
"PEG_BVOL2026_stage5_v1",149014,"Diatoma tenuis","Diatoma","Bacillariophyceae","HETEROKONTOPHYTA","AU",3,"diatom","","autotroph",FALSE,"not_resolved","not_phaeocystis","peg_class_bacillariophyceae","authority_rule_assignment_not_yet_applied_to_biomass"
"PEG_BVOL2026_stage5_v1",149014,"Diatoma tenuis","Diatoma","Bacillariophyceae","HETEROKONTOPHYTA","AU",4,"diatom","","autotroph",FALSE,"not_resolved","not_phaeocystis","peg_class_bacillariophyceae","authority_rule_assignment_not_yet_applied_to_biomass"
"PEG_BVOL2026_stage5_v1",149014,"Diatoma tenuis","Diatoma","Bacillariophyceae","HETEROKONTOPHYTA","AU",5,"diatom","","autotroph",FALSE,"not_resolved","not_phaeocystis","peg_class_bacillariophyceae","authority_rule_assignment_not_yet_applied_to_biomass"
"PEG_BVOL2026_stage5_v1",149014,"Diatoma tenuis","Diatoma","Bacillariophyceae","HETEROKONTOPHYTA","AU",6,"diatom","","autotroph",FALSE,"not_resolved","not_phaeocystis","peg_class_bacillariophyceae","authority_rule_assignment_not_yet_applied_to_biomass"
"PEG_BVOL2026_stage5_v1",149014,"Diatoma tenuis","Diatoma","Bacillariophyceae","HETEROKONTOPHYTA","AU",7,"diatom","","autotroph",FALSE,"not_resolved","not_phaeocystis","peg_class_bacillariophyceae","authority_rule_assignment_not_yet_applied_to_biomass"
"PEG_BVOL2026_stage5_v1",418624,"Diatoma vulgaris","Diatoma","Bacillariophyceae","HETEROKONTOPHYTA","AU",5,"diatom","","autotroph",FALSE,"not_resolved","not_phaeocystis","peg_class_bacillariophyceae","authority_rule_assignment_not_yet_applied_to_biomass"
"PEG_BVOL2026_stage5_v1",418624,"Diatoma vulgaris","Diatoma","Bacillariophyceae","HETEROKONTOPHYTA","AU",6,"diatom","","autotroph",FALSE,"not_resolved","not_phaeocystis","peg_class_bacillariophyceae","authority_rule_assignment_not_yet_applied_to_biomass"
"PEG_BVOL2026_stage5_v1",418624,"Diatoma vulgaris","Diatoma","Bacillariophyceae","HETEROKONTOPHYTA","AU",7,"diatom","","autotroph",FALSE,"not_resolved","not_phaeocystis","peg_class_bacillariophyceae","authority_rule_assignment_not_yet_applied_to_biomass"
"PEG_BVOL2026_stage5_v1",418624,"Diatoma vulgaris","Diatoma","Bacillariophyceae","HETEROKONTOPHYTA","AU",8,"diatom","","autotroph",FALSE,"not_resolved","not_phaeocystis","peg_class_bacillariophyceae","authority_rule_assignment_not_yet_applied_to_biomass"
"PEG_BVOL2026_stage5_v1",149013,"Diatoma","Diatoma","Bacillariophyceae","HETEROKONTOPHYTA","AU",1,"diatom","","autotroph",FALSE,"not_resolved","not_phaeocystis","peg_class_bacillariophyceae","authority_rule_assignment_not_yet_applied_to_biomass"
"PEG_BVOL2026_stage5_v1",149013,"Diatoma","Diatoma","Bacillariophyceae","HETEROKONTOPHYTA","AU",2,"diatom","","autotroph",FALSE,"not_resolved","not_phaeocystis","peg_class_bacillariophyceae","authority_rule_assignment_not_yet_applied_to_biomass"
"PEG_BVOL2026_stage5_v1",149013,"Diatoma","Diatoma","Bacillariophyceae","HETEROKONTOPHYTA","AU",3,"diatom","","autotroph",FALSE,"not_resolved","not_phaeocystis","peg_class_bacillariophyceae","authority_rule_assignment_not_yet_applied_to_biomass"
"PEG_BVOL2026_stage5_v1",149013,"Diatoma","Diatoma","Bacillariophyceae","HETEROKONTOPHYTA","AU",4,"diatom","","autotroph",FALSE,"not_resolved","not_phaeocystis","peg_class_bacillariophyceae","authority_rule_assignment_not_yet_applied_to_biomass"
"PEG_BVOL2026_stage5_v1",149013,"Diatoma","Diatoma","Bacillariophyceae","HETEROKONTOPHYTA","AU",5,"diatom","","autotroph",FALSE,"not_resolved","not_phaeocystis","peg_class_bacillariophyceae","authority_rule_assignment_not_yet_applied_to_biomass"
"PEG_BVOL2026_stage5_v1",149013,"Diatoma","Diatoma","Bacillariophyceae","HETEROKONTOPHYTA","AU",6,"diatom","","autotroph",FALSE,"not_resolved","not_phaeocystis","peg_class_bacillariophyceae","authority_rule_assignment_not_yet_applied_to_biomass"
"PEG_BVOL2026_stage5_v1",172418,"Fragilariopsis cylindrus","Fragilariopsis","Bacillariophyceae","HETEROKONTOPHYTA","AU",2,"diatom","","autotroph",FALSE,"not_resolved","not_phaeocystis","peg_class_bacillariophyceae","authority_rule_assignment_not_yet_applied_to_biomass"
"PEG_BVOL2026_stage5_v1",149346,"Meridion circulare","Meridion","Bacillariophyceae","HETEROKONTOPHYTA","AU",3,"diatom","","autotroph",FALSE,"not_resolved","not_phaeocystis","peg_class_bacillariophyceae","authority_rule_assignment_not_yet_applied_to_biomass"
"PEG_BVOL2026_stage5_v1",149346,"Meridion circulare","Meridion","Bacillariophyceae","HETEROKONTOPHYTA","AU",4,"diatom","","autotroph",FALSE,"not_resolved","not_phaeocystis","peg_class_bacillariophyceae","authority_rule_assignment_not_yet_applied_to_biomass"
"PEG_BVOL2026_stage5_v1",180420,"Meridion circulare var. circulare","Meridion","Bacillariophyceae","HETEROKONTOPHYTA","AU",3,"diatom","","autotroph",FALSE,"not_resolved","not_phaeocystis","peg_class_bacillariophyceae","authority_rule_assignment_not_yet_applied_to_biomass"
"PEG_BVOL2026_stage5_v1",180420,"Meridion circulare var. circulare","Meridion","Bacillariophyceae","HETEROKONTOPHYTA","AU",4,"diatom","","autotroph",FALSE,"not_resolved","not_phaeocystis","peg_class_bacillariophyceae","authority_rule_assignment_not_yet_applied_to_biomass"
"PEG_BVOL2026_stage5_v1",149046,"Nitzschia acicularis","Nitzschia","Bacillariophyceae","HETEROKONTOPHYTA","AU",4,"diatom","","autotroph",FALSE,"not_resolved","not_phaeocystis","peg_class_bacillariophyceae","authority_rule_assignment_not_yet_applied_to_biomass"
"PEG_BVOL2026_stage5_v1",149046,"Nitzschia acicularis","Nitzschia","Bacillariophyceae","HETEROKONTOPHYTA","AU",5,"diatom","","autotroph",FALSE,"not_resolved","not_phaeocystis","peg_class_bacillariophyceae","authority_rule_assignment_not_yet_applied_to_biomass"
"PEG_BVOL2026_stage5_v1",149046,"Nitzschia acicularis","Nitzschia","Bacillariophyceae","HETEROKONTOPHYTA","AU",6,"diatom","","autotroph",FALSE,"not_resolved","not_phaeocystis","peg_class_bacillariophyceae","authority_rule_assignment_not_yet_applied_to_biomass"
"PEG_BVOL2026_stage5_v1",175373,"Nitzschia acicularis var. acicularis","Nitzschia","Bacillariophyceae","HETEROKONTOPHYTA","AU",4,"diatom","","autotroph",FALSE,"not_resolved","not_phaeocystis","peg_class_bacillariophyceae","authority_rule_assignment_not_yet_applied_to_biomass"
"PEG_BVOL2026_stage5_v1",175373,"Nitzschia acicularis var. acicularis","Nitzschia","Bacillariophyceae","HETEROKONTOPHYTA","AU",5,"diatom","","autotroph",FALSE,"not_resolved","not_phaeocystis","peg_class_bacillariophyceae","authority_rule_assignment_not_yet_applied_to_biomass"
"PEG_BVOL2026_stage5_v1",175373,"Nitzschia acicularis var. acicularis","Nitzschia","Bacillariophyceae","HETEROKONTOPHYTA","AU",6,"diatom","","autotroph",FALSE,"not_resolved","not_phaeocystis","peg_class_bacillariophyceae","authority_rule_assignment_not_yet_applied_to_biomass"
"PEG_BVOL2026_stage5_v1",175374,"Nitzschia acicularis var. closterioides","Nitzschia","Bacillariophyceae","HETEROKONTOPHYTA","AU",2,"diatom","","autotroph",FALSE,"not_resolved","not_phaeocystis","peg_class_bacillariophyceae","authority_rule_assignment_not_yet_applied_to_biomass"
"PEG_BVOL2026_stage5_v1",175400,"Nitzschia frigida","Nitzschia","Bacillariophyceae","HETEROKONTOPHYTA","AU",3,"diatom","","autotroph",FALSE,"not_resolved","not_phaeocystis","peg_class_bacillariophyceae","authority_rule_assignment_not_yet_applied_to_biomass"
"PEG_BVOL2026_stage5_v1",175400,"Nitzschia frigida","Nitzschia","Bacillariophyceae","HETEROKONTOPHYTA","AU",4,"diatom","","autotroph",FALSE,"not_resolved","not_phaeocystis","peg_class_bacillariophyceae","authority_rule_assignment_not_yet_applied_to_biomass"
"PEG_BVOL2026_stage5_v1",175438,"Nitzschia holsatica","Nitzschia","Bacillariophyceae","HETEROKONTOPHYTA","AU",1,"diatom","","autotroph",FALSE,"not_resolved","not_phaeocystis","peg_class_bacillariophyceae","authority_rule_assignment_not_yet_applied_to_biomass"
"PEG_BVOL2026_stage5_v1",175438,"Nitzschia holsatica","Nitzschia","Bacillariophyceae","HETEROKONTOPHYTA","AU",2,"diatom","","autotroph",FALSE,"not_resolved","not_phaeocystis","peg_class_bacillariophyceae","authority_rule_assignment_not_yet_applied_to_biomass"
"PEG_BVOL2026_stage5_v1",175421,"Nitzschia intermedia","Nitzschia","Bacillariophyceae","HETEROKONTOPHYTA","AU",1,"diatom","","autotroph",FALSE,"not_resolved","not_phaeocystis","peg_class_bacillariophyceae","authority_rule_assignment_not_yet_applied_to_biomass"
"PEG_BVOL2026_stage5_v1",149150,"Nitzschia longissima","Nitzschia","Bacillariophyceae","HETEROKONTOPHYTA","AU",5,"diatom","","autotroph",FALSE,"not_resolved","not_phaeocystis","peg_class_bacillariophyceae","authority_rule_assignment_not_yet_applied_to_biomass"
"PEG_BVOL2026_stage5_v1",149150,"Nitzschia longissima","Nitzschia","Bacillariophyceae","HETEROKONTOPHYTA","AU",6,"diatom","","autotroph",FALSE,"not_resolved","not_phaeocystis","peg_class_bacillariophyceae","authority_rule_assignment_not_yet_applied_to_biomass"
"PEG_BVOL2026_stage5_v1",149150,"Nitzschia longissima","Nitzschia","Bacillariophyceae","HETEROKONTOPHYTA","AU",7,"diatom","","autotroph",FALSE,"not_resolved","not_phaeocystis","peg_class_bacillariophyceae","authority_rule_assignment_not_yet_applied_to_biomass"
"PEG_BVOL2026_stage5_v1",149150,"Nitzschia longissima","Nitzschia","Bacillariophyceae","HETEROKONTOPHYTA","AU",8,"diatom","","autotroph",FALSE,"not_resolved","not_phaeocystis","peg_class_bacillariophyceae","authority_rule_assignment_not_yet_applied_to_biomass"
"PEG_BVOL2026_stage5_v1",609727,"Nitzschia paleacea","Nitzschia","Bacillariophyceae","HETEROKONTOPHYTA","AU",1,"diatom","","autotroph",FALSE,"not_resolved","not_phaeocystis","peg_class_bacillariophyceae","authority_rule_assignment_not_yet_applied_to_biomass"
"PEG_BVOL2026_stage5_v1",149604,"Nitzschia sigmoidea","Nitzschia","Bacillariophyceae","HETEROKONTOPHYTA","AU",1,"diatom","","autotroph",FALSE,"not_resolved","not_phaeocystis","peg_class_bacillariophyceae","authority_rule_assignment_not_yet_applied_to_biomass"
"PEG_BVOL2026_stage5_v1",149604,"Nitzschia sigmoidea","Nitzschia","Bacillariophyceae","HETEROKONTOPHYTA","AU",2,"diatom","","autotroph",FALSE,"not_resolved","not_phaeocystis","peg_class_bacillariophyceae","authority_rule_assignment_not_yet_applied_to_biomass"
"PEG_BVOL2026_stage5_v1",149596,"Nitzschia vitrea","Nitzschia","Bacillariophyceae","HETEROKONTOPHYTA","AU",1,"diatom","","autotroph",FALSE,"not_resolved","not_phaeocystis","peg_class_bacillariophyceae","authority_rule_assignment_not_yet_applied_to_biomass"
"PEG_BVOL2026_stage5_v1",149045,"Nitzschia","Nitzschia","Bacillariophyceae","HETEROKONTOPHYTA","AU",1,"diatom","","autotroph",FALSE,"not_resolved","not_phaeocystis","peg_class_bacillariophyceae","authority_rule_assignment_not_yet_applied_to_biomass"
"PEG_BVOL2026_stage5_v1",149045,"Nitzschia","Nitzschia","Bacillariophyceae","HETEROKONTOPHYTA","AU",2,"diatom","","autotroph",FALSE,"not_resolved","not_phaeocystis","peg_class_bacillariophyceae","authority_rule_assignment_not_yet_applied_to_biomass"
"PEG_BVOL2026_stage5_v1",149045,"Nitzschia","Nitzschia","Bacillariophyceae","HETEROKONTOPHYTA","AU",3,"diatom","","autotroph",FALSE,"not_resolved","not_phaeocystis","peg_class_bacillariophyceae","authority_rule_assignment_not_yet_applied_to_biomass"
"PEG_BVOL2026_stage5_v1",149045,"Nitzschia","Nitzschia","Bacillariophyceae","HETEROKONTOPHYTA","AU",4,"diatom","","autotroph",FALSE,"not_resolved","not_phaeocystis","peg_class_bacillariophyceae","authority_rule_assignment_not_yet_applied_to_biomass"
"PEG_BVOL2026_stage5_v1",149045,"Nitzschia","Nitzschia","Bacillariophyceae","HETEROKONTOPHYTA","AU",5,"diatom","","autotroph",FALSE,"not_resolved","not_phaeocystis","peg_class_bacillariophyceae","authority_rule_assignment_not_yet_applied_to_biomass"
"PEG_BVOL2026_stage5_v1",149045,"Nitzschia","Nitzschia","Bacillariophyceae","HETEROKONTOPHYTA","AU",6,"diatom","","autotroph",FALSE,"not_resolved","not_phaeocystis","peg_class_bacillariophyceae","authority_rule_assignment_not_yet_applied_to_biomass"
"PEG_BVOL2026_stage5_v1",149045,"Nitzschia","Nitzschia","Bacillariophyceae","HETEROKONTOPHYTA","AU",7,"diatom","","autotroph",FALSE,"not_resolved","not_phaeocystis","peg_class_bacillariophyceae","authority_rule_assignment_not_yet_applied_to_biomass"
"PEG_BVOL2026_stage5_v1",149045,"Nitzschia","Nitzschia","Bacillariophyceae","HETEROKONTOPHYTA","AU",8,"diatom","","autotroph",FALSE,"not_resolved","not_phaeocystis","peg_class_bacillariophyceae","authority_rule_assignment_not_yet_applied_to_biomass"
"PEG_BVOL2026_stage5_v1",149045,"Nitzschia","Nitzschia","Bacillariophyceae","HETEROKONTOPHYTA","AU",9,"diatom","","autotroph",FALSE,"not_resolved","not_phaeocystis","peg_class_bacillariophyceae","authority_rule_assignment_not_yet_applied_to_biomass"
"PEG_BVOL2026_stage5_v1",149045,"Nitzschia","Nitzschia","Bacillariophyceae","HETEROKONTOPHYTA","AU",10,"diatom","","autotroph",FALSE,"not_resolved","not_phaeocystis","peg_class_bacillariophyceae","authority_rule_assignment_not_yet_applied_to_biomass"
"PEG_BVOL2026_stage5_v1",149045,"Nitzschia","Nitzschia","Bacillariophyceae","HETEROKONTOPHYTA","AU",11,"diatom","","autotroph",FALSE,"not_resolved","not_phaeocystis","peg_class_bacillariophyceae","authority_rule_assignment_not_yet_applied_to_biomass"
"PEG_BVOL2026_stage5_v1",149045,"Nitzschia","Nitzschia","Bacillariophyceae","HETEROKONTOPHYTA","AU",12,"diatom","","autotroph",FALSE,"not_resolved","not_phaeocystis","peg_class_bacillariophyceae","authority_rule_assignment_not_yet_applied_to_biomass"
"PEG_BVOL2026_stage5_v1",149045,"Nitzschia","Nitzschia","Bacillariophyceae","HETEROKONTOPHYTA","AU",13,"diatom","","autotroph",FALSE,"not_resolved","not_phaeocystis","peg_class_bacillariophyceae","authority_rule_assignment_not_yet_applied_to_biomass"
"PEG_BVOL2026_stage5_v1",149045,"Nitzschia","Nitzschia","Bacillariophyceae","HETEROKONTOPHYTA","AU",14,"diatom","","autotroph",FALSE,"not_resolved","not_phaeocystis","peg_class_bacillariophyceae","authority_rule_assignment_not_yet_applied_to_biomass"
"PEG_BVOL2026_stage5_v1",149045,"Nitzschia","Nitzschia","Bacillariophyceae","HETEROKONTOPHYTA","AU",15,"diatom","","autotroph",FALSE,"not_resolved","not_phaeocystis","peg_class_bacillariophyceae","authority_rule_assignment_not_yet_applied_to_biomass"
"PEG_BVOL2026_stage5_v1",149045,"Nitzschia","Nitzschia","Bacillariophyceae","HETEROKONTOPHYTA","AU",16,"diatom","","autotroph",FALSE,"not_resolved","not_phaeocystis","peg_class_bacillariophyceae","authority_rule_assignment_not_yet_applied_to_biomass"
"PEG_BVOL2026_stage5_v1",163624,"Pauliella taeniata","Pauliella","Bacillariophyceae","HETEROKONTOPHYTA","AU",13,"diatom","","autotroph",FALSE,"not_resolved","not_phaeocystis","peg_class_bacillariophyceae","authority_rule_assignment_not_yet_applied_to_biomass"
"PEG_BVOL2026_stage5_v1",163624,"Pauliella taeniata","Pauliella","Bacillariophyceae","HETEROKONTOPHYTA","AU",14,"diatom","","autotroph",FALSE,"not_resolved","not_phaeocystis","peg_class_bacillariophyceae","authority_rule_assignment_not_yet_applied_to_biomass"
"PEG_BVOL2026_stage5_v1",163624,"Pauliella taeniata","Pauliella","Bacillariophyceae","HETEROKONTOPHYTA","AU",15,"diatom","","autotroph",FALSE,"not_resolved","not_phaeocystis","peg_class_bacillariophyceae","authority_rule_assignment_not_yet_applied_to_biomass"
"PEG_BVOL2026_stage5_v1",163624,"Pauliella taeniata","Pauliella","Bacillariophyceae","HETEROKONTOPHYTA","AU",16,"diatom","","autotroph",FALSE,"not_resolved","not_phaeocystis","peg_class_bacillariophyceae","authority_rule_assignment_not_yet_applied_to_biomass"
"PEG_BVOL2026_stage5_v1",163624,"Pauliella taeniata","Pauliella","Bacillariophyceae","HETEROKONTOPHYTA","AU",17,"diatom","","autotroph",FALSE,"not_resolved","not_phaeocystis","peg_class_bacillariophyceae","authority_rule_assignment_not_yet_applied_to_biomass"
"PEG_BVOL2026_stage5_v1",163624,"Pauliella taeniata","Pauliella","Bacillariophyceae","HETEROKONTOPHYTA","AU",18,"diatom","","autotroph",FALSE,"not_resolved","not_phaeocystis","peg_class_bacillariophyceae","authority_rule_assignment_not_yet_applied_to_biomass"
"PEG_BVOL2026_stage5_v1",163624,"Pauliella taeniata","Pauliella","Bacillariophyceae","HETEROKONTOPHYTA","AU",19,"diatom","","autotroph",FALSE,"not_resolved","not_phaeocystis","peg_class_bacillariophyceae","authority_rule_assignment_not_yet_applied_to_biomass"
"PEG_BVOL2026_stage5_v1",163624,"Pauliella taeniata","Pauliella","Bacillariophyceae","HETEROKONTOPHYTA","AU",20,"diatom","","autotroph",FALSE,"not_resolved","not_phaeocystis","peg_class_bacillariophyceae","authority_rule_assignment_not_yet_applied_to_biomass"
"PEG_BVOL2026_stage5_v1",163624,"Pauliella taeniata","Pauliella","Bacillariophyceae","HETEROKONTOPHYTA","AU",21,"diatom","","autotroph",FALSE,"not_resolved","not_phaeocystis","peg_class_bacillariophyceae","authority_rule_assignment_not_yet_applied_to_biomass"
"PEG_BVOL2026_stage5_v1",163624,"Pauliella taeniata","Pauliella","Bacillariophyceae","HETEROKONTOPHYTA","AU",22,"diatom","","autotroph",FALSE,"not_resolved","not_phaeocystis","peg_class_bacillariophyceae","authority_rule_assignment_not_yet_applied_to_biomass"
"PEG_BVOL2026_stage5_v1",163624,"Pauliella taeniata","Pauliella","Bacillariophyceae","HETEROKONTOPHYTA","AU",23,"diatom","","autotroph",FALSE,"not_resolved","not_phaeocystis","peg_class_bacillariophyceae","authority_rule_assignment_not_yet_applied_to_biomass"
"PEG_BVOL2026_stage5_v1",163624,"Pauliella taeniata","Pauliella","Bacillariophyceae","HETEROKONTOPHYTA","AU",24,"diatom","","autotroph",FALSE,"not_resolved","not_phaeocystis","peg_class_bacillariophyceae","authority_rule_assignment_not_yet_applied_to_biomass"
"PEG_BVOL2026_stage5_v1",163624,"Pauliella taeniata","Pauliella","Bacillariophyceae","HETEROKONTOPHYTA","AU",25,"diatom","","autotroph",FALSE,"not_resolved","not_phaeocystis","peg_class_bacillariophyceae","authority_rule_assignment_not_yet_applied_to_biomass"
"PEG_BVOL2026_stage5_v1",163624,"Pauliella taeniata","Pauliella","Bacillariophyceae","HETEROKONTOPHYTA","AU",26,"diatom","","autotroph",FALSE,"not_resolved","not_phaeocystis","peg_class_bacillariophyceae","authority_rule_assignment_not_yet_applied_to_biomass"
"PEG_BVOL2026_stage5_v1",163624,"Pauliella taeniata","Pauliella","Bacillariophyceae","HETEROKONTOPHYTA","AU",27,"diatom","","autotroph",FALSE,"not_resolved","not_phaeocystis","peg_class_bacillariophyceae","authority_rule_assignment_not_yet_applied_to_biomass"
"PEG_BVOL2026_stage5_v1",163624,"Pauliella taeniata","Pauliella","Bacillariophyceae","HETEROKONTOPHYTA","AU",28,"diatom","","autotroph",FALSE,"not_resolved","not_phaeocystis","peg_class_bacillariophyceae","authority_rule_assignment_not_yet_applied_to_biomass"
"PEG_BVOL2026_stage5_v1",163624,"Pauliella taeniata","Pauliella","Bacillariophyceae","HETEROKONTOPHYTA","AU",29,"diatom","","autotroph",FALSE,"not_resolved","not_phaeocystis","peg_class_bacillariophyceae","authority_rule_assignment_not_yet_applied_to_biomass"
"PEG_BVOL2026_stage5_v1",163624,"Pauliella taeniata","Pauliella","Bacillariophyceae","HETEROKONTOPHYTA","AU",30,"diatom","","autotroph",FALSE,"not_resolved","not_phaeocystis","peg_class_bacillariophyceae","authority_rule_assignment_not_yet_applied_to_biomass"
"PEG_BVOL2026_stage5_v1",163624,"Pauliella taeniata","Pauliella","Bacillariophyceae","HETEROKONTOPHYTA","AU",31,"diatom","","autotroph",FALSE,"not_resolved","not_phaeocystis","peg_class_bacillariophyceae","authority_rule_assignment_not_yet_applied_to_biomass"
"PEG_BVOL2026_stage5_v1",163624,"Pauliella taeniata","Pauliella","Bacillariophyceae","HETEROKONTOPHYTA","AU",32,"diatom","","autotroph",FALSE,"not_resolved","not_phaeocystis","peg_class_bacillariophyceae","authority_rule_assignment_not_yet_applied_to_biomass"
"PEG_BVOL2026_stage5_v1",163624,"Pauliella taeniata","Pauliella","Bacillariophyceae","HETEROKONTOPHYTA","AU",33,"diatom","","autotroph",FALSE,"not_resolved","not_phaeocystis","peg_class_bacillariophyceae","authority_rule_assignment_not_yet_applied_to_biomass"
"PEG_BVOL2026_stage5_v1",163624,"Pauliella taeniata","Pauliella","Bacillariophyceae","HETEROKONTOPHYTA","AU",34,"diatom","","autotroph",FALSE,"not_resolved","not_phaeocystis","peg_class_bacillariophyceae","authority_rule_assignment_not_yet_applied_to_biomass"
"PEG_BVOL2026_stage5_v1",163624,"Pauliella taeniata","Pauliella","Bacillariophyceae","HETEROKONTOPHYTA","AU",35,"diatom","","autotroph",FALSE,"not_resolved","not_phaeocystis","peg_class_bacillariophyceae","authority_rule_assignment_not_yet_applied_to_biomass"
"PEG_BVOL2026_stage5_v1",163624,"Pauliella taeniata","Pauliella","Bacillariophyceae","HETEROKONTOPHYTA","AU",36,"diatom","","autotroph",FALSE,"not_resolved","not_phaeocystis","peg_class_bacillariophyceae","authority_rule_assignment_not_yet_applied_to_biomass"
"PEG_BVOL2026_stage5_v1",163624,"Pauliella taeniata","Pauliella","Bacillariophyceae","HETEROKONTOPHYTA","AU",37,"diatom","","autotroph",FALSE,"not_resolved","not_phaeocystis","peg_class_bacillariophyceae","authority_rule_assignment_not_yet_applied_to_biomass"
"PEG_BVOL2026_stage5_v1",163624,"Pauliella taeniata","Pauliella","Bacillariophyceae","HETEROKONTOPHYTA","AU",38,"diatom","","autotroph",FALSE,"not_resolved","not_phaeocystis","peg_class_bacillariophyceae","authority_rule_assignment_not_yet_applied_to_biomass"
"PEG_BVOL2026_stage5_v1",246605,"Pseudo-nitzschia calliantha","Pseudo-nitzschia","Bacillariophyceae","HETEROKONTOPHYTA","AU",1,"diatom","","autotroph",FALSE,"not_resolved","not_phaeocystis","peg_class_bacillariophyceae","authority_rule_assignment_not_yet_applied_to_biomass"
"PEG_BVOL2026_stage5_v1",149153,"Pseudo-nitzschia delicatissima","Pseudo-nitzschia","Bacillariophyceae","HETEROKONTOPHYTA","AU",1,"diatom","","autotroph",FALSE,"not_resolved","not_phaeocystis","peg_class_bacillariophyceae","authority_rule_assignment_not_yet_applied_to_biomass"
"PEG_BVOL2026_stage5_v1",149153,"Pseudo-nitzschia delicatissima","Pseudo-nitzschia","Bacillariophyceae","HETEROKONTOPHYTA","AU",2,"diatom","","autotroph",FALSE,"not_resolved","not_phaeocystis","peg_class_bacillariophyceae","authority_rule_assignment_not_yet_applied_to_biomass"
"PEG_BVOL2026_stage5_v1",149153,"Pseudo-nitzschia delicatissima","Pseudo-nitzschia","Bacillariophyceae","HETEROKONTOPHYTA","AU",3,"diatom","","autotroph",FALSE,"not_resolved","not_phaeocystis","peg_class_bacillariophyceae","authority_rule_assignment_not_yet_applied_to_biomass"
"PEG_BVOL2026_stage5_v1",,"Pseudo-nitzschia delicatissima","Pseudo-nitzschia","Bacillariophyceae","HETEROKONTOPHYTA","",4,"diatom","","unresolved",TRUE,"not_resolved","not_phaeocystis","peg_class_bacillariophyceae","authority_rule_assignment_not_yet_applied_to_biomass"
"PEG_BVOL2026_stage5_v1",,"Pseudo-nitzschia delicatissima","Pseudo-nitzschia","Bacillariophyceae","HETEROKONTOPHYTA","",5,"diatom","","unresolved",TRUE,"not_resolved","not_phaeocystis","peg_class_bacillariophyceae","authority_rule_assignment_not_yet_applied_to_biomass"
"PEG_BVOL2026_stage5_v1",156548,"Pseudo-nitzschia pseudodelicatissima","Pseudo-nitzschia","Bacillariophyceae","HETEROKONTOPHYTA","AU",1,"diatom","","autotroph",FALSE,"not_resolved","not_phaeocystis","peg_class_bacillariophyceae","authority_rule_assignment_not_yet_applied_to_biomass"
"PEG_BVOL2026_stage5_v1",160528,"Pseudo-nitzschia pungens","Pseudo-nitzschia","Bacillariophyceae","HETEROKONTOPHYTA","AU",1,"diatom","","autotroph",FALSE,"not_resolved","not_phaeocystis","peg_class_bacillariophyceae","authority_rule_assignment_not_yet_applied_to_biomass"
"PEG_BVOL2026_stage5_v1",160528,"Pseudo-nitzschia pungens","Pseudo-nitzschia","Bacillariophyceae","HETEROKONTOPHYTA","AU",2,"diatom","","autotroph",FALSE,"not_resolved","not_phaeocystis","peg_class_bacillariophyceae","authority_rule_assignment_not_yet_applied_to_biomass"
"PEG_BVOL2026_stage5_v1",160528,"Pseudo-nitzschia pungens","Pseudo-nitzschia","Bacillariophyceae","HETEROKONTOPHYTA","AU",3,"diatom","","autotroph",FALSE,"not_resolved","not_phaeocystis","peg_class_bacillariophyceae","authority_rule_assignment_not_yet_applied_to_biomass"
"PEG_BVOL2026_stage5_v1",160528,"Pseudo-nitzschia pungens","Pseudo-nitzschia","Bacillariophyceae","HETEROKONTOPHYTA","AU",4,"diatom","","autotroph",FALSE,"not_resolved","not_phaeocystis","peg_class_bacillariophyceae","authority_rule_assignment_not_yet_applied_to_biomass"
"PEG_BVOL2026_stage5_v1",149152,"Pseudo-nitzschia seriata","Pseudo-nitzschia","Bacillariophyceae","HETEROKONTOPHYTA","AU",2,"diatom","","autotroph",FALSE,"not_resolved","not_phaeocystis","peg_class_bacillariophyceae","authority_rule_assignment_not_yet_applied_to_biomass"
"PEG_BVOL2026_stage5_v1",149152,"Pseudo-nitzschia seriata","Pseudo-nitzschia","Bacillariophyceae","HETEROKONTOPHYTA","AU",3,"diatom","","autotroph",FALSE,"not_resolved","not_phaeocystis","peg_class_bacillariophyceae","authority_rule_assignment_not_yet_applied_to_biomass"
"PEG_BVOL2026_stage5_v1",149152,"Pseudo-nitzschia seriata","Pseudo-nitzschia","Bacillariophyceae","HETEROKONTOPHYTA","AU",4,"diatom","","autotroph",FALSE,"not_resolved","not_phaeocystis","peg_class_bacillariophyceae","authority_rule_assignment_not_yet_applied_to_biomass"
"PEG_BVOL2026_stage5_v1",149152,"Pseudo-nitzschia seriata","Pseudo-nitzschia","Bacillariophyceae","HETEROKONTOPHYTA","AU",10,"diatom","","autotroph",FALSE,"not_resolved","not_phaeocystis","peg_class_bacillariophyceae","authority_rule_assignment_not_yet_applied_to_biomass"
"PEG_BVOL2026_stage5_v1",,"Pseudo-nitzschia seriata","Pseudo-nitzschia","Bacillariophyceae","HETEROKONTOPHYTA","",5,"diatom","","unresolved",TRUE,"not_resolved","not_phaeocystis","peg_class_bacillariophyceae","authority_rule_assignment_not_yet_applied_to_biomass"
"PEG_BVOL2026_stage5_v1",,"Pseudo-nitzschia seriata","Pseudo-nitzschia","Bacillariophyceae","HETEROKONTOPHYTA","",7,"diatom","","unresolved",TRUE,"not_resolved","not_phaeocystis","peg_class_bacillariophyceae","authority_rule_assignment_not_yet_applied_to_biomass"
"PEG_BVOL2026_stage5_v1",,"Pseudo-nitzschia seriata","Pseudo-nitzschia","Bacillariophyceae","HETEROKONTOPHYTA","",8,"diatom","","unresolved",TRUE,"not_resolved","not_phaeocystis","peg_class_bacillariophyceae","authority_rule_assignment_not_yet_applied_to_biomass"
"PEG_BVOL2026_stage5_v1",,"Pseudo-nitzschia seriata","Pseudo-nitzschia","Bacillariophyceae","HETEROKONTOPHYTA","",9,"diatom","","unresolved",TRUE,"not_resolved","not_phaeocystis","peg_class_bacillariophyceae","authority_rule_assignment_not_yet_applied_to_biomass"
"PEG_BVOL2026_stage5_v1",149151,"Pseudo-nitzschia","Pseudo-nitzschia","Bacillariophyceae","HETEROKONTOPHYTA","AU",1,"diatom","","autotroph",FALSE,"not_resolved","not_phaeocystis","peg_class_bacillariophyceae","authority_rule_assignment_not_yet_applied_to_biomass"
"PEG_BVOL2026_stage5_v1",149151,"Pseudo-nitzschia","Pseudo-nitzschia","Bacillariophyceae","HETEROKONTOPHYTA","AU",2,"diatom","","autotroph",FALSE,"not_resolved","not_phaeocystis","peg_class_bacillariophyceae","authority_rule_assignment_not_yet_applied_to_biomass"
"PEG_BVOL2026_stage5_v1",149151,"Pseudo-nitzschia","Pseudo-nitzschia","Bacillariophyceae","HETEROKONTOPHYTA","AU",3,"diatom","","autotroph",FALSE,"not_resolved","not_phaeocystis","peg_class_bacillariophyceae","authority_rule_assignment_not_yet_applied_to_biomass"
"PEG_BVOL2026_stage5_v1",149151,"Pseudo-nitzschia","Pseudo-nitzschia","Bacillariophyceae","HETEROKONTOPHYTA","AU",4,"diatom","","autotroph",FALSE,"not_resolved","not_phaeocystis","peg_class_bacillariophyceae","authority_rule_assignment_not_yet_applied_to_biomass"
"PEG_BVOL2026_stage5_v1",149151,"Pseudo-nitzschia","Pseudo-nitzschia","Bacillariophyceae","HETEROKONTOPHYTA","AU",5,"diatom","","autotroph",FALSE,"not_resolved","not_phaeocystis","peg_class_bacillariophyceae","authority_rule_assignment_not_yet_applied_to_biomass"
"PEG_BVOL2026_stage5_v1",149151,"Pseudo-nitzschia","Pseudo-nitzschia","Bacillariophyceae","HETEROKONTOPHYTA","AU",6,"diatom","","autotroph",FALSE,"not_resolved","not_phaeocystis","peg_class_bacillariophyceae","authority_rule_assignment_not_yet_applied_to_biomass"
"PEG_BVOL2026_stage5_v1",149334,"Tabellaria fenestrata","Tabellaria","Bacillariophyceae","HETEROKONTOPHYTA","AU",1,"diatom","","autotroph",FALSE,"not_resolved","not_phaeocystis","peg_class_bacillariophyceae","authority_rule_assignment_not_yet_applied_to_biomass"
"PEG_BVOL2026_stage5_v1",149334,"Tabellaria fenestrata","Tabellaria","Bacillariophyceae","HETEROKONTOPHYTA","AU",2,"diatom","","autotroph",FALSE,"not_resolved","not_phaeocystis","peg_class_bacillariophyceae","authority_rule_assignment_not_yet_applied_to_biomass"
"PEG_BVOL2026_stage5_v1",149334,"Tabellaria fenestrata","Tabellaria","Bacillariophyceae","HETEROKONTOPHYTA","AU",3,"diatom","","autotroph",FALSE,"not_resolved","not_phaeocystis","peg_class_bacillariophyceae","authority_rule_assignment_not_yet_applied_to_biomass"
"PEG_BVOL2026_stage5_v1",157080,"Tabellaria flocculosa","Tabellaria","Bacillariophyceae","HETEROKONTOPHYTA","AU",1,"diatom","","autotroph",FALSE,"not_resolved","not_phaeocystis","peg_class_bacillariophyceae","authority_rule_assignment_not_yet_applied_to_biomass"
"PEG_BVOL2026_stage5_v1",157080,"Tabellaria flocculosa","Tabellaria","Bacillariophyceae","HETEROKONTOPHYTA","AU",2,"diatom","","autotroph",FALSE,"not_resolved","not_phaeocystis","peg_class_bacillariophyceae","authority_rule_assignment_not_yet_applied_to_biomass"
"PEG_BVOL2026_stage5_v1",157080,"Tabellaria flocculosa","Tabellaria","Bacillariophyceae","HETEROKONTOPHYTA","AU",3,"diatom","","autotroph",FALSE,"not_resolved","not_phaeocystis","peg_class_bacillariophyceae","authority_rule_assignment_not_yet_applied_to_biomass"
"PEG_BVOL2026_stage5_v1",157080,"Tabellaria flocculosa","Tabellaria","Bacillariophyceae","HETEROKONTOPHYTA","AU",4,"diatom","","autotroph",FALSE,"not_resolved","not_phaeocystis","peg_class_bacillariophyceae","authority_rule_assignment_not_yet_applied_to_biomass"
"PEG_BVOL2026_stage5_v1",578550,"Tabellaria flocculosa var. asterionelloides","Tabellaria","Bacillariophyceae","HETEROKONTOPHYTA","AU",2,"diatom","","autotroph",FALSE,"not_resolved","not_phaeocystis","peg_class_bacillariophyceae","authority_rule_assignment_not_yet_applied_to_biomass"
"PEG_BVOL2026_stage5_v1",157061,"Tabularia fasciculata","Tabularia","Bacillariophyceae","HETEROKONTOPHYTA","AU",1,"diatom","","autotroph",FALSE,"not_resolved","not_phaeocystis","peg_class_bacillariophyceae","authority_rule_assignment_not_yet_applied_to_biomass"
"PEG_BVOL2026_stage5_v1",157061,"Tabularia fasciculata","Tabularia","Bacillariophyceae","HETEROKONTOPHYTA","AU",2,"diatom","","autotroph",FALSE,"not_resolved","not_phaeocystis","peg_class_bacillariophyceae","authority_rule_assignment_not_yet_applied_to_biomass"
"PEG_BVOL2026_stage5_v1",157061,"Tabularia fasciculata","Tabularia","Bacillariophyceae","HETEROKONTOPHYTA","AU",3,"diatom","","autotroph",FALSE,"not_resolved","not_phaeocystis","peg_class_bacillariophyceae","authority_rule_assignment_not_yet_applied_to_biomass"
"PEG_BVOL2026_stage5_v1",157061,"Tabularia fasciculata","Tabularia","Bacillariophyceae","HETEROKONTOPHYTA","AU",4,"diatom","","autotroph",FALSE,"not_resolved","not_phaeocystis","peg_class_bacillariophyceae","authority_rule_assignment_not_yet_applied_to_biomass"
"PEG_BVOL2026_stage5_v1",157061,"Tabularia fasciculata","Tabularia","Bacillariophyceae","HETEROKONTOPHYTA","AU",5,"diatom","","autotroph",FALSE,"not_resolved","not_phaeocystis","peg_class_bacillariophyceae","authority_rule_assignment_not_yet_applied_to_biomass"
"PEG_BVOL2026_stage5_v1",157061,"Tabularia fasciculata","Tabularia","Bacillariophyceae","HETEROKONTOPHYTA","AU",6,"diatom","","autotroph",FALSE,"not_resolved","not_phaeocystis","peg_class_bacillariophyceae","authority_rule_assignment_not_yet_applied_to_biomass"
"PEG_BVOL2026_stage5_v1",467133,"Ulnaria delicatissima","Ulnaria","Bacillariophyceae","HETEROKONTOPHYTA","AU",1,"diatom","","autotroph",FALSE,"not_resolved","not_phaeocystis","peg_class_bacillariophyceae","authority_rule_assignment_not_yet_applied_to_biomass"
"PEG_BVOL2026_stage5_v1",467134,"Ulnaria delicatissima var. angustissima","Ulnaria","Bacillariophyceae","HETEROKONTOPHYTA","AU",1,"diatom","","autotroph",FALSE,"not_resolved","not_phaeocystis","peg_class_bacillariophyceae","authority_rule_assignment_not_yet_applied_to_biomass"
"PEG_BVOL2026_stage5_v1",,"Pennales","Pennales","Bacillariophyceae","HETEROKONTOPHYTA","AU",1,"diatom","","autotroph",FALSE,"provider_comment_mentions_colony","not_phaeocystis","peg_class_bacillariophyceae","authority_rule_assignment_not_yet_applied_to_biomass"
"PEG_BVOL2026_stage5_v1",,"Pennales","Pennales","Bacillariophyceae","HETEROKONTOPHYTA","AU",2,"diatom","","autotroph",FALSE,"provider_comment_mentions_colony","not_phaeocystis","peg_class_bacillariophyceae","authority_rule_assignment_not_yet_applied_to_biomass"
"PEG_BVOL2026_stage5_v1",,"Pennales","Pennales","Bacillariophyceae","HETEROKONTOPHYTA","AU",3,"diatom","","autotroph",FALSE,"provider_comment_mentions_colony","not_phaeocystis","peg_class_bacillariophyceae","authority_rule_assignment_not_yet_applied_to_biomass"
"PEG_BVOL2026_stage5_v1",,"Pennales","Pennales","Bacillariophyceae","HETEROKONTOPHYTA","AU",4,"diatom","","autotroph",FALSE,"provider_comment_mentions_colony","not_phaeocystis","peg_class_bacillariophyceae","authority_rule_assignment_not_yet_applied_to_biomass"
"PEG_BVOL2026_stage5_v1",,"Pennales","Pennales","Bacillariophyceae","HETEROKONTOPHYTA","AU",5,"diatom","","autotroph",FALSE,"provider_comment_mentions_colony","not_phaeocystis","peg_class_bacillariophyceae","authority_rule_assignment_not_yet_applied_to_biomass"
"PEG_BVOL2026_stage5_v1",,"Pennales","Pennales","Bacillariophyceae","HETEROKONTOPHYTA","AU",6,"diatom","","autotroph",FALSE,"provider_comment_mentions_colony","not_phaeocystis","peg_class_bacillariophyceae","authority_rule_assignment_not_yet_applied_to_biomass"
"PEG_BVOL2026_stage5_v1",,"Pennales","Pennales","Bacillariophyceae","HETEROKONTOPHYTA","AU",7,"diatom","","autotroph",FALSE,"provider_comment_mentions_colony","not_phaeocystis","peg_class_bacillariophyceae","authority_rule_assignment_not_yet_applied_to_biomass"
"PEG_BVOL2026_stage5_v1",,"Pennales","Pennales","Bacillariophyceae","HETEROKONTOPHYTA","AU",8,"diatom","","autotroph",FALSE,"provider_comment_mentions_colony","not_phaeocystis","peg_class_bacillariophyceae","authority_rule_assignment_not_yet_applied_to_biomass"
"PEG_BVOL2026_stage5_v1",,"Pennales","Pennales","Bacillariophyceae","HETEROKONTOPHYTA","AU",9,"diatom","","autotroph",FALSE,"provider_comment_mentions_colony","not_phaeocystis","peg_class_bacillariophyceae","authority_rule_assignment_not_yet_applied_to_biomass"
"PEG_BVOL2026_stage5_v1",,"Pennales","Pennales","Bacillariophyceae","HETEROKONTOPHYTA","AU",10,"diatom","","autotroph",FALSE,"provider_comment_mentions_colony","not_phaeocystis","peg_class_bacillariophyceae","authority_rule_assignment_not_yet_applied_to_biomass"
"PEG_BVOL2026_stage5_v1",,"Pennales","Pennales","Bacillariophyceae","HETEROKONTOPHYTA","AU",11,"diatom","","autotroph",FALSE,"provider_comment_mentions_colony","not_phaeocystis","peg_class_bacillariophyceae","authority_rule_assignment_not_yet_applied_to_biomass"
"PEG_BVOL2026_stage5_v1",,"Pennales","Pennales","Bacillariophyceae","HETEROKONTOPHYTA","AU",12,"diatom","","autotroph",FALSE,"provider_comment_mentions_colony","not_phaeocystis","peg_class_bacillariophyceae","authority_rule_assignment_not_yet_applied_to_biomass"
"PEG_BVOL2026_stage5_v1",,"Pennales","Pennales","Bacillariophyceae","HETEROKONTOPHYTA","AU",13,"diatom","","autotroph",FALSE,"provider_comment_mentions_colony","not_phaeocystis","peg_class_bacillariophyceae","authority_rule_assignment_not_yet_applied_to_biomass"
"PEG_BVOL2026_stage5_v1",,"Pennales","Pennales","Bacillariophyceae","HETEROKONTOPHYTA","AU",14,"diatom","","autotroph",FALSE,"provider_comment_mentions_colony","not_phaeocystis","peg_class_bacillariophyceae","authority_rule_assignment_not_yet_applied_to_biomass"
"PEG_BVOL2026_stage5_v1",,"Pennales","Pennales","Bacillariophyceae","HETEROKONTOPHYTA","AU",15,"diatom","","autotroph",FALSE,"provider_comment_mentions_colony","not_phaeocystis","peg_class_bacillariophyceae","authority_rule_assignment_not_yet_applied_to_biomass"
"PEG_BVOL2026_stage5_v1",,"Pennales","Pennales","Bacillariophyceae","HETEROKONTOPHYTA","AU",16,"diatom","","autotroph",FALSE,"provider_comment_mentions_colony","not_phaeocystis","peg_class_bacillariophyceae","authority_rule_assignment_not_yet_applied_to_biomass"
"PEG_BVOL2026_stage5_v1",,"Pennales","Pennales","Bacillariophyceae","HETEROKONTOPHYTA","AU",17,"diatom","","autotroph",FALSE,"provider_comment_mentions_colony","not_phaeocystis","peg_class_bacillariophyceae","authority_rule_assignment_not_yet_applied_to_biomass"
"PEG_BVOL2026_stage5_v1",,"Pennales","Pennales","Bacillariophyceae","HETEROKONTOPHYTA","AU",18,"diatom","","autotroph",FALSE,"provider_comment_mentions_colony","not_phaeocystis","peg_class_bacillariophyceae","authority_rule_assignment_not_yet_applied_to_biomass"
"PEG_BVOL2026_stage5_v1",,"Pennales","Pennales","Bacillariophyceae","HETEROKONTOPHYTA","AU",19,"diatom","","autotroph",FALSE,"provider_comment_mentions_colony","not_phaeocystis","peg_class_bacillariophyceae","authority_rule_assignment_not_yet_applied_to_biomass"
"PEG_BVOL2026_stage5_v1",,"Pennales","Pennales","Bacillariophyceae","HETEROKONTOPHYTA","AU",20,"diatom","","autotroph",FALSE,"provider_comment_mentions_colony","not_phaeocystis","peg_class_bacillariophyceae","authority_rule_assignment_not_yet_applied_to_biomass"
"PEG_BVOL2026_stage5_v1",,"Pennales","Pennales","Bacillariophyceae","HETEROKONTOPHYTA","AU",21,"diatom","","autotroph",FALSE,"provider_comment_mentions_colony","not_phaeocystis","peg_class_bacillariophyceae","authority_rule_assignment_not_yet_applied_to_biomass"
"PEG_BVOL2026_stage5_v1",,"Pennales","Pennales","Bacillariophyceae","HETEROKONTOPHYTA","AU",22,"diatom","","autotroph",FALSE,"provider_comment_mentions_colony","not_phaeocystis","peg_class_bacillariophyceae","authority_rule_assignment_not_yet_applied_to_biomass"
"PEG_BVOL2026_stage5_v1",,"Pennales","Pennales","Bacillariophyceae","HETEROKONTOPHYTA","AU",23,"diatom","","autotroph",FALSE,"provider_comment_mentions_colony","not_phaeocystis","peg_class_bacillariophyceae","authority_rule_assignment_not_yet_applied_to_biomass"
"PEG_BVOL2026_stage5_v1",,"Pennales","Pennales","Bacillariophyceae","HETEROKONTOPHYTA","AU",24,"diatom","","autotroph",FALSE,"provider_comment_mentions_colony","not_phaeocystis","peg_class_bacillariophyceae","authority_rule_assignment_not_yet_applied_to_biomass"
"PEG_BVOL2026_stage5_v1",,"Pennales","Pennales","Bacillariophyceae","HETEROKONTOPHYTA","AU",25,"diatom","","autotroph",FALSE,"provider_comment_mentions_colony","not_phaeocystis","peg_class_bacillariophyceae","authority_rule_assignment_not_yet_applied_to_biomass"
"PEG_BVOL2026_stage5_v1",,"Pennales","Pennales","Bacillariophyceae","HETEROKONTOPHYTA","AU",26,"diatom","","autotroph",FALSE,"provider_comment_mentions_colony","not_phaeocystis","peg_class_bacillariophyceae","authority_rule_assignment_not_yet_applied_to_biomass"
"PEG_BVOL2026_stage5_v1",,"Pennales","Pennales","Bacillariophyceae","HETEROKONTOPHYTA","AU",27,"diatom","","autotroph",FALSE,"provider_comment_mentions_colony","not_phaeocystis","peg_class_bacillariophyceae","authority_rule_assignment_not_yet_applied_to_biomass"
"PEG_BVOL2026_stage5_v1",,"Pennales","Pennales","Bacillariophyceae","HETEROKONTOPHYTA","AU",28,"diatom","","autotroph",FALSE,"provider_comment_mentions_colony","not_phaeocystis","peg_class_bacillariophyceae","authority_rule_assignment_not_yet_applied_to_biomass"
"PEG_BVOL2026_stage5_v1",,"Pennales","Pennales","Bacillariophyceae","HETEROKONTOPHYTA","AU",29,"diatom","","autotroph",FALSE,"provider_comment_mentions_colony","not_phaeocystis","peg_class_bacillariophyceae","authority_rule_assignment_not_yet_applied_to_biomass"
"PEG_BVOL2026_stage5_v1",,"Pennales","Pennales","Bacillariophyceae","HETEROKONTOPHYTA","AU",30,"diatom","","autotroph",FALSE,"provider_comment_mentions_colony","not_phaeocystis","peg_class_bacillariophyceae","authority_rule_assignment_not_yet_applied_to_biomass"
"PEG_BVOL2026_stage5_v1",,"Pennales","Pennales","Bacillariophyceae","HETEROKONTOPHYTA","AU",31,"diatom","","autotroph",FALSE,"provider_comment_mentions_colony","not_phaeocystis","peg_class_bacillariophyceae","authority_rule_assignment_not_yet_applied_to_biomass"
"PEG_BVOL2026_stage5_v1",149011,"Cymatosira","Cymatosira","Bacillariophyceae","HETEROKONTOPHYTA","AU",1,"diatom","","autotroph",FALSE,"not_resolved","not_phaeocystis","peg_class_bacillariophyceae","authority_rule_assignment_not_yet_applied_to_biomass"
"PEG_BVOL2026_stage5_v1",549205,"Lennoxia faveolata","Lennoxia","Bacillariophyceae","HETEROKONTOPHYTA","AU",3,"diatom","","autotroph",FALSE,"not_resolved","not_phaeocystis","peg_class_bacillariophyceae","authority_rule_assignment_not_yet_applied_to_biomass"
"PEG_BVOL2026_stage5_v1",549205,"Lennoxia faveolata","Lennoxia","Bacillariophyceae","HETEROKONTOPHYTA","AU",4,"diatom","","autotroph",FALSE,"not_resolved","not_phaeocystis","peg_class_bacillariophyceae","authority_rule_assignment_not_yet_applied_to_biomass"
"PEG_BVOL2026_stage5_v1",163765,"Brebissonia lanceolata","Brebissonia","Bacillariophyceae","HETEROKONTOPHYTA","AU",1,"diatom","","autotroph",FALSE,"not_resolved","not_phaeocystis","peg_class_bacillariophyceae","authority_rule_assignment_not_yet_applied_to_biomass"
"PEG_BVOL2026_stage5_v1",149549,"Cymbella cistula","Cymbella","Bacillariophyceae","HETEROKONTOPHYTA","AU",2,"diatom","","autotroph",FALSE,"not_resolved","not_phaeocystis","peg_class_bacillariophyceae","authority_rule_assignment_not_yet_applied_to_biomass"
"PEG_BVOL2026_stage5_v1",163982,"Cymbella obtusiuscula","Cymbella","Bacillariophyceae","HETEROKONTOPHYTA","AU",2,"diatom","","autotroph",FALSE,"not_resolved","not_phaeocystis","peg_class_bacillariophyceae","authority_rule_assignment_not_yet_applied_to_biomass"
"PEG_BVOL2026_stage5_v1",149538,"Cymbella","Cymbella","Bacillariophyceae","HETEROKONTOPHYTA","AU",5,"diatom","","autotroph",FALSE,"not_resolved","not_phaeocystis","peg_class_bacillariophyceae","authority_rule_assignment_not_yet_applied_to_biomass"
"PEG_BVOL2026_stage5_v1",149538,"Cymbella","Cymbella","Bacillariophyceae","HETEROKONTOPHYTA","AU",6,"diatom","","autotroph",FALSE,"not_resolved","not_phaeocystis","peg_class_bacillariophyceae","authority_rule_assignment_not_yet_applied_to_biomass"
"PEG_BVOL2026_stage5_v1",149538,"Cymbella","Cymbella","Bacillariophyceae","HETEROKONTOPHYTA","AU",7,"diatom","","autotroph",FALSE,"not_resolved","not_phaeocystis","peg_class_bacillariophyceae","authority_rule_assignment_not_yet_applied_to_biomass"
"PEG_BVOL2026_stage5_v1",149538,"Cymbella","Cymbella","Bacillariophyceae","HETEROKONTOPHYTA","AU",8,"diatom","","autotroph",FALSE,"not_resolved","not_phaeocystis","peg_class_bacillariophyceae","authority_rule_assignment_not_yet_applied_to_biomass"
"PEG_BVOL2026_stage5_v1",149562,"Gomphonema olivaceum","Gomphonema","Bacillariophyceae","HETEROKONTOPHYTA","AU",1,"diatom","","autotroph",FALSE,"not_resolved","not_phaeocystis","peg_class_bacillariophyceae","authority_rule_assignment_not_yet_applied_to_biomass"
"PEG_BVOL2026_stage5_v1",176158,"Gomphonema olivaceum var. olivaceum","Gomphonema","Bacillariophyceae","HETEROKONTOPHYTA","AU",1,"diatom","","autotroph",FALSE,"not_resolved","not_phaeocystis","peg_class_bacillariophyceae","authority_rule_assignment_not_yet_applied_to_biomass"
"PEG_BVOL2026_stage5_v1",175794,"Rhoicosphenia abbreviata","Rhoicosphenia","Bacillariophyceae","HETEROKONTOPHYTA","AU",1,"diatom","","autotroph",FALSE,"not_resolved","not_phaeocystis","peg_class_bacillariophyceae","authority_rule_assignment_not_yet_applied_to_biomass"
"PEG_BVOL2026_stage5_v1",175794,"Rhoicosphenia abbreviata","Rhoicosphenia","Bacillariophyceae","HETEROKONTOPHYTA","AU",2,"diatom","","autotroph",FALSE,"not_resolved","not_phaeocystis","peg_class_bacillariophyceae","authority_rule_assignment_not_yet_applied_to_biomass"
"PEG_BVOL2026_stage5_v1",175794,"Rhoicosphenia abbreviata","Rhoicosphenia","Bacillariophyceae","HETEROKONTOPHYTA","AU",3,"diatom","","autotroph",FALSE,"not_resolved","not_phaeocystis","peg_class_bacillariophyceae","authority_rule_assignment_not_yet_applied_to_biomass"
"PEG_BVOL2026_stage5_v1",172371,"Eunotia zasuminensis","Eunotia","Bacillariophyceae","HETEROKONTOPHYTA","AU",1,"diatom","","autotroph",FALSE,"not_resolved","not_phaeocystis","peg_class_bacillariophyceae","authority_rule_assignment_not_yet_applied_to_biomass"
"PEG_BVOL2026_stage5_v1",149402,"Eunotia","Eunotia","Bacillariophyceae","HETEROKONTOPHYTA","AU",1,"diatom","","autotroph",FALSE,"not_resolved","not_phaeocystis","peg_class_bacillariophyceae","authority_rule_assignment_not_yet_applied_to_biomass"
"PEG_BVOL2026_stage5_v1",251745,"Asteroplanus karianus","Asteroplanus","Bacillariophyceae","HETEROKONTOPHYTA","AU",10,"diatom","","autotroph",FALSE,"not_resolved","not_phaeocystis","peg_class_bacillariophyceae","authority_rule_assignment_not_yet_applied_to_biomass"
"PEG_BVOL2026_stage5_v1",251745,"Asteroplanus karianus","Asteroplanus","Bacillariophyceae","HETEROKONTOPHYTA","AU",11,"diatom","","autotroph",FALSE,"not_resolved","not_phaeocystis","peg_class_bacillariophyceae","authority_rule_assignment_not_yet_applied_to_biomass"
"PEG_BVOL2026_stage5_v1",251745,"Asteroplanus karianus","Asteroplanus","Bacillariophyceae","HETEROKONTOPHYTA","AU",12,"diatom","","autotroph",FALSE,"not_resolved","not_phaeocystis","peg_class_bacillariophyceae","authority_rule_assignment_not_yet_applied_to_biomass"
"PEG_BVOL2026_stage5_v1",149361,"Fragilaria capucina","Fragilaria","Bacillariophyceae","HETEROKONTOPHYTA","AU",1,"diatom","","autotroph",FALSE,"not_resolved","not_phaeocystis","peg_class_bacillariophyceae","authority_rule_assignment_not_yet_applied_to_biomass"
"PEG_BVOL2026_stage5_v1",149361,"Fragilaria capucina","Fragilaria","Bacillariophyceae","HETEROKONTOPHYTA","AU",2,"diatom","","autotroph",FALSE,"not_resolved","not_phaeocystis","peg_class_bacillariophyceae","authority_rule_assignment_not_yet_applied_to_biomass"
"PEG_BVOL2026_stage5_v1",149361,"Fragilaria capucina","Fragilaria","Bacillariophyceae","HETEROKONTOPHYTA","AU",3,"diatom","","autotroph",FALSE,"not_resolved","not_phaeocystis","peg_class_bacillariophyceae","authority_rule_assignment_not_yet_applied_to_biomass"
"PEG_BVOL2026_stage5_v1",172385,"Fragilaria capucina var. capucina","Fragilaria","Bacillariophyceae","HETEROKONTOPHYTA","AU",1,"diatom","","autotroph",FALSE,"not_resolved","not_phaeocystis","peg_class_bacillariophyceae","authority_rule_assignment_not_yet_applied_to_biomass"
"PEG_BVOL2026_stage5_v1",172385,"Fragilaria capucina var. capucina","Fragilaria","Bacillariophyceae","HETEROKONTOPHYTA","AU",2,"diatom","","autotroph",FALSE,"not_resolved","not_phaeocystis","peg_class_bacillariophyceae","authority_rule_assignment_not_yet_applied_to_biomass"
"PEG_BVOL2026_stage5_v1",172385,"Fragilaria capucina var. capucina","Fragilaria","Bacillariophyceae","HETEROKONTOPHYTA","AU",3,"diatom","","autotroph",FALSE,"not_resolved","not_phaeocystis","peg_class_bacillariophyceae","authority_rule_assignment_not_yet_applied_to_biomass"
"PEG_BVOL2026_stage5_v1",149360,"Fragilaria crotonensis","Fragilaria","Bacillariophyceae","HETEROKONTOPHYTA","AU",1,"diatom","","autotroph",FALSE,"not_resolved","not_phaeocystis","peg_class_bacillariophyceae","authority_rule_assignment_not_yet_applied_to_biomass"
"PEG_BVOL2026_stage5_v1",149360,"Fragilaria crotonensis","Fragilaria","Bacillariophyceae","HETEROKONTOPHYTA","AU",2,"diatom","","autotroph",FALSE,"not_resolved","not_phaeocystis","peg_class_bacillariophyceae","authority_rule_assignment_not_yet_applied_to_biomass"
"PEG_BVOL2026_stage5_v1",149360,"Fragilaria crotonensis","Fragilaria","Bacillariophyceae","HETEROKONTOPHYTA","AU",3,"diatom","","autotroph",FALSE,"not_resolved","not_phaeocystis","peg_class_bacillariophyceae","authority_rule_assignment_not_yet_applied_to_biomass"
"PEG_BVOL2026_stage5_v1",149360,"Fragilaria crotonensis","Fragilaria","Bacillariophyceae","HETEROKONTOPHYTA","AU",4,"diatom","","autotroph",FALSE,"not_resolved","not_phaeocystis","peg_class_bacillariophyceae","authority_rule_assignment_not_yet_applied_to_biomass"
"PEG_BVOL2026_stage5_v1",172402,"Fragilaria istvanffyi","Fragilaria","Bacillariophyceae","HETEROKONTOPHYTA","AU",1,"diatom","","autotroph",FALSE,"not_resolved","not_phaeocystis","peg_class_bacillariophyceae","authority_rule_assignment_not_yet_applied_to_biomass"
"PEG_BVOL2026_stage5_v1",149028,"Fragilaria","Fragilaria","Bacillariophyceae","HETEROKONTOPHYTA","AU",1,"diatom","","autotroph",FALSE,"not_resolved","not_phaeocystis","peg_class_bacillariophyceae","authority_rule_assignment_not_yet_applied_to_biomass"
"PEG_BVOL2026_stage5_v1",149028,"Fragilaria","Fragilaria","Bacillariophyceae","HETEROKONTOPHYTA","AU",2,"diatom","","autotroph",FALSE,"not_resolved","not_phaeocystis","peg_class_bacillariophyceae","authority_rule_assignment_not_yet_applied_to_biomass"
"PEG_BVOL2026_stage5_v1",149028,"Fragilaria","Fragilaria","Bacillariophyceae","HETEROKONTOPHYTA","AU",3,"diatom","","autotroph",FALSE,"not_resolved","not_phaeocystis","peg_class_bacillariophyceae","authority_rule_assignment_not_yet_applied_to_biomass"
"PEG_BVOL2026_stage5_v1",149028,"Fragilaria","Fragilaria","Bacillariophyceae","HETEROKONTOPHYTA","AU",4,"diatom","","autotroph",FALSE,"not_resolved","not_phaeocystis","peg_class_bacillariophyceae","authority_rule_assignment_not_yet_applied_to_biomass"
"PEG_BVOL2026_stage5_v1",149028,"Fragilaria","Fragilaria","Bacillariophyceae","HETEROKONTOPHYTA","AU",5,"diatom","","autotroph",FALSE,"not_resolved","not_phaeocystis","peg_class_bacillariophyceae","authority_rule_assignment_not_yet_applied_to_biomass"
"PEG_BVOL2026_stage5_v1",149028,"Fragilaria","Fragilaria","Bacillariophyceae","HETEROKONTOPHYTA","AU",6,"diatom","","autotroph",FALSE,"not_resolved","not_phaeocystis","peg_class_bacillariophyceae","authority_rule_assignment_not_yet_applied_to_biomass"
"PEG_BVOL2026_stage5_v1",149028,"Fragilaria","Fragilaria","Bacillariophyceae","HETEROKONTOPHYTA","AU",7,"diatom","","autotroph",FALSE,"not_resolved","not_phaeocystis","peg_class_bacillariophyceae","authority_rule_assignment_not_yet_applied_to_biomass"
"PEG_BVOL2026_stage5_v1",149028,"Fragilaria","Fragilaria","Bacillariophyceae","HETEROKONTOPHYTA","AU",8,"diatom","","autotroph",FALSE,"not_resolved","not_phaeocystis","peg_class_bacillariophyceae","authority_rule_assignment_not_yet_applied_to_biomass"
"PEG_BVOL2026_stage5_v1",172411,"Fragilariforma virescens","Fragilariforma","Bacillariophyceae","HETEROKONTOPHYTA","AU",1,"diatom","","autotroph",FALSE,"not_resolved","not_phaeocystis","peg_class_bacillariophyceae","authority_rule_assignment_not_yet_applied_to_biomass"
"PEG_BVOL2026_stage5_v1",172411,"Fragilariforma virescens","Fragilariforma","Bacillariophyceae","HETEROKONTOPHYTA","AU",2,"diatom","","autotroph",FALSE,"not_resolved","not_phaeocystis","peg_class_bacillariophyceae","authority_rule_assignment_not_yet_applied_to_biomass"
"PEG_BVOL2026_stage5_v1",172411,"Fragilariforma virescens","Fragilariforma","Bacillariophyceae","HETEROKONTOPHYTA","AU",3,"diatom","","autotroph",FALSE,"not_resolved","not_phaeocystis","peg_class_bacillariophyceae","authority_rule_assignment_not_yet_applied_to_biomass"
"PEG_BVOL2026_stage5_v1",622459,"Pseudostaurosira parasitica","Pseudostaurosira","Bacillariophyceae","HETEROKONTOPHYTA","AU",1,"diatom","","autotroph",FALSE,"not_resolved","not_phaeocystis","peg_class_bacillariophyceae","authority_rule_assignment_not_yet_applied_to_biomass"
"PEG_BVOL2026_stage5_v1",175932,"Staurosira construens var. binodis","Staurosira","Bacillariophyceae","HETEROKONTOPHYTA","AU",1,"diatom","","autotroph",FALSE,"not_resolved","not_phaeocystis","peg_class_bacillariophyceae","authority_rule_assignment_not_yet_applied_to_biomass"
"PEG_BVOL2026_stage5_v1",175930,"Staurosira construens var. construens","Staurosira","Bacillariophyceae","HETEROKONTOPHYTA","AU",1,"diatom","","autotroph",FALSE,"not_resolved","not_phaeocystis","peg_class_bacillariophyceae","authority_rule_assignment_not_yet_applied_to_biomass"
"PEG_BVOL2026_stage5_v1",1296717,"Staurosira inflata","Staurosira","Bacillariophyceae","HETEROKONTOPHYTA","AU",1,"diatom","","autotroph",FALSE,"not_resolved","not_phaeocystis","peg_class_bacillariophyceae","authority_rule_assignment_not_yet_applied_to_biomass"
"PEG_BVOL2026_stage5_v1",1296717,"Staurosira inflata","Staurosira","Bacillariophyceae","HETEROKONTOPHYTA","AU",2,"diatom","","autotroph",FALSE,"not_resolved","not_phaeocystis","peg_class_bacillariophyceae","authority_rule_assignment_not_yet_applied_to_biomass"
"PEG_BVOL2026_stage5_v1",1296717,"Staurosira inflata","Staurosira","Bacillariophyceae","HETEROKONTOPHYTA","AU",3,"diatom","","autotroph",FALSE,"not_resolved","not_phaeocystis","peg_class_bacillariophyceae","authority_rule_assignment_not_yet_applied_to_biomass"
"PEG_BVOL2026_stage5_v1",668408,"Staurosira venter","Staurosira","Bacillariophyceae","HETEROKONTOPHYTA","AU",1,"diatom","","autotroph",FALSE,"not_resolved","not_phaeocystis","peg_class_bacillariophyceae","authority_rule_assignment_not_yet_applied_to_biomass"
"PEG_BVOL2026_stage5_v1",176209,"Synedra acus var. acus","Synedra","Bacillariophyceae","HETEROKONTOPHYTA","AU",1,"diatom","","autotroph",FALSE,"not_resolved","not_phaeocystis","peg_class_bacillariophyceae","authority_rule_assignment_not_yet_applied_to_biomass"
"PEG_BVOL2026_stage5_v1",176209,"Synedra acus var. acus","Synedra","Bacillariophyceae","HETEROKONTOPHYTA","AU",2,"diatom","","autotroph",FALSE,"not_resolved","not_phaeocystis","peg_class_bacillariophyceae","authority_rule_assignment_not_yet_applied_to_biomass"
"PEG_BVOL2026_stage5_v1",176209,"Synedra acus var. acus","Synedra","Bacillariophyceae","HETEROKONTOPHYTA","AU",3,"diatom","","autotroph",FALSE,"not_resolved","not_phaeocystis","peg_class_bacillariophyceae","authority_rule_assignment_not_yet_applied_to_biomass"
"PEG_BVOL2026_stage5_v1",149187,"Synedra ulna","Synedra","Bacillariophyceae","HETEROKONTOPHYTA","AU",1,"diatom","","autotroph",FALSE,"not_resolved","not_phaeocystis","peg_class_bacillariophyceae","authority_rule_assignment_not_yet_applied_to_biomass"
"PEG_BVOL2026_stage5_v1",149187,"Synedra ulna","Synedra","Bacillariophyceae","HETEROKONTOPHYTA","AU",2,"diatom","","autotroph",FALSE,"not_resolved","not_phaeocystis","peg_class_bacillariophyceae","authority_rule_assignment_not_yet_applied_to_biomass"
"PEG_BVOL2026_stage5_v1",149187,"Synedra ulna","Synedra","Bacillariophyceae","HETEROKONTOPHYTA","AU",3,"diatom","","autotroph",FALSE,"not_resolved","not_phaeocystis","peg_class_bacillariophyceae","authority_rule_assignment_not_yet_applied_to_biomass"
"PEG_BVOL2026_stage5_v1",149187,"Synedra ulna","Synedra","Bacillariophyceae","HETEROKONTOPHYTA","AU",4,"diatom","","autotroph",FALSE,"not_resolved","not_phaeocystis","peg_class_bacillariophyceae","authority_rule_assignment_not_yet_applied_to_biomass"
"PEG_BVOL2026_stage5_v1",149186,"Synedra","Synedra","Bacillariophyceae","HETEROKONTOPHYTA","AU",1,"diatom","","autotroph",FALSE,"not_resolved","not_phaeocystis","peg_class_bacillariophyceae","authority_rule_assignment_not_yet_applied_to_biomass"
"PEG_BVOL2026_stage5_v1",149186,"Synedra","Synedra","Bacillariophyceae","HETEROKONTOPHYTA","AU",2,"diatom","","autotroph",FALSE,"not_resolved","not_phaeocystis","peg_class_bacillariophyceae","authority_rule_assignment_not_yet_applied_to_biomass"
"PEG_BVOL2026_stage5_v1",149186,"Synedra","Synedra","Bacillariophyceae","HETEROKONTOPHYTA","AU",3,"diatom","","autotroph",FALSE,"not_resolved","not_phaeocystis","peg_class_bacillariophyceae","authority_rule_assignment_not_yet_applied_to_biomass"
"PEG_BVOL2026_stage5_v1",157062,"Licmophora abbreviata","Licmophora","Bacillariophyceae","HETEROKONTOPHYTA","AU",3,"diatom","","autotroph",FALSE,"not_resolved","not_phaeocystis","peg_class_bacillariophyceae","authority_rule_assignment_not_yet_applied_to_biomass"
"PEG_BVOL2026_stage5_v1",149343,"Licmophora gracilis","Licmophora","Bacillariophyceae","HETEROKONTOPHYTA","AU",4,"diatom","","autotroph",FALSE,"not_resolved","not_phaeocystis","peg_class_bacillariophyceae","authority_rule_assignment_not_yet_applied_to_biomass"
"PEG_BVOL2026_stage5_v1",149343,"Licmophora gracilis","Licmophora","Bacillariophyceae","HETEROKONTOPHYTA","AU",5,"diatom","","autotroph",FALSE,"not_resolved","not_phaeocystis","peg_class_bacillariophyceae","authority_rule_assignment_not_yet_applied_to_biomass"
"PEG_BVOL2026_stage5_v1",149343,"Licmophora gracilis","Licmophora","Bacillariophyceae","HETEROKONTOPHYTA","AU",6,"diatom","","autotroph",FALSE,"not_resolved","not_phaeocystis","peg_class_bacillariophyceae","authority_rule_assignment_not_yet_applied_to_biomass"
"PEG_BVOL2026_stage5_v1",172614,"Licmophora gracilis var. gracilis","Licmophora","Bacillariophyceae","HETEROKONTOPHYTA","AU",4,"diatom","","autotroph",FALSE,"not_resolved","not_phaeocystis","peg_class_bacillariophyceae","authority_rule_assignment_not_yet_applied_to_biomass"
"PEG_BVOL2026_stage5_v1",172614,"Licmophora gracilis var. gracilis","Licmophora","Bacillariophyceae","HETEROKONTOPHYTA","AU",5,"diatom","","autotroph",FALSE,"not_resolved","not_phaeocystis","peg_class_bacillariophyceae","authority_rule_assignment_not_yet_applied_to_biomass"
"PEG_BVOL2026_stage5_v1",172614,"Licmophora gracilis var. gracilis","Licmophora","Bacillariophyceae","HETEROKONTOPHYTA","AU",6,"diatom","","autotroph",FALSE,"not_resolved","not_phaeocystis","peg_class_bacillariophyceae","authority_rule_assignment_not_yet_applied_to_biomass"
"PEG_BVOL2026_stage5_v1",149342,"Licmophora","Licmophora","Bacillariophyceae","HETEROKONTOPHYTA","AU",5,"diatom","","autotroph",FALSE,"not_resolved","not_phaeocystis","peg_class_bacillariophyceae","authority_rule_assignment_not_yet_applied_to_biomass"
"PEG_BVOL2026_stage5_v1",149342,"Licmophora","Licmophora","Bacillariophyceae","HETEROKONTOPHYTA","AU",6,"diatom","","autotroph",FALSE,"not_resolved","not_phaeocystis","peg_class_bacillariophyceae","authority_rule_assignment_not_yet_applied_to_biomass"
"PEG_BVOL2026_stage5_v1",149342,"Licmophora","Licmophora","Bacillariophyceae","HETEROKONTOPHYTA","AU",7,"diatom","","autotroph",FALSE,"not_resolved","not_phaeocystis","peg_class_bacillariophyceae","authority_rule_assignment_not_yet_applied_to_biomass"
"PEG_BVOL2026_stage5_v1",149342,"Licmophora","Licmophora","Bacillariophyceae","HETEROKONTOPHYTA","AU",8,"diatom","","autotroph",FALSE,"not_resolved","not_phaeocystis","peg_class_bacillariophyceae","authority_rule_assignment_not_yet_applied_to_biomass"
"PEG_BVOL2026_stage5_v1",175573,"Petroneis humerosa","Petroneis","Bacillariophyceae","HETEROKONTOPHYTA","AU",2,"diatom","","autotroph",FALSE,"not_resolved","not_phaeocystis","peg_class_bacillariophyceae","authority_rule_assignment_not_yet_applied_to_biomass"
"PEG_BVOL2026_stage5_v1",163682,"Aneumastus tusculus","Aneumastus","Bacillariophyceae","HETEROKONTOPHYTA","AU",2,"diatom","","autotroph",FALSE,"not_resolved","not_phaeocystis","peg_class_bacillariophyceae","authority_rule_assignment_not_yet_applied_to_biomass"
"PEG_BVOL2026_stage5_v1",157053,"Mastogloia smithii","Mastogloia","Bacillariophyceae","HETEROKONTOPHYTA","AU",1,"diatom","","autotroph",FALSE,"not_resolved","not_phaeocystis","peg_class_bacillariophyceae","authority_rule_assignment_not_yet_applied_to_biomass"
"PEG_BVOL2026_stage5_v1",180410,"Mastogloia smithii var. smithii","Mastogloia","Bacillariophyceae","HETEROKONTOPHYTA","AU",1,"diatom","","autotroph",FALSE,"not_resolved","not_phaeocystis","peg_class_bacillariophyceae","authority_rule_assignment_not_yet_applied_to_biomass"
"PEG_BVOL2026_stage5_v1",149489,"Caloneis amphisbaena","Caloneis","Bacillariophyceae","HETEROKONTOPHYTA","AU",1,"diatom","","autotroph",FALSE,"not_resolved","not_phaeocystis","peg_class_bacillariophyceae","authority_rule_assignment_not_yet_applied_to_biomass"
"PEG_BVOL2026_stage5_v1",149489,"Caloneis amphisbaena","Caloneis","Bacillariophyceae","HETEROKONTOPHYTA","AU",2,"diatom","","autotroph",FALSE,"not_resolved","not_phaeocystis","peg_class_bacillariophyceae","authority_rule_assignment_not_yet_applied_to_biomass"
"PEG_BVOL2026_stage5_v1",177949,"Caloneis amphisbaena var. subsalina","Caloneis","Bacillariophyceae","HETEROKONTOPHYTA","AU",1,"diatom","","autotroph",FALSE,"not_resolved","not_phaeocystis","peg_class_bacillariophyceae","authority_rule_assignment_not_yet_applied_to_biomass"
"PEG_BVOL2026_stage5_v1",177949,"Caloneis amphisbaena var. subsalina","Caloneis","Bacillariophyceae","HETEROKONTOPHYTA","AU",2,"diatom","","autotroph",FALSE,"not_resolved","not_phaeocystis","peg_class_bacillariophyceae","authority_rule_assignment_not_yet_applied_to_biomass"
"PEG_BVOL2026_stage5_v1",149492,"Caloneis silicula","Caloneis","Bacillariophyceae","HETEROKONTOPHYTA","AU",1,"diatom","","autotroph",FALSE,"not_resolved","not_phaeocystis","peg_class_bacillariophyceae","authority_rule_assignment_not_yet_applied_to_biomass"
"PEG_BVOL2026_stage5_v1",163850,"Cavinula lacustris","Cavinula","Bacillariophyceae","HETEROKONTOPHYTA","AU",2,"diatom","","autotroph",FALSE,"not_resolved","not_phaeocystis","peg_class_bacillariophyceae","authority_rule_assignment_not_yet_applied_to_biomass"
"PEG_BVOL2026_stage5_v1",149195,"Diploneis didymus","Diploneis","Bacillariophyceae","HETEROKONTOPHYTA","AU",2,"diatom","","autotroph",FALSE,"not_resolved","not_phaeocystis","peg_class_bacillariophyceae","authority_rule_assignment_not_yet_applied_to_biomass"
"PEG_BVOL2026_stage5_v1",156558,"Diploneis elliptica","Diploneis","Bacillariophyceae","HETEROKONTOPHYTA","AU",1,"diatom","","autotroph",FALSE,"not_resolved","not_phaeocystis","peg_class_bacillariophyceae","authority_rule_assignment_not_yet_applied_to_biomass"
"PEG_BVOL2026_stage5_v1",149019,"Diploneis interrupta","Diploneis","Bacillariophyceae","HETEROKONTOPHYTA","AU",1,"diatom","","autotroph",FALSE,"not_resolved","not_phaeocystis","peg_class_bacillariophyceae","authority_rule_assignment_not_yet_applied_to_biomass"
"PEG_BVOL2026_stage5_v1",149018,"Diploneis","Diploneis","Bacillariophyceae","HETEROKONTOPHYTA","AU",2,"diatom","","autotroph",FALSE,"not_resolved","not_phaeocystis","peg_class_bacillariophyceae","authority_rule_assignment_not_yet_applied_to_biomass"
"PEG_BVOL2026_stage5_v1",149338,"Grammatophora marina","Grammatophora","Bacillariophyceae","HETEROKONTOPHYTA","AU",1,"diatom","","autotroph",FALSE,"not_resolved","not_phaeocystis","peg_class_bacillariophyceae","authority_rule_assignment_not_yet_applied_to_biomass"
"PEG_BVOL2026_stage5_v1",149338,"Grammatophora marina","Grammatophora","Bacillariophyceae","HETEROKONTOPHYTA","AU",2,"diatom","","autotroph",FALSE,"not_resolved","not_phaeocystis","peg_class_bacillariophyceae","authority_rule_assignment_not_yet_applied_to_biomass"
"PEG_BVOL2026_stage5_v1",149035,"Gyrosigma acuminatum","Gyrosigma","Bacillariophyceae","HETEROKONTOPHYTA","AU",1,"diatom","","autotroph",FALSE,"not_resolved","not_phaeocystis","peg_class_bacillariophyceae","authority_rule_assignment_not_yet_applied_to_biomass"
"PEG_BVOL2026_stage5_v1",149035,"Gyrosigma acuminatum","Gyrosigma","Bacillariophyceae","HETEROKONTOPHYTA","AU",2,"diatom","","autotroph",FALSE,"not_resolved","not_phaeocystis","peg_class_bacillariophyceae","authority_rule_assignment_not_yet_applied_to_biomass"
"PEG_BVOL2026_stage5_v1",149035,"Gyrosigma acuminatum","Gyrosigma","Bacillariophyceae","HETEROKONTOPHYTA","AU",3,"diatom","","autotroph",FALSE,"not_resolved","not_phaeocystis","peg_class_bacillariophyceae","authority_rule_assignment_not_yet_applied_to_biomass"
"PEG_BVOL2026_stage5_v1",149035,"Gyrosigma acuminatum","Gyrosigma","Bacillariophyceae","HETEROKONTOPHYTA","AU",4,"diatom","","autotroph",FALSE,"not_resolved","not_phaeocystis","peg_class_bacillariophyceae","authority_rule_assignment_not_yet_applied_to_biomass"
"PEG_BVOL2026_stage5_v1",661267,"Gyrosigma attenuatum","Gyrosigma","Bacillariophyceae","HETEROKONTOPHYTA","AU",1,"diatom","","autotroph",FALSE,"not_resolved","not_phaeocystis","peg_class_bacillariophyceae","authority_rule_assignment_not_yet_applied_to_biomass"
"PEG_BVOL2026_stage5_v1",661267,"Gyrosigma attenuatum","Gyrosigma","Bacillariophyceae","HETEROKONTOPHYTA","AU",2,"diatom","","autotroph",FALSE,"not_resolved","not_phaeocystis","peg_class_bacillariophyceae","authority_rule_assignment_not_yet_applied_to_biomass"
"PEG_BVOL2026_stage5_v1",661267,"Gyrosigma attenuatum","Gyrosigma","Bacillariophyceae","HETEROKONTOPHYTA","AU",3,"diatom","","autotroph",FALSE,"not_resolved","not_phaeocystis","peg_class_bacillariophyceae","authority_rule_assignment_not_yet_applied_to_biomass"
"PEG_BVOL2026_stage5_v1",661267,"Gyrosigma attenuatum","Gyrosigma","Bacillariophyceae","HETEROKONTOPHYTA","AU",4,"diatom","","autotroph",FALSE,"not_resolved","not_phaeocystis","peg_class_bacillariophyceae","authority_rule_assignment_not_yet_applied_to_biomass"
"PEG_BVOL2026_stage5_v1",661267,"Gyrosigma attenuatum","Gyrosigma","Bacillariophyceae","HETEROKONTOPHYTA","AU",5,"diatom","","autotroph",FALSE,"not_resolved","not_phaeocystis","peg_class_bacillariophyceae","authority_rule_assignment_not_yet_applied_to_biomass"
"PEG_BVOL2026_stage5_v1",661267,"Gyrosigma attenuatum","Gyrosigma","Bacillariophyceae","HETEROKONTOPHYTA","AU",6,"diatom","","autotroph",FALSE,"not_resolved","not_phaeocystis","peg_class_bacillariophyceae","authority_rule_assignment_not_yet_applied_to_biomass"
"PEG_BVOL2026_stage5_v1",149493,"Gyrosigma balticum","Gyrosigma","Bacillariophyceae","HETEROKONTOPHYTA","AU",1,"diatom","","autotroph",FALSE,"not_resolved","not_phaeocystis","peg_class_bacillariophyceae","authority_rule_assignment_not_yet_applied_to_biomass"
"PEG_BVOL2026_stage5_v1",172522,"Gyrosigma eximium","Gyrosigma","Bacillariophyceae","HETEROKONTOPHYTA","AU",1,"diatom","","autotroph",FALSE,"not_resolved","not_phaeocystis","peg_class_bacillariophyceae","authority_rule_assignment_not_yet_applied_to_biomass"
"PEG_BVOL2026_stage5_v1",149494,"Gyrosigma fasciola","Gyrosigma","Bacillariophyceae","HETEROKONTOPHYTA","AU",2,"diatom","","autotroph",FALSE,"not_resolved","not_phaeocystis","peg_class_bacillariophyceae","authority_rule_assignment_not_yet_applied_to_biomass"
"PEG_BVOL2026_stage5_v1",180325,"Gyrosigma macrum","Gyrosigma","Bacillariophyceae","HETEROKONTOPHYTA","AU",1,"diatom","","autotroph",FALSE,"not_resolved","not_phaeocystis","peg_class_bacillariophyceae","authority_rule_assignment_not_yet_applied_to_biomass"
"PEG_BVOL2026_stage5_v1",180325,"Gyrosigma macrum","Gyrosigma","Bacillariophyceae","HETEROKONTOPHYTA","AU",2,"diatom","","autotroph",FALSE,"not_resolved","not_phaeocystis","peg_class_bacillariophyceae","authority_rule_assignment_not_yet_applied_to_biomass"
"PEG_BVOL2026_stage5_v1",180338,"Gyrosigma strigilis","Gyrosigma","Bacillariophyceae","HETEROKONTOPHYTA","AU",1,"diatom","","autotroph",FALSE,"not_resolved","not_phaeocystis","peg_class_bacillariophyceae","authority_rule_assignment_not_yet_applied_to_biomass"
"PEG_BVOL2026_stage5_v1",149033,"Gyrosigma","Gyrosigma","Bacillariophyceae","HETEROKONTOPHYTA","AU",1,"diatom","","autotroph",FALSE,"not_resolved","not_phaeocystis","peg_class_bacillariophyceae","authority_rule_assignment_not_yet_applied_to_biomass"
"PEG_BVOL2026_stage5_v1",624065,"Halamphora coffeaeformis","Halamphora","Bacillariophyceae","HETEROKONTOPHYTA","AU",1,"diatom","","autotroph",FALSE,"not_resolved","not_phaeocystis","peg_class_bacillariophyceae","authority_rule_assignment_not_yet_applied_to_biomass"
"PEG_BVOL2026_stage5_v1",447739,"Hippodonta capitata","Hippodonta","Bacillariophyceae","HETEROKONTOPHYTA","AU",5,"diatom","","autotroph",FALSE,"not_resolved","not_phaeocystis","peg_class_bacillariophyceae","authority_rule_assignment_not_yet_applied_to_biomass"
"PEG_BVOL2026_stage5_v1",447739,"Hippodonta capitata","Hippodonta","Bacillariophyceae","HETEROKONTOPHYTA","AU",6,"diatom","","autotroph",FALSE,"not_resolved","not_phaeocystis","peg_class_bacillariophyceae","authority_rule_assignment_not_yet_applied_to_biomass"
"PEG_BVOL2026_stage5_v1",447739,"Hippodonta capitata","Hippodonta","Bacillariophyceae","HETEROKONTOPHYTA","AU",7,"diatom","","autotroph",FALSE,"not_resolved","not_phaeocystis","peg_class_bacillariophyceae","authority_rule_assignment_not_yet_applied_to_biomass"
"PEG_BVOL2026_stage5_v1",447739,"Hippodonta capitata","Hippodonta","Bacillariophyceae","HETEROKONTOPHYTA","AU",8,"diatom","","autotroph",FALSE,"not_resolved","not_phaeocystis","peg_class_bacillariophyceae","authority_rule_assignment_not_yet_applied_to_biomass"
"PEG_BVOL2026_stage5_v1",447740,"Hippodonta hungarica","Hippodonta","Bacillariophyceae","HETEROKONTOPHYTA","AU",1,"diatom","","autotroph",FALSE,"not_resolved","not_phaeocystis","peg_class_bacillariophyceae","authority_rule_assignment_not_yet_applied_to_biomass"
"PEG_BVOL2026_stage5_v1",495357,"Hippodonta lesmonensis","Hippodonta","Bacillariophyceae","HETEROKONTOPHYTA","AU",1,"diatom","","autotroph",FALSE,"not_resolved","not_phaeocystis","peg_class_bacillariophyceae","authority_rule_assignment_not_yet_applied_to_biomass"
"PEG_BVOL2026_stage5_v1",149145,"Meuniera membranacea","Meuniera","Bacillariophyceae","HETEROKONTOPHYTA","AU",1,"diatom","","autotroph",FALSE,"not_resolved","not_phaeocystis","peg_class_bacillariophyceae","authority_rule_assignment_not_yet_applied_to_biomass"
"PEG_BVOL2026_stage5_v1",149145,"Meuniera membranacea","Meuniera","Bacillariophyceae","HETEROKONTOPHYTA","AU",2,"diatom","","autotroph",FALSE,"not_resolved","not_phaeocystis","peg_class_bacillariophyceae","authority_rule_assignment_not_yet_applied_to_biomass"
"PEG_BVOL2026_stage5_v1",149145,"Meuniera membranacea","Meuniera","Bacillariophyceae","HETEROKONTOPHYTA","AU",3,"diatom","","autotroph",FALSE,"not_resolved","not_phaeocystis","peg_class_bacillariophyceae","authority_rule_assignment_not_yet_applied_to_biomass"
"PEG_BVOL2026_stage5_v1",149452,"Navicula cari","Navicula","Bacillariophyceae","HETEROKONTOPHYTA","AU",1,"diatom","","autotroph",FALSE,"not_resolved","not_phaeocystis","peg_class_bacillariophyceae","authority_rule_assignment_not_yet_applied_to_biomass"
"PEG_BVOL2026_stage5_v1",149203,"Navicula cryptocephala","Navicula","Bacillariophyceae","HETEROKONTOPHYTA","AU",1,"diatom","","autotroph",FALSE,"not_resolved","not_phaeocystis","peg_class_bacillariophyceae","authority_rule_assignment_not_yet_applied_to_biomass"
"PEG_BVOL2026_stage5_v1",149459,"Navicula digitoradiata","Navicula","Bacillariophyceae","HETEROKONTOPHYTA","AU",1,"diatom","","autotroph",FALSE,"not_resolved","not_phaeocystis","peg_class_bacillariophyceae","authority_rule_assignment_not_yet_applied_to_biomass"
"PEG_BVOL2026_stage5_v1",172799,"Navicula gregaria","Navicula","Bacillariophyceae","HETEROKONTOPHYTA","AU",1,"diatom","","autotroph",FALSE,"not_resolved","not_phaeocystis","peg_class_bacillariophyceae","authority_rule_assignment_not_yet_applied_to_biomass"
"PEG_BVOL2026_stage5_v1",149472,"Navicula palpebralis","Navicula","Bacillariophyceae","HETEROKONTOPHYTA","AU",1,"diatom","","autotroph",FALSE,"not_resolved","not_phaeocystis","peg_class_bacillariophyceae","authority_rule_assignment_not_yet_applied_to_biomass"
"PEG_BVOL2026_stage5_v1",149456,"Navicula peregrina","Navicula","Bacillariophyceae","HETEROKONTOPHYTA","AU",1,"diatom","","autotroph",FALSE,"not_resolved","not_phaeocystis","peg_class_bacillariophyceae","authority_rule_assignment_not_yet_applied_to_biomass"
"PEG_BVOL2026_stage5_v1",149456,"Navicula peregrina","Navicula","Bacillariophyceae","HETEROKONTOPHYTA","AU",2,"diatom","","autotroph",FALSE,"not_resolved","not_phaeocystis","peg_class_bacillariophyceae","authority_rule_assignment_not_yet_applied_to_biomass"
"PEG_BVOL2026_stage5_v1",149456,"Navicula peregrina","Navicula","Bacillariophyceae","HETEROKONTOPHYTA","AU",3,"diatom","","autotroph",FALSE,"not_resolved","not_phaeocystis","peg_class_bacillariophyceae","authority_rule_assignment_not_yet_applied_to_biomass"
"PEG_BVOL2026_stage5_v1",149456,"Navicula peregrina","Navicula","Bacillariophyceae","HETEROKONTOPHYTA","AU",5,"diatom","","autotroph",FALSE,"not_resolved","not_phaeocystis","peg_class_bacillariophyceae","authority_rule_assignment_not_yet_applied_to_biomass"
"PEG_BVOL2026_stage5_v1",172725,"Navicula peregrina var. peregrina","Navicula","Bacillariophyceae","HETEROKONTOPHYTA","AU",1,"diatom","","autotroph",FALSE,"not_resolved","not_phaeocystis","peg_class_bacillariophyceae","authority_rule_assignment_not_yet_applied_to_biomass"
"PEG_BVOL2026_stage5_v1",172725,"Navicula peregrina var. peregrina","Navicula","Bacillariophyceae","HETEROKONTOPHYTA","AU",2,"diatom","","autotroph",FALSE,"not_resolved","not_phaeocystis","peg_class_bacillariophyceae","authority_rule_assignment_not_yet_applied_to_biomass"
"PEG_BVOL2026_stage5_v1",172725,"Navicula peregrina var. peregrina","Navicula","Bacillariophyceae","HETEROKONTOPHYTA","AU",3,"diatom","","autotroph",FALSE,"not_resolved","not_phaeocystis","peg_class_bacillariophyceae","authority_rule_assignment_not_yet_applied_to_biomass"
"PEG_BVOL2026_stage5_v1",180665,"Navicula peregrina var. meniscus","Navicula","Bacillariophyceae","HETEROKONTOPHYTA","AU",1,"diatom","","autotroph",FALSE,"not_resolved","not_phaeocystis","peg_class_bacillariophyceae","authority_rule_assignment_not_yet_applied_to_biomass"
"PEG_BVOL2026_stage5_v1",172848,"Navicula platystoma","Navicula","Bacillariophyceae","HETEROKONTOPHYTA","AU",1,"diatom","","autotroph",FALSE,"not_resolved","not_phaeocystis","peg_class_bacillariophyceae","authority_rule_assignment_not_yet_applied_to_biomass"
"PEG_BVOL2026_stage5_v1",609902,"Navicula reinhardtii","Navicula","Bacillariophyceae","HETEROKONTOPHYTA","AU",1,"diatom","","autotroph",FALSE,"not_resolved","not_phaeocystis","peg_class_bacillariophyceae","authority_rule_assignment_not_yet_applied_to_biomass"
"PEG_BVOL2026_stage5_v1",149444,"Navicula rhynchocephala","Navicula","Bacillariophyceae","HETEROKONTOPHYTA","AU",1,"diatom","","autotroph",FALSE,"not_resolved","not_phaeocystis","peg_class_bacillariophyceae","authority_rule_assignment_not_yet_applied_to_biomass"
"PEG_BVOL2026_stage5_v1",149320,"Navicula transitans","Navicula","Bacillariophyceae","HETEROKONTOPHYTA","AU",1,"diatom","","autotroph",FALSE,"not_resolved","not_phaeocystis","peg_class_bacillariophyceae","authority_rule_assignment_not_yet_applied_to_biomass"
"PEG_BVOL2026_stage5_v1",149320,"Navicula transitans","Navicula","Bacillariophyceae","HETEROKONTOPHYTA","AU",2,"diatom","","autotroph",FALSE,"not_resolved","not_phaeocystis","peg_class_bacillariophyceae","authority_rule_assignment_not_yet_applied_to_biomass"
"PEG_BVOL2026_stage5_v1",149320,"Navicula transitans","Navicula","Bacillariophyceae","HETEROKONTOPHYTA","AU",3,"diatom","","autotroph",FALSE,"not_resolved","not_phaeocystis","peg_class_bacillariophyceae","authority_rule_assignment_not_yet_applied_to_biomass"
"PEG_BVOL2026_stage5_v1",175319,"Navicula transitans var. transitans","Navicula","Bacillariophyceae","HETEROKONTOPHYTA","AU",1,"diatom","","autotroph",FALSE,"not_resolved","not_phaeocystis","peg_class_bacillariophyceae","authority_rule_assignment_not_yet_applied_to_biomass"
"PEG_BVOL2026_stage5_v1",175319,"Navicula transitans var. transitans","Navicula","Bacillariophyceae","HETEROKONTOPHYTA","AU",2,"diatom","","autotroph",FALSE,"not_resolved","not_phaeocystis","peg_class_bacillariophyceae","authority_rule_assignment_not_yet_applied_to_biomass"
"PEG_BVOL2026_stage5_v1",175319,"Navicula transitans var. transitans","Navicula","Bacillariophyceae","HETEROKONTOPHYTA","AU",3,"diatom","","autotroph",FALSE,"not_resolved","not_phaeocystis","peg_class_bacillariophyceae","authority_rule_assignment_not_yet_applied_to_biomass"
"PEG_BVOL2026_stage5_v1",175320,"Navicula transitans var. derasa","Navicula","Bacillariophyceae","HETEROKONTOPHYTA","AU",1,"diatom","","autotroph",FALSE,"not_resolved","not_phaeocystis","peg_class_bacillariophyceae","authority_rule_assignment_not_yet_applied_to_biomass"
"PEG_BVOL2026_stage5_v1",175320,"Navicula transitans var. derasa","Navicula","Bacillariophyceae","HETEROKONTOPHYTA","AU",2,"diatom","","autotroph",FALSE,"not_resolved","not_phaeocystis","peg_class_bacillariophyceae","authority_rule_assignment_not_yet_applied_to_biomass"
"PEG_BVOL2026_stage5_v1",175321,"Navicula transitans var. derasa f. delicatula","Navicula","Bacillariophyceae","HETEROKONTOPHYTA","AU",1,"diatom","","autotroph",FALSE,"not_resolved","not_phaeocystis","peg_class_bacillariophyceae","authority_rule_assignment_not_yet_applied_to_biomass"
"PEG_BVOL2026_stage5_v1",149204,"Navicula tripunctata","Navicula","Bacillariophyceae","HETEROKONTOPHYTA","AU",1,"diatom","","autotroph",FALSE,"not_resolved","not_phaeocystis","peg_class_bacillariophyceae","authority_rule_assignment_not_yet_applied_to_biomass"
"PEG_BVOL2026_stage5_v1",175326,"Navicula vanhoeffenii","Navicula","Bacillariophyceae","HETEROKONTOPHYTA","AU",1,"diatom","","autotroph",FALSE,"not_resolved","not_phaeocystis","peg_class_bacillariophyceae","authority_rule_assignment_not_yet_applied_to_biomass"
"PEG_BVOL2026_stage5_v1",661256,"Navicula viridula","Navicula","Bacillariophyceae","HETEROKONTOPHYTA","AU",1,"diatom","","autotroph",FALSE,"not_resolved","not_phaeocystis","peg_class_bacillariophyceae","authority_rule_assignment_not_yet_applied_to_biomass"
"PEG_BVOL2026_stage5_v1",175334,"Navicula viridula var. viridula","Navicula","Bacillariophyceae","HETEROKONTOPHYTA","AU",1,"diatom","","autotroph",FALSE,"not_resolved","not_phaeocystis","peg_class_bacillariophyceae","authority_rule_assignment_not_yet_applied_to_biomass"
"PEG_BVOL2026_stage5_v1",149142,"Navicula","Navicula","Bacillariophyceae","HETEROKONTOPHYTA","AU",1,"diatom","","autotroph",FALSE,"not_resolved","not_phaeocystis","peg_class_bacillariophyceae","authority_rule_assignment_not_yet_applied_to_biomass"
"PEG_BVOL2026_stage5_v1",149142,"Navicula","Navicula","Bacillariophyceae","HETEROKONTOPHYTA","AU",2,"diatom","","autotroph",FALSE,"not_resolved","not_phaeocystis","peg_class_bacillariophyceae","authority_rule_assignment_not_yet_applied_to_biomass"
"PEG_BVOL2026_stage5_v1",149142,"Navicula","Navicula","Bacillariophyceae","HETEROKONTOPHYTA","AU",3,"diatom","","autotroph",FALSE,"not_resolved","not_phaeocystis","peg_class_bacillariophyceae","authority_rule_assignment_not_yet_applied_to_biomass"
"PEG_BVOL2026_stage5_v1",149142,"Navicula","Navicula","Bacillariophyceae","HETEROKONTOPHYTA","AU",4,"diatom","","autotroph",FALSE,"not_resolved","not_phaeocystis","peg_class_bacillariophyceae","authority_rule_assignment_not_yet_applied_to_biomass"
"PEG_BVOL2026_stage5_v1",149142,"Navicula","Navicula","Bacillariophyceae","HETEROKONTOPHYTA","AU",5,"diatom","","autotroph",FALSE,"not_resolved","not_phaeocystis","peg_class_bacillariophyceae","authority_rule_assignment_not_yet_applied_to_biomass"
"PEG_BVOL2026_stage5_v1",149142,"Navicula","Navicula","Bacillariophyceae","HETEROKONTOPHYTA","AU",6,"diatom","","autotroph",FALSE,"not_resolved","not_phaeocystis","peg_class_bacillariophyceae","authority_rule_assignment_not_yet_applied_to_biomass"
"PEG_BVOL2026_stage5_v1",149142,"Navicula","Navicula","Bacillariophyceae","HETEROKONTOPHYTA","AU",7,"diatom","","autotroph",FALSE,"not_resolved","not_phaeocystis","peg_class_bacillariophyceae","authority_rule_assignment_not_yet_applied_to_biomass"
"PEG_BVOL2026_stage5_v1",175584,"Phaeodactylum tricornutum","Phaeodactylum","Bacillariophyceae","HETEROKONTOPHYTA","AU",1,"diatom","","autotroph",FALSE,"not_resolved","not_phaeocystis","peg_class_bacillariophyceae","authority_rule_assignment_not_yet_applied_to_biomass"
"PEG_BVOL2026_stage5_v1",175584,"Phaeodactylum tricornutum","Phaeodactylum","Bacillariophyceae","HETEROKONTOPHYTA","AU",2,"diatom","","autotroph",FALSE,"not_resolved","not_phaeocystis","peg_class_bacillariophyceae","authority_rule_assignment_not_yet_applied_to_biomass"
"PEG_BVOL2026_stage5_v1",609939,"Pinnularia nobilis","Pinnularia","Bacillariophyceae","HETEROKONTOPHYTA","AU",1,"diatom","","autotroph",FALSE,"not_resolved","not_phaeocystis","peg_class_bacillariophyceae","authority_rule_assignment_not_yet_applied_to_biomass"
"PEG_BVOL2026_stage5_v1",149208,"Pinnularia","Pinnularia","Bacillariophyceae","HETEROKONTOPHYTA","AU",1,"diatom","","autotroph",FALSE,"not_resolved","not_phaeocystis","peg_class_bacillariophyceae","authority_rule_assignment_not_yet_applied_to_biomass"
"PEG_BVOL2026_stage5_v1",149509,"Pleurosigma salinarum","Pleurosigma","Bacillariophyceae","HETEROKONTOPHYTA","AU",1,"diatom","","autotroph",FALSE,"not_resolved","not_phaeocystis","peg_class_bacillariophyceae","authority_rule_assignment_not_yet_applied_to_biomass"
"PEG_BVOL2026_stage5_v1",149181,"Pleurosigma","Pleurosigma","Bacillariophyceae","HETEROKONTOPHYTA","AU",1,"diatom","","autotroph",FALSE,"not_resolved","not_phaeocystis","peg_class_bacillariophyceae","authority_rule_assignment_not_yet_applied_to_biomass"
"PEG_BVOL2026_stage5_v1",149181,"Pleurosigma","Pleurosigma","Bacillariophyceae","HETEROKONTOPHYTA","AU",2,"diatom","","autotroph",FALSE,"not_resolved","not_phaeocystis","peg_class_bacillariophyceae","authority_rule_assignment_not_yet_applied_to_biomass"
"PEG_BVOL2026_stage5_v1",149181,"Pleurosigma","Pleurosigma","Bacillariophyceae","HETEROKONTOPHYTA","AU",3,"diatom","","autotroph",FALSE,"not_resolved","not_phaeocystis","peg_class_bacillariophyceae","authority_rule_assignment_not_yet_applied_to_biomass"
"PEG_BVOL2026_stage5_v1",149181,"Pleurosigma","Pleurosigma","Bacillariophyceae","HETEROKONTOPHYTA","AU",4,"diatom","","autotroph",FALSE,"not_resolved","not_phaeocystis","peg_class_bacillariophyceae","authority_rule_assignment_not_yet_applied_to_biomass"
"PEG_BVOL2026_stage5_v1",149181,"Pleurosigma","Pleurosigma","Bacillariophyceae","HETEROKONTOPHYTA","AU",5,"diatom","","autotroph",FALSE,"not_resolved","not_phaeocystis","peg_class_bacillariophyceae","authority_rule_assignment_not_yet_applied_to_biomass"
"PEG_BVOL2026_stage5_v1",149177,"Striatella unipunctata","Striatella","Bacillariophyceae","HETEROKONTOPHYTA","AU",1,"diatom","","autotroph",FALSE,"not_resolved","not_phaeocystis","peg_class_bacillariophyceae","authority_rule_assignment_not_yet_applied_to_biomass"
"PEG_BVOL2026_stage5_v1",163816,"Campylodiscus clypeus","Campylodiscus","Bacillariophyceae","HETEROKONTOPHYTA","AU",1,"diatom","","autotroph",FALSE,"not_resolved","not_phaeocystis","peg_class_bacillariophyceae","authority_rule_assignment_not_yet_applied_to_biomass"
"PEG_BVOL2026_stage5_v1",163940,"Cymatopleura elliptica","Cymatopleura","Bacillariophyceae","HETEROKONTOPHYTA","AU",1,"diatom","","autotroph",FALSE,"not_resolved","not_phaeocystis","peg_class_bacillariophyceae","authority_rule_assignment_not_yet_applied_to_biomass"
"PEG_BVOL2026_stage5_v1",163940,"Cymatopleura elliptica","Cymatopleura","Bacillariophyceae","HETEROKONTOPHYTA","AU",2,"diatom","","autotroph",FALSE,"not_resolved","not_phaeocystis","peg_class_bacillariophyceae","authority_rule_assignment_not_yet_applied_to_biomass"
"PEG_BVOL2026_stage5_v1",163940,"Cymatopleura elliptica","Cymatopleura","Bacillariophyceae","HETEROKONTOPHYTA","AU",3,"diatom","","autotroph",FALSE,"not_resolved","not_phaeocystis","peg_class_bacillariophyceae","authority_rule_assignment_not_yet_applied_to_biomass"
"PEG_BVOL2026_stage5_v1",149008,"Cymatopleura solea","Cymatopleura","Bacillariophyceae","HETEROKONTOPHYTA","AU",1,"diatom","","autotroph",FALSE,"not_resolved","not_phaeocystis","peg_class_bacillariophyceae","authority_rule_assignment_not_yet_applied_to_biomass"
"PEG_BVOL2026_stage5_v1",149008,"Cymatopleura solea","Cymatopleura","Bacillariophyceae","HETEROKONTOPHYTA","AU",2,"diatom","","autotroph",FALSE,"not_resolved","not_phaeocystis","peg_class_bacillariophyceae","authority_rule_assignment_not_yet_applied_to_biomass"
"PEG_BVOL2026_stage5_v1",163646,"Entomoneis paludosa","Entomoneis","Bacillariophyceae","HETEROKONTOPHYTA","AU",1,"diatom","","autotroph",FALSE,"not_resolved","not_phaeocystis","peg_class_bacillariophyceae","authority_rule_assignment_not_yet_applied_to_biomass"
"PEG_BVOL2026_stage5_v1",163646,"Entomoneis paludosa","Entomoneis","Bacillariophyceae","HETEROKONTOPHYTA","AU",2,"diatom","","autotroph",FALSE,"not_resolved","not_phaeocystis","peg_class_bacillariophyceae","authority_rule_assignment_not_yet_applied_to_biomass"
"PEG_BVOL2026_stage5_v1",149611,"Surirella biseriata","Surirella","Bacillariophyceae","HETEROKONTOPHYTA","AU",1,"diatom","","autotroph",FALSE,"not_resolved","not_phaeocystis","peg_class_bacillariophyceae","authority_rule_assignment_not_yet_applied_to_biomass"
"PEG_BVOL2026_stage5_v1",149611,"Surirella biseriata","Surirella","Bacillariophyceae","HETEROKONTOPHYTA","AU",2,"diatom","","autotroph",FALSE,"not_resolved","not_phaeocystis","peg_class_bacillariophyceae","authority_rule_assignment_not_yet_applied_to_biomass"
"PEG_BVOL2026_stage5_v1",176063,"Surirella capronii","Surirella","Bacillariophyceae","HETEROKONTOPHYTA","AU",1,"diatom","","autotroph",FALSE,"not_resolved","not_phaeocystis","peg_class_bacillariophyceae","authority_rule_assignment_not_yet_applied_to_biomass"
"PEG_BVOL2026_stage5_v1",176063,"Surirella capronii","Surirella","Bacillariophyceae","HETEROKONTOPHYTA","AU",2,"diatom","","autotroph",FALSE,"not_resolved","not_phaeocystis","peg_class_bacillariophyceae","authority_rule_assignment_not_yet_applied_to_biomass"
"PEG_BVOL2026_stage5_v1",176063,"Surirella capronii","Surirella","Bacillariophyceae","HETEROKONTOPHYTA","AU",3,"diatom","","autotroph",FALSE,"not_resolved","not_phaeocystis","peg_class_bacillariophyceae","authority_rule_assignment_not_yet_applied_to_biomass"
"PEG_BVOL2026_stage5_v1",149085,"Surirella crumena","Surirella","Bacillariophyceae","HETEROKONTOPHYTA","AU",1,"diatom","","autotroph",FALSE,"not_resolved","not_phaeocystis","peg_class_bacillariophyceae","authority_rule_assignment_not_yet_applied_to_biomass"
"PEG_BVOL2026_stage5_v1",149085,"Surirella crumena","Surirella","Bacillariophyceae","HETEROKONTOPHYTA","AU",2,"diatom","","autotroph",FALSE,"not_resolved","not_phaeocystis","peg_class_bacillariophyceae","authority_rule_assignment_not_yet_applied_to_biomass"
"PEG_BVOL2026_stage5_v1",149085,"Surirella crumena","Surirella","Bacillariophyceae","HETEROKONTOPHYTA","AU",3,"diatom","","autotroph",FALSE,"not_resolved","not_phaeocystis","peg_class_bacillariophyceae","authority_rule_assignment_not_yet_applied_to_biomass"
"PEG_BVOL2026_stage5_v1",176078,"Surirella minuta","Surirella","Bacillariophyceae","HETEROKONTOPHYTA","AU",1,"diatom","","autotroph",FALSE,"not_resolved","not_phaeocystis","peg_class_bacillariophyceae","authority_rule_assignment_not_yet_applied_to_biomass"
"PEG_BVOL2026_stage5_v1",176078,"Surirella minuta","Surirella","Bacillariophyceae","HETEROKONTOPHYTA","AU",2,"diatom","","autotroph",FALSE,"not_resolved","not_phaeocystis","peg_class_bacillariophyceae","authority_rule_assignment_not_yet_applied_to_biomass"
"PEG_BVOL2026_stage5_v1",176193,"Surirella robusta","Surirella","Bacillariophyceae","HETEROKONTOPHYTA","AU",1,"diatom","","autotroph",FALSE,"not_resolved","not_phaeocystis","peg_class_bacillariophyceae","authority_rule_assignment_not_yet_applied_to_biomass"
"PEG_BVOL2026_stage5_v1",149084,"Surirella","Surirella","Bacillariophyceae","HETEROKONTOPHYTA","AU",1,"diatom","","autotroph",FALSE,"not_resolved","not_phaeocystis","peg_class_bacillariophyceae","authority_rule_assignment_not_yet_applied_to_biomass"
"PEG_BVOL2026_stage5_v1",149084,"Surirella","Surirella","Bacillariophyceae","HETEROKONTOPHYTA","AU",2,"diatom","","autotroph",FALSE,"not_resolved","not_phaeocystis","peg_class_bacillariophyceae","authority_rule_assignment_not_yet_applied_to_biomass"
"PEG_BVOL2026_stage5_v1",149084,"Surirella","Surirella","Bacillariophyceae","HETEROKONTOPHYTA","AU",3,"diatom","","autotroph",FALSE,"not_resolved","not_phaeocystis","peg_class_bacillariophyceae","authority_rule_assignment_not_yet_applied_to_biomass"
"PEG_BVOL2026_stage5_v1",149084,"Surirella","Surirella","Bacillariophyceae","HETEROKONTOPHYTA","AU",4,"diatom","","autotroph",FALSE,"not_resolved","not_phaeocystis","peg_class_bacillariophyceae","authority_rule_assignment_not_yet_applied_to_biomass"
"PEG_BVOL2026_stage5_v1",555052,"Thalassionema frauenfeldii","Thalassionema","Bacillariophyceae","HETEROKONTOPHYTA","AU",8,"diatom","","autotroph",FALSE,"not_resolved","not_phaeocystis","peg_class_bacillariophyceae","authority_rule_assignment_not_yet_applied_to_biomass"
"PEG_BVOL2026_stage5_v1",555052,"Thalassionema frauenfeldii","Thalassionema","Bacillariophyceae","HETEROKONTOPHYTA","AU",9,"diatom","","autotroph",FALSE,"not_resolved","not_phaeocystis","peg_class_bacillariophyceae","authority_rule_assignment_not_yet_applied_to_biomass"
"PEG_BVOL2026_stage5_v1",555052,"Thalassionema frauenfeldii","Thalassionema","Bacillariophyceae","HETEROKONTOPHYTA","AU",10,"diatom","","autotroph",FALSE,"not_resolved","not_phaeocystis","peg_class_bacillariophyceae","authority_rule_assignment_not_yet_applied_to_biomass"
"PEG_BVOL2026_stage5_v1",555052,"Thalassionema frauenfeldii","Thalassionema","Bacillariophyceae","HETEROKONTOPHYTA","AU",11,"diatom","","autotroph",FALSE,"not_resolved","not_phaeocystis","peg_class_bacillariophyceae","authority_rule_assignment_not_yet_applied_to_biomass"
"PEG_BVOL2026_stage5_v1",555052,"Thalassionema frauenfeldii","Thalassionema","Bacillariophyceae","HETEROKONTOPHYTA","AU",12,"diatom","","autotroph",FALSE,"not_resolved","not_phaeocystis","peg_class_bacillariophyceae","authority_rule_assignment_not_yet_applied_to_biomass"
"PEG_BVOL2026_stage5_v1",555052,"Thalassionema frauenfeldii","Thalassionema","Bacillariophyceae","HETEROKONTOPHYTA","AU",13,"diatom","","autotroph",FALSE,"not_resolved","not_phaeocystis","peg_class_bacillariophyceae","authority_rule_assignment_not_yet_applied_to_biomass"
"PEG_BVOL2026_stage5_v1",555052,"Thalassionema frauenfeldii","Thalassionema","Bacillariophyceae","HETEROKONTOPHYTA","AU",14,"diatom","","autotroph",FALSE,"not_resolved","not_phaeocystis","peg_class_bacillariophyceae","authority_rule_assignment_not_yet_applied_to_biomass"
"PEG_BVOL2026_stage5_v1",149093,"Thalassionema nitzschioides","Thalassionema","Bacillariophyceae","HETEROKONTOPHYTA","AU",10,"diatom","","autotroph",FALSE,"not_resolved","not_phaeocystis","peg_class_bacillariophyceae","authority_rule_assignment_not_yet_applied_to_biomass"
"PEG_BVOL2026_stage5_v1",149093,"Thalassionema nitzschioides","Thalassionema","Bacillariophyceae","HETEROKONTOPHYTA","AU",11,"diatom","","autotroph",FALSE,"not_resolved","not_phaeocystis","peg_class_bacillariophyceae","authority_rule_assignment_not_yet_applied_to_biomass"
"PEG_BVOL2026_stage5_v1",149093,"Thalassionema nitzschioides","Thalassionema","Bacillariophyceae","HETEROKONTOPHYTA","AU",12,"diatom","","autotroph",FALSE,"not_resolved","not_phaeocystis","peg_class_bacillariophyceae","authority_rule_assignment_not_yet_applied_to_biomass"
"PEG_BVOL2026_stage5_v1",149093,"Thalassionema nitzschioides","Thalassionema","Bacillariophyceae","HETEROKONTOPHYTA","AU",13,"diatom","","autotroph",FALSE,"not_resolved","not_phaeocystis","peg_class_bacillariophyceae","authority_rule_assignment_not_yet_applied_to_biomass"
"PEG_BVOL2026_stage5_v1",149093,"Thalassionema nitzschioides","Thalassionema","Bacillariophyceae","HETEROKONTOPHYTA","AU",14,"diatom","","autotroph",FALSE,"not_resolved","not_phaeocystis","peg_class_bacillariophyceae","authority_rule_assignment_not_yet_applied_to_biomass"
"PEG_BVOL2026_stage5_v1",149093,"Thalassionema nitzschioides","Thalassionema","Bacillariophyceae","HETEROKONTOPHYTA","AU",15,"diatom","","autotroph",FALSE,"not_resolved","not_phaeocystis","peg_class_bacillariophyceae","authority_rule_assignment_not_yet_applied_to_biomass"
"PEG_BVOL2026_stage5_v1",149093,"Thalassionema nitzschioides","Thalassionema","Bacillariophyceae","HETEROKONTOPHYTA","AU",16,"diatom","","autotroph",FALSE,"not_resolved","not_phaeocystis","peg_class_bacillariophyceae","authority_rule_assignment_not_yet_applied_to_biomass"
"PEG_BVOL2026_stage5_v1",149093,"Thalassionema nitzschioides","Thalassionema","Bacillariophyceae","HETEROKONTOPHYTA","AU",17,"diatom","","autotroph",FALSE,"not_resolved","not_phaeocystis","peg_class_bacillariophyceae","authority_rule_assignment_not_yet_applied_to_biomass"
"PEG_BVOL2026_stage5_v1",149093,"Thalassionema nitzschioides","Thalassionema","Bacillariophyceae","HETEROKONTOPHYTA","AU",18,"diatom","","autotroph",FALSE,"not_resolved","not_phaeocystis","peg_class_bacillariophyceae","authority_rule_assignment_not_yet_applied_to_biomass"
"PEG_BVOL2026_stage5_v1",157083,"Thalassiothrix longissima","Thalassiothrix","Bacillariophyceae","HETEROKONTOPHYTA","AU",1,"diatom","","autotroph",FALSE,"not_resolved","not_phaeocystis","peg_class_bacillariophyceae","authority_rule_assignment_not_yet_applied_to_biomass"
"PEG_BVOL2026_stage5_v1",163655,"Amphora commutata","Amphora","Bacillariophyceae","HETEROKONTOPHYTA","AU",1,"diatom","","autotroph",FALSE,"not_resolved","not_phaeocystis","peg_class_bacillariophyceae","authority_rule_assignment_not_yet_applied_to_biomass"
"PEG_BVOL2026_stage5_v1",149524,"Amphora ovalis","Amphora","Bacillariophyceae","HETEROKONTOPHYTA","AU",1,"diatom","","autotroph",FALSE,"not_resolved","not_phaeocystis","peg_class_bacillariophyceae","authority_rule_assignment_not_yet_applied_to_biomass"
"PEG_BVOL2026_stage5_v1",149200,"Amphora","Amphora","Bacillariophyceae","HETEROKONTOPHYTA","AU",1,"diatom","","autotroph",FALSE,"not_resolved","not_phaeocystis","peg_class_bacillariophyceae","authority_rule_assignment_not_yet_applied_to_biomass"
"PEG_BVOL2026_stage5_v1",149200,"Amphora","Amphora","Bacillariophyceae","HETEROKONTOPHYTA","AU",2,"diatom","","autotroph",FALSE,"not_resolved","not_phaeocystis","peg_class_bacillariophyceae","authority_rule_assignment_not_yet_applied_to_biomass"
"PEG_BVOL2026_stage5_v1",149200,"Amphora","Amphora","Bacillariophyceae","HETEROKONTOPHYTA","AU",3,"diatom","","autotroph",FALSE,"not_resolved","not_phaeocystis","peg_class_bacillariophyceae","authority_rule_assignment_not_yet_applied_to_biomass"
"PEG_BVOL2026_stage5_v1",149200,"Amphora","Amphora","Bacillariophyceae","HETEROKONTOPHYTA","AU",4,"diatom","","autotroph",FALSE,"not_resolved","not_phaeocystis","peg_class_bacillariophyceae","authority_rule_assignment_not_yet_applied_to_biomass"
"PEG_BVOL2026_stage5_v1",249707,"Colacium vesiculosum","Colacium","Euglenophyceae","EUGLENOZOA","AU",1,"other_autotrophic_phytoplankton","","autotroph",FALSE,"not_resolved","not_phaeocystis","peg_trophy_au_other","authority_rule_assignment_not_yet_applied_to_biomass"
"PEG_BVOL2026_stage5_v1",163246,"Euglena viridis","Euglena","Euglenophyceae","EUGLENOZOA","AU",2,"other_autotrophic_phytoplankton","","autotroph",FALSE,"not_resolved","not_phaeocystis","peg_trophy_au_other","authority_rule_assignment_not_yet_applied_to_biomass"
"PEG_BVOL2026_stage5_v1",8012,"Euglena","Euglena","Euglenophyceae","EUGLENOZOA","AU",1,"other_autotrophic_phytoplankton","","autotroph",FALSE,"not_resolved","not_phaeocystis","peg_trophy_au_other","authority_rule_assignment_not_yet_applied_to_biomass"
"PEG_BVOL2026_stage5_v1",8012,"Euglena","Euglena","Euglenophyceae","EUGLENOZOA","AU",2,"other_autotrophic_phytoplankton","","autotroph",FALSE,"not_resolved","not_phaeocystis","peg_trophy_au_other","authority_rule_assignment_not_yet_applied_to_biomass"
"PEG_BVOL2026_stage5_v1",8012,"Euglena","Euglena","Euglenophyceae","EUGLENOZOA","AU",3,"other_autotrophic_phytoplankton","","autotroph",FALSE,"not_resolved","not_phaeocystis","peg_trophy_au_other","authority_rule_assignment_not_yet_applied_to_biomass"
"PEG_BVOL2026_stage5_v1",8012,"Euglena","Euglena","Euglenophyceae","EUGLENOZOA","AU",4,"other_autotrophic_phytoplankton","","autotroph",FALSE,"not_resolved","not_phaeocystis","peg_trophy_au_other","authority_rule_assignment_not_yet_applied_to_biomass"
"PEG_BVOL2026_stage5_v1",8012,"Euglena","Euglena","Euglenophyceae","EUGLENOZOA","AU",5,"other_autotrophic_phytoplankton","","autotroph",FALSE,"not_resolved","not_phaeocystis","peg_trophy_au_other","authority_rule_assignment_not_yet_applied_to_biomass"
"PEG_BVOL2026_stage5_v1",8012,"Euglena","Euglena","Euglenophyceae","EUGLENOZOA","AU",6,"other_autotrophic_phytoplankton","","autotroph",FALSE,"not_resolved","not_phaeocystis","peg_trophy_au_other","authority_rule_assignment_not_yet_applied_to_biomass"
"PEG_BVOL2026_stage5_v1",8012,"Euglena","Euglena","Euglenophyceae","EUGLENOZOA","AU",7,"other_autotrophic_phytoplankton","","autotroph",FALSE,"not_resolved","not_phaeocystis","peg_trophy_au_other","authority_rule_assignment_not_yet_applied_to_biomass"
"PEG_BVOL2026_stage5_v1",8012,"Euglena","Euglena","Euglenophyceae","EUGLENOZOA","AU",8,"other_autotrophic_phytoplankton","","autotroph",FALSE,"not_resolved","not_phaeocystis","peg_trophy_au_other","authority_rule_assignment_not_yet_applied_to_biomass"
"PEG_BVOL2026_stage5_v1",8012,"Euglena","Euglena","Euglenophyceae","EUGLENOZOA","AU",9,"other_autotrophic_phytoplankton","","autotroph",FALSE,"not_resolved","not_phaeocystis","peg_trophy_au_other","authority_rule_assignment_not_yet_applied_to_biomass"
"PEG_BVOL2026_stage5_v1",8012,"Euglena","Euglena","Euglenophyceae","EUGLENOZOA","AU",10,"other_autotrophic_phytoplankton","","autotroph",FALSE,"not_resolved","not_phaeocystis","peg_trophy_au_other","authority_rule_assignment_not_yet_applied_to_biomass"
"PEG_BVOL2026_stage5_v1",8012,"Euglena","Euglena","Euglenophyceae","EUGLENOZOA","AU",11,"other_autotrophic_phytoplankton","","autotroph",FALSE,"not_resolved","not_phaeocystis","peg_trophy_au_other","authority_rule_assignment_not_yet_applied_to_biomass"
"PEG_BVOL2026_stage5_v1",8012,"Euglena","Euglena","Euglenophyceae","EUGLENOZOA","AU",12,"other_autotrophic_phytoplankton","","autotroph",FALSE,"not_resolved","not_phaeocystis","peg_trophy_au_other","authority_rule_assignment_not_yet_applied_to_biomass"
"PEG_BVOL2026_stage5_v1",8012,"Euglena","Euglena","Euglenophyceae","EUGLENOZOA","AU",13,"other_autotrophic_phytoplankton","","autotroph",FALSE,"not_resolved","not_phaeocystis","peg_trophy_au_other","authority_rule_assignment_not_yet_applied_to_biomass"
"PEG_BVOL2026_stage5_v1",8012,"Euglena","Euglena","Euglenophyceae","EUGLENOZOA","AU",14,"other_autotrophic_phytoplankton","","autotroph",FALSE,"not_resolved","not_phaeocystis","peg_trophy_au_other","authority_rule_assignment_not_yet_applied_to_biomass"
"PEG_BVOL2026_stage5_v1",8012,"Euglena","Euglena","Euglenophyceae","EUGLENOZOA","AU",15,"other_autotrophic_phytoplankton","","autotroph",FALSE,"not_resolved","not_phaeocystis","peg_trophy_au_other","authority_rule_assignment_not_yet_applied_to_biomass"
"PEG_BVOL2026_stage5_v1",248120,"Eutreptia lanowii","Eutreptia","Euglenophyceae","EUGLENOZOA","AU",1,"other_autotrophic_phytoplankton","","autotroph",FALSE,"not_resolved","not_phaeocystis","peg_trophy_au_other","authority_rule_assignment_not_yet_applied_to_biomass"
"PEG_BVOL2026_stage5_v1",239029,"Eutreptia viridis","Eutreptia","Euglenophyceae","EUGLENOZOA","AU",1,"other_autotrophic_phytoplankton","","autotroph",FALSE,"not_resolved","not_phaeocystis","peg_trophy_au_other","authority_rule_assignment_not_yet_applied_to_biomass"
"PEG_BVOL2026_stage5_v1",178582,"Eutreptia","Eutreptia","Euglenophyceae","EUGLENOZOA","AU",2,"other_autotrophic_phytoplankton","","autotroph",FALSE,"not_resolved","not_phaeocystis","peg_trophy_au_other","authority_rule_assignment_not_yet_applied_to_biomass"
"PEG_BVOL2026_stage5_v1",178582,"Eutreptia","Eutreptia","Euglenophyceae","EUGLENOZOA","AU",3,"other_autotrophic_phytoplankton","","autotroph",FALSE,"not_resolved","not_phaeocystis","peg_trophy_au_other","authority_rule_assignment_not_yet_applied_to_biomass"
"PEG_BVOL2026_stage5_v1",178582,"Eutreptia","Eutreptia","Euglenophyceae","EUGLENOZOA","AU",4,"other_autotrophic_phytoplankton","","autotroph",FALSE,"not_resolved","not_phaeocystis","peg_trophy_au_other","authority_rule_assignment_not_yet_applied_to_biomass"
"PEG_BVOL2026_stage5_v1",178582,"Eutreptia","Eutreptia","Euglenophyceae","EUGLENOZOA","AU",5,"other_autotrophic_phytoplankton","","autotroph",FALSE,"not_resolved","not_phaeocystis","peg_trophy_au_other","authority_rule_assignment_not_yet_applied_to_biomass"
"PEG_BVOL2026_stage5_v1",178582,"Eutreptia","Eutreptia","Euglenophyceae","EUGLENOZOA","AU",6,"other_autotrophic_phytoplankton","","autotroph",FALSE,"not_resolved","not_phaeocystis","peg_trophy_au_other","authority_rule_assignment_not_yet_applied_to_biomass"
"PEG_BVOL2026_stage5_v1",178582,"Eutreptia","Eutreptia","Euglenophyceae","EUGLENOZOA","AU",7,"other_autotrophic_phytoplankton","","autotroph",FALSE,"not_resolved","not_phaeocystis","peg_trophy_au_other","authority_rule_assignment_not_yet_applied_to_biomass"
"PEG_BVOL2026_stage5_v1",178582,"Eutreptia","Eutreptia","Euglenophyceae","EUGLENOZOA","AU",8,"other_autotrophic_phytoplankton","","autotroph",FALSE,"not_resolved","not_phaeocystis","peg_trophy_au_other","authority_rule_assignment_not_yet_applied_to_biomass"
"PEG_BVOL2026_stage5_v1",178582,"Eutreptia","Eutreptia","Euglenophyceae","EUGLENOZOA","AU",9,"other_autotrophic_phytoplankton","","autotroph",FALSE,"not_resolved","not_phaeocystis","peg_trophy_au_other","authority_rule_assignment_not_yet_applied_to_biomass"
"PEG_BVOL2026_stage5_v1",178582,"Eutreptia","Eutreptia","Euglenophyceae","EUGLENOZOA","AU",10,"other_autotrophic_phytoplankton","","autotroph",FALSE,"not_resolved","not_phaeocystis","peg_trophy_au_other","authority_rule_assignment_not_yet_applied_to_biomass"
"PEG_BVOL2026_stage5_v1",178582,"Eutreptia","Eutreptia","Euglenophyceae","EUGLENOZOA","AU",11,"other_autotrophic_phytoplankton","","autotroph",FALSE,"not_resolved","not_phaeocystis","peg_trophy_au_other","authority_rule_assignment_not_yet_applied_to_biomass"
"PEG_BVOL2026_stage5_v1",178582,"Eutreptia","Eutreptia","Euglenophyceae","EUGLENOZOA","AU",12,"other_autotrophic_phytoplankton","","autotroph",FALSE,"not_resolved","not_phaeocystis","peg_trophy_au_other","authority_rule_assignment_not_yet_applied_to_biomass"
"PEG_BVOL2026_stage5_v1",178582,"Eutreptia","Eutreptia","Euglenophyceae","EUGLENOZOA","AU",13,"other_autotrophic_phytoplankton","","autotroph",FALSE,"not_resolved","not_phaeocystis","peg_trophy_au_other","authority_rule_assignment_not_yet_applied_to_biomass"
"PEG_BVOL2026_stage5_v1",110652,"Eutreptiella gymnastica","Eutreptiella","Euglenophyceae","EUGLENOZOA","AU",1,"other_autotrophic_phytoplankton","","autotroph",FALSE,"not_resolved","not_phaeocystis","peg_trophy_au_other","authority_rule_assignment_not_yet_applied_to_biomass"
"PEG_BVOL2026_stage5_v1",110652,"Eutreptiella gymnastica","Eutreptiella","Euglenophyceae","EUGLENOZOA","AU",2,"other_autotrophic_phytoplankton","","autotroph",FALSE,"not_resolved","not_phaeocystis","peg_trophy_au_other","authority_rule_assignment_not_yet_applied_to_biomass"
"PEG_BVOL2026_stage5_v1",248121,"Eutreptiella braarudii","Eutreptiella","Euglenophyceae","EUGLENOZOA","AU",1,"other_autotrophic_phytoplankton","","autotroph",FALSE,"not_resolved","not_phaeocystis","peg_trophy_au_other","authority_rule_assignment_not_yet_applied_to_biomass"
"PEG_BVOL2026_stage5_v1",248121,"Eutreptiella braarudii","Eutreptiella","Euglenophyceae","EUGLENOZOA","AU",2,"other_autotrophic_phytoplankton","","autotroph",FALSE,"not_resolved","not_phaeocystis","peg_trophy_au_other","authority_rule_assignment_not_yet_applied_to_biomass"
"PEG_BVOL2026_stage5_v1",248121,"Eutreptiella braarudii","Eutreptiella","Euglenophyceae","EUGLENOZOA","AU",3,"other_autotrophic_phytoplankton","","autotroph",FALSE,"not_resolved","not_phaeocystis","peg_trophy_au_other","authority_rule_assignment_not_yet_applied_to_biomass"
"PEG_BVOL2026_stage5_v1",17657,"Eutreptiella","Eutreptiella","Euglenophyceae","EUGLENOZOA","AU",1,"other_autotrophic_phytoplankton","","autotroph",FALSE,"not_resolved","not_phaeocystis","peg_trophy_au_other","authority_rule_assignment_not_yet_applied_to_biomass"
"PEG_BVOL2026_stage5_v1",17657,"Eutreptiella","Eutreptiella","Euglenophyceae","EUGLENOZOA","AU",2,"other_autotrophic_phytoplankton","","autotroph",FALSE,"not_resolved","not_phaeocystis","peg_trophy_au_other","authority_rule_assignment_not_yet_applied_to_biomass"
"PEG_BVOL2026_stage5_v1",17657,"Eutreptiella","Eutreptiella","Euglenophyceae","EUGLENOZOA","AU",3,"other_autotrophic_phytoplankton","","autotroph",FALSE,"not_resolved","not_phaeocystis","peg_trophy_au_other","authority_rule_assignment_not_yet_applied_to_biomass"
"PEG_BVOL2026_stage5_v1",17657,"Eutreptiella","Eutreptiella","Euglenophyceae","EUGLENOZOA","AU",4,"other_autotrophic_phytoplankton","","autotroph",FALSE,"not_resolved","not_phaeocystis","peg_trophy_au_other","authority_rule_assignment_not_yet_applied_to_biomass"
"PEG_BVOL2026_stage5_v1",17657,"Eutreptiella","Eutreptiella","Euglenophyceae","EUGLENOZOA","AU",5,"other_autotrophic_phytoplankton","","autotroph",FALSE,"not_resolved","not_phaeocystis","peg_trophy_au_other","authority_rule_assignment_not_yet_applied_to_biomass"
"PEG_BVOL2026_stage5_v1",17657,"Eutreptiella","Eutreptiella","Euglenophyceae","EUGLENOZOA","AU",6,"other_autotrophic_phytoplankton","","autotroph",FALSE,"not_resolved","not_phaeocystis","peg_trophy_au_other","authority_rule_assignment_not_yet_applied_to_biomass"
"PEG_BVOL2026_stage5_v1",17657,"Eutreptiella","Eutreptiella","Euglenophyceae","EUGLENOZOA","AU",7,"other_autotrophic_phytoplankton","","autotroph",FALSE,"not_resolved","not_phaeocystis","peg_trophy_au_other","authority_rule_assignment_not_yet_applied_to_biomass"
"PEG_BVOL2026_stage5_v1",17657,"Eutreptiella","Eutreptiella","Euglenophyceae","EUGLENOZOA","AU",8,"other_autotrophic_phytoplankton","","autotroph",FALSE,"not_resolved","not_phaeocystis","peg_trophy_au_other","authority_rule_assignment_not_yet_applied_to_biomass"
"PEG_BVOL2026_stage5_v1",17657,"Eutreptiella","Eutreptiella","Euglenophyceae","EUGLENOZOA","AU",9,"other_autotrophic_phytoplankton","","autotroph",FALSE,"not_resolved","not_phaeocystis","peg_trophy_au_other","authority_rule_assignment_not_yet_applied_to_biomass"
"PEG_BVOL2026_stage5_v1",17657,"Eutreptiella","Eutreptiella","Euglenophyceae","EUGLENOZOA","AU",10,"other_autotrophic_phytoplankton","","autotroph",FALSE,"not_resolved","not_phaeocystis","peg_trophy_au_other","authority_rule_assignment_not_yet_applied_to_biomass"
"PEG_BVOL2026_stage5_v1",17657,"Eutreptiella","Eutreptiella","Euglenophyceae","EUGLENOZOA","AU",11,"other_autotrophic_phytoplankton","","autotroph",FALSE,"not_resolved","not_phaeocystis","peg_trophy_au_other","authority_rule_assignment_not_yet_applied_to_biomass"
"PEG_BVOL2026_stage5_v1",17657,"Eutreptiella","Eutreptiella","Euglenophyceae","EUGLENOZOA","AU",12,"other_autotrophic_phytoplankton","","autotroph",FALSE,"not_resolved","not_phaeocystis","peg_trophy_au_other","authority_rule_assignment_not_yet_applied_to_biomass"
"PEG_BVOL2026_stage5_v1",17657,"Eutreptiella","Eutreptiella","Euglenophyceae","EUGLENOZOA","AU",13,"other_autotrophic_phytoplankton","","autotroph",FALSE,"not_resolved","not_phaeocystis","peg_trophy_au_other","authority_rule_assignment_not_yet_applied_to_biomass"
"PEG_BVOL2026_stage5_v1",17657,"Eutreptiella","Eutreptiella","Euglenophyceae","EUGLENOZOA","AU",14,"other_autotrophic_phytoplankton","","autotroph",FALSE,"not_resolved","not_phaeocystis","peg_trophy_au_other","authority_rule_assignment_not_yet_applied_to_biomass"
"PEG_BVOL2026_stage5_v1",17657,"Eutreptiella","Eutreptiella","Euglenophyceae","EUGLENOZOA","AU",15,"other_autotrophic_phytoplankton","","autotroph",FALSE,"not_resolved","not_phaeocystis","peg_trophy_au_other","authority_rule_assignment_not_yet_applied_to_biomass"
"PEG_BVOL2026_stage5_v1",17657,"Eutreptiella","Eutreptiella","Euglenophyceae","EUGLENOZOA","AU",16,"other_autotrophic_phytoplankton","","autotroph",FALSE,"not_resolved","not_phaeocystis","peg_trophy_au_other","authority_rule_assignment_not_yet_applied_to_biomass"
"PEG_BVOL2026_stage5_v1",17657,"Eutreptiella","Eutreptiella","Euglenophyceae","EUGLENOZOA","AU",17,"other_autotrophic_phytoplankton","","autotroph",FALSE,"not_resolved","not_phaeocystis","peg_trophy_au_other","authority_rule_assignment_not_yet_applied_to_biomass"
"PEG_BVOL2026_stage5_v1",17657,"Eutreptiella","Eutreptiella","Euglenophyceae","EUGLENOZOA","AU",18,"other_autotrophic_phytoplankton","","autotroph",FALSE,"not_resolved","not_phaeocystis","peg_trophy_au_other","authority_rule_assignment_not_yet_applied_to_biomass"
"PEG_BVOL2026_stage5_v1",17657,"Eutreptiella","Eutreptiella","Euglenophyceae","EUGLENOZOA","AU",19,"other_autotrophic_phytoplankton","","autotroph",FALSE,"not_resolved","not_phaeocystis","peg_trophy_au_other","authority_rule_assignment_not_yet_applied_to_biomass"
"PEG_BVOL2026_stage5_v1",17657,"Eutreptiella","Eutreptiella","Euglenophyceae","EUGLENOZOA","AU",20,"other_autotrophic_phytoplankton","","autotroph",FALSE,"not_resolved","not_phaeocystis","peg_trophy_au_other","authority_rule_assignment_not_yet_applied_to_biomass"
"PEG_BVOL2026_stage5_v1",447754,"Monomorphina pyrum","Monomorphina","Euglenophyceae","EUGLENOZOA","AU",1,"other_autotrophic_phytoplankton","","autotroph",FALSE,"not_resolved","not_phaeocystis","peg_trophy_au_other","authority_rule_assignment_not_yet_applied_to_biomass"
"PEG_BVOL2026_stage5_v1",624247,"Lepocinclis acus","Lepocinclis","Euglenophyceae","EUGLENOZOA","AU",2,"other_autotrophic_phytoplankton","","autotroph",FALSE,"not_resolved","not_phaeocystis","peg_trophy_au_other","authority_rule_assignment_not_yet_applied_to_biomass"
"PEG_BVOL2026_stage5_v1",163408,"Lepocinclis ovum","Lepocinclis","Euglenophyceae","EUGLENOZOA","AU",3,"other_autotrophic_phytoplankton","","autotroph",FALSE,"not_resolved","not_phaeocystis","peg_trophy_au_other","authority_rule_assignment_not_yet_applied_to_biomass"
"PEG_BVOL2026_stage5_v1",163408,"Lepocinclis ovum","Lepocinclis","Euglenophyceae","EUGLENOZOA","AU",4,"other_autotrophic_phytoplankton","","autotroph",FALSE,"not_resolved","not_phaeocystis","peg_trophy_au_other","authority_rule_assignment_not_yet_applied_to_biomass"
"PEG_BVOL2026_stage5_v1",624255,"Lepocinclis oxyuris","Lepocinclis","Euglenophyceae","EUGLENOZOA","AU",2,"other_autotrophic_phytoplankton","","autotroph",FALSE,"not_resolved","not_phaeocystis","peg_trophy_au_other","authority_rule_assignment_not_yet_applied_to_biomass"
"PEG_BVOL2026_stage5_v1",624289,"Lepocinclis tripteris","Lepocinclis","Euglenophyceae","EUGLENOZOA","AU",1,"other_autotrophic_phytoplankton","","autotroph",FALSE,"not_resolved","not_phaeocystis","peg_trophy_au_other","authority_rule_assignment_not_yet_applied_to_biomass"
"PEG_BVOL2026_stage5_v1",624289,"Lepocinclis tripteris","Lepocinclis","Euglenophyceae","EUGLENOZOA","AU",2,"other_autotrophic_phytoplankton","","autotroph",FALSE,"not_resolved","not_phaeocystis","peg_trophy_au_other","authority_rule_assignment_not_yet_applied_to_biomass"
"PEG_BVOL2026_stage5_v1",1578807,"Phacus caudatus","Phacus","Euglenophyceae","EUGLENOZOA","AU",1,"other_autotrophic_phytoplankton","","autotroph",FALSE,"not_resolved","not_phaeocystis","peg_trophy_au_other","authority_rule_assignment_not_yet_applied_to_biomass"
"PEG_BVOL2026_stage5_v1",1578807,"Phacus caudatus","Phacus","Euglenophyceae","EUGLENOZOA","AU",2,"other_autotrophic_phytoplankton","","autotroph",FALSE,"not_resolved","not_phaeocystis","peg_trophy_au_other","authority_rule_assignment_not_yet_applied_to_biomass"
"PEG_BVOL2026_stage5_v1",163353,"Phacus curvicauda","Phacus","Euglenophyceae","EUGLENOZOA","AU",1,"other_autotrophic_phytoplankton","","autotroph",FALSE,"not_resolved","not_phaeocystis","peg_trophy_au_other","authority_rule_assignment_not_yet_applied_to_biomass"
"PEG_BVOL2026_stage5_v1",163353,"Phacus curvicauda","Phacus","Euglenophyceae","EUGLENOZOA","AU",2,"other_autotrophic_phytoplankton","","autotroph",FALSE,"not_resolved","not_phaeocystis","peg_trophy_au_other","authority_rule_assignment_not_yet_applied_to_biomass"
"PEG_BVOL2026_stage5_v1",163375,"Phacus longicauda","Phacus","Euglenophyceae","EUGLENOZOA","AU",1,"other_autotrophic_phytoplankton","","autotroph",FALSE,"not_resolved","not_phaeocystis","peg_trophy_au_other","authority_rule_assignment_not_yet_applied_to_biomass"
"PEG_BVOL2026_stage5_v1",163375,"Phacus longicauda","Phacus","Euglenophyceae","EUGLENOZOA","AU",2,"other_autotrophic_phytoplankton","","autotroph",FALSE,"not_resolved","not_phaeocystis","peg_trophy_au_other","authority_rule_assignment_not_yet_applied_to_biomass"
"PEG_BVOL2026_stage5_v1",163354,"Phacus pleuronectes","Phacus","Euglenophyceae","EUGLENOZOA","AU",1,"other_autotrophic_phytoplankton","","autotroph",FALSE,"not_resolved","not_phaeocystis","peg_trophy_au_other","authority_rule_assignment_not_yet_applied_to_biomass"
"PEG_BVOL2026_stage5_v1",163356,"Phacus tortus","Phacus","Euglenophyceae","EUGLENOZOA","AU",1,"other_autotrophic_phytoplankton","","autotroph",FALSE,"not_resolved","not_phaeocystis","peg_trophy_au_other","authority_rule_assignment_not_yet_applied_to_biomass"
"PEG_BVOL2026_stage5_v1",163339,"Phacus","Phacus","Euglenophyceae","EUGLENOZOA","AU",1,"other_autotrophic_phytoplankton","","autotroph",FALSE,"not_resolved","not_phaeocystis","peg_trophy_au_other","authority_rule_assignment_not_yet_applied_to_biomass"
"PEG_BVOL2026_stage5_v1",163339,"Phacus","Phacus","Euglenophyceae","EUGLENOZOA","AU",2,"other_autotrophic_phytoplankton","","autotroph",FALSE,"not_resolved","not_phaeocystis","peg_trophy_au_other","authority_rule_assignment_not_yet_applied_to_biomass"
"PEG_BVOL2026_stage5_v1",163339,"Phacus","Phacus","Euglenophyceae","EUGLENOZOA","AU",3,"other_autotrophic_phytoplankton","","autotroph",FALSE,"not_resolved","not_phaeocystis","peg_trophy_au_other","authority_rule_assignment_not_yet_applied_to_biomass"
"PEG_BVOL2026_stage5_v1",163418,"Strombomonas","Strombomonas","Euglenophyceae","EUGLENOZOA","AU",1,"other_autotrophic_phytoplankton","","autotroph",FALSE,"not_resolved","not_phaeocystis","peg_trophy_au_other","authority_rule_assignment_not_yet_applied_to_biomass"
"PEG_BVOL2026_stage5_v1",163418,"Strombomonas","Strombomonas","Euglenophyceae","EUGLENOZOA","AU",2,"other_autotrophic_phytoplankton","","autotroph",FALSE,"not_resolved","not_phaeocystis","peg_trophy_au_other","authority_rule_assignment_not_yet_applied_to_biomass"
"PEG_BVOL2026_stage5_v1",163412,"Trachelomonas hispida","Trachelomonas","Euglenophyceae","EUGLENOZOA","AU",1,"other_autotrophic_phytoplankton","","autotroph",FALSE,"not_resolved","not_phaeocystis","peg_trophy_au_other","authority_rule_assignment_not_yet_applied_to_biomass"
"PEG_BVOL2026_stage5_v1",163404,"Trachelomonas volvocina","Trachelomonas","Euglenophyceae","EUGLENOZOA","AU",1,"other_autotrophic_phytoplankton","","autotroph",FALSE,"not_resolved","not_phaeocystis","peg_trophy_au_other","authority_rule_assignment_not_yet_applied_to_biomass"
"PEG_BVOL2026_stage5_v1",163404,"Trachelomonas volvocina","Trachelomonas","Euglenophyceae","EUGLENOZOA","AU",2,"other_autotrophic_phytoplankton","","autotroph",FALSE,"not_resolved","not_phaeocystis","peg_trophy_au_other","authority_rule_assignment_not_yet_applied_to_biomass"
"PEG_BVOL2026_stage5_v1",163247,"Trachelomonas","Trachelomonas","Euglenophyceae","EUGLENOZOA","AU",1,"other_autotrophic_phytoplankton","","autotroph",FALSE,"not_resolved","not_phaeocystis","peg_trophy_au_other","authority_rule_assignment_not_yet_applied_to_biomass"
"PEG_BVOL2026_stage5_v1",163247,"Trachelomonas","Trachelomonas","Euglenophyceae","EUGLENOZOA","AU",2,"other_autotrophic_phytoplankton","","autotroph",FALSE,"not_resolved","not_phaeocystis","peg_trophy_au_other","authority_rule_assignment_not_yet_applied_to_biomass"
"PEG_BVOL2026_stage5_v1",,"Euglenales","Euglenales","Euglenophyceae","EUGLENOZOA","AU",1,"other_autotrophic_phytoplankton","","autotroph",FALSE,"not_resolved","not_phaeocystis","peg_trophy_au_other","authority_rule_assignment_not_yet_applied_to_biomass"
"PEG_BVOL2026_stage5_v1",,"Euglenales","Euglenales","Euglenophyceae","EUGLENOZOA","AU",2,"other_autotrophic_phytoplankton","","autotroph",FALSE,"not_resolved","not_phaeocystis","peg_trophy_au_other","authority_rule_assignment_not_yet_applied_to_biomass"
"PEG_BVOL2026_stage5_v1",,"Euglenales","Euglenales","Euglenophyceae","EUGLENOZOA","AU",3,"other_autotrophic_phytoplankton","","autotroph",FALSE,"not_resolved","not_phaeocystis","peg_trophy_au_other","authority_rule_assignment_not_yet_applied_to_biomass"
"PEG_BVOL2026_stage5_v1",,"Euglenales","Euglenales","Euglenophyceae","EUGLENOZOA","AU",4,"other_autotrophic_phytoplankton","","autotroph",FALSE,"not_resolved","not_phaeocystis","peg_trophy_au_other","authority_rule_assignment_not_yet_applied_to_biomass"
"PEG_BVOL2026_stage5_v1",,"Euglenales","Euglenales","Euglenophyceae","EUGLENOZOA","AU",5,"other_autotrophic_phytoplankton","","autotroph",FALSE,"not_resolved","not_phaeocystis","peg_trophy_au_other","authority_rule_assignment_not_yet_applied_to_biomass"
"PEG_BVOL2026_stage5_v1",,"Euglenales","Euglenales","Euglenophyceae","EUGLENOZOA","AU",6,"other_autotrophic_phytoplankton","","autotroph",FALSE,"not_resolved","not_phaeocystis","peg_trophy_au_other","authority_rule_assignment_not_yet_applied_to_biomass"
"PEG_BVOL2026_stage5_v1",,"Euglenales","Euglenales","Euglenophyceae","EUGLENOZOA","AU",7,"other_autotrophic_phytoplankton","","autotroph",FALSE,"not_resolved","not_phaeocystis","peg_trophy_au_other","authority_rule_assignment_not_yet_applied_to_biomass"
"PEG_BVOL2026_stage5_v1",578389,"Closterium acerosum","Closterium","Zygnematophyceae","CHAROPHYTA","AU",1,"other_autotrophic_phytoplankton","","autotroph",FALSE,"not_resolved","not_phaeocystis","peg_trophy_au_other","authority_rule_assignment_not_yet_applied_to_biomass"
"PEG_BVOL2026_stage5_v1",578389,"Closterium acerosum","Closterium","Zygnematophyceae","CHAROPHYTA","AU",2,"other_autotrophic_phytoplankton","","autotroph",FALSE,"not_resolved","not_phaeocystis","peg_trophy_au_other","authority_rule_assignment_not_yet_applied_to_biomass"
"PEG_BVOL2026_stage5_v1",572006,"Closterium aciculare","Closterium","Zygnematophyceae","CHAROPHYTA","AU",1,"other_autotrophic_phytoplankton","","autotroph",FALSE,"not_resolved","not_phaeocystis","peg_trophy_au_other","authority_rule_assignment_not_yet_applied_to_biomass"
"PEG_BVOL2026_stage5_v1",572006,"Closterium aciculare","Closterium","Zygnematophyceae","CHAROPHYTA","AU",2,"other_autotrophic_phytoplankton","","autotroph",FALSE,"not_resolved","not_phaeocystis","peg_trophy_au_other","authority_rule_assignment_not_yet_applied_to_biomass"
"PEG_BVOL2026_stage5_v1",572006,"Closterium aciculare","Closterium","Zygnematophyceae","CHAROPHYTA","AU",3,"other_autotrophic_phytoplankton","","autotroph",FALSE,"not_resolved","not_phaeocystis","peg_trophy_au_other","authority_rule_assignment_not_yet_applied_to_biomass"
"PEG_BVOL2026_stage5_v1",162726,"Closterium acutum ","Closterium","Zygnematophyceae","CHAROPHYTA","AU",1,"other_autotrophic_phytoplankton","","autotroph",FALSE,"not_resolved","not_phaeocystis","peg_trophy_au_other","authority_rule_assignment_not_yet_applied_to_biomass"
"PEG_BVOL2026_stage5_v1",162726,"Closterium acutum ","Closterium","Zygnematophyceae","CHAROPHYTA","AU",2,"other_autotrophic_phytoplankton","","autotroph",FALSE,"not_resolved","not_phaeocystis","peg_trophy_au_other","authority_rule_assignment_not_yet_applied_to_biomass"
"PEG_BVOL2026_stage5_v1",162726,"Closterium acutum ","Closterium","Zygnematophyceae","CHAROPHYTA","AU",3,"other_autotrophic_phytoplankton","","autotroph",FALSE,"not_resolved","not_phaeocystis","peg_trophy_au_other","authority_rule_assignment_not_yet_applied_to_biomass"
"PEG_BVOL2026_stage5_v1",1304621,"Closterium acutum var. acutum","Closterium","Zygnematophyceae","CHAROPHYTA","AU",1,"other_autotrophic_phytoplankton","","autotroph",FALSE,"not_resolved","not_phaeocystis","peg_trophy_au_other","authority_rule_assignment_not_yet_applied_to_biomass"
"PEG_BVOL2026_stage5_v1",1304621,"Closterium acutum var. acutum","Closterium","Zygnematophyceae","CHAROPHYTA","AU",2,"other_autotrophic_phytoplankton","","autotroph",FALSE,"not_resolved","not_phaeocystis","peg_trophy_au_other","authority_rule_assignment_not_yet_applied_to_biomass"
"PEG_BVOL2026_stage5_v1",1304621,"Closterium acutum var. acutum","Closterium","Zygnematophyceae","CHAROPHYTA","AU",3,"other_autotrophic_phytoplankton","","autotroph",FALSE,"not_resolved","not_phaeocystis","peg_trophy_au_other","authority_rule_assignment_not_yet_applied_to_biomass"
"PEG_BVOL2026_stage5_v1",670627,"Closterium acutum var. variabile","Closterium","Zygnematophyceae","CHAROPHYTA","AU",1,"other_autotrophic_phytoplankton","","autotroph",FALSE,"not_resolved","not_phaeocystis","peg_trophy_au_other","authority_rule_assignment_not_yet_applied_to_biomass"
"PEG_BVOL2026_stage5_v1",670627,"Closterium acutum var. variabile","Closterium","Zygnematophyceae","CHAROPHYTA","AU",2,"other_autotrophic_phytoplankton","","autotroph",FALSE,"not_resolved","not_phaeocystis","peg_trophy_au_other","authority_rule_assignment_not_yet_applied_to_biomass"
"PEG_BVOL2026_stage5_v1",577818,"Closterium gracile","Closterium","Zygnematophyceae","CHAROPHYTA","AU",1,"other_autotrophic_phytoplankton","","autotroph",FALSE,"not_resolved","not_phaeocystis","peg_trophy_au_other","authority_rule_assignment_not_yet_applied_to_biomass"
"PEG_BVOL2026_stage5_v1",409590,"Closterium kuetzingii","Closterium","Zygnematophyceae","CHAROPHYTA","AU",1,"other_autotrophic_phytoplankton","","autotroph",FALSE,"not_resolved","not_phaeocystis","peg_trophy_au_other","authority_rule_assignment_not_yet_applied_to_biomass"
"PEG_BVOL2026_stage5_v1",608739,"Closterium lineatum","Closterium","Zygnematophyceae","CHAROPHYTA","AU",1,"other_autotrophic_phytoplankton","","autotroph",FALSE,"not_resolved","not_phaeocystis","peg_trophy_au_other","authority_rule_assignment_not_yet_applied_to_biomass"
"PEG_BVOL2026_stage5_v1",577666,"Closterium moniliferum","Closterium","Zygnematophyceae","CHAROPHYTA","AU",1,"other_autotrophic_phytoplankton","","autotroph",FALSE,"not_resolved","not_phaeocystis","peg_trophy_au_other","authority_rule_assignment_not_yet_applied_to_biomass"
"PEG_BVOL2026_stage5_v1",162727,"Closterium parvulum","Closterium","Zygnematophyceae","CHAROPHYTA","AU",1,"other_autotrophic_phytoplankton","","autotroph",FALSE,"not_resolved","not_phaeocystis","peg_trophy_au_other","authority_rule_assignment_not_yet_applied_to_biomass"
"PEG_BVOL2026_stage5_v1",578388,"Closterium strigosum","Closterium","Zygnematophyceae","CHAROPHYTA","AU",1,"other_autotrophic_phytoplankton","","autotroph",FALSE,"not_resolved","not_phaeocystis","peg_trophy_au_other","authority_rule_assignment_not_yet_applied_to_biomass"
"PEG_BVOL2026_stage5_v1",578388,"Closterium strigosum","Closterium","Zygnematophyceae","CHAROPHYTA","AU",2,"other_autotrophic_phytoplankton","","autotroph",FALSE,"not_resolved","not_phaeocystis","peg_trophy_au_other","authority_rule_assignment_not_yet_applied_to_biomass"
"PEG_BVOL2026_stage5_v1",162725,"Closterium","Closterium","Zygnematophyceae","CHAROPHYTA","AU",5,"other_autotrophic_phytoplankton","","autotroph",FALSE,"not_resolved","not_phaeocystis","peg_trophy_au_other","authority_rule_assignment_not_yet_applied_to_biomass"
"PEG_BVOL2026_stage5_v1",162725,"Closterium","Closterium","Zygnematophyceae","CHAROPHYTA","AU",6,"other_autotrophic_phytoplankton","","autotroph",FALSE,"not_resolved","not_phaeocystis","peg_trophy_au_other","authority_rule_assignment_not_yet_applied_to_biomass"
"PEG_BVOL2026_stage5_v1",162725,"Closterium","Closterium","Zygnematophyceae","CHAROPHYTA","AU",7,"other_autotrophic_phytoplankton","","autotroph",FALSE,"not_resolved","not_phaeocystis","peg_trophy_au_other","authority_rule_assignment_not_yet_applied_to_biomass"
"PEG_BVOL2026_stage5_v1",162725,"Closterium","Closterium","Zygnematophyceae","CHAROPHYTA","AU",8,"other_autotrophic_phytoplankton","","autotroph",FALSE,"not_resolved","not_phaeocystis","peg_trophy_au_other","authority_rule_assignment_not_yet_applied_to_biomass"
"PEG_BVOL2026_stage5_v1",162725,"Closterium","Closterium","Zygnematophyceae","CHAROPHYTA","AU",9,"other_autotrophic_phytoplankton","","autotroph",FALSE,"not_resolved","not_phaeocystis","peg_trophy_au_other","authority_rule_assignment_not_yet_applied_to_biomass"
"PEG_BVOL2026_stage5_v1",478557,"Cosmarium","Cosmarium","Zygnematophyceae","CHAROPHYTA","AU",1,"other_autotrophic_phytoplankton","","autotroph",FALSE,"not_resolved","not_phaeocystis","peg_trophy_au_other","authority_rule_assignment_not_yet_applied_to_biomass"
"PEG_BVOL2026_stage5_v1",478557,"Cosmarium","Cosmarium","Zygnematophyceae","CHAROPHYTA","AU",2,"other_autotrophic_phytoplankton","","autotroph",FALSE,"not_resolved","not_phaeocystis","peg_trophy_au_other","authority_rule_assignment_not_yet_applied_to_biomass"
"PEG_BVOL2026_stage5_v1",478557,"Cosmarium","Cosmarium","Zygnematophyceae","CHAROPHYTA","AU",3,"other_autotrophic_phytoplankton","","autotroph",FALSE,"not_resolved","not_phaeocystis","peg_trophy_au_other","authority_rule_assignment_not_yet_applied_to_biomass"
"PEG_BVOL2026_stage5_v1",478557,"Cosmarium","Cosmarium","Zygnematophyceae","CHAROPHYTA","AU",4,"other_autotrophic_phytoplankton","","autotroph",FALSE,"not_resolved","not_phaeocystis","peg_trophy_au_other","authority_rule_assignment_not_yet_applied_to_biomass"
"PEG_BVOL2026_stage5_v1",609110,"Spondylosium planum","Spondylosium","Zygnematophyceae","CHAROPHYTA","AU",1,"other_autotrophic_phytoplankton","","autotroph",FALSE,"not_resolved","not_phaeocystis","peg_trophy_au_other","authority_rule_assignment_not_yet_applied_to_biomass"
"PEG_BVOL2026_stage5_v1",162728,"Staurastrum","Staurastrum","Zygnematophyceae","CHAROPHYTA","AU",1,"other_autotrophic_phytoplankton","","autotroph",FALSE,"not_resolved","not_phaeocystis","peg_trophy_au_other","authority_rule_assignment_not_yet_applied_to_biomass"
"PEG_BVOL2026_stage5_v1",609286,"Staurodesmus triangularis","Staurodesmus","Zygnematophyceae","CHAROPHYTA","AU",1,"other_autotrophic_phytoplankton","","autotroph",FALSE,"not_resolved","not_phaeocystis","peg_trophy_au_other","authority_rule_assignment_not_yet_applied_to_biomass"
"PEG_BVOL2026_stage5_v1",577680,"Staurodesmus","Staurodesmus","Zygnematophyceae","CHAROPHYTA","AU",1,"other_autotrophic_phytoplankton","","autotroph",FALSE,"not_resolved","not_phaeocystis","peg_trophy_au_other","authority_rule_assignment_not_yet_applied_to_biomass"
"PEG_BVOL2026_stage5_v1",577683,"Xanthidium antilopaeum","Xanthidium","Zygnematophyceae","CHAROPHYTA","AU",1,"other_autotrophic_phytoplankton","","autotroph",FALSE,"not_resolved","not_phaeocystis","peg_trophy_au_other","authority_rule_assignment_not_yet_applied_to_biomass"
"PEG_BVOL2026_stage5_v1",572036,"Elakatothrix gelatinosa","Elakatothrix","Klebsormidiophyceae","CHAROPHYTA","AU",1,"other_autotrophic_phytoplankton","","autotroph",FALSE,"not_resolved","not_phaeocystis","peg_trophy_au_other","authority_rule_assignment_not_yet_applied_to_biomass"
"PEG_BVOL2026_stage5_v1",572036,"Elakatothrix gelatinosa","Elakatothrix","Klebsormidiophyceae","CHAROPHYTA","AU",2,"other_autotrophic_phytoplankton","","autotroph",FALSE,"not_resolved","not_phaeocystis","peg_trophy_au_other","authority_rule_assignment_not_yet_applied_to_biomass"
"PEG_BVOL2026_stage5_v1",572036,"Elakatothrix gelatinosa","Elakatothrix","Klebsormidiophyceae","CHAROPHYTA","AU",3,"other_autotrophic_phytoplankton","","autotroph",FALSE,"not_resolved","not_phaeocystis","peg_trophy_au_other","authority_rule_assignment_not_yet_applied_to_biomass"
"PEG_BVOL2026_stage5_v1",572036,"Elakatothrix gelatinosa","Elakatothrix","Klebsormidiophyceae","CHAROPHYTA","AU",4,"other_autotrophic_phytoplankton","","autotroph",FALSE,"not_resolved","not_phaeocystis","peg_trophy_au_other","authority_rule_assignment_not_yet_applied_to_biomass"
"PEG_BVOL2026_stage5_v1",572036,"Elakatothrix gelatinosa","Elakatothrix","Klebsormidiophyceae","CHAROPHYTA","AU",5,"other_autotrophic_phytoplankton","","autotroph",FALSE,"not_resolved","not_phaeocystis","peg_trophy_au_other","authority_rule_assignment_not_yet_applied_to_biomass"
"PEG_BVOL2026_stage5_v1",578431,"Elakatothrix genevensis","Elakatothrix","Klebsormidiophyceae","CHAROPHYTA","AU",1,"other_autotrophic_phytoplankton","","autotroph",FALSE,"not_resolved","not_phaeocystis","peg_trophy_au_other","authority_rule_assignment_not_yet_applied_to_biomass"
"PEG_BVOL2026_stage5_v1",578431,"Elakatothrix genevensis","Elakatothrix","Klebsormidiophyceae","CHAROPHYTA","AU",2,"other_autotrophic_phytoplankton","","autotroph",FALSE,"not_resolved","not_phaeocystis","peg_trophy_au_other","authority_rule_assignment_not_yet_applied_to_biomass"
"PEG_BVOL2026_stage5_v1",578431,"Elakatothrix genevensis","Elakatothrix","Klebsormidiophyceae","CHAROPHYTA","AU",3,"other_autotrophic_phytoplankton","","autotroph",FALSE,"not_resolved","not_phaeocystis","peg_trophy_au_other","authority_rule_assignment_not_yet_applied_to_biomass"
"PEG_BVOL2026_stage5_v1",578431,"Elakatothrix genevensis","Elakatothrix","Klebsormidiophyceae","CHAROPHYTA","AU",4,"other_autotrophic_phytoplankton","","autotroph",FALSE,"not_resolved","not_phaeocystis","peg_trophy_au_other","authority_rule_assignment_not_yet_applied_to_biomass"
"PEG_BVOL2026_stage5_v1",572035,"Elakatothrix","Elakatothrix","Klebsormidiophyceae","CHAROPHYTA","AU",1,"other_autotrophic_phytoplankton","","autotroph",FALSE,"not_resolved","not_phaeocystis","peg_trophy_au_other","authority_rule_assignment_not_yet_applied_to_biomass"
"PEG_BVOL2026_stage5_v1",572035,"Elakatothrix","Elakatothrix","Klebsormidiophyceae","CHAROPHYTA","AU",2,"other_autotrophic_phytoplankton","","autotroph",FALSE,"not_resolved","not_phaeocystis","peg_trophy_au_other","authority_rule_assignment_not_yet_applied_to_biomass"
"PEG_BVOL2026_stage5_v1",572035,"Elakatothrix","Elakatothrix","Klebsormidiophyceae","CHAROPHYTA","AU",4,"other_autotrophic_phytoplankton","","autotroph",FALSE,"not_resolved","not_phaeocystis","peg_trophy_au_other","authority_rule_assignment_not_yet_applied_to_biomass"
"PEG_BVOL2026_stage5_v1",572035,"Elakatothrix","Elakatothrix","Klebsormidiophyceae","CHAROPHYTA","AU",5,"other_autotrophic_phytoplankton","","autotroph",FALSE,"not_resolved","not_phaeocystis","peg_trophy_au_other","authority_rule_assignment_not_yet_applied_to_biomass"
"PEG_BVOL2026_stage5_v1",248137,"Mougeotia","Mougeotia","Conjugatophyceae","CHAROPHYTA","AU",1,"other_autotrophic_phytoplankton","","autotroph",FALSE,"not_resolved","not_phaeocystis","peg_trophy_au_other","authority_rule_assignment_not_yet_applied_to_biomass"
"PEG_BVOL2026_stage5_v1",248137,"Mougeotia","Mougeotia","Conjugatophyceae","CHAROPHYTA","AU",2,"other_autotrophic_phytoplankton","","autotroph",FALSE,"not_resolved","not_phaeocystis","peg_trophy_au_other","authority_rule_assignment_not_yet_applied_to_biomass"
"PEG_BVOL2026_stage5_v1",248137,"Mougeotia","Mougeotia","Conjugatophyceae","CHAROPHYTA","AU",3,"other_autotrophic_phytoplankton","","autotroph",FALSE,"not_resolved","not_phaeocystis","peg_trophy_au_other","authority_rule_assignment_not_yet_applied_to_biomass"
"PEG_BVOL2026_stage5_v1",248137,"Mougeotia","Mougeotia","Conjugatophyceae","CHAROPHYTA","AU",4,"other_autotrophic_phytoplankton","","autotroph",FALSE,"not_resolved","not_phaeocystis","peg_trophy_au_other","authority_rule_assignment_not_yet_applied_to_biomass"
"PEG_BVOL2026_stage5_v1",610800,"Mesostigma viride","Mesostigma","Mesostigmatophyceae","CHAROPHYTA","AU",1,"other_autotrophic_phytoplankton","","autotroph",FALSE,"not_resolved","not_phaeocystis","peg_trophy_au_other","authority_rule_assignment_not_yet_applied_to_biomass"
"PEG_BVOL2026_stage5_v1",17666,"Chlorodendrales","Chlorodendrales","Chlorodendrophyceae","CHLOROPHYTA","AU",1,"other_autotrophic_phytoplankton","","autotroph",FALSE,"not_resolved","not_phaeocystis","peg_trophy_au_other","authority_rule_assignment_not_yet_applied_to_biomass"
"PEG_BVOL2026_stage5_v1",17666,"Chlorodendrales","Chlorodendrales","Chlorodendrophyceae","CHLOROPHYTA","AU",2,"other_autotrophic_phytoplankton","","autotroph",FALSE,"not_resolved","not_phaeocystis","peg_trophy_au_other","authority_rule_assignment_not_yet_applied_to_biomass"
"PEG_BVOL2026_stage5_v1",17666,"Chlorodendrales","Chlorodendrales","Chlorodendrophyceae","CHLOROPHYTA","AU",3,"other_autotrophic_phytoplankton","","autotroph",FALSE,"not_resolved","not_phaeocystis","peg_trophy_au_other","authority_rule_assignment_not_yet_applied_to_biomass"
"PEG_BVOL2026_stage5_v1",160594,"Pachysphaera","Pachysphaera","Chlorodendrophyceae","CHLOROPHYTA","AU",1,"other_autotrophic_phytoplankton","","autotroph",FALSE,"not_resolved","not_phaeocystis","peg_trophy_au_other","authority_rule_assignment_not_yet_applied_to_biomass"
"PEG_BVOL2026_stage5_v1",160594,"Pachysphaera","Pachysphaera","Chlorodendrophyceae","CHLOROPHYTA","AU",2,"other_autotrophic_phytoplankton","","autotroph",FALSE,"not_resolved","not_phaeocystis","peg_trophy_au_other","authority_rule_assignment_not_yet_applied_to_biomass"
"PEG_BVOL2026_stage5_v1",248171,"Tetraselmis cordiformis","Tetraselmis","Chlorodendrophyceae","CHLOROPHYTA","AU",2,"other_autotrophic_phytoplankton","","autotroph",FALSE,"not_resolved","not_phaeocystis","peg_trophy_au_other","authority_rule_assignment_not_yet_applied_to_biomass"
"PEG_BVOL2026_stage5_v1",367250,"Carteria","Carteria","Chlorophyceae","CHLOROPHYTA","AU",1,"other_autotrophic_phytoplankton","","autotroph",FALSE,"not_resolved","not_phaeocystis","peg_trophy_au_other","authority_rule_assignment_not_yet_applied_to_biomass"
"PEG_BVOL2026_stage5_v1",367250,"Carteria","Carteria","Chlorophyceae","CHLOROPHYTA","AU",2,"other_autotrophic_phytoplankton","","autotroph",FALSE,"not_resolved","not_phaeocystis","peg_trophy_au_other","authority_rule_assignment_not_yet_applied_to_biomass"
"PEG_BVOL2026_stage5_v1",608478,"Chlamydocapsa ampla","Chlamydocapsa","Chlorophyceae","CHLOROPHYTA","AU",1,"other_autotrophic_phytoplankton","","autotroph",FALSE,"not_resolved","not_phaeocystis","peg_trophy_au_other","authority_rule_assignment_not_yet_applied_to_biomass"
"PEG_BVOL2026_stage5_v1",608478,"Chlamydocapsa ampla","Chlamydocapsa","Chlorophyceae","CHLOROPHYTA","AU",2,"other_autotrophic_phytoplankton","","autotroph",FALSE,"not_resolved","not_phaeocystis","peg_trophy_au_other","authority_rule_assignment_not_yet_applied_to_biomass"
"PEG_BVOL2026_stage5_v1",178583,"Chlamydomonas","Chlamydomonas","Chlorophyceae","CHLOROPHYTA","AU",1,"other_autotrophic_phytoplankton","","autotroph",FALSE,"not_resolved","not_phaeocystis","peg_trophy_au_other","authority_rule_assignment_not_yet_applied_to_biomass"
"PEG_BVOL2026_stage5_v1",178583,"Chlamydomonas","Chlamydomonas","Chlorophyceae","CHLOROPHYTA","AU",2,"other_autotrophic_phytoplankton","","autotroph",FALSE,"not_resolved","not_phaeocystis","peg_trophy_au_other","authority_rule_assignment_not_yet_applied_to_biomass"
"PEG_BVOL2026_stage5_v1",178583,"Chlamydomonas","Chlamydomonas","Chlorophyceae","CHLOROPHYTA","AU",3,"other_autotrophic_phytoplankton","","autotroph",FALSE,"not_resolved","not_phaeocystis","peg_trophy_au_other","authority_rule_assignment_not_yet_applied_to_biomass"
"PEG_BVOL2026_stage5_v1",178583,"Chlamydomonas","Chlamydomonas","Chlorophyceae","CHLOROPHYTA","AU",4,"other_autotrophic_phytoplankton","","autotroph",FALSE,"not_resolved","not_phaeocystis","peg_trophy_au_other","authority_rule_assignment_not_yet_applied_to_biomass"
"PEG_BVOL2026_stage5_v1",178583,"Chlamydomonas","Chlamydomonas","Chlorophyceae","CHLOROPHYTA","AU",5,"other_autotrophic_phytoplankton","","autotroph",FALSE,"not_resolved","not_phaeocystis","peg_trophy_au_other","authority_rule_assignment_not_yet_applied_to_biomass"
"PEG_BVOL2026_stage5_v1",178583,"Chlamydomonas","Chlamydomonas","Chlorophyceae","CHLOROPHYTA","AU",6,"other_autotrophic_phytoplankton","","autotroph",FALSE,"not_resolved","not_phaeocystis","peg_trophy_au_other","authority_rule_assignment_not_yet_applied_to_biomass"
"PEG_BVOL2026_stage5_v1",390665,"Eudorina elegans","Eudorina","Chlorophyceae","CHLOROPHYTA","AU",1,"other_autotrophic_phytoplankton","","autotroph",FALSE,"not_resolved","not_phaeocystis","peg_trophy_au_other","authority_rule_assignment_not_yet_applied_to_biomass"
"PEG_BVOL2026_stage5_v1",390665,"Eudorina elegans","Eudorina","Chlorophyceae","CHLOROPHYTA","AU",2,"other_autotrophic_phytoplankton","","autotroph",FALSE,"not_resolved","not_phaeocystis","peg_trophy_au_other","authority_rule_assignment_not_yet_applied_to_biomass"
"PEG_BVOL2026_stage5_v1",616522,"Eudorina unicocca","Eudorina","Chlorophyceae","CHLOROPHYTA","AU",1,"other_autotrophic_phytoplankton","","autotroph",FALSE,"not_resolved","not_phaeocystis","peg_trophy_au_other","authority_rule_assignment_not_yet_applied_to_biomass"
"PEG_BVOL2026_stage5_v1",616522,"Eudorina unicocca","Eudorina","Chlorophyceae","CHLOROPHYTA","AU",2,"other_autotrophic_phytoplankton","","autotroph",FALSE,"not_resolved","not_phaeocystis","peg_trophy_au_other","authority_rule_assignment_not_yet_applied_to_biomass"
"PEG_BVOL2026_stage5_v1",616522,"Eudorina unicocca","Eudorina","Chlorophyceae","CHLOROPHYTA","AU",3,"other_autotrophic_phytoplankton","","autotroph",FALSE,"not_resolved","not_phaeocystis","peg_trophy_au_other","authority_rule_assignment_not_yet_applied_to_biomass"
"PEG_BVOL2026_stage5_v1",616522,"Eudorina unicocca","Eudorina","Chlorophyceae","CHLOROPHYTA","AU",4,"other_autotrophic_phytoplankton","","autotroph",FALSE,"not_resolved","not_phaeocystis","peg_trophy_au_other","authority_rule_assignment_not_yet_applied_to_biomass"
"PEG_BVOL2026_stage5_v1",616522,"Eudorina unicocca","Eudorina","Chlorophyceae","CHLOROPHYTA","AU",5,"other_autotrophic_phytoplankton","","autotroph",FALSE,"not_resolved","not_phaeocystis","peg_trophy_au_other","authority_rule_assignment_not_yet_applied_to_biomass"
"PEG_BVOL2026_stage5_v1",661077,"Fusola viridis","Fusola","Chlorophyceae","CHLOROPHYTA","AU",2,"other_autotrophic_phytoplankton","","autotroph",FALSE,"not_resolved","not_phaeocystis","peg_trophy_au_other","authority_rule_assignment_not_yet_applied_to_biomass"
"PEG_BVOL2026_stage5_v1",624375,"Mychonastes jurisii","Mychonastes","Chlorophyceae","CHLOROPHYTA","AU",1,"other_autotrophic_phytoplankton","","autotroph",FALSE,"not_resolved","not_phaeocystis","peg_trophy_au_other","authority_rule_assignment_not_yet_applied_to_biomass"
"PEG_BVOL2026_stage5_v1",578226,"Mychonastes elegans","Mychonastes","Chlorophyceae","CHLOROPHYTA","AU",1,"other_autotrophic_phytoplankton","","autotroph",FALSE,"not_resolved","not_phaeocystis","peg_trophy_au_other","authority_rule_assignment_not_yet_applied_to_biomass"
"PEG_BVOL2026_stage5_v1",577877,"Pandorina morum","Pandorina","Chlorophyceae","CHLOROPHYTA","AU",1,"other_autotrophic_phytoplankton","","autotroph",FALSE,"not_resolved","not_phaeocystis","peg_trophy_au_other","authority_rule_assignment_not_yet_applied_to_biomass"
"PEG_BVOL2026_stage5_v1",577877,"Pandorina morum","Pandorina","Chlorophyceae","CHLOROPHYTA","AU",2,"other_autotrophic_phytoplankton","","autotroph",FALSE,"not_resolved","not_phaeocystis","peg_trophy_au_other","authority_rule_assignment_not_yet_applied_to_biomass"
"PEG_BVOL2026_stage5_v1",577877,"Pandorina morum","Pandorina","Chlorophyceae","CHLOROPHYTA","AU",3,"other_autotrophic_phytoplankton","","autotroph",FALSE,"not_resolved","not_phaeocystis","peg_trophy_au_other","authority_rule_assignment_not_yet_applied_to_biomass"
"PEG_BVOL2026_stage5_v1",577877,"Pandorina morum","Pandorina","Chlorophyceae","CHLOROPHYTA","AU",4,"other_autotrophic_phytoplankton","","autotroph",FALSE,"not_resolved","not_phaeocystis","peg_trophy_au_other","authority_rule_assignment_not_yet_applied_to_biomass"
"PEG_BVOL2026_stage5_v1",577877,"Pandorina morum","Pandorina","Chlorophyceae","CHLOROPHYTA","AU",5,"other_autotrophic_phytoplankton","","autotroph",FALSE,"not_resolved","not_phaeocystis","peg_trophy_au_other","authority_rule_assignment_not_yet_applied_to_biomass"
"PEG_BVOL2026_stage5_v1",577877,"Pandorina morum","Pandorina","Chlorophyceae","CHLOROPHYTA","AU",6,"other_autotrophic_phytoplankton","","autotroph",FALSE,"not_resolved","not_phaeocystis","peg_trophy_au_other","authority_rule_assignment_not_yet_applied_to_biomass"
"PEG_BVOL2026_stage5_v1",577877,"Pandorina morum","Pandorina","Chlorophyceae","CHLOROPHYTA","AU",7,"other_autotrophic_phytoplankton","","autotroph",FALSE,"not_resolved","not_phaeocystis","peg_trophy_au_other","authority_rule_assignment_not_yet_applied_to_biomass"
"PEG_BVOL2026_stage5_v1",577877,"Pandorina morum","Pandorina","Chlorophyceae","CHLOROPHYTA","AU",8,"other_autotrophic_phytoplankton","","autotroph",FALSE,"not_resolved","not_phaeocystis","peg_trophy_au_other","authority_rule_assignment_not_yet_applied_to_biomass"
"PEG_BVOL2026_stage5_v1",577877,"Pandorina morum","Pandorina","Chlorophyceae","CHLOROPHYTA","AU",9,"other_autotrophic_phytoplankton","","autotroph",FALSE,"not_resolved","not_phaeocystis","peg_trophy_au_other","authority_rule_assignment_not_yet_applied_to_biomass"
"PEG_BVOL2026_stage5_v1",577877,"Pandorina morum","Pandorina","Chlorophyceae","CHLOROPHYTA","AU",10,"other_autotrophic_phytoplankton","","autotroph",FALSE,"not_resolved","not_phaeocystis","peg_trophy_au_other","authority_rule_assignment_not_yet_applied_to_biomass"
"PEG_BVOL2026_stage5_v1",577877,"Pandorina morum","Pandorina","Chlorophyceae","CHLOROPHYTA","AU",11,"other_autotrophic_phytoplankton","","autotroph",FALSE,"not_resolved","not_phaeocystis","peg_trophy_au_other","authority_rule_assignment_not_yet_applied_to_biomass"
"PEG_BVOL2026_stage5_v1",577877,"Pandorina morum","Pandorina","Chlorophyceae","CHLOROPHYTA","AU",12,"other_autotrophic_phytoplankton","","autotroph",FALSE,"not_resolved","not_phaeocystis","peg_trophy_au_other","authority_rule_assignment_not_yet_applied_to_biomass"
"PEG_BVOL2026_stage5_v1",577877,"Pandorina morum","Pandorina","Chlorophyceae","CHLOROPHYTA","AU",13,"other_autotrophic_phytoplankton","","autotroph",FALSE,"not_resolved","not_phaeocystis","peg_trophy_au_other","authority_rule_assignment_not_yet_applied_to_biomass"
"PEG_BVOL2026_stage5_v1",577877,"Pandorina morum","Pandorina","Chlorophyceae","CHLOROPHYTA","AU",14,"other_autotrophic_phytoplankton","","autotroph",FALSE,"not_resolved","not_phaeocystis","peg_trophy_au_other","authority_rule_assignment_not_yet_applied_to_biomass"
"PEG_BVOL2026_stage5_v1",577877,"Pandorina morum","Pandorina","Chlorophyceae","CHLOROPHYTA","AU",15,"other_autotrophic_phytoplankton","","autotroph",FALSE,"not_resolved","not_phaeocystis","peg_trophy_au_other","authority_rule_assignment_not_yet_applied_to_biomass"
"PEG_BVOL2026_stage5_v1",577877,"Pandorina morum","Pandorina","Chlorophyceae","CHLOROPHYTA","AU",16,"other_autotrophic_phytoplankton","","autotroph",FALSE,"not_resolved","not_phaeocystis","peg_trophy_au_other","authority_rule_assignment_not_yet_applied_to_biomass"
"PEG_BVOL2026_stage5_v1",577877,"Pandorina morum","Pandorina","Chlorophyceae","CHLOROPHYTA","AU",17,"other_autotrophic_phytoplankton","","autotroph",FALSE,"not_resolved","not_phaeocystis","peg_trophy_au_other","authority_rule_assignment_not_yet_applied_to_biomass"
"PEG_BVOL2026_stage5_v1",577877,"Pandorina morum","Pandorina","Chlorophyceae","CHLOROPHYTA","AU",18,"other_autotrophic_phytoplankton","","autotroph",FALSE,"not_resolved","not_phaeocystis","peg_trophy_au_other","authority_rule_assignment_not_yet_applied_to_biomass"
"PEG_BVOL2026_stage5_v1",577877,"Pandorina morum","Pandorina","Chlorophyceae","CHLOROPHYTA","AU",19,"other_autotrophic_phytoplankton","","autotroph",FALSE,"not_resolved","not_phaeocystis","peg_trophy_au_other","authority_rule_assignment_not_yet_applied_to_biomass"
"PEG_BVOL2026_stage5_v1",577877,"Pandorina morum","Pandorina","Chlorophyceae","CHLOROPHYTA","AU",20,"other_autotrophic_phytoplankton","","autotroph",FALSE,"not_resolved","not_phaeocystis","peg_trophy_au_other","authority_rule_assignment_not_yet_applied_to_biomass"
"PEG_BVOL2026_stage5_v1",577877,"Pandorina morum","Pandorina","Chlorophyceae","CHLOROPHYTA","AU",21,"other_autotrophic_phytoplankton","","autotroph",FALSE,"not_resolved","not_phaeocystis","peg_trophy_au_other","authority_rule_assignment_not_yet_applied_to_biomass"
"PEG_BVOL2026_stage5_v1",577877,"Pandorina morum","Pandorina","Chlorophyceae","CHLOROPHYTA","AU",22,"other_autotrophic_phytoplankton","","autotroph",FALSE,"not_resolved","not_phaeocystis","peg_trophy_au_other","authority_rule_assignment_not_yet_applied_to_biomass"
"PEG_BVOL2026_stage5_v1",577877,"Pandorina morum","Pandorina","Chlorophyceae","CHLOROPHYTA","AU",23,"other_autotrophic_phytoplankton","","autotroph",FALSE,"not_resolved","not_phaeocystis","peg_trophy_au_other","authority_rule_assignment_not_yet_applied_to_biomass"
"PEG_BVOL2026_stage5_v1",577877,"Pandorina morum","Pandorina","Chlorophyceae","CHLOROPHYTA","AU",24,"other_autotrophic_phytoplankton","","autotroph",FALSE,"not_resolved","not_phaeocystis","peg_trophy_au_other","authority_rule_assignment_not_yet_applied_to_biomass"
"PEG_BVOL2026_stage5_v1",577877,"Pandorina morum","Pandorina","Chlorophyceae","CHLOROPHYTA","AU",25,"other_autotrophic_phytoplankton","","autotroph",FALSE,"not_resolved","not_phaeocystis","peg_trophy_au_other","authority_rule_assignment_not_yet_applied_to_biomass"
"PEG_BVOL2026_stage5_v1",577877,"Pandorina morum","Pandorina","Chlorophyceae","CHLOROPHYTA","AU",26,"other_autotrophic_phytoplankton","","autotroph",FALSE,"not_resolved","not_phaeocystis","peg_trophy_au_other","authority_rule_assignment_not_yet_applied_to_biomass"
"PEG_BVOL2026_stage5_v1",577877,"Pandorina morum","Pandorina","Chlorophyceae","CHLOROPHYTA","AU",27,"other_autotrophic_phytoplankton","","autotroph",FALSE,"not_resolved","not_phaeocystis","peg_trophy_au_other","authority_rule_assignment_not_yet_applied_to_biomass"
"PEG_BVOL2026_stage5_v1",577877,"Pandorina morum","Pandorina","Chlorophyceae","CHLOROPHYTA","AU",28,"other_autotrophic_phytoplankton","","autotroph",FALSE,"not_resolved","not_phaeocystis","peg_trophy_au_other","authority_rule_assignment_not_yet_applied_to_biomass"
"PEG_BVOL2026_stage5_v1",577877,"Pandorina morum","Pandorina","Chlorophyceae","CHLOROPHYTA","AU",29,"other_autotrophic_phytoplankton","","autotroph",FALSE,"not_resolved","not_phaeocystis","peg_trophy_au_other","authority_rule_assignment_not_yet_applied_to_biomass"
"PEG_BVOL2026_stage5_v1",577877,"Pandorina morum","Pandorina","Chlorophyceae","CHLOROPHYTA","AU",30,"other_autotrophic_phytoplankton","","autotroph",FALSE,"not_resolved","not_phaeocystis","peg_trophy_au_other","authority_rule_assignment_not_yet_applied_to_biomass"
"PEG_BVOL2026_stage5_v1",577877,"Pandorina morum","Pandorina","Chlorophyceae","CHLOROPHYTA","AU",31,"other_autotrophic_phytoplankton","","autotroph",FALSE,"not_resolved","not_phaeocystis","peg_trophy_au_other","authority_rule_assignment_not_yet_applied_to_biomass"
"PEG_BVOL2026_stage5_v1",577877,"Pandorina morum","Pandorina","Chlorophyceae","CHLOROPHYTA","AU",32,"other_autotrophic_phytoplankton","","autotroph",FALSE,"not_resolved","not_phaeocystis","peg_trophy_au_other","authority_rule_assignment_not_yet_applied_to_biomass"
"PEG_BVOL2026_stage5_v1",577877,"Pandorina morum","Pandorina","Chlorophyceae","CHLOROPHYTA","AU",33,"other_autotrophic_phytoplankton","","autotroph",FALSE,"not_resolved","not_phaeocystis","peg_trophy_au_other","authority_rule_assignment_not_yet_applied_to_biomass"
"PEG_BVOL2026_stage5_v1",577877,"Pandorina morum","Pandorina","Chlorophyceae","CHLOROPHYTA","AU",34,"other_autotrophic_phytoplankton","","autotroph",FALSE,"not_resolved","not_phaeocystis","peg_trophy_au_other","authority_rule_assignment_not_yet_applied_to_biomass"
"PEG_BVOL2026_stage5_v1",577877,"Pandorina morum","Pandorina","Chlorophyceae","CHLOROPHYTA","AU",35,"other_autotrophic_phytoplankton","","autotroph",FALSE,"not_resolved","not_phaeocystis","peg_trophy_au_other","authority_rule_assignment_not_yet_applied_to_biomass"
"PEG_BVOL2026_stage5_v1",577877,"Pandorina morum","Pandorina","Chlorophyceae","CHLOROPHYTA","AU",36,"other_autotrophic_phytoplankton","","autotroph",FALSE,"not_resolved","not_phaeocystis","peg_trophy_au_other","authority_rule_assignment_not_yet_applied_to_biomass"
"PEG_BVOL2026_stage5_v1",577877,"Pandorina morum","Pandorina","Chlorophyceae","CHLOROPHYTA","AU",37,"other_autotrophic_phytoplankton","","autotroph",FALSE,"not_resolved","not_phaeocystis","peg_trophy_au_other","authority_rule_assignment_not_yet_applied_to_biomass"
"PEG_BVOL2026_stage5_v1",577877,"Pandorina morum","Pandorina","Chlorophyceae","CHLOROPHYTA","AU",38,"other_autotrophic_phytoplankton","","autotroph",FALSE,"not_resolved","not_phaeocystis","peg_trophy_au_other","authority_rule_assignment_not_yet_applied_to_biomass"
"PEG_BVOL2026_stage5_v1",577877,"Pandorina morum","Pandorina","Chlorophyceae","CHLOROPHYTA","AU",39,"other_autotrophic_phytoplankton","","autotroph",FALSE,"not_resolved","not_phaeocystis","peg_trophy_au_other","authority_rule_assignment_not_yet_applied_to_biomass"
"PEG_BVOL2026_stage5_v1",577877,"Pandorina morum","Pandorina","Chlorophyceae","CHLOROPHYTA","AU",40,"other_autotrophic_phytoplankton","","autotroph",FALSE,"not_resolved","not_phaeocystis","peg_trophy_au_other","authority_rule_assignment_not_yet_applied_to_biomass"
"PEG_BVOL2026_stage5_v1",577877,"Pandorina morum","Pandorina","Chlorophyceae","CHLOROPHYTA","AU",41,"other_autotrophic_phytoplankton","","autotroph",FALSE,"not_resolved","not_phaeocystis","peg_trophy_au_other","authority_rule_assignment_not_yet_applied_to_biomass"
"PEG_BVOL2026_stage5_v1",577877,"Pandorina morum","Pandorina","Chlorophyceae","CHLOROPHYTA","AU",42,"other_autotrophic_phytoplankton","","autotroph",FALSE,"not_resolved","not_phaeocystis","peg_trophy_au_other","authority_rule_assignment_not_yet_applied_to_biomass"
"PEG_BVOL2026_stage5_v1",610838,"Paulschulzia tenera","Paulschulzia","Chlorophyceae","CHLOROPHYTA","AU",1,"other_autotrophic_phytoplankton","","autotroph",FALSE,"not_resolved","not_phaeocystis","peg_trophy_au_other","authority_rule_assignment_not_yet_applied_to_biomass"
"PEG_BVOL2026_stage5_v1",,"Paulschulzia ","Paulschulzia","Chlorophyceae","CHLOROPHYTA","AU",1,"other_autotrophic_phytoplankton","","autotroph",FALSE,"not_resolved","not_phaeocystis","peg_trophy_au_other","authority_rule_assignment_not_yet_applied_to_biomass"
"PEG_BVOL2026_stage5_v1",577724,"Phacotus","Phacotus","Chlorophyceae","CHLOROPHYTA","AU",1,"other_autotrophic_phytoplankton","","autotroph",FALSE,"not_resolved","not_phaeocystis","peg_trophy_au_other","authority_rule_assignment_not_yet_applied_to_biomass"
"PEG_BVOL2026_stage5_v1",341343,"Polytoma","Polytoma","Chlorophyceae","CHLOROPHYTA","AU",1,"other_autotrophic_phytoplankton","","autotroph",FALSE,"not_resolved","not_phaeocystis","peg_trophy_au_other","authority_rule_assignment_not_yet_applied_to_biomass"
"PEG_BVOL2026_stage5_v1",341343,"Polytoma","Polytoma","Chlorophyceae","CHLOROPHYTA","AU",2,"other_autotrophic_phytoplankton","","autotroph",FALSE,"not_resolved","not_phaeocystis","peg_trophy_au_other","authority_rule_assignment_not_yet_applied_to_biomass"
"PEG_BVOL2026_stage5_v1",592874,"Pseudosphaerocystis lacustris","Pseudosphaerocystis","Chlorophyceae","CHLOROPHYTA","AU",1,"other_autotrophic_phytoplankton","","autotroph",FALSE,"not_resolved","not_phaeocystis","peg_trophy_au_other","authority_rule_assignment_not_yet_applied_to_biomass"
"PEG_BVOL2026_stage5_v1",592874,"Pseudosphaerocystis lacustris","Pseudosphaerocystis","Chlorophyceae","CHLOROPHYTA","AU",2,"other_autotrophic_phytoplankton","","autotroph",FALSE,"not_resolved","not_phaeocystis","peg_trophy_au_other","authority_rule_assignment_not_yet_applied_to_biomass"
"PEG_BVOL2026_stage5_v1",576717,"Treubaria triappendiculata","Treubaria","Chlorophyceae","CHLOROPHYTA","AU",1,"other_autotrophic_phytoplankton","","autotroph",FALSE,"not_resolved","not_phaeocystis","peg_trophy_au_other","authority_rule_assignment_not_yet_applied_to_biomass"
"PEG_BVOL2026_stage5_v1",576717,"Treubaria triappendiculata","Treubaria","Chlorophyceae","CHLOROPHYTA","AU",2,"other_autotrophic_phytoplankton","","autotroph",FALSE,"not_resolved","not_phaeocystis","peg_trophy_au_other","authority_rule_assignment_not_yet_applied_to_biomass"
"PEG_BVOL2026_stage5_v1",576717,"Treubaria triappendiculata","Treubaria","Chlorophyceae","CHLOROPHYTA","AU",3,"other_autotrophic_phytoplankton","","autotroph",FALSE,"not_resolved","not_phaeocystis","peg_trophy_au_other","authority_rule_assignment_not_yet_applied_to_biomass"
"PEG_BVOL2026_stage5_v1",576717,"Treubaria triappendiculata","Treubaria","Chlorophyceae","CHLOROPHYTA","AU",4,"other_autotrophic_phytoplankton","","autotroph",FALSE,"not_resolved","not_phaeocystis","peg_trophy_au_other","authority_rule_assignment_not_yet_applied_to_biomass"
"PEG_BVOL2026_stage5_v1",577869,"Lobocystis","Lobocystis","Chlorophyceae","CHLOROPHYTA","AU",1,"other_autotrophic_phytoplankton","","autotroph",FALSE,"not_resolved","not_phaeocystis","peg_trophy_au_other","authority_rule_assignment_not_yet_applied_to_biomass"
"PEG_BVOL2026_stage5_v1",577869,"Lobocystis","Lobocystis","Chlorophyceae","CHLOROPHYTA","AU",2,"other_autotrophic_phytoplankton","","autotroph",FALSE,"not_resolved","not_phaeocystis","peg_trophy_au_other","authority_rule_assignment_not_yet_applied_to_biomass"
"PEG_BVOL2026_stage5_v1",840479,"Acutodesmus acutiformis","Acutodesmus","Chlorophyceae","CHLOROPHYTA","AU",2,"other_autotrophic_phytoplankton","","autotroph",FALSE,"not_resolved","not_phaeocystis","peg_trophy_au_other","authority_rule_assignment_not_yet_applied_to_biomass"
"PEG_BVOL2026_stage5_v1",575733,"Ankistrodesmus arcuatus","Ankistrodesmus","Chlorophyceae","CHLOROPHYTA","AU",5,"other_autotrophic_phytoplankton","","autotroph",FALSE,"not_resolved","not_phaeocystis","peg_trophy_au_other","authority_rule_assignment_not_yet_applied_to_biomass"
"PEG_BVOL2026_stage5_v1",575733,"Ankistrodesmus arcuatus","Ankistrodesmus","Chlorophyceae","CHLOROPHYTA","AU",6,"other_autotrophic_phytoplankton","","autotroph",FALSE,"not_resolved","not_phaeocystis","peg_trophy_au_other","authority_rule_assignment_not_yet_applied_to_biomass"
"PEG_BVOL2026_stage5_v1",575733,"Ankistrodesmus arcuatus","Ankistrodesmus","Chlorophyceae","CHLOROPHYTA","AU",7,"other_autotrophic_phytoplankton","","autotroph",FALSE,"not_resolved","not_phaeocystis","peg_trophy_au_other","authority_rule_assignment_not_yet_applied_to_biomass"
"PEG_BVOL2026_stage5_v1",575733,"Ankistrodesmus arcuatus","Ankistrodesmus","Chlorophyceae","CHLOROPHYTA","AU",8,"other_autotrophic_phytoplankton","","autotroph",FALSE,"not_resolved","not_phaeocystis","peg_trophy_au_other","authority_rule_assignment_not_yet_applied_to_biomass"
"PEG_BVOL2026_stage5_v1",163490,"Ankistrodesmus falcatus","Ankistrodesmus","Chlorophyceae","CHLOROPHYTA","AU",4,"other_autotrophic_phytoplankton","","autotroph",FALSE,"not_resolved","not_phaeocystis","peg_trophy_au_other","authority_rule_assignment_not_yet_applied_to_biomass"
"PEG_BVOL2026_stage5_v1",163490,"Ankistrodesmus falcatus","Ankistrodesmus","Chlorophyceae","CHLOROPHYTA","AU",5,"other_autotrophic_phytoplankton","","autotroph",FALSE,"not_resolved","not_phaeocystis","peg_trophy_au_other","authority_rule_assignment_not_yet_applied_to_biomass"
"PEG_BVOL2026_stage5_v1",163490,"Ankistrodesmus falcatus","Ankistrodesmus","Chlorophyceae","CHLOROPHYTA","AU",6,"other_autotrophic_phytoplankton","","autotroph",FALSE,"not_resolved","not_phaeocystis","peg_trophy_au_other","authority_rule_assignment_not_yet_applied_to_biomass"
"PEG_BVOL2026_stage5_v1",608578,"Ankistrodesmus fusiformis","Ankistrodesmus","Chlorophyceae","CHLOROPHYTA","AU",1,"other_autotrophic_phytoplankton","","autotroph",FALSE,"not_resolved","not_phaeocystis","peg_trophy_au_other","authority_rule_assignment_not_yet_applied_to_biomass"
"PEG_BVOL2026_stage5_v1",572080,"Ankyra judayi","Ankyra","Chlorophyceae","CHLOROPHYTA","AU",3,"other_autotrophic_phytoplankton","","autotroph",FALSE,"not_resolved","not_phaeocystis","peg_trophy_au_other","authority_rule_assignment_not_yet_applied_to_biomass"
"PEG_BVOL2026_stage5_v1",160551,"Coelastrum astroideum","Coelastrum","Chlorophyceae","CHLOROPHYTA","AU",1,"other_autotrophic_phytoplankton","","autotroph",FALSE,"not_resolved","not_phaeocystis","peg_trophy_au_other","authority_rule_assignment_not_yet_applied_to_biomass"
"PEG_BVOL2026_stage5_v1",160551,"Coelastrum astroideum","Coelastrum","Chlorophyceae","CHLOROPHYTA","AU",2,"other_autotrophic_phytoplankton","","autotroph",FALSE,"not_resolved","not_phaeocystis","peg_trophy_au_other","authority_rule_assignment_not_yet_applied_to_biomass"
"PEG_BVOL2026_stage5_v1",160551,"Coelastrum astroideum","Coelastrum","Chlorophyceae","CHLOROPHYTA","AU",3,"other_autotrophic_phytoplankton","","autotroph",FALSE,"not_resolved","not_phaeocystis","peg_trophy_au_other","authority_rule_assignment_not_yet_applied_to_biomass"
"PEG_BVOL2026_stage5_v1",163975,"Coelastrum microporum","Coelastrum","Chlorophyceae","CHLOROPHYTA","AU",1,"other_autotrophic_phytoplankton","","autotroph",FALSE,"not_resolved","not_phaeocystis","peg_trophy_au_other","authority_rule_assignment_not_yet_applied_to_biomass"
"PEG_BVOL2026_stage5_v1",163975,"Coelastrum microporum","Coelastrum","Chlorophyceae","CHLOROPHYTA","AU",2,"other_autotrophic_phytoplankton","","autotroph",FALSE,"not_resolved","not_phaeocystis","peg_trophy_au_other","authority_rule_assignment_not_yet_applied_to_biomass"
"PEG_BVOL2026_stage5_v1",163975,"Coelastrum microporum","Coelastrum","Chlorophyceae","CHLOROPHYTA","AU",3,"other_autotrophic_phytoplankton","","autotroph",FALSE,"not_resolved","not_phaeocystis","peg_trophy_au_other","authority_rule_assignment_not_yet_applied_to_biomass"
"PEG_BVOL2026_stage5_v1",163975,"Coelastrum microporum","Coelastrum","Chlorophyceae","CHLOROPHYTA","AU",4,"other_autotrophic_phytoplankton","","autotroph",FALSE,"not_resolved","not_phaeocystis","peg_trophy_au_other","authority_rule_assignment_not_yet_applied_to_biomass"
"PEG_BVOL2026_stage5_v1",578217,"Coelastrum pseudomicroporum","Coelastrum","Chlorophyceae","CHLOROPHYTA","AU",1,"other_autotrophic_phytoplankton","","autotroph",FALSE,"not_resolved","not_phaeocystis","peg_trophy_au_other","authority_rule_assignment_not_yet_applied_to_biomass"
"PEG_BVOL2026_stage5_v1",578217,"Coelastrum pseudomicroporum","Coelastrum","Chlorophyceae","CHLOROPHYTA","AU",2,"other_autotrophic_phytoplankton","","autotroph",FALSE,"not_resolved","not_phaeocystis","peg_trophy_au_other","authority_rule_assignment_not_yet_applied_to_biomass"
"PEG_BVOL2026_stage5_v1",164063,"Coelastrum sphaericum","Coelastrum","Chlorophyceae","CHLOROPHYTA","AU",1,"other_autotrophic_phytoplankton","","autotroph",FALSE,"not_resolved","not_phaeocystis","peg_trophy_au_other","authority_rule_assignment_not_yet_applied_to_biomass"
"PEG_BVOL2026_stage5_v1",160550,"Coelastrum","Coelastrum","Chlorophyceae","CHLOROPHYTA","AU",1,"other_autotrophic_phytoplankton","","autotroph",FALSE,"not_resolved","not_phaeocystis","peg_trophy_au_other","authority_rule_assignment_not_yet_applied_to_biomass"
"PEG_BVOL2026_stage5_v1",616612,"Coenocystis planctonica","Coenocystis","Chlorophyceae","CHLOROPHYTA","AU",1,"other_autotrophic_phytoplankton","","autotroph",FALSE,"not_resolved","not_phaeocystis","peg_trophy_au_other","authority_rule_assignment_not_yet_applied_to_biomass"
"PEG_BVOL2026_stage5_v1",612498,"Desmodesmus abundans","Desmodesmus","Chlorophyceae","CHLOROPHYTA","AU",1,"other_autotrophic_phytoplankton","","autotroph",FALSE,"not_resolved","not_phaeocystis","peg_trophy_au_other","authority_rule_assignment_not_yet_applied_to_biomass"
"PEG_BVOL2026_stage5_v1",612498,"Desmodesmus abundans","Desmodesmus","Chlorophyceae","CHLOROPHYTA","AU",2,"other_autotrophic_phytoplankton","","autotroph",FALSE,"not_resolved","not_phaeocystis","peg_trophy_au_other","authority_rule_assignment_not_yet_applied_to_biomass"
"PEG_BVOL2026_stage5_v1",612498,"Desmodesmus abundans","Desmodesmus","Chlorophyceae","CHLOROPHYTA","AU",3,"other_autotrophic_phytoplankton","","autotroph",FALSE,"not_resolved","not_phaeocystis","peg_trophy_au_other","authority_rule_assignment_not_yet_applied_to_biomass"
"PEG_BVOL2026_stage5_v1",612499,"Desmodesmus armatus","Desmodesmus","Chlorophyceae","CHLOROPHYTA","AU",1,"other_autotrophic_phytoplankton","","autotroph",FALSE,"not_resolved","not_phaeocystis","peg_trophy_au_other","authority_rule_assignment_not_yet_applied_to_biomass"
"PEG_BVOL2026_stage5_v1",612499,"Desmodesmus armatus","Desmodesmus","Chlorophyceae","CHLOROPHYTA","AU",2,"other_autotrophic_phytoplankton","","autotroph",FALSE,"not_resolved","not_phaeocystis","peg_trophy_au_other","authority_rule_assignment_not_yet_applied_to_biomass"
"PEG_BVOL2026_stage5_v1",612499,"Desmodesmus armatus","Desmodesmus","Chlorophyceae","CHLOROPHYTA","AU",3,"other_autotrophic_phytoplankton","","autotroph",FALSE,"not_resolved","not_phaeocystis","peg_trophy_au_other","authority_rule_assignment_not_yet_applied_to_biomass"
"PEG_BVOL2026_stage5_v1",612499,"Desmodesmus armatus","Desmodesmus","Chlorophyceae","CHLOROPHYTA","AU",4,"other_autotrophic_phytoplankton","","autotroph",FALSE,"not_resolved","not_phaeocystis","peg_trophy_au_other","authority_rule_assignment_not_yet_applied_to_biomass"
"PEG_BVOL2026_stage5_v1",612499,"Desmodesmus armatus","Desmodesmus","Chlorophyceae","CHLOROPHYTA","AU",5,"other_autotrophic_phytoplankton","","autotroph",FALSE,"not_resolved","not_phaeocystis","peg_trophy_au_other","authority_rule_assignment_not_yet_applied_to_biomass"
"PEG_BVOL2026_stage5_v1",1304622,"Desmodesmus armatus var. armatus","Desmodesmus","Chlorophyceae","CHLOROPHYTA","AU",1,"other_autotrophic_phytoplankton","","autotroph",FALSE,"not_resolved","not_phaeocystis","peg_trophy_au_other","authority_rule_assignment_not_yet_applied_to_biomass"
"PEG_BVOL2026_stage5_v1",1304622,"Desmodesmus armatus var. armatus","Desmodesmus","Chlorophyceae","CHLOROPHYTA","AU",2,"other_autotrophic_phytoplankton","","autotroph",FALSE,"not_resolved","not_phaeocystis","peg_trophy_au_other","authority_rule_assignment_not_yet_applied_to_biomass"
"PEG_BVOL2026_stage5_v1",1304622,"Desmodesmus armatus var. armatus","Desmodesmus","Chlorophyceae","CHLOROPHYTA","AU",3,"other_autotrophic_phytoplankton","","autotroph",FALSE,"not_resolved","not_phaeocystis","peg_trophy_au_other","authority_rule_assignment_not_yet_applied_to_biomass"
"PEG_BVOL2026_stage5_v1",1304622,"Desmodesmus armatus var. armatus","Desmodesmus","Chlorophyceae","CHLOROPHYTA","AU",4,"other_autotrophic_phytoplankton","","autotroph",FALSE,"not_resolved","not_phaeocystis","peg_trophy_au_other","authority_rule_assignment_not_yet_applied_to_biomass"
"PEG_BVOL2026_stage5_v1",1304622,"Desmodesmus armatus var. armatus","Desmodesmus","Chlorophyceae","CHLOROPHYTA","AU",5,"other_autotrophic_phytoplankton","","autotroph",FALSE,"not_resolved","not_phaeocystis","peg_trophy_au_other","authority_rule_assignment_not_yet_applied_to_biomass"
"PEG_BVOL2026_stage5_v1",672032,"Desmodesmus armatus var. bicaudatus","Desmodesmus","Chlorophyceae","CHLOROPHYTA","AU",1,"other_autotrophic_phytoplankton","","autotroph",FALSE,"not_resolved","not_phaeocystis","peg_trophy_au_other","authority_rule_assignment_not_yet_applied_to_biomass"
"PEG_BVOL2026_stage5_v1",675366,"Desmodesmus armatus var. spinosus","Desmodesmus","Chlorophyceae","CHLOROPHYTA","AU",1,"other_autotrophic_phytoplankton","","autotroph",FALSE,"not_resolved","not_phaeocystis","peg_trophy_au_other","authority_rule_assignment_not_yet_applied_to_biomass"
"PEG_BVOL2026_stage5_v1",249712,"Desmodesmus bicellularis","Desmodesmus","Chlorophyceae","CHLOROPHYTA","AU",1,"other_autotrophic_phytoplankton","","autotroph",FALSE,"not_resolved","not_phaeocystis","peg_trophy_au_other","authority_rule_assignment_not_yet_applied_to_biomass"
"PEG_BVOL2026_stage5_v1",612500,"Desmodesmus brasiliensis","Desmodesmus","Chlorophyceae","CHLOROPHYTA","AU",1,"other_autotrophic_phytoplankton","","autotroph",FALSE,"not_resolved","not_phaeocystis","peg_trophy_au_other","authority_rule_assignment_not_yet_applied_to_biomass"
"PEG_BVOL2026_stage5_v1",576237,"Desmodesmus communis","Desmodesmus","Chlorophyceae","CHLOROPHYTA","AU",1,"other_autotrophic_phytoplankton","","autotroph",FALSE,"not_resolved","not_phaeocystis","peg_trophy_au_other","authority_rule_assignment_not_yet_applied_to_biomass"
"PEG_BVOL2026_stage5_v1",576237,"Desmodesmus communis","Desmodesmus","Chlorophyceae","CHLOROPHYTA","AU",2,"other_autotrophic_phytoplankton","","autotroph",FALSE,"not_resolved","not_phaeocystis","peg_trophy_au_other","authority_rule_assignment_not_yet_applied_to_biomass"
"PEG_BVOL2026_stage5_v1",576237,"Desmodesmus communis","Desmodesmus","Chlorophyceae","CHLOROPHYTA","AU",3,"other_autotrophic_phytoplankton","","autotroph",FALSE,"not_resolved","not_phaeocystis","peg_trophy_au_other","authority_rule_assignment_not_yet_applied_to_biomass"
"PEG_BVOL2026_stage5_v1",576237,"Desmodesmus communis","Desmodesmus","Chlorophyceae","CHLOROPHYTA","AU",4,"other_autotrophic_phytoplankton","","autotroph",FALSE,"not_resolved","not_phaeocystis","peg_trophy_au_other","authority_rule_assignment_not_yet_applied_to_biomass"
"PEG_BVOL2026_stage5_v1",555806,"Desmodesmus costatogranulatus","Desmodesmus","Chlorophyceae","CHLOROPHYTA","AU",1,"other_autotrophic_phytoplankton","","autotroph",FALSE,"not_resolved","not_phaeocystis","peg_trophy_au_other","authority_rule_assignment_not_yet_applied_to_biomass"
"PEG_BVOL2026_stage5_v1",612501,"Desmodesmus denticulatus","Desmodesmus","Chlorophyceae","CHLOROPHYTA","AU",1,"other_autotrophic_phytoplankton","","autotroph",FALSE,"not_resolved","not_phaeocystis","peg_trophy_au_other","authority_rule_assignment_not_yet_applied_to_biomass"
"PEG_BVOL2026_stage5_v1",612501,"Desmodesmus denticulatus","Desmodesmus","Chlorophyceae","CHLOROPHYTA","AU",2,"other_autotrophic_phytoplankton","","autotroph",FALSE,"not_resolved","not_phaeocystis","peg_trophy_au_other","authority_rule_assignment_not_yet_applied_to_biomass"
"PEG_BVOL2026_stage5_v1",612501,"Desmodesmus denticulatus","Desmodesmus","Chlorophyceae","CHLOROPHYTA","AU",3,"other_autotrophic_phytoplankton","","autotroph",FALSE,"not_resolved","not_phaeocystis","peg_trophy_au_other","authority_rule_assignment_not_yet_applied_to_biomass"
"PEG_BVOL2026_stage5_v1",612501,"Desmodesmus denticulatus","Desmodesmus","Chlorophyceae","CHLOROPHYTA","AU",4,"other_autotrophic_phytoplankton","","autotroph",FALSE,"not_resolved","not_phaeocystis","peg_trophy_au_other","authority_rule_assignment_not_yet_applied_to_biomass"
"PEG_BVOL2026_stage5_v1",612501,"Desmodesmus denticulatus","Desmodesmus","Chlorophyceae","CHLOROPHYTA","AU",5,"other_autotrophic_phytoplankton","","autotroph",FALSE,"not_resolved","not_phaeocystis","peg_trophy_au_other","authority_rule_assignment_not_yet_applied_to_biomass"
"PEG_BVOL2026_stage5_v1",1304623,"Desmodesmus denticulatus var. denticulatus","Desmodesmus","Chlorophyceae","CHLOROPHYTA","AU",1,"other_autotrophic_phytoplankton","","autotroph",FALSE,"not_resolved","not_phaeocystis","peg_trophy_au_other","authority_rule_assignment_not_yet_applied_to_biomass"
"PEG_BVOL2026_stage5_v1",1304623,"Desmodesmus denticulatus var. denticulatus","Desmodesmus","Chlorophyceae","CHLOROPHYTA","AU",2,"other_autotrophic_phytoplankton","","autotroph",FALSE,"not_resolved","not_phaeocystis","peg_trophy_au_other","authority_rule_assignment_not_yet_applied_to_biomass"
"PEG_BVOL2026_stage5_v1",1304623,"Desmodesmus denticulatus var. denticulatus","Desmodesmus","Chlorophyceae","CHLOROPHYTA","AU",3,"other_autotrophic_phytoplankton","","autotroph",FALSE,"not_resolved","not_phaeocystis","peg_trophy_au_other","authority_rule_assignment_not_yet_applied_to_biomass"
"PEG_BVOL2026_stage5_v1",1304623,"Desmodesmus denticulatus var. denticulatus","Desmodesmus","Chlorophyceae","CHLOROPHYTA","AU",4,"other_autotrophic_phytoplankton","","autotroph",FALSE,"not_resolved","not_phaeocystis","peg_trophy_au_other","authority_rule_assignment_not_yet_applied_to_biomass"
"PEG_BVOL2026_stage5_v1",1304623,"Desmodesmus denticulatus var. denticulatus","Desmodesmus","Chlorophyceae","CHLOROPHYTA","AU",5,"other_autotrophic_phytoplankton","","autotroph",FALSE,"not_resolved","not_phaeocystis","peg_trophy_au_other","authority_rule_assignment_not_yet_applied_to_biomass"
"PEG_BVOL2026_stage5_v1",672034,"Desmodesmus denticulatus var. linearis","Desmodesmus","Chlorophyceae","CHLOROPHYTA","AU",1,"other_autotrophic_phytoplankton","","autotroph",FALSE,"not_resolved","not_phaeocystis","peg_trophy_au_other","authority_rule_assignment_not_yet_applied_to_biomass"
"PEG_BVOL2026_stage5_v1",612502,"Desmodesmus dispar","Desmodesmus","Chlorophyceae","CHLOROPHYTA","AU",1,"other_autotrophic_phytoplankton","","autotroph",FALSE,"not_resolved","not_phaeocystis","peg_trophy_au_other","authority_rule_assignment_not_yet_applied_to_biomass"
"PEG_BVOL2026_stage5_v1",612503,"Desmodesmus hystrix","Desmodesmus","Chlorophyceae","CHLOROPHYTA","AU",1,"other_autotrophic_phytoplankton","","autotroph",FALSE,"not_resolved","not_phaeocystis","peg_trophy_au_other","authority_rule_assignment_not_yet_applied_to_biomass"
"PEG_BVOL2026_stage5_v1",612504,"Desmodesmus intermedius","Desmodesmus","Chlorophyceae","CHLOROPHYTA","AU",1,"other_autotrophic_phytoplankton","","autotroph",FALSE,"not_resolved","not_phaeocystis","peg_trophy_au_other","authority_rule_assignment_not_yet_applied_to_biomass"
"PEG_BVOL2026_stage5_v1",612504,"Desmodesmus intermedius","Desmodesmus","Chlorophyceae","CHLOROPHYTA","AU",3,"other_autotrophic_phytoplankton","","autotroph",FALSE,"not_resolved","not_phaeocystis","peg_trophy_au_other","authority_rule_assignment_not_yet_applied_to_biomass"
"PEG_BVOL2026_stage5_v1",612504,"Desmodesmus intermedius","Desmodesmus","Chlorophyceae","CHLOROPHYTA","AU",4,"other_autotrophic_phytoplankton","","autotroph",FALSE,"not_resolved","not_phaeocystis","peg_trophy_au_other","authority_rule_assignment_not_yet_applied_to_biomass"
"PEG_BVOL2026_stage5_v1",249713,"Desmodesmus maximus","Desmodesmus","Chlorophyceae","CHLOROPHYTA","AU",1,"other_autotrophic_phytoplankton","","autotroph",FALSE,"not_resolved","not_phaeocystis","peg_trophy_au_other","authority_rule_assignment_not_yet_applied_to_biomass"
"PEG_BVOL2026_stage5_v1",249713,"Desmodesmus maximus","Desmodesmus","Chlorophyceae","CHLOROPHYTA","AU",2,"other_autotrophic_phytoplankton","","autotroph",FALSE,"not_resolved","not_phaeocystis","peg_trophy_au_other","authority_rule_assignment_not_yet_applied_to_biomass"
"PEG_BVOL2026_stage5_v1",249713,"Desmodesmus maximus","Desmodesmus","Chlorophyceae","CHLOROPHYTA","AU",3,"other_autotrophic_phytoplankton","","autotroph",FALSE,"not_resolved","not_phaeocystis","peg_trophy_au_other","authority_rule_assignment_not_yet_applied_to_biomass"
"PEG_BVOL2026_stage5_v1",249713,"Desmodesmus maximus","Desmodesmus","Chlorophyceae","CHLOROPHYTA","AU",4,"other_autotrophic_phytoplankton","","autotroph",FALSE,"not_resolved","not_phaeocystis","peg_trophy_au_other","authority_rule_assignment_not_yet_applied_to_biomass"
"PEG_BVOL2026_stage5_v1",249713,"Desmodesmus maximus","Desmodesmus","Chlorophyceae","CHLOROPHYTA","AU",5,"other_autotrophic_phytoplankton","","autotroph",FALSE,"not_resolved","not_phaeocystis","peg_trophy_au_other","authority_rule_assignment_not_yet_applied_to_biomass"
"PEG_BVOL2026_stage5_v1",249713,"Desmodesmus maximus","Desmodesmus","Chlorophyceae","CHLOROPHYTA","AU",6,"other_autotrophic_phytoplankton","","autotroph",FALSE,"not_resolved","not_phaeocystis","peg_trophy_au_other","authority_rule_assignment_not_yet_applied_to_biomass"
"PEG_BVOL2026_stage5_v1",249713,"Desmodesmus maximus","Desmodesmus","Chlorophyceae","CHLOROPHYTA","AU",7,"other_autotrophic_phytoplankton","","autotroph",FALSE,"not_resolved","not_phaeocystis","peg_trophy_au_other","authority_rule_assignment_not_yet_applied_to_biomass"
"PEG_BVOL2026_stage5_v1",249713,"Desmodesmus maximus","Desmodesmus","Chlorophyceae","CHLOROPHYTA","AU",8,"other_autotrophic_phytoplankton","","autotroph",FALSE,"not_resolved","not_phaeocystis","peg_trophy_au_other","authority_rule_assignment_not_yet_applied_to_biomass"
"PEG_BVOL2026_stage5_v1",612508,"Desmodesmus opoliensis","Desmodesmus","Chlorophyceae","CHLOROPHYTA","AU",1,"other_autotrophic_phytoplankton","","autotroph",FALSE,"not_resolved","not_phaeocystis","peg_trophy_au_other","authority_rule_assignment_not_yet_applied_to_biomass"
"PEG_BVOL2026_stage5_v1",612508,"Desmodesmus opoliensis","Desmodesmus","Chlorophyceae","CHLOROPHYTA","AU",2,"other_autotrophic_phytoplankton","","autotroph",FALSE,"not_resolved","not_phaeocystis","peg_trophy_au_other","authority_rule_assignment_not_yet_applied_to_biomass"
"PEG_BVOL2026_stage5_v1",1304624,"Desmodesmus opoliensis var. opoliensis","Desmodesmus","Chlorophyceae","CHLOROPHYTA","AU",1,"other_autotrophic_phytoplankton","","autotroph",FALSE,"not_resolved","not_phaeocystis","peg_trophy_au_other","authority_rule_assignment_not_yet_applied_to_biomass"
"PEG_BVOL2026_stage5_v1",1304624,"Desmodesmus opoliensis var. opoliensis","Desmodesmus","Chlorophyceae","CHLOROPHYTA","AU",2,"other_autotrophic_phytoplankton","","autotroph",FALSE,"not_resolved","not_phaeocystis","peg_trophy_au_other","authority_rule_assignment_not_yet_applied_to_biomass"
"PEG_BVOL2026_stage5_v1",612511,"Desmodesmus protuberans","Desmodesmus","Chlorophyceae","CHLOROPHYTA","AU",1,"other_autotrophic_phytoplankton","","autotroph",FALSE,"not_resolved","not_phaeocystis","peg_trophy_au_other","authority_rule_assignment_not_yet_applied_to_biomass"
"PEG_BVOL2026_stage5_v1",612513,"Desmodesmus serratus","Desmodesmus","Chlorophyceae","CHLOROPHYTA","AU",1,"other_autotrophic_phytoplankton","","autotroph",FALSE,"not_resolved","not_phaeocystis","peg_trophy_au_other","authority_rule_assignment_not_yet_applied_to_biomass"
"PEG_BVOL2026_stage5_v1",612514,"Desmodesmus spinosus","Desmodesmus","Chlorophyceae","CHLOROPHYTA","AU",1,"other_autotrophic_phytoplankton","","autotroph",FALSE,"not_resolved","not_phaeocystis","peg_trophy_au_other","authority_rule_assignment_not_yet_applied_to_biomass"
"PEG_BVOL2026_stage5_v1",612515,"Desmodesmus subspicatus","Desmodesmus","Chlorophyceae","CHLOROPHYTA","AU",1,"other_autotrophic_phytoplankton","","autotroph",FALSE,"not_resolved","not_phaeocystis","peg_trophy_au_other","authority_rule_assignment_not_yet_applied_to_biomass"
"PEG_BVOL2026_stage5_v1",612515,"Desmodesmus subspicatus","Desmodesmus","Chlorophyceae","CHLOROPHYTA","AU",2,"other_autotrophic_phytoplankton","","autotroph",FALSE,"not_resolved","not_phaeocystis","peg_trophy_au_other","authority_rule_assignment_not_yet_applied_to_biomass"
"PEG_BVOL2026_stage5_v1",249711,"Desmodesmus","Desmodesmus","Chlorophyceae","CHLOROPHYTA","AU",1,"other_autotrophic_phytoplankton","","autotroph",FALSE,"not_resolved","not_phaeocystis","peg_trophy_au_other","authority_rule_assignment_not_yet_applied_to_biomass"
"PEG_BVOL2026_stage5_v1",249711,"Desmodesmus","Desmodesmus","Chlorophyceae","CHLOROPHYTA","AU",2,"other_autotrophic_phytoplankton","","autotroph",FALSE,"not_resolved","not_phaeocystis","peg_trophy_au_other","authority_rule_assignment_not_yet_applied_to_biomass"
"PEG_BVOL2026_stage5_v1",249711,"Desmodesmus","Desmodesmus","Chlorophyceae","CHLOROPHYTA","AU",3,"other_autotrophic_phytoplankton","","autotroph",FALSE,"not_resolved","not_phaeocystis","peg_trophy_au_other","authority_rule_assignment_not_yet_applied_to_biomass"
"PEG_BVOL2026_stage5_v1",249711,"Desmodesmus","Desmodesmus","Chlorophyceae","CHLOROPHYTA","AU",4,"other_autotrophic_phytoplankton","","autotroph",FALSE,"not_resolved","not_phaeocystis","peg_trophy_au_other","authority_rule_assignment_not_yet_applied_to_biomass"
"PEG_BVOL2026_stage5_v1",164095,"Golenkinia radiata","Golenkinia","Chlorophyceae","CHLOROPHYTA","AU",1,"other_autotrophic_phytoplankton","","autotroph",FALSE,"not_resolved","not_phaeocystis","peg_trophy_au_other","authority_rule_assignment_not_yet_applied_to_biomass"
"PEG_BVOL2026_stage5_v1",616367,"Hariotina reticulata","Hariotina","Chlorophyceae","CHLOROPHYTA","AU",1,"other_autotrophic_phytoplankton","","autotroph",FALSE,"not_resolved","not_phaeocystis","peg_trophy_au_other","authority_rule_assignment_not_yet_applied_to_biomass"
"PEG_BVOL2026_stage5_v1",164075,"Kirchneriella lunaris","Kirchneriella","Chlorophyceae","CHLOROPHYTA","AU",1,"other_autotrophic_phytoplankton","","autotroph",FALSE,"not_resolved","not_phaeocystis","peg_trophy_au_other","authority_rule_assignment_not_yet_applied_to_biomass"
"PEG_BVOL2026_stage5_v1",164070,"Kirchneriella obesa","Kirchneriella","Chlorophyceae","CHLOROPHYTA","AU",1,"other_autotrophic_phytoplankton","","autotroph",FALSE,"not_resolved","not_phaeocystis","peg_trophy_au_other","authority_rule_assignment_not_yet_applied_to_biomass"
"PEG_BVOL2026_stage5_v1",164070,"Kirchneriella obesa","Kirchneriella","Chlorophyceae","CHLOROPHYTA","AU",2,"other_autotrophic_phytoplankton","","autotroph",FALSE,"not_resolved","not_phaeocystis","peg_trophy_au_other","authority_rule_assignment_not_yet_applied_to_biomass"
"PEG_BVOL2026_stage5_v1",163108,"Kirchneriella","Kirchneriella","Chlorophyceae","CHLOROPHYTA","AU",1,"other_autotrophic_phytoplankton","","autotroph",FALSE,"not_resolved","not_phaeocystis","peg_trophy_au_other","authority_rule_assignment_not_yet_applied_to_biomass"
"PEG_BVOL2026_stage5_v1",624469,"Lacunastrum gracillimum","Lacunastrum","Chlorophyceae","CHLOROPHYTA","AU",1,"other_autotrophic_phytoplankton","","autotroph",FALSE,"not_resolved","not_phaeocystis","peg_trophy_au_other","authority_rule_assignment_not_yet_applied_to_biomass"
"PEG_BVOL2026_stage5_v1",624469,"Lacunastrum gracillimum","Lacunastrum","Chlorophyceae","CHLOROPHYTA","AU",3,"other_autotrophic_phytoplankton","","autotroph",FALSE,"not_resolved","not_phaeocystis","peg_trophy_au_other","authority_rule_assignment_not_yet_applied_to_biomass"
"PEG_BVOL2026_stage5_v1",624469,"Lacunastrum gracillimum","Lacunastrum","Chlorophyceae","CHLOROPHYTA","AU",4,"other_autotrophic_phytoplankton","","autotroph",FALSE,"not_resolved","not_phaeocystis","peg_trophy_au_other","authority_rule_assignment_not_yet_applied_to_biomass"
"PEG_BVOL2026_stage5_v1",624469,"Lacunastrum gracillimum","Lacunastrum","Chlorophyceae","CHLOROPHYTA","AU",5,"other_autotrophic_phytoplankton","","autotroph",FALSE,"not_resolved","not_phaeocystis","peg_trophy_au_other","authority_rule_assignment_not_yet_applied_to_biomass"
"PEG_BVOL2026_stage5_v1",624469,"Lacunastrum gracillimum","Lacunastrum","Chlorophyceae","CHLOROPHYTA","AU",6,"other_autotrophic_phytoplankton","","autotroph",FALSE,"not_resolved","not_phaeocystis","peg_trophy_au_other","authority_rule_assignment_not_yet_applied_to_biomass"
"PEG_BVOL2026_stage5_v1",624469,"Lacunastrum gracillimum","Lacunastrum","Chlorophyceae","CHLOROPHYTA","AU",7,"other_autotrophic_phytoplankton","","autotroph",FALSE,"not_resolved","not_phaeocystis","peg_trophy_au_other","authority_rule_assignment_not_yet_applied_to_biomass"
"PEG_BVOL2026_stage5_v1",624469,"Lacunastrum gracillimum","Lacunastrum","Chlorophyceae","CHLOROPHYTA","AU",8,"other_autotrophic_phytoplankton","","autotroph",FALSE,"not_resolved","not_phaeocystis","peg_trophy_au_other","authority_rule_assignment_not_yet_applied_to_biomass"
"PEG_BVOL2026_stage5_v1",624469,"Lacunastrum gracillimum","Lacunastrum","Chlorophyceae","CHLOROPHYTA","AU",9,"other_autotrophic_phytoplankton","","autotroph",FALSE,"not_resolved","not_phaeocystis","peg_trophy_au_other","authority_rule_assignment_not_yet_applied_to_biomass"
"PEG_BVOL2026_stage5_v1",624469,"Lacunastrum gracillimum","Lacunastrum","Chlorophyceae","CHLOROPHYTA","AU",10,"other_autotrophic_phytoplankton","","autotroph",FALSE,"not_resolved","not_phaeocystis","peg_trophy_au_other","authority_rule_assignment_not_yet_applied_to_biomass"
"PEG_BVOL2026_stage5_v1",624469,"Lacunastrum gracillimum","Lacunastrum","Chlorophyceae","CHLOROPHYTA","AU",11,"other_autotrophic_phytoplankton","","autotroph",FALSE,"not_resolved","not_phaeocystis","peg_trophy_au_other","authority_rule_assignment_not_yet_applied_to_biomass"
"PEG_BVOL2026_stage5_v1",624469,"Lacunastrum gracillimum","Lacunastrum","Chlorophyceae","CHLOROPHYTA","AU",12,"other_autotrophic_phytoplankton","","autotroph",FALSE,"not_resolved","not_phaeocystis","peg_trophy_au_other","authority_rule_assignment_not_yet_applied_to_biomass"
"PEG_BVOL2026_stage5_v1",618770,"Lanceola spatulifera","Lanceola","Chlorophyceae","CHLOROPHYTA","AU",1,"other_autotrophic_phytoplankton","","autotroph",FALSE,"not_resolved","not_phaeocystis","peg_trophy_au_other","authority_rule_assignment_not_yet_applied_to_biomass"
"PEG_BVOL2026_stage5_v1",1372754,"Messastrum gracile","Messastrum","Chlorophyceae","CHLOROPHYTA","AU",1,"other_autotrophic_phytoplankton","","autotroph",FALSE,"not_resolved","not_phaeocystis","peg_trophy_au_other","authority_rule_assignment_not_yet_applied_to_biomass"
"PEG_BVOL2026_stage5_v1",621192,"Monactinus simplex","Monactinus","Chlorophyceae","CHLOROPHYTA","AU",1,"other_autotrophic_phytoplankton","","autotroph",FALSE,"not_resolved","not_phaeocystis","peg_trophy_au_other","authority_rule_assignment_not_yet_applied_to_biomass"
"PEG_BVOL2026_stage5_v1",621192,"Monactinus simplex","Monactinus","Chlorophyceae","CHLOROPHYTA","AU",2,"other_autotrophic_phytoplankton","","autotroph",FALSE,"not_resolved","not_phaeocystis","peg_trophy_au_other","authority_rule_assignment_not_yet_applied_to_biomass"
"PEG_BVOL2026_stage5_v1",160591,"Monoraphidium contortum","Monoraphidium","Chlorophyceae","CHLOROPHYTA","AU",1,"other_autotrophic_phytoplankton","","autotroph",FALSE,"not_resolved","not_phaeocystis","peg_trophy_au_other","authority_rule_assignment_not_yet_applied_to_biomass"
"PEG_BVOL2026_stage5_v1",160591,"Monoraphidium contortum","Monoraphidium","Chlorophyceae","CHLOROPHYTA","AU",2,"other_autotrophic_phytoplankton","","autotroph",FALSE,"not_resolved","not_phaeocystis","peg_trophy_au_other","authority_rule_assignment_not_yet_applied_to_biomass"
"PEG_BVOL2026_stage5_v1",160591,"Monoraphidium contortum","Monoraphidium","Chlorophyceae","CHLOROPHYTA","AU",3,"other_autotrophic_phytoplankton","","autotroph",FALSE,"not_resolved","not_phaeocystis","peg_trophy_au_other","authority_rule_assignment_not_yet_applied_to_biomass"
"PEG_BVOL2026_stage5_v1",160591,"Monoraphidium contortum","Monoraphidium","Chlorophyceae","CHLOROPHYTA","AU",4,"other_autotrophic_phytoplankton","","autotroph",FALSE,"not_resolved","not_phaeocystis","peg_trophy_au_other","authority_rule_assignment_not_yet_applied_to_biomass"
"PEG_BVOL2026_stage5_v1",160591,"Monoraphidium contortum","Monoraphidium","Chlorophyceae","CHLOROPHYTA","AU",5,"other_autotrophic_phytoplankton","","autotroph",FALSE,"not_resolved","not_phaeocystis","peg_trophy_au_other","authority_rule_assignment_not_yet_applied_to_biomass"
"PEG_BVOL2026_stage5_v1",160592,"Monoraphidium convolutum","Monoraphidium","Chlorophyceae","CHLOROPHYTA","AU",1,"other_autotrophic_phytoplankton","","autotroph",FALSE,"not_resolved","not_phaeocystis","peg_trophy_au_other","authority_rule_assignment_not_yet_applied_to_biomass"
"PEG_BVOL2026_stage5_v1",160592,"Monoraphidium convolutum","Monoraphidium","Chlorophyceae","CHLOROPHYTA","AU",2,"other_autotrophic_phytoplankton","","autotroph",FALSE,"not_resolved","not_phaeocystis","peg_trophy_au_other","authority_rule_assignment_not_yet_applied_to_biomass"
"PEG_BVOL2026_stage5_v1",160592,"Monoraphidium convolutum","Monoraphidium","Chlorophyceae","CHLOROPHYTA","AU",3,"other_autotrophic_phytoplankton","","autotroph",FALSE,"not_resolved","not_phaeocystis","peg_trophy_au_other","authority_rule_assignment_not_yet_applied_to_biomass"
"PEG_BVOL2026_stage5_v1",160592,"Monoraphidium convolutum","Monoraphidium","Chlorophyceae","CHLOROPHYTA","AU",4,"other_autotrophic_phytoplankton","","autotroph",FALSE,"not_resolved","not_phaeocystis","peg_trophy_au_other","authority_rule_assignment_not_yet_applied_to_biomass"
"PEG_BVOL2026_stage5_v1",622807,"Monoraphidium dybowskii","Monoraphidium","Chlorophyceae","CHLOROPHYTA","AU",1,"other_autotrophic_phytoplankton","","autotroph",FALSE,"not_resolved","not_phaeocystis","peg_trophy_au_other","authority_rule_assignment_not_yet_applied_to_biomass"
"PEG_BVOL2026_stage5_v1",248134,"Monoraphidium griffithii","Monoraphidium","Chlorophyceae","CHLOROPHYTA","AU",1,"other_autotrophic_phytoplankton","","autotroph",FALSE,"not_resolved","not_phaeocystis","peg_trophy_au_other","authority_rule_assignment_not_yet_applied_to_biomass"
"PEG_BVOL2026_stage5_v1",248134,"Monoraphidium griffithii","Monoraphidium","Chlorophyceae","CHLOROPHYTA","AU",2,"other_autotrophic_phytoplankton","","autotroph",FALSE,"not_resolved","not_phaeocystis","peg_trophy_au_other","authority_rule_assignment_not_yet_applied_to_biomass"
"PEG_BVOL2026_stage5_v1",163100,"Monoraphidium komarkovae","Monoraphidium","Chlorophyceae","CHLOROPHYTA","AU",1,"other_autotrophic_phytoplankton","","autotroph",FALSE,"not_resolved","not_phaeocystis","peg_trophy_au_other","authority_rule_assignment_not_yet_applied_to_biomass"
"PEG_BVOL2026_stage5_v1",163100,"Monoraphidium komarkovae","Monoraphidium","Chlorophyceae","CHLOROPHYTA","AU",2,"other_autotrophic_phytoplankton","","autotroph",FALSE,"not_resolved","not_phaeocystis","peg_trophy_au_other","authority_rule_assignment_not_yet_applied_to_biomass"
"PEG_BVOL2026_stage5_v1",163100,"Monoraphidium komarkovae","Monoraphidium","Chlorophyceae","CHLOROPHYTA","AU",3,"other_autotrophic_phytoplankton","","autotroph",FALSE,"not_resolved","not_phaeocystis","peg_trophy_au_other","authority_rule_assignment_not_yet_applied_to_biomass"
"PEG_BVOL2026_stage5_v1",163100,"Monoraphidium komarkovae","Monoraphidium","Chlorophyceae","CHLOROPHYTA","AU",4,"other_autotrophic_phytoplankton","","autotroph",FALSE,"not_resolved","not_phaeocystis","peg_trophy_au_other","authority_rule_assignment_not_yet_applied_to_biomass"
"PEG_BVOL2026_stage5_v1",163101,"Monoraphidium minutum","Monoraphidium","Chlorophyceae","CHLOROPHYTA","AU",4,"other_autotrophic_phytoplankton","","autotroph",FALSE,"not_resolved","not_phaeocystis","peg_trophy_au_other","authority_rule_assignment_not_yet_applied_to_biomass"
"PEG_BVOL2026_stage5_v1",163101,"Monoraphidium minutum","Monoraphidium","Chlorophyceae","CHLOROPHYTA","AU",5,"other_autotrophic_phytoplankton","","autotroph",FALSE,"not_resolved","not_phaeocystis","peg_trophy_au_other","authority_rule_assignment_not_yet_applied_to_biomass"
"PEG_BVOL2026_stage5_v1",163101,"Monoraphidium minutum","Monoraphidium","Chlorophyceae","CHLOROPHYTA","AU",6,"other_autotrophic_phytoplankton","","autotroph",FALSE,"not_resolved","not_phaeocystis","peg_trophy_au_other","authority_rule_assignment_not_yet_applied_to_biomass"
"PEG_BVOL2026_stage5_v1",248135,"Monoraphidium mirabile","Monoraphidium","Chlorophyceae","CHLOROPHYTA","AU",1,"other_autotrophic_phytoplankton","","autotroph",FALSE,"not_resolved","not_phaeocystis","peg_trophy_au_other","authority_rule_assignment_not_yet_applied_to_biomass"
"PEG_BVOL2026_stage5_v1",248135,"Monoraphidium mirabile","Monoraphidium","Chlorophyceae","CHLOROPHYTA","AU",2,"other_autotrophic_phytoplankton","","autotroph",FALSE,"not_resolved","not_phaeocystis","peg_trophy_au_other","authority_rule_assignment_not_yet_applied_to_biomass"
"PEG_BVOL2026_stage5_v1",160590,"Monoraphidium","Monoraphidium","Chlorophyceae","CHLOROPHYTA","AU",5,"other_autotrophic_phytoplankton","","autotroph",FALSE,"not_resolved","not_phaeocystis","peg_trophy_au_other","authority_rule_assignment_not_yet_applied_to_biomass"
"PEG_BVOL2026_stage5_v1",160590,"Monoraphidium","Monoraphidium","Chlorophyceae","CHLOROPHYTA","AU",6,"other_autotrophic_phytoplankton","","autotroph",FALSE,"not_resolved","not_phaeocystis","peg_trophy_au_other","authority_rule_assignment_not_yet_applied_to_biomass"
"PEG_BVOL2026_stage5_v1",160590,"Monoraphidium","Monoraphidium","Chlorophyceae","CHLOROPHYTA","AU",7,"other_autotrophic_phytoplankton","","autotroph",FALSE,"not_resolved","not_phaeocystis","peg_trophy_au_other","authority_rule_assignment_not_yet_applied_to_biomass"
"PEG_BVOL2026_stage5_v1",160590,"Monoraphidium","Monoraphidium","Chlorophyceae","CHLOROPHYTA","AU",8,"other_autotrophic_phytoplankton","","autotroph",FALSE,"not_resolved","not_phaeocystis","peg_trophy_au_other","authority_rule_assignment_not_yet_applied_to_biomass"
"PEG_BVOL2026_stage5_v1",618663,"Neocystis ovalis","Neocystis","Chlorophyceae","CHLOROPHYTA","AU",1,"other_autotrophic_phytoplankton","","autotroph",FALSE,"not_resolved","not_phaeocystis","peg_trophy_au_other","authority_rule_assignment_not_yet_applied_to_biomass"
"PEG_BVOL2026_stage5_v1",618663,"Neocystis ovalis","Neocystis","Chlorophyceae","CHLOROPHYTA","AU",2,"other_autotrophic_phytoplankton","","autotroph",FALSE,"not_resolved","not_phaeocystis","peg_trophy_au_other","authority_rule_assignment_not_yet_applied_to_biomass"
"PEG_BVOL2026_stage5_v1",616378,"Raphidocelis danubiana","Raphidocelis","Chlorophyceae","CHLOROPHYTA","AU",1,"other_autotrophic_phytoplankton","","autotroph",FALSE,"not_resolved","not_phaeocystis","peg_trophy_au_other","authority_rule_assignment_not_yet_applied_to_biomass"
"PEG_BVOL2026_stage5_v1",617246,"Raphidocelis sigmoidea","Raphidocelis","Chlorophyceae","CHLOROPHYTA","AU",1,"other_autotrophic_phytoplankton","","autotroph",FALSE,"not_resolved","not_phaeocystis","peg_trophy_au_other","authority_rule_assignment_not_yet_applied_to_biomass"
"PEG_BVOL2026_stage5_v1",617246,"Raphidocelis sigmoidea","Raphidocelis","Chlorophyceae","CHLOROPHYTA","AU",2,"other_autotrophic_phytoplankton","","autotroph",FALSE,"not_resolved","not_phaeocystis","peg_trophy_au_other","authority_rule_assignment_not_yet_applied_to_biomass"
"PEG_BVOL2026_stage5_v1",163110,"Raphidocelis","Raphidocelis","Chlorophyceae","CHLOROPHYTA","AU",1,"other_autotrophic_phytoplankton","","autotroph",FALSE,"not_resolved","not_phaeocystis","peg_trophy_au_other","authority_rule_assignment_not_yet_applied_to_biomass"
"PEG_BVOL2026_stage5_v1",163110,"Raphidocelis","Raphidocelis","Chlorophyceae","CHLOROPHYTA","AU",2,"other_autotrophic_phytoplankton","","autotroph",FALSE,"not_resolved","not_phaeocystis","peg_trophy_au_other","authority_rule_assignment_not_yet_applied_to_biomass"
"PEG_BVOL2026_stage5_v1",577885,"Parapediastrum biradiatum","Parapediastrum","Chlorophyceae","CHLOROPHYTA","AU",1,"other_autotrophic_phytoplankton","","autotroph",FALSE,"not_resolved","not_phaeocystis","peg_trophy_au_other","authority_rule_assignment_not_yet_applied_to_biomass"
"PEG_BVOL2026_stage5_v1",577885,"Parapediastrum biradiatum","Parapediastrum","Chlorophyceae","CHLOROPHYTA","AU",2,"other_autotrophic_phytoplankton","","autotroph",FALSE,"not_resolved","not_phaeocystis","peg_trophy_au_other","authority_rule_assignment_not_yet_applied_to_biomass"
"PEG_BVOL2026_stage5_v1",409685,"Pediastrum angulosum","Pediastrum","Chlorophyceae","CHLOROPHYTA","AU",1,"other_autotrophic_phytoplankton","","autotroph",FALSE,"not_resolved","not_phaeocystis","peg_trophy_au_other","authority_rule_assignment_not_yet_applied_to_biomass"
"PEG_BVOL2026_stage5_v1",1335215,"Pediastrum angulosum var. angulosum","Pediastrum","Chlorophyceae","CHLOROPHYTA","AU",1,"other_autotrophic_phytoplankton","","autotroph",FALSE,"not_resolved","not_phaeocystis","peg_trophy_au_other","authority_rule_assignment_not_yet_applied_to_biomass"
"PEG_BVOL2026_stage5_v1",164061,"Pediastrum duplex","Pediastrum","Chlorophyceae","CHLOROPHYTA","AU",1,"other_autotrophic_phytoplankton","","autotroph",FALSE,"not_resolved","not_phaeocystis","peg_trophy_au_other","authority_rule_assignment_not_yet_applied_to_biomass"
"PEG_BVOL2026_stage5_v1",164061,"Pediastrum duplex","Pediastrum","Chlorophyceae","CHLOROPHYTA","AU",3,"other_autotrophic_phytoplankton","","autotroph",FALSE,"not_resolved","not_phaeocystis","peg_trophy_au_other","authority_rule_assignment_not_yet_applied_to_biomass"
"PEG_BVOL2026_stage5_v1",164061,"Pediastrum duplex","Pediastrum","Chlorophyceae","CHLOROPHYTA","AU",4,"other_autotrophic_phytoplankton","","autotroph",FALSE,"not_resolved","not_phaeocystis","peg_trophy_au_other","authority_rule_assignment_not_yet_applied_to_biomass"
"PEG_BVOL2026_stage5_v1",164061,"Pediastrum duplex","Pediastrum","Chlorophyceae","CHLOROPHYTA","AU",5,"other_autotrophic_phytoplankton","","autotroph",FALSE,"not_resolved","not_phaeocystis","peg_trophy_au_other","authority_rule_assignment_not_yet_applied_to_biomass"
"PEG_BVOL2026_stage5_v1",164061,"Pediastrum duplex","Pediastrum","Chlorophyceae","CHLOROPHYTA","AU",6,"other_autotrophic_phytoplankton","","autotroph",FALSE,"not_resolved","not_phaeocystis","peg_trophy_au_other","authority_rule_assignment_not_yet_applied_to_biomass"
"PEG_BVOL2026_stage5_v1",164061,"Pediastrum duplex","Pediastrum","Chlorophyceae","CHLOROPHYTA","AU",7,"other_autotrophic_phytoplankton","","autotroph",FALSE,"not_resolved","not_phaeocystis","peg_trophy_au_other","authority_rule_assignment_not_yet_applied_to_biomass"
"PEG_BVOL2026_stage5_v1",164061,"Pediastrum duplex","Pediastrum","Chlorophyceae","CHLOROPHYTA","AU",8,"other_autotrophic_phytoplankton","","autotroph",FALSE,"not_resolved","not_phaeocystis","peg_trophy_au_other","authority_rule_assignment_not_yet_applied_to_biomass"
"PEG_BVOL2026_stage5_v1",164061,"Pediastrum duplex","Pediastrum","Chlorophyceae","CHLOROPHYTA","AU",9,"other_autotrophic_phytoplankton","","autotroph",FALSE,"not_resolved","not_phaeocystis","peg_trophy_au_other","authority_rule_assignment_not_yet_applied_to_biomass"
"PEG_BVOL2026_stage5_v1",164061,"Pediastrum duplex","Pediastrum","Chlorophyceae","CHLOROPHYTA","AU",10,"other_autotrophic_phytoplankton","","autotroph",FALSE,"not_resolved","not_phaeocystis","peg_trophy_au_other","authority_rule_assignment_not_yet_applied_to_biomass"
"PEG_BVOL2026_stage5_v1",164061,"Pediastrum duplex","Pediastrum","Chlorophyceae","CHLOROPHYTA","AU",11,"other_autotrophic_phytoplankton","","autotroph",FALSE,"not_resolved","not_phaeocystis","peg_trophy_au_other","authority_rule_assignment_not_yet_applied_to_biomass"
"PEG_BVOL2026_stage5_v1",164061,"Pediastrum duplex","Pediastrum","Chlorophyceae","CHLOROPHYTA","AU",12,"other_autotrophic_phytoplankton","","autotroph",FALSE,"not_resolved","not_phaeocystis","peg_trophy_au_other","authority_rule_assignment_not_yet_applied_to_biomass"
"PEG_BVOL2026_stage5_v1",164061,"Pediastrum duplex","Pediastrum","Chlorophyceae","CHLOROPHYTA","AU",13,"other_autotrophic_phytoplankton","","autotroph",FALSE,"not_resolved","not_phaeocystis","peg_trophy_au_other","authority_rule_assignment_not_yet_applied_to_biomass"
"PEG_BVOL2026_stage5_v1",1304625,"Pediastrum duplex var. duplex","Pediastrum","Chlorophyceae","CHLOROPHYTA","AU",1,"other_autotrophic_phytoplankton","","autotroph",FALSE,"not_resolved","not_phaeocystis","peg_trophy_au_other","authority_rule_assignment_not_yet_applied_to_biomass"
"PEG_BVOL2026_stage5_v1",1304625,"Pediastrum duplex var. duplex","Pediastrum","Chlorophyceae","CHLOROPHYTA","AU",3,"other_autotrophic_phytoplankton","","autotroph",FALSE,"not_resolved","not_phaeocystis","peg_trophy_au_other","authority_rule_assignment_not_yet_applied_to_biomass"
"PEG_BVOL2026_stage5_v1",1304625,"Pediastrum duplex var. duplex","Pediastrum","Chlorophyceae","CHLOROPHYTA","AU",4,"other_autotrophic_phytoplankton","","autotroph",FALSE,"not_resolved","not_phaeocystis","peg_trophy_au_other","authority_rule_assignment_not_yet_applied_to_biomass"
"PEG_BVOL2026_stage5_v1",1304625,"Pediastrum duplex var. duplex","Pediastrum","Chlorophyceae","CHLOROPHYTA","AU",5,"other_autotrophic_phytoplankton","","autotroph",FALSE,"not_resolved","not_phaeocystis","peg_trophy_au_other","authority_rule_assignment_not_yet_applied_to_biomass"
"PEG_BVOL2026_stage5_v1",1304625,"Pediastrum duplex var. duplex","Pediastrum","Chlorophyceae","CHLOROPHYTA","AU",6,"other_autotrophic_phytoplankton","","autotroph",FALSE,"not_resolved","not_phaeocystis","peg_trophy_au_other","authority_rule_assignment_not_yet_applied_to_biomass"
"PEG_BVOL2026_stage5_v1",1304625,"Pediastrum duplex var. duplex","Pediastrum","Chlorophyceae","CHLOROPHYTA","AU",7,"other_autotrophic_phytoplankton","","autotroph",FALSE,"not_resolved","not_phaeocystis","peg_trophy_au_other","authority_rule_assignment_not_yet_applied_to_biomass"
"PEG_BVOL2026_stage5_v1",1304625,"Pediastrum duplex var. duplex","Pediastrum","Chlorophyceae","CHLOROPHYTA","AU",8,"other_autotrophic_phytoplankton","","autotroph",FALSE,"not_resolved","not_phaeocystis","peg_trophy_au_other","authority_rule_assignment_not_yet_applied_to_biomass"
"PEG_BVOL2026_stage5_v1",1304625,"Pediastrum duplex var. duplex","Pediastrum","Chlorophyceae","CHLOROPHYTA","AU",9,"other_autotrophic_phytoplankton","","autotroph",FALSE,"not_resolved","not_phaeocystis","peg_trophy_au_other","authority_rule_assignment_not_yet_applied_to_biomass"
"PEG_BVOL2026_stage5_v1",1304625,"Pediastrum duplex var. duplex","Pediastrum","Chlorophyceae","CHLOROPHYTA","AU",10,"other_autotrophic_phytoplankton","","autotroph",FALSE,"not_resolved","not_phaeocystis","peg_trophy_au_other","authority_rule_assignment_not_yet_applied_to_biomass"
"PEG_BVOL2026_stage5_v1",1304625,"Pediastrum duplex var. duplex","Pediastrum","Chlorophyceae","CHLOROPHYTA","AU",11,"other_autotrophic_phytoplankton","","autotroph",FALSE,"not_resolved","not_phaeocystis","peg_trophy_au_other","authority_rule_assignment_not_yet_applied_to_biomass"
"PEG_BVOL2026_stage5_v1",1304625,"Pediastrum duplex var. duplex","Pediastrum","Chlorophyceae","CHLOROPHYTA","AU",12,"other_autotrophic_phytoplankton","","autotroph",FALSE,"not_resolved","not_phaeocystis","peg_trophy_au_other","authority_rule_assignment_not_yet_applied_to_biomass"
"PEG_BVOL2026_stage5_v1",164060,"Pediastrum integrum","Pediastrum","Chlorophyceae","CHLOROPHYTA","AU",1,"other_autotrophic_phytoplankton","","autotroph",FALSE,"not_resolved","not_phaeocystis","peg_trophy_au_other","authority_rule_assignment_not_yet_applied_to_biomass"
"PEG_BVOL2026_stage5_v1",572071,"Planktosphaeria gelatinosa","Planktosphaeria","Chlorophyceae","CHLOROPHYTA","AU",1,"other_autotrophic_phytoplankton","","autotroph",FALSE,"provider_comment_mentions_colony","not_phaeocystis","peg_trophy_au_other","authority_rule_assignment_not_yet_applied_to_biomass"
"PEG_BVOL2026_stage5_v1",621601,"Pseudopediastrum boryanum","Pseudopediastrum","Chlorophyceae","CHLOROPHYTA","AU",1,"other_autotrophic_phytoplankton","","autotroph",FALSE,"not_resolved","not_phaeocystis","peg_trophy_au_other","authority_rule_assignment_not_yet_applied_to_biomass"
"PEG_BVOL2026_stage5_v1",621601,"Pseudopediastrum boryanum","Pseudopediastrum","Chlorophyceae","CHLOROPHYTA","AU",2,"other_autotrophic_phytoplankton","","autotroph",FALSE,"not_resolved","not_phaeocystis","peg_trophy_au_other","authority_rule_assignment_not_yet_applied_to_biomass"
"PEG_BVOL2026_stage5_v1",621601,"Pseudopediastrum boryanum","Pseudopediastrum","Chlorophyceae","CHLOROPHYTA","AU",3,"other_autotrophic_phytoplankton","","autotroph",FALSE,"not_resolved","not_phaeocystis","peg_trophy_au_other","authority_rule_assignment_not_yet_applied_to_biomass"
"PEG_BVOL2026_stage5_v1",621601,"Pseudopediastrum boryanum","Pseudopediastrum","Chlorophyceae","CHLOROPHYTA","AU",4,"other_autotrophic_phytoplankton","","autotroph",FALSE,"not_resolved","not_phaeocystis","peg_trophy_au_other","authority_rule_assignment_not_yet_applied_to_biomass"
"PEG_BVOL2026_stage5_v1",621601,"Pseudopediastrum boryanum","Pseudopediastrum","Chlorophyceae","CHLOROPHYTA","AU",5,"other_autotrophic_phytoplankton","","autotroph",FALSE,"not_resolved","not_phaeocystis","peg_trophy_au_other","authority_rule_assignment_not_yet_applied_to_biomass"
"PEG_BVOL2026_stage5_v1",621601,"Pseudopediastrum boryanum","Pseudopediastrum","Chlorophyceae","CHLOROPHYTA","AU",6,"other_autotrophic_phytoplankton","","autotroph",FALSE,"not_resolved","not_phaeocystis","peg_trophy_au_other","authority_rule_assignment_not_yet_applied_to_biomass"
"PEG_BVOL2026_stage5_v1",1304626,"Pseudopediastrum boryanum var. boryanum","Pseudopediastrum","Chlorophyceae","CHLOROPHYTA","AU",1,"other_autotrophic_phytoplankton","","autotroph",FALSE,"not_resolved","not_phaeocystis","peg_trophy_au_other","authority_rule_assignment_not_yet_applied_to_biomass"
"PEG_BVOL2026_stage5_v1",1304626,"Pseudopediastrum boryanum var. boryanum","Pseudopediastrum","Chlorophyceae","CHLOROPHYTA","AU",2,"other_autotrophic_phytoplankton","","autotroph",FALSE,"not_resolved","not_phaeocystis","peg_trophy_au_other","authority_rule_assignment_not_yet_applied_to_biomass"
"PEG_BVOL2026_stage5_v1",1304626,"Pseudopediastrum boryanum var. boryanum","Pseudopediastrum","Chlorophyceae","CHLOROPHYTA","AU",3,"other_autotrophic_phytoplankton","","autotroph",FALSE,"not_resolved","not_phaeocystis","peg_trophy_au_other","authority_rule_assignment_not_yet_applied_to_biomass"
"PEG_BVOL2026_stage5_v1",1304626,"Pseudopediastrum boryanum var. boryanum","Pseudopediastrum","Chlorophyceae","CHLOROPHYTA","AU",4,"other_autotrophic_phytoplankton","","autotroph",FALSE,"not_resolved","not_phaeocystis","peg_trophy_au_other","authority_rule_assignment_not_yet_applied_to_biomass"
"PEG_BVOL2026_stage5_v1",1304626,"Pseudopediastrum boryanum var. boryanum","Pseudopediastrum","Chlorophyceae","CHLOROPHYTA","AU",5,"other_autotrophic_phytoplankton","","autotroph",FALSE,"not_resolved","not_phaeocystis","peg_trophy_au_other","authority_rule_assignment_not_yet_applied_to_biomass"
"PEG_BVOL2026_stage5_v1",1304626,"Pseudopediastrum boryanum var. boryanum","Pseudopediastrum","Chlorophyceae","CHLOROPHYTA","AU",6,"other_autotrophic_phytoplankton","","autotroph",FALSE,"not_resolved","not_phaeocystis","peg_trophy_au_other","authority_rule_assignment_not_yet_applied_to_biomass"
"PEG_BVOL2026_stage5_v1",846302,"Pseudopediastrum boryanum var. longicorne","Pseudopediastrum","Chlorophyceae","CHLOROPHYTA","AU",1,"other_autotrophic_phytoplankton","","autotroph",FALSE,"not_resolved","not_phaeocystis","peg_trophy_au_other","authority_rule_assignment_not_yet_applied_to_biomass"
"PEG_BVOL2026_stage5_v1",621602,"Pseudopediastrum kawraiskyi","Pseudopediastrum","Chlorophyceae","CHLOROPHYTA","AU",1,"other_autotrophic_phytoplankton","","autotroph",FALSE,"not_resolved","not_phaeocystis","peg_trophy_au_other","authority_rule_assignment_not_yet_applied_to_biomass"
"PEG_BVOL2026_stage5_v1",178946,"Quadrigula","Quadrigula","Chlorophyceae","CHLOROPHYTA","AU",1,"other_autotrophic_phytoplankton","","autotroph",FALSE,"not_resolved","not_phaeocystis","peg_trophy_au_other","authority_rule_assignment_not_yet_applied_to_biomass"
"PEG_BVOL2026_stage5_v1",178946,"Quadrigula","Quadrigula","Chlorophyceae","CHLOROPHYTA","AU",2,"other_autotrophic_phytoplankton","","autotroph",FALSE,"not_resolved","not_phaeocystis","peg_trophy_au_other","authority_rule_assignment_not_yet_applied_to_biomass"
"PEG_BVOL2026_stage5_v1",178946,"Quadrigula","Quadrigula","Chlorophyceae","CHLOROPHYTA","AU",3,"other_autotrophic_phytoplankton","","autotroph",FALSE,"not_resolved","not_phaeocystis","peg_trophy_au_other","authority_rule_assignment_not_yet_applied_to_biomass"
"PEG_BVOL2026_stage5_v1",626622,"Scenedesmus apiculatus","Scenedesmus","Chlorophyceae","CHLOROPHYTA","AU",2,"other_autotrophic_phytoplankton","","autotroph",FALSE,"not_resolved","not_phaeocystis","peg_trophy_au_other","authority_rule_assignment_not_yet_applied_to_biomass"
"PEG_BVOL2026_stage5_v1",164076,"Scenedesmus arcuatus","Scenedesmus","Chlorophyceae","CHLOROPHYTA","AU",3,"other_autotrophic_phytoplankton","","autotroph",FALSE,"not_resolved","not_phaeocystis","peg_trophy_au_other","authority_rule_assignment_not_yet_applied_to_biomass"
"PEG_BVOL2026_stage5_v1",164076,"Scenedesmus arcuatus","Scenedesmus","Chlorophyceae","CHLOROPHYTA","AU",4,"other_autotrophic_phytoplankton","","autotroph",FALSE,"not_resolved","not_phaeocystis","peg_trophy_au_other","authority_rule_assignment_not_yet_applied_to_biomass"
"PEG_BVOL2026_stage5_v1",1304627,"Scenedesmus arcuatus var. arcuatus","Scenedesmus","Chlorophyceae","CHLOROPHYTA","AU",3,"other_autotrophic_phytoplankton","","autotroph",FALSE,"not_resolved","not_phaeocystis","peg_trophy_au_other","authority_rule_assignment_not_yet_applied_to_biomass"
"PEG_BVOL2026_stage5_v1",1304627,"Scenedesmus arcuatus var. arcuatus","Scenedesmus","Chlorophyceae","CHLOROPHYTA","AU",4,"other_autotrophic_phytoplankton","","autotroph",FALSE,"not_resolved","not_phaeocystis","peg_trophy_au_other","authority_rule_assignment_not_yet_applied_to_biomass"
"PEG_BVOL2026_stage5_v1",610917,"Scenedesmus caudato-aculeolatus","Scenedesmus","Chlorophyceae","CHLOROPHYTA","AU",1,"other_autotrophic_phytoplankton","","autotroph",FALSE,"not_resolved","not_phaeocystis","peg_trophy_au_other","authority_rule_assignment_not_yet_applied_to_biomass"
"PEG_BVOL2026_stage5_v1",163125,"Scenedesmus ellipticus","Scenedesmus","Chlorophyceae","CHLOROPHYTA","AU",1,"other_autotrophic_phytoplankton","","autotroph",FALSE,"not_resolved","not_phaeocystis","peg_trophy_au_other","authority_rule_assignment_not_yet_applied_to_biomass"
"PEG_BVOL2026_stage5_v1",163125,"Scenedesmus ellipticus","Scenedesmus","Chlorophyceae","CHLOROPHYTA","AU",2,"other_autotrophic_phytoplankton","","autotroph",FALSE,"not_resolved","not_phaeocystis","peg_trophy_au_other","authority_rule_assignment_not_yet_applied_to_biomass"
"PEG_BVOL2026_stage5_v1",163125,"Scenedesmus ellipticus","Scenedesmus","Chlorophyceae","CHLOROPHYTA","AU",3,"other_autotrophic_phytoplankton","","autotroph",FALSE,"not_resolved","not_phaeocystis","peg_trophy_au_other","authority_rule_assignment_not_yet_applied_to_biomass"
"PEG_BVOL2026_stage5_v1",163125,"Scenedesmus ellipticus","Scenedesmus","Chlorophyceae","CHLOROPHYTA","AU",4,"other_autotrophic_phytoplankton","","autotroph",FALSE,"not_resolved","not_phaeocystis","peg_trophy_au_other","authority_rule_assignment_not_yet_applied_to_biomass"
"PEG_BVOL2026_stage5_v1",163125,"Scenedesmus ellipticus","Scenedesmus","Chlorophyceae","CHLOROPHYTA","AU",5,"other_autotrophic_phytoplankton","","autotroph",FALSE,"not_resolved","not_phaeocystis","peg_trophy_au_other","authority_rule_assignment_not_yet_applied_to_biomass"
"PEG_BVOL2026_stage5_v1",163125,"Scenedesmus ellipticus","Scenedesmus","Chlorophyceae","CHLOROPHYTA","AU",6,"other_autotrophic_phytoplankton","","autotroph",FALSE,"not_resolved","not_phaeocystis","peg_trophy_au_other","authority_rule_assignment_not_yet_applied_to_biomass"
"PEG_BVOL2026_stage5_v1",163125,"Scenedesmus ellipticus","Scenedesmus","Chlorophyceae","CHLOROPHYTA","AU",7,"other_autotrophic_phytoplankton","","autotroph",FALSE,"not_resolved","not_phaeocystis","peg_trophy_au_other","authority_rule_assignment_not_yet_applied_to_biomass"
"PEG_BVOL2026_stage5_v1",608635,"Scenedesmus obtusus","Scenedesmus","Chlorophyceae","CHLOROPHYTA","AU",1,"other_autotrophic_phytoplankton","","autotroph",FALSE,"not_resolved","not_phaeocystis","peg_trophy_au_other","authority_rule_assignment_not_yet_applied_to_biomass"
"PEG_BVOL2026_stage5_v1",608635,"Scenedesmus obtusus","Scenedesmus","Chlorophyceae","CHLOROPHYTA","AU",2,"other_autotrophic_phytoplankton","","autotroph",FALSE,"not_resolved","not_phaeocystis","peg_trophy_au_other","authority_rule_assignment_not_yet_applied_to_biomass"
"PEG_BVOL2026_stage5_v1",608635,"Scenedesmus obtusus","Scenedesmus","Chlorophyceae","CHLOROPHYTA","AU",3,"other_autotrophic_phytoplankton","","autotroph",FALSE,"not_resolved","not_phaeocystis","peg_trophy_au_other","authority_rule_assignment_not_yet_applied_to_biomass"
"PEG_BVOL2026_stage5_v1",625472,"Scenedesmus parvus","Scenedesmus","Chlorophyceae","CHLOROPHYTA","AU",1,"other_autotrophic_phytoplankton","","autotroph",FALSE,"not_resolved","not_phaeocystis","peg_trophy_au_other","authority_rule_assignment_not_yet_applied_to_biomass"
"PEG_BVOL2026_stage5_v1",160602,"Scenedesmus","Scenedesmus","Chlorophyceae","CHLOROPHYTA","AU",1,"other_autotrophic_phytoplankton","","autotroph",FALSE,"not_resolved","not_phaeocystis","peg_trophy_au_other","authority_rule_assignment_not_yet_applied_to_biomass"
"PEG_BVOL2026_stage5_v1",160602,"Scenedesmus","Scenedesmus","Chlorophyceae","CHLOROPHYTA","AU",2,"other_autotrophic_phytoplankton","","autotroph",FALSE,"not_resolved","not_phaeocystis","peg_trophy_au_other","authority_rule_assignment_not_yet_applied_to_biomass"
"PEG_BVOL2026_stage5_v1",160602,"Scenedesmus","Scenedesmus","Chlorophyceae","CHLOROPHYTA","AU",3,"other_autotrophic_phytoplankton","","autotroph",FALSE,"not_resolved","not_phaeocystis","peg_trophy_au_other","authority_rule_assignment_not_yet_applied_to_biomass"
"PEG_BVOL2026_stage5_v1",160602,"Scenedesmus","Scenedesmus","Chlorophyceae","CHLOROPHYTA","AU",4,"other_autotrophic_phytoplankton","","autotroph",FALSE,"not_resolved","not_phaeocystis","peg_trophy_au_other","authority_rule_assignment_not_yet_applied_to_biomass"
"PEG_BVOL2026_stage5_v1",160602,"Scenedesmus","Scenedesmus","Chlorophyceae","CHLOROPHYTA","AU",5,"other_autotrophic_phytoplankton","","autotroph",FALSE,"not_resolved","not_phaeocystis","peg_trophy_au_other","authority_rule_assignment_not_yet_applied_to_biomass"
"PEG_BVOL2026_stage5_v1",248166,"Schroederia setigera","Schroederia","Chlorophyceae","CHLOROPHYTA","AU",1,"other_autotrophic_phytoplankton","","autotroph",FALSE,"not_resolved","not_phaeocystis","peg_trophy_au_other","authority_rule_assignment_not_yet_applied_to_biomass"
"PEG_BVOL2026_stage5_v1",248166,"Schroederia setigera","Schroederia","Chlorophyceae","CHLOROPHYTA","AU",2,"other_autotrophic_phytoplankton","","autotroph",FALSE,"not_resolved","not_phaeocystis","peg_trophy_au_other","authority_rule_assignment_not_yet_applied_to_biomass"
"PEG_BVOL2026_stage5_v1",577758,"Selenastrum bibraianum","Selenastrum","Chlorophyceae","CHLOROPHYTA","AU",1,"other_autotrophic_phytoplankton","","autotroph",FALSE,"not_resolved","not_phaeocystis","peg_trophy_au_other","authority_rule_assignment_not_yet_applied_to_biomass"
"PEG_BVOL2026_stage5_v1",248146,"Stauridium tetras","Stauridium","Chlorophyceae","CHLOROPHYTA","AU",1,"other_autotrophic_phytoplankton","","autotroph",FALSE,"not_resolved","not_phaeocystis","peg_trophy_au_other","authority_rule_assignment_not_yet_applied_to_biomass"
"PEG_BVOL2026_stage5_v1",248146,"Stauridium tetras","Stauridium","Chlorophyceae","CHLOROPHYTA","AU",2,"other_autotrophic_phytoplankton","","autotroph",FALSE,"not_resolved","not_phaeocystis","peg_trophy_au_other","authority_rule_assignment_not_yet_applied_to_biomass"
"PEG_BVOL2026_stage5_v1",248146,"Stauridium tetras","Stauridium","Chlorophyceae","CHLOROPHYTA","AU",3,"other_autotrophic_phytoplankton","","autotroph",FALSE,"not_resolved","not_phaeocystis","peg_trophy_au_other","authority_rule_assignment_not_yet_applied_to_biomass"
"PEG_BVOL2026_stage5_v1",248146,"Stauridium tetras","Stauridium","Chlorophyceae","CHLOROPHYTA","AU",4,"other_autotrophic_phytoplankton","","autotroph",FALSE,"not_resolved","not_phaeocystis","peg_trophy_au_other","authority_rule_assignment_not_yet_applied_to_biomass"
"PEG_BVOL2026_stage5_v1",248146,"Stauridium tetras","Stauridium","Chlorophyceae","CHLOROPHYTA","AU",5,"other_autotrophic_phytoplankton","","autotroph",FALSE,"not_resolved","not_phaeocystis","peg_trophy_au_other","authority_rule_assignment_not_yet_applied_to_biomass"
"PEG_BVOL2026_stage5_v1",248146,"Stauridium tetras","Stauridium","Chlorophyceae","CHLOROPHYTA","AU",6,"other_autotrophic_phytoplankton","","autotroph",FALSE,"not_resolved","not_phaeocystis","peg_trophy_au_other","authority_rule_assignment_not_yet_applied_to_biomass"
"PEG_BVOL2026_stage5_v1",1289276,"Tetradesmus lagerheimii","Tetradesmus","Chlorophyceae","CHLOROPHYTA","AU",11,"other_autotrophic_phytoplankton","","autotroph",FALSE,"not_resolved","not_phaeocystis","peg_trophy_au_other","authority_rule_assignment_not_yet_applied_to_biomass"
"PEG_BVOL2026_stage5_v1",1289276,"Tetradesmus lagerheimii","Tetradesmus","Chlorophyceae","CHLOROPHYTA","AU",12,"other_autotrophic_phytoplankton","","autotroph",FALSE,"not_resolved","not_phaeocystis","peg_trophy_au_other","authority_rule_assignment_not_yet_applied_to_biomass"
"PEG_BVOL2026_stage5_v1",1289276,"Tetradesmus lagerheimii","Tetradesmus","Chlorophyceae","CHLOROPHYTA","AU",13,"other_autotrophic_phytoplankton","","autotroph",FALSE,"not_resolved","not_phaeocystis","peg_trophy_au_other","authority_rule_assignment_not_yet_applied_to_biomass"
"PEG_BVOL2026_stage5_v1",1289276,"Tetradesmus lagerheimii","Tetradesmus","Chlorophyceae","CHLOROPHYTA","AU",14,"other_autotrophic_phytoplankton","","autotroph",FALSE,"not_resolved","not_phaeocystis","peg_trophy_au_other","authority_rule_assignment_not_yet_applied_to_biomass"
"PEG_BVOL2026_stage5_v1",1289276,"Tetradesmus lagerheimii","Tetradesmus","Chlorophyceae","CHLOROPHYTA","AU",15,"other_autotrophic_phytoplankton","","autotroph",FALSE,"not_resolved","not_phaeocystis","peg_trophy_au_other","authority_rule_assignment_not_yet_applied_to_biomass"
"PEG_BVOL2026_stage5_v1",1359367,"Tetradesmus obliquus","Tetradesmus","Chlorophyceae","CHLOROPHYTA","AU",7,"other_autotrophic_phytoplankton","","autotroph",FALSE,"not_resolved","not_phaeocystis","peg_trophy_au_other","authority_rule_assignment_not_yet_applied_to_biomass"
"PEG_BVOL2026_stage5_v1",1359367,"Tetradesmus obliquus","Tetradesmus","Chlorophyceae","CHLOROPHYTA","AU",8,"other_autotrophic_phytoplankton","","autotroph",FALSE,"not_resolved","not_phaeocystis","peg_trophy_au_other","authority_rule_assignment_not_yet_applied_to_biomass"
"PEG_BVOL2026_stage5_v1",1359367,"Tetradesmus obliquus","Tetradesmus","Chlorophyceae","CHLOROPHYTA","AU",9,"other_autotrophic_phytoplankton","","autotroph",FALSE,"not_resolved","not_phaeocystis","peg_trophy_au_other","authority_rule_assignment_not_yet_applied_to_biomass"
"PEG_BVOL2026_stage5_v1",1359367,"Tetradesmus obliquus","Tetradesmus","Chlorophyceae","CHLOROPHYTA","AU",10,"other_autotrophic_phytoplankton","","autotroph",FALSE,"not_resolved","not_phaeocystis","peg_trophy_au_other","authority_rule_assignment_not_yet_applied_to_biomass"
"PEG_BVOL2026_stage5_v1",1359367,"Tetradesmus obliquus","Tetradesmus","Chlorophyceae","CHLOROPHYTA","AU",11,"other_autotrophic_phytoplankton","","autotroph",FALSE,"not_resolved","not_phaeocystis","peg_trophy_au_other","authority_rule_assignment_not_yet_applied_to_biomass"
"PEG_BVOL2026_stage5_v1",1359367,"Tetradesmus obliquus","Tetradesmus","Chlorophyceae","CHLOROPHYTA","AU",12,"other_autotrophic_phytoplankton","","autotroph",FALSE,"not_resolved","not_phaeocystis","peg_trophy_au_other","authority_rule_assignment_not_yet_applied_to_biomass"
"PEG_BVOL2026_stage5_v1",600817,"Tetradesmus","Tetradesmus","Chlorophyceae","CHLOROPHYTA","AU",7,"other_autotrophic_phytoplankton","","autotroph",FALSE,"not_resolved","not_phaeocystis","peg_trophy_au_other","authority_rule_assignment_not_yet_applied_to_biomass"
"PEG_BVOL2026_stage5_v1",600817,"Tetradesmus","Tetradesmus","Chlorophyceae","CHLOROPHYTA","AU",8,"other_autotrophic_phytoplankton","","autotroph",FALSE,"not_resolved","not_phaeocystis","peg_trophy_au_other","authority_rule_assignment_not_yet_applied_to_biomass"
"PEG_BVOL2026_stage5_v1",600817,"Tetradesmus","Tetradesmus","Chlorophyceae","CHLOROPHYTA","AU",9,"other_autotrophic_phytoplankton","","autotroph",FALSE,"not_resolved","not_phaeocystis","peg_trophy_au_other","authority_rule_assignment_not_yet_applied_to_biomass"
"PEG_BVOL2026_stage5_v1",600817,"Tetradesmus","Tetradesmus","Chlorophyceae","CHLOROPHYTA","AU",10,"other_autotrophic_phytoplankton","","autotroph",FALSE,"not_resolved","not_phaeocystis","peg_trophy_au_other","authority_rule_assignment_not_yet_applied_to_biomass"
"PEG_BVOL2026_stage5_v1",600817,"Tetradesmus","Tetradesmus","Chlorophyceae","CHLOROPHYTA","AU",11,"other_autotrophic_phytoplankton","","autotroph",FALSE,"not_resolved","not_phaeocystis","peg_trophy_au_other","authority_rule_assignment_not_yet_applied_to_biomass"
"PEG_BVOL2026_stage5_v1",600817,"Tetradesmus","Tetradesmus","Chlorophyceae","CHLOROPHYTA","AU",12,"other_autotrophic_phytoplankton","","autotroph",FALSE,"not_resolved","not_phaeocystis","peg_trophy_au_other","authority_rule_assignment_not_yet_applied_to_biomass"
"PEG_BVOL2026_stage5_v1",576706,"Tetraedron caudatum","Tetraedron","Chlorophyceae","CHLOROPHYTA","AU",1,"other_autotrophic_phytoplankton","","autotroph",FALSE,"not_resolved","not_phaeocystis","peg_trophy_au_other","authority_rule_assignment_not_yet_applied_to_biomass"
"PEG_BVOL2026_stage5_v1",576706,"Tetraedron caudatum","Tetraedron","Chlorophyceae","CHLOROPHYTA","AU",6,"other_autotrophic_phytoplankton","","autotroph",FALSE,"not_resolved","not_phaeocystis","peg_trophy_au_other","authority_rule_assignment_not_yet_applied_to_biomass"
"PEG_BVOL2026_stage5_v1",576706,"Tetraedron caudatum","Tetraedron","Chlorophyceae","CHLOROPHYTA","AU",7,"other_autotrophic_phytoplankton","","autotroph",FALSE,"not_resolved","not_phaeocystis","peg_trophy_au_other","authority_rule_assignment_not_yet_applied_to_biomass"
"PEG_BVOL2026_stage5_v1",576706,"Tetraedron caudatum","Tetraedron","Chlorophyceae","CHLOROPHYTA","AU",8,"other_autotrophic_phytoplankton","","autotroph",FALSE,"not_resolved","not_phaeocystis","peg_trophy_au_other","authority_rule_assignment_not_yet_applied_to_biomass"
"PEG_BVOL2026_stage5_v1",178956,"Tetraedron minimum","Tetraedron","Chlorophyceae","CHLOROPHYTA","AU",1,"other_autotrophic_phytoplankton","","autotroph",FALSE,"not_resolved","not_phaeocystis","peg_trophy_au_other","authority_rule_assignment_not_yet_applied_to_biomass"
"PEG_BVOL2026_stage5_v1",178956,"Tetraedron minimum","Tetraedron","Chlorophyceae","CHLOROPHYTA","AU",2,"other_autotrophic_phytoplankton","","autotroph",FALSE,"not_resolved","not_phaeocystis","peg_trophy_au_other","authority_rule_assignment_not_yet_applied_to_biomass"
"PEG_BVOL2026_stage5_v1",178956,"Tetraedron minimum","Tetraedron","Chlorophyceae","CHLOROPHYTA","AU",3,"other_autotrophic_phytoplankton","","autotroph",FALSE,"not_resolved","not_phaeocystis","peg_trophy_au_other","authority_rule_assignment_not_yet_applied_to_biomass"
"PEG_BVOL2026_stage5_v1",178956,"Tetraedron minimum","Tetraedron","Chlorophyceae","CHLOROPHYTA","AU",4,"other_autotrophic_phytoplankton","","autotroph",FALSE,"not_resolved","not_phaeocystis","peg_trophy_au_other","authority_rule_assignment_not_yet_applied_to_biomass"
"PEG_BVOL2026_stage5_v1",558727,"Tetraedron triangulare","Tetraedron","Chlorophyceae","CHLOROPHYTA","AU",1,"other_autotrophic_phytoplankton","","autotroph",FALSE,"not_resolved","not_phaeocystis","peg_trophy_au_other","authority_rule_assignment_not_yet_applied_to_biomass"
"PEG_BVOL2026_stage5_v1",608641,"Tetrastrum elegans","Tetrastrum","Chlorophyceae","CHLOROPHYTA","AU",1,"other_autotrophic_phytoplankton","","autotroph",FALSE,"not_resolved","not_phaeocystis","peg_trophy_au_other","authority_rule_assignment_not_yet_applied_to_biomass"
"PEG_BVOL2026_stage5_v1",608641,"Tetrastrum elegans","Tetrastrum","Chlorophyceae","CHLOROPHYTA","AU",2,"other_autotrophic_phytoplankton","","autotroph",FALSE,"not_resolved","not_phaeocystis","peg_trophy_au_other","authority_rule_assignment_not_yet_applied_to_biomass"
"PEG_BVOL2026_stage5_v1",610934,"Tetrastrum staurogeniiforme","Tetrastrum","Chlorophyceae","CHLOROPHYTA","AU",1,"other_autotrophic_phytoplankton","","autotroph",FALSE,"not_resolved","not_phaeocystis","peg_trophy_au_other","authority_rule_assignment_not_yet_applied_to_biomass"
"PEG_BVOL2026_stage5_v1",610934,"Tetrastrum staurogeniiforme","Tetrastrum","Chlorophyceae","CHLOROPHYTA","AU",2,"other_autotrophic_phytoplankton","","autotroph",FALSE,"not_resolved","not_phaeocystis","peg_trophy_au_other","authority_rule_assignment_not_yet_applied_to_biomass"
"PEG_BVOL2026_stage5_v1",162934,"Tetrastrum","Tetrastrum","Chlorophyceae","CHLOROPHYTA","AU",1,"other_autotrophic_phytoplankton","","autotroph",FALSE,"not_resolved","not_phaeocystis","peg_trophy_au_other","authority_rule_assignment_not_yet_applied_to_biomass"
"PEG_BVOL2026_stage5_v1",577930,"Westella botryoides","Westella","Chlorophyceae","CHLOROPHYTA","AU",1,"other_autotrophic_phytoplankton","","autotroph",FALSE,"not_resolved","not_phaeocystis","peg_trophy_au_other","authority_rule_assignment_not_yet_applied_to_biomass"
"PEG_BVOL2026_stage5_v1",577930,"Westella botryoides","Westella","Chlorophyceae","CHLOROPHYTA","AU",2,"other_autotrophic_phytoplankton","","autotroph",FALSE,"not_resolved","not_phaeocystis","peg_trophy_au_other","authority_rule_assignment_not_yet_applied_to_biomass"
"PEG_BVOL2026_stage5_v1",577930,"Westella botryoides","Westella","Chlorophyceae","CHLOROPHYTA","AU",3,"other_autotrophic_phytoplankton","","autotroph",FALSE,"not_resolved","not_phaeocystis","peg_trophy_au_other","authority_rule_assignment_not_yet_applied_to_biomass"
"PEG_BVOL2026_stage5_v1",839163,"Willea apiculata","Willea","Chlorophyceae","CHLOROPHYTA","AU",1,"other_autotrophic_phytoplankton","","autotroph",FALSE,"not_resolved","not_phaeocystis","peg_trophy_au_other","authority_rule_assignment_not_yet_applied_to_biomass"
"PEG_BVOL2026_stage5_v1",840472,"Willea rectangularis","Willea","Chlorophyceae","CHLOROPHYTA","AU",1,"other_autotrophic_phytoplankton","","autotroph",FALSE,"not_resolved","not_phaeocystis","peg_trophy_au_other","authority_rule_assignment_not_yet_applied_to_biomass"
"PEG_BVOL2026_stage5_v1",576698,"Sphaerocystis planctonica","Sphaerocystis","Chlorophyceae","CHLOROPHYTA","AU",1,"other_autotrophic_phytoplankton","","autotroph",FALSE,"not_resolved","not_phaeocystis","peg_trophy_au_other","authority_rule_assignment_not_yet_applied_to_biomass"
"PEG_BVOL2026_stage5_v1",248170,"Sphaerocystis schroeteri","Sphaerocystis","Chlorophyceae","CHLOROPHYTA","AU",1,"other_autotrophic_phytoplankton","","autotroph",FALSE,"provider_comment_mentions_colony","not_phaeocystis","peg_trophy_au_other","authority_rule_assignment_not_yet_applied_to_biomass"
"PEG_BVOL2026_stage5_v1",248170,"Sphaerocystis schroeteri","Sphaerocystis","Chlorophyceae","CHLOROPHYTA","AU",2,"other_autotrophic_phytoplankton","","autotroph",FALSE,"provider_comment_mentions_colony","not_phaeocystis","peg_trophy_au_other","authority_rule_assignment_not_yet_applied_to_biomass"
"PEG_BVOL2026_stage5_v1",248170,"Sphaerocystis schroeteri","Sphaerocystis","Chlorophyceae","CHLOROPHYTA","AU",3,"other_autotrophic_phytoplankton","","autotroph",FALSE,"provider_comment_mentions_colony","not_phaeocystis","peg_trophy_au_other","authority_rule_assignment_not_yet_applied_to_biomass"
"PEG_BVOL2026_stage5_v1",248169,"Sphaerocystis","Sphaerocystis","Chlorophyceae","CHLOROPHYTA","AU",1,"other_autotrophic_phytoplankton","","autotroph",FALSE,"provider_comment_mentions_colony","not_phaeocystis","peg_trophy_au_other","authority_rule_assignment_not_yet_applied_to_biomass"
"PEG_BVOL2026_stage5_v1",248169,"Sphaerocystis","Sphaerocystis","Chlorophyceae","CHLOROPHYTA","AU",2,"other_autotrophic_phytoplankton","","autotroph",FALSE,"provider_comment_mentions_colony","not_phaeocystis","peg_trophy_au_other","authority_rule_assignment_not_yet_applied_to_biomass"
"PEG_BVOL2026_stage5_v1",248169,"Sphaerocystis","Sphaerocystis","Chlorophyceae","CHLOROPHYTA","AU",3,"other_autotrophic_phytoplankton","","autotroph",FALSE,"provider_comment_mentions_colony","not_phaeocystis","peg_trophy_au_other","authority_rule_assignment_not_yet_applied_to_biomass"
"PEG_BVOL2026_stage5_v1",608647,"Tetraspora lemmermannii","Tetraspora","Chlorophyceae","CHLOROPHYTA","AU",1,"other_autotrophic_phytoplankton","","autotroph",FALSE,"provider_comment_mentions_colony","not_phaeocystis","peg_trophy_au_other","authority_rule_assignment_not_yet_applied_to_biomass"
"PEG_BVOL2026_stage5_v1",578342,"Chlorogonium maximum","Chlorogonium","Chlorophyceae","CHLOROPHYTA","AU",4,"other_autotrophic_phytoplankton","","autotroph",FALSE,"not_resolved","not_phaeocystis","peg_trophy_au_other","authority_rule_assignment_not_yet_applied_to_biomass"
"PEG_BVOL2026_stage5_v1",578342,"Chlorogonium maximum","Chlorogonium","Chlorophyceae","CHLOROPHYTA","AU",5,"other_autotrophic_phytoplankton","","autotroph",FALSE,"not_resolved","not_phaeocystis","peg_trophy_au_other","authority_rule_assignment_not_yet_applied_to_biomass"
"PEG_BVOL2026_stage5_v1",578342,"Chlorogonium maximum","Chlorogonium","Chlorophyceae","CHLOROPHYTA","AU",6,"other_autotrophic_phytoplankton","","autotroph",FALSE,"not_resolved","not_phaeocystis","peg_trophy_au_other","authority_rule_assignment_not_yet_applied_to_biomass"
"PEG_BVOL2026_stage5_v1",608429,"Chlorogonium minimum","Chlorogonium","Chlorophyceae","CHLOROPHYTA","AU",1,"other_autotrophic_phytoplankton","","autotroph",FALSE,"not_resolved","not_phaeocystis","peg_trophy_au_other","authority_rule_assignment_not_yet_applied_to_biomass"
"PEG_BVOL2026_stage5_v1",608429,"Chlorogonium minimum","Chlorogonium","Chlorophyceae","CHLOROPHYTA","AU",2,"other_autotrophic_phytoplankton","","autotroph",FALSE,"not_resolved","not_phaeocystis","peg_trophy_au_other","authority_rule_assignment_not_yet_applied_to_biomass"
"PEG_BVOL2026_stage5_v1",577672,"Gonium pectorale","Gonium","Chlorophyceae","CHLOROPHYTA","AU",1,"other_autotrophic_phytoplankton","","autotroph",FALSE,"not_resolved","not_phaeocystis","peg_trophy_au_other","authority_rule_assignment_not_yet_applied_to_biomass"
"PEG_BVOL2026_stage5_v1",577672,"Gonium pectorale","Gonium","Chlorophyceae","CHLOROPHYTA","AU",2,"other_autotrophic_phytoplankton","","autotroph",FALSE,"not_resolved","not_phaeocystis","peg_trophy_au_other","authority_rule_assignment_not_yet_applied_to_biomass"
"PEG_BVOL2026_stage5_v1",577672,"Gonium pectorale","Gonium","Chlorophyceae","CHLOROPHYTA","AU",3,"other_autotrophic_phytoplankton","","autotroph",FALSE,"not_resolved","not_phaeocystis","peg_trophy_au_other","authority_rule_assignment_not_yet_applied_to_biomass"
"PEG_BVOL2026_stage5_v1",577672,"Gonium pectorale","Gonium","Chlorophyceae","CHLOROPHYTA","AU",4,"other_autotrophic_phytoplankton","","autotroph",FALSE,"not_resolved","not_phaeocystis","peg_trophy_au_other","authority_rule_assignment_not_yet_applied_to_biomass"
"PEG_BVOL2026_stage5_v1",577672,"Gonium pectorale","Gonium","Chlorophyceae","CHLOROPHYTA","AU",5,"other_autotrophic_phytoplankton","","autotroph",FALSE,"not_resolved","not_phaeocystis","peg_trophy_au_other","authority_rule_assignment_not_yet_applied_to_biomass"
"PEG_BVOL2026_stage5_v1",577672,"Gonium pectorale","Gonium","Chlorophyceae","CHLOROPHYTA","AU",6,"other_autotrophic_phytoplankton","","autotroph",FALSE,"not_resolved","not_phaeocystis","peg_trophy_au_other","authority_rule_assignment_not_yet_applied_to_biomass"
"PEG_BVOL2026_stage5_v1",578433,"Spermatozopsis exsultans","Spermatozopsis","Chlorophyceae","CHLOROPHYTA","AU",1,"other_autotrophic_phytoplankton","","autotroph",FALSE,"not_resolved","not_phaeocystis","peg_trophy_au_other","authority_rule_assignment_not_yet_applied_to_biomass"
"PEG_BVOL2026_stage5_v1",578346,"Tetrabaena socialis","Tetrabaena","Chlorophyceae","CHLOROPHYTA","AU",1,"other_autotrophic_phytoplankton","","autotroph",FALSE,"not_resolved","not_phaeocystis","peg_trophy_au_other","authority_rule_assignment_not_yet_applied_to_biomass"
"PEG_BVOL2026_stage5_v1",578346,"Tetrabaena socialis","Tetrabaena","Chlorophyceae","CHLOROPHYTA","AU",2,"other_autotrophic_phytoplankton","","autotroph",FALSE,"not_resolved","not_phaeocystis","peg_trophy_au_other","authority_rule_assignment_not_yet_applied_to_biomass"
"PEG_BVOL2026_stage5_v1",618773,"Planctococcus sphaerocystiformis","Planctococcus","Chlorophyceae","CHLOROPHYTA","AU",1,"other_autotrophic_phytoplankton","","autotroph",FALSE,"not_resolved","not_phaeocystis","peg_trophy_au_other","authority_rule_assignment_not_yet_applied_to_biomass"
"PEG_BVOL2026_stage5_v1",,"Chlorophyceae","","Chlorophyceae","CHLOROPHYTA","AU",1,"other_autotrophic_phytoplankton","","autotroph",FALSE,"not_resolved","not_phaeocystis","peg_trophy_au_other","authority_rule_assignment_not_yet_applied_to_biomass"
"PEG_BVOL2026_stage5_v1",,"Chlorophyceae","","Chlorophyceae","CHLOROPHYTA","AU",2,"other_autotrophic_phytoplankton","","autotroph",FALSE,"not_resolved","not_phaeocystis","peg_trophy_au_other","authority_rule_assignment_not_yet_applied_to_biomass"
"PEG_BVOL2026_stage5_v1",,"Chlorophyceae","","Chlorophyceae","CHLOROPHYTA","AU",3,"other_autotrophic_phytoplankton","","autotroph",FALSE,"not_resolved","not_phaeocystis","peg_trophy_au_other","authority_rule_assignment_not_yet_applied_to_biomass"
"PEG_BVOL2026_stage5_v1",,"Chlorophyceae","","Chlorophyceae","CHLOROPHYTA","AU",4,"other_autotrophic_phytoplankton","","autotroph",FALSE,"not_resolved","not_phaeocystis","peg_trophy_au_other","authority_rule_assignment_not_yet_applied_to_biomass"
"PEG_BVOL2026_stage5_v1",,"Chlorophyceae","","Chlorophyceae","CHLOROPHYTA","AU",5,"other_autotrophic_phytoplankton","","autotroph",FALSE,"not_resolved","not_phaeocystis","peg_trophy_au_other","authority_rule_assignment_not_yet_applied_to_biomass"
"PEG_BVOL2026_stage5_v1",134563,"Mantoniella squamata","Mantoniella","Mamiellophyceae","CHLOROPHYTA","AU",1,"other_autotrophic_phytoplankton","","autotroph",FALSE,"not_resolved","not_phaeocystis","peg_trophy_au_other","authority_rule_assignment_not_yet_applied_to_biomass"
"PEG_BVOL2026_stage5_v1",134564,"Micromonas pusilla","Micromonas","Mamiellophyceae","CHLOROPHYTA","AU",1,"other_autotrophic_phytoplankton","","autotroph",FALSE,"not_resolved","not_phaeocystis","peg_trophy_au_other","authority_rule_assignment_not_yet_applied_to_biomass"
"PEG_BVOL2026_stage5_v1",375678,"Nephroselmis olivacea","Nephroselmis","Nephroselmidophyceae","CHLOROPHYTA","AU",1,"other_autotrophic_phytoplankton","","autotroph",FALSE,"not_resolved","not_phaeocystis","peg_trophy_au_other","authority_rule_assignment_not_yet_applied_to_biomass"
"PEG_BVOL2026_stage5_v1",134524,"Nephroselmis","Nephroselmis","Nephroselmidophyceae","CHLOROPHYTA","AU",1,"other_autotrophic_phytoplankton","","autotroph",FALSE,"not_resolved","not_phaeocystis","peg_trophy_au_other","authority_rule_assignment_not_yet_applied_to_biomass"
"PEG_BVOL2026_stage5_v1",134524,"Nephroselmis","Nephroselmis","Nephroselmidophyceae","CHLOROPHYTA","AU",2,"other_autotrophic_phytoplankton","","autotroph",FALSE,"not_resolved","not_phaeocystis","peg_trophy_au_other","authority_rule_assignment_not_yet_applied_to_biomass"
"PEG_BVOL2026_stage5_v1",160595,"Pterosperma","Pterosperma","Prasinophyceae (Micromonadophyceae)","CHLOROPHYTA","AU",1,"other_autotrophic_phytoplankton","","autotroph",FALSE,"not_resolved","not_phaeocystis","peg_trophy_au_other","authority_rule_assignment_not_yet_applied_to_biomass"
"PEG_BVOL2026_stage5_v1",160595,"Pterosperma","Pterosperma","Prasinophyceae (Micromonadophyceae)","CHLOROPHYTA","AU",2,"other_autotrophic_phytoplankton","","autotroph",FALSE,"not_resolved","not_phaeocystis","peg_trophy_au_other","authority_rule_assignment_not_yet_applied_to_biomass"
"PEG_BVOL2026_stage5_v1",160595,"Pterosperma","Pterosperma","Prasinophyceae (Micromonadophyceae)","CHLOROPHYTA","AU",3,"other_autotrophic_phytoplankton","","autotroph",FALSE,"not_resolved","not_phaeocystis","peg_trophy_au_other","authority_rule_assignment_not_yet_applied_to_biomass"
"PEG_BVOL2026_stage5_v1",160595,"Pterosperma","Pterosperma","Prasinophyceae (Micromonadophyceae)","CHLOROPHYTA","AU",4,"other_autotrophic_phytoplankton","","autotroph",FALSE,"not_resolved","not_phaeocystis","peg_trophy_au_other","authority_rule_assignment_not_yet_applied_to_biomass"
"PEG_BVOL2026_stage5_v1",160595,"Pterosperma","Pterosperma","Prasinophyceae (Micromonadophyceae)","CHLOROPHYTA","AU",5,"other_autotrophic_phytoplankton","","autotroph",FALSE,"not_resolved","not_phaeocystis","peg_trophy_au_other","authority_rule_assignment_not_yet_applied_to_biomass"
"PEG_BVOL2026_stage5_v1",134566,"Pseudoscourfieldia marina","Pseudoscourfieldia","Pyramimonadophyceae ","CHLOROPHYTA","AU",1,"other_autotrophic_phytoplankton","","autotroph",FALSE,"not_resolved","not_phaeocystis","peg_trophy_au_other","authority_rule_assignment_not_yet_applied_to_biomass"
"PEG_BVOL2026_stage5_v1",134534,"Pseudoscourfieldia","Pseudoscourfieldia","Pyramimonadophyceae ","CHLOROPHYTA","AU",1,"other_autotrophic_phytoplankton","","autotroph",FALSE,"not_resolved","not_phaeocystis","peg_trophy_au_other","authority_rule_assignment_not_yet_applied_to_biomass"
"PEG_BVOL2026_stage5_v1",134534,"Pseudoscourfieldia","Pseudoscourfieldia","Pyramimonadophyceae ","CHLOROPHYTA","AU",2,"other_autotrophic_phytoplankton","","autotroph",FALSE,"not_resolved","not_phaeocystis","peg_trophy_au_other","authority_rule_assignment_not_yet_applied_to_biomass"
"PEG_BVOL2026_stage5_v1",134545,"Cymbomonas tetramitiformis","Cymbomonas","Pyramimonadophyceae","CHLOROPHYTA","AU",1,"other_autotrophic_phytoplankton","","autotroph",FALSE,"not_resolved","not_phaeocystis","peg_trophy_au_other","authority_rule_assignment_not_yet_applied_to_biomass"
"PEG_BVOL2026_stage5_v1",134545,"Cymbomonas tetramitiformis","Cymbomonas","Pyramimonadophyceae","CHLOROPHYTA","AU",2,"other_autotrophic_phytoplankton","","autotroph",FALSE,"not_resolved","not_phaeocystis","peg_trophy_au_other","authority_rule_assignment_not_yet_applied_to_biomass"
"PEG_BVOL2026_stage5_v1",134546,"Halosphaera viridis","Halosphaera","Pyramimonadophyceae","CHLOROPHYTA","AU",1,"other_autotrophic_phytoplankton","","autotroph",FALSE,"not_resolved","not_phaeocystis","peg_trophy_au_other","authority_rule_assignment_not_yet_applied_to_biomass"
"PEG_BVOL2026_stage5_v1",134528,"Halosphaera","Halosphaera","Pyramimonadophyceae","CHLOROPHYTA","AU",1,"other_autotrophic_phytoplankton","","autotroph",FALSE,"not_resolved","not_phaeocystis","peg_trophy_au_other","authority_rule_assignment_not_yet_applied_to_biomass"
"PEG_BVOL2026_stage5_v1",134528,"Halosphaera","Halosphaera","Pyramimonadophyceae","CHLOROPHYTA","AU",2,"other_autotrophic_phytoplankton","","autotroph",FALSE,"not_resolved","not_phaeocystis","peg_trophy_au_other","authority_rule_assignment_not_yet_applied_to_biomass"
"PEG_BVOL2026_stage5_v1",134528,"Halosphaera","Halosphaera","Pyramimonadophyceae","CHLOROPHYTA","AU",3,"other_autotrophic_phytoplankton","","autotroph",FALSE,"not_resolved","not_phaeocystis","peg_trophy_au_other","authority_rule_assignment_not_yet_applied_to_biomass"
"PEG_BVOL2026_stage5_v1",134528,"Halosphaera","Halosphaera","Pyramimonadophyceae","CHLOROPHYTA","AU",4,"other_autotrophic_phytoplankton","","autotroph",FALSE,"not_resolved","not_phaeocystis","peg_trophy_au_other","authority_rule_assignment_not_yet_applied_to_biomass"
"PEG_BVOL2026_stage5_v1",160513,"Pyramimonas longicauda","Pyramimonas","Pyramimonadophyceae","CHLOROPHYTA","AU",1,"other_autotrophic_phytoplankton","","autotroph",FALSE,"not_resolved","not_phaeocystis","peg_trophy_au_other","authority_rule_assignment_not_yet_applied_to_biomass"
"PEG_BVOL2026_stage5_v1",134559,"Pyramimonas virginica","Pyramimonas","Pyramimonadophyceae","CHLOROPHYTA","AU",1,"other_autotrophic_phytoplankton","","autotroph",FALSE,"not_resolved","not_phaeocystis","peg_trophy_au_other","authority_rule_assignment_not_yet_applied_to_biomass"
"PEG_BVOL2026_stage5_v1",134559,"Pyramimonas virginica","Pyramimonas","Pyramimonadophyceae","CHLOROPHYTA","AU",2,"other_autotrophic_phytoplankton","","autotroph",FALSE,"not_resolved","not_phaeocystis","peg_trophy_au_other","authority_rule_assignment_not_yet_applied_to_biomass"
"PEG_BVOL2026_stage5_v1",134529,"Pyramimonas","Pyramimonas","Pyramimonadophyceae","CHLOROPHYTA","AU",1,"other_autotrophic_phytoplankton","","autotroph",FALSE,"not_resolved","not_phaeocystis","peg_trophy_au_other","authority_rule_assignment_not_yet_applied_to_biomass"
"PEG_BVOL2026_stage5_v1",134529,"Pyramimonas","Pyramimonas","Pyramimonadophyceae","CHLOROPHYTA","AU",2,"other_autotrophic_phytoplankton","","autotroph",FALSE,"not_resolved","not_phaeocystis","peg_trophy_au_other","authority_rule_assignment_not_yet_applied_to_biomass"
"PEG_BVOL2026_stage5_v1",134529,"Pyramimonas","Pyramimonas","Pyramimonadophyceae","CHLOROPHYTA","AU",3,"other_autotrophic_phytoplankton","","autotroph",FALSE,"not_resolved","not_phaeocystis","peg_trophy_au_other","authority_rule_assignment_not_yet_applied_to_biomass"
"PEG_BVOL2026_stage5_v1",134529,"Pyramimonas","Pyramimonas","Pyramimonadophyceae","CHLOROPHYTA","AU",4,"other_autotrophic_phytoplankton","","autotroph",FALSE,"not_resolved","not_phaeocystis","peg_trophy_au_other","authority_rule_assignment_not_yet_applied_to_biomass"
"PEG_BVOL2026_stage5_v1",134529,"Pyramimonas","Pyramimonas","Pyramimonadophyceae","CHLOROPHYTA","AU",5,"other_autotrophic_phytoplankton","","autotroph",FALSE,"not_resolved","not_phaeocystis","peg_trophy_au_other","authority_rule_assignment_not_yet_applied_to_biomass"
"PEG_BVOL2026_stage5_v1",134529,"Pyramimonas","Pyramimonas","Pyramimonadophyceae","CHLOROPHYTA","AU",6,"other_autotrophic_phytoplankton","","autotroph",FALSE,"not_resolved","not_phaeocystis","peg_trophy_au_other","authority_rule_assignment_not_yet_applied_to_biomass"
"PEG_BVOL2026_stage5_v1",160543,"Actinastrum hantzschii","Actinastrum","Trebouxiophyceae","CHLOROPHYTA","AU",4,"other_autotrophic_phytoplankton","","autotroph",FALSE,"not_resolved","not_phaeocystis","peg_trophy_au_other","authority_rule_assignment_not_yet_applied_to_biomass"
"PEG_BVOL2026_stage5_v1",160543,"Actinastrum hantzschii","Actinastrum","Trebouxiophyceae","CHLOROPHYTA","AU",5,"other_autotrophic_phytoplankton","","autotroph",FALSE,"not_resolved","not_phaeocystis","peg_trophy_au_other","authority_rule_assignment_not_yet_applied_to_biomass"
"PEG_BVOL2026_stage5_v1",160543,"Actinastrum hantzschii","Actinastrum","Trebouxiophyceae","CHLOROPHYTA","AU",6,"other_autotrophic_phytoplankton","","autotroph",FALSE,"not_resolved","not_phaeocystis","peg_trophy_au_other","authority_rule_assignment_not_yet_applied_to_biomass"
"PEG_BVOL2026_stage5_v1",572005,"Closteriopsis longissima","Closteriopsis","Trebouxiophyceae","CHLOROPHYTA","AU",2,"other_autotrophic_phytoplankton","","autotroph",FALSE,"not_resolved","not_phaeocystis","peg_trophy_au_other","authority_rule_assignment_not_yet_applied_to_biomass"
"PEG_BVOL2026_stage5_v1",248175,"Crucigeniella irregularis","Crucigeniella","Trebouxiophyceae","CHLOROPHYTA","AU",1,"other_autotrophic_phytoplankton","","autotroph",FALSE,"not_resolved","not_phaeocystis","peg_trophy_au_other","authority_rule_assignment_not_yet_applied_to_biomass"
"PEG_BVOL2026_stage5_v1",248175,"Crucigeniella irregularis","Crucigeniella","Trebouxiophyceae","CHLOROPHYTA","AU",2,"other_autotrophic_phytoplankton","","autotroph",FALSE,"not_resolved","not_phaeocystis","peg_trophy_au_other","authority_rule_assignment_not_yet_applied_to_biomass"
"PEG_BVOL2026_stage5_v1",248175,"Crucigeniella irregularis","Crucigeniella","Trebouxiophyceae","CHLOROPHYTA","AU",3,"other_autotrophic_phytoplankton","","autotroph",FALSE,"not_resolved","not_phaeocystis","peg_trophy_au_other","authority_rule_assignment_not_yet_applied_to_biomass"
"PEG_BVOL2026_stage5_v1",178625,"Dictyosphaerium ehrenbergianum","Dictyosphaerium","Trebouxiophyceae","CHLOROPHYTA","AU",1,"other_autotrophic_phytoplankton","","autotroph",FALSE,"not_resolved","not_phaeocystis","peg_trophy_au_other","authority_rule_assignment_not_yet_applied_to_biomass"
"PEG_BVOL2026_stage5_v1",178625,"Dictyosphaerium ehrenbergianum","Dictyosphaerium","Trebouxiophyceae","CHLOROPHYTA","AU",2,"other_autotrophic_phytoplankton","","autotroph",FALSE,"not_resolved","not_phaeocystis","peg_trophy_au_other","authority_rule_assignment_not_yet_applied_to_biomass"
"PEG_BVOL2026_stage5_v1",647499,"Dictyosphaerium planctonicum","Dictyosphaerium","Trebouxiophyceae","CHLOROPHYTA","AU",1,"other_autotrophic_phytoplankton","","autotroph",FALSE,"not_resolved","not_phaeocystis","peg_trophy_au_other","authority_rule_assignment_not_yet_applied_to_biomass"
"PEG_BVOL2026_stage5_v1",576240,"Dictyosphaerium subsolitarium","Dictyosphaerium","Trebouxiophyceae","CHLOROPHYTA","AU",1,"other_autotrophic_phytoplankton","","autotroph",FALSE,"not_resolved","not_phaeocystis","peg_trophy_au_other","authority_rule_assignment_not_yet_applied_to_biomass"
"PEG_BVOL2026_stage5_v1",577840,"Franceia ovalis","Franceia","Trebouxiophyceae","CHLOROPHYTA","AU",1,"other_autotrophic_phytoplankton","","autotroph",FALSE,"not_resolved","not_phaeocystis","peg_trophy_au_other","authority_rule_assignment_not_yet_applied_to_biomass"
"PEG_BVOL2026_stage5_v1",163479,"Micractinium pusillum","Micractinium","Trebouxiophyceae","CHLOROPHYTA","AU",1,"other_autotrophic_phytoplankton","","autotroph",FALSE,"not_resolved","not_phaeocystis","peg_trophy_au_other","authority_rule_assignment_not_yet_applied_to_biomass"
"PEG_BVOL2026_stage5_v1",163479,"Micractinium pusillum","Micractinium","Trebouxiophyceae","CHLOROPHYTA","AU",2,"other_autotrophic_phytoplankton","","autotroph",FALSE,"not_resolved","not_phaeocystis","peg_trophy_au_other","authority_rule_assignment_not_yet_applied_to_biomass"
"PEG_BVOL2026_stage5_v1",624695,"Mucidosphaerium pulchellum","Mucidosphaerium","Trebouxiophyceae","CHLOROPHYTA","AU",1,"other_autotrophic_phytoplankton","","autotroph",FALSE,"not_resolved","not_phaeocystis","peg_trophy_au_other","authority_rule_assignment_not_yet_applied_to_biomass"
"PEG_BVOL2026_stage5_v1",624695,"Mucidosphaerium pulchellum","Mucidosphaerium","Trebouxiophyceae","CHLOROPHYTA","AU",2,"other_autotrophic_phytoplankton","","autotroph",FALSE,"not_resolved","not_phaeocystis","peg_trophy_au_other","authority_rule_assignment_not_yet_applied_to_biomass"
"PEG_BVOL2026_stage5_v1",624695,"Mucidosphaerium pulchellum","Mucidosphaerium","Trebouxiophyceae","CHLOROPHYTA","AU",3,"other_autotrophic_phytoplankton","","autotroph",FALSE,"not_resolved","not_phaeocystis","peg_trophy_au_other","authority_rule_assignment_not_yet_applied_to_biomass"
"PEG_BVOL2026_stage5_v1",624695,"Mucidosphaerium pulchellum","Mucidosphaerium","Trebouxiophyceae","CHLOROPHYTA","AU",4,"other_autotrophic_phytoplankton","","autotroph",FALSE,"not_resolved","not_phaeocystis","peg_trophy_au_other","authority_rule_assignment_not_yet_applied_to_biomass"
"PEG_BVOL2026_stage5_v1",624695,"Mucidosphaerium pulchellum","Mucidosphaerium","Trebouxiophyceae","CHLOROPHYTA","AU",5,"other_autotrophic_phytoplankton","","autotroph",FALSE,"not_resolved","not_phaeocystis","peg_trophy_au_other","authority_rule_assignment_not_yet_applied_to_biomass"
"PEG_BVOL2026_stage5_v1",1380951,"Neglectella solitaria","Neglectella","Trebouxiophyceae","CHLOROPHYTA","AU",1,"other_autotrophic_phytoplankton","","autotroph",FALSE,"not_resolved","not_phaeocystis","peg_trophy_au_other","authority_rule_assignment_not_yet_applied_to_biomass"
"PEG_BVOL2026_stage5_v1",1380951,"Neglectella solitaria","Neglectella","Trebouxiophyceae","CHLOROPHYTA","AU",2,"other_autotrophic_phytoplankton","","autotroph",FALSE,"not_resolved","not_phaeocystis","peg_trophy_au_other","authority_rule_assignment_not_yet_applied_to_biomass"
"PEG_BVOL2026_stage5_v1",1380951,"Neglectella solitaria","Neglectella","Trebouxiophyceae","CHLOROPHYTA","AU",3,"other_autotrophic_phytoplankton","","autotroph",FALSE,"not_resolved","not_phaeocystis","peg_trophy_au_other","authority_rule_assignment_not_yet_applied_to_biomass"
"PEG_BVOL2026_stage5_v1",1380951,"Neglectella solitaria","Neglectella","Trebouxiophyceae","CHLOROPHYTA","AU",4,"other_autotrophic_phytoplankton","","autotroph",FALSE,"not_resolved","not_phaeocystis","peg_trophy_au_other","authority_rule_assignment_not_yet_applied_to_biomass"
"PEG_BVOL2026_stage5_v1",1380951,"Neglectella solitaria","Neglectella","Trebouxiophyceae","CHLOROPHYTA","AU",5,"other_autotrophic_phytoplankton","","autotroph",FALSE,"not_resolved","not_phaeocystis","peg_trophy_au_other","authority_rule_assignment_not_yet_applied_to_biomass"
"PEG_BVOL2026_stage5_v1",1380951,"Neglectella solitaria","Neglectella","Trebouxiophyceae","CHLOROPHYTA","AU",6,"other_autotrophic_phytoplankton","","autotroph",FALSE,"not_resolved","not_phaeocystis","peg_trophy_au_other","authority_rule_assignment_not_yet_applied_to_biomass"
"PEG_BVOL2026_stage5_v1",572053,"Nephrochlamys rostrata","Nephrochlamys","Trebouxiophyceae","CHLOROPHYTA","AU",1,"other_autotrophic_phytoplankton","","autotroph",FALSE,"not_resolved","not_phaeocystis","peg_trophy_au_other","authority_rule_assignment_not_yet_applied_to_biomass"
"PEG_BVOL2026_stage5_v1",616372,"Granulocystopsis decorata","Granulocystopsis","Trebouxiophyceae","CHLOROPHYTA","AU",1,"other_autotrophic_phytoplankton","","autotroph",FALSE,"not_resolved","not_phaeocystis","peg_trophy_au_other","authority_rule_assignment_not_yet_applied_to_biomass"
"PEG_BVOL2026_stage5_v1",572054,"Lagerheimia ciliata","Lagerheimia","Trebouxiophyceae","CHLOROPHYTA","AU",1,"other_autotrophic_phytoplankton","","autotroph",FALSE,"not_resolved","not_phaeocystis","peg_trophy_au_other","authority_rule_assignment_not_yet_applied_to_biomass"
"PEG_BVOL2026_stage5_v1",248128,"Lagerheimia citriformis","Lagerheimia","Trebouxiophyceae","CHLOROPHYTA","AU",1,"other_autotrophic_phytoplankton","","autotroph",FALSE,"not_resolved","not_phaeocystis","peg_trophy_au_other","authority_rule_assignment_not_yet_applied_to_biomass"
"PEG_BVOL2026_stage5_v1",248128,"Lagerheimia citriformis","Lagerheimia","Trebouxiophyceae","CHLOROPHYTA","AU",2,"other_autotrophic_phytoplankton","","autotroph",FALSE,"not_resolved","not_phaeocystis","peg_trophy_au_other","authority_rule_assignment_not_yet_applied_to_biomass"
"PEG_BVOL2026_stage5_v1",178610,"Lagerheimia genevensis","Lagerheimia","Trebouxiophyceae","CHLOROPHYTA","AU",1,"other_autotrophic_phytoplankton","","autotroph",FALSE,"not_resolved","not_phaeocystis","peg_trophy_au_other","authority_rule_assignment_not_yet_applied_to_biomass"
"PEG_BVOL2026_stage5_v1",1304628,"Lagerheimia longiseta var. longiseta","Lagerheimia","Trebouxiophyceae","CHLOROPHYTA","AU",1,"other_autotrophic_phytoplankton","","autotroph",FALSE,"not_resolved","not_phaeocystis","peg_trophy_au_other","authority_rule_assignment_not_yet_applied_to_biomass"
"PEG_BVOL2026_stage5_v1",1304628,"Lagerheimia longiseta var. longiseta","Lagerheimia","Trebouxiophyceae","CHLOROPHYTA","AU",2,"other_autotrophic_phytoplankton","","autotroph",FALSE,"not_resolved","not_phaeocystis","peg_trophy_au_other","authority_rule_assignment_not_yet_applied_to_biomass"
"PEG_BVOL2026_stage5_v1",178939,"Lagerheimia quadriseta","Lagerheimia","Trebouxiophyceae","CHLOROPHYTA","AU",1,"other_autotrophic_phytoplankton","","autotroph",FALSE,"not_resolved","not_phaeocystis","peg_trophy_au_other","authority_rule_assignment_not_yet_applied_to_biomass"
"PEG_BVOL2026_stage5_v1",178939,"Lagerheimia quadriseta","Lagerheimia","Trebouxiophyceae","CHLOROPHYTA","AU",2,"other_autotrophic_phytoplankton","","autotroph",FALSE,"not_resolved","not_phaeocystis","peg_trophy_au_other","authority_rule_assignment_not_yet_applied_to_biomass"
"PEG_BVOL2026_stage5_v1",178941,"Lagerheimia subsalsa","Lagerheimia","Trebouxiophyceae","CHLOROPHYTA","AU",1,"other_autotrophic_phytoplankton","","autotroph",FALSE,"not_resolved","not_phaeocystis","peg_trophy_au_other","authority_rule_assignment_not_yet_applied_to_biomass"
"PEG_BVOL2026_stage5_v1",178941,"Lagerheimia subsalsa","Lagerheimia","Trebouxiophyceae","CHLOROPHYTA","AU",2,"other_autotrophic_phytoplankton","","autotroph",FALSE,"not_resolved","not_phaeocystis","peg_trophy_au_other","authority_rule_assignment_not_yet_applied_to_biomass"
"PEG_BVOL2026_stage5_v1",655941,"Lagerheimia wratislawiensis","Lagerheimia","Trebouxiophyceae","CHLOROPHYTA","AU",1,"other_autotrophic_phytoplankton","","autotroph",FALSE,"not_resolved","not_phaeocystis","peg_trophy_au_other","authority_rule_assignment_not_yet_applied_to_biomass"
"PEG_BVOL2026_stage5_v1",655941,"Lagerheimia wratislawiensis","Lagerheimia","Trebouxiophyceae","CHLOROPHYTA","AU",2,"other_autotrophic_phytoplankton","","autotroph",FALSE,"not_resolved","not_phaeocystis","peg_trophy_au_other","authority_rule_assignment_not_yet_applied_to_biomass"
"PEG_BVOL2026_stage5_v1",178609,"Lagerheimia","Lagerheimia","Trebouxiophyceae","CHLOROPHYTA","AU",1,"other_autotrophic_phytoplankton","","autotroph",FALSE,"not_resolved","not_phaeocystis","peg_trophy_au_other","authority_rule_assignment_not_yet_applied_to_biomass"
"PEG_BVOL2026_stage5_v1",248141,"Oocystis borgei","Oocystis","Trebouxiophyceae","CHLOROPHYTA","AU",1,"other_autotrophic_phytoplankton","","autotroph",FALSE,"not_resolved","not_phaeocystis","peg_trophy_au_other","authority_rule_assignment_not_yet_applied_to_biomass"
"PEG_BVOL2026_stage5_v1",248141,"Oocystis borgei","Oocystis","Trebouxiophyceae","CHLOROPHYTA","AU",2,"other_autotrophic_phytoplankton","","autotroph",FALSE,"not_resolved","not_phaeocystis","peg_trophy_au_other","authority_rule_assignment_not_yet_applied_to_biomass"
"PEG_BVOL2026_stage5_v1",248141,"Oocystis borgei","Oocystis","Trebouxiophyceae","CHLOROPHYTA","AU",3,"other_autotrophic_phytoplankton","","autotroph",FALSE,"not_resolved","not_phaeocystis","peg_trophy_au_other","authority_rule_assignment_not_yet_applied_to_biomass"
"PEG_BVOL2026_stage5_v1",248141,"Oocystis borgei","Oocystis","Trebouxiophyceae","CHLOROPHYTA","AU",4,"other_autotrophic_phytoplankton","","autotroph",FALSE,"not_resolved","not_phaeocystis","peg_trophy_au_other","authority_rule_assignment_not_yet_applied_to_biomass"
"PEG_BVOL2026_stage5_v1",178936,"Oocystis lacustris","Oocystis","Trebouxiophyceae","CHLOROPHYTA","AU",1,"other_autotrophic_phytoplankton","","autotroph",FALSE,"not_resolved","not_phaeocystis","peg_trophy_au_other","authority_rule_assignment_not_yet_applied_to_biomass"
"PEG_BVOL2026_stage5_v1",178936,"Oocystis lacustris","Oocystis","Trebouxiophyceae","CHLOROPHYTA","AU",2,"other_autotrophic_phytoplankton","","autotroph",FALSE,"not_resolved","not_phaeocystis","peg_trophy_au_other","authority_rule_assignment_not_yet_applied_to_biomass"
"PEG_BVOL2026_stage5_v1",178936,"Oocystis lacustris","Oocystis","Trebouxiophyceae","CHLOROPHYTA","AU",3,"other_autotrophic_phytoplankton","","autotroph",FALSE,"not_resolved","not_phaeocystis","peg_trophy_au_other","authority_rule_assignment_not_yet_applied_to_biomass"
"PEG_BVOL2026_stage5_v1",178936,"Oocystis lacustris","Oocystis","Trebouxiophyceae","CHLOROPHYTA","AU",4,"other_autotrophic_phytoplankton","","autotroph",FALSE,"not_resolved","not_phaeocystis","peg_trophy_au_other","authority_rule_assignment_not_yet_applied_to_biomass"
"PEG_BVOL2026_stage5_v1",178936,"Oocystis lacustris","Oocystis","Trebouxiophyceae","CHLOROPHYTA","AU",5,"other_autotrophic_phytoplankton","","autotroph",FALSE,"not_resolved","not_phaeocystis","peg_trophy_au_other","authority_rule_assignment_not_yet_applied_to_biomass"
"PEG_BVOL2026_stage5_v1",178936,"Oocystis lacustris","Oocystis","Trebouxiophyceae","CHLOROPHYTA","AU",6,"other_autotrophic_phytoplankton","","autotroph",FALSE,"not_resolved","not_phaeocystis","peg_trophy_au_other","authority_rule_assignment_not_yet_applied_to_biomass"
"PEG_BVOL2026_stage5_v1",608602,"Oocystis naegelii","Oocystis","Trebouxiophyceae","CHLOROPHYTA","AU",1,"other_autotrophic_phytoplankton","","autotroph",FALSE,"not_resolved","not_phaeocystis","peg_trophy_au_other","authority_rule_assignment_not_yet_applied_to_biomass"
"PEG_BVOL2026_stage5_v1",608602,"Oocystis naegelii","Oocystis","Trebouxiophyceae","CHLOROPHYTA","AU",2,"other_autotrophic_phytoplankton","","autotroph",FALSE,"not_resolved","not_phaeocystis","peg_trophy_au_other","authority_rule_assignment_not_yet_applied_to_biomass"
"PEG_BVOL2026_stage5_v1",608602,"Oocystis naegelii","Oocystis","Trebouxiophyceae","CHLOROPHYTA","AU",3,"other_autotrophic_phytoplankton","","autotroph",FALSE,"not_resolved","not_phaeocystis","peg_trophy_au_other","authority_rule_assignment_not_yet_applied_to_biomass"
"PEG_BVOL2026_stage5_v1",608602,"Oocystis naegelii","Oocystis","Trebouxiophyceae","CHLOROPHYTA","AU",4,"other_autotrophic_phytoplankton","","autotroph",FALSE,"not_resolved","not_phaeocystis","peg_trophy_au_other","authority_rule_assignment_not_yet_applied_to_biomass"
"PEG_BVOL2026_stage5_v1",178613,"Oocystis parva","Oocystis","Trebouxiophyceae","CHLOROPHYTA","AU",1,"other_autotrophic_phytoplankton","","autotroph",FALSE,"not_resolved","not_phaeocystis","peg_trophy_au_other","authority_rule_assignment_not_yet_applied_to_biomass"
"PEG_BVOL2026_stage5_v1",178613,"Oocystis parva","Oocystis","Trebouxiophyceae","CHLOROPHYTA","AU",2,"other_autotrophic_phytoplankton","","autotroph",FALSE,"not_resolved","not_phaeocystis","peg_trophy_au_other","authority_rule_assignment_not_yet_applied_to_biomass"
"PEG_BVOL2026_stage5_v1",248144,"Oocystis pelagica","Oocystis","Trebouxiophyceae","CHLOROPHYTA","AU",1,"other_autotrophic_phytoplankton","","autotroph",FALSE,"not_resolved","not_phaeocystis","peg_trophy_au_other","authority_rule_assignment_not_yet_applied_to_biomass"
"PEG_BVOL2026_stage5_v1",254441,"Oocystis rhomboidea","Oocystis","Trebouxiophyceae","CHLOROPHYTA","AU",1,"other_autotrophic_phytoplankton","","autotroph",FALSE,"not_resolved","not_phaeocystis","peg_trophy_au_other","authority_rule_assignment_not_yet_applied_to_biomass"
"PEG_BVOL2026_stage5_v1",248145,"Oocystis submarina","Oocystis","Trebouxiophyceae","CHLOROPHYTA","AU",1,"other_autotrophic_phytoplankton","","autotroph",FALSE,"not_resolved","not_phaeocystis","peg_trophy_au_other","authority_rule_assignment_not_yet_applied_to_biomass"
"PEG_BVOL2026_stage5_v1",248145,"Oocystis submarina","Oocystis","Trebouxiophyceae","CHLOROPHYTA","AU",2,"other_autotrophic_phytoplankton","","autotroph",FALSE,"not_resolved","not_phaeocystis","peg_trophy_au_other","authority_rule_assignment_not_yet_applied_to_biomass"
"PEG_BVOL2026_stage5_v1",248145,"Oocystis submarina","Oocystis","Trebouxiophyceae","CHLOROPHYTA","AU",3,"other_autotrophic_phytoplankton","","autotroph",FALSE,"not_resolved","not_phaeocystis","peg_trophy_au_other","authority_rule_assignment_not_yet_applied_to_biomass"
"PEG_BVOL2026_stage5_v1",178611,"Oocystis","Oocystis","Trebouxiophyceae","CHLOROPHYTA","AU",1,"other_autotrophic_phytoplankton","","autotroph",FALSE,"not_resolved","not_phaeocystis","peg_trophy_au_other","authority_rule_assignment_not_yet_applied_to_biomass"
"PEG_BVOL2026_stage5_v1",178611,"Oocystis","Oocystis","Trebouxiophyceae","CHLOROPHYTA","AU",2,"other_autotrophic_phytoplankton","","autotroph",FALSE,"not_resolved","not_phaeocystis","peg_trophy_au_other","authority_rule_assignment_not_yet_applied_to_biomass"
"PEG_BVOL2026_stage5_v1",178611,"Oocystis","Oocystis","Trebouxiophyceae","CHLOROPHYTA","AU",3,"other_autotrophic_phytoplankton","","autotroph",FALSE,"not_resolved","not_phaeocystis","peg_trophy_au_other","authority_rule_assignment_not_yet_applied_to_biomass"
"PEG_BVOL2026_stage5_v1",178611,"Oocystis","Oocystis","Trebouxiophyceae","CHLOROPHYTA","AU",4,"other_autotrophic_phytoplankton","","autotroph",FALSE,"not_resolved","not_phaeocystis","peg_trophy_au_other","authority_rule_assignment_not_yet_applied_to_biomass"
"PEG_BVOL2026_stage5_v1",1379956,"Pseudococcomyxa chodatii","Pseudococcomyxa","Trebouxiophyceae","CHLOROPHYTA","AU",4,"other_autotrophic_phytoplankton","","autotroph",FALSE,"not_resolved","not_phaeocystis","peg_trophy_au_other","authority_rule_assignment_not_yet_applied_to_biomass"
"PEG_BVOL2026_stage5_v1",1379956,"Pseudococcomyxa chodatii","Pseudococcomyxa","Trebouxiophyceae","CHLOROPHYTA","AU",5,"other_autotrophic_phytoplankton","","autotroph",FALSE,"not_resolved","not_phaeocystis","peg_trophy_au_other","authority_rule_assignment_not_yet_applied_to_biomass"
"PEG_BVOL2026_stage5_v1",1379956,"Pseudococcomyxa chodatii","Pseudococcomyxa","Trebouxiophyceae","CHLOROPHYTA","AU",6,"other_autotrophic_phytoplankton","","autotroph",FALSE,"not_resolved","not_phaeocystis","peg_trophy_au_other","authority_rule_assignment_not_yet_applied_to_biomass"
"PEG_BVOL2026_stage5_v1",623185,"Quadricoccus ellipticus","Quadricoccus","Trebouxiophyceae","CHLOROPHYTA","AU",1,"other_autotrophic_phytoplankton","","autotroph",FALSE,"not_resolved","not_phaeocystis","peg_trophy_au_other","authority_rule_assignment_not_yet_applied_to_biomass"
"PEG_BVOL2026_stage5_v1",623185,"Quadricoccus ellipticus","Quadricoccus","Trebouxiophyceae","CHLOROPHYTA","AU",2,"other_autotrophic_phytoplankton","","autotroph",FALSE,"not_resolved","not_phaeocystis","peg_trophy_au_other","authority_rule_assignment_not_yet_applied_to_biomass"
"PEG_BVOL2026_stage5_v1",613622,"Quadricoccus euryhalinicus","Quadricoccus","Trebouxiophyceae","CHLOROPHYTA","AU",1,"other_autotrophic_phytoplankton","","autotroph",FALSE,"not_resolved","not_phaeocystis","peg_trophy_au_other","authority_rule_assignment_not_yet_applied_to_biomass"
"PEG_BVOL2026_stage5_v1",616377,"Quadricoccus verrucosus","Quadricoccus","Trebouxiophyceae","CHLOROPHYTA","AU",1,"other_autotrophic_phytoplankton","","autotroph",FALSE,"not_resolved","not_phaeocystis","peg_trophy_au_other","authority_rule_assignment_not_yet_applied_to_biomass"
"PEG_BVOL2026_stage5_v1",578246,"Tetrachlorella alternans","Tetrachlorella","Trebouxiophyceae","CHLOROPHYTA","AU",1,"other_autotrophic_phytoplankton","","autotroph",FALSE,"not_resolved","not_phaeocystis","peg_trophy_au_other","authority_rule_assignment_not_yet_applied_to_biomass"
"PEG_BVOL2026_stage5_v1",578246,"Tetrachlorella alternans","Tetrachlorella","Trebouxiophyceae","CHLOROPHYTA","AU",2,"other_autotrophic_phytoplankton","","autotroph",FALSE,"not_resolved","not_phaeocystis","peg_trophy_au_other","authority_rule_assignment_not_yet_applied_to_biomass"
"PEG_BVOL2026_stage5_v1",578246,"Tetrachlorella alternans","Tetrachlorella","Trebouxiophyceae","CHLOROPHYTA","AU",3,"other_autotrophic_phytoplankton","","autotroph",FALSE,"not_resolved","not_phaeocystis","peg_trophy_au_other","authority_rule_assignment_not_yet_applied_to_biomass"
"PEG_BVOL2026_stage5_v1",248126,"Koliella longiseta","Koliella","Trebouxiophyceae","CHLOROPHYTA","AU",5,"other_autotrophic_phytoplankton","","autotroph",FALSE,"not_resolved","not_phaeocystis","peg_trophy_au_other","authority_rule_assignment_not_yet_applied_to_biomass"
"PEG_BVOL2026_stage5_v1",248126,"Koliella longiseta","Koliella","Trebouxiophyceae","CHLOROPHYTA","AU",6,"other_autotrophic_phytoplankton","","autotroph",FALSE,"not_resolved","not_phaeocystis","peg_trophy_au_other","authority_rule_assignment_not_yet_applied_to_biomass"
"PEG_BVOL2026_stage5_v1",248126,"Koliella longiseta","Koliella","Trebouxiophyceae","CHLOROPHYTA","AU",7,"other_autotrophic_phytoplankton","","autotroph",FALSE,"not_resolved","not_phaeocystis","peg_trophy_au_other","authority_rule_assignment_not_yet_applied_to_biomass"
"PEG_BVOL2026_stage5_v1",248126,"Koliella longiseta","Koliella","Trebouxiophyceae","CHLOROPHYTA","AU",8,"other_autotrophic_phytoplankton","","autotroph",FALSE,"not_resolved","not_phaeocystis","peg_trophy_au_other","authority_rule_assignment_not_yet_applied_to_biomass"
"PEG_BVOL2026_stage5_v1",248127,"Koliella spiculiformis","Koliella","Trebouxiophyceae","CHLOROPHYTA","AU",3,"other_autotrophic_phytoplankton","","autotroph",FALSE,"not_resolved","not_phaeocystis","peg_trophy_au_other","authority_rule_assignment_not_yet_applied_to_biomass"
"PEG_BVOL2026_stage5_v1",248127,"Koliella spiculiformis","Koliella","Trebouxiophyceae","CHLOROPHYTA","AU",4,"other_autotrophic_phytoplankton","","autotroph",FALSE,"not_resolved","not_phaeocystis","peg_trophy_au_other","authority_rule_assignment_not_yet_applied_to_biomass"
"PEG_BVOL2026_stage5_v1",254440,"Koliella spiralis","Koliella","Trebouxiophyceae","CHLOROPHYTA","AU",2,"other_autotrophic_phytoplankton","","autotroph",FALSE,"not_resolved","not_phaeocystis","peg_trophy_au_other","authority_rule_assignment_not_yet_applied_to_biomass"
"PEG_BVOL2026_stage5_v1",160588,"Koliella","Koliella","Trebouxiophyceae","CHLOROPHYTA","AU",3,"other_autotrophic_phytoplankton","","autotroph",FALSE,"not_resolved","not_phaeocystis","peg_trophy_au_other","authority_rule_assignment_not_yet_applied_to_biomass"
"PEG_BVOL2026_stage5_v1",160588,"Koliella","Koliella","Trebouxiophyceae","CHLOROPHYTA","AU",4,"other_autotrophic_phytoplankton","","autotroph",FALSE,"not_resolved","not_phaeocystis","peg_trophy_au_other","authority_rule_assignment_not_yet_applied_to_biomass"
"PEG_BVOL2026_stage5_v1",248103,"Botryococcus","Botryococcus","Trebouxiophyceae","CHLOROPHYTA","AU",1,"other_autotrophic_phytoplankton","","autotroph",FALSE,"not_resolved","not_phaeocystis","peg_trophy_au_other","authority_rule_assignment_not_yet_applied_to_biomass"
"PEG_BVOL2026_stage5_v1",248103,"Botryococcus","Botryococcus","Trebouxiophyceae","CHLOROPHYTA","AU",2,"other_autotrophic_phytoplankton","","autotroph",FALSE,"not_resolved","not_phaeocystis","peg_trophy_au_other","authority_rule_assignment_not_yet_applied_to_biomass"
"PEG_BVOL2026_stage5_v1",248103,"Botryococcus","Botryococcus","Trebouxiophyceae","CHLOROPHYTA","AU",3,"other_autotrophic_phytoplankton","","autotroph",FALSE,"not_resolved","not_phaeocystis","peg_trophy_au_other","authority_rule_assignment_not_yet_applied_to_biomass"
"PEG_BVOL2026_stage5_v1",248103,"Botryococcus","Botryococcus","Trebouxiophyceae","CHLOROPHYTA","AU",4,"other_autotrophic_phytoplankton","","autotroph",FALSE,"not_resolved","not_phaeocystis","peg_trophy_au_other","authority_rule_assignment_not_yet_applied_to_biomass"
"PEG_BVOL2026_stage5_v1",248103,"Botryococcus","Botryococcus","Trebouxiophyceae","CHLOROPHYTA","AU",8,"other_autotrophic_phytoplankton","","autotroph",FALSE,"not_resolved","not_phaeocystis","peg_trophy_au_other","authority_rule_assignment_not_yet_applied_to_biomass"
"PEG_BVOL2026_stage5_v1",248103,"Botryococcus","Botryococcus","Trebouxiophyceae","CHLOROPHYTA","AU",9,"other_autotrophic_phytoplankton","","autotroph",FALSE,"not_resolved","not_phaeocystis","peg_trophy_au_other","authority_rule_assignment_not_yet_applied_to_biomass"
"PEG_BVOL2026_stage5_v1",248103,"Botryococcus","Botryococcus","Trebouxiophyceae","CHLOROPHYTA","AU",10,"other_autotrophic_phytoplankton","","autotroph",FALSE,"not_resolved","not_phaeocystis","peg_trophy_au_other","authority_rule_assignment_not_yet_applied_to_biomass"
"PEG_BVOL2026_stage5_v1",625389,"Choricystis coccoides","Choricystis","Trebouxiophyceae","CHLOROPHYTA","AU",5,"other_autotrophic_phytoplankton","","autotroph",FALSE,"not_resolved","not_phaeocystis","peg_trophy_au_other","authority_rule_assignment_not_yet_applied_to_biomass"
"PEG_BVOL2026_stage5_v1",625389,"Choricystis coccoides","Choricystis","Trebouxiophyceae","CHLOROPHYTA","AU",6,"other_autotrophic_phytoplankton","","autotroph",FALSE,"not_resolved","not_phaeocystis","peg_trophy_au_other","authority_rule_assignment_not_yet_applied_to_biomass"
"PEG_BVOL2026_stage5_v1",625389,"Choricystis coccoides","Choricystis","Trebouxiophyceae","CHLOROPHYTA","AU",7,"other_autotrophic_phytoplankton","","autotroph",FALSE,"not_resolved","not_phaeocystis","peg_trophy_au_other","authority_rule_assignment_not_yet_applied_to_biomass"
"PEG_BVOL2026_stage5_v1",625389,"Choricystis coccoides","Choricystis","Trebouxiophyceae","CHLOROPHYTA","AU",8,"other_autotrophic_phytoplankton","","autotroph",FALSE,"not_resolved","not_phaeocystis","peg_trophy_au_other","authority_rule_assignment_not_yet_applied_to_biomass"
"PEG_BVOL2026_stage5_v1",558759,"Crucigenia fenestrata","Crucigenia","Trebouxiophyceae","CHLOROPHYTA","AU",1,"other_autotrophic_phytoplankton","","autotroph",FALSE,"not_resolved","not_phaeocystis","peg_trophy_au_other","authority_rule_assignment_not_yet_applied_to_biomass"
"PEG_BVOL2026_stage5_v1",178962,"Crucigenia quadrata","Crucigenia","Trebouxiophyceae","CHLOROPHYTA","AU",1,"other_autotrophic_phytoplankton","","autotroph",FALSE,"not_resolved","not_phaeocystis","peg_trophy_au_other","authority_rule_assignment_not_yet_applied_to_biomass"
"PEG_BVOL2026_stage5_v1",178962,"Crucigenia quadrata","Crucigenia","Trebouxiophyceae","CHLOROPHYTA","AU",2,"other_autotrophic_phytoplankton","","autotroph",FALSE,"not_resolved","not_phaeocystis","peg_trophy_au_other","authority_rule_assignment_not_yet_applied_to_biomass"
"PEG_BVOL2026_stage5_v1",178962,"Crucigenia quadrata","Crucigenia","Trebouxiophyceae","CHLOROPHYTA","AU",3,"other_autotrophic_phytoplankton","","autotroph",FALSE,"not_resolved","not_phaeocystis","peg_trophy_au_other","authority_rule_assignment_not_yet_applied_to_biomass"
"PEG_BVOL2026_stage5_v1",178962,"Crucigenia quadrata","Crucigenia","Trebouxiophyceae","CHLOROPHYTA","AU",4,"other_autotrophic_phytoplankton","","autotroph",FALSE,"not_resolved","not_phaeocystis","peg_trophy_au_other","authority_rule_assignment_not_yet_applied_to_biomass"
"PEG_BVOL2026_stage5_v1",178962,"Crucigenia quadrata","Crucigenia","Trebouxiophyceae","CHLOROPHYTA","AU",5,"other_autotrophic_phytoplankton","","autotroph",FALSE,"not_resolved","not_phaeocystis","peg_trophy_au_other","authority_rule_assignment_not_yet_applied_to_biomass"
"PEG_BVOL2026_stage5_v1",839085,"Lemmermannia komarekii","Lemmermannia","Trebouxiophyceae","CHLOROPHYTA","AU",1,"other_autotrophic_phytoplankton","","autotroph",FALSE,"not_resolved","not_phaeocystis","peg_trophy_au_other","authority_rule_assignment_not_yet_applied_to_biomass"
"PEG_BVOL2026_stage5_v1",839081,"Lemmermannia tetrapedia","Lemmermannia","Trebouxiophyceae","CHLOROPHYTA","AU",1,"other_autotrophic_phytoplankton","","autotroph",FALSE,"not_resolved","not_phaeocystis","peg_trophy_au_other","authority_rule_assignment_not_yet_applied_to_biomass"
"PEG_BVOL2026_stage5_v1",494102,"Oltmannsiellopsis","Oltmannsiellopsis","Ulvophyceae","CHLOROPHYTA","AU",1,"other_autotrophic_phytoplankton","","autotroph",FALSE,"not_resolved","not_phaeocystis","peg_trophy_au_other","authority_rule_assignment_not_yet_applied_to_biomass"
"PEG_BVOL2026_stage5_v1",575737,"Binuclearia lauterbornii","Binuclearia","Ulvophyceae","CHLOROPHYTA","AU",7,"other_autotrophic_phytoplankton","","autotroph",FALSE,"not_resolved","not_phaeocystis","peg_trophy_au_other","authority_rule_assignment_not_yet_applied_to_biomass"
"PEG_BVOL2026_stage5_v1",575737,"Binuclearia lauterbornii","Binuclearia","Ulvophyceae","CHLOROPHYTA","AU",8,"other_autotrophic_phytoplankton","","autotroph",FALSE,"not_resolved","not_phaeocystis","peg_trophy_au_other","authority_rule_assignment_not_yet_applied_to_biomass"
"PEG_BVOL2026_stage5_v1",575737,"Binuclearia lauterbornii","Binuclearia","Ulvophyceae","CHLOROPHYTA","AU",9,"other_autotrophic_phytoplankton","","autotroph",FALSE,"not_resolved","not_phaeocystis","peg_trophy_au_other","authority_rule_assignment_not_yet_applied_to_biomass"
"PEG_BVOL2026_stage5_v1",575737,"Binuclearia lauterbornii","Binuclearia","Ulvophyceae","CHLOROPHYTA","AU",10,"other_autotrophic_phytoplankton","","autotroph",FALSE,"not_resolved","not_phaeocystis","peg_trophy_au_other","authority_rule_assignment_not_yet_applied_to_biomass"
"PEG_BVOL2026_stage5_v1",575737,"Binuclearia lauterbornii","Binuclearia","Ulvophyceae","CHLOROPHYTA","AU",11,"other_autotrophic_phytoplankton","","autotroph",FALSE,"not_resolved","not_phaeocystis","peg_trophy_au_other","authority_rule_assignment_not_yet_applied_to_biomass"
"PEG_BVOL2026_stage5_v1",575737,"Binuclearia lauterbornii","Binuclearia","Ulvophyceae","CHLOROPHYTA","AU",12,"other_autotrophic_phytoplankton","","autotroph",FALSE,"not_resolved","not_phaeocystis","peg_trophy_au_other","authority_rule_assignment_not_yet_applied_to_biomass"
"PEG_BVOL2026_stage5_v1",824,"Ulotrichales","Ulotrichales","Ulvophyceae","CHLOROPHYTA","AU",1,"other_autotrophic_phytoplankton","","autotroph",FALSE,"not_resolved","not_phaeocystis","peg_trophy_au_other","authority_rule_assignment_not_yet_applied_to_biomass"
"PEG_BVOL2026_stage5_v1",567048,"Commation","Commation","Raphidophyceae","OCHROPHYTA","HT",1,"heterotroph_or_mixotroph_uncertain","","heterotroph",TRUE,"not_resolved","not_phaeocystis","peg_trophy_ht_or_mx","authority_rule_assignment_not_yet_applied_to_biomass"
"PEG_BVOL2026_stage5_v1",103987,"Bicosoeca","Bicosoeca","Bicoecea","BIGYRA","HT",1,"heterotroph_or_mixotroph_uncertain","","heterotroph",TRUE,"not_resolved","not_phaeocystis","peg_trophy_ht_or_mx","authority_rule_assignment_not_yet_applied_to_biomass"
"PEG_BVOL2026_stage5_v1",118047,"Cryothecomonas scybalophora","Cryothecomonas","Thecofilosea","CERCOZOA","HT",1,"heterotroph_or_mixotroph_uncertain","","heterotroph",TRUE,"not_resolved","not_phaeocystis","peg_trophy_ht_or_mx","authority_rule_assignment_not_yet_applied_to_biomass"
"PEG_BVOL2026_stage5_v1",118011,"Cryothecomonas","Cryothecomonas","Thecofilosea","CERCOZOA","HT",1,"heterotroph_or_mixotroph_uncertain","","heterotroph",TRUE,"not_resolved","not_phaeocystis","peg_trophy_ht_or_mx","authority_rule_assignment_not_yet_applied_to_biomass"
"PEG_BVOL2026_stage5_v1",105571,"Diaphanoeca grandis","Diaphanoeca","Choanoflagellatea","CHOANOZOA","HT",1,"heterotroph_or_mixotroph_uncertain","","heterotroph",TRUE,"not_resolved","not_phaeocystis","peg_trophy_ht_or_mx","authority_rule_assignment_not_yet_applied_to_biomass"
"PEG_BVOL2026_stage5_v1",105574,"Diaphanoeca sphaerica","Diaphanoeca","Choanoflagellatea","CHOANOZOA","HT",1,"heterotroph_or_mixotroph_uncertain","","heterotroph",TRUE,"not_resolved","not_phaeocystis","peg_trophy_ht_or_mx","authority_rule_assignment_not_yet_applied_to_biomass"
"PEG_BVOL2026_stage5_v1",105574,"Diaphanoeca sphaerica","Diaphanoeca","Choanoflagellatea","CHOANOZOA","HT",2,"heterotroph_or_mixotroph_uncertain","","heterotroph",TRUE,"not_resolved","not_phaeocystis","peg_trophy_ht_or_mx","authority_rule_assignment_not_yet_applied_to_biomass"
"PEG_BVOL2026_stage5_v1",105513,"Diaphanoeca","Diaphanoeca","Choanoflagellatea","CHOANOZOA","HT",1,"heterotroph_or_mixotroph_uncertain","","heterotroph",TRUE,"not_resolved","not_phaeocystis","peg_trophy_ht_or_mx","authority_rule_assignment_not_yet_applied_to_biomass"
"PEG_BVOL2026_stage5_v1",105513,"Diaphanoeca","Diaphanoeca","Choanoflagellatea","CHOANOZOA","HT",2,"heterotroph_or_mixotroph_uncertain","","heterotroph",TRUE,"not_resolved","not_phaeocystis","peg_trophy_ht_or_mx","authority_rule_assignment_not_yet_applied_to_biomass"
"PEG_BVOL2026_stage5_v1",105636,"Desmarella moniliformis","Desmarella","Choanoflagellatea","CHOANOZOA","HT",1,"heterotroph_or_mixotroph_uncertain","","heterotroph",TRUE,"not_resolved","not_phaeocystis","peg_trophy_ht_or_mx","authority_rule_assignment_not_yet_applied_to_biomass"
"PEG_BVOL2026_stage5_v1",105535,"Monosiga","Monosiga","Choanoflagellatea","CHOANOZOA","HT",1,"heterotroph_or_mixotroph_uncertain","","heterotroph",TRUE,"not_resolved","not_phaeocystis","peg_trophy_ht_or_mx","authority_rule_assignment_not_yet_applied_to_biomass"
"PEG_BVOL2026_stage5_v1",105541,"Salpingoeca","Salpingoeca","Choanoflagellatea","CHOANOZOA","HT",1,"heterotroph_or_mixotroph_uncertain","","heterotroph",TRUE,"not_resolved","not_phaeocystis","peg_trophy_ht_or_mx","authority_rule_assignment_not_yet_applied_to_biomass"
"PEG_BVOL2026_stage5_v1",105559,"Calliacantha longicaudata","Calliacantha","Choanoflagellatea","CHOANOZOA","HT",1,"heterotroph_or_mixotroph_uncertain","","heterotroph",TRUE,"not_resolved","not_phaeocystis","peg_trophy_ht_or_mx","authority_rule_assignment_not_yet_applied_to_biomass"
"PEG_BVOL2026_stage5_v1",105559,"Calliacantha longicaudata","Calliacantha","Choanoflagellatea","CHOANOZOA","HT",2,"heterotroph_or_mixotroph_uncertain","","heterotroph",TRUE,"not_resolved","not_phaeocystis","peg_trophy_ht_or_mx","authority_rule_assignment_not_yet_applied_to_biomass"
"PEG_BVOL2026_stage5_v1",105561,"Calliacantha natans","Calliacantha","Choanoflagellatea","CHOANOZOA","HT",1,"heterotroph_or_mixotroph_uncertain","","heterotroph",TRUE,"not_resolved","not_phaeocystis","peg_trophy_ht_or_mx","authority_rule_assignment_not_yet_applied_to_biomass"
"PEG_BVOL2026_stage5_v1",105561,"Calliacantha natans","Calliacantha","Choanoflagellatea","CHOANOZOA","HT",2,"heterotroph_or_mixotroph_uncertain","","heterotroph",TRUE,"not_resolved","not_phaeocystis","peg_trophy_ht_or_mx","authority_rule_assignment_not_yet_applied_to_biomass"
"PEG_BVOL2026_stage5_v1",105562,"Calliacantha simplex","Calliacantha","Choanoflagellatea","CHOANOZOA","HT",1,"heterotroph_or_mixotroph_uncertain","","heterotroph",TRUE,"not_resolved","not_phaeocystis","peg_trophy_ht_or_mx","authority_rule_assignment_not_yet_applied_to_biomass"
"PEG_BVOL2026_stage5_v1",105506,"Calliacantha","Calliacantha","Choanoflagellatea","CHOANOZOA","HT",1,"heterotroph_or_mixotroph_uncertain","","heterotroph",TRUE,"not_resolved","not_phaeocystis","peg_trophy_ht_or_mx","authority_rule_assignment_not_yet_applied_to_biomass"
"PEG_BVOL2026_stage5_v1",105506,"Calliacantha","Calliacantha","Choanoflagellatea","CHOANOZOA","HT",2,"heterotroph_or_mixotroph_uncertain","","heterotroph",TRUE,"not_resolved","not_phaeocystis","peg_trophy_ht_or_mx","authority_rule_assignment_not_yet_applied_to_biomass"
"PEG_BVOL2026_stage5_v1",,"Choanoflagellatea","Choanoflagellatea","Choanoflagellatea","CHOANOZOA","HT",1,"heterotroph_or_mixotroph_uncertain","","heterotroph",TRUE,"not_resolved","not_phaeocystis","peg_trophy_ht_or_mx","authority_rule_assignment_not_yet_applied_to_biomass"
"PEG_BVOL2026_stage5_v1",,"Choanoflagellatea","Choanoflagellatea","Choanoflagellatea","CHOANOZOA","HT",2,"heterotroph_or_mixotroph_uncertain","","heterotroph",TRUE,"not_resolved","not_phaeocystis","peg_trophy_ht_or_mx","authority_rule_assignment_not_yet_applied_to_biomass"
"PEG_BVOL2026_stage5_v1",,"Choanoflagellatea","Choanoflagellatea","Choanoflagellatea","CHOANOZOA","HT",3,"heterotroph_or_mixotroph_uncertain","","heterotroph",TRUE,"not_resolved","not_phaeocystis","peg_trophy_ht_or_mx","authority_rule_assignment_not_yet_applied_to_biomass"
"PEG_BVOL2026_stage5_v1",,"Choanoflagellatea","Choanoflagellatea","Choanoflagellatea","CHOANOZOA","HT",4,"heterotroph_or_mixotroph_uncertain","","heterotroph",TRUE,"not_resolved","not_phaeocystis","peg_trophy_ht_or_mx","authority_rule_assignment_not_yet_applied_to_biomass"
"PEG_BVOL2026_stage5_v1",,"Choanoflagellatea","Choanoflagellatea","Choanoflagellatea","CHOANOZOA","HT",5,"heterotroph_or_mixotroph_uncertain","","heterotroph",TRUE,"not_resolved","not_phaeocystis","peg_trophy_ht_or_mx","authority_rule_assignment_not_yet_applied_to_biomass"
"PEG_BVOL2026_stage5_v1",118051,"Ebria tripartita","Ebria","Ebriophyceae","PROTOZOA INCERTAE SEDIS","HT",1,"heterotroph_or_mixotroph_uncertain","","heterotroph",TRUE,"not_resolved","not_phaeocystis","peg_trophy_ht_or_mx","authority_rule_assignment_not_yet_applied_to_biomass"
"PEG_BVOL2026_stage5_v1",118051,"Ebria tripartita","Ebria","Ebriophyceae","PROTOZOA INCERTAE SEDIS","HT",2,"heterotroph_or_mixotroph_uncertain","","heterotroph",TRUE,"not_resolved","not_phaeocystis","peg_trophy_ht_or_mx","authority_rule_assignment_not_yet_applied_to_biomass"
"PEG_BVOL2026_stage5_v1",118051,"Ebria tripartita","Ebria","Ebriophyceae","PROTOZOA INCERTAE SEDIS","HT",3,"heterotroph_or_mixotroph_uncertain","","heterotroph",TRUE,"not_resolved","not_phaeocystis","peg_trophy_ht_or_mx","authority_rule_assignment_not_yet_applied_to_biomass"
"PEG_BVOL2026_stage5_v1",118051,"Ebria tripartita","Ebria","Ebriophyceae","PROTOZOA INCERTAE SEDIS","HT",4,"heterotroph_or_mixotroph_uncertain","","heterotroph",TRUE,"not_resolved","not_phaeocystis","peg_trophy_ht_or_mx","authority_rule_assignment_not_yet_applied_to_biomass"
"PEG_BVOL2026_stage5_v1",118051,"Ebria tripartita","Ebria","Ebriophyceae","PROTOZOA INCERTAE SEDIS","HT",5,"heterotroph_or_mixotroph_uncertain","","heterotroph",TRUE,"not_resolved","not_phaeocystis","peg_trophy_ht_or_mx","authority_rule_assignment_not_yet_applied_to_biomass"
"PEG_BVOL2026_stage5_v1",249691,"Achroonema lentum","Achroonema","","INCERTAE SEDIS","HT",1,"heterotroph_or_mixotroph_uncertain","","heterotroph",TRUE,"not_resolved","not_phaeocystis","peg_trophy_ht_or_mx","authority_rule_assignment_not_yet_applied_to_biomass"
"PEG_BVOL2026_stage5_v1",648201,"Achroonema proteiforme","Achroonema","","INCERTAE SEDIS","HT",1,"heterotroph_or_mixotroph_uncertain","","heterotroph",TRUE,"not_resolved","not_phaeocystis","peg_trophy_ht_or_mx","authority_rule_assignment_not_yet_applied_to_biomass"
"PEG_BVOL2026_stage5_v1",620842,"Katablepharis ovalis","Katablepharis","","INCERTAE SEDIS","HT",1,"heterotroph_or_mixotroph_uncertain","","heterotroph",TRUE,"not_resolved","not_phaeocystis","peg_trophy_ht_or_mx","authority_rule_assignment_not_yet_applied_to_biomass"
"PEG_BVOL2026_stage5_v1",620842,"Katablepharis ovalis","Katablepharis","","INCERTAE SEDIS","HT",2,"heterotroph_or_mixotroph_uncertain","","heterotroph",TRUE,"not_resolved","not_phaeocystis","peg_trophy_ht_or_mx","authority_rule_assignment_not_yet_applied_to_biomass"
"PEG_BVOL2026_stage5_v1",627117,"Katablepharis remigera","Katablepharis","","INCERTAE SEDIS","HT",1,"heterotroph_or_mixotroph_uncertain","","heterotroph",TRUE,"not_resolved","not_phaeocystis","peg_trophy_ht_or_mx","authority_rule_assignment_not_yet_applied_to_biomass"
"PEG_BVOL2026_stage5_v1",627117,"Katablepharis remigera","Katablepharis","","INCERTAE SEDIS","HT",2,"heterotroph_or_mixotroph_uncertain","","heterotroph",TRUE,"not_resolved","not_phaeocystis","peg_trophy_ht_or_mx","authority_rule_assignment_not_yet_applied_to_biomass"
"PEG_BVOL2026_stage5_v1",627117,"Katablepharis remigera","Katablepharis","","INCERTAE SEDIS","HT",3,"heterotroph_or_mixotroph_uncertain","","heterotroph",TRUE,"not_resolved","not_phaeocystis","peg_trophy_ht_or_mx","authority_rule_assignment_not_yet_applied_to_biomass"
"PEG_BVOL2026_stage5_v1",601744,"Katablepharis","Katablepharis","","INCERTAE SEDIS","HT",1,"heterotroph_or_mixotroph_uncertain","","heterotroph",TRUE,"not_resolved","not_phaeocystis","peg_trophy_ht_or_mx","authority_rule_assignment_not_yet_applied_to_biomass"
"PEG_BVOL2026_stage5_v1",601744,"Katablepharis","Katablepharis","","INCERTAE SEDIS","HT",2,"heterotroph_or_mixotroph_uncertain","","heterotroph",TRUE,"not_resolved","not_phaeocystis","peg_trophy_ht_or_mx","authority_rule_assignment_not_yet_applied_to_biomass"
"PEG_BVOL2026_stage5_v1",601744,"Katablepharis","Katablepharis","","INCERTAE SEDIS","HT",3,"heterotroph_or_mixotroph_uncertain","","heterotroph",TRUE,"not_resolved","not_phaeocystis","peg_trophy_ht_or_mx","authority_rule_assignment_not_yet_applied_to_biomass"
"PEG_BVOL2026_stage5_v1",601744,"Katablepharis","Katablepharis","","INCERTAE SEDIS","HT",4,"heterotroph_or_mixotroph_uncertain","","heterotroph",TRUE,"not_resolved","not_phaeocystis","peg_trophy_ht_or_mx","authority_rule_assignment_not_yet_applied_to_biomass"
"PEG_BVOL2026_stage5_v1",119077,"Leucocryptos marina","Leucocryptos","","INCERTAE SEDIS","HT",1,"heterotroph_or_mixotroph_uncertain","","heterotroph",TRUE,"not_resolved","not_phaeocystis","peg_trophy_ht_or_mx","authority_rule_assignment_not_yet_applied_to_biomass"
"PEG_BVOL2026_stage5_v1",119077,"Leucocryptos marina","Leucocryptos","","INCERTAE SEDIS","HT",2,"heterotroph_or_mixotroph_uncertain","","heterotroph",TRUE,"not_resolved","not_phaeocystis","peg_trophy_ht_or_mx","authority_rule_assignment_not_yet_applied_to_biomass"
"PEG_BVOL2026_stage5_v1",119077,"Leucocryptos marina","Leucocryptos","","INCERTAE SEDIS","HT",3,"heterotroph_or_mixotroph_uncertain","","heterotroph",TRUE,"not_resolved","not_phaeocystis","peg_trophy_ht_or_mx","authority_rule_assignment_not_yet_applied_to_biomass"
"PEG_BVOL2026_stage5_v1",17651,"Leucocryptos","Leucocryptos","","INCERTAE SEDIS","HT",1,"heterotroph_or_mixotroph_uncertain","","heterotroph",TRUE,"not_resolved","not_phaeocystis","peg_trophy_ht_or_mx","authority_rule_assignment_not_yet_applied_to_biomass"
"PEG_BVOL2026_stage5_v1",389491,"Telonema antarcticum","","Telonema","INCERTAE SEDIS","HT",1,"heterotroph_or_mixotroph_uncertain","","heterotroph",TRUE,"not_resolved","not_phaeocystis","peg_trophy_ht_or_mx","authority_rule_assignment_not_yet_applied_to_biomass"
"PEG_BVOL2026_stage5_v1",118075,"Telonema subtile","Telonema","","INCERTAE SEDIS","HT",1,"heterotroph_or_mixotroph_uncertain","","heterotroph",TRUE,"not_resolved","not_phaeocystis","peg_trophy_ht_or_mx","authority_rule_assignment_not_yet_applied_to_biomass"
"PEG_BVOL2026_stage5_v1",118075,"Telonema subtile","Telonema","","INCERTAE SEDIS","HT",2,"heterotroph_or_mixotroph_uncertain","","heterotroph",TRUE,"not_resolved","not_phaeocystis","peg_trophy_ht_or_mx","authority_rule_assignment_not_yet_applied_to_biomass"
"PEG_BVOL2026_stage5_v1",118075,"Telonema subtile","Telonema","","INCERTAE SEDIS","HT",3,"heterotroph_or_mixotroph_uncertain","","heterotroph",TRUE,"not_resolved","not_phaeocystis","peg_trophy_ht_or_mx","authority_rule_assignment_not_yet_applied_to_biomass"
"PEG_BVOL2026_stage5_v1",118028,"Telonema","Telonema","","INCERTAE SEDIS","HT",1,"heterotroph_or_mixotroph_uncertain","","heterotroph",TRUE,"not_resolved","not_phaeocystis","peg_trophy_ht_or_mx","authority_rule_assignment_not_yet_applied_to_biomass"
"PEG_BVOL2026_stage5_v1",118028,"Telonema","Telonema","","INCERTAE SEDIS","HT",2,"heterotroph_or_mixotroph_uncertain","","heterotroph",TRUE,"not_resolved","not_phaeocystis","peg_trophy_ht_or_mx","authority_rule_assignment_not_yet_applied_to_biomass"
"PEG_BVOL2026_stage5_v1",118028,"Telonema","Telonema","","INCERTAE SEDIS","HT",3,"heterotroph_or_mixotroph_uncertain","","heterotroph",TRUE,"not_resolved","not_phaeocystis","peg_trophy_ht_or_mx","authority_rule_assignment_not_yet_applied_to_biomass"
"PEG_BVOL2026_stage5_v1",101264,"Laboea strobila","Laboea","Oligotrichea","CILIOPHORA","MX",1,"heterotroph_or_mixotroph_uncertain","","mixotroph",TRUE,"not_resolved","not_phaeocystis","peg_trophy_ht_or_mx","authority_rule_assignment_not_yet_applied_to_biomass"
"PEG_BVOL2026_stage5_v1",101264,"Laboea strobila","Laboea","Oligotrichea","CILIOPHORA","MX",2,"heterotroph_or_mixotroph_uncertain","","mixotroph",TRUE,"not_resolved","not_phaeocystis","peg_trophy_ht_or_mx","authority_rule_assignment_not_yet_applied_to_biomass"
"PEG_BVOL2026_stage5_v1",101264,"Laboea strobila","Laboea","Oligotrichea","CILIOPHORA","MX",3,"heterotroph_or_mixotroph_uncertain","","mixotroph",TRUE,"not_resolved","not_phaeocystis","peg_trophy_ht_or_mx","authority_rule_assignment_not_yet_applied_to_biomass"
"PEG_BVOL2026_stage5_v1",232069,"Mesodinium rubrum","Mesodinium","Litostomatea","CILIOPHORA","MX",1,"heterotroph_or_mixotroph_uncertain","","mixotroph",TRUE,"not_resolved","not_phaeocystis","peg_trophy_ht_or_mx","authority_rule_assignment_not_yet_applied_to_biomass"
"PEG_BVOL2026_stage5_v1",232069,"Mesodinium rubrum","Mesodinium","Litostomatea","CILIOPHORA","MX",2,"heterotroph_or_mixotroph_uncertain","","mixotroph",TRUE,"not_resolved","not_phaeocystis","peg_trophy_ht_or_mx","authority_rule_assignment_not_yet_applied_to_biomass"
"PEG_BVOL2026_stage5_v1",232069,"Mesodinium rubrum","Mesodinium","Litostomatea","CILIOPHORA","MX",3,"heterotroph_or_mixotroph_uncertain","","mixotroph",TRUE,"not_resolved","not_phaeocystis","peg_trophy_ht_or_mx","authority_rule_assignment_not_yet_applied_to_biomass"
"PEG_BVOL2026_stage5_v1",232069,"Mesodinium rubrum","Mesodinium","Litostomatea","CILIOPHORA","MX",4,"heterotroph_or_mixotroph_uncertain","","mixotroph",TRUE,"not_resolved","not_phaeocystis","peg_trophy_ht_or_mx","authority_rule_assignment_not_yet_applied_to_biomass"
"PEG_BVOL2026_stage5_v1",232069,"Mesodinium rubrum","Mesodinium","Litostomatea","CILIOPHORA","MX",5,"heterotroph_or_mixotroph_uncertain","","mixotroph",TRUE,"not_resolved","not_phaeocystis","peg_trophy_ht_or_mx","authority_rule_assignment_not_yet_applied_to_biomass"
"PEG_BVOL2026_stage5_v1",232069,"Mesodinium rubrum","Mesodinium","Litostomatea","CILIOPHORA","MX",6,"heterotroph_or_mixotroph_uncertain","","mixotroph",TRUE,"not_resolved","not_phaeocystis","peg_trophy_ht_or_mx","authority_rule_assignment_not_yet_applied_to_biomass"
"PEG_BVOL2026_stage5_v1",232069,"Mesodinium rubrum","Mesodinium","Litostomatea","CILIOPHORA","MX",7,"heterotroph_or_mixotroph_uncertain","","mixotroph",TRUE,"not_resolved","not_phaeocystis","peg_trophy_ht_or_mx","authority_rule_assignment_not_yet_applied_to_biomass"
"PEG_BVOL2026_stage5_v1",232069,"Mesodinium rubrum","Mesodinium","Litostomatea","CILIOPHORA","MX",8,"heterotroph_or_mixotroph_uncertain","","mixotroph",TRUE,"not_resolved","not_phaeocystis","peg_trophy_ht_or_mx","authority_rule_assignment_not_yet_applied_to_biomass"
"PEG_BVOL2026_stage5_v1",232069,"Mesodinium rubrum","Mesodinium","Litostomatea","CILIOPHORA","MX",9,"heterotroph_or_mixotroph_uncertain","","mixotroph",TRUE,"not_resolved","not_phaeocystis","peg_trophy_ht_or_mx","authority_rule_assignment_not_yet_applied_to_biomass"
"PEG_BVOL2026_stage5_v1",,"Flagellates","Flagellates","","OTHERS","AU",1,"other_autotrophic_phytoplankton","","autotroph",FALSE,"not_resolved","not_phaeocystis","peg_trophy_au_other","authority_rule_assignment_not_yet_applied_to_biomass"
"PEG_BVOL2026_stage5_v1",,"Flagellates","Flagellates","","OTHERS","AU",2,"other_autotrophic_phytoplankton","","autotroph",FALSE,"not_resolved","not_phaeocystis","peg_trophy_au_other","authority_rule_assignment_not_yet_applied_to_biomass"
"PEG_BVOL2026_stage5_v1",,"Flagellates","Flagellates","","OTHERS","AU",3,"other_autotrophic_phytoplankton","","autotroph",FALSE,"not_resolved","not_phaeocystis","peg_trophy_au_other","authority_rule_assignment_not_yet_applied_to_biomass"
"PEG_BVOL2026_stage5_v1",,"Flagellates","Flagellates","","OTHERS","AU",4,"other_autotrophic_phytoplankton","","autotroph",FALSE,"not_resolved","not_phaeocystis","peg_trophy_au_other","authority_rule_assignment_not_yet_applied_to_biomass"
"PEG_BVOL2026_stage5_v1",,"Flagellates","Flagellates","","OTHERS","AU",5,"other_autotrophic_phytoplankton","","autotroph",FALSE,"not_resolved","not_phaeocystis","peg_trophy_au_other","authority_rule_assignment_not_yet_applied_to_biomass"
"PEG_BVOL2026_stage5_v1",,"Flagellates","Flagellates","","OTHERS","AU",6,"other_autotrophic_phytoplankton","","autotroph",FALSE,"not_resolved","not_phaeocystis","peg_trophy_au_other","authority_rule_assignment_not_yet_applied_to_biomass"
"PEG_BVOL2026_stage5_v1",,"Flagellates","Flagellates","","OTHERS","AU",7,"other_autotrophic_phytoplankton","","autotroph",FALSE,"not_resolved","not_phaeocystis","peg_trophy_au_other","authority_rule_assignment_not_yet_applied_to_biomass"
"PEG_BVOL2026_stage5_v1",,"Flagellates","Flagellates","","OTHERS","AU",8,"other_autotrophic_phytoplankton","","autotroph",FALSE,"not_resolved","not_phaeocystis","peg_trophy_au_other","authority_rule_assignment_not_yet_applied_to_biomass"
"PEG_BVOL2026_stage5_v1",,"Flagellates","Flagellates","","OTHERS","AU",9,"other_autotrophic_phytoplankton","","autotroph",FALSE,"not_resolved","not_phaeocystis","peg_trophy_au_other","authority_rule_assignment_not_yet_applied_to_biomass"
"PEG_BVOL2026_stage5_v1",,"Flagellates","Flagellates","","OTHERS","AU",10,"other_autotrophic_phytoplankton","","autotroph",FALSE,"not_resolved","not_phaeocystis","peg_trophy_au_other","authority_rule_assignment_not_yet_applied_to_biomass"
"PEG_BVOL2026_stage5_v1",,"Flagellates","Flagellates","","OTHERS","AU",11,"other_autotrophic_phytoplankton","","autotroph",FALSE,"not_resolved","not_phaeocystis","peg_trophy_au_other","authority_rule_assignment_not_yet_applied_to_biomass"
"PEG_BVOL2026_stage5_v1",,"Flagellates","Flagellates","","OTHERS","AU",12,"other_autotrophic_phytoplankton","","autotroph",FALSE,"not_resolved","not_phaeocystis","peg_trophy_au_other","authority_rule_assignment_not_yet_applied_to_biomass"
"PEG_BVOL2026_stage5_v1",,"Flagellates","Flagellates","","OTHERS","AU",13,"other_autotrophic_phytoplankton","","autotroph",FALSE,"not_resolved","not_phaeocystis","peg_trophy_au_other","authority_rule_assignment_not_yet_applied_to_biomass"
"PEG_BVOL2026_stage5_v1",,"Flagellates","Flagellates","","OTHERS","AU",14,"other_autotrophic_phytoplankton","","autotroph",FALSE,"not_resolved","not_phaeocystis","peg_trophy_au_other","authority_rule_assignment_not_yet_applied_to_biomass"
"PEG_BVOL2026_stage5_v1",,"Flagellates","Flagellates","","OTHERS","HT",51,"heterotroph_or_mixotroph_uncertain","","heterotroph",TRUE,"not_resolved","not_phaeocystis","peg_trophy_ht_or_mx","authority_rule_assignment_not_yet_applied_to_biomass"
"PEG_BVOL2026_stage5_v1",,"Flagellates","Flagellates","","OTHERS","HT",52,"heterotroph_or_mixotroph_uncertain","","heterotroph",TRUE,"not_resolved","not_phaeocystis","peg_trophy_ht_or_mx","authority_rule_assignment_not_yet_applied_to_biomass"
"PEG_BVOL2026_stage5_v1",,"Flagellates","Flagellates","","OTHERS","HT",53,"heterotroph_or_mixotroph_uncertain","","heterotroph",TRUE,"not_resolved","not_phaeocystis","peg_trophy_ht_or_mx","authority_rule_assignment_not_yet_applied_to_biomass"
"PEG_BVOL2026_stage5_v1",,"Flagellates","Flagellates","","OTHERS","HT",54,"heterotroph_or_mixotroph_uncertain","","heterotroph",TRUE,"not_resolved","not_phaeocystis","peg_trophy_ht_or_mx","authority_rule_assignment_not_yet_applied_to_biomass"
"PEG_BVOL2026_stage5_v1",,"Flagellates","Flagellates","","OTHERS","HT",55,"heterotroph_or_mixotroph_uncertain","","heterotroph",TRUE,"not_resolved","not_phaeocystis","peg_trophy_ht_or_mx","authority_rule_assignment_not_yet_applied_to_biomass"
"PEG_BVOL2026_stage5_v1",,"Flagellates","Flagellates","","OTHERS","HT",56,"heterotroph_or_mixotroph_uncertain","","heterotroph",TRUE,"not_resolved","not_phaeocystis","peg_trophy_ht_or_mx","authority_rule_assignment_not_yet_applied_to_biomass"
"PEG_BVOL2026_stage5_v1",,"Flagellates","Flagellates","","OTHERS","HT",57,"heterotroph_or_mixotroph_uncertain","","heterotroph",TRUE,"not_resolved","not_phaeocystis","peg_trophy_ht_or_mx","authority_rule_assignment_not_yet_applied_to_biomass"
"PEG_BVOL2026_stage5_v1",,"Flagellates","Flagellates","","OTHERS","HT",58,"heterotroph_or_mixotroph_uncertain","","heterotroph",TRUE,"not_resolved","not_phaeocystis","peg_trophy_ht_or_mx","authority_rule_assignment_not_yet_applied_to_biomass"
"PEG_BVOL2026_stage5_v1",,"Flagellates","Flagellates","","OTHERS","HT",59,"heterotroph_or_mixotroph_uncertain","","heterotroph",TRUE,"not_resolved","not_phaeocystis","peg_trophy_ht_or_mx","authority_rule_assignment_not_yet_applied_to_biomass"
"PEG_BVOL2026_stage5_v1",,"Flagellates","Flagellates","","OTHERS","HT",60,"heterotroph_or_mixotroph_uncertain","","heterotroph",TRUE,"not_resolved","not_phaeocystis","peg_trophy_ht_or_mx","authority_rule_assignment_not_yet_applied_to_biomass"
"PEG_BVOL2026_stage5_v1",,"Flagellates","Flagellates","","OTHERS","HT",61,"heterotroph_or_mixotroph_uncertain","","heterotroph",TRUE,"not_resolved","not_phaeocystis","peg_trophy_ht_or_mx","authority_rule_assignment_not_yet_applied_to_biomass"
"PEG_BVOL2026_stage5_v1",,"Flagellates","Flagellates","","OTHERS","HT",62,"heterotroph_or_mixotroph_uncertain","","heterotroph",TRUE,"not_resolved","not_phaeocystis","peg_trophy_ht_or_mx","authority_rule_assignment_not_yet_applied_to_biomass"
"PEG_BVOL2026_stage5_v1",,"Flagellates","Flagellates","","OTHERS","HT",63,"heterotroph_or_mixotroph_uncertain","","heterotroph",TRUE,"not_resolved","not_phaeocystis","peg_trophy_ht_or_mx","authority_rule_assignment_not_yet_applied_to_biomass"
"PEG_BVOL2026_stage5_v1",,"Flagellates","Flagellates","","OTHERS","HT",64,"heterotroph_or_mixotroph_uncertain","","heterotroph",TRUE,"not_resolved","not_phaeocystis","peg_trophy_ht_or_mx","authority_rule_assignment_not_yet_applied_to_biomass"
"PEG_BVOL2026_stage5_v1",,"Unicell","Unicell","","OTHERS","",1,"unresolved_autotroph","","unresolved",TRUE,"not_resolved","not_phaeocystis","peg_trophy_blank_unresolved","authority_rule_assignment_not_yet_applied_to_biomass"
"PEG_BVOL2026_stage5_v1",,"Unicell","Unicell","","OTHERS","",2,"unresolved_autotroph","","unresolved",TRUE,"not_resolved","not_phaeocystis","peg_trophy_blank_unresolved","authority_rule_assignment_not_yet_applied_to_biomass"
"PEG_BVOL2026_stage5_v1",,"Unicell","Unicell","","OTHERS","",3,"unresolved_autotroph","","unresolved",TRUE,"not_resolved","not_phaeocystis","peg_trophy_blank_unresolved","authority_rule_assignment_not_yet_applied_to_biomass"
"PEG_BVOL2026_stage5_v1",,"Unicell","Unicell","","OTHERS","",4,"unresolved_autotroph","","unresolved",TRUE,"not_resolved","not_phaeocystis","peg_trophy_blank_unresolved","authority_rule_assignment_not_yet_applied_to_biomass"
"PEG_BVOL2026_stage5_v1",,"Unicell","Unicell","","OTHERS","",5,"unresolved_autotroph","","unresolved",TRUE,"not_resolved","not_phaeocystis","peg_trophy_blank_unresolved","authority_rule_assignment_not_yet_applied_to_biomass"
"PEG_BVOL2026_stage5_v1",,"Unicell","Unicell","","OTHERS","",6,"unresolved_autotroph","","unresolved",TRUE,"not_resolved","not_phaeocystis","peg_trophy_blank_unresolved","authority_rule_assignment_not_yet_applied_to_biomass"
"PEG_BVOL2026_stage5_v1",,"Unicell","Unicell","","OTHERS","",7,"unresolved_autotroph","","unresolved",TRUE,"not_resolved","not_phaeocystis","peg_trophy_blank_unresolved","authority_rule_assignment_not_yet_applied_to_biomass"
"PEG_BVOL2026_stage5_v1",,"Unicell","Unicell","","OTHERS","",9,"unresolved_autotroph","","unresolved",TRUE,"not_resolved","not_phaeocystis","peg_trophy_blank_unresolved","authority_rule_assignment_not_yet_applied_to_biomass"
