"ds_id","monitoring_network","station_id","subregion_id","method_epoch","year","station_identity_state","first_date","last_date","sample_count","unique_sampling_days","median_gap_days","gap_p90_days","longest_gap_days"
"DS03","RWS_MWTL","AMSDM_surface","outside_or_invalid","unknown_not_harmonized",2016,"provider_station","2016-04-05","2016-09-21",7,7,28,29,29
"DS03","RWS_MWTL","AMSDM_surface","outside_or_invalid","unknown_not_harmonized",2017,"provider_station","2017-04-05","2017-09-20",7,7,28,28.5,29
"DS03","RWS_MWTL","AMSDM_surface","outside_or_invalid","unknown_not_harmonized",2018,"provider_station","2018-04-05","2018-09-19",7,7,28,28,28
"DS03","RWS_MWTL","AMSDM_surface","outside_or_invalid","unknown_not_harmonized",2019,"provider_station","2019-04-03","2019-09-19",7,7,28,29.5,30
"DS03","RWS_MWTL","BOCHTVWTM_surface","southern_and_central_north_sea","unknown_not_harmonized",1990,"provider_station","1990-04-04","1990-04-04",1,1,,,
"DS03","RWS_MWTL","BOCHTVWTM_surface","southern_and_central_north_sea","unknown_not_harmonized",2007,"provider_station","2007-03-16","2007-09-26",6,6,35,51.8,59
"DS03","RWS_MWTL","BOCHTVWTM_surface","southern_and_central_north_sea","unknown_not_harmonized",2009,"provider_station","2009-03-20","2009-09-16",7,7,29.5,31.5,32
"DS03","RWS_MWTL","BOCHTVWTM_surface","southern_and_central_north_sea","unknown_not_harmonized",2010,"provider_station","2010-01-11","2010-12-17",17,17,17,39,45
"DS03","RWS_MWTL","BOCHTVWTM_surface","southern_and_central_north_sea","unknown_not_harmonized",2011,"provider_station","2011-03-15","2011-09-06",13,13,14,15.9,17
"DS03","RWS_MWTL","BOCHTVWTM_surface","southern_and_central_north_sea","unknown_not_harmonized",2012,"provider_station","2012-03-05","2012-09-11",14,14,15,17,17
"DS03","RWS_MWTL","BOCHTVWTM_surface","southern_and_central_north_sea","unknown_not_harmonized",2013,"provider_station","2013-03-06","2013-09-13",14,14,15,15.8,18
"DS03","RWS_MWTL","BOCHTVWTM_surface","southern_and_central_north_sea","unknown_not_harmonized",2014,"provider_station","2014-02-26","2014-09-18",14,14,15,17,25
"DS03","RWS_MWTL","BOCHTVWTM_surface","southern_and_central_north_sea","unknown_not_harmonized",2015,"provider_station","2015-02-27","2015-09-09",14,14,14,17,19
"DS03","RWS_MWTL","BOCHTVWTM_surface","southern_and_central_north_sea","unknown_not_harmonized",2016,"provider_station","2016-03-04","2016-09-08",14,14,14,17.8,19
"DS03","RWS_MWTL","BOCHTVWTM_surface","southern_and_central_north_sea","unknown_not_harmonized",2017,"provider_station","2017-02-24","2017-09-19",14,14,15,17.8,26
"DS03","RWS_MWTL","BOCHTVWTM_surface","southern_and_central_north_sea","unknown_not_harmonized",2018,"provider_station","2018-02-27","2018-09-20",14,14,15,17.6,27
"DS03","RWS_MWTL","BOCHTVWTM_surface","southern_and_central_north_sea","unknown_not_harmonized",2019,"provider_station","2019-02-28","2019-09-11",14,14,15,16.8,19
"DS03","RWS_MWTL","BOCHTVWTM_surface","southern_and_central_north_sea","unknown_not_harmonized",2020,"provider_station","2020-03-05","2020-09-11",14,14,14,16,20
"DS03","RWS_MWTL","BOCHTVWTM_surface","southern_and_central_north_sea","unknown_not_harmonized",2021,"provider_station","2021-03-10","2021-09-16",13,13,14.5,21.4,26
"DS03","RWS_MWTL","BOCHTVWTM_surface","southern_and_central_north_sea","unknown_not_harmonized",2022,"provider_station","2022-02-25","2022-09-20",14,14,14,19,24
"DS03","RWS_MWTL","BOOMKDP_surface","outside_or_invalid","unknown_not_harmonized",2007,"provider_station","2007-04-23","2007-09-19",10,10,15,23.8,31
"DS03","RWS_MWTL","BOOMKDP_surface","outside_or_invalid","unknown_not_harmonized",2008,"provider_station","2008-03-07","2008-12-11",11,11,28.5,43.3,46
"DS03","RWS_MWTL","BOOMKDP_surface","outside_or_invalid","unknown_not_harmonized",2009,"provider_station","2009-01-14","2009-12-17",19,19,18,30.9,35
"DS03","RWS_MWTL","BOOMKDP_surface","outside_or_invalid","unknown_not_harmonized",2010,"provider_station","2010-01-14","2010-12-08",18,18,15,30.4,53
"DS03","RWS_MWTL","BOOMKDP_surface","outside_or_invalid","unknown_not_harmonized",2011,"provider_station","2011-03-16","2011-09-08",12,12,17,19,23
"DS03","RWS_MWTL","BOOMKDP_surface","outside_or_invalid","unknown_not_harmonized",2012,"provider_station","2012-03-15","2012-10-17",14,14,16,25.8,34
"DS03","RWS_MWTL","BOOMKDP_surface","outside_or_invalid","unknown_not_harmonized",2013,"provider_station","2013-03-13","2013-10-18",14,14,15,21.6,29
"DS03","RWS_MWTL","BOOMKDP_surface","outside_or_invalid","unknown_not_harmonized",2014,"provider_station","2014-02-24","2014-09-09",13,13,16.5,21.9,27
"DS03","RWS_MWTL","BOOMKDP_surface","outside_or_invalid","unknown_not_harmonized",2015,"provider_station","2015-03-06","2015-09-15",14,14,15,18.8,20
"DS03","RWS_MWTL","BOOMKDP_surface","outside_or_invalid","unknown_not_harmonized",2016,"provider_station","2016-02-26","2016-09-13",14,14,15,18,21
"DS03","RWS_MWTL","BOOMKDP_surface","outside_or_invalid","unknown_not_harmonized",2017,"provider_station","2017-03-03","2017-09-15",13,13,15.5,21.9,28
"DS03","RWS_MWTL","BOOMKDP_surface","outside_or_invalid","unknown_not_harmonized",2018,"provider_station","2018-02-27","2018-09-18",14,14,14,21.8,25
"DS03","RWS_MWTL","BOOMKDP_surface","outside_or_invalid","unknown_not_harmonized",2019,"provider_station","2019-02-26","2019-09-13",14,14,15,20.8,21
"DS03","RWS_MWTL","BOOMKDP_surface","outside_or_invalid","unknown_not_harmonized",2020,"provider_station","2020-03-02","2020-09-16",14,14,17,20.6,22
"DS03","RWS_MWTL","BOOMKDP_surface","outside_or_invalid","unknown_not_harmonized",2021,"provider_station","2021-03-05","2021-09-17",14,14,16,21.6,23
"DS03","RWS_MWTL","BOOMKDP_surface","outside_or_invalid","unknown_not_harmonized",2022,"provider_station","2022-03-01","2022-09-09",14,14,14,19,21
"DS03","RWS_MWTL","BRIENOD_surface","outside_or_invalid","unknown_not_harmonized",2014,"provider_station","2014-04-09","2014-09-24",7,7,28,28,28
"DS03","RWS_MWTL","BRIENOD_surface","outside_or_invalid","unknown_not_harmonized",2015,"provider_station","2015-04-08","2015-09-23",7,7,28,28,28
"DS03","RWS_MWTL","BRIENOD_surface","outside_or_invalid","unknown_not_harmonized",2016,"provider_station","2016-04-06","2016-04-06",1,1,,,
"DS03","RWS_MWTL","BRIENOD_surface","outside_or_invalid","unknown_not_harmonized",2017,"provider_station","2017-04-05","2017-09-20",7,7,28,28.5,29
"DS03","RWS_MWTL","BRIENOD_surface","outside_or_invalid","unknown_not_harmonized",2018,"provider_station","2018-04-04","2018-09-19",7,7,28,28,28
"DS03","RWS_MWTL","BRIENOD_surface","outside_or_invalid","unknown_not_harmonized",2019,"provider_station","2019-04-03","2019-09-19",7,7,28,29.5,30
"DS03","RWS_MWTL","DANTZGT_pycnocline","southern_and_central_north_sea","unknown_not_harmonized",2022,"provider_station","2022-09-15","2022-09-15",1,1,,,
"DS03","RWS_MWTL","DANTZGT_surface","southern_and_central_north_sea","unknown_not_harmonized",1990,"provider_station","1990-04-04","1990-12-12",15,15,14.5,28,28
"DS03","RWS_MWTL","DANTZGT_surface","southern_and_central_north_sea","unknown_not_harmonized",1991,"provider_station","1991-01-16","1991-12-20",18,18,16,30.2,47
"DS03","RWS_MWTL","DANTZGT_surface","southern_and_central_north_sea","unknown_not_harmonized",1992,"provider_station","1992-01-21","1992-12-09",18,18,15,30.6,34
"DS03","RWS_MWTL","DANTZGT_surface","southern_and_central_north_sea","unknown_not_harmonized",1993,"provider_station","1993-01-21","1993-12-21",19,19,16.5,31.2,35
"DS03","RWS_MWTL","DANTZGT_surface","southern_and_central_north_sea","unknown_not_harmonized",1994,"provider_station","1994-01-26","1994-12-15",18,18,18,29.4,32
"DS03","RWS_MWTL","DANTZGT_surface","southern_and_central_north_sea","unknown_not_harmonized",1995,"provider_station","1995-01-16","1995-12-11",18,18,18,29.8,32
"DS03","RWS_MWTL","DANTZGT_surface","southern_and_central_north_sea","unknown_not_harmonized",1996,"provider_station","1996-03-05","1996-11-21",15,15,15.5,31.8,57
"DS03","RWS_MWTL","DANTZGT_surface","southern_and_central_north_sea","unknown_not_harmonized",1997,"provider_station","1997-01-30","1997-12-09",19,19,15,27.3,33
"DS03","RWS_MWTL","DANTZGT_surface","southern_and_central_north_sea","unknown_not_harmonized",1998,"provider_station","1998-01-06","1998-12-11",21,21,15.5,28.1,30
"DS03","RWS_MWTL","DANTZGT_surface","southern_and_central_north_sea","unknown_not_harmonized",1999,"provider_station","1999-01-11","1999-12-17",21,21,15,29.1,30
"DS03","RWS_MWTL","DANTZGT_surface","southern_and_central_north_sea","unknown_not_harmonized",2000,"provider_station","2000-01-18","2000-12-20",21,21,15,28,33
"DS03","RWS_MWTL","DANTZGT_surface","southern_and_central_north_sea","unknown_not_harmonized",2001,"provider_station","2001-01-17","2001-12-11",21,21,15,19.9,30
"DS03","RWS_MWTL","DANTZGT_surface","southern_and_central_north_sea","unknown_not_harmonized",2002,"provider_station","2002-01-10","2002-12-12",21,21,14.5,27.2,30
"DS03","RWS_MWTL","DANTZGT_surface","southern_and_central_north_sea","unknown_not_harmonized",2003,"provider_station","2003-01-14","2003-12-15",21,21,14,22.7,34
"DS03","RWS_MWTL","DANTZGT_surface","southern_and_central_north_sea","unknown_not_harmonized",2004,"provider_station","2004-01-14","2004-12-06",21,21,15,20.5,36
"DS03","RWS_MWTL","DANTZGT_surface","southern_and_central_north_sea","unknown_not_harmonized",2005,"provider_station","2005-01-17","2005-12-09",21,21,15,21.7,29
"DS03","RWS_MWTL","DANTZGT_surface","southern_and_central_north_sea","unknown_not_harmonized",2006,"provider_station","2006-01-06","2006-12-12",21,21,15,28.3,35
"DS03","RWS_MWTL","DANTZGT_surface","southern_and_central_north_sea","unknown_not_harmonized",2007,"provider_station","2007-02-16","2007-12-12",19,19,14,22.3,35
"DS03","RWS_MWTL","DANTZGT_surface","southern_and_central_north_sea","unknown_not_harmonized",2008,"provider_station","2008-01-15","2008-12-12",19,19,15,31.5,38
"DS03","RWS_MWTL","DANTZGT_surface","southern_and_central_north_sea","unknown_not_harmonized",2009,"provider_station","2009-01-15","2009-12-16",21,21,17.5,21,32
"DS03","RWS_MWTL","DANTZGT_surface","southern_and_central_north_sea","unknown_not_harmonized",2010,"provider_station","2010-01-15","2010-12-13",18,18,15,35.6,42
"DS03","RWS_MWTL","DANTZGT_surface","southern_and_central_north_sea","unknown_not_harmonized",2011,"provider_station","2011-02-24","2011-09-05",13,13,14.5,18.8,39
"DS03","RWS_MWTL","DANTZGT_surface","southern_and_central_north_sea","unknown_not_harmonized",2012,"provider_station","2012-03-15","2012-10-09",14,14,15,24.2,26
"DS03","RWS_MWTL","DANTZGT_surface","southern_and_central_north_sea","unknown_not_harmonized",2013,"provider_station","2013-03-19","2013-10-11",14,14,14,18,31
"DS03","RWS_MWTL","DANTZGT_surface","southern_and_central_north_sea","unknown_not_harmonized",2014,"provider_station","2014-02-25","2014-09-17",14,14,15,17.8,27
"DS03","RWS_MWTL","DANTZGT_surface","southern_and_central_north_sea","unknown_not_harmonized",2015,"provider_station","2015-03-05","2015-09-18",14,14,15,22.4,25
"DS03","RWS_MWTL","DANTZGT_surface","southern_and_central_north_sea","unknown_not_harmonized",2016,"provider_station","2016-03-02","2016-09-13",14,14,15,18,19
"DS03","RWS_MWTL","DANTZGT_surface","southern_and_central_north_sea","unknown_not_harmonized",2017,"provider_station","2017-03-02","2017-09-14",13,13,15,17.7,34
"DS03","RWS_MWTL","DANTZGT_surface","southern_and_central_north_sea","unknown_not_harmonized",2018,"provider_station","2018-02-27","2018-09-18",14,14,15,21,23
"DS03","RWS_MWTL","DANTZGT_surface","southern_and_central_north_sea","unknown_not_harmonized",2019,"provider_station","2019-02-26","2019-09-20",14,14,15,17.8,22
"DS03","RWS_MWTL","DANTZGT_surface","southern_and_central_north_sea","unknown_not_harmonized",2020,"provider_station","2020-03-03","2020-09-10",13,13,15,17.9,30
"DS03","RWS_MWTL","DANTZGT_surface","southern_and_central_north_sea","unknown_not_harmonized",2021,"provider_station","2021-03-05","2021-09-14",14,14,14,17.8,20
"DS03","RWS_MWTL","DANTZGT_surface","southern_and_central_north_sea","unknown_not_harmonized",2022,"provider_station","2022-03-01","2022-08-25",13,13,14.5,20.9,21
"DS03","RWS_MWTL","DOOVBWT_surface","southern_and_central_north_sea","unknown_not_harmonized",1990,"provider_station","1990-12-10","1990-12-10",1,1,,,
"DS03","RWS_MWTL","DOOVBWT_surface","southern_and_central_north_sea","unknown_not_harmonized",2007,"provider_station","2007-03-20","2007-09-11",5,5,30.5,69.8,86
"DS03","RWS_MWTL","DOOVBWT_surface","southern_and_central_north_sea","unknown_not_harmonized",2008,"provider_station","2008-05-20","2008-09-17",4,4,28,61.6,70
"DS03","RWS_MWTL","DOOVBWT_surface","southern_and_central_north_sea","unknown_not_harmonized",2009,"provider_station","2009-01-13","2009-09-09",9,9,29.5,32.9,35
"DS03","RWS_MWTL","DOOVBWT_surface","southern_and_central_north_sea","unknown_not_harmonized",2010,"provider_station","2010-01-12","2010-11-22",17,17,16,31,48
"DS03","RWS_MWTL","DOOVBWT_surface","southern_and_central_north_sea","unknown_not_harmonized",2011,"provider_station","2011-02-28","2011-09-07",13,13,15,20.9,29
"DS03","RWS_MWTL","DOOVBWT_surface","southern_and_central_north_sea","unknown_not_harmonized",2012,"provider_station","2012-03-07","2012-09-14",14,14,15,18.6,19
"DS03","RWS_MWTL","DOOVBWT_surface","southern_and_central_north_sea","unknown_not_harmonized",2013,"provider_station","2013-02-27","2013-09-18",14,14,14,17.4,30
"DS03","RWS_MWTL","DOOVBWT_surface","southern_and_central_north_sea","unknown_not_harmonized",2014,"provider_station","2014-02-27","2014-09-10",14,14,15,16.6,19
"DS03","RWS_MWTL","DOOVBWT_surface","southern_and_central_north_sea","unknown_not_harmonized",2015,"provider_station","2015-03-04","2015-09-14",14,14,15,16.8,18
"DS03","RWS_MWTL","DOOVBWT_surface","southern_and_central_north_sea","unknown_not_harmonized",2016,"provider_station","2016-02-26","2016-09-16",14,14,15,18,27
"DS03","RWS_MWTL","DOOVBWT_surface","southern_and_central_north_sea","unknown_not_harmonized",2017,"provider_station","2017-02-27","2017-09-19",14,14,15,17,25
"DS03","RWS_MWTL","DOOVBWT_surface","southern_and_central_north_sea","unknown_not_harmonized",2018,"provider_station","2018-03-01","2018-09-10",14,14,14,17.6,21
"DS03","RWS_MWTL","DOOVBWT_surface","southern_and_central_north_sea","unknown_not_harmonized",2019,"provider_station","2019-03-05","2019-09-13",14,14,15,16,19
"DS03","RWS_MWTL","DREISR_bottom","southern_and_central_north_sea","unknown_not_harmonized",1990,"provider_station","1990-05-02","1990-05-02",1,1,,,
"DS03","RWS_MWTL","DREISR_bottom","southern_and_central_north_sea","unknown_not_harmonized",1991,"provider_station","1991-07-18","1991-08-05",2,2,18,18,18
"DS03","RWS_MWTL","DREISR_bottom","southern_and_central_north_sea","unknown_not_harmonized",1992,"provider_station","1992-06-15","1992-07-20",2,2,35,35,35
"DS03","RWS_MWTL","DREISR_bottom","southern_and_central_north_sea","unknown_not_harmonized",1994,"provider_station","1994-04-26","1994-07-18",7,7,14,15,15
"DS03","RWS_MWTL","DREISR_bottom","southern_and_central_north_sea","unknown_not_harmonized",1995,"provider_station","1995-06-07","1995-08-01",4,4,14,24.4,27
"DS03","RWS_MWTL","DREISR_bottom","southern_and_central_north_sea","unknown_not_harmonized",1996,"provider_station","1996-05-21","1996-08-27",8,8,14,17.4,21
"DS03","RWS_MWTL","DREISR_bottom","southern_and_central_north_sea","unknown_not_harmonized",1997,"provider_station","1997-05-12","1997-08-18",8,8,13,18.4,22
"DS03","RWS_MWTL","DREISR_bottom","southern_and_central_north_sea","unknown_not_harmonized",1998,"provider_station","1998-05-06","1998-08-17",8,8,14,17.8,22
"DS03","RWS_MWTL","DREISR_bottom","southern_and_central_north_sea","unknown_not_harmonized",1999,"provider_station","1999-05-18","1999-08-30",8,8,15,16.6,19
"DS03","RWS_MWTL","DREISR_bottom","southern_and_central_north_sea","unknown_not_harmonized",2000,"provider_station","2000-05-16","2000-08-21",8,8,14,14.4,15
"DS03","RWS_MWTL","DREISR_bottom","southern_and_central_north_sea","unknown_not_harmonized",2001,"provider_station","2001-05-15","2001-08-27",8,8,14,17.8,22
"DS03","RWS_MWTL","DREISR_bottom","southern_and_central_north_sea","unknown_not_harmonized",2002,"provider_station","2002-05-14","2002-08-28",8,8,14,17.6,20
"DS03","RWS_MWTL","DREISR_bottom","southern_and_central_north_sea","unknown_not_harmonized",2003,"provider_station","2003-04-28","2003-09-01",9,9,14,20.9,23
"DS03","RWS_MWTL","DREISR_bottom","southern_and_central_north_sea","unknown_not_harmonized",2004,"provider_station","2004-04-26","2004-09-01",9,9,15,21,21
"DS03","RWS_MWTL","DREISR_bottom","southern_and_central_north_sea","unknown_not_harmonized",2005,"provider_station","2005-05-11","2005-08-29",9,9,13.5,16,16
"DS03","RWS_MWTL","DREISR_bottom","southern_and_central_north_sea","unknown_not_harmonized",2006,"provider_station","2006-05-09","2006-08-30",9,9,14,16,16
"DS03","RWS_MWTL","DREISR_bottom","southern_and_central_north_sea","unknown_not_harmonized",2007,"provider_station","2007-05-08","2007-08-29",9,9,14,15.3,16
"DS03","RWS_MWTL","DREISR_bottom","southern_and_central_north_sea","unknown_not_harmonized",2008,"provider_station","2008-05-07","2008-08-26",9,9,14,15.3,16
"DS03","RWS_MWTL","DREISR_bottom","southern_and_central_north_sea","unknown_not_harmonized",2009,"provider_station","2009-05-07","2009-08-24",9,9,13,16.3,17
"DS03","RWS_MWTL","DREISR_bottom","southern_and_central_north_sea","unknown_not_harmonized",2010,"provider_station","2010-05-03","2010-08-24",9,9,14,15,15
"DS03","RWS_MWTL","DREISR_bottom","southern_and_central_north_sea","unknown_not_harmonized",2011,"provider_station","2011-05-02","2011-08-23",9,9,14,16,16
"DS03","RWS_MWTL","DREISR_bottom","southern_and_central_north_sea","unknown_not_harmonized",2012,"provider_station","2012-05-01","2012-08-20",9,9,13,16.3,17
"DS03","RWS_MWTL","DREISR_bottom","southern_and_central_north_sea","unknown_not_harmonized",2013,"provider_station","2013-05-02","2013-08-22",9,9,14.5,15.3,16
"DS03","RWS_MWTL","DREISR_bottom","southern_and_central_north_sea","unknown_not_harmonized",2014,"provider_station","2014-04-29","2014-06-24",4,4,17,25,27
"DS03","RWS_MWTL","DREISR_bottom","southern_and_central_north_sea","unknown_not_harmonized",2015,"provider_station","2015-04-29","2015-06-24",4,4,15,26.2,29
"DS03","RWS_MWTL","DREISR_bottom","southern_and_central_north_sea","unknown_not_harmonized",2016,"provider_station","2016-07-07","2016-07-07",1,1,,,
"DS03","RWS_MWTL","DREISR_bottom","southern_and_central_north_sea","unknown_not_harmonized",2017,"provider_station","2017-05-23","2017-07-19",3,3,28.5,28.9,29
"DS03","RWS_MWTL","DREISR_bottom","southern_and_central_north_sea","unknown_not_harmonized",2018,"provider_station","2018-05-23","2018-07-18",2,2,56,56,56
"DS03","RWS_MWTL","DREISR_bottom","southern_and_central_north_sea","unknown_not_harmonized",2019,"provider_station","2019-06-19","2019-06-19",1,1,,,
"DS03","RWS_MWTL","DREISR_bottom","southern_and_central_north_sea","unknown_not_harmonized",2020,"provider_station","2020-06-16","2020-06-16",1,1,,,
"DS03","RWS_MWTL","DREISR_bottom","southern_and_central_north_sea","unknown_not_harmonized",2022,"provider_station","2022-08-08","2022-08-08",1,1,,,
"DS03","RWS_MWTL","DREISR_pycnocline","southern_and_central_north_sea","unknown_not_harmonized",1991,"provider_station","1991-07-18","1991-08-05",2,2,18,18,18
"DS03","RWS_MWTL","DREISR_pycnocline","southern_and_central_north_sea","unknown_not_harmonized",1992,"provider_station","1992-06-15","1992-06-15",1,1,,,
"DS03","RWS_MWTL","DREISR_pycnocline","southern_and_central_north_sea","unknown_not_harmonized",1994,"provider_station","1994-04-26","1994-08-01",8,8,14,15,15
"DS03","RWS_MWTL","DREISR_pycnocline","southern_and_central_north_sea","unknown_not_harmonized",1995,"provider_station","1995-06-07","1995-08-01",4,4,14,24.4,27
"DS03","RWS_MWTL","DREISR_pycnocline","southern_and_central_north_sea","unknown_not_harmonized",1996,"provider_station","1996-05-21","1996-08-27",8,8,14,17.4,21
"DS03","RWS_MWTL","DREISR_pycnocline","southern_and_central_north_sea","unknown_not_harmonized",1997,"provider_station","1997-05-12","1997-08-18",8,8,13,18.4,22
"DS03","RWS_MWTL","DREISR_pycnocline","southern_and_central_north_sea","unknown_not_harmonized",1998,"provider_station","1998-05-06","1998-08-17",8,8,14,17.8,22
"DS03","RWS_MWTL","DREISR_pycnocline","southern_and_central_north_sea","unknown_not_harmonized",1999,"provider_station","1999-05-18","1999-08-30",8,8,15,16.6,19
"DS03","RWS_MWTL","DREISR_pycnocline","southern_and_central_north_sea","unknown_not_harmonized",2000,"provider_station","2000-05-16","2000-08-21",8,8,14,14.4,15
"DS03","RWS_MWTL","DREISR_pycnocline","southern_and_central_north_sea","unknown_not_harmonized",2001,"provider_station","2001-05-15","2001-08-27",8,8,14,17.8,22
"DS03","RWS_MWTL","DREISR_pycnocline","southern_and_central_north_sea","unknown_not_harmonized",2002,"provider_station","2002-05-14","2002-08-28",8,8,14,17.6,20
"DS03","RWS_MWTL","DREISR_pycnocline","southern_and_central_north_sea","unknown_not_harmonized",2003,"provider_station","2003-04-28","2003-09-01",9,9,14,20.9,23
"DS03","RWS_MWTL","DREISR_pycnocline","southern_and_central_north_sea","unknown_not_harmonized",2004,"provider_station","2004-04-26","2004-09-01",9,9,15,21,21
"DS03","RWS_MWTL","DREISR_pycnocline","southern_and_central_north_sea","unknown_not_harmonized",2005,"provider_station","2005-05-11","2005-08-29",9,9,13.5,16,16
"DS03","RWS_MWTL","DREISR_pycnocline","southern_and_central_north_sea","unknown_not_harmonized",2006,"provider_station","2006-05-09","2006-08-30",9,9,14,16,16
"DS03","RWS_MWTL","DREISR_pycnocline","southern_and_central_north_sea","unknown_not_harmonized",2007,"provider_station","2007-05-08","2007-08-29",9,9,14,15.3,16
"DS03","RWS_MWTL","DREISR_pycnocline","southern_and_central_north_sea","unknown_not_harmonized",2008,"provider_station","2008-05-07","2008-08-26",9,9,14,15.3,16
"DS03","RWS_MWTL","DREISR_pycnocline","southern_and_central_north_sea","unknown_not_harmonized",2009,"provider_station","2009-05-07","2009-08-24",9,9,13,16.3,17
"DS03","RWS_MWTL","DREISR_pycnocline","southern_and_central_north_sea","unknown_not_harmonized",2010,"provider_station","2010-05-03","2010-08-24",9,9,14,15,15
"DS03","RWS_MWTL","DREISR_pycnocline","southern_and_central_north_sea","unknown_not_harmonized",2011,"provider_station","2011-05-02","2011-08-23",9,9,14,16,16
"DS03","RWS_MWTL","DREISR_pycnocline","southern_and_central_north_sea","unknown_not_harmonized",2012,"provider_station","2012-05-01","2012-08-20",9,9,13,16.3,17
"DS03","RWS_MWTL","DREISR_pycnocline","southern_and_central_north_sea","unknown_not_harmonized",2013,"provider_station","2013-05-02","2013-08-22",9,9,14.5,15.3,16
"DS03","RWS_MWTL","DREISR_pycnocline","southern_and_central_north_sea","unknown_not_harmonized",2014,"provider_station","2014-04-29","2014-06-24",4,4,17,25,27
"DS03","RWS_MWTL","DREISR_pycnocline","southern_and_central_north_sea","unknown_not_harmonized",2015,"provider_station","2015-04-29","2015-06-24",4,4,15,26.2,29
"DS03","RWS_MWTL","DREISR_pycnocline","southern_and_central_north_sea","unknown_not_harmonized",2016,"provider_station","2016-07-07","2016-07-07",1,1,,,
"DS03","RWS_MWTL","DREISR_pycnocline","southern_and_central_north_sea","unknown_not_harmonized",2017,"provider_station","2017-05-23","2017-07-19",3,3,28.5,28.9,29
"DS03","RWS_MWTL","DREISR_pycnocline","southern_and_central_north_sea","unknown_not_harmonized",2018,"provider_station","2018-05-23","2018-07-18",2,2,56,56,56
"DS03","RWS_MWTL","DREISR_pycnocline","southern_and_central_north_sea","unknown_not_harmonized",2019,"provider_station","2019-06-19","2019-06-19",1,1,,,
"DS03","RWS_MWTL","DREISR_pycnocline","southern_and_central_north_sea","unknown_not_harmonized",2020,"provider_station","2020-06-16","2020-06-16",1,1,,,
"DS03","RWS_MWTL","DREISR_pycnocline","southern_and_central_north_sea","unknown_not_harmonized",2021,"provider_station","2021-08-23","2021-08-23",1,1,,,
"DS03","RWS_MWTL","DREISR_pycnocline","southern_and_central_north_sea","unknown_not_harmonized",2022,"provider_station","2022-08-08","2022-08-08",1,1,,,
"DS03","RWS_MWTL","DREISR_surface","southern_and_central_north_sea","unknown_not_harmonized",1990,"provider_station","1990-05-30","1990-12-12",8,8,28,29.4,30
"DS03","RWS_MWTL","DREISR_surface","southern_and_central_north_sea","unknown_not_harmonized",1991,"provider_station","1991-01-09","1991-12-17",16,16,26,29,34
"DS03","RWS_MWTL","DREISR_surface","southern_and_central_north_sea","unknown_not_harmonized",1992,"provider_station","1992-01-14","1992-08-31",14,14,13,28,28
"DS03","RWS_MWTL","DREISR_surface","southern_and_central_north_sea","unknown_not_harmonized",1993,"provider_station","1993-01-12","1993-12-08",18,18,16,31.4,49
"DS03","RWS_MWTL","DREISR_surface","southern_and_central_north_sea","unknown_not_harmonized",1994,"provider_station","1994-01-17","1994-11-30",18,18,14,34,45
"DS03","RWS_MWTL","DREISR_surface","southern_and_central_north_sea","unknown_not_harmonized",1995,"provider_station","1995-01-05","1995-12-05",21,21,14,26.2,28
"DS03","RWS_MWTL","DREISR_surface","southern_and_central_north_sea","unknown_not_harmonized",1996,"provider_station","1996-01-16","1996-12-09",20,20,15,24.6,28
"DS03","RWS_MWTL","DREISR_surface","southern_and_central_north_sea","unknown_not_harmonized",1997,"provider_station","1997-02-12","1997-12-16",18,18,14,32,36
"DS03","RWS_MWTL","DREISR_surface","southern_and_central_north_sea","unknown_not_harmonized",1998,"provider_station","1998-01-13","1998-12-16",20,20,15,28,35
"DS03","RWS_MWTL","DREISR_surface","southern_and_central_north_sea","unknown_not_harmonized",1999,"provider_station","1999-01-19","1999-12-21",20,20,15,27.4,33
"DS03","RWS_MWTL","DREISR_surface","southern_and_central_north_sea","unknown_not_harmonized",2000,"provider_station","2000-01-19","2000-12-19",20,20,14,28.2,34
"DS03","RWS_MWTL","DREISR_surface","southern_and_central_north_sea","unknown_not_harmonized",2001,"provider_station","2001-01-16","2001-12-11",20,20,14,27.2,35
"DS03","RWS_MWTL","DREISR_surface","southern_and_central_north_sea","unknown_not_harmonized",2002,"provider_station","2002-01-21","2002-12-10",20,20,15,27.2,28
"DS03","RWS_MWTL","DREISR_surface","southern_and_central_north_sea","unknown_not_harmonized",2003,"provider_station","2003-01-20","2003-12-08",20,20,14,27.2,28
"DS03","RWS_MWTL","DREISR_surface","southern_and_central_north_sea","unknown_not_harmonized",2004,"provider_station","2004-01-20","2004-12-13",19,19,14.5,27.9,34
"DS03","RWS_MWTL","DREISR_surface","southern_and_central_north_sea","unknown_not_harmonized",2005,"provider_station","2005-01-17","2005-12-19",20,20,15,27.4,30
"DS03","RWS_MWTL","DREISR_surface","southern_and_central_north_sea","unknown_not_harmonized",2006,"provider_station","2006-01-16","2006-12-20",20,20,15,28.2,31
"DS03","RWS_MWTL","DREISR_surface","southern_and_central_north_sea","unknown_not_harmonized",2007,"provider_station","2007-01-15","2007-12-17",20,20,14,28,30
"DS03","RWS_MWTL","DREISR_surface","southern_and_central_north_sea","unknown_not_harmonized",2008,"provider_station","2008-01-15","2008-12-15",20,20,15,27.4,30
"DS03","RWS_MWTL","DREISR_surface","southern_and_central_north_sea","unknown_not_harmonized",2009,"provider_station","2009-01-12","2009-12-14",20,20,15,26.8,36
"DS03","RWS_MWTL","DREISR_surface","southern_and_central_north_sea","unknown_not_harmonized",2010,"provider_station","2010-01-12","2010-12-13",19,19,14.5,28,29
"DS03","RWS_MWTL","DREISR_surface","southern_and_central_north_sea","unknown_not_harmonized",2011,"provider_station","2011-03-09","2011-09-22",14,14,14,16,29
"DS03","RWS_MWTL","DREISR_surface","southern_and_central_north_sea","unknown_not_harmonized",2012,"provider_station","2012-03-06","2012-09-17",14,14,14,16.8,28
"DS03","RWS_MWTL","DREISR_surface","southern_and_central_north_sea","unknown_not_harmonized",2013,"provider_station","2013-03-06","2013-09-16",14,14,14,15.8,28
"DS03","RWS_MWTL","DREISR_surface","southern_and_central_north_sea","unknown_not_harmonized",2014,"provider_station","2014-03-06","2014-09-18",14,14,14,16.8,26
"DS03","RWS_MWTL","DREISR_surface","southern_and_central_north_sea","unknown_not_harmonized",2015,"provider_station","2015-03-03","2015-09-15",14,14,14,15,28
"DS03","RWS_MWTL","DREISR_surface","southern_and_central_north_sea","unknown_not_harmonized",2016,"provider_station","2016-03-02","2016-09-12",14,14,14,16,28
"DS03","RWS_MWTL","DREISR_surface","southern_and_central_north_sea","unknown_not_harmonized",2017,"provider_station","2017-02-28","2017-09-14",14,14,14,15,28
"DS03","RWS_MWTL","DREISR_surface","southern_and_central_north_sea","unknown_not_harmonized",2018,"provider_station","2018-02-28","2018-09-12",14,14,14,15,28
"DS03","RWS_MWTL","DREISR_surface","southern_and_central_north_sea","unknown_not_harmonized",2019,"provider_station","2019-02-27","2019-09-12",14,14,14,15.8,28
"DS03","RWS_MWTL","DREISR_surface","southern_and_central_north_sea","unknown_not_harmonized",2020,"provider_station","2020-02-26","2020-09-09",14,14,14,16.8,28
"DS03","RWS_MWTL","DREISR_surface","southern_and_central_north_sea","unknown_not_harmonized",2021,"provider_station","2021-04-07","2021-10-20",12,12,14,28,30
"DS03","RWS_MWTL","DREISR_surface","southern_and_central_north_sea","unknown_not_harmonized",2022,"provider_station","2022-03-23","2022-09-19",14,14,14,16,16
"DS03","RWS_MWTL","GOERE2_surface","southern_and_central_north_sea","unknown_not_harmonized",2007,"provider_station","2007-01-25","2007-11-28",11,11,31.5,39.2,41
"DS03","RWS_MWTL","GOERE2_surface","southern_and_central_north_sea","unknown_not_harmonized",2008,"provider_station","2008-01-22","2008-12-11",12,12,28,35,37
"DS03","RWS_MWTL","GOERE2_surface","southern_and_central_north_sea","unknown_not_harmonized",2009,"provider_station","2009-01-08","2009-12-09",12,12,29,38,39
"DS03","RWS_MWTL","GOERE2_surface","southern_and_central_north_sea","unknown_not_harmonized",2010,"provider_station","2010-01-11","2010-12-15",11,11,37,42.7,49
"DS03","RWS_MWTL","GOERE2_surface","southern_and_central_north_sea","unknown_not_harmonized",2011,"provider_station","2011-03-10","2011-09-14",7,7,31,42.5,50
"DS03","RWS_MWTL","GOERE2_surface","southern_and_central_north_sea","unknown_not_harmonized",2012,"provider_station","2012-03-15","2012-09-13",7,7,29,37.5,42
"DS03","RWS_MWTL","GOERE2_surface","southern_and_central_north_sea","unknown_not_harmonized",2013,"provider_station","2013-03-13","2013-09-19",7,7,34,40.5,43
"DS03","RWS_MWTL","GOERE2_surface","southern_and_central_north_sea","unknown_not_harmonized",2014,"provider_station","2014-03-17","2014-09-15",7,7,30.5,36.5,38
"DS03","RWS_MWTL","GOERE2_surface","southern_and_central_north_sea","unknown_not_harmonized",2015,"provider_station","2015-03-12","2015-09-14",7,7,30,36.5,38
"DS03","RWS_MWTL","GOERE2_surface","southern_and_central_north_sea","unknown_not_harmonized",2016,"provider_station","2016-03-16","2016-09-12",7,7,28.5,35,35
"DS03","RWS_MWTL","GOERE2_surface","southern_and_central_north_sea","unknown_not_harmonized",2017,"provider_station","2017-03-15","2017-09-21",7,7,32,35,35
"DS03","RWS_MWTL","GOERE2_surface","southern_and_central_north_sea","unknown_not_harmonized",2018,"provider_station","2018-03-15","2018-09-12",7,7,28,36,38
"DS03","RWS_MWTL","GOERE2_surface","southern_and_central_north_sea","unknown_not_harmonized",2019,"provider_station","2019-04-18","2019-10-30",7,7,30,39.5,48
"DS03","RWS_MWTL","GOERE2_surface","southern_and_central_north_sea","unknown_not_harmonized",2020,"provider_station","2020-03-19","2020-09-16",7,7,28.5,34.5,35
"DS03","RWS_MWTL","GOERE2_surface","southern_and_central_north_sea","unknown_not_harmonized",2021,"provider_station","2021-03-24","2021-11-11",7,7,36,53,57
"DS03","RWS_MWTL","GOERE2_surface","southern_and_central_north_sea","unknown_not_harmonized",2022,"provider_station","2022-03-23","2022-09-20",7,7,29,35.5,36
"DS03","RWS_MWTL","GOERE6_surface","southern_and_central_north_sea","unknown_not_harmonized",1990,"provider_station","1990-01-04","1990-12-19",10,10,30,64.4,74
"DS03","RWS_MWTL","GOERE6_surface","southern_and_central_north_sea","unknown_not_harmonized",1991,"provider_station","1991-01-17","1991-12-09",11,11,30.5,45.1,64
"DS03","RWS_MWTL","GOERE6_surface","southern_and_central_north_sea","unknown_not_harmonized",1992,"provider_station","1992-01-15","1992-12-08",10,10,32,47.6,82
"DS03","RWS_MWTL","GOERE6_surface","southern_and_central_north_sea","unknown_not_harmonized",1993,"provider_station","1993-01-27","1993-12-20",11,11,30.5,43.2,54
"DS03","RWS_MWTL","GOERE6_surface","southern_and_central_north_sea","unknown_not_harmonized",1994,"provider_station","1994-01-06","1994-12-14",12,12,28,37,37
"DS03","RWS_MWTL","GOERE6_surface","southern_and_central_north_sea","unknown_not_harmonized",1995,"provider_station","1995-01-03","1995-12-06",12,12,31,35,37
"DS03","RWS_MWTL","GOERE6_surface","southern_and_central_north_sea","unknown_not_harmonized",1996,"provider_station","1996-02-28","1996-11-11",10,10,29,36.4,38
"DS03","RWS_MWTL","GOERE6_surface","southern_and_central_north_sea","unknown_not_harmonized",1997,"provider_station","1997-01-13","1997-12-18",11,11,34,39.3,60
"DS03","RWS_MWTL","GOERE6_surface","southern_and_central_north_sea","unknown_not_harmonized",1998,"provider_station","1998-01-21","1998-12-15",9,9,39.5,64.5,68
"DS03","RWS_MWTL","GOERE6_surface","southern_and_central_north_sea","unknown_not_harmonized",1999,"provider_station","1999-01-12","1999-12-29",11,11,29,44.6,77
"DS03","RWS_MWTL","GOERE6_surface","southern_and_central_north_sea","unknown_not_harmonized",2000,"provider_station","2000-01-11","2000-12-20",11,11,30.5,43.6,67
"DS03","RWS_MWTL","GOERE6_surface","southern_and_central_north_sea","unknown_not_harmonized",2001,"provider_station","2001-01-15","2001-12-12",12,12,30,37,41
"DS03","RWS_MWTL","GOERE6_surface","southern_and_central_north_sea","unknown_not_harmonized",2002,"provider_station","2002-01-02","2002-12-18",12,12,34,42,42
"DS03","RWS_MWTL","GOERE6_surface","southern_and_central_north_sea","unknown_not_harmonized",2003,"provider_station","2003-01-09","2003-12-17",12,12,34,42,42
"DS03","RWS_MWTL","GOERE6_surface","southern_and_central_north_sea","unknown_not_harmonized",2004,"provider_station","2004-01-06","2004-12-15",11,11,30,50.7,66
"DS03","RWS_MWTL","GOERE6_surface","southern_and_central_north_sea","unknown_not_harmonized",2005,"provider_station","2005-01-27","2005-12-13",12,12,28,35,36
"DS03","RWS_MWTL","GOERE6_surface","southern_and_central_north_sea","unknown_not_harmonized",2006,"provider_station","2006-01-05","2006-12-20",12,12,35,41,49
"DS03","RWS_MWTL","GOERE6_surface","southern_and_central_north_sea","unknown_not_harmonized",2007,"provider_station","2007-01-25","2007-11-28",11,11,31.5,39.2,41
"DS03","RWS_MWTL","GOERE6_surface","southern_and_central_north_sea","unknown_not_harmonized",2008,"provider_station","2008-01-22","2008-12-11",12,12,28,35,37
"DS03","RWS_MWTL","GOERE6_surface","southern_and_central_north_sea","unknown_not_harmonized",2009,"provider_station","2009-01-08","2009-12-09",12,12,29,38,39
"DS03","RWS_MWTL","GOERE6_surface","southern_and_central_north_sea","unknown_not_harmonized",2010,"provider_station","2010-01-11","2010-12-15",11,11,37,42.7,49
"DS03","RWS_MWTL","GOERE6_surface","southern_and_central_north_sea","unknown_not_harmonized",2011,"provider_station","2011-03-10","2011-09-14",7,7,31,42.5,50
"DS03","RWS_MWTL","GOERE6_surface","southern_and_central_north_sea","unknown_not_harmonized",2012,"provider_station","2012-03-12","2012-09-13",7,7,29,39,42
"DS03","RWS_MWTL","GOERE6_surface","southern_and_central_north_sea","unknown_not_harmonized",2013,"provider_station","2013-03-13","2013-09-19",7,7,34,40.5,43
"DS03","RWS_MWTL","GOERE6_surface","southern_and_central_north_sea","unknown_not_harmonized",2014,"provider_station","2014-03-17","2014-09-15",7,7,30.5,36.5,38
"DS03","RWS_MWTL","GOERE6_surface","southern_and_central_north_sea","unknown_not_harmonized",2015,"provider_station","2015-03-12","2015-09-14",7,7,30,36.5,38
"DS03","RWS_MWTL","GOERE6_surface","southern_and_central_north_sea","unknown_not_harmonized",2016,"provider_station","2016-03-16","2016-09-12",7,7,28.5,35,35
"DS03","RWS_MWTL","GOERE6_surface","southern_and_central_north_sea","unknown_not_harmonized",2017,"provider_station","2017-03-15","2017-09-21",7,7,32,35,35
"DS03","RWS_MWTL","GOERE6_surface","southern_and_central_north_sea","unknown_not_harmonized",2018,"provider_station","2018-03-15","2018-09-12",7,7,28,36,38
"DS03","RWS_MWTL","GOERE6_surface","southern_and_central_north_sea","unknown_not_harmonized",2019,"provider_station","2019-04-18","2019-10-30",7,7,30,39.5,48
"DS03","RWS_MWTL","GROOTGND_surface","southern_and_central_north_sea","unknown_not_harmonized",1990,"provider_station","1990-01-01","1990-12-11",16,16,15,28,93
"DS03","RWS_MWTL","GROOTGND_surface","southern_and_central_north_sea","unknown_not_harmonized",1991,"provider_station","1991-01-15","1991-12-19",18,18,15,34.8,43
"DS03","RWS_MWTL","GROOTGND_surface","southern_and_central_north_sea","unknown_not_harmonized",1992,"provider_station","1992-01-16","1992-12-08",18,18,15,30.8,33
"DS03","RWS_MWTL","GROOTGND_surface","southern_and_central_north_sea","unknown_not_harmonized",1993,"provider_station","1993-01-06","1993-12-14",19,19,15,30.2,33
"DS03","RWS_MWTL","GROOTGND_surface","southern_and_central_north_sea","unknown_not_harmonized",1994,"provider_station","1994-01-25","1994-12-14",18,18,15,30.8,34
"DS03","RWS_MWTL","GROOTGND_surface","southern_and_central_north_sea","unknown_not_harmonized",1995,"provider_station","1995-01-12","1995-12-06",18,18,15,30.8,33
"DS03","RWS_MWTL","GROOTGND_surface","southern_and_central_north_sea","unknown_not_harmonized",1996,"provider_station","1996-02-29","1996-11-21",14,14,15,31.6,32
"DS03","RWS_MWTL","GROOTGND_surface","southern_and_central_north_sea","unknown_not_harmonized",1997,"provider_station","1997-02-03","1997-12-12",19,19,16,28.3,32
"DS03","RWS_MWTL","GROOTGND_surface","southern_and_central_north_sea","unknown_not_harmonized",1998,"provider_station","1998-01-12","1998-12-16",21,21,15.5,27.1,29
"DS03","RWS_MWTL","GROOTGND_surface","southern_and_central_north_sea","unknown_not_harmonized",1999,"provider_station","1999-01-15","1999-12-22",21,21,15,29.3,32
"DS03","RWS_MWTL","GROOTGND_surface","southern_and_central_north_sea","unknown_not_harmonized",2000,"provider_station","2000-01-20","2000-12-11",21,21,15,21.8,30
"DS03","RWS_MWTL","GROOTGND_surface","southern_and_central_north_sea","unknown_not_harmonized",2001,"provider_station","2001-01-22","2001-12-13",21,21,15,19.9,29
"DS03","RWS_MWTL","GROOTGND_surface","southern_and_central_north_sea","unknown_not_harmonized",2002,"provider_station","2002-01-11","2002-12-16",20,20,15,28.4,33
"DS03","RWS_MWTL","GROOTGND_surface","southern_and_central_north_sea","unknown_not_harmonized",2003,"provider_station","2003-01-20","2003-12-18",21,21,15,25.1,28
"DS03","RWS_MWTL","GROOTGND_surface","southern_and_central_north_sea","unknown_not_harmonized",2004,"provider_station","2004-01-16","2004-12-07",19,19,15.5,28,34
"DS03","RWS_MWTL","GROOTGND_surface","southern_and_central_north_sea","unknown_not_harmonized",2005,"provider_station","2005-01-21","2005-12-14",19,19,14.5,30,31
"DS03","RWS_MWTL","GROOTGND_surface","southern_and_central_north_sea","unknown_not_harmonized",2006,"provider_station","2006-01-11","2006-12-14",19,19,15,29.6,31
"DS03","RWS_MWTL","GROOTGND_surface","southern_and_central_north_sea","unknown_not_harmonized",2007,"provider_station","2007-01-16","2007-12-19",20,20,16,28.2,30
"DS03","RWS_MWTL","GROOTGND_surface","southern_and_central_north_sea","unknown_not_harmonized",2008,"provider_station","2008-01-18","2008-12-19",20,20,16,28,40
"DS03","RWS_MWTL","GROOTGND_surface","southern_and_central_north_sea","unknown_not_harmonized",2009,"provider_station","2009-01-21","2009-12-11",21,21,14.5,20.1,30
"DS03","RWS_MWTL","GROOTGND_surface","southern_and_central_north_sea","unknown_not_harmonized",2010,"provider_station","2010-02-25","2010-11-16",16,16,16,25.8,36
"DS03","RWS_MWTL","GROOTGND_surface","southern_and_central_north_sea","unknown_not_harmonized",2011,"provider_station","2011-02-28","2011-09-06",14,14,14,15.8,17
"DS03","RWS_MWTL","GROOTGND_surface","southern_and_central_north_sea","unknown_not_harmonized",2012,"provider_station","2012-03-05","2012-09-11",14,14,15,17,17
"DS03","RWS_MWTL","GROOTGND_surface","southern_and_central_north_sea","unknown_not_harmonized",2013,"provider_station","2013-03-06","2013-09-13",14,14,15,15.8,18
"DS03","RWS_MWTL","GROOTGND_surface","southern_and_central_north_sea","unknown_not_harmonized",2014,"provider_station","2014-02-26","2014-09-18",14,14,15,17,25
"DS03","RWS_MWTL","GROOTGND_surface","southern_and_central_north_sea","unknown_not_harmonized",2015,"provider_station","2015-02-27","2015-09-09",14,14,14,17,19
"DS03","RWS_MWTL","GROOTGND_surface","southern_and_central_north_sea","unknown_not_harmonized",2016,"provider_station","2016-03-04","2016-09-08",14,14,14,17.8,19
"DS03","RWS_MWTL","GROOTGND_surface","southern_and_central_north_sea","unknown_not_harmonized",2017,"provider_station","2017-02-24","2017-09-19",14,14,15,17.8,26
"DS03","RWS_MWTL","GROOTGND_surface","southern_and_central_north_sea","unknown_not_harmonized",2018,"provider_station","2018-02-27","2018-09-20",14,14,15,17.6,27
"DS03","RWS_MWTL","GROOTGND_surface","southern_and_central_north_sea","unknown_not_harmonized",2019,"provider_station","2019-02-28","2019-09-11",14,14,15,16.8,19
"DS03","RWS_MWTL","HAMMOT_surface","southern_and_central_north_sea","unknown_not_harmonized",1990,"provider_station","1990-04-09","1990-12-04",15,15,14,26.2,48
"DS03","RWS_MWTL","HAMMOT_surface","southern_and_central_north_sea","unknown_not_harmonized",1991,"provider_station","1991-01-09","1991-12-17",19,19,15.5,28.3,29
"DS03","RWS_MWTL","HAMMOT_surface","southern_and_central_north_sea","unknown_not_harmonized",1992,"provider_station","1992-01-14","1992-11-11",16,16,18,31.6,36
"DS03","RWS_MWTL","HAMMOT_surface","southern_and_central_north_sea","unknown_not_harmonized",1993,"provider_station","1993-03-02","1993-12-08",17,17,14.5,28.5,36
"DS03","RWS_MWTL","HAMMOT_surface","southern_and_central_north_sea","unknown_not_harmonized",1994,"provider_station","1994-01-04","1994-11-23",18,18,14,28.8,37
"DS03","RWS_MWTL","HAMMOT_surface","southern_and_central_north_sea","unknown_not_harmonized",1995,"provider_station","1995-01-04","1995-12-04",20,20,14,28,30
"DS03","RWS_MWTL","HAMMOT_surface","southern_and_central_north_sea","unknown_not_harmonized",1996,"provider_station","1996-02-13","1996-11-11",18,18,14,24,29
"DS03","RWS_MWTL","HAMMOT_surface","southern_and_central_north_sea","unknown_not_harmonized",1997,"provider_station","1997-02-04","1997-12-17",19,19,14.5,26,36
"DS03","RWS_MWTL","HAMMOT_surface","southern_and_central_north_sea","unknown_not_harmonized",1998,"provider_station","1998-01-14","1998-12-08",20,20,15,28,28
"DS03","RWS_MWTL","HAMMOT_surface","southern_and_central_north_sea","unknown_not_harmonized",1999,"provider_station","1999-01-18","1999-12-20",20,20,14,30.2,35
"DS03","RWS_MWTL","HAMMOT_surface","southern_and_central_north_sea","unknown_not_harmonized",2000,"provider_station","2000-01-10","2000-12-05",20,20,14,30.6,34
"DS03","RWS_MWTL","HAMMOT_surface","southern_and_central_north_sea","unknown_not_harmonized",2001,"provider_station","2001-01-09","2001-12-17",20,20,14,29.2,35
"DS03","RWS_MWTL","HAMMOT_surface","southern_and_central_north_sea","unknown_not_harmonized",2002,"provider_station","2002-01-14","2002-12-17",20,20,15,28.2,34
"DS03","RWS_MWTL","HAMMOT_surface","southern_and_central_north_sea","unknown_not_harmonized",2003,"provider_station","2003-01-15","2003-12-10",20,20,14,28,29
"DS03","RWS_MWTL","HAMMOT_surface","southern_and_central_north_sea","unknown_not_harmonized",2004,"provider_station","2004-01-20","2004-12-14",20,20,14,27.2,36
"DS03","RWS_MWTL","HAMMOT_surface","southern_and_central_north_sea","unknown_not_harmonized",2005,"provider_station","2005-01-18","2005-12-21",19,19,14.5,29,29
"DS03","RWS_MWTL","HAMMOT_surface","southern_and_central_north_sea","unknown_not_harmonized",2006,"provider_station","2006-01-17","2006-12-19",20,20,14,27.4,30
"DS03","RWS_MWTL","HAMMOT_surface","southern_and_central_north_sea","unknown_not_harmonized",2007,"provider_station","2007-01-17","2007-12-19",20,20,15,28,29
"DS03","RWS_MWTL","HAMMOT_surface","southern_and_central_north_sea","unknown_not_harmonized",2008,"provider_station","2008-01-14","2008-12-16",20,20,14,29,29
"DS03","RWS_MWTL","HAMMOT_surface","southern_and_central_north_sea","unknown_not_harmonized",2009,"provider_station","2009-01-13","2009-12-16",20,20,14,28.2,30
"DS03","RWS_MWTL","HANSWGL_surface","southern_and_central_north_sea","unknown_not_harmonized",1990,"provider_station","1990-04-17","1990-12-10",15,15,14,25.9,35
"DS03","RWS_MWTL","HANSWGL_surface","southern_and_central_north_sea","unknown_not_harmonized",1991,"provider_station","1991-01-08","1991-12-09",22,22,14,27,28
"DS03","RWS_MWTL","HANSWGL_surface","southern_and_central_north_sea","unknown_not_harmonized",1992,"provider_station","1992-01-13","1992-10-05",15,15,15,28,30
"DS03","RWS_MWTL","HANSWGL_surface","southern_and_central_north_sea","unknown_not_harmonized",1993,"provider_station","1993-03-01","1993-12-06",17,17,14,28,35
"DS03","RWS_MWTL","HANSWGL_surface","southern_and_central_north_sea","unknown_not_harmonized",1994,"provider_station","1994-01-04","1994-11-22",16,16,15,29,49
"DS03","RWS_MWTL","HANSWGL_surface","southern_and_central_north_sea","unknown_not_harmonized",1995,"provider_station","1995-01-23","1995-12-18",20,20,14,28,28
"DS03","RWS_MWTL","HANSWGL_surface","southern_and_central_north_sea","unknown_not_harmonized",1996,"provider_station","1996-02-12","1996-11-18",16,16,14,28,29
"DS03","RWS_MWTL","HANSWGL_surface","southern_and_central_north_sea","unknown_not_harmonized",1997,"provider_station","1997-01-13","1997-12-22",18,18,14,30.8,35
"DS03","RWS_MWTL","HANSWGL_surface","southern_and_central_north_sea","unknown_not_harmonized",1998,"provider_station","1998-01-19","1998-12-07",18,18,14,28,29
"DS03","RWS_MWTL","HANSWGL_surface","southern_and_central_north_sea","unknown_not_harmonized",1999,"provider_station","1999-01-11","1999-12-14",18,18,16,28.4,30
"DS03","RWS_MWTL","HANSWGL_surface","southern_and_central_north_sea","unknown_not_harmonized",2000,"provider_station","2000-01-17","2000-12-19",18,18,15,29.4,34
"DS03","RWS_MWTL","HANSWGL_surface","southern_and_central_north_sea","unknown_not_harmonized",2001,"provider_station","2001-01-16","2001-12-19",18,18,16,29.4,34
"DS03","RWS_MWTL","HANSWGL_surface","southern_and_central_north_sea","unknown_not_harmonized",2002,"provider_station","2002-01-15","2002-12-17",19,19,14,28,28
"DS03","RWS_MWTL","HANSWGL_surface","southern_and_central_north_sea","unknown_not_harmonized",2003,"provider_station","2003-01-14","2003-12-16",19,19,15,28,28
"DS03","RWS_MWTL","HANSWGL_surface","southern_and_central_north_sea","unknown_not_harmonized",2004,"provider_station","2004-01-14","2004-12-13",19,19,15,28,29
"DS03","RWS_MWTL","HANSWGL_surface","southern_and_central_north_sea","unknown_not_harmonized",2005,"provider_station","2005-01-10","2005-12-12",19,19,14.5,28,29
"DS03","RWS_MWTL","HANSWGL_surface","southern_and_central_north_sea","unknown_not_harmonized",2006,"provider_station","2006-01-09","2006-12-12",19,19,15.5,28.3,30
"DS03","RWS_MWTL","HANSWGL_surface","southern_and_central_north_sea","unknown_not_harmonized",2007,"provider_station","2007-01-10","2007-12-10",19,19,15,28,29
"DS03","RWS_MWTL","HANSWGL_surface","southern_and_central_north_sea","unknown_not_harmonized",2008,"provider_station","2008-01-08","2008-12-08",19,19,15,29,30
"DS03","RWS_MWTL","HANSWGL_surface","southern_and_central_north_sea","unknown_not_harmonized",2009,"provider_station","2009-01-06","2009-12-07",19,19,15,28.3,29
"DS03","RWS_MWTL","HANSWGL_surface","southern_and_central_north_sea","unknown_not_harmonized",2010,"provider_station","2010-01-04","2010-12-07",19,19,15,28,29
"DS03","RWS_MWTL","HANSWGL_surface","southern_and_central_north_sea","unknown_not_harmonized",2011,"provider_station","2011-03-01","2011-09-13",14,14,14,15,29
"DS03","RWS_MWTL","HANSWGL_surface","southern_and_central_north_sea","unknown_not_harmonized",2012,"provider_station","2012-03-26","2012-10-11",14,14,14,16,28
"DS03","RWS_MWTL","HANSWGL_surface","southern_and_central_north_sea","unknown_not_harmonized",2013,"provider_station","2013-02-25","2013-09-12",14,14,14,15,28
"DS03","RWS_MWTL","HANSWGL_surface","southern_and_central_north_sea","unknown_not_harmonized",2014,"provider_station","2014-02-26","2014-09-08",14,14,14,14.8,29
"DS03","RWS_MWTL","HANSWGL_surface","southern_and_central_north_sea","unknown_not_harmonized",2015,"provider_station","2015-03-09","2015-09-21",14,14,14,15.8,29
"DS03","RWS_MWTL","HANSWGL_surface","southern_and_central_north_sea","unknown_not_harmonized",2016,"provider_station","2016-03-07","2016-09-20",14,14,14,16.8,30
"DS03","RWS_MWTL","HANSWGL_surface","southern_and_central_north_sea","unknown_not_harmonized",2017,"provider_station","2017-03-09","2017-09-19",14,14,14,15,27
"DS03","RWS_MWTL","HANSWGL_surface","southern_and_central_north_sea","unknown_not_harmonized",2018,"provider_station","2018-03-05","2018-09-20",14,14,14,16.8,29
"DS03","RWS_MWTL","HANSWGL_surface","southern_and_central_north_sea","unknown_not_harmonized",2019,"provider_station","2019-03-05","2019-09-17",14,14,14,15,27
"DS03","RWS_MWTL","HANSWGL_surface","southern_and_central_north_sea","unknown_not_harmonized",2020,"provider_station","2020-03-05","2020-09-16",14,14,14,16,28
"DS03","RWS_MWTL","HANSWGL_surface","southern_and_central_north_sea","unknown_not_harmonized",2021,"provider_station","2021-03-01","2021-09-16",14,14,14,15.8,28
"DS03","RWS_MWTL","HANSWGL_surface","southern_and_central_north_sea","unknown_not_harmonized",2022,"provider_station","2022-03-01","2022-09-13",14,14,15,16,28
"DS03","RWS_MWTL","HARVSS_surface","southern_and_central_north_sea","unknown_not_harmonized",2014,"provider_station","2014-04-17","2014-10-02",7,7,28,28,28
"DS03","RWS_MWTL","HARVSS_surface","southern_and_central_north_sea","unknown_not_harmonized",2015,"provider_station","2015-04-16","2015-10-01",7,7,28,29,30
"DS03","RWS_MWTL","HARVSS_surface","southern_and_central_north_sea","unknown_not_harmonized",2016,"provider_station","2016-04-14","2016-09-29",7,7,28,28,28
"DS03","RWS_MWTL","HARVSS_surface","southern_and_central_north_sea","unknown_not_harmonized",2017,"provider_station","2017-04-13","2017-09-27",7,7,28,28.5,29
"DS03","RWS_MWTL","HARVSS_surface","southern_and_central_north_sea","unknown_not_harmonized",2018,"provider_station","2018-04-11","2018-09-26",7,7,28,31,33
"DS03","RWS_MWTL","HARVSS_surface","southern_and_central_north_sea","unknown_not_harmonized",2019,"provider_station","2019-04-10","2019-09-26",7,7,28,29,29
"DS03","RWS_MWTL","HARVSS_surface","southern_and_central_north_sea","unknown_not_harmonized",2020,"provider_station","2020-04-08","2020-09-21",6,6,29,44.2,53
"DS03","RWS_MWTL","HUIBGOT_surface","southern_and_central_north_sea","unknown_not_harmonized",1990,"provider_station","1990-04-04","1990-12-11",15,15,15,27.7,28
"DS03","RWS_MWTL","HUIBGOT_surface","southern_and_central_north_sea","unknown_not_harmonized",1991,"provider_station","1991-01-15","1991-12-19",17,17,15,38,43
"DS03","RWS_MWTL","HUIBGOT_surface","southern_and_central_north_sea","unknown_not_harmonized",1992,"provider_station","1992-01-16","1992-12-08",18,18,15,30.8,33
"DS03","RWS_MWTL","HUIBGOT_surface","southern_and_central_north_sea","unknown_not_harmonized",1993,"provider_station","1993-01-06","1993-12-14",19,19,15,30.2,33
"DS03","RWS_MWTL","HUIBGOT_surface","southern_and_central_north_sea","unknown_not_harmonized",1994,"provider_station","1994-01-25","1994-12-14",18,18,15,30.8,34
"DS03","RWS_MWTL","HUIBGOT_surface","southern_and_central_north_sea","unknown_not_harmonized",1995,"provider_station","1995-01-12","1995-12-06",18,18,15,30.8,33
"DS03","RWS_MWTL","HUIBGOT_surface","southern_and_central_north_sea","unknown_not_harmonized",1996,"provider_station","1996-02-29","1996-11-21",15,15,15,29.4,32
"DS03","RWS_MWTL","HUIBGOT_surface","southern_and_central_north_sea","unknown_not_harmonized",1997,"provider_station","1997-02-03","1997-12-12",19,19,16,29,31
"DS03","RWS_MWTL","HUIBGOT_surface","southern_and_central_north_sea","unknown_not_harmonized",1998,"provider_station","1998-01-12","1998-12-16",21,21,15.5,28,29
"DS03","RWS_MWTL","HUIBGOT_surface","southern_and_central_north_sea","unknown_not_harmonized",1999,"provider_station","1999-01-15","1999-12-22",21,21,15,29.2,32
"DS03","RWS_MWTL","HUIBGOT_surface","southern_and_central_north_sea","unknown_not_harmonized",2000,"provider_station","2000-01-20","2000-12-11",21,21,15,20,30
"DS03","RWS_MWTL","HUIBGOT_surface","southern_and_central_north_sea","unknown_not_harmonized",2001,"provider_station","2001-01-22","2001-12-14",21,21,15,20,29
"DS03","RWS_MWTL","HUIBGOT_surface","southern_and_central_north_sea","unknown_not_harmonized",2002,"provider_station","2002-01-11","2002-12-16",20,20,15,28.2,33
"DS03","RWS_MWTL","HUIBGOT_surface","southern_and_central_north_sea","unknown_not_harmonized",2003,"provider_station","2003-01-17","2003-12-18",21,21,15,26.2,28
"DS03","RWS_MWTL","HUIBGOT_surface","southern_and_central_north_sea","unknown_not_harmonized",2004,"provider_station","2004-01-16","2004-12-07",19,19,15.5,28,32
"DS03","RWS_MWTL","HUIBGOT_surface","southern_and_central_north_sea","unknown_not_harmonized",2005,"provider_station","2005-01-21","2005-12-14",20,20,14,30,31
"DS03","RWS_MWTL","HUIBGOT_surface","southern_and_central_north_sea","unknown_not_harmonized",2006,"provider_station","2006-01-11","2006-12-14",20,20,15,27.8,31
"DS03","RWS_MWTL","HUIBGOT_surface","southern_and_central_north_sea","unknown_not_harmonized",2007,"provider_station","2007-01-16","2007-12-19",19,19,16,28.3,48
"DS03","RWS_MWTL","HUIBGOT_surface","southern_and_central_north_sea","unknown_not_harmonized",2008,"provider_station","2008-01-18","2008-12-19",19,19,16.5,30.6,40
"DS03","RWS_MWTL","HUIBGOT_surface","southern_and_central_north_sea","unknown_not_harmonized",2009,"provider_station","2009-01-21","2009-12-11",21,21,14.5,20.1,30
"DS03","RWS_MWTL","HUIBGOT_surface","southern_and_central_north_sea","unknown_not_harmonized",2010,"provider_station","2010-01-12","2010-12-17",18,18,16,33,44
"DS03","RWS_MWTL","HUIBGOT_surface","southern_and_central_north_sea","unknown_not_harmonized",2011,"provider_station","2011-02-28","2011-09-06",14,14,14,15.8,17
"DS03","RWS_MWTL","HUIBGOT_surface","southern_and_central_north_sea","unknown_not_harmonized",2012,"provider_station","2012-03-05","2012-09-11",14,14,15,17,17
"DS03","RWS_MWTL","HUIBGOT_surface","southern_and_central_north_sea","unknown_not_harmonized",2013,"provider_station","2013-03-06","2013-09-13",14,14,15,15.8,18
"DS03","RWS_MWTL","HUIBGOT_surface","southern_and_central_north_sea","unknown_not_harmonized",2014,"provider_station","2014-02-26","2014-09-18",14,14,15,17,25
"DS03","RWS_MWTL","HUIBGOT_surface","southern_and_central_north_sea","unknown_not_harmonized",2015,"provider_station","2015-02-27","2015-09-09",14,14,14,17.8,19
"DS03","RWS_MWTL","HUIBGOT_surface","southern_and_central_north_sea","unknown_not_harmonized",2016,"provider_station","2016-03-04","2016-09-09",14,14,14,17.8,19
"DS03","RWS_MWTL","HUIBGOT_surface","southern_and_central_north_sea","unknown_not_harmonized",2017,"provider_station","2017-02-24","2017-09-19",14,14,15,17.8,26
"DS03","RWS_MWTL","HUIBGOT_surface","southern_and_central_north_sea","unknown_not_harmonized",2018,"provider_station","2018-02-27","2018-09-20",14,14,15,17.6,27
"DS03","RWS_MWTL","HUIBGOT_surface","southern_and_central_north_sea","unknown_not_harmonized",2019,"provider_station","2019-02-28","2019-09-11",14,14,15,16.8,19
"DS03","RWS_MWTL","IJMDN1_surface","outside_or_invalid","unknown_not_harmonized",2014,"provider_station","2014-04-07","2014-09-22",7,7,28,28.5,29
"DS03","RWS_MWTL","IJMDN1_surface","outside_or_invalid","unknown_not_harmonized",2015,"provider_station","2015-04-07","2015-09-21",7,7,28,29,29
"DS03","RWS_MWTL","IJMDN1_surface","outside_or_invalid","unknown_not_harmonized",2016,"provider_station","2016-04-04","2016-09-19",7,7,28,28,28
"DS03","RWS_MWTL","IJMDN1_surface","outside_or_invalid","unknown_not_harmonized",2017,"provider_station","2017-04-03","2017-09-18",7,7,28,28,28
"DS03","RWS_MWTL","IJMDN1_surface","outside_or_invalid","unknown_not_harmonized",2018,"provider_station","2018-04-03","2018-09-17",7,7,28,28,28
"DS03","RWS_MWTL","IJMDN1_surface","outside_or_invalid","unknown_not_harmonized",2019,"provider_station","2019-04-01","2019-09-17",7,7,28,29,29
"DS03","RWS_MWTL","LODSGT_surface","southern_and_central_north_sea","unknown_not_harmonized",1990,"provider_station","1990-04-09","1990-12-04",14,14,15,28,28
"DS03","RWS_MWTL","LODSGT_surface","southern_and_central_north_sea","unknown_not_harmonized",1991,"provider_station","1991-01-09","1991-12-17",20,20,15,28,29
"DS03","RWS_MWTL","LODSGT_surface","southern_and_central_north_sea","unknown_not_harmonized",1992,"provider_station","1992-01-14","1992-12-01",15,15,23,28,56
"DS03","RWS_MWTL","LODSGT_surface","southern_and_central_north_sea","unknown_not_harmonized",1993,"provider_station","1993-02-09","1993-12-08",18,18,15,28.4,36
"DS03","RWS_MWTL","LODSGT_surface","southern_and_central_north_sea","unknown_not_harmonized",1994,"provider_station","1994-01-04","1994-12-13",18,18,15,28.8,50
"DS03","RWS_MWTL","LODSGT_surface","southern_and_central_north_sea","unknown_not_harmonized",1995,"provider_station","1995-01-04","1995-12-04",20,20,14,28,30
"DS03","RWS_MWTL","LODSGT_surface","southern_and_central_north_sea","unknown_not_harmonized",1996,"provider_station","1996-02-13","1996-11-11",18,18,14,24,29
"DS03","RWS_MWTL","LODSGT_surface","southern_and_central_north_sea","unknown_not_harmonized",1997,"provider_station","1997-02-04","1997-12-17",19,19,14.5,26,36
"DS03","RWS_MWTL","LODSGT_surface","southern_and_central_north_sea","unknown_not_harmonized",1998,"provider_station","1998-01-14","1998-12-08",20,20,15,28,28
"DS03","RWS_MWTL","LODSGT_surface","southern_and_central_north_sea","unknown_not_harmonized",1999,"provider_station","1999-01-18","1999-12-20",20,20,14,30.2,35
"DS03","RWS_MWTL","LODSGT_surface","southern_and_central_north_sea","unknown_not_harmonized",2000,"provider_station","2000-01-10","2000-12-05",20,20,14,30.6,34
"DS03","RWS_MWTL","LODSGT_surface","southern_and_central_north_sea","unknown_not_harmonized",2001,"provider_station","2001-01-09","2001-12-17",20,20,15,29.2,35
"DS03","RWS_MWTL","LODSGT_surface","southern_and_central_north_sea","unknown_not_harmonized",2002,"provider_station","2002-01-14","2002-12-17",20,20,15,28.2,34
"DS03","RWS_MWTL","LODSGT_surface","southern_and_central_north_sea","unknown_not_harmonized",2003,"provider_station","2003-01-15","2003-12-10",20,20,14,28,29
"DS03","RWS_MWTL","LODSGT_surface","southern_and_central_north_sea","unknown_not_harmonized",2004,"provider_station","2004-01-20","2004-12-14",20,20,14,27.2,36
"DS03","RWS_MWTL","LODSGT_surface","southern_and_central_north_sea","unknown_not_harmonized",2005,"provider_station","2005-01-18","2005-12-21",19,19,14.5,29,29
"DS03","RWS_MWTL","LODSGT_surface","southern_and_central_north_sea","unknown_not_harmonized",2006,"provider_station","2006-01-17","2006-12-19",20,20,14,27.4,30
"DS03","RWS_MWTL","LODSGT_surface","southern_and_central_north_sea","unknown_not_harmonized",2007,"provider_station","2007-01-17","2007-12-19",20,20,15,28,29
"DS03","RWS_MWTL","LODSGT_surface","southern_and_central_north_sea","unknown_not_harmonized",2008,"provider_station","2008-01-14","2008-12-16",20,20,14,29,29
"DS03","RWS_MWTL","LODSGT_surface","southern_and_central_north_sea","unknown_not_harmonized",2009,"provider_station","2009-01-13","2009-12-16",20,20,14,28.2,30
"DS03","RWS_MWTL","LODSGT_surface","southern_and_central_north_sea","unknown_not_harmonized",2010,"provider_station","2010-01-13","2010-12-15",19,19,15,29.3,30
"DS03","RWS_MWTL","LODSGT_surface","southern_and_central_north_sea","unknown_not_harmonized",2011,"provider_station","2011-03-08","2011-09-19",14,14,14,15.8,28
"DS03","RWS_MWTL","LODSGT_surface","southern_and_central_north_sea","unknown_not_harmonized",2012,"provider_station","2012-03-07","2012-09-18",14,14,14,16,26
"DS03","RWS_MWTL","LODSGT_surface","southern_and_central_north_sea","unknown_not_harmonized",2013,"provider_station","2013-03-05","2013-09-17",14,14,14,15.8,28
"DS03","RWS_MWTL","LODSGT_surface","southern_and_central_north_sea","unknown_not_harmonized",2014,"provider_station","2014-03-05","2014-09-16",14,14,14,15.8,26
"DS03","RWS_MWTL","LODSGT_surface","southern_and_central_north_sea","unknown_not_harmonized",2015,"provider_station","2015-03-02","2015-09-16",14,14,14,17,28
"DS03","RWS_MWTL","LODSGT_surface","southern_and_central_north_sea","unknown_not_harmonized",2016,"provider_station","2016-03-01","2016-09-12",14,14,14,15.8,28
"DS03","RWS_MWTL","LODSGT_surface","southern_and_central_north_sea","unknown_not_harmonized",2017,"provider_station","2017-02-27","2017-09-12",14,14,14,16.8,28
"DS03","RWS_MWTL","LODSGT_surface","southern_and_central_north_sea","unknown_not_harmonized",2018,"provider_station","2018-02-26","2018-09-10",14,14,14,15,28
"DS03","RWS_MWTL","LODSGT_surface","southern_and_central_north_sea","unknown_not_harmonized",2019,"provider_station","2019-02-25","2019-09-10",14,14,14,16,31
"DS03","RWS_MWTL","LODSGT_surface","southern_and_central_north_sea","unknown_not_harmonized",2020,"provider_station","2020-02-25","2020-09-08",12,12,14,28,43
"DS03","RWS_MWTL","LODSGT_surface","southern_and_central_north_sea","unknown_not_harmonized",2021,"provider_station","2021-03-23","2021-10-19",14,14,14,25.6,30
"DS03","RWS_MWTL","LODSGT_surface","southern_and_central_north_sea","unknown_not_harmonized",2022,"provider_station","2022-03-22","2022-09-20",14,14,14,15,16
"DS03","RWS_MWTL","MAASSS_surface","outside_or_invalid","unknown_not_harmonized",2014,"provider_station","2014-04-10","2014-09-25",7,7,28,28,28
"DS03","RWS_MWTL","MAASSS_surface","outside_or_invalid","unknown_not_harmonized",2015,"provider_station","2015-04-13","2015-10-08",14,14,14,14,15
"DS03","RWS_MWTL","MAASSS_surface","outside_or_invalid","unknown_not_harmonized",2016,"provider_station","2016-04-07","2016-10-06",14,14,14,15.6,17
"DS03","RWS_MWTL","MAASSS_surface","outside_or_invalid","unknown_not_harmonized",2017,"provider_station","2017-04-06","2017-10-05",14,14,14,14,15
"DS03","RWS_MWTL","MAASSS_surface","outside_or_invalid","unknown_not_harmonized",2018,"provider_station","2018-04-05","2018-10-04",14,14,14,14.8,15
"DS03","RWS_MWTL","MAASSS_surface","outside_or_invalid","unknown_not_harmonized",2019,"provider_station","2019-04-04","2019-10-03",14,14,14,14.8,16
"DS03","RWS_MWTL","MARSDND_surface","southern_and_central_north_sea","unknown_not_harmonized",1990,"provider_station","1990-04-02","1990-11-12",13,13,15,27.9,36
"DS03","RWS_MWTL","MARSDND_surface","southern_and_central_north_sea","unknown_not_harmonized",1991,"provider_station","1991-01-14","1991-12-18",17,17,15,43,45
"DS03","RWS_MWTL","MARSDND_surface","southern_and_central_north_sea","unknown_not_harmonized",1992,"provider_station","1992-01-14","1992-12-07",18,18,15,31.8,34
"DS03","RWS_MWTL","MARSDND_surface","southern_and_central_north_sea","unknown_not_harmonized",1993,"provider_station","1993-02-03","1993-12-13",18,18,15,30.2,35
"DS03","RWS_MWTL","MARSDND_surface","southern_and_central_north_sea","unknown_not_harmonized",1994,"provider_station","1994-01-24","1994-12-13",17,17,16.5,31,37
"DS03","RWS_MWTL","MARSDND_surface","southern_and_central_north_sea","unknown_not_harmonized",1995,"provider_station","1995-01-13","1995-12-04",18,18,15,29.2,34
"DS03","RWS_MWTL","MARSDND_surface","southern_and_central_north_sea","unknown_not_harmonized",1996,"provider_station","1996-02-29","1996-11-19",15,15,15.5,28.7,32
"DS03","RWS_MWTL","MARSDND_surface","southern_and_central_north_sea","unknown_not_harmonized",1997,"provider_station","1997-01-30","1997-12-08",19,19,15,28,29
"DS03","RWS_MWTL","MARSDND_surface","southern_and_central_north_sea","unknown_not_harmonized",1998,"provider_station","1998-01-13","1998-12-15",21,21,15,27,29
"DS03","RWS_MWTL","MARSDND_surface","southern_and_central_north_sea","unknown_not_harmonized",1999,"provider_station","1999-01-13","1999-12-21",20,20,15,29.8,39
"DS03","RWS_MWTL","MARSDND_surface","southern_and_central_north_sea","unknown_not_harmonized",2000,"provider_station","2000-01-20","2000-12-22",21,21,15,27.1,30
"DS03","RWS_MWTL","MARSDND_surface","southern_and_central_north_sea","unknown_not_harmonized",2001,"provider_station","2001-01-22","2001-12-11",21,21,14,21.7,29
"DS03","RWS_MWTL","MARSDND_surface","southern_and_central_north_sea","unknown_not_harmonized",2002,"provider_station","2002-01-14","2002-12-17",21,21,14,27.3,33
"DS03","RWS_MWTL","MARSDND_surface","southern_and_central_north_sea","unknown_not_harmonized",2003,"provider_station","2003-01-15","2003-12-11",21,21,14.5,23.5,29
"DS03","RWS_MWTL","MARSDND_surface","southern_and_central_north_sea","unknown_not_harmonized",2004,"provider_station","2004-01-09","2004-12-08",21,21,15,20.8,39
"DS03","RWS_MWTL","MARSDND_surface","southern_and_central_north_sea","unknown_not_harmonized",2005,"provider_station","2005-01-10","2005-12-14",20,20,16,29,30
"DS03","RWS_MWTL","MARSDND_surface","southern_and_central_north_sea","unknown_not_harmonized",2006,"provider_station","2006-01-13","2006-12-19",21,21,14,29,32
"DS03","RWS_MWTL","MARSDND_surface","southern_and_central_north_sea","unknown_not_harmonized",2007,"provider_station","2007-02-16","2007-12-10",20,20,15,19.2,27
"DS03","RWS_MWTL","MARSDND_surface","southern_and_central_north_sea","unknown_not_harmonized",2008,"provider_station","2008-01-10","2008-12-10",18,18,16,29.4,41
"DS03","RWS_MWTL","MARSDND_surface","southern_and_central_north_sea","unknown_not_harmonized",2009,"provider_station","2009-01-13","2009-12-18",21,21,17,22.5,29
"DS03","RWS_MWTL","MARSDND_surface","southern_and_central_north_sea","unknown_not_harmonized",2010,"provider_station","2010-01-13","2010-12-09",17,17,15.5,40.5,50
"DS03","RWS_MWTL","MARSDND_surface","southern_and_central_north_sea","unknown_not_harmonized",2011,"provider_station","2011-03-03","2011-09-07",13,13,15,19.8,29
"DS03","RWS_MWTL","MARSDND_surface","southern_and_central_north_sea","unknown_not_harmonized",2012,"provider_station","2012-03-07","2012-09-14",14,14,15,18.6,19
"DS03","RWS_MWTL","MARSDND_surface","southern_and_central_north_sea","unknown_not_harmonized",2013,"provider_station","2013-02-27","2013-09-18",14,14,14,17.4,30
"DS03","RWS_MWTL","MARSDND_surface","southern_and_central_north_sea","unknown_not_harmonized",2014,"provider_station","2014-02-27","2014-09-10",14,14,15,16.6,19
"DS03","RWS_MWTL","MARSDND_surface","southern_and_central_north_sea","unknown_not_harmonized",2015,"provider_station","2015-03-04","2015-09-14",14,14,15,16.8,18
"DS03","RWS_MWTL","MARSDND_surface","southern_and_central_north_sea","unknown_not_harmonized",2016,"provider_station","2016-02-26","2016-09-16",14,14,15,18,27
"DS03","RWS_MWTL","MARSDND_surface","southern_and_central_north_sea","unknown_not_harmonized",2017,"provider_station","2017-02-27","2017-09-19",14,14,15,17.8,25
"DS03","RWS_MWTL","MARSDND_surface","southern_and_central_north_sea","unknown_not_harmonized",2018,"provider_station","2018-03-01","2018-09-10",14,14,14,17.6,21
"DS03","RWS_MWTL","MARSDND_surface","southern_and_central_north_sea","unknown_not_harmonized",2019,"provider_station","2019-03-05","2019-09-13",14,14,15,16,19
"DS03","RWS_MWTL","NOORDWK10_bottom","southern_and_central_north_sea","unknown_not_harmonized",1990,"provider_station","1990-06-05","1990-07-04",2,2,29,29,29
"DS03","RWS_MWTL","NOORDWK10_surface","southern_and_central_north_sea","unknown_not_harmonized",1990,"provider_station","1990-01-04","1990-12-19",24,24,9,27.8,75
"DS03","RWS_MWTL","NOORDWK10_surface","southern_and_central_north_sea","unknown_not_harmonized",1991,"provider_station","1991-01-17","1991-12-10",29,29,7,25.9,35
"DS03","RWS_MWTL","NOORDWK10_surface","southern_and_central_north_sea","unknown_not_harmonized",1992,"provider_station","1992-02-05","1992-12-08",28,28,7,25.8,34
"DS03","RWS_MWTL","NOORDWK10_surface","southern_and_central_north_sea","unknown_not_harmonized",1993,"provider_station","1993-01-21","1993-12-21",29,29,8,18.2,55
"DS03","RWS_MWTL","NOORDWK10_surface","southern_and_central_north_sea","unknown_not_harmonized",1994,"provider_station","1994-01-07","1994-12-14",31,31,7.5,27.1,36
"DS03","RWS_MWTL","NOORDWK10_surface","southern_and_central_north_sea","unknown_not_harmonized",1995,"provider_station","1995-01-04","1995-12-07",36,36,8,17.8,38
"DS03","RWS_MWTL","NOORDWK10_surface","southern_and_central_north_sea","unknown_not_harmonized",1996,"provider_station","1996-01-17","1996-12-17",30,30,8,23.4,42
"DS03","RWS_MWTL","NOORDWK10_surface","southern_and_central_north_sea","unknown_not_harmonized",1997,"provider_station","1997-01-14","1997-12-18",29,29,7,27.9,58
"DS03","RWS_MWTL","NOORDWK10_surface","southern_and_central_north_sea","unknown_not_harmonized",1998,"provider_station","1998-01-22","1998-12-16",26,26,8,28.6,56
"DS03","RWS_MWTL","NOORDWK10_surface","southern_and_central_north_sea","unknown_not_harmonized",1999,"provider_station","1999-01-12","1999-12-30",26,26,8,31.8,77
"DS03","RWS_MWTL","NOORDWK10_surface","southern_and_central_north_sea","unknown_not_harmonized",2000,"provider_station","2000-01-11","2000-12-28",29,29,8,29.1,43
"DS03","RWS_MWTL","NOORDWK10_surface","southern_and_central_north_sea","unknown_not_harmonized",2001,"provider_station","2001-01-16","2001-12-13",29,29,8,24.2,41
"DS03","RWS_MWTL","NOORDWK10_surface","southern_and_central_north_sea","unknown_not_harmonized",2002,"provider_station","2002-01-11","2002-12-18",27,27,9.5,26.5,37
"DS03","RWS_MWTL","NOORDWK10_surface","southern_and_central_north_sea","unknown_not_harmonized",2003,"provider_station","2003-01-09","2003-12-18",26,26,9,26,36
"DS03","RWS_MWTL","NOORDWK10_surface","southern_and_central_north_sea","unknown_not_harmonized",2004,"provider_station","2004-01-08","2004-12-15",28,28,8,27.4,63
"DS03","RWS_MWTL","NOORDWK10_surface","southern_and_central_north_sea","unknown_not_harmonized",2005,"provider_station","2005-01-27","2005-12-12",30,30,8,26,28
"DS03","RWS_MWTL","NOORDWK10_surface","southern_and_central_north_sea","unknown_not_harmonized",2006,"provider_station","2006-01-12","2006-12-20",28,28,10,27,36
"DS03","RWS_MWTL","NOORDWK10_surface","southern_and_central_north_sea","unknown_not_harmonized",2007,"provider_station","2007-01-25","2007-12-19",29,29,8,23.7,40
"DS03","RWS_MWTL","NOORDWK10_surface","southern_and_central_north_sea","unknown_not_harmonized",2008,"provider_station","2008-01-22","2008-12-11",29,29,8,28,33
"DS03","RWS_MWTL","NOORDWK10_surface","southern_and_central_north_sea","unknown_not_harmonized",2009,"provider_station","2009-01-08","2009-12-07",30,30,10,24.4,27
"DS03","RWS_MWTL","NOORDWK10_surface","southern_and_central_north_sea","unknown_not_harmonized",2010,"provider_station","2010-01-12","2010-12-15",17,17,20,32.5,36
"DS03","RWS_MWTL","NOORDWK10_surface","southern_and_central_north_sea","unknown_not_harmonized",2011,"provider_station","2011-03-09","2011-09-15",13,13,17.5,22.8,30
"DS03","RWS_MWTL","NOORDWK10_surface","southern_and_central_north_sea","unknown_not_harmonized",2012,"provider_station","2012-03-15","2012-10-18",14,14,14,29.4,38
"DS03","RWS_MWTL","NOORDWK10_surface","southern_and_central_north_sea","unknown_not_harmonized",2013,"provider_station","2013-03-13","2013-10-14",14,14,16,20.8,26
"DS03","RWS_MWTL","NOORDWK10_surface","southern_and_central_north_sea","unknown_not_harmonized",2014,"provider_station","2014-03-12","2014-10-13",14,14,15,26.6,29
"DS03","RWS_MWTL","NOORDWK10_surface","southern_and_central_north_sea","unknown_not_harmonized",2015,"provider_station","2015-03-10","2015-10-12",14,14,16,23.4,26
"DS03","RWS_MWTL","NOORDWK10_surface","southern_and_central_north_sea","unknown_not_harmonized",2016,"provider_station","2016-03-14","2016-10-10",14,14,14,21.4,28
"DS03","RWS_MWTL","NOORDWK10_surface","southern_and_central_north_sea","unknown_not_harmonized",2017,"provider_station","2017-03-13","2017-10-16",14,14,14,27,28
"DS03","RWS_MWTL","NOORDWK10_surface","southern_and_central_north_sea","unknown_not_harmonized",2018,"provider_station","2018-03-14","2018-10-15",13,13,14.5,31.9,35
"DS03","RWS_MWTL","NOORDWK10_surface","southern_and_central_north_sea","unknown_not_harmonized",2019,"provider_station","2019-04-01","2019-10-28",14,14,14,21,32
"DS03","RWS_MWTL","NOORDWK2_surface","southern_and_central_north_sea","unknown_not_harmonized",1990,"provider_station","1990-03-20","1990-12-19",13,13,21,29,48
"DS03","RWS_MWTL","NOORDWK2_surface","southern_and_central_north_sea","unknown_not_harmonized",1991,"provider_station","1991-01-17","1991-12-10",15,15,21.5,35,40
"DS03","RWS_MWTL","NOORDWK2_surface","southern_and_central_north_sea","unknown_not_harmonized",1992,"provider_station","1992-01-15","1992-12-08",15,15,20,35.4,67
"DS03","RWS_MWTL","NOORDWK2_surface","southern_and_central_north_sea","unknown_not_harmonized",1993,"provider_station","1993-01-28","1993-12-21",16,16,20,36.4,55
"DS03","RWS_MWTL","NOORDWK2_surface","southern_and_central_north_sea","unknown_not_harmonized",1994,"provider_station","1994-01-07","1994-12-14",17,17,25,35.5,36
"DS03","RWS_MWTL","NOORDWK2_surface","southern_and_central_north_sea","unknown_not_harmonized",1995,"provider_station","1995-01-04","1995-12-07",18,18,21,28.2,38
"DS03","RWS_MWTL","NOORDWK2_surface","southern_and_central_north_sea","unknown_not_harmonized",1996,"provider_station","1996-01-17","1996-12-17",17,17,17.5,34,42
"DS03","RWS_MWTL","NOORDWK2_surface","southern_and_central_north_sea","unknown_not_harmonized",1997,"provider_station","1997-01-14","1997-12-18",17,17,16,35.5,58
"DS03","RWS_MWTL","NOORDWK2_surface","southern_and_central_north_sea","unknown_not_harmonized",1998,"provider_station","1998-02-10","1998-12-16",13,13,18.5,61.8,71
"DS03","RWS_MWTL","NOORDWK2_surface","southern_and_central_north_sea","unknown_not_harmonized",1999,"provider_station","1999-01-12","1999-12-30",16,16,20,33.8,77
"DS03","RWS_MWTL","NOORDWK2_surface","southern_and_central_north_sea","unknown_not_harmonized",2000,"provider_station","2000-01-11","2000-12-28",18,18,16,37.2,43
"DS03","RWS_MWTL","NOORDWK2_surface","southern_and_central_north_sea","unknown_not_harmonized",2001,"provider_station","2001-01-16","2001-12-13",18,18,17,27.4,40
"DS03","RWS_MWTL","NOORDWK2_surface","southern_and_central_north_sea","unknown_not_harmonized",2002,"provider_station","2002-01-11","2002-12-18",18,18,20,29.8,37
"DS03","RWS_MWTL","NOORDWK2_surface","southern_and_central_north_sea","unknown_not_harmonized",2003,"provider_station","2003-01-09","2003-12-18",17,17,20,35.5,40
"DS03","RWS_MWTL","NOORDWK2_surface","southern_and_central_north_sea","unknown_not_harmonized",2004,"provider_station","2004-01-08","2004-12-15",17,17,15,32.5,63
"DS03","RWS_MWTL","NOORDWK2_surface","southern_and_central_north_sea","unknown_not_harmonized",2005,"provider_station","2005-01-27","2005-12-12",18,18,20,26.4,28
"DS03","RWS_MWTL","NOORDWK2_surface","southern_and_central_north_sea","unknown_not_harmonized",2006,"provider_station","2006-01-12","2006-12-20",19,19,15.5,29.1,36
"DS03","RWS_MWTL","NOORDWK2_surface","southern_and_central_north_sea","unknown_not_harmonized",2007,"provider_station","2007-01-25","2007-12-19",19,19,14.5,31.8,40
"DS03","RWS_MWTL","NOORDWK2_surface","southern_and_central_north_sea","unknown_not_harmonized",2008,"provider_station","2008-01-22","2008-12-11",17,17,16.5,33.5,57
"DS03","RWS_MWTL","NOORDWK2_surface","southern_and_central_north_sea","unknown_not_harmonized",2009,"provider_station","2009-01-08","2009-12-07",19,19,15.5,27,28
"DS03","RWS_MWTL","NOORDWK2_surface","southern_and_central_north_sea","unknown_not_harmonized",2010,"provider_station","2010-01-12","2010-12-15",17,17,20,30,35
"DS03","RWS_MWTL","NOORDWK2_surface","southern_and_central_north_sea","unknown_not_harmonized",2011,"provider_station","2011-03-09","2011-09-15",13,13,17.5,22.8,30
"DS03","RWS_MWTL","NOORDWK2_surface","southern_and_central_north_sea","unknown_not_harmonized",2012,"provider_station","2012-03-15","2012-10-18",14,14,14,29.4,38
"DS03","RWS_MWTL","NOORDWK2_surface","southern_and_central_north_sea","unknown_not_harmonized",2013,"provider_station","2013-03-13","2013-10-14",14,14,16,21,26
"DS03","RWS_MWTL","NOORDWK2_surface","southern_and_central_north_sea","unknown_not_harmonized",2014,"provider_station","2014-03-12","2014-10-13",14,14,15,26.6,29
"DS03","RWS_MWTL","NOORDWK2_surface","southern_and_central_north_sea","unknown_not_harmonized",2015,"provider_station","2015-03-10","2015-10-12",14,14,16,23.4,26
"DS03","RWS_MWTL","NOORDWK2_surface","southern_and_central_north_sea","unknown_not_harmonized",2016,"provider_station","2016-03-14","2016-10-10",14,14,14,21.4,28
"DS03","RWS_MWTL","NOORDWK2_surface","southern_and_central_north_sea","unknown_not_harmonized",2017,"provider_station","2017-03-13","2017-10-16",14,14,14,27,28
"DS03","RWS_MWTL","NOORDWK2_surface","southern_and_central_north_sea","unknown_not_harmonized",2018,"provider_station","2018-03-14","2018-10-15",13,13,14.5,31.9,35
"DS03","RWS_MWTL","NOORDWK2_surface","southern_and_central_north_sea","unknown_not_harmonized",2019,"provider_station","2019-04-01","2019-10-28",14,14,14,19.4,32
"DS03","RWS_MWTL","NOORDWK2_surface","southern_and_central_north_sea","unknown_not_harmonized",2020,"provider_station","2020-03-16","2020-10-12",12,12,15,28,29
"DS03","RWS_MWTL","NOORDWK2_surface","southern_and_central_north_sea","unknown_not_harmonized",2021,"provider_station","2021-03-23","2021-11-08",14,14,16,27.4,32
"DS03","RWS_MWTL","NOORDWK2_surface","southern_and_central_north_sea","unknown_not_harmonized",2022,"provider_station","2022-03-21","2022-09-19",13,13,14,20.5,22
"DS03","RWS_MWTL","NOORDWK20_surface","southern_and_central_north_sea","unknown_not_harmonized",1990,"provider_station","1990-01-04","1990-12-19",15,15,21,42.3,75
"DS03","RWS_MWTL","NOORDWK20_surface","southern_and_central_north_sea","unknown_not_harmonized",1991,"provider_station","1991-01-17","1991-12-10",14,14,20,39,62
"DS03","RWS_MWTL","NOORDWK20_surface","southern_and_central_north_sea","unknown_not_harmonized",1992,"provider_station","1992-01-15","1992-12-08",15,15,19,35.7,67
"DS03","RWS_MWTL","NOORDWK20_surface","southern_and_central_north_sea","unknown_not_harmonized",1993,"provider_station","1993-01-28","1993-12-21",16,16,20,36.4,55
"DS03","RWS_MWTL","NOORDWK20_surface","southern_and_central_north_sea","unknown_not_harmonized",1994,"provider_station","1994-01-07","1994-12-14",16,16,22,32.8,37
"DS03","RWS_MWTL","NOORDWK20_surface","southern_and_central_north_sea","unknown_not_harmonized",1995,"provider_station","1995-01-04","1995-12-07",16,16,21,34,38
"DS03","RWS_MWTL","NOORDWK20_surface","southern_and_central_north_sea","unknown_not_harmonized",1996,"provider_station","1996-01-17","1996-12-17",18,18,15,33.8,42
"DS03","RWS_MWTL","NOORDWK20_surface","southern_and_central_north_sea","unknown_not_harmonized",1997,"provider_station","1997-01-14","1997-12-18",17,17,16,35.5,58
"DS03","RWS_MWTL","NOORDWK20_surface","southern_and_central_north_sea","unknown_not_harmonized",1998,"provider_station","1998-01-22","1998-12-16",15,15,20,39.6,70
"DS03","RWS_MWTL","NOORDWK20_surface","southern_and_central_north_sea","unknown_not_harmonized",1999,"provider_station","1999-01-12","1999-12-30",16,16,20,33.8,77
"DS03","RWS_MWTL","NOORDWK20_surface","southern_and_central_north_sea","unknown_not_harmonized",2000,"provider_station","2000-01-11","2000-12-28",18,18,16,37.2,43
"DS03","RWS_MWTL","NOORDWK20_surface","southern_and_central_north_sea","unknown_not_harmonized",2001,"provider_station","2001-01-16","2001-12-13",18,18,17,27.4,40
"DS03","RWS_MWTL","NOORDWK20_surface","southern_and_central_north_sea","unknown_not_harmonized",2002,"provider_station","2002-01-11","2002-12-18",18,18,20,29.8,37
"DS03","RWS_MWTL","NOORDWK20_surface","southern_and_central_north_sea","unknown_not_harmonized",2003,"provider_station","2003-01-09","2003-12-18",17,17,20,35.5,40
"DS03","RWS_MWTL","NOORDWK20_surface","southern_and_central_north_sea","unknown_not_harmonized",2004,"provider_station","2004-01-08","2004-12-15",17,17,15,32,62
"DS03","RWS_MWTL","NOORDWK20_surface","southern_and_central_north_sea","unknown_not_harmonized",2005,"provider_station","2005-01-27","2005-12-12",18,18,20,26.4,28
"DS03","RWS_MWTL","NOORDWK20_surface","southern_and_central_north_sea","unknown_not_harmonized",2006,"provider_station","2006-01-12","2006-12-20",19,19,15.5,29.1,36
"DS03","RWS_MWTL","NOORDWK20_surface","southern_and_central_north_sea","unknown_not_harmonized",2007,"provider_station","2007-01-25","2007-12-19",18,18,15,37.6,44
"DS03","RWS_MWTL","NOORDWK20_surface","southern_and_central_north_sea","unknown_not_harmonized",2008,"provider_station","2008-01-22","2008-12-11",18,18,17,30.6,34
"DS03","RWS_MWTL","NOORDWK20_surface","southern_and_central_north_sea","unknown_not_harmonized",2009,"provider_station","2009-01-08","2009-12-07",19,19,15.5,27,27
"DS03","RWS_MWTL","NOORDWK20_surface","southern_and_central_north_sea","unknown_not_harmonized",2010,"provider_station","2010-01-12","2010-12-15",17,17,20,32.5,36
"DS03","RWS_MWTL","NOORDWK20_surface","southern_and_central_north_sea","unknown_not_harmonized",2011,"provider_station","2011-03-09","2011-09-15",13,13,17.5,22.8,30
"DS03","RWS_MWTL","NOORDWK20_surface","southern_and_central_north_sea","unknown_not_harmonized",2012,"provider_station","2012-03-15","2012-10-18",14,14,14,29.4,38
"DS03","RWS_MWTL","NOORDWK20_surface","southern_and_central_north_sea","unknown_not_harmonized",2013,"provider_station","2013-03-13","2013-10-14",14,14,16,20.8,26
"DS03","RWS_MWTL","NOORDWK20_surface","southern_and_central_north_sea","unknown_not_harmonized",2014,"provider_station","2014-03-12","2014-10-13",14,14,15,26.6,29
"DS03","RWS_MWTL","NOORDWK20_surface","southern_and_central_north_sea","unknown_not_harmonized",2015,"provider_station","2015-03-10","2015-10-12",14,14,16,23.4,26
"DS03","RWS_MWTL","NOORDWK20_surface","southern_and_central_north_sea","unknown_not_harmonized",2016,"provider_station","2016-03-14","2016-10-10",14,14,14,21.4,28
"DS03","RWS_MWTL","NOORDWK20_surface","southern_and_central_north_sea","unknown_not_harmonized",2017,"provider_station","2017-03-13","2017-10-16",14,14,14,27,28
"DS03","RWS_MWTL","NOORDWK20_surface","southern_and_central_north_sea","unknown_not_harmonized",2018,"provider_station","2018-03-14","2018-10-15",13,13,14.5,31.9,35
"DS03","RWS_MWTL","NOORDWK20_surface","southern_and_central_north_sea","unknown_not_harmonized",2019,"provider_station","2019-04-01","2019-10-28",14,14,14,21,32
"DS03","RWS_MWTL","NOORDWK70_surface","southern_and_central_north_sea","unknown_not_harmonized",1990,"provider_station","1990-01-04","1990-12-18",15,15,21,43,75
"DS03","RWS_MWTL","NOORDWK70_surface","southern_and_central_north_sea","unknown_not_harmonized",1991,"provider_station","1991-01-17","1991-12-09",15,15,20,35,40
"DS03","RWS_MWTL","NOORDWK70_surface","southern_and_central_north_sea","unknown_not_harmonized",1992,"provider_station","1992-01-15","1992-12-08",15,15,20,35.4,67
"DS03","RWS_MWTL","NOORDWK70_surface","southern_and_central_north_sea","unknown_not_harmonized",1993,"provider_station","1993-01-28","1993-12-21",12,12,28,55,64
"DS03","RWS_MWTL","NOORDWK70_surface","southern_and_central_north_sea","unknown_not_harmonized",1994,"provider_station","1994-01-07","1994-12-14",15,15,26.5,35.4,36
"DS03","RWS_MWTL","NOORDWK70_surface","southern_and_central_north_sea","unknown_not_harmonized",1995,"provider_station","1995-01-04","1995-11-07",17,17,20,26.5,38
"DS03","RWS_MWTL","NOORDWK70_surface","southern_and_central_north_sea","unknown_not_harmonized",1996,"provider_station","1996-01-17","1996-12-17",18,18,15,33.8,42
"DS03","RWS_MWTL","NOORDWK70_surface","southern_and_central_north_sea","unknown_not_harmonized",1997,"provider_station","1997-01-14","1997-12-18",17,17,16,35.5,58
"DS03","RWS_MWTL","NOORDWK70_surface","southern_and_central_north_sea","unknown_not_harmonized",1998,"provider_station","1998-01-22","1998-12-16",15,15,20,39.6,70
"DS03","RWS_MWTL","NOORDWK70_surface","southern_and_central_north_sea","unknown_not_harmonized",1999,"provider_station","1999-01-12","1999-12-30",16,16,20,33.8,77
"DS03","RWS_MWTL","NOORDWK70_surface","southern_and_central_north_sea","unknown_not_harmonized",2000,"provider_station","2000-01-11","2000-12-28",16,16,21,38.8,43
"DS03","RWS_MWTL","NOORDWK70_surface","southern_and_central_north_sea","unknown_not_harmonized",2001,"provider_station","2001-01-16","2001-12-13",18,18,17,27.4,40
"DS03","RWS_MWTL","NOORDWK70_surface","southern_and_central_north_sea","unknown_not_harmonized",2002,"provider_station","2002-01-10","2002-12-18",18,18,20,30.2,37
"DS03","RWS_MWTL","NOORDWK70_surface","southern_and_central_north_sea","unknown_not_harmonized",2003,"provider_station","2003-01-08","2003-12-18",17,17,20,35,36
"DS03","RWS_MWTL","NOORDWK70_surface","southern_and_central_north_sea","unknown_not_harmonized",2004,"provider_station","2004-01-07","2004-12-15",17,17,15,32,64
"DS03","RWS_MWTL","NOORDWK70_surface","southern_and_central_north_sea","unknown_not_harmonized",2005,"provider_station","2005-01-27","2005-12-12",18,18,20,26.4,28
"DS03","RWS_MWTL","NOORDWK70_surface","southern_and_central_north_sea","unknown_not_harmonized",2006,"provider_station","2006-01-12","2006-12-20",19,19,15.5,29.1,36
"DS03","RWS_MWTL","NOORDWK70_surface","southern_and_central_north_sea","unknown_not_harmonized",2007,"provider_station","2007-01-25","2007-12-19",19,19,15,31.8,40
"DS03","RWS_MWTL","NOORDWK70_surface","southern_and_central_north_sea","unknown_not_harmonized",2008,"provider_station","2008-01-22","2008-12-11",18,18,17,30.6,34
"DS03","RWS_MWTL","NOORDWK70_surface","southern_and_central_north_sea","unknown_not_harmonized",2009,"provider_station","2009-01-08","2009-12-07",19,19,15.5,27,31
"DS03","RWS_MWTL","NOORDWK70_surface","southern_and_central_north_sea","unknown_not_harmonized",2010,"provider_station","2010-01-12","2010-12-14",17,17,20,32.5,36
"DS03","RWS_MWTL","NOORDWK70_surface","southern_and_central_north_sea","unknown_not_harmonized",2011,"provider_station","2011-03-09","2011-09-15",13,13,17.5,22.8,30
"DS03","RWS_MWTL","NOORDWK70_surface","southern_and_central_north_sea","unknown_not_harmonized",2012,"provider_station","2012-03-15","2012-10-18",14,14,14,28.6,38
"DS03","RWS_MWTL","NOORDWK70_surface","southern_and_central_north_sea","unknown_not_harmonized",2013,"provider_station","2013-03-13","2013-10-14",14,14,16,20.8,26
"DS03","RWS_MWTL","NOORDWK70_surface","southern_and_central_north_sea","unknown_not_harmonized",2014,"provider_station","2014-03-12","2014-10-13",14,14,15,26.6,29
"DS03","RWS_MWTL","NOORDWK70_surface","southern_and_central_north_sea","unknown_not_harmonized",2015,"provider_station","2015-03-10","2015-10-12",14,14,15,23.4,27
"DS03","RWS_MWTL","NOORDWK70_surface","southern_and_central_north_sea","unknown_not_harmonized",2016,"provider_station","2016-03-14","2016-10-10",14,14,14,20.6,28
"DS03","RWS_MWTL","NOORDWK70_surface","southern_and_central_north_sea","unknown_not_harmonized",2017,"provider_station","2017-03-13","2017-10-16",14,14,14,27,28
"DS03","RWS_MWTL","NOORDWK70_surface","southern_and_central_north_sea","unknown_not_harmonized",2018,"provider_station","2018-03-14","2018-10-15",13,13,14,32,35
"DS03","RWS_MWTL","NOORDWK70_surface","southern_and_central_north_sea","unknown_not_harmonized",2019,"provider_station","2019-04-01","2019-10-28",14,14,14,21,32
"DS03","RWS_MWTL","ROTTMPT3_surface","southern_and_central_north_sea","unknown_not_harmonized",1990,"provider_station","1990-04-19","1990-10-25",2,2,189,189,189
"DS03","RWS_MWTL","ROTTMPT3_surface","southern_and_central_north_sea","unknown_not_harmonized",1991,"provider_station","1991-04-10","1991-10-23",5,5,52,69,69
"DS03","RWS_MWTL","ROTTMPT3_surface","southern_and_central_north_sea","unknown_not_harmonized",1992,"provider_station","1992-04-08","1992-10-13",6,6,34,52.4,64
"DS03","RWS_MWTL","ROTTMPT3_surface","southern_and_central_north_sea","unknown_not_harmonized",1993,"provider_station","1993-05-14","1993-10-19",6,6,35,35,35
"DS03","RWS_MWTL","ROTTMPT3_surface","southern_and_central_north_sea","unknown_not_harmonized",1994,"provider_station","1994-04-07","1994-10-13",7,7,28.5,40.5,41
"DS03","RWS_MWTL","ROTTMPT3_surface","southern_and_central_north_sea","unknown_not_harmonized",1995,"provider_station","1995-04-04","1995-10-11",7,7,29,38.5,42
"DS03","RWS_MWTL","ROTTMPT3_surface","southern_and_central_north_sea","unknown_not_harmonized",1996,"provider_station","1996-04-16","1996-10-09",7,7,30.5,35.5,36
"DS03","RWS_MWTL","ROTTMPT3_surface","southern_and_central_north_sea","unknown_not_harmonized",1997,"provider_station","1997-04-22","1997-08-14",5,5,30,32.8,34
"DS03","RWS_MWTL","ROTTMPT3_surface","southern_and_central_north_sea","unknown_not_harmonized",1998,"provider_station","1998-04-22","1998-09-08",4,4,34,69.2,78
"DS03","RWS_MWTL","ROTTMPT3_surface","southern_and_central_north_sea","unknown_not_harmonized",1999,"provider_station","1999-05-18","1999-09-14",5,5,27.5,37.8,42
"DS03","RWS_MWTL","ROTTMPT3_surface","southern_and_central_north_sea","unknown_not_harmonized",2000,"provider_station","2000-04-13","2000-10-18",6,6,35,51,61
"DS03","RWS_MWTL","ROTTMPT3_surface","southern_and_central_north_sea","unknown_not_harmonized",2001,"provider_station","2001-05-15","2001-10-17",4,4,63,74.2,77
"DS03","RWS_MWTL","ROTTMPT3_surface","southern_and_central_north_sea","unknown_not_harmonized",2002,"provider_station","2002-04-16","2002-10-08",7,7,28,35,35
"DS03","RWS_MWTL","ROTTMPT3_surface","southern_and_central_north_sea","unknown_not_harmonized",2003,"provider_station","2003-04-16","2003-10-21",7,7,31.5,35,36
"DS03","RWS_MWTL","ROTTMPT3_surface","southern_and_central_north_sea","unknown_not_harmonized",2004,"provider_station","2004-04-14","2004-10-19",7,7,27.5,43,50
"DS03","RWS_MWTL","ROTTMPT3_surface","southern_and_central_north_sea","unknown_not_harmonized",2005,"provider_station","2005-04-19","2005-09-21",6,6,35,40,42
"DS03","RWS_MWTL","ROTTMPT3_surface","southern_and_central_north_sea","unknown_not_harmonized",2006,"provider_station","2006-02-22","2006-11-21",11,11,20.5,44.8,70
"DS03","RWS_MWTL","ROTTMPT3_surface","southern_and_central_north_sea","unknown_not_harmonized",2007,"provider_station","2007-01-25","2007-12-18",10,10,34,59,71
"DS03","RWS_MWTL","ROTTMPT3_surface","southern_and_central_north_sea","unknown_not_harmonized",2008,"provider_station","2008-02-12","2008-12-09",10,10,34,52.8,64
"DS03","RWS_MWTL","ROTTMPT3_surface","southern_and_central_north_sea","unknown_not_harmonized",2009,"provider_station","2009-01-12","2009-12-08",12,12,29,37,41
"DS03","RWS_MWTL","ROTTMPT3_surface","southern_and_central_north_sea","unknown_not_harmonized",2010,"provider_station","2010-01-12","2010-12-14",10,10,34,59,71
"DS03","RWS_MWTL","ROTTMPT3_surface","southern_and_central_north_sea","unknown_not_harmonized",2011,"provider_station","2011-03-16","2011-09-20",7,7,34.5,35,35
"DS03","RWS_MWTL","ROTTMPT3_surface","southern_and_central_north_sea","unknown_not_harmonized",2012,"provider_station","2012-03-14","2012-09-11",7,7,28,35.5,42
"DS03","RWS_MWTL","ROTTMPT3_surface","southern_and_central_north_sea","unknown_not_harmonized",2013,"provider_station","2013-03-19","2013-09-10",7,7,28.5,33.5,35
"DS03","RWS_MWTL","ROTTMPT3_surface","southern_and_central_north_sea","unknown_not_harmonized",2014,"provider_station","2014-03-12","2014-09-18",7,7,30.5,40,46
"DS03","RWS_MWTL","ROTTMPT3_surface","southern_and_central_north_sea","unknown_not_harmonized",2015,"provider_station","2015-03-12","2015-09-09",7,7,30,33,34
"DS03","RWS_MWTL","ROTTMPT3_surface","southern_and_central_north_sea","unknown_not_harmonized",2016,"provider_station","2016-03-14","2016-09-09",7,7,31,34.5,36
"DS03","RWS_MWTL","ROTTMPT3_surface","southern_and_central_north_sea","unknown_not_harmonized",2017,"provider_station","2017-03-10","2017-09-19",7,7,31,36.5,40
"DS03","RWS_MWTL","ROTTMPT3_surface","southern_and_central_north_sea","unknown_not_harmonized",2018,"provider_station","2018-03-13","2018-09-19",7,7,30,37,40
"DS03","RWS_MWTL","ROTTMPT3_surface","southern_and_central_north_sea","unknown_not_harmonized",2019,"provider_station","2019-03-19","2019-09-11",7,7,29,32,34
"DS03","RWS_MWTL","ROTTMPT50_pycnocline","southern_and_central_north_sea","unknown_not_harmonized",1999,"provider_station","1999-06-15","1999-07-07",2,2,22,22,22
"DS03","RWS_MWTL","ROTTMPT50_surface","southern_and_central_north_sea","unknown_not_harmonized",1990,"provider_station","1990-04-19","1990-10-25",2,2,189,189,189
"DS03","RWS_MWTL","ROTTMPT50_surface","southern_and_central_north_sea","unknown_not_harmonized",1991,"provider_station","1991-04-10","1991-10-23",5,5,52,69,69
"DS03","RWS_MWTL","ROTTMPT50_surface","southern_and_central_north_sea","unknown_not_harmonized",1992,"provider_station","1992-04-08","1992-10-13",5,5,45,66.2,71
"DS03","RWS_MWTL","ROTTMPT50_surface","southern_and_central_north_sea","unknown_not_harmonized",1993,"provider_station","1993-04-21","1993-10-19",7,7,30.5,35.5,36
"DS03","RWS_MWTL","ROTTMPT50_surface","southern_and_central_north_sea","unknown_not_harmonized",1994,"provider_station","1994-04-07","1994-10-13",7,7,28.5,40.5,41
"DS03","RWS_MWTL","ROTTMPT50_surface","southern_and_central_north_sea","unknown_not_harmonized",1995,"provider_station","1995-04-04","1995-10-11",7,7,29,38.5,42
"DS03","RWS_MWTL","ROTTMPT50_surface","southern_and_central_north_sea","unknown_not_harmonized",1996,"provider_station","1996-04-16","1996-10-09",7,7,31,35,35
"DS03","RWS_MWTL","ROTTMPT50_surface","southern_and_central_north_sea","unknown_not_harmonized",1997,"provider_station","1997-04-22","1997-08-14",5,5,29.5,33.5,35
"DS03","RWS_MWTL","ROTTMPT50_surface","southern_and_central_north_sea","unknown_not_harmonized",1998,"provider_station","1998-04-22","1998-09-08",4,4,33,69.8,79
"DS03","RWS_MWTL","ROTTMPT50_surface","southern_and_central_north_sea","unknown_not_harmonized",1999,"provider_station","1999-05-18","1999-09-14",5,5,28,37.1,41
"DS03","RWS_MWTL","ROTTMPT50_surface","southern_and_central_north_sea","unknown_not_harmonized",2000,"provider_station","2000-04-13","2000-10-18",6,6,34,51.2,62
"DS03","RWS_MWTL","ROTTMPT50_surface","southern_and_central_north_sea","unknown_not_harmonized",2001,"provider_station","2001-05-15","2001-10-17",4,4,63,74.2,77
"DS03","RWS_MWTL","ROTTMPT50_surface","southern_and_central_north_sea","unknown_not_harmonized",2002,"provider_station","2002-04-16","2002-10-08",7,7,28.5,34.5,35
"DS03","RWS_MWTL","ROTTMPT50_surface","southern_and_central_north_sea","unknown_not_harmonized",2003,"provider_station","2003-04-16","2003-10-21",7,7,31,35.5,36
"DS03","RWS_MWTL","ROTTMPT50_surface","southern_and_central_north_sea","unknown_not_harmonized",2004,"provider_station","2004-04-14","2004-10-19",7,7,27.5,42.5,49
"DS03","RWS_MWTL","ROTTMPT50_surface","southern_and_central_north_sea","unknown_not_harmonized",2005,"provider_station","2005-04-19","2005-09-21",6,6,35,39.6,42
"DS03","RWS_MWTL","ROTTMPT50_surface","southern_and_central_north_sea","unknown_not_harmonized",2006,"provider_station","2006-05-09","2006-08-23",6,6,21,34,42
"DS03","RWS_MWTL","ROTTMPT50_surface","southern_and_central_north_sea","unknown_not_harmonized",2007,"provider_station","2007-05-22","2007-10-23",8,8,21,34.6,55
"DS03","RWS_MWTL","ROTTMPT50_surface","southern_and_central_north_sea","unknown_not_harmonized",2008,"provider_station","2008-05-15","2008-09-16",7,7,20.5,31.5,34
"DS03","RWS_MWTL","ROTTMPT50_surface","southern_and_central_north_sea","unknown_not_harmonized",2009,"provider_station","2009-05-13","2009-09-02",7,7,18.5,25,28
"DS03","RWS_MWTL","ROTTMPT50_surface","southern_and_central_north_sea","unknown_not_harmonized",2010,"provider_station","2010-05-18","2010-09-22",6,6,21,41.2,50
"DS03","RWS_MWTL","ROTTMPT50_surface","southern_and_central_north_sea","unknown_not_harmonized",2011,"provider_station","2011-05-17","2011-08-16",7,7,14,21,21
"DS03","RWS_MWTL","ROTTMPT50_surface","southern_and_central_north_sea","unknown_not_harmonized",2012,"provider_station","2012-05-24","2012-08-14",7,7,13,20.5,27
"DS03","RWS_MWTL","ROTTMPT50_surface","southern_and_central_north_sea","unknown_not_harmonized",2013,"provider_station","2013-05-23","2013-08-13",7,7,13.5,20.5,21
"DS03","RWS_MWTL","ROTTMPT50_surface","southern_and_central_north_sea","unknown_not_harmonized",2014,"provider_station","2014-05-14","2014-08-19",7,7,14.5,24.5,28
"DS03","RWS_MWTL","ROTTMPT50_surface","southern_and_central_north_sea","unknown_not_harmonized",2015,"provider_station","2015-05-12","2015-08-11",7,7,14,24.5,28
"DS03","RWS_MWTL","ROTTMPT50_surface","southern_and_central_north_sea","unknown_not_harmonized",2016,"provider_station","2016-05-18","2016-08-16",7,7,14,17.5,21
"DS03","RWS_MWTL","ROTTMPT50_surface","southern_and_central_north_sea","unknown_not_harmonized",2017,"provider_station","2017-05-17","2017-08-16",6,6,15,25.2,28
"DS03","RWS_MWTL","ROTTMPT50_surface","southern_and_central_north_sea","unknown_not_harmonized",2018,"provider_station","2018-05-15","2018-08-15",7,7,14.5,17.5,20
"DS03","RWS_MWTL","ROTTMPT50_surface","southern_and_central_north_sea","unknown_not_harmonized",2019,"provider_station","2019-05-14","2019-08-13",7,7,14.5,17.5,20
"DS03","RWS_MWTL","ROTTMPT70_bottom","southern_and_central_north_sea","unknown_not_harmonized",1991,"provider_station","1991-01-01","1991-06-18",2,2,168,168,168
"DS03","RWS_MWTL","ROTTMPT70_bottom","southern_and_central_north_sea","unknown_not_harmonized",1992,"provider_station","1992-07-16","1992-07-16",1,1,,,
"DS03","RWS_MWTL","ROTTMPT70_bottom","southern_and_central_north_sea","unknown_not_harmonized",1996,"provider_station","1996-06-12","1996-08-13",3,3,31,34.2,35
"DS03","RWS_MWTL","ROTTMPT70_bottom","southern_and_central_north_sea","unknown_not_harmonized",1997,"provider_station","1997-06-10","1997-08-14",3,3,32.5,34.5,35
"DS03","RWS_MWTL","ROTTMPT70_bottom","southern_and_central_north_sea","unknown_not_harmonized",1998,"provider_station","1998-08-12","1998-08-12",1,1,,,
"DS03","RWS_MWTL","ROTTMPT70_bottom","southern_and_central_north_sea","unknown_not_harmonized",1999,"provider_station","1999-06-15","1999-08-17",3,3,31.5,39.1,41
"DS03","RWS_MWTL","ROTTMPT70_bottom","southern_and_central_north_sea","unknown_not_harmonized",2000,"provider_station","2000-06-14","2000-08-15",3,3,31,33.4,34
"DS03","RWS_MWTL","ROTTMPT70_bottom","southern_and_central_north_sea","unknown_not_harmonized",2001,"provider_station","2001-07-31","2001-08-15",2,2,15,15,15
"DS03","RWS_MWTL","ROTTMPT70_bottom","southern_and_central_north_sea","unknown_not_harmonized",2002,"provider_station","2002-06-18","2002-08-20",3,3,31.5,34.3,35
"DS03","RWS_MWTL","ROTTMPT70_bottom","southern_and_central_north_sea","unknown_not_harmonized",2003,"provider_station","2003-06-11","2003-08-12",3,3,31,33.4,34
"DS03","RWS_MWTL","ROTTMPT70_bottom","southern_and_central_north_sea","unknown_not_harmonized",2004,"provider_station","2004-06-08","2004-08-10",3,3,31.5,35.1,36
"DS03","RWS_MWTL","ROTTMPT70_bottom","southern_and_central_north_sea","unknown_not_harmonized",2005,"provider_station","2005-05-31","2005-08-16",3,3,38.5,41.3,42
"DS03","RWS_MWTL","ROTTMPT70_bottom","southern_and_central_north_sea","unknown_not_harmonized",2006,"provider_station","2006-06-20","2006-08-23",3,3,32,35.2,36
"DS03","RWS_MWTL","ROTTMPT70_bottom","southern_and_central_north_sea","unknown_not_harmonized",2007,"provider_station","2007-06-12","2007-08-14",3,3,31.5,34.3,35
"DS03","RWS_MWTL","ROTTMPT70_bottom","southern_and_central_north_sea","unknown_not_harmonized",2009,"provider_station","2009-06-17","2009-08-11",3,3,27.5,27.9,28
"DS03","RWS_MWTL","ROTTMPT70_bottom","southern_and_central_north_sea","unknown_not_harmonized",2010,"provider_station","2010-07-13","2010-09-22",3,3,35.5,47.1,50
"DS03","RWS_MWTL","ROTTMPT70_bottom","southern_and_central_north_sea","unknown_not_harmonized",2011,"provider_station","2011-06-07","2011-08-16",3,3,35,35,35
"DS03","RWS_MWTL","ROTTMPT70_bottom","southern_and_central_north_sea","unknown_not_harmonized",2012,"provider_station","2012-06-20","2012-08-14",3,3,27.5,27.9,28
"DS03","RWS_MWTL","ROTTMPT70_bottom","southern_and_central_north_sea","unknown_not_harmonized",2013,"provider_station","2013-06-12","2013-08-13",3,3,31,33.4,34
"DS03","RWS_MWTL","ROTTMPT70_bottom","southern_and_central_north_sea","unknown_not_harmonized",2014,"provider_station","2014-06-25","2014-06-25",1,1,,,
"DS03","RWS_MWTL","ROTTMPT70_bottom","southern_and_central_north_sea","unknown_not_harmonized",2018,"provider_station","2018-06-13","2018-06-13",1,1,,,
"DS03","RWS_MWTL","ROTTMPT70_pycnocline","southern_and_central_north_sea","unknown_not_harmonized",1991,"provider_station","1991-01-01","1991-06-18",2,2,168,168,168
"DS03","RWS_MWTL","ROTTMPT70_pycnocline","southern_and_central_north_sea","unknown_not_harmonized",1992,"provider_station","1992-07-16","1992-07-16",1,1,,,
"DS03","RWS_MWTL","ROTTMPT70_pycnocline","southern_and_central_north_sea","unknown_not_harmonized",1996,"provider_station","1996-06-12","1996-08-13",3,3,31,34.2,35
"DS03","RWS_MWTL","ROTTMPT70_pycnocline","southern_and_central_north_sea","unknown_not_harmonized",1997,"provider_station","1997-06-10","1997-08-14",3,3,32.5,34.5,35
"DS03","RWS_MWTL","ROTTMPT70_pycnocline","southern_and_central_north_sea","unknown_not_harmonized",1998,"provider_station","1998-08-12","1998-08-12",1,1,,,
"DS03","RWS_MWTL","ROTTMPT70_pycnocline","southern_and_central_north_sea","unknown_not_harmonized",1999,"provider_station","1999-06-15","1999-08-17",3,3,31.5,39.1,41
"DS03","RWS_MWTL","ROTTMPT70_pycnocline","southern_and_central_north_sea","unknown_not_harmonized",2000,"provider_station","2000-06-14","2000-08-15",3,3,31,33.4,34
"DS03","RWS_MWTL","ROTTMPT70_pycnocline","southern_and_central_north_sea","unknown_not_harmonized",2001,"provider_station","2001-06-06","2001-08-15",3,3,35,51,55
"DS03","RWS_MWTL","ROTTMPT70_pycnocline","southern_and_central_north_sea","unknown_not_harmonized",2002,"provider_station","2002-06-18","2002-08-20",3,3,31.5,34.3,35
"DS03","RWS_MWTL","ROTTMPT70_pycnocline","southern_and_central_north_sea","unknown_not_harmonized",2003,"provider_station","2003-06-11","2003-08-12",3,3,31,33.4,34
"DS03","RWS_MWTL","ROTTMPT70_pycnocline","southern_and_central_north_sea","unknown_not_harmonized",2004,"provider_station","2004-06-08","2004-08-10",3,3,31.5,35.1,36
"DS03","RWS_MWTL","ROTTMPT70_pycnocline","southern_and_central_north_sea","unknown_not_harmonized",2005,"provider_station","2005-05-31","2005-08-16",3,3,38.5,41.3,42
"DS03","RWS_MWTL","ROTTMPT70_pycnocline","southern_and_central_north_sea","unknown_not_harmonized",2006,"provider_station","2006-06-20","2006-08-23",3,3,32,35.2,36
"DS03","RWS_MWTL","ROTTMPT70_pycnocline","southern_and_central_north_sea","unknown_not_harmonized",2007,"provider_station","2007-06-12","2007-08-14",3,3,31.5,34.3,35
"DS03","RWS_MWTL","ROTTMPT70_pycnocline","southern_and_central_north_sea","unknown_not_harmonized",2009,"provider_station","2009-06-17","2009-08-11",3,3,27.5,27.9,28
"DS03","RWS_MWTL","ROTTMPT70_pycnocline","southern_and_central_north_sea","unknown_not_harmonized",2010,"provider_station","2010-07-13","2010-09-22",3,3,35.5,47.1,50
"DS03","RWS_MWTL","ROTTMPT70_pycnocline","southern_and_central_north_sea","unknown_not_harmonized",2011,"provider_station","2011-05-17","2011-08-16",6,6,14,29.4,35
"DS03","RWS_MWTL","ROTTMPT70_pycnocline","southern_and_central_north_sea","unknown_not_harmonized",2012,"provider_station","2012-06-20","2012-08-14",3,3,27.5,27.9,28
"DS03","RWS_MWTL","ROTTMPT70_pycnocline","southern_and_central_north_sea","unknown_not_harmonized",2013,"provider_station","2013-06-12","2013-08-13",3,3,31,33.4,34
"DS03","RWS_MWTL","ROTTMPT70_pycnocline","southern_and_central_north_sea","unknown_not_harmonized",2014,"provider_station","2014-06-25","2014-06-25",1,1,,,
"DS03","RWS_MWTL","ROTTMPT70_pycnocline","southern_and_central_north_sea","unknown_not_harmonized",2018,"provider_station","2018-06-13","2018-06-13",1,1,,,
"DS03","RWS_MWTL","ROTTMPT70_surface","southern_and_central_north_sea","unknown_not_harmonized",1990,"provider_station","1990-04-19","1990-10-23",2,2,187,187,187
"DS03","RWS_MWTL","ROTTMPT70_surface","southern_and_central_north_sea","unknown_not_harmonized",1991,"provider_station","1991-01-01","1991-10-23",6,6,68,87.6,100
"DS03","RWS_MWTL","ROTTMPT70_surface","southern_and_central_north_sea","unknown_not_harmonized",1992,"provider_station","1992-04-08","1992-10-13",7,7,31,35.5,36
"DS03","RWS_MWTL","ROTTMPT70_surface","southern_and_central_north_sea","unknown_not_harmonized",1993,"provider_station","1993-04-21","1993-10-19",7,7,34.5,35.5,36
"DS03","RWS_MWTL","ROTTMPT70_surface","southern_and_central_north_sea","unknown_not_harmonized",1994,"provider_station","1994-05-05","1994-10-13",6,6,29,40.6,41
"DS03","RWS_MWTL","ROTTMPT70_surface","southern_and_central_north_sea","unknown_not_harmonized",1995,"provider_station","1995-04-04","1995-10-11",7,7,29.5,38,41
"DS03","RWS_MWTL","ROTTMPT70_surface","southern_and_central_north_sea","unknown_not_harmonized",1996,"provider_station","1996-04-16","1996-10-08",7,7,31,35,35
"DS03","RWS_MWTL","ROTTMPT70_surface","southern_and_central_north_sea","unknown_not_harmonized",1997,"provider_station","1997-04-22","1997-08-14",5,5,29.5,33.5,35
"DS03","RWS_MWTL","ROTTMPT70_surface","southern_and_central_north_sea","unknown_not_harmonized",1998,"provider_station","1998-04-22","1998-09-08",4,4,33,69.8,79
"DS03","RWS_MWTL","ROTTMPT70_surface","southern_and_central_north_sea","unknown_not_harmonized",1999,"provider_station","1999-05-18","1999-09-14",5,5,28,37.1,41
"DS03","RWS_MWTL","ROTTMPT70_surface","southern_and_central_north_sea","unknown_not_harmonized",2000,"provider_station","2000-04-12","2000-10-18",6,6,34,51.8,63
"DS03","RWS_MWTL","ROTTMPT70_surface","southern_and_central_north_sea","unknown_not_harmonized",2001,"provider_station","2001-05-15","2001-10-17",4,4,63,74.2,77
"DS03","RWS_MWTL","ROTTMPT70_surface","southern_and_central_north_sea","unknown_not_harmonized",2002,"provider_station","2002-04-16","2002-10-08",7,7,28.5,34.5,35
"DS03","RWS_MWTL","ROTTMPT70_surface","southern_and_central_north_sea","unknown_not_harmonized",2003,"provider_station","2003-04-16","2003-10-21",7,7,31.5,35,36
"DS03","RWS_MWTL","ROTTMPT70_surface","southern_and_central_north_sea","unknown_not_harmonized",2004,"provider_station","2004-04-14","2004-10-19",7,7,27.5,42.5,49
"DS03","RWS_MWTL","ROTTMPT70_surface","southern_and_central_north_sea","unknown_not_harmonized",2005,"provider_station","2005-04-19","2005-09-21",6,6,35,39.6,42
"DS03","RWS_MWTL","ROTTMPT70_surface","southern_and_central_north_sea","unknown_not_harmonized",2006,"provider_station","2006-05-09","2006-08-23",6,6,21,34.4,42
"DS03","RWS_MWTL","ROTTMPT70_surface","southern_and_central_north_sea","unknown_not_harmonized",2007,"provider_station","2007-05-22","2007-08-29",7,7,18,21,21
"DS03","RWS_MWTL","ROTTMPT70_surface","southern_and_central_north_sea","unknown_not_harmonized",2008,"provider_station","2008-05-15","2008-09-16",7,7,20.5,31.5,34
"DS03","RWS_MWTL","ROTTMPT70_surface","southern_and_central_north_sea","unknown_not_harmonized",2009,"provider_station","2009-05-13","2009-09-02",7,7,18.5,25,28
"DS03","RWS_MWTL","ROTTMPT70_surface","southern_and_central_north_sea","unknown_not_harmonized",2010,"provider_station","2010-05-18","2010-09-22",6,6,21,41.2,50
"DS03","RWS_MWTL","ROTTMPT70_surface","southern_and_central_north_sea","unknown_not_harmonized",2011,"provider_station","2011-06-07","2011-08-16",4,4,21,32.2,35
"DS03","RWS_MWTL","ROTTMPT70_surface","southern_and_central_north_sea","unknown_not_harmonized",2012,"provider_station","2012-05-24","2012-08-14",7,7,13.5,20.5,27
"DS03","RWS_MWTL","ROTTMPT70_surface","southern_and_central_north_sea","unknown_not_harmonized",2013,"provider_station","2013-05-23","2013-08-13",7,7,13.5,20.5,21
"DS03","RWS_MWTL","ROTTMPT70_surface","southern_and_central_north_sea","unknown_not_harmonized",2014,"provider_station","2014-05-14","2014-08-19",7,7,14.5,24.5,28
"DS03","RWS_MWTL","ROTTMPT70_surface","southern_and_central_north_sea","unknown_not_harmonized",2015,"provider_station","2015-05-12","2015-08-11",7,7,14,24.5,28
"DS03","RWS_MWTL","ROTTMPT70_surface","southern_and_central_north_sea","unknown_not_harmonized",2016,"provider_station","2016-05-18","2016-08-16",7,7,14,17.5,21
"DS03","RWS_MWTL","ROTTMPT70_surface","southern_and_central_north_sea","unknown_not_harmonized",2017,"provider_station","2017-05-17","2017-08-16",6,6,15,24.8,28
"DS03","RWS_MWTL","ROTTMPT70_surface","southern_and_central_north_sea","unknown_not_harmonized",2018,"provider_station","2018-05-15","2018-08-15",7,7,14.5,17.5,20
"DS03","RWS_MWTL","ROTTMPT70_surface","southern_and_central_north_sea","unknown_not_harmonized",2019,"provider_station","2019-05-14","2019-08-12",7,7,14.5,17.5,20
"DS03","RWS_MWTL","SCHAARVODDL_surface","outside_or_invalid","unknown_not_harmonized",1990,"provider_station","1990-04-17","1990-12-10",14,14,14,28,35
"DS03","RWS_MWTL","SCHAARVODDL_surface","outside_or_invalid","unknown_not_harmonized",1991,"provider_station","1991-01-08","1991-12-12",22,22,14,27,28
"DS03","RWS_MWTL","SCHAARVODDL_surface","outside_or_invalid","unknown_not_harmonized",1992,"provider_station","1992-01-13","1992-10-05",15,15,15,28,30
"DS03","RWS_MWTL","SCHAARVODDL_surface","outside_or_invalid","unknown_not_harmonized",1993,"provider_station","1993-03-01","1993-12-06",17,17,14.5,28,35
"DS03","RWS_MWTL","SCHAARVODDL_surface","outside_or_invalid","unknown_not_harmonized",1994,"provider_station","1994-01-04","1994-11-22",17,17,15.5,28.5,35
"DS03","RWS_MWTL","SCHAARVODDL_surface","outside_or_invalid","unknown_not_harmonized",1995,"provider_station","1995-01-23","1995-12-18",19,19,14.5,28,28
"DS03","RWS_MWTL","SCHAARVODDL_surface","outside_or_invalid","unknown_not_harmonized",1996,"provider_station","1996-02-12","1996-11-18",16,16,14,28,29
"DS03","RWS_MWTL","SCHAARVODDL_surface","outside_or_invalid","unknown_not_harmonized",1997,"provider_station","1997-01-13","1997-12-22",18,18,14,30.8,35
"DS03","RWS_MWTL","SCHAARVODDL_surface","outside_or_invalid","unknown_not_harmonized",1998,"provider_station","1998-01-19","1998-12-07",18,18,14,28,29
"DS03","RWS_MWTL","SCHAARVODDL_surface","outside_or_invalid","unknown_not_harmonized",1999,"provider_station","1999-01-11","1999-12-14",18,18,16,28.4,30
"DS03","RWS_MWTL","SCHAARVODDL_surface","outside_or_invalid","unknown_not_harmonized",2000,"provider_station","2000-01-17","2000-11-15",16,16,14,29.6,44
"DS03","RWS_MWTL","SCHAARVODDL_surface","outside_or_invalid","unknown_not_harmonized",2001,"provider_station","2001-01-16","2001-12-19",18,18,16,29.4,34
"DS03","RWS_MWTL","SCHAARVODDL_surface","outside_or_invalid","unknown_not_harmonized",2002,"provider_station","2002-01-16","2002-12-16",20,20,14,28,28
"DS03","RWS_MWTL","SCHAARVODDL_surface","outside_or_invalid","unknown_not_harmonized",2003,"provider_station","2003-01-14","2003-12-15",19,19,14.5,28,29
"DS03","RWS_MWTL","SCHAARVODDL_surface","outside_or_invalid","unknown_not_harmonized",2004,"provider_station","2004-01-12","2004-12-15",19,19,14,30,30
"DS03","RWS_MWTL","SCHAARVODDL_surface","outside_or_invalid","unknown_not_harmonized",2005,"provider_station","2005-01-12","2005-12-12",19,19,15,28,28
"DS03","RWS_MWTL","SCHAARVODDL_surface","outside_or_invalid","unknown_not_harmonized",2006,"provider_station","2006-01-10","2006-12-11",19,19,15,28.3,31
"DS03","RWS_MWTL","SCHAARVODDL_surface","outside_or_invalid","unknown_not_harmonized",2007,"provider_station","2007-01-08","2007-12-10",19,19,14,30,30
"DS03","RWS_MWTL","SCHAARVODDL_surface","outside_or_invalid","unknown_not_harmonized",2008,"provider_station","2008-01-07","2008-12-08",19,19,14,28,28
"DS03","RWS_MWTL","SCHAARVODDL_surface","outside_or_invalid","unknown_not_harmonized",2009,"provider_station","2009-01-19","2009-12-21",18,18,15,35.4,42
"DS03","RWS_MWTL","SCHAARVODDL_surface","outside_or_invalid","unknown_not_harmonized",2010,"provider_station","2010-01-05","2010-10-12",17,17,14,28.5,29
"DS03","RWS_MWTL","SCHAARVODDL_surface","outside_or_invalid","unknown_not_harmonized",2011,"provider_station","2011-03-28","2011-12-05",17,17,14,20,28
"DS03","RWS_MWTL","SCHAARVODDL_surface","outside_or_invalid","unknown_not_harmonized",2012,"provider_station","2012-03-12","2012-09-10",14,14,14,15,16
"DS03","RWS_MWTL","SCHAARVODDL_surface","outside_or_invalid","unknown_not_harmonized",2013,"provider_station","2013-03-14","2013-10-08",16,16,14,15,16
"DS03","RWS_MWTL","SCHAARVODDL_surface","outside_or_invalid","unknown_not_harmonized",2014,"provider_station","2014-03-24","2014-09-25",14,14,14,15,16
"DS03","RWS_MWTL","SCHAARVODDL_surface","outside_or_invalid","unknown_not_harmonized",2015,"provider_station","2015-04-08","2015-10-05",14,14,14,15,16
"DS03","RWS_MWTL","SCHAARVODDL_surface","outside_or_invalid","unknown_not_harmonized",2016,"provider_station","2016-04-05","2016-10-04",13,13,14,16.8,28
"DS03","RWS_MWTL","SCHAARVODDL_surface","outside_or_invalid","unknown_not_harmonized",2017,"provider_station","2017-04-03","2017-10-03",14,14,14,15,15
"DS03","RWS_MWTL","SCHAARVODDL_surface","outside_or_invalid","unknown_not_harmonized",2018,"provider_station","2018-04-04","2018-10-01",14,14,14,15.8,17
"DS03","RWS_MWTL","SCHAARVODDL_surface","outside_or_invalid","unknown_not_harmonized",2019,"provider_station","2019-04-04","2019-09-18",13,13,14,15,17
"DS03","RWS_MWTL","SCHAARVODDL_surface","outside_or_invalid","unknown_not_harmonized",2020,"provider_station","2020-03-30","2020-10-01",14,14,14,15,16
"DS03","RWS_MWTL","SCHAARVODDL_surface","outside_or_invalid","unknown_not_harmonized",2021,"provider_station","2021-03-30","2021-09-29",14,14,15,15,16
"DS03","RWS_MWTL","SCHAARVODDL_surface","outside_or_invalid","unknown_not_harmonized",2022,"provider_station","2022-03-15","2022-09-14",13,13,14.5,16,28
"DS03","RWS_MWTL","SCHOUWN10_surface","southern_and_central_north_sea","unknown_not_harmonized",2011,"provider_station","2011-03-10","2011-09-14",7,7,31,42.5,50
"DS03","RWS_MWTL","SCHOUWN10_surface","southern_and_central_north_sea","unknown_not_harmonized",2012,"provider_station","2012-03-19","2012-09-13",6,6,30,46.2,49
"DS03","RWS_MWTL","SCHOUWN10_surface","southern_and_central_north_sea","unknown_not_harmonized",2013,"provider_station","2013-03-13","2013-09-19",7,7,34,40.5,43
"DS03","RWS_MWTL","SCHOUWN10_surface","southern_and_central_north_sea","unknown_not_harmonized",2014,"provider_station","2014-03-17","2014-09-15",7,7,31,36,38
"DS03","RWS_MWTL","SCHOUWN10_surface","southern_and_central_north_sea","unknown_not_harmonized",2015,"provider_station","2015-03-12","2015-09-14",7,7,30,36,38
"DS03","RWS_MWTL","SCHOUWN10_surface","southern_and_central_north_sea","unknown_not_harmonized",2016,"provider_station","2016-03-16","2016-09-12",7,7,28.5,35,35
"DS03","RWS_MWTL","SCHOUWN10_surface","southern_and_central_north_sea","unknown_not_harmonized",2017,"provider_station","2017-03-15","2017-09-21",7,7,32,35,35
"DS03","RWS_MWTL","SCHOUWN10_surface","southern_and_central_north_sea","unknown_not_harmonized",2018,"provider_station","2018-03-15","2018-09-12",7,7,28,36,38
"DS03","RWS_MWTL","SCHOUWN10_surface","southern_and_central_north_sea","unknown_not_harmonized",2019,"provider_station","2019-04-15","2019-10-30",7,7,31,41.5,48
"DS03","RWS_MWTL","SOELKKPDOT_bottom","outside_or_invalid","unknown_not_harmonized",1990,"provider_station","1990-05-30","1990-07-24",2,2,55,55,55
"DS03","RWS_MWTL","SOELKKPDOT_bottom","outside_or_invalid","unknown_not_harmonized",1991,"provider_station","1991-04-17","1991-09-30",8,8,19,36.4,49
"DS03","RWS_MWTL","SOELKKPDOT_bottom","outside_or_invalid","unknown_not_harmonized",1992,"provider_station","1992-05-19","1992-09-15",7,7,21,28.5,34
"DS03","RWS_MWTL","SOELKKPDOT_bottom","outside_or_invalid","unknown_not_harmonized",1993,"provider_station","1993-03-01","1993-10-05",15,15,14,22.4,28
"DS03","RWS_MWTL","SOELKKPDOT_bottom","outside_or_invalid","unknown_not_harmonized",1994,"provider_station","1994-04-14","1994-09-14",7,7,14,50,58
"DS03","RWS_MWTL","SOELKKPDOT_bottom","outside_or_invalid","unknown_not_harmonized",1995,"provider_station","1995-05-23","1995-09-11",9,9,14.5,16.5,20
"DS03","RWS_MWTL","SOELKKPDOT_bottom","outside_or_invalid","unknown_not_harmonized",1996,"provider_station","1996-05-13","1996-08-26",7,7,15,24.5,28
"DS03","RWS_MWTL","SOELKKPDOT_bottom","outside_or_invalid","unknown_not_harmonized",1997,"provider_station","1997-05-12","1997-09-03",8,8,15,24.2,29
"DS03","RWS_MWTL","SOELKKPDOT_bottom","outside_or_invalid","unknown_not_harmonized",1998,"provider_station","1998-04-28","1998-08-19",9,9,14,14.6,16
"DS03","RWS_MWTL","SOELKKPDOT_bottom","outside_or_invalid","unknown_not_harmonized",1999,"provider_station","1999-04-26","1999-08-24",8,8,14,23.4,36
"DS03","RWS_MWTL","SOELKKPDOT_bottom","outside_or_invalid","unknown_not_harmonized",2000,"provider_station","2000-04-27","2000-08-15",9,9,14,15,15
"DS03","RWS_MWTL","SOELKKPDOT_bottom","outside_or_invalid","unknown_not_harmonized",2001,"provider_station","2001-04-18","2001-08-15",9,9,14,16.8,21
"DS03","RWS_MWTL","SOELKKPDOT_bottom","outside_or_invalid","unknown_not_harmonized",2002,"provider_station","2002-04-17","2002-08-12",9,9,14.5,17.9,20
"DS03","RWS_MWTL","SOELKKPDOT_bottom","outside_or_invalid","unknown_not_harmonized",2003,"provider_station","2003-04-14","2003-08-19",9,9,15,20.2,23
"DS03","RWS_MWTL","SOELKKPDOT_bottom","outside_or_invalid","unknown_not_harmonized",2004,"provider_station","2004-04-13","2004-08-17",9,9,14.5,19.9,22
"DS03","RWS_MWTL","SOELKKPDOT_bottom","outside_or_invalid","unknown_not_harmonized",2005,"provider_station","2005-04-25","2005-08-31",9,9,14.5,20.2,30
"DS03","RWS_MWTL","SOELKKPDOT_bottom","outside_or_invalid","unknown_not_harmonized",2006,"provider_station","2006-04-26","2006-08-14",9,9,14,15.3,16
"DS03","RWS_MWTL","SOELKKPDOT_bottom","outside_or_invalid","unknown_not_harmonized",2007,"provider_station","2007-04-25","2007-08-15",9,9,14,15.3,16
"DS03","RWS_MWTL","SOELKKPDOT_bottom","outside_or_invalid","unknown_not_harmonized",2008,"provider_station","2008-05-06","2008-08-26",9,9,14,15.6,17
"DS03","RWS_MWTL","SOELKKPDOT_bottom","outside_or_invalid","unknown_not_harmonized",2009,"provider_station","2009-05-06","2009-08-24",9,9,13.5,15.3,16
"DS03","RWS_MWTL","SOELKKPDOT_bottom","outside_or_invalid","unknown_not_harmonized",2010,"provider_station","2010-05-03","2010-08-25",9,9,14,15.3,16
"DS03","RWS_MWTL","SOELKKPDOT_bottom","outside_or_invalid","unknown_not_harmonized",2011,"provider_station","2011-05-02","2011-08-25",9,9,15,17,17
"DS03","RWS_MWTL","SOELKKPDOT_bottom","outside_or_invalid","unknown_not_harmonized",2012,"provider_station","2012-05-02","2012-08-23",9,9,14,15.6,17
"DS03","RWS_MWTL","SOELKKPDOT_bottom","outside_or_invalid","unknown_not_harmonized",2013,"provider_station","2013-05-01","2013-08-21",9,9,14,16.3,17
"DS03","RWS_MWTL","SOELKKPDOT_bottom","outside_or_invalid","unknown_not_harmonized",2014,"provider_station","2014-05-01","2014-08-21",6,6,16,35.2,42
"DS03","RWS_MWTL","SOELKKPDOT_bottom","outside_or_invalid","unknown_not_harmonized",2015,"provider_station","2015-06-08","2015-07-21",3,3,21.5,27.5,29
"DS03","RWS_MWTL","SOELKKPDOT_bottom","outside_or_invalid","unknown_not_harmonized",2016,"provider_station","2016-06-06","2016-08-15",3,3,35,38.2,39
"DS03","RWS_MWTL","SOELKKPDOT_bottom","outside_or_invalid","unknown_not_harmonized",2017,"provider_station","2017-04-24","2017-06-22",3,3,29.5,30.7,31
"DS03","RWS_MWTL","SOELKKPDOT_bottom","outside_or_invalid","unknown_not_harmonized",2018,"provider_station","2018-05-22","2018-05-22",1,1,,,
"DS03","RWS_MWTL","SOELKKPDOT_bottom","outside_or_invalid","unknown_not_harmonized",2019,"provider_station","2019-04-24","2019-04-24",1,1,,,
"DS03","RWS_MWTL","SOELKKPDOT_bottom","outside_or_invalid","unknown_not_harmonized",2021,"provider_station","2021-06-17","2021-06-17",1,1,,,
"DS03","RWS_MWTL","SOELKKPDOT_bottom","outside_or_invalid","unknown_not_harmonized",2022,"provider_station","2022-07-13","2022-07-13",1,1,,,
"DS03","RWS_MWTL","SOELKKPDOT_pycnocline","outside_or_invalid","unknown_not_harmonized",1990,"provider_station","1990-06-28","1990-06-28",1,1,,,
"DS03","RWS_MWTL","SOELKKPDOT_pycnocline","outside_or_invalid","unknown_not_harmonized",1991,"provider_station","1991-04-17","1991-09-30",11,11,15.5,20.7,27
"DS03","RWS_MWTL","SOELKKPDOT_pycnocline","outside_or_invalid","unknown_not_harmonized",1992,"provider_station","1992-06-22","1992-09-15",4,4,27,33.4,35
"DS03","RWS_MWTL","SOELKKPDOT_pycnocline","outside_or_invalid","unknown_not_harmonized",1993,"provider_station","1993-03-01","1993-10-05",15,15,14,22.4,28
"DS03","RWS_MWTL","SOELKKPDOT_pycnocline","outside_or_invalid","unknown_not_harmonized",1994,"provider_station","1994-04-14","1994-09-27",10,10,14,30.8,42
"DS03","RWS_MWTL","SOELKKPDOT_pycnocline","outside_or_invalid","unknown_not_harmonized",1995,"provider_station","1995-05-23","1995-09-11",9,9,14.5,16.5,20
"DS03","RWS_MWTL","SOELKKPDOT_pycnocline","outside_or_invalid","unknown_not_harmonized",1996,"provider_station","1996-05-13","1996-08-26",8,8,14,18,21
"DS03","RWS_MWTL","SOELKKPDOT_pycnocline","outside_or_invalid","unknown_not_harmonized",1997,"provider_station","1997-05-12","1997-09-03",9,9,14.5,16.8,21
"DS03","RWS_MWTL","SOELKKPDOT_pycnocline","outside_or_invalid","unknown_not_harmonized",1998,"provider_station","1998-04-28","1998-08-19",9,9,14,14.6,16
"DS03","RWS_MWTL","SOELKKPDOT_pycnocline","outside_or_invalid","unknown_not_harmonized",1999,"provider_station","1999-04-26","1999-08-24",9,9,14,17.4,23
"DS03","RWS_MWTL","SOELKKPDOT_pycnocline","outside_or_invalid","unknown_not_harmonized",2000,"provider_station","2000-04-27","2000-08-15",9,9,14,15,15
"DS03","RWS_MWTL","SOELKKPDOT_pycnocline","outside_or_invalid","unknown_not_harmonized",2001,"provider_station","2001-04-18","2001-08-15",9,9,14,16.8,21
"DS03","RWS_MWTL","SOELKKPDOT_pycnocline","outside_or_invalid","unknown_not_harmonized",2002,"provider_station","2002-04-17","2002-08-12",9,9,14.5,17.9,20
"DS03","RWS_MWTL","SOELKKPDOT_pycnocline","outside_or_invalid","unknown_not_harmonized",2003,"provider_station","2003-04-14","2003-08-19",9,9,15,20.2,23
"DS03","RWS_MWTL","SOELKKPDOT_pycnocline","outside_or_invalid","unknown_not_harmonized",2004,"provider_station","2004-04-13","2004-08-17",9,9,14.5,19.9,22
"DS03","RWS_MWTL","SOELKKPDOT_pycnocline","outside_or_invalid","unknown_not_harmonized",2005,"provider_station","2005-04-25","2005-08-31",9,9,14.5,20.2,30
"DS03","RWS_MWTL","SOELKKPDOT_pycnocline","outside_or_invalid","unknown_not_harmonized",2006,"provider_station","2006-04-26","2006-08-14",9,9,14,15.3,16
"DS03","RWS_MWTL","SOELKKPDOT_pycnocline","outside_or_invalid","unknown_not_harmonized",2007,"provider_station","2007-04-25","2007-08-15",9,9,14,15.3,16
"DS03","RWS_MWTL","SOELKKPDOT_pycnocline","outside_or_invalid","unknown_not_harmonized",2008,"provider_station","2008-05-06","2008-08-26",9,9,14,15.6,17
"DS03","RWS_MWTL","SOELKKPDOT_pycnocline","outside_or_invalid","unknown_not_harmonized",2009,"provider_station","2009-05-06","2009-08-24",9,9,14,15.3,16
"DS03","RWS_MWTL","SOELKKPDOT_pycnocline","outside_or_invalid","unknown_not_harmonized",2010,"provider_station","2010-05-03","2010-08-25",9,9,14,15.3,16
"DS03","RWS_MWTL","SOELKKPDOT_pycnocline","outside_or_invalid","unknown_not_harmonized",2011,"provider_station","2011-05-02","2011-08-25",9,9,15,17,17
"DS03","RWS_MWTL","SOELKKPDOT_pycnocline","outside_or_invalid","unknown_not_harmonized",2012,"provider_station","2012-05-02","2012-08-23",9,9,14,15.6,17
"DS03","RWS_MWTL","SOELKKPDOT_pycnocline","outside_or_invalid","unknown_not_harmonized",2013,"provider_station","2013-05-01","2013-08-21",9,9,14,16.3,17
"DS03","RWS_MWTL","SOELKKPDOT_pycnocline","outside_or_invalid","unknown_not_harmonized",2014,"provider_station","2014-05-01","2014-08-21",6,6,16,35.2,42
"DS03","RWS_MWTL","SOELKKPDOT_pycnocline","outside_or_invalid","unknown_not_harmonized",2015,"provider_station","2015-06-08","2015-07-21",3,3,21.5,27.5,29
"DS03","RWS_MWTL","SOELKKPDOT_pycnocline","outside_or_invalid","unknown_not_harmonized",2016,"provider_station","2016-06-06","2016-08-15",3,3,35,38.2,39
"DS03","RWS_MWTL","SOELKKPDOT_pycnocline","outside_or_invalid","unknown_not_harmonized",2017,"provider_station","2017-04-24","2017-06-22",3,3,29.5,30.7,31
"DS03","RWS_MWTL","SOELKKPDOT_pycnocline","outside_or_invalid","unknown_not_harmonized",2018,"provider_station","2018-05-22","2018-05-22",1,1,,,
"DS03","RWS_MWTL","SOELKKPDOT_pycnocline","outside_or_invalid","unknown_not_harmonized",2019,"provider_station","2019-04-24","2019-04-24",1,1,,,
"DS03","RWS_MWTL","SOELKKPDOT_pycnocline","outside_or_invalid","unknown_not_harmonized",2021,"provider_station","2021-06-17","2021-06-17",1,1,,,
"DS03","RWS_MWTL","SOELKKPDOT_pycnocline","outside_or_invalid","unknown_not_harmonized",2022,"provider_station","2022-07-13","2022-07-13",1,1,,,
"DS03","RWS_MWTL","SOELKKPDOT_surface","outside_or_invalid","unknown_not_harmonized",1990,"provider_station","1990-05-01","1990-12-11",8,8,28,40,58
"DS03","RWS_MWTL","SOELKKPDOT_surface","outside_or_invalid","unknown_not_harmonized",1991,"provider_station","1991-01-08","1991-12-09",19,19,15,28,28
"DS03","RWS_MWTL","SOELKKPDOT_surface","outside_or_invalid","unknown_not_harmonized",1992,"provider_station","1992-01-13","1992-08-25",14,14,15,28,29
"DS03","RWS_MWTL","SOELKKPDOT_surface","outside_or_invalid","unknown_not_harmonized",1993,"provider_station","1993-03-01","1993-12-07",17,17,14,25.5,63
"DS03","RWS_MWTL","SOELKKPDOT_surface","outside_or_invalid","unknown_not_harmonized",1994,"provider_station","1994-01-18","1994-11-28",17,17,15.5,28.5,36
"DS03","RWS_MWTL","SOELKKPDOT_surface","outside_or_invalid","unknown_not_harmonized",1995,"provider_station","1995-01-04","1995-12-06",21,21,14.5,28.1,29
"DS03","RWS_MWTL","SOELKKPDOT_surface","outside_or_invalid","unknown_not_harmonized",1996,"provider_station","1996-02-12","1996-11-11",18,18,15,20.4,28
"DS03","RWS_MWTL","SOELKKPDOT_surface","outside_or_invalid","unknown_not_harmonized",1997,"provider_station","1997-02-20","1997-12-17",19,19,14,28.3,36
"DS03","RWS_MWTL","SOELKKPDOT_surface","outside_or_invalid","unknown_not_harmonized",1998,"provider_station","1998-01-07","1998-12-15",20,20,14,28,30
"DS03","RWS_MWTL","SOELKKPDOT_surface","outside_or_invalid","unknown_not_harmonized",1999,"provider_station","1999-01-18","1999-12-20",20,20,14,29.4,35
"DS03","RWS_MWTL","SOELKKPDOT_surface","outside_or_invalid","unknown_not_harmonized",2000,"provider_station","2000-01-18","2000-12-14",20,20,14,28.2,30
"DS03","RWS_MWTL","SOELKKPDOT_surface","outside_or_invalid","unknown_not_harmonized",2001,"provider_station","2001-01-15","2001-12-12",20,20,14,28.4,35
"DS03","RWS_MWTL","SOELKKPDOT_surface","outside_or_invalid","unknown_not_harmonized",2002,"provider_station","2002-01-16","2002-12-09",20,20,15,27,28
"DS03","RWS_MWTL","SOELKKPDOT_surface","outside_or_invalid","unknown_not_harmonized",2003,"provider_station","2003-01-21","2003-12-09",20,20,15,24,29
"DS03","RWS_MWTL","SOELKKPDOT_surface","outside_or_invalid","unknown_not_harmonized",2004,"provider_station","2004-01-21","2004-12-16",20,20,14,27.4,37
"DS03","RWS_MWTL","SOELKKPDOT_surface","outside_or_invalid","unknown_not_harmonized",2005,"provider_station","2005-01-17","2005-12-19",19,19,15,28.3,30
"DS03","RWS_MWTL","SOELKKPDOT_surface","outside_or_invalid","unknown_not_harmonized",2006,"provider_station","2006-01-17","2006-12-18",20,20,14,28,29
"DS03","RWS_MWTL","SOELKKPDOT_surface","outside_or_invalid","unknown_not_harmonized",2007,"provider_station","2007-01-16","2007-12-17",20,20,15,28.2,30
"DS03","RWS_MWTL","SOELKKPDOT_surface","outside_or_invalid","unknown_not_harmonized",2008,"provider_station","2008-01-14","2008-12-16",20,20,14,28.2,31
"DS03","RWS_MWTL","SOELKKPDOT_surface","outside_or_invalid","unknown_not_harmonized",2009,"provider_station","2009-01-14","2009-12-15",20,20,15,28.2,30
"DS03","RWS_MWTL","SOELKKPDOT_surface","outside_or_invalid","unknown_not_harmonized",2010,"provider_station","2010-01-11","2010-12-15",19,19,14.5,29.3,30
"DS03","RWS_MWTL","SOELKKPDOT_surface","outside_or_invalid","unknown_not_harmonized",2011,"provider_station","2011-03-07","2011-09-20",14,14,15,17,28
"DS03","RWS_MWTL","SOELKKPDOT_surface","outside_or_invalid","unknown_not_harmonized",2012,"provider_station","2012-03-05","2012-09-20",14,14,14,16.6,30
"DS03","RWS_MWTL","SOELKKPDOT_surface","outside_or_invalid","unknown_not_harmonized",2013,"provider_station","2013-03-04","2013-09-18",14,14,14,16.8,31
"DS03","RWS_MWTL","SOELKKPDOT_surface","outside_or_invalid","unknown_not_harmonized",2014,"provider_station","2014-03-05","2014-09-17",14,14,14,16,29
"DS03","RWS_MWTL","SOELKKPDOT_surface","outside_or_invalid","unknown_not_harmonized",2015,"provider_station","2015-03-04","2015-09-15",14,14,14,16.8,29
"DS03","RWS_MWTL","SOELKKPDOT_surface","outside_or_invalid","unknown_not_harmonized",2016,"provider_station","2016-03-01","2016-09-12",14,14,14,16,27
"DS03","RWS_MWTL","SOELKKPDOT_surface","outside_or_invalid","unknown_not_harmonized",2017,"provider_station","2017-02-27","2017-09-11",14,14,14,16.8,28
"DS03","RWS_MWTL","SOELKKPDOT_surface","outside_or_invalid","unknown_not_harmonized",2018,"provider_station","2018-02-27","2018-09-11",14,14,14,15,28
"DS03","RWS_MWTL","SOELKKPDOT_surface","outside_or_invalid","unknown_not_harmonized",2019,"provider_station","2019-02-28","2019-09-11",14,14,14,15.8,26
"DS03","RWS_MWTL","SOELKKPDOT_surface","outside_or_invalid","unknown_not_harmonized",2020,"provider_station","2020-02-24","2020-09-07",14,14,14,16.6,28
"DS03","RWS_MWTL","SOELKKPDOT_surface","outside_or_invalid","unknown_not_harmonized",2021,"provider_station","2021-03-22","2021-10-18",14,14,15,24.2,29
"DS03","RWS_MWTL","SOELKKPDOT_surface","outside_or_invalid","unknown_not_harmonized",2022,"provider_station","2022-03-21","2022-09-20",13,13,14.5,16,27
"DS03","RWS_MWTL","TERNZBI20_surface","southern_and_central_north_sea","unknown_not_harmonized",2021,"provider_station","2021-05-25","2021-09-16",5,5,29,29,29
"DS03","RWS_MWTL","TERNZBI20_surface","southern_and_central_north_sea","unknown_not_harmonized",2022,"provider_station","2022-03-29","2022-09-13",7,7,27.5,30,31
"DS03","RWS_MWTL","TERSLG10_surface","southern_and_central_north_sea","unknown_not_harmonized",1990,"provider_station","1990-01-03","1990-12-17",16,16,20,40.6,77
"DS03","RWS_MWTL","TERSLG10_surface","southern_and_central_north_sea","unknown_not_harmonized",1991,"provider_station","1991-01-15","1991-12-10",13,13,24.5,42.2,49
"DS03","RWS_MWTL","TERSLG10_surface","southern_and_central_north_sea","unknown_not_harmonized",1992,"provider_station","1992-01-14","1992-12-10",16,16,19,37.6,58
"DS03","RWS_MWTL","TERSLG10_surface","southern_and_central_north_sea","unknown_not_harmonized",1993,"provider_station","1993-02-02","1993-11-16",13,13,21,34.9,57
"DS03","RWS_MWTL","TERSLG10_surface","southern_and_central_north_sea","unknown_not_harmonized",1994,"provider_station","1994-01-11","1994-12-21",16,16,21,37.6,58
"DS03","RWS_MWTL","TERSLG10_surface","southern_and_central_north_sea","unknown_not_harmonized",1995,"provider_station","1995-03-14","1995-11-08",14,14,21,27.6,36
"DS03","RWS_MWTL","TERSLG10_surface","southern_and_central_north_sea","unknown_not_harmonized",1996,"provider_station","1996-01-16","1996-12-11",16,16,19,42,49
"DS03","RWS_MWTL","TERSLG10_surface","southern_and_central_north_sea","unknown_not_harmonized",1997,"provider_station","1997-01-15","1997-12-23",13,13,20,56.8,57
"DS03","RWS_MWTL","TERSLG10_surface","southern_and_central_north_sea","unknown_not_harmonized",1998,"provider_station","1998-01-13","1998-12-22",13,13,31,42,56
"DS03","RWS_MWTL","TERSLG10_surface","southern_and_central_north_sea","unknown_not_harmonized",1999,"provider_station","1999-01-21","1999-12-28",12,12,20,54,104
"DS03","RWS_MWTL","TERSLG10_surface","southern_and_central_north_sea","unknown_not_harmonized",2000,"provider_station","2000-01-20","2000-11-14",12,12,26,44,47
"DS03","RWS_MWTL","TERSLG10_surface","southern_and_central_north_sea","unknown_not_harmonized",2001,"provider_station","2001-01-09","2001-12-12",12,12,28,55,78
"DS03","RWS_MWTL","TERSLG10_surface","southern_and_central_north_sea","unknown_not_harmonized",2002,"provider_station","2002-01-08","2002-12-17",16,16,21,47.2,64
"DS03","RWS_MWTL","TERSLG10_surface","southern_and_central_north_sea","unknown_not_harmonized",2003,"provider_station","2003-01-07","2003-11-11",14,14,23,35.8,39
"DS03","RWS_MWTL","TERSLG10_surface","southern_and_central_north_sea","unknown_not_harmonized",2004,"provider_station","2004-03-10","2004-12-13",16,16,15,30,35
"DS03","RWS_MWTL","TERSLG10_surface","southern_and_central_north_sea","unknown_not_harmonized",2005,"provider_station","2005-01-27","2005-12-20",16,16,21,33.2,47
"DS03","RWS_MWTL","TERSLG10_surface","southern_and_central_north_sea","unknown_not_harmonized",2006,"provider_station","2006-01-10","2006-12-19",18,18,21,34,49
"DS03","RWS_MWTL","TERSLG10_surface","southern_and_central_north_sea","unknown_not_harmonized",2007,"provider_station","2007-01-24","2007-12-18",15,15,20,46.8,58
"DS03","RWS_MWTL","TERSLG10_surface","southern_and_central_north_sea","unknown_not_harmonized",2008,"provider_station","2008-02-13","2008-12-11",15,15,17.5,43.8,62
"DS03","RWS_MWTL","TERSLG10_surface","southern_and_central_north_sea","unknown_not_harmonized",2009,"provider_station","2009-01-15","2009-12-08",18,18,20,28,29
"DS03","RWS_MWTL","TERSLG10_surface","southern_and_central_north_sea","unknown_not_harmonized",2010,"provider_station","2010-01-13","2010-12-13",15,15,21,39.6,49
"DS03","RWS_MWTL","TERSLG10_surface","southern_and_central_north_sea","unknown_not_harmonized",2011,"provider_station","2011-03-16","2011-09-20",13,13,15,21,29
"DS03","RWS_MWTL","TERSLG10_surface","southern_and_central_north_sea","unknown_not_harmonized",2012,"provider_station","2012-03-14","2012-10-17",14,14,14,28.4,37
"DS03","RWS_MWTL","TERSLG10_surface","southern_and_central_north_sea","unknown_not_harmonized",2013,"provider_station","2013-03-12","2013-10-15",14,14,20,21.8,22
"DS03","RWS_MWTL","TERSLG10_surface","southern_and_central_north_sea","unknown_not_harmonized",2014,"provider_station","2014-03-11","2014-10-14",14,14,14,27.6,29
"DS03","RWS_MWTL","TERSLG10_surface","southern_and_central_north_sea","unknown_not_harmonized",2015,"provider_station","2015-03-11","2015-10-14",14,14,15,26.8,28
"DS03","RWS_MWTL","TERSLG10_surface","southern_and_central_north_sea","unknown_not_harmonized",2016,"provider_station","2016-03-14","2016-10-11",13,13,15,28.1,35
"DS03","RWS_MWTL","TERSLG10_surface","southern_and_central_north_sea","unknown_not_harmonized",2017,"provider_station","2017-03-14","2017-10-16",14,14,14,25.2,28
"DS03","RWS_MWTL","TERSLG10_surface","southern_and_central_north_sea","unknown_not_harmonized",2018,"provider_station","2018-03-13","2018-10-16",13,13,14,33.5,36
"DS03","RWS_MWTL","TERSLG10_surface","southern_and_central_north_sea","unknown_not_harmonized",2019,"provider_station","2019-04-02","2019-10-29",14,14,15,18.4,33
"DS03","RWS_MWTL","TERSLG100_bottom","southern_and_central_north_sea","unknown_not_harmonized",1990,"provider_station","1990-05-16","1990-08-01",5,5,18,25.9,28
"DS03","RWS_MWTL","TERSLG100_bottom","southern_and_central_north_sea","unknown_not_harmonized",1991,"provider_station","1991-06-18","1991-09-05",4,4,22,32.4,35
"DS03","RWS_MWTL","TERSLG100_bottom","southern_and_central_north_sea","unknown_not_harmonized",1992,"provider_station","1992-06-25","1992-07-30",3,3,17.5,19.5,20
"DS03","RWS_MWTL","TERSLG100_bottom","southern_and_central_north_sea","unknown_not_harmonized",1995,"provider_station","1995-05-16","1995-10-03",8,8,21,27.2,35
"DS03","RWS_MWTL","TERSLG100_bottom","southern_and_central_north_sea","unknown_not_harmonized",1996,"provider_station","1996-05-29","1996-08-27",7,7,14,18,21
"DS03","RWS_MWTL","TERSLG100_bottom","southern_and_central_north_sea","unknown_not_harmonized",1997,"provider_station","1997-06-10","1997-08-27",6,6,15,18,20
"DS03","RWS_MWTL","TERSLG100_bottom","southern_and_central_north_sea","unknown_not_harmonized",1998,"provider_station","1998-05-19","1998-08-11",4,4,35,35,35
"DS03","RWS_MWTL","TERSLG100_bottom","southern_and_central_north_sea","unknown_not_harmonized",1999,"provider_station","1999-05-19","1999-08-25",7,7,15,24,27
"DS03","RWS_MWTL","TERSLG100_bottom","southern_and_central_north_sea","unknown_not_harmonized",2000,"provider_station","2000-05-16","2000-08-31",6,6,15,34.2,37
"DS03","RWS_MWTL","TERSLG100_bottom","southern_and_central_north_sea","unknown_not_harmonized",2001,"provider_station","2001-05-16","2001-08-29",7,7,14.5,28,28
"DS03","RWS_MWTL","TERSLG100_bottom","southern_and_central_north_sea","unknown_not_harmonized",2002,"provider_station","2002-05-16","2002-09-18",8,8,21,27.2,35
"DS03","RWS_MWTL","TERSLG100_bottom","southern_and_central_north_sea","unknown_not_harmonized",2003,"provider_station","2003-06-12","2003-08-26",4,4,14,41.2,48
"DS03","RWS_MWTL","TERSLG100_bottom","southern_and_central_north_sea","unknown_not_harmonized",2004,"provider_station","2004-05-12","2004-08-24",7,7,14,26,28
"DS03","RWS_MWTL","TERSLG100_bottom","southern_and_central_north_sea","unknown_not_harmonized",2005,"provider_station","2005-06-01","2005-08-17",6,6,14,18.8,22
"DS03","RWS_MWTL","TERSLG100_bottom","southern_and_central_north_sea","unknown_not_harmonized",2006,"provider_station","2006-05-10","2006-08-24",6,6,21,34,42
"DS03","RWS_MWTL","TERSLG100_bottom","southern_and_central_north_sea","unknown_not_harmonized",2007,"provider_station","2007-05-23","2007-08-28",6,6,21,21,21
"DS03","RWS_MWTL","TERSLG100_bottom","southern_and_central_north_sea","unknown_not_harmonized",2008,"provider_station","2008-05-14","2008-09-16",7,7,20.5,30.5,34
"DS03","RWS_MWTL","TERSLG100_bottom","southern_and_central_north_sea","unknown_not_harmonized",2009,"provider_station","2009-05-12","2009-08-12",7,7,14,18.5,22
"DS03","RWS_MWTL","TERSLG100_bottom","southern_and_central_north_sea","unknown_not_harmonized",2010,"provider_station","2010-05-19","2010-09-21",4,4,49,53.8,55
"DS03","RWS_MWTL","TERSLG100_bottom","southern_and_central_north_sea","unknown_not_harmonized",2011,"provider_station","2011-05-18","2011-08-17",4,4,35,35,35
"DS03","RWS_MWTL","TERSLG100_bottom","southern_and_central_north_sea","unknown_not_harmonized",2012,"provider_station","2012-05-24","2012-08-15",4,4,28,28.8,29
"DS03","RWS_MWTL","TERSLG100_bottom","southern_and_central_north_sea","unknown_not_harmonized",2013,"provider_station","2013-05-23","2013-08-14",4,4,29,32.2,33
"DS03","RWS_MWTL","TERSLG100_bottom","southern_and_central_north_sea","unknown_not_harmonized",2014,"provider_station","2014-06-24","2014-07-15",2,2,21,21,21
"DS03","RWS_MWTL","TERSLG100_bottom","southern_and_central_north_sea","unknown_not_harmonized",2015,"provider_station","2015-07-15","2015-07-15",1,1,,,
"DS03","RWS_MWTL","TERSLG100_bottom","southern_and_central_north_sea","unknown_not_harmonized",2017,"provider_station","2017-07-11","2017-07-11",1,1,,,
"DS03","RWS_MWTL","TERSLG100_bottom","southern_and_central_north_sea","unknown_not_harmonized",2018,"provider_station","2018-07-17","2018-07-17",1,1,,,
"DS03","RWS_MWTL","TERSLG100_pycnocline","southern_and_central_north_sea","unknown_not_harmonized",1990,"provider_station","1990-05-16","1990-08-01",6,6,14,25.2,28
"DS03","RWS_MWTL","TERSLG100_pycnocline","southern_and_central_north_sea","unknown_not_harmonized",1991,"provider_station","1991-06-18","1991-09-05",4,4,22,32.4,35
"DS03","RWS_MWTL","TERSLG100_pycnocline","southern_and_central_north_sea","unknown_not_harmonized",1992,"provider_station","1992-06-25","1992-07-30",3,3,17.5,19.5,20
"DS03","RWS_MWTL","TERSLG100_pycnocline","southern_and_central_north_sea","unknown_not_harmonized",1995,"provider_station","1995-05-16","1995-10-03",8,8,21,27.2,35
"DS03","RWS_MWTL","TERSLG100_pycnocline","southern_and_central_north_sea","unknown_not_harmonized",1996,"provider_station","1996-05-29","1996-08-27",7,7,14,18,21
"DS03","RWS_MWTL","TERSLG100_pycnocline","southern_and_central_north_sea","unknown_not_harmonized",1997,"provider_station","1997-06-10","1997-08-27",6,6,15,18,20
"DS03","RWS_MWTL","TERSLG100_pycnocline","southern_and_central_north_sea","unknown_not_harmonized",1998,"provider_station","1998-05-19","1998-08-11",4,4,35,35,35
"DS03","RWS_MWTL","TERSLG100_pycnocline","southern_and_central_north_sea","unknown_not_harmonized",1999,"provider_station","1999-05-19","1999-08-25",7,7,15,24,27
"DS03","RWS_MWTL","TERSLG100_pycnocline","southern_and_central_north_sea","unknown_not_harmonized",2000,"provider_station","2000-05-16","2000-08-31",6,6,15,34.2,37
"DS03","RWS_MWTL","TERSLG100_pycnocline","southern_and_central_north_sea","unknown_not_harmonized",2001,"provider_station","2001-05-16","2001-08-29",7,7,14.5,28,28
"DS03","RWS_MWTL","TERSLG100_pycnocline","southern_and_central_north_sea","unknown_not_harmonized",2002,"provider_station","2002-05-16","2002-09-18",8,8,21,27.2,35
"DS03","RWS_MWTL","TERSLG100_pycnocline","southern_and_central_north_sea","unknown_not_harmonized",2003,"provider_station","2003-06-12","2003-08-26",4,4,14,41.2,48
"DS03","RWS_MWTL","TERSLG100_pycnocline","southern_and_central_north_sea","unknown_not_harmonized",2004,"provider_station","2004-05-12","2004-08-24",7,7,14,26,28
"DS03","RWS_MWTL","TERSLG100_pycnocline","southern_and_central_north_sea","unknown_not_harmonized",2005,"provider_station","2005-06-01","2005-08-17",6,6,14,18.8,22
"DS03","RWS_MWTL","TERSLG100_pycnocline","southern_and_central_north_sea","unknown_not_harmonized",2006,"provider_station","2006-05-10","2006-08-24",6,6,21,34,42
"DS03","RWS_MWTL","TERSLG100_pycnocline","southern_and_central_north_sea","unknown_not_harmonized",2007,"provider_station","2007-05-23","2007-08-28",6,6,21,21,21
"DS03","RWS_MWTL","TERSLG100_pycnocline","southern_and_central_north_sea","unknown_not_harmonized",2008,"provider_station","2008-05-14","2008-09-16",7,7,20.5,30.5,34
"DS03","RWS_MWTL","TERSLG100_pycnocline","southern_and_central_north_sea","unknown_not_harmonized",2009,"provider_station","2009-05-12","2009-08-12",7,7,14,18.5,22
"DS03","RWS_MWTL","TERSLG100_pycnocline","southern_and_central_north_sea","unknown_not_harmonized",2010,"provider_station","2010-05-19","2010-09-21",4,4,49,53.8,55
"DS03","RWS_MWTL","TERSLG100_pycnocline","southern_and_central_north_sea","unknown_not_harmonized",2011,"provider_station","2011-03-16","2011-08-17",6,6,35,35.6,36
"DS03","RWS_MWTL","TERSLG100_pycnocline","southern_and_central_north_sea","unknown_not_harmonized",2012,"provider_station","2012-05-24","2012-08-15",4,4,28,28.8,29
"DS03","RWS_MWTL","TERSLG100_pycnocline","southern_and_central_north_sea","unknown_not_harmonized",2013,"provider_station","2013-05-23","2013-08-14",4,4,29,32.2,33
"DS03","RWS_MWTL","TERSLG100_pycnocline","southern_and_central_north_sea","unknown_not_harmonized",2014,"provider_station","2014-06-24","2014-07-15",2,2,21,21,21
"DS03","RWS_MWTL","TERSLG100_pycnocline","southern_and_central_north_sea","unknown_not_harmonized",2015,"provider_station","2015-07-15","2015-07-15",1,1,,,
"DS03","RWS_MWTL","TERSLG100_pycnocline","southern_and_central_north_sea","unknown_not_harmonized",2017,"provider_station","2017-07-11","2017-07-11",1,1,,,
"DS03","RWS_MWTL","TERSLG100_pycnocline","southern_and_central_north_sea","unknown_not_harmonized",2018,"provider_station","2018-07-17","2018-07-17",1,1,,,
"DS03","RWS_MWTL","TERSLG100_surface","southern_and_central_north_sea","unknown_not_harmonized",1990,"provider_station","1990-01-01","1990-12-18",15,15,22,44.1,77
"DS03","RWS_MWTL","TERSLG100_surface","southern_and_central_north_sea","unknown_not_harmonized",1991,"provider_station","1991-02-05","1991-12-11",13,13,24.5,35.9,42
"DS03","RWS_MWTL","TERSLG100_surface","southern_and_central_north_sea","unknown_not_harmonized",1992,"provider_station","1992-01-14","1992-12-09",14,14,20,53.6,57
"DS03","RWS_MWTL","TERSLG100_surface","southern_and_central_north_sea","unknown_not_harmonized",1993,"provider_station","1993-02-02","1993-11-17",13,13,20.5,34.9,57
"DS03","RWS_MWTL","TERSLG100_surface","southern_and_central_north_sea","unknown_not_harmonized",1994,"provider_station","1994-01-11","1994-12-21",15,15,21,41.4,58
"DS03","RWS_MWTL","TERSLG100_surface","southern_and_central_north_sea","unknown_not_harmonized",1995,"provider_station","1995-03-14","1995-11-08",13,13,17.5,28.2,57
"DS03","RWS_MWTL","TERSLG100_surface","southern_and_central_north_sea","unknown_not_harmonized",1996,"provider_station","1996-02-27","1996-11-27",14,14,16,43.6,50
"DS03","RWS_MWTL","TERSLG100_surface","southern_and_central_north_sea","unknown_not_harmonized",1997,"provider_station","1997-01-15","1997-12-23",14,14,20,52,57
"DS03","RWS_MWTL","TERSLG100_surface","southern_and_central_north_sea","unknown_not_harmonized",1998,"provider_station","1998-01-13","1998-12-22",13,13,31.5,42,56
"DS03","RWS_MWTL","TERSLG100_surface","southern_and_central_north_sea","unknown_not_harmonized",1999,"provider_station","1999-01-21","1999-12-28",12,12,21,54,104
"DS03","RWS_MWTL","TERSLG100_surface","southern_and_central_north_sea","unknown_not_harmonized",2000,"provider_station","2000-01-25","2000-11-14",14,14,20,35.6,47
"DS03","RWS_MWTL","TERSLG100_surface","southern_and_central_north_sea","unknown_not_harmonized",2001,"provider_station","2001-01-09","2001-12-11",11,11,21.5,59.9,113
"DS03","RWS_MWTL","TERSLG100_surface","southern_and_central_north_sea","unknown_not_harmonized",2002,"provider_station","2002-01-09","2002-12-17",16,16,21,47.2,64
"DS03","RWS_MWTL","TERSLG100_surface","southern_and_central_north_sea","unknown_not_harmonized",2003,"provider_station","2003-01-07","2003-11-11",14,14,23,34.8,36
"DS03","RWS_MWTL","TERSLG100_surface","southern_and_central_north_sea","unknown_not_harmonized",2004,"provider_station","2004-03-10","2004-12-13",16,16,15,30.6,36
"DS03","RWS_MWTL","TERSLG100_surface","southern_and_central_north_sea","unknown_not_harmonized",2005,"provider_station","2005-01-27","2005-12-20",16,16,20,33.2,47
"DS03","RWS_MWTL","TERSLG100_surface","southern_and_central_north_sea","unknown_not_harmonized",2006,"provider_station","2006-02-21","2006-12-19",16,16,21,28,49
"DS03","RWS_MWTL","TERSLG100_surface","southern_and_central_north_sea","unknown_not_harmonized",2007,"provider_station","2007-01-24","2007-12-18",15,15,20,47.5,57
"DS03","RWS_MWTL","TERSLG100_surface","southern_and_central_north_sea","unknown_not_harmonized",2008,"provider_station","2008-02-13","2008-12-10",15,15,17.5,44.1,62
"DS03","RWS_MWTL","TERSLG100_surface","southern_and_central_north_sea","unknown_not_harmonized",2009,"provider_station","2009-01-14","2009-12-08",18,18,20,28.4,35
"DS03","RWS_MWTL","TERSLG100_surface","southern_and_central_north_sea","unknown_not_harmonized",2010,"provider_station","2010-01-19","2010-12-14",11,11,31.5,49.6,55
"DS03","RWS_MWTL","TERSLG100_surface","southern_and_central_north_sea","unknown_not_harmonized",2011,"provider_station","2011-05-18","2011-09-21",5,5,35,35,35
"DS03","RWS_MWTL","TERSLG100_surface","southern_and_central_north_sea","unknown_not_harmonized",2012,"provider_station","2012-03-14","2012-09-10",7,7,28.5,35.5,41
"DS03","RWS_MWTL","TERSLG100_surface","southern_and_central_north_sea","unknown_not_harmonized",2013,"provider_station","2013-03-12","2013-09-24",7,7,34.5,38.5,41
"DS03","RWS_MWTL","TERSLG100_surface","southern_and_central_north_sea","unknown_not_harmonized",2014,"provider_station","2014-03-11","2014-09-15",7,7,31,42.5,43
"DS03","RWS_MWTL","TERSLG100_surface","southern_and_central_north_sea","unknown_not_harmonized",2015,"provider_station","2015-03-11","2015-09-15",7,7,31,35,36
"DS03","RWS_MWTL","TERSLG100_surface","southern_and_central_north_sea","unknown_not_harmonized",2016,"provider_station","2016-03-15","2016-09-12",7,7,28.5,35.5,36
"DS03","RWS_MWTL","TERSLG100_surface","southern_and_central_north_sea","unknown_not_harmonized",2017,"provider_station","2017-03-14","2017-09-19",7,7,31.5,35,35
"DS03","RWS_MWTL","TERSLG100_surface","southern_and_central_north_sea","unknown_not_harmonized",2018,"provider_station","2018-03-12","2018-09-11",7,7,28.5,35.5,36
"DS03","RWS_MWTL","TERSLG100_surface","southern_and_central_north_sea","unknown_not_harmonized",2019,"provider_station","2019-04-16","2019-10-29",7,7,30,41,47
"DS03","RWS_MWTL","TERSLG135_bottom","southern_and_central_north_sea","unknown_not_harmonized",1991,"provider_station","1991-01-01","1991-09-18",7,7,19.5,95,168
"DS03","RWS_MWTL","TERSLG135_bottom","southern_and_central_north_sea","unknown_not_harmonized",1992,"provider_station","1992-02-08","1992-10-01",8,8,22,60.6,63
"DS03","RWS_MWTL","TERSLG135_bottom","southern_and_central_north_sea","unknown_not_harmonized",1993,"provider_station","1993-05-05","1993-09-21",5,5,26.5,59.2,70
"DS03","RWS_MWTL","TERSLG135_bottom","southern_and_central_north_sea","unknown_not_harmonized",1994,"provider_station","1994-01-11","1994-07-12",6,6,24,65,85
"DS03","RWS_MWTL","TERSLG135_bottom","southern_and_central_north_sea","unknown_not_harmonized",1995,"provider_station","1995-05-02","1995-10-03",9,9,17.5,25.9,35
"DS03","RWS_MWTL","TERSLG135_bottom","southern_and_central_north_sea","unknown_not_harmonized",1996,"provider_station","1996-05-29","1996-08-27",5,5,21.5,32.5,34
"DS03","RWS_MWTL","TERSLG135_bottom","southern_and_central_north_sea","unknown_not_harmonized",1997,"provider_station","1997-06-10","1997-08-27",6,6,15,18,20
"DS03","RWS_MWTL","TERSLG135_bottom","southern_and_central_north_sea","unknown_not_harmonized",1998,"provider_station","1998-05-19","1998-08-11",4,4,34,35.6,36
"DS03","RWS_MWTL","TERSLG135_bottom","southern_and_central_north_sea","unknown_not_harmonized",1999,"provider_station","1999-05-19","1999-08-25",7,7,14.5,24,27
"DS03","RWS_MWTL","TERSLG135_bottom","southern_and_central_north_sea","unknown_not_harmonized",2000,"provider_station","2000-05-16","2000-08-31",7,7,15.5,25.5,29
"DS03","RWS_MWTL","TERSLG135_bottom","southern_and_central_north_sea","unknown_not_harmonized",2001,"provider_station","2001-05-16","2001-08-29",6,6,15,36.4,42
"DS03","RWS_MWTL","TERSLG135_bottom","southern_and_central_north_sea","unknown_not_harmonized",2002,"provider_station","2002-05-16","2002-09-18",8,8,21,27.2,35
"DS03","RWS_MWTL","TERSLG135_bottom","southern_and_central_north_sea","unknown_not_harmonized",2003,"provider_station","2003-06-11","2003-08-26",5,5,14,28.7,35
"DS03","RWS_MWTL","TERSLG135_bottom","southern_and_central_north_sea","unknown_not_harmonized",2004,"provider_station","2004-05-12","2004-08-24",7,7,14,25.5,28
"DS03","RWS_MWTL","TERSLG135_bottom","southern_and_central_north_sea","unknown_not_harmonized",2005,"provider_station","2005-06-01","2005-08-16",6,6,14,18.8,22
"DS03","RWS_MWTL","TERSLG135_bottom","southern_and_central_north_sea","unknown_not_harmonized",2006,"provider_station","2006-05-10","2006-08-24",6,6,21,34,42
"DS03","RWS_MWTL","TERSLG135_bottom","southern_and_central_north_sea","unknown_not_harmonized",2007,"provider_station","2007-05-22","2007-08-28",6,6,21,21.6,22
"DS03","RWS_MWTL","TERSLG135_bottom","southern_and_central_north_sea","unknown_not_harmonized",2008,"provider_station","2008-05-14","2008-09-16",7,7,21,30.5,34
"DS03","RWS_MWTL","TERSLG135_bottom","southern_and_central_north_sea","unknown_not_harmonized",2009,"provider_station","2009-05-12","2009-08-12",7,7,14,18.5,22
"DS03","RWS_MWTL","TERSLG135_bottom","southern_and_central_north_sea","unknown_not_harmonized",2010,"provider_station","2010-05-19","2010-09-21",4,4,28,61.6,70
"DS03","RWS_MWTL","TERSLG135_bottom","southern_and_central_north_sea","unknown_not_harmonized",2011,"provider_station","2011-05-18","2011-08-17",4,4,34,35.6,36
"DS03","RWS_MWTL","TERSLG135_bottom","southern_and_central_north_sea","unknown_not_harmonized",2012,"provider_station","2012-05-24","2012-08-15",4,4,28,28.8,29
"DS03","RWS_MWTL","TERSLG135_bottom","southern_and_central_north_sea","unknown_not_harmonized",2013,"provider_station","2013-05-23","2013-08-14",4,4,29,32.2,33
"DS03","RWS_MWTL","TERSLG135_bottom","southern_and_central_north_sea","unknown_not_harmonized",2014,"provider_station","2014-05-13","2014-07-15",3,3,31.5,39.9,42
"DS03","RWS_MWTL","TERSLG135_bottom","southern_and_central_north_sea","unknown_not_harmonized",2015,"provider_station","2015-07-14","2015-08-12",2,2,29,29,29
"DS03","RWS_MWTL","TERSLG135_bottom","southern_and_central_north_sea","unknown_not_harmonized",2016,"provider_station","2016-06-15","2016-08-17",3,3,31.5,35.1,36
"DS03","RWS_MWTL","TERSLG135_bottom","southern_and_central_north_sea","unknown_not_harmonized",2017,"provider_station","2017-05-16","2017-07-11",3,3,28,28,28
"DS03","RWS_MWTL","TERSLG135_bottom","southern_and_central_north_sea","unknown_not_harmonized",2018,"provider_station","2018-06-12","2018-07-17",2,2,35,35,35
"DS03","RWS_MWTL","TERSLG135_bottom","southern_and_central_north_sea","unknown_not_harmonized",2019,"provider_station","2019-08-12","2019-08-12",1,1,,,
"DS03","RWS_MWTL","TERSLG135_pycnocline","southern_and_central_north_sea","unknown_not_harmonized",1990,"provider_station","1990-06-07","1990-07-31",2,2,54,54,54
"DS03","RWS_MWTL","TERSLG135_pycnocline","southern_and_central_north_sea","unknown_not_harmonized",1991,"provider_station","1991-06-18","1991-09-18",6,6,18,21.6,22
"DS03","RWS_MWTL","TERSLG135_pycnocline","southern_and_central_north_sea","unknown_not_harmonized",1992,"provider_station","1992-01-14","1992-10-01",9,9,23.5,60.2,63
"DS03","RWS_MWTL","TERSLG135_pycnocline","southern_and_central_north_sea","unknown_not_harmonized",1993,"provider_station","1993-05-05","1993-09-21",6,6,21,43,49
"DS03","RWS_MWTL","TERSLG135_pycnocline","southern_and_central_north_sea","unknown_not_harmonized",1994,"provider_station","1994-04-20","1994-12-01",4,4,59,125.4,142
"DS03","RWS_MWTL","TERSLG135_pycnocline","southern_and_central_north_sea","unknown_not_harmonized",1995,"provider_station","1995-05-02","1995-10-10",10,10,14,24.6,35
"DS03","RWS_MWTL","TERSLG135_pycnocline","southern_and_central_north_sea","unknown_not_harmonized",1996,"provider_station","1996-05-29","1996-08-27",6,6,14,25.8,29
"DS03","RWS_MWTL","TERSLG135_pycnocline","southern_and_central_north_sea","unknown_not_harmonized",1997,"provider_station","1997-06-10","1997-08-27",6,6,15,18,20
"DS03","RWS_MWTL","TERSLG135_pycnocline","southern_and_central_north_sea","unknown_not_harmonized",1998,"provider_station","1998-05-19","1998-08-11",4,4,34,35.6,36
"DS03","RWS_MWTL","TERSLG135_pycnocline","southern_and_central_north_sea","unknown_not_harmonized",1999,"provider_station","1999-05-19","1999-08-25",7,7,14.5,24,27
"DS03","RWS_MWTL","TERSLG135_pycnocline","southern_and_central_north_sea","unknown_not_harmonized",2000,"provider_station","2000-05-16","2000-08-31",7,7,15.5,25.5,29
"DS03","RWS_MWTL","TERSLG135_pycnocline","southern_and_central_north_sea","unknown_not_harmonized",2001,"provider_station","2001-05-16","2001-08-29",7,7,18,24.5,28
"DS03","RWS_MWTL","TERSLG135_pycnocline","southern_and_central_north_sea","unknown_not_harmonized",2002,"provider_station","2002-05-16","2002-09-18",8,8,21,27.2,35
"DS03","RWS_MWTL","TERSLG135_pycnocline","southern_and_central_north_sea","unknown_not_harmonized",2003,"provider_station","2003-06-11","2003-08-26",5,5,14,28.7,35
"DS03","RWS_MWTL","TERSLG135_pycnocline","southern_and_central_north_sea","unknown_not_harmonized",2004,"provider_station","2004-05-12","2004-08-24",7,7,14,25.5,28
"DS03","RWS_MWTL","TERSLG135_pycnocline","southern_and_central_north_sea","unknown_not_harmonized",2005,"provider_station","2005-06-01","2005-08-16",6,6,14,18.8,22
"DS03","RWS_MWTL","TERSLG135_pycnocline","southern_and_central_north_sea","unknown_not_harmonized",2006,"provider_station","2006-05-10","2006-08-24",6,6,21,34,42
"DS03","RWS_MWTL","TERSLG135_pycnocline","southern_and_central_north_sea","unknown_not_harmonized",2007,"provider_station","2007-05-22","2007-08-28",6,6,21,21.6,22
"DS03","RWS_MWTL","TERSLG135_pycnocline","southern_and_central_north_sea","unknown_not_harmonized",2008,"provider_station","2008-05-14","2008-09-16",7,7,21,30.5,34
"DS03","RWS_MWTL","TERSLG135_pycnocline","southern_and_central_north_sea","unknown_not_harmonized",2009,"provider_station","2009-05-12","2009-08-12",7,7,14,18.5,22
"DS03","RWS_MWTL","TERSLG135_pycnocline","southern_and_central_north_sea","unknown_not_harmonized",2010,"provider_station","2010-05-19","2010-09-21",4,4,28,61.6,70
"DS03","RWS_MWTL","TERSLG135_pycnocline","southern_and_central_north_sea","unknown_not_harmonized",2011,"provider_station","2011-04-12","2011-08-17",5,5,35,36,36
"DS03","RWS_MWTL","TERSLG135_pycnocline","southern_and_central_north_sea","unknown_not_harmonized",2012,"provider_station","2012-05-24","2012-08-15",4,4,28,28.8,29
"DS03","RWS_MWTL","TERSLG135_pycnocline","southern_and_central_north_sea","unknown_not_harmonized",2013,"provider_station","2013-05-23","2013-08-14",4,4,29,32.2,33
"DS03","RWS_MWTL","TERSLG135_pycnocline","southern_and_central_north_sea","unknown_not_harmonized",2014,"provider_station","2014-05-13","2014-07-15",3,3,31.5,39.9,42
"DS03","RWS_MWTL","TERSLG135_pycnocline","southern_and_central_north_sea","unknown_not_harmonized",2015,"provider_station","2015-07-14","2015-08-12",2,2,29,29,29
"DS03","RWS_MWTL","TERSLG135_pycnocline","southern_and_central_north_sea","unknown_not_harmonized",2016,"provider_station","2016-06-15","2016-08-17",3,3,31.5,35.1,36
"DS03","RWS_MWTL","TERSLG135_pycnocline","southern_and_central_north_sea","unknown_not_harmonized",2017,"provider_station","2017-05-16","2017-07-11",3,3,28,28,28
"DS03","RWS_MWTL","TERSLG135_pycnocline","southern_and_central_north_sea","unknown_not_harmonized",2018,"provider_station","2018-06-12","2018-07-17",2,2,35,35,35
"DS03","RWS_MWTL","TERSLG135_pycnocline","southern_and_central_north_sea","unknown_not_harmonized",2019,"provider_station","2019-08-12","2019-08-12",1,1,,,
"DS03","RWS_MWTL","TERSLG135_surface","southern_and_central_north_sea","unknown_not_harmonized",1990,"provider_station","1990-06-07","1990-09-04",3,3,44.5,52.1,54
"DS03","RWS_MWTL","TERSLG135_surface","southern_and_central_north_sea","unknown_not_harmonized",1991,"provider_station","1991-02-05","1991-12-11",13,13,24.5,35.8,42
"DS03","RWS_MWTL","TERSLG135_surface","southern_and_central_north_sea","unknown_not_harmonized",1992,"provider_station","1992-01-14","1992-12-09",17,17,17,44,57
"DS03","RWS_MWTL","TERSLG135_surface","southern_and_central_north_sea","unknown_not_harmonized",1993,"provider_station","1993-02-02","1993-11-17",14,14,19,33,57
"DS03","RWS_MWTL","TERSLG135_surface","southern_and_central_north_sea","unknown_not_harmonized",1994,"provider_station","1994-01-11","1994-12-21",16,16,21,37.2,58
"DS03","RWS_MWTL","TERSLG135_surface","southern_and_central_north_sea","unknown_not_harmonized",1995,"provider_station","1995-03-14","1995-11-08",14,14,21,27.6,35
"DS03","RWS_MWTL","TERSLG135_surface","southern_and_central_north_sea","unknown_not_harmonized",1996,"provider_station","1996-01-16","1996-12-11",16,16,16,46.2,50
"DS03","RWS_MWTL","TERSLG135_surface","southern_and_central_north_sea","unknown_not_harmonized",1997,"provider_station","1997-01-15","1997-12-23",14,14,20,52,57
"DS03","RWS_MWTL","TERSLG135_surface","southern_and_central_north_sea","unknown_not_harmonized",1998,"provider_station","1998-01-13","1998-12-22",13,13,31.5,42,56
"DS03","RWS_MWTL","TERSLG135_surface","southern_and_central_north_sea","unknown_not_harmonized",1999,"provider_station","1999-01-21","1999-12-28",13,13,14.5,53.6,104
"DS03","RWS_MWTL","TERSLG135_surface","southern_and_central_north_sea","unknown_not_harmonized",2000,"provider_station","2000-02-15","2000-11-14",12,12,22,40,47
"DS03","RWS_MWTL","TERSLG135_surface","southern_and_central_north_sea","unknown_not_harmonized",2001,"provider_station","2001-01-10","2001-12-11",11,11,21,59.8,112
"DS03","RWS_MWTL","TERSLG135_surface","southern_and_central_north_sea","unknown_not_harmonized",2002,"provider_station","2002-01-09","2002-12-17",15,15,20.5,55,77
"DS03","RWS_MWTL","TERSLG135_surface","southern_and_central_north_sea","unknown_not_harmonized",2003,"provider_station","2003-01-08","2003-11-11",14,14,23,34.8,36
"DS03","RWS_MWTL","TERSLG135_surface","southern_and_central_north_sea","unknown_not_harmonized",2004,"provider_station","2004-03-10","2004-12-14",16,16,15,30.2,36
"DS03","RWS_MWTL","TERSLG135_surface","southern_and_central_north_sea","unknown_not_harmonized",2005,"provider_station","2005-01-26","2005-12-20",16,16,20,33.2,48
"DS03","RWS_MWTL","TERSLG135_surface","southern_and_central_north_sea","unknown_not_harmonized",2006,"provider_station","2006-02-21","2006-12-19",16,16,21,28,49
"DS03","RWS_MWTL","TERSLG135_surface","southern_and_central_north_sea","unknown_not_harmonized",2007,"provider_station","2007-01-24","2007-12-18",15,15,20,47.5,57
"DS03","RWS_MWTL","TERSLG135_surface","southern_and_central_north_sea","unknown_not_harmonized",2008,"provider_station","2008-01-29","2008-12-10",16,16,15,41.2,62
"DS03","RWS_MWTL","TERSLG135_surface","southern_and_central_north_sea","unknown_not_harmonized",2009,"provider_station","2009-01-14","2009-12-08",18,18,20,28.4,35
"DS03","RWS_MWTL","TERSLG135_surface","southern_and_central_north_sea","unknown_not_harmonized",2010,"provider_station","2010-01-19","2010-12-14",11,11,28,44.8,70
"DS03","RWS_MWTL","TERSLG135_surface","southern_and_central_north_sea","unknown_not_harmonized",2011,"provider_station","2011-03-16","2011-09-21",6,6,35,52.2,63
"DS03","RWS_MWTL","TERSLG135_surface","southern_and_central_north_sea","unknown_not_harmonized",2012,"provider_station","2012-03-14","2012-09-10",7,7,28.5,35.5,41
"DS03","RWS_MWTL","TERSLG135_surface","southern_and_central_north_sea","unknown_not_harmonized",2013,"provider_station","2013-03-12","2013-09-24",7,7,34.5,38.5,41
"DS03","RWS_MWTL","TERSLG135_surface","southern_and_central_north_sea","unknown_not_harmonized",2014,"provider_station","2014-03-11","2014-09-15",7,7,31,42.5,43
"DS03","RWS_MWTL","TERSLG135_surface","southern_and_central_north_sea","unknown_not_harmonized",2015,"provider_station","2015-03-11","2015-09-15",7,7,31.5,35,36
"DS03","RWS_MWTL","TERSLG135_surface","southern_and_central_north_sea","unknown_not_harmonized",2016,"provider_station","2016-03-15","2016-09-12",7,7,28,36,36
"DS03","RWS_MWTL","TERSLG135_surface","southern_and_central_north_sea","unknown_not_harmonized",2017,"provider_station","2017-03-14","2017-09-19",7,7,31.5,35,35
"DS03","RWS_MWTL","TERSLG135_surface","southern_and_central_north_sea","unknown_not_harmonized",2018,"provider_station","2018-03-13","2018-09-11",7,7,28,35,35
"DS03","RWS_MWTL","TERSLG135_surface","southern_and_central_north_sea","unknown_not_harmonized",2019,"provider_station","2019-04-16","2019-10-29",7,7,30,41,47
"DS03","RWS_MWTL","TERSLG145_bottom","southern_and_central_north_sea","unknown_not_harmonized",1994,"provider_station","1994-08-10","1994-12-20",4,4,22,82,97
"DS03","RWS_MWTL","TERSLG145_pycnocline","southern_and_central_north_sea","unknown_not_harmonized",1994,"provider_station","1994-08-10","1994-12-20",4,4,22,82,97
"DS03","RWS_MWTL","TERSLG145_surface","southern_and_central_north_sea","unknown_not_harmonized",1994,"provider_station","1994-08-10","1994-12-21",6,6,28,36.8,42
"DS03","RWS_MWTL","TERSLG175_bottom","southern_and_central_north_sea","unknown_not_harmonized",1990,"provider_station","1990-05-16","1990-07-31",5,5,17.5,25.9,28
"DS03","RWS_MWTL","TERSLG175_bottom","southern_and_central_north_sea","unknown_not_harmonized",1991,"provider_station","1991-07-04","1991-09-04",4,4,21,21.8,22
"DS03","RWS_MWTL","TERSLG175_bottom","southern_and_central_north_sea","unknown_not_harmonized",1992,"provider_station","1992-06-10","1992-08-18",4,4,20,31.2,34
"DS03","RWS_MWTL","TERSLG175_bottom","southern_and_central_north_sea","unknown_not_harmonized",1995,"provider_station","1995-05-16","1995-10-10",9,9,17.5,25.9,35
"DS03","RWS_MWTL","TERSLG175_bottom","southern_and_central_north_sea","unknown_not_harmonized",1996,"provider_station","1996-05-29","1996-08-27",7,7,14,18,21
"DS03","RWS_MWTL","TERSLG175_bottom","southern_and_central_north_sea","unknown_not_harmonized",1997,"provider_station","1997-06-10","1997-08-27",6,6,15,18,20
"DS03","RWS_MWTL","TERSLG175_bottom","southern_and_central_north_sea","unknown_not_harmonized",1998,"provider_station","1998-05-19","1998-08-11",4,4,35,35.8,36
"DS03","RWS_MWTL","TERSLG175_bottom","southern_and_central_north_sea","unknown_not_harmonized",1999,"provider_station","1999-05-19","1999-08-24",7,7,15,23,27
"DS03","RWS_MWTL","TERSLG175_bottom","southern_and_central_north_sea","unknown_not_harmonized",2000,"provider_station","2000-05-16","2000-08-31",7,7,15.5,25,29
"DS03","RWS_MWTL","TERSLG175_bottom","southern_and_central_north_sea","unknown_not_harmonized",2001,"provider_station","2001-05-16","2001-08-28",6,6,14,36.2,41
"DS03","RWS_MWTL","TERSLG175_bottom","southern_and_central_north_sea","unknown_not_harmonized",2002,"provider_station","2002-05-16","2002-09-18",8,8,21,26.8,34
"DS03","RWS_MWTL","TERSLG175_bottom","southern_and_central_north_sea","unknown_not_harmonized",2003,"provider_station","2003-06-11","2003-08-26",5,5,14,28.7,35
"DS03","RWS_MWTL","TERSLG175_bottom","southern_and_central_north_sea","unknown_not_harmonized",2004,"provider_station","2004-05-12","2004-08-24",7,7,14,25.5,28
"DS03","RWS_MWTL","TERSLG175_bottom","southern_and_central_north_sea","unknown_not_harmonized",2005,"provider_station","2005-06-01","2005-08-16",6,6,14,18.8,22
"DS03","RWS_MWTL","TERSLG175_bottom","southern_and_central_north_sea","unknown_not_harmonized",2006,"provider_station","2006-05-10","2006-08-24",6,6,21,34,42
"DS03","RWS_MWTL","TERSLG175_bottom","southern_and_central_north_sea","unknown_not_harmonized",2007,"provider_station","2007-05-22","2007-08-28",6,6,21,21.6,22
"DS03","RWS_MWTL","TERSLG175_bottom","southern_and_central_north_sea","unknown_not_harmonized",2008,"provider_station","2008-05-14","2008-09-16",7,7,21,30.5,34
"DS03","RWS_MWTL","TERSLG175_bottom","southern_and_central_north_sea","unknown_not_harmonized",2009,"provider_station","2009-05-12","2009-08-12",7,7,14,18.5,22
"DS03","RWS_MWTL","TERSLG175_bottom","southern_and_central_north_sea","unknown_not_harmonized",2010,"provider_station","2010-04-13","2010-09-21",3,3,80.5,94.5,98
"DS03","RWS_MWTL","TERSLG175_bottom","southern_and_central_north_sea","unknown_not_harmonized",2011,"provider_station","2011-04-12","2011-08-17",3,3,63.5,68.7,70
"DS03","RWS_MWTL","TERSLG175_bottom","southern_and_central_north_sea","unknown_not_harmonized",2012,"provider_station","2012-04-24","2012-08-15",3,3,56.5,57.7,58
"DS03","RWS_MWTL","TERSLG175_bottom","southern_and_central_north_sea","unknown_not_harmonized",2013,"provider_station","2013-04-17","2013-08-14",3,3,59.5,61.5,62
"DS03","RWS_MWTL","TERSLG175_bottom","southern_and_central_north_sea","unknown_not_harmonized",2014,"provider_station","2014-04-23","2014-06-24",2,2,62,62,62
"DS03","RWS_MWTL","TERSLG175_bottom","southern_and_central_north_sea","unknown_not_harmonized",2015,"provider_station","2015-08-12","2015-08-12",1,1,,,
"DS03","RWS_MWTL","TERSLG175_bottom","southern_and_central_north_sea","unknown_not_harmonized",2016,"provider_station","2016-08-17","2016-08-17",1,1,,,
"DS03","RWS_MWTL","TERSLG175_bottom","southern_and_central_north_sea","unknown_not_harmonized",2017,"provider_station","2017-06-13","2017-08-15",2,2,63,63,63
"DS03","RWS_MWTL","TERSLG175_bottom","southern_and_central_north_sea","unknown_not_harmonized",2018,"provider_station","2018-06-12","2018-06-12",1,1,,,
"DS03","RWS_MWTL","TERSLG175_pycnocline","southern_and_central_north_sea","unknown_not_harmonized",1990,"provider_station","1990-05-16","1990-09-04",6,6,21,32.2,35
"DS03","RWS_MWTL","TERSLG175_pycnocline","southern_and_central_north_sea","unknown_not_harmonized",1991,"provider_station","1991-07-04","1991-09-04",4,4,21,21.8,22
"DS03","RWS_MWTL","TERSLG175_pycnocline","southern_and_central_north_sea","unknown_not_harmonized",1992,"provider_station","1992-06-10","1992-08-18",5,5,17,19.7,20
"DS03","RWS_MWTL","TERSLG175_pycnocline","southern_and_central_north_sea","unknown_not_harmonized",1993,"provider_station","1993-07-14","1993-07-14",1,1,,,
"DS03","RWS_MWTL","TERSLG175_pycnocline","southern_and_central_north_sea","unknown_not_harmonized",1994,"provider_station","1994-06-07","1994-07-26",2,2,49,49,49
"DS03","RWS_MWTL","TERSLG175_pycnocline","southern_and_central_north_sea","unknown_not_harmonized",1995,"provider_station","1995-05-16","1995-10-10",9,9,17.5,25.9,35
"DS03","RWS_MWTL","TERSLG175_pycnocline","southern_and_central_north_sea","unknown_not_harmonized",1996,"provider_station","1996-05-29","1996-08-27",7,7,14,18,21
"DS03","RWS_MWTL","TERSLG175_pycnocline","southern_and_central_north_sea","unknown_not_harmonized",1997,"provider_station","1997-06-10","1997-08-27",6,6,15,18,20
"DS03","RWS_MWTL","TERSLG175_pycnocline","southern_and_central_north_sea","unknown_not_harmonized",1998,"provider_station","1998-05-19","1998-08-11",4,4,35,35.8,36
"DS03","RWS_MWTL","TERSLG175_pycnocline","southern_and_central_north_sea","unknown_not_harmonized",1999,"provider_station","1999-05-19","1999-08-24",7,7,15,23,27
"DS03","RWS_MWTL","TERSLG175_pycnocline","southern_and_central_north_sea","unknown_not_harmonized",2000,"provider_station","2000-05-16","2000-08-31",7,7,15.5,25,29
"DS03","RWS_MWTL","TERSLG175_pycnocline","southern_and_central_north_sea","unknown_not_harmonized",2001,"provider_station","2001-05-16","2001-08-28",6,6,14,36.2,41
"DS03","RWS_MWTL","TERSLG175_pycnocline","southern_and_central_north_sea","unknown_not_harmonized",2002,"provider_station","2002-05-16","2002-09-18",8,8,21,26.8,34
"DS03","RWS_MWTL","TERSLG175_pycnocline","southern_and_central_north_sea","unknown_not_harmonized",2003,"provider_station","2003-06-11","2003-08-26",5,5,14,28.7,35
"DS03","RWS_MWTL","TERSLG175_pycnocline","southern_and_central_north_sea","unknown_not_harmonized",2004,"provider_station","2004-05-12","2004-08-24",7,7,14,25.5,28
"DS03","RWS_MWTL","TERSLG175_pycnocline","southern_and_central_north_sea","unknown_not_harmonized",2005,"provider_station","2005-06-01","2005-08-16",6,6,14,18.8,22
"DS03","RWS_MWTL","TERSLG175_pycnocline","southern_and_central_north_sea","unknown_not_harmonized",2006,"provider_station","2006-05-10","2006-08-24",6,6,21,34,42
"DS03","RWS_MWTL","TERSLG175_pycnocline","southern_and_central_north_sea","unknown_not_harmonized",2007,"provider_station","2007-05-22","2007-08-28",6,6,21,21.6,22
"DS03","RWS_MWTL","TERSLG175_pycnocline","southern_and_central_north_sea","unknown_not_harmonized",2008,"provider_station","2008-05-14","2008-09-16",7,7,21,30.5,34
"DS03","RWS_MWTL","TERSLG175_pycnocline","southern_and_central_north_sea","unknown_not_harmonized",2009,"provider_station","2009-05-12","2009-08-12",7,7,14,18.5,22
"DS03","RWS_MWTL","TERSLG175_pycnocline","southern_and_central_north_sea","unknown_not_harmonized",2010,"provider_station","2010-04-13","2010-09-21",3,3,80.5,94.5,98
"DS03","RWS_MWTL","TERSLG175_pycnocline","southern_and_central_north_sea","unknown_not_harmonized",2011,"provider_station","2011-04-12","2011-08-17",3,3,63.5,68.7,70
"DS03","RWS_MWTL","TERSLG175_pycnocline","southern_and_central_north_sea","unknown_not_harmonized",2012,"provider_station","2012-01-17","2012-08-15",4,4,58,90,98
"DS03","RWS_MWTL","TERSLG175_pycnocline","southern_and_central_north_sea","unknown_not_harmonized",2013,"provider_station","2013-04-17","2013-08-14",3,3,59.5,61.5,62
"DS03","RWS_MWTL","TERSLG175_pycnocline","southern_and_central_north_sea","unknown_not_harmonized",2014,"provider_station","2014-04-23","2014-06-24",2,2,62,62,62
"DS03","RWS_MWTL","TERSLG175_pycnocline","southern_and_central_north_sea","unknown_not_harmonized",2015,"provider_station","2015-08-12","2015-08-12",1,1,,,
"DS03","RWS_MWTL","TERSLG175_pycnocline","southern_and_central_north_sea","unknown_not_harmonized",2016,"provider_station","2016-08-17","2016-08-17",1,1,,,
"DS03","RWS_MWTL","TERSLG175_pycnocline","southern_and_central_north_sea","unknown_not_harmonized",2017,"provider_station","2017-06-13","2017-08-15",2,2,63,63,63
"DS03","RWS_MWTL","TERSLG175_pycnocline","southern_and_central_north_sea","unknown_not_harmonized",2018,"provider_station","2018-06-12","2018-06-12",1,1,,,
"DS03","RWS_MWTL","TERSLG175_surface","southern_and_central_north_sea","unknown_not_harmonized",1990,"provider_station","1990-01-05","1990-12-18",14,14,23,46.6,75
"DS03","RWS_MWTL","TERSLG175_surface","southern_and_central_north_sea","unknown_not_harmonized",1991,"provider_station","1991-01-16","1991-12-11",14,14,22,35.4,42
"DS03","RWS_MWTL","TERSLG175_surface","southern_and_central_north_sea","unknown_not_harmonized",1992,"provider_station","1992-01-14","1992-12-09",14,14,20,44,57
"DS03","RWS_MWTL","TERSLG175_surface","southern_and_central_north_sea","unknown_not_harmonized",1993,"provider_station","1993-02-02","1993-11-17",14,14,20,34.8,57
"DS03","RWS_MWTL","TERSLG175_surface","southern_and_central_north_sea","unknown_not_harmonized",1994,"provider_station","1994-01-11","1994-12-21",17,17,21,30,42
"DS03","RWS_MWTL","TERSLG175_surface","southern_and_central_north_sea","unknown_not_harmonized",1995,"provider_station","1995-03-14","1995-11-08",14,14,21,27.6,35
"DS03","RWS_MWTL","TERSLG175_surface","southern_and_central_north_sea","unknown_not_harmonized",1996,"provider_station","1996-02-27","1996-11-27",14,14,16,43.6,50
"DS03","RWS_MWTL","TERSLG175_surface","southern_and_central_north_sea","unknown_not_harmonized",1997,"provider_station","1997-01-15","1997-12-23",14,14,20,52,55
"DS03","RWS_MWTL","TERSLG175_surface","southern_and_central_north_sea","unknown_not_harmonized",1998,"provider_station","1998-01-13","1998-12-22",13,13,32,42,56
"DS03","RWS_MWTL","TERSLG175_surface","southern_and_central_north_sea","unknown_not_harmonized",1999,"provider_station","1999-01-21","1999-09-15",12,12,14,50,54
"DS03","RWS_MWTL","TERSLG175_surface","southern_and_central_north_sea","unknown_not_harmonized",2000,"provider_station","2000-01-25","2000-11-14",14,14,21,34.6,47
"DS03","RWS_MWTL","TERSLG175_surface","southern_and_central_north_sea","unknown_not_harmonized",2001,"provider_station","2001-01-10","2001-12-11",10,10,29,65.6,112
"DS03","RWS_MWTL","TERSLG175_surface","southern_and_central_north_sea","unknown_not_harmonized",2002,"provider_station","2002-01-10","2002-12-17",16,16,21,47,63
"DS03","RWS_MWTL","TERSLG175_surface","southern_and_central_north_sea","unknown_not_harmonized",2003,"provider_station","2003-01-08","2003-11-11",14,14,23,34.8,36
"DS03","RWS_MWTL","TERSLG175_surface","southern_and_central_north_sea","unknown_not_harmonized",2004,"provider_station","2004-03-10","2004-12-14",16,16,15,30.2,36
"DS03","RWS_MWTL","TERSLG175_surface","southern_and_central_north_sea","unknown_not_harmonized",2005,"provider_station","2005-01-26","2005-12-20",16,16,20,33.2,48
"DS03","RWS_MWTL","TERSLG175_surface","southern_and_central_north_sea","unknown_not_harmonized",2006,"provider_station","2006-02-21","2006-12-19",14,14,21,33.6,70
"DS03","RWS_MWTL","TERSLG175_surface","southern_and_central_north_sea","unknown_not_harmonized",2007,"provider_station","2007-01-24","2007-12-18",15,15,20,47.5,57
"DS03","RWS_MWTL","TERSLG175_surface","southern_and_central_north_sea","unknown_not_harmonized",2008,"provider_station","2008-02-13","2008-12-10",15,15,17.5,43.4,62
"DS03","RWS_MWTL","TERSLG175_surface","southern_and_central_north_sea","unknown_not_harmonized",2009,"provider_station","2009-01-14","2009-12-08",18,18,20,28.4,35
"DS03","RWS_MWTL","TERSLG175_surface","southern_and_central_north_sea","unknown_not_harmonized",2010,"provider_station","2010-01-19","2010-09-21",4,4,84,95.2,98
"DS03","RWS_MWTL","TERSLG175_surface","southern_and_central_north_sea","unknown_not_harmonized",2011,"provider_station","2011-04-12","2011-08-17",3,3,63.5,68.7,70
"DS03","RWS_MWTL","TERSLG175_surface","southern_and_central_north_sea","unknown_not_harmonized",2012,"provider_station","2012-04-24","2012-08-15",3,3,56.5,57.7,58
"DS03","RWS_MWTL","TERSLG175_surface","southern_and_central_north_sea","unknown_not_harmonized",2013,"provider_station","2013-01-15","2013-08-14",4,4,62,86,92
"DS03","RWS_MWTL","TERSLG175_surface","southern_and_central_north_sea","unknown_not_harmonized",2014,"provider_station","2014-01-14","2014-08-20",4,4,62,91.6,99
"DS03","RWS_MWTL","TERSLG175_surface","southern_and_central_north_sea","unknown_not_harmonized",2015,"provider_station","2015-01-27","2015-08-12",4,4,64,74.4,77
"DS03","RWS_MWTL","TERSLG175_surface","southern_and_central_north_sea","unknown_not_harmonized",2016,"provider_station","2016-04-12","2016-08-17",3,3,63.5,63.9,64
"DS03","RWS_MWTL","TERSLG175_surface","southern_and_central_north_sea","unknown_not_harmonized",2017,"provider_station","2017-04-11","2017-08-15",3,3,63,63,63
"DS03","RWS_MWTL","TERSLG175_surface","southern_and_central_north_sea","unknown_not_harmonized",2018,"provider_station","2018-04-17","2018-08-14",3,3,59.5,62.3,63
"DS03","RWS_MWTL","TERSLG175_surface","southern_and_central_north_sea","unknown_not_harmonized",2019,"provider_station","2019-04-16","2019-08-12",3,3,59,85.4,92
"DS03","RWS_MWTL","TERSLG235_bottom","southern_and_central_north_sea","unknown_not_harmonized",1990,"provider_station","1990-06-19","1990-07-17",2,2,28,28,28
"DS03","RWS_MWTL","TERSLG235_bottom","southern_and_central_north_sea","unknown_not_harmonized",1991,"provider_station","1991-06-18","1991-08-14",2,2,57,57,57
"DS03","RWS_MWTL","TERSLG235_bottom","southern_and_central_north_sea","unknown_not_harmonized",1992,"provider_station","1992-06-10","1992-07-30",3,3,25,33,35
"DS03","RWS_MWTL","TERSLG235_bottom","southern_and_central_north_sea","unknown_not_harmonized",1996,"provider_station","1996-05-29","1996-08-27",7,7,14,18,21
"DS03","RWS_MWTL","TERSLG235_bottom","southern_and_central_north_sea","unknown_not_harmonized",1997,"provider_station","1997-06-10","1997-08-27",6,6,15,18,20
"DS03","RWS_MWTL","TERSLG235_bottom","southern_and_central_north_sea","unknown_not_harmonized",1998,"provider_station","1998-05-19","1998-08-11",4,4,35,35.8,36
"DS03","RWS_MWTL","TERSLG235_bottom","southern_and_central_north_sea","unknown_not_harmonized",1999,"provider_station","1999-05-19","1999-08-24",7,7,14.5,24,28
"DS03","RWS_MWTL","TERSLG235_bottom","southern_and_central_north_sea","unknown_not_harmonized",2000,"provider_station","2000-05-16","2000-08-31",7,7,15.5,25,29
"DS03","RWS_MWTL","TERSLG235_bottom","southern_and_central_north_sea","unknown_not_harmonized",2001,"provider_station","2001-05-16","2001-08-28",6,6,14,36.6,41
"DS03","RWS_MWTL","TERSLG235_bottom","southern_and_central_north_sea","unknown_not_harmonized",2002,"provider_station","2002-05-16","2002-09-18",8,8,21,26.8,34
"DS03","RWS_MWTL","TERSLG235_bottom","southern_and_central_north_sea","unknown_not_harmonized",2003,"provider_station","2003-05-14","2003-08-26",6,6,14,32.2,35
"DS03","RWS_MWTL","TERSLG235_bottom","southern_and_central_north_sea","unknown_not_harmonized",2004,"provider_station","2004-05-12","2004-08-24",7,7,14,25.5,28
"DS03","RWS_MWTL","TERSLG235_bottom","southern_and_central_north_sea","unknown_not_harmonized",2005,"provider_station","2005-06-01","2005-08-16",6,6,14,18.8,22
"DS03","RWS_MWTL","TERSLG235_bottom","southern_and_central_north_sea","unknown_not_harmonized",2006,"provider_station","2006-05-10","2006-08-24",6,6,20,34,42
"DS03","RWS_MWTL","TERSLG235_bottom","southern_and_central_north_sea","unknown_not_harmonized",2007,"provider_station","2007-05-22","2007-08-28",6,6,21,21.6,22
"DS03","RWS_MWTL","TERSLG235_bottom","southern_and_central_north_sea","unknown_not_harmonized",2008,"provider_station","2008-06-17","2008-08-26",4,4,21,37.8,42
"DS03","RWS_MWTL","TERSLG235_bottom","southern_and_central_north_sea","unknown_not_harmonized",2009,"provider_station","2009-05-12","2009-08-12",7,7,14,18.5,22
"DS03","RWS_MWTL","TERSLG235_bottom","southern_and_central_north_sea","unknown_not_harmonized",2010,"provider_station","2010-04-13","2010-09-21",3,3,80.5,94.5,98
"DS03","RWS_MWTL","TERSLG235_bottom","southern_and_central_north_sea","unknown_not_harmonized",2011,"provider_station","2011-04-12","2011-08-17",3,3,63.5,68.7,70
"DS03","RWS_MWTL","TERSLG235_bottom","southern_and_central_north_sea","unknown_not_harmonized",2012,"provider_station","2012-04-24","2012-08-15",3,3,56.5,56.9,57
"DS03","RWS_MWTL","TERSLG235_bottom","southern_and_central_north_sea","unknown_not_harmonized",2013,"provider_station","2013-04-16","2013-08-14",3,3,60,62.4,63
"DS03","RWS_MWTL","TERSLG235_bottom","southern_and_central_north_sea","unknown_not_harmonized",2014,"provider_station","2014-04-23","2014-04-23",1,1,,,
"DS03","RWS_MWTL","TERSLG235_bottom","southern_and_central_north_sea","unknown_not_harmonized",2018,"provider_station","2018-06-12","2018-06-12",1,1,,,
"DS03","RWS_MWTL","TERSLG235_pycnocline","southern_and_central_north_sea","unknown_not_harmonized",1990,"provider_station","1990-06-07","1990-06-19",2,2,12,12,12
"DS03","RWS_MWTL","TERSLG235_pycnocline","southern_and_central_north_sea","unknown_not_harmonized",1991,"provider_station","1991-06-18","1991-08-14",2,2,57,57,57
"DS03","RWS_MWTL","TERSLG235_pycnocline","southern_and_central_north_sea","unknown_not_harmonized",1992,"provider_station","1992-06-10","1992-07-30",3,3,25,32.2,34
"DS03","RWS_MWTL","TERSLG235_pycnocline","southern_and_central_north_sea","unknown_not_harmonized",1996,"provider_station","1996-05-29","1996-08-27",7,7,14,18,21
"DS03","RWS_MWTL","TERSLG235_pycnocline","southern_and_central_north_sea","unknown_not_harmonized",1997,"provider_station","1997-06-10","1997-08-27",6,6,15,18,20
"DS03","RWS_MWTL","TERSLG235_pycnocline","southern_and_central_north_sea","unknown_not_harmonized",1998,"provider_station","1998-05-19","1998-08-11",4,4,35,35.8,36
"DS03","RWS_MWTL","TERSLG235_pycnocline","southern_and_central_north_sea","unknown_not_harmonized",1999,"provider_station","1999-05-19","1999-08-24",7,7,14.5,24,28
"DS03","RWS_MWTL","TERSLG235_pycnocline","southern_and_central_north_sea","unknown_not_harmonized",2000,"provider_station","2000-05-16","2000-08-31",7,7,15.5,25,29
"DS03","RWS_MWTL","TERSLG235_pycnocline","southern_and_central_north_sea","unknown_not_harmonized",2001,"provider_station","2001-05-16","2001-08-28",6,6,14,36.6,41
"DS03","RWS_MWTL","TERSLG235_pycnocline","southern_and_central_north_sea","unknown_not_harmonized",2002,"provider_station","2002-05-16","2002-09-18",8,8,21,26.8,34
"DS03","RWS_MWTL","TERSLG235_pycnocline","southern_and_central_north_sea","unknown_not_harmonized",2003,"provider_station","2003-05-14","2003-08-26",6,6,14,32.2,35
"DS03","RWS_MWTL","TERSLG235_pycnocline","southern_and_central_north_sea","unknown_not_harmonized",2004,"provider_station","2004-05-12","2004-08-24",7,7,14,25.5,28
"DS03","RWS_MWTL","TERSLG235_pycnocline","southern_and_central_north_sea","unknown_not_harmonized",2005,"provider_station","2005-06-01","2005-08-16",6,6,14,18.8,22
"DS03","RWS_MWTL","TERSLG235_pycnocline","southern_and_central_north_sea","unknown_not_harmonized",2006,"provider_station","2006-05-10","2006-08-24",6,6,20,34,42
"DS03","RWS_MWTL","TERSLG235_pycnocline","southern_and_central_north_sea","unknown_not_harmonized",2007,"provider_station","2007-05-22","2007-08-28",6,6,21,21.6,22
"DS03","RWS_MWTL","TERSLG235_pycnocline","southern_and_central_north_sea","unknown_not_harmonized",2008,"provider_station","2008-05-14","2008-09-16",7,7,21,30.5,34
"DS03","RWS_MWTL","TERSLG235_pycnocline","southern_and_central_north_sea","unknown_not_harmonized",2009,"provider_station","2009-05-12","2009-08-12",7,7,14,18.5,22
"DS03","RWS_MWTL","TERSLG235_pycnocline","southern_and_central_north_sea","unknown_not_harmonized",2010,"provider_station","2010-04-13","2010-09-21",3,3,80.5,94.5,98
"DS03","RWS_MWTL","TERSLG235_pycnocline","southern_and_central_north_sea","unknown_not_harmonized",2011,"provider_station","2011-04-12","2011-08-17",3,3,63.5,68.7,70
"DS03","RWS_MWTL","TERSLG235_pycnocline","southern_and_central_north_sea","unknown_not_harmonized",2012,"provider_station","2012-04-24","2012-08-15",3,3,56.5,56.9,57
"DS03","RWS_MWTL","TERSLG235_pycnocline","southern_and_central_north_sea","unknown_not_harmonized",2013,"provider_station","2013-04-16","2013-08-14",3,3,60,62.4,63
"DS03","RWS_MWTL","TERSLG235_pycnocline","southern_and_central_north_sea","unknown_not_harmonized",2014,"provider_station","2014-04-23","2014-04-23",1,1,,,
"DS03","RWS_MWTL","TERSLG235_pycnocline","southern_and_central_north_sea","unknown_not_harmonized",2018,"provider_station","2018-06-11","2018-06-11",1,1,,,
"DS03","RWS_MWTL","TERSLG235_surface","southern_and_central_north_sea","unknown_not_harmonized",1990,"provider_station","1990-01-04","1990-12-18",14,14,23,46.6,76
"DS03","RWS_MWTL","TERSLG235_surface","southern_and_central_north_sea","unknown_not_harmonized",1991,"provider_station","1991-01-16","1991-12-11",14,14,21,35.6,43
"DS03","RWS_MWTL","TERSLG235_surface","southern_and_central_north_sea","unknown_not_harmonized",1992,"provider_station","1992-01-14","1992-12-09",15,15,18.5,42.2,57
"DS03","RWS_MWTL","TERSLG235_surface","southern_and_central_north_sea","unknown_not_harmonized",1993,"provider_station","1993-02-02","1993-11-17",14,14,20,34.8,57
"DS03","RWS_MWTL","TERSLG235_surface","southern_and_central_north_sea","unknown_not_harmonized",1994,"provider_station","1994-01-11","1994-12-21",15,15,21,41.7,57
"DS03","RWS_MWTL","TERSLG235_surface","southern_and_central_north_sea","unknown_not_harmonized",1995,"provider_station","1995-03-14","1995-11-08",14,14,21,27.6,35
"DS03","RWS_MWTL","TERSLG235_surface","southern_and_central_north_sea","unknown_not_harmonized",1996,"provider_station","1996-02-27","1996-11-27",14,14,16,43.6,50
"DS03","RWS_MWTL","TERSLG235_surface","southern_and_central_north_sea","unknown_not_harmonized",1997,"provider_station","1997-01-15","1997-12-23",14,14,20,52,55
"DS03","RWS_MWTL","TERSLG235_surface","southern_and_central_north_sea","unknown_not_harmonized",1998,"provider_station","1998-01-13","1998-12-22",13,13,31.5,42,57
"DS03","RWS_MWTL","TERSLG235_surface","southern_and_central_north_sea","unknown_not_harmonized",1999,"provider_station","1999-01-21","1999-09-15",12,12,15,50,54
"DS03","RWS_MWTL","TERSLG235_surface","southern_and_central_north_sea","unknown_not_harmonized",2000,"provider_station","2000-01-25","2000-11-14",14,14,21,34.6,47
"DS03","RWS_MWTL","TERSLG235_surface","southern_and_central_north_sea","unknown_not_harmonized",2001,"provider_station","2001-01-10","2001-12-11",11,11,33,56.2,76
"DS03","RWS_MWTL","TERSLG235_surface","southern_and_central_north_sea","unknown_not_harmonized",2002,"provider_station","2002-01-10","2002-12-17",15,15,21.5,49,63
"DS03","RWS_MWTL","TERSLG235_surface","southern_and_central_north_sea","unknown_not_harmonized",2003,"provider_station","2003-01-08","2003-11-11",14,14,23,34.8,36
"DS03","RWS_MWTL","TERSLG235_surface","southern_and_central_north_sea","unknown_not_harmonized",2004,"provider_station","2004-03-10","2004-12-14",16,16,15,30.2,36
"DS03","RWS_MWTL","TERSLG235_surface","southern_and_central_north_sea","unknown_not_harmonized",2005,"provider_station","2005-01-26","2005-12-20",16,16,20,33.8,48
"DS03","RWS_MWTL","TERSLG235_surface","southern_and_central_north_sea","unknown_not_harmonized",2006,"provider_station","2006-02-21","2006-12-19",14,14,20,33.6,70
"DS03","RWS_MWTL","TERSLG235_surface","southern_and_central_north_sea","unknown_not_harmonized",2007,"provider_station","2007-01-24","2007-12-18",15,15,20,47.2,57
"DS03","RWS_MWTL","TERSLG235_surface","southern_and_central_north_sea","unknown_not_harmonized",2008,"provider_station","2008-01-29","2008-12-10",16,16,15,41.2,62
"DS03","RWS_MWTL","TERSLG235_surface","southern_and_central_north_sea","unknown_not_harmonized",2009,"provider_station","2009-01-14","2009-12-08",18,18,20,28.4,35
"DS03","RWS_MWTL","TERSLG235_surface","southern_and_central_north_sea","unknown_not_harmonized",2010,"provider_station","2010-01-19","2010-09-21",4,4,84,95.2,98
"DS03","RWS_MWTL","TERSLG235_surface","southern_and_central_north_sea","unknown_not_harmonized",2011,"provider_station","2011-04-12","2011-08-17",3,3,63.5,68.7,70
"DS03","RWS_MWTL","TERSLG235_surface","southern_and_central_north_sea","unknown_not_harmonized",2012,"provider_station","2012-01-17","2012-08-15",4,4,57,89.8,98
"DS03","RWS_MWTL","TERSLG235_surface","southern_and_central_north_sea","unknown_not_harmonized",2013,"provider_station","2013-01-15","2013-08-14",4,4,63,86.2,92
"DS03","RWS_MWTL","TERSLG235_surface","southern_and_central_north_sea","unknown_not_harmonized",2014,"provider_station","2014-01-14","2014-08-20",4,4,62,91.6,99
"DS03","RWS_MWTL","TERSLG235_surface","southern_and_central_north_sea","unknown_not_harmonized",2015,"provider_station","2015-01-27","2015-08-11",4,4,64,74.4,77
"DS03","RWS_MWTL","TERSLG235_surface","southern_and_central_north_sea","unknown_not_harmonized",2016,"provider_station","2016-04-12","2016-08-17",3,3,63.5,63.9,64
"DS03","RWS_MWTL","TERSLG235_surface","southern_and_central_north_sea","unknown_not_harmonized",2017,"provider_station","2017-04-11","2017-08-15",3,3,63,63,63
"DS03","RWS_MWTL","TERSLG235_surface","southern_and_central_north_sea","unknown_not_harmonized",2018,"provider_station","2018-04-17","2018-08-14",3,3,59.5,62.3,63
"DS03","RWS_MWTL","TERSLG235_surface","southern_and_central_north_sea","unknown_not_harmonized",2019,"provider_station","2019-04-16","2019-08-12",3,3,59,85.4,92
"DS03","RWS_MWTL","TERSLG4_surface","southern_and_central_north_sea","unknown_not_harmonized",1990,"provider_station","1990-01-03","1990-12-17",16,16,20,40.6,77
"DS03","RWS_MWTL","TERSLG4_surface","southern_and_central_north_sea","unknown_not_harmonized",1991,"provider_station","1991-01-16","1991-12-10",14,14,22,34.8,42
"DS03","RWS_MWTL","TERSLG4_surface","southern_and_central_north_sea","unknown_not_harmonized",1992,"provider_station","1992-01-14","1992-12-10",17,17,17.5,36,52
"DS03","RWS_MWTL","TERSLG4_surface","southern_and_central_north_sea","unknown_not_harmonized",1993,"provider_station","1993-01-28","1993-11-16",14,14,21,36.4,57
"DS03","RWS_MWTL","TERSLG4_surface","southern_and_central_north_sea","unknown_not_harmonized",1994,"provider_station","1994-01-11","1994-11-09",16,16,21,29.6,30
"DS03","RWS_MWTL","TERSLG4_surface","southern_and_central_north_sea","unknown_not_harmonized",1995,"provider_station","1995-01-02","1995-12-07",16,16,21,33.2,71
"DS03","RWS_MWTL","TERSLG4_surface","southern_and_central_north_sea","unknown_not_harmonized",1996,"provider_station","1996-02-27","1996-11-19",14,14,16,38,49
"DS03","RWS_MWTL","TERSLG4_surface","southern_and_central_north_sea","unknown_not_harmonized",1997,"provider_station","1997-01-15","1997-12-23",14,14,20,52,57
"DS03","RWS_MWTL","TERSLG4_surface","southern_and_central_north_sea","unknown_not_harmonized",1998,"provider_station","1998-01-13","1998-12-22",13,13,31,42,56
"DS03","RWS_MWTL","TERSLG4_surface","southern_and_central_north_sea","unknown_not_harmonized",1999,"provider_station","1999-01-21","1999-12-28",12,12,20,54,104
"DS03","RWS_MWTL","TERSLG4_surface","southern_and_central_north_sea","unknown_not_harmonized",2000,"provider_station","2000-01-20","2000-11-14",14,14,21,35.4,47
"DS03","RWS_MWTL","TERSLG4_surface","southern_and_central_north_sea","unknown_not_harmonized",2001,"provider_station","2001-01-09","2001-12-10",12,12,21,53,78
"DS03","RWS_MWTL","TERSLG4_surface","southern_and_central_north_sea","unknown_not_harmonized",2002,"provider_station","2002-01-08","2002-12-17",16,16,21,47.2,64
"DS03","RWS_MWTL","TERSLG4_surface","southern_and_central_north_sea","unknown_not_harmonized",2003,"provider_station","2003-01-07","2003-11-11",15,15,20.5,35.4,39
"DS03","RWS_MWTL","TERSLG4_surface","southern_and_central_north_sea","unknown_not_harmonized",2004,"provider_station","2004-03-10","2004-12-13",16,16,15,30,35
"DS03","RWS_MWTL","TERSLG4_surface","southern_and_central_north_sea","unknown_not_harmonized",2005,"provider_station","2005-01-27","2005-12-20",16,16,21,33.2,47
"DS03","RWS_MWTL","TERSLG4_surface","southern_and_central_north_sea","unknown_not_harmonized",2006,"provider_station","2006-01-10","2006-12-18",18,18,21,28.4,49
"DS03","RWS_MWTL","TERSLG40_bottom","southern_and_central_north_sea","unknown_not_harmonized",1990,"provider_station","1990-09-05","1990-09-05",1,1,,,
"DS03","RWS_MWTL","TERSLG40_pycnocline","southern_and_central_north_sea","unknown_not_harmonized",1990,"provider_station","1990-09-05","1990-09-05",1,1,,,
"DS03","RWS_MWTL","TERSLG40_surface","southern_and_central_north_sea","unknown_not_harmonized",1990,"provider_station","1990-09-05","1990-09-05",1,1,,,
"DS03","RWS_MWTL","TERSLG50_surface","southern_and_central_north_sea","unknown_not_harmonized",1990,"provider_station","1990-01-01","1990-09-05",5,5,52.5,98.7,114
"DS03","RWS_MWTL","TERSLG50_surface","southern_and_central_north_sea","unknown_not_harmonized",2008,"provider_station","2008-02-13","2008-12-10",12,12,16,51,111
"DS03","RWS_MWTL","TERSLG50_surface","southern_and_central_north_sea","unknown_not_harmonized",2010,"provider_station","2010-01-19","2010-12-14",15,15,21,37.8,49
"DS03","RWS_MWTL","TERSLG50_surface","southern_and_central_north_sea","unknown_not_harmonized",2011,"provider_station","2011-03-16","2011-09-20",13,13,15,21,30
"DS03","RWS_MWTL","TERSLG50_surface","southern_and_central_north_sea","unknown_not_harmonized",2012,"provider_station","2012-03-14","2012-10-17",14,14,14,28.4,37
"DS03","RWS_MWTL","TERSLG50_surface","southern_and_central_north_sea","unknown_not_harmonized",2013,"provider_station","2013-03-12","2013-10-15",13,13,20.5,21.9,34
"DS03","RWS_MWTL","TERSLG50_surface","southern_and_central_north_sea","unknown_not_harmonized",2014,"provider_station","2014-03-11","2014-10-14",14,14,14,27.6,29
"DS03","RWS_MWTL","TERSLG50_surface","southern_and_central_north_sea","unknown_not_harmonized",2015,"provider_station","2015-03-11","2015-10-14",14,14,15,26.8,29
"DS03","RWS_MWTL","TERSLG50_surface","southern_and_central_north_sea","unknown_not_harmonized",2016,"provider_station","2016-03-15","2016-10-11",13,13,15,28.1,35
"DS03","RWS_MWTL","TERSLG50_surface","southern_and_central_north_sea","unknown_not_harmonized",2017,"provider_station","2017-03-14","2017-10-16",13,13,14,25.6,43
"DS03","RWS_MWTL","TERSLG50_surface","southern_and_central_north_sea","unknown_not_harmonized",2018,"provider_station","2018-03-13","2018-10-16",13,13,14,34,36
"DS03","RWS_MWTL","TERSLG50_surface","southern_and_central_north_sea","unknown_not_harmonized",2019,"provider_station","2019-04-02","2019-10-29",14,14,15,18.4,33
"DS03","RWS_MWTL","TERSLG70_surface","southern_and_central_north_sea","unknown_not_harmonized",1990,"provider_station","1990-04-10","1990-09-05",6,6,28,39.2,42
"DS03","RWS_MWTL","TEXL10_surface","southern_and_central_north_sea","unknown_not_harmonized",2013,"provider_station","2013-03-12","2013-09-24",7,7,34,39.5,42
"DS03","RWS_MWTL","VLISSGBISSVH_surface","southern_and_central_north_sea","unknown_not_harmonized",1990,"provider_station","1990-04-17","1990-12-10",15,15,14,25.9,35
"DS03","RWS_MWTL","VLISSGBISSVH_surface","southern_and_central_north_sea","unknown_not_harmonized",1991,"provider_station","1991-01-08","1991-12-09",23,23,14,26.4,28
"DS03","RWS_MWTL","VLISSGBISSVH_surface","southern_and_central_north_sea","unknown_not_harmonized",1992,"provider_station","1992-01-13","1992-10-05",16,16,14,28,33
"DS03","RWS_MWTL","VLISSGBISSVH_surface","southern_and_central_north_sea","unknown_not_harmonized",1993,"provider_station","1993-03-01","1993-12-06",16,16,16,28,35
"DS03","RWS_MWTL","VLISSGBISSVH_surface","southern_and_central_north_sea","unknown_not_harmonized",1994,"provider_station","1994-01-04","1994-11-22",17,17,14.5,29,35
"DS03","RWS_MWTL","VLISSGBISSVH_surface","southern_and_central_north_sea","unknown_not_harmonized",1995,"provider_station","1995-02-20","1995-12-18",19,19,14,28,28
"DS03","RWS_MWTL","VLISSGBISSVH_surface","southern_and_central_north_sea","unknown_not_harmonized",1996,"provider_station","1996-02-12","1996-11-18",16,16,14,28,29
"DS03","RWS_MWTL","VLISSGBISSVH_surface","southern_and_central_north_sea","unknown_not_harmonized",1997,"provider_station","1997-01-13","1997-12-22",18,18,14,30.8,35
"DS03","RWS_MWTL","VLISSGBISSVH_surface","southern_and_central_north_sea","unknown_not_harmonized",1998,"provider_station","1998-01-19","1998-12-07",18,18,14,28,29
"DS03","RWS_MWTL","VLISSGBISSVH_surface","southern_and_central_north_sea","unknown_not_harmonized",1999,"provider_station","1999-01-11","1999-12-14",18,18,16,28.4,30
"DS03","RWS_MWTL","VLISSGBISSVH_surface","southern_and_central_north_sea","unknown_not_harmonized",2000,"provider_station","2000-01-17","2000-12-19",18,18,15,29.4,34
"DS03","RWS_MWTL","VLISSGBISSVH_surface","southern_and_central_north_sea","unknown_not_harmonized",2001,"provider_station","2001-01-16","2001-12-19",18,18,16,29.4,34
"DS03","RWS_MWTL","VLISSGBISSVH_surface","southern_and_central_north_sea","unknown_not_harmonized",2002,"provider_station","2002-01-15","2002-12-17",19,19,14,28,28
"DS03","RWS_MWTL","VLISSGBISSVH_surface","southern_and_central_north_sea","unknown_not_harmonized",2003,"provider_station","2003-01-14","2003-12-16",19,19,15,28,28
"DS03","RWS_MWTL","VLISSGBISSVH_surface","southern_and_central_north_sea","unknown_not_harmonized",2004,"provider_station","2004-01-14","2004-12-13",18,18,15,28,54
"DS03","RWS_MWTL","VLISSGBISSVH_surface","southern_and_central_north_sea","unknown_not_harmonized",2005,"provider_station","2005-01-10","2005-12-12",19,19,14.5,28,29
"DS03","RWS_MWTL","VLISSGBISSVH_surface","southern_and_central_north_sea","unknown_not_harmonized",2006,"provider_station","2006-01-09","2006-12-12",19,19,15.5,28,30
"DS03","RWS_MWTL","VLISSGBISSVH_surface","southern_and_central_north_sea","unknown_not_harmonized",2007,"provider_station","2007-01-10","2007-12-10",19,19,15,28,29
"DS03","RWS_MWTL","VLISSGBISSVH_surface","southern_and_central_north_sea","unknown_not_harmonized",2008,"provider_station","2008-01-07","2008-12-08",19,19,15,29.3,30
"DS03","RWS_MWTL","VLISSGBISSVH_surface","southern_and_central_north_sea","unknown_not_harmonized",2009,"provider_station","2009-01-06","2009-12-07",19,19,15,28.3,29
"DS03","RWS_MWTL","VLISSGBISSVH_surface","southern_and_central_north_sea","unknown_not_harmonized",2010,"provider_station","2010-01-04","2010-12-07",19,19,15,28,29
"DS03","RWS_MWTL","VLISSGBISSVH_surface","southern_and_central_north_sea","unknown_not_harmonized",2011,"provider_station","2011-03-01","2011-09-13",14,14,14,25.4,29
"DS03","RWS_MWTL","VLISSGBISSVH_surface","southern_and_central_north_sea","unknown_not_harmonized",2012,"provider_station","2012-03-26","2012-10-11",14,14,14,16,28
"DS03","RWS_MWTL","VLISSGBISSVH_surface","southern_and_central_north_sea","unknown_not_harmonized",2013,"provider_station","2013-02-25","2013-09-12",14,14,14,15,28
"DS03","RWS_MWTL","VLISSGBISSVH_surface","southern_and_central_north_sea","unknown_not_harmonized",2014,"provider_station","2014-02-26","2014-09-08",14,14,14,14.8,29
"DS03","RWS_MWTL","VLISSGBISSVH_surface","southern_and_central_north_sea","unknown_not_harmonized",2015,"provider_station","2015-03-09","2015-09-21",14,14,14,15.8,29
"DS03","RWS_MWTL","VLISSGBISSVH_surface","southern_and_central_north_sea","unknown_not_harmonized",2016,"provider_station","2016-03-07","2016-09-20",14,14,14,16.8,30
"DS03","RWS_MWTL","VLISSGBISSVH_surface","southern_and_central_north_sea","unknown_not_harmonized",2017,"provider_station","2017-03-09","2017-09-19",14,14,14,15,27
"DS03","RWS_MWTL","VLISSGBISSVH_surface","southern_and_central_north_sea","unknown_not_harmonized",2018,"provider_station","2018-03-05","2018-09-20",14,14,14,16.8,29
"DS03","RWS_MWTL","VLISSGBISSVH_surface","southern_and_central_north_sea","unknown_not_harmonized",2019,"provider_station","2019-03-05","2019-09-17",14,14,14,15,27
"DS03","RWS_MWTL","VLISSGBISSVH_surface","southern_and_central_north_sea","unknown_not_harmonized",2020,"provider_station","2020-03-05","2020-09-16",14,14,14,16,28
"DS03","RWS_MWTL","VLISSGBISSVH_surface","southern_and_central_north_sea","unknown_not_harmonized",2021,"provider_station","2021-03-01","2021-09-16",14,14,14,16.6,28
"DS03","RWS_MWTL","VLISSGBISSVH_surface","southern_and_central_north_sea","unknown_not_harmonized",2022,"provider_station","2022-03-01","2022-09-13",14,14,15,16,28
"DS03","RWS_MWTL","VROUWPDR_surface","outside_or_invalid","unknown_not_harmonized",1993,"provider_station","1993-11-08","1993-11-08",1,1,,,
"DS03","RWS_MWTL","WALCRN2_surface","southern_and_central_north_sea","unknown_not_harmonized",1990,"provider_station","1990-03-20","1990-12-19",9,9,30,43.8,62
"DS03","RWS_MWTL","WALCRN2_surface","southern_and_central_north_sea","unknown_not_harmonized",1991,"provider_station","1991-01-17","1991-12-09",10,10,33,51,83
"DS03","RWS_MWTL","WALCRN2_surface","southern_and_central_north_sea","unknown_not_harmonized",1992,"provider_station","1992-01-15","1992-12-08",10,10,31,47.6,82
"DS03","RWS_MWTL","WALCRN2_surface","southern_and_central_north_sea","unknown_not_harmonized",1993,"provider_station","1993-01-27","1993-11-08",11,11,26.5,39.6,54
"DS03","RWS_MWTL","WALCRN2_surface","southern_and_central_north_sea","unknown_not_harmonized",1994,"provider_station","1994-01-06","1994-12-13",10,10,35,61.2,62
"DS03","RWS_MWTL","WALCRN2_surface","southern_and_central_north_sea","unknown_not_harmonized",1995,"provider_station","1995-01-03","1995-12-06",12,12,31,35,38
"DS03","RWS_MWTL","WALCRN2_surface","southern_and_central_north_sea","unknown_not_harmonized",1996,"provider_station","1996-01-17","1996-11-11",11,11,31.5,38.4,42
"DS03","RWS_MWTL","WALCRN2_surface","southern_and_central_north_sea","unknown_not_harmonized",1997,"provider_station","1997-01-13","1997-12-18",11,11,34,39.3,60
"DS03","RWS_MWTL","WALCRN2_surface","southern_and_central_north_sea","unknown_not_harmonized",1998,"provider_station","1998-01-21","1998-12-15",9,9,38,66.1,71
"DS03","RWS_MWTL","WALCRN2_surface","southern_and_central_north_sea","unknown_not_harmonized",1999,"provider_station","1999-01-12","1999-12-29",11,11,28.5,44.6,77
"DS03","RWS_MWTL","WALCRN2_surface","southern_and_central_north_sea","unknown_not_harmonized",2000,"provider_station","2000-01-11","2000-12-20",12,12,29,41,41
"DS03","RWS_MWTL","WALCRN2_surface","southern_and_central_north_sea","unknown_not_harmonized",2001,"provider_station","2001-01-15","2001-12-12",12,12,30,36,41
"DS03","RWS_MWTL","WALCRN2_surface","southern_and_central_north_sea","unknown_not_harmonized",2002,"provider_station","2002-01-03","2002-12-23",11,11,35,43.9,61
"DS03","RWS_MWTL","WALCRN2_surface","southern_and_central_north_sea","unknown_not_harmonized",2003,"provider_station","2003-01-09","2003-12-17",12,12,34,36,42
"DS03","RWS_MWTL","WALCRN2_surface","southern_and_central_north_sea","unknown_not_harmonized",2004,"provider_station","2004-01-06","2004-12-15",11,11,30,51.1,70
"DS03","RWS_MWTL","WALCRN2_surface","southern_and_central_north_sea","unknown_not_harmonized",2005,"provider_station","2005-01-27","2005-12-13",12,12,28,36,36
"DS03","RWS_MWTL","WALCRN2_surface","southern_and_central_north_sea","unknown_not_harmonized",2006,"provider_station","2006-01-05","2006-12-20",12,12,35,42,49
"DS03","RWS_MWTL","WALCRN2_surface","southern_and_central_north_sea","unknown_not_harmonized",2007,"provider_station","2007-01-26","2007-11-28",11,11,31.5,39.3,42
"DS03","RWS_MWTL","WALCRN2_surface","southern_and_central_north_sea","unknown_not_harmonized",2008,"provider_station","2008-01-23","2008-11-17",11,11,30.5,35.2,37
"DS03","RWS_MWTL","WALCRN2_surface","southern_and_central_north_sea","unknown_not_harmonized",2009,"provider_station","2009-01-08","2009-12-09",12,12,29,37,40
"DS03","RWS_MWTL","WALCRN2_surface","southern_and_central_north_sea","unknown_not_harmonized",2010,"provider_station","2010-01-11","2010-12-15",12,12,29,41,42
"DS03","RWS_MWTL","WALCRN2_surface","southern_and_central_north_sea","unknown_not_harmonized",2011,"provider_station","2011-03-10","2011-09-14",7,7,31,42.5,50
"DS03","RWS_MWTL","WALCRN2_surface","southern_and_central_north_sea","unknown_not_harmonized",2012,"provider_station","2012-03-19","2012-09-13",7,7,29,36,42
"DS03","RWS_MWTL","WALCRN2_surface","southern_and_central_north_sea","unknown_not_harmonized",2013,"provider_station","2013-03-13","2013-09-19",7,7,34,40.5,43
"DS03","RWS_MWTL","WALCRN2_surface","southern_and_central_north_sea","unknown_not_harmonized",2014,"provider_station","2014-03-18","2014-09-15",7,7,31,35.5,37
"DS03","RWS_MWTL","WALCRN2_surface","southern_and_central_north_sea","unknown_not_harmonized",2015,"provider_station","2015-03-12","2015-09-14",7,7,30,36,38
"DS03","RWS_MWTL","WALCRN2_surface","southern_and_central_north_sea","unknown_not_harmonized",2016,"provider_station","2016-03-16","2016-09-12",7,7,28.5,35,35
"DS03","RWS_MWTL","WALCRN2_surface","southern_and_central_north_sea","unknown_not_harmonized",2017,"provider_station","2017-03-15","2017-09-21",7,7,32,35,35
"DS03","RWS_MWTL","WALCRN2_surface","southern_and_central_north_sea","unknown_not_harmonized",2018,"provider_station","2018-03-15","2018-09-12",7,7,28.5,35.5,37
"DS03","RWS_MWTL","WALCRN2_surface","southern_and_central_north_sea","unknown_not_harmonized",2019,"provider_station","2019-04-17","2019-10-30",7,7,30,39.5,48
"DS03","RWS_MWTL","WALCRN2_surface","southern_and_central_north_sea","unknown_not_harmonized",2020,"provider_station","2020-03-19","2020-09-16",7,7,28,34.5,35
"DS03","RWS_MWTL","WALCRN2_surface","southern_and_central_north_sea","unknown_not_harmonized",2021,"provider_station","2021-03-24","2021-11-10",7,7,36,52.5,57
"DS03","RWS_MWTL","WALCRN2_surface","southern_and_central_north_sea","unknown_not_harmonized",2022,"provider_station","2022-03-23","2022-09-20",7,7,29,35.5,36
"DS03","RWS_MWTL","WALCRN20_surface","southern_and_central_north_sea","unknown_not_harmonized",1990,"provider_station","1990-01-05","1990-12-19",10,10,30,64.4,74
"DS03","RWS_MWTL","WALCRN20_surface","southern_and_central_north_sea","unknown_not_harmonized",1991,"provider_station","1991-01-17","1991-12-09",11,11,31,45,63
"DS03","RWS_MWTL","WALCRN20_surface","southern_and_central_north_sea","unknown_not_harmonized",1992,"provider_station","1992-01-15","1992-12-08",10,10,31,47.6,82
"DS03","RWS_MWTL","WALCRN20_surface","southern_and_central_north_sea","unknown_not_harmonized",1993,"provider_station","1993-01-27","1993-12-20",11,11,30,43.2,54
"DS03","RWS_MWTL","WALCRN20_surface","southern_and_central_north_sea","unknown_not_harmonized",1994,"provider_station","1994-01-06","1994-12-13",12,12,28,36,38
"DS03","RWS_MWTL","WALCRN20_surface","southern_and_central_north_sea","unknown_not_harmonized",1995,"provider_station","1995-01-03","1995-12-06",12,12,31,35,38
"DS03","RWS_MWTL","WALCRN20_surface","southern_and_central_north_sea","unknown_not_harmonized",1996,"provider_station","1996-01-17","1996-11-11",11,11,31.5,38.4,42
"DS03","RWS_MWTL","WALCRN20_surface","southern_and_central_north_sea","unknown_not_harmonized",1997,"provider_station","1997-01-13","1997-12-18",11,11,34,39.3,60
"DS03","RWS_MWTL","WALCRN20_surface","southern_and_central_north_sea","unknown_not_harmonized",1998,"provider_station","1998-01-21","1998-12-15",9,9,38,66.8,71
"DS03","RWS_MWTL","WALCRN20_surface","southern_and_central_north_sea","unknown_not_harmonized",1999,"provider_station","1999-01-11","1999-12-29",11,11,29,44.6,77
"DS03","RWS_MWTL","WALCRN20_surface","southern_and_central_north_sea","unknown_not_harmonized",2000,"provider_station","2000-01-10","2000-12-20",12,12,31,41,42
"DS03","RWS_MWTL","WALCRN20_surface","southern_and_central_north_sea","unknown_not_harmonized",2001,"provider_station","2001-01-15","2001-12-12",12,12,30,36,41
"DS03","RWS_MWTL","WALCRN20_surface","southern_and_central_north_sea","unknown_not_harmonized",2002,"provider_station","2002-01-03","2002-12-23",11,11,35.5,43.8,60
"DS03","RWS_MWTL","WALCRN20_surface","southern_and_central_north_sea","unknown_not_harmonized",2003,"provider_station","2003-01-09","2003-12-17",12,12,34,36,42
"DS03","RWS_MWTL","WALCRN20_surface","southern_and_central_north_sea","unknown_not_harmonized",2004,"provider_station","2004-01-06","2004-12-15",11,11,30,51.1,70
"DS03","RWS_MWTL","WALCRN20_surface","southern_and_central_north_sea","unknown_not_harmonized",2005,"provider_station","2005-01-28","2005-12-13",11,11,30.5,37.4,50
"DS03","RWS_MWTL","WALCRN20_surface","southern_and_central_north_sea","unknown_not_harmonized",2006,"provider_station","2006-01-05","2006-12-20",12,12,35,42,49
"DS03","RWS_MWTL","WALCRN20_surface","southern_and_central_north_sea","unknown_not_harmonized",2007,"provider_station","2007-01-26","2007-11-27",11,11,31.5,39.3,42
"DS03","RWS_MWTL","WALCRN20_surface","southern_and_central_north_sea","unknown_not_harmonized",2008,"provider_station","2008-01-23","2008-12-11",12,12,28,35,37
"DS03","RWS_MWTL","WALCRN20_surface","southern_and_central_north_sea","unknown_not_harmonized",2009,"provider_station","2009-01-08","2009-12-09",12,12,29,37,40
"DS03","RWS_MWTL","WALCRN20_surface","southern_and_central_north_sea","unknown_not_harmonized",2010,"provider_station","2010-01-11","2010-12-15",12,12,29,41,42
"DS03","RWS_MWTL","WALCRN20_surface","southern_and_central_north_sea","unknown_not_harmonized",2011,"provider_station","2011-03-10","2011-09-15",7,7,31,42.5,50
"DS03","RWS_MWTL","WALCRN20_surface","southern_and_central_north_sea","unknown_not_harmonized",2012,"provider_station","2012-03-19","2012-09-13",7,7,29,36,42
"DS03","RWS_MWTL","WALCRN20_surface","southern_and_central_north_sea","unknown_not_harmonized",2013,"provider_station","2013-03-13","2013-09-19",7,7,34,40,43
"DS03","RWS_MWTL","WALCRN20_surface","southern_and_central_north_sea","unknown_not_harmonized",2014,"provider_station","2014-03-18","2014-09-15",7,7,31,35.5,37
"DS03","RWS_MWTL","WALCRN20_surface","southern_and_central_north_sea","unknown_not_harmonized",2015,"provider_station","2015-03-12","2015-09-15",7,7,30.5,36,38
"DS03","RWS_MWTL","WALCRN20_surface","southern_and_central_north_sea","unknown_not_harmonized",2016,"provider_station","2016-03-16","2016-09-12",7,7,28.5,35,35
"DS03","RWS_MWTL","WALCRN20_surface","southern_and_central_north_sea","unknown_not_harmonized",2017,"provider_station","2017-03-15","2017-09-21",7,7,32,35,35
"DS03","RWS_MWTL","WALCRN20_surface","southern_and_central_north_sea","unknown_not_harmonized",2018,"provider_station","2018-03-15","2018-09-12",7,7,28.5,35.5,37
"DS03","RWS_MWTL","WALCRN20_surface","southern_and_central_north_sea","unknown_not_harmonized",2019,"provider_station","2019-04-17","2019-10-30",7,7,30,39.5,48
"DS03","RWS_MWTL","WALCRN20_surface","southern_and_central_north_sea","unknown_not_harmonized",2020,"provider_station","2020-03-19","2020-09-16",6,6,28,51.2,62
"DS03","RWS_MWTL","WALCRN20_surface","southern_and_central_north_sea","unknown_not_harmonized",2021,"provider_station","2021-03-24","2021-11-10",7,7,35.5,53,57
"DS03","RWS_MWTL","WALCRN20_surface","southern_and_central_north_sea","unknown_not_harmonized",2022,"provider_station","2022-03-23","2022-09-20",7,7,28,36,36
"DS03","RWS_MWTL","WALCRN70_surface","southern_and_central_north_sea","unknown_not_harmonized",1990,"provider_station","1990-01-05","1990-12-20",9,9,32.5,65.6,74
"DS03","RWS_MWTL","WALCRN70_surface","southern_and_central_north_sea","unknown_not_harmonized",1991,"provider_station","1991-01-17","1991-12-09",11,11,32,45,63
"DS03","RWS_MWTL","WALCRN70_surface","southern_and_central_north_sea","unknown_not_harmonized",1992,"provider_station","1992-01-15","1992-12-08",9,9,31.5,73.6,82
"DS03","RWS_MWTL","WALCRN70_surface","southern_and_central_north_sea","unknown_not_harmonized",1993,"provider_station","1993-01-27","1993-12-20",11,11,30.5,42.4,55
"DS03","RWS_MWTL","WALCRN70_surface","southern_and_central_north_sea","unknown_not_harmonized",1994,"provider_station","1994-01-06","1994-12-13",12,12,28,36,38
"DS03","RWS_MWTL","WALCRN70_surface","southern_and_central_north_sea","unknown_not_harmonized",1995,"provider_station","1995-01-04","1995-12-06",12,12,31,35,38
"DS03","RWS_MWTL","WALCRN70_surface","southern_and_central_north_sea","unknown_not_harmonized",1996,"provider_station","1996-01-17","1996-11-12",11,11,32,38.4,42
"DS03","RWS_MWTL","WALCRN70_surface","southern_and_central_north_sea","unknown_not_harmonized",1997,"provider_station","1997-01-14","1997-12-19",11,11,33.5,40.1,59
"DS03","RWS_MWTL","WALCRN70_surface","southern_and_central_north_sea","unknown_not_harmonized",1998,"provider_station","1998-01-21","1998-12-15",9,9,38,66.8,71
"DS03","RWS_MWTL","WALCRN70_surface","southern_and_central_north_sea","unknown_not_harmonized",1999,"provider_station","1999-01-11","1999-12-29",11,11,29.5,43.7,77
"DS03","RWS_MWTL","WALCRN70_surface","southern_and_central_north_sea","unknown_not_harmonized",2000,"provider_station","2000-01-10","2000-12-20",10,10,30,64.6,71
"DS03","RWS_MWTL","WALCRN70_surface","southern_and_central_north_sea","unknown_not_harmonized",2001,"provider_station","2001-01-15","2001-12-12",12,12,31,36,41
"DS03","RWS_MWTL","WALCRN70_surface","southern_and_central_north_sea","unknown_not_harmonized",2002,"provider_station","2002-01-03","2002-12-23",10,10,36,60.8,64
"DS03","RWS_MWTL","WALCRN70_surface","southern_and_central_north_sea","unknown_not_harmonized",2003,"provider_station","2003-01-09","2003-12-17",12,12,34,40,42
"DS03","RWS_MWTL","WALCRN70_surface","southern_and_central_north_sea","unknown_not_harmonized",2004,"provider_station","2004-01-06","2004-12-15",11,11,30,51.1,70
"DS03","RWS_MWTL","WALCRN70_surface","southern_and_central_north_sea","unknown_not_harmonized",2005,"provider_station","2005-01-28","2005-12-13",12,12,28,36,36
"DS03","RWS_MWTL","WALCRN70_surface","southern_and_central_north_sea","unknown_not_harmonized",2006,"provider_station","2006-01-05","2006-12-20",12,12,35,43,49
"DS03","RWS_MWTL","WALCRN70_surface","southern_and_central_north_sea","unknown_not_harmonized",2007,"provider_station","2007-01-26","2007-11-27",10,10,33,45.2,70
"DS03","RWS_MWTL","WALCRN70_surface","southern_and_central_north_sea","unknown_not_harmonized",2008,"provider_station","2008-01-23","2008-12-12",12,12,28,35,37
"DS03","RWS_MWTL","WALCRN70_surface","southern_and_central_north_sea","unknown_not_harmonized",2009,"provider_station","2009-01-08","2009-12-09",12,12,29,37,40
"DS03","RWS_MWTL","WALCRN70_surface","southern_and_central_north_sea","unknown_not_harmonized",2010,"provider_station","2010-01-11","2010-12-15",12,12,30,42,42
"DS03","RWS_MWTL","WALCRN70_surface","southern_and_central_north_sea","unknown_not_harmonized",2011,"provider_station","2011-03-10","2011-09-15",7,7,30.5,42,49
"DS03","RWS_MWTL","WALCRN70_surface","southern_and_central_north_sea","unknown_not_harmonized",2012,"provider_station","2012-03-19","2012-09-13",7,7,29,36,42
"DS03","RWS_MWTL","WALCRN70_surface","southern_and_central_north_sea","unknown_not_harmonized",2013,"provider_station","2013-03-13","2013-09-19",7,7,34,40,43
"DS03","RWS_MWTL","WALCRN70_surface","southern_and_central_north_sea","unknown_not_harmonized",2014,"provider_station","2014-03-18","2014-09-15",7,7,31,35.5,37
"DS03","RWS_MWTL","WALCRN70_surface","southern_and_central_north_sea","unknown_not_harmonized",2015,"provider_station","2015-03-12","2015-09-14",7,7,30.5,36,38
"DS03","RWS_MWTL","WALCRN70_surface","southern_and_central_north_sea","unknown_not_harmonized",2016,"provider_station","2016-03-16","2016-09-12",7,7,28.5,35.5,36
"DS03","RWS_MWTL","WALCRN70_surface","southern_and_central_north_sea","unknown_not_harmonized",2017,"provider_station","2017-03-15","2017-09-21",7,7,31.5,35,35
"DS03","RWS_MWTL","WALCRN70_surface","southern_and_central_north_sea","unknown_not_harmonized",2018,"provider_station","2018-03-14","2018-09-12",7,7,28.5,36.5,37
"DS03","RWS_MWTL","WALCRN70_surface","southern_and_central_north_sea","unknown_not_harmonized",2019,"provider_station","2019-04-17","2019-10-30",7,7,30,40,48
"DS03","RWS_MWTL","WESTZN_bottom","outside_or_invalid","unknown_not_harmonized",2015,"provider_station","2015-04-08","2015-09-22",7,7,28,29,29
"DS03","RWS_MWTL","WESTZN_bottom","outside_or_invalid","unknown_not_harmonized",2016,"provider_station","2016-04-05","2016-09-21",7,7,28,29,29
"DS03","RWS_MWTL","WESTZN_bottom","outside_or_invalid","unknown_not_harmonized",2017,"provider_station","2017-04-04","2017-09-20",7,7,28,29,29
"DS03","RWS_MWTL","WESTZN_bottom","outside_or_invalid","unknown_not_harmonized",2018,"provider_station","2018-04-05","2018-09-19",7,7,28,28.5,29
"DS03","RWS_MWTL","WESTZN_bottom","outside_or_invalid","unknown_not_harmonized",2019,"provider_station","2019-04-02","2019-09-19",7,7,28.5,40,50
"DS03","RWS_MWTL","WESTZN_surface","outside_or_invalid","unknown_not_harmonized",2014,"provider_station","2014-04-08","2014-09-23",7,7,28,28.5,29
"DS03","RWS_MWTL","WESTZN_surface","outside_or_invalid","unknown_not_harmonized",2015,"provider_station","2015-04-08","2015-09-22",7,7,28,29,29
"DS03","RWS_MWTL","WESTZN_surface","outside_or_invalid","unknown_not_harmonized",2016,"provider_station","2016-04-05","2016-09-21",7,7,28,29,29
"DS03","RWS_MWTL","WESTZN_surface","outside_or_invalid","unknown_not_harmonized",2017,"provider_station","2017-04-04","2017-09-20",7,7,28,29,29
"DS03","RWS_MWTL","WESTZN_surface","outside_or_invalid","unknown_not_harmonized",2018,"provider_station","2018-04-05","2018-09-19",7,7,28,28.5,29
"DS03","RWS_MWTL","WESTZN_surface","outside_or_invalid","unknown_not_harmonized",2019,"provider_station","2019-04-02","2019-09-19",7,7,28.5,40,50
"DS03","RWS_MWTL","WISSKKE_surface","southern_and_central_north_sea","unknown_not_harmonized",1990,"provider_station","1990-04-09","1990-12-04",15,15,14.5,26.2,28
"DS03","RWS_MWTL","WISSKKE_surface","southern_and_central_north_sea","unknown_not_harmonized",1991,"provider_station","1991-01-09","1991-12-17",20,20,15,28,29
"DS03","RWS_MWTL","WISSKKE_surface","southern_and_central_north_sea","unknown_not_harmonized",1992,"provider_station","1992-01-14","1992-10-06",16,16,15,28,35
"DS03","RWS_MWTL","WISSKKE_surface","southern_and_central_north_sea","unknown_not_harmonized",1993,"provider_station","1993-03-03","1993-12-08",16,16,15,33.2,42
"DS03","RWS_MWTL","WISSKKE_surface","southern_and_central_north_sea","unknown_not_harmonized",1994,"provider_station","1994-01-04","1994-12-13",19,19,14.5,28.6,37
"DS03","RWS_MWTL","WISSKKE_surface","southern_and_central_north_sea","unknown_not_harmonized",1995,"provider_station","1995-01-04","1995-12-04",20,20,14,28,30
"DS03","RWS_MWTL","WISSKKE_surface","southern_and_central_north_sea","unknown_not_harmonized",1996,"provider_station","1996-01-15","1996-12-03",19,19,15,29,36
"DS03","RWS_MWTL","WISSKKE_surface","southern_and_central_north_sea","unknown_not_harmonized",1997,"provider_station","1997-02-04","1997-12-17",19,19,14.5,26,36
"DS03","RWS_MWTL","WISSKKE_surface","southern_and_central_north_sea","unknown_not_harmonized",1998,"provider_station","1998-01-14","1998-12-08",20,20,15,28,28
"DS03","RWS_MWTL","WISSKKE_surface","southern_and_central_north_sea","unknown_not_harmonized",1999,"provider_station","1999-01-18","1999-12-20",20,20,14,30.2,35
"DS03","RWS_MWTL","WISSKKE_surface","southern_and_central_north_sea","unknown_not_harmonized",2000,"provider_station","2000-01-10","2000-12-05",20,20,14,30.6,34
"DS03","RWS_MWTL","WISSKKE_surface","southern_and_central_north_sea","unknown_not_harmonized",2001,"provider_station","2001-01-09","2001-12-17",20,20,15,29.2,35
"DS03","RWS_MWTL","WISSKKE_surface","southern_and_central_north_sea","unknown_not_harmonized",2002,"provider_station","2002-01-14","2002-12-17",20,20,15,28.2,34
"DS03","RWS_MWTL","WISSKKE_surface","southern_and_central_north_sea","unknown_not_harmonized",2003,"provider_station","2003-01-15","2003-12-10",20,20,14,28,29
"DS03","RWS_MWTL","WISSKKE_surface","southern_and_central_north_sea","unknown_not_harmonized",2004,"provider_station","2004-01-20","2004-12-14",20,20,14,27.2,36
"DS03","RWS_MWTL","WISSKKE_surface","southern_and_central_north_sea","unknown_not_harmonized",2005,"provider_station","2005-02-16","2005-12-21",18,18,14,28.4,29
"DS03","RWS_MWTL","WISSKKE_surface","southern_and_central_north_sea","unknown_not_harmonized",2006,"provider_station","2006-01-17","2006-12-19",20,20,14,27.4,30
"DS03","RWS_MWTL","WISSKKE_surface","southern_and_central_north_sea","unknown_not_harmonized",2007,"provider_station","2007-01-17","2007-12-19",20,20,15,28,29
"DS03","RWS_MWTL","WISSKKE_surface","southern_and_central_north_sea","unknown_not_harmonized",2008,"provider_station","2008-01-14","2008-12-16",20,20,15,29,29
"DS03","RWS_MWTL","WISSKKE_surface","southern_and_central_north_sea","unknown_not_harmonized",2009,"provider_station","2009-01-13","2009-12-16",20,20,14,28.2,30
"DS03","RWS_MWTL","WISSKKE_surface","southern_and_central_north_sea","unknown_not_harmonized",2010,"provider_station","2010-01-13","2010-12-15",19,19,15,29.3,30
"DS03","RWS_MWTL","WISSKKE_surface","southern_and_central_north_sea","unknown_not_harmonized",2011,"provider_station","2011-03-08","2011-09-19",14,14,14,15.8,28
"DS03","RWS_MWTL","WISSKKE_surface","southern_and_central_north_sea","unknown_not_harmonized",2012,"provider_station","2012-03-07","2012-09-18",14,14,14,16,26
"DS03","RWS_MWTL","WISSKKE_surface","southern_and_central_north_sea","unknown_not_harmonized",2013,"provider_station","2013-03-05","2013-09-17",14,14,14,15.8,28
"DS03","RWS_MWTL","WISSKKE_surface","southern_and_central_north_sea","unknown_not_harmonized",2014,"provider_station","2014-03-05","2014-09-16",14,14,14,15.8,26
"DS03","RWS_MWTL","WISSKKE_surface","southern_and_central_north_sea","unknown_not_harmonized",2015,"provider_station","2015-03-02","2015-09-16",14,14,14,16.8,31
"DS03","RWS_MWTL","WISSKKE_surface","southern_and_central_north_sea","unknown_not_harmonized",2016,"provider_station","2016-03-01","2016-09-12",14,14,14,15.8,28
"DS03","RWS_MWTL","WISSKKE_surface","southern_and_central_north_sea","unknown_not_harmonized",2017,"provider_station","2017-02-27","2017-09-12",14,14,14,16.8,28
"DS03","RWS_MWTL","WISSKKE_surface","southern_and_central_north_sea","unknown_not_harmonized",2018,"provider_station","2018-02-26","2018-09-10",14,14,14,15,28
"DS03","RWS_MWTL","WISSKKE_surface","southern_and_central_north_sea","unknown_not_harmonized",2019,"provider_station","2019-02-25","2019-09-10",14,14,14,16,31
"DS03","RWS_MWTL","WISSKKE_surface","southern_and_central_north_sea","unknown_not_harmonized",2020,"provider_station","2020-02-25","2020-09-08",12,12,14,28,43
"DS03","RWS_MWTL","WISSKKE_surface","southern_and_central_north_sea","unknown_not_harmonized",2021,"provider_station","2021-03-23","2021-10-18",14,14,14,24.8,28
"DS03","RWS_MWTL","WISSKKE_surface","southern_and_central_north_sea","unknown_not_harmonized",2022,"provider_station","2022-03-22","2022-09-20",14,14,14,15,16
"DS03","RWS_MWTL","ZIJPE_surface","southern_and_central_north_sea","unknown_not_harmonized",1990,"provider_station","1990-04-09","1990-12-04",15,15,14.5,26.2,28
"DS03","RWS_MWTL","ZIJPE_surface","southern_and_central_north_sea","unknown_not_harmonized",1991,"provider_station","1991-01-09","1991-11-19",19,19,15,27.3,29
"DS03","RWS_MWTL","ZIJPE_surface","southern_and_central_north_sea","unknown_not_harmonized",1992,"provider_station","1992-01-14","1992-12-01",17,17,19.5,28,31
"DS03","RWS_MWTL","ZIJPE_surface","southern_and_central_north_sea","unknown_not_harmonized",1993,"provider_station","1993-03-02","1993-12-08",17,17,15,28.5,36
"DS03","RWS_MWTL","ZIJPE_surface","southern_and_central_north_sea","unknown_not_harmonized",1994,"provider_station","1994-01-04","1994-12-18",19,19,14.5,28.6,37
"DS03","RWS_MWTL","ZIJPE_surface","southern_and_central_north_sea","unknown_not_harmonized",1995,"provider_station","1995-01-04","1995-12-04",20,20,14,28,30
"DS03","RWS_MWTL","ZIJPE_surface","southern_and_central_north_sea","unknown_not_harmonized",1996,"provider_station","1996-02-13","1996-11-11",18,18,14,24,29
"DS03","RWS_MWTL","ZIJPE_surface","southern_and_central_north_sea","unknown_not_harmonized",1997,"provider_station","1997-02-04","1997-12-17",19,19,14.5,26,36
"DS03","RWS_MWTL","ZIJPE_surface","southern_and_central_north_sea","unknown_not_harmonized",1998,"provider_station","1998-01-14","1998-12-08",20,20,15,28,28
"DS03","RWS_MWTL","ZIJPE_surface","southern_and_central_north_sea","unknown_not_harmonized",1999,"provider_station","1999-01-18","1999-12-20",20,20,14,30.2,35
"DS03","RWS_MWTL","ZIJPE_surface","southern_and_central_north_sea","unknown_not_harmonized",2000,"provider_station","2000-01-10","2000-12-05",20,20,14,30.6,34
"DS03","RWS_MWTL","ZIJPE_surface","southern_and_central_north_sea","unknown_not_harmonized",2001,"provider_station","2001-01-09","2001-12-17",20,20,14,29.2,35
"DS03","RWS_MWTL","ZIJPE_surface","southern_and_central_north_sea","unknown_not_harmonized",2002,"provider_station","2002-01-14","2002-12-17",20,20,15,28.2,34
"DS03","RWS_MWTL","ZIJPE_surface","southern_and_central_north_sea","unknown_not_harmonized",2003,"provider_station","2003-01-15","2003-12-10",20,20,14,28,29
"DS03","RWS_MWTL","ZIJPE_surface","southern_and_central_north_sea","unknown_not_harmonized",2004,"provider_station","2004-01-20","2004-12-14",20,20,14,27.2,36
"DS03","RWS_MWTL","ZIJPE_surface","southern_and_central_north_sea","unknown_not_harmonized",2005,"provider_station","2005-01-18","2005-12-21",19,19,14.5,29,29
"DS03","RWS_MWTL","ZIJPE_surface","southern_and_central_north_sea","unknown_not_harmonized",2006,"provider_station","2006-01-17","2006-12-19",20,20,14,27.4,30
"DS03","RWS_MWTL","ZIJPE_surface","southern_and_central_north_sea","unknown_not_harmonized",2007,"provider_station","2007-01-17","2007-12-19",20,20,15,28,29
"DS03","RWS_MWTL","ZIJPE_surface","southern_and_central_north_sea","unknown_not_harmonized",2008,"provider_station","2008-01-14","2008-12-16",20,20,14,29,29
"DS03","RWS_MWTL","ZIJPE_surface","southern_and_central_north_sea","unknown_not_harmonized",2009,"provider_station","2009-01-13","2009-12-16",20,20,14,28.2,30
"DS03","RWS_MWTL","ZIJPE_surface","southern_and_central_north_sea","unknown_not_harmonized",2010,"provider_station","2010-01-13","2010-12-15",19,19,15,29.3,30
"DS03","RWS_MWTL","ZIJPE_surface","southern_and_central_north_sea","unknown_not_harmonized",2011,"provider_station","2011-03-08","2011-09-19",14,14,14,15.8,28
"DS03","RWS_MWTL","ZIJPE_surface","southern_and_central_north_sea","unknown_not_harmonized",2012,"provider_station","2012-03-07","2012-09-18",14,14,14,16,26
"DS03","RWS_MWTL","ZIJPE_surface","southern_and_central_north_sea","unknown_not_harmonized",2013,"provider_station","2013-03-05","2013-09-17",14,14,14,15.8,28
"DS03","RWS_MWTL","ZIJPE_surface","southern_and_central_north_sea","unknown_not_harmonized",2014,"provider_station","2014-03-05","2014-09-16",14,14,14,16,26
"DS03","RWS_MWTL","ZIJPE_surface","southern_and_central_north_sea","unknown_not_harmonized",2015,"provider_station","2015-03-02","2015-09-16",14,14,14,17,28
"DS03","RWS_MWTL","ZIJPE_surface","southern_and_central_north_sea","unknown_not_harmonized",2016,"provider_station","2016-03-02","2016-09-12",14,14,14,15.8,27
"DS03","RWS_MWTL","ZIJPE_surface","southern_and_central_north_sea","unknown_not_harmonized",2017,"provider_station","2017-02-27","2017-09-12",14,14,14,16.8,28
"DS03","RWS_MWTL","ZIJPE_surface","southern_and_central_north_sea","unknown_not_harmonized",2018,"provider_station","2018-02-26","2018-09-10",14,14,14,15,28
"DS03","RWS_MWTL","ZIJPE_surface","southern_and_central_north_sea","unknown_not_harmonized",2019,"provider_station","2019-02-25","2019-09-10",14,14,14,16,31
"DS03","RWS_MWTL","ZIJPE_surface","southern_and_central_north_sea","unknown_not_harmonized",2020,"provider_station","2020-02-25","2020-09-08",12,12,14,28,43
"DS03","RWS_MWTL","ZIJPE_surface","southern_and_central_north_sea","unknown_not_harmonized",2021,"provider_station","2021-03-23","2021-10-19",13,13,14,26.8,43
"DS03","RWS_MWTL","ZIJPE_surface","southern_and_central_north_sea","unknown_not_harmonized",2022,"provider_station","2022-03-22","2022-09-20",14,14,14,15,16
"DS03","RWS_MWTL","ZOUTKPLZGT_surface","southern_and_central_north_sea","unknown_not_harmonized",1990,"provider_station","1990-06-21","1990-09-06",4,4,28,28,28
"DS03","RWS_MWTL","ZUIDOLWOT_surface","southern_and_central_north_sea","unknown_not_harmonized",1990,"provider_station","1990-04-05","1990-12-17",14,14,16,30.4,32
"DS03","RWS_MWTL","ZUIDOLWOT_surface","southern_and_central_north_sea","unknown_not_harmonized",1991,"provider_station","1991-01-14","1991-12-18",18,18,15,34.8,46
"DS03","RWS_MWTL","ZUIDOLWOT_surface","southern_and_central_north_sea","unknown_not_harmonized",1992,"provider_station","1992-01-14","1992-12-03",17,17,15,31,33
"DS03","RWS_MWTL","ZUIDOLWOT_surface","southern_and_central_north_sea","unknown_not_harmonized",1993,"provider_station","1993-01-05","1993-12-13",19,19,15,28.6,37
"DS03","RWS_MWTL","ZUIDOLWOT_surface","southern_and_central_north_sea","unknown_not_harmonized",1994,"provider_station","1994-01-24","1994-12-13",18,18,15,29,37
"DS03","RWS_MWTL","ZUIDOLWOT_surface","southern_and_central_north_sea","unknown_not_harmonized",1995,"provider_station","1995-01-10","1995-12-04",16,16,15,31.2,61
"DS03","RWS_MWTL","ZUIDOLWOT_surface","southern_and_central_north_sea","unknown_not_harmonized",1996,"provider_station","1996-02-28","1996-11-19",15,15,16.5,28.7,30
"DS03","RWS_MWTL","ZUIDOLWOT_surface","southern_and_central_north_sea","unknown_not_harmonized",1997,"provider_station","1997-01-17","1997-12-11",19,19,15,31.9,34
"DS03","RWS_MWTL","ZUIDOLWOT_surface","southern_and_central_north_sea","unknown_not_harmonized",1998,"provider_station","1998-01-09","1998-12-15",21,21,14.5,25.9,42
"DS03","RWS_MWTL","ZUIDOLWOT_surface","southern_and_central_north_sea","unknown_not_harmonized",1999,"provider_station","1999-01-14","1999-12-15",21,21,15.5,25.4,29
"DS03","RWS_MWTL","ZUIDOLWOT_surface","southern_and_central_north_sea","unknown_not_harmonized",2000,"provider_station","2000-01-19","2000-12-18",21,21,15,27.1,29
"DS03","RWS_MWTL","ZUIDOLWOT_surface","southern_and_central_north_sea","unknown_not_harmonized",2001,"provider_station","2001-01-15","2001-12-07",21,21,16,21.8,30
"DS03","RWS_MWTL","ZUIDOLWOT_surface","southern_and_central_north_sea","unknown_not_harmonized",2002,"provider_station","2002-01-07","2002-12-10",21,21,15.5,20.8,43
"DS03","RWS_MWTL","ZUIDOLWOT_surface","southern_and_central_north_sea","unknown_not_harmonized",2003,"provider_station","2003-01-10","2003-12-17",21,21,16,23.5,31
"DS03","RWS_MWTL","ZUIDOLWOT_surface","southern_and_central_north_sea","unknown_not_harmonized",2004,"provider_station","2004-01-19","2004-12-08",19,19,15,28.3,29
"DS03","RWS_MWTL","ZUIDOLWOT_surface","southern_and_central_north_sea","unknown_not_harmonized",2005,"provider_station","2005-01-19","2005-12-12",21,21,14,21,32
"DS03","RWS_MWTL","ZUIDOLWOT_surface","southern_and_central_north_sea","unknown_not_harmonized",2006,"provider_station","2006-01-10","2006-12-15",21,21,15,28.1,29
"DS03","RWS_MWTL","ZUIDOLWOT_surface","southern_and_central_north_sea","unknown_not_harmonized",2007,"provider_station","2007-02-13","2007-12-17",19,19,15,27.3,29
"DS03","RWS_MWTL","ZUIDOLWOT_surface","southern_and_central_north_sea","unknown_not_harmonized",2008,"provider_station","2008-01-17","2008-12-18",18,18,18,33.8,39
"DS03","RWS_MWTL","ZUIDOLWOT_surface","southern_and_central_north_sea","unknown_not_harmonized",2009,"provider_station","2009-01-20","2009-12-14",21,21,15,20,32
"DS03","RWS_MWTL","ZWINDLBSD_surface","outside_or_invalid","unknown_not_harmonized",2018,"provider_station","2018-04-09","2018-09-24",7,7,28,28.5,29
"DS03","RWS_MWTL","ZWINDLBSD_surface","outside_or_invalid","unknown_not_harmonized",2019,"provider_station","2019-04-10","2019-09-25",7,7,28,29,30
"DS09","AWI_SYLT","List_Entrance_Koenigshafen","southern_and_central_north_sea","unknown_not_harmonized",1994,"provider_station","1994-06-02","1994-12-22",87,29,4,9.1,66
"DS09","AWI_SYLT","List_Entrance_Koenigshafen","southern_and_central_north_sea","unknown_not_harmonized",1995,"provider_station","1995-02-02","1995-12-21",135,45,4,10.7,56
"DS09","AWI_SYLT","List_Entrance_Koenigshafen","southern_and_central_north_sea","unknown_not_harmonized",1996,"provider_station","1996-03-11","1996-12-16",108,36,4,11,60
"DS09","AWI_SYLT","List_Entrance_Koenigshafen","southern_and_central_north_sea","unknown_not_harmonized",1997,"provider_station","1997-02-03","1997-12-11",156,52,4,11,28
"DS09","AWI_SYLT","List_Entrance_Koenigshafen","southern_and_central_north_sea","unknown_not_harmonized",1998,"provider_station","1998-01-05","1998-08-31",93,31,4,18.3,45
"DS09","AWI_SYLT","List_Ferry_Terminal","outside_or_invalid","unknown_not_harmonized",1992,"provider_station","1992-08-26","1992-12-02",12,4,35,51.8,56
"DS09","AWI_SYLT","List_Ferry_Terminal","outside_or_invalid","unknown_not_harmonized",1993,"provider_station","1993-01-06","1993-10-21",48,16,7,50.4,63
"DS09","AWI_SYLT","List_Ferry_Terminal","outside_or_invalid","unknown_not_harmonized",1994,"provider_station","1994-04-14","1994-10-06",6,2,175,175,175
"DS09","AWI_SYLT","List_Ferry_Terminal","outside_or_invalid","unknown_not_harmonized",1995,"provider_station","1995-01-12","1995-12-28",84,28,7,39.4,73
"DS09","AWI_SYLT","List_Ferry_Terminal","outside_or_invalid","unknown_not_harmonized",1996,"provider_station","1996-01-15","1996-12-30",66,22,7,32,129
"DS09","AWI_SYLT","List_Ferry_Terminal","outside_or_invalid","unknown_not_harmonized",1997,"provider_station","1997-01-02","1997-12-04",75,25,7,31.7,102
"DS09","AWI_SYLT","List_Ferry_Terminal","outside_or_invalid","unknown_not_harmonized",1998,"provider_station","1998-03-30","1998-07-23",33,11,7,19.7,35
"DS09","AWI_SYLT","List_Ferry_Terminal","outside_or_invalid","unknown_not_harmonized",1999,"provider_station","1999-04-15","1999-10-28",20,10,4,39.5999999999999,158
"DS09","AWI_SYLT","List_Ferry_Terminal","outside_or_invalid","unknown_not_harmonized",2000,"provider_station","2000-04-03","2000-12-14",38,19,4,40.4,91
"DS09","AWI_SYLT","List_Ferry_Terminal","outside_or_invalid","unknown_not_harmonized",2001,"provider_station","2001-04-19","2001-10-18",22,11,7,30.8,119
"DS09","AWI_SYLT","List_Ferry_Terminal","outside_or_invalid","unknown_not_harmonized",2002,"provider_station","2002-02-21","2002-12-27",18,9,41,57.4,77
"DS09","AWI_SYLT","List_Ferry_Terminal","outside_or_invalid","unknown_not_harmonized",2003,"provider_station","2003-01-02","2003-12-17",36,12,16,77,90
"DS09","AWI_SYLT","List_Ferry_Terminal","outside_or_invalid","unknown_not_harmonized",2004,"provider_station","2004-01-08","2004-12-30",27,9,42,80.5,105
"DS09","AWI_SYLT","List_Reede","southern_and_central_north_sea","unknown_not_harmonized",1992,"provider_station","1992-09-02","1992-12-23",36,12,7,14,34
"DS09","AWI_SYLT","List_Reede","southern_and_central_north_sea","unknown_not_harmonized",1993,"provider_station","1993-01-13","1993-12-30",105,35,7,19.2,42
"DS09","AWI_SYLT","List_Reede","southern_and_central_north_sea","unknown_not_harmonized",1994,"provider_station","1994-01-06","1994-12-29",150,50,7,7.2,42
"DS09","AWI_SYLT","List_Reede","southern_and_central_north_sea","unknown_not_harmonized",1995,"provider_station","1995-01-05","1995-12-21",204,68,4,7,38
"DS09","AWI_SYLT","List_Reede","southern_and_central_north_sea","unknown_not_harmonized",1996,"provider_station","1996-03-07","1996-12-19",162,54,4,9.40000000000001,39
"DS09","AWI_SYLT","List_Reede","southern_and_central_north_sea","unknown_not_harmonized",1997,"provider_station","1997-01-16","1997-12-15",207,69,4,7,24
"DS09","AWI_SYLT","List_Reede","southern_and_central_north_sea","unknown_not_harmonized",1998,"provider_station","1998-01-05","1998-12-17",189,63,4,8.8,28
"DS09","AWI_SYLT","List_Reede","southern_and_central_north_sea","unknown_not_harmonized",1999,"provider_station","1999-01-07","1999-12-23",120,60,4,7,79
"DS09","AWI_SYLT","List_Reede","southern_and_central_north_sea","unknown_not_harmonized",2000,"provider_station","2000-01-06","2000-12-21",128,64,4,7,35
"DS09","AWI_SYLT","List_Reede","southern_and_central_north_sea","unknown_not_harmonized",2001,"provider_station","2001-01-04","2001-12-20",110,55,4.5,7.7,35
"DS09","AWI_SYLT","List_Reede","southern_and_central_north_sea","unknown_not_harmonized",2002,"provider_station","2002-01-03","2002-12-19",98,49,7,14,29
"DS09","AWI_SYLT","List_Reede","southern_and_central_north_sea","unknown_not_harmonized",2003,"provider_station","2003-01-23","2003-12-11",120,40,7,14,21
"DS09","AWI_SYLT","List_Reede","southern_and_central_north_sea","unknown_not_harmonized",2004,"provider_station","2004-01-15","2004-12-16",129,43,7,13.9,15
