"stage","category","path","producer_script","script_reference_candidates","exists","size_bytes","sha256","checksum_source","git_tracked","immutable","traceability_state"
"stage2","configuration","config/stage2_ds02_rws_catalogue_acquisition.json","not_applicable_source_or_input","",TRUE,1463,"617551a88a1b96b6d05bb36c36af2d8780ff69d85eb61bef3246de5daddb7f5c","calculated_by_inventory_script",TRUE,FALSE,"source_or_input"
"stage2","configuration","config/stage2_ds02_rws_manual_export_intake.json","not_applicable_source_or_input","",TRUE,3166,"b0fd2477a34cfb22a4002bac9592123096ce441c77120bc66d617130cd45f3e2","calculated_by_inventory_script",TRUE,FALSE,"source_or_input"
"stage2","configuration","config/stage2_ds02_rws_v3_access_diagnosis.json","not_applicable_source_or_input","",TRUE,878,"d8d769099e2bcef13f0c0b9732a57075662b4b736542e068482eedb40c486a96","calculated_by_inventory_script",TRUE,FALSE,"source_or_input"
"stage2","configuration","config/stage2_ds06_smhi_shark_acquisition.json","not_applicable_source_or_input","",TRUE,1517,"d00bcb3dd52cea9203153f4c68058b97adb175c080d8e5f482646da908115aa3","calculated_by_inventory_script",TRUE,FALSE,"source_or_input"
"stage2","configuration","config/stage2_ds26_ifcb_reference_library.json","not_applicable_source_or_input","",TRUE,1304,"f90873de3e244d567a0d9ddf6bc62370e532423a5f2315976fe8d31b569adb30","calculated_by_inventory_script",TRUE,FALSE,"source_or_input"
"stage2","configuration","config/stage2_ds26_smhi_ifcb_acquisition.json","not_applicable_source_or_input","",TRUE,1196,"aa884f28ec6a4d93f8ce2b7b6bdafa366f03ea862ff50befc8c3111dcf6d54e7","calculated_by_inventory_script",TRUE,FALSE,"source_or_input"
"stage2","configuration","config/stage2_emodnet_wfs_geometry.json","not_applicable_source_or_input","",TRUE,2186,"eb86ffae67fe062dd37bb98fe447c53957cba1918f25eea9d6655e4f6c3c9228","calculated_by_inventory_script",TRUE,FALSE,"source_or_input"
"stage2","configuration","config/stage2_emodnet_wfs_survivor_metadata.json","not_applicable_source_or_input","",TRUE,957,"0150eb9657546bd82837804e4fc2011a4b83dffee7fa93a4b7a2b939960a6ef9","calculated_by_inventory_script",TRUE,FALSE,"source_or_input"
"stage2","configuration","config/stage2_record_screening_contract.json","not_applicable_source_or_input","",TRUE,16986,"1734e4360e2b1575741b7ba488160e90411ada61612497370bf3a42cb7264c02","calculated_by_inventory_script",TRUE,FALSE,"source_or_input"
"stage2","generated_data","data/interim/stage2_ds02_rws_duplicate_identity.csv","scripts/02_stage2/datasets/02_inventory_screen_ds02_rws.R","",TRUE,80229808,"bf36e59f4a451df9044d0f6547daff580c454d4872746c70dc634e1ff8cff0e4","metadata/stage2/screening/ds02_rws_output_registry.csv",FALSE,FALSE,"traceable"
"stage2","generated_data","data/interim/stage2_ds02_rws_duplicate_map.csv","scripts/02_stage2/datasets/02_resolve_ds02_rws_duplicates.R","",TRUE,106,"a2aef4ca453012517450bd84643a1d52b76ac84bffd29b3791c23c97b2f28c24","metadata/stage2/screening/ds02_rws_duplicate_resolution_registry.csv",FALSE,FALSE,"traceable"
"stage2","generated_data","data/interim/stage2_ds02_rws_record_screening_resolved.csv","scripts/02_stage2/datasets/02_resolve_ds02_rws_duplicates.R","",TRUE,237865612,"3855d17985b283f78f9fb149131724e36c6483715c149b41bb15ecdcf8feacbd","metadata/stage2/screening/ds02_rws_duplicate_resolution_registry.csv",FALSE,FALSE,"traceable"
"stage2","generated_data","data/interim/stage2_ds02_rws_record_screening.csv","scripts/02_stage2/datasets/02_inventory_screen_ds02_rws.R","",TRUE,227134490,"27976ba9c676ea3fffae10f50a1b91c0939386b2f0e8aa4140ebdb0806763012","metadata/stage2/screening/ds02_rws_output_registry.csv",FALSE,FALSE,"traceable"
"stage2","generated_data","data/interim/stage2_ds06_smhi_shark_duplicate_identity.csv","scripts/02_stage2/datasets/02_inventory_screen_ds06_smhi_shark.R","",TRUE,260740747,"08e7cf6c2c319c13259cede7e76efcb7f27b57925789f55478c688bcab39e4c9","metadata/stage2/screening/ds06_smhi_shark_output_registry.csv",FALSE,FALSE,"traceable"
"stage2","generated_data","data/interim/stage2_ds06_smhi_shark_duplicate_map.csv","scripts/02_stage2/datasets/02_resolve_ds06_smhi_shark_duplicates.R","",TRUE,106,"a2aef4ca453012517450bd84643a1d52b76ac84bffd29b3791c23c97b2f28c24","metadata/stage2/screening/ds06_smhi_shark_duplicate_resolution_registry.csv",FALSE,FALSE,"traceable"
"stage2","generated_data","data/interim/stage2_ds06_smhi_shark_record_screening_resolved.csv","scripts/02_stage2/datasets/02_resolve_ds06_smhi_shark_duplicates.R","",TRUE,483639931,"4e31c3d16bdd6e1e22053158932d7c3b56892b2e137dcc08a7ba8e104bf92c7b","metadata/stage2/screening/ds06_smhi_shark_duplicate_resolution_registry.csv",FALSE,FALSE,"traceable"
"stage2","generated_data","data/interim/stage2_ds06_smhi_shark_record_screening.csv","scripts/02_stage2/datasets/02_inventory_screen_ds06_smhi_shark.R","",TRUE,464029387,"717af33a0d4db5505f920580d8fc8d1f3c389a060eee4405901d786618bce69c","metadata/stage2/screening/ds06_smhi_shark_output_registry.csv",FALSE,FALSE,"traceable"
"stage2","generated_data","data/interim/stage2_ds12_cpr_duplicate_map.csv","scripts/02_stage2/datasets/02_screen_ds12_cpr.R","",TRUE,106,"a2aef4ca453012517450bd84643a1d52b76ac84bffd29b3791c23c97b2f28c24","metadata/stage2/screening/ds12_cpr_output_registry.csv",FALSE,FALSE,"traceable"
"stage2","generated_data","data/interim/stage2_ds12_cpr_record_screening.csv","scripts/02_stage2/datasets/02_screen_ds12_cpr.R","",TRUE,122797043,"0fb6140110121051c93f1a613fbc5139b210f77c4cce9ea7f2ca19139b0a390d","metadata/stage2/screening/ds12_cpr_output_registry.csv",FALSE,FALSE,"traceable"
"stage2","generated_data","data/interim/stage2_ds26_smhi_ifcb_record_screening.csv","scripts/02_stage2/datasets/02_inventory_screen_ds26_smhi_ifcb.R","",TRUE,71057131,"6b3d01b3cfa059f40e9f9589f85800f6849303cce38f90f0ddbf379e58aceeb4","metadata/stage2/screening/ds26_smhi_ifcb_output_registry.csv",FALSE,FALSE,"traceable"
"stage2","raw_evidence","data/raw/stage2/downloaded_files_inventory.md","scripts/02_stage2/control/98_legacy_raw_inventory.R","",TRUE,1725,"ed297debfeea3ad1a012e9cde6920f2c7a0e1f491527875582997bb0e0506341","calculated_by_inventory_script_small_unregistered_raw",FALSE,TRUE,"traceable"
"stage2","raw_evidence","data/raw/stage2/ds02_rws_access/DS02_RWS_V3_ACCESS_20260809T070800Z/response_body.bin","scripts/00_downloads/stage2/09_diagnose_ds02_rws_v3_access.R","",TRUE,0,"e3b0c44298fc1c149afbf4c8996fb92427ae41e4649b934ca495991b7852b855","calculated_by_inventory_script_small_unregistered_raw",FALSE,TRUE,"traceable"
"stage2","raw_evidence","data/raw/stage2/ds02_rws_access/DS02_RWS_V3_ACCESS_20260809T070800Z/response_headers.json","scripts/00_downloads/stage2/09_diagnose_ds02_rws_v3_access.R","",TRUE,305,"c1708876ac564700a6a38891db92c933083cdab6df1d83dac4c8bcc4035b8e46","calculated_by_inventory_script_small_unregistered_raw",FALSE,TRUE,"traceable"
"stage2","raw_evidence","data/raw/stage2/ds02_rws_access/DS02_RWS_V3_ACCESS_20260809T070800Z/run_summary.json","scripts/00_downloads/stage2/09_diagnose_ds02_rws_v3_access.R","",TRUE,438,"8942806d9efdf81431efc0edfc086fc39a96ec9bcce6ebc25bb0858dfdc220ef","calculated_by_inventory_script_small_unregistered_raw",FALSE,TRUE,"traceable"
"stage2","raw_evidence","data/raw/stage2/ds02_rws_access/DS02_RWS_V3_ACCESS_20260809T070800Z/run.log","scripts/00_downloads/stage2/09_diagnose_ds02_rws_v3_access.R","",TRUE,193,"c9c13b404b089bfadac852ab3a87f286aefa3115af21b49a954d4c02be00d679","calculated_by_inventory_script_small_unregistered_raw",FALSE,TRUE,"traceable"
"stage2","raw_evidence","data/raw/stage2/ds02_rws/DS02_RWS_CATALOGUE_20260809T070000Z/catalogue_request.json","scripts/00_downloads/stage2/10_intake_ds02_rws_manual_export.R","",TRUE,285,"66f08159eacdaceb32745d63c4994e16fb47b5d62a357cc91b78d1115184165e","calculated_by_inventory_script_small_unregistered_raw",FALSE,TRUE,"traceable"
"stage2","raw_evidence","data/raw/stage2/ds02_rws/DS02_RWS_CATALOGUE_20260809T070000Z/manifest.csv","scripts/00_downloads/stage2/10_intake_ds02_rws_manual_export.R","",TRUE,3565,"9b0a78459a42d55b98eaea1177138f933cab8093e3f944abf500e916672a9c20","calculated_by_inventory_script_small_unregistered_raw",FALSE,TRUE,"traceable"
"stage2","raw_evidence","data/raw/stage2/ds02_rws/DS02_RWS_CATALOGUE_20260809T070000Z/run_summary.json","scripts/00_downloads/stage2/10_intake_ds02_rws_manual_export.R","",TRUE,610,"46f121d4ccf5e28322187f34a41ee2b317f1d37a820ed244ae50ca1e2b6bc920","calculated_by_inventory_script_small_unregistered_raw",FALSE,TRUE,"traceable"
"stage2","raw_evidence","data/raw/stage2/ds02_rws/DS02_RWS_CATALOGUE_20260809T070000Z/run.log","scripts/00_downloads/stage2/10_intake_ds02_rws_manual_export.R","",TRUE,257,"4f5c83670a2b28da9cf709c5f7ca9a404e5ccff80b079709eae1255e1e3d8476","calculated_by_inventory_script_small_unregistered_raw",FALSE,TRUE,"traceable"
"stage2","raw_evidence","data/raw/stage2/ds02_rws/DS02_RWS_CATALOGUE_20260809T070000Z/rws_extended_catalogue.json","scripts/00_downloads/stage2/10_intake_ds02_rws_manual_export.R","",TRUE,8405714,"2612736a296e771b8567cbbd341151c74de624890d4f45dcadfc768df3c1c21c","data/raw/stage2/ds02_rws/DS02_RWS_CATALOGUE_20260809T070000Z/manifest.csv",FALSE,TRUE,"traceable"
"stage2","raw_evidence","data/raw/stage2/ds02_rws/DS02_RWS_CATALOGUE_20260809T070000Z/rws_phytoplankton.html","scripts/00_downloads/stage2/10_intake_ds02_rws_manual_export.R","",TRUE,41235,"e9df6817b6eb1016875a6f9a1b5148dc9ce63b5c91ae5b784e90b535b26babf5","data/raw/stage2/ds02_rws/DS02_RWS_CATALOGUE_20260809T070000Z/manifest.csv",FALSE,TRUE,"traceable"
"stage2","raw_evidence","data/raw/stage2/ds02_rws/DS02_RWS_CATALOGUE_20260809T070000Z/rws_waterwebservices.html","scripts/00_downloads/stage2/10_intake_ds02_rws_manual_export.R","",TRUE,67770,"d63f240a9906eef033eb139507f13d8b5652d8386024c0a7fe0c9c9147cf3276","data/raw/stage2/ds02_rws/DS02_RWS_CATALOGUE_20260809T070000Z/manifest.csv",FALSE,TRUE,"traceable"
"stage2","raw_evidence","data/raw/stage2/ds02_rws/DS02_RWS_MANUAL_EXPORT_20260809T091700Z/file_inventory.csv","scripts/00_downloads/stage2/10_intake_ds02_rws_manual_export.R","",TRUE,1961,"329c92e22a124930eb9c45bd732d19270a7f013bab39f7348f8fad2dc03109e2","calculated_by_inventory_script_small_unregistered_raw",FALSE,TRUE,"traceable"
"stage2","raw_evidence","data/raw/stage2/ds02_rws/DS02_RWS_MANUAL_EXPORT_20260809T091700Z/intake_parameters.json","scripts/00_downloads/stage2/10_intake_ds02_rws_manual_export.R","",TRUE,1141,"0d90c1232731cb2726c8c3e1546b4f446c1119301206f79ca9fec32fb97741ce","calculated_by_inventory_script_small_unregistered_raw",FALSE,TRUE,"traceable"
"stage2","raw_evidence","data/raw/stage2/ds02_rws/DS02_RWS_MANUAL_EXPORT_20260809T091700Z/intake_summary.csv","scripts/00_downloads/stage2/10_intake_ds02_rws_manual_export.R","",TRUE,1237,"7302a03e613de00edf1f7292b19514b081e0873bba371974d4e823d337e94676","calculated_by_inventory_script_small_unregistered_raw",FALSE,TRUE,"traceable"
"stage2","raw_evidence","data/raw/stage2/ds02_rws/DS02_RWS_MANUAL_EXPORT_20260809T091700Z/manifest.csv","scripts/00_downloads/stage2/10_intake_ds02_rws_manual_export.R","",TRUE,5026,"d57a6a7ab103f66014067536b7eac4936c16372639f73d1bf1316ebc00fb1e6b","calculated_by_inventory_script_small_unregistered_raw",FALSE,TRUE,"traceable"
"stage2","raw_evidence","data/raw/stage2/ds02_rws/DS02_RWS_MANUAL_EXPORT_20260809T091700Z/run_summary.json","scripts/00_downloads/stage2/10_intake_ds02_rws_manual_export.R","",TRUE,743,"c0534160773d59f05356fc1bb3e8f318945de007bf553fda7b62c5da723f7b78","calculated_by_inventory_script_small_unregistered_raw",FALSE,TRUE,"traceable"
"stage2","raw_evidence","data/raw/stage2/ds02_rws/DS02_RWS_MANUAL_EXPORT_20260809T091700Z/run.log","scripts/00_downloads/stage2/10_intake_ds02_rws_manual_export.R","",TRUE,375,"e2d0bbe2264f739b7c9aa5e151cd15b35215e71aa00104283b80a8ced95732b6","calculated_by_inventory_script_small_unregistered_raw",FALSE,TRUE,"traceable"
"stage2","raw_evidence","data/raw/stage2/ds02_rws/RWSNL_Observations_FYTPT_DIATM_1.csv","scripts/00_downloads/stage2/10_intake_ds02_rws_manual_export.R","",TRUE,32034620,"8cbd8caa3f10f134776bbdbede356c4ce5a543f0021584cfc83bfd11f8e8ec72","data/raw/stage2/ds02_rws/DS02_RWS_MANUAL_EXPORT_20260809T091700Z/manifest.csv",FALSE,TRUE,"traceable"
"stage2","raw_evidence","data/raw/stage2/ds02_rws/RWSNL_Observations_FYTPT_DIATM_2.csv","scripts/00_downloads/stage2/10_intake_ds02_rws_manual_export.R","",TRUE,9255804,"cb5af98c969419464f8fb91ab2d20c2dc1835a19702cdbb6bb844ecdcb515f9c","data/raw/stage2/ds02_rws/DS02_RWS_MANUAL_EXPORT_20260809T091700Z/manifest.csv",FALSE,TRUE,"traceable"
"stage2","raw_evidence","data/raw/stage2/ds02_rws/RWSNL_Observations_FYTPT_DIATM_3.csv","scripts/00_downloads/stage2/10_intake_ds02_rws_manual_export.R","",TRUE,7259381,"d7fc1cefb887250bdbed9d3a5e06d58ba0430006646a587b1b9eee76c4466142","data/raw/stage2/ds02_rws/DS02_RWS_MANUAL_EXPORT_20260809T091700Z/manifest.csv",FALSE,TRUE,"traceable"
"stage2","raw_evidence","data/raw/stage2/ds02_rws/RWSNL_Observations_FYTPT_DIATM_4.csv","scripts/00_downloads/stage2/10_intake_ds02_rws_manual_export.R","",TRUE,28383275,"978d8986803d57284dfef0485ae2b451f3d7b127ed5edd8dc4d4eaff512c4e15","data/raw/stage2/ds02_rws/DS02_RWS_MANUAL_EXPORT_20260809T091700Z/manifest.csv",FALSE,TRUE,"traceable"
"stage2","raw_evidence","data/raw/stage2/ds03_eurobis/DS03_EUROBIS_IPT_20260809T111716Z/acquisition.log","scripts/00_downloads/stage2/17_acquire_ds03_eurobis.R","",TRUE,305,"ab771fe9660aec2c374e47a22168b7b578b708d35ae47610fd0d987d215c8451","calculated_by_inventory_script_small_unregistered_raw",FALSE,TRUE,"traceable"
"stage2","raw_evidence","data/raw/stage2/ds03_eurobis/DS03_EUROBIS_IPT_20260809T111716Z/manifest.csv","scripts/00_downloads/stage2/17_acquire_ds03_eurobis.R","",TRUE,250,"14d4170fe32ad17001711edf9f0117966a3241cdbc3d1bb34164afb1deeed272","calculated_by_inventory_script_small_unregistered_raw",FALSE,TRUE,"traceable"
"stage2","raw_evidence","data/raw/stage2/ds03_eurobis/DS03_EUROBIS_IPT_20260809T111716Z/mwtl_phytoplankton.zip","scripts/00_downloads/stage2/17_acquire_ds03_eurobis.R","",TRUE,3286251,"e36779bb9d8d708c6990499bd1368e7d5bc54409bf3e76606b5c061e7f3845a4","data/raw/stage2/ds03_eurobis/DS03_EUROBIS_IPT_20260809T111716Z/manifest.csv",FALSE,TRUE,"traceable"
"stage2","raw_evidence","data/raw/stage2/ds03_eurobis/DS03_EUROBIS_IPT_20260809T111716Z/mwtl_phytoplankton2.zip","scripts/00_downloads/stage2/17_acquire_ds03_eurobis.R","",TRUE,14042200,"f24dc121609d33e3016f0e216db1589aaf02443df807e149a2e74d99ea913d40","data/raw/stage2/ds03_eurobis/DS03_EUROBIS_IPT_20260809T111716Z/manifest.csv",FALSE,TRUE,"traceable"
"stage2","raw_evidence","data/raw/stage2/ds03_eurobis/DS03_EUROBIS_IPT_20260809T183011Z/acquisition.log","scripts/00_downloads/stage2/17_acquire_ds03_eurobis.R","",TRUE,305,"ab771fe9660aec2c374e47a22168b7b578b708d35ae47610fd0d987d215c8451","calculated_by_inventory_script_small_unregistered_raw",FALSE,TRUE,"traceable"
"stage2","raw_evidence","data/raw/stage2/ds03_eurobis/DS03_EUROBIS_IPT_20260809T183011Z/manifest.csv","scripts/00_downloads/stage2/17_acquire_ds03_eurobis.R","",TRUE,250,"14d4170fe32ad17001711edf9f0117966a3241cdbc3d1bb34164afb1deeed272","calculated_by_inventory_script_small_unregistered_raw",FALSE,TRUE,"traceable"
"stage2","raw_evidence","data/raw/stage2/ds03_eurobis/DS03_EUROBIS_IPT_20260809T183011Z/mwtl_phytoplankton.zip","scripts/00_downloads/stage2/17_acquire_ds03_eurobis.R","",TRUE,3286251,"e36779bb9d8d708c6990499bd1368e7d5bc54409bf3e76606b5c061e7f3845a4","data/raw/stage2/ds03_eurobis/DS03_EUROBIS_IPT_20260809T183011Z/manifest.csv",FALSE,TRUE,"traceable"
"stage2","raw_evidence","data/raw/stage2/ds03_eurobis/DS03_EUROBIS_IPT_20260809T183011Z/mwtl_phytoplankton2.zip","scripts/00_downloads/stage2/17_acquire_ds03_eurobis.R","",TRUE,14042200,"f24dc121609d33e3016f0e216db1589aaf02443df807e149a2e74d99ea913d40","data/raw/stage2/ds03_eurobis/DS03_EUROBIS_IPT_20260809T183011Z/manifest.csv",FALSE,TRUE,"traceable"
"stage2","raw_evidence","data/raw/stage2/ds04_plet_bsh/DS04_PLET_BSH_20260809T102924Z/acquisition.log","scripts/00_downloads/stage2/11_acquire_ds04_plet_bsh.R","",TRUE,424,"143a71be3c8829a285d5de42fc4055a0f5041ecba6e2eab172c96e22c4a6d3df","calculated_by_inventory_script_small_unregistered_raw",FALSE,TRUE,"traceable"
"stage2","raw_evidence","data/raw/stage2/ds04_plet_bsh/DS04_PLET_BSH_20260809T102924Z/bsh_phyto_zoo_abundance.csv","scripts/00_downloads/stage2/11_acquire_ds04_plet_bsh.R","",TRUE,5213778662,"610ff77e81208ea9cf9a0c8ca502710a52bdd524a7a5d61a4ef5d13b32a4ff9e","data/raw/stage2/ds04_plet_bsh/DS04_PLET_BSH_20260809T102924Z/manifest.csv",FALSE,TRUE,"traceable"
"stage2","raw_evidence","data/raw/stage2/ds04_plet_bsh/DS04_PLET_BSH_20260809T102924Z/manifest.csv","scripts/00_downloads/stage2/11_acquire_ds04_plet_bsh.R","",TRUE,156,"93d791960e948d50a0126a65b85ca92ba2f63b223dffa0d43bc153b91f18a6e3","calculated_by_inventory_script_small_unregistered_raw",FALSE,TRUE,"traceable"
"stage2","raw_evidence","data/raw/stage2/ds04_plet_bsh/DS04_PLET_BSH_20260809T102924Z/response.html","scripts/00_downloads/stage2/11_acquire_ds04_plet_bsh.R","",TRUE,234,"deb3d3f14312d77fbd096255606b57450610117833049d990c1be27c15928530","calculated_by_inventory_script_small_unregistered_raw",FALSE,TRUE,"traceable"
"stage2","raw_evidence","data/raw/stage2/ds05_plet_novana/DS05_PLET_NOVANA_20260809T103132Z/acquisition.log","scripts/00_downloads/stage2/12_acquire_ds05_plet_novana.R","",TRUE,438,"30b78f3268a8cfd531ae158e60bb1433e64ab1fc8f04a8905edcbd0adb7e5599","calculated_by_inventory_script_small_unregistered_raw",FALSE,TRUE,"traceable"
"stage2","raw_evidence","data/raw/stage2/ds05_plet_novana/DS05_PLET_NOVANA_20260809T103132Z/manifest.csv","scripts/00_downloads/stage2/12_acquire_ds05_plet_novana.R","",TRUE,153,"8107a7fd9eed102dc72443cf7b8728b92bf8d80bacacb712312f6bf12460e7ca","calculated_by_inventory_script_small_unregistered_raw",FALSE,TRUE,"traceable"
"stage2","raw_evidence","data/raw/stage2/ds05_plet_novana/DS05_PLET_NOVANA_20260809T103132Z/novana_phyto_abundance.csv","scripts/00_downloads/stage2/12_acquire_ds05_plet_novana.R","",TRUE,13419497,"099bdf8fab9a90895ab6468be3f678ef5e600a3095e0fbc4d9e22b4571cb8f04","data/raw/stage2/ds05_plet_novana/DS05_PLET_NOVANA_20260809T103132Z/manifest.csv",FALSE,TRUE,"traceable"
"stage2","raw_evidence","data/raw/stage2/ds05_plet_novana/DS05_PLET_NOVANA_20260809T103132Z/response.html","scripts/00_downloads/stage2/12_acquire_ds05_plet_novana.R","",TRUE,234,"fb27a7c99220382316397e63afd988a1b8d6d5123c18ff8f6fa331eff3fe6efa","calculated_by_inventory_script_small_unregistered_raw",FALSE,TRUE,"traceable"
"stage2","raw_evidence","data/raw/stage2/ds06_smhi_shark/DS06_SMHI_SHARK_20260808T191500Z/manifest.csv","scripts/00_downloads/stage2/05_acquire_ds06_smhi_shark.R","",TRUE,255216,"e7c8aeec0f286616dd9080ae7d7be7fb5728f36185209bdd298a3787b2506535","calculated_by_inventory_script_small_unregistered_raw",FALSE,TRUE,"traceable"
"stage2","raw_evidence","data/raw/stage2/ds06_smhi_shark/DS06_SMHI_SHARK_20260808T191500Z/run_summary.json","scripts/00_downloads/stage2/05_acquire_ds06_smhi_shark.R","",TRUE,715,"d35b9269e436919c1bf74f659cbc6bfcdcf5f80ca1c8f45df5f00c331f80b443","calculated_by_inventory_script_small_unregistered_raw",FALSE,TRUE,"traceable"
"stage2","raw_evidence","data/raw/stage2/ds06_smhi_shark/DS06_SMHI_SHARK_20260808T191500Z/run.log","scripts/00_downloads/stage2/05_acquire_ds06_smhi_shark.R","",TRUE,284,"f2b160ef4b298564bb2fc8fbe7bb5531f7738a6076b67f1ad0d01a32f3646736","calculated_by_inventory_script_small_unregistered_raw",FALSE,TRUE,"traceable"
"stage2","raw_evidence","data/raw/stage2/ds06_smhi_shark/DS06_SMHI_SHARK_20260808T191500Z/SHARK_Phytoplankton_1986_2007_SMHI_natdata_planktondb_version_2025-03-09.zip","scripts/00_downloads/stage2/05_acquire_ds06_smhi_shark.R","",TRUE,28557,"443571ba70dc118506e122a6e1c4c40073782abf68a73b7ecf2fc93ede7c5f92","data/raw/stage2/ds06_smhi_shark/DS06_SMHI_SHARK_20260808T191500Z/manifest.csv",FALSE,TRUE,"traceable"
"stage2","raw_evidence","data/raw/stage2/ds06_smhi_shark/DS06_SMHI_SHARK_20260808T191500Z/SHARK_Phytoplankton_1994_1996_SMHI_Anholt_version_2025-03-09.zip","scripts/00_downloads/stage2/05_acquire_ds06_smhi_shark.R","",TRUE,12001,"0432b92b94e68126d03aca9d66ce46167cd8166ed633e55ff0c270665d2ae331","data/raw/stage2/ds06_smhi_shark/DS06_SMHI_SHARK_20260808T191500Z/manifest.csv",FALSE,TRUE,"traceable"
"stage2","raw_evidence","data/raw/stage2/ds06_smhi_shark/DS06_SMHI_SHARK_20260808T191500Z/SHARK_Phytoplankton_1995_2001_UMSC_version_2025-03-09.zip","scripts/00_downloads/stage2/05_acquire_ds06_smhi_shark.R","",TRUE,190115,"3c683afd21be04d11435d8330d4f66ad0b1571def75f0b8425d6e7ffe748ddfb","data/raw/stage2/ds06_smhi_shark/DS06_SMHI_SHARK_20260808T191500Z/manifest.csv",FALSE,TRUE,"traceable"
"stage2","raw_evidence","data/raw/stage2/ds06_smhi_shark/DS06_SMHI_SHARK_20260808T191500Z/SHARK_Phytoplankton_1997_SMHI_Anholt_version_2025-03-09.zip","scripts/00_downloads/stage2/05_acquire_ds06_smhi_shark.R","",TRUE,45622,"2bbe197353f88f561befa0ed2d624f2b1918380970a566fe30bc722d447f5aa6","data/raw/stage2/ds06_smhi_shark/DS06_SMHI_SHARK_20260808T191500Z/manifest.csv",FALSE,TRUE,"traceable"
"stage2","raw_evidence","data/raw/stage2/ds06_smhi_shark/DS06_SMHI_SHARK_20260808T191500Z/SHARK_Phytoplankton_1999_SUSE_version_2025-03-09.zip","scripts/00_downloads/stage2/05_acquire_ds06_smhi_shark.R","",TRUE,83086,"176cb35fe9d9474b0589ad28dcbfc9dea1fa98b0406b15658f06517a2b88dc2d","data/raw/stage2/ds06_smhi_shark/DS06_SMHI_SHARK_20260808T191500Z/manifest.csv",FALSE,TRUE,"traceable"
"stage2","raw_evidence","data/raw/stage2/ds06_smhi_shark/DS06_SMHI_SHARK_20260808T191500Z/SHARK_Phytoplankton_2000_SMHI_Anholt_version_2025-03-09.zip","scripts/00_downloads/stage2/05_acquire_ds06_smhi_shark.R","",TRUE,60441,"da5f4f7ddb3485e1922fc9bdcfb0a2413406aac71ae353bfdccea1aaa8538cda","data/raw/stage2/ds06_smhi_shark/DS06_SMHI_SHARK_20260808T191500Z/manifest.csv",FALSE,TRUE,"traceable"
"stage2","raw_evidence","data/raw/stage2/ds06_smhi_shark/DS06_SMHI_SHARK_20260808T191500Z/SHARK_Phytoplankton_2000_SUSE_version_2025-03-09.zip","scripts/00_downloads/stage2/05_acquire_ds06_smhi_shark.R","",TRUE,92141,"84e62dabc77346eb4e835e88bee761a60c8f7b58fba30021ee3ebe9f10e2bbdc","data/raw/stage2/ds06_smhi_shark/DS06_SMHI_SHARK_20260808T191500Z/manifest.csv",FALSE,TRUE,"traceable"
"stage2","raw_evidence","data/raw/stage2/ds06_smhi_shark/DS06_SMHI_SHARK_20260808T191500Z/SHARK_Phytoplankton_2001_SMHI_A17_version_2025-03-09.zip","scripts/00_downloads/stage2/05_acquire_ds06_smhi_shark.R","",TRUE,40738,"b133d754ee4d81420403f8d89a4dc561c959d5375f7a0d28f8dbace346b1a69e","data/raw/stage2/ds06_smhi_shark/DS06_SMHI_SHARK_20260808T191500Z/manifest.csv",FALSE,TRUE,"traceable"
"stage2","raw_evidence","data/raw/stage2/ds06_smhi_shark/DS06_SMHI_SHARK_20260808T191500Z/SHARK_Phytoplankton_2001_SMHI_Anholt_version_2025-03-09.zip","scripts/00_downloads/stage2/05_acquire_ds06_smhi_shark.R","",TRUE,59352,"11d43cff60b858cdd089ab6a447a1a4e167243c13b2b1ddbb598a625bf4dc915","data/raw/stage2/ds06_smhi_shark/DS06_SMHI_SHARK_20260808T191500Z/manifest.csv",FALSE,TRUE,"traceable"
"stage2","raw_evidence","data/raw/stage2/ds06_smhi_shark/DS06_SMHI_SHARK_20260808T191500Z/SHARK_Phytoplankton_2001_SUSE_version_2025-03-09.zip","scripts/00_downloads/stage2/05_acquire_ds06_smhi_shark.R","",TRUE,71624,"1aa19bfc28661a52f6b05aa910d2a66e8d45524b7ef98fd7b76e925bf89622ae","data/raw/stage2/ds06_smhi_shark/DS06_SMHI_SHARK_20260808T191500Z/manifest.csv",FALSE,TRUE,"traceable"
"stage2","raw_evidence","data/raw/stage2/ds06_smhi_shark/DS06_SMHI_SHARK_20260808T191500Z/SHARK_Phytoplankton_2002_SMHI_HABILE_version_2025-03-09.zip","scripts/00_downloads/stage2/05_acquire_ds06_smhi_shark.R","",TRUE,402831,"d617bac8c37aed7491f674b0c9e4c7265422a801be9a644a2c88f96799810a20","data/raw/stage2/ds06_smhi_shark/DS06_SMHI_SHARK_20260808T191500Z/manifest.csv",FALSE,TRUE,"traceable"
"stage2","raw_evidence","data/raw/stage2/ds06_smhi_shark/DS06_SMHI_SHARK_20260808T191500Z/SHARK_Phytoplankton_2002_SMHI_version_2025-03-09.zip","scripts/00_downloads/stage2/05_acquire_ds06_smhi_shark.R","",TRUE,119198,"e6c77acd165175f8ef8f1996d35b79ceca18daeded7a80811301e39590fedfc2","data/raw/stage2/ds06_smhi_shark/DS06_SMHI_SHARK_20260808T191500Z/manifest.csv",FALSE,TRUE,"traceable"
"stage2","raw_evidence","data/raw/stage2/ds06_smhi_shark/DS06_SMHI_SHARK_20260808T191500Z/SHARK_Phytoplankton_2002_SUSE_version_2025-03-09.zip","scripts/00_downloads/stage2/05_acquire_ds06_smhi_shark.R","",TRUE,58319,"578c6e6cb57d58ef263f987ca733747e4c2d5d381bea5bdf1684323599ad3ef5","data/raw/stage2/ds06_smhi_shark/DS06_SMHI_SHARK_20260808T191500Z/manifest.csv",FALSE,TRUE,"traceable"
"stage2","raw_evidence","data/raw/stage2/ds06_smhi_shark/DS06_SMHI_SHARK_20260808T191500Z/SHARK_Phytoplankton_2002_UMSC_version_2025-03-09.zip","scripts/00_downloads/stage2/05_acquire_ds06_smhi_shark.R","",TRUE,53463,"55420c8d00bee4219dfe57019791f5b244e62e3942167266c42cec0774d9b5ff","data/raw/stage2/ds06_smhi_shark/DS06_SMHI_SHARK_20260808T191500Z/manifest.csv",FALSE,TRUE,"traceable"
"stage2","raw_evidence","data/raw/stage2/ds06_smhi_shark/DS06_SMHI_SHARK_20260808T191500Z/SHARK_Phytoplankton_2003_SMHI_A17_version_2025-03-09.zip","scripts/00_downloads/stage2/05_acquire_ds06_smhi_shark.R","",TRUE,49167,"0fc5d24f8bcb7719bf07d82435510c69d6d1be2c76848662bfeda08b1f7b6839","data/raw/stage2/ds06_smhi_shark/DS06_SMHI_SHARK_20260808T191500Z/manifest.csv",FALSE,TRUE,"traceable"
"stage2","raw_evidence","data/raw/stage2/ds06_smhi_shark/DS06_SMHI_SHARK_20260808T191500Z/SHARK_Phytoplankton_2003_SMHI_version_2025-03-09.zip","scripts/00_downloads/stage2/05_acquire_ds06_smhi_shark.R","",TRUE,45304,"54569e4e1036cf90e8ee6e0ba15c714dcdc4dee5f77b62b5e5e75493aa2e76a0","data/raw/stage2/ds06_smhi_shark/DS06_SMHI_SHARK_20260808T191500Z/manifest.csv",FALSE,TRUE,"traceable"
"stage2","raw_evidence","data/raw/stage2/ds06_smhi_shark/DS06_SMHI_SHARK_20260808T191500Z/SHARK_Phytoplankton_2003_SUSE_version_2025-03-09.zip","scripts/00_downloads/stage2/05_acquire_ds06_smhi_shark.R","",TRUE,75097,"b3c4f754b948dbe55b6b43939f9a789f6bad3327a158679fd5ab549eb789ad97","data/raw/stage2/ds06_smhi_shark/DS06_SMHI_SHARK_20260808T191500Z/manifest.csv",FALSE,TRUE,"traceable"
"stage2","raw_evidence","data/raw/stage2/ds06_smhi_shark/DS06_SMHI_SHARK_20260808T191500Z/SHARK_Phytoplankton_2003_UMSC_version_2025-03-09.zip","scripts/00_downloads/stage2/05_acquire_ds06_smhi_shark.R","",TRUE,63645,"535993aca5a54fab692e3ee493db8cb82d6f070800dcac87171a151fe6c51a40","data/raw/stage2/ds06_smhi_shark/DS06_SMHI_SHARK_20260808T191500Z/manifest.csv",FALSE,TRUE,"traceable"
"stage2","raw_evidence","data/raw/stage2/ds06_smhi_shark/DS06_SMHI_SHARK_20260808T191500Z/SHARK_Phytoplankton_2004_SMHI_version_2025-03-09.zip","scripts/00_downloads/stage2/05_acquire_ds06_smhi_shark.R","",TRUE,173206,"68064ab71ddc9bc19cef5b96dca541433823b6e6f44ce411ba46e2def840999f","data/raw/stage2/ds06_smhi_shark/DS06_SMHI_SHARK_20260808T191500Z/manifest.csv",FALSE,TRUE,"traceable"
"stage2","raw_evidence","data/raw/stage2/ds06_smhi_shark/DS06_SMHI_SHARK_20260808T191500Z/SHARK_Phytoplankton_2004_SUSE_version_2025-03-09.zip","scripts/00_downloads/stage2/05_acquire_ds06_smhi_shark.R","",TRUE,104475,"b14f5dcb443bf59e9ffefe7cc7d71914377f5a38c77522e09e73623e42fe689b","data/raw/stage2/ds06_smhi_shark/DS06_SMHI_SHARK_20260808T191500Z/manifest.csv",FALSE,TRUE,"traceable"
"stage2","raw_evidence","data/raw/stage2/ds06_smhi_shark/DS06_SMHI_SHARK_20260808T191500Z/SHARK_Phytoplankton_2004_UMSC_version_2025-03-09.zip","scripts/00_downloads/stage2/05_acquire_ds06_smhi_shark.R","",TRUE,53542,"772ab939f48a9d65d811f9929afd6e01b4cd9b21233fdc69a0d9b3938941866b","data/raw/stage2/ds06_smhi_shark/DS06_SMHI_SHARK_20260808T191500Z/manifest.csv",FALSE,TRUE,"traceable"
"stage2","raw_evidence","data/raw/stage2/ds06_smhi_shark/DS06_SMHI_SHARK_20260808T191500Z/SHARK_Phytoplankton_2005_SMHI_version_2025-03-09.zip","scripts/00_downloads/stage2/05_acquire_ds06_smhi_shark.R","",TRUE,134297,"628aa1e9d62a6a6e07aec4743210fc4d1ccca25569d8b96956118d7da32a543d","data/raw/stage2/ds06_smhi_shark/DS06_SMHI_SHARK_20260808T191500Z/manifest.csv",FALSE,TRUE,"traceable"
"stage2","raw_evidence","data/raw/stage2/ds06_smhi_shark/DS06_SMHI_SHARK_20260808T191500Z/SHARK_Phytoplankton_2005_SUSE_version_2025-03-09.zip","scripts/00_downloads/stage2/05_acquire_ds06_smhi_shark.R","",TRUE,105341,"671957bed68a9e266831bdd75eea6ce5716069e5e086090c0dd7ca990d7dd242","data/raw/stage2/ds06_smhi_shark/DS06_SMHI_SHARK_20260808T191500Z/manifest.csv",FALSE,TRUE,"traceable"
"stage2","raw_evidence","data/raw/stage2/ds06_smhi_shark/DS06_SMHI_SHARK_20260808T191500Z/SHARK_Phytoplankton_2005_UMSC_version_2025-03-09.zip","scripts/00_downloads/stage2/05_acquire_ds06_smhi_shark.R","",TRUE,37236,"1e0721682e1e1760bc62dec3070049184ea13b033a43cdde2e96d8c5908336fc","data/raw/stage2/ds06_smhi_shark/DS06_SMHI_SHARK_20260808T191500Z/manifest.csv",FALSE,TRUE,"traceable"
"stage2","raw_evidence","data/raw/stage2/ds06_smhi_shark/DS06_SMHI_SHARK_20260808T191500Z/SHARK_Phytoplankton_2006_SMHI_version_2025-03-09.zip","scripts/00_downloads/stage2/05_acquire_ds06_smhi_shark.R","",TRUE,151839,"d339c82b0a4c8d09833c560d04b5caabcfb0c7516a88f2acf813197f5acb3820","data/raw/stage2/ds06_smhi_shark/DS06_SMHI_SHARK_20260808T191500Z/manifest.csv",FALSE,TRUE,"traceable"
"stage2","raw_evidence","data/raw/stage2/ds06_smhi_shark/DS06_SMHI_SHARK_20260808T191500Z/SHARK_Phytoplankton_2006_SUSE_version_2025-03-09.zip","scripts/00_downloads/stage2/05_acquire_ds06_smhi_shark.R","",TRUE,134884,"bd1b54e59e68022c8c897b2c7820c3c1de3afbe209d3a1a98d04c02b4fe8a0c5","data/raw/stage2/ds06_smhi_shark/DS06_SMHI_SHARK_20260808T191500Z/manifest.csv",FALSE,TRUE,"traceable"
"stage2","raw_evidence","data/raw/stage2/ds06_smhi_shark/DS06_SMHI_SHARK_20260808T191500Z/SHARK_Phytoplankton_2006_UMSC_version_2025-03-09.zip","scripts/00_downloads/stage2/05_acquire_ds06_smhi_shark.R","",TRUE,59316,"138312b6b5fe1fb4b91f860718506e728f2294b2052d42ee83419aba0cd366b5","data/raw/stage2/ds06_smhi_shark/DS06_SMHI_SHARK_20260808T191500Z/manifest.csv",FALSE,TRUE,"traceable"
"stage2","raw_evidence","data/raw/stage2/ds06_smhi_shark/DS06_SMHI_SHARK_20260808T191500Z/SHARK_Phytoplankton_2007_SMHI_version_2025-03-09.zip","scripts/00_downloads/stage2/05_acquire_ds06_smhi_shark.R","",TRUE,129400,"bb446f1b463017e32fb330e8283e8f0c427d2f0a126020bbbfaa68fff43553db","data/raw/stage2/ds06_smhi_shark/DS06_SMHI_SHARK_20260808T191500Z/manifest.csv",FALSE,TRUE,"traceable"
"stage2","raw_evidence","data/raw/stage2/ds06_smhi_shark/DS06_SMHI_SHARK_20260808T191500Z/SHARK_Phytoplankton_2007_SUSE_version_2025-03-09.zip","scripts/00_downloads/stage2/05_acquire_ds06_smhi_shark.R","",TRUE,149210,"b3dd73263f455ebfee2bccade6ad737cf95b713ab06ea23bd0a5cbebdab03662","data/raw/stage2/ds06_smhi_shark/DS06_SMHI_SHARK_20260808T191500Z/manifest.csv",FALSE,TRUE,"traceable"
"stage2","raw_evidence","data/raw/stage2/ds06_smhi_shark/DS06_SMHI_SHARK_20260808T191500Z/SHARK_Phytoplankton_2007_UMSC_version_2025-03-09.zip","scripts/00_downloads/stage2/05_acquire_ds06_smhi_shark.R","",TRUE,67181,"71084704f0f5eba492a804273abde334188f0286bded7c6fa0ce1b61f7dcc834","data/raw/stage2/ds06_smhi_shark/DS06_SMHI_SHARK_20260808T191500Z/manifest.csv",FALSE,TRUE,"traceable"
"stage2","raw_evidence","data/raw/stage2/ds06_smhi_shark/DS06_SMHI_SHARK_20260808T191500Z/SHARK_Phytoplankton_2008_SMHI_version_2025-03-09.zip","scripts/00_downloads/stage2/05_acquire_ds06_smhi_shark.R","",TRUE,200031,"a2d5d1e27ad8ab4d350efbc6f56f5dbc0dd38374ae9e5cb752e19302411c724b","data/raw/stage2/ds06_smhi_shark/DS06_SMHI_SHARK_20260808T191500Z/manifest.csv",FALSE,TRUE,"traceable"
"stage2","raw_evidence","data/raw/stage2/ds06_smhi_shark/DS06_SMHI_SHARK_20260808T191500Z/SHARK_Phytoplankton_2008_SUSE_version_2025-03-09.zip","scripts/00_downloads/stage2/05_acquire_ds06_smhi_shark.R","",TRUE,173095,"35cda05eacf89b26c70edf8af60f2ceadd562a23e6ec12ad3332bfa03e6fe3a7","data/raw/stage2/ds06_smhi_shark/DS06_SMHI_SHARK_20260808T191500Z/manifest.csv",FALSE,TRUE,"traceable"
"stage2","raw_evidence","data/raw/stage2/ds06_smhi_shark/DS06_SMHI_SHARK_20260808T191500Z/SHARK_Phytoplankton_2008_UMSC_version_2025-03-09.zip","scripts/00_downloads/stage2/05_acquire_ds06_smhi_shark.R","",TRUE,80351,"4f9aa26231255bfa93d0cb7cf112d5a88e57bff735d61d7bdce49e145bece655","data/raw/stage2/ds06_smhi_shark/DS06_SMHI_SHARK_20260808T191500Z/manifest.csv",FALSE,TRUE,"traceable"
"stage2","raw_evidence","data/raw/stage2/ds06_smhi_shark/DS06_SMHI_SHARK_20260808T191500Z/SHARK_Phytoplankton_2009_SMHI_version_2025-03-09.zip","scripts/00_downloads/stage2/05_acquire_ds06_smhi_shark.R","",TRUE,154426,"73e4cb4347ba12fff9bd9158a23a97342b42bb9298ce4a8f3f1c87b963345f43","data/raw/stage2/ds06_smhi_shark/DS06_SMHI_SHARK_20260808T191500Z/manifest.csv",FALSE,TRUE,"traceable"
"stage2","raw_evidence","data/raw/stage2/ds06_smhi_shark/DS06_SMHI_SHARK_20260808T191500Z/SHARK_Phytoplankton_2009_SUSE_version_2025-03-09.zip","scripts/00_downloads/stage2/05_acquire_ds06_smhi_shark.R","",TRUE,250004,"1761886c8a1a2cb348a73888ccf9472181ba5c3671eaf99254c73deb813ab2e1","data/raw/stage2/ds06_smhi_shark/DS06_SMHI_SHARK_20260808T191500Z/manifest.csv",FALSE,TRUE,"traceable"
"stage2","raw_evidence","data/raw/stage2/ds06_smhi_shark/DS06_SMHI_SHARK_20260808T191500Z/SHARK_Phytoplankton_2009_UMSC_version_2025-03-09.zip","scripts/00_downloads/stage2/05_acquire_ds06_smhi_shark.R","",TRUE,72933,"56a6b4b4c7069aff8b1fd4a6fd699308adcc3159e798554a520009a0e037d745","data/raw/stage2/ds06_smhi_shark/DS06_SMHI_SHARK_20260808T191500Z/manifest.csv",FALSE,TRUE,"traceable"
"stage2","raw_evidence","data/raw/stage2/ds06_smhi_shark/DS06_SMHI_SHARK_20260808T191500Z/SHARK_Phytoplankton_2010_SMHI_Ferrybox_version_2025-03-09.zip","scripts/00_downloads/stage2/05_acquire_ds06_smhi_shark.R","",TRUE,21627,"af75122eacb5e787867476d3a324a16c9a32ef98b841c3512bb7239f5d746b72","data/raw/stage2/ds06_smhi_shark/DS06_SMHI_SHARK_20260808T191500Z/manifest.csv",FALSE,TRUE,"traceable"
"stage2","raw_evidence","data/raw/stage2/ds06_smhi_shark/DS06_SMHI_SHARK_20260808T191500Z/SHARK_Phytoplankton_2010_SMHI_version_2025-03-09.zip","scripts/00_downloads/stage2/05_acquire_ds06_smhi_shark.R","",TRUE,221577,"afbdbc9ff5f1878017fad0b5d410f3580747d7a286fd071f4ad43d1c0e1723cb","data/raw/stage2/ds06_smhi_shark/DS06_SMHI_SHARK_20260808T191500Z/manifest.csv",FALSE,TRUE,"traceable"
"stage2","raw_evidence","data/raw/stage2/ds06_smhi_shark/DS06_SMHI_SHARK_20260808T191500Z/SHARK_Phytoplankton_2010_SUSE_version_2025-03-09.zip","scripts/00_downloads/stage2/05_acquire_ds06_smhi_shark.R","",TRUE,236359,"d074872af792b778beec7ff6446819e06f28c2a8c18f293ea2877ad75b2a09d7","data/raw/stage2/ds06_smhi_shark/DS06_SMHI_SHARK_20260808T191500Z/manifest.csv",FALSE,TRUE,"traceable"
"stage2","raw_evidence","data/raw/stage2/ds06_smhi_shark/DS06_SMHI_SHARK_20260808T191500Z/SHARK_Phytoplankton_2010_UMSC_version_2025-03-09.zip","scripts/00_downloads/stage2/05_acquire_ds06_smhi_shark.R","",TRUE,76104,"438dea4632ad36535ed0e98903ecd34a67a9a5ef484866b113ddafd883889728","data/raw/stage2/ds06_smhi_shark/DS06_SMHI_SHARK_20260808T191500Z/manifest.csv",FALSE,TRUE,"traceable"
"stage2","raw_evidence","data/raw/stage2/ds06_smhi_shark/DS06_SMHI_SHARK_20260808T191500Z/SHARK_Phytoplankton_2011_SMHI_version_2025-03-09.zip","scripts/00_downloads/stage2/05_acquire_ds06_smhi_shark.R","",TRUE,156467,"a1e991567256cb66502c43808d4447f8edb4e20ac57987545e18208999971769","data/raw/stage2/ds06_smhi_shark/DS06_SMHI_SHARK_20260808T191500Z/manifest.csv",FALSE,TRUE,"traceable"
"stage2","raw_evidence","data/raw/stage2/ds06_smhi_shark/DS06_SMHI_SHARK_20260808T191500Z/SHARK_Phytoplankton_2011_SUSE_version_2025-03-09.zip","scripts/00_downloads/stage2/05_acquire_ds06_smhi_shark.R","",TRUE,209287,"f6c4ad8952af69ce063e3eb74538ca6e16355663b62ea2bc5204c54d7605ac8d","data/raw/stage2/ds06_smhi_shark/DS06_SMHI_SHARK_20260808T191500Z/manifest.csv",FALSE,TRUE,"traceable"
"stage2","raw_evidence","data/raw/stage2/ds06_smhi_shark/DS06_SMHI_SHARK_20260808T191500Z/SHARK_Phytoplankton_2011_UMSC_version_2025-03-09.zip","scripts/00_downloads/stage2/05_acquire_ds06_smhi_shark.R","",TRUE,96521,"02b80eb14fb5b9465cf4cc06853508978e15e58d29f550ba9bb2c784c8add9b8","data/raw/stage2/ds06_smhi_shark/DS06_SMHI_SHARK_20260808T191500Z/manifest.csv",FALSE,TRUE,"traceable"
"stage2","raw_evidence","data/raw/stage2/ds06_smhi_shark/DS06_SMHI_SHARK_20260808T191500Z/SHARK_Phytoplankton_2012_SMHI_version_2025-03-09.zip","scripts/00_downloads/stage2/05_acquire_ds06_smhi_shark.R","",TRUE,147738,"25597a6da83ece4fd9a70a531c685e9a0c1991e87a8ef2bdd7cfc6ab8cb04f44","data/raw/stage2/ds06_smhi_shark/DS06_SMHI_SHARK_20260808T191500Z/manifest.csv",FALSE,TRUE,"traceable"
"stage2","raw_evidence","data/raw/stage2/ds06_smhi_shark/DS06_SMHI_SHARK_20260808T191500Z/SHARK_Phytoplankton_2012_SUSE_version_2025-03-09.zip","scripts/00_downloads/stage2/05_acquire_ds06_smhi_shark.R","",TRUE,197908,"bb8dba9ab9d54c41d7b5fd91ab4feaea6b1d7b20f5f6df1b8d26bf65972c5d33","data/raw/stage2/ds06_smhi_shark/DS06_SMHI_SHARK_20260808T191500Z/manifest.csv",FALSE,TRUE,"traceable"
"stage2","raw_evidence","data/raw/stage2/ds06_smhi_shark/DS06_SMHI_SHARK_20260808T191500Z/SHARK_Phytoplankton_2012_UMSC_version_2025-03-09.zip","scripts/00_downloads/stage2/05_acquire_ds06_smhi_shark.R","",TRUE,112396,"a970cf6cc5553c9d3456e7018bdcd94816ae94c9d6c5d68e4bfd627338e78fcc","data/raw/stage2/ds06_smhi_shark/DS06_SMHI_SHARK_20260808T191500Z/manifest.csv",FALSE,TRUE,"traceable"
"stage2","raw_evidence","data/raw/stage2/ds06_smhi_shark/DS06_SMHI_SHARK_20260808T191500Z/SHARK_Phytoplankton_2013_DEEP_version_2025-03-09.zip","scripts/00_downloads/stage2/05_acquire_ds06_smhi_shark.R","",TRUE,177137,"8a58e8808b5d530f5e63eb33638bad3d1da0da72982c272962141cf00cbe51f9","data/raw/stage2/ds06_smhi_shark/DS06_SMHI_SHARK_20260808T191500Z/manifest.csv",FALSE,TRUE,"traceable"
"stage2","raw_evidence","data/raw/stage2/ds06_smhi_shark/DS06_SMHI_SHARK_20260808T191500Z/SHARK_Phytoplankton_2013_SMHI_TRANSPAPER_version_2025-03-09.zip","scripts/00_downloads/stage2/05_acquire_ds06_smhi_shark.R","",TRUE,110716,"68ca56aa90ea50c4973fc949034d2bd754051de4af301c14a4527bb092a727fa","data/raw/stage2/ds06_smhi_shark/DS06_SMHI_SHARK_20260808T191500Z/manifest.csv",FALSE,TRUE,"traceable"
"stage2","raw_evidence","data/raw/stage2/ds06_smhi_shark/DS06_SMHI_SHARK_20260808T191500Z/SHARK_Phytoplankton_2013_SMHI_version_2025-03-09.zip","scripts/00_downloads/stage2/05_acquire_ds06_smhi_shark.R","",TRUE,181168,"8ec67a1693bdb745f80182d8de47374fc5bbe2e468cee8ce1f52ea1879ab9273","data/raw/stage2/ds06_smhi_shark/DS06_SMHI_SHARK_20260808T191500Z/manifest.csv",FALSE,TRUE,"traceable"
"stage2","raw_evidence","data/raw/stage2/ds06_smhi_shark/DS06_SMHI_SHARK_20260808T191500Z/SHARK_Phytoplankton_2013_UMSC_version_2025-03-09.zip","scripts/00_downloads/stage2/05_acquire_ds06_smhi_shark.R","",TRUE,76599,"fedf1c0015ffa73e857452324cd09bcd6f581a59768a63968fe0f972e145e2cd","data/raw/stage2/ds06_smhi_shark/DS06_SMHI_SHARK_20260808T191500Z/manifest.csv",FALSE,TRUE,"traceable"
"stage2","raw_evidence","data/raw/stage2/ds06_smhi_shark/DS06_SMHI_SHARK_20260808T191500Z/SHARK_Phytoplankton_2014_DEEP_version_2025-03-09.zip","scripts/00_downloads/stage2/05_acquire_ds06_smhi_shark.R","",TRUE,127705,"5c54adf5ea16ac64b10d3e8d90cc710462bbc6fff1f7fc015cf95b88272935a4","data/raw/stage2/ds06_smhi_shark/DS06_SMHI_SHARK_20260808T191500Z/manifest.csv",FALSE,TRUE,"traceable"
"stage2","raw_evidence","data/raw/stage2/ds06_smhi_shark/DS06_SMHI_SHARK_20260808T191500Z/SHARK_Phytoplankton_2014_SMHI_version_2025-03-09.zip","scripts/00_downloads/stage2/05_acquire_ds06_smhi_shark.R","",TRUE,131337,"9d5fc80422db0f911d305a9f2d68f6bfb73cf0eaf47eb35e5ffacaf19ae710fb","data/raw/stage2/ds06_smhi_shark/DS06_SMHI_SHARK_20260808T191500Z/manifest.csv",FALSE,TRUE,"traceable"
"stage2","raw_evidence","data/raw/stage2/ds06_smhi_shark/DS06_SMHI_SHARK_20260808T191500Z/SHARK_Phytoplankton_2014_UMSC_version_2025-03-09.zip","scripts/00_downloads/stage2/05_acquire_ds06_smhi_shark.R","",TRUE,80109,"f82064b57be6e2540dfc2c742deebf9731c368f2e229a3eb4876b2c7eb2fed36","data/raw/stage2/ds06_smhi_shark/DS06_SMHI_SHARK_20260808T191500Z/manifest.csv",FALSE,TRUE,"traceable"
"stage2","raw_evidence","data/raw/stage2/ds06_smhi_shark/DS06_SMHI_SHARK_20260808T191500Z/SHARK_Phytoplankton_2015_DEEP_version_2025-03-09.zip","scripts/00_downloads/stage2/05_acquire_ds06_smhi_shark.R","",TRUE,115181,"8639424e29bb38cdfc707175cf8b446ecc3ec4784a71b0dc820ef880b13e529e","data/raw/stage2/ds06_smhi_shark/DS06_SMHI_SHARK_20260808T191500Z/manifest.csv",FALSE,TRUE,"traceable"
"stage2","raw_evidence","data/raw/stage2/ds06_smhi_shark/DS06_SMHI_SHARK_20260808T191500Z/SHARK_Phytoplankton_2015_SMHI_ColorFantasy_version_2025-03-09.zip","scripts/00_downloads/stage2/05_acquire_ds06_smhi_shark.R","",TRUE,25946,"3b09bd23db7438362fd149efa4820d9a6512e15f573aceeb48a5a0c873bbf623","data/raw/stage2/ds06_smhi_shark/DS06_SMHI_SHARK_20260808T191500Z/manifest.csv",FALSE,TRUE,"traceable"
"stage2","raw_evidence","data/raw/stage2/ds06_smhi_shark/DS06_SMHI_SHARK_20260808T191500Z/SHARK_Phytoplankton_2015_SMHI_TRANSPAPER_version_2025-03-09.zip","scripts/00_downloads/stage2/05_acquire_ds06_smhi_shark.R","",TRUE,45957,"91b0cc5d24a66b4d50c07d3f0257ef9e8d16b156208dc7a49546beaf3ab9b991","data/raw/stage2/ds06_smhi_shark/DS06_SMHI_SHARK_20260808T191500Z/manifest.csv",FALSE,TRUE,"traceable"
"stage2","raw_evidence","data/raw/stage2/ds06_smhi_shark/DS06_SMHI_SHARK_20260808T191500Z/SHARK_Phytoplankton_2015_SMHI_version_2025-03-09.zip","scripts/00_downloads/stage2/05_acquire_ds06_smhi_shark.R","",TRUE,164891,"86c93bddc71bb92e6ff5d4b6a52bc0f3f1de48600db6a71419d0ccb051d6f0a5","data/raw/stage2/ds06_smhi_shark/DS06_SMHI_SHARK_20260808T191500Z/manifest.csv",FALSE,TRUE,"traceable"
"stage2","raw_evidence","data/raw/stage2/ds06_smhi_shark/DS06_SMHI_SHARK_20260808T191500Z/SHARK_Phytoplankton_2015_UMSC_version_2025-03-09.zip","scripts/00_downloads/stage2/05_acquire_ds06_smhi_shark.R","",TRUE,75534,"b7793b15c8da8705facdffe7414cec964ff39d948c45b8a2a915727ca62cb2e8","data/raw/stage2/ds06_smhi_shark/DS06_SMHI_SHARK_20260808T191500Z/manifest.csv",FALSE,TRUE,"traceable"
"stage2","raw_evidence","data/raw/stage2/ds06_smhi_shark/DS06_SMHI_SHARK_20260808T191500Z/SHARK_Phytoplankton_2016_DEEP_version_2025-03-09.zip","scripts/00_downloads/stage2/05_acquire_ds06_smhi_shark.R","",TRUE,147173,"1074d84cf6194fb53b1c5f09fcca4e6120dafe2d0b5e3f898685ef61e498b8d2","data/raw/stage2/ds06_smhi_shark/DS06_SMHI_SHARK_20260808T191500Z/manifest.csv",FALSE,TRUE,"traceable"
"stage2","raw_evidence","data/raw/stage2/ds06_smhi_shark/DS06_SMHI_SHARK_20260808T191500Z/SHARK_Phytoplankton_2016_SMHI_version_2025-03-09.zip","scripts/00_downloads/stage2/05_acquire_ds06_smhi_shark.R","",TRUE,173422,"012a97d7759227d7594b9f3d4cd26431ad944d3da3303df9f20502271d7fe1ca","data/raw/stage2/ds06_smhi_shark/DS06_SMHI_SHARK_20260808T191500Z/manifest.csv",FALSE,TRUE,"traceable"
"stage2","raw_evidence","data/raw/stage2/ds06_smhi_shark/DS06_SMHI_SHARK_20260808T191500Z/SHARK_Phytoplankton_2016_UMSC_version_2025-03-09.zip","scripts/00_downloads/stage2/05_acquire_ds06_smhi_shark.R","",TRUE,110615,"71e2e20b484fe3630095a8511235b644695b858902710c895ca9b7c68a0aee06","data/raw/stage2/ds06_smhi_shark/DS06_SMHI_SHARK_20260808T191500Z/manifest.csv",FALSE,TRUE,"traceable"
"stage2","raw_evidence","data/raw/stage2/ds06_smhi_shark/DS06_SMHI_SHARK_20260808T191500Z/SHARK_Phytoplankton_2017_2023_DEEP_NYKOM_version_2025-03-09.zip","scripts/00_downloads/stage2/05_acquire_ds06_smhi_shark.R","",TRUE,52639,"58847e3b8d8fad7e3c4b0ef85ed7895ffb2f4db36d5324f6cbcc5c5372da3496","data/raw/stage2/ds06_smhi_shark/DS06_SMHI_SHARK_20260808T191500Z/manifest.csv",FALSE,TRUE,"traceable"
"stage2","raw_evidence","data/raw/stage2/ds06_smhi_shark/DS06_SMHI_SHARK_20260808T191500Z/SHARK_Phytoplankton_2017_DEEP_version_2025-03-09.zip","scripts/00_downloads/stage2/05_acquire_ds06_smhi_shark.R","",TRUE,140665,"8e40d638f04579af9b623370d00b2b28624756233307b8d3635d424790b7f55d","data/raw/stage2/ds06_smhi_shark/DS06_SMHI_SHARK_20260808T191500Z/manifest.csv",FALSE,TRUE,"traceable"
"stage2","raw_evidence","data/raw/stage2/ds06_smhi_shark/DS06_SMHI_SHARK_20260808T191500Z/SHARK_Phytoplankton_2017_SMHI_ColorFantasy_version_2025-03-09.zip","scripts/00_downloads/stage2/05_acquire_ds06_smhi_shark.R","",TRUE,10400,"b21ef099234a581cae11a8b13ede9cfc8df67f5aad6b6ffa8ae65484e3bd006d","data/raw/stage2/ds06_smhi_shark/DS06_SMHI_SHARK_20260808T191500Z/manifest.csv",FALSE,TRUE,"traceable"
"stage2","raw_evidence","data/raw/stage2/ds06_smhi_shark/DS06_SMHI_SHARK_20260808T191500Z/SHARK_Phytoplankton_2017_SMHI_version_2025-03-09.zip","scripts/00_downloads/stage2/05_acquire_ds06_smhi_shark.R","",TRUE,183595,"3397671c1ef4e686f5e4b8848038cc9e7b3180a263a7b4d1d8c9aee12374356d","data/raw/stage2/ds06_smhi_shark/DS06_SMHI_SHARK_20260808T191500Z/manifest.csv",FALSE,TRUE,"traceable"
"stage2","raw_evidence","data/raw/stage2/ds06_smhi_shark/DS06_SMHI_SHARK_20260808T191500Z/SHARK_Phytoplankton_2017_SMHI_WEAQ_TRANSPAPER_version_2025-03-09.zip","scripts/00_downloads/stage2/05_acquire_ds06_smhi_shark.R","",TRUE,74901,"aad92750e663cc56e9db11afc7388f2397cee36f79e94b46b3a0c336038c390e","data/raw/stage2/ds06_smhi_shark/DS06_SMHI_SHARK_20260808T191500Z/manifest.csv",FALSE,TRUE,"traceable"
"stage2","raw_evidence","data/raw/stage2/ds06_smhi_shark/DS06_SMHI_SHARK_20260808T191500Z/SHARK_Phytoplankton_2017_UMSC_version_2025-03-09.zip","scripts/00_downloads/stage2/05_acquire_ds06_smhi_shark.R","",TRUE,109152,"b55e2ee00ba45af9bec70ab8bbe8651ab916eb210a1640f2bb1091cf452829b9","data/raw/stage2/ds06_smhi_shark/DS06_SMHI_SHARK_20260808T191500Z/manifest.csv",FALSE,TRUE,"traceable"
"stage2","raw_evidence","data/raw/stage2/ds06_smhi_shark/DS06_SMHI_SHARK_20260808T191500Z/SHARK_Phytoplankton_2018_2021_SLCK_version_2025-03-09.zip","scripts/00_downloads/stage2/05_acquire_ds06_smhi_shark.R","",TRUE,151982,"c6b5ed4d1d55f2cc8bfc3fe46e297be76be8f7932909cb023d8695a72efef44e","data/raw/stage2/ds06_smhi_shark/DS06_SMHI_SHARK_20260808T191500Z/manifest.csv",FALSE,TRUE,"traceable"
"stage2","raw_evidence","data/raw/stage2/ds06_smhi_shark/DS06_SMHI_SHARK_20260808T191500Z/SHARK_Phytoplankton_2018_BDLST_version_2025-03-09.zip","scripts/00_downloads/stage2/05_acquire_ds06_smhi_shark.R","",TRUE,145528,"a06147218d32a981d750da11d08a47287281c63f744f1375ebf409adf157c51c","data/raw/stage2/ds06_smhi_shark/DS06_SMHI_SHARK_20260808T191500Z/manifest.csv",FALSE,TRUE,"traceable"
"stage2","raw_evidence","data/raw/stage2/ds06_smhi_shark/DS06_SMHI_SHARK_20260808T191500Z/SHARK_Phytoplankton_2018_DEEP_CLST_ABLST_SKVVF_version_2025-03-09.zip","scripts/00_downloads/stage2/05_acquire_ds06_smhi_shark.R","",TRUE,36329,"ec86e74df76942c56b63b4537ba4463ac004de8cf9f2878ec70f3e6d352262d2","data/raw/stage2/ds06_smhi_shark/DS06_SMHI_SHARK_20260808T191500Z/manifest.csv",FALSE,TRUE,"traceable"
"stage2","raw_evidence","data/raw/stage2/ds06_smhi_shark/DS06_SMHI_SHARK_20260808T191500Z/SHARK_Phytoplankton_2018_DEEP_SKVVF_version_2025-03-09.zip","scripts/00_downloads/stage2/05_acquire_ds06_smhi_shark.R","",TRUE,231592,"2e31b419570c6ef76770e5fdbe7d4e9d15c50477c33ed9180f938f84f7f327b5","data/raw/stage2/ds06_smhi_shark/DS06_SMHI_SHARK_20260808T191500Z/manifest.csv",FALSE,TRUE,"traceable"
"stage2","raw_evidence","data/raw/stage2/ds06_smhi_shark/DS06_SMHI_SHARK_20260808T191500Z/SHARK_Phytoplankton_2018_DEEP_version_2025-03-09.zip","scripts/00_downloads/stage2/05_acquire_ds06_smhi_shark.R","",TRUE,136312,"8455ad02287b63f80c1dedd1d07e52d7c977de3baf3b398cf81429fabe133ae7","data/raw/stage2/ds06_smhi_shark/DS06_SMHI_SHARK_20260808T191500Z/manifest.csv",FALSE,TRUE,"traceable"
"stage2","raw_evidence","data/raw/stage2/ds06_smhi_shark/DS06_SMHI_SHARK_20260808T191500Z/SHARK_Phytoplankton_2018_MEDINS_DVF_version_2025-03-09.zip","scripts/00_downloads/stage2/05_acquire_ds06_smhi_shark.R","",TRUE,21945,"83f0ab0c6d6e7ab8bdd10014e4d0bbed37a75b65c2584c6c3391e2550be6d2b6","data/raw/stage2/ds06_smhi_shark/DS06_SMHI_SHARK_20260808T191500Z/manifest.csv",FALSE,TRUE,"traceable"
"stage2","raw_evidence","data/raw/stage2/ds06_smhi_shark/DS06_SMHI_SHARK_20260808T191500Z/SHARK_Phytoplankton_2018_MEDINS_LVX_version_2025-03-09.zip","scripts/00_downloads/stage2/05_acquire_ds06_smhi_shark.R","",TRUE,13441,"7ca9f85a06a795dbde06122d52fb4a90726cda5145198e37e347d0d66393b1ba","data/raw/stage2/ds06_smhi_shark/DS06_SMHI_SHARK_20260808T191500Z/manifest.csv",FALSE,TRUE,"traceable"
"stage2","raw_evidence","data/raw/stage2/ds06_smhi_shark/DS06_SMHI_SHARK_20260808T191500Z/SHARK_Phytoplankton_2018_MEDINS_UVVVF_version_2025-03-09.zip","scripts/00_downloads/stage2/05_acquire_ds06_smhi_shark.R","",TRUE,31428,"e947b4efeeb132de78d989ed7bd7c09569e669bf078e18e25204ab1fd07c6d07","data/raw/stage2/ds06_smhi_shark/DS06_SMHI_SHARK_20260808T191500Z/manifest.csv",FALSE,TRUE,"traceable"
"stage2","raw_evidence","data/raw/stage2/ds06_smhi_shark/DS06_SMHI_SHARK_20260808T191500Z/SHARK_Phytoplankton_2018_PELA_GVVF_version_2025-03-09.zip","scripts/00_downloads/stage2/05_acquire_ds06_smhi_shark.R","",TRUE,7114,"c17e9e1d41e6fe346890141ccbfbd9e5efa2646427bad25bfad9e6fbfe515757","data/raw/stage2/ds06_smhi_shark/DS06_SMHI_SHARK_20260808T191500Z/manifest.csv",FALSE,TRUE,"traceable"
"stage2","raw_evidence","data/raw/stage2/ds06_smhi_shark/DS06_SMHI_SHARK_20260808T191500Z/SHARK_Phytoplankton_2018_PELA_SVAB_version_2025-03-09.zip","scripts/00_downloads/stage2/05_acquire_ds06_smhi_shark.R","",TRUE,58794,"13a5473c7d26c714a2e7521ba174fce262f323b9e7f289a86bd37af9d4e05221","data/raw/stage2/ds06_smhi_shark/DS06_SMHI_SHARK_20260808T191500Z/manifest.csv",FALSE,TRUE,"traceable"
"stage2","raw_evidence","data/raw/stage2/ds06_smhi_shark/DS06_SMHI_SHARK_20260808T191500Z/SHARK_Phytoplankton_2018_SMHI_BVVF_version_2025-03-09.zip","scripts/00_downloads/stage2/05_acquire_ds06_smhi_shark.R","",TRUE,657255,"f5e43e88427a58c957e8372ab20445d49371808bd452c4a56b3ed449b5d8a2c0","data/raw/stage2/ds06_smhi_shark/DS06_SMHI_SHARK_20260808T191500Z/manifest.csv",FALSE,TRUE,"traceable"
"stage2","raw_evidence","data/raw/stage2/ds06_smhi_shark/DS06_SMHI_SHARK_20260808T191500Z/SHARK_Phytoplankton_2018_SMHI_ColorFantasy_version_2025-03-09.zip","scripts/00_downloads/stage2/05_acquire_ds06_smhi_shark.R","",TRUE,30722,"f35ae694fd5785a84d3de905518bcecf43a4baa55c31099c7170a9a146f2b7d6","data/raw/stage2/ds06_smhi_shark/DS06_SMHI_SHARK_20260808T191500Z/manifest.csv",FALSE,TRUE,"traceable"
"stage2","raw_evidence","data/raw/stage2/ds06_smhi_shark/DS06_SMHI_SHARK_20260808T191500Z/SHARK_Phytoplankton_2018_SMHI_OLST_version_2025-03-09.zip","scripts/00_downloads/stage2/05_acquire_ds06_smhi_shark.R","",TRUE,97730,"5bb99de5aa147d41c758434d809e56c4299932159066414fba442ec5f56c74b4","data/raw/stage2/ds06_smhi_shark/DS06_SMHI_SHARK_20260808T191500Z/manifest.csv",FALSE,TRUE,"traceable"
"stage2","raw_evidence","data/raw/stage2/ds06_smhi_shark/DS06_SMHI_SHARK_20260808T191500Z/SHARK_Phytoplankton_2018_SMHI_SLV_biotox_version_2025-03-11.zip","scripts/00_downloads/stage2/05_acquire_ds06_smhi_shark.R","",TRUE,33680,"c73ee55d2f87fca53a6b2025c78d621a8f74b84aba01af003d0e011760b1d7b1","data/raw/stage2/ds06_smhi_shark/DS06_SMHI_SHARK_20260808T191500Z/manifest.csv",FALSE,TRUE,"traceable"
"stage2","raw_evidence","data/raw/stage2/ds06_smhi_shark/DS06_SMHI_SHARK_20260808T191500Z/SHARK_Phytoplankton_2018_SMHI_version_2025-03-09.zip","scripts/00_downloads/stage2/05_acquire_ds06_smhi_shark.R","",TRUE,293920,"321dc2a43210842d0afefce655e39904e1eb347335ed310609bb49d3742df3b2","data/raw/stage2/ds06_smhi_shark/DS06_SMHI_SHARK_20260808T191500Z/manifest.csv",FALSE,TRUE,"traceable"
"stage2","raw_evidence","data/raw/stage2/ds06_smhi_shark/DS06_SMHI_SHARK_20260808T191500Z/SHARK_Phytoplankton_2018_TOXICO_NVSKK_version_2025-03-09.zip","scripts/00_downloads/stage2/05_acquire_ds06_smhi_shark.R","",TRUE,17689,"f24ef653d4903a30656397f2599f568f28bf83b57208873d06ccab0bf70ce4eb","data/raw/stage2/ds06_smhi_shark/DS06_SMHI_SHARK_20260808T191500Z/manifest.csv",FALSE,TRUE,"traceable"
"stage2","raw_evidence","data/raw/stage2/ds06_smhi_shark/DS06_SMHI_SHARK_20260808T191500Z/SHARK_Phytoplankton_2018_TOXICO_OVF_version_2025-03-09.zip","scripts/00_downloads/stage2/05_acquire_ds06_smhi_shark.R","",TRUE,24607,"e42812b181b3b1b73d2e6b8a2f69d8b21bd04c9a85883157cfe0c99a68a20593","data/raw/stage2/ds06_smhi_shark/DS06_SMHI_SHARK_20260808T191500Z/manifest.csv",FALSE,TRUE,"traceable"
"stage2","raw_evidence","data/raw/stage2/ds06_smhi_shark/DS06_SMHI_SHARK_20260808T191500Z/SHARK_Phytoplankton_2018_UMSC_version_2025-03-09.zip","scripts/00_downloads/stage2/05_acquire_ds06_smhi_shark.R","",TRUE,161143,"6d765a29d41f61786e734155f1b7b3d9323408d9bf0005045d210f7ce98ead81","data/raw/stage2/ds06_smhi_shark/DS06_SMHI_SHARK_20260808T191500Z/manifest.csv",FALSE,TRUE,"traceable"
"stage2","raw_evidence","data/raw/stage2/ds06_smhi_shark/DS06_SMHI_SHARK_20260808T191500Z/SHARK_Phytoplankton_2018_UMSC_YLST_version_2025-03-09.zip","scripts/00_downloads/stage2/05_acquire_ds06_smhi_shark.R","",TRUE,173129,"afc765d2510c76ac2204ad2390b14302fa8a2d1aa009b5dd3db52bafae65d2eb","data/raw/stage2/ds06_smhi_shark/DS06_SMHI_SHARK_20260808T191500Z/manifest.csv",FALSE,TRUE,"traceable"
"stage2","raw_evidence","data/raw/stage2/ds06_smhi_shark/DS06_SMHI_SHARK_20260808T191500Z/SHARK_Phytoplankton_2018_WEAQ_NLST_version_2025-03-09.zip","scripts/00_downloads/stage2/05_acquire_ds06_smhi_shark.R","",TRUE,158223,"8c1a4685d8d33bf549969c31850b030742f0a136308dc0d11efb0d0792b272bd","data/raw/stage2/ds06_smhi_shark/DS06_SMHI_SHARK_20260808T191500Z/manifest.csv",FALSE,TRUE,"traceable"
"stage2","raw_evidence","data/raw/stage2/ds06_smhi_shark/DS06_SMHI_SHARK_20260808T191500Z/SHARK_Phytoplankton_2018-2019_ACLST_UMEKOM_version_2025-03-09.zip","scripts/00_downloads/stage2/05_acquire_ds06_smhi_shark.R","",TRUE,13467,"ed4e86395b65a38780c20428550942237e4487c455ec3a08b165c08df822f972","data/raw/stage2/ds06_smhi_shark/DS06_SMHI_SHARK_20260808T191500Z/manifest.csv",FALSE,TRUE,"traceable"
"stage2","raw_evidence","data/raw/stage2/ds06_smhi_shark/DS06_SMHI_SHARK_20260808T191500Z/SHARK_Phytoplankton_2019_2023_ACLST_version_2025-03-09.zip","scripts/00_downloads/stage2/05_acquire_ds06_smhi_shark.R","",TRUE,22025,"14bc024545bf37c74296a3a71b6831effb44aa93b65c8843592907f95e9e6f18","data/raw/stage2/ds06_smhi_shark/DS06_SMHI_SHARK_20260808T191500Z/manifest.csv",FALSE,TRUE,"traceable"
"stage2","raw_evidence","data/raw/stage2/ds06_smhi_shark/DS06_SMHI_SHARK_20260808T191500Z/SHARK_Phytoplankton_2019_DEEP_SKVVF_version_2025-03-09.zip","scripts/00_downloads/stage2/05_acquire_ds06_smhi_shark.R","",TRUE,246131,"c7035089c52ce6c699e7db3133f5e8867b15d38551dce543446e515f41161ec0","data/raw/stage2/ds06_smhi_shark/DS06_SMHI_SHARK_20260808T191500Z/manifest.csv",FALSE,TRUE,"traceable"
"stage2","raw_evidence","data/raw/stage2/ds06_smhi_shark/DS06_SMHI_SHARK_20260808T191500Z/SHARK_Phytoplankton_2019_DEEP_version_2025-03-09.zip","scripts/00_downloads/stage2/05_acquire_ds06_smhi_shark.R","",TRUE,199011,"7b1739fb36a63df27f6b1400f69b2bfe22359df4636509f04e47a57e246515ae","data/raw/stage2/ds06_smhi_shark/DS06_SMHI_SHARK_20260808T191500Z/manifest.csv",FALSE,TRUE,"traceable"
"stage2","raw_evidence","data/raw/stage2/ds06_smhi_shark/DS06_SMHI_SHARK_20260808T191500Z/SHARK_Phytoplankton_2019_MEDINS_DVVF_version_2025-03-09.zip","scripts/00_downloads/stage2/05_acquire_ds06_smhi_shark.R","",TRUE,24009,"e50873fd313084b2347dbaf96a4e7874e92f75b2112b0d94784fef0d13f748c9","data/raw/stage2/ds06_smhi_shark/DS06_SMHI_SHARK_20260808T191500Z/manifest.csv",FALSE,TRUE,"traceable"
"stage2","raw_evidence","data/raw/stage2/ds06_smhi_shark/DS06_SMHI_SHARK_20260808T191500Z/SHARK_Phytoplankton_2019_MEDINS_LVVVF_version_2025-03-09.zip","scripts/00_downloads/stage2/05_acquire_ds06_smhi_shark.R","",TRUE,13768,"57ca650174e36372090f9c8c76d676e53a421916057db241bd6f9db7f33fcb20","data/raw/stage2/ds06_smhi_shark/DS06_SMHI_SHARK_20260808T191500Z/manifest.csv",FALSE,TRUE,"traceable"
"stage2","raw_evidence","data/raw/stage2/ds06_smhi_shark/DS06_SMHI_SHARK_20260808T191500Z/SHARK_Phytoplankton_2019_MEDINS_MSVVF_version_2025-03-09.zip","scripts/00_downloads/stage2/05_acquire_ds06_smhi_shark.R","",TRUE,30931,"6935777d1058e799d7472d02fa525f12f8f5aff73a790ae361308b8f210b6d65","data/raw/stage2/ds06_smhi_shark/DS06_SMHI_SHARK_20260808T191500Z/manifest.csv",FALSE,TRUE,"traceable"
"stage2","raw_evidence","data/raw/stage2/ds06_smhi_shark/DS06_SMHI_SHARK_20260808T191500Z/SHARK_Phytoplankton_2019_MEDINS_NORKOM_version_2025-03-09.zip","scripts/00_downloads/stage2/05_acquire_ds06_smhi_shark.R","",TRUE,8418,"7621bed0e202ffcf6ad6d4c4421b732828b6b146e8b7a7f7094d0208bdd36b1b","data/raw/stage2/ds06_smhi_shark/DS06_SMHI_SHARK_20260808T191500Z/manifest.csv",FALSE,TRUE,"traceable"
"stage2","raw_evidence","data/raw/stage2/ds06_smhi_shark/DS06_SMHI_SHARK_20260808T191500Z/SHARK_Phytoplankton_2019_MEDINS_UVVVF_version_2025-03-09.zip","scripts/00_downloads/stage2/05_acquire_ds06_smhi_shark.R","",TRUE,43752,"57560a1aa53aed19362571607edc4af9103ade4565c46ad9ece100da52147bc5","data/raw/stage2/ds06_smhi_shark/DS06_SMHI_SHARK_20260808T191500Z/manifest.csv",FALSE,TRUE,"traceable"
"stage2","raw_evidence","data/raw/stage2/ds06_smhi_shark/DS06_SMHI_SHARK_20260808T191500Z/SHARK_Phytoplankton_2019_NIRAS_version_2025-03-09.zip","scripts/00_downloads/stage2/05_acquire_ds06_smhi_shark.R","",TRUE,171449,"b287806c8c78244e60f2b4112bc4a5cd67bb2eaf8d3a9e5299d529404e7c538a","data/raw/stage2/ds06_smhi_shark/DS06_SMHI_SHARK_20260808T191500Z/manifest.csv",FALSE,TRUE,"traceable"
"stage2","raw_evidence","data/raw/stage2/ds06_smhi_shark/DS06_SMHI_SHARK_20260808T191500Z/SHARK_Phytoplankton_2019_PELA_SVAB_version_2025-03-09.zip","scripts/00_downloads/stage2/05_acquire_ds06_smhi_shark.R","",TRUE,134702,"08bb4aa31fccfb5db22b32a9f45af69b46fc5f5e57f0ee7ed2561fa446065ecc","data/raw/stage2/ds06_smhi_shark/DS06_SMHI_SHARK_20260808T191500Z/manifest.csv",FALSE,TRUE,"traceable"
"stage2","raw_evidence","data/raw/stage2/ds06_smhi_shark/DS06_SMHI_SHARK_20260808T191500Z/SHARK_Phytoplankton_2019_SMHI_BVVF_version_2025-03-09.zip","scripts/00_downloads/stage2/05_acquire_ds06_smhi_shark.R","",TRUE,700681,"abfa93326a3c955cdfd11614bacae88c60bd32cc6f024d0aed2fd32ad14bce9c","data/raw/stage2/ds06_smhi_shark/DS06_SMHI_SHARK_20260808T191500Z/manifest.csv",FALSE,TRUE,"traceable"
"stage2","raw_evidence","data/raw/stage2/ds06_smhi_shark/DS06_SMHI_SHARK_20260808T191500Z/SHARK_Phytoplankton_2019_SMHI_ColorFantasy_version_2025-03-09.zip","scripts/00_downloads/stage2/05_acquire_ds06_smhi_shark.R","",TRUE,73059,"b03c0f28205b13eea85e1319118022dc9c94fa5cc883e61025797ebf6160eae7","data/raw/stage2/ds06_smhi_shark/DS06_SMHI_SHARK_20260808T191500Z/manifest.csv",FALSE,TRUE,"traceable"
"stage2","raw_evidence","data/raw/stage2/ds06_smhi_shark/DS06_SMHI_SHARK_20260808T191500Z/SHARK_Phytoplankton_2019_SMHI_DNA_version_2025-03-09.zip","scripts/00_downloads/stage2/05_acquire_ds06_smhi_shark.R","",TRUE,122501,"1cf7f1ebbb93837312d0f433e569208efac81002c2c2d63c2e5fcfe224d0d853","data/raw/stage2/ds06_smhi_shark/DS06_SMHI_SHARK_20260808T191500Z/manifest.csv",FALSE,TRUE,"traceable"
"stage2","raw_evidence","data/raw/stage2/ds06_smhi_shark/DS06_SMHI_SHARK_20260808T191500Z/SHARK_Phytoplankton_2019_SMHI_OLST_version_2025-03-09.zip","scripts/00_downloads/stage2/05_acquire_ds06_smhi_shark.R","",TRUE,117982,"1985b712717197f14bf5e1e0b6e70a1b5b5fe48f5b8c674e6ba1e9a5f5fdabc8","data/raw/stage2/ds06_smhi_shark/DS06_SMHI_SHARK_20260808T191500Z/manifest.csv",FALSE,TRUE,"traceable"
"stage2","raw_evidence","data/raw/stage2/ds06_smhi_shark/DS06_SMHI_SHARK_20260808T191500Z/SHARK_Phytoplankton_2019_SMHI_SLV_biotox_version_2025-03-11.zip","scripts/00_downloads/stage2/05_acquire_ds06_smhi_shark.R","",TRUE,32734,"ed0a8b5795bcca2f6df2d0d313d160bd24b9f60a4e3655328e2779489e88723c","data/raw/stage2/ds06_smhi_shark/DS06_SMHI_SHARK_20260808T191500Z/manifest.csv",FALSE,TRUE,"traceable"
"stage2","raw_evidence","data/raw/stage2/ds06_smhi_shark/DS06_SMHI_SHARK_20260808T191500Z/SHARK_Phytoplankton_2019_SMHI_version_2025-03-09.zip","scripts/00_downloads/stage2/05_acquire_ds06_smhi_shark.R","",TRUE,316605,"2a632ea422a1655c465a4fcfdeedd0b0770054dcdecf066a4a64705e60a344f7","data/raw/stage2/ds06_smhi_shark/DS06_SMHI_SHARK_20260808T191500Z/manifest.csv",FALSE,TRUE,"traceable"
"stage2","raw_evidence","data/raw/stage2/ds06_smhi_shark/DS06_SMHI_SHARK_20260808T191500Z/SHARK_Phytoplankton_2019_UMSC_DNA_version_2025-03-09.zip","scripts/00_downloads/stage2/05_acquire_ds06_smhi_shark.R","",TRUE,55738,"688d4d1caf1cbf94cf7971c819b0b368db13f77a2303d79c76ec8f87baa2da56","data/raw/stage2/ds06_smhi_shark/DS06_SMHI_SHARK_20260808T191500Z/manifest.csv",FALSE,TRUE,"traceable"
"stage2","raw_evidence","data/raw/stage2/ds06_smhi_shark/DS06_SMHI_SHARK_20260808T191500Z/SHARK_Phytoplankton_2019_UMSC_version_2025-03-09.zip","scripts/00_downloads/stage2/05_acquire_ds06_smhi_shark.R","",TRUE,178854,"fd2e4a16adeeb8727b9813e67d6af35f094abe5381a59cf5b71824fe40927424","data/raw/stage2/ds06_smhi_shark/DS06_SMHI_SHARK_20260808T191500Z/manifest.csv",FALSE,TRUE,"traceable"
"stage2","raw_evidence","data/raw/stage2/ds06_smhi_shark/DS06_SMHI_SHARK_20260808T191500Z/SHARK_Phytoplankton_2019_WEAQ_NLST_version_2025-03-09.zip","scripts/00_downloads/stage2/05_acquire_ds06_smhi_shark.R","",TRUE,182098,"a9dfca883474d1856445d6ff2c3276bb12724bbdd6b72709b39fd20127eea10a","data/raw/stage2/ds06_smhi_shark/DS06_SMHI_SHARK_20260808T191500Z/manifest.csv",FALSE,TRUE,"traceable"
"stage2","raw_evidence","data/raw/stage2/ds06_smhi_shark/DS06_SMHI_SHARK_20260808T191500Z/SHARK_Phytoplankton_2020_2021_UMSC_HAV_version_2025-03-09.zip","scripts/00_downloads/stage2/05_acquire_ds06_smhi_shark.R","",TRUE,32500,"5653dfb90b741de1d6bcae3f53591391e99ce8e2fb86e0f416d42ff0d3766f8f","data/raw/stage2/ds06_smhi_shark/DS06_SMHI_SHARK_20260808T191500Z/manifest.csv",FALSE,TRUE,"traceable"
"stage2","raw_evidence","data/raw/stage2/ds06_smhi_shark/DS06_SMHI_SHARK_20260808T191500Z/SHARK_Phytoplankton_2020_DEEP_ELST_version_2025-03-09.zip","scripts/00_downloads/stage2/05_acquire_ds06_smhi_shark.R","",TRUE,128250,"0235788ca27800348be67ab1a69055fbaaa52c34f7f0e8012b74a5f7cb6b5532","data/raw/stage2/ds06_smhi_shark/DS06_SMHI_SHARK_20260808T191500Z/manifest.csv",FALSE,TRUE,"traceable"
"stage2","raw_evidence","data/raw/stage2/ds06_smhi_shark/DS06_SMHI_SHARK_20260808T191500Z/SHARK_Phytoplankton_2020_DEEP_SKVVF_version_2025-03-09.zip","scripts/00_downloads/stage2/05_acquire_ds06_smhi_shark.R","",TRUE,363515,"3ac7eb9ba03e250d82111ad28c50ede1b5c03a3635977988a6a5c021bd7511b5","data/raw/stage2/ds06_smhi_shark/DS06_SMHI_SHARK_20260808T191500Z/manifest.csv",FALSE,TRUE,"traceable"
"stage2","raw_evidence","data/raw/stage2/ds06_smhi_shark/DS06_SMHI_SHARK_20260808T191500Z/SHARK_Phytoplankton_2020_DEEP_version_2025-03-09.zip","scripts/00_downloads/stage2/05_acquire_ds06_smhi_shark.R","",TRUE,204754,"8d59307e5bf7a15be552503d1fee87d7efc8c76dc858ee2a0aec8198f1734540","data/raw/stage2/ds06_smhi_shark/DS06_SMHI_SHARK_20260808T191500Z/manifest.csv",FALSE,TRUE,"traceable"
"stage2","raw_evidence","data/raw/stage2/ds06_smhi_shark/DS06_SMHI_SHARK_20260808T191500Z/SHARK_Phytoplankton_2020_MEDINS_DVVF_version_2025-03-09.zip","scripts/00_downloads/stage2/05_acquire_ds06_smhi_shark.R","",TRUE,15980,"b1a6f1d8883eecf1c42e6db21f834c4c838075d789c107ec019bcb230864b637","data/raw/stage2/ds06_smhi_shark/DS06_SMHI_SHARK_20260808T191500Z/manifest.csv",FALSE,TRUE,"traceable"
"stage2","raw_evidence","data/raw/stage2/ds06_smhi_shark/DS06_SMHI_SHARK_20260808T191500Z/SHARK_Phytoplankton_2020_MEDINS_LVVF_version_2025-03-09.zip","scripts/00_downloads/stage2/05_acquire_ds06_smhi_shark.R","",TRUE,14408,"b11d5a592857dccedd4066fc55a18f0d9ca4c7af0884a98391ba77e076b54c5b","data/raw/stage2/ds06_smhi_shark/DS06_SMHI_SHARK_20260808T191500Z/manifest.csv",FALSE,TRUE,"traceable"
"stage2","raw_evidence","data/raw/stage2/ds06_smhi_shark/DS06_SMHI_SHARK_20260808T191500Z/SHARK_Phytoplankton_2020_MEDINS_MSVVF_version_2025-03-09.zip","scripts/00_downloads/stage2/05_acquire_ds06_smhi_shark.R","",TRUE,47813,"dbb372c34d88c74908dea2b47fa71249cfa7306708f0442b9cab29951a6fc41f","data/raw/stage2/ds06_smhi_shark/DS06_SMHI_SHARK_20260808T191500Z/manifest.csv",FALSE,TRUE,"traceable"
"stage2","raw_evidence","data/raw/stage2/ds06_smhi_shark/DS06_SMHI_SHARK_20260808T191500Z/SHARK_Phytoplankton_2020_MEDINS_NORKOM_version_2025-03-09.zip","scripts/00_downloads/stage2/05_acquire_ds06_smhi_shark.R","",TRUE,7003,"04ebecbfb38a5e298d783b23fe79ef6b4418965e6496ba7e924a4848b79128a9","data/raw/stage2/ds06_smhi_shark/DS06_SMHI_SHARK_20260808T191500Z/manifest.csv",FALSE,TRUE,"traceable"
"stage2","raw_evidence","data/raw/stage2/ds06_smhi_shark/DS06_SMHI_SHARK_20260808T191500Z/SHARK_Phytoplankton_2020_MEDINS_UVVVF_version_2025-03-09.zip","scripts/00_downloads/stage2/05_acquire_ds06_smhi_shark.R","",TRUE,52144,"08e2b56e98751160a69e8088446b9280436624f41146e75ecca4a440b732f3be","data/raw/stage2/ds06_smhi_shark/DS06_SMHI_SHARK_20260808T191500Z/manifest.csv",FALSE,TRUE,"traceable"
"stage2","raw_evidence","data/raw/stage2/ds06_smhi_shark/DS06_SMHI_SHARK_20260808T191500Z/SHARK_Phytoplankton_2020_NIRAS_SYDVVF_VHVVF_NVSKK_OVVF_version_2025-03-09.zip","scripts/00_downloads/stage2/05_acquire_ds06_smhi_shark.R","",TRUE,145856,"5c8d1679aad239304d611dae769a8d7524958ce15d8c23eb7568877b48e75469","data/raw/stage2/ds06_smhi_shark/DS06_SMHI_SHARK_20260808T191500Z/manifest.csv",FALSE,TRUE,"traceable"
"stage2","raw_evidence","data/raw/stage2/ds06_smhi_shark/DS06_SMHI_SHARK_20260808T191500Z/SHARK_Phytoplankton_2020_PELA_GVVF_version_2025-03-09.zip","scripts/00_downloads/stage2/05_acquire_ds06_smhi_shark.R","",TRUE,12479,"f7830b540ffea95e0b9acf8a12c448c8bc5ceefebceff9aff6c3a75b1f29cba3","data/raw/stage2/ds06_smhi_shark/DS06_SMHI_SHARK_20260808T191500Z/manifest.csv",FALSE,TRUE,"traceable"
"stage2","raw_evidence","data/raw/stage2/ds06_smhi_shark/DS06_SMHI_SHARK_20260808T191500Z/SHARK_Phytoplankton_2020_PELA_SVAB_version_2025-03-09.zip","scripts/00_downloads/stage2/05_acquire_ds06_smhi_shark.R","",TRUE,100164,"db06de206f0f3f70e7392e6f6fb6fe07b34fb0846e23d8b01497ad40e5889fdd","data/raw/stage2/ds06_smhi_shark/DS06_SMHI_SHARK_20260808T191500Z/manifest.csv",FALSE,TRUE,"traceable"
"stage2","raw_evidence","data/raw/stage2/ds06_smhi_shark/DS06_SMHI_SHARK_20260808T191500Z/SHARK_Phytoplankton_2020_SMHI_BVVF_version_2025-03-09.zip","scripts/00_downloads/stage2/05_acquire_ds06_smhi_shark.R","",TRUE,726392,"e36ea8a561cf24699ce27f4442d412fbbebe7fb496d15c2e4a7f6dc4f27417cd","data/raw/stage2/ds06_smhi_shark/DS06_SMHI_SHARK_20260808T191500Z/manifest.csv",FALSE,TRUE,"traceable"
"stage2","raw_evidence","data/raw/stage2/ds06_smhi_shark/DS06_SMHI_SHARK_20260808T191500Z/SHARK_Phytoplankton_2020_SMHI_ColorFantasy_version_2025-03-09.zip","scripts/00_downloads/stage2/05_acquire_ds06_smhi_shark.R","",TRUE,93323,"18ed35d0a3affc0815bfca9b33ed15cf985e0aa1ac07e0c08e732f22e0317e91","data/raw/stage2/ds06_smhi_shark/DS06_SMHI_SHARK_20260808T191500Z/manifest.csv",FALSE,TRUE,"traceable"
"stage2","raw_evidence","data/raw/stage2/ds06_smhi_shark/DS06_SMHI_SHARK_20260808T191500Z/SHARK_Phytoplankton_2020_SMHI_OLST_version_2025-03-09.zip","scripts/00_downloads/stage2/05_acquire_ds06_smhi_shark.R","",TRUE,191496,"0d223fb25b17ef770c694612a6e0613459eb731bc717e3c4db1c5aeaf1ac06d6","data/raw/stage2/ds06_smhi_shark/DS06_SMHI_SHARK_20260808T191500Z/manifest.csv",FALSE,TRUE,"traceable"
"stage2","raw_evidence","data/raw/stage2/ds06_smhi_shark/DS06_SMHI_SHARK_20260808T191500Z/SHARK_Phytoplankton_2020_SMHI_SLV_biotox_version_2025-03-11.zip","scripts/00_downloads/stage2/05_acquire_ds06_smhi_shark.R","",TRUE,37704,"1ac9b35cfb374ffb8cb4920ffbfdc747a383a16029c0ace75bc71ef3849d5d02","data/raw/stage2/ds06_smhi_shark/DS06_SMHI_SHARK_20260808T191500Z/manifest.csv",FALSE,TRUE,"traceable"
"stage2","raw_evidence","data/raw/stage2/ds06_smhi_shark/DS06_SMHI_SHARK_20260808T191500Z/SHARK_Phytoplankton_2020_SMHI_version_2025-03-09.zip","scripts/00_downloads/stage2/05_acquire_ds06_smhi_shark.R","",TRUE,390519,"88422bcbe3297634874f0bb8c7b81cfa8ff8e5bdbdab1f58363121aa57084244","data/raw/stage2/ds06_smhi_shark/DS06_SMHI_SHARK_20260808T191500Z/manifest.csv",FALSE,TRUE,"traceable"
"stage2","raw_evidence","data/raw/stage2/ds06_smhi_shark/DS06_SMHI_SHARK_20260808T191500Z/SHARK_Phytoplankton_2020_UMSC_ACLST_version_2025-03-09.zip","scripts/00_downloads/stage2/05_acquire_ds06_smhi_shark.R","",TRUE,41914,"e95cf8efa70a4fc9b08f1167eb0a00ea12e8ad86ba6dab5d05a2493a6a6a18d8","data/raw/stage2/ds06_smhi_shark/DS06_SMHI_SHARK_20260808T191500Z/manifest.csv",FALSE,TRUE,"traceable"
"stage2","raw_evidence","data/raw/stage2/ds06_smhi_shark/DS06_SMHI_SHARK_20260808T191500Z/SHARK_Phytoplankton_2020_UMSC_version_2025-03-09.zip","scripts/00_downloads/stage2/05_acquire_ds06_smhi_shark.R","",TRUE,211212,"811fa323338b1822530a6eef36b7dabd43c5a6213c787b1ed9d4b53c3fe70287","data/raw/stage2/ds06_smhi_shark/DS06_SMHI_SHARK_20260808T191500Z/manifest.csv",FALSE,TRUE,"traceable"
"stage2","raw_evidence","data/raw/stage2/ds06_smhi_shark/DS06_SMHI_SHARK_20260808T191500Z/SHARK_Phytoplankton_2020_UMSC_YLST_version_2025-03-09.zip","scripts/00_downloads/stage2/05_acquire_ds06_smhi_shark.R","",TRUE,43098,"f9e1e991a10f828b212a9dea932285670ff1ce3e8c3e910f990b0b52ff441f95","data/raw/stage2/ds06_smhi_shark/DS06_SMHI_SHARK_20260808T191500Z/manifest.csv",FALSE,TRUE,"traceable"
"stage2","raw_evidence","data/raw/stage2/ds06_smhi_shark/DS06_SMHI_SHARK_20260808T191500Z/SHARK_Phytoplankton_2020_WEAQ_NLST_version_2025-03-09.zip","scripts/00_downloads/stage2/05_acquire_ds06_smhi_shark.R","",TRUE,173127,"7810a0af3b772fea034b09cf04821b08adfbe654e041ff2872189d0d39ce4c5e","data/raw/stage2/ds06_smhi_shark/DS06_SMHI_SHARK_20260808T191500Z/manifest.csv",FALSE,TRUE,"traceable"
"stage2","raw_evidence","data/raw/stage2/ds06_smhi_shark/DS06_SMHI_SHARK_20260808T191500Z/SHARK_Phytoplankton_2021_DEEP_ELST_version_2025-03-09.zip","scripts/00_downloads/stage2/05_acquire_ds06_smhi_shark.R","",TRUE,110044,"20e8bd7209718951f6cb4f2c376172a2505ffc4c1c1e0b08a7d28fb40c61065e","data/raw/stage2/ds06_smhi_shark/DS06_SMHI_SHARK_20260808T191500Z/manifest.csv",FALSE,TRUE,"traceable"
"stage2","raw_evidence","data/raw/stage2/ds06_smhi_shark/DS06_SMHI_SHARK_20260808T191500Z/SHARK_Phytoplankton_2021_DEEP_ILST_version_2025-03-09.zip","scripts/00_downloads/stage2/05_acquire_ds06_smhi_shark.R","",TRUE,20646,"6843113fa6682541846523bd4d8c1a0c2e060bc067fc867dc23d276e5e7feaa8","data/raw/stage2/ds06_smhi_shark/DS06_SMHI_SHARK_20260808T191500Z/manifest.csv",FALSE,TRUE,"traceable"
"stage2","raw_evidence","data/raw/stage2/ds06_smhi_shark/DS06_SMHI_SHARK_20260808T191500Z/SHARK_Phytoplankton_2021_DEEP_SKVVF_version_2025-03-09.zip","scripts/00_downloads/stage2/05_acquire_ds06_smhi_shark.R","",TRUE,364967,"ae0bed069e18ef9f668f5e001981acbd5c2b2f912cb38531bacb8cabc6bc7fbc","data/raw/stage2/ds06_smhi_shark/DS06_SMHI_SHARK_20260808T191500Z/manifest.csv",FALSE,TRUE,"traceable"
"stage2","raw_evidence","data/raw/stage2/ds06_smhi_shark/DS06_SMHI_SHARK_20260808T191500Z/SHARK_Phytoplankton_2021_DEEP_version_2025-03-09.zip","scripts/00_downloads/stage2/05_acquire_ds06_smhi_shark.R","",TRUE,163548,"e4ffff7777e7ddeede19de1738046c64de97beb0addd783913017437fed897ed","data/raw/stage2/ds06_smhi_shark/DS06_SMHI_SHARK_20260808T191500Z/manifest.csv",FALSE,TRUE,"traceable"
"stage2","raw_evidence","data/raw/stage2/ds06_smhi_shark/DS06_SMHI_SHARK_20260808T191500Z/SHARK_Phytoplankton_2021_MEDINS_BDLST_version_2025-03-09.zip","scripts/00_downloads/stage2/05_acquire_ds06_smhi_shark.R","",TRUE,251982,"1389866df5069f3cdd3318e1e0d05586c198b7c9a8eb4f7c383c71e22786c84c","data/raw/stage2/ds06_smhi_shark/DS06_SMHI_SHARK_20260808T191500Z/manifest.csv",FALSE,TRUE,"traceable"
"stage2","raw_evidence","data/raw/stage2/ds06_smhi_shark/DS06_SMHI_SHARK_20260808T191500Z/SHARK_Phytoplankton_2021_MEDINS_DVVF_version_2025-03-09.zip","scripts/00_downloads/stage2/05_acquire_ds06_smhi_shark.R","",TRUE,28599,"5fbea68076930fe45686c6265fdc92bd79ebcd6756b6b20e38ecb74e57efd063","data/raw/stage2/ds06_smhi_shark/DS06_SMHI_SHARK_20260808T191500Z/manifest.csv",FALSE,TRUE,"traceable"
"stage2","raw_evidence","data/raw/stage2/ds06_smhi_shark/DS06_SMHI_SHARK_20260808T191500Z/SHARK_Phytoplankton_2021_MEDINS_LVVVF_version_2025-03-09.zip","scripts/00_downloads/stage2/05_acquire_ds06_smhi_shark.R","",TRUE,17427,"7cde289b19667271fea579ce504bf7e20301527ac7f756b1620a3f6ee0078945","data/raw/stage2/ds06_smhi_shark/DS06_SMHI_SHARK_20260808T191500Z/manifest.csv",FALSE,TRUE,"traceable"
"stage2","raw_evidence","data/raw/stage2/ds06_smhi_shark/DS06_SMHI_SHARK_20260808T191500Z/SHARK_Phytoplankton_2021_MEDINS_MSVVF_version_2025-03-09.zip","scripts/00_downloads/stage2/05_acquire_ds06_smhi_shark.R","",TRUE,48724,"6b0488c7387a88152baf46dd345df972b4cb79adb74c1dc48408dbe192bc9a22","data/raw/stage2/ds06_smhi_shark/DS06_SMHI_SHARK_20260808T191500Z/manifest.csv",FALSE,TRUE,"traceable"
"stage2","raw_evidence","data/raw/stage2/ds06_smhi_shark/DS06_SMHI_SHARK_20260808T191500Z/SHARK_Phytoplankton_2021_MEDINS_NLST_version_2025-03-09.zip","scripts/00_downloads/stage2/05_acquire_ds06_smhi_shark.R","",TRUE,247295,"c147507acef9232b2f04090d80e37377e82102df8142643a9cea938cef9b023f","data/raw/stage2/ds06_smhi_shark/DS06_SMHI_SHARK_20260808T191500Z/manifest.csv",FALSE,TRUE,"traceable"
"stage2","raw_evidence","data/raw/stage2/ds06_smhi_shark/DS06_SMHI_SHARK_20260808T191500Z/SHARK_Phytoplankton_2021_MEDINS_NORKOM_version_2025-03-09.zip","scripts/00_downloads/stage2/05_acquire_ds06_smhi_shark.R","",TRUE,11364,"024638368516785ef686cc4c5fc1e6eadc083eac7c4b4f3f133cd6e930fe18d7","data/raw/stage2/ds06_smhi_shark/DS06_SMHI_SHARK_20260808T191500Z/manifest.csv",FALSE,TRUE,"traceable"
"stage2","raw_evidence","data/raw/stage2/ds06_smhi_shark/DS06_SMHI_SHARK_20260808T191500Z/SHARK_Phytoplankton_2021_MEDINS_UVVVF_version_2025-03-09.zip","scripts/00_downloads/stage2/05_acquire_ds06_smhi_shark.R","",TRUE,66986,"07d3d28952ecf3e6c9485c60cf435f7b36f3c5d80c4e90df370e138182e9edde","data/raw/stage2/ds06_smhi_shark/DS06_SMHI_SHARK_20260808T191500Z/manifest.csv",FALSE,TRUE,"traceable"
"stage2","raw_evidence","data/raw/stage2/ds06_smhi_shark/DS06_SMHI_SHARK_20260808T191500Z/SHARK_Phytoplankton_2021_NIRAS_version_2025-03-09.zip","scripts/00_downloads/stage2/05_acquire_ds06_smhi_shark.R","",TRUE,67965,"99ee0719d6b02f58fb0ed2609cf8b0a0f326b51bbae0112d85e680b54229ef10","data/raw/stage2/ds06_smhi_shark/DS06_SMHI_SHARK_20260808T191500Z/manifest.csv",FALSE,TRUE,"traceable"
"stage2","raw_evidence","data/raw/stage2/ds06_smhi_shark/DS06_SMHI_SHARK_20260808T191500Z/SHARK_Phytoplankton_2021_PELA_EDSVVS_version_2025-03-09.zip","scripts/00_downloads/stage2/05_acquire_ds06_smhi_shark.R","",TRUE,7009,"209707fe405cffd52b830d485cb308e41c4c3a736f03ed496bb30b06e159f30f","data/raw/stage2/ds06_smhi_shark/DS06_SMHI_SHARK_20260808T191500Z/manifest.csv",FALSE,TRUE,"traceable"
"stage2","raw_evidence","data/raw/stage2/ds06_smhi_shark/DS06_SMHI_SHARK_20260808T191500Z/SHARK_Phytoplankton_2021_PELA_GVVF_version_2025-03-09.zip","scripts/00_downloads/stage2/05_acquire_ds06_smhi_shark.R","",TRUE,9374,"b206b34a928deb739d334e8377b894499e7790bb1a4c779941be811dca8c194e","data/raw/stage2/ds06_smhi_shark/DS06_SMHI_SHARK_20260808T191500Z/manifest.csv",FALSE,TRUE,"traceable"
"stage2","raw_evidence","data/raw/stage2/ds06_smhi_shark/DS06_SMHI_SHARK_20260808T191500Z/SHARK_Phytoplankton_2021_PELA_SVAB_Brunnsviken_version_2025-03-09.zip","scripts/00_downloads/stage2/05_acquire_ds06_smhi_shark.R","",TRUE,9720,"adb3f1dfbc886c11dcb12b25305c320bb5acd9330018c1f659b29e36d16a6272","data/raw/stage2/ds06_smhi_shark/DS06_SMHI_SHARK_20260808T191500Z/manifest.csv",FALSE,TRUE,"traceable"
"stage2","raw_evidence","data/raw/stage2/ds06_smhi_shark/DS06_SMHI_SHARK_20260808T191500Z/SHARK_Phytoplankton_2021_PELA_SVAB_version_2025-03-09.zip","scripts/00_downloads/stage2/05_acquire_ds06_smhi_shark.R","",TRUE,206905,"91e5a623e9b08ac14081f1afa2ca8dcfc8ab988d28081a7f01e192332fdeb86e","data/raw/stage2/ds06_smhi_shark/DS06_SMHI_SHARK_20260808T191500Z/manifest.csv",FALSE,TRUE,"traceable"
"stage2","raw_evidence","data/raw/stage2/ds06_smhi_shark/DS06_SMHI_SHARK_20260808T191500Z/SHARK_Phytoplankton_2021_SMHI_BVVF_version_2025-03-09.zip","scripts/00_downloads/stage2/05_acquire_ds06_smhi_shark.R","",TRUE,795357,"17bdb64b06c060c92a89375c40bf21fc1046b2fd0c6ee7b9509017c31c579bf3","data/raw/stage2/ds06_smhi_shark/DS06_SMHI_SHARK_20260808T191500Z/manifest.csv",FALSE,TRUE,"traceable"
"stage2","raw_evidence","data/raw/stage2/ds06_smhi_shark/DS06_SMHI_SHARK_20260808T191500Z/SHARK_Phytoplankton_2021_SMHI_ColorFantasy_version_2025-03-09.zip","scripts/00_downloads/stage2/05_acquire_ds06_smhi_shark.R","",TRUE,57891,"3e970941d497f5a168fc67c899e47a795cad154927abb23e10b337d995c381b1","data/raw/stage2/ds06_smhi_shark/DS06_SMHI_SHARK_20260808T191500Z/manifest.csv",FALSE,TRUE,"traceable"
"stage2","raw_evidence","data/raw/stage2/ds06_smhi_shark/DS06_SMHI_SHARK_20260808T191500Z/SHARK_Phytoplankton_2021_SMHI_OLST_version_2025-03-09.zip","scripts/00_downloads/stage2/05_acquire_ds06_smhi_shark.R","",TRUE,206193,"a8ec0e954a2674b8d3205718fc998a7416ff9c0046e62293939debc4217c8129","data/raw/stage2/ds06_smhi_shark/DS06_SMHI_SHARK_20260808T191500Z/manifest.csv",FALSE,TRUE,"traceable"
"stage2","raw_evidence","data/raw/stage2/ds06_smhi_shark/DS06_SMHI_SHARK_20260808T191500Z/SHARK_Phytoplankton_2021_SMHI_SLCK_version_2025-03-09.zip","scripts/00_downloads/stage2/05_acquire_ds06_smhi_shark.R","",TRUE,335921,"2a8e40c8cea9b35ef0777129dafcb7ed50a6522bc216a718f62861209b855a92","data/raw/stage2/ds06_smhi_shark/DS06_SMHI_SHARK_20260808T191500Z/manifest.csv",FALSE,TRUE,"traceable"
"stage2","raw_evidence","data/raw/stage2/ds06_smhi_shark/DS06_SMHI_SHARK_20260808T191500Z/SHARK_Phytoplankton_2021_SMHI_SLV_biotox_version_2025-03-11.zip","scripts/00_downloads/stage2/05_acquire_ds06_smhi_shark.R","",TRUE,48271,"1ee9c4d53fa5855c30a75232171fad9071e53215daedad6d9144966689e9a295","data/raw/stage2/ds06_smhi_shark/DS06_SMHI_SHARK_20260808T191500Z/manifest.csv",FALSE,TRUE,"traceable"
"stage2","raw_evidence","data/raw/stage2/ds06_smhi_shark/DS06_SMHI_SHARK_20260808T191500Z/SHARK_Phytoplankton_2021_SMHI_version_2025-03-09.zip","scripts/00_downloads/stage2/05_acquire_ds06_smhi_shark.R","",TRUE,454936,"e8b835b5b20539d2a4c7e9c863fe9ca23d0349d4d98c19e59b6bf7d3943d090a","data/raw/stage2/ds06_smhi_shark/DS06_SMHI_SHARK_20260808T191500Z/manifest.csv",FALSE,TRUE,"traceable"
"stage2","raw_evidence","data/raw/stage2/ds06_smhi_shark/DS06_SMHI_SHARK_20260808T191500Z/SHARK_Phytoplankton_2021_UMSC_ACLST_version_2025-03-09.zip","scripts/00_downloads/stage2/05_acquire_ds06_smhi_shark.R","",TRUE,51161,"821720626d7cd8e73fffc4abf2a21007d01f7d6fb76e613d7caf6a43db10e8a5","data/raw/stage2/ds06_smhi_shark/DS06_SMHI_SHARK_20260808T191500Z/manifest.csv",FALSE,TRUE,"traceable"
"stage2","raw_evidence","data/raw/stage2/ds06_smhi_shark/DS06_SMHI_SHARK_20260808T191500Z/SHARK_Phytoplankton_2021_UMSC_version_2025-03-09.zip","scripts/00_downloads/stage2/05_acquire_ds06_smhi_shark.R","",TRUE,207361,"13d110e0ff3aa880a2e2d7b028ef3630b90bc776081cc1753929c4945421fbff","data/raw/stage2/ds06_smhi_shark/DS06_SMHI_SHARK_20260808T191500Z/manifest.csv",FALSE,TRUE,"traceable"
"stage2","raw_evidence","data/raw/stage2/ds06_smhi_shark/DS06_SMHI_SHARK_20260808T191500Z/SHARK_Phytoplankton_2022_DEEP_ELST_version_2025-03-09.zip","scripts/00_downloads/stage2/05_acquire_ds06_smhi_shark.R","",TRUE,122046,"847c2974a4896ec87521454aafa6f29b6e63a4577a264dd35e50668e4c6b3624","data/raw/stage2/ds06_smhi_shark/DS06_SMHI_SHARK_20260808T191500Z/manifest.csv",FALSE,TRUE,"traceable"
"stage2","raw_evidence","data/raw/stage2/ds06_smhi_shark/DS06_SMHI_SHARK_20260808T191500Z/SHARK_Phytoplankton_2022_DEEP_ILST_version_2025-03-09.zip","scripts/00_downloads/stage2/05_acquire_ds06_smhi_shark.R","",TRUE,16212,"d218ba8df393024c439a8e39d280a8c662ac27b718b1ecf06c5891a7b2ad349d","data/raw/stage2/ds06_smhi_shark/DS06_SMHI_SHARK_20260808T191500Z/manifest.csv",FALSE,TRUE,"traceable"
"stage2","raw_evidence","data/raw/stage2/ds06_smhi_shark/DS06_SMHI_SHARK_20260808T191500Z/SHARK_Phytoplankton_2022_DEEP_SKVVF_version_2025-03-09.zip","scripts/00_downloads/stage2/05_acquire_ds06_smhi_shark.R","",TRUE,372547,"f87c0104f1e553c9f6ff8e52fb89a2019195091290fcd5de608005845a655ee0","data/raw/stage2/ds06_smhi_shark/DS06_SMHI_SHARK_20260808T191500Z/manifest.csv",FALSE,TRUE,"traceable"
"stage2","raw_evidence","data/raw/stage2/ds06_smhi_shark/DS06_SMHI_SHARK_20260808T191500Z/SHARK_Phytoplankton_2022_DEEP_version_2025-03-09.zip","scripts/00_downloads/stage2/05_acquire_ds06_smhi_shark.R","",TRUE,182551,"ff51ea9aef21e95d17398e105b5823d2b2966611ce4f44d21d3c0ed0e7c79f57","data/raw/stage2/ds06_smhi_shark/DS06_SMHI_SHARK_20260808T191500Z/manifest.csv",FALSE,TRUE,"traceable"
"stage2","raw_evidence","data/raw/stage2/ds06_smhi_shark/DS06_SMHI_SHARK_20260808T191500Z/SHARK_Phytoplankton_2022_MEDINS_BDLST_version_2025-03-09.zip","scripts/00_downloads/stage2/05_acquire_ds06_smhi_shark.R","",TRUE,298793,"07d789ae5a89836e0ad2547bfd0efa9f45b06f401013a53d43f09a234f7bba5b","data/raw/stage2/ds06_smhi_shark/DS06_SMHI_SHARK_20260808T191500Z/manifest.csv",FALSE,TRUE,"traceable"
"stage2","raw_evidence","data/raw/stage2/ds06_smhi_shark/DS06_SMHI_SHARK_20260808T191500Z/SHARK_Phytoplankton_2022_MEDINS_DVVF_version_2025-03-09.zip","scripts/00_downloads/stage2/05_acquire_ds06_smhi_shark.R","",TRUE,39285,"6ae7abb5f9a4c28caf022cff030666fe19d87f5ddf605dedf7e39d9d7552c899","data/raw/stage2/ds06_smhi_shark/DS06_SMHI_SHARK_20260808T191500Z/manifest.csv",FALSE,TRUE,"traceable"
"stage2","raw_evidence","data/raw/stage2/ds06_smhi_shark/DS06_SMHI_SHARK_20260808T191500Z/SHARK_Phytoplankton_2022_MEDINS_LVVVF_version_2025-03-09.zip","scripts/00_downloads/stage2/05_acquire_ds06_smhi_shark.R","",TRUE,16348,"ad50dd161f4fd93d1474b9afca900087e5db1bc9a35d8a12a67f5f24a269514b","data/raw/stage2/ds06_smhi_shark/DS06_SMHI_SHARK_20260808T191500Z/manifest.csv",FALSE,TRUE,"traceable"
"stage2","raw_evidence","data/raw/stage2/ds06_smhi_shark/DS06_SMHI_SHARK_20260808T191500Z/SHARK_Phytoplankton_2022_MEDINS_MSVVF_version_2025-03-09.zip","scripts/00_downloads/stage2/05_acquire_ds06_smhi_shark.R","",TRUE,33933,"f080873b93cb65fdb1a0e04d06fc27581930f980239fb6d125f513531efdcb25","data/raw/stage2/ds06_smhi_shark/DS06_SMHI_SHARK_20260808T191500Z/manifest.csv",FALSE,TRUE,"traceable"
"stage2","raw_evidence","data/raw/stage2/ds06_smhi_shark/DS06_SMHI_SHARK_20260808T191500Z/SHARK_Phytoplankton_2022_MEDINS_NLST_version_2025-03-09.zip","scripts/00_downloads/stage2/05_acquire_ds06_smhi_shark.R","",TRUE,216907,"759d9e1fc3758f2fc5e1bad84f7106f9924c4e75d0c20fdca17d46f2d1f2d2cd","data/raw/stage2/ds06_smhi_shark/DS06_SMHI_SHARK_20260808T191500Z/manifest.csv",FALSE,TRUE,"traceable"
"stage2","raw_evidence","data/raw/stage2/ds06_smhi_shark/DS06_SMHI_SHARK_20260808T191500Z/SHARK_Phytoplankton_2022_MEDINS_NORKOM_version_2025-03-09.zip","scripts/00_downloads/stage2/05_acquire_ds06_smhi_shark.R","",TRUE,10915,"a07bda95c8b53290ee035b7bde79165aaeb1e5f3321e7fc674ad1fb31d6768ea","data/raw/stage2/ds06_smhi_shark/DS06_SMHI_SHARK_20260808T191500Z/manifest.csv",FALSE,TRUE,"traceable"
"stage2","raw_evidence","data/raw/stage2/ds06_smhi_shark/DS06_SMHI_SHARK_20260808T191500Z/SHARK_Phytoplankton_2022_MEDINS_UVVVF_version_2025-03-09.zip","scripts/00_downloads/stage2/05_acquire_ds06_smhi_shark.R","",TRUE,99362,"bfd03d1543bf506d1a8c1400136590b14d55e426e602e0f92a755e3e5877169c","data/raw/stage2/ds06_smhi_shark/DS06_SMHI_SHARK_20260808T191500Z/manifest.csv",FALSE,TRUE,"traceable"
"stage2","raw_evidence","data/raw/stage2/ds06_smhi_shark/DS06_SMHI_SHARK_20260808T191500Z/SHARK_Phytoplankton_2022_MEDINS_version_2025-03-09.zip","scripts/00_downloads/stage2/05_acquire_ds06_smhi_shark.R","",TRUE,325295,"8ea50a2509139f235d75b742ae9877debc18a9a13996d2af4b5ed299aa1ee0ac","data/raw/stage2/ds06_smhi_shark/DS06_SMHI_SHARK_20260808T191500Z/manifest.csv",FALSE,TRUE,"traceable"
"stage2","raw_evidence","data/raw/stage2/ds06_smhi_shark/DS06_SMHI_SHARK_20260808T191500Z/SHARK_Phytoplankton_2022_NATVAT_version_2025-03-09.zip","scripts/00_downloads/stage2/05_acquire_ds06_smhi_shark.R","",TRUE,30774,"78c4cf461613481e8e33d29b54144247255eb80df295952afaca710e05f81137","data/raw/stage2/ds06_smhi_shark/DS06_SMHI_SHARK_20260808T191500Z/manifest.csv",FALSE,TRUE,"traceable"
"stage2","raw_evidence","data/raw/stage2/ds06_smhi_shark/DS06_SMHI_SHARK_20260808T191500Z/SHARK_Phytoplankton_2022_NIRAS_version_2025-03-09.zip","scripts/00_downloads/stage2/05_acquire_ds06_smhi_shark.R","",TRUE,69188,"cd110c4e17af0e2e43e95350489bfc29579390ab8982ddb79aaaa998a46fab01","data/raw/stage2/ds06_smhi_shark/DS06_SMHI_SHARK_20260808T191500Z/manifest.csv",FALSE,TRUE,"traceable"
"stage2","raw_evidence","data/raw/stage2/ds06_smhi_shark/DS06_SMHI_SHARK_20260808T191500Z/SHARK_Phytoplankton_2022_PELA_EDSVVS_version_2025-03-09.zip","scripts/00_downloads/stage2/05_acquire_ds06_smhi_shark.R","",TRUE,5594,"72bd5598b463ad8a1d754b09d2d24d9e12b128c2accc9cd3eb7061d2170efa47","data/raw/stage2/ds06_smhi_shark/DS06_SMHI_SHARK_20260808T191500Z/manifest.csv",FALSE,TRUE,"traceable"
"stage2","raw_evidence","data/raw/stage2/ds06_smhi_shark/DS06_SMHI_SHARK_20260808T191500Z/SHARK_Phytoplankton_2022_PELA_GVVF_version_2025-03-09.zip","scripts/00_downloads/stage2/05_acquire_ds06_smhi_shark.R","",TRUE,32357,"28c0fa9095a406b3c6a7b82ae62ef649d9baf9ef415caee68ba8f04662dadd0a","data/raw/stage2/ds06_smhi_shark/DS06_SMHI_SHARK_20260808T191500Z/manifest.csv",FALSE,TRUE,"traceable"
"stage2","raw_evidence","data/raw/stage2/ds06_smhi_shark/DS06_SMHI_SHARK_20260808T191500Z/SHARK_Phytoplankton_2022_PELA_SVAB_Brunnsviken_version_2025-03-09.zip","scripts/00_downloads/stage2/05_acquire_ds06_smhi_shark.R","",TRUE,7580,"d58758da9b9ca9ae12c936e81ee84a2af345e94e238347a5cef886ce1247f951","data/raw/stage2/ds06_smhi_shark/DS06_SMHI_SHARK_20260808T191500Z/manifest.csv",FALSE,TRUE,"traceable"
"stage2","raw_evidence","data/raw/stage2/ds06_smhi_shark/DS06_SMHI_SHARK_20260808T191500Z/SHARK_Phytoplankton_2022_PELA_SVAB_version_2025-03-09.zip","scripts/00_downloads/stage2/05_acquire_ds06_smhi_shark.R","",TRUE,64807,"b02a776c0695d519687870674061b6b32c26f12156a89c7697034d176c053d28","data/raw/stage2/ds06_smhi_shark/DS06_SMHI_SHARK_20260808T191500Z/manifest.csv",FALSE,TRUE,"traceable"
"stage2","raw_evidence","data/raw/stage2/ds06_smhi_shark/DS06_SMHI_SHARK_20260808T191500Z/SHARK_Phytoplankton_2022_SLCK_version_2025-03-09.zip","scripts/00_downloads/stage2/05_acquire_ds06_smhi_shark.R","",TRUE,37975,"d6c67572d92fdef2b9d8e7224f74411cc459c10d12a107c4f659f151223fdf55","data/raw/stage2/ds06_smhi_shark/DS06_SMHI_SHARK_20260808T191500Z/manifest.csv",FALSE,TRUE,"traceable"
"stage2","raw_evidence","data/raw/stage2/ds06_smhi_shark/DS06_SMHI_SHARK_20260808T191500Z/SHARK_Phytoplankton_2022_SMHI_BVVF_version_2025-03-09.zip","scripts/00_downloads/stage2/05_acquire_ds06_smhi_shark.R","",TRUE,663110,"be6ac0dd75d4855a7d6791f3f7a73b1791f0fafb8582d06bb175a75d6c76b92a","data/raw/stage2/ds06_smhi_shark/DS06_SMHI_SHARK_20260808T191500Z/manifest.csv",FALSE,TRUE,"traceable"
"stage2","raw_evidence","data/raw/stage2/ds06_smhi_shark/DS06_SMHI_SHARK_20260808T191500Z/SHARK_Phytoplankton_2022_SMHI_ColorFantasy_version_2025-03-09.zip","scripts/00_downloads/stage2/05_acquire_ds06_smhi_shark.R","",TRUE,61718,"502055944a88f592d472b36952b0879ae13b302565e069df4059335390c4f837","data/raw/stage2/ds06_smhi_shark/DS06_SMHI_SHARK_20260808T191500Z/manifest.csv",FALSE,TRUE,"traceable"
"stage2","raw_evidence","data/raw/stage2/ds06_smhi_shark/DS06_SMHI_SHARK_20260808T191500Z/SHARK_Phytoplankton_2022_SMHI_EXT_version_2025-03-09.zip","scripts/00_downloads/stage2/05_acquire_ds06_smhi_shark.R","",TRUE,14039,"f61d3bb5020e815077baa0d7b350894b541a366ab31cb1191336a294633248ed","data/raw/stage2/ds06_smhi_shark/DS06_SMHI_SHARK_20260808T191500Z/manifest.csv",FALSE,TRUE,"traceable"
"stage2","raw_evidence","data/raw/stage2/ds06_smhi_shark/DS06_SMHI_SHARK_20260808T191500Z/SHARK_Phytoplankton_2022_SMHI_OLST_version_2025-03-09.zip","scripts/00_downloads/stage2/05_acquire_ds06_smhi_shark.R","",TRUE,156980,"080c4bda8383f6f473ea950840eab833bc4be4905db14f200da707166e90b1a1","data/raw/stage2/ds06_smhi_shark/DS06_SMHI_SHARK_20260808T191500Z/manifest.csv",FALSE,TRUE,"traceable"
"stage2","raw_evidence","data/raw/stage2/ds06_smhi_shark/DS06_SMHI_SHARK_20260808T191500Z/SHARK_Phytoplankton_2022_SMHI_SLV_biotox_version_2025-03-11.zip","scripts/00_downloads/stage2/05_acquire_ds06_smhi_shark.R","",TRUE,41700,"584bda464a498ffd61e6353475a96968454a94b62f8338fc2e7e79ce9dec9b55","data/raw/stage2/ds06_smhi_shark/DS06_SMHI_SHARK_20260808T191500Z/manifest.csv",FALSE,TRUE,"traceable"
"stage2","raw_evidence","data/raw/stage2/ds06_smhi_shark/DS06_SMHI_SHARK_20260808T191500Z/SHARK_Phytoplankton_2022_SMHI_SLV_KALKOM_version_2025-03-11.zip","scripts/00_downloads/stage2/05_acquire_ds06_smhi_shark.R","",TRUE,11977,"4554a0464a5c5ccf796eef6e1054701a6f9ff19233a5a12a41ee39e410b18965","data/raw/stage2/ds06_smhi_shark/DS06_SMHI_SHARK_20260808T191500Z/manifest.csv",FALSE,TRUE,"traceable"
"stage2","raw_evidence","data/raw/stage2/ds06_smhi_shark/DS06_SMHI_SHARK_20260808T191500Z/SHARK_Phytoplankton_2022_SMHI_version_2025-03-09.zip","scripts/00_downloads/stage2/05_acquire_ds06_smhi_shark.R","",TRUE,346749,"de3a248668b83a3da4ab5c9db5351d9e0027a9168bd1adb0a6d9cc2f283bbb97","data/raw/stage2/ds06_smhi_shark/DS06_SMHI_SHARK_20260808T191500Z/manifest.csv",FALSE,TRUE,"traceable"
"stage2","raw_evidence","data/raw/stage2/ds06_smhi_shark/DS06_SMHI_SHARK_20260808T191500Z/SHARK_Phytoplankton_2022_UMSC_ACLST_version_2025-03-09.zip","scripts/00_downloads/stage2/05_acquire_ds06_smhi_shark.R","",TRUE,57714,"88623c0946d4b8cbb98df8f756d4627eb47141216ebcb2ee1c4209a7bdf316be","data/raw/stage2/ds06_smhi_shark/DS06_SMHI_SHARK_20260808T191500Z/manifest.csv",FALSE,TRUE,"traceable"
"stage2","raw_evidence","data/raw/stage2/ds06_smhi_shark/DS06_SMHI_SHARK_20260808T191500Z/SHARK_Phytoplankton_2022_UMSC_version_2025-03-09.zip","scripts/00_downloads/stage2/05_acquire_ds06_smhi_shark.R","",TRUE,207402,"29d077bef9348485989c699759f4d156e341b1d0421524c4f3f3c6e955f5da4d","data/raw/stage2/ds06_smhi_shark/DS06_SMHI_SHARK_20260808T191500Z/manifest.csv",FALSE,TRUE,"traceable"
"stage2","raw_evidence","data/raw/stage2/ds06_smhi_shark/DS06_SMHI_SHARK_20260808T191500Z/SHARK_Phytoplankton_2023_DEEP_ILST_version_2025-03-09.zip","scripts/00_downloads/stage2/05_acquire_ds06_smhi_shark.R","",TRUE,16647,"d45e1e2b48f480bf14ac958ce2b592e00f2fd06c892113052f591ad701148c37","data/raw/stage2/ds06_smhi_shark/DS06_SMHI_SHARK_20260808T191500Z/manifest.csv",FALSE,TRUE,"traceable"
"stage2","raw_evidence","data/raw/stage2/ds06_smhi_shark/DS06_SMHI_SHARK_20260808T191500Z/SHARK_Phytoplankton_2023_DEEP_SKVVF_version_2025-03-09.zip","scripts/00_downloads/stage2/05_acquire_ds06_smhi_shark.R","",TRUE,374840,"20580f4bc470b585e4e8c0237b66a29af94babc367cbd4bdc7faea3588eb8a49","data/raw/stage2/ds06_smhi_shark/DS06_SMHI_SHARK_20260808T191500Z/manifest.csv",FALSE,TRUE,"traceable"
"stage2","raw_evidence","data/raw/stage2/ds06_smhi_shark/DS06_SMHI_SHARK_20260808T191500Z/SHARK_Phytoplankton_2023_DEEP_version_2025-03-09.zip","scripts/00_downloads/stage2/05_acquire_ds06_smhi_shark.R","",TRUE,215600,"de0dfda74a118925241362230d2408d88ff4069c7645e01f302eea78f90d24e2","data/raw/stage2/ds06_smhi_shark/DS06_SMHI_SHARK_20260808T191500Z/manifest.csv",FALSE,TRUE,"traceable"
"stage2","raw_evidence","data/raw/stage2/ds06_smhi_shark/DS06_SMHI_SHARK_20260808T191500Z/SHARK_Phytoplankton_2023_MEDINS_DVVF_version_2025-03-09.zip","scripts/00_downloads/stage2/05_acquire_ds06_smhi_shark.R","",TRUE,47802,"42eb00f930426da7d1d3b4ecdaa6e890c0b785ae1deda12157b3b183e67c680f","data/raw/stage2/ds06_smhi_shark/DS06_SMHI_SHARK_20260808T191500Z/manifest.csv",FALSE,TRUE,"traceable"
"stage2","raw_evidence","data/raw/stage2/ds06_smhi_shark/DS06_SMHI_SHARK_20260808T191500Z/SHARK_Phytoplankton_2023_MEDINS_LVVVF_version_2025-03-09.zip","scripts/00_downloads/stage2/05_acquire_ds06_smhi_shark.R","",TRUE,20103,"5789b8a476dd9cb2688eaae17a418b0d5aedd6cdcb41c63fd1a6e429846ae90c","data/raw/stage2/ds06_smhi_shark/DS06_SMHI_SHARK_20260808T191500Z/manifest.csv",FALSE,TRUE,"traceable"
"stage2","raw_evidence","data/raw/stage2/ds06_smhi_shark/DS06_SMHI_SHARK_20260808T191500Z/SHARK_Phytoplankton_2023_MEDINS_NLST_version_2025-03-09.zip","scripts/00_downloads/stage2/05_acquire_ds06_smhi_shark.R","",TRUE,252939,"b9d91a953a8dd0bbbafd1c8c5456d10fa4e3236d819b9691454b9d23317a9258","data/raw/stage2/ds06_smhi_shark/DS06_SMHI_SHARK_20260808T191500Z/manifest.csv",FALSE,TRUE,"traceable"
"stage2","raw_evidence","data/raw/stage2/ds06_smhi_shark/DS06_SMHI_SHARK_20260808T191500Z/SHARK_Phytoplankton_2023_MEDINS_NORKOM_version_2025-03-09.zip","scripts/00_downloads/stage2/05_acquire_ds06_smhi_shark.R","",TRUE,11315,"34d28434c8bf99beed74eebb47d08ed1cde65c39e1f94e8dbdcb76ccf7ee361a","data/raw/stage2/ds06_smhi_shark/DS06_SMHI_SHARK_20260808T191500Z/manifest.csv",FALSE,TRUE,"traceable"
"stage2","raw_evidence","data/raw/stage2/ds06_smhi_shark/DS06_SMHI_SHARK_20260808T191500Z/SHARK_Phytoplankton_2023_NATVAT_version_2025-03-09.zip","scripts/00_downloads/stage2/05_acquire_ds06_smhi_shark.R","",TRUE,63885,"78bafee8fe0043d8e9f7dfd8427193f462a712fa175986962ae82bdd9b914be8","data/raw/stage2/ds06_smhi_shark/DS06_SMHI_SHARK_20260808T191500Z/manifest.csv",FALSE,TRUE,"traceable"
"stage2","raw_evidence","data/raw/stage2/ds06_smhi_shark/DS06_SMHI_SHARK_20260808T191500Z/SHARK_Phytoplankton_2023_NIRAS_version_2025-03-09.zip","scripts/00_downloads/stage2/05_acquire_ds06_smhi_shark.R","",TRUE,77457,"c90d8870a0d653e157c7a90fd798c0196c2b922ae7d80deb6685c957231f2646","data/raw/stage2/ds06_smhi_shark/DS06_SMHI_SHARK_20260808T191500Z/manifest.csv",FALSE,TRUE,"traceable"
"stage2","raw_evidence","data/raw/stage2/ds06_smhi_shark/DS06_SMHI_SHARK_20260808T191500Z/SHARK_Phytoplankton_2023_PELA_EDSVVS_version_2025-03-09.zip","scripts/00_downloads/stage2/05_acquire_ds06_smhi_shark.R","",TRUE,8472,"a21b2d7a52b1abc6222d9c31bd9555fcc024d652b2f8de2ccdb6aacdf103507e","data/raw/stage2/ds06_smhi_shark/DS06_SMHI_SHARK_20260808T191500Z/manifest.csv",FALSE,TRUE,"traceable"
"stage2","raw_evidence","data/raw/stage2/ds06_smhi_shark/DS06_SMHI_SHARK_20260808T191500Z/SHARK_Phytoplankton_2023_PELA_GVVF_version_2025-03-09.zip","scripts/00_downloads/stage2/05_acquire_ds06_smhi_shark.R","",TRUE,28894,"b01726af76029c36462ebf27ecf0a354fc37b687d41dbba98caf46116054e462","data/raw/stage2/ds06_smhi_shark/DS06_SMHI_SHARK_20260808T191500Z/manifest.csv",FALSE,TRUE,"traceable"
"stage2","raw_evidence","data/raw/stage2/ds06_smhi_shark/DS06_SMHI_SHARK_20260808T191500Z/SHARK_Phytoplankton_2023_PELA_SVAB_Brunnsviken_version_2025-03-09.zip","scripts/00_downloads/stage2/05_acquire_ds06_smhi_shark.R","",TRUE,7631,"4369b867255df38d47c28c0373115549d4e79cde74de20e45864f4f204a20b38","data/raw/stage2/ds06_smhi_shark/DS06_SMHI_SHARK_20260808T191500Z/manifest.csv",FALSE,TRUE,"traceable"
"stage2","raw_evidence","data/raw/stage2/ds06_smhi_shark/DS06_SMHI_SHARK_20260808T191500Z/SHARK_Phytoplankton_2023_PELA_SVAB_version_2025-03-09.zip","scripts/00_downloads/stage2/05_acquire_ds06_smhi_shark.R","",TRUE,86309,"bcb10c61332c5bee1f8f62a5e774fe5c85997104ead89178360c821976ba7384","data/raw/stage2/ds06_smhi_shark/DS06_SMHI_SHARK_20260808T191500Z/manifest.csv",FALSE,TRUE,"traceable"
"stage2","raw_evidence","data/raw/stage2/ds06_smhi_shark/DS06_SMHI_SHARK_20260808T191500Z/SHARK_Phytoplankton_2023_SLCK_SMHI_version_2025-03-09.zip","scripts/00_downloads/stage2/05_acquire_ds06_smhi_shark.R","",TRUE,7255,"e6385de595eb281f1d60f7f281ca47f1a5b4be5525c96eba5aef7955e56413e5","data/raw/stage2/ds06_smhi_shark/DS06_SMHI_SHARK_20260808T191500Z/manifest.csv",FALSE,TRUE,"traceable"
"stage2","raw_evidence","data/raw/stage2/ds06_smhi_shark/DS06_SMHI_SHARK_20260808T191500Z/SHARK_Phytoplankton_2023_SMHI_ALGG_version_2025-03-07.zip","scripts/00_downloads/stage2/05_acquire_ds06_smhi_shark.R","",TRUE,58909,"77d212546a1f067d659390ca6dd3d38398479b5cf156e05945b35ea06fba373b","data/raw/stage2/ds06_smhi_shark/DS06_SMHI_SHARK_20260808T191500Z/manifest.csv",FALSE,TRUE,"traceable"
"stage2","raw_evidence","data/raw/stage2/ds06_smhi_shark/DS06_SMHI_SHARK_20260808T191500Z/SHARK_Phytoplankton_2023_SMHI_Algtox_version_2025-03-09.zip","scripts/00_downloads/stage2/05_acquire_ds06_smhi_shark.R","",TRUE,104956,"a8e91e2b4fbc7177f78666e24ae88df28f6b858e8a518acacae823ea1b47d700","data/raw/stage2/ds06_smhi_shark/DS06_SMHI_SHARK_20260808T191500Z/manifest.csv",FALSE,TRUE,"traceable"
"stage2","raw_evidence","data/raw/stage2/ds06_smhi_shark/DS06_SMHI_SHARK_20260808T191500Z/SHARK_Phytoplankton_2023_SMHI_BVVF_version_2025-03-09.zip","scripts/00_downloads/stage2/05_acquire_ds06_smhi_shark.R","",TRUE,727600,"9d945c4d534e761f76c16ad016194de8d1296175481395d04c4268edbb052729","data/raw/stage2/ds06_smhi_shark/DS06_SMHI_SHARK_20260808T191500Z/manifest.csv",FALSE,TRUE,"traceable"
"stage2","raw_evidence","data/raw/stage2/ds06_smhi_shark/DS06_SMHI_SHARK_20260808T191500Z/SHARK_Phytoplankton_2023_SMHI_ColorFantasy_version_2025-03-09.zip","scripts/00_downloads/stage2/05_acquire_ds06_smhi_shark.R","",TRUE,62628,"768c473f6040c50206428085cea6e0d7bf1057ae17a492ecfe3c9f6741621bda","data/raw/stage2/ds06_smhi_shark/DS06_SMHI_SHARK_20260808T191500Z/manifest.csv",FALSE,TRUE,"traceable"
"stage2","raw_evidence","data/raw/stage2/ds06_smhi_shark/DS06_SMHI_SHARK_20260808T191500Z/SHARK_Phytoplankton_2023_SMHI_OLST_version_2025-03-09.zip","scripts/00_downloads/stage2/05_acquire_ds06_smhi_shark.R","",TRUE,143406,"96e9fd617bcc27e5d1eee9dcc29516c0835bc80fe847d376cd27989458f61b66","data/raw/stage2/ds06_smhi_shark/DS06_SMHI_SHARK_20260808T191500Z/manifest.csv",FALSE,TRUE,"traceable"
"stage2","raw_evidence","data/raw/stage2/ds06_smhi_shark/DS06_SMHI_SHARK_20260808T191500Z/SHARK_Phytoplankton_2023_SMHI_SLV_biotox_version_2025-03-11.zip","scripts/00_downloads/stage2/05_acquire_ds06_smhi_shark.R","",TRUE,46129,"c481d93ab640b90d6fc7025e4c99d5e4fe6140731b74d8c7d9791b796d3c2a89","data/raw/stage2/ds06_smhi_shark/DS06_SMHI_SHARK_20260808T191500Z/manifest.csv",FALSE,TRUE,"traceable"
"stage2","raw_evidence","data/raw/stage2/ds06_smhi_shark/DS06_SMHI_SHARK_20260808T191500Z/SHARK_Phytoplankton_2023_SMHI_version_2025-03-09.zip","scripts/00_downloads/stage2/05_acquire_ds06_smhi_shark.R","",TRUE,351139,"6ad8c13ec56ae304b131cd665dc9ca16cbac250d2075406afee9d4dc7d007a0b","data/raw/stage2/ds06_smhi_shark/DS06_SMHI_SHARK_20260808T191500Z/manifest.csv",FALSE,TRUE,"traceable"
"stage2","raw_evidence","data/raw/stage2/ds06_smhi_shark/DS06_SMHI_SHARK_20260808T191500Z/SHARK_Phytoplankton_2023_SWECO_MSVVF_version_2025-03-09.zip","scripts/00_downloads/stage2/05_acquire_ds06_smhi_shark.R","",TRUE,27154,"6c3bf3d61ed15ff0c796febbda70a481c15398bec38ff06add981f3bbbe8664b","data/raw/stage2/ds06_smhi_shark/DS06_SMHI_SHARK_20260808T191500Z/manifest.csv",FALSE,TRUE,"traceable"
"stage2","raw_evidence","data/raw/stage2/ds06_smhi_shark/DS06_SMHI_SHARK_20260808T191500Z/SHARK_Phytoplankton_2023_SWECO_UVVVF_version_2025-03-09.zip","scripts/00_downloads/stage2/05_acquire_ds06_smhi_shark.R","",TRUE,74997,"aaa8a727a590c4047404716932179b335863fa7ac87c564895bff626103258f0","data/raw/stage2/ds06_smhi_shark/DS06_SMHI_SHARK_20260808T191500Z/manifest.csv",FALSE,TRUE,"traceable"
"stage2","raw_evidence","data/raw/stage2/ds06_smhi_shark/DS06_SMHI_SHARK_20260808T191500Z/SHARK_Phytoplankton_2023_UMSC_ACLST_version_2025-03-09.zip","scripts/00_downloads/stage2/05_acquire_ds06_smhi_shark.R","",TRUE,12271,"a2f85b11677a4edc7cf7b6be19e6494d693c365def6d6417a86f3bc203e919af","data/raw/stage2/ds06_smhi_shark/DS06_SMHI_SHARK_20260808T191500Z/manifest.csv",FALSE,TRUE,"traceable"
"stage2","raw_evidence","data/raw/stage2/ds06_smhi_shark/DS06_SMHI_SHARK_20260808T191500Z/SHARK_Phytoplankton_2023_UMSC_FHK_version_2025-03-09.zip","scripts/00_downloads/stage2/05_acquire_ds06_smhi_shark.R","",TRUE,25297,"765d447bf5ea945d856bd19e89ebdb56809152ceea7744fb2b183f179b15bc9a","data/raw/stage2/ds06_smhi_shark/DS06_SMHI_SHARK_20260808T191500Z/manifest.csv",FALSE,TRUE,"traceable"
"stage2","raw_evidence","data/raw/stage2/ds06_smhi_shark/DS06_SMHI_SHARK_20260808T191500Z/SHARK_Phytoplankton_2023_UMSC_version_2025-03-09.zip","scripts/00_downloads/stage2/05_acquire_ds06_smhi_shark.R","",TRUE,289485,"c703097cccf86fe63faa8633760b9dad6c117dd19cd6920ae44d5d15f4541943","data/raw/stage2/ds06_smhi_shark/DS06_SMHI_SHARK_20260808T191500Z/manifest.csv",FALSE,TRUE,"traceable"
"stage2","raw_evidence","data/raw/stage2/ds06_smhi_shark/DS06_SMHI_SHARK_20260808T191500Z/SHARK_Phytoplankton_2024_NIRAS_NVSKK_version_2025-03-09.zip","scripts/00_downloads/stage2/05_acquire_ds06_smhi_shark.R","",TRUE,27729,"fac7ccec358b0daccd339dcace4627b50a1e8893432908380ee25d3c693fece8","data/raw/stage2/ds06_smhi_shark/DS06_SMHI_SHARK_20260808T191500Z/manifest.csv",FALSE,TRUE,"traceable"
"stage2","raw_evidence","data/raw/stage2/ds06_smhi_shark/DS06_SMHI_SHARK_20260808T191500Z/SHARK_Phytoplankton_2024_NIRAS_OVVF_version_2025-03-09.zip","scripts/00_downloads/stage2/05_acquire_ds06_smhi_shark.R","",TRUE,15444,"e60c2a289195c2c90164e561a6c322c1be219746ac0f463afc365880b5cae78e","data/raw/stage2/ds06_smhi_shark/DS06_SMHI_SHARK_20260808T191500Z/manifest.csv",FALSE,TRUE,"traceable"
"stage2","raw_evidence","data/raw/stage2/ds06_smhi_shark/DS06_SMHI_SHARK_20260808T191500Z/SHARK_Phytoplankton_2024_NIRAS_VHVVF_BKVF_version_2025-03-09.zip","scripts/00_downloads/stage2/05_acquire_ds06_smhi_shark.R","",TRUE,40840,"85bf1cb142d85293dfe0ba41b4019030ca6a6a69ef1f8e8a9b50213072d7c7ed","data/raw/stage2/ds06_smhi_shark/DS06_SMHI_SHARK_20260808T191500Z/manifest.csv",FALSE,TRUE,"traceable"
"stage2","raw_evidence","data/raw/stage2/ds06_smhi_shark/DS06_SMHI_SHARK_20260808T191500Z/SHARK_Phytoplankton_2024_SMHI_ALGX_version_2025-03-09.zip","scripts/00_downloads/stage2/05_acquire_ds06_smhi_shark.R","",TRUE,62661,"724bc19c568424ac806668682717cf50f9d48ba0df9be0341acb63ccdd09d59d","data/raw/stage2/ds06_smhi_shark/DS06_SMHI_SHARK_20260808T191500Z/manifest.csv",FALSE,TRUE,"traceable"
"stage2","raw_evidence","data/raw/stage2/ds06_smhi_shark/DS06_SMHI_SHARK_20260808T191500Z/SHARK_Phytoplankton_2024_SMHI_BVVF_version_2025-03-09.zip","scripts/00_downloads/stage2/05_acquire_ds06_smhi_shark.R","",TRUE,670318,"0203fb5575081d14048179e6469d715b21d76952d110f6e6be727232b5736625","data/raw/stage2/ds06_smhi_shark/DS06_SMHI_SHARK_20260808T191500Z/manifest.csv",FALSE,TRUE,"traceable"
"stage2","raw_evidence","data/raw/stage2/ds06_smhi_shark/DS06_SMHI_SHARK_20260808T191500Z/SHARK_Phytoplankton_2024_SMHI_SLV_biotox_version_2025-03-11.zip","scripts/00_downloads/stage2/05_acquire_ds06_smhi_shark.R","",TRUE,32845,"1882aefb5e837fc7da5edf02d829eb049aff76c956cba5bad38bc373da27220d","data/raw/stage2/ds06_smhi_shark/DS06_SMHI_SHARK_20260808T191500Z/manifest.csv",FALSE,TRUE,"traceable"
"stage2","raw_evidence","data/raw/stage2/ds06_smhi_shark/DS06_SMHI_SHARK_20260808T191500Z/SHARK_Phytoplankton_2024_SMHI_version_2025-03-13.zip","scripts/00_downloads/stage2/05_acquire_ds06_smhi_shark.R","",TRUE,269346,"d0dc07cf72271fa3d8d51f7be870f4842ec06a609f4f44d4b156a923cf3ba38c","data/raw/stage2/ds06_smhi_shark/DS06_SMHI_SHARK_20260808T191500Z/manifest.csv",FALSE,TRUE,"traceable"
"stage2","raw_evidence","data/raw/stage2/ds06_smhi_shark/DS06_SMHI_SHARK_20260808T191500Z/SHARK_Phytoplankton_2024_SWECO_DVVF_version_2025-03-09.zip","scripts/00_downloads/stage2/05_acquire_ds06_smhi_shark.R","",TRUE,24792,"1739a5cded1694dc7d335503efa79b20180643bf892f53cbc68aa558e72eb09d","data/raw/stage2/ds06_smhi_shark/DS06_SMHI_SHARK_20260808T191500Z/manifest.csv",FALSE,TRUE,"traceable"
"stage2","raw_evidence","data/raw/stage2/ds06_smhi_shark/DS06_SMHI_SHARK_20260808T191500Z/SHARK_Phytoplankton_2024_SWECO_LVVVF_version_2025-03-09.zip","scripts/00_downloads/stage2/05_acquire_ds06_smhi_shark.R","",TRUE,9971,"c9737a461562594278693bb590d80a8d393f1dcd3b65f2e7d89cfb8147530ee0","data/raw/stage2/ds06_smhi_shark/DS06_SMHI_SHARK_20260808T191500Z/manifest.csv",FALSE,TRUE,"traceable"
"stage2","raw_evidence","data/raw/stage2/ds06_smhi_shark/DS06_SMHI_SHARK_20260808T191500Z/SHARK_Phytoplankton_2024_SWECO_MSVVF_version_2025-03-17.zip","scripts/00_downloads/stage2/05_acquire_ds06_smhi_shark.R","",TRUE,23193,"54ad64bd4cdf0e5b23858f87b93fe2999010525b98286b900bab3f4e7f5a8cfe","data/raw/stage2/ds06_smhi_shark/DS06_SMHI_SHARK_20260808T191500Z/manifest.csv",FALSE,TRUE,"traceable"
"stage2","raw_evidence","data/raw/stage2/ds06_smhi_shark/DS06_SMHI_SHARK_20260808T191500Z/SHARK_Phytoplankton_2024_SWECO_NLST_version_2025-03-09.zip","scripts/00_downloads/stage2/05_acquire_ds06_smhi_shark.R","",TRUE,196057,"d1473686f704e1dd4a9370796cceebc43b644decb195ad2ce2fdd9d05584312a","data/raw/stage2/ds06_smhi_shark/DS06_SMHI_SHARK_20260808T191500Z/manifest.csv",FALSE,TRUE,"traceable"
"stage2","raw_evidence","data/raw/stage2/ds06_smhi_shark/DS06_SMHI_SHARK_20260808T191500Z/SHARK_Phytoplankton_2024_SWECO_NORKOM_version_2025-03-09.zip","scripts/00_downloads/stage2/05_acquire_ds06_smhi_shark.R","",TRUE,8077,"f88f5f88dffa2311bde86901c4f152887bbde3b12446bc89a89075dabbc7aebe","data/raw/stage2/ds06_smhi_shark/DS06_SMHI_SHARK_20260808T191500Z/manifest.csv",FALSE,TRUE,"traceable"
"stage2","raw_evidence","data/raw/stage2/ds06_smhi_shark/DS06_SMHI_SHARK_20260808T191500Z/SHARK_Phytoplankton_2024_SWECO_UVVVF_version_2025-03-09.zip","scripts/00_downloads/stage2/05_acquire_ds06_smhi_shark.R","",TRUE,66199,"ab9f139d8e8c6acc1335453e4219908630deade2253b50980059c039cde97848","data/raw/stage2/ds06_smhi_shark/DS06_SMHI_SHARK_20260808T191500Z/manifest.csv",FALSE,TRUE,"traceable"
"stage2","raw_evidence","data/raw/stage2/ds07_plet_cefas/DS07_PLET_CEFAS_20260809T103146Z/acquisition.log","scripts/00_downloads/stage2/13_acquire_ds07_plet_cefas.R","",TRUE,308,"5e6c8e019f713d843a706585c0aab5f2c2c51ae94623f175b9cfa960b4aaf5b9","calculated_by_inventory_script_small_unregistered_raw",FALSE,TRUE,"traceable"
"stage2","raw_evidence","data/raw/stage2/ds07_plet_cefas/DS07_PLET_CEFAS_20260809T103146Z/response.html","scripts/00_downloads/stage2/13_acquire_ds07_plet_cefas.R","",TRUE,89,"50ae75a764c7607da1afb28d3e4d4a0c0e5b6747f070fba6e444f1e44358fdf3","calculated_by_inventory_script_small_unregistered_raw",FALSE,TRUE,"traceable"
"stage2","raw_evidence","data/raw/stage2/ds07_plet_cefas/DS07_PLET_CEFAS_20260809T103354Z/acquisition.log","scripts/00_downloads/stage2/13_acquire_ds07_plet_cefas.R","",TRUE,619,"0553610b9c28226fdbb2a485dd6e5e25d3835a9a29d7e1963d55d1244a77c783","calculated_by_inventory_script_small_unregistered_raw",FALSE,TRUE,"traceable"
"stage2","raw_evidence","data/raw/stage2/ds07_plet_cefas/DS07_PLET_CEFAS_20260809T103354Z/cefas_smartbuoy_abundance.csv","scripts/00_downloads/stage2/13_acquire_ds07_plet_cefas.R","",TRUE,179481141,"ab0fdd8cc18b885a99609b326e967efaa0689b99171eee6a2ac4840f101b6722","data/raw/stage2/ds07_plet_cefas/DS07_PLET_CEFAS_20260809T103354Z/manifest.csv",FALSE,TRUE,"traceable"
"stage2","raw_evidence","data/raw/stage2/ds07_plet_cefas/DS07_PLET_CEFAS_20260809T103354Z/manifest.csv","scripts/00_downloads/stage2/13_acquire_ds07_plet_cefas.R","",TRUE,157,"450599201b1ef1b3773ea6bb78cb65a77c4ca68a9bb841cee5b43f789dc11113","calculated_by_inventory_script_small_unregistered_raw",FALSE,TRUE,"traceable"
"stage2","raw_evidence","data/raw/stage2/ds07_plet_cefas/DS07_PLET_CEFAS_20260809T103354Z/response.html","scripts/00_downloads/stage2/13_acquire_ds07_plet_cefas.R","",TRUE,234,"a8364c7dd45d8b2d4dfa25c7210391869edb4cfeb893edba95fea9e1a358eecb","calculated_by_inventory_script_small_unregistered_raw",FALSE,TRUE,"traceable"
"stage2","raw_evidence","data/raw/stage2/ds08_pangaea_abundance/DS08_PANGAEA_ABUNDANCE_20260810T070134Z/manifest.csv","scripts/00_downloads/stage2/26_acquire_ds08_pangaea_abundance.R","",TRUE,142,"5396bb24017312692fccc7c858f96a49381e581abbf022ecb9901f415b23a80e","calculated_by_inventory_script_small_unregistered_raw",FALSE,TRUE,"traceable"
"stage2","raw_evidence","data/raw/stage2/ds08_pangaea_abundance/DS08_PANGAEA_ABUNDANCE_20260810T070134Z/pangaea_960407.zip","scripts/00_downloads/stage2/26_acquire_ds08_pangaea_abundance.R","",TRUE,12191,"7e2bafab022e0952b0a2bec56edb293ea3f74cec206e1fd0ceecfb28fc123c5e","data/raw/stage2/ds08_pangaea_abundance/DS08_PANGAEA_ABUNDANCE_20260810T070134Z/manifest.csv",FALSE,TRUE,"traceable"
"stage2","raw_evidence","data/raw/stage2/ds09_pangaea/DS09_PANGAEA_20260809T113518Z/acquisition.log","scripts/00_downloads/stage2/19_acquire_ds09_pangaea_sylt.R","",TRUE,3238,"f7cd1826c67c9b70fc6dcdc5b67dc8235bf7f5dd05688184c3f747a789bbdd16","calculated_by_inventory_script_small_unregistered_raw",FALSE,TRUE,"traceable"
"stage2","raw_evidence","data/raw/stage2/ds09_pangaea/DS09_PANGAEA_20260809T113518Z/manifest.csv","scripts/00_downloads/stage2/19_acquire_ds09_pangaea_sylt.R","",TRUE,8514,"aa71d5239a05ba2c72f8373f4d6818c5e7c8bb146679cdc0ba9556efd77ea30a","calculated_by_inventory_script_small_unregistered_raw",FALSE,TRUE,"traceable"
"stage2","raw_evidence","data/raw/stage2/ds09_pangaea/DS09_PANGAEA_20260809T113518Z/PANGAEA.783251.txt","scripts/00_downloads/stage2/19_acquire_ds09_pangaea_sylt.R","",TRUE,49833,"d3f538818c74c7a4904673b32d3d3fe5a209dc838b7961169a94c0509a5b0646","data/raw/stage2/ds09_pangaea/DS09_PANGAEA_20260809T113518Z/manifest.csv",FALSE,TRUE,"traceable"
"stage2","raw_evidence","data/raw/stage2/ds09_pangaea/DS09_PANGAEA_20260809T113518Z/PANGAEA.783252.txt","scripts/00_downloads/stage2/19_acquire_ds09_pangaea_sylt.R","",TRUE,46319,"6706309a4b340f2eb9cea77c391bdea0f2978ecb58c2256b2d1835ab9263c063","data/raw/stage2/ds09_pangaea/DS09_PANGAEA_20260809T113518Z/manifest.csv",FALSE,TRUE,"traceable"
"stage2","raw_evidence","data/raw/stage2/ds09_pangaea/DS09_PANGAEA_20260809T113518Z/PANGAEA.783253.txt","scripts/00_downloads/stage2/19_acquire_ds09_pangaea_sylt.R","",TRUE,64865,"e15fb5ffaf637068f6d144ebbd2a79362b729ca33571cb75bc82e0c587944135","data/raw/stage2/ds09_pangaea/DS09_PANGAEA_20260809T113518Z/manifest.csv",FALSE,TRUE,"traceable"
"stage2","raw_evidence","data/raw/stage2/ds09_pangaea/DS09_PANGAEA_20260809T113518Z/PANGAEA.783254.txt","scripts/00_downloads/stage2/19_acquire_ds09_pangaea_sylt.R","",TRUE,55543,"ad234d3867ee62fe1f637aae1257e6dd1c75057fb176b809d863c348b331ccf7","data/raw/stage2/ds09_pangaea/DS09_PANGAEA_20260809T113518Z/manifest.csv",FALSE,TRUE,"traceable"
"stage2","raw_evidence","data/raw/stage2/ds09_pangaea/DS09_PANGAEA_20260809T113518Z/PANGAEA.783255.txt","scripts/00_downloads/stage2/19_acquire_ds09_pangaea_sylt.R","",TRUE,61799,"5ed579a67cca3c2a38a70118ee1207701f59dd81d6fa0e991182f18b87a44acd","data/raw/stage2/ds09_pangaea/DS09_PANGAEA_20260809T113518Z/manifest.csv",FALSE,TRUE,"traceable"
"stage2","raw_evidence","data/raw/stage2/ds09_pangaea/DS09_PANGAEA_20260809T113518Z/PANGAEA.783256.txt","scripts/00_downloads/stage2/19_acquire_ds09_pangaea_sylt.R","",TRUE,53932,"62a3f1a775f03689346feea1c8dc481d4836b08e3aaef25db7e399178b2b8ab8","data/raw/stage2/ds09_pangaea/DS09_PANGAEA_20260809T113518Z/manifest.csv",FALSE,TRUE,"traceable"
"stage2","raw_evidence","data/raw/stage2/ds09_pangaea/DS09_PANGAEA_20260809T113518Z/PANGAEA.783257.txt","scripts/00_downloads/stage2/19_acquire_ds09_pangaea_sylt.R","",TRUE,67320,"c371d7857d0f856d508251bc9ac12af114858f1ae2cef3df35268249a2a9963d","data/raw/stage2/ds09_pangaea/DS09_PANGAEA_20260809T113518Z/manifest.csv",FALSE,TRUE,"traceable"
"stage2","raw_evidence","data/raw/stage2/ds09_pangaea/DS09_PANGAEA_20260809T113518Z/PANGAEA.783258.txt","scripts/00_downloads/stage2/19_acquire_ds09_pangaea_sylt.R","",TRUE,72550,"f7b26987f901cc366355be2f2e7363e8fad5ba7e41a492a90a190a3330242b54","data/raw/stage2/ds09_pangaea/DS09_PANGAEA_20260809T113518Z/manifest.csv",FALSE,TRUE,"traceable"
"stage2","raw_evidence","data/raw/stage2/ds09_pangaea/DS09_PANGAEA_20260809T113518Z/PANGAEA.783259.txt","scripts/00_downloads/stage2/19_acquire_ds09_pangaea_sylt.R","",TRUE,61735,"cc846003d27e1154ab6c6090ee04b248268b5340df5d0a5f20138baf75cf56f9","data/raw/stage2/ds09_pangaea/DS09_PANGAEA_20260809T113518Z/manifest.csv",FALSE,TRUE,"traceable"
"stage2","raw_evidence","data/raw/stage2/ds09_pangaea/DS09_PANGAEA_20260809T113518Z/PANGAEA.783260.txt","scripts/00_downloads/stage2/19_acquire_ds09_pangaea_sylt.R","",TRUE,66611,"19d42c2dda97a10bc49fd78c1c012ae15de48b5140231168ddc6a946d2bc2c0e","data/raw/stage2/ds09_pangaea/DS09_PANGAEA_20260809T113518Z/manifest.csv",FALSE,TRUE,"traceable"
"stage2","raw_evidence","data/raw/stage2/ds09_pangaea/DS09_PANGAEA_20260809T113518Z/PANGAEA.783261.txt","scripts/00_downloads/stage2/19_acquire_ds09_pangaea_sylt.R","",TRUE,162623,"430827c7d5cdb8cc4f0dcbb71df186a4bd84135d046df21c2ccc7db59ffb2229","data/raw/stage2/ds09_pangaea/DS09_PANGAEA_20260809T113518Z/manifest.csv",FALSE,TRUE,"traceable"
"stage2","raw_evidence","data/raw/stage2/ds09_pangaea/DS09_PANGAEA_20260809T113518Z/PANGAEA.783263.txt","scripts/00_downloads/stage2/19_acquire_ds09_pangaea_sylt.R","",TRUE,91919,"a495380271ffc17eb9a5e1b849c733219bea8e34082ebaf73bdbfd4463d0b0c8","data/raw/stage2/ds09_pangaea/DS09_PANGAEA_20260809T113518Z/manifest.csv",FALSE,TRUE,"traceable"
"stage2","raw_evidence","data/raw/stage2/ds09_pangaea/DS09_PANGAEA_20260809T113518Z/PANGAEA.783264.txt","scripts/00_downloads/stage2/19_acquire_ds09_pangaea_sylt.R","",TRUE,101931,"d1b5f7a654ec3b7da2cf12fff4f2d2d1bb0849bfd10df2fddbd84639de07baa4","data/raw/stage2/ds09_pangaea/DS09_PANGAEA_20260809T113518Z/manifest.csv",FALSE,TRUE,"traceable"
"stage2","raw_evidence","data/raw/stage2/ds09_pangaea/DS09_PANGAEA_20260809T113518Z/PANGAEA.783265.txt","scripts/00_downloads/stage2/19_acquire_ds09_pangaea_sylt.R","",TRUE,85639,"5b4345c4a5312608efe49fc77835a2dcb107a5df7f4a4608b01ee2798bcd22a2","data/raw/stage2/ds09_pangaea/DS09_PANGAEA_20260809T113518Z/manifest.csv",FALSE,TRUE,"traceable"
"stage2","raw_evidence","data/raw/stage2/ds09_pangaea/DS09_PANGAEA_20260809T113518Z/PANGAEA.783266.txt","scripts/00_downloads/stage2/19_acquire_ds09_pangaea_sylt.R","",TRUE,75930,"44b50e69a149c5fd15d55c4aef2baa03f3b1019632a842f926ce1d6a1519cc10","data/raw/stage2/ds09_pangaea/DS09_PANGAEA_20260809T113518Z/manifest.csv",FALSE,TRUE,"traceable"
"stage2","raw_evidence","data/raw/stage2/ds09_pangaea/DS09_PANGAEA_20260809T113518Z/PANGAEA.783274.txt","scripts/00_downloads/stage2/19_acquire_ds09_pangaea_sylt.R","",TRUE,85296,"3a58e1e5337acfbb2a67283d2a8575ba84e3627c455d4af434a2e2520b201c10","data/raw/stage2/ds09_pangaea/DS09_PANGAEA_20260809T113518Z/manifest.csv",FALSE,TRUE,"traceable"
"stage2","raw_evidence","data/raw/stage2/ds09_pangaea/DS09_PANGAEA_20260809T113518Z/PANGAEA.845557.txt","scripts/00_downloads/stage2/19_acquire_ds09_pangaea_sylt.R","",TRUE,35753,"fc91fda0603521d0d69cd31505edbf26262f4c37131d4921df1361ba655abb5b","data/raw/stage2/ds09_pangaea/DS09_PANGAEA_20260809T113518Z/manifest.csv",FALSE,TRUE,"traceable"
"stage2","raw_evidence","data/raw/stage2/ds09_pangaea/DS09_PANGAEA_20260809T113518Z/PANGAEA.845558.txt","scripts/00_downloads/stage2/19_acquire_ds09_pangaea_sylt.R","",TRUE,32384,"1d0ef9f9f1a17d381ab604127652c3e3d031517be7c7dd8ea6bd2e09c9812683","data/raw/stage2/ds09_pangaea/DS09_PANGAEA_20260809T113518Z/manifest.csv",FALSE,TRUE,"traceable"
"stage2","raw_evidence","data/raw/stage2/ds09_pangaea/DS09_PANGAEA_20260809T113518Z/PANGAEA.845559.txt","scripts/00_downloads/stage2/19_acquire_ds09_pangaea_sylt.R","",TRUE,35925,"b7ee9352c13bd4e6c08a154e7997b7d83d143472748a3de2e454f39c0d4ada76","data/raw/stage2/ds09_pangaea/DS09_PANGAEA_20260809T113518Z/manifest.csv",FALSE,TRUE,"traceable"
"stage2","raw_evidence","data/raw/stage2/ds09_pangaea/DS09_PANGAEA_20260809T113518Z/PANGAEA.845560.txt","scripts/00_downloads/stage2/19_acquire_ds09_pangaea_sylt.R","",TRUE,57014,"bfa2a895e6fca7a29c9e44d99201dd0febda2f66986b0d150f102ae4335871ef","data/raw/stage2/ds09_pangaea/DS09_PANGAEA_20260809T113518Z/manifest.csv",FALSE,TRUE,"traceable"
"stage2","raw_evidence","data/raw/stage2/ds09_pangaea/DS09_PANGAEA_20260809T113518Z/PANGAEA.845561.txt","scripts/00_downloads/stage2/19_acquire_ds09_pangaea_sylt.R","",TRUE,50601,"b555b33e1b0820e0c5a1d3dc8001820ca2ce553bc5620abf513f6ead09ba40fe","data/raw/stage2/ds09_pangaea/DS09_PANGAEA_20260809T113518Z/manifest.csv",FALSE,TRUE,"traceable"
"stage2","raw_evidence","data/raw/stage2/ds09_pangaea/DS09_PANGAEA_20260809T113518Z/PANGAEA.845562.txt","scripts/00_downloads/stage2/19_acquire_ds09_pangaea_sylt.R","",TRUE,52779,"b75c8b67629a7c97c86a5c38e23a5f2845e01aa390c22d03254c835fd41671b3","data/raw/stage2/ds09_pangaea/DS09_PANGAEA_20260809T113518Z/manifest.csv",FALSE,TRUE,"traceable"
"stage2","raw_evidence","data/raw/stage2/ds09_pangaea/DS09_PANGAEA_20260809T113518Z/PANGAEA.845563.txt","scripts/00_downloads/stage2/19_acquire_ds09_pangaea_sylt.R","",TRUE,38420,"994926f49a2d86dbf11254506ad08b94b3349fadca17df5d8063dd449841a12c","data/raw/stage2/ds09_pangaea/DS09_PANGAEA_20260809T113518Z/manifest.csv",FALSE,TRUE,"traceable"
"stage2","raw_evidence","data/raw/stage2/ds09_pangaea/DS09_PANGAEA_20260809T113518Z/PANGAEA.845564.txt","scripts/00_downloads/stage2/19_acquire_ds09_pangaea_sylt.R","",TRUE,34640,"c33b5aa9f453e81706d756a2c089957942cc9fb6e3ff54b7f38be557f8f2bb80","data/raw/stage2/ds09_pangaea/DS09_PANGAEA_20260809T113518Z/manifest.csv",FALSE,TRUE,"traceable"
"stage2","raw_evidence","data/raw/stage2/ds09_pangaea/DS09_PANGAEA_20260809T113518Z/PANGAEA.845565.txt","scripts/00_downloads/stage2/19_acquire_ds09_pangaea_sylt.R","",TRUE,38381,"8e04bc4cdca3bbe6abd26da27066fc24b2beaf4b61d1ea0b6136d2f6f0c9a552","data/raw/stage2/ds09_pangaea/DS09_PANGAEA_20260809T113518Z/manifest.csv",FALSE,TRUE,"traceable"
"stage2","raw_evidence","data/raw/stage2/ds09_pangaea/DS09_PANGAEA_20260809T113518Z/PANGAEA.845566.txt","scripts/00_downloads/stage2/19_acquire_ds09_pangaea_sylt.R","",TRUE,60171,"f43597280b7df928c8fea69a6388d605b1e50c340b09395934d7e97155d642bc","data/raw/stage2/ds09_pangaea/DS09_PANGAEA_20260809T113518Z/manifest.csv",FALSE,TRUE,"traceable"
"stage2","raw_evidence","data/raw/stage2/ds09_pangaea/DS09_PANGAEA_20260809T113518Z/PANGAEA.845567.txt","scripts/00_downloads/stage2/19_acquire_ds09_pangaea_sylt.R","",TRUE,53466,"e812a65e021c7aebbd706c290be1a714da8919e2deb9451078c029ef638885b2","data/raw/stage2/ds09_pangaea/DS09_PANGAEA_20260809T113518Z/manifest.csv",FALSE,TRUE,"traceable"
"stage2","raw_evidence","data/raw/stage2/ds09_pangaea/DS09_PANGAEA_20260809T113518Z/PANGAEA.845568.txt","scripts/00_downloads/stage2/19_acquire_ds09_pangaea_sylt.R","",TRUE,56032,"fabf17968946dcfe2ca3e94963724d8b303fe5632bfc23ebb94beaa50c573893","data/raw/stage2/ds09_pangaea/DS09_PANGAEA_20260809T113518Z/manifest.csv",FALSE,TRUE,"traceable"
"stage2","raw_evidence","data/raw/stage2/ds09_pangaea/DS09_PANGAEA_20260809T113518Z/PANGAEA.845578.txt","scripts/00_downloads/stage2/19_acquire_ds09_pangaea_sylt.R","",TRUE,39224,"b2d5833464a583880d636d6a7a1f54ca0714372544eb68d388971416e68b51cc","data/raw/stage2/ds09_pangaea/DS09_PANGAEA_20260809T113518Z/manifest.csv",FALSE,TRUE,"traceable"
"stage2","raw_evidence","data/raw/stage2/ds09_pangaea/DS09_PANGAEA_20260809T113518Z/PANGAEA.845580.txt","scripts/00_downloads/stage2/19_acquire_ds09_pangaea_sylt.R","",TRUE,39077,"f51d497a3f7f88e9449219aff96abbd2640971cc18fd7687857f3b36a5cea29a","data/raw/stage2/ds09_pangaea/DS09_PANGAEA_20260809T113518Z/manifest.csv",FALSE,TRUE,"traceable"
"stage2","raw_evidence","data/raw/stage2/ds09_pangaea/DS09_PANGAEA_20260809T113518Z/PANGAEA.845583.txt","scripts/00_downloads/stage2/19_acquire_ds09_pangaea_sylt.R","",TRUE,55413,"23010a55db21fc59ab82624f6f0083965fa5d3c721284e63675e2f18599d2736","data/raw/stage2/ds09_pangaea/DS09_PANGAEA_20260809T113518Z/manifest.csv",FALSE,TRUE,"traceable"
"stage2","raw_evidence","data/raw/stage2/ds09_pangaea/DS09_PANGAEA_20260809T113518Z/PANGAEA.845584.txt","scripts/00_downloads/stage2/19_acquire_ds09_pangaea_sylt.R","",TRUE,35476,"c2d364da71760ae8c0853f3b7209236bb022a3cacd13c0777bc3990c4da46eb3","data/raw/stage2/ds09_pangaea/DS09_PANGAEA_20260809T113518Z/manifest.csv",FALSE,TRUE,"traceable"
"stage2","raw_evidence","data/raw/stage2/ds09_pangaea/DS09_PANGAEA_20260809T113518Z/PANGAEA.845585.txt","scripts/00_downloads/stage2/19_acquire_ds09_pangaea_sylt.R","",TRUE,59831,"6528ca842423ae98e47d6aaf8401c98be9bd799d6f74d5f5737013c1563b8f32","data/raw/stage2/ds09_pangaea/DS09_PANGAEA_20260809T113518Z/manifest.csv",FALSE,TRUE,"traceable"
"stage2","raw_evidence","data/raw/stage2/ds09_pangaea/DS09_PANGAEA_20260809T113518Z/PANGAEA.845586.txt","scripts/00_downloads/stage2/19_acquire_ds09_pangaea_sylt.R","",TRUE,53105,"bcb61e8f15f7f4d6f50703e047b27c32a1069ac632d6d0fa98360febce8f70d2","data/raw/stage2/ds09_pangaea/DS09_PANGAEA_20260809T113518Z/manifest.csv",FALSE,TRUE,"traceable"
"stage2","raw_evidence","data/raw/stage2/ds09_pangaea/DS09_PANGAEA_20260809T113518Z/PANGAEA.845587.txt","scripts/00_downloads/stage2/19_acquire_ds09_pangaea_sylt.R","",TRUE,39045,"d85616508f32d02c539f69c8051a238f5a2ea85d07ab6fbd0988382af7feda89","data/raw/stage2/ds09_pangaea/DS09_PANGAEA_20260809T113518Z/manifest.csv",FALSE,TRUE,"traceable"
"stage2","raw_evidence","data/raw/stage2/ds09_pangaea/DS09_PANGAEA_20260809T113518Z/PANGAEA.845588.txt","scripts/00_downloads/stage2/19_acquire_ds09_pangaea_sylt.R","",TRUE,35326,"91f78e9309744af270ceed6ee041424c7b22b5068b48be9caabaca6b4967ddad","data/raw/stage2/ds09_pangaea/DS09_PANGAEA_20260809T113518Z/manifest.csv",FALSE,TRUE,"traceable"
"stage2","raw_evidence","data/raw/stage2/ds09_pangaea/DS09_PANGAEA_20260809T113518Z/PANGAEA.845589.txt","scripts/00_downloads/stage2/19_acquire_ds09_pangaea_sylt.R","",TRUE,39031,"a28029ac547d55d5ee12b58ff6042e7ffb21b01ebd1de2958499eb212ead94c2","data/raw/stage2/ds09_pangaea/DS09_PANGAEA_20260809T113518Z/manifest.csv",FALSE,TRUE,"traceable"
"stage2","raw_evidence","data/raw/stage2/ds09_pangaea/DS09_PANGAEA_20260809T113518Z/PANGAEA.845590.txt","scripts/00_downloads/stage2/19_acquire_ds09_pangaea_sylt.R","",TRUE,60604,"71c03753159592f1d92648ab633694532651713ca94e18d070f8b2d63b4fc6ab","data/raw/stage2/ds09_pangaea/DS09_PANGAEA_20260809T113518Z/manifest.csv",FALSE,TRUE,"traceable"
"stage2","raw_evidence","data/raw/stage2/ds09_pangaea/DS09_PANGAEA_20260809T113518Z/PANGAEA.845591.txt","scripts/00_downloads/stage2/19_acquire_ds09_pangaea_sylt.R","",TRUE,53518,"35c36c35472aacede25a64248cce2ec919fb8971f8719a5397f243073a3dab06","data/raw/stage2/ds09_pangaea/DS09_PANGAEA_20260809T113518Z/manifest.csv",FALSE,TRUE,"traceable"
"stage2","raw_evidence","data/raw/stage2/ds09_pangaea/DS09_PANGAEA_20260809T113518Z/PANGAEA.845592.txt","scripts/00_downloads/stage2/19_acquire_ds09_pangaea_sylt.R","",TRUE,55824,"cf0bbffd6f6261bf76e80c2c7642311bcc932990f6d82e264c9df09ac312b46a","data/raw/stage2/ds09_pangaea/DS09_PANGAEA_20260809T113518Z/manifest.csv",FALSE,TRUE,"traceable"
"stage2","raw_evidence","data/raw/stage2/ds09_pangaea/DS09_PANGAEA_20260809T113518Z/PANGAEA.845932.txt","scripts/00_downloads/stage2/19_acquire_ds09_pangaea_sylt.R","",TRUE,16614,"ec99321fd72ea980558d76b83674dbc17788f43d53c93700c1ca337d5ca7f24e","data/raw/stage2/ds09_pangaea/DS09_PANGAEA_20260809T113518Z/manifest.csv",FALSE,TRUE,"traceable"
"stage2","raw_evidence","data/raw/stage2/ds09_pangaea/DS09_PANGAEA_20260809T113518Z/PANGAEA.845933.txt","scripts/00_downloads/stage2/19_acquire_ds09_pangaea_sylt.R","",TRUE,33963,"dae60b6acd181c6d2a107fb873bc40d7964ea4524982164ff3f52545c3929de5","data/raw/stage2/ds09_pangaea/DS09_PANGAEA_20260809T113518Z/manifest.csv",FALSE,TRUE,"traceable"
"stage2","raw_evidence","data/raw/stage2/ds09_pangaea/DS09_PANGAEA_20260809T113518Z/PANGAEA.845935.txt","scripts/00_downloads/stage2/19_acquire_ds09_pangaea_sylt.R","",TRUE,32160,"69d15c23e5c1438e29cf3e8cff861d409334ff8e8a8f41f1020b8b2938673420","data/raw/stage2/ds09_pangaea/DS09_PANGAEA_20260809T113518Z/manifest.csv",FALSE,TRUE,"traceable"
"stage2","raw_evidence","data/raw/stage2/ds09_pangaea/DS09_PANGAEA_20260809T113518Z/PANGAEA.846419.txt","scripts/00_downloads/stage2/19_acquire_ds09_pangaea_sylt.R","",TRUE,18126,"368cf82bc336523d0e2319c7413f5a68ad9e5c3b3a5a500d65934c952a605078","data/raw/stage2/ds09_pangaea/DS09_PANGAEA_20260809T113518Z/manifest.csv",FALSE,TRUE,"traceable"
"stage2","raw_evidence","data/raw/stage2/ds09_pangaea/DS09_PANGAEA_20260809T113518Z/PANGAEA.846440.txt","scripts/00_downloads/stage2/19_acquire_ds09_pangaea_sylt.R","",TRUE,42414,"be583663e20088f83d997b607ae3eb7d7e13c8de2aea01a3fa232482fb8b53ee","data/raw/stage2/ds09_pangaea/DS09_PANGAEA_20260809T113518Z/manifest.csv",FALSE,TRUE,"traceable"
"stage2","raw_evidence","data/raw/stage2/ds09_pangaea/DS09_PANGAEA_20260809T113518Z/PANGAEA.846442.txt","scripts/00_downloads/stage2/19_acquire_ds09_pangaea_sylt.R","",TRUE,42191,"c1b4ccf9d3fd5c48ee6a8d14af965a7e1d13b481a909b5ddc433f2e6dc474725","data/raw/stage2/ds09_pangaea/DS09_PANGAEA_20260809T113518Z/manifest.csv",FALSE,TRUE,"traceable"
"stage2","raw_evidence","data/raw/stage2/ds09_pangaea/DS09_PANGAEA_20260809T113518Z/PANGAEA.846443.txt","scripts/00_downloads/stage2/19_acquire_ds09_pangaea_sylt.R","",TRUE,18828,"e9e69b291a6d811474934e800e270801cf16d936cee6e44fa95144ce98786707","data/raw/stage2/ds09_pangaea/DS09_PANGAEA_20260809T113518Z/manifest.csv",FALSE,TRUE,"traceable"
"stage2","raw_evidence","data/raw/stage2/ds09_pangaea/DS09_PANGAEA_20260809T113518Z/PANGAEA.846444.txt","scripts/00_downloads/stage2/19_acquire_ds09_pangaea_sylt.R","",TRUE,44108,"5c318cac4547882f784036484f67dfa0ae749a6ab560fd6a0c4f2dbd4a859360","data/raw/stage2/ds09_pangaea/DS09_PANGAEA_20260809T113518Z/manifest.csv",FALSE,TRUE,"traceable"
"stage2","raw_evidence","data/raw/stage2/ds09_pangaea/DS09_PANGAEA_20260809T113518Z/PANGAEA.846445.txt","scripts/00_downloads/stage2/19_acquire_ds09_pangaea_sylt.R","",TRUE,44106,"d25844b49b0f73a98941f2129d534aea0290606084b3b734ee6a3a20717c1e32","data/raw/stage2/ds09_pangaea/DS09_PANGAEA_20260809T113518Z/manifest.csv",FALSE,TRUE,"traceable"
"stage2","raw_evidence","data/raw/stage2/ds09_pangaea/DS09_PANGAEA_20260809T113518Z/PANGAEA.848324.txt","scripts/00_downloads/stage2/19_acquire_ds09_pangaea_sylt.R","",TRUE,69502,"ecf66ba705e50e4eae97a513be75abc4edab0bd4b23774b5b0cbe87cd716af83","data/raw/stage2/ds09_pangaea/DS09_PANGAEA_20260809T113518Z/manifest.csv",FALSE,TRUE,"traceable"
"stage2","raw_evidence","data/raw/stage2/ds09_pangaea/DS09_PANGAEA_20260809T113518Z/PANGAEA.848325.txt","scripts/00_downloads/stage2/19_acquire_ds09_pangaea_sylt.R","",TRUE,65925,"e51c5c3037c5c484b7c6c9c03a22193f60c5dc17969d991565a9216b3853c157","data/raw/stage2/ds09_pangaea/DS09_PANGAEA_20260809T113518Z/manifest.csv",FALSE,TRUE,"traceable"
"stage2","raw_evidence","data/raw/stage2/ds09_pangaea/DS09_PANGAEA_20260809T113518Z/PANGAEA.848351.txt","scripts/00_downloads/stage2/19_acquire_ds09_pangaea_sylt.R","",TRUE,57734,"3bbf50e83af0a2218084eb6e8e095679105d0e09ac94a39ee1830275742ffe77","data/raw/stage2/ds09_pangaea/DS09_PANGAEA_20260809T113518Z/manifest.csv",FALSE,TRUE,"traceable"
"stage2","raw_evidence","data/raw/stage2/ds09_pangaea/DS09_PANGAEA_20260809T113518Z/PANGAEA.848352.txt","scripts/00_downloads/stage2/19_acquire_ds09_pangaea_sylt.R","",TRUE,56315,"8d67c066344a68c980c50432265d62b22badd0b6a418d86428a9e8a803c488db","data/raw/stage2/ds09_pangaea/DS09_PANGAEA_20260809T113518Z/manifest.csv",FALSE,TRUE,"traceable"
"stage2","raw_evidence","data/raw/stage2/ds09_pangaea/DS09_PANGAEA_20260809T113518Z/PANGAEA.848353.txt","scripts/00_downloads/stage2/19_acquire_ds09_pangaea_sylt.R","",TRUE,98337,"a7cc84b60da98e81aecea72fe2f969140c2e686b6e340723cbb09c643346a483","data/raw/stage2/ds09_pangaea/DS09_PANGAEA_20260809T113518Z/manifest.csv",FALSE,TRUE,"traceable"
"stage2","raw_evidence","data/raw/stage2/ds09_pangaea/DS09_PANGAEA_20260809T113518Z/PANGAEA.848354.txt","scripts/00_downloads/stage2/19_acquire_ds09_pangaea_sylt.R","",TRUE,96583,"e7ff8c231f1572ec0d49a3c45b51ff9b743a843e866cd8881b8bae44418c89ef","data/raw/stage2/ds09_pangaea/DS09_PANGAEA_20260809T113518Z/manifest.csv",FALSE,TRUE,"traceable"
"stage2","raw_evidence","data/raw/stage2/ds09_pangaea/DS09_PANGAEA_20260809T113518Z/PANGAEA.848355.txt","scripts/00_downloads/stage2/19_acquire_ds09_pangaea_sylt.R","",TRUE,78542,"7968a9e83e80eecfbedd90314dba168f11e9ff6a773bb94c3a1b9ce2ff74edea","data/raw/stage2/ds09_pangaea/DS09_PANGAEA_20260809T113518Z/manifest.csv",FALSE,TRUE,"traceable"
"stage2","raw_evidence","data/raw/stage2/ds09_pangaea/DS09_PANGAEA_20260809T113518Z/PANGAEA.848356.txt","scripts/00_downloads/stage2/19_acquire_ds09_pangaea_sylt.R","",TRUE,76531,"f5473ef923260ce223d2bf5ef1c834d6d1034f4504fad389debcb219161ea6a7","data/raw/stage2/ds09_pangaea/DS09_PANGAEA_20260809T113518Z/manifest.csv",FALSE,TRUE,"traceable"
"stage2","raw_evidence","data/raw/stage2/ds09_pangaea/DS09_PANGAEA_20260809T113518Z/PANGAEA.848357.txt","scripts/00_downloads/stage2/19_acquire_ds09_pangaea_sylt.R","",TRUE,86661,"38e334bca3b22068095194ecb3126fdb90e336a5403548d1d2711fe5ceb70e0c","data/raw/stage2/ds09_pangaea/DS09_PANGAEA_20260809T113518Z/manifest.csv",FALSE,TRUE,"traceable"
"stage2","raw_evidence","data/raw/stage2/ds09_pangaea/DS09_PANGAEA_20260809T113518Z/PANGAEA.848358.txt","scripts/00_downloads/stage2/19_acquire_ds09_pangaea_sylt.R","",TRUE,82967,"280ddd4c2fa702bc07019f1491d52f7abd693597701109aba159836a38c2dbb5","data/raw/stage2/ds09_pangaea/DS09_PANGAEA_20260809T113518Z/manifest.csv",FALSE,TRUE,"traceable"
"stage2","raw_evidence","data/raw/stage2/ds09_pangaea/DS09_PANGAEA_20260809T113518Z/PANGAEA.848359.txt","scripts/00_downloads/stage2/19_acquire_ds09_pangaea_sylt.R","",TRUE,78068,"356d3ce2285543aac4171a4fd52e75049b89e723609fe8aa7bbc1916902d670d","data/raw/stage2/ds09_pangaea/DS09_PANGAEA_20260809T113518Z/manifest.csv",FALSE,TRUE,"traceable"
"stage2","raw_evidence","data/raw/stage2/ds09_pangaea/DS09_PANGAEA_20260809T113518Z/PANGAEA.848360.txt","scripts/00_downloads/stage2/19_acquire_ds09_pangaea_sylt.R","",TRUE,74410,"027541ad62fb50dd1976d092423380582c4788853a8b8c8adfd72248bf03b28c","data/raw/stage2/ds09_pangaea/DS09_PANGAEA_20260809T113518Z/manifest.csv",FALSE,TRUE,"traceable"
"stage2","raw_evidence","data/raw/stage2/ds09_pangaea/DS09_PANGAEA_20260809T113518Z/PANGAEA.848728.txt","scripts/00_downloads/stage2/19_acquire_ds09_pangaea_sylt.R","",TRUE,93835,"5597b07de87a11892d54392392f4fdbaf870f09b77480b8140ce65a6c15c50b8","data/raw/stage2/ds09_pangaea/DS09_PANGAEA_20260809T113518Z/manifest.csv",FALSE,TRUE,"traceable"
"stage2","raw_evidence","data/raw/stage2/ds09_pangaea/DS09_PANGAEA_20260809T113518Z/PANGAEA.848729.txt","scripts/00_downloads/stage2/19_acquire_ds09_pangaea_sylt.R","",TRUE,89808,"5f42484f374cd2877e011500c2ff9560b2682e5f57a521eaa369be81e0713e97","data/raw/stage2/ds09_pangaea/DS09_PANGAEA_20260809T113518Z/manifest.csv",FALSE,TRUE,"traceable"
"stage2","raw_evidence","data/raw/stage2/ds09_pangaea/DS09_PANGAEA_20260809T113518Z/PANGAEA.848731.txt","scripts/00_downloads/stage2/19_acquire_ds09_pangaea_sylt.R","",TRUE,98990,"4aaebecc74ddc1e9f03ff88defa682cc00ea506d9a71c1bd876a9c312a48a85b","data/raw/stage2/ds09_pangaea/DS09_PANGAEA_20260809T113518Z/manifest.csv",FALSE,TRUE,"traceable"
"stage2","raw_evidence","data/raw/stage2/ds09_pangaea/DS09_PANGAEA_20260809T113518Z/PANGAEA.848732.txt","scripts/00_downloads/stage2/19_acquire_ds09_pangaea_sylt.R","",TRUE,93544,"e6d52280af74d36eeae6289599682bda3242203d3360c945dc89b010fbdce277","data/raw/stage2/ds09_pangaea/DS09_PANGAEA_20260809T113518Z/manifest.csv",FALSE,TRUE,"traceable"
"stage2","raw_evidence","data/raw/stage2/ds09_pangaea/DS09_PANGAEA_20260809T113518Z/PANGAEA.848733.txt","scripts/00_downloads/stage2/19_acquire_ds09_pangaea_sylt.R","",TRUE,75300,"ec8d7befff07c5958e818352f582963d613ac743f2f27989587122b944bb4058","data/raw/stage2/ds09_pangaea/DS09_PANGAEA_20260809T113518Z/manifest.csv",FALSE,TRUE,"traceable"
"stage2","raw_evidence","data/raw/stage2/ds09_pangaea/DS09_PANGAEA_20260809T113518Z/PANGAEA.848734.txt","scripts/00_downloads/stage2/19_acquire_ds09_pangaea_sylt.R","",TRUE,82916,"674c829cd6ed693db3c31424106045a55ea51819d14473481706326c1e06590a","data/raw/stage2/ds09_pangaea/DS09_PANGAEA_20260809T113518Z/manifest.csv",FALSE,TRUE,"traceable"
"stage2","raw_evidence","data/raw/stage2/ds09_pangaea/DS09_PANGAEA_20260809T113518Z/PANGAEA.848735.txt","scripts/00_downloads/stage2/19_acquire_ds09_pangaea_sylt.R","",TRUE,78718,"e678edc6aacab74a2b782ad62edb423c4d3c0626814d500b97fcc8b67acc1f2b","data/raw/stage2/ds09_pangaea/DS09_PANGAEA_20260809T113518Z/manifest.csv",FALSE,TRUE,"traceable"
"stage2","raw_evidence","data/raw/stage2/ds09_pangaea/DS09_PANGAEA_20260809T113518Z/PANGAEA.848777.txt","scripts/00_downloads/stage2/19_acquire_ds09_pangaea_sylt.R","",TRUE,84829,"15b13b391166fc255f4ed9dc79ace4cc3b0b6928b228b0f42457c1fa6116c520","data/raw/stage2/ds09_pangaea/DS09_PANGAEA_20260809T113518Z/manifest.csv",FALSE,TRUE,"traceable"
"stage2","raw_evidence","data/raw/stage2/ds09_pangaea/DS09_PANGAEA_20260809T113518Z/PANGAEA.848778.txt","scripts/00_downloads/stage2/19_acquire_ds09_pangaea_sylt.R","",TRUE,89448,"0be4f935ea64ab73ae35849bffa50d233926bb5f866e7a591f405825f16e3dfe","data/raw/stage2/ds09_pangaea/DS09_PANGAEA_20260809T113518Z/manifest.csv",FALSE,TRUE,"traceable"
"stage2","raw_evidence","data/raw/stage2/ds09_pangaea/DS09_PANGAEA_20260809T113518Z/PANGAEA.848779.txt","scripts/00_downloads/stage2/19_acquire_ds09_pangaea_sylt.R","",TRUE,85197,"9fb3551c0351674a26d1ca3ac765e5c0fc0667c6a0eff86c00b2154ebe83e515","data/raw/stage2/ds09_pangaea/DS09_PANGAEA_20260809T113518Z/manifest.csv",FALSE,TRUE,"traceable"
"stage2","raw_evidence","data/raw/stage2/ds09_pangaea/DS09_PANGAEA_20260809T113518Z/PANGAEA.857540.txt","scripts/00_downloads/stage2/19_acquire_ds09_pangaea_sylt.R","",TRUE,158612,"23fdb60fc62b183481441fea517d7913620fe6c00eaff4c43cba9eab1f41a6ce","data/raw/stage2/ds09_pangaea/DS09_PANGAEA_20260809T113518Z/manifest.csv",FALSE,TRUE,"traceable"
"stage2","raw_evidence","data/raw/stage2/ds09_pangaea/DS09_PANGAEA_20260809T113518Z/PANGAEA.857546.txt","scripts/00_downloads/stage2/19_acquire_ds09_pangaea_sylt.R","",TRUE,90699,"4d34aacf0c4f45bea9722709bedbc66a04de299919a12dbef1059f057d8a925f","data/raw/stage2/ds09_pangaea/DS09_PANGAEA_20260809T113518Z/manifest.csv",FALSE,TRUE,"traceable"
"stage2","raw_evidence","data/raw/stage2/ds09_pangaea/DS09_PANGAEA_20260809T113518Z/PANGAEA.857547.txt","scripts/00_downloads/stage2/19_acquire_ds09_pangaea_sylt.R","",TRUE,100756,"47d6ce360cae9c93ac4b2becf47ead292125927e4cf58de483332f515e275229","data/raw/stage2/ds09_pangaea/DS09_PANGAEA_20260809T113518Z/manifest.csv",FALSE,TRUE,"traceable"
"stage2","raw_evidence","data/raw/stage2/ds09_pangaea/DS09_PANGAEA_20260809T113518Z/PANGAEA.857548.txt","scripts/00_downloads/stage2/19_acquire_ds09_pangaea_sylt.R","",TRUE,84355,"108060854a954e56edbd43df8a0c7cfce5f70feefb1ddac200b707a2b27680b1","data/raw/stage2/ds09_pangaea/DS09_PANGAEA_20260809T113518Z/manifest.csv",FALSE,TRUE,"traceable"
"stage2","raw_evidence","data/raw/stage2/ds09_pangaea/DS09_PANGAEA_20260809T113518Z/PANGAEA.857549.txt","scripts/00_downloads/stage2/19_acquire_ds09_pangaea_sylt.R","",TRUE,75545,"846abc90c2593a31aec3a507c34eb3c84bd107d656ffecfe211dac45bd7781fa","data/raw/stage2/ds09_pangaea/DS09_PANGAEA_20260809T113518Z/manifest.csv",FALSE,TRUE,"traceable"
"stage2","raw_evidence","data/raw/stage2/ds09_pangaea/DS09_PANGAEA_20260809T113518Z/PANGAEA.857550.txt","scripts/00_downloads/stage2/19_acquire_ds09_pangaea_sylt.R","",TRUE,83917,"b8529b7846a373057977ead33e8256beb1106f2b56f65646a88812125a2c7f9c","data/raw/stage2/ds09_pangaea/DS09_PANGAEA_20260809T113518Z/manifest.csv",FALSE,TRUE,"traceable"
"stage2","raw_evidence","data/raw/stage2/ds09_pangaea/DS09_PANGAEA_20260809T113518Z/PANGAEA.857553.txt","scripts/00_downloads/stage2/19_acquire_ds09_pangaea_sylt.R","",TRUE,168958,"6f5ff7d26125c68dcbc46e1f00935b54955086f08c21cdb2e05a7bf295c9d545","data/raw/stage2/ds09_pangaea/DS09_PANGAEA_20260809T113518Z/manifest.csv",FALSE,TRUE,"traceable"
"stage2","raw_evidence","data/raw/stage2/ds09_pangaea/DS09_PANGAEA_20260809T113518Z/PANGAEA.857554.txt","scripts/00_downloads/stage2/19_acquire_ds09_pangaea_sylt.R","",TRUE,96949,"8216e303da2a4980c152323c3954280291ce76315ce42b776d099d49dfe1d2be","data/raw/stage2/ds09_pangaea/DS09_PANGAEA_20260809T113518Z/manifest.csv",FALSE,TRUE,"traceable"
"stage2","raw_evidence","data/raw/stage2/ds09_pangaea/DS09_PANGAEA_20260809T113518Z/PANGAEA.857555.txt","scripts/00_downloads/stage2/19_acquire_ds09_pangaea_sylt.R","",TRUE,107313,"5e9bae5f17a2e8b417660b209e3f6877cf2558708e9de872e71c5ae501a51c00","data/raw/stage2/ds09_pangaea/DS09_PANGAEA_20260809T113518Z/manifest.csv",FALSE,TRUE,"traceable"
"stage2","raw_evidence","data/raw/stage2/ds09_pangaea/DS09_PANGAEA_20260809T113518Z/PANGAEA.857556.txt","scripts/00_downloads/stage2/19_acquire_ds09_pangaea_sylt.R","",TRUE,90114,"f07c3182ce7cefbd9e8fbcc20db448ae85dddb6ea36a1573243943fb29021a21","data/raw/stage2/ds09_pangaea/DS09_PANGAEA_20260809T113518Z/manifest.csv",FALSE,TRUE,"traceable"
"stage2","raw_evidence","data/raw/stage2/ds09_pangaea/DS09_PANGAEA_20260809T113518Z/PANGAEA.857557.txt","scripts/00_downloads/stage2/19_acquire_ds09_pangaea_sylt.R","",TRUE,80245,"aa35d31ad1d7b3c7502e51cbb471fb5a82e2201b2e933fde5d5b30b04a70b819","data/raw/stage2/ds09_pangaea/DS09_PANGAEA_20260809T113518Z/manifest.csv",FALSE,TRUE,"traceable"
"stage2","raw_evidence","data/raw/stage2/ds09_pangaea/DS09_PANGAEA_20260809T113518Z/PANGAEA.857558.txt","scripts/00_downloads/stage2/19_acquire_ds09_pangaea_sylt.R","",TRUE,89510,"03ceb2f74fd098b63ddd1bf1653d1218399d02eb8a3c12ed1acf8f3fa2ffdf18","data/raw/stage2/ds09_pangaea/DS09_PANGAEA_20260809T113518Z/manifest.csv",FALSE,TRUE,"traceable"
"stage2","raw_evidence","data/raw/stage2/ds09_pangaea/DS09_PANGAEA_20260809T113518Z/PANGAEA.857559.txt","scripts/00_downloads/stage2/19_acquire_ds09_pangaea_sylt.R","",TRUE,170417,"91e42b105801bc25275b45bb2e3dfcea95a38fed0c82a1753a40f1cdba8036bc","data/raw/stage2/ds09_pangaea/DS09_PANGAEA_20260809T113518Z/manifest.csv",FALSE,TRUE,"traceable"
"stage2","raw_evidence","data/raw/stage2/ds09_pangaea/DS09_PANGAEA_20260809T113518Z/PANGAEA.857560.txt","scripts/00_downloads/stage2/19_acquire_ds09_pangaea_sylt.R","",TRUE,97600,"1f9b45313871983dda938012bc6deac7ccc2656d3f867970cf17bf4babb1c6ba","data/raw/stage2/ds09_pangaea/DS09_PANGAEA_20260809T113518Z/manifest.csv",FALSE,TRUE,"traceable"
"stage2","raw_evidence","data/raw/stage2/ds09_pangaea/DS09_PANGAEA_20260809T113518Z/PANGAEA.857561.txt","scripts/00_downloads/stage2/19_acquire_ds09_pangaea_sylt.R","",TRUE,107965,"61821145bf0c96b90711e7263e4bc0431e33f0f425050838db84b8adc4e71f8e","data/raw/stage2/ds09_pangaea/DS09_PANGAEA_20260809T113518Z/manifest.csv",FALSE,TRUE,"traceable"
"stage2","raw_evidence","data/raw/stage2/ds09_pangaea/DS09_PANGAEA_20260809T113518Z/PANGAEA.857562.txt","scripts/00_downloads/stage2/19_acquire_ds09_pangaea_sylt.R","",TRUE,90635,"aeafb0deb4e554baa74caed87818d8a5b54e0a3e42200a780ea183d86f8a725a","data/raw/stage2/ds09_pangaea/DS09_PANGAEA_20260809T113518Z/manifest.csv",FALSE,TRUE,"traceable"
"stage2","raw_evidence","data/raw/stage2/ds09_pangaea/DS09_PANGAEA_20260809T113518Z/PANGAEA.857563.txt","scripts/00_downloads/stage2/19_acquire_ds09_pangaea_sylt.R","",TRUE,80437,"de2f8d5e8c54ed1e038b50b96869c4bb9c2fc6f520293b942e716f333e24e101","data/raw/stage2/ds09_pangaea/DS09_PANGAEA_20260809T113518Z/manifest.csv",FALSE,TRUE,"traceable"
"stage2","raw_evidence","data/raw/stage2/ds09_pangaea/DS09_PANGAEA_20260809T113518Z/PANGAEA.857564.txt","scripts/00_downloads/stage2/19_acquire_ds09_pangaea_sylt.R","",TRUE,89954,"8e5368d1f4d2957a2847ad0407bcc66952836e6d0fb39e06003a685cb2a79c78","data/raw/stage2/ds09_pangaea/DS09_PANGAEA_20260809T113518Z/manifest.csv",FALSE,TRUE,"traceable"
"stage2","raw_evidence","data/raw/stage2/ds09_pangaea/DS09_PANGAEA_20260809T113518Z/parent_150033.txt","scripts/00_downloads/stage2/19_acquire_ds09_pangaea_sylt.R","",TRUE,8309,"8f5c6646a614ba99699d42d5514120114d2292ef44824c764873526a2d919b39","data/raw/stage2/ds09_pangaea/DS09_PANGAEA_20260809T113518Z/manifest.csv",FALSE,TRUE,"traceable"
"stage2","raw_evidence","data/raw/stage2/ds09_pangaea/DS09_PANGAEA_20260809T183031Z/acquisition.log","scripts/00_downloads/stage2/19_acquire_ds09_pangaea_sylt.R","",TRUE,3238,"f7cd1826c67c9b70fc6dcdc5b67dc8235bf7f5dd05688184c3f747a789bbdd16","calculated_by_inventory_script_small_unregistered_raw",FALSE,TRUE,"traceable"
"stage2","raw_evidence","data/raw/stage2/ds09_pangaea/DS09_PANGAEA_20260809T183031Z/manifest.csv","scripts/00_downloads/stage2/19_acquire_ds09_pangaea_sylt.R","",TRUE,8514,"aa71d5239a05ba2c72f8373f4d6818c5e7c8bb146679cdc0ba9556efd77ea30a","calculated_by_inventory_script_small_unregistered_raw",FALSE,TRUE,"traceable"
"stage2","raw_evidence","data/raw/stage2/ds09_pangaea/DS09_PANGAEA_20260809T183031Z/PANGAEA.783251.txt","scripts/00_downloads/stage2/19_acquire_ds09_pangaea_sylt.R","",TRUE,49833,"d3f538818c74c7a4904673b32d3d3fe5a209dc838b7961169a94c0509a5b0646","data/raw/stage2/ds09_pangaea/DS09_PANGAEA_20260809T183031Z/manifest.csv",FALSE,TRUE,"traceable"
"stage2","raw_evidence","data/raw/stage2/ds09_pangaea/DS09_PANGAEA_20260809T183031Z/PANGAEA.783252.txt","scripts/00_downloads/stage2/19_acquire_ds09_pangaea_sylt.R","",TRUE,46319,"6706309a4b340f2eb9cea77c391bdea0f2978ecb58c2256b2d1835ab9263c063","data/raw/stage2/ds09_pangaea/DS09_PANGAEA_20260809T183031Z/manifest.csv",FALSE,TRUE,"traceable"
"stage2","raw_evidence","data/raw/stage2/ds09_pangaea/DS09_PANGAEA_20260809T183031Z/PANGAEA.783253.txt","scripts/00_downloads/stage2/19_acquire_ds09_pangaea_sylt.R","",TRUE,64865,"e15fb5ffaf637068f6d144ebbd2a79362b729ca33571cb75bc82e0c587944135","data/raw/stage2/ds09_pangaea/DS09_PANGAEA_20260809T183031Z/manifest.csv",FALSE,TRUE,"traceable"
"stage2","raw_evidence","data/raw/stage2/ds09_pangaea/DS09_PANGAEA_20260809T183031Z/PANGAEA.783254.txt","scripts/00_downloads/stage2/19_acquire_ds09_pangaea_sylt.R","",TRUE,55543,"ad234d3867ee62fe1f637aae1257e6dd1c75057fb176b809d863c348b331ccf7","data/raw/stage2/ds09_pangaea/DS09_PANGAEA_20260809T183031Z/manifest.csv",FALSE,TRUE,"traceable"
"stage2","raw_evidence","data/raw/stage2/ds09_pangaea/DS09_PANGAEA_20260809T183031Z/PANGAEA.783255.txt","scripts/00_downloads/stage2/19_acquire_ds09_pangaea_sylt.R","",TRUE,61799,"5ed579a67cca3c2a38a70118ee1207701f59dd81d6fa0e991182f18b87a44acd","data/raw/stage2/ds09_pangaea/DS09_PANGAEA_20260809T183031Z/manifest.csv",FALSE,TRUE,"traceable"
"stage2","raw_evidence","data/raw/stage2/ds09_pangaea/DS09_PANGAEA_20260809T183031Z/PANGAEA.783256.txt","scripts/00_downloads/stage2/19_acquire_ds09_pangaea_sylt.R","",TRUE,53932,"62a3f1a775f03689346feea1c8dc481d4836b08e3aaef25db7e399178b2b8ab8","data/raw/stage2/ds09_pangaea/DS09_PANGAEA_20260809T183031Z/manifest.csv",FALSE,TRUE,"traceable"
"stage2","raw_evidence","data/raw/stage2/ds09_pangaea/DS09_PANGAEA_20260809T183031Z/PANGAEA.783257.txt","scripts/00_downloads/stage2/19_acquire_ds09_pangaea_sylt.R","",TRUE,67320,"c371d7857d0f856d508251bc9ac12af114858f1ae2cef3df35268249a2a9963d","data/raw/stage2/ds09_pangaea/DS09_PANGAEA_20260809T183031Z/manifest.csv",FALSE,TRUE,"traceable"
"stage2","raw_evidence","data/raw/stage2/ds09_pangaea/DS09_PANGAEA_20260809T183031Z/PANGAEA.783258.txt","scripts/00_downloads/stage2/19_acquire_ds09_pangaea_sylt.R","",TRUE,72550,"f7b26987f901cc366355be2f2e7363e8fad5ba7e41a492a90a190a3330242b54","data/raw/stage2/ds09_pangaea/DS09_PANGAEA_20260809T183031Z/manifest.csv",FALSE,TRUE,"traceable"
"stage2","raw_evidence","data/raw/stage2/ds09_pangaea/DS09_PANGAEA_20260809T183031Z/PANGAEA.783259.txt","scripts/00_downloads/stage2/19_acquire_ds09_pangaea_sylt.R","",TRUE,61735,"cc846003d27e1154ab6c6090ee04b248268b5340df5d0a5f20138baf75cf56f9","data/raw/stage2/ds09_pangaea/DS09_PANGAEA_20260809T183031Z/manifest.csv",FALSE,TRUE,"traceable"
"stage2","raw_evidence","data/raw/stage2/ds09_pangaea/DS09_PANGAEA_20260809T183031Z/PANGAEA.783260.txt","scripts/00_downloads/stage2/19_acquire_ds09_pangaea_sylt.R","",TRUE,66611,"19d42c2dda97a10bc49fd78c1c012ae15de48b5140231168ddc6a946d2bc2c0e","data/raw/stage2/ds09_pangaea/DS09_PANGAEA_20260809T183031Z/manifest.csv",FALSE,TRUE,"traceable"
"stage2","raw_evidence","data/raw/stage2/ds09_pangaea/DS09_PANGAEA_20260809T183031Z/PANGAEA.783261.txt","scripts/00_downloads/stage2/19_acquire_ds09_pangaea_sylt.R","",TRUE,162623,"430827c7d5cdb8cc4f0dcbb71df186a4bd84135d046df21c2ccc7db59ffb2229","data/raw/stage2/ds09_pangaea/DS09_PANGAEA_20260809T183031Z/manifest.csv",FALSE,TRUE,"traceable"
"stage2","raw_evidence","data/raw/stage2/ds09_pangaea/DS09_PANGAEA_20260809T183031Z/PANGAEA.783263.txt","scripts/00_downloads/stage2/19_acquire_ds09_pangaea_sylt.R","",TRUE,91919,"a495380271ffc17eb9a5e1b849c733219bea8e34082ebaf73bdbfd4463d0b0c8","data/raw/stage2/ds09_pangaea/DS09_PANGAEA_20260809T183031Z/manifest.csv",FALSE,TRUE,"traceable"
"stage2","raw_evidence","data/raw/stage2/ds09_pangaea/DS09_PANGAEA_20260809T183031Z/PANGAEA.783264.txt","scripts/00_downloads/stage2/19_acquire_ds09_pangaea_sylt.R","",TRUE,101931,"d1b5f7a654ec3b7da2cf12fff4f2d2d1bb0849bfd10df2fddbd84639de07baa4","data/raw/stage2/ds09_pangaea/DS09_PANGAEA_20260809T183031Z/manifest.csv",FALSE,TRUE,"traceable"
"stage2","raw_evidence","data/raw/stage2/ds09_pangaea/DS09_PANGAEA_20260809T183031Z/PANGAEA.783265.txt","scripts/00_downloads/stage2/19_acquire_ds09_pangaea_sylt.R","",TRUE,85639,"5b4345c4a5312608efe49fc77835a2dcb107a5df7f4a4608b01ee2798bcd22a2","data/raw/stage2/ds09_pangaea/DS09_PANGAEA_20260809T183031Z/manifest.csv",FALSE,TRUE,"traceable"
"stage2","raw_evidence","data/raw/stage2/ds09_pangaea/DS09_PANGAEA_20260809T183031Z/PANGAEA.783266.txt","scripts/00_downloads/stage2/19_acquire_ds09_pangaea_sylt.R","",TRUE,75930,"44b50e69a149c5fd15d55c4aef2baa03f3b1019632a842f926ce1d6a1519cc10","data/raw/stage2/ds09_pangaea/DS09_PANGAEA_20260809T183031Z/manifest.csv",FALSE,TRUE,"traceable"
"stage2","raw_evidence","data/raw/stage2/ds09_pangaea/DS09_PANGAEA_20260809T183031Z/PANGAEA.783274.txt","scripts/00_downloads/stage2/19_acquire_ds09_pangaea_sylt.R","",TRUE,85296,"3a58e1e5337acfbb2a67283d2a8575ba84e3627c455d4af434a2e2520b201c10","data/raw/stage2/ds09_pangaea/DS09_PANGAEA_20260809T183031Z/manifest.csv",FALSE,TRUE,"traceable"
"stage2","raw_evidence","data/raw/stage2/ds09_pangaea/DS09_PANGAEA_20260809T183031Z/PANGAEA.845557.txt","scripts/00_downloads/stage2/19_acquire_ds09_pangaea_sylt.R","",TRUE,35753,"fc91fda0603521d0d69cd31505edbf26262f4c37131d4921df1361ba655abb5b","data/raw/stage2/ds09_pangaea/DS09_PANGAEA_20260809T183031Z/manifest.csv",FALSE,TRUE,"traceable"
"stage2","raw_evidence","data/raw/stage2/ds09_pangaea/DS09_PANGAEA_20260809T183031Z/PANGAEA.845558.txt","scripts/00_downloads/stage2/19_acquire_ds09_pangaea_sylt.R","",TRUE,32384,"1d0ef9f9f1a17d381ab604127652c3e3d031517be7c7dd8ea6bd2e09c9812683","data/raw/stage2/ds09_pangaea/DS09_PANGAEA_20260809T183031Z/manifest.csv",FALSE,TRUE,"traceable"
"stage2","raw_evidence","data/raw/stage2/ds09_pangaea/DS09_PANGAEA_20260809T183031Z/PANGAEA.845559.txt","scripts/00_downloads/stage2/19_acquire_ds09_pangaea_sylt.R","",TRUE,35925,"b7ee9352c13bd4e6c08a154e7997b7d83d143472748a3de2e454f39c0d4ada76","data/raw/stage2/ds09_pangaea/DS09_PANGAEA_20260809T183031Z/manifest.csv",FALSE,TRUE,"traceable"
"stage2","raw_evidence","data/raw/stage2/ds09_pangaea/DS09_PANGAEA_20260809T183031Z/PANGAEA.845560.txt","scripts/00_downloads/stage2/19_acquire_ds09_pangaea_sylt.R","",TRUE,57014,"bfa2a895e6fca7a29c9e44d99201dd0febda2f66986b0d150f102ae4335871ef","data/raw/stage2/ds09_pangaea/DS09_PANGAEA_20260809T183031Z/manifest.csv",FALSE,TRUE,"traceable"
"stage2","raw_evidence","data/raw/stage2/ds09_pangaea/DS09_PANGAEA_20260809T183031Z/PANGAEA.845561.txt","scripts/00_downloads/stage2/19_acquire_ds09_pangaea_sylt.R","",TRUE,50601,"b555b33e1b0820e0c5a1d3dc8001820ca2ce553bc5620abf513f6ead09ba40fe","data/raw/stage2/ds09_pangaea/DS09_PANGAEA_20260809T183031Z/manifest.csv",FALSE,TRUE,"traceable"
"stage2","raw_evidence","data/raw/stage2/ds09_pangaea/DS09_PANGAEA_20260809T183031Z/PANGAEA.845562.txt","scripts/00_downloads/stage2/19_acquire_ds09_pangaea_sylt.R","",TRUE,52779,"b75c8b67629a7c97c86a5c38e23a5f2845e01aa390c22d03254c835fd41671b3","data/raw/stage2/ds09_pangaea/DS09_PANGAEA_20260809T183031Z/manifest.csv",FALSE,TRUE,"traceable"
"stage2","raw_evidence","data/raw/stage2/ds09_pangaea/DS09_PANGAEA_20260809T183031Z/PANGAEA.845563.txt","scripts/00_downloads/stage2/19_acquire_ds09_pangaea_sylt.R","",TRUE,38420,"994926f49a2d86dbf11254506ad08b94b3349fadca17df5d8063dd449841a12c","data/raw/stage2/ds09_pangaea/DS09_PANGAEA_20260809T183031Z/manifest.csv",FALSE,TRUE,"traceable"
"stage2","raw_evidence","data/raw/stage2/ds09_pangaea/DS09_PANGAEA_20260809T183031Z/PANGAEA.845564.txt","scripts/00_downloads/stage2/19_acquire_ds09_pangaea_sylt.R","",TRUE,34640,"c33b5aa9f453e81706d756a2c089957942cc9fb6e3ff54b7f38be557f8f2bb80","data/raw/stage2/ds09_pangaea/DS09_PANGAEA_20260809T183031Z/manifest.csv",FALSE,TRUE,"traceable"
"stage2","raw_evidence","data/raw/stage2/ds09_pangaea/DS09_PANGAEA_20260809T183031Z/PANGAEA.845565.txt","scripts/00_downloads/stage2/19_acquire_ds09_pangaea_sylt.R","",TRUE,38381,"8e04bc4cdca3bbe6abd26da27066fc24b2beaf4b61d1ea0b6136d2f6f0c9a552","data/raw/stage2/ds09_pangaea/DS09_PANGAEA_20260809T183031Z/manifest.csv",FALSE,TRUE,"traceable"
"stage2","raw_evidence","data/raw/stage2/ds09_pangaea/DS09_PANGAEA_20260809T183031Z/PANGAEA.845566.txt","scripts/00_downloads/stage2/19_acquire_ds09_pangaea_sylt.R","",TRUE,60171,"f43597280b7df928c8fea69a6388d605b1e50c340b09395934d7e97155d642bc","data/raw/stage2/ds09_pangaea/DS09_PANGAEA_20260809T183031Z/manifest.csv",FALSE,TRUE,"traceable"
"stage2","raw_evidence","data/raw/stage2/ds09_pangaea/DS09_PANGAEA_20260809T183031Z/PANGAEA.845567.txt","scripts/00_downloads/stage2/19_acquire_ds09_pangaea_sylt.R","",TRUE,53466,"e812a65e021c7aebbd706c290be1a714da8919e2deb9451078c029ef638885b2","data/raw/stage2/ds09_pangaea/DS09_PANGAEA_20260809T183031Z/manifest.csv",FALSE,TRUE,"traceable"
"stage2","raw_evidence","data/raw/stage2/ds09_pangaea/DS09_PANGAEA_20260809T183031Z/PANGAEA.845568.txt","scripts/00_downloads/stage2/19_acquire_ds09_pangaea_sylt.R","",TRUE,56032,"fabf17968946dcfe2ca3e94963724d8b303fe5632bfc23ebb94beaa50c573893","data/raw/stage2/ds09_pangaea/DS09_PANGAEA_20260809T183031Z/manifest.csv",FALSE,TRUE,"traceable"
"stage2","raw_evidence","data/raw/stage2/ds09_pangaea/DS09_PANGAEA_20260809T183031Z/PANGAEA.845578.txt","scripts/00_downloads/stage2/19_acquire_ds09_pangaea_sylt.R","",TRUE,39224,"b2d5833464a583880d636d6a7a1f54ca0714372544eb68d388971416e68b51cc","data/raw/stage2/ds09_pangaea/DS09_PANGAEA_20260809T183031Z/manifest.csv",FALSE,TRUE,"traceable"
"stage2","raw_evidence","data/raw/stage2/ds09_pangaea/DS09_PANGAEA_20260809T183031Z/PANGAEA.845580.txt","scripts/00_downloads/stage2/19_acquire_ds09_pangaea_sylt.R","",TRUE,39077,"f51d497a3f7f88e9449219aff96abbd2640971cc18fd7687857f3b36a5cea29a","data/raw/stage2/ds09_pangaea/DS09_PANGAEA_20260809T183031Z/manifest.csv",FALSE,TRUE,"traceable"
"stage2","raw_evidence","data/raw/stage2/ds09_pangaea/DS09_PANGAEA_20260809T183031Z/PANGAEA.845583.txt","scripts/00_downloads/stage2/19_acquire_ds09_pangaea_sylt.R","",TRUE,55413,"23010a55db21fc59ab82624f6f0083965fa5d3c721284e63675e2f18599d2736","data/raw/stage2/ds09_pangaea/DS09_PANGAEA_20260809T183031Z/manifest.csv",FALSE,TRUE,"traceable"
"stage2","raw_evidence","data/raw/stage2/ds09_pangaea/DS09_PANGAEA_20260809T183031Z/PANGAEA.845584.txt","scripts/00_downloads/stage2/19_acquire_ds09_pangaea_sylt.R","",TRUE,35476,"c2d364da71760ae8c0853f3b7209236bb022a3cacd13c0777bc3990c4da46eb3","data/raw/stage2/ds09_pangaea/DS09_PANGAEA_20260809T183031Z/manifest.csv",FALSE,TRUE,"traceable"
"stage2","raw_evidence","data/raw/stage2/ds09_pangaea/DS09_PANGAEA_20260809T183031Z/PANGAEA.845585.txt","scripts/00_downloads/stage2/19_acquire_ds09_pangaea_sylt.R","",TRUE,59831,"6528ca842423ae98e47d6aaf8401c98be9bd799d6f74d5f5737013c1563b8f32","data/raw/stage2/ds09_pangaea/DS09_PANGAEA_20260809T183031Z/manifest.csv",FALSE,TRUE,"traceable"
"stage2","raw_evidence","data/raw/stage2/ds09_pangaea/DS09_PANGAEA_20260809T183031Z/PANGAEA.845586.txt","scripts/00_downloads/stage2/19_acquire_ds09_pangaea_sylt.R","",TRUE,53105,"bcb61e8f15f7f4d6f50703e047b27c32a1069ac632d6d0fa98360febce8f70d2","data/raw/stage2/ds09_pangaea/DS09_PANGAEA_20260809T183031Z/manifest.csv",FALSE,TRUE,"traceable"
"stage2","raw_evidence","data/raw/stage2/ds09_pangaea/DS09_PANGAEA_20260809T183031Z/PANGAEA.845587.txt","scripts/00_downloads/stage2/19_acquire_ds09_pangaea_sylt.R","",TRUE,39045,"d85616508f32d02c539f69c8051a238f5a2ea85d07ab6fbd0988382af7feda89","data/raw/stage2/ds09_pangaea/DS09_PANGAEA_20260809T183031Z/manifest.csv",FALSE,TRUE,"traceable"
"stage2","raw_evidence","data/raw/stage2/ds09_pangaea/DS09_PANGAEA_20260809T183031Z/PANGAEA.845588.txt","scripts/00_downloads/stage2/19_acquire_ds09_pangaea_sylt.R","",TRUE,35326,"91f78e9309744af270ceed6ee041424c7b22b5068b48be9caabaca6b4967ddad","data/raw/stage2/ds09_pangaea/DS09_PANGAEA_20260809T183031Z/manifest.csv",FALSE,TRUE,"traceable"
"stage2","raw_evidence","data/raw/stage2/ds09_pangaea/DS09_PANGAEA_20260809T183031Z/PANGAEA.845589.txt","scripts/00_downloads/stage2/19_acquire_ds09_pangaea_sylt.R","",TRUE,39031,"a28029ac547d55d5ee12b58ff6042e7ffb21b01ebd1de2958499eb212ead94c2","data/raw/stage2/ds09_pangaea/DS09_PANGAEA_20260809T183031Z/manifest.csv",FALSE,TRUE,"traceable"
"stage2","raw_evidence","data/raw/stage2/ds09_pangaea/DS09_PANGAEA_20260809T183031Z/PANGAEA.845590.txt","scripts/00_downloads/stage2/19_acquire_ds09_pangaea_sylt.R","",TRUE,60604,"71c03753159592f1d92648ab633694532651713ca94e18d070f8b2d63b4fc6ab","data/raw/stage2/ds09_pangaea/DS09_PANGAEA_20260809T183031Z/manifest.csv",FALSE,TRUE,"traceable"
"stage2","raw_evidence","data/raw/stage2/ds09_pangaea/DS09_PANGAEA_20260809T183031Z/PANGAEA.845591.txt","scripts/00_downloads/stage2/19_acquire_ds09_pangaea_sylt.R","",TRUE,53518,"35c36c35472aacede25a64248cce2ec919fb8971f8719a5397f243073a3dab06","data/raw/stage2/ds09_pangaea/DS09_PANGAEA_20260809T183031Z/manifest.csv",FALSE,TRUE,"traceable"
"stage2","raw_evidence","data/raw/stage2/ds09_pangaea/DS09_PANGAEA_20260809T183031Z/PANGAEA.845592.txt","scripts/00_downloads/stage2/19_acquire_ds09_pangaea_sylt.R","",TRUE,55824,"cf0bbffd6f6261bf76e80c2c7642311bcc932990f6d82e264c9df09ac312b46a","data/raw/stage2/ds09_pangaea/DS09_PANGAEA_20260809T183031Z/manifest.csv",FALSE,TRUE,"traceable"
"stage2","raw_evidence","data/raw/stage2/ds09_pangaea/DS09_PANGAEA_20260809T183031Z/PANGAEA.845932.txt","scripts/00_downloads/stage2/19_acquire_ds09_pangaea_sylt.R","",TRUE,16614,"ec99321fd72ea980558d76b83674dbc17788f43d53c93700c1ca337d5ca7f24e","data/raw/stage2/ds09_pangaea/DS09_PANGAEA_20260809T183031Z/manifest.csv",FALSE,TRUE,"traceable"
"stage2","raw_evidence","data/raw/stage2/ds09_pangaea/DS09_PANGAEA_20260809T183031Z/PANGAEA.845933.txt","scripts/00_downloads/stage2/19_acquire_ds09_pangaea_sylt.R","",TRUE,33963,"dae60b6acd181c6d2a107fb873bc40d7964ea4524982164ff3f52545c3929de5","data/raw/stage2/ds09_pangaea/DS09_PANGAEA_20260809T183031Z/manifest.csv",FALSE,TRUE,"traceable"
"stage2","raw_evidence","data/raw/stage2/ds09_pangaea/DS09_PANGAEA_20260809T183031Z/PANGAEA.845935.txt","scripts/00_downloads/stage2/19_acquire_ds09_pangaea_sylt.R","",TRUE,32160,"69d15c23e5c1438e29cf3e8cff861d409334ff8e8a8f41f1020b8b2938673420","data/raw/stage2/ds09_pangaea/DS09_PANGAEA_20260809T183031Z/manifest.csv",FALSE,TRUE,"traceable"
"stage2","raw_evidence","data/raw/stage2/ds09_pangaea/DS09_PANGAEA_20260809T183031Z/PANGAEA.846419.txt","scripts/00_downloads/stage2/19_acquire_ds09_pangaea_sylt.R","",TRUE,18126,"368cf82bc336523d0e2319c7413f5a68ad9e5c3b3a5a500d65934c952a605078","data/raw/stage2/ds09_pangaea/DS09_PANGAEA_20260809T183031Z/manifest.csv",FALSE,TRUE,"traceable"
"stage2","raw_evidence","data/raw/stage2/ds09_pangaea/DS09_PANGAEA_20260809T183031Z/PANGAEA.846440.txt","scripts/00_downloads/stage2/19_acquire_ds09_pangaea_sylt.R","",TRUE,42414,"be583663e20088f83d997b607ae3eb7d7e13c8de2aea01a3fa232482fb8b53ee","data/raw/stage2/ds09_pangaea/DS09_PANGAEA_20260809T183031Z/manifest.csv",FALSE,TRUE,"traceable"
"stage2","raw_evidence","data/raw/stage2/ds09_pangaea/DS09_PANGAEA_20260809T183031Z/PANGAEA.846442.txt","scripts/00_downloads/stage2/19_acquire_ds09_pangaea_sylt.R","",TRUE,42191,"c1b4ccf9d3fd5c48ee6a8d14af965a7e1d13b481a909b5ddc433f2e6dc474725","data/raw/stage2/ds09_pangaea/DS09_PANGAEA_20260809T183031Z/manifest.csv",FALSE,TRUE,"traceable"
"stage2","raw_evidence","data/raw/stage2/ds09_pangaea/DS09_PANGAEA_20260809T183031Z/PANGAEA.846443.txt","scripts/00_downloads/stage2/19_acquire_ds09_pangaea_sylt.R","",TRUE,18828,"e9e69b291a6d811474934e800e270801cf16d936cee6e44fa95144ce98786707","data/raw/stage2/ds09_pangaea/DS09_PANGAEA_20260809T183031Z/manifest.csv",FALSE,TRUE,"traceable"
"stage2","raw_evidence","data/raw/stage2/ds09_pangaea/DS09_PANGAEA_20260809T183031Z/PANGAEA.846444.txt","scripts/00_downloads/stage2/19_acquire_ds09_pangaea_sylt.R","",TRUE,44108,"5c318cac4547882f784036484f67dfa0ae749a6ab560fd6a0c4f2dbd4a859360","data/raw/stage2/ds09_pangaea/DS09_PANGAEA_20260809T183031Z/manifest.csv",FALSE,TRUE,"traceable"
"stage2","raw_evidence","data/raw/stage2/ds09_pangaea/DS09_PANGAEA_20260809T183031Z/PANGAEA.846445.txt","scripts/00_downloads/stage2/19_acquire_ds09_pangaea_sylt.R","",TRUE,44106,"d25844b49b0f73a98941f2129d534aea0290606084b3b734ee6a3a20717c1e32","data/raw/stage2/ds09_pangaea/DS09_PANGAEA_20260809T183031Z/manifest.csv",FALSE,TRUE,"traceable"
"stage2","raw_evidence","data/raw/stage2/ds09_pangaea/DS09_PANGAEA_20260809T183031Z/PANGAEA.848324.txt","scripts/00_downloads/stage2/19_acquire_ds09_pangaea_sylt.R","",TRUE,69502,"ecf66ba705e50e4eae97a513be75abc4edab0bd4b23774b5b0cbe87cd716af83","data/raw/stage2/ds09_pangaea/DS09_PANGAEA_20260809T183031Z/manifest.csv",FALSE,TRUE,"traceable"
"stage2","raw_evidence","data/raw/stage2/ds09_pangaea/DS09_PANGAEA_20260809T183031Z/PANGAEA.848325.txt","scripts/00_downloads/stage2/19_acquire_ds09_pangaea_sylt.R","",TRUE,65925,"e51c5c3037c5c484b7c6c9c03a22193f60c5dc17969d991565a9216b3853c157","data/raw/stage2/ds09_pangaea/DS09_PANGAEA_20260809T183031Z/manifest.csv",FALSE,TRUE,"traceable"
"stage2","raw_evidence","data/raw/stage2/ds09_pangaea/DS09_PANGAEA_20260809T183031Z/PANGAEA.848351.txt","scripts/00_downloads/stage2/19_acquire_ds09_pangaea_sylt.R","",TRUE,57734,"3bbf50e83af0a2218084eb6e8e095679105d0e09ac94a39ee1830275742ffe77","data/raw/stage2/ds09_pangaea/DS09_PANGAEA_20260809T183031Z/manifest.csv",FALSE,TRUE,"traceable"
"stage2","raw_evidence","data/raw/stage2/ds09_pangaea/DS09_PANGAEA_20260809T183031Z/PANGAEA.848352.txt","scripts/00_downloads/stage2/19_acquire_ds09_pangaea_sylt.R","",TRUE,56315,"8d67c066344a68c980c50432265d62b22badd0b6a418d86428a9e8a803c488db","data/raw/stage2/ds09_pangaea/DS09_PANGAEA_20260809T183031Z/manifest.csv",FALSE,TRUE,"traceable"
"stage2","raw_evidence","data/raw/stage2/ds09_pangaea/DS09_PANGAEA_20260809T183031Z/PANGAEA.848353.txt","scripts/00_downloads/stage2/19_acquire_ds09_pangaea_sylt.R","",TRUE,98337,"a7cc84b60da98e81aecea72fe2f969140c2e686b6e340723cbb09c643346a483","data/raw/stage2/ds09_pangaea/DS09_PANGAEA_20260809T183031Z/manifest.csv",FALSE,TRUE,"traceable"
"stage2","raw_evidence","data/raw/stage2/ds09_pangaea/DS09_PANGAEA_20260809T183031Z/PANGAEA.848354.txt","scripts/00_downloads/stage2/19_acquire_ds09_pangaea_sylt.R","",TRUE,96583,"e7ff8c231f1572ec0d49a3c45b51ff9b743a843e866cd8881b8bae44418c89ef","data/raw/stage2/ds09_pangaea/DS09_PANGAEA_20260809T183031Z/manifest.csv",FALSE,TRUE,"traceable"
"stage2","raw_evidence","data/raw/stage2/ds09_pangaea/DS09_PANGAEA_20260809T183031Z/PANGAEA.848355.txt","scripts/00_downloads/stage2/19_acquire_ds09_pangaea_sylt.R","",TRUE,78542,"7968a9e83e80eecfbedd90314dba168f11e9ff6a773bb94c3a1b9ce2ff74edea","data/raw/stage2/ds09_pangaea/DS09_PANGAEA_20260809T183031Z/manifest.csv",FALSE,TRUE,"traceable"
"stage2","raw_evidence","data/raw/stage2/ds09_pangaea/DS09_PANGAEA_20260809T183031Z/PANGAEA.848356.txt","scripts/00_downloads/stage2/19_acquire_ds09_pangaea_sylt.R","",TRUE,76531,"f5473ef923260ce223d2bf5ef1c834d6d1034f4504fad389debcb219161ea6a7","data/raw/stage2/ds09_pangaea/DS09_PANGAEA_20260809T183031Z/manifest.csv",FALSE,TRUE,"traceable"
"stage2","raw_evidence","data/raw/stage2/ds09_pangaea/DS09_PANGAEA_20260809T183031Z/PANGAEA.848357.txt","scripts/00_downloads/stage2/19_acquire_ds09_pangaea_sylt.R","",TRUE,86661,"38e334bca3b22068095194ecb3126fdb90e336a5403548d1d2711fe5ceb70e0c","data/raw/stage2/ds09_pangaea/DS09_PANGAEA_20260809T183031Z/manifest.csv",FALSE,TRUE,"traceable"
"stage2","raw_evidence","data/raw/stage2/ds09_pangaea/DS09_PANGAEA_20260809T183031Z/PANGAEA.848358.txt","scripts/00_downloads/stage2/19_acquire_ds09_pangaea_sylt.R","",TRUE,82967,"280ddd4c2fa702bc07019f1491d52f7abd693597701109aba159836a38c2dbb5","data/raw/stage2/ds09_pangaea/DS09_PANGAEA_20260809T183031Z/manifest.csv",FALSE,TRUE,"traceable"
"stage2","raw_evidence","data/raw/stage2/ds09_pangaea/DS09_PANGAEA_20260809T183031Z/PANGAEA.848359.txt","scripts/00_downloads/stage2/19_acquire_ds09_pangaea_sylt.R","",TRUE,78068,"356d3ce2285543aac4171a4fd52e75049b89e723609fe8aa7bbc1916902d670d","data/raw/stage2/ds09_pangaea/DS09_PANGAEA_20260809T183031Z/manifest.csv",FALSE,TRUE,"traceable"
"stage2","raw_evidence","data/raw/stage2/ds09_pangaea/DS09_PANGAEA_20260809T183031Z/PANGAEA.848360.txt","scripts/00_downloads/stage2/19_acquire_ds09_pangaea_sylt.R","",TRUE,74410,"027541ad62fb50dd1976d092423380582c4788853a8b8c8adfd72248bf03b28c","data/raw/stage2/ds09_pangaea/DS09_PANGAEA_20260809T183031Z/manifest.csv",FALSE,TRUE,"traceable"
"stage2","raw_evidence","data/raw/stage2/ds09_pangaea/DS09_PANGAEA_20260809T183031Z/PANGAEA.848728.txt","scripts/00_downloads/stage2/19_acquire_ds09_pangaea_sylt.R","",TRUE,93835,"5597b07de87a11892d54392392f4fdbaf870f09b77480b8140ce65a6c15c50b8","data/raw/stage2/ds09_pangaea/DS09_PANGAEA_20260809T183031Z/manifest.csv",FALSE,TRUE,"traceable"
"stage2","raw_evidence","data/raw/stage2/ds09_pangaea/DS09_PANGAEA_20260809T183031Z/PANGAEA.848729.txt","scripts/00_downloads/stage2/19_acquire_ds09_pangaea_sylt.R","",TRUE,89808,"5f42484f374cd2877e011500c2ff9560b2682e5f57a521eaa369be81e0713e97","data/raw/stage2/ds09_pangaea/DS09_PANGAEA_20260809T183031Z/manifest.csv",FALSE,TRUE,"traceable"
"stage2","raw_evidence","data/raw/stage2/ds09_pangaea/DS09_PANGAEA_20260809T183031Z/PANGAEA.848731.txt","scripts/00_downloads/stage2/19_acquire_ds09_pangaea_sylt.R","",TRUE,98990,"4aaebecc74ddc1e9f03ff88defa682cc00ea506d9a71c1bd876a9c312a48a85b","data/raw/stage2/ds09_pangaea/DS09_PANGAEA_20260809T183031Z/manifest.csv",FALSE,TRUE,"traceable"
"stage2","raw_evidence","data/raw/stage2/ds09_pangaea/DS09_PANGAEA_20260809T183031Z/PANGAEA.848732.txt","scripts/00_downloads/stage2/19_acquire_ds09_pangaea_sylt.R","",TRUE,93544,"e6d52280af74d36eeae6289599682bda3242203d3360c945dc89b010fbdce277","data/raw/stage2/ds09_pangaea/DS09_PANGAEA_20260809T183031Z/manifest.csv",FALSE,TRUE,"traceable"
"stage2","raw_evidence","data/raw/stage2/ds09_pangaea/DS09_PANGAEA_20260809T183031Z/PANGAEA.848733.txt","scripts/00_downloads/stage2/19_acquire_ds09_pangaea_sylt.R","",TRUE,75300,"ec8d7befff07c5958e818352f582963d613ac743f2f27989587122b944bb4058","data/raw/stage2/ds09_pangaea/DS09_PANGAEA_20260809T183031Z/manifest.csv",FALSE,TRUE,"traceable"
"stage2","raw_evidence","data/raw/stage2/ds09_pangaea/DS09_PANGAEA_20260809T183031Z/PANGAEA.848734.txt","scripts/00_downloads/stage2/19_acquire_ds09_pangaea_sylt.R","",TRUE,82916,"674c829cd6ed693db3c31424106045a55ea51819d14473481706326c1e06590a","data/raw/stage2/ds09_pangaea/DS09_PANGAEA_20260809T183031Z/manifest.csv",FALSE,TRUE,"traceable"
"stage2","raw_evidence","data/raw/stage2/ds09_pangaea/DS09_PANGAEA_20260809T183031Z/PANGAEA.848735.txt","scripts/00_downloads/stage2/19_acquire_ds09_pangaea_sylt.R","",TRUE,78718,"e678edc6aacab74a2b782ad62edb423c4d3c0626814d500b97fcc8b67acc1f2b","data/raw/stage2/ds09_pangaea/DS09_PANGAEA_20260809T183031Z/manifest.csv",FALSE,TRUE,"traceable"
"stage2","raw_evidence","data/raw/stage2/ds09_pangaea/DS09_PANGAEA_20260809T183031Z/PANGAEA.848777.txt","scripts/00_downloads/stage2/19_acquire_ds09_pangaea_sylt.R","",TRUE,84829,"15b13b391166fc255f4ed9dc79ace4cc3b0b6928b228b0f42457c1fa6116c520","data/raw/stage2/ds09_pangaea/DS09_PANGAEA_20260809T183031Z/manifest.csv",FALSE,TRUE,"traceable"
"stage2","raw_evidence","data/raw/stage2/ds09_pangaea/DS09_PANGAEA_20260809T183031Z/PANGAEA.848778.txt","scripts/00_downloads/stage2/19_acquire_ds09_pangaea_sylt.R","",TRUE,89448,"0be4f935ea64ab73ae35849bffa50d233926bb5f866e7a591f405825f16e3dfe","data/raw/stage2/ds09_pangaea/DS09_PANGAEA_20260809T183031Z/manifest.csv",FALSE,TRUE,"traceable"
"stage2","raw_evidence","data/raw/stage2/ds09_pangaea/DS09_PANGAEA_20260809T183031Z/PANGAEA.848779.txt","scripts/00_downloads/stage2/19_acquire_ds09_pangaea_sylt.R","",TRUE,85197,"9fb3551c0351674a26d1ca3ac765e5c0fc0667c6a0eff86c00b2154ebe83e515","data/raw/stage2/ds09_pangaea/DS09_PANGAEA_20260809T183031Z/manifest.csv",FALSE,TRUE,"traceable"
"stage2","raw_evidence","data/raw/stage2/ds09_pangaea/DS09_PANGAEA_20260809T183031Z/PANGAEA.857540.txt","scripts/00_downloads/stage2/19_acquire_ds09_pangaea_sylt.R","",TRUE,158612,"23fdb60fc62b183481441fea517d7913620fe6c00eaff4c43cba9eab1f41a6ce","data/raw/stage2/ds09_pangaea/DS09_PANGAEA_20260809T183031Z/manifest.csv",FALSE,TRUE,"traceable"
"stage2","raw_evidence","data/raw/stage2/ds09_pangaea/DS09_PANGAEA_20260809T183031Z/PANGAEA.857546.txt","scripts/00_downloads/stage2/19_acquire_ds09_pangaea_sylt.R","",TRUE,90699,"4d34aacf0c4f45bea9722709bedbc66a04de299919a12dbef1059f057d8a925f","data/raw/stage2/ds09_pangaea/DS09_PANGAEA_20260809T183031Z/manifest.csv",FALSE,TRUE,"traceable"
"stage2","raw_evidence","data/raw/stage2/ds09_pangaea/DS09_PANGAEA_20260809T183031Z/PANGAEA.857547.txt","scripts/00_downloads/stage2/19_acquire_ds09_pangaea_sylt.R","",TRUE,100756,"47d6ce360cae9c93ac4b2becf47ead292125927e4cf58de483332f515e275229","data/raw/stage2/ds09_pangaea/DS09_PANGAEA_20260809T183031Z/manifest.csv",FALSE,TRUE,"traceable"
"stage2","raw_evidence","data/raw/stage2/ds09_pangaea/DS09_PANGAEA_20260809T183031Z/PANGAEA.857548.txt","scripts/00_downloads/stage2/19_acquire_ds09_pangaea_sylt.R","",TRUE,84355,"108060854a954e56edbd43df8a0c7cfce5f70feefb1ddac200b707a2b27680b1","data/raw/stage2/ds09_pangaea/DS09_PANGAEA_20260809T183031Z/manifest.csv",FALSE,TRUE,"traceable"
"stage2","raw_evidence","data/raw/stage2/ds09_pangaea/DS09_PANGAEA_20260809T183031Z/PANGAEA.857549.txt","scripts/00_downloads/stage2/19_acquire_ds09_pangaea_sylt.R","",TRUE,75545,"846abc90c2593a31aec3a507c34eb3c84bd107d656ffecfe211dac45bd7781fa","data/raw/stage2/ds09_pangaea/DS09_PANGAEA_20260809T183031Z/manifest.csv",FALSE,TRUE,"traceable"
"stage2","raw_evidence","data/raw/stage2/ds09_pangaea/DS09_PANGAEA_20260809T183031Z/PANGAEA.857550.txt","scripts/00_downloads/stage2/19_acquire_ds09_pangaea_sylt.R","",TRUE,83917,"b8529b7846a373057977ead33e8256beb1106f2b56f65646a88812125a2c7f9c","data/raw/stage2/ds09_pangaea/DS09_PANGAEA_20260809T183031Z/manifest.csv",FALSE,TRUE,"traceable"
"stage2","raw_evidence","data/raw/stage2/ds09_pangaea/DS09_PANGAEA_20260809T183031Z/PANGAEA.857553.txt","scripts/00_downloads/stage2/19_acquire_ds09_pangaea_sylt.R","",TRUE,168958,"6f5ff7d26125c68dcbc46e1f00935b54955086f08c21cdb2e05a7bf295c9d545","data/raw/stage2/ds09_pangaea/DS09_PANGAEA_20260809T183031Z/manifest.csv",FALSE,TRUE,"traceable"
"stage2","raw_evidence","data/raw/stage2/ds09_pangaea/DS09_PANGAEA_20260809T183031Z/PANGAEA.857554.txt","scripts/00_downloads/stage2/19_acquire_ds09_pangaea_sylt.R","",TRUE,96949,"8216e303da2a4980c152323c3954280291ce76315ce42b776d099d49dfe1d2be","data/raw/stage2/ds09_pangaea/DS09_PANGAEA_20260809T183031Z/manifest.csv",FALSE,TRUE,"traceable"
"stage2","raw_evidence","data/raw/stage2/ds09_pangaea/DS09_PANGAEA_20260809T183031Z/PANGAEA.857555.txt","scripts/00_downloads/stage2/19_acquire_ds09_pangaea_sylt.R","",TRUE,107313,"5e9bae5f17a2e8b417660b209e3f6877cf2558708e9de872e71c5ae501a51c00","data/raw/stage2/ds09_pangaea/DS09_PANGAEA_20260809T183031Z/manifest.csv",FALSE,TRUE,"traceable"
"stage2","raw_evidence","data/raw/stage2/ds09_pangaea/DS09_PANGAEA_20260809T183031Z/PANGAEA.857556.txt","scripts/00_downloads/stage2/19_acquire_ds09_pangaea_sylt.R","",TRUE,90114,"f07c3182ce7cefbd9e8fbcc20db448ae85dddb6ea36a1573243943fb29021a21","data/raw/stage2/ds09_pangaea/DS09_PANGAEA_20260809T183031Z/manifest.csv",FALSE,TRUE,"traceable"
"stage2","raw_evidence","data/raw/stage2/ds09_pangaea/DS09_PANGAEA_20260809T183031Z/PANGAEA.857557.txt","scripts/00_downloads/stage2/19_acquire_ds09_pangaea_sylt.R","",TRUE,80245,"aa35d31ad1d7b3c7502e51cbb471fb5a82e2201b2e933fde5d5b30b04a70b819","data/raw/stage2/ds09_pangaea/DS09_PANGAEA_20260809T183031Z/manifest.csv",FALSE,TRUE,"traceable"
"stage2","raw_evidence","data/raw/stage2/ds09_pangaea/DS09_PANGAEA_20260809T183031Z/PANGAEA.857558.txt","scripts/00_downloads/stage2/19_acquire_ds09_pangaea_sylt.R","",TRUE,89510,"03ceb2f74fd098b63ddd1bf1653d1218399d02eb8a3c12ed1acf8f3fa2ffdf18","data/raw/stage2/ds09_pangaea/DS09_PANGAEA_20260809T183031Z/manifest.csv",FALSE,TRUE,"traceable"
"stage2","raw_evidence","data/raw/stage2/ds09_pangaea/DS09_PANGAEA_20260809T183031Z/PANGAEA.857559.txt","scripts/00_downloads/stage2/19_acquire_ds09_pangaea_sylt.R","",TRUE,170417,"91e42b105801bc25275b45bb2e3dfcea95a38fed0c82a1753a40f1cdba8036bc","data/raw/stage2/ds09_pangaea/DS09_PANGAEA_20260809T183031Z/manifest.csv",FALSE,TRUE,"traceable"
"stage2","raw_evidence","data/raw/stage2/ds09_pangaea/DS09_PANGAEA_20260809T183031Z/PANGAEA.857560.txt","scripts/00_downloads/stage2/19_acquire_ds09_pangaea_sylt.R","",TRUE,97600,"1f9b45313871983dda938012bc6deac7ccc2656d3f867970cf17bf4babb1c6ba","data/raw/stage2/ds09_pangaea/DS09_PANGAEA_20260809T183031Z/manifest.csv",FALSE,TRUE,"traceable"
"stage2","raw_evidence","data/raw/stage2/ds09_pangaea/DS09_PANGAEA_20260809T183031Z/PANGAEA.857561.txt","scripts/00_downloads/stage2/19_acquire_ds09_pangaea_sylt.R","",TRUE,107965,"61821145bf0c96b90711e7263e4bc0431e33f0f425050838db84b8adc4e71f8e","data/raw/stage2/ds09_pangaea/DS09_PANGAEA_20260809T183031Z/manifest.csv",FALSE,TRUE,"traceable"
"stage2","raw_evidence","data/raw/stage2/ds09_pangaea/DS09_PANGAEA_20260809T183031Z/PANGAEA.857562.txt","scripts/00_downloads/stage2/19_acquire_ds09_pangaea_sylt.R","",TRUE,90635,"aeafb0deb4e554baa74caed87818d8a5b54e0a3e42200a780ea183d86f8a725a","data/raw/stage2/ds09_pangaea/DS09_PANGAEA_20260809T183031Z/manifest.csv",FALSE,TRUE,"traceable"
"stage2","raw_evidence","data/raw/stage2/ds09_pangaea/DS09_PANGAEA_20260809T183031Z/PANGAEA.857563.txt","scripts/00_downloads/stage2/19_acquire_ds09_pangaea_sylt.R","",TRUE,80437,"de2f8d5e8c54ed1e038b50b96869c4bb9c2fc6f520293b942e716f333e24e101","data/raw/stage2/ds09_pangaea/DS09_PANGAEA_20260809T183031Z/manifest.csv",FALSE,TRUE,"traceable"
"stage2","raw_evidence","data/raw/stage2/ds09_pangaea/DS09_PANGAEA_20260809T183031Z/PANGAEA.857564.txt","scripts/00_downloads/stage2/19_acquire_ds09_pangaea_sylt.R","",TRUE,89954,"8e5368d1f4d2957a2847ad0407bcc66952836e6d0fb39e06003a685cb2a79c78","data/raw/stage2/ds09_pangaea/DS09_PANGAEA_20260809T183031Z/manifest.csv",FALSE,TRUE,"traceable"
"stage2","raw_evidence","data/raw/stage2/ds09_pangaea/DS09_PANGAEA_20260809T183031Z/parent_150033.txt","scripts/00_downloads/stage2/19_acquire_ds09_pangaea_sylt.R","",TRUE,8309,"8f5c6646a614ba99699d42d5514120114d2292ef44824c764873526a2d919b39","data/raw/stage2/ds09_pangaea/DS09_PANGAEA_20260809T183031Z/manifest.csv",FALSE,TRUE,"traceable"
"stage2","raw_evidence","data/raw/stage2/ds10_plet_vliz/DS10_PLET_VLIZ_20260809T105128Z/acquisition.log","scripts/00_downloads/stage2/15_register_ds10_plet_vliz_legacy.R","",TRUE,416,"b7931a8b73b626c7aecb11da2ee6a5ae480f907dd9cb3e056cd538214a56d2ab","calculated_by_inventory_script_small_unregistered_raw",FALSE,TRUE,"traceable"
"stage2","raw_evidence","data/raw/stage2/ds10_plet_vliz/DS10_PLET_VLIZ_20260809T105128Z/lw_vliz_phyto.csv","scripts/00_downloads/stage2/15_register_ds10_plet_vliz_legacy.R","",TRUE,6522553,"b63ed30015b7f5119decf9bbd942430deda7ed7397ccae20103e7454e4c862b7","data/raw/stage2/ds10_plet_vliz/DS10_PLET_VLIZ_20260809T105128Z/manifest.csv",FALSE,TRUE,"traceable"
"stage2","raw_evidence","data/raw/stage2/ds10_plet_vliz/DS10_PLET_VLIZ_20260809T105128Z/manifest.csv","scripts/00_downloads/stage2/15_register_ds10_plet_vliz_legacy.R","",TRUE,143,"2a6c52bab3162149b02597b283a1e7780ebe4a0d46d3333b77f4933313f8a4fc","calculated_by_inventory_script_small_unregistered_raw",FALSE,TRUE,"traceable"
"stage2","raw_evidence","data/raw/stage2/ds10_plet_vliz/DS10_PLET_VLIZ_20260809T105128Z/response.html","scripts/00_downloads/stage2/15_register_ds10_plet_vliz_legacy.R","",TRUE,234,"0da94d77acf44a92e1038f56eb09151c89c8ea18b9a1ffb02074976a077fd52d","calculated_by_inventory_script_small_unregistered_raw",FALSE,TRUE,"traceable"
"stage2","raw_evidence","data/raw/stage2/ds10_vliz_imis/DS10_VLIZ_IMIS_20260810T070114Z/dataset_4688.zip","scripts/00_downloads/stage2/24_acquire_ds10_vliz_imis.R","",TRUE,80427,"d0c6f441aca848f432d0c173212b1d1af8889a9c20c4159d3783bcacd4f78d00","data/raw/stage2/ds10_vliz_imis/DS10_VLIZ_IMIS_20260810T070114Z/manifest.csv",FALSE,TRUE,"traceable"
"stage2","raw_evidence","data/raw/stage2/ds10_vliz_imis/DS10_VLIZ_IMIS_20260810T070114Z/manifest.csv","scripts/00_downloads/stage2/24_acquire_ds10_vliz_imis.R","",TRUE,140,"bca542b2865729646f91cc9340b71121b6ff6afd158254ad17e125627e97d685","calculated_by_inventory_script_small_unregistered_raw",FALSE,TRUE,"traceable"
"stage2","raw_evidence","data/raw/stage2/ds11_plet_chlorophyll/DS11_PLET_CHLOROPHYLL_20260809T111606Z/acquisition.log","scripts/00_downloads/stage2/16_acquire_ds11_plet_chlorophyll.R","",TRUE,1010,"4f95a851fca698452f0fbc0b2b0e5d7493a8b247095529ddabd273f16d14288f","calculated_by_inventory_script_small_unregistered_raw",FALSE,TRUE,"traceable"
"stage2","raw_evidence","data/raw/stage2/ds11_plet_chlorophyll/DS11_PLET_CHLOROPHYLL_20260809T111606Z/bsh_phyto_zoo.csv","scripts/00_downloads/stage2/16_acquire_ds11_plet_chlorophyll.R","",TRUE,5213778662,"610ff77e81208ea9cf9a0c8ca502710a52bdd524a7a5d61a4ef5d13b32a4ff9e","data/raw/stage2/ds11_plet_chlorophyll/DS11_PLET_CHLOROPHYLL_20260809T111606Z/manifest.csv",FALSE,TRUE,"traceable"
"stage2","raw_evidence","data/raw/stage2/ds11_plet_chlorophyll/DS11_PLET_CHLOROPHYLL_20260809T111606Z/chlorofyl_data_noordzee_nl.csv","scripts/00_downloads/stage2/16_acquire_ds11_plet_chlorophyll.R","",TRUE,146774,"f7c00639a850f7a3e7ba01726bff03b5f48ef2ed16364ec95ba9c8c1562a67ce","data/raw/stage2/ds11_plet_chlorophyll/DS11_PLET_CHLOROPHYLL_20260809T111606Z/manifest.csv",FALSE,TRUE,"traceable"
"stage2","raw_evidence","data/raw/stage2/ds11_plet_chlorophyll/DS11_PLET_CHLOROPHYLL_20260809T111606Z/lw_vliz_chla.csv","scripts/00_downloads/stage2/16_acquire_ds11_plet_chlorophyll.R","",TRUE,400881,"001060f9640df74aa4c3cc655ab1f46270c51c8ec3c7be237caca3cd2e30ff2a","data/raw/stage2/ds11_plet_chlorophyll/DS11_PLET_CHLOROPHYLL_20260809T111606Z/manifest.csv",FALSE,TRUE,"traceable"
"stage2","raw_evidence","data/raw/stage2/ds11_plet_chlorophyll/DS11_PLET_CHLOROPHYLL_20260809T111606Z/manifest.csv","scripts/00_downloads/stage2/16_acquire_ds11_plet_chlorophyll.R","",TRUE,827,"e44e6cbdd4376c63b956616e01c3e3273a569b6f56077c5f836e41ccf115b615","calculated_by_inventory_script_small_unregistered_raw",FALSE,TRUE,"traceable"
"stage2","raw_evidence","data/raw/stage2/ds11_plet_chlorophyll/DS11_PLET_CHLOROPHYLL_20260809T111606Z/mss_stonehaven_chlorophyll_data.csv","scripts/00_downloads/stage2/16_acquire_ds11_plet_chlorophyll.R","",TRUE,266844,"c70ab5a55e75ec2c776c7b791f5ea688206e7d7b361d27586849d139d4726e4f","data/raw/stage2/ds11_plet_chlorophyll/DS11_PLET_CHLOROPHYLL_20260809T111606Z/manifest.csv",FALSE,TRUE,"traceable"
"stage2","raw_evidence","data/raw/stage2/ds11_plet_chlorophyll/DS11_PLET_CHLOROPHYLL_20260809T111606Z/national_data_smhi_kattegat_dnr__s_gbg_2021_116_chl.csv","scripts/00_downloads/stage2/16_acquire_ds11_plet_chlorophyll.R","",TRUE,292242,"2990de76dce30ab33ead47ddc180ea822d28b14ace41adf607cb65009660127c","data/raw/stage2/ds11_plet_chlorophyll/DS11_PLET_CHLOROPHYLL_20260809T111606Z/manifest.csv",FALSE,TRUE,"traceable"
"stage2","raw_evidence","data/raw/stage2/ds11_plet_chlorophyll/DS11_PLET_CHLOROPHYLL_20260809T111606Z/national_data_smhi_skagerrak_dnr__s_gbg_2021_116_chl.csv","scripts/00_downloads/stage2/16_acquire_ds11_plet_chlorophyll.R","",TRUE,140339,"e15ce7e8a8dffc9a6b0059fe7068dd219c7cd45297aab0d5880d97629a17db3d","data/raw/stage2/ds11_plet_chlorophyll/DS11_PLET_CHLOROPHYLL_20260809T111606Z/manifest.csv",FALSE,TRUE,"traceable"
"stage2","raw_evidence","data/raw/stage2/ds11_plet_chlorophyll/DS11_PLET_CHLOROPHYLL_20260809T111606Z/novana_chlorophyl_data.csv","scripts/00_downloads/stage2/16_acquire_ds11_plet_chlorophyll.R","",TRUE,1142840,"cba9119a5d5e18c5a46f43f72ee2d1992f647661ecd3b026f6ba9b84bc612460","data/raw/stage2/ds11_plet_chlorophyll/DS11_PLET_CHLOROPHYLL_20260809T111606Z/manifest.csv",FALSE,TRUE,"traceable"
"stage2","raw_evidence","data/raw/stage2/ds11_plet_chlorophyll/DS11_PLET_CHLOROPHYLL_20260809T111606Z/response_01.html","scripts/00_downloads/stage2/16_acquire_ds11_plet_chlorophyll.R","",TRUE,182,"01f0d00d986f27a292d9034e0d9d3eaa96abb0c96716cacba86c9e91304a446a","calculated_by_inventory_script_small_unregistered_raw",FALSE,TRUE,"traceable"
"stage2","raw_evidence","data/raw/stage2/ds11_plet_chlorophyll/DS11_PLET_CHLOROPHYLL_20260809T111606Z/response_02.html","scripts/00_downloads/stage2/16_acquire_ds11_plet_chlorophyll.R","",TRUE,182,"8f145fd38c19822aec0a7712cd6683f493b43965cd53c8163e33ff0d47529c96","calculated_by_inventory_script_small_unregistered_raw",FALSE,TRUE,"traceable"
"stage2","raw_evidence","data/raw/stage2/ds11_plet_chlorophyll/DS11_PLET_CHLOROPHYLL_20260809T111606Z/response_03.html","scripts/00_downloads/stage2/16_acquire_ds11_plet_chlorophyll.R","",TRUE,182,"bdc2fb8efff6efed1dcfeda09478d2c09670449004a742e41fa0ff1a795f847e","calculated_by_inventory_script_small_unregistered_raw",FALSE,TRUE,"traceable"
"stage2","raw_evidence","data/raw/stage2/ds11_plet_chlorophyll/DS11_PLET_CHLOROPHYLL_20260809T111606Z/response_04.html","scripts/00_downloads/stage2/16_acquire_ds11_plet_chlorophyll.R","",TRUE,182,"a81be91ef3971dc6b149a1625897a20a9f40a8db4c76aec94492de8313b308c0","calculated_by_inventory_script_small_unregistered_raw",FALSE,TRUE,"traceable"
"stage2","raw_evidence","data/raw/stage2/ds11_plet_chlorophyll/DS11_PLET_CHLOROPHYLL_20260809T111606Z/response_05.html","scripts/00_downloads/stage2/16_acquire_ds11_plet_chlorophyll.R","",TRUE,182,"e4e7f8d3479f3763fd0cb49a9091772a58987ae12e8e5e6926f62e3a6ba0c430","calculated_by_inventory_script_small_unregistered_raw",FALSE,TRUE,"traceable"
"stage2","raw_evidence","data/raw/stage2/ds11_plet_chlorophyll/DS11_PLET_CHLOROPHYLL_20260809T111606Z/response_06.html","scripts/00_downloads/stage2/16_acquire_ds11_plet_chlorophyll.R","",TRUE,182,"7150700beced875d74737682a66b7418f733f3472e9fd97ad678ae076bfc4780","calculated_by_inventory_script_small_unregistered_raw",FALSE,TRUE,"traceable"
"stage2","raw_evidence","data/raw/stage2/ds11_plet_chlorophyll/DS11_PLET_CHLOROPHYLL_20260809T111606Z/response_07.html","scripts/00_downloads/stage2/16_acquire_ds11_plet_chlorophyll.R","",TRUE,182,"585506e9d3f46ec4dfb56279f4d6efa1702bca31390f2492391940c2645ab4c6","calculated_by_inventory_script_small_unregistered_raw",FALSE,TRUE,"traceable"
"stage2","raw_evidence","data/raw/stage2/ds12_dassh_ipt/DS12_DASSH_IPT_20260810T070124Z/cpr_public_dwca.zip","scripts/00_downloads/stage2/25_acquire_ds12_dassh_ipt.R","",TRUE,80395995,"30faa64f9905468c6442b70f550eda36f9c6180a1221b95965688bdb374af4fa","data/raw/stage2/ds12_dassh_ipt/DS12_DASSH_IPT_20260810T070124Z/manifest.csv",FALSE,TRUE,"traceable"
"stage2","raw_evidence","data/raw/stage2/ds12_dassh_ipt/DS12_DASSH_IPT_20260810T070124Z/manifest.csv","scripts/00_downloads/stage2/25_acquire_ds12_dassh_ipt.R","",TRUE,146,"272701653ed70a2ab09695bbd575bd0e3f5ce922c77c695c77dc79e4389f38ce","calculated_by_inventory_script_small_unregistered_raw",FALSE,TRUE,"traceable"
"stage2","raw_evidence","data/raw/stage2/ds15_emodnet_presence/DS15_EMODNET_20260809T163900Z/acquisition.log","scripts/00_downloads/stage2/23_acquire_ds15_emodnet_presence.R","",TRUE,101,"d3725e2da6d3bf4327f55655899cf9fb263e551f9a8115838f1ca1147657a4fa","calculated_by_inventory_script_small_unregistered_raw",FALSE,TRUE,"traceable"
"stage2","raw_evidence","data/raw/stage2/ds15_emodnet_presence/DS15_EMODNET_20260809T163900Z/biology_6587_phyto_north_sea_4bd1_a08c_0019.csv","scripts/00_downloads/stage2/23_acquire_ds15_emodnet_presence.R","",TRUE,358320421,"bf43dffd6382cbb046fc6fe7e8b20805aa2864654fb8e54d08c3f1b07476ecf8","data/raw/stage2/ds15_emodnet_presence/DS15_EMODNET_20260809T163900Z/manifest.csv",FALSE,TRUE,"traceable"
"stage2","raw_evidence","data/raw/stage2/ds15_emodnet_presence/DS15_EMODNET_20260809T163900Z/biology_6587_phyto_north_sea_4bd1_a08c_0019.nc","scripts/00_downloads/stage2/23_acquire_ds15_emodnet_presence.R","",TRUE,409605964,"c576749dbc0b83c938793a1a37e0676357fefd00b803acc6e5beba6dfe4e9802","data/raw/stage2/ds15_emodnet_presence/DS15_EMODNET_20260809T163900Z/manifest.csv",FALSE,TRUE,"traceable"
"stage2","raw_evidence","data/raw/stage2/ds15_emodnet_presence/DS15_EMODNET_20260809T163900Z/manifest.csv","scripts/00_downloads/stage2/23_acquire_ds15_emodnet_presence.R","",TRUE,301,"e1276172259991fffad8d1480700d869e5d46cdbb9210776ee19e580906a5789","calculated_by_inventory_script_small_unregistered_raw",FALSE,TRUE,"traceable"
"stage2","raw_evidence","data/raw/stage2/ds15_emodnet_presence/DS15_EMODNET_20260809T181750Z/acquisition.log","scripts/00_downloads/stage2/23_acquire_ds15_emodnet_presence.R","",TRUE,101,"d3725e2da6d3bf4327f55655899cf9fb263e551f9a8115838f1ca1147657a4fa","calculated_by_inventory_script_small_unregistered_raw",FALSE,TRUE,"traceable"
"stage2","raw_evidence","data/raw/stage2/ds15_emodnet_presence/DS15_EMODNET_20260809T181750Z/biology_6587_phyto_north_sea_4bd1_a08c_0019.csv","scripts/00_downloads/stage2/23_acquire_ds15_emodnet_presence.R","",TRUE,358320421,"bf43dffd6382cbb046fc6fe7e8b20805aa2864654fb8e54d08c3f1b07476ecf8","data/raw/stage2/ds15_emodnet_presence/DS15_EMODNET_20260809T181750Z/manifest.csv",FALSE,TRUE,"traceable"
"stage2","raw_evidence","data/raw/stage2/ds15_emodnet_presence/DS15_EMODNET_20260809T181750Z/biology_6587_phyto_north_sea_4bd1_a08c_0019.nc","scripts/00_downloads/stage2/23_acquire_ds15_emodnet_presence.R","",TRUE,409605964,"d26346143d6cd89a7e06ad650e693ffb59e9fb9386dd4700c62da87bc0692332","data/raw/stage2/ds15_emodnet_presence/DS15_EMODNET_20260809T181750Z/manifest.csv",FALSE,TRUE,"traceable"
"stage2","raw_evidence","data/raw/stage2/ds15_emodnet_presence/DS15_EMODNET_20260809T181750Z/manifest.csv","scripts/00_downloads/stage2/23_acquire_ds15_emodnet_presence.R","",TRUE,301,"97dc904a19f7f7007bea41e2386f8106ed723dcd40bb83939b7118ffb624727e","calculated_by_inventory_script_small_unregistered_raw",FALSE,TRUE,"traceable"
"stage2","raw_evidence","data/raw/stage2/ds16_plet_stonehaven/DS16_PLET_STONEHAVEN_20260809T105042Z/acquisition.log","scripts/00_downloads/stage2/14_acquire_ds16_plet_stonehaven.R","",TRUE,454,"e86f63de9d6ac5b7d5fffd036e49f75b2a89be667125abc803a48d90156e4d24","calculated_by_inventory_script_small_unregistered_raw",FALSE,TRUE,"traceable"
"stage2","raw_evidence","data/raw/stage2/ds16_plet_stonehaven/DS16_PLET_STONEHAVEN_20260809T105042Z/manifest.csv","scripts/00_downloads/stage2/14_acquire_ds16_plet_stonehaven.R","",TRUE,151,"97b5a065b21f58d9108009fd89b1eed17544942084a6189894b2d9435f078b57","calculated_by_inventory_script_small_unregistered_raw",FALSE,TRUE,"traceable"
"stage2","raw_evidence","data/raw/stage2/ds16_plet_stonehaven/DS16_PLET_STONEHAVEN_20260809T105042Z/mss_stonehaven_phyto.csv","scripts/00_downloads/stage2/14_acquire_ds16_plet_stonehaven.R","",TRUE,32405356,"9bcdd33168aac47a39514086a41aa0b43af556b54fdfda734d68e8c3232f4477","data/raw/stage2/ds16_plet_stonehaven/DS16_PLET_STONEHAVEN_20260809T105042Z/manifest.csv",FALSE,TRUE,"traceable"
"stage2","raw_evidence","data/raw/stage2/ds16_plet_stonehaven/DS16_PLET_STONEHAVEN_20260809T105042Z/response.html","scripts/00_downloads/stage2/14_acquire_ds16_plet_stonehaven.R","",TRUE,234,"1e6b2d49913b8a233ab3fa5ee9a5b787e2b2efec31d65bbd962377492eef8b01","calculated_by_inventory_script_small_unregistered_raw",FALSE,TRUE,"traceable"
"stage2","raw_evidence","data/raw/stage2/ds22_figshare/DS22_FIGSHARE_20260809T163800Z/acquisition.log","scripts/00_downloads/stage2/22_acquire_ds22_figshare.R","",TRUE,120,"e6c9b34d28e60591d72e9ada278fe60cac6ecd5a8c2714a3afd31b478b6acf17","calculated_by_inventory_script_small_unregistered_raw",FALSE,TRUE,"traceable"
"stage2","raw_evidence","data/raw/stage2/ds22_figshare/DS22_FIGSHARE_20260809T163800Z/article_metadata.json","scripts/00_downloads/stage2/22_acquire_ds22_figshare.R","",TRUE,6678,"f5c7660603eb34556b7720b8392c7e67069f7b20fa41a757c032298f487e7d58","calculated_by_inventory_script_small_unregistered_raw",FALSE,TRUE,"traceable"
"stage2","raw_evidence","data/raw/stage2/ds22_figshare/DS22_FIGSHARE_20260809T163800Z/manifest.csv","scripts/00_downloads/stage2/22_acquire_ds22_figshare.R","",TRUE,247,"4b01ff5ee24ead03a92e0a162ca282e2f0318af1703ab405d24d10cbf443d6b7","calculated_by_inventory_script_small_unregistered_raw",FALSE,TRUE,"traceable"
"stage2","raw_evidence","data/raw/stage2/ds22_figshare/DS22_FIGSHARE_20260809T163800Z/PEG Biovol Data Schematic_withCover.pdf","scripts/00_downloads/stage2/22_acquire_ds22_figshare.R","",TRUE,9669704,"23abec0ec7df08c70f1c860781618087f288a73ee585fe212396cb329dad4eab","data/raw/stage2/ds22_figshare/DS22_FIGSHARE_20260809T163800Z/manifest.csv",FALSE,TRUE,"traceable"
"stage2","raw_evidence","data/raw/stage2/ds22_figshare/DS22_FIGSHARE_20260809T181741Z/acquisition.log","scripts/00_downloads/stage2/22_acquire_ds22_figshare.R","",TRUE,120,"e6c9b34d28e60591d72e9ada278fe60cac6ecd5a8c2714a3afd31b478b6acf17","calculated_by_inventory_script_small_unregistered_raw",FALSE,TRUE,"traceable"
"stage2","raw_evidence","data/raw/stage2/ds22_figshare/DS22_FIGSHARE_20260809T181741Z/article_metadata.json","scripts/00_downloads/stage2/22_acquire_ds22_figshare.R","",TRUE,6678,"f5c7660603eb34556b7720b8392c7e67069f7b20fa41a757c032298f487e7d58","calculated_by_inventory_script_small_unregistered_raw",FALSE,TRUE,"traceable"
"stage2","raw_evidence","data/raw/stage2/ds22_figshare/DS22_FIGSHARE_20260809T181741Z/manifest.csv","scripts/00_downloads/stage2/22_acquire_ds22_figshare.R","",TRUE,247,"4b01ff5ee24ead03a92e0a162ca282e2f0318af1703ab405d24d10cbf443d6b7","calculated_by_inventory_script_small_unregistered_raw",FALSE,TRUE,"traceable"
"stage2","raw_evidence","data/raw/stage2/ds22_figshare/DS22_FIGSHARE_20260809T181741Z/PEG Biovol Data Schematic_withCover.pdf","scripts/00_downloads/stage2/22_acquire_ds22_figshare.R","",TRUE,9669704,"23abec0ec7df08c70f1c860781618087f288a73ee585fe212396cb329dad4eab","data/raw/stage2/ds22_figshare/DS22_FIGSHARE_20260809T181741Z/manifest.csv",FALSE,TRUE,"traceable"
"stage2","raw_evidence","data/raw/stage2/ds24_figshare/DS24_FIGSHARE_20260809T113315Z/acquisition.log","scripts/00_downloads/stage2/18_acquire_ds24_figshare.R","",TRUE,378,"d01a3660f8b779714aaef699eafc9d3d3e33cb30fa1f66f6ea6497a6a239f8ab","calculated_by_inventory_script_small_unregistered_raw",FALSE,TRUE,"traceable"
"stage2","raw_evidence","data/raw/stage2/ds24_figshare/DS24_FIGSHARE_20260809T113315Z/AssessmentUnits.csv.gz","scripts/00_downloads/stage2/18_acquire_ds24_figshare.R","",TRUE,1562413,"f966f2f3edff75a6b98bdb51c44c8cf0727c0b177b3f6fffe5cba880942a103c","data/raw/stage2/ds24_figshare/DS24_FIGSHARE_20260809T113315Z/manifest.csv",FALSE,TRUE,"traceable"
"stage2","raw_evidence","data/raw/stage2/ds24_figshare/DS24_FIGSHARE_20260809T113315Z/Configuration2015-2020.xlsx","scripts/00_downloads/stage2/18_acquire_ds24_figshare.R","",TRUE,25967,"12f323eb44b32ca515748baf932b5d090dde1773abca1d8a5c3ed5409f6e353e","data/raw/stage2/ds24_figshare/DS24_FIGSHARE_20260809T113315Z/manifest.csv",FALSE,TRUE,"traceable"
"stage2","raw_evidence","data/raw/stage2/ds24_figshare/DS24_FIGSHARE_20260809T113315Z/Indicator_CPHL_EO_02_2015-2020.csv","scripts/00_downloads/stage2/18_acquire_ds24_figshare.R","",TRUE,26632,"e6819c6dca4f6d251bd06fa307e95c780eb5c0b9e7b36b27c01ba8b116c90f4e","data/raw/stage2/ds24_figshare/DS24_FIGSHARE_20260809T113315Z/manifest.csv",FALSE,TRUE,"traceable"
"stage2","raw_evidence","data/raw/stage2/ds24_figshare/DS24_FIGSHARE_20260809T113315Z/manifest.csv","scripts/00_downloads/stage2/18_acquire_ds24_figshare.R","",TRUE,728,"90ccc55e5f5f80b6957f75f20b07cade9c10950a314a3c67c8ea236546fc67d4","calculated_by_inventory_script_small_unregistered_raw",FALSE,TRUE,"traceable"
"stage2","raw_evidence","data/raw/stage2/ds24_figshare/DS24_FIGSHARE_20260809T113315Z/StationSamples2015-2020BOT_2022-08-09.txt.gz","scripts/00_downloads/stage2/18_acquire_ds24_figshare.R","",TRUE,9340408,"1909f0404f18e8b0d579aceae9bdfffd65df3e1b69221f68af62c674dcb47ce8","data/raw/stage2/ds24_figshare/DS24_FIGSHARE_20260809T113315Z/manifest.csv",FALSE,TRUE,"traceable"
"stage2","raw_evidence","data/raw/stage2/ds24_figshare/DS24_FIGSHARE_20260809T113315Z/StationSamples2015-2020CTD_2022-08-09.txt.gz","scripts/00_downloads/stage2/18_acquire_ds24_figshare.R","",TRUE,77954042,"b27d53a0ff968999abe8e3e56909c884a3be6999cadd0f4702730961f4008371","data/raw/stage2/ds24_figshare/DS24_FIGSHARE_20260809T113315Z/manifest.csv",FALSE,TRUE,"traceable"
"stage2","raw_evidence","data/raw/stage2/ds24_figshare/DS24_FIGSHARE_20260809T113315Z/StationSamples2015-2020PMP_2022-08-09.txt.gz","scripts/00_downloads/stage2/18_acquire_ds24_figshare.R","",TRUE,9233966,"8bde330f6cc9857a88375dc894b658bcad3de1263c384fec31e34efe4975b0fd","data/raw/stage2/ds24_figshare/DS24_FIGSHARE_20260809T113315Z/manifest.csv",FALSE,TRUE,"traceable"
"stage2","raw_evidence","data/raw/stage2/ds24_figshare/DS24_FIGSHARE_20260809T183019Z/acquisition.log","scripts/00_downloads/stage2/18_acquire_ds24_figshare.R","",TRUE,378,"d01a3660f8b779714aaef699eafc9d3d3e33cb30fa1f66f6ea6497a6a239f8ab","calculated_by_inventory_script_small_unregistered_raw",FALSE,TRUE,"traceable"
"stage2","raw_evidence","data/raw/stage2/ds24_figshare/DS24_FIGSHARE_20260809T183019Z/AssessmentUnits.csv.gz","scripts/00_downloads/stage2/18_acquire_ds24_figshare.R","",TRUE,1562413,"f966f2f3edff75a6b98bdb51c44c8cf0727c0b177b3f6fffe5cba880942a103c","data/raw/stage2/ds24_figshare/DS24_FIGSHARE_20260809T183019Z/manifest.csv",FALSE,TRUE,"traceable"
"stage2","raw_evidence","data/raw/stage2/ds24_figshare/DS24_FIGSHARE_20260809T183019Z/Configuration2015-2020.xlsx","scripts/00_downloads/stage2/18_acquire_ds24_figshare.R","",TRUE,25967,"12f323eb44b32ca515748baf932b5d090dde1773abca1d8a5c3ed5409f6e353e","data/raw/stage2/ds24_figshare/DS24_FIGSHARE_20260809T183019Z/manifest.csv",FALSE,TRUE,"traceable"
"stage2","raw_evidence","data/raw/stage2/ds24_figshare/DS24_FIGSHARE_20260809T183019Z/Indicator_CPHL_EO_02_2015-2020.csv","scripts/00_downloads/stage2/18_acquire_ds24_figshare.R","",TRUE,26632,"e6819c6dca4f6d251bd06fa307e95c780eb5c0b9e7b36b27c01ba8b116c90f4e","data/raw/stage2/ds24_figshare/DS24_FIGSHARE_20260809T183019Z/manifest.csv",FALSE,TRUE,"traceable"
"stage2","raw_evidence","data/raw/stage2/ds24_figshare/DS24_FIGSHARE_20260809T183019Z/manifest.csv","scripts/00_downloads/stage2/18_acquire_ds24_figshare.R","",TRUE,728,"90ccc55e5f5f80b6957f75f20b07cade9c10950a314a3c67c8ea236546fc67d4","calculated_by_inventory_script_small_unregistered_raw",FALSE,TRUE,"traceable"
"stage2","raw_evidence","data/raw/stage2/ds24_figshare/DS24_FIGSHARE_20260809T183019Z/StationSamples2015-2020BOT_2022-08-09.txt.gz","scripts/00_downloads/stage2/18_acquire_ds24_figshare.R","",TRUE,9340408,"1909f0404f18e8b0d579aceae9bdfffd65df3e1b69221f68af62c674dcb47ce8","data/raw/stage2/ds24_figshare/DS24_FIGSHARE_20260809T183019Z/manifest.csv",FALSE,TRUE,"traceable"
"stage2","raw_evidence","data/raw/stage2/ds24_figshare/DS24_FIGSHARE_20260809T183019Z/StationSamples2015-2020CTD_2022-08-09.txt.gz","scripts/00_downloads/stage2/18_acquire_ds24_figshare.R","",TRUE,77954042,"b27d53a0ff968999abe8e3e56909c884a3be6999cadd0f4702730961f4008371","data/raw/stage2/ds24_figshare/DS24_FIGSHARE_20260809T183019Z/manifest.csv",FALSE,TRUE,"traceable"
"stage2","raw_evidence","data/raw/stage2/ds24_figshare/DS24_FIGSHARE_20260809T183019Z/StationSamples2015-2020PMP_2022-08-09.txt.gz","scripts/00_downloads/stage2/18_acquire_ds24_figshare.R","",TRUE,9233966,"8bde330f6cc9857a88375dc894b658bcad3de1263c384fec31e34efe4975b0fd","data/raw/stage2/ds24_figshare/DS24_FIGSHARE_20260809T183019Z/manifest.csv",FALSE,TRUE,"traceable"
"stage2","raw_evidence","data/raw/stage2/ds26_ifcb_reference/DS26_IFCB_REFERENCE_20260808T200000Z/manifest.csv","scripts/00_downloads/stage2/07_acquire_ds26_ifcb_reference_library.R","",TRUE,4171,"bd0b1423ac4ab43b0d831781b84610f73cb1c2ee30284a04d199266a119fcdd6","calculated_by_inventory_script_small_unregistered_raw",FALSE,TRUE,"traceable"
"stage2","raw_evidence","data/raw/stage2/ds26_ifcb_reference/DS26_IFCB_REFERENCE_20260808T200000Z/MANIFEST.txt","scripts/00_downloads/stage2/07_acquire_ds26_ifcb_reference_library.R","",TRUE,130,"40e274fe72ab486136d50c77e3547f442ee14326892a212bac89752f616fcf8c","data/raw/stage2/ds26_ifcb_reference/DS26_IFCB_REFERENCE_20260808T200000Z/manifest.csv",FALSE,TRUE,"traceable"
"stage2","raw_evidence","data/raw/stage2/ds26_ifcb_reference/DS26_IFCB_REFERENCE_20260808T200000Z/README.md","scripts/00_downloads/stage2/07_acquire_ds26_ifcb_reference_library.R","",TRUE,10455,"a875a0f36aad130f29c0f3cd283d842bd294c1ffb4bd4a7aafe9c8ee191fb35b","data/raw/stage2/ds26_ifcb_reference/DS26_IFCB_REFERENCE_20260808T200000Z/manifest.csv",FALSE,TRUE,"traceable"
"stage2","raw_evidence","data/raw/stage2/ds26_ifcb_reference/DS26_IFCB_REFERENCE_20260808T200000Z/run_summary.json","scripts/00_downloads/stage2/07_acquire_ds26_ifcb_reference_library.R","",TRUE,732,"aa85a8db8a4f0fc5275e4b83c34e2b055f7b5d5675e397919196264ca0fcf4b0","calculated_by_inventory_script_small_unregistered_raw",FALSE,TRUE,"traceable"
"stage2","raw_evidence","data/raw/stage2/ds26_ifcb_reference/DS26_IFCB_REFERENCE_20260808T200000Z/run.log","scripts/00_downloads/stage2/07_acquire_ds26_ifcb_reference_library.R","",TRUE,288,"8cf2c7d97e956c7bfdfa46d5f0b0f891dcb338e60fe27b91441104776e7e1f20","calculated_by_inventory_script_small_unregistered_raw",FALSE,TRUE,"traceable"
"stage2","raw_evidence","data/raw/stage2/ds26_ifcb_reference/DS26_IFCB_REFERENCE_20260808T200000Z/smhi_ifcb_annotated_images.zip","scripts/00_downloads/stage2/07_acquire_ds26_ifcb_reference_library.R","",TRUE,1231331308,"3618d88dbee84b6dc48ddfa7bbf1f3ec9a74fffa9b6e849add782311d238ac05","data/raw/stage2/ds26_ifcb_reference/DS26_IFCB_REFERENCE_20260808T200000Z/manifest.csv",FALSE,TRUE,"traceable"
"stage2","raw_evidence","data/raw/stage2/ds26_ifcb_reference/DS26_IFCB_REFERENCE_20260808T200000Z/smhi_ifcb_matlab_files.zip","scripts/00_downloads/stage2/07_acquire_ds26_ifcb_reference_library.R","",TRUE,6873365156,"6bbe9f9ab22e33afa48562175699ebff25dabbef2d48abcb288db13989ef7277","data/raw/stage2/ds26_ifcb_reference/DS26_IFCB_REFERENCE_20260808T200000Z/manifest.csv",FALSE,TRUE,"traceable"
"stage2","raw_evidence","data/raw/stage2/ds26_smhi_ifcb/DS26_SMHI_IFCB_20260808T195600Z/figshare_article_25883455.json","scripts/00_downloads/stage2/06_acquire_ds26_smhi_ifcb.R","",TRUE,9132,"1e883b67171a1b7c9fe61ec1f42efc609c6f75361a3308eadba61a697877b4bb","data/raw/stage2/ds26_smhi_ifcb/DS26_SMHI_IFCB_20260808T195600Z/manifest.csv",FALSE,TRUE,"traceable"
"stage2","raw_evidence","data/raw/stage2/ds26_smhi_ifcb/DS26_SMHI_IFCB_20260808T195600Z/figshare_file_inventory.csv","scripts/00_downloads/stage2/06_acquire_ds26_smhi_ifcb.R","",TRUE,973,"3fc42c5ffd582a4252696c3ac131ba71a00163434d5ed377ab694f0b49e02be5","calculated_by_inventory_script_small_unregistered_raw",FALSE,TRUE,"traceable"
"stage2","raw_evidence","data/raw/stage2/ds26_smhi_ifcb/DS26_SMHI_IFCB_20260808T195600Z/manifest.csv","scripts/00_downloads/stage2/06_acquire_ds26_smhi_ifcb.R","",TRUE,3427,"a699ed6fa2782a10a9cafc87bae11c5f4506839fa4e4b8ec3c23f2828c0552d0","calculated_by_inventory_script_small_unregistered_raw",FALSE,TRUE,"traceable"
"stage2","raw_evidence","data/raw/stage2/ds26_smhi_ifcb/DS26_SMHI_IFCB_20260808T195600Z/run_summary.json","scripts/00_downloads/stage2/06_acquire_ds26_smhi_ifcb.R","",TRUE,529,"deb36f501a7c4040a5c315d4bbb0ecd945b3e6a2d41255bedce777b6f39830eb","calculated_by_inventory_script_small_unregistered_raw",FALSE,TRUE,"traceable"
"stage2","raw_evidence","data/raw/stage2/ds26_smhi_ifcb/DS26_SMHI_IFCB_20260808T195600Z/run.log","scripts/00_downloads/stage2/06_acquire_ds26_smhi_ifcb.R","",TRUE,188,"a6d9c69d33532dc424dbc347fcc8fc13ed32594ba699101d86d2fb6b08bbd5f4","calculated_by_inventory_script_small_unregistered_raw",FALSE,TRUE,"traceable"
"stage2","raw_evidence","data/raw/stage2/ds26_smhi_ifcb/DS26_SMHI_IFCB_20260808T195600Z/shark_planktonimaging_dwca.zip","scripts/00_downloads/stage2/06_acquire_ds26_smhi_ifcb.R","",TRUE,18334266,"664c3cf7bb5d90393d55d8897205c5e16115db9bae0d60bb2d65dab1e943799c","data/raw/stage2/ds26_smhi_ifcb/DS26_SMHI_IFCB_20260808T195600Z/manifest.csv",FALSE,TRUE,"traceable"
"stage2","raw_evidence","data/raw/stage2/ds26_smhi_ifcb/DS26_SMHI_IFCB_20260808T195600Z/shark_planktonimaging_eml.xml","scripts/00_downloads/stage2/06_acquire_ds26_smhi_ifcb.R","",TRUE,33499,"d5c84ac03d42db3bae289e82d4a9cecccd951c41451aa2acd521e25bc9e3f19c","data/raw/stage2/ds26_smhi_ifcb/DS26_SMHI_IFCB_20260808T195600Z/manifest.csv",FALSE,TRUE,"traceable"
"stage2","raw_evidence","data/raw/stage2/ds27_pangaea_ferrybox/DS27_PANGAEA_20260809T113713Z/acquisition.log","scripts/00_downloads/stage2/20_acquire_ds27_pangaea_ferrybox.R","",TRUE,135,"f501e37b8235870f1e880ca1177c88b80d5195c3790f33d496f9c3d92e856648","calculated_by_inventory_script_small_unregistered_raw",FALSE,TRUE,"traceable"
"stage2","raw_evidence","data/raw/stage2/ds27_pangaea_ferrybox/DS27_PANGAEA_20260809T113713Z/HZG-Ferrybox_Cux-HarwNR1.nc","scripts/00_downloads/stage2/20_acquire_ds27_pangaea_ferrybox.R","",TRUE,256928,"59f12a217d1ec76f32ddb26be6d9f894c5fd8d4ec0d281395e8ad0edfcab64e8","data/raw/stage2/ds27_pangaea_ferrybox/DS27_PANGAEA_20260809T113713Z/manifest.csv",FALSE,TRUE,"traceable"
"stage2","raw_evidence","data/raw/stage2/ds27_pangaea_ferrybox/DS27_PANGAEA_20260809T113713Z/HZG-Ferrybox_Cux-HarwNR10038.nc","scripts/00_downloads/stage2/20_acquire_ds27_pangaea_ferrybox.R","",TRUE,242528,"ab83bae7f444ab0035401c59a526b09489cf449df97e948ccff12b7fe3351914","data/raw/stage2/ds27_pangaea_ferrybox/DS27_PANGAEA_20260809T113713Z/manifest.csv",FALSE,TRUE,"traceable"
"stage2","raw_evidence","data/raw/stage2/ds27_pangaea_ferrybox/DS27_PANGAEA_20260809T113713Z/HZG-Ferrybox_Cux-HarwNR10078.nc","scripts/00_downloads/stage2/20_acquire_ds27_pangaea_ferrybox.R","",TRUE,242992,"3addb0a37cb2b0ab36977f2e7638d5241ae339712a717746a488e6ea44a75524","data/raw/stage2/ds27_pangaea_ferrybox/DS27_PANGAEA_20260809T113713Z/manifest.csv",FALSE,TRUE,"traceable"
"stage2","raw_evidence","data/raw/stage2/ds27_pangaea_ferrybox/DS27_PANGAEA_20260809T113713Z/HZG-Ferrybox_Cux-HarwNR101.nc","scripts/00_downloads/stage2/20_acquire_ds27_pangaea_ferrybox.R","",TRUE,251592,"cce20f0edf5b2c1ca5a5679adc703e6b88f8e6e752dcd778bd4caad1c4c3daac","data/raw/stage2/ds27_pangaea_ferrybox/DS27_PANGAEA_20260809T113713Z/manifest.csv",FALSE,TRUE,"traceable"
"stage2","raw_evidence","data/raw/stage2/ds27_pangaea_ferrybox/DS27_PANGAEA_20260809T113713Z/HZG-Ferrybox_Cux-HarwNR10118.nc","scripts/00_downloads/stage2/20_acquire_ds27_pangaea_ferrybox.R","",TRUE,238140,"06e25d1bb7bdf82fbbb96df9ac8318158dc0f4ea930d7fd3158794bcab784af9","data/raw/stage2/ds27_pangaea_ferrybox/DS27_PANGAEA_20260809T113713Z/manifest.csv",FALSE,TRUE,"traceable"
"stage2","raw_evidence","data/raw/stage2/ds27_pangaea_ferrybox/DS27_PANGAEA_20260809T113713Z/HZG-Ferrybox_Cux-HarwNR10158.nc","scripts/00_downloads/stage2/20_acquire_ds27_pangaea_ferrybox.R","",TRUE,242404,"374155c679fcb583e768f4b8400051cdbf718d1d19f66191a873935cd2580ba5","data/raw/stage2/ds27_pangaea_ferrybox/DS27_PANGAEA_20260809T113713Z/manifest.csv",FALSE,TRUE,"traceable"
"stage2","raw_evidence","data/raw/stage2/ds27_pangaea_ferrybox/DS27_PANGAEA_20260809T113713Z/HZG-Ferrybox_Cux-HarwNR10198.nc","scripts/00_downloads/stage2/20_acquire_ds27_pangaea_ferrybox.R","",TRUE,241060,"c2ea200260917a4686695e63014170a960de593831262bbf77bdccf5ff57fb66","data/raw/stage2/ds27_pangaea_ferrybox/DS27_PANGAEA_20260809T113713Z/manifest.csv",FALSE,TRUE,"traceable"
"stage2","raw_evidence","data/raw/stage2/ds27_pangaea_ferrybox/DS27_PANGAEA_20260809T113713Z/HZG-Ferrybox_Cux-HarwNR10238.nc","scripts/00_downloads/stage2/20_acquire_ds27_pangaea_ferrybox.R","",TRUE,238600,"bbba9ae41a6832d4dd07cfec00b0396630b54f531ed79ef829cae85d728735d1","data/raw/stage2/ds27_pangaea_ferrybox/DS27_PANGAEA_20260809T113713Z/manifest.csv",FALSE,TRUE,"traceable"
"stage2","raw_evidence","data/raw/stage2/ds27_pangaea_ferrybox/DS27_PANGAEA_20260809T113713Z/HZG-Ferrybox_Cux-HarwNR10278.nc","scripts/00_downloads/stage2/20_acquire_ds27_pangaea_ferrybox.R","",TRUE,234588,"b3fbe17cc849fad41826a96309f2256cdb37e43f7d7a767f88f17be817ebc8a4","data/raw/stage2/ds27_pangaea_ferrybox/DS27_PANGAEA_20260809T113713Z/manifest.csv",FALSE,TRUE,"traceable"
"stage2","raw_evidence","data/raw/stage2/ds27_pangaea_ferrybox/DS27_PANGAEA_20260809T113713Z/HZG-Ferrybox_Cux-HarwNR103.nc","scripts/00_downloads/stage2/20_acquire_ds27_pangaea_ferrybox.R","",TRUE,251920,"432866c519b2f487a0d553aa859b48d53b100aa53f624f6633f243deb2cf499c","data/raw/stage2/ds27_pangaea_ferrybox/DS27_PANGAEA_20260809T113713Z/manifest.csv",FALSE,TRUE,"traceable"
"stage2","raw_evidence","data/raw/stage2/ds27_pangaea_ferrybox/DS27_PANGAEA_20260809T113713Z/HZG-Ferrybox_Cux-HarwNR10318.nc","scripts/00_downloads/stage2/20_acquire_ds27_pangaea_ferrybox.R","",TRUE,237780,"2f78d858fcf94262597e756ddd7c26531c55d8c2066a4d12cc96fdbc33766846","data/raw/stage2/ds27_pangaea_ferrybox/DS27_PANGAEA_20260809T113713Z/manifest.csv",FALSE,TRUE,"traceable"
"stage2","raw_evidence","data/raw/stage2/ds27_pangaea_ferrybox/DS27_PANGAEA_20260809T113713Z/HZG-Ferrybox_Cux-HarwNR10358.nc","scripts/00_downloads/stage2/20_acquire_ds27_pangaea_ferrybox.R","",TRUE,230000,"3b14e4e2aab71dcf349ae6685578b6498f515222de29ab516dcdefc203315335","data/raw/stage2/ds27_pangaea_ferrybox/DS27_PANGAEA_20260809T113713Z/manifest.csv",FALSE,TRUE,"traceable"
"stage2","raw_evidence","data/raw/stage2/ds27_pangaea_ferrybox/DS27_PANGAEA_20260809T113713Z/HZG-Ferrybox_Cux-HarwNR1037.nc","scripts/00_downloads/stage2/20_acquire_ds27_pangaea_ferrybox.R","",TRUE,265364,"ff4405bfc339ed328a892d7e60cf7bcaaaefd3467f897349298edca5aa6f9d3f","data/raw/stage2/ds27_pangaea_ferrybox/DS27_PANGAEA_20260809T113713Z/manifest.csv",FALSE,TRUE,"traceable"
"stage2","raw_evidence","data/raw/stage2/ds27_pangaea_ferrybox/DS27_PANGAEA_20260809T113713Z/HZG-Ferrybox_Cux-HarwNR10398.nc","scripts/00_downloads/stage2/20_acquire_ds27_pangaea_ferrybox.R","",TRUE,232824,"d80b026b7c34b19c0542cc54d95ba49b86837a2c1114f229481d00994fb1198f","data/raw/stage2/ds27_pangaea_ferrybox/DS27_PANGAEA_20260809T113713Z/manifest.csv",FALSE,TRUE,"traceable"
"stage2","raw_evidence","data/raw/stage2/ds27_pangaea_ferrybox/DS27_PANGAEA_20260809T113713Z/HZG-Ferrybox_Cux-HarwNR10438.nc","scripts/00_downloads/stage2/20_acquire_ds27_pangaea_ferrybox.R","",TRUE,239672,"f6d26d9e9dda5e478e6f37ca7160d5125818667161f3b5a6d11bc13ec45a4685","data/raw/stage2/ds27_pangaea_ferrybox/DS27_PANGAEA_20260809T113713Z/manifest.csv",FALSE,TRUE,"traceable"
"stage2","raw_evidence","data/raw/stage2/ds27_pangaea_ferrybox/DS27_PANGAEA_20260809T113713Z/HZG-Ferrybox_Cux-HarwNR10478.nc","scripts/00_downloads/stage2/20_acquire_ds27_pangaea_ferrybox.R","",TRUE,233932,"fd3585d34daae4a5da1c7b3e922de8fcd9bda6ecf9d1bd37b120b04f00be7a8f","data/raw/stage2/ds27_pangaea_ferrybox/DS27_PANGAEA_20260809T113713Z/manifest.csv",FALSE,TRUE,"traceable"
"stage2","raw_evidence","data/raw/stage2/ds27_pangaea_ferrybox/DS27_PANGAEA_20260809T113713Z/HZG-Ferrybox_Cux-HarwNR10518.nc","scripts/00_downloads/stage2/20_acquire_ds27_pangaea_ferrybox.R","",TRUE,235808,"f70ebf57be777c350c9dd8e92bcfb771c058115ecf6c18ea48ab4fadef2890ac","data/raw/stage2/ds27_pangaea_ferrybox/DS27_PANGAEA_20260809T113713Z/manifest.csv",FALSE,TRUE,"traceable"
"stage2","raw_evidence","data/raw/stage2/ds27_pangaea_ferrybox/DS27_PANGAEA_20260809T113713Z/HZG-Ferrybox_Cux-HarwNR10558.nc","scripts/00_downloads/stage2/20_acquire_ds27_pangaea_ferrybox.R","",TRUE,234992,"8a03a4f3bfde336fbf68e645d6574dce093841d71b440e3f9611399b2bebe492","data/raw/stage2/ds27_pangaea_ferrybox/DS27_PANGAEA_20260809T113713Z/manifest.csv",FALSE,TRUE,"traceable"
"stage2","raw_evidence","data/raw/stage2/ds27_pangaea_ferrybox/DS27_PANGAEA_20260809T113713Z/HZG-Ferrybox_Cux-HarwNR10598.nc","scripts/00_downloads/stage2/20_acquire_ds27_pangaea_ferrybox.R","",TRUE,249624,"2b8b9707d8e5bb67432c92387f9b0f134c6b075207c9680ae7f40ce2674a7e94","data/raw/stage2/ds27_pangaea_ferrybox/DS27_PANGAEA_20260809T113713Z/manifest.csv",FALSE,TRUE,"traceable"
"stage2","raw_evidence","data/raw/stage2/ds27_pangaea_ferrybox/DS27_PANGAEA_20260809T113713Z/HZG-Ferrybox_Cux-HarwNR106.nc","scripts/00_downloads/stage2/20_acquire_ds27_pangaea_ferrybox.R","",TRUE,252828,"1972493535484ebbc5b3b674cefe0452c00b4024dbc5afdb160849e1b255dd0c","data/raw/stage2/ds27_pangaea_ferrybox/DS27_PANGAEA_20260809T113713Z/manifest.csv",FALSE,TRUE,"traceable"
"stage2","raw_evidence","data/raw/stage2/ds27_pangaea_ferrybox/DS27_PANGAEA_20260809T113713Z/HZG-Ferrybox_Cux-HarwNR10638.nc","scripts/00_downloads/stage2/20_acquire_ds27_pangaea_ferrybox.R","",TRUE,241096,"618b894fb2bffaf9cdb6de6d2d262137419470a661778331f9a008e887f40aaa","data/raw/stage2/ds27_pangaea_ferrybox/DS27_PANGAEA_20260809T113713Z/manifest.csv",FALSE,TRUE,"traceable"
"stage2","raw_evidence","data/raw/stage2/ds27_pangaea_ferrybox/DS27_PANGAEA_20260809T113713Z/HZG-Ferrybox_Cux-HarwNR10678.nc","scripts/00_downloads/stage2/20_acquire_ds27_pangaea_ferrybox.R","",TRUE,240820,"07f12544dd4f83719d8f4c0adf2ca7dae9da310c5113b8a535bb2eda58f0be4d","data/raw/stage2/ds27_pangaea_ferrybox/DS27_PANGAEA_20260809T113713Z/manifest.csv",FALSE,TRUE,"traceable"
"stage2","raw_evidence","data/raw/stage2/ds27_pangaea_ferrybox/DS27_PANGAEA_20260809T113713Z/HZG-Ferrybox_Cux-HarwNR107.nc","scripts/00_downloads/stage2/20_acquire_ds27_pangaea_ferrybox.R","",TRUE,242700,"c821730d40cca544790c409a4995575f9b0368ecfbbfc24d0b5b5be8f6b97714","data/raw/stage2/ds27_pangaea_ferrybox/DS27_PANGAEA_20260809T113713Z/manifest.csv",FALSE,TRUE,"traceable"
"stage2","raw_evidence","data/raw/stage2/ds27_pangaea_ferrybox/DS27_PANGAEA_20260809T113713Z/HZG-Ferrybox_Cux-HarwNR10718.nc","scripts/00_downloads/stage2/20_acquire_ds27_pangaea_ferrybox.R","",TRUE,240896,"d626652a2ee559885437b2502b9be351d509b81adb28700d719e37291bc1c3b5","data/raw/stage2/ds27_pangaea_ferrybox/DS27_PANGAEA_20260809T113713Z/manifest.csv",FALSE,TRUE,"traceable"
"stage2","raw_evidence","data/raw/stage2/ds27_pangaea_ferrybox/DS27_PANGAEA_20260809T113713Z/HZG-Ferrybox_Cux-HarwNR10758.nc","scripts/00_downloads/stage2/20_acquire_ds27_pangaea_ferrybox.R","",TRUE,243320,"225efcf8024245db950a630b14d0f6eb86722b4baad6d6c132f0257f4c064e5c","data/raw/stage2/ds27_pangaea_ferrybox/DS27_PANGAEA_20260809T113713Z/manifest.csv",FALSE,TRUE,"traceable"
"stage2","raw_evidence","data/raw/stage2/ds27_pangaea_ferrybox/DS27_PANGAEA_20260809T113713Z/HZG-Ferrybox_Cux-HarwNR1077.nc","scripts/00_downloads/stage2/20_acquire_ds27_pangaea_ferrybox.R","",TRUE,267064,"747557b7b3e94f6d6f1f707851dc3bfe3f11d6fd24131eb6b76321bdc24d73bc","data/raw/stage2/ds27_pangaea_ferrybox/DS27_PANGAEA_20260809T113713Z/manifest.csv",FALSE,TRUE,"traceable"
"stage2","raw_evidence","data/raw/stage2/ds27_pangaea_ferrybox/DS27_PANGAEA_20260809T113713Z/HZG-Ferrybox_Cux-HarwNR10798.nc","scripts/00_downloads/stage2/20_acquire_ds27_pangaea_ferrybox.R","",TRUE,262308,"15c4e296eff208651e7a0d429fe3c1e6b954d299d8172125d6c420b47b8cc931","data/raw/stage2/ds27_pangaea_ferrybox/DS27_PANGAEA_20260809T113713Z/manifest.csv",FALSE,TRUE,"traceable"
"stage2","raw_evidence","data/raw/stage2/ds27_pangaea_ferrybox/DS27_PANGAEA_20260809T113713Z/HZG-Ferrybox_Cux-HarwNR10838.nc","scripts/00_downloads/stage2/20_acquire_ds27_pangaea_ferrybox.R","",TRUE,239056,"248345c2b3a6b60343038277b3710e14a79d9050dc118ce84e24d81684da971f","data/raw/stage2/ds27_pangaea_ferrybox/DS27_PANGAEA_20260809T113713Z/manifest.csv",FALSE,TRUE,"traceable"
"stage2","raw_evidence","data/raw/stage2/ds27_pangaea_ferrybox/DS27_PANGAEA_20260809T113713Z/HZG-Ferrybox_Cux-HarwNR10878.nc","scripts/00_downloads/stage2/20_acquire_ds27_pangaea_ferrybox.R","",TRUE,238308,"7834f6fd330087fe6007ce24c7d4054f296691c488156817db0e333cffc59b92","data/raw/stage2/ds27_pangaea_ferrybox/DS27_PANGAEA_20260809T113713Z/manifest.csv",FALSE,TRUE,"traceable"
"stage2","raw_evidence","data/raw/stage2/ds27_pangaea_ferrybox/DS27_PANGAEA_20260809T113713Z/HZG-Ferrybox_Cux-HarwNR10918.nc","scripts/00_downloads/stage2/20_acquire_ds27_pangaea_ferrybox.R","",TRUE,239288,"e96b6ed67b3639c5f9b34d9925005b3944f7bc1a879ea281c7f33ba100f7d249","data/raw/stage2/ds27_pangaea_ferrybox/DS27_PANGAEA_20260809T113713Z/manifest.csv",FALSE,TRUE,"traceable"
"stage2","raw_evidence","data/raw/stage2/ds27_pangaea_ferrybox/DS27_PANGAEA_20260809T113713Z/HZG-Ferrybox_Cux-HarwNR10975.nc","scripts/00_downloads/stage2/20_acquire_ds27_pangaea_ferrybox.R","",TRUE,243028,"a8949e1f8b30b3dec01eaa91d2efe4e207b174688e14a060aa2764b98b32296d","data/raw/stage2/ds27_pangaea_ferrybox/DS27_PANGAEA_20260809T113713Z/manifest.csv",FALSE,TRUE,"traceable"
"stage2","raw_evidence","data/raw/stage2/ds27_pangaea_ferrybox/DS27_PANGAEA_20260809T113713Z/HZG-Ferrybox_Cux-HarwNR10977.nc","scripts/00_downloads/stage2/20_acquire_ds27_pangaea_ferrybox.R","",TRUE,240004,"c04ad5ca0c46eb00d0d4bf548e4bdc2d9b57b0d8e61d4015fb23dce01235a83f","data/raw/stage2/ds27_pangaea_ferrybox/DS27_PANGAEA_20260809T113713Z/manifest.csv",FALSE,TRUE,"traceable"
"stage2","raw_evidence","data/raw/stage2/ds27_pangaea_ferrybox/DS27_PANGAEA_20260809T113713Z/HZG-Ferrybox_Cux-HarwNR10979.nc","scripts/00_downloads/stage2/20_acquire_ds27_pangaea_ferrybox.R","",TRUE,240988,"bd6f24b5637aff42b05c79d7f4efba4e462a1907754444b307c8a64da24ad79e","data/raw/stage2/ds27_pangaea_ferrybox/DS27_PANGAEA_20260809T113713Z/manifest.csv",FALSE,TRUE,"traceable"
"stage2","raw_evidence","data/raw/stage2/ds27_pangaea_ferrybox/DS27_PANGAEA_20260809T113713Z/HZG-Ferrybox_Cux-HarwNR10981.nc","scripts/00_downloads/stage2/20_acquire_ds27_pangaea_ferrybox.R","",TRUE,237052,"68cd25a749846a24abbb54e676120b6452aa7c907ddd0314fbe6266a15425344","data/raw/stage2/ds27_pangaea_ferrybox/DS27_PANGAEA_20260809T113713Z/manifest.csv",FALSE,TRUE,"traceable"
"stage2","raw_evidence","data/raw/stage2/ds27_pangaea_ferrybox/DS27_PANGAEA_20260809T113713Z/HZG-Ferrybox_Cux-HarwNR10983.nc","scripts/00_downloads/stage2/20_acquire_ds27_pangaea_ferrybox.R","",TRUE,242952,"08900ddb786845da6da7fbb9034848ee6b7a4233f41b8270e4b9b8048aefa209","data/raw/stage2/ds27_pangaea_ferrybox/DS27_PANGAEA_20260809T113713Z/manifest.csv",FALSE,TRUE,"traceable"
"stage2","raw_evidence","data/raw/stage2/ds27_pangaea_ferrybox/DS27_PANGAEA_20260809T113713Z/HZG-Ferrybox_Cux-HarwNR10985.nc","scripts/00_downloads/stage2/20_acquire_ds27_pangaea_ferrybox.R","",TRUE,241096,"04db46e3e705466039a466de3fb12d6f5e5f4334300feef7315078ed80dbc353","data/raw/stage2/ds27_pangaea_ferrybox/DS27_PANGAEA_20260809T113713Z/manifest.csv",FALSE,TRUE,"traceable"
"stage2","raw_evidence","data/raw/stage2/ds27_pangaea_ferrybox/DS27_PANGAEA_20260809T113713Z/HZG-Ferrybox_Cux-HarwNR10998.nc","scripts/00_downloads/stage2/20_acquire_ds27_pangaea_ferrybox.R","",TRUE,235028,"2fc8625dedd506349a4475d1c6f18bb2e83b383cd564f09e13263480e7c94482","data/raw/stage2/ds27_pangaea_ferrybox/DS27_PANGAEA_20260809T113713Z/manifest.csv",FALSE,TRUE,"traceable"
"stage2","raw_evidence","data/raw/stage2/ds27_pangaea_ferrybox/DS27_PANGAEA_20260809T113713Z/HZG-Ferrybox_Cux-HarwNR11.nc","scripts/00_downloads/stage2/20_acquire_ds27_pangaea_ferrybox.R","",TRUE,221904,"cdd1ed21bd9c1935b8748ce4be55f8ebc1818f45f6a65d1995264b381a2d8294","data/raw/stage2/ds27_pangaea_ferrybox/DS27_PANGAEA_20260809T113713Z/manifest.csv",FALSE,TRUE,"traceable"
"stage2","raw_evidence","data/raw/stage2/ds27_pangaea_ferrybox/DS27_PANGAEA_20260809T113713Z/HZG-Ferrybox_Cux-HarwNR110.nc","scripts/00_downloads/stage2/20_acquire_ds27_pangaea_ferrybox.R","",TRUE,246436,"c2a7ec6a1d7b07e6aaf95b7dd956ef3235ffb0f41831cb9f120026449549520f","data/raw/stage2/ds27_pangaea_ferrybox/DS27_PANGAEA_20260809T113713Z/manifest.csv",FALSE,TRUE,"traceable"
"stage2","raw_evidence","data/raw/stage2/ds27_pangaea_ferrybox/DS27_PANGAEA_20260809T113713Z/HZG-Ferrybox_Cux-HarwNR11038.nc","scripts/00_downloads/stage2/20_acquire_ds27_pangaea_ferrybox.R","",TRUE,242896,"cb91b65f7f36ab1f988989a24c67d028e4911d20620d560412420338ebab4078","data/raw/stage2/ds27_pangaea_ferrybox/DS27_PANGAEA_20260809T113713Z/manifest.csv",FALSE,TRUE,"traceable"
"stage2","raw_evidence","data/raw/stage2/ds27_pangaea_ferrybox/DS27_PANGAEA_20260809T113713Z/HZG-Ferrybox_Cux-HarwNR11078.nc","scripts/00_downloads/stage2/20_acquire_ds27_pangaea_ferrybox.R","",TRUE,242404,"114e972bb49275b64a91d4ef58a43c00cb0f5071e3aac837ad4aa97a975b2ab6","data/raw/stage2/ds27_pangaea_ferrybox/DS27_PANGAEA_20260809T113713Z/manifest.csv",FALSE,TRUE,"traceable"
"stage2","raw_evidence","data/raw/stage2/ds27_pangaea_ferrybox/DS27_PANGAEA_20260809T113713Z/HZG-Ferrybox_Cux-HarwNR111.nc","scripts/00_downloads/stage2/20_acquire_ds27_pangaea_ferrybox.R","",TRUE,251588,"3215d46c093ba286246c0f24dfb338a7bcb1f0202863837fc329597162b84bf2","data/raw/stage2/ds27_pangaea_ferrybox/DS27_PANGAEA_20260809T113713Z/manifest.csv",FALSE,TRUE,"traceable"
"stage2","raw_evidence","data/raw/stage2/ds27_pangaea_ferrybox/DS27_PANGAEA_20260809T113713Z/HZG-Ferrybox_Cux-HarwNR11118.nc","scripts/00_downloads/stage2/20_acquire_ds27_pangaea_ferrybox.R","",TRUE,241552,"593e542dc2938a3d9273456832eef93a8e76b05e2ce60164cb250cdc39347763","data/raw/stage2/ds27_pangaea_ferrybox/DS27_PANGAEA_20260809T113713Z/manifest.csv",FALSE,TRUE,"traceable"
"stage2","raw_evidence","data/raw/stage2/ds27_pangaea_ferrybox/DS27_PANGAEA_20260809T113713Z/HZG-Ferrybox_Cux-HarwNR11158.nc","scripts/00_downloads/stage2/20_acquire_ds27_pangaea_ferrybox.R","",TRUE,236140,"4a6fe0f6c040bcc372ae57fe05c17554e9e005936bf3e0848ee66557f6f847f3","data/raw/stage2/ds27_pangaea_ferrybox/DS27_PANGAEA_20260809T113713Z/manifest.csv",FALSE,TRUE,"traceable"
"stage2","raw_evidence","data/raw/stage2/ds27_pangaea_ferrybox/DS27_PANGAEA_20260809T113713Z/HZG-Ferrybox_Cux-HarwNR1117.nc","scripts/00_downloads/stage2/20_acquire_ds27_pangaea_ferrybox.R","",TRUE,263656,"60671ab661b39ba21e8b43c96f5e0805ead182c24898290f06810280ecb72f3d","data/raw/stage2/ds27_pangaea_ferrybox/DS27_PANGAEA_20260809T113713Z/manifest.csv",FALSE,TRUE,"traceable"
"stage2","raw_evidence","data/raw/stage2/ds27_pangaea_ferrybox/DS27_PANGAEA_20260809T113713Z/HZG-Ferrybox_Cux-HarwNR11198.nc","scripts/00_downloads/stage2/20_acquire_ds27_pangaea_ferrybox.R","",TRUE,237772,"c0764994e92b3b92a79255007a74e2a0611a5d75388f9d5bbdc6cc51a6dbd6ec","data/raw/stage2/ds27_pangaea_ferrybox/DS27_PANGAEA_20260809T113713Z/manifest.csv",FALSE,TRUE,"traceable"
"stage2","raw_evidence","data/raw/stage2/ds27_pangaea_ferrybox/DS27_PANGAEA_20260809T113713Z/HZG-Ferrybox_Cux-HarwNR11238.nc","scripts/00_downloads/stage2/20_acquire_ds27_pangaea_ferrybox.R","",TRUE,241640,"9e9a863e5e04eb85e976eb16a58eaaf37cfa18012e0f781137f42da29a05b57f","data/raw/stage2/ds27_pangaea_ferrybox/DS27_PANGAEA_20260809T113713Z/manifest.csv",FALSE,TRUE,"traceable"
"stage2","raw_evidence","data/raw/stage2/ds27_pangaea_ferrybox/DS27_PANGAEA_20260809T113713Z/HZG-Ferrybox_Cux-HarwNR11278.nc","scripts/00_downloads/stage2/20_acquire_ds27_pangaea_ferrybox.R","",TRUE,239784,"980dfaaa9266876373ef2704e08dc08ca47da393cbd6cb30774202143327d06e","data/raw/stage2/ds27_pangaea_ferrybox/DS27_PANGAEA_20260809T113713Z/manifest.csv",FALSE,TRUE,"traceable"
"stage2","raw_evidence","data/raw/stage2/ds27_pangaea_ferrybox/DS27_PANGAEA_20260809T113713Z/HZG-Ferrybox_Cux-HarwNR113.nc","scripts/00_downloads/stage2/20_acquire_ds27_pangaea_ferrybox.R","",TRUE,253124,"a7370179b3ba0db95fb41bc12ef2a0f43f091f9793c47a8586eac54798cefed3","data/raw/stage2/ds27_pangaea_ferrybox/DS27_PANGAEA_20260809T113713Z/manifest.csv",FALSE,TRUE,"traceable"
"stage2","raw_evidence","data/raw/stage2/ds27_pangaea_ferrybox/DS27_PANGAEA_20260809T113713Z/HZG-Ferrybox_Cux-HarwNR11318.nc","scripts/00_downloads/stage2/20_acquire_ds27_pangaea_ferrybox.R","",TRUE,241312,"264310749d24a6cd47b660f8df7af3e25e150394a3894d75cba077f5496097df","data/raw/stage2/ds27_pangaea_ferrybox/DS27_PANGAEA_20260809T113713Z/manifest.csv",FALSE,TRUE,"traceable"
"stage2","raw_evidence","data/raw/stage2/ds27_pangaea_ferrybox/DS27_PANGAEA_20260809T113713Z/HZG-Ferrybox_Cux-HarwNR11358.nc","scripts/00_downloads/stage2/20_acquire_ds27_pangaea_ferrybox.R","",TRUE,240000,"121eb904c79416ac565e08a59b922b92dde9ba8268242d92927d26f67a9fc6a5","data/raw/stage2/ds27_pangaea_ferrybox/DS27_PANGAEA_20260809T113713Z/manifest.csv",FALSE,TRUE,"traceable"
"stage2","raw_evidence","data/raw/stage2/ds27_pangaea_ferrybox/DS27_PANGAEA_20260809T113713Z/HZG-Ferrybox_Cux-HarwNR11398.nc","scripts/00_downloads/stage2/20_acquire_ds27_pangaea_ferrybox.R","",TRUE,241676,"41179b1b0fc0f85e335b4ef21a355cc495e7d2158ad400493acf733216a685b2","data/raw/stage2/ds27_pangaea_ferrybox/DS27_PANGAEA_20260809T113713Z/manifest.csv",FALSE,TRUE,"traceable"
"stage2","raw_evidence","data/raw/stage2/ds27_pangaea_ferrybox/DS27_PANGAEA_20260809T113713Z/HZG-Ferrybox_Cux-HarwNR11438.nc","scripts/00_downloads/stage2/20_acquire_ds27_pangaea_ferrybox.R","",TRUE,241316,"8bffae35b54f583bda1353f5f865971145680fee250ff103a1e6c1f1ee92e0f1","data/raw/stage2/ds27_pangaea_ferrybox/DS27_PANGAEA_20260809T113713Z/manifest.csv",FALSE,TRUE,"traceable"
"stage2","raw_evidence","data/raw/stage2/ds27_pangaea_ferrybox/DS27_PANGAEA_20260809T113713Z/HZG-Ferrybox_Cux-HarwNR11478.nc","scripts/00_downloads/stage2/20_acquire_ds27_pangaea_ferrybox.R","",TRUE,243848,"bc24a881167f61dd0ba936a05e08e11316db9cb200a446096c554773b5d8edaa","data/raw/stage2/ds27_pangaea_ferrybox/DS27_PANGAEA_20260809T113713Z/manifest.csv",FALSE,TRUE,"traceable"
"stage2","raw_evidence","data/raw/stage2/ds27_pangaea_ferrybox/DS27_PANGAEA_20260809T113713Z/HZG-Ferrybox_Cux-HarwNR11518.nc","scripts/00_downloads/stage2/20_acquire_ds27_pangaea_ferrybox.R","",TRUE,241752,"4d8c5c712fcb4c32382eadc5f2c40bd4a1849e1d2a8a494857eafc388413d4b3","data/raw/stage2/ds27_pangaea_ferrybox/DS27_PANGAEA_20260809T113713Z/manifest.csv",FALSE,TRUE,"traceable"
"stage2","raw_evidence","data/raw/stage2/ds27_pangaea_ferrybox/DS27_PANGAEA_20260809T113713Z/HZG-Ferrybox_Cux-HarwNR11558.nc","scripts/00_downloads/stage2/20_acquire_ds27_pangaea_ferrybox.R","",TRUE,236504,"cf7bdb19c368cb994d282387403371d591488cf50b58351c375f991fb3173f22","data/raw/stage2/ds27_pangaea_ferrybox/DS27_PANGAEA_20260809T113713Z/manifest.csv",FALSE,TRUE,"traceable"
"stage2","raw_evidence","data/raw/stage2/ds27_pangaea_ferrybox/DS27_PANGAEA_20260809T113713Z/HZG-Ferrybox_Cux-HarwNR1157.nc","scripts/00_downloads/stage2/20_acquire_ds27_pangaea_ferrybox.R","",TRUE,270708,"cf719694c543f0fec078a4b5c1df3d4a27eb80e2d7d3f2fdb9e9a1139be7afbf","data/raw/stage2/ds27_pangaea_ferrybox/DS27_PANGAEA_20260809T113713Z/manifest.csv",FALSE,TRUE,"traceable"
"stage2","raw_evidence","data/raw/stage2/ds27_pangaea_ferrybox/DS27_PANGAEA_20260809T113713Z/HZG-Ferrybox_Cux-HarwNR11578.nc","scripts/00_downloads/stage2/20_acquire_ds27_pangaea_ferrybox.R","",TRUE,151676,"88bed8db226db24c3805fd01e0bfa7661e1dc873494f095b59e9397aff19d31d","data/raw/stage2/ds27_pangaea_ferrybox/DS27_PANGAEA_20260809T113713Z/manifest.csv",FALSE,TRUE,"traceable"
"stage2","raw_evidence","data/raw/stage2/ds27_pangaea_ferrybox/DS27_PANGAEA_20260809T113713Z/HZG-Ferrybox_Cux-HarwNR116.nc","scripts/00_downloads/stage2/20_acquire_ds27_pangaea_ferrybox.R","",TRUE,251684,"566b4892edafd495f3bf3f87dee3b0f7b5670fa671a5271b1e74471e7d540e13","data/raw/stage2/ds27_pangaea_ferrybox/DS27_PANGAEA_20260809T113713Z/manifest.csv",FALSE,TRUE,"traceable"
"stage2","raw_evidence","data/raw/stage2/ds27_pangaea_ferrybox/DS27_PANGAEA_20260809T113713Z/HZG-Ferrybox_Cux-HarwNR11618.nc","scripts/00_downloads/stage2/20_acquire_ds27_pangaea_ferrybox.R","",TRUE,238200,"d5bd9ed0a56ff92a0a25f786273d9b1d0d3a70cc6ccaa61fc27e2850fbbf8a77","data/raw/stage2/ds27_pangaea_ferrybox/DS27_PANGAEA_20260809T113713Z/manifest.csv",FALSE,TRUE,"traceable"
"stage2","raw_evidence","data/raw/stage2/ds27_pangaea_ferrybox/DS27_PANGAEA_20260809T113713Z/HZG-Ferrybox_Cux-HarwNR117.nc","scripts/00_downloads/stage2/20_acquire_ds27_pangaea_ferrybox.R","",TRUE,255420,"0b4746baa798f53144a89f9520e79aeb5bc0ef477244f25f6f670f478f39dd53","data/raw/stage2/ds27_pangaea_ferrybox/DS27_PANGAEA_20260809T113713Z/manifest.csv",FALSE,TRUE,"traceable"
"stage2","raw_evidence","data/raw/stage2/ds27_pangaea_ferrybox/DS27_PANGAEA_20260809T113713Z/HZG-Ferrybox_Cux-HarwNR1177.nc","scripts/00_downloads/stage2/20_acquire_ds27_pangaea_ferrybox.R","",TRUE,269304,"f8c9ace85e403b28cfe84151dcd82118d6d4c0545855c9470ac2779a82403241","data/raw/stage2/ds27_pangaea_ferrybox/DS27_PANGAEA_20260809T113713Z/manifest.csv",FALSE,TRUE,"traceable"
"stage2","raw_evidence","data/raw/stage2/ds27_pangaea_ferrybox/DS27_PANGAEA_20260809T113713Z/HZG-Ferrybox_Cux-HarwNR1217.nc","scripts/00_downloads/stage2/20_acquire_ds27_pangaea_ferrybox.R","",TRUE,262216,"a6f72df149aa955e09c70795983d43018096c648adb4fce78f4124c40a51ca96","data/raw/stage2/ds27_pangaea_ferrybox/DS27_PANGAEA_20260809T113713Z/manifest.csv",FALSE,TRUE,"traceable"
"stage2","raw_evidence","data/raw/stage2/ds27_pangaea_ferrybox/DS27_PANGAEA_20260809T113713Z/HZG-Ferrybox_Cux-HarwNR1257.nc","scripts/00_downloads/stage2/20_acquire_ds27_pangaea_ferrybox.R","",TRUE,269104,"0631f742640ecf493ce03b43324443b1acf0e45ae6c71230dfb0113d57d59214","data/raw/stage2/ds27_pangaea_ferrybox/DS27_PANGAEA_20260809T113713Z/manifest.csv",FALSE,TRUE,"traceable"
"stage2","raw_evidence","data/raw/stage2/ds27_pangaea_ferrybox/DS27_PANGAEA_20260809T113713Z/HZG-Ferrybox_Cux-HarwNR1297.nc","scripts/00_downloads/stage2/20_acquire_ds27_pangaea_ferrybox.R","",TRUE,268612,"99b1b9a6e36d2f8d0647340fe61f3f49e9a2f750fa651c97279cd7300e15642c","data/raw/stage2/ds27_pangaea_ferrybox/DS27_PANGAEA_20260809T113713Z/manifest.csv",FALSE,TRUE,"traceable"
"stage2","raw_evidence","data/raw/stage2/ds27_pangaea_ferrybox/DS27_PANGAEA_20260809T113713Z/HZG-Ferrybox_Cux-HarwNR1337.nc","scripts/00_downloads/stage2/20_acquire_ds27_pangaea_ferrybox.R","",TRUE,272676,"29837865627ce69cc0d55d679c4c75fce3656616d9a033ee8ddf6334b50af161","data/raw/stage2/ds27_pangaea_ferrybox/DS27_PANGAEA_20260809T113713Z/manifest.csv",FALSE,TRUE,"traceable"
"stage2","raw_evidence","data/raw/stage2/ds27_pangaea_ferrybox/DS27_PANGAEA_20260809T113713Z/HZG-Ferrybox_Cux-HarwNR1377.nc","scripts/00_downloads/stage2/20_acquire_ds27_pangaea_ferrybox.R","",TRUE,261652,"e562c4db1e033cc3ec57e4ca70f57ec56cabd488ec5045c721093b30b085601b","data/raw/stage2/ds27_pangaea_ferrybox/DS27_PANGAEA_20260809T113713Z/manifest.csv",FALSE,TRUE,"traceable"
"stage2","raw_evidence","data/raw/stage2/ds27_pangaea_ferrybox/DS27_PANGAEA_20260809T113713Z/HZG-Ferrybox_Cux-HarwNR1417.nc","scripts/00_downloads/stage2/20_acquire_ds27_pangaea_ferrybox.R","",TRUE,264604,"700570a9db11dd5f02dccffc65e87651bd754215293ff1c85893851edb582a25","data/raw/stage2/ds27_pangaea_ferrybox/DS27_PANGAEA_20260809T113713Z/manifest.csv",FALSE,TRUE,"traceable"
"stage2","raw_evidence","data/raw/stage2/ds27_pangaea_ferrybox/DS27_PANGAEA_20260809T113713Z/HZG-Ferrybox_Cux-HarwNR1437.nc","scripts/00_downloads/stage2/20_acquire_ds27_pangaea_ferrybox.R","",TRUE,267300,"6a94988e2d679afc32b4c654b15855511ec9640709f5bcc2059ac18da71c4c9b","data/raw/stage2/ds27_pangaea_ferrybox/DS27_PANGAEA_20260809T113713Z/manifest.csv",FALSE,TRUE,"traceable"
"stage2","raw_evidence","data/raw/stage2/ds27_pangaea_ferrybox/DS27_PANGAEA_20260809T113713Z/HZG-Ferrybox_Cux-HarwNR1517.nc","scripts/00_downloads/stage2/20_acquire_ds27_pangaea_ferrybox.R","",TRUE,272676,"148bb19a5b21ec2e41e6e4790315626e41ec83cc57ad5d1f4d06e9f52e6c40f2","data/raw/stage2/ds27_pangaea_ferrybox/DS27_PANGAEA_20260809T113713Z/manifest.csv",FALSE,TRUE,"traceable"
"stage2","raw_evidence","data/raw/stage2/ds27_pangaea_ferrybox/DS27_PANGAEA_20260809T113713Z/HZG-Ferrybox_Cux-HarwNR1537.nc","scripts/00_downloads/stage2/20_acquire_ds27_pangaea_ferrybox.R","",TRUE,260740,"87e15f6b73811f0f52d6b1ac79dc7d24e38de964965679d9bd19fa3f4d85f1b2","data/raw/stage2/ds27_pangaea_ferrybox/DS27_PANGAEA_20260809T113713Z/manifest.csv",FALSE,TRUE,"traceable"
"stage2","raw_evidence","data/raw/stage2/ds27_pangaea_ferrybox/DS27_PANGAEA_20260809T113713Z/HZG-Ferrybox_Cux-HarwNR157.nc","scripts/00_downloads/stage2/20_acquire_ds27_pangaea_ferrybox.R","",TRUE,259756,"06445dd0e56e56da348c954e78f31b8d98ec18227f40cacef5ff448e2feac164","data/raw/stage2/ds27_pangaea_ferrybox/DS27_PANGAEA_20260809T113713Z/manifest.csv",FALSE,TRUE,"traceable"
"stage2","raw_evidence","data/raw/stage2/ds27_pangaea_ferrybox/DS27_PANGAEA_20260809T113713Z/HZG-Ferrybox_Cux-HarwNR1577.nc","scripts/00_downloads/stage2/20_acquire_ds27_pangaea_ferrybox.R","",TRUE,262052,"247ac0519fd6cabf60b33b7fb64e69741d5a1e3f84353cedbf7c233573719936","data/raw/stage2/ds27_pangaea_ferrybox/DS27_PANGAEA_20260809T113713Z/manifest.csv",FALSE,TRUE,"traceable"
"stage2","raw_evidence","data/raw/stage2/ds27_pangaea_ferrybox/DS27_PANGAEA_20260809T113713Z/HZG-Ferrybox_Cux-HarwNR16.nc","scripts/00_downloads/stage2/20_acquire_ds27_pangaea_ferrybox.R","",TRUE,250860,"b8ed9871ddc4c093877410e5a7f0971dcfddc8e458a8ec731b64895cc96f2e23","data/raw/stage2/ds27_pangaea_ferrybox/DS27_PANGAEA_20260809T113713Z/manifest.csv",FALSE,TRUE,"traceable"
"stage2","raw_evidence","data/raw/stage2/ds27_pangaea_ferrybox/DS27_PANGAEA_20260809T113713Z/HZG-Ferrybox_Cux-HarwNR1637.nc","scripts/00_downloads/stage2/20_acquire_ds27_pangaea_ferrybox.R","",TRUE,271524,"3afc56df97f95380f627b4882702365cd4e4f342e9a39b15ee2e7d5f3f76dbe1","data/raw/stage2/ds27_pangaea_ferrybox/DS27_PANGAEA_20260809T113713Z/manifest.csv",FALSE,TRUE,"traceable"
"stage2","raw_evidence","data/raw/stage2/ds27_pangaea_ferrybox/DS27_PANGAEA_20260809T113713Z/HZG-Ferrybox_Cux-HarwNR1657.nc","scripts/00_downloads/stage2/20_acquire_ds27_pangaea_ferrybox.R","",TRUE,268812,"cc1b0e533acf857c4a850c06d2c683425f737c1299f4641cd885edfd56353981","data/raw/stage2/ds27_pangaea_ferrybox/DS27_PANGAEA_20260809T113713Z/manifest.csv",FALSE,TRUE,"traceable"
"stage2","raw_evidence","data/raw/stage2/ds27_pangaea_ferrybox/DS27_PANGAEA_20260809T113713Z/HZG-Ferrybox_Cux-HarwNR1697.nc","scripts/00_downloads/stage2/20_acquire_ds27_pangaea_ferrybox.R","",TRUE,265916,"0d8360abf9a1fe5f05c77c761763fb83be259e173286f94ee38e79c1d83e0237","data/raw/stage2/ds27_pangaea_ferrybox/DS27_PANGAEA_20260809T113713Z/manifest.csv",FALSE,TRUE,"traceable"
"stage2","raw_evidence","data/raw/stage2/ds27_pangaea_ferrybox/DS27_PANGAEA_20260809T113713Z/HZG-Ferrybox_Cux-HarwNR1737.nc","scripts/00_downloads/stage2/20_acquire_ds27_pangaea_ferrybox.R","",TRUE,266512,"bc20268227b62764c4011a5d6b9874db3ff237845b9b9710c832417361128b41","data/raw/stage2/ds27_pangaea_ferrybox/DS27_PANGAEA_20260809T113713Z/manifest.csv",FALSE,TRUE,"traceable"
"stage2","raw_evidence","data/raw/stage2/ds27_pangaea_ferrybox/DS27_PANGAEA_20260809T113713Z/HZG-Ferrybox_Cux-HarwNR1777.nc","scripts/00_downloads/stage2/20_acquire_ds27_pangaea_ferrybox.R","",TRUE,268976,"03707456ce714a151ab8d0a268dcca9193597a8ca94f55cc61ec9d95ed71cc59","data/raw/stage2/ds27_pangaea_ferrybox/DS27_PANGAEA_20260809T113713Z/manifest.csv",FALSE,TRUE,"traceable"
"stage2","raw_evidence","data/raw/stage2/ds27_pangaea_ferrybox/DS27_PANGAEA_20260809T113713Z/HZG-Ferrybox_Cux-HarwNR18.nc","scripts/00_downloads/stage2/20_acquire_ds27_pangaea_ferrybox.R","",TRUE,269224,"215868faf1e514b45b22e66790b2a65a151c0dc446e96c29e2494b6e9ce699ac","data/raw/stage2/ds27_pangaea_ferrybox/DS27_PANGAEA_20260809T113713Z/manifest.csv",FALSE,TRUE,"traceable"
"stage2","raw_evidence","data/raw/stage2/ds27_pangaea_ferrybox/DS27_PANGAEA_20260809T113713Z/HZG-Ferrybox_Cux-HarwNR1817.nc","scripts/00_downloads/stage2/20_acquire_ds27_pangaea_ferrybox.R","",TRUE,311252,"409e55bc031ef6d043b9c39d8c5fb0ec77610cfa4575ce3233fcca2171e7ca23","data/raw/stage2/ds27_pangaea_ferrybox/DS27_PANGAEA_20260809T113713Z/manifest.csv",FALSE,TRUE,"traceable"
"stage2","raw_evidence","data/raw/stage2/ds27_pangaea_ferrybox/DS27_PANGAEA_20260809T113713Z/HZG-Ferrybox_Cux-HarwNR1857.nc","scripts/00_downloads/stage2/20_acquire_ds27_pangaea_ferrybox.R","",TRUE,275788,"d280f4bc4b8e106f6bb1db20ac19a2147178d42e37ea2972f57f2ca17884c317","data/raw/stage2/ds27_pangaea_ferrybox/DS27_PANGAEA_20260809T113713Z/manifest.csv",FALSE,TRUE,"traceable"
"stage2","raw_evidence","data/raw/stage2/ds27_pangaea_ferrybox/DS27_PANGAEA_20260809T113713Z/HZG-Ferrybox_Cux-HarwNR1897.nc","scripts/00_downloads/stage2/20_acquire_ds27_pangaea_ferrybox.R","",TRUE,269688,"f476e80a6efee9e6d8ff9ce89b3f3f60244d2a2c2af1b97553a6d183feca5d16","data/raw/stage2/ds27_pangaea_ferrybox/DS27_PANGAEA_20260809T113713Z/manifest.csv",FALSE,TRUE,"traceable"
"stage2","raw_evidence","data/raw/stage2/ds27_pangaea_ferrybox/DS27_PANGAEA_20260809T113713Z/HZG-Ferrybox_Cux-HarwNR1937.nc","scripts/00_downloads/stage2/20_acquire_ds27_pangaea_ferrybox.R","",TRUE,269724,"9aedd390da523378733b8e1e03d11455aabffaf8f9a2a98ab28a9c972bdb6fa3","data/raw/stage2/ds27_pangaea_ferrybox/DS27_PANGAEA_20260809T113713Z/manifest.csv",FALSE,TRUE,"traceable"
"stage2","raw_evidence","data/raw/stage2/ds27_pangaea_ferrybox/DS27_PANGAEA_20260809T113713Z/HZG-Ferrybox_Cux-HarwNR197.nc","scripts/00_downloads/stage2/20_acquire_ds27_pangaea_ferrybox.R","",TRUE,195100,"e401760371a547ae29057e094fba407163ea1152e19708f4360b1f79fa86b8d2","data/raw/stage2/ds27_pangaea_ferrybox/DS27_PANGAEA_20260809T113713Z/manifest.csv",FALSE,TRUE,"traceable"
"stage2","raw_evidence","data/raw/stage2/ds27_pangaea_ferrybox/DS27_PANGAEA_20260809T113713Z/HZG-Ferrybox_Cux-HarwNR1977.nc","scripts/00_downloads/stage2/20_acquire_ds27_pangaea_ferrybox.R","",TRUE,138688,"5c45789cab80c8c4ccd3569330c2bd19a9e621660122288386362de5c959c789","data/raw/stage2/ds27_pangaea_ferrybox/DS27_PANGAEA_20260809T113713Z/manifest.csv",FALSE,TRUE,"traceable"
"stage2","raw_evidence","data/raw/stage2/ds27_pangaea_ferrybox/DS27_PANGAEA_20260809T113713Z/HZG-Ferrybox_Cux-HarwNR1997.nc","scripts/00_downloads/stage2/20_acquire_ds27_pangaea_ferrybox.R","",TRUE,269596,"3dba0096d3031f5cf357c0940f6497846ce6a35968cb6ecf31eb338f24abf840","data/raw/stage2/ds27_pangaea_ferrybox/DS27_PANGAEA_20260809T113713Z/manifest.csv",FALSE,TRUE,"traceable"
"stage2","raw_evidence","data/raw/stage2/ds27_pangaea_ferrybox/DS27_PANGAEA_20260809T113713Z/HZG-Ferrybox_Cux-HarwNR20.nc","scripts/00_downloads/stage2/20_acquire_ds27_pangaea_ferrybox.R","",TRUE,270120,"1c02f619da8e4fd92be977c8bfc5f7ca00fc0919f37a47337baf5fe3673acb8d","data/raw/stage2/ds27_pangaea_ferrybox/DS27_PANGAEA_20260809T113713Z/manifest.csv",FALSE,TRUE,"traceable"
"stage2","raw_evidence","data/raw/stage2/ds27_pangaea_ferrybox/DS27_PANGAEA_20260809T113713Z/HZG-Ferrybox_Cux-HarwNR2037.nc","scripts/00_downloads/stage2/20_acquire_ds27_pangaea_ferrybox.R","",TRUE,265292,"d8516e2caca17287cc6240895974a04753efb539b8c3c0956551ec3630a3437b","data/raw/stage2/ds27_pangaea_ferrybox/DS27_PANGAEA_20260809T113713Z/manifest.csv",FALSE,TRUE,"traceable"
"stage2","raw_evidence","data/raw/stage2/ds27_pangaea_ferrybox/DS27_PANGAEA_20260809T113713Z/HZG-Ferrybox_Cux-HarwNR2077.nc","scripts/00_downloads/stage2/20_acquire_ds27_pangaea_ferrybox.R","",TRUE,264708,"d8fb6e58305b32c4c5adbdfdbf889597acfb9e7c3d3972f6157c38f9bb260423","data/raw/stage2/ds27_pangaea_ferrybox/DS27_PANGAEA_20260809T113713Z/manifest.csv",FALSE,TRUE,"traceable"
"stage2","raw_evidence","data/raw/stage2/ds27_pangaea_ferrybox/DS27_PANGAEA_20260809T113713Z/HZG-Ferrybox_Cux-HarwNR2177.nc","scripts/00_downloads/stage2/20_acquire_ds27_pangaea_ferrybox.R","",TRUE,265460,"ec59a5f26498941ac6b8c74f0daec41c1e05cbac78e6a65364af00d4bb5ebb07","data/raw/stage2/ds27_pangaea_ferrybox/DS27_PANGAEA_20260809T113713Z/manifest.csv",FALSE,TRUE,"traceable"
"stage2","raw_evidence","data/raw/stage2/ds27_pangaea_ferrybox/DS27_PANGAEA_20260809T113713Z/HZG-Ferrybox_Cux-HarwNR2197.nc","scripts/00_downloads/stage2/20_acquire_ds27_pangaea_ferrybox.R","",TRUE,264276,"a9e689f133b14cdbfde16ed0d1a0d09c830ef6f49d618cf7ab0173c129fb9e82","data/raw/stage2/ds27_pangaea_ferrybox/DS27_PANGAEA_20260809T113713Z/manifest.csv",FALSE,TRUE,"traceable"
"stage2","raw_evidence","data/raw/stage2/ds27_pangaea_ferrybox/DS27_PANGAEA_20260809T113713Z/HZG-Ferrybox_Cux-HarwNR22.nc","scripts/00_downloads/stage2/20_acquire_ds27_pangaea_ferrybox.R","",TRUE,268696,"284ec38e4e716dd5d6296e28f0da04d12231bf59280004d133aa602b418feeb4","data/raw/stage2/ds27_pangaea_ferrybox/DS27_PANGAEA_20260809T113713Z/manifest.csv",FALSE,TRUE,"traceable"
"stage2","raw_evidence","data/raw/stage2/ds27_pangaea_ferrybox/DS27_PANGAEA_20260809T113713Z/HZG-Ferrybox_Cux-HarwNR2257.nc","scripts/00_downloads/stage2/20_acquire_ds27_pangaea_ferrybox.R","",TRUE,264676,"a47126b4441e665a6d79ff1b8f4e17da87b62e930f2b7f90787acdc951c5aa1a","data/raw/stage2/ds27_pangaea_ferrybox/DS27_PANGAEA_20260809T113713Z/manifest.csv",FALSE,TRUE,"traceable"
"stage2","raw_evidence","data/raw/stage2/ds27_pangaea_ferrybox/DS27_PANGAEA_20260809T113713Z/HZG-Ferrybox_Cux-HarwNR2277.nc","scripts/00_downloads/stage2/20_acquire_ds27_pangaea_ferrybox.R","",TRUE,270088,"8e697657f33f704d74ff45f3429ae427cedf78170a1d723be414fb4a68c9259d","data/raw/stage2/ds27_pangaea_ferrybox/DS27_PANGAEA_20260809T113713Z/manifest.csv",FALSE,TRUE,"traceable"
"stage2","raw_evidence","data/raw/stage2/ds27_pangaea_ferrybox/DS27_PANGAEA_20260809T113713Z/HZG-Ferrybox_Cux-HarwNR2317.nc","scripts/00_downloads/stage2/20_acquire_ds27_pangaea_ferrybox.R","",TRUE,258372,"f1c9b9d7e6074e65ed6b811f20c47b58afa9ea878efb921105ede5a4f8031b99","data/raw/stage2/ds27_pangaea_ferrybox/DS27_PANGAEA_20260809T113713Z/manifest.csv",FALSE,TRUE,"traceable"
"stage2","raw_evidence","data/raw/stage2/ds27_pangaea_ferrybox/DS27_PANGAEA_20260809T113713Z/HZG-Ferrybox_Cux-HarwNR237.nc","scripts/00_downloads/stage2/20_acquire_ds27_pangaea_ferrybox.R","",TRUE,257880,"9b99a766283d6c7724b7896bc17c31781de47584c139396c6c7c270b5da54691","data/raw/stage2/ds27_pangaea_ferrybox/DS27_PANGAEA_20260809T113713Z/manifest.csv",FALSE,TRUE,"traceable"
"stage2","raw_evidence","data/raw/stage2/ds27_pangaea_ferrybox/DS27_PANGAEA_20260809T113713Z/HZG-Ferrybox_Cux-HarwNR2377.nc","scripts/00_downloads/stage2/20_acquire_ds27_pangaea_ferrybox.R","",TRUE,262048,"b8084fa7e8e0999b60170bd71a0facabfabbe0a750a251acbe927691cf47b188","data/raw/stage2/ds27_pangaea_ferrybox/DS27_PANGAEA_20260809T113713Z/manifest.csv",FALSE,TRUE,"traceable"
"stage2","raw_evidence","data/raw/stage2/ds27_pangaea_ferrybox/DS27_PANGAEA_20260809T113713Z/HZG-Ferrybox_Cux-HarwNR24.nc","scripts/00_downloads/stage2/20_acquire_ds27_pangaea_ferrybox.R","",TRUE,245408,"6a18fb2c513f2b220d1f59fd16b4b90a3b71b2ba19a887524f45fb14238631a4","data/raw/stage2/ds27_pangaea_ferrybox/DS27_PANGAEA_20260809T113713Z/manifest.csv",FALSE,TRUE,"traceable"
"stage2","raw_evidence","data/raw/stage2/ds27_pangaea_ferrybox/DS27_PANGAEA_20260809T113713Z/HZG-Ferrybox_Cux-HarwNR2557.nc","scripts/00_downloads/stage2/20_acquire_ds27_pangaea_ferrybox.R","",TRUE,243024,"d8f0d54aa401e15201ba83d45869a3a2c738c436f5fbc86d9905005cc148a534","data/raw/stage2/ds27_pangaea_ferrybox/DS27_PANGAEA_20260809T113713Z/manifest.csv",FALSE,TRUE,"traceable"
"stage2","raw_evidence","data/raw/stage2/ds27_pangaea_ferrybox/DS27_PANGAEA_20260809T113713Z/HZG-Ferrybox_Cux-HarwNR2597.nc","scripts/00_downloads/stage2/20_acquire_ds27_pangaea_ferrybox.R","",TRUE,208096,"ce198e323449f1a2065c9a3f49e97c42efd4387d879e2dce2fe19911867426b6","data/raw/stage2/ds27_pangaea_ferrybox/DS27_PANGAEA_20260809T113713Z/manifest.csv",FALSE,TRUE,"traceable"
"stage2","raw_evidence","data/raw/stage2/ds27_pangaea_ferrybox/DS27_PANGAEA_20260809T113713Z/HZG-Ferrybox_Cux-HarwNR26.nc","scripts/00_downloads/stage2/20_acquire_ds27_pangaea_ferrybox.R","",TRUE,249220,"99be30f9dfc2f5d5fb7293bbab0ec1726008d8b4b32ca0a066f87c72fe3acd7c","data/raw/stage2/ds27_pangaea_ferrybox/DS27_PANGAEA_20260809T113713Z/manifest.csv",FALSE,TRUE,"traceable"
"stage2","raw_evidence","data/raw/stage2/ds27_pangaea_ferrybox/DS27_PANGAEA_20260809T113713Z/HZG-Ferrybox_Cux-HarwNR2637.nc","scripts/00_downloads/stage2/20_acquire_ds27_pangaea_ferrybox.R","",TRUE,241844,"a7f10fccf3cfc5728f58fe495c0e5ccb98487b13e1942a3b3a81a9da8d92705c","data/raw/stage2/ds27_pangaea_ferrybox/DS27_PANGAEA_20260809T113713Z/manifest.csv",FALSE,TRUE,"traceable"
"stage2","raw_evidence","data/raw/stage2/ds27_pangaea_ferrybox/DS27_PANGAEA_20260809T113713Z/HZG-Ferrybox_Cux-HarwNR2677.nc","scripts/00_downloads/stage2/20_acquire_ds27_pangaea_ferrybox.R","",TRUE,263892,"88c37277e8a676f0fa9e94095f8095964bd5d0c8142ff872734fa0d466cc22ec","data/raw/stage2/ds27_pangaea_ferrybox/DS27_PANGAEA_20260809T113713Z/manifest.csv",FALSE,TRUE,"traceable"
"stage2","raw_evidence","data/raw/stage2/ds27_pangaea_ferrybox/DS27_PANGAEA_20260809T113713Z/HZG-Ferrybox_Cux-HarwNR2717.nc","scripts/00_downloads/stage2/20_acquire_ds27_pangaea_ferrybox.R","",TRUE,278936,"a4e54e5b9d42c22dc1409d79771ec36b1f1f34edb7f4f5c9bdee747775755631","data/raw/stage2/ds27_pangaea_ferrybox/DS27_PANGAEA_20260809T113713Z/manifest.csv",FALSE,TRUE,"traceable"
"stage2","raw_evidence","data/raw/stage2/ds27_pangaea_ferrybox/DS27_PANGAEA_20260809T113713Z/HZG-Ferrybox_Cux-HarwNR2757.nc","scripts/00_downloads/stage2/20_acquire_ds27_pangaea_ferrybox.R","",TRUE,266808,"887ce069f0617736419d238c29605988cb2121e31c47ba2f578e0b4abea476aa","data/raw/stage2/ds27_pangaea_ferrybox/DS27_PANGAEA_20260809T113713Z/manifest.csv",FALSE,TRUE,"traceable"
"stage2","raw_evidence","data/raw/stage2/ds27_pangaea_ferrybox/DS27_PANGAEA_20260809T113713Z/HZG-Ferrybox_Cux-HarwNR277.nc","scripts/00_downloads/stage2/20_acquire_ds27_pangaea_ferrybox.R","",TRUE,257328,"d6c264acc6812665f370594bc0b32e00632b92338e9590e32f68764da3a4a463","data/raw/stage2/ds27_pangaea_ferrybox/DS27_PANGAEA_20260809T113713Z/manifest.csv",FALSE,TRUE,"traceable"
"stage2","raw_evidence","data/raw/stage2/ds27_pangaea_ferrybox/DS27_PANGAEA_20260809T113713Z/HZG-Ferrybox_Cux-HarwNR2797.nc","scripts/00_downloads/stage2/20_acquire_ds27_pangaea_ferrybox.R","",TRUE,268808,"812c47f33e7beb7dc96c5e2869d1aaede344f71748a1992541023f661a99340f","data/raw/stage2/ds27_pangaea_ferrybox/DS27_PANGAEA_20260809T113713Z/manifest.csv",FALSE,TRUE,"traceable"
"stage2","raw_evidence","data/raw/stage2/ds27_pangaea_ferrybox/DS27_PANGAEA_20260809T113713Z/HZG-Ferrybox_Cux-HarwNR28.nc","scripts/00_downloads/stage2/20_acquire_ds27_pangaea_ferrybox.R","",TRUE,247648,"cd25ef13d0d7fca8965b1662944d0cae6424eca753854b5ff4bda1a85ecefe39","data/raw/stage2/ds27_pangaea_ferrybox/DS27_PANGAEA_20260809T113713Z/manifest.csv",FALSE,TRUE,"traceable"
"stage2","raw_evidence","data/raw/stage2/ds27_pangaea_ferrybox/DS27_PANGAEA_20260809T113713Z/HZG-Ferrybox_Cux-HarwNR2837.nc","scripts/00_downloads/stage2/20_acquire_ds27_pangaea_ferrybox.R","",TRUE,270836,"3f4a1e71add45b35be09cc1dea93bb2c45a9f5949362b767ee7435e8f78fe652","data/raw/stage2/ds27_pangaea_ferrybox/DS27_PANGAEA_20260809T113713Z/manifest.csv",FALSE,TRUE,"traceable"
"stage2","raw_evidence","data/raw/stage2/ds27_pangaea_ferrybox/DS27_PANGAEA_20260809T113713Z/HZG-Ferrybox_Cux-HarwNR2877.nc","scripts/00_downloads/stage2/20_acquire_ds27_pangaea_ferrybox.R","",TRUE,264600,"c0737afaf2295ad864f9df6a42e1d61db8db188203e7eb8532ccb5139abfd444","data/raw/stage2/ds27_pangaea_ferrybox/DS27_PANGAEA_20260809T113713Z/manifest.csv",FALSE,TRUE,"traceable"
"stage2","raw_evidence","data/raw/stage2/ds27_pangaea_ferrybox/DS27_PANGAEA_20260809T113713Z/HZG-Ferrybox_Cux-HarwNR2917.nc","scripts/00_downloads/stage2/20_acquire_ds27_pangaea_ferrybox.R","",TRUE,99784,"630dc39679dcb947e274dac2d73a7e8e37505a63a1a9966e1907ba77bede6886","data/raw/stage2/ds27_pangaea_ferrybox/DS27_PANGAEA_20260809T113713Z/manifest.csv",FALSE,TRUE,"traceable"
"stage2","raw_evidence","data/raw/stage2/ds27_pangaea_ferrybox/DS27_PANGAEA_20260809T113713Z/HZG-Ferrybox_Cux-HarwNR2937.nc","scripts/00_downloads/stage2/20_acquire_ds27_pangaea_ferrybox.R","",TRUE,108256,"9d5fa8e53b1eab6c7f59ab504052f4810314c23860eddf990601cb96eb7dab1f","data/raw/stage2/ds27_pangaea_ferrybox/DS27_PANGAEA_20260809T113713Z/manifest.csv",FALSE,TRUE,"traceable"
"stage2","raw_evidence","data/raw/stage2/ds27_pangaea_ferrybox/DS27_PANGAEA_20260809T113713Z/HZG-Ferrybox_Cux-HarwNR297.nc","scripts/00_downloads/stage2/20_acquire_ds27_pangaea_ferrybox.R","",TRUE,258080,"6852ad12eda1d821f4563df214cc896e4f79087847239024e2e2f870e8151dcc","data/raw/stage2/ds27_pangaea_ferrybox/DS27_PANGAEA_20260809T113713Z/manifest.csv",FALSE,TRUE,"traceable"
"stage2","raw_evidence","data/raw/stage2/ds27_pangaea_ferrybox/DS27_PANGAEA_20260809T113713Z/HZG-Ferrybox_Cux-HarwNR2977.nc","scripts/00_downloads/stage2/20_acquire_ds27_pangaea_ferrybox.R","",TRUE,269104,"d23008a9cc2a14f74119dfff8c5bbf054a54806ce2eef6a6400e7313d46bedf2","data/raw/stage2/ds27_pangaea_ferrybox/DS27_PANGAEA_20260809T113713Z/manifest.csv",FALSE,TRUE,"traceable"
"stage2","raw_evidence","data/raw/stage2/ds27_pangaea_ferrybox/DS27_PANGAEA_20260809T113713Z/HZG-Ferrybox_Cux-HarwNR3.nc","scripts/00_downloads/stage2/20_acquire_ds27_pangaea_ferrybox.R","",TRUE,190416,"f96d815605aee43e53b53624934309fe238de13127b6bd3938bc206927ad55a5","data/raw/stage2/ds27_pangaea_ferrybox/DS27_PANGAEA_20260809T113713Z/manifest.csv",FALSE,TRUE,"traceable"
"stage2","raw_evidence","data/raw/stage2/ds27_pangaea_ferrybox/DS27_PANGAEA_20260809T113713Z/HZG-Ferrybox_Cux-HarwNR30.nc","scripts/00_downloads/stage2/20_acquire_ds27_pangaea_ferrybox.R","",TRUE,245740,"0149839095e6e9e41a303ee554737ca07109d4ec484604f6109a07e849ac1b39","data/raw/stage2/ds27_pangaea_ferrybox/DS27_PANGAEA_20260809T113713Z/manifest.csv",FALSE,TRUE,"traceable"
"stage2","raw_evidence","data/raw/stage2/ds27_pangaea_ferrybox/DS27_PANGAEA_20260809T113713Z/HZG-Ferrybox_Cux-HarwNR3037.nc","scripts/00_downloads/stage2/20_acquire_ds27_pangaea_ferrybox.R","",TRUE,276608,"b3c5e4f4ee9c936abcbba3ad720c3b3b96323b5af9a92172b16897d1d1164291","data/raw/stage2/ds27_pangaea_ferrybox/DS27_PANGAEA_20260809T113713Z/manifest.csv",FALSE,TRUE,"traceable"
"stage2","raw_evidence","data/raw/stage2/ds27_pangaea_ferrybox/DS27_PANGAEA_20260809T113713Z/HZG-Ferrybox_Cux-HarwNR3077.nc","scripts/00_downloads/stage2/20_acquire_ds27_pangaea_ferrybox.R","",TRUE,268976,"15e0399ae0f0e1226aeadd2be5a12dd4d1cd7e0f8b1290222d00b5c9df5c4e84","data/raw/stage2/ds27_pangaea_ferrybox/DS27_PANGAEA_20260809T113713Z/manifest.csv",FALSE,TRUE,"traceable"
"stage2","raw_evidence","data/raw/stage2/ds27_pangaea_ferrybox/DS27_PANGAEA_20260809T113713Z/HZG-Ferrybox_Cux-HarwNR31.nc","scripts/00_downloads/stage2/20_acquire_ds27_pangaea_ferrybox.R","",TRUE,282052,"e47631f81280a4610c999c4d4d72bf852c1c0608da49804215056e8823832f72","data/raw/stage2/ds27_pangaea_ferrybox/DS27_PANGAEA_20260809T113713Z/manifest.csv",FALSE,TRUE,"traceable"
"stage2","raw_evidence","data/raw/stage2/ds27_pangaea_ferrybox/DS27_PANGAEA_20260809T113713Z/HZG-Ferrybox_Cux-HarwNR3117.nc","scripts/00_downloads/stage2/20_acquire_ds27_pangaea_ferrybox.R","",TRUE,266968,"d01254f800ded1638d308eab2fcb08e8a20d615619bc1228683798c4d8772f7b","data/raw/stage2/ds27_pangaea_ferrybox/DS27_PANGAEA_20260809T113713Z/manifest.csv",FALSE,TRUE,"traceable"
"stage2","raw_evidence","data/raw/stage2/ds27_pangaea_ferrybox/DS27_PANGAEA_20260809T113713Z/HZG-Ferrybox_Cux-HarwNR3157.nc","scripts/00_downloads/stage2/20_acquire_ds27_pangaea_ferrybox.R","",TRUE,266024,"33d005579d318a283bcb457acb5ea97bd115e3f33e66b4fdc11d51dedb564a4c","data/raw/stage2/ds27_pangaea_ferrybox/DS27_PANGAEA_20260809T113713Z/manifest.csv",FALSE,TRUE,"traceable"
"stage2","raw_evidence","data/raw/stage2/ds27_pangaea_ferrybox/DS27_PANGAEA_20260809T113713Z/HZG-Ferrybox_Cux-HarwNR3197.nc","scripts/00_downloads/stage2/20_acquire_ds27_pangaea_ferrybox.R","",TRUE,261688,"7f8f8ebc5606a1ef310b3c294856fb77ebee4d26ee73921cc0fe067c8d410482","data/raw/stage2/ds27_pangaea_ferrybox/DS27_PANGAEA_20260809T113713Z/manifest.csv",FALSE,TRUE,"traceable"
"stage2","raw_evidence","data/raw/stage2/ds27_pangaea_ferrybox/DS27_PANGAEA_20260809T113713Z/HZG-Ferrybox_Cux-HarwNR32.nc","scripts/00_downloads/stage2/20_acquire_ds27_pangaea_ferrybox.R","",TRUE,257380,"74bf5c1954a9b5115e647415d182b97e21ccb25ba605500d250880ce5162ff3c","data/raw/stage2/ds27_pangaea_ferrybox/DS27_PANGAEA_20260809T113713Z/manifest.csv",FALSE,TRUE,"traceable"
"stage2","raw_evidence","data/raw/stage2/ds27_pangaea_ferrybox/DS27_PANGAEA_20260809T113713Z/HZG-Ferrybox_Cux-HarwNR3349.nc","scripts/00_downloads/stage2/20_acquire_ds27_pangaea_ferrybox.R","",TRUE,268856,"c013ea4851ef0cc6287c411dff06db4e22f6b34b358c795d610417c1ea4451ca","data/raw/stage2/ds27_pangaea_ferrybox/DS27_PANGAEA_20260809T113713Z/manifest.csv",FALSE,TRUE,"traceable"
"stage2","raw_evidence","data/raw/stage2/ds27_pangaea_ferrybox/DS27_PANGAEA_20260809T113713Z/HZG-Ferrybox_Cux-HarwNR3351.nc","scripts/00_downloads/stage2/20_acquire_ds27_pangaea_ferrybox.R","",TRUE,267264,"b4ab9b9dc07e8fbee5f126305c571877ffdc391a9a9c033b2f442970dda991d2","data/raw/stage2/ds27_pangaea_ferrybox/DS27_PANGAEA_20260809T113713Z/manifest.csv",FALSE,TRUE,"traceable"
"stage2","raw_evidence","data/raw/stage2/ds27_pangaea_ferrybox/DS27_PANGAEA_20260809T113713Z/HZG-Ferrybox_Cux-HarwNR3353.nc","scripts/00_downloads/stage2/20_acquire_ds27_pangaea_ferrybox.R","",TRUE,248040,"4b557874b1c742f04d6034ff5b3298aa11fcb5b7fb42a1554e7d266c2bf98899","data/raw/stage2/ds27_pangaea_ferrybox/DS27_PANGAEA_20260809T113713Z/manifest.csv",FALSE,TRUE,"traceable"
"stage2","raw_evidence","data/raw/stage2/ds27_pangaea_ferrybox/DS27_PANGAEA_20260809T113713Z/HZG-Ferrybox_Cux-HarwNR3355.nc","scripts/00_downloads/stage2/20_acquire_ds27_pangaea_ferrybox.R","",TRUE,50420,"54dce0ce690dbf9dd628e1922198327432c399376a49a0436683017ae2f61b64","data/raw/stage2/ds27_pangaea_ferrybox/DS27_PANGAEA_20260809T113713Z/manifest.csv",FALSE,TRUE,"traceable"
"stage2","raw_evidence","data/raw/stage2/ds27_pangaea_ferrybox/DS27_PANGAEA_20260809T113713Z/HZG-Ferrybox_Cux-HarwNR3356.nc","scripts/00_downloads/stage2/20_acquire_ds27_pangaea_ferrybox.R","",TRUE,267004,"b1a63875261022166f25b1d0919bd8391df6e4ebf4a22af063d20179d3162fc8","data/raw/stage2/ds27_pangaea_ferrybox/DS27_PANGAEA_20260809T113713Z/manifest.csv",FALSE,TRUE,"traceable"
"stage2","raw_evidence","data/raw/stage2/ds27_pangaea_ferrybox/DS27_PANGAEA_20260809T113713Z/HZG-Ferrybox_Cux-HarwNR3358.nc","scripts/00_downloads/stage2/20_acquire_ds27_pangaea_ferrybox.R","",TRUE,236632,"36366b29482b877f841a8353d3e3262fbf50fc7cb0005dd5ae104716c5a82595","data/raw/stage2/ds27_pangaea_ferrybox/DS27_PANGAEA_20260809T113713Z/manifest.csv",FALSE,TRUE,"traceable"
"stage2","raw_evidence","data/raw/stage2/ds27_pangaea_ferrybox/DS27_PANGAEA_20260809T113713Z/HZG-Ferrybox_Cux-HarwNR3360.nc","scripts/00_downloads/stage2/20_acquire_ds27_pangaea_ferrybox.R","",TRUE,268612,"0d4877cad66f728cf37090548c2f6d1b53b143852c7f37fce2ce98687bc43ee6","data/raw/stage2/ds27_pangaea_ferrybox/DS27_PANGAEA_20260809T113713Z/manifest.csv",FALSE,TRUE,"traceable"
"stage2","raw_evidence","data/raw/stage2/ds27_pangaea_ferrybox/DS27_PANGAEA_20260809T113713Z/HZG-Ferrybox_Cux-HarwNR3362.nc","scripts/00_downloads/stage2/20_acquire_ds27_pangaea_ferrybox.R","",TRUE,268448,"3a55d64f7023ecd41e06f256e30eda81a9bfe5b8e5131c4eeba1fb5dd6b09d28","data/raw/stage2/ds27_pangaea_ferrybox/DS27_PANGAEA_20260809T113713Z/manifest.csv",FALSE,TRUE,"traceable"
"stage2","raw_evidence","data/raw/stage2/ds27_pangaea_ferrybox/DS27_PANGAEA_20260809T113713Z/HZG-Ferrybox_Cux-HarwNR337.nc","scripts/00_downloads/stage2/20_acquire_ds27_pangaea_ferrybox.R","",TRUE,255584,"249ffb83c440c9a15b68f4ac475e355d220772984d0e27c1541788675948ccaa","data/raw/stage2/ds27_pangaea_ferrybox/DS27_PANGAEA_20260809T113713Z/manifest.csv",FALSE,TRUE,"traceable"
"stage2","raw_evidence","data/raw/stage2/ds27_pangaea_ferrybox/DS27_PANGAEA_20260809T113713Z/HZG-Ferrybox_Cux-HarwNR3377.nc","scripts/00_downloads/stage2/20_acquire_ds27_pangaea_ferrybox.R","",TRUE,267792,"5a01e8ed8e6a07fca050995a923c2eb85f4fd5cbca544a5f9d3169a78f433530","data/raw/stage2/ds27_pangaea_ferrybox/DS27_PANGAEA_20260809T113713Z/manifest.csv",FALSE,TRUE,"traceable"
"stage2","raw_evidence","data/raw/stage2/ds27_pangaea_ferrybox/DS27_PANGAEA_20260809T113713Z/HZG-Ferrybox_Cux-HarwNR34.nc","scripts/00_downloads/stage2/20_acquire_ds27_pangaea_ferrybox.R","",TRUE,239612,"36bdbe27eec50a32f484ff1cc07902ca845e75264a119a3bc893845251d86611","data/raw/stage2/ds27_pangaea_ferrybox/DS27_PANGAEA_20260809T113713Z/manifest.csv",FALSE,TRUE,"traceable"
"stage2","raw_evidence","data/raw/stage2/ds27_pangaea_ferrybox/DS27_PANGAEA_20260809T113713Z/HZG-Ferrybox_Cux-HarwNR3417.nc","scripts/00_downloads/stage2/20_acquire_ds27_pangaea_ferrybox.R","",TRUE,272872,"08b395f92357686437c7bf43d93f3555a302e08d57c412519227ab2ddb3944d4","data/raw/stage2/ds27_pangaea_ferrybox/DS27_PANGAEA_20260809T113713Z/manifest.csv",FALSE,TRUE,"traceable"
"stage2","raw_evidence","data/raw/stage2/ds27_pangaea_ferrybox/DS27_PANGAEA_20260809T113713Z/HZG-Ferrybox_Cux-HarwNR3457.nc","scripts/00_downloads/stage2/20_acquire_ds27_pangaea_ferrybox.R","",TRUE,267428,"546618fb19d9377e795d3ab9b6bbaf326f9259b560c5319ea6d6bfc22c9a6d9f","data/raw/stage2/ds27_pangaea_ferrybox/DS27_PANGAEA_20260809T113713Z/manifest.csv",FALSE,TRUE,"traceable"
"stage2","raw_evidence","data/raw/stage2/ds27_pangaea_ferrybox/DS27_PANGAEA_20260809T113713Z/HZG-Ferrybox_Cux-HarwNR3497.nc","scripts/00_downloads/stage2/20_acquire_ds27_pangaea_ferrybox.R","",TRUE,270672,"949f0f80d6e174189b31cb16e9c2ad308447e505ec1ba3beaf74c23403d0f8e8","data/raw/stage2/ds27_pangaea_ferrybox/DS27_PANGAEA_20260809T113713Z/manifest.csv",FALSE,TRUE,"traceable"
"stage2","raw_evidence","data/raw/stage2/ds27_pangaea_ferrybox/DS27_PANGAEA_20260809T113713Z/HZG-Ferrybox_Cux-HarwNR3577.nc","scripts/00_downloads/stage2/20_acquire_ds27_pangaea_ferrybox.R","",TRUE,267628,"4a4d0d3ea0cb37616e2c429e82748798377cd690ebe5cfad58e69c8e0c92ae19","data/raw/stage2/ds27_pangaea_ferrybox/DS27_PANGAEA_20260809T113713Z/manifest.csv",FALSE,TRUE,"traceable"
"stage2","raw_evidence","data/raw/stage2/ds27_pangaea_ferrybox/DS27_PANGAEA_20260809T113713Z/HZG-Ferrybox_Cux-HarwNR3597.nc","scripts/00_downloads/stage2/20_acquire_ds27_pangaea_ferrybox.R","",TRUE,267060,"f002b0fe388e34e0abd935cda6d1614b7a4207c09d0777373f4baf4cf4cc3d99","data/raw/stage2/ds27_pangaea_ferrybox/DS27_PANGAEA_20260809T113713Z/manifest.csv",FALSE,TRUE,"traceable"
"stage2","raw_evidence","data/raw/stage2/ds27_pangaea_ferrybox/DS27_PANGAEA_20260809T113713Z/HZG-Ferrybox_Cux-HarwNR36.nc","scripts/00_downloads/stage2/20_acquire_ds27_pangaea_ferrybox.R","",TRUE,77840,"6c99d23cc054cfc78bc680d0eee8e536cd4451afb8933cd87019ad1115d7bb48","data/raw/stage2/ds27_pangaea_ferrybox/DS27_PANGAEA_20260809T113713Z/manifest.csv",FALSE,TRUE,"traceable"
"stage2","raw_evidence","data/raw/stage2/ds27_pangaea_ferrybox/DS27_PANGAEA_20260809T113713Z/HZG-Ferrybox_Cux-HarwNR3657.nc","scripts/00_downloads/stage2/20_acquire_ds27_pangaea_ferrybox.R","",TRUE,309444,"4cfcd0769f057e5f7c93a62ce4eae98d178f2c5733453d822421c917e3420124","data/raw/stage2/ds27_pangaea_ferrybox/DS27_PANGAEA_20260809T113713Z/manifest.csv",FALSE,TRUE,"traceable"
"stage2","raw_evidence","data/raw/stage2/ds27_pangaea_ferrybox/DS27_PANGAEA_20260809T113713Z/HZG-Ferrybox_Cux-HarwNR3677.nc","scripts/00_downloads/stage2/20_acquire_ds27_pangaea_ferrybox.R","",TRUE,260212,"d839d96e4bfe00fbddcd4b46e7ddd843079249ff8c5e97ce5fe9ff022c12bde0","data/raw/stage2/ds27_pangaea_ferrybox/DS27_PANGAEA_20260809T113713Z/manifest.csv",FALSE,TRUE,"traceable"
"stage2","raw_evidence","data/raw/stage2/ds27_pangaea_ferrybox/DS27_PANGAEA_20260809T113713Z/HZG-Ferrybox_Cux-HarwNR3697.nc","scripts/00_downloads/stage2/20_acquire_ds27_pangaea_ferrybox.R","",TRUE,269632,"faa30dd4b5736655d9856bbc222dd946b956be41af750603515a38c2cc15fb25","data/raw/stage2/ds27_pangaea_ferrybox/DS27_PANGAEA_20260809T113713Z/manifest.csv",FALSE,TRUE,"traceable"
"stage2","raw_evidence","data/raw/stage2/ds27_pangaea_ferrybox/DS27_PANGAEA_20260809T113713Z/HZG-Ferrybox_Cux-HarwNR37.nc","scripts/00_downloads/stage2/20_acquire_ds27_pangaea_ferrybox.R","",TRUE,255580,"873cb3b8ba4df13cbe486e1cc64f6287232b8b65b2c89a1812b267919b2efffd","data/raw/stage2/ds27_pangaea_ferrybox/DS27_PANGAEA_20260809T113713Z/manifest.csv",FALSE,TRUE,"traceable"
"stage2","raw_evidence","data/raw/stage2/ds27_pangaea_ferrybox/DS27_PANGAEA_20260809T113713Z/HZG-Ferrybox_Cux-HarwNR3737.nc","scripts/00_downloads/stage2/20_acquire_ds27_pangaea_ferrybox.R","",TRUE,267428,"401349bfba52320bfa7ffdbc5afe6e190e3271e7d601a68825c2c37a48dd7edf","data/raw/stage2/ds27_pangaea_ferrybox/DS27_PANGAEA_20260809T113713Z/manifest.csv",FALSE,TRUE,"traceable"
"stage2","raw_evidence","data/raw/stage2/ds27_pangaea_ferrybox/DS27_PANGAEA_20260809T113713Z/HZG-Ferrybox_Cux-HarwNR3757.nc","scripts/00_downloads/stage2/20_acquire_ds27_pangaea_ferrybox.R","",TRUE,275500,"fa9923538f88cab9ff52132c6b8da37666e0d543e6ee3c87f3e2d52bbd4f1a6d","data/raw/stage2/ds27_pangaea_ferrybox/DS27_PANGAEA_20260809T113713Z/manifest.csv",FALSE,TRUE,"traceable"
"stage2","raw_evidence","data/raw/stage2/ds27_pangaea_ferrybox/DS27_PANGAEA_20260809T113713Z/HZG-Ferrybox_Cux-HarwNR377.nc","scripts/00_downloads/stage2/20_acquire_ds27_pangaea_ferrybox.R","",TRUE,248204,"928394995110e00dcdac7952e84a357efa6fe5299b00c7093c1fef0d3915449f","data/raw/stage2/ds27_pangaea_ferrybox/DS27_PANGAEA_20260809T113713Z/manifest.csv",FALSE,TRUE,"traceable"
"stage2","raw_evidence","data/raw/stage2/ds27_pangaea_ferrybox/DS27_PANGAEA_20260809T113713Z/HZG-Ferrybox_Cux-HarwNR3777.nc","scripts/00_downloads/stage2/20_acquire_ds27_pangaea_ferrybox.R","",TRUE,266972,"97df9507c10b65297a71741a47c81fcbfb4c3b0135ede59c426921c24d33944f","data/raw/stage2/ds27_pangaea_ferrybox/DS27_PANGAEA_20260809T113713Z/manifest.csv",FALSE,TRUE,"traceable"
"stage2","raw_evidence","data/raw/stage2/ds27_pangaea_ferrybox/DS27_PANGAEA_20260809T113713Z/HZG-Ferrybox_Cux-HarwNR3817.nc","scripts/00_downloads/stage2/20_acquire_ds27_pangaea_ferrybox.R","",TRUE,266080,"d9f370101cd6c8ad6229e537c260f22353cfa35d95bc420bd0722fd9ae159334","data/raw/stage2/ds27_pangaea_ferrybox/DS27_PANGAEA_20260809T113713Z/manifest.csv",FALSE,TRUE,"traceable"
"stage2","raw_evidence","data/raw/stage2/ds27_pangaea_ferrybox/DS27_PANGAEA_20260809T113713Z/HZG-Ferrybox_Cux-HarwNR3857.nc","scripts/00_downloads/stage2/20_acquire_ds27_pangaea_ferrybox.R","",TRUE,267988,"ab02a87a158dc4b98609a798f3587ad40453b896787e9d8b29bd02d40c9f9eb3","data/raw/stage2/ds27_pangaea_ferrybox/DS27_PANGAEA_20260809T113713Z/manifest.csv",FALSE,TRUE,"traceable"
"stage2","raw_evidence","data/raw/stage2/ds27_pangaea_ferrybox/DS27_PANGAEA_20260809T113713Z/HZG-Ferrybox_Cux-HarwNR3897.nc","scripts/00_downloads/stage2/20_acquire_ds27_pangaea_ferrybox.R","",TRUE,252632,"5fa7ffa443f03036537ca5f78213dc84984a8d5a2aa0f8f4474be969d4c6bd0c","data/raw/stage2/ds27_pangaea_ferrybox/DS27_PANGAEA_20260809T113713Z/manifest.csv",FALSE,TRUE,"traceable"
"stage2","raw_evidence","data/raw/stage2/ds27_pangaea_ferrybox/DS27_PANGAEA_20260809T113713Z/HZG-Ferrybox_Cux-HarwNR3938.nc","scripts/00_downloads/stage2/20_acquire_ds27_pangaea_ferrybox.R","",TRUE,263692,"7c19432a01669812f8e9a6c329e3c8f000a42030159bc384316e38aa66b85cea","data/raw/stage2/ds27_pangaea_ferrybox/DS27_PANGAEA_20260809T113713Z/manifest.csv",FALSE,TRUE,"traceable"
"stage2","raw_evidence","data/raw/stage2/ds27_pangaea_ferrybox/DS27_PANGAEA_20260809T113713Z/HZG-Ferrybox_Cux-HarwNR397.nc","scripts/00_downloads/stage2/20_acquire_ds27_pangaea_ferrybox.R","",TRUE,254052,"d668400d8dc1faf3def10fd39379822285b15c947711016f43c556975ecc96ae","data/raw/stage2/ds27_pangaea_ferrybox/DS27_PANGAEA_20260809T113713Z/manifest.csv",FALSE,TRUE,"traceable"
"stage2","raw_evidence","data/raw/stage2/ds27_pangaea_ferrybox/DS27_PANGAEA_20260809T113713Z/HZG-Ferrybox_Cux-HarwNR40.nc","scripts/00_downloads/stage2/20_acquire_ds27_pangaea_ferrybox.R","",TRUE,262904,"ab8b041d785d0679f473cc7b7313849dbd164fa66dfe8002f84d11547fad3d06","data/raw/stage2/ds27_pangaea_ferrybox/DS27_PANGAEA_20260809T113713Z/manifest.csv",FALSE,TRUE,"traceable"
"stage2","raw_evidence","data/raw/stage2/ds27_pangaea_ferrybox/DS27_PANGAEA_20260809T113713Z/HZG-Ferrybox_Cux-HarwNR4038.nc","scripts/00_downloads/stage2/20_acquire_ds27_pangaea_ferrybox.R","",TRUE,268772,"88e9e17d53b2fe09124d52552e44da0571a968d3681a81762f5b19b02e976834","data/raw/stage2/ds27_pangaea_ferrybox/DS27_PANGAEA_20260809T113713Z/manifest.csv",FALSE,TRUE,"traceable"
"stage2","raw_evidence","data/raw/stage2/ds27_pangaea_ferrybox/DS27_PANGAEA_20260809T113713Z/HZG-Ferrybox_Cux-HarwNR4058.nc","scripts/00_downloads/stage2/20_acquire_ds27_pangaea_ferrybox.R","",TRUE,231220,"b9e5c904662c01bdeb61095fcd74fc4cf4f76a73c0f75ac6463a3b1d07694c2c","data/raw/stage2/ds27_pangaea_ferrybox/DS27_PANGAEA_20260809T113713Z/manifest.csv",FALSE,TRUE,"traceable"
"stage2","raw_evidence","data/raw/stage2/ds27_pangaea_ferrybox/DS27_PANGAEA_20260809T113713Z/HZG-Ferrybox_Cux-HarwNR4060.nc","scripts/00_downloads/stage2/20_acquire_ds27_pangaea_ferrybox.R","",TRUE,270416,"568e5a378c7b67dc8db70ca361a1cbcf7e10a4a8558a08d60918e5aff0c917b1","data/raw/stage2/ds27_pangaea_ferrybox/DS27_PANGAEA_20260809T113713Z/manifest.csv",FALSE,TRUE,"traceable"
"stage2","raw_evidence","data/raw/stage2/ds27_pangaea_ferrybox/DS27_PANGAEA_20260809T113713Z/HZG-Ferrybox_Cux-HarwNR4062.nc","scripts/00_downloads/stage2/20_acquire_ds27_pangaea_ferrybox.R","",TRUE,270088,"da043b042222dfc9195d17826e8c13144dc773e05783cc5035a0f35d3a0019e0","data/raw/stage2/ds27_pangaea_ferrybox/DS27_PANGAEA_20260809T113713Z/manifest.csv",FALSE,TRUE,"traceable"
"stage2","raw_evidence","data/raw/stage2/ds27_pangaea_ferrybox/DS27_PANGAEA_20260809T113713Z/HZG-Ferrybox_Cux-HarwNR4137.nc","scripts/00_downloads/stage2/20_acquire_ds27_pangaea_ferrybox.R","",TRUE,263492,"6cf57919424263712b28ae91def9b4955df59efd92cdf61674ac745d99c1ac72","data/raw/stage2/ds27_pangaea_ferrybox/DS27_PANGAEA_20260809T113713Z/manifest.csv",FALSE,TRUE,"traceable"
"stage2","raw_evidence","data/raw/stage2/ds27_pangaea_ferrybox/DS27_PANGAEA_20260809T113713Z/HZG-Ferrybox_Cux-HarwNR42.nc","scripts/00_downloads/stage2/20_acquire_ds27_pangaea_ferrybox.R","",TRUE,256180,"bd42e36d416ae572386be4ca444a4f8dc1e6eb3f609610e4c870dd22241312a5","data/raw/stage2/ds27_pangaea_ferrybox/DS27_PANGAEA_20260809T113713Z/manifest.csv",FALSE,TRUE,"traceable"
"stage2","raw_evidence","data/raw/stage2/ds27_pangaea_ferrybox/DS27_PANGAEA_20260809T113713Z/HZG-Ferrybox_Cux-HarwNR4297.nc","scripts/00_downloads/stage2/20_acquire_ds27_pangaea_ferrybox.R","",TRUE,273732,"ece8d4b6cb8391b40767d50162354b789e39ab5045090551970e3a6adade6112","data/raw/stage2/ds27_pangaea_ferrybox/DS27_PANGAEA_20260809T113713Z/manifest.csv",FALSE,TRUE,"traceable"
"stage2","raw_evidence","data/raw/stage2/ds27_pangaea_ferrybox/DS27_PANGAEA_20260809T113713Z/HZG-Ferrybox_Cux-HarwNR437.nc","scripts/00_downloads/stage2/20_acquire_ds27_pangaea_ferrybox.R","",TRUE,251588,"047cbad5d9abc985142ee6b490706ba9af57b08ab7c037c475472f2fafacbf39","data/raw/stage2/ds27_pangaea_ferrybox/DS27_PANGAEA_20260809T113713Z/manifest.csv",FALSE,TRUE,"traceable"
"stage2","raw_evidence","data/raw/stage2/ds27_pangaea_ferrybox/DS27_PANGAEA_20260809T113713Z/HZG-Ferrybox_Cux-HarwNR4377.nc","scripts/00_downloads/stage2/20_acquire_ds27_pangaea_ferrybox.R","",TRUE,269760,"5f4a349015a1e6433d30c5bcc47632cc992dcd8f253445fb25cd0d9d1ae117a1","data/raw/stage2/ds27_pangaea_ferrybox/DS27_PANGAEA_20260809T113713Z/manifest.csv",FALSE,TRUE,"traceable"
"stage2","raw_evidence","data/raw/stage2/ds27_pangaea_ferrybox/DS27_PANGAEA_20260809T113713Z/HZG-Ferrybox_Cux-HarwNR44.nc","scripts/00_downloads/stage2/20_acquire_ds27_pangaea_ferrybox.R","",TRUE,260772,"7a0f95cc6f44095986de12ed9236550da9e639ef296de05b784105741d744a68","data/raw/stage2/ds27_pangaea_ferrybox/DS27_PANGAEA_20260809T113713Z/manifest.csv",FALSE,TRUE,"traceable"
"stage2","raw_evidence","data/raw/stage2/ds27_pangaea_ferrybox/DS27_PANGAEA_20260809T113713Z/HZG-Ferrybox_Cux-HarwNR4417.nc","scripts/00_downloads/stage2/20_acquire_ds27_pangaea_ferrybox.R","",TRUE,269432,"fece6ef066b95a03c4900088e982036e89ff1305c8a6f6302649ea98df9d9b0d","data/raw/stage2/ds27_pangaea_ferrybox/DS27_PANGAEA_20260809T113713Z/manifest.csv",FALSE,TRUE,"traceable"
"stage2","raw_evidence","data/raw/stage2/ds27_pangaea_ferrybox/DS27_PANGAEA_20260809T113713Z/HZG-Ferrybox_Cux-HarwNR4457.nc","scripts/00_downloads/stage2/20_acquire_ds27_pangaea_ferrybox.R","",TRUE,273496,"e516b6a9831a0009b43d6a08634af02f9d4edb5088ddb3bf96323c7cbb8df754","data/raw/stage2/ds27_pangaea_ferrybox/DS27_PANGAEA_20260809T113713Z/manifest.csv",FALSE,TRUE,"traceable"
"stage2","raw_evidence","data/raw/stage2/ds27_pangaea_ferrybox/DS27_PANGAEA_20260809T113713Z/HZG-Ferrybox_Cux-HarwNR4497.nc","scripts/00_downloads/stage2/20_acquire_ds27_pangaea_ferrybox.R","",TRUE,263492,"4a796a207542080c37d02f93031f4f8c6c250128b82d4b4586625ec001a4feaa","data/raw/stage2/ds27_pangaea_ferrybox/DS27_PANGAEA_20260809T113713Z/manifest.csv",FALSE,TRUE,"traceable"
"stage2","raw_evidence","data/raw/stage2/ds27_pangaea_ferrybox/DS27_PANGAEA_20260809T113713Z/HZG-Ferrybox_Cux-HarwNR4537.nc","scripts/00_downloads/stage2/20_acquire_ds27_pangaea_ferrybox.R","",TRUE,266804,"adc22e50d6fc3a4080525b97a5f04172f35a5ae979d3e86fe3118d4f87574206","data/raw/stage2/ds27_pangaea_ferrybox/DS27_PANGAEA_20260809T113713Z/manifest.csv",FALSE,TRUE,"traceable"
"stage2","raw_evidence","data/raw/stage2/ds27_pangaea_ferrybox/DS27_PANGAEA_20260809T113713Z/HZG-Ferrybox_Cux-HarwNR4577.nc","scripts/00_downloads/stage2/20_acquire_ds27_pangaea_ferrybox.R","",TRUE,264876,"cef12b2b1981c5855df5128fba1fe7d9af1675d9fea2d6c8805f7ea7c7990c82","data/raw/stage2/ds27_pangaea_ferrybox/DS27_PANGAEA_20260809T113713Z/manifest.csv",FALSE,TRUE,"traceable"
"stage2","raw_evidence","data/raw/stage2/ds27_pangaea_ferrybox/DS27_PANGAEA_20260809T113713Z/HZG-Ferrybox_Cux-HarwNR4597.nc","scripts/00_downloads/stage2/20_acquire_ds27_pangaea_ferrybox.R","",TRUE,264840,"e0550de03538ccaee57b3b3b03dc043fd003c3383bb1f010c44c94cebb22df58","data/raw/stage2/ds27_pangaea_ferrybox/DS27_PANGAEA_20260809T113713Z/manifest.csv",FALSE,TRUE,"traceable"
"stage2","raw_evidence","data/raw/stage2/ds27_pangaea_ferrybox/DS27_PANGAEA_20260809T113713Z/HZG-Ferrybox_Cux-HarwNR46.nc","scripts/00_downloads/stage2/20_acquire_ds27_pangaea_ferrybox.R","",TRUE,256964,"8466f796369ef441ed92ab66b442382bb495d0bd64304438893e84e0f0de01e2","data/raw/stage2/ds27_pangaea_ferrybox/DS27_PANGAEA_20260809T113713Z/manifest.csv",FALSE,TRUE,"traceable"
"stage2","raw_evidence","data/raw/stage2/ds27_pangaea_ferrybox/DS27_PANGAEA_20260809T113713Z/HZG-Ferrybox_Cux-HarwNR4637.nc","scripts/00_downloads/stage2/20_acquire_ds27_pangaea_ferrybox.R","",TRUE,240892,"d50e3ac243e018b97384a3e6da652fe1a6c209b9b2f5ecfa43da2b1dd525978d","data/raw/stage2/ds27_pangaea_ferrybox/DS27_PANGAEA_20260809T113713Z/manifest.csv",FALSE,TRUE,"traceable"
"stage2","raw_evidence","data/raw/stage2/ds27_pangaea_ferrybox/DS27_PANGAEA_20260809T113713Z/HZG-Ferrybox_Cux-HarwNR4677.nc","scripts/00_downloads/stage2/20_acquire_ds27_pangaea_ferrybox.R","",TRUE,270344,"5649aac3a2b35bbcb4513ead4c51caab49cd9f346e73e4e5578269b062848042","data/raw/stage2/ds27_pangaea_ferrybox/DS27_PANGAEA_20260809T113713Z/manifest.csv",FALSE,TRUE,"traceable"
"stage2","raw_evidence","data/raw/stage2/ds27_pangaea_ferrybox/DS27_PANGAEA_20260809T113713Z/HZG-Ferrybox_Cux-HarwNR47.nc","scripts/00_downloads/stage2/20_acquire_ds27_pangaea_ferrybox.R","",TRUE,238468,"c8dc325f6cf1c1e771e672b3b311b9343c92f03d296b0b1acca36fc4ca6fc714","data/raw/stage2/ds27_pangaea_ferrybox/DS27_PANGAEA_20260809T113713Z/manifest.csv",FALSE,TRUE,"traceable"
"stage2","raw_evidence","data/raw/stage2/ds27_pangaea_ferrybox/DS27_PANGAEA_20260809T113713Z/HZG-Ferrybox_Cux-HarwNR477.nc","scripts/00_downloads/stage2/20_acquire_ds27_pangaea_ferrybox.R","",TRUE,251392,"88973504485f7f3788f9400cfb1688147711757ac9d79ef7778e8bef65763d38","data/raw/stage2/ds27_pangaea_ferrybox/DS27_PANGAEA_20260809T113713Z/manifest.csv",FALSE,TRUE,"traceable"
"stage2","raw_evidence","data/raw/stage2/ds27_pangaea_ferrybox/DS27_PANGAEA_20260809T113713Z/HZG-Ferrybox_Cux-HarwNR4777.nc","scripts/00_downloads/stage2/20_acquire_ds27_pangaea_ferrybox.R","",TRUE,263856,"7fc70a9dfc8288479c2b25b7bc72bb2751175cf938bb4ba59c0bd3fc3c17dcdc","data/raw/stage2/ds27_pangaea_ferrybox/DS27_PANGAEA_20260809T113713Z/manifest.csv",FALSE,TRUE,"traceable"
"stage2","raw_evidence","data/raw/stage2/ds27_pangaea_ferrybox/DS27_PANGAEA_20260809T113713Z/HZG-Ferrybox_Cux-HarwNR4837.nc","scripts/00_downloads/stage2/20_acquire_ds27_pangaea_ferrybox.R","",TRUE,267100,"4fcec883460587ff66f1c9fa2f4035767830d776924bfbc147267934c09a3fed","data/raw/stage2/ds27_pangaea_ferrybox/DS27_PANGAEA_20260809T113713Z/manifest.csv",FALSE,TRUE,"traceable"
"stage2","raw_evidence","data/raw/stage2/ds27_pangaea_ferrybox/DS27_PANGAEA_20260809T113713Z/HZG-Ferrybox_Cux-HarwNR4857.nc","scripts/00_downloads/stage2/20_acquire_ds27_pangaea_ferrybox.R","",TRUE,263292,"005cea5851e09b0fe8c0062b66bfca0e87507c53afcb6f38f0d0879d9e2d8bd1","data/raw/stage2/ds27_pangaea_ferrybox/DS27_PANGAEA_20260809T113713Z/manifest.csv",FALSE,TRUE,"traceable"
"stage2","raw_evidence","data/raw/stage2/ds27_pangaea_ferrybox/DS27_PANGAEA_20260809T113713Z/HZG-Ferrybox_Cux-HarwNR4897.nc","scripts/00_downloads/stage2/20_acquire_ds27_pangaea_ferrybox.R","",TRUE,265456,"0a598b277ca55e7e691ae9f9f5fa1af259a1c0657cb6026d2ef891971b7b60f9","data/raw/stage2/ds27_pangaea_ferrybox/DS27_PANGAEA_20260809T113713Z/manifest.csv",FALSE,TRUE,"traceable"
"stage2","raw_evidence","data/raw/stage2/ds27_pangaea_ferrybox/DS27_PANGAEA_20260809T113713Z/HZG-Ferrybox_Cux-HarwNR49.nc","scripts/00_downloads/stage2/20_acquire_ds27_pangaea_ferrybox.R","",TRUE,264436,"85526f576abed7c51cc62187b2ab474d178e4ea80b75551033043201633d512b","data/raw/stage2/ds27_pangaea_ferrybox/DS27_PANGAEA_20260809T113713Z/manifest.csv",FALSE,TRUE,"traceable"
"stage2","raw_evidence","data/raw/stage2/ds27_pangaea_ferrybox/DS27_PANGAEA_20260809T113713Z/HZG-Ferrybox_Cux-HarwNR4937.nc","scripts/00_downloads/stage2/20_acquire_ds27_pangaea_ferrybox.R","",TRUE,267500,"06cf34d997e208a06c05bfb2132bea989dab8433906de88fd346d870515e67b9","data/raw/stage2/ds27_pangaea_ferrybox/DS27_PANGAEA_20260809T113713Z/manifest.csv",FALSE,TRUE,"traceable"
"stage2","raw_evidence","data/raw/stage2/ds27_pangaea_ferrybox/DS27_PANGAEA_20260809T113713Z/HZG-Ferrybox_Cux-HarwNR4957.nc","scripts/00_downloads/stage2/20_acquire_ds27_pangaea_ferrybox.R","",TRUE,266152,"daa93fd1af155a4da4b2a50147f746cc92388c2b7d5acac65a209ac236d772dd","data/raw/stage2/ds27_pangaea_ferrybox/DS27_PANGAEA_20260809T113713Z/manifest.csv",FALSE,TRUE,"traceable"
"stage2","raw_evidence","data/raw/stage2/ds27_pangaea_ferrybox/DS27_PANGAEA_20260809T113713Z/HZG-Ferrybox_Cux-HarwNR5.nc","scripts/00_downloads/stage2/20_acquire_ds27_pangaea_ferrybox.R","",TRUE,243224,"222d052ae45ca0c80ecfd32f8880553243b00f200a9c7ab0aecdbca15fe27c8e","data/raw/stage2/ds27_pangaea_ferrybox/DS27_PANGAEA_20260809T113713Z/manifest.csv",FALSE,TRUE,"traceable"
"stage2","raw_evidence","data/raw/stage2/ds27_pangaea_ferrybox/DS27_PANGAEA_20260809T113713Z/HZG-Ferrybox_Cux-HarwNR5037.nc","scripts/00_downloads/stage2/20_acquire_ds27_pangaea_ferrybox.R","",TRUE,268408,"e0cf5c9c92eece14d15ae07e6af111d1061f0d95b45db27a92f12aea64b04fa6","data/raw/stage2/ds27_pangaea_ferrybox/DS27_PANGAEA_20260809T113713Z/manifest.csv",FALSE,TRUE,"traceable"
"stage2","raw_evidence","data/raw/stage2/ds27_pangaea_ferrybox/DS27_PANGAEA_20260809T113713Z/HZG-Ferrybox_Cux-HarwNR5077.nc","scripts/00_downloads/stage2/20_acquire_ds27_pangaea_ferrybox.R","",TRUE,268084,"6ca19bb8160d85732b96df4cb2e03dd4c35ec8f954ffd55605cc64c8b2fc485a","data/raw/stage2/ds27_pangaea_ferrybox/DS27_PANGAEA_20260809T113713Z/manifest.csv",FALSE,TRUE,"traceable"
"stage2","raw_evidence","data/raw/stage2/ds27_pangaea_ferrybox/DS27_PANGAEA_20260809T113713Z/HZG-Ferrybox_Cux-HarwNR5137.nc","scripts/00_downloads/stage2/20_acquire_ds27_pangaea_ferrybox.R","",TRUE,263164,"925a276ecca97c85f264505c163bd60d98f5469dfd85bdc9aa806aecb03c1df1","data/raw/stage2/ds27_pangaea_ferrybox/DS27_PANGAEA_20260809T113713Z/manifest.csv",FALSE,TRUE,"traceable"
"stage2","raw_evidence","data/raw/stage2/ds27_pangaea_ferrybox/DS27_PANGAEA_20260809T113713Z/HZG-Ferrybox_Cux-HarwNR5157.nc","scripts/00_downloads/stage2/20_acquire_ds27_pangaea_ferrybox.R","",TRUE,268284,"daade81ada1092ec05cf9865333d77f11f5e96d0945723295d5aca8887d45071","data/raw/stage2/ds27_pangaea_ferrybox/DS27_PANGAEA_20260809T113713Z/manifest.csv",FALSE,TRUE,"traceable"
"stage2","raw_evidence","data/raw/stage2/ds27_pangaea_ferrybox/DS27_PANGAEA_20260809T113713Z/HZG-Ferrybox_Cux-HarwNR517.nc","scripts/00_downloads/stage2/20_acquire_ds27_pangaea_ferrybox.R","",TRUE,255164,"d586dc68edb6f2421bd28b5ba78d40b3e69b89935b2d8ca235a474ee6a0a0c61","data/raw/stage2/ds27_pangaea_ferrybox/DS27_PANGAEA_20260809T113713Z/manifest.csv",FALSE,TRUE,"traceable"
"stage2","raw_evidence","data/raw/stage2/ds27_pangaea_ferrybox/DS27_PANGAEA_20260809T113713Z/HZG-Ferrybox_Cux-HarwNR5197.nc","scripts/00_downloads/stage2/20_acquire_ds27_pangaea_ferrybox.R","",TRUE,267956,"32790cdd2b462c373d0db50e3eb9e79ba9de1b3a693bae6a74c5eab65ef4c89c","data/raw/stage2/ds27_pangaea_ferrybox/DS27_PANGAEA_20260809T113713Z/manifest.csv",FALSE,TRUE,"traceable"
"stage2","raw_evidence","data/raw/stage2/ds27_pangaea_ferrybox/DS27_PANGAEA_20260809T113713Z/HZG-Ferrybox_Cux-HarwNR52.nc","scripts/00_downloads/stage2/20_acquire_ds27_pangaea_ferrybox.R","",TRUE,253320,"3f0c0e9018a4ab004d52113e5442b1a89647a2a905ba1b7fdca5474c22c4f64b","data/raw/stage2/ds27_pangaea_ferrybox/DS27_PANGAEA_20260809T113713Z/manifest.csv",FALSE,TRUE,"traceable"
"stage2","raw_evidence","data/raw/stage2/ds27_pangaea_ferrybox/DS27_PANGAEA_20260809T113713Z/HZG-Ferrybox_Cux-HarwNR5217.nc","scripts/00_downloads/stage2/20_acquire_ds27_pangaea_ferrybox.R","",TRUE,269760,"89a4ab932189d8c73c3798394583452b871bc522279f914acbe892c69ef83853","data/raw/stage2/ds27_pangaea_ferrybox/DS27_PANGAEA_20260809T113713Z/manifest.csv",FALSE,TRUE,"traceable"
"stage2","raw_evidence","data/raw/stage2/ds27_pangaea_ferrybox/DS27_PANGAEA_20260809T113713Z/HZG-Ferrybox_Cux-HarwNR5237.nc","scripts/00_downloads/stage2/20_acquire_ds27_pangaea_ferrybox.R","",TRUE,267424,"4169abd5d1eca01c3308618ea39a7f732a707f5d34531bfaec8c1f41c53e2dcf","data/raw/stage2/ds27_pangaea_ferrybox/DS27_PANGAEA_20260809T113713Z/manifest.csv",FALSE,TRUE,"traceable"
"stage2","raw_evidence","data/raw/stage2/ds27_pangaea_ferrybox/DS27_PANGAEA_20260809T113713Z/HZG-Ferrybox_Cux-HarwNR5277.nc","scripts/00_downloads/stage2/20_acquire_ds27_pangaea_ferrybox.R","",TRUE,269796,"e5d94f3bbc76b553247a5379190a0d98a02f88ed70dfd08937855b90a954b9c2","data/raw/stage2/ds27_pangaea_ferrybox/DS27_PANGAEA_20260809T113713Z/manifest.csv",FALSE,TRUE,"traceable"
"stage2","raw_evidence","data/raw/stage2/ds27_pangaea_ferrybox/DS27_PANGAEA_20260809T113713Z/HZG-Ferrybox_Cux-HarwNR5297.nc","scripts/00_downloads/stage2/20_acquire_ds27_pangaea_ferrybox.R","",TRUE,262052,"a5acafce530029c9f92354ce6f33518e72159015ba0f15cb2189955567605d86","data/raw/stage2/ds27_pangaea_ferrybox/DS27_PANGAEA_20260809T113713Z/manifest.csv",FALSE,TRUE,"traceable"
"stage2","raw_evidence","data/raw/stage2/ds27_pangaea_ferrybox/DS27_PANGAEA_20260809T113713Z/HZG-Ferrybox_Cux-HarwNR5337.nc","scripts/00_downloads/stage2/20_acquire_ds27_pangaea_ferrybox.R","",TRUE,267952,"bf91cee34d2387c453e9ce06d31fa270f44c8698534f5d073e14f79ed8eea530","data/raw/stage2/ds27_pangaea_ferrybox/DS27_PANGAEA_20260809T113713Z/manifest.csv",FALSE,TRUE,"traceable"
"stage2","raw_evidence","data/raw/stage2/ds27_pangaea_ferrybox/DS27_PANGAEA_20260809T113713Z/HZG-Ferrybox_Cux-HarwNR5377.nc","scripts/00_downloads/stage2/20_acquire_ds27_pangaea_ferrybox.R","",TRUE,268208,"b573efbf5092161a8aea31154a4d87db9fb7f278d6f6aad866f394ac8502e5d9","data/raw/stage2/ds27_pangaea_ferrybox/DS27_PANGAEA_20260809T113713Z/manifest.csv",FALSE,TRUE,"traceable"
"stage2","raw_evidence","data/raw/stage2/ds27_pangaea_ferrybox/DS27_PANGAEA_20260809T113713Z/HZG-Ferrybox_Cux-HarwNR54.nc","scripts/00_downloads/stage2/20_acquire_ds27_pangaea_ferrybox.R","",TRUE,283732,"33502eba3065977cb9d98b07ff8e05b182d032e6c68905c486a690a685bb3664","data/raw/stage2/ds27_pangaea_ferrybox/DS27_PANGAEA_20260809T113713Z/manifest.csv",FALSE,TRUE,"traceable"
"stage2","raw_evidence","data/raw/stage2/ds27_pangaea_ferrybox/DS27_PANGAEA_20260809T113713Z/HZG-Ferrybox_Cux-HarwNR5517.nc","scripts/00_downloads/stage2/20_acquire_ds27_pangaea_ferrybox.R","",TRUE,268484,"a229a4d3c5c96847872131d49b095bff5b5a6d4d046b67c987e7f2d3ebf90c0f","data/raw/stage2/ds27_pangaea_ferrybox/DS27_PANGAEA_20260809T113713Z/manifest.csv",FALSE,TRUE,"traceable"
"stage2","raw_evidence","data/raw/stage2/ds27_pangaea_ferrybox/DS27_PANGAEA_20260809T113713Z/HZG-Ferrybox_Cux-HarwNR5537.nc","scripts/00_downloads/stage2/20_acquire_ds27_pangaea_ferrybox.R","",TRUE,266808,"14901a750a564a93e06d78fdbabba7be326c0dbbc90de7ea5782cbb077feadba","data/raw/stage2/ds27_pangaea_ferrybox/DS27_PANGAEA_20260809T113713Z/manifest.csv",FALSE,TRUE,"traceable"
"stage2","raw_evidence","data/raw/stage2/ds27_pangaea_ferrybox/DS27_PANGAEA_20260809T113713Z/HZG-Ferrybox_Cux-HarwNR557.nc","scripts/00_downloads/stage2/20_acquire_ds27_pangaea_ferrybox.R","",TRUE,254216,"bdbc38304f57560556c342faf8fcb8565fd23d10392e2aa7a7ea74762c25a833","data/raw/stage2/ds27_pangaea_ferrybox/DS27_PANGAEA_20260809T113713Z/manifest.csv",FALSE,TRUE,"traceable"
"stage2","raw_evidence","data/raw/stage2/ds27_pangaea_ferrybox/DS27_PANGAEA_20260809T113713Z/HZG-Ferrybox_Cux-HarwNR5597.nc","scripts/00_downloads/stage2/20_acquire_ds27_pangaea_ferrybox.R","",TRUE,263396,"b4dd2bd38acb9fb4eae22ff6e476299e4cd1e25f8b070f86fa14abb77bde54e8","data/raw/stage2/ds27_pangaea_ferrybox/DS27_PANGAEA_20260809T113713Z/manifest.csv",FALSE,TRUE,"traceable"
"stage2","raw_evidence","data/raw/stage2/ds27_pangaea_ferrybox/DS27_PANGAEA_20260809T113713Z/HZG-Ferrybox_Cux-HarwNR5617.nc","scripts/00_downloads/stage2/20_acquire_ds27_pangaea_ferrybox.R","",TRUE,266244,"19982a2ae3c304d25e52ebac173d0dac6c5123cbe429726424e486db9cc252ff","data/raw/stage2/ds27_pangaea_ferrybox/DS27_PANGAEA_20260809T113713Z/manifest.csv",FALSE,TRUE,"traceable"
"stage2","raw_evidence","data/raw/stage2/ds27_pangaea_ferrybox/DS27_PANGAEA_20260809T113713Z/HZG-Ferrybox_Cux-HarwNR5657.nc","scripts/00_downloads/stage2/20_acquire_ds27_pangaea_ferrybox.R","",TRUE,267008,"1cf969185e9cdeb345b2e4c1fff7d2f372a575d066985c2688d23691d163fb5e","data/raw/stage2/ds27_pangaea_ferrybox/DS27_PANGAEA_20260809T113713Z/manifest.csv",FALSE,TRUE,"traceable"
"stage2","raw_evidence","data/raw/stage2/ds27_pangaea_ferrybox/DS27_PANGAEA_20260809T113713Z/HZG-Ferrybox_Cux-HarwNR5697.nc","scripts/00_downloads/stage2/20_acquire_ds27_pangaea_ferrybox.R","",TRUE,264840,"b19c9b0a4d95c03c1c0a860cdf84b20b7bfcdf1ec09e1b76b1a0832d60d6d4cd","data/raw/stage2/ds27_pangaea_ferrybox/DS27_PANGAEA_20260809T113713Z/manifest.csv",FALSE,TRUE,"traceable"
"stage2","raw_evidence","data/raw/stage2/ds27_pangaea_ferrybox/DS27_PANGAEA_20260809T113713Z/HZG-Ferrybox_Cux-HarwNR57.nc","scripts/00_downloads/stage2/20_acquire_ds27_pangaea_ferrybox.R","",TRUE,252956,"855e52886532af085a2413edbf188fb2b66b831bc29c8c03cd427366e77e8d3a","data/raw/stage2/ds27_pangaea_ferrybox/DS27_PANGAEA_20260809T113713Z/manifest.csv",FALSE,TRUE,"traceable"
"stage2","raw_evidence","data/raw/stage2/ds27_pangaea_ferrybox/DS27_PANGAEA_20260809T113713Z/HZG-Ferrybox_Cux-HarwNR5717.nc","scripts/00_downloads/stage2/20_acquire_ds27_pangaea_ferrybox.R","",TRUE,284612,"ad68421eb58524b0a3269c022f419fcaf1e1526b4d5e175b6ebdf6ea85bf53df","data/raw/stage2/ds27_pangaea_ferrybox/DS27_PANGAEA_20260809T113713Z/manifest.csv",FALSE,TRUE,"traceable"
"stage2","raw_evidence","data/raw/stage2/ds27_pangaea_ferrybox/DS27_PANGAEA_20260809T113713Z/HZG-Ferrybox_Cux-HarwNR5757.nc","scripts/00_downloads/stage2/20_acquire_ds27_pangaea_ferrybox.R","",TRUE,262576,"ce331bba59cc54461d29f06dbd49d7c499751143a4790a5f50253662b3cb78bc","data/raw/stage2/ds27_pangaea_ferrybox/DS27_PANGAEA_20260809T113713Z/manifest.csv",FALSE,TRUE,"traceable"
"stage2","raw_evidence","data/raw/stage2/ds27_pangaea_ferrybox/DS27_PANGAEA_20260809T113713Z/HZG-Ferrybox_Cux-HarwNR5817.nc","scripts/00_downloads/stage2/20_acquire_ds27_pangaea_ferrybox.R","",TRUE,265588,"b8abc94614c41d3a9e124f9437f2a5d742314d3eba74e0c95f7756261af82ed9","data/raw/stage2/ds27_pangaea_ferrybox/DS27_PANGAEA_20260809T113713Z/manifest.csv",FALSE,TRUE,"traceable"
"stage2","raw_evidence","data/raw/stage2/ds27_pangaea_ferrybox/DS27_PANGAEA_20260809T113713Z/HZG-Ferrybox_Cux-HarwNR5837.nc","scripts/00_downloads/stage2/20_acquire_ds27_pangaea_ferrybox.R","",TRUE,265460,"76bcada242fd822455d324d4326ebaf605bc5cfdf4655f8676fcb1035b4fa1e2","data/raw/stage2/ds27_pangaea_ferrybox/DS27_PANGAEA_20260809T113713Z/manifest.csv",FALSE,TRUE,"traceable"
"stage2","raw_evidence","data/raw/stage2/ds27_pangaea_ferrybox/DS27_PANGAEA_20260809T113713Z/HZG-Ferrybox_Cux-HarwNR5857.nc","scripts/00_downloads/stage2/20_acquire_ds27_pangaea_ferrybox.R","",TRUE,267096,"7090417d78fefbaef5e1089d574b570f401569f5e27fd1097c7f46f643c4c909","data/raw/stage2/ds27_pangaea_ferrybox/DS27_PANGAEA_20260809T113713Z/manifest.csv",FALSE,TRUE,"traceable"
"stage2","raw_evidence","data/raw/stage2/ds27_pangaea_ferrybox/DS27_PANGAEA_20260809T113713Z/HZG-Ferrybox_Cux-HarwNR59.nc","scripts/00_downloads/stage2/20_acquire_ds27_pangaea_ferrybox.R","",TRUE,248364,"90e0cdbddb9a2fc6f60d16bf04df72d10ccb38fafed58ceba8c945cb493f93ea","data/raw/stage2/ds27_pangaea_ferrybox/DS27_PANGAEA_20260809T113713Z/manifest.csv",FALSE,TRUE,"traceable"
"stage2","raw_evidence","data/raw/stage2/ds27_pangaea_ferrybox/DS27_PANGAEA_20260809T113713Z/HZG-Ferrybox_Cux-HarwNR5917.nc","scripts/00_downloads/stage2/20_acquire_ds27_pangaea_ferrybox.R","",TRUE,267008,"ca4eb4ded318a2365f2fa6409a56da5069d1fc9948e36fb9ec3d802c74747173","data/raw/stage2/ds27_pangaea_ferrybox/DS27_PANGAEA_20260809T113713Z/manifest.csv",FALSE,TRUE,"traceable"
"stage2","raw_evidence","data/raw/stage2/ds27_pangaea_ferrybox/DS27_PANGAEA_20260809T113713Z/HZG-Ferrybox_Cux-HarwNR597.nc","scripts/00_downloads/stage2/20_acquire_ds27_pangaea_ferrybox.R","",TRUE,253396,"9f1036ccf5ab34103078b83de59c0050fbda824b0d12cfc2b6ec326b05de8362","data/raw/stage2/ds27_pangaea_ferrybox/DS27_PANGAEA_20260809T113713Z/manifest.csv",FALSE,TRUE,"traceable"
"stage2","raw_evidence","data/raw/stage2/ds27_pangaea_ferrybox/DS27_PANGAEA_20260809T113713Z/HZG-Ferrybox_Cux-HarwNR5997.nc","scripts/00_downloads/stage2/20_acquire_ds27_pangaea_ferrybox.R","",TRUE,262744,"10a08dda8e2566eb1a58ef91475fc55cea85dd83981d6e76df50215653dc1f0f","data/raw/stage2/ds27_pangaea_ferrybox/DS27_PANGAEA_20260809T113713Z/manifest.csv",FALSE,TRUE,"traceable"
"stage2","raw_evidence","data/raw/stage2/ds27_pangaea_ferrybox/DS27_PANGAEA_20260809T113713Z/HZG-Ferrybox_Cux-HarwNR6.nc","scripts/00_downloads/stage2/20_acquire_ds27_pangaea_ferrybox.R","",TRUE,254996,"fb638055f132c8196c9d46051b192dc324c2c52505ca657a600618928bdf2ec8","data/raw/stage2/ds27_pangaea_ferrybox/DS27_PANGAEA_20260809T113713Z/manifest.csv",FALSE,TRUE,"traceable"
"stage2","raw_evidence","data/raw/stage2/ds27_pangaea_ferrybox/DS27_PANGAEA_20260809T113713Z/HZG-Ferrybox_Cux-HarwNR6037.nc","scripts/00_downloads/stage2/20_acquire_ds27_pangaea_ferrybox.R","",TRUE,265332,"67ef5cdb8506db3d92f00c9d5674605c8c408eb3bb446f9f5294f67cc317780a","data/raw/stage2/ds27_pangaea_ferrybox/DS27_PANGAEA_20260809T113713Z/manifest.csv",FALSE,TRUE,"traceable"
"stage2","raw_evidence","data/raw/stage2/ds27_pangaea_ferrybox/DS27_PANGAEA_20260809T113713Z/HZG-Ferrybox_Cux-HarwNR6077.nc","scripts/00_downloads/stage2/20_acquire_ds27_pangaea_ferrybox.R","",TRUE,264764,"ade757bae50354d6f45e5fac6156cd895573536ef1aaac00a0450ceb5e72e809","data/raw/stage2/ds27_pangaea_ferrybox/DS27_PANGAEA_20260809T113713Z/manifest.csv",FALSE,TRUE,"traceable"
"stage2","raw_evidence","data/raw/stage2/ds27_pangaea_ferrybox/DS27_PANGAEA_20260809T113713Z/HZG-Ferrybox_Cux-HarwNR61.nc","scripts/00_downloads/stage2/20_acquire_ds27_pangaea_ferrybox.R","",TRUE,270540,"ecd14ff46ccc749ed0bc7593d05a6e9b7eefe49d6c8b95036f2b017f0ddff9ed","data/raw/stage2/ds27_pangaea_ferrybox/DS27_PANGAEA_20260809T113713Z/manifest.csv",FALSE,TRUE,"traceable"
"stage2","raw_evidence","data/raw/stage2/ds27_pangaea_ferrybox/DS27_PANGAEA_20260809T113713Z/HZG-Ferrybox_Cux-HarwNR6117.nc","scripts/00_downloads/stage2/20_acquire_ds27_pangaea_ferrybox.R","",TRUE,264056,"515017d2e4be0e41ce846e136284465a49b74f6a02f40918a4576e3923d4eb8b","data/raw/stage2/ds27_pangaea_ferrybox/DS27_PANGAEA_20260809T113713Z/manifest.csv",FALSE,TRUE,"traceable"
"stage2","raw_evidence","data/raw/stage2/ds27_pangaea_ferrybox/DS27_PANGAEA_20260809T113713Z/HZG-Ferrybox_Cux-HarwNR6137.nc","scripts/00_downloads/stage2/20_acquire_ds27_pangaea_ferrybox.R","",TRUE,264932,"d155f74b75dbf07f716022900b509f1cfba1c19c8ec1b9cea45c4746b5298604","data/raw/stage2/ds27_pangaea_ferrybox/DS27_PANGAEA_20260809T113713Z/manifest.csv",FALSE,TRUE,"traceable"
"stage2","raw_evidence","data/raw/stage2/ds27_pangaea_ferrybox/DS27_PANGAEA_20260809T113713Z/HZG-Ferrybox_Cux-HarwNR6217.nc","scripts/00_downloads/stage2/20_acquire_ds27_pangaea_ferrybox.R","",TRUE,265624,"f5c9b9ee8aec671a6d861651704d08cd1656b08e0896a1b5bfb5c861dbbe778a","data/raw/stage2/ds27_pangaea_ferrybox/DS27_PANGAEA_20260809T113713Z/manifest.csv",FALSE,TRUE,"traceable"
"stage2","raw_evidence","data/raw/stage2/ds27_pangaea_ferrybox/DS27_PANGAEA_20260809T113713Z/HZG-Ferrybox_Cux-HarwNR6257.nc","scripts/00_downloads/stage2/20_acquire_ds27_pangaea_ferrybox.R","",TRUE,263980,"25d15f6403b0824cfdb680ada49c7dd3f6fa94a419d31c0ab09be39ac7aed8b6","data/raw/stage2/ds27_pangaea_ferrybox/DS27_PANGAEA_20260809T113713Z/manifest.csv",FALSE,TRUE,"traceable"
"stage2","raw_evidence","data/raw/stage2/ds27_pangaea_ferrybox/DS27_PANGAEA_20260809T113713Z/HZG-Ferrybox_Cux-HarwNR6297.nc","scripts/00_downloads/stage2/20_acquire_ds27_pangaea_ferrybox.R","",TRUE,273368,"1153bc9a2f0027b12a81bc8dbfbdd5c07cb0bca6d7bdb4e86a8b56c1639218a5","data/raw/stage2/ds27_pangaea_ferrybox/DS27_PANGAEA_20260809T113713Z/manifest.csv",FALSE,TRUE,"traceable"
"stage2","raw_evidence","data/raw/stage2/ds27_pangaea_ferrybox/DS27_PANGAEA_20260809T113713Z/HZG-Ferrybox_Cux-HarwNR63.nc","scripts/00_downloads/stage2/20_acquire_ds27_pangaea_ferrybox.R","",TRUE,258148,"0ea61036107bd2d0ffd6c974de4f462b74602c96bf74e8897dd66fccd225cb3b","data/raw/stage2/ds27_pangaea_ferrybox/DS27_PANGAEA_20260809T113713Z/manifest.csv",FALSE,TRUE,"traceable"
"stage2","raw_evidence","data/raw/stage2/ds27_pangaea_ferrybox/DS27_PANGAEA_20260809T113713Z/HZG-Ferrybox_Cux-HarwNR6337.nc","scripts/00_downloads/stage2/20_acquire_ds27_pangaea_ferrybox.R","",TRUE,267592,"ba690dc2c4e18a14de3c73b71dcb82c804a9428e183109c180be700f177d1b0d","data/raw/stage2/ds27_pangaea_ferrybox/DS27_PANGAEA_20260809T113713Z/manifest.csv",FALSE,TRUE,"traceable"
"stage2","raw_evidence","data/raw/stage2/ds27_pangaea_ferrybox/DS27_PANGAEA_20260809T113713Z/HZG-Ferrybox_Cux-HarwNR637.nc","scripts/00_downloads/stage2/20_acquire_ds27_pangaea_ferrybox.R","",TRUE,255256,"31d331f25cd65643f3f031702a591fab58628f577988b3bbdc9dc0c06e9ef741","data/raw/stage2/ds27_pangaea_ferrybox/DS27_PANGAEA_20260809T113713Z/manifest.csv",FALSE,TRUE,"traceable"
"stage2","raw_evidence","data/raw/stage2/ds27_pangaea_ferrybox/DS27_PANGAEA_20260809T113713Z/HZG-Ferrybox_Cux-HarwNR6377.nc","scripts/00_downloads/stage2/20_acquire_ds27_pangaea_ferrybox.R","",TRUE,263164,"fab52dcea24ecb6346ba251637b325755c5310359b81724718ca5900f954b3ff","data/raw/stage2/ds27_pangaea_ferrybox/DS27_PANGAEA_20260809T113713Z/manifest.csv",FALSE,TRUE,"traceable"
"stage2","raw_evidence","data/raw/stage2/ds27_pangaea_ferrybox/DS27_PANGAEA_20260809T113713Z/HZG-Ferrybox_Cux-HarwNR6437.nc","scripts/00_downloads/stage2/20_acquire_ds27_pangaea_ferrybox.R","",TRUE,269032,"26268307fb3ede71fbc82b1014558b3d8a03d6946c74f9718d405b1c2e5f6ccd","data/raw/stage2/ds27_pangaea_ferrybox/DS27_PANGAEA_20260809T113713Z/manifest.csv",FALSE,TRUE,"traceable"
"stage2","raw_evidence","data/raw/stage2/ds27_pangaea_ferrybox/DS27_PANGAEA_20260809T113713Z/HZG-Ferrybox_Cux-HarwNR6477.nc","scripts/00_downloads/stage2/20_acquire_ds27_pangaea_ferrybox.R","",TRUE,266772,"c7472be45416d7b910a8bafdb63b5dff868de6505ad3bfbfabb19959697a0a73","data/raw/stage2/ds27_pangaea_ferrybox/DS27_PANGAEA_20260809T113713Z/manifest.csv",FALSE,TRUE,"traceable"
"stage2","raw_evidence","data/raw/stage2/ds27_pangaea_ferrybox/DS27_PANGAEA_20260809T113713Z/HZG-Ferrybox_Cux-HarwNR6497.nc","scripts/00_downloads/stage2/20_acquire_ds27_pangaea_ferrybox.R","",TRUE,278540,"c47d8a5c6a7693ad9831578f4f947cd575dd794a10f9cec99c83cbf0aa28b739","data/raw/stage2/ds27_pangaea_ferrybox/DS27_PANGAEA_20260809T113713Z/manifest.csv",FALSE,TRUE,"traceable"
"stage2","raw_evidence","data/raw/stage2/ds27_pangaea_ferrybox/DS27_PANGAEA_20260809T113713Z/HZG-Ferrybox_Cux-HarwNR6537.nc","scripts/00_downloads/stage2/20_acquire_ds27_pangaea_ferrybox.R","",TRUE,267428,"fc00fb9c4634e24b4d55dcb059be62a8c92a211d667f3ec6192c7d6c340dcf15","data/raw/stage2/ds27_pangaea_ferrybox/DS27_PANGAEA_20260809T113713Z/manifest.csv",FALSE,TRUE,"traceable"
"stage2","raw_evidence","data/raw/stage2/ds27_pangaea_ferrybox/DS27_PANGAEA_20260809T113713Z/HZG-Ferrybox_Cux-HarwNR6577.nc","scripts/00_downloads/stage2/20_acquire_ds27_pangaea_ferrybox.R","",TRUE,269596,"32114b65c811f49c2ac3496df1b6582a9093378d4602ca8735c75ad2b56532e6","data/raw/stage2/ds27_pangaea_ferrybox/DS27_PANGAEA_20260809T113713Z/manifest.csv",FALSE,TRUE,"traceable"
"stage2","raw_evidence","data/raw/stage2/ds27_pangaea_ferrybox/DS27_PANGAEA_20260809T113713Z/HZG-Ferrybox_Cux-HarwNR6617.nc","scripts/00_downloads/stage2/20_acquire_ds27_pangaea_ferrybox.R","",TRUE,261232,"50cbc1feafd6586c9f7124e72d872ef448e0657a74061b623dee8fba05a22005","data/raw/stage2/ds27_pangaea_ferrybox/DS27_PANGAEA_20260809T113713Z/manifest.csv",FALSE,TRUE,"traceable"
"stage2","raw_evidence","data/raw/stage2/ds27_pangaea_ferrybox/DS27_PANGAEA_20260809T113713Z/HZG-Ferrybox_Cux-HarwNR6657.nc","scripts/00_downloads/stage2/20_acquire_ds27_pangaea_ferrybox.R","",TRUE,267392,"27a3cf1ce0a40bc693d81bf9ca357f8122424ca2b0a7c69a33e9545fba7c939b","data/raw/stage2/ds27_pangaea_ferrybox/DS27_PANGAEA_20260809T113713Z/manifest.csv",FALSE,TRUE,"traceable"
"stage2","raw_evidence","data/raw/stage2/ds27_pangaea_ferrybox/DS27_PANGAEA_20260809T113713Z/HZG-Ferrybox_Cux-HarwNR6697.nc","scripts/00_downloads/stage2/20_acquire_ds27_pangaea_ferrybox.R","",TRUE,264272,"d7177ea0234fb6fccbad78af4b330f23d4b396738dc136a7c6b739081f2e1c0d","data/raw/stage2/ds27_pangaea_ferrybox/DS27_PANGAEA_20260809T113713Z/manifest.csv",FALSE,TRUE,"traceable"
"stage2","raw_evidence","data/raw/stage2/ds27_pangaea_ferrybox/DS27_PANGAEA_20260809T113713Z/HZG-Ferrybox_Cux-HarwNR67.nc","scripts/00_downloads/stage2/20_acquire_ds27_pangaea_ferrybox.R","",TRUE,257580,"9a782fd0f7b40ce2c8e71a572998e8465ef4aebd5b0f503a451632203fe81d44","data/raw/stage2/ds27_pangaea_ferrybox/DS27_PANGAEA_20260809T113713Z/manifest.csv",FALSE,TRUE,"traceable"
"stage2","raw_evidence","data/raw/stage2/ds27_pangaea_ferrybox/DS27_PANGAEA_20260809T113713Z/HZG-Ferrybox_Cux-HarwNR6717.nc","scripts/00_downloads/stage2/20_acquire_ds27_pangaea_ferrybox.R","",TRUE,265424,"4423ae040fea0f4367f980839946185c9ece87e05b9d019e138d45058092ea37","data/raw/stage2/ds27_pangaea_ferrybox/DS27_PANGAEA_20260809T113713Z/manifest.csv",FALSE,TRUE,"traceable"
"stage2","raw_evidence","data/raw/stage2/ds27_pangaea_ferrybox/DS27_PANGAEA_20260809T113713Z/HZG-Ferrybox_Cux-HarwNR677.nc","scripts/00_downloads/stage2/20_acquire_ds27_pangaea_ferrybox.R","",TRUE,253452,"136af05504ca943e1227aa14d5baaf63ba14b3c2a230148a8bd5c492795d4eeb","data/raw/stage2/ds27_pangaea_ferrybox/DS27_PANGAEA_20260809T113713Z/manifest.csv",FALSE,TRUE,"traceable"
"stage2","raw_evidence","data/raw/stage2/ds27_pangaea_ferrybox/DS27_PANGAEA_20260809T113713Z/HZG-Ferrybox_Cux-HarwNR6777.nc","scripts/00_downloads/stage2/20_acquire_ds27_pangaea_ferrybox.R","",TRUE,264932,"c751f5a7c505e017f20b605e80a4565b3233e4a8d9f4d064f092abb0d4467b14","data/raw/stage2/ds27_pangaea_ferrybox/DS27_PANGAEA_20260809T113713Z/manifest.csv",FALSE,TRUE,"traceable"
"stage2","raw_evidence","data/raw/stage2/ds27_pangaea_ferrybox/DS27_PANGAEA_20260809T113713Z/HZG-Ferrybox_Cux-HarwNR68.nc","scripts/00_downloads/stage2/20_acquire_ds27_pangaea_ferrybox.R","",TRUE,241180,"532d0cdda7ea298d0766b77fad061bfca7e1392639a932935d1d709dc332008a","data/raw/stage2/ds27_pangaea_ferrybox/DS27_PANGAEA_20260809T113713Z/manifest.csv",FALSE,TRUE,"traceable"
"stage2","raw_evidence","data/raw/stage2/ds27_pangaea_ferrybox/DS27_PANGAEA_20260809T113713Z/HZG-Ferrybox_Cux-HarwNR6817.nc","scripts/00_downloads/stage2/20_acquire_ds27_pangaea_ferrybox.R","",TRUE,267136,"3e10542421c10f4f22d9941b62c068b4f30de5c6299ba01f5f2baed86e14b714","data/raw/stage2/ds27_pangaea_ferrybox/DS27_PANGAEA_20260809T113713Z/manifest.csv",FALSE,TRUE,"traceable"
"stage2","raw_evidence","data/raw/stage2/ds27_pangaea_ferrybox/DS27_PANGAEA_20260809T113713Z/HZG-Ferrybox_Cux-HarwNR6857.nc","scripts/00_downloads/stage2/20_acquire_ds27_pangaea_ferrybox.R","",TRUE,265204,"d5fdecafa5b6a0e054dd1fc0bab3af131c79e31036adb70dd47732ec1fcda776","data/raw/stage2/ds27_pangaea_ferrybox/DS27_PANGAEA_20260809T113713Z/manifest.csv",FALSE,TRUE,"traceable"
"stage2","raw_evidence","data/raw/stage2/ds27_pangaea_ferrybox/DS27_PANGAEA_20260809T113713Z/HZG-Ferrybox_Cux-HarwNR6897.nc","scripts/00_downloads/stage2/20_acquire_ds27_pangaea_ferrybox.R","",TRUE,264380,"28cfe5bcde7006cd0c5de0a1764d19835fbd4acda105360ab4cfc08c414022e1","data/raw/stage2/ds27_pangaea_ferrybox/DS27_PANGAEA_20260809T113713Z/manifest.csv",FALSE,TRUE,"traceable"
"stage2","raw_evidence","data/raw/stage2/ds27_pangaea_ferrybox/DS27_PANGAEA_20260809T113713Z/HZG-Ferrybox_Cux-HarwNR69.nc","scripts/00_downloads/stage2/20_acquire_ds27_pangaea_ferrybox.R","",TRUE,48156,"ccdd1f2b38e677791b8d9bb517bf4ab57866ba2d8ef7b751d8f3f03f5852d615","data/raw/stage2/ds27_pangaea_ferrybox/DS27_PANGAEA_20260809T113713Z/manifest.csv",FALSE,TRUE,"traceable"
"stage2","raw_evidence","data/raw/stage2/ds27_pangaea_ferrybox/DS27_PANGAEA_20260809T113713Z/HZG-Ferrybox_Cux-HarwNR6937.nc","scripts/00_downloads/stage2/20_acquire_ds27_pangaea_ferrybox.R","",TRUE,263492,"4f1484a517f46cc3ef6faa0bf0118ae613dca3da63d0389764d6ef41358a8bad","data/raw/stage2/ds27_pangaea_ferrybox/DS27_PANGAEA_20260809T113713Z/manifest.csv",FALSE,TRUE,"traceable"
"stage2","raw_evidence","data/raw/stage2/ds27_pangaea_ferrybox/DS27_PANGAEA_20260809T113713Z/HZG-Ferrybox_Cux-HarwNR6977.nc","scripts/00_downloads/stage2/20_acquire_ds27_pangaea_ferrybox.R","",TRUE,267136,"b0eccda1ddb565d6545f520c90867572db60294aabe543937e81614e68269858","data/raw/stage2/ds27_pangaea_ferrybox/DS27_PANGAEA_20260809T113713Z/manifest.csv",FALSE,TRUE,"traceable"
"stage2","raw_evidence","data/raw/stage2/ds27_pangaea_ferrybox/DS27_PANGAEA_20260809T113713Z/HZG-Ferrybox_Cux-HarwNR70.nc","scripts/00_downloads/stage2/20_acquire_ds27_pangaea_ferrybox.R","",TRUE,192640,"38aa6ad9af52bf03b160d7e0b60a0d8cfd2b8549a0d16103cb052466959e2cf3","data/raw/stage2/ds27_pangaea_ferrybox/DS27_PANGAEA_20260809T113713Z/manifest.csv",FALSE,TRUE,"traceable"
"stage2","raw_evidence","data/raw/stage2/ds27_pangaea_ferrybox/DS27_PANGAEA_20260809T113713Z/HZG-Ferrybox_Cux-HarwNR7017.nc","scripts/00_downloads/stage2/20_acquire_ds27_pangaea_ferrybox.R","",TRUE,267100,"ddb22072aa4de96e426a07de321e287227ef558eeb86d279ece7c95c2e147314","data/raw/stage2/ds27_pangaea_ferrybox/DS27_PANGAEA_20260809T113713Z/manifest.csv",FALSE,TRUE,"traceable"
"stage2","raw_evidence","data/raw/stage2/ds27_pangaea_ferrybox/DS27_PANGAEA_20260809T113713Z/HZG-Ferrybox_Cux-HarwNR7057.nc","scripts/00_downloads/stage2/20_acquire_ds27_pangaea_ferrybox.R","",TRUE,265952,"7c1a9104d164aba1867231454d1c6beffde5991da582a321d7e16f340a4c37df","data/raw/stage2/ds27_pangaea_ferrybox/DS27_PANGAEA_20260809T113713Z/manifest.csv",FALSE,TRUE,"traceable"
"stage2","raw_evidence","data/raw/stage2/ds27_pangaea_ferrybox/DS27_PANGAEA_20260809T113713Z/HZG-Ferrybox_Cux-HarwNR7097.nc","scripts/00_downloads/stage2/20_acquire_ds27_pangaea_ferrybox.R","",TRUE,266152,"f1c78a76a157e18809016eac2d3aff26b92c8ebd7fa6243ea684bace6900b395","data/raw/stage2/ds27_pangaea_ferrybox/DS27_PANGAEA_20260809T113713Z/manifest.csv",FALSE,TRUE,"traceable"
"stage2","raw_evidence","data/raw/stage2/ds27_pangaea_ferrybox/DS27_PANGAEA_20260809T113713Z/HZG-Ferrybox_Cux-HarwNR7157.nc","scripts/00_downloads/stage2/20_acquire_ds27_pangaea_ferrybox.R","",TRUE,269228,"447fa7cab8c46b9dfef724c21271000729418ed7a95b84474394c476e4361e51","data/raw/stage2/ds27_pangaea_ferrybox/DS27_PANGAEA_20260809T113713Z/manifest.csv",FALSE,TRUE,"traceable"
"stage2","raw_evidence","data/raw/stage2/ds27_pangaea_ferrybox/DS27_PANGAEA_20260809T113713Z/HZG-Ferrybox_Cux-HarwNR717.nc","scripts/00_downloads/stage2/20_acquire_ds27_pangaea_ferrybox.R","",TRUE,266772,"0acb6131f600680adcb33c8434b3e7b2e1dda7b545e70b04cf49c36ff13f885f","data/raw/stage2/ds27_pangaea_ferrybox/DS27_PANGAEA_20260809T113713Z/manifest.csv",FALSE,TRUE,"traceable"
"stage2","raw_evidence","data/raw/stage2/ds27_pangaea_ferrybox/DS27_PANGAEA_20260809T113713Z/HZG-Ferrybox_Cux-HarwNR7197.nc","scripts/00_downloads/stage2/20_acquire_ds27_pangaea_ferrybox.R","",TRUE,267792,"036fc609b8dceb0672aaab386005be7e925c9e568b30238c9a2289357b331d8b","data/raw/stage2/ds27_pangaea_ferrybox/DS27_PANGAEA_20260809T113713Z/manifest.csv",FALSE,TRUE,"traceable"
"stage2","raw_evidence","data/raw/stage2/ds27_pangaea_ferrybox/DS27_PANGAEA_20260809T113713Z/HZG-Ferrybox_Cux-HarwNR72.nc","scripts/00_downloads/stage2/20_acquire_ds27_pangaea_ferrybox.R","",TRUE,244752,"d2a87dee5bf00dc26a391e8be265e4545d65db0f0c20a97033d2c9556d7ca2e9","data/raw/stage2/ds27_pangaea_ferrybox/DS27_PANGAEA_20260809T113713Z/manifest.csv",FALSE,TRUE,"traceable"
"stage2","raw_evidence","data/raw/stage2/ds27_pangaea_ferrybox/DS27_PANGAEA_20260809T113713Z/HZG-Ferrybox_Cux-HarwNR7257.nc","scripts/00_downloads/stage2/20_acquire_ds27_pangaea_ferrybox.R","",TRUE,265036,"f9105aa62c854c8f30420c2fc83404a74d2002b493798b558dd27fbdfaa11957","data/raw/stage2/ds27_pangaea_ferrybox/DS27_PANGAEA_20260809T113713Z/manifest.csv",FALSE,TRUE,"traceable"
"stage2","raw_evidence","data/raw/stage2/ds27_pangaea_ferrybox/DS27_PANGAEA_20260809T113713Z/HZG-Ferrybox_Cux-HarwNR7318.nc","scripts/00_downloads/stage2/20_acquire_ds27_pangaea_ferrybox.R","",TRUE,269304,"afbb154c50ae7df58e589c3d76d000716d0fa4b52f05d31858e02256f783fb00","data/raw/stage2/ds27_pangaea_ferrybox/DS27_PANGAEA_20260809T113713Z/manifest.csv",FALSE,TRUE,"traceable"
"stage2","raw_evidence","data/raw/stage2/ds27_pangaea_ferrybox/DS27_PANGAEA_20260809T113713Z/HZG-Ferrybox_Cux-HarwNR7338.nc","scripts/00_downloads/stage2/20_acquire_ds27_pangaea_ferrybox.R","",TRUE,273568,"5ab7b2921d33da2d04b72002ef9c6dfc4b477cae528439bdad602068a1702d3b","data/raw/stage2/ds27_pangaea_ferrybox/DS27_PANGAEA_20260809T113713Z/manifest.csv",FALSE,TRUE,"traceable"
"stage2","raw_evidence","data/raw/stage2/ds27_pangaea_ferrybox/DS27_PANGAEA_20260809T113713Z/HZG-Ferrybox_Cux-HarwNR7358.nc","scripts/00_downloads/stage2/20_acquire_ds27_pangaea_ferrybox.R","",TRUE,265952,"6c9bcbb6e780e82d6fd92d772dbc73cff5fe06bcd636488a569d560885cbad31","data/raw/stage2/ds27_pangaea_ferrybox/DS27_PANGAEA_20260809T113713Z/manifest.csv",FALSE,TRUE,"traceable"
"stage2","raw_evidence","data/raw/stage2/ds27_pangaea_ferrybox/DS27_PANGAEA_20260809T113713Z/HZG-Ferrybox_Cux-HarwNR7398.nc","scripts/00_downloads/stage2/20_acquire_ds27_pangaea_ferrybox.R","",TRUE,261268,"572fa7e2a0e4e30c8ba7737eb7cd5f2ef230649acce65bf796c6292957c9b3ef","data/raw/stage2/ds27_pangaea_ferrybox/DS27_PANGAEA_20260809T113713Z/manifest.csv",FALSE,TRUE,"traceable"
"stage2","raw_evidence","data/raw/stage2/ds27_pangaea_ferrybox/DS27_PANGAEA_20260809T113713Z/HZG-Ferrybox_Cux-HarwNR74.nc","scripts/00_downloads/stage2/20_acquire_ds27_pangaea_ferrybox.R","",TRUE,248400,"d6615354efa057825def30ca2e280924463c5646a25c5f052f30450851e3b62e","data/raw/stage2/ds27_pangaea_ferrybox/DS27_PANGAEA_20260809T113713Z/manifest.csv",FALSE,TRUE,"traceable"
"stage2","raw_evidence","data/raw/stage2/ds27_pangaea_ferrybox/DS27_PANGAEA_20260809T113713Z/HZG-Ferrybox_Cux-HarwNR7438.nc","scripts/00_downloads/stage2/20_acquire_ds27_pangaea_ferrybox.R","",TRUE,268972,"db76a840877c4d052af769a7efd18709b7883fec5bbae98b8ee98bb3460ec601","data/raw/stage2/ds27_pangaea_ferrybox/DS27_PANGAEA_20260809T113713Z/manifest.csv",FALSE,TRUE,"traceable"
"stage2","raw_evidence","data/raw/stage2/ds27_pangaea_ferrybox/DS27_PANGAEA_20260809T113713Z/HZG-Ferrybox_Cux-HarwNR7478.nc","scripts/00_downloads/stage2/20_acquire_ds27_pangaea_ferrybox.R","",TRUE,268608,"f99d7de31179b4b81b119b606e3855278fe022f8d43f04b2146fecee41371772","data/raw/stage2/ds27_pangaea_ferrybox/DS27_PANGAEA_20260809T113713Z/manifest.csv",FALSE,TRUE,"traceable"
"stage2","raw_evidence","data/raw/stage2/ds27_pangaea_ferrybox/DS27_PANGAEA_20260809T113713Z/HZG-Ferrybox_Cux-HarwNR7518.nc","scripts/00_downloads/stage2/20_acquire_ds27_pangaea_ferrybox.R","",TRUE,269196,"6296947a52fcfdc200dc355638a6b924115d8aa87d32f1b0ba06d76180d5abb6","data/raw/stage2/ds27_pangaea_ferrybox/DS27_PANGAEA_20260809T113713Z/manifest.csv",FALSE,TRUE,"traceable"
"stage2","raw_evidence","data/raw/stage2/ds27_pangaea_ferrybox/DS27_PANGAEA_20260809T113713Z/HZG-Ferrybox_Cux-HarwNR7558.nc","scripts/00_downloads/stage2/20_acquire_ds27_pangaea_ferrybox.R","",TRUE,283828,"828f95e09e99314746f348ae0193078deebf52aa98cc3b8374eba9c223066351","data/raw/stage2/ds27_pangaea_ferrybox/DS27_PANGAEA_20260809T113713Z/manifest.csv",FALSE,TRUE,"traceable"
"stage2","raw_evidence","data/raw/stage2/ds27_pangaea_ferrybox/DS27_PANGAEA_20260809T113713Z/HZG-Ferrybox_Cux-HarwNR757.nc","scripts/00_downloads/stage2/20_acquire_ds27_pangaea_ferrybox.R","",TRUE,266772,"593c3c48ed093e59213d1c8110d5259f81aa6e0793afb3d679232c5acd1b15a5","data/raw/stage2/ds27_pangaea_ferrybox/DS27_PANGAEA_20260809T113713Z/manifest.csv",FALSE,TRUE,"traceable"
"stage2","raw_evidence","data/raw/stage2/ds27_pangaea_ferrybox/DS27_PANGAEA_20260809T113713Z/HZG-Ferrybox_Cux-HarwNR7578.nc","scripts/00_downloads/stage2/20_acquire_ds27_pangaea_ferrybox.R","",TRUE,252500,"74379f4bc3388355efc0c84998bb5239e7cbfe4f152ac647539d0deb60ab933f","data/raw/stage2/ds27_pangaea_ferrybox/DS27_PANGAEA_20260809T113713Z/manifest.csv",FALSE,TRUE,"traceable"
"stage2","raw_evidence","data/raw/stage2/ds27_pangaea_ferrybox/DS27_PANGAEA_20260809T113713Z/HZG-Ferrybox_Cux-HarwNR7598.nc","scripts/00_downloads/stage2/20_acquire_ds27_pangaea_ferrybox.R","",TRUE,224260,"2a4164ded65a3d1de23626ccb82739640b8b22000efa9e309dfef0bdab69f6f1","data/raw/stage2/ds27_pangaea_ferrybox/DS27_PANGAEA_20260809T113713Z/manifest.csv",FALSE,TRUE,"traceable"
"stage2","raw_evidence","data/raw/stage2/ds27_pangaea_ferrybox/DS27_PANGAEA_20260809T113713Z/HZG-Ferrybox_Cux-HarwNR76.nc","scripts/00_downloads/stage2/20_acquire_ds27_pangaea_ferrybox.R","",TRUE,244264,"1e0f91836707e2e4c9b14a4a33f6098dc288344ca5ca79404646f35aa73f253e","data/raw/stage2/ds27_pangaea_ferrybox/DS27_PANGAEA_20260809T113713Z/manifest.csv",FALSE,TRUE,"traceable"
"stage2","raw_evidence","data/raw/stage2/ds27_pangaea_ferrybox/DS27_PANGAEA_20260809T113713Z/HZG-Ferrybox_Cux-HarwNR7638.nc","scripts/00_downloads/stage2/20_acquire_ds27_pangaea_ferrybox.R","",TRUE,269232,"e601b0089c9eb2baa86355106f1df3749901cd4c72cfc702b563f0e5fa76d64e","data/raw/stage2/ds27_pangaea_ferrybox/DS27_PANGAEA_20260809T113713Z/manifest.csv",FALSE,TRUE,"traceable"
"stage2","raw_evidence","data/raw/stage2/ds27_pangaea_ferrybox/DS27_PANGAEA_20260809T113713Z/HZG-Ferrybox_Cux-HarwNR7658.nc","scripts/00_downloads/stage2/20_acquire_ds27_pangaea_ferrybox.R","",TRUE,268244,"13af01e6a235aa83069ee77c0d96cee58fb3387eee878037590ab33ed5a5cbc8","data/raw/stage2/ds27_pangaea_ferrybox/DS27_PANGAEA_20260809T113713Z/manifest.csv",FALSE,TRUE,"traceable"
"stage2","raw_evidence","data/raw/stage2/ds27_pangaea_ferrybox/DS27_PANGAEA_20260809T113713Z/HZG-Ferrybox_Cux-HarwNR7718.nc","scripts/00_downloads/stage2/20_acquire_ds27_pangaea_ferrybox.R","",TRUE,262508,"edca5763f76070eeaaea5406e50af29abca878c3f9c71fb7738beaef3f67bb43","data/raw/stage2/ds27_pangaea_ferrybox/DS27_PANGAEA_20260809T113713Z/manifest.csv",FALSE,TRUE,"traceable"
"stage2","raw_evidence","data/raw/stage2/ds27_pangaea_ferrybox/DS27_PANGAEA_20260809T113713Z/HZG-Ferrybox_Cux-HarwNR7738.nc","scripts/00_downloads/stage2/20_acquire_ds27_pangaea_ferrybox.R","",TRUE,267460,"2557df5a54b8ddfcdbb2f0aad31c8d161d783fda13b7cb7d5c8b0ed9db7b05cb","data/raw/stage2/ds27_pangaea_ferrybox/DS27_PANGAEA_20260809T113713Z/manifest.csv",FALSE,TRUE,"traceable"
"stage2","raw_evidence","data/raw/stage2/ds27_pangaea_ferrybox/DS27_PANGAEA_20260809T113713Z/HZG-Ferrybox_Cux-HarwNR7758.nc","scripts/00_downloads/stage2/20_acquire_ds27_pangaea_ferrybox.R","",TRUE,256932,"073f61d136eca8a88ff595f569ec336095661d76608c4bb2522876755273bddc","data/raw/stage2/ds27_pangaea_ferrybox/DS27_PANGAEA_20260809T113713Z/manifest.csv",FALSE,TRUE,"traceable"
"stage2","raw_evidence","data/raw/stage2/ds27_pangaea_ferrybox/DS27_PANGAEA_20260809T113713Z/HZG-Ferrybox_Cux-HarwNR777.nc","scripts/00_downloads/stage2/20_acquire_ds27_pangaea_ferrybox.R","",TRUE,266932,"d34fe3abfda972808b4f1ca7595635a71a35c0dff9a3b98feb8005626275e6fc","data/raw/stage2/ds27_pangaea_ferrybox/DS27_PANGAEA_20260809T113713Z/manifest.csv",FALSE,TRUE,"traceable"
"stage2","raw_evidence","data/raw/stage2/ds27_pangaea_ferrybox/DS27_PANGAEA_20260809T113713Z/HZG-Ferrybox_Cux-HarwNR7798.nc","scripts/00_downloads/stage2/20_acquire_ds27_pangaea_ferrybox.R","",TRUE,269228,"2dbbc6645f53b03fbf9c6888c7de1615ec45db6090de76668aae7218f15e48ba","data/raw/stage2/ds27_pangaea_ferrybox/DS27_PANGAEA_20260809T113713Z/manifest.csv",FALSE,TRUE,"traceable"
"stage2","raw_evidence","data/raw/stage2/ds27_pangaea_ferrybox/DS27_PANGAEA_20260809T113713Z/HZG-Ferrybox_Cux-HarwNR78.nc","scripts/00_downloads/stage2/20_acquire_ds27_pangaea_ferrybox.R","",TRUE,264436,"36a576f034b3c1bfff876c4ede7a7829c39461e37a94641845a3ab2b59cb9637","data/raw/stage2/ds27_pangaea_ferrybox/DS27_PANGAEA_20260809T113713Z/manifest.csv",FALSE,TRUE,"traceable"
"stage2","raw_evidence","data/raw/stage2/ds27_pangaea_ferrybox/DS27_PANGAEA_20260809T113713Z/HZG-Ferrybox_Cux-HarwNR7838.nc","scripts/00_downloads/stage2/20_acquire_ds27_pangaea_ferrybox.R","",TRUE,268444,"43fe565cad928d33dc40b92c2fe24c7990b4cb3954396032664b63e6702b2d37","data/raw/stage2/ds27_pangaea_ferrybox/DS27_PANGAEA_20260809T113713Z/manifest.csv",FALSE,TRUE,"traceable"
"stage2","raw_evidence","data/raw/stage2/ds27_pangaea_ferrybox/DS27_PANGAEA_20260809T113713Z/HZG-Ferrybox_Cux-HarwNR7858.nc","scripts/00_downloads/stage2/20_acquire_ds27_pangaea_ferrybox.R","",TRUE,266276,"b3d817bc5c75d9c39fed8e6b02b8bccf59c51f58effc2dee4083d9bd2c2d73c5","data/raw/stage2/ds27_pangaea_ferrybox/DS27_PANGAEA_20260809T113713Z/manifest.csv",FALSE,TRUE,"traceable"
"stage2","raw_evidence","data/raw/stage2/ds27_pangaea_ferrybox/DS27_PANGAEA_20260809T113713Z/HZG-Ferrybox_Cux-HarwNR7898.nc","scripts/00_downloads/stage2/20_acquire_ds27_pangaea_ferrybox.R","",TRUE,264676,"ccc5cd9a3720bc878e257a282daf340aba0adbfe68f21911c622ec35cd08ed7b","data/raw/stage2/ds27_pangaea_ferrybox/DS27_PANGAEA_20260809T113713Z/manifest.csv",FALSE,TRUE,"traceable"
"stage2","raw_evidence","data/raw/stage2/ds27_pangaea_ferrybox/DS27_PANGAEA_20260809T113713Z/HZG-Ferrybox_Cux-HarwNR7978.nc","scripts/00_downloads/stage2/20_acquire_ds27_pangaea_ferrybox.R","",TRUE,267300,"df0052f115aca69d899029dc60dfd17070c3fc5847f2f832ede88b1c3d068032","data/raw/stage2/ds27_pangaea_ferrybox/DS27_PANGAEA_20260809T113713Z/manifest.csv",FALSE,TRUE,"traceable"
"stage2","raw_evidence","data/raw/stage2/ds27_pangaea_ferrybox/DS27_PANGAEA_20260809T113713Z/HZG-Ferrybox_Cux-HarwNR7980.nc","scripts/00_downloads/stage2/20_acquire_ds27_pangaea_ferrybox.R","",TRUE,268048,"b5aafcf116770dc092f4a72d8b88689b4a298e7edaf691756d6578841e7fd3bd","data/raw/stage2/ds27_pangaea_ferrybox/DS27_PANGAEA_20260809T113713Z/manifest.csv",FALSE,TRUE,"traceable"
"stage2","raw_evidence","data/raw/stage2/ds27_pangaea_ferrybox/DS27_PANGAEA_20260809T113713Z/HZG-Ferrybox_Cux-HarwNR8.nc","scripts/00_downloads/stage2/20_acquire_ds27_pangaea_ferrybox.R","",TRUE,78424,"e72c12b9bbfe4582f3879077503bd84b988da6c635c5e2b32f557dbc4db9af80","data/raw/stage2/ds27_pangaea_ferrybox/DS27_PANGAEA_20260809T113713Z/manifest.csv",FALSE,TRUE,"traceable"
"stage2","raw_evidence","data/raw/stage2/ds27_pangaea_ferrybox/DS27_PANGAEA_20260809T113713Z/HZG-Ferrybox_Cux-HarwNR8058.nc","scripts/00_downloads/stage2/20_acquire_ds27_pangaea_ferrybox.R","",TRUE,239020,"266ef867e0ab9b7c454663b523000490b8df6bf8783a6bce62893876ef09efef","data/raw/stage2/ds27_pangaea_ferrybox/DS27_PANGAEA_20260809T113713Z/manifest.csv",FALSE,TRUE,"traceable"
"stage2","raw_evidence","data/raw/stage2/ds27_pangaea_ferrybox/DS27_PANGAEA_20260809T113713Z/HZG-Ferrybox_Cux-HarwNR8098.nc","scripts/00_downloads/stage2/20_acquire_ds27_pangaea_ferrybox.R","",TRUE,240932,"60fb3983f8cdb31a92511cc8e7ea8262c3cef762bc936ecc52efb9f9303dad9d","data/raw/stage2/ds27_pangaea_ferrybox/DS27_PANGAEA_20260809T113713Z/manifest.csv",FALSE,TRUE,"traceable"
"stage2","raw_evidence","data/raw/stage2/ds27_pangaea_ferrybox/DS27_PANGAEA_20260809T113713Z/HZG-Ferrybox_Cux-HarwNR81.nc","scripts/00_downloads/stage2/20_acquire_ds27_pangaea_ferrybox.R","",TRUE,204156,"359e83a82682685e2e118c55a6f5310d281544e26ccaa40e953213665e664cd3","data/raw/stage2/ds27_pangaea_ferrybox/DS27_PANGAEA_20260809T113713Z/manifest.csv",FALSE,TRUE,"traceable"
"stage2","raw_evidence","data/raw/stage2/ds27_pangaea_ferrybox/DS27_PANGAEA_20260809T113713Z/HZG-Ferrybox_Cux-HarwNR8138.nc","scripts/00_downloads/stage2/20_acquire_ds27_pangaea_ferrybox.R","",TRUE,249516,"6a51d641972641e55b420b5be82e756177ae53bb71dff54e4f49f992a27d8ed2","data/raw/stage2/ds27_pangaea_ferrybox/DS27_PANGAEA_20260809T113713Z/manifest.csv",FALSE,TRUE,"traceable"
"stage2","raw_evidence","data/raw/stage2/ds27_pangaea_ferrybox/DS27_PANGAEA_20260809T113713Z/HZG-Ferrybox_Cux-HarwNR8158.nc","scripts/00_downloads/stage2/20_acquire_ds27_pangaea_ferrybox.R","",TRUE,63120,"1b2e5311133ae7f7a4f80c46b24f302b796d75da1bc71f7e7650e484791e50b5","data/raw/stage2/ds27_pangaea_ferrybox/DS27_PANGAEA_20260809T113713Z/manifest.csv",FALSE,TRUE,"traceable"
"stage2","raw_evidence","data/raw/stage2/ds27_pangaea_ferrybox/DS27_PANGAEA_20260809T113713Z/HZG-Ferrybox_Cux-HarwNR817.nc","scripts/00_downloads/stage2/20_acquire_ds27_pangaea_ferrybox.R","",TRUE,267220,"2add9c80034c311a22e03c81f342dde1226ff8d9c8eee2a48ae35aace6254289","data/raw/stage2/ds27_pangaea_ferrybox/DS27_PANGAEA_20260809T113713Z/manifest.csv",FALSE,TRUE,"traceable"
"stage2","raw_evidence","data/raw/stage2/ds27_pangaea_ferrybox/DS27_PANGAEA_20260809T113713Z/HZG-Ferrybox_Cux-HarwNR8198.nc","scripts/00_downloads/stage2/20_acquire_ds27_pangaea_ferrybox.R","",TRUE,236632,"5b1685f0666994b362a3d559c317a9cdda700c7cfb1be05ad4adfb53861b3458","data/raw/stage2/ds27_pangaea_ferrybox/DS27_PANGAEA_20260809T113713Z/manifest.csv",FALSE,TRUE,"traceable"
"stage2","raw_evidence","data/raw/stage2/ds27_pangaea_ferrybox/DS27_PANGAEA_20260809T113713Z/HZG-Ferrybox_Cux-HarwNR8238.nc","scripts/00_downloads/stage2/20_acquire_ds27_pangaea_ferrybox.R","",TRUE,152500,"07623f6b3b8329c086c06a72b2351a1d75ba34d9266a140a62646246e2108626","data/raw/stage2/ds27_pangaea_ferrybox/DS27_PANGAEA_20260809T113713Z/manifest.csv",FALSE,TRUE,"traceable"
"stage2","raw_evidence","data/raw/stage2/ds27_pangaea_ferrybox/DS27_PANGAEA_20260809T113713Z/HZG-Ferrybox_Cux-HarwNR8278.nc","scripts/00_downloads/stage2/20_acquire_ds27_pangaea_ferrybox.R","",TRUE,242080,"3b55dc0c8df280173b1b38a69ea165406881b9cb06651dab03fa8cfd10af7b71","data/raw/stage2/ds27_pangaea_ferrybox/DS27_PANGAEA_20260809T113713Z/manifest.csv",FALSE,TRUE,"traceable"
"stage2","raw_evidence","data/raw/stage2/ds27_pangaea_ferrybox/DS27_PANGAEA_20260809T113713Z/HZG-Ferrybox_Cux-HarwNR8318.nc","scripts/00_downloads/stage2/20_acquire_ds27_pangaea_ferrybox.R","",TRUE,241712,"2ea4c5543497b06727b1238d61c47d38833ea4bfc8aa61ad9e8167174bef65ae","data/raw/stage2/ds27_pangaea_ferrybox/DS27_PANGAEA_20260809T113713Z/manifest.csv",FALSE,TRUE,"traceable"
"stage2","raw_evidence","data/raw/stage2/ds27_pangaea_ferrybox/DS27_PANGAEA_20260809T113713Z/HZG-Ferrybox_Cux-HarwNR8358.nc","scripts/00_downloads/stage2/20_acquire_ds27_pangaea_ferrybox.R","",TRUE,234916,"dbbd458b004b09122997c03fbdf41aa2baab5014fdfd246044c7d2c7fefc8029","data/raw/stage2/ds27_pangaea_ferrybox/DS27_PANGAEA_20260809T113713Z/manifest.csv",FALSE,TRUE,"traceable"
"stage2","raw_evidence","data/raw/stage2/ds27_pangaea_ferrybox/DS27_PANGAEA_20260809T113713Z/HZG-Ferrybox_Cux-HarwNR8378.nc","scripts/00_downloads/stage2/20_acquire_ds27_pangaea_ferrybox.R","",TRUE,60624,"cac04eeb9f24a58973a07797c7f8836d827da387dcceebc68d6b8f3cd6519161","data/raw/stage2/ds27_pangaea_ferrybox/DS27_PANGAEA_20260809T113713Z/manifest.csv",FALSE,TRUE,"traceable"
"stage2","raw_evidence","data/raw/stage2/ds27_pangaea_ferrybox/DS27_PANGAEA_20260809T113713Z/HZG-Ferrybox_Cux-HarwNR8418.nc","scripts/00_downloads/stage2/20_acquire_ds27_pangaea_ferrybox.R","",TRUE,243320,"f58a99e305bf4d9c134f57467659c01e6ba558e5a44cb04dea5192c27305c66a","data/raw/stage2/ds27_pangaea_ferrybox/DS27_PANGAEA_20260809T113713Z/manifest.csv",FALSE,TRUE,"traceable"
"stage2","raw_evidence","data/raw/stage2/ds27_pangaea_ferrybox/DS27_PANGAEA_20260809T113713Z/HZG-Ferrybox_Cux-HarwNR8458.nc","scripts/00_downloads/stage2/20_acquire_ds27_pangaea_ferrybox.R","",TRUE,239832,"c2ed1d1580e167ba8a02b45aac688bc6c422c6b078fd6d906cfaae07d12ef178","data/raw/stage2/ds27_pangaea_ferrybox/DS27_PANGAEA_20260809T113713Z/manifest.csv",FALSE,TRUE,"traceable"
"stage2","raw_evidence","data/raw/stage2/ds27_pangaea_ferrybox/DS27_PANGAEA_20260809T113713Z/HZG-Ferrybox_Cux-HarwNR8498.nc","scripts/00_downloads/stage2/20_acquire_ds27_pangaea_ferrybox.R","",TRUE,242244,"dd040daa35bc355a7e43d5d54a4f361410480135eb1e3f051803c476debbb48a","data/raw/stage2/ds27_pangaea_ferrybox/DS27_PANGAEA_20260809T113713Z/manifest.csv",FALSE,TRUE,"traceable"
"stage2","raw_evidence","data/raw/stage2/ds27_pangaea_ferrybox/DS27_PANGAEA_20260809T113713Z/HZG-Ferrybox_Cux-HarwNR8538.nc","scripts/00_downloads/stage2/20_acquire_ds27_pangaea_ferrybox.R","",TRUE,71156,"b67063d623fff88329f51280542a3213499a9cc10ed7f4d85a219f6cc27ae975","data/raw/stage2/ds27_pangaea_ferrybox/DS27_PANGAEA_20260809T113713Z/manifest.csv",FALSE,TRUE,"traceable"
"stage2","raw_evidence","data/raw/stage2/ds27_pangaea_ferrybox/DS27_PANGAEA_20260809T113713Z/HZG-Ferrybox_Cux-HarwNR8578.nc","scripts/00_downloads/stage2/20_acquire_ds27_pangaea_ferrybox.R","",TRUE,214820,"e7c31b7e5ffb1cdfbddd402356a22fce76886801f4b682899b5628b746d12453","data/raw/stage2/ds27_pangaea_ferrybox/DS27_PANGAEA_20260809T113713Z/manifest.csv",FALSE,TRUE,"traceable"
"stage2","raw_evidence","data/raw/stage2/ds27_pangaea_ferrybox/DS27_PANGAEA_20260809T113713Z/HZG-Ferrybox_Cux-HarwNR8618.nc","scripts/00_downloads/stage2/20_acquire_ds27_pangaea_ferrybox.R","",TRUE,240768,"d6e7471da7540e1d31330db0e3032c037d3c1656a214b20335f5ff9d129459c6","data/raw/stage2/ds27_pangaea_ferrybox/DS27_PANGAEA_20260809T113713Z/manifest.csv",FALSE,TRUE,"traceable"
"stage2","raw_evidence","data/raw/stage2/ds27_pangaea_ferrybox/DS27_PANGAEA_20260809T113713Z/HZG-Ferrybox_Cux-HarwNR8658.nc","scripts/00_downloads/stage2/20_acquire_ds27_pangaea_ferrybox.R","",TRUE,240364,"ee93841ed07f586a80d3cc22a3edb2aba4a1a22e1eaa588397146e34c2c2d62e","data/raw/stage2/ds27_pangaea_ferrybox/DS27_PANGAEA_20260809T113713Z/manifest.csv",FALSE,TRUE,"traceable"
"stage2","raw_evidence","data/raw/stage2/ds27_pangaea_ferrybox/DS27_PANGAEA_20260809T113713Z/HZG-Ferrybox_Cux-HarwNR8698.nc","scripts/00_downloads/stage2/20_acquire_ds27_pangaea_ferrybox.R","",TRUE,191132,"28956a40c87118c20b2c6454cb16a79c1f1cb6ec709e1be6e09c1ee81bfe5bd4","data/raw/stage2/ds27_pangaea_ferrybox/DS27_PANGAEA_20260809T113713Z/manifest.csv",FALSE,TRUE,"traceable"
"stage2","raw_evidence","data/raw/stage2/ds27_pangaea_ferrybox/DS27_PANGAEA_20260809T113713Z/HZG-Ferrybox_Cux-HarwNR87.nc","scripts/00_downloads/stage2/20_acquire_ds27_pangaea_ferrybox.R","",TRUE,116212,"a9c4733a97354d6cdf9ce6b78c916cac9382ef58257682b6c560a070110cc111","data/raw/stage2/ds27_pangaea_ferrybox/DS27_PANGAEA_20260809T113713Z/manifest.csv",FALSE,TRUE,"traceable"
"stage2","raw_evidence","data/raw/stage2/ds27_pangaea_ferrybox/DS27_PANGAEA_20260809T113713Z/HZG-Ferrybox_Cux-HarwNR8743.nc","scripts/00_downloads/stage2/20_acquire_ds27_pangaea_ferrybox.R","",TRUE,139012,"e7eb60fb4045807de7111e376a12653266ceb2aaadcb58c61fd14cfd2c36cfe1","data/raw/stage2/ds27_pangaea_ferrybox/DS27_PANGAEA_20260809T113713Z/manifest.csv",FALSE,TRUE,"traceable"
"stage2","raw_evidence","data/raw/stage2/ds27_pangaea_ferrybox/DS27_PANGAEA_20260809T113713Z/HZG-Ferrybox_Cux-HarwNR8755.nc","scripts/00_downloads/stage2/20_acquire_ds27_pangaea_ferrybox.R","",TRUE,222328,"1e3079039b2bb7ae0a2290d5a07c61b962a11f96adb01f49eb1ed7c9de89021b","data/raw/stage2/ds27_pangaea_ferrybox/DS27_PANGAEA_20260809T113713Z/manifest.csv",FALSE,TRUE,"traceable"
"stage2","raw_evidence","data/raw/stage2/ds27_pangaea_ferrybox/DS27_PANGAEA_20260809T113713Z/HZG-Ferrybox_Cux-HarwNR8767.nc","scripts/00_downloads/stage2/20_acquire_ds27_pangaea_ferrybox.R","",TRUE,223548,"396bb9bac328c726f24b8baad37b10d0f7cdaf516b600547ebb88117749391bb","data/raw/stage2/ds27_pangaea_ferrybox/DS27_PANGAEA_20260809T113713Z/manifest.csv",FALSE,TRUE,"traceable"
"stage2","raw_evidence","data/raw/stage2/ds27_pangaea_ferrybox/DS27_PANGAEA_20260809T113713Z/HZG-Ferrybox_Cux-HarwNR8779.nc","scripts/00_downloads/stage2/20_acquire_ds27_pangaea_ferrybox.R","",TRUE,221504,"d0990edab1f838ebd1e2ff27cb33c9bd852fd2468cebe64651f8aa32de81e147","data/raw/stage2/ds27_pangaea_ferrybox/DS27_PANGAEA_20260809T113713Z/manifest.csv",FALSE,TRUE,"traceable"
"stage2","raw_evidence","data/raw/stage2/ds27_pangaea_ferrybox/DS27_PANGAEA_20260809T113713Z/HZG-Ferrybox_Cux-HarwNR8818.nc","scripts/00_downloads/stage2/20_acquire_ds27_pangaea_ferrybox.R","",TRUE,224824,"fe3ec353c8efede5a3b1d16ef6934052c9ecef51e3a1bd141f2e0585f0f04d88","data/raw/stage2/ds27_pangaea_ferrybox/DS27_PANGAEA_20260809T113713Z/manifest.csv",FALSE,TRUE,"traceable"
"stage2","raw_evidence","data/raw/stage2/ds27_pangaea_ferrybox/DS27_PANGAEA_20260809T113713Z/HZG-Ferrybox_Cux-HarwNR8858.nc","scripts/00_downloads/stage2/20_acquire_ds27_pangaea_ferrybox.R","",TRUE,219832,"67946ad7f376c21d707170a7576dc1c503553ba243364a90697cfef5978ca61b","data/raw/stage2/ds27_pangaea_ferrybox/DS27_PANGAEA_20260809T113713Z/manifest.csv",FALSE,TRUE,"traceable"
"stage2","raw_evidence","data/raw/stage2/ds27_pangaea_ferrybox/DS27_PANGAEA_20260809T113713Z/HZG-Ferrybox_Cux-HarwNR8898.nc","scripts/00_downloads/stage2/20_acquire_ds27_pangaea_ferrybox.R","",TRUE,141836,"4348fe39a51bf87d68c5647ccc1d45c526dc9cf2021385c3af8933a8584e9440","data/raw/stage2/ds27_pangaea_ferrybox/DS27_PANGAEA_20260809T113713Z/manifest.csv",FALSE,TRUE,"traceable"
"stage2","raw_evidence","data/raw/stage2/ds27_pangaea_ferrybox/DS27_PANGAEA_20260809T113713Z/HZG-Ferrybox_Cux-HarwNR8938.nc","scripts/00_downloads/stage2/20_acquire_ds27_pangaea_ferrybox.R","",TRUE,212680,"b01b3426dac03c5d37641c3ae364ee21c6f6de610fb85817b48a69f062506ca8","data/raw/stage2/ds27_pangaea_ferrybox/DS27_PANGAEA_20260809T113713Z/manifest.csv",FALSE,TRUE,"traceable"
"stage2","raw_evidence","data/raw/stage2/ds27_pangaea_ferrybox/DS27_PANGAEA_20260809T113713Z/HZG-Ferrybox_Cux-HarwNR8978.nc","scripts/00_downloads/stage2/20_acquire_ds27_pangaea_ferrybox.R","",TRUE,130976,"ad3f1b5b00fe44a00a5b768be1e17bfaee2dd66e1cdb098a07f177ba0e0c53f4","data/raw/stage2/ds27_pangaea_ferrybox/DS27_PANGAEA_20260809T113713Z/manifest.csv",FALSE,TRUE,"traceable"
"stage2","raw_evidence","data/raw/stage2/ds27_pangaea_ferrybox/DS27_PANGAEA_20260809T113713Z/HZG-Ferrybox_Cux-HarwNR90.nc","scripts/00_downloads/stage2/20_acquire_ds27_pangaea_ferrybox.R","",TRUE,248636,"c86c62a77135f1ce8ba65c8169c781f80a92ca94902f91152d38683e8ef278e3","data/raw/stage2/ds27_pangaea_ferrybox/DS27_PANGAEA_20260809T113713Z/manifest.csv",FALSE,TRUE,"traceable"
"stage2","raw_evidence","data/raw/stage2/ds27_pangaea_ferrybox/DS27_PANGAEA_20260809T113713Z/HZG-Ferrybox_Cux-HarwNR9098.nc","scripts/00_downloads/stage2/20_acquire_ds27_pangaea_ferrybox.R","",TRUE,243608,"26239b02c6c1527ff93fe4e9e031482f61c85d9757e19a5c5382a3d3d60229e8","data/raw/stage2/ds27_pangaea_ferrybox/DS27_PANGAEA_20260809T113713Z/manifest.csv",FALSE,TRUE,"traceable"
"stage2","raw_evidence","data/raw/stage2/ds27_pangaea_ferrybox/DS27_PANGAEA_20260809T113713Z/HZG-Ferrybox_Cux-HarwNR9138.nc","scripts/00_downloads/stage2/20_acquire_ds27_pangaea_ferrybox.R","",TRUE,241516,"e2425a7ba6a94f2aa448d2024c40bbbc0de193260f3b8b67ad444f8d51fb2c0b","data/raw/stage2/ds27_pangaea_ferrybox/DS27_PANGAEA_20260809T113713Z/manifest.csv",FALSE,TRUE,"traceable"
"stage2","raw_evidence","data/raw/stage2/ds27_pangaea_ferrybox/DS27_PANGAEA_20260809T113713Z/HZG-Ferrybox_Cux-HarwNR917.nc","scripts/00_downloads/stage2/20_acquire_ds27_pangaea_ferrybox.R","",TRUE,269232,"3cf57e638b2b49659111020e68974593d7cdb6a5a09394eb7709772ced662582","data/raw/stage2/ds27_pangaea_ferrybox/DS27_PANGAEA_20260809T113713Z/manifest.csv",FALSE,TRUE,"traceable"
"stage2","raw_evidence","data/raw/stage2/ds27_pangaea_ferrybox/DS27_PANGAEA_20260809T113713Z/HZG-Ferrybox_Cux-HarwNR9198.nc","scripts/00_downloads/stage2/20_acquire_ds27_pangaea_ferrybox.R","",TRUE,235740,"a51f99dce1ca380303001cc6c70a20f772458e0ce3f99680a56c79cfdf20fcf3","data/raw/stage2/ds27_pangaea_ferrybox/DS27_PANGAEA_20260809T113713Z/manifest.csv",FALSE,TRUE,"traceable"
"stage2","raw_evidence","data/raw/stage2/ds27_pangaea_ferrybox/DS27_PANGAEA_20260809T113713Z/HZG-Ferrybox_Cux-HarwNR9238.nc","scripts/00_downloads/stage2/20_acquire_ds27_pangaea_ferrybox.R","",TRUE,232368,"dbf442e4e4445299e5443d994078d98f5aa6cdc2f8c050ed3dec198e0966e0bb","data/raw/stage2/ds27_pangaea_ferrybox/DS27_PANGAEA_20260809T113713Z/manifest.csv",FALSE,TRUE,"traceable"
"stage2","raw_evidence","data/raw/stage2/ds27_pangaea_ferrybox/DS27_PANGAEA_20260809T113713Z/HZG-Ferrybox_Cux-HarwNR9278.nc","scripts/00_downloads/stage2/20_acquire_ds27_pangaea_ferrybox.R","",TRUE,234828,"c4af2e881b3b2ae08c66219a304f809daf33df2bd771c316482f623a53d4d6e1","data/raw/stage2/ds27_pangaea_ferrybox/DS27_PANGAEA_20260809T113713Z/manifest.csv",FALSE,TRUE,"traceable"
"stage2","raw_evidence","data/raw/stage2/ds27_pangaea_ferrybox/DS27_PANGAEA_20260809T113713Z/HZG-Ferrybox_Cux-HarwNR9318.nc","scripts/00_downloads/stage2/20_acquire_ds27_pangaea_ferrybox.R","",TRUE,240040,"407ca09bb64da6b8bb9ff40c44c2b04175f9c353801097bf90af1038676e1979","data/raw/stage2/ds27_pangaea_ferrybox/DS27_PANGAEA_20260809T113713Z/manifest.csv",FALSE,TRUE,"traceable"
"stage2","raw_evidence","data/raw/stage2/ds27_pangaea_ferrybox/DS27_PANGAEA_20260809T113713Z/HZG-Ferrybox_Cux-HarwNR9364.nc","scripts/00_downloads/stage2/20_acquire_ds27_pangaea_ferrybox.R","",TRUE,239912,"4b3d5d0613ccdeed7cc2a60a8d7d9d505ee79db39a3d348359558f09069fdf5c","data/raw/stage2/ds27_pangaea_ferrybox/DS27_PANGAEA_20260809T113713Z/manifest.csv",FALSE,TRUE,"traceable"
"stage2","raw_evidence","data/raw/stage2/ds27_pangaea_ferrybox/DS27_PANGAEA_20260809T113713Z/HZG-Ferrybox_Cux-HarwNR9365.nc","scripts/00_downloads/stage2/20_acquire_ds27_pangaea_ferrybox.R","",TRUE,225768,"f233c09aa01d57880956dadc2451e78acce403e1ce13e54760cbdb6c97a225d7","data/raw/stage2/ds27_pangaea_ferrybox/DS27_PANGAEA_20260809T113713Z/manifest.csv",FALSE,TRUE,"traceable"
"stage2","raw_evidence","data/raw/stage2/ds27_pangaea_ferrybox/DS27_PANGAEA_20260809T113713Z/HZG-Ferrybox_Cux-HarwNR9377.nc","scripts/00_downloads/stage2/20_acquire_ds27_pangaea_ferrybox.R","",TRUE,241388,"edb07c77d4e296332c5514a0c418128a7b05a44cad82cd00c8f9c605544c822b","data/raw/stage2/ds27_pangaea_ferrybox/DS27_PANGAEA_20260809T113713Z/manifest.csv",FALSE,TRUE,"traceable"
"stage2","raw_evidence","data/raw/stage2/ds27_pangaea_ferrybox/DS27_PANGAEA_20260809T113713Z/HZG-Ferrybox_Cux-HarwNR9389.nc","scripts/00_downloads/stage2/20_acquire_ds27_pangaea_ferrybox.R","",TRUE,225804,"91685c627b851d601bc2c7329992dec3ff38a9a8dc15b7570ebf121182db4b5d","data/raw/stage2/ds27_pangaea_ferrybox/DS27_PANGAEA_20260809T113713Z/manifest.csv",FALSE,TRUE,"traceable"
"stage2","raw_evidence","data/raw/stage2/ds27_pangaea_ferrybox/DS27_PANGAEA_20260809T113713Z/HZG-Ferrybox_Cux-HarwNR94.nc","scripts/00_downloads/stage2/20_acquire_ds27_pangaea_ferrybox.R","",TRUE,242204,"6eceb2162e228e292ecf0c9ba0e5c72e2f61133264dc74a75914f65e53f201cc","data/raw/stage2/ds27_pangaea_ferrybox/DS27_PANGAEA_20260809T113713Z/manifest.csv",FALSE,TRUE,"traceable"
"stage2","raw_evidence","data/raw/stage2/ds27_pangaea_ferrybox/DS27_PANGAEA_20260809T113713Z/HZG-Ferrybox_Cux-HarwNR9401.nc","scripts/00_downloads/stage2/20_acquire_ds27_pangaea_ferrybox.R","",TRUE,236924,"68a2c21ae4f3f4ba48014083b28347286cd82587f9a8268c78e4a981cbd68bdf","data/raw/stage2/ds27_pangaea_ferrybox/DS27_PANGAEA_20260809T113713Z/manifest.csv",FALSE,TRUE,"traceable"
"stage2","raw_evidence","data/raw/stage2/ds27_pangaea_ferrybox/DS27_PANGAEA_20260809T113713Z/HZG-Ferrybox_Cux-HarwNR9402.nc","scripts/00_downloads/stage2/20_acquire_ds27_pangaea_ferrybox.R","",TRUE,232788,"fb1473a6cffaabbaaed0b10d21275f73b01fd844a2055fd995c3d97d93bdd23f","data/raw/stage2/ds27_pangaea_ferrybox/DS27_PANGAEA_20260809T113713Z/manifest.csv",FALSE,TRUE,"traceable"
"stage2","raw_evidence","data/raw/stage2/ds27_pangaea_ferrybox/DS27_PANGAEA_20260809T113713Z/HZG-Ferrybox_Cux-HarwNR9404.nc","scripts/00_downloads/stage2/20_acquire_ds27_pangaea_ferrybox.R","",TRUE,240036,"bd452574a1117fde9db7f146b1a2c31c34d4a7085b32f868cca721c4312b92ef","data/raw/stage2/ds27_pangaea_ferrybox/DS27_PANGAEA_20260809T113713Z/manifest.csv",FALSE,TRUE,"traceable"
"stage2","raw_evidence","data/raw/stage2/ds27_pangaea_ferrybox/DS27_PANGAEA_20260809T113713Z/HZG-Ferrybox_Cux-HarwNR9438.nc","scripts/00_downloads/stage2/20_acquire_ds27_pangaea_ferrybox.R","",TRUE,237612,"e36b1488fb06dd44bf1e2fa8372a771999ef6f6e3c4907facd98668eb83dc241","data/raw/stage2/ds27_pangaea_ferrybox/DS27_PANGAEA_20260809T113713Z/manifest.csv",FALSE,TRUE,"traceable"
"stage2","raw_evidence","data/raw/stage2/ds27_pangaea_ferrybox/DS27_PANGAEA_20260809T113713Z/HZG-Ferrybox_Cux-HarwNR9478.nc","scripts/00_downloads/stage2/20_acquire_ds27_pangaea_ferrybox.R","",TRUE,239052,"d78edc61415bb6a58ec315756520087e2074ad8de6ea09925579c259c595d0cc","data/raw/stage2/ds27_pangaea_ferrybox/DS27_PANGAEA_20260809T113713Z/manifest.csv",FALSE,TRUE,"traceable"
"stage2","raw_evidence","data/raw/stage2/ds27_pangaea_ferrybox/DS27_PANGAEA_20260809T113713Z/HZG-Ferrybox_Cux-HarwNR9518.nc","scripts/00_downloads/stage2/20_acquire_ds27_pangaea_ferrybox.R","",TRUE,236924,"b8033ba624ff3b0fccfc9a28c99e85d88313a3d5cf3959e41599875e9aa6888c","data/raw/stage2/ds27_pangaea_ferrybox/DS27_PANGAEA_20260809T113713Z/manifest.csv",FALSE,TRUE,"traceable"
"stage2","raw_evidence","data/raw/stage2/ds27_pangaea_ferrybox/DS27_PANGAEA_20260809T113713Z/HZG-Ferrybox_Cux-HarwNR9558.nc","scripts/00_downloads/stage2/20_acquire_ds27_pangaea_ferrybox.R","",TRUE,241752,"feb32798037bcf16968d9b5c56ca2e3b2c3f957eb75689b7d269cb1af89aaf22","data/raw/stage2/ds27_pangaea_ferrybox/DS27_PANGAEA_20260809T113713Z/manifest.csv",FALSE,TRUE,"traceable"
"stage2","raw_evidence","data/raw/stage2/ds27_pangaea_ferrybox/DS27_PANGAEA_20260809T113713Z/HZG-Ferrybox_Cux-HarwNR957.nc","scripts/00_downloads/stage2/20_acquire_ds27_pangaea_ferrybox.R","",TRUE,263196,"2370718de48393508293c188608cbe2a6cb25754984906ec70961fd4506099a4","data/raw/stage2/ds27_pangaea_ferrybox/DS27_PANGAEA_20260809T113713Z/manifest.csv",FALSE,TRUE,"traceable"
"stage2","raw_evidence","data/raw/stage2/ds27_pangaea_ferrybox/DS27_PANGAEA_20260809T113713Z/HZG-Ferrybox_Cux-HarwNR9598.nc","scripts/00_downloads/stage2/20_acquire_ds27_pangaea_ferrybox.R","",TRUE,243556,"9b9910340a9ddfc1e1adf2ba0712750e652f2cf04abfaecab0360b3b29ad65a1","data/raw/stage2/ds27_pangaea_ferrybox/DS27_PANGAEA_20260809T113713Z/manifest.csv",FALSE,TRUE,"traceable"
"stage2","raw_evidence","data/raw/stage2/ds27_pangaea_ferrybox/DS27_PANGAEA_20260809T113713Z/HZG-Ferrybox_Cux-HarwNR96.nc","scripts/00_downloads/stage2/20_acquire_ds27_pangaea_ferrybox.R","",TRUE,255980,"66547c2fc6b4d62d679eda7d2d15b3f044381b4826de848572cd52f52001adfa","data/raw/stage2/ds27_pangaea_ferrybox/DS27_PANGAEA_20260809T113713Z/manifest.csv",FALSE,TRUE,"traceable"
"stage2","raw_evidence","data/raw/stage2/ds27_pangaea_ferrybox/DS27_PANGAEA_20260809T113713Z/HZG-Ferrybox_Cux-HarwNR9638.nc","scripts/00_downloads/stage2/20_acquire_ds27_pangaea_ferrybox.R","",TRUE,235608,"a237c30036b6b77e9d57b1f0145c9feb3f97a29d61ae549f5eccef24081e5384","data/raw/stage2/ds27_pangaea_ferrybox/DS27_PANGAEA_20260809T113713Z/manifest.csv",FALSE,TRUE,"traceable"
"stage2","raw_evidence","data/raw/stage2/ds27_pangaea_ferrybox/DS27_PANGAEA_20260809T113713Z/HZG-Ferrybox_Cux-HarwNR9678.nc","scripts/00_downloads/stage2/20_acquire_ds27_pangaea_ferrybox.R","",TRUE,228140,"60a4a89663abab9f8a1a097244dfb0490cdfc6fbfd1998096cde65911af47c1b","data/raw/stage2/ds27_pangaea_ferrybox/DS27_PANGAEA_20260809T113713Z/manifest.csv",FALSE,TRUE,"traceable"
"stage2","raw_evidence","data/raw/stage2/ds27_pangaea_ferrybox/DS27_PANGAEA_20260809T113713Z/HZG-Ferrybox_Cux-HarwNR9718.nc","scripts/00_downloads/stage2/20_acquire_ds27_pangaea_ferrybox.R","",TRUE,237708,"e7b93843715a0e1ad39669ba86353e5fdea6f984f41bf8be3e41fd0063332af3","data/raw/stage2/ds27_pangaea_ferrybox/DS27_PANGAEA_20260809T113713Z/manifest.csv",FALSE,TRUE,"traceable"
"stage2","raw_evidence","data/raw/stage2/ds27_pangaea_ferrybox/DS27_PANGAEA_20260809T113713Z/HZG-Ferrybox_Cux-HarwNR9758.nc","scripts/00_downloads/stage2/20_acquire_ds27_pangaea_ferrybox.R","",TRUE,233640,"168b7c95067e68a1210e35960c50502f67e20821f80e4497c9439421cb4052ef","data/raw/stage2/ds27_pangaea_ferrybox/DS27_PANGAEA_20260809T113713Z/manifest.csv",FALSE,TRUE,"traceable"
"stage2","raw_evidence","data/raw/stage2/ds27_pangaea_ferrybox/DS27_PANGAEA_20260809T113713Z/HZG-Ferrybox_Cux-HarwNR9798.nc","scripts/00_downloads/stage2/20_acquire_ds27_pangaea_ferrybox.R","",TRUE,237652,"0c80cfb0a1ca82283ee50f36750d46d8f2ef2cb153305280b566180d85372b6f","data/raw/stage2/ds27_pangaea_ferrybox/DS27_PANGAEA_20260809T113713Z/manifest.csv",FALSE,TRUE,"traceable"
"stage2","raw_evidence","data/raw/stage2/ds27_pangaea_ferrybox/DS27_PANGAEA_20260809T113713Z/HZG-Ferrybox_Cux-HarwNR98.nc","scripts/00_downloads/stage2/20_acquire_ds27_pangaea_ferrybox.R","",TRUE,252700,"21b9b49920a52852dc6bbcc9464e015caea20eb75a7f17951ffe542b3fc5ad5e","data/raw/stage2/ds27_pangaea_ferrybox/DS27_PANGAEA_20260809T113713Z/manifest.csv",FALSE,TRUE,"traceable"
"stage2","raw_evidence","data/raw/stage2/ds27_pangaea_ferrybox/DS27_PANGAEA_20260809T113713Z/HZG-Ferrybox_Cux-HarwNR9838.nc","scripts/00_downloads/stage2/20_acquire_ds27_pangaea_ferrybox.R","",TRUE,238636,"46b6f5a0a49bdc69d14c5bd99209ecbb5a04216a5929e62a78a9abd974b739e3","data/raw/stage2/ds27_pangaea_ferrybox/DS27_PANGAEA_20260809T113713Z/manifest.csv",FALSE,TRUE,"traceable"
"stage2","raw_evidence","data/raw/stage2/ds27_pangaea_ferrybox/DS27_PANGAEA_20260809T113713Z/HZG-Ferrybox_Cux-HarwNR9878.nc","scripts/00_downloads/stage2/20_acquire_ds27_pangaea_ferrybox.R","",TRUE,252960,"6ebede6145d4ee0c5449bc46c2a6a09e6c974ba4b8b45aa18c800224fcc1e1aa","data/raw/stage2/ds27_pangaea_ferrybox/DS27_PANGAEA_20260809T113713Z/manifest.csv",FALSE,TRUE,"traceable"
"stage2","raw_evidence","data/raw/stage2/ds27_pangaea_ferrybox/DS27_PANGAEA_20260809T113713Z/HZG-Ferrybox_Cux-HarwNR9918.nc","scripts/00_downloads/stage2/20_acquire_ds27_pangaea_ferrybox.R","",TRUE,242536,"0edd0ed9a259ed5eb3bd272816c6db340214ffc691d311c922bc98bf1b5e04b9","data/raw/stage2/ds27_pangaea_ferrybox/DS27_PANGAEA_20260809T113713Z/manifest.csv",FALSE,TRUE,"traceable"
"stage2","raw_evidence","data/raw/stage2/ds27_pangaea_ferrybox/DS27_PANGAEA_20260809T113713Z/HZG-Ferrybox_Cux-HarwNR9958.nc","scripts/00_downloads/stage2/20_acquire_ds27_pangaea_ferrybox.R","",TRUE,241972,"502be40a9d16f1bfaa106307cea646ace9b3777aaa99a76cd6b6acc0e02e9f3f","data/raw/stage2/ds27_pangaea_ferrybox/DS27_PANGAEA_20260809T113713Z/manifest.csv",FALSE,TRUE,"traceable"
"stage2","raw_evidence","data/raw/stage2/ds27_pangaea_ferrybox/DS27_PANGAEA_20260809T113713Z/HZG-Ferrybox_Cux-HarwNR997.nc","scripts/00_downloads/stage2/20_acquire_ds27_pangaea_ferrybox.R","",TRUE,266736,"853789c6d8cab438708adc25943d1bdeafe11e5e4923d05e2d690a7d0af61393","data/raw/stage2/ds27_pangaea_ferrybox/DS27_PANGAEA_20260809T113713Z/manifest.csv",FALSE,TRUE,"traceable"
"stage2","raw_evidence","data/raw/stage2/ds27_pangaea_ferrybox/DS27_PANGAEA_20260809T113713Z/HZG-Ferrybox_Cux-HarwNR9998.nc","scripts/00_downloads/stage2/20_acquire_ds27_pangaea_ferrybox.R","",TRUE,241260,"26a147897349beb4e8ff3cd7db5bc432d0024e614cbaedd1ac1dce4887162d18","data/raw/stage2/ds27_pangaea_ferrybox/DS27_PANGAEA_20260809T113713Z/manifest.csv",FALSE,TRUE,"traceable"
"stage2","raw_evidence","data/raw/stage2/ds27_pangaea_ferrybox/DS27_PANGAEA_20260809T113713Z/HZG-Ferrybox_Harw-CuxNR100.nc","scripts/00_downloads/stage2/20_acquire_ds27_pangaea_ferrybox.R","",TRUE,252140,"c733bbfe3cf940052b1317b02bccf8bc04c8e3253bc2b50ec385477325f65c0d","data/raw/stage2/ds27_pangaea_ferrybox/DS27_PANGAEA_20260809T113713Z/manifest.csv",FALSE,TRUE,"traceable"
"stage2","raw_evidence","data/raw/stage2/ds27_pangaea_ferrybox/DS27_PANGAEA_20260809T113713Z/HZG-Ferrybox_Harw-CuxNR10018.nc","scripts/00_downloads/stage2/20_acquire_ds27_pangaea_ferrybox.R","",TRUE,241384,"dbde90a3e9bc5de505f59ba45edcd710d48e46e3b352084ab24d8093ea8c0b8a","data/raw/stage2/ds27_pangaea_ferrybox/DS27_PANGAEA_20260809T113713Z/manifest.csv",FALSE,TRUE,"traceable"
"stage2","raw_evidence","data/raw/stage2/ds27_pangaea_ferrybox/DS27_PANGAEA_20260809T113713Z/HZG-Ferrybox_Harw-CuxNR10058.nc","scripts/00_downloads/stage2/20_acquire_ds27_pangaea_ferrybox.R","",TRUE,239124,"af9fbabc94fee0330ba6f9742f98438858376d393333fb0ab088a1d7b221e92c","data/raw/stage2/ds27_pangaea_ferrybox/DS27_PANGAEA_20260809T113713Z/manifest.csv",FALSE,TRUE,"traceable"
"stage2","raw_evidence","data/raw/stage2/ds27_pangaea_ferrybox/DS27_PANGAEA_20260809T113713Z/HZG-Ferrybox_Harw-CuxNR10098.nc","scripts/00_downloads/stage2/20_acquire_ds27_pangaea_ferrybox.R","",TRUE,239288,"c37e18db249a97e1b2e6e6953ee4043b8e1f341eec4ca28182c4d0e6133186ce","data/raw/stage2/ds27_pangaea_ferrybox/DS27_PANGAEA_20260809T113713Z/manifest.csv",FALSE,TRUE,"traceable"
"stage2","raw_evidence","data/raw/stage2/ds27_pangaea_ferrybox/DS27_PANGAEA_20260809T113713Z/HZG-Ferrybox_Harw-CuxNR10138.nc","scripts/00_downloads/stage2/20_acquire_ds27_pangaea_ferrybox.R","",TRUE,237088,"27604c771a4c7777496301e7220589ef7bb10889251b73d3dc29893edcc9387f","data/raw/stage2/ds27_pangaea_ferrybox/DS27_PANGAEA_20260809T113713Z/manifest.csv",FALSE,TRUE,"traceable"
"stage2","raw_evidence","data/raw/stage2/ds27_pangaea_ferrybox/DS27_PANGAEA_20260809T113713Z/HZG-Ferrybox_Harw-CuxNR1017.nc","scripts/00_downloads/stage2/20_acquire_ds27_pangaea_ferrybox.R","",TRUE,264768,"66ae65e9203cb6198335a2d115c595f2ef203bab487b23d48fe331caa69463c0","data/raw/stage2/ds27_pangaea_ferrybox/DS27_PANGAEA_20260809T113713Z/manifest.csv",FALSE,TRUE,"traceable"
"stage2","raw_evidence","data/raw/stage2/ds27_pangaea_ferrybox/DS27_PANGAEA_20260809T113713Z/HZG-Ferrybox_Harw-CuxNR10178.nc","scripts/00_downloads/stage2/20_acquire_ds27_pangaea_ferrybox.R","",TRUE,242900,"f69993bc8f4973f2c77f410e9ba5dd7bc0f8061bb2b4ae8f4255f0dbd75b4855","data/raw/stage2/ds27_pangaea_ferrybox/DS27_PANGAEA_20260809T113713Z/manifest.csv",FALSE,TRUE,"traceable"
"stage2","raw_evidence","data/raw/stage2/ds27_pangaea_ferrybox/DS27_PANGAEA_20260809T113713Z/HZG-Ferrybox_Harw-CuxNR102.nc","scripts/00_downloads/stage2/20_acquire_ds27_pangaea_ferrybox.R","",TRUE,251880,"b8768fa10e15564a5e1384790a2194d14d678d541b003fce97fec7cd36cd1775","data/raw/stage2/ds27_pangaea_ferrybox/DS27_PANGAEA_20260809T113713Z/manifest.csv",FALSE,TRUE,"traceable"
"stage2","raw_evidence","data/raw/stage2/ds27_pangaea_ferrybox/DS27_PANGAEA_20260809T113713Z/HZG-Ferrybox_Harw-CuxNR10218.nc","scripts/00_downloads/stage2/20_acquire_ds27_pangaea_ferrybox.R","",TRUE,252300,"f1ec88bf9db184499560c3cc24e4fbeff2e3e44a8d456b8e01726fcb65e92624","data/raw/stage2/ds27_pangaea_ferrybox/DS27_PANGAEA_20260809T113713Z/manifest.csv",FALSE,TRUE,"traceable"
"stage2","raw_evidence","data/raw/stage2/ds27_pangaea_ferrybox/DS27_PANGAEA_20260809T113713Z/HZG-Ferrybox_Harw-CuxNR10258.nc","scripts/00_downloads/stage2/20_acquire_ds27_pangaea_ferrybox.R","",TRUE,238964,"b3eb98208f24c3bf89173eaf5c7abe5ce58782a3f0e829431331e43bf43bcfa0","data/raw/stage2/ds27_pangaea_ferrybox/DS27_PANGAEA_20260809T113713Z/manifest.csv",FALSE,TRUE,"traceable"
"stage2","raw_evidence","data/raw/stage2/ds27_pangaea_ferrybox/DS27_PANGAEA_20260809T113713Z/HZG-Ferrybox_Harw-CuxNR10298.nc","scripts/00_downloads/stage2/20_acquire_ds27_pangaea_ferrybox.R","",TRUE,239872,"3e602ef9fe925744ad91dbbc0cdec1ea048691c801534924798e8647fdbd06a7","data/raw/stage2/ds27_pangaea_ferrybox/DS27_PANGAEA_20260809T113713Z/manifest.csv",FALSE,TRUE,"traceable"
"stage2","raw_evidence","data/raw/stage2/ds27_pangaea_ferrybox/DS27_PANGAEA_20260809T113713Z/HZG-Ferrybox_Harw-CuxNR10338.nc","scripts/00_downloads/stage2/20_acquire_ds27_pangaea_ferrybox.R","",TRUE,236012,"fe7cfe2c549d021bc594a7aa22adbb76e261573cf137b4d5a2b11052e18f7907","data/raw/stage2/ds27_pangaea_ferrybox/DS27_PANGAEA_20260809T113713Z/manifest.csv",FALSE,TRUE,"traceable"
"stage2","raw_evidence","data/raw/stage2/ds27_pangaea_ferrybox/DS27_PANGAEA_20260809T113713Z/HZG-Ferrybox_Harw-CuxNR10378.nc","scripts/00_downloads/stage2/20_acquire_ds27_pangaea_ferrybox.R","",TRUE,241312,"76a2af36f5378f453c08cd999e9ff926c3769598fbc85c1ac76e4204b288abe3","data/raw/stage2/ds27_pangaea_ferrybox/DS27_PANGAEA_20260809T113713Z/manifest.csv",FALSE,TRUE,"traceable"
"stage2","raw_evidence","data/raw/stage2/ds27_pangaea_ferrybox/DS27_PANGAEA_20260809T113713Z/HZG-Ferrybox_Harw-CuxNR104.nc","scripts/00_downloads/stage2/20_acquire_ds27_pangaea_ferrybox.R","",TRUE,93824,"59b1fe3f163c8a8acbc2f1f8306a6604e37a69df161ec186a9d2d1934702530d","data/raw/stage2/ds27_pangaea_ferrybox/DS27_PANGAEA_20260809T113713Z/manifest.csv",FALSE,TRUE,"traceable"
"stage2","raw_evidence","data/raw/stage2/ds27_pangaea_ferrybox/DS27_PANGAEA_20260809T113713Z/HZG-Ferrybox_Harw-CuxNR10418.nc","scripts/00_downloads/stage2/20_acquire_ds27_pangaea_ferrybox.R","",TRUE,238364,"62764fae071e6c916542eaa75258b37d5497eef15747466e1a54677374a68460","data/raw/stage2/ds27_pangaea_ferrybox/DS27_PANGAEA_20260809T113713Z/manifest.csv",FALSE,TRUE,"traceable"
"stage2","raw_evidence","data/raw/stage2/ds27_pangaea_ferrybox/DS27_PANGAEA_20260809T113713Z/HZG-Ferrybox_Harw-CuxNR10458.nc","scripts/00_downloads/stage2/20_acquire_ds27_pangaea_ferrybox.R","",TRUE,240236,"9d46a9f449756df761ca99b7b1a4a783ed73ee0f62a775103de9f0ab86fb386a","data/raw/stage2/ds27_pangaea_ferrybox/DS27_PANGAEA_20260809T113713Z/manifest.csv",FALSE,TRUE,"traceable"
"stage2","raw_evidence","data/raw/stage2/ds27_pangaea_ferrybox/DS27_PANGAEA_20260809T113713Z/HZG-Ferrybox_Harw-CuxNR10498.nc","scripts/00_downloads/stage2/20_acquire_ds27_pangaea_ferrybox.R","",TRUE,245032,"efa9fed3d62afdb736d79f41e92a549896f81a41ae01172e31dd93abac8d7655","data/raw/stage2/ds27_pangaea_ferrybox/DS27_PANGAEA_20260809T113713Z/manifest.csv",FALSE,TRUE,"traceable"
"stage2","raw_evidence","data/raw/stage2/ds27_pangaea_ferrybox/DS27_PANGAEA_20260809T113713Z/HZG-Ferrybox_Harw-CuxNR105.nc","scripts/00_downloads/stage2/20_acquire_ds27_pangaea_ferrybox.R","",TRUE,255656,"69f3a7a62731a05362d9436b62bb5033dac0b14e26fa965ebb21153097de9a11","data/raw/stage2/ds27_pangaea_ferrybox/DS27_PANGAEA_20260809T113713Z/manifest.csv",FALSE,TRUE,"traceable"
"stage2","raw_evidence","data/raw/stage2/ds27_pangaea_ferrybox/DS27_PANGAEA_20260809T113713Z/HZG-Ferrybox_Harw-CuxNR10538.nc","scripts/00_downloads/stage2/20_acquire_ds27_pangaea_ferrybox.R","",TRUE,246964,"1218a2bef9fbd11a8a8efc62c2dd1ddeca2af60c659abd9e3b7fbb10ce3a6729","data/raw/stage2/ds27_pangaea_ferrybox/DS27_PANGAEA_20260809T113713Z/manifest.csv",FALSE,TRUE,"traceable"
"stage2","raw_evidence","data/raw/stage2/ds27_pangaea_ferrybox/DS27_PANGAEA_20260809T113713Z/HZG-Ferrybox_Harw-CuxNR1057.nc","scripts/00_downloads/stage2/20_acquire_ds27_pangaea_ferrybox.R","",TRUE,265952,"59aa6b2bf684c54a118a7eb68b9a9b03b0069d60dced4ff99ffc3b60752ea6f7","data/raw/stage2/ds27_pangaea_ferrybox/DS27_PANGAEA_20260809T113713Z/manifest.csv",FALSE,TRUE,"traceable"
"stage2","raw_evidence","data/raw/stage2/ds27_pangaea_ferrybox/DS27_PANGAEA_20260809T113713Z/HZG-Ferrybox_Harw-CuxNR10578.nc","scripts/00_downloads/stage2/20_acquire_ds27_pangaea_ferrybox.R","",TRUE,236504,"54fbd16f71c8b83b1e02993c2196de22e9cd26430bf7206352e500a001b2dd77","data/raw/stage2/ds27_pangaea_ferrybox/DS27_PANGAEA_20260809T113713Z/manifest.csv",FALSE,TRUE,"traceable"
"stage2","raw_evidence","data/raw/stage2/ds27_pangaea_ferrybox/DS27_PANGAEA_20260809T113713Z/HZG-Ferrybox_Harw-CuxNR10618.nc","scripts/00_downloads/stage2/20_acquire_ds27_pangaea_ferrybox.R","",TRUE,240660,"0a115450f1c28686b5d6e39b5b43bddfb6bb0fdd2bb910c6d75ca2fe5e718d8e","data/raw/stage2/ds27_pangaea_ferrybox/DS27_PANGAEA_20260809T113713Z/manifest.csv",FALSE,TRUE,"traceable"
"stage2","raw_evidence","data/raw/stage2/ds27_pangaea_ferrybox/DS27_PANGAEA_20260809T113713Z/HZG-Ferrybox_Harw-CuxNR10658.nc","scripts/00_downloads/stage2/20_acquire_ds27_pangaea_ferrybox.R","",TRUE,242076,"5ad52ab8acd05fb92c23fdd601f37c68f30524da7776a0863b20a57681b478d8","data/raw/stage2/ds27_pangaea_ferrybox/DS27_PANGAEA_20260809T113713Z/manifest.csv",FALSE,TRUE,"traceable"
"stage2","raw_evidence","data/raw/stage2/ds27_pangaea_ferrybox/DS27_PANGAEA_20260809T113713Z/HZG-Ferrybox_Harw-CuxNR10698.nc","scripts/00_downloads/stage2/20_acquire_ds27_pangaea_ferrybox.R","",TRUE,241420,"514ae3070d2acb0d3d2dc6333930355faee2f85334820219cf9580133e8afbae","data/raw/stage2/ds27_pangaea_ferrybox/DS27_PANGAEA_20260809T113713Z/manifest.csv",FALSE,TRUE,"traceable"
"stage2","raw_evidence","data/raw/stage2/ds27_pangaea_ferrybox/DS27_PANGAEA_20260809T113713Z/HZG-Ferrybox_Harw-CuxNR10738.nc","scripts/00_downloads/stage2/20_acquire_ds27_pangaea_ferrybox.R","",TRUE,241352,"1e7f04cd64c0a66b124af69d74f624abfb2589fc99cb2fd1051487efd0d03438","data/raw/stage2/ds27_pangaea_ferrybox/DS27_PANGAEA_20260809T113713Z/manifest.csv",FALSE,TRUE,"traceable"
"stage2","raw_evidence","data/raw/stage2/ds27_pangaea_ferrybox/DS27_PANGAEA_20260809T113713Z/HZG-Ferrybox_Harw-CuxNR10778.nc","scripts/00_downloads/stage2/20_acquire_ds27_pangaea_ferrybox.R","",TRUE,240004,"b2978172d94f13ce23e9375d0419b2b9e8414b225a4ee6e3df13b64650b427af","data/raw/stage2/ds27_pangaea_ferrybox/DS27_PANGAEA_20260809T113713Z/manifest.csv",FALSE,TRUE,"traceable"
"stage2","raw_evidence","data/raw/stage2/ds27_pangaea_ferrybox/DS27_PANGAEA_20260809T113713Z/HZG-Ferrybox_Harw-CuxNR108.nc","scripts/00_downloads/stage2/20_acquire_ds27_pangaea_ferrybox.R","",TRUE,252176,"d21e11b04ae84760f7622217943036b1332b6d31ceec36f7696ce4d613d2b4ba","data/raw/stage2/ds27_pangaea_ferrybox/DS27_PANGAEA_20260809T113713Z/manifest.csv",FALSE,TRUE,"traceable"
"stage2","raw_evidence","data/raw/stage2/ds27_pangaea_ferrybox/DS27_PANGAEA_20260809T113713Z/HZG-Ferrybox_Harw-CuxNR10818.nc","scripts/00_downloads/stage2/20_acquire_ds27_pangaea_ferrybox.R","",TRUE,227612,"9ebb87e1ccd6aa49da12f9fcda53110c49a312367624a21068a672986a22c9a8","data/raw/stage2/ds27_pangaea_ferrybox/DS27_PANGAEA_20260809T113713Z/manifest.csv",FALSE,TRUE,"traceable"
"stage2","raw_evidence","data/raw/stage2/ds27_pangaea_ferrybox/DS27_PANGAEA_20260809T113713Z/HZG-Ferrybox_Harw-CuxNR10858.nc","scripts/00_downloads/stage2/20_acquire_ds27_pangaea_ferrybox.R","",TRUE,240396,"9d6581b013e6953f62212d344dd2a9f8cb73e520985a77004d6d1c787873f4e9","data/raw/stage2/ds27_pangaea_ferrybox/DS27_PANGAEA_20260809T113713Z/manifest.csv",FALSE,TRUE,"traceable"
"stage2","raw_evidence","data/raw/stage2/ds27_pangaea_ferrybox/DS27_PANGAEA_20260809T113713Z/HZG-Ferrybox_Harw-CuxNR10898.nc","scripts/00_downloads/stage2/20_acquire_ds27_pangaea_ferrybox.R","",TRUE,240112,"67eedbafeec52a4d35b0ae3571de4c9dd692de76569120de7d5423529f237a45","data/raw/stage2/ds27_pangaea_ferrybox/DS27_PANGAEA_20260809T113713Z/manifest.csv",FALSE,TRUE,"traceable"
"stage2","raw_evidence","data/raw/stage2/ds27_pangaea_ferrybox/DS27_PANGAEA_20260809T113713Z/HZG-Ferrybox_Harw-CuxNR109.nc","scripts/00_downloads/stage2/20_acquire_ds27_pangaea_ferrybox.R","",TRUE,249188,"621c3bfabde604f0e149976a19835b6771082017ba660526038af088966432e1","data/raw/stage2/ds27_pangaea_ferrybox/DS27_PANGAEA_20260809T113713Z/manifest.csv",FALSE,TRUE,"traceable"
"stage2","raw_evidence","data/raw/stage2/ds27_pangaea_ferrybox/DS27_PANGAEA_20260809T113713Z/HZG-Ferrybox_Harw-CuxNR10938.nc","scripts/00_downloads/stage2/20_acquire_ds27_pangaea_ferrybox.R","",TRUE,241516,"0495a57b6b1316696bf799f633b57986f3cb3b83c1791afe33e55bb5980c3a81","data/raw/stage2/ds27_pangaea_ferrybox/DS27_PANGAEA_20260809T113713Z/manifest.csv",FALSE,TRUE,"traceable"
"stage2","raw_evidence","data/raw/stage2/ds27_pangaea_ferrybox/DS27_PANGAEA_20260809T113713Z/HZG-Ferrybox_Harw-CuxNR1097.nc","scripts/00_downloads/stage2/20_acquire_ds27_pangaea_ferrybox.R","",TRUE,267008,"7429f2802e1a4625d57f39203a1b0fb65c3558980463ae4d9090ee4608b71a6e","data/raw/stage2/ds27_pangaea_ferrybox/DS27_PANGAEA_20260809T113713Z/manifest.csv",FALSE,TRUE,"traceable"
"stage2","raw_evidence","data/raw/stage2/ds27_pangaea_ferrybox/DS27_PANGAEA_20260809T113713Z/HZG-Ferrybox_Harw-CuxNR10974.nc","scripts/00_downloads/stage2/20_acquire_ds27_pangaea_ferrybox.R","",TRUE,240164,"12c8aa2fac18e65ea6dbfd941bdff01e2baa3e67abb04285850c1a0cfd4bc99e","data/raw/stage2/ds27_pangaea_ferrybox/DS27_PANGAEA_20260809T113713Z/manifest.csv",FALSE,TRUE,"traceable"
"stage2","raw_evidence","data/raw/stage2/ds27_pangaea_ferrybox/DS27_PANGAEA_20260809T113713Z/HZG-Ferrybox_Harw-CuxNR10976.nc","scripts/00_downloads/stage2/20_acquire_ds27_pangaea_ferrybox.R","",TRUE,241476,"c2d382574ef9185f3907c81816888adf20359c3286e679b5b311403995db0434","data/raw/stage2/ds27_pangaea_ferrybox/DS27_PANGAEA_20260809T113713Z/manifest.csv",FALSE,TRUE,"traceable"
"stage2","raw_evidence","data/raw/stage2/ds27_pangaea_ferrybox/DS27_PANGAEA_20260809T113713Z/HZG-Ferrybox_Harw-CuxNR10978.nc","scripts/00_downloads/stage2/20_acquire_ds27_pangaea_ferrybox.R","",TRUE,239944,"dbaca254ee6f555d44c370b88dca21ee65eac148aa1cb5be1542bb7c048ad5ea","data/raw/stage2/ds27_pangaea_ferrybox/DS27_PANGAEA_20260809T113713Z/manifest.csv",FALSE,TRUE,"traceable"
"stage2","raw_evidence","data/raw/stage2/ds27_pangaea_ferrybox/DS27_PANGAEA_20260809T113713Z/HZG-Ferrybox_Harw-CuxNR10980.nc","scripts/00_downloads/stage2/20_acquire_ds27_pangaea_ferrybox.R","",TRUE,240036,"209a5a1dd77e7bb3f7e27d1dca733dba9d26cc481156c5e7231334beab94df84","data/raw/stage2/ds27_pangaea_ferrybox/DS27_PANGAEA_20260809T113713Z/manifest.csv",FALSE,TRUE,"traceable"
"stage2","raw_evidence","data/raw/stage2/ds27_pangaea_ferrybox/DS27_PANGAEA_20260809T113713Z/HZG-Ferrybox_Harw-CuxNR10982.nc","scripts/00_downloads/stage2/20_acquire_ds27_pangaea_ferrybox.R","",TRUE,241476,"cb5e82803fffdca9cb4fcb5cbab7ffdabb79585904e7e0c93245531ab3e3e57a","data/raw/stage2/ds27_pangaea_ferrybox/DS27_PANGAEA_20260809T113713Z/manifest.csv",FALSE,TRUE,"traceable"
"stage2","raw_evidence","data/raw/stage2/ds27_pangaea_ferrybox/DS27_PANGAEA_20260809T113713Z/HZG-Ferrybox_Harw-CuxNR10984.nc","scripts/00_downloads/stage2/20_acquire_ds27_pangaea_ferrybox.R","",TRUE,240076,"2eee15eef8730e4fb931e9f592036771fddb9df2d311728bbce949e9573c3f43","data/raw/stage2/ds27_pangaea_ferrybox/DS27_PANGAEA_20260809T113713Z/manifest.csv",FALSE,TRUE,"traceable"
"stage2","raw_evidence","data/raw/stage2/ds27_pangaea_ferrybox/DS27_PANGAEA_20260809T113713Z/HZG-Ferrybox_Harw-CuxNR10986.nc","scripts/00_downloads/stage2/20_acquire_ds27_pangaea_ferrybox.R","",TRUE,241352,"6d81bdf3353b2720fd22b8d45ff9f27049cf4b776a909343e354224f2daa695b","data/raw/stage2/ds27_pangaea_ferrybox/DS27_PANGAEA_20260809T113713Z/manifest.csv",FALSE,TRUE,"traceable"
"stage2","raw_evidence","data/raw/stage2/ds27_pangaea_ferrybox/DS27_PANGAEA_20260809T113713Z/HZG-Ferrybox_Harw-CuxNR11018.nc","scripts/00_downloads/stage2/20_acquire_ds27_pangaea_ferrybox.R","",TRUE,239620,"49318f8c75e60fc934f7f78772a4309da3bd2597bcab94ed949b2ba9d4756a85","data/raw/stage2/ds27_pangaea_ferrybox/DS27_PANGAEA_20260809T113713Z/manifest.csv",FALSE,TRUE,"traceable"
"stage2","raw_evidence","data/raw/stage2/ds27_pangaea_ferrybox/DS27_PANGAEA_20260809T113713Z/HZG-Ferrybox_Harw-CuxNR11058.nc","scripts/00_downloads/stage2/20_acquire_ds27_pangaea_ferrybox.R","",TRUE,239948,"42b4c6c65fc96f26f5678be8ed2d8791ec3c5533d6f0723655d5aad902e91dff","data/raw/stage2/ds27_pangaea_ferrybox/DS27_PANGAEA_20260809T113713Z/manifest.csv",FALSE,TRUE,"traceable"
"stage2","raw_evidence","data/raw/stage2/ds27_pangaea_ferrybox/DS27_PANGAEA_20260809T113713Z/HZG-Ferrybox_Harw-CuxNR11098.nc","scripts/00_downloads/stage2/20_acquire_ds27_pangaea_ferrybox.R","",TRUE,240692,"99e4d9bbf614e6844a8c4e593cc076b9ddc70d58aa231e158a2d1d82c3f6cb25","data/raw/stage2/ds27_pangaea_ferrybox/DS27_PANGAEA_20260809T113713Z/manifest.csv",FALSE,TRUE,"traceable"
"stage2","raw_evidence","data/raw/stage2/ds27_pangaea_ferrybox/DS27_PANGAEA_20260809T113713Z/HZG-Ferrybox_Harw-CuxNR11138.nc","scripts/00_downloads/stage2/20_acquire_ds27_pangaea_ferrybox.R","",TRUE,242240,"964bcb22e3994fd2920338b8aa5180521b78bdf2d90cbe00f3b525521e687659","data/raw/stage2/ds27_pangaea_ferrybox/DS27_PANGAEA_20260809T113713Z/manifest.csv",FALSE,TRUE,"traceable"
"stage2","raw_evidence","data/raw/stage2/ds27_pangaea_ferrybox/DS27_PANGAEA_20260809T113713Z/HZG-Ferrybox_Harw-CuxNR11178.nc","scripts/00_downloads/stage2/20_acquire_ds27_pangaea_ferrybox.R","",TRUE,242368,"16eabbb86bd86348fdece57e3e460f0cc4371c152f8c176cc3e6cd8cb274dcd3","data/raw/stage2/ds27_pangaea_ferrybox/DS27_PANGAEA_20260809T113713Z/manifest.csv",FALSE,TRUE,"traceable"
"stage2","raw_evidence","data/raw/stage2/ds27_pangaea_ferrybox/DS27_PANGAEA_20260809T113713Z/HZG-Ferrybox_Harw-CuxNR112.nc","scripts/00_downloads/stage2/20_acquire_ds27_pangaea_ferrybox.R","",TRUE,253324,"4d5dc7c05398c6ae90d538d51ababf17ff1f70af2b3420829755ab4ac256bae0","data/raw/stage2/ds27_pangaea_ferrybox/DS27_PANGAEA_20260809T113713Z/manifest.csv",FALSE,TRUE,"traceable"
"stage2","raw_evidence","data/raw/stage2/ds27_pangaea_ferrybox/DS27_PANGAEA_20260809T113713Z/HZG-Ferrybox_Harw-CuxNR11218.nc","scripts/00_downloads/stage2/20_acquire_ds27_pangaea_ferrybox.R","",TRUE,242244,"1ea7bd6bfc5fb030d00a9862cabeafdaf2b1fd26f62dc966e1975d57efab5cf4","data/raw/stage2/ds27_pangaea_ferrybox/DS27_PANGAEA_20260809T113713Z/manifest.csv",FALSE,TRUE,"traceable"
"stage2","raw_evidence","data/raw/stage2/ds27_pangaea_ferrybox/DS27_PANGAEA_20260809T113713Z/HZG-Ferrybox_Harw-CuxNR11258.nc","scripts/00_downloads/stage2/20_acquire_ds27_pangaea_ferrybox.R","",TRUE,242044,"60d82f15582d36a427c1f14cb05feaf0ab8994424053da541c758199a3e74cb0","data/raw/stage2/ds27_pangaea_ferrybox/DS27_PANGAEA_20260809T113713Z/manifest.csv",FALSE,TRUE,"traceable"
"stage2","raw_evidence","data/raw/stage2/ds27_pangaea_ferrybox/DS27_PANGAEA_20260809T113713Z/HZG-Ferrybox_Harw-CuxNR11298.nc","scripts/00_downloads/stage2/20_acquire_ds27_pangaea_ferrybox.R","",TRUE,241588,"ce7ec6386d106ca5be2cf3e41cb35ca3ea7f95e9124ff3a1afebadc69d3e0e9a","data/raw/stage2/ds27_pangaea_ferrybox/DS27_PANGAEA_20260809T113713Z/manifest.csv",FALSE,TRUE,"traceable"
"stage2","raw_evidence","data/raw/stage2/ds27_pangaea_ferrybox/DS27_PANGAEA_20260809T113713Z/HZG-Ferrybox_Harw-CuxNR11338.nc","scripts/00_downloads/stage2/20_acquire_ds27_pangaea_ferrybox.R","",TRUE,236664,"496c577328b6f58442569fb9400a6e974849541913dce197c6d8296744b323cf","data/raw/stage2/ds27_pangaea_ferrybox/DS27_PANGAEA_20260809T113713Z/manifest.csv",FALSE,TRUE,"traceable"
"stage2","raw_evidence","data/raw/stage2/ds27_pangaea_ferrybox/DS27_PANGAEA_20260809T113713Z/HZG-Ferrybox_Harw-CuxNR1137.nc","scripts/00_downloads/stage2/20_acquire_ds27_pangaea_ferrybox.R","",TRUE,270252,"4f1484759ffe1d5610048bdd4e5df762c55b631ad382bc2d7bc11f6f520aa92c","data/raw/stage2/ds27_pangaea_ferrybox/DS27_PANGAEA_20260809T113713Z/manifest.csv",FALSE,TRUE,"traceable"
"stage2","raw_evidence","data/raw/stage2/ds27_pangaea_ferrybox/DS27_PANGAEA_20260809T113713Z/HZG-Ferrybox_Harw-CuxNR11378.nc","scripts/00_downloads/stage2/20_acquire_ds27_pangaea_ferrybox.R","",TRUE,241876,"26aceb532be64896de207e9465a6fd2d2b4dad45361694c8dca1192d191d1e1d","data/raw/stage2/ds27_pangaea_ferrybox/DS27_PANGAEA_20260809T113713Z/manifest.csv",FALSE,TRUE,"traceable"
"stage2","raw_evidence","data/raw/stage2/ds27_pangaea_ferrybox/DS27_PANGAEA_20260809T113713Z/HZG-Ferrybox_Harw-CuxNR114.nc","scripts/00_downloads/stage2/20_acquire_ds27_pangaea_ferrybox.R","",TRUE,257660,"8ae6637c2ce12a242c6167b06e52570b4449d08a0ed298a5fa30478644a468a2","data/raw/stage2/ds27_pangaea_ferrybox/DS27_PANGAEA_20260809T113713Z/manifest.csv",FALSE,TRUE,"traceable"
"stage2","raw_evidence","data/raw/stage2/ds27_pangaea_ferrybox/DS27_PANGAEA_20260809T113713Z/HZG-Ferrybox_Harw-CuxNR11418.nc","scripts/00_downloads/stage2/20_acquire_ds27_pangaea_ferrybox.R","",TRUE,243156,"881b1d6b4ce4ac6b82f322bd714ad992c8cf9a9a82a5f783a1c9a638f99794df","data/raw/stage2/ds27_pangaea_ferrybox/DS27_PANGAEA_20260809T113713Z/manifest.csv",FALSE,TRUE,"traceable"
"stage2","raw_evidence","data/raw/stage2/ds27_pangaea_ferrybox/DS27_PANGAEA_20260809T113713Z/HZG-Ferrybox_Harw-CuxNR11458.nc","scripts/00_downloads/stage2/20_acquire_ds27_pangaea_ferrybox.R","",TRUE,238272,"a2c6c30f5c34fab0f4c5b41a964e9629f2aaa1971591435698a1f79d9a1b3e7c","data/raw/stage2/ds27_pangaea_ferrybox/DS27_PANGAEA_20260809T113713Z/manifest.csv",FALSE,TRUE,"traceable"
"stage2","raw_evidence","data/raw/stage2/ds27_pangaea_ferrybox/DS27_PANGAEA_20260809T113713Z/HZG-Ferrybox_Harw-CuxNR11498.nc","scripts/00_downloads/stage2/20_acquire_ds27_pangaea_ferrybox.R","",TRUE,239348,"adbe445a3049ffe80ec75110f5d40fd2e8842e1f0cc6dd4eb83fe22421a7ba1c","data/raw/stage2/ds27_pangaea_ferrybox/DS27_PANGAEA_20260809T113713Z/manifest.csv",FALSE,TRUE,"traceable"
"stage2","raw_evidence","data/raw/stage2/ds27_pangaea_ferrybox/DS27_PANGAEA_20260809T113713Z/HZG-Ferrybox_Harw-CuxNR11538.nc","scripts/00_downloads/stage2/20_acquire_ds27_pangaea_ferrybox.R","",TRUE,240240,"001471c117475406be65bdecb7e0ad5be64183b61f695e09ef0718279740d6ae","data/raw/stage2/ds27_pangaea_ferrybox/DS27_PANGAEA_20260809T113713Z/manifest.csv",FALSE,TRUE,"traceable"
"stage2","raw_evidence","data/raw/stage2/ds27_pangaea_ferrybox/DS27_PANGAEA_20260809T113713Z/HZG-Ferrybox_Harw-CuxNR11638.nc","scripts/00_downloads/stage2/20_acquire_ds27_pangaea_ferrybox.R","",TRUE,219664,"f64504ebc660c401421b2a9d8cc00cfa6ec7aa392e1a5c749f860da0ad10db7f","data/raw/stage2/ds27_pangaea_ferrybox/DS27_PANGAEA_20260809T113713Z/manifest.csv",FALSE,TRUE,"traceable"
"stage2","raw_evidence","data/raw/stage2/ds27_pangaea_ferrybox/DS27_PANGAEA_20260809T113713Z/HZG-Ferrybox_Harw-CuxNR1197.nc","scripts/00_downloads/stage2/20_acquire_ds27_pangaea_ferrybox.R","",TRUE,264312,"f44a85ab3d84b337c1c6986467bdfd56f4fd72c14456f9d227abc8651754d56d","data/raw/stage2/ds27_pangaea_ferrybox/DS27_PANGAEA_20260809T113713Z/manifest.csv",FALSE,TRUE,"traceable"
"stage2","raw_evidence","data/raw/stage2/ds27_pangaea_ferrybox/DS27_PANGAEA_20260809T113713Z/HZG-Ferrybox_Harw-CuxNR12.nc","scripts/00_downloads/stage2/20_acquire_ds27_pangaea_ferrybox.R","",TRUE,223428,"d73853bfd6b1cb360c9334cee617ca9bcbdc0b586536f3e585837a6b1d7f79d4","data/raw/stage2/ds27_pangaea_ferrybox/DS27_PANGAEA_20260809T113713Z/manifest.csv",FALSE,TRUE,"traceable"
"stage2","raw_evidence","data/raw/stage2/ds27_pangaea_ferrybox/DS27_PANGAEA_20260809T113713Z/HZG-Ferrybox_Harw-CuxNR1237.nc","scripts/00_downloads/stage2/20_acquire_ds27_pangaea_ferrybox.R","",TRUE,262180,"916965e0513d79658531c654fb3aee25582f5faa9355f6367f58a7edd28cad73","data/raw/stage2/ds27_pangaea_ferrybox/DS27_PANGAEA_20260809T113713Z/manifest.csv",FALSE,TRUE,"traceable"
"stage2","raw_evidence","data/raw/stage2/ds27_pangaea_ferrybox/DS27_PANGAEA_20260809T113713Z/HZG-Ferrybox_Harw-CuxNR1277.nc","scripts/00_downloads/stage2/20_acquire_ds27_pangaea_ferrybox.R","",TRUE,265952,"d35b14e0dad8999c288ca0add245e2b2b9c0b894dae53861f06ae44940a78ad0","data/raw/stage2/ds27_pangaea_ferrybox/DS27_PANGAEA_20260809T113713Z/manifest.csv",FALSE,TRUE,"traceable"
"stage2","raw_evidence","data/raw/stage2/ds27_pangaea_ferrybox/DS27_PANGAEA_20260809T113713Z/HZG-Ferrybox_Harw-CuxNR1317.nc","scripts/00_downloads/stage2/20_acquire_ds27_pangaea_ferrybox.R","",TRUE,268156,"0aa17938076759ef312329bfc282f88e7598bd7bec6415ef5a1460ac0424c8fb","data/raw/stage2/ds27_pangaea_ferrybox/DS27_PANGAEA_20260809T113713Z/manifest.csv",FALSE,TRUE,"traceable"
"stage2","raw_evidence","data/raw/stage2/ds27_pangaea_ferrybox/DS27_PANGAEA_20260809T113713Z/HZG-Ferrybox_Harw-CuxNR1357.nc","scripts/00_downloads/stage2/20_acquire_ds27_pangaea_ferrybox.R","",TRUE,269756,"12f7bceea83e0ce9400ec07943408f3c157d9e615db415bb79bbf0e141d9b5a2","data/raw/stage2/ds27_pangaea_ferrybox/DS27_PANGAEA_20260809T113713Z/manifest.csv",FALSE,TRUE,"traceable"
"stage2","raw_evidence","data/raw/stage2/ds27_pangaea_ferrybox/DS27_PANGAEA_20260809T113713Z/HZG-Ferrybox_Harw-CuxNR137.nc","scripts/00_downloads/stage2/20_acquire_ds27_pangaea_ferrybox.R","",TRUE,247324,"e88d19a6863f6432ca9a25df7ef6239ae0e285a50d7b16c01fc604c0c15014fa","data/raw/stage2/ds27_pangaea_ferrybox/DS27_PANGAEA_20260809T113713Z/manifest.csv",FALSE,TRUE,"traceable"
"stage2","raw_evidence","data/raw/stage2/ds27_pangaea_ferrybox/DS27_PANGAEA_20260809T113713Z/HZG-Ferrybox_Harw-CuxNR1397.nc","scripts/00_downloads/stage2/20_acquire_ds27_pangaea_ferrybox.R","",TRUE,256440,"53133410028bc213283ea75b0116905bf6708e55412ac96a0f8e07ffa8530677","data/raw/stage2/ds27_pangaea_ferrybox/DS27_PANGAEA_20260809T113713Z/manifest.csv",FALSE,TRUE,"traceable"
"stage2","raw_evidence","data/raw/stage2/ds27_pangaea_ferrybox/DS27_PANGAEA_20260809T113713Z/HZG-Ferrybox_Harw-CuxNR14.nc","scripts/00_downloads/stage2/20_acquire_ds27_pangaea_ferrybox.R","",TRUE,245904,"e7993420fd693bad2a2ed632d20b6632e8855fb55bb00d0976242099ab87149c","data/raw/stage2/ds27_pangaea_ferrybox/DS27_PANGAEA_20260809T113713Z/manifest.csv",FALSE,TRUE,"traceable"
"stage2","raw_evidence","data/raw/stage2/ds27_pangaea_ferrybox/DS27_PANGAEA_20260809T113713Z/HZG-Ferrybox_Harw-CuxNR1457.nc","scripts/00_downloads/stage2/20_acquire_ds27_pangaea_ferrybox.R","",TRUE,265496,"7db7ffefde28725ba6c3e90d8bfdceedec3ae66c1b0f9654db4bee2307cee3f0","data/raw/stage2/ds27_pangaea_ferrybox/DS27_PANGAEA_20260809T113713Z/manifest.csv",FALSE,TRUE,"traceable"
"stage2","raw_evidence","data/raw/stage2/ds27_pangaea_ferrybox/DS27_PANGAEA_20260809T113713Z/HZG-Ferrybox_Harw-CuxNR1477.nc","scripts/00_downloads/stage2/20_acquire_ds27_pangaea_ferrybox.R","",TRUE,264476,"4e3218e0ff3b0fa138fd20087536315dc0bba518115346cecb053c19c7c1ba43","data/raw/stage2/ds27_pangaea_ferrybox/DS27_PANGAEA_20260809T113713Z/manifest.csv",FALSE,TRUE,"traceable"
"stage2","raw_evidence","data/raw/stage2/ds27_pangaea_ferrybox/DS27_PANGAEA_20260809T113713Z/HZG-Ferrybox_Harw-CuxNR1497.nc","scripts/00_downloads/stage2/20_acquire_ds27_pangaea_ferrybox.R","",TRUE,265948,"99c57d0679b73bb8398c13f942e213e060c272afecd5275f30dd1fd7a044a351","data/raw/stage2/ds27_pangaea_ferrybox/DS27_PANGAEA_20260809T113713Z/manifest.csv",FALSE,TRUE,"traceable"
"stage2","raw_evidence","data/raw/stage2/ds27_pangaea_ferrybox/DS27_PANGAEA_20260809T113713Z/HZG-Ferrybox_Harw-CuxNR15.nc","scripts/00_downloads/stage2/20_acquire_ds27_pangaea_ferrybox.R","",TRUE,237080,"f013127b036d3b0d50092bed3ee1538deb02931c293633ae7944a8b5788dd030","data/raw/stage2/ds27_pangaea_ferrybox/DS27_PANGAEA_20260809T113713Z/manifest.csv",FALSE,TRUE,"traceable"
"stage2","raw_evidence","data/raw/stage2/ds27_pangaea_ferrybox/DS27_PANGAEA_20260809T113713Z/HZG-Ferrybox_Harw-CuxNR1557.nc","scripts/00_downloads/stage2/20_acquire_ds27_pangaea_ferrybox.R","",TRUE,258564,"5f435e681317ac730c27acafe66c2520c0ad3c47c6f48d8eebc7bddafa8a50da","data/raw/stage2/ds27_pangaea_ferrybox/DS27_PANGAEA_20260809T113713Z/manifest.csv",FALSE,TRUE,"traceable"
"stage2","raw_evidence","data/raw/stage2/ds27_pangaea_ferrybox/DS27_PANGAEA_20260809T113713Z/HZG-Ferrybox_Harw-CuxNR1597.nc","scripts/00_downloads/stage2/20_acquire_ds27_pangaea_ferrybox.R","",TRUE,260540,"18053f93d203ecd23e49dfc9ae623631bf3a2930829f372b5a7eb69bbfd6af94","data/raw/stage2/ds27_pangaea_ferrybox/DS27_PANGAEA_20260809T113713Z/manifest.csv",FALSE,TRUE,"traceable"
"stage2","raw_evidence","data/raw/stage2/ds27_pangaea_ferrybox/DS27_PANGAEA_20260809T113713Z/HZG-Ferrybox_Harw-CuxNR1617.nc","scripts/00_downloads/stage2/20_acquire_ds27_pangaea_ferrybox.R","",TRUE,260008,"c0f87eeaed2000eb341221ea6c1e3b2c371f0c721ee970db3e87c624df1ce04c","data/raw/stage2/ds27_pangaea_ferrybox/DS27_PANGAEA_20260809T113713Z/manifest.csv",FALSE,TRUE,"traceable"
"stage2","raw_evidence","data/raw/stage2/ds27_pangaea_ferrybox/DS27_PANGAEA_20260809T113713Z/HZG-Ferrybox_Harw-CuxNR1677.nc","scripts/00_downloads/stage2/20_acquire_ds27_pangaea_ferrybox.R","",TRUE,267492,"e56b6297b39317fe4cfdc66894353b4e57577e7dc074f202195ba6c424c80f92","data/raw/stage2/ds27_pangaea_ferrybox/DS27_PANGAEA_20260809T113713Z/manifest.csv",FALSE,TRUE,"traceable"
"stage2","raw_evidence","data/raw/stage2/ds27_pangaea_ferrybox/DS27_PANGAEA_20260809T113713Z/HZG-Ferrybox_Harw-CuxNR17.nc","scripts/00_downloads/stage2/20_acquire_ds27_pangaea_ferrybox.R","",TRUE,77964,"628f1b2f6b76b6a8b12375bafe0b34d8738f09a5aa378caa858fae7f64f20042","data/raw/stage2/ds27_pangaea_ferrybox/DS27_PANGAEA_20260809T113713Z/manifest.csv",FALSE,TRUE,"traceable"
"stage2","raw_evidence","data/raw/stage2/ds27_pangaea_ferrybox/DS27_PANGAEA_20260809T113713Z/HZG-Ferrybox_Harw-CuxNR1717.nc","scripts/00_downloads/stage2/20_acquire_ds27_pangaea_ferrybox.R","",TRUE,263364,"059d724800830b5273355959063ef690d0d34f29471f57a58419834c020e39b9","data/raw/stage2/ds27_pangaea_ferrybox/DS27_PANGAEA_20260809T113713Z/manifest.csv",FALSE,TRUE,"traceable"
"stage2","raw_evidence","data/raw/stage2/ds27_pangaea_ferrybox/DS27_PANGAEA_20260809T113713Z/HZG-Ferrybox_Harw-CuxNR1757.nc","scripts/00_downloads/stage2/20_acquire_ds27_pangaea_ferrybox.R","",TRUE,265128,"f48f477c1a99ecdfbe28d9df55779d80846ca580634918128a0827b134cc6496","data/raw/stage2/ds27_pangaea_ferrybox/DS27_PANGAEA_20260809T113713Z/manifest.csv",FALSE,TRUE,"traceable"
"stage2","raw_evidence","data/raw/stage2/ds27_pangaea_ferrybox/DS27_PANGAEA_20260809T113713Z/HZG-Ferrybox_Harw-CuxNR177.nc","scripts/00_downloads/stage2/20_acquire_ds27_pangaea_ferrybox.R","",TRUE,253684,"1476b35b13f77222798c007312c608b5b131055e42dce1505781a27d8764dc01","data/raw/stage2/ds27_pangaea_ferrybox/DS27_PANGAEA_20260809T113713Z/manifest.csv",FALSE,TRUE,"traceable"
"stage2","raw_evidence","data/raw/stage2/ds27_pangaea_ferrybox/DS27_PANGAEA_20260809T113713Z/HZG-Ferrybox_Harw-CuxNR1797.nc","scripts/00_downloads/stage2/20_acquire_ds27_pangaea_ferrybox.R","",TRUE,261156,"c81b21d5a018a15b11649d12b9f0d6fce49a1e74e17c6f3a492bf6f3e8ce28c7","data/raw/stage2/ds27_pangaea_ferrybox/DS27_PANGAEA_20260809T113713Z/manifest.csv",FALSE,TRUE,"traceable"
"stage2","raw_evidence","data/raw/stage2/ds27_pangaea_ferrybox/DS27_PANGAEA_20260809T113713Z/HZG-Ferrybox_Harw-CuxNR1837.nc","scripts/00_downloads/stage2/20_acquire_ds27_pangaea_ferrybox.R","",TRUE,265456,"103378bc0c0e5cb7ebeaade38befd260d5c4dbe04b0e6f490d63af458b228ba9","data/raw/stage2/ds27_pangaea_ferrybox/DS27_PANGAEA_20260809T113713Z/manifest.csv",FALSE,TRUE,"traceable"
"stage2","raw_evidence","data/raw/stage2/ds27_pangaea_ferrybox/DS27_PANGAEA_20260809T113713Z/HZG-Ferrybox_Harw-CuxNR1877.nc","scripts/00_downloads/stage2/20_acquire_ds27_pangaea_ferrybox.R","",TRUE,266732,"f2bd63e848e1953cdd2f9bfe5ba5a3cb12fb194e9def1867d72a8d56035cb3b4","data/raw/stage2/ds27_pangaea_ferrybox/DS27_PANGAEA_20260809T113713Z/manifest.csv",FALSE,TRUE,"traceable"
"stage2","raw_evidence","data/raw/stage2/ds27_pangaea_ferrybox/DS27_PANGAEA_20260809T113713Z/HZG-Ferrybox_Harw-CuxNR19.nc","scripts/00_downloads/stage2/20_acquire_ds27_pangaea_ferrybox.R","",TRUE,266276,"bd2d8a423ece35fe194e50a11f34ea0ec19c5065c4ed10b08dd0ff117ac06ee1","data/raw/stage2/ds27_pangaea_ferrybox/DS27_PANGAEA_20260809T113713Z/manifest.csv",FALSE,TRUE,"traceable"
"stage2","raw_evidence","data/raw/stage2/ds27_pangaea_ferrybox/DS27_PANGAEA_20260809T113713Z/HZG-Ferrybox_Harw-CuxNR1917.nc","scripts/00_downloads/stage2/20_acquire_ds27_pangaea_ferrybox.R","",TRUE,266024,"36bd1fd626ee8704fcd2ecad6b18559a754f335651776fc791d5735ffe0ecccd","data/raw/stage2/ds27_pangaea_ferrybox/DS27_PANGAEA_20260809T113713Z/manifest.csv",FALSE,TRUE,"traceable"
"stage2","raw_evidence","data/raw/stage2/ds27_pangaea_ferrybox/DS27_PANGAEA_20260809T113713Z/HZG-Ferrybox_Harw-CuxNR1957.nc","scripts/00_downloads/stage2/20_acquire_ds27_pangaea_ferrybox.R","",TRUE,261720,"ec13d4fbae3c3c737c0e5df9630824a0555b2e85638624aebe0a528e5b9b858e","data/raw/stage2/ds27_pangaea_ferrybox/DS27_PANGAEA_20260809T113713Z/manifest.csv",FALSE,TRUE,"traceable"
"stage2","raw_evidence","data/raw/stage2/ds27_pangaea_ferrybox/DS27_PANGAEA_20260809T113713Z/HZG-Ferrybox_Harw-CuxNR2.nc","scripts/00_downloads/stage2/20_acquire_ds27_pangaea_ferrybox.R","",TRUE,226656,"4913194de97b191bb9949ab8fd1f06c1dd1a2f6973bac06e8924e78010d79edb","data/raw/stage2/ds27_pangaea_ferrybox/DS27_PANGAEA_20260809T113713Z/manifest.csv",FALSE,TRUE,"traceable"
"stage2","raw_evidence","data/raw/stage2/ds27_pangaea_ferrybox/DS27_PANGAEA_20260809T113713Z/HZG-Ferrybox_Harw-CuxNR2017.nc","scripts/00_downloads/stage2/20_acquire_ds27_pangaea_ferrybox.R","",TRUE,261648,"59fb81ec86a53e682616937c2aa262afdb3244f3e482895db4b0c3ecee4eaf3c","data/raw/stage2/ds27_pangaea_ferrybox/DS27_PANGAEA_20260809T113713Z/manifest.csv",FALSE,TRUE,"traceable"
"stage2","raw_evidence","data/raw/stage2/ds27_pangaea_ferrybox/DS27_PANGAEA_20260809T113713Z/HZG-Ferrybox_Harw-CuxNR2057.nc","scripts/00_downloads/stage2/20_acquire_ds27_pangaea_ferrybox.R","",TRUE,259684,"c12f128d9de285a51fa2c33e23ce3aa8d2dc1217af50785ce6783739099acd06","data/raw/stage2/ds27_pangaea_ferrybox/DS27_PANGAEA_20260809T113713Z/manifest.csv",FALSE,TRUE,"traceable"
"stage2","raw_evidence","data/raw/stage2/ds27_pangaea_ferrybox/DS27_PANGAEA_20260809T113713Z/HZG-Ferrybox_Harw-CuxNR2097.nc","scripts/00_downloads/stage2/20_acquire_ds27_pangaea_ferrybox.R","",TRUE,262580,"a07e84fb60e6037f689d104f6745f3c0b0646fabe1ac01c1ec94a338d8c0e6c6","data/raw/stage2/ds27_pangaea_ferrybox/DS27_PANGAEA_20260809T113713Z/manifest.csv",FALSE,TRUE,"traceable"
"stage2","raw_evidence","data/raw/stage2/ds27_pangaea_ferrybox/DS27_PANGAEA_20260809T113713Z/HZG-Ferrybox_Harw-CuxNR21.nc","scripts/00_downloads/stage2/20_acquire_ds27_pangaea_ferrybox.R","",TRUE,266176,"c29fa5ae09bd8571f614a43990cd1a1b2f9dc82b81a262a7e248d2179e2804f2","data/raw/stage2/ds27_pangaea_ferrybox/DS27_PANGAEA_20260809T113713Z/manifest.csv",FALSE,TRUE,"traceable"
"stage2","raw_evidence","data/raw/stage2/ds27_pangaea_ferrybox/DS27_PANGAEA_20260809T113713Z/HZG-Ferrybox_Harw-CuxNR2137.nc","scripts/00_downloads/stage2/20_acquire_ds27_pangaea_ferrybox.R","",TRUE,264836,"489beed1fd87dc5f7d0c89f471ea7174df27a31e54d7f6e5640bae3de353d290","data/raw/stage2/ds27_pangaea_ferrybox/DS27_PANGAEA_20260809T113713Z/manifest.csv",FALSE,TRUE,"traceable"
"stage2","raw_evidence","data/raw/stage2/ds27_pangaea_ferrybox/DS27_PANGAEA_20260809T113713Z/HZG-Ferrybox_Harw-CuxNR2157.nc","scripts/00_downloads/stage2/20_acquire_ds27_pangaea_ferrybox.R","",TRUE,256108,"f29926d84d1648f8e9b2cf80f9b16c8a3bcf69bc3349af8cb432d09c4e0f69e7","data/raw/stage2/ds27_pangaea_ferrybox/DS27_PANGAEA_20260809T113713Z/manifest.csv",FALSE,TRUE,"traceable"
"stage2","raw_evidence","data/raw/stage2/ds27_pangaea_ferrybox/DS27_PANGAEA_20260809T113713Z/HZG-Ferrybox_Harw-CuxNR217.nc","scripts/00_downloads/stage2/20_acquire_ds27_pangaea_ferrybox.R","",TRUE,259228,"f2203303a8d8550e5ccfc9646317ee21e120db841aba8d8ac87c24739c6f0927","data/raw/stage2/ds27_pangaea_ferrybox/DS27_PANGAEA_20260809T113713Z/manifest.csv",FALSE,TRUE,"traceable"
"stage2","raw_evidence","data/raw/stage2/ds27_pangaea_ferrybox/DS27_PANGAEA_20260809T113713Z/HZG-Ferrybox_Harw-CuxNR2217.nc","scripts/00_downloads/stage2/20_acquire_ds27_pangaea_ferrybox.R","",TRUE,249948,"5995c310d41043bede51fbd2fe1bc9bf54eb61dc0c2c98e1b199dd1c915afee6","data/raw/stage2/ds27_pangaea_ferrybox/DS27_PANGAEA_20260809T113713Z/manifest.csv",FALSE,TRUE,"traceable"
"stage2","raw_evidence","data/raw/stage2/ds27_pangaea_ferrybox/DS27_PANGAEA_20260809T113713Z/HZG-Ferrybox_Harw-CuxNR2237.nc","scripts/00_downloads/stage2/20_acquire_ds27_pangaea_ferrybox.R","",TRUE,262344,"5c98ca6784d0b6e631a977a178d316c2c7e94c5f1f415f67caff271676c0c7cf","data/raw/stage2/ds27_pangaea_ferrybox/DS27_PANGAEA_20260809T113713Z/manifest.csv",FALSE,TRUE,"traceable"
"stage2","raw_evidence","data/raw/stage2/ds27_pangaea_ferrybox/DS27_PANGAEA_20260809T113713Z/HZG-Ferrybox_Harw-CuxNR2297.nc","scripts/00_downloads/stage2/20_acquire_ds27_pangaea_ferrybox.R","",TRUE,261428,"191bbe0373b4a169f3fe51aa6b841bd03ab9bb84019f9ed0cb06fb4b0cb8ed59","data/raw/stage2/ds27_pangaea_ferrybox/DS27_PANGAEA_20260809T113713Z/manifest.csv",FALSE,TRUE,"traceable"
"stage2","raw_evidence","data/raw/stage2/ds27_pangaea_ferrybox/DS27_PANGAEA_20260809T113713Z/HZG-Ferrybox_Harw-CuxNR23.nc","scripts/00_downloads/stage2/20_acquire_ds27_pangaea_ferrybox.R","",TRUE,264012,"64475ea6006476617adf523cce3fb3f722f645349dcedbe08b23d6ac0f7c7514","data/raw/stage2/ds27_pangaea_ferrybox/DS27_PANGAEA_20260809T113713Z/manifest.csv",FALSE,TRUE,"traceable"
"stage2","raw_evidence","data/raw/stage2/ds27_pangaea_ferrybox/DS27_PANGAEA_20260809T113713Z/HZG-Ferrybox_Harw-CuxNR2337.nc","scripts/00_downloads/stage2/20_acquire_ds27_pangaea_ferrybox.R","",TRUE,263944,"85dcc6e5404c3d7b6f3444a19888892f8ad4e9d9fc451d58a5dd77c73c0b6000","data/raw/stage2/ds27_pangaea_ferrybox/DS27_PANGAEA_20260809T113713Z/manifest.csv",FALSE,TRUE,"traceable"
"stage2","raw_evidence","data/raw/stage2/ds27_pangaea_ferrybox/DS27_PANGAEA_20260809T113713Z/HZG-Ferrybox_Harw-CuxNR2357.nc","scripts/00_downloads/stage2/20_acquire_ds27_pangaea_ferrybox.R","",TRUE,247488,"595081c5c5b769f66e1b4905c8c7cabf5af88c16437c4f959600de65e1795e18","data/raw/stage2/ds27_pangaea_ferrybox/DS27_PANGAEA_20260809T113713Z/manifest.csv",FALSE,TRUE,"traceable"
"stage2","raw_evidence","data/raw/stage2/ds27_pangaea_ferrybox/DS27_PANGAEA_20260809T113713Z/HZG-Ferrybox_Harw-CuxNR25.nc","scripts/00_downloads/stage2/20_acquire_ds27_pangaea_ferrybox.R","",TRUE,245648,"3e640fc0986dd7a932664b6afd0dc7f54bfe9474d7b7d64509d695eae8d0e978","data/raw/stage2/ds27_pangaea_ferrybox/DS27_PANGAEA_20260809T113713Z/manifest.csv",FALSE,TRUE,"traceable"
"stage2","raw_evidence","data/raw/stage2/ds27_pangaea_ferrybox/DS27_PANGAEA_20260809T113713Z/HZG-Ferrybox_Harw-CuxNR2537.nc","scripts/00_downloads/stage2/20_acquire_ds27_pangaea_ferrybox.R","",TRUE,204284,"97323269b683cc51719b401a449d92ce79e59585e365529ea20b29c57d34fd5f","data/raw/stage2/ds27_pangaea_ferrybox/DS27_PANGAEA_20260809T113713Z/manifest.csv",FALSE,TRUE,"traceable"
"stage2","raw_evidence","data/raw/stage2/ds27_pangaea_ferrybox/DS27_PANGAEA_20260809T113713Z/HZG-Ferrybox_Harw-CuxNR257.nc","scripts/00_downloads/stage2/20_acquire_ds27_pangaea_ferrybox.R","",TRUE,259064,"14e3dfd7d9453e1a6a30e137130840dc04b29befdd1bcdf8423e0fa306403f56","data/raw/stage2/ds27_pangaea_ferrybox/DS27_PANGAEA_20260809T113713Z/manifest.csv",FALSE,TRUE,"traceable"
"stage2","raw_evidence","data/raw/stage2/ds27_pangaea_ferrybox/DS27_PANGAEA_20260809T113713Z/HZG-Ferrybox_Harw-CuxNR2577.nc","scripts/00_downloads/stage2/20_acquire_ds27_pangaea_ferrybox.R","",TRUE,270580,"18e24e2a9d9352535cae276f338c6d1fe16f62a4e8e71fb23b80e0bd028f0d2c","data/raw/stage2/ds27_pangaea_ferrybox/DS27_PANGAEA_20260809T113713Z/manifest.csv",FALSE,TRUE,"traceable"
"stage2","raw_evidence","data/raw/stage2/ds27_pangaea_ferrybox/DS27_PANGAEA_20260809T113713Z/HZG-Ferrybox_Harw-CuxNR2617.nc","scripts/00_downloads/stage2/20_acquire_ds27_pangaea_ferrybox.R","",TRUE,178904,"1a4419cc56895d6035bcfe4b835007acc1fbae4ce3fdf7d51a6e480f20b6961c","data/raw/stage2/ds27_pangaea_ferrybox/DS27_PANGAEA_20260809T113713Z/manifest.csv",FALSE,TRUE,"traceable"
"stage2","raw_evidence","data/raw/stage2/ds27_pangaea_ferrybox/DS27_PANGAEA_20260809T113713Z/HZG-Ferrybox_Harw-CuxNR2657.nc","scripts/00_downloads/stage2/20_acquire_ds27_pangaea_ferrybox.R","",TRUE,231544,"dcb3ebdc447d6ef2a69e6e86be921e281f8da6736ddd05880c33c8daa9018d5d","data/raw/stage2/ds27_pangaea_ferrybox/DS27_PANGAEA_20260809T113713Z/manifest.csv",FALSE,TRUE,"traceable"
"stage2","raw_evidence","data/raw/stage2/ds27_pangaea_ferrybox/DS27_PANGAEA_20260809T113713Z/HZG-Ferrybox_Harw-CuxNR2697.nc","scripts/00_downloads/stage2/20_acquire_ds27_pangaea_ferrybox.R","",TRUE,261884,"64a0ac64d03b40e7b93d33b5a322ff9c1b56e6eb99f22c17f8aa96d369dca967","data/raw/stage2/ds27_pangaea_ferrybox/DS27_PANGAEA_20260809T113713Z/manifest.csv",FALSE,TRUE,"traceable"
"stage2","raw_evidence","data/raw/stage2/ds27_pangaea_ferrybox/DS27_PANGAEA_20260809T113713Z/HZG-Ferrybox_Harw-CuxNR27.nc","scripts/00_downloads/stage2/20_acquire_ds27_pangaea_ferrybox.R","",TRUE,241380,"f24214b91530bda43d507b29a8272eac7e825ed9f69d32e4e6b1be0ae45553c2","data/raw/stage2/ds27_pangaea_ferrybox/DS27_PANGAEA_20260809T113713Z/manifest.csv",FALSE,TRUE,"traceable"
"stage2","raw_evidence","data/raw/stage2/ds27_pangaea_ferrybox/DS27_PANGAEA_20260809T113713Z/HZG-Ferrybox_Harw-CuxNR2737.nc","scripts/00_downloads/stage2/20_acquire_ds27_pangaea_ferrybox.R","",TRUE,265984,"4f7285ca278c7646fc68df9f394dfa0a08171acc6cf89585c389c05a42f9526f","data/raw/stage2/ds27_pangaea_ferrybox/DS27_PANGAEA_20260809T113713Z/manifest.csv",FALSE,TRUE,"traceable"
"stage2","raw_evidence","data/raw/stage2/ds27_pangaea_ferrybox/DS27_PANGAEA_20260809T113713Z/HZG-Ferrybox_Harw-CuxNR2777.nc","scripts/00_downloads/stage2/20_acquire_ds27_pangaea_ferrybox.R","",TRUE,268572,"c7f19c0952879c468adfba752bb1eb63ba63bda354acbe0ce886649efd9f1c53","data/raw/stage2/ds27_pangaea_ferrybox/DS27_PANGAEA_20260809T113713Z/manifest.csv",FALSE,TRUE,"traceable"
"stage2","raw_evidence","data/raw/stage2/ds27_pangaea_ferrybox/DS27_PANGAEA_20260809T113713Z/HZG-Ferrybox_Harw-CuxNR2817.nc","scripts/00_downloads/stage2/20_acquire_ds27_pangaea_ferrybox.R","",TRUE,266896,"8e903e9ad255b780d70ab1c0358f9ee87f348f1919178fba31ab870a9631ef43","data/raw/stage2/ds27_pangaea_ferrybox/DS27_PANGAEA_20260809T113713Z/manifest.csv",FALSE,TRUE,"traceable"
"stage2","raw_evidence","data/raw/stage2/ds27_pangaea_ferrybox/DS27_PANGAEA_20260809T113713Z/HZG-Ferrybox_Harw-CuxNR29.nc","scripts/00_downloads/stage2/20_acquire_ds27_pangaea_ferrybox.R","",TRUE,246592,"998a7d4d22697609cb0be488b2a13cd3859c45c891a1e9ab1f4fd641125782d4","data/raw/stage2/ds27_pangaea_ferrybox/DS27_PANGAEA_20260809T113713Z/manifest.csv",FALSE,TRUE,"traceable"
"stage2","raw_evidence","data/raw/stage2/ds27_pangaea_ferrybox/DS27_PANGAEA_20260809T113713Z/HZG-Ferrybox_Harw-CuxNR2958.nc","scripts/00_downloads/stage2/20_acquire_ds27_pangaea_ferrybox.R","",TRUE,269100,"082b249ed0e461e467823d5d5153377453e93dc45659167ad0b755ede0ec1247","data/raw/stage2/ds27_pangaea_ferrybox/DS27_PANGAEA_20260809T113713Z/manifest.csv",FALSE,TRUE,"traceable"
"stage2","raw_evidence","data/raw/stage2/ds27_pangaea_ferrybox/DS27_PANGAEA_20260809T113713Z/HZG-Ferrybox_Harw-CuxNR2997.nc","scripts/00_downloads/stage2/20_acquire_ds27_pangaea_ferrybox.R","",TRUE,271492,"046a7e326c03d12261a3ed79095d866f2be62322347315bd69d24554118cdcf4","data/raw/stage2/ds27_pangaea_ferrybox/DS27_PANGAEA_20260809T113713Z/manifest.csv",FALSE,TRUE,"traceable"
"stage2","raw_evidence","data/raw/stage2/ds27_pangaea_ferrybox/DS27_PANGAEA_20260809T113713Z/HZG-Ferrybox_Harw-CuxNR3017.nc","scripts/00_downloads/stage2/20_acquire_ds27_pangaea_ferrybox.R","",TRUE,267824,"a1247d5134ceae7459964e16f1db832cc22533b3ba899ca7a47410aa14fef003","data/raw/stage2/ds27_pangaea_ferrybox/DS27_PANGAEA_20260809T113713Z/manifest.csv",FALSE,TRUE,"traceable"
"stage2","raw_evidence","data/raw/stage2/ds27_pangaea_ferrybox/DS27_PANGAEA_20260809T113713Z/HZG-Ferrybox_Harw-CuxNR3057.nc","scripts/00_downloads/stage2/20_acquire_ds27_pangaea_ferrybox.R","",TRUE,266768,"ba37dc7018b8981d1b33fa2016f16724e71c58a94209f3193a25b669d03c8b82","data/raw/stage2/ds27_pangaea_ferrybox/DS27_PANGAEA_20260809T113713Z/manifest.csv",FALSE,TRUE,"traceable"
"stage2","raw_evidence","data/raw/stage2/ds27_pangaea_ferrybox/DS27_PANGAEA_20260809T113713Z/HZG-Ferrybox_Harw-CuxNR3097.nc","scripts/00_downloads/stage2/20_acquire_ds27_pangaea_ferrybox.R","",TRUE,269432,"27f3bbe8f3ced5c68468b9085750d76df636feeb4954bcef30bab798c786eeda","data/raw/stage2/ds27_pangaea_ferrybox/DS27_PANGAEA_20260809T113713Z/manifest.csv",FALSE,TRUE,"traceable"
"stage2","raw_evidence","data/raw/stage2/ds27_pangaea_ferrybox/DS27_PANGAEA_20260809T113713Z/HZG-Ferrybox_Harw-CuxNR3137.nc","scripts/00_downloads/stage2/20_acquire_ds27_pangaea_ferrybox.R","",TRUE,265164,"0aa4480a2aa318bf6f772e53139dd1ddb3bf252b1703ce14c65a9e24c7201bed","data/raw/stage2/ds27_pangaea_ferrybox/DS27_PANGAEA_20260809T113713Z/manifest.csv",FALSE,TRUE,"traceable"
"stage2","raw_evidence","data/raw/stage2/ds27_pangaea_ferrybox/DS27_PANGAEA_20260809T113713Z/HZG-Ferrybox_Harw-CuxNR317.nc","scripts/00_downloads/stage2/20_acquire_ds27_pangaea_ferrybox.R","",TRUE,41636,"53cabe2fa37485bb0345b01cecfcf8edb3c5d5c6d4092313ba90a57d05146a6c","data/raw/stage2/ds27_pangaea_ferrybox/DS27_PANGAEA_20260809T113713Z/manifest.csv",FALSE,TRUE,"traceable"
"stage2","raw_evidence","data/raw/stage2/ds27_pangaea_ferrybox/DS27_PANGAEA_20260809T113713Z/HZG-Ferrybox_Harw-CuxNR3177.nc","scripts/00_downloads/stage2/20_acquire_ds27_pangaea_ferrybox.R","",TRUE,266636,"07b93403819999ad8d0a6301099a43d3a89fc8de17ff10ec7875fab2d8d3a234","data/raw/stage2/ds27_pangaea_ferrybox/DS27_PANGAEA_20260809T113713Z/manifest.csv",FALSE,TRUE,"traceable"
"stage2","raw_evidence","data/raw/stage2/ds27_pangaea_ferrybox/DS27_PANGAEA_20260809T113713Z/HZG-Ferrybox_Harw-CuxNR3217.nc","scripts/00_downloads/stage2/20_acquire_ds27_pangaea_ferrybox.R","",TRUE,266348,"b2ee5df00522ef1d439a832efa3197faae11e5a6b269242468ef27889216e32d","data/raw/stage2/ds27_pangaea_ferrybox/DS27_PANGAEA_20260809T113713Z/manifest.csv",FALSE,TRUE,"traceable"
"stage2","raw_evidence","data/raw/stage2/ds27_pangaea_ferrybox/DS27_PANGAEA_20260809T113713Z/HZG-Ferrybox_Harw-CuxNR33.nc","scripts/00_downloads/stage2/20_acquire_ds27_pangaea_ferrybox.R","",TRUE,247616,"56c83453a65baadc06c7701251b078b38bd1b5a529ffc1fffc922d38024af16a","data/raw/stage2/ds27_pangaea_ferrybox/DS27_PANGAEA_20260809T113713Z/manifest.csv",FALSE,TRUE,"traceable"
"stage2","raw_evidence","data/raw/stage2/ds27_pangaea_ferrybox/DS27_PANGAEA_20260809T113713Z/HZG-Ferrybox_Harw-CuxNR3350.nc","scripts/00_downloads/stage2/20_acquire_ds27_pangaea_ferrybox.R","",TRUE,269352,"29882f2f946492c25ddda073371fb6b9a7bca73ad0fd318d8e4d5574ddc555d6","data/raw/stage2/ds27_pangaea_ferrybox/DS27_PANGAEA_20260809T113713Z/manifest.csv",FALSE,TRUE,"traceable"
"stage2","raw_evidence","data/raw/stage2/ds27_pangaea_ferrybox/DS27_PANGAEA_20260809T113713Z/HZG-Ferrybox_Harw-CuxNR3352.nc","scripts/00_downloads/stage2/20_acquire_ds27_pangaea_ferrybox.R","",TRUE,259792,"fcc054396b0d2e17d7bb2c906ba9cbda5f1ad3710cbd044bf0527e39031a43a4","data/raw/stage2/ds27_pangaea_ferrybox/DS27_PANGAEA_20260809T113713Z/manifest.csv",FALSE,TRUE,"traceable"
"stage2","raw_evidence","data/raw/stage2/ds27_pangaea_ferrybox/DS27_PANGAEA_20260809T113713Z/HZG-Ferrybox_Harw-CuxNR3354.nc","scripts/00_downloads/stage2/20_acquire_ds27_pangaea_ferrybox.R","",TRUE,251644,"2083445068a03e4f5a31053e61b9fc2f894e65cef6f5ba9b5123174a5e06dc32","data/raw/stage2/ds27_pangaea_ferrybox/DS27_PANGAEA_20260809T113713Z/manifest.csv",FALSE,TRUE,"traceable"
"stage2","raw_evidence","data/raw/stage2/ds27_pangaea_ferrybox/DS27_PANGAEA_20260809T113713Z/HZG-Ferrybox_Harw-CuxNR3357.nc","scripts/00_downloads/stage2/20_acquire_ds27_pangaea_ferrybox.R","",TRUE,52912,"ead389b5346e352e74cbadb44dde5414c29ed684f56984d4af64e00fc94f7964","data/raw/stage2/ds27_pangaea_ferrybox/DS27_PANGAEA_20260809T113713Z/manifest.csv",FALSE,TRUE,"traceable"
"stage2","raw_evidence","data/raw/stage2/ds27_pangaea_ferrybox/DS27_PANGAEA_20260809T113713Z/HZG-Ferrybox_Harw-CuxNR3359.nc","scripts/00_downloads/stage2/20_acquire_ds27_pangaea_ferrybox.R","",TRUE,206256,"496d9d03593b42d422e843f99859321acf57ed258cf3a7f64e6ce0e0af4d2df8","data/raw/stage2/ds27_pangaea_ferrybox/DS27_PANGAEA_20260809T113713Z/manifest.csv",FALSE,TRUE,"traceable"
"stage2","raw_evidence","data/raw/stage2/ds27_pangaea_ferrybox/DS27_PANGAEA_20260809T113713Z/HZG-Ferrybox_Harw-CuxNR3361.nc","scripts/00_downloads/stage2/20_acquire_ds27_pangaea_ferrybox.R","",TRUE,265292,"9ec12074f88dbe1e79c66c9a646e543af4440628588447ef55af4cdf98c6df68","data/raw/stage2/ds27_pangaea_ferrybox/DS27_PANGAEA_20260809T113713Z/manifest.csv",FALSE,TRUE,"traceable"
"stage2","raw_evidence","data/raw/stage2/ds27_pangaea_ferrybox/DS27_PANGAEA_20260809T113713Z/HZG-Ferrybox_Harw-CuxNR3363.nc","scripts/00_downloads/stage2/20_acquire_ds27_pangaea_ferrybox.R","",TRUE,255128,"77371afb5960ccfbb02831ad00ee8485d6f38af0f44f9a10952518fc72854c62","data/raw/stage2/ds27_pangaea_ferrybox/DS27_PANGAEA_20260809T113713Z/manifest.csv",FALSE,TRUE,"traceable"
"stage2","raw_evidence","data/raw/stage2/ds27_pangaea_ferrybox/DS27_PANGAEA_20260809T113713Z/HZG-Ferrybox_Harw-CuxNR3397.nc","scripts/00_downloads/stage2/20_acquire_ds27_pangaea_ferrybox.R","",TRUE,265748,"d4e8a3b301bc5208bac39c24cd82f85db1a242cf62fb1d4528a2c81d226c7547","data/raw/stage2/ds27_pangaea_ferrybox/DS27_PANGAEA_20260809T113713Z/manifest.csv",FALSE,TRUE,"traceable"
"stage2","raw_evidence","data/raw/stage2/ds27_pangaea_ferrybox/DS27_PANGAEA_20260809T113713Z/HZG-Ferrybox_Harw-CuxNR3437.nc","scripts/00_downloads/stage2/20_acquire_ds27_pangaea_ferrybox.R","",TRUE,264112,"9ce9e4283e743723a80b86b9fb5ec64ece95275275fa8b0d289c84632eb304a1","data/raw/stage2/ds27_pangaea_ferrybox/DS27_PANGAEA_20260809T113713Z/manifest.csv",FALSE,TRUE,"traceable"
"stage2","raw_evidence","data/raw/stage2/ds27_pangaea_ferrybox/DS27_PANGAEA_20260809T113713Z/HZG-Ferrybox_Harw-CuxNR3477.nc","scripts/00_downloads/stage2/20_acquire_ds27_pangaea_ferrybox.R","",TRUE,254436,"4a4ea08aaf75c6d39c56afffb7e67130d8849f2ce2f4c92a1aedb94e8da5d6a2","data/raw/stage2/ds27_pangaea_ferrybox/DS27_PANGAEA_20260809T113713Z/manifest.csv",FALSE,TRUE,"traceable"
"stage2","raw_evidence","data/raw/stage2/ds27_pangaea_ferrybox/DS27_PANGAEA_20260809T113713Z/HZG-Ferrybox_Harw-CuxNR35.nc","scripts/00_downloads/stage2/20_acquire_ds27_pangaea_ferrybox.R","",TRUE,246468,"da235e5753ad1cecb9e9f835dd1c187e307746678b697ee1cc8b39721c12b39e","data/raw/stage2/ds27_pangaea_ferrybox/DS27_PANGAEA_20260809T113713Z/manifest.csv",FALSE,TRUE,"traceable"
"stage2","raw_evidence","data/raw/stage2/ds27_pangaea_ferrybox/DS27_PANGAEA_20260809T113713Z/HZG-Ferrybox_Harw-CuxNR3517.nc","scripts/00_downloads/stage2/20_acquire_ds27_pangaea_ferrybox.R","",TRUE,255744,"7b78fb9d32d61449adc1489873b451c6d6f409aae16862e4bfac51271b837eaa","data/raw/stage2/ds27_pangaea_ferrybox/DS27_PANGAEA_20260809T113713Z/manifest.csv",FALSE,TRUE,"traceable"
"stage2","raw_evidence","data/raw/stage2/ds27_pangaea_ferrybox/DS27_PANGAEA_20260809T113713Z/HZG-Ferrybox_Harw-CuxNR3537.nc","scripts/00_downloads/stage2/20_acquire_ds27_pangaea_ferrybox.R","",TRUE,260772,"994a34cb8d95ee05648f7734ad4cce3d33bae1566303619e48ad3b56a1f802af","data/raw/stage2/ds27_pangaea_ferrybox/DS27_PANGAEA_20260809T113713Z/manifest.csv",FALSE,TRUE,"traceable"
"stage2","raw_evidence","data/raw/stage2/ds27_pangaea_ferrybox/DS27_PANGAEA_20260809T113713Z/HZG-Ferrybox_Harw-CuxNR3557.nc","scripts/00_downloads/stage2/20_acquire_ds27_pangaea_ferrybox.R","",TRUE,256112,"f5af5e824a78ba16e0513e9dfe9691a1a4071f811985fac1d2026ea640d8bb98","data/raw/stage2/ds27_pangaea_ferrybox/DS27_PANGAEA_20260809T113713Z/manifest.csv",FALSE,TRUE,"traceable"
"stage2","raw_evidence","data/raw/stage2/ds27_pangaea_ferrybox/DS27_PANGAEA_20260809T113713Z/HZG-Ferrybox_Harw-CuxNR357.nc","scripts/00_downloads/stage2/20_acquire_ds27_pangaea_ferrybox.R","",TRUE,230164,"c13f0342b3534dc906ba21d22131bde9afd0cb33aaa2657643e36b75aaa7baaf","data/raw/stage2/ds27_pangaea_ferrybox/DS27_PANGAEA_20260809T113713Z/manifest.csv",FALSE,TRUE,"traceable"
"stage2","raw_evidence","data/raw/stage2/ds27_pangaea_ferrybox/DS27_PANGAEA_20260809T113713Z/HZG-Ferrybox_Harw-CuxNR3617.nc","scripts/00_downloads/stage2/20_acquire_ds27_pangaea_ferrybox.R","",TRUE,268572,"05a9b6392bb9778ec849dfbd148a68bc7673dab344cb10d85faace523c20a916","data/raw/stage2/ds27_pangaea_ferrybox/DS27_PANGAEA_20260809T113713Z/manifest.csv",FALSE,TRUE,"traceable"
"stage2","raw_evidence","data/raw/stage2/ds27_pangaea_ferrybox/DS27_PANGAEA_20260809T113713Z/HZG-Ferrybox_Harw-CuxNR3637.nc","scripts/00_downloads/stage2/20_acquire_ds27_pangaea_ferrybox.R","",TRUE,89524,"2ba7ba193402605b49ffdac226ca878397aa72bc3b13663769b0e77e054bc244","data/raw/stage2/ds27_pangaea_ferrybox/DS27_PANGAEA_20260809T113713Z/manifest.csv",FALSE,TRUE,"traceable"
"stage2","raw_evidence","data/raw/stage2/ds27_pangaea_ferrybox/DS27_PANGAEA_20260809T113713Z/HZG-Ferrybox_Harw-CuxNR3717.nc","scripts/00_downloads/stage2/20_acquire_ds27_pangaea_ferrybox.R","",TRUE,267392,"da5a9f9dbebe4477e1b649c1bd3320afa8cd06f9cf88cdde16e1f15d1b9d2406","data/raw/stage2/ds27_pangaea_ferrybox/DS27_PANGAEA_20260809T113713Z/manifest.csv",FALSE,TRUE,"traceable"
"stage2","raw_evidence","data/raw/stage2/ds27_pangaea_ferrybox/DS27_PANGAEA_20260809T113713Z/HZG-Ferrybox_Harw-CuxNR3797.nc","scripts/00_downloads/stage2/20_acquire_ds27_pangaea_ferrybox.R","",TRUE,270836,"1801b4c81ede37de4dd36aa809769920a61304adade8fdb11ab9d30015add69c","data/raw/stage2/ds27_pangaea_ferrybox/DS27_PANGAEA_20260809T113713Z/manifest.csv",FALSE,TRUE,"traceable"
"stage2","raw_evidence","data/raw/stage2/ds27_pangaea_ferrybox/DS27_PANGAEA_20260809T113713Z/HZG-Ferrybox_Harw-CuxNR38.nc","scripts/00_downloads/stage2/20_acquire_ds27_pangaea_ferrybox.R","",TRUE,233508,"ccbdaf20657d9d980e324b9520e8b96d422a35a85a1dae31420645717c0e03c1","data/raw/stage2/ds27_pangaea_ferrybox/DS27_PANGAEA_20260809T113713Z/manifest.csv",FALSE,TRUE,"traceable"
"stage2","raw_evidence","data/raw/stage2/ds27_pangaea_ferrybox/DS27_PANGAEA_20260809T113713Z/HZG-Ferrybox_Harw-CuxNR3837.nc","scripts/00_downloads/stage2/20_acquire_ds27_pangaea_ferrybox.R","",TRUE,266508,"9cbc4f111c195090182fde44f2b5298e7dc344199786adc9c587218c18046c09","data/raw/stage2/ds27_pangaea_ferrybox/DS27_PANGAEA_20260809T113713Z/manifest.csv",FALSE,TRUE,"traceable"
"stage2","raw_evidence","data/raw/stage2/ds27_pangaea_ferrybox/DS27_PANGAEA_20260809T113713Z/HZG-Ferrybox_Harw-CuxNR3877.nc","scripts/00_downloads/stage2/20_acquire_ds27_pangaea_ferrybox.R","",TRUE,266480,"90c5619e05ecefd73f14d3ec6e567a87cc3d2668a810b10fab9cb6a86411c021","data/raw/stage2/ds27_pangaea_ferrybox/DS27_PANGAEA_20260809T113713Z/manifest.csv",FALSE,TRUE,"traceable"
"stage2","raw_evidence","data/raw/stage2/ds27_pangaea_ferrybox/DS27_PANGAEA_20260809T113713Z/HZG-Ferrybox_Harw-CuxNR39.nc","scripts/00_downloads/stage2/20_acquire_ds27_pangaea_ferrybox.R","",TRUE,233960,"74002e0258b943e5fd06a726785c781668170576729b0b67e78aa70ba3ce26b3","data/raw/stage2/ds27_pangaea_ferrybox/DS27_PANGAEA_20260809T113713Z/manifest.csv",FALSE,TRUE,"traceable"
"stage2","raw_evidence","data/raw/stage2/ds27_pangaea_ferrybox/DS27_PANGAEA_20260809T113713Z/HZG-Ferrybox_Harw-CuxNR3957.nc","scripts/00_downloads/stage2/20_acquire_ds27_pangaea_ferrybox.R","",TRUE,263528,"1cd391a1114781749f873117629e6389265bad4b5154b2774e585919fd0764c9","data/raw/stage2/ds27_pangaea_ferrybox/DS27_PANGAEA_20260809T113713Z/manifest.csv",FALSE,TRUE,"traceable"
"stage2","raw_evidence","data/raw/stage2/ds27_pangaea_ferrybox/DS27_PANGAEA_20260809T113713Z/HZG-Ferrybox_Harw-CuxNR4.nc","scripts/00_downloads/stage2/20_acquire_ds27_pangaea_ferrybox.R","",TRUE,238596,"126908769edbe67777dae12081c1f68358276abda4ce5ef0e8d6786f2df62c2c","data/raw/stage2/ds27_pangaea_ferrybox/DS27_PANGAEA_20260809T113713Z/manifest.csv",FALSE,TRUE,"traceable"
"stage2","raw_evidence","data/raw/stage2/ds27_pangaea_ferrybox/DS27_PANGAEA_20260809T113713Z/HZG-Ferrybox_Harw-CuxNR4037.nc","scripts/00_downloads/stage2/20_acquire_ds27_pangaea_ferrybox.R","",TRUE,264604,"b0ea95c343d457c7aef52a6b5d6d4e924f3ab13e44024f295327deaf3e4c34a8","data/raw/stage2/ds27_pangaea_ferrybox/DS27_PANGAEA_20260809T113713Z/manifest.csv",FALSE,TRUE,"traceable"
"stage2","raw_evidence","data/raw/stage2/ds27_pangaea_ferrybox/DS27_PANGAEA_20260809T113713Z/HZG-Ferrybox_Harw-CuxNR4039.nc","scripts/00_downloads/stage2/20_acquire_ds27_pangaea_ferrybox.R","",TRUE,265200,"769a36850def9e2913de28baded8c084d4632fe8bdd3f5503e88b0cf410cac67","data/raw/stage2/ds27_pangaea_ferrybox/DS27_PANGAEA_20260809T113713Z/manifest.csv",FALSE,TRUE,"traceable"
"stage2","raw_evidence","data/raw/stage2/ds27_pangaea_ferrybox/DS27_PANGAEA_20260809T113713Z/HZG-Ferrybox_Harw-CuxNR4057.nc","scripts/00_downloads/stage2/20_acquire_ds27_pangaea_ferrybox.R","",TRUE,259224,"cfb667a7752381bb2e4b7ac54ff19d2198ca5580d9ab98658915f7f9eeaf5b0c","data/raw/stage2/ds27_pangaea_ferrybox/DS27_PANGAEA_20260809T113713Z/manifest.csv",FALSE,TRUE,"traceable"
"stage2","raw_evidence","data/raw/stage2/ds27_pangaea_ferrybox/DS27_PANGAEA_20260809T113713Z/HZG-Ferrybox_Harw-CuxNR4059.nc","scripts/00_downloads/stage2/20_acquire_ds27_pangaea_ferrybox.R","",TRUE,225148,"a43ec1dfc7afed9cd37752ee8474f92d0dd482294164aa8104871e9678ac56db","data/raw/stage2/ds27_pangaea_ferrybox/DS27_PANGAEA_20260809T113713Z/manifest.csv",FALSE,TRUE,"traceable"
"stage2","raw_evidence","data/raw/stage2/ds27_pangaea_ferrybox/DS27_PANGAEA_20260809T113713Z/HZG-Ferrybox_Harw-CuxNR4061.nc","scripts/00_downloads/stage2/20_acquire_ds27_pangaea_ferrybox.R","",TRUE,245480,"d9bd95f51fee02c127da27debf805cc6d04e9ded9b177f0bd2285d5fb86b74da","data/raw/stage2/ds27_pangaea_ferrybox/DS27_PANGAEA_20260809T113713Z/manifest.csv",FALSE,TRUE,"traceable"
"stage2","raw_evidence","data/raw/stage2/ds27_pangaea_ferrybox/DS27_PANGAEA_20260809T113713Z/HZG-Ferrybox_Harw-CuxNR41.nc","scripts/00_downloads/stage2/20_acquire_ds27_pangaea_ferrybox.R","",TRUE,255020,"3b75b8e58ec82275d879d6a516c21acce35ddbae53038643d6c1656e6f3bd4f9","data/raw/stage2/ds27_pangaea_ferrybox/DS27_PANGAEA_20260809T113713Z/manifest.csv",FALSE,TRUE,"traceable"
"stage2","raw_evidence","data/raw/stage2/ds27_pangaea_ferrybox/DS27_PANGAEA_20260809T113713Z/HZG-Ferrybox_Harw-CuxNR4157.nc","scripts/00_downloads/stage2/20_acquire_ds27_pangaea_ferrybox.R","",TRUE,263524,"2c862eacb2ef979944267996d5e80e185faa81b40e334b74292875eb6fb6afa8","data/raw/stage2/ds27_pangaea_ferrybox/DS27_PANGAEA_20260809T113713Z/manifest.csv",FALSE,TRUE,"traceable"
"stage2","raw_evidence","data/raw/stage2/ds27_pangaea_ferrybox/DS27_PANGAEA_20260809T113713Z/HZG-Ferrybox_Harw-CuxNR417.nc","scripts/00_downloads/stage2/20_acquire_ds27_pangaea_ferrybox.R","",TRUE,250044,"b0ee30ba81230fe6f6b3bcbce063dacace45582629c038abc4496879422d93db","data/raw/stage2/ds27_pangaea_ferrybox/DS27_PANGAEA_20260809T113713Z/manifest.csv",FALSE,TRUE,"traceable"
"stage2","raw_evidence","data/raw/stage2/ds27_pangaea_ferrybox/DS27_PANGAEA_20260809T113713Z/HZG-Ferrybox_Harw-CuxNR43.nc","scripts/00_downloads/stage2/20_acquire_ds27_pangaea_ferrybox.R","",TRUE,256272,"108c2406c75b48310461594542cf8891c93fb869f2768519b712ab1648536713","data/raw/stage2/ds27_pangaea_ferrybox/DS27_PANGAEA_20260809T113713Z/manifest.csv",FALSE,TRUE,"traceable"
"stage2","raw_evidence","data/raw/stage2/ds27_pangaea_ferrybox/DS27_PANGAEA_20260809T113713Z/HZG-Ferrybox_Harw-CuxNR4317.nc","scripts/00_downloads/stage2/20_acquire_ds27_pangaea_ferrybox.R","",TRUE,106708,"7d7e9dd9591e20bdbbfdd410caf1a60719d6395b0c9a99fcb3370ac37c571757","data/raw/stage2/ds27_pangaea_ferrybox/DS27_PANGAEA_20260809T113713Z/manifest.csv",FALSE,TRUE,"traceable"
"stage2","raw_evidence","data/raw/stage2/ds27_pangaea_ferrybox/DS27_PANGAEA_20260809T113713Z/HZG-Ferrybox_Harw-CuxNR4337.nc","scripts/00_downloads/stage2/20_acquire_ds27_pangaea_ferrybox.R","",TRUE,113100,"196f68ec0910a9076cdd29a569db5ef454e27ec6242d1327e88c8e34695d4746","data/raw/stage2/ds27_pangaea_ferrybox/DS27_PANGAEA_20260809T113713Z/manifest.csv",FALSE,TRUE,"traceable"
"stage2","raw_evidence","data/raw/stage2/ds27_pangaea_ferrybox/DS27_PANGAEA_20260809T113713Z/HZG-Ferrybox_Harw-CuxNR4357.nc","scripts/00_downloads/stage2/20_acquire_ds27_pangaea_ferrybox.R","",TRUE,263980,"73201b8d3034eac6a0d11733e6f97b605a79fc0e22c8adc0f40c1933cb0fbf4d","data/raw/stage2/ds27_pangaea_ferrybox/DS27_PANGAEA_20260809T113713Z/manifest.csv",FALSE,TRUE,"traceable"
"stage2","raw_evidence","data/raw/stage2/ds27_pangaea_ferrybox/DS27_PANGAEA_20260809T113713Z/HZG-Ferrybox_Harw-CuxNR4397.nc","scripts/00_downloads/stage2/20_acquire_ds27_pangaea_ferrybox.R","",TRUE,267300,"aa2ce10b7cfd0410339932aab6a4f566a94053a3c99c9a8b02c00ce37b790a00","data/raw/stage2/ds27_pangaea_ferrybox/DS27_PANGAEA_20260809T113713Z/manifest.csv",FALSE,TRUE,"traceable"
"stage2","raw_evidence","data/raw/stage2/ds27_pangaea_ferrybox/DS27_PANGAEA_20260809T113713Z/HZG-Ferrybox_Harw-CuxNR4437.nc","scripts/00_downloads/stage2/20_acquire_ds27_pangaea_ferrybox.R","",TRUE,267100,"a2a1b858e682ca77c867e30f429a9f54954d18a7b9f5428d06ac292a02da7743","data/raw/stage2/ds27_pangaea_ferrybox/DS27_PANGAEA_20260809T113713Z/manifest.csv",FALSE,TRUE,"traceable"
"stage2","raw_evidence","data/raw/stage2/ds27_pangaea_ferrybox/DS27_PANGAEA_20260809T113713Z/HZG-Ferrybox_Harw-CuxNR4477.nc","scripts/00_downloads/stage2/20_acquire_ds27_pangaea_ferrybox.R","",TRUE,263396,"74b90663ab48d11244cfebdb7dd0f902ae5932e999cd8da2995f108ddbb2f7b1","data/raw/stage2/ds27_pangaea_ferrybox/DS27_PANGAEA_20260809T113713Z/manifest.csv",FALSE,TRUE,"traceable"
"stage2","raw_evidence","data/raw/stage2/ds27_pangaea_ferrybox/DS27_PANGAEA_20260809T113713Z/HZG-Ferrybox_Harw-CuxNR45.nc","scripts/00_downloads/stage2/20_acquire_ds27_pangaea_ferrybox.R","",TRUE,253608,"4513aab8405f48c323ce930158272caa8669d8a8b935924369788d1d5460b4a7","data/raw/stage2/ds27_pangaea_ferrybox/DS27_PANGAEA_20260809T113713Z/manifest.csv",FALSE,TRUE,"traceable"
"stage2","raw_evidence","data/raw/stage2/ds27_pangaea_ferrybox/DS27_PANGAEA_20260809T113713Z/HZG-Ferrybox_Harw-CuxNR4517.nc","scripts/00_downloads/stage2/20_acquire_ds27_pangaea_ferrybox.R","",TRUE,267660,"7a7d38ef41add55de3c2b18c841a0c3547388cccd5bf4f153841f45c0ef458ae","data/raw/stage2/ds27_pangaea_ferrybox/DS27_PANGAEA_20260809T113713Z/manifest.csv",FALSE,TRUE,"traceable"
"stage2","raw_evidence","data/raw/stage2/ds27_pangaea_ferrybox/DS27_PANGAEA_20260809T113713Z/HZG-Ferrybox_Harw-CuxNR4557.nc","scripts/00_downloads/stage2/20_acquire_ds27_pangaea_ferrybox.R","",TRUE,257096,"6f713e61de46679821808f9a9c5e8912ccbbd7c6f8e03f8edfd67241fd3a574d","data/raw/stage2/ds27_pangaea_ferrybox/DS27_PANGAEA_20260809T113713Z/manifest.csv",FALSE,TRUE,"traceable"
"stage2","raw_evidence","data/raw/stage2/ds27_pangaea_ferrybox/DS27_PANGAEA_20260809T113713Z/HZG-Ferrybox_Harw-CuxNR457.nc","scripts/00_downloads/stage2/20_acquire_ds27_pangaea_ferrybox.R","",TRUE,245580,"1ece45cf07f7ca15463e48f9da051f950f5fdc9fe4dc329ce8e478b28e14ec2a","data/raw/stage2/ds27_pangaea_ferrybox/DS27_PANGAEA_20260809T113713Z/manifest.csv",FALSE,TRUE,"traceable"
"stage2","raw_evidence","data/raw/stage2/ds27_pangaea_ferrybox/DS27_PANGAEA_20260809T113713Z/HZG-Ferrybox_Harw-CuxNR4617.nc","scripts/00_downloads/stage2/20_acquire_ds27_pangaea_ferrybox.R","",TRUE,267880,"e4fc093e02367c33d7058ca77e48fc1ca8e52bd9adb6da610fd962d75a280d4e","data/raw/stage2/ds27_pangaea_ferrybox/DS27_PANGAEA_20260809T113713Z/manifest.csv",FALSE,TRUE,"traceable"
"stage2","raw_evidence","data/raw/stage2/ds27_pangaea_ferrybox/DS27_PANGAEA_20260809T113713Z/HZG-Ferrybox_Harw-CuxNR4657.nc","scripts/00_downloads/stage2/20_acquire_ds27_pangaea_ferrybox.R","",TRUE,261360,"ef0a8a9af5a7c626735ed8c3d2425943beb019b818511a7f7ebddc4aa840c1f0","data/raw/stage2/ds27_pangaea_ferrybox/DS27_PANGAEA_20260809T113713Z/manifest.csv",FALSE,TRUE,"traceable"
"stage2","raw_evidence","data/raw/stage2/ds27_pangaea_ferrybox/DS27_PANGAEA_20260809T113713Z/HZG-Ferrybox_Harw-CuxNR4697.nc","scripts/00_downloads/stage2/20_acquire_ds27_pangaea_ferrybox.R","",TRUE,258368,"2c877588f54abd3175e5219d346755c0353ede8a09bcd09f2756e1e65176ab9b","data/raw/stage2/ds27_pangaea_ferrybox/DS27_PANGAEA_20260809T113713Z/manifest.csv",FALSE,TRUE,"traceable"
"stage2","raw_evidence","data/raw/stage2/ds27_pangaea_ferrybox/DS27_PANGAEA_20260809T113713Z/HZG-Ferrybox_Harw-CuxNR4717.nc","scripts/00_downloads/stage2/20_acquire_ds27_pangaea_ferrybox.R","",TRUE,266316,"b85b2fcadf89cbee4fea1ade06d7ec8edd67dda8ac507e1a3af8f6b0a6382525","data/raw/stage2/ds27_pangaea_ferrybox/DS27_PANGAEA_20260809T113713Z/manifest.csv",FALSE,TRUE,"traceable"
"stage2","raw_evidence","data/raw/stage2/ds27_pangaea_ferrybox/DS27_PANGAEA_20260809T113713Z/HZG-Ferrybox_Harw-CuxNR4797.nc","scripts/00_downloads/stage2/20_acquire_ds27_pangaea_ferrybox.R","",TRUE,265912,"da0a400cbf51c7cf128a113506cf8b0846799b693823229fddbb4a131142cbe9","data/raw/stage2/ds27_pangaea_ferrybox/DS27_PANGAEA_20260809T113713Z/manifest.csv",FALSE,TRUE,"traceable"
"stage2","raw_evidence","data/raw/stage2/ds27_pangaea_ferrybox/DS27_PANGAEA_20260809T113713Z/HZG-Ferrybox_Harw-CuxNR48.nc","scripts/00_downloads/stage2/20_acquire_ds27_pangaea_ferrybox.R","",TRUE,252660,"18a28320221840ed2803e2516730efb885c4401a075a0aae428f651c58c3de16","data/raw/stage2/ds27_pangaea_ferrybox/DS27_PANGAEA_20260809T113713Z/manifest.csv",FALSE,TRUE,"traceable"
"stage2","raw_evidence","data/raw/stage2/ds27_pangaea_ferrybox/DS27_PANGAEA_20260809T113713Z/HZG-Ferrybox_Harw-CuxNR4817.nc","scripts/00_downloads/stage2/20_acquire_ds27_pangaea_ferrybox.R","",TRUE,266480,"c622ff3428b6d6bf704e83f8e94b0d164f90af01ddef725eddc28d3c1315caa2","data/raw/stage2/ds27_pangaea_ferrybox/DS27_PANGAEA_20260809T113713Z/manifest.csv",FALSE,TRUE,"traceable"
"stage2","raw_evidence","data/raw/stage2/ds27_pangaea_ferrybox/DS27_PANGAEA_20260809T113713Z/HZG-Ferrybox_Harw-CuxNR4877.nc","scripts/00_downloads/stage2/20_acquire_ds27_pangaea_ferrybox.R","",TRUE,267172,"0fc93194da7ef4ba5b410b8c3bd1ae06f212bb2447cf357937073cb13f7745f7","data/raw/stage2/ds27_pangaea_ferrybox/DS27_PANGAEA_20260809T113713Z/manifest.csv",FALSE,TRUE,"traceable"
"stage2","raw_evidence","data/raw/stage2/ds27_pangaea_ferrybox/DS27_PANGAEA_20260809T113713Z/HZG-Ferrybox_Harw-CuxNR4917.nc","scripts/00_downloads/stage2/20_acquire_ds27_pangaea_ferrybox.R","",TRUE,265168,"67d0669255ebc684ce9b2595cf875af706351b3456e8d7de228dbb3f682703fa","data/raw/stage2/ds27_pangaea_ferrybox/DS27_PANGAEA_20260809T113713Z/manifest.csv",FALSE,TRUE,"traceable"
"stage2","raw_evidence","data/raw/stage2/ds27_pangaea_ferrybox/DS27_PANGAEA_20260809T113713Z/HZG-Ferrybox_Harw-CuxNR497.nc","scripts/00_downloads/stage2/20_acquire_ds27_pangaea_ferrybox.R","",TRUE,253852,"2014651bf7b7bb983760155ba74e3aa016ee0ae59f215a56e2bb14a19ba09240","data/raw/stage2/ds27_pangaea_ferrybox/DS27_PANGAEA_20260809T113713Z/manifest.csv",FALSE,TRUE,"traceable"
"stage2","raw_evidence","data/raw/stage2/ds27_pangaea_ferrybox/DS27_PANGAEA_20260809T113713Z/HZG-Ferrybox_Harw-CuxNR4977.nc","scripts/00_downloads/stage2/20_acquire_ds27_pangaea_ferrybox.R","",TRUE,265532,"116d59d499503b647e0816da68d676b835ea6d0e090bdb6b4737624c96b38d24","data/raw/stage2/ds27_pangaea_ferrybox/DS27_PANGAEA_20260809T113713Z/manifest.csv",FALSE,TRUE,"traceable"
"stage2","raw_evidence","data/raw/stage2/ds27_pangaea_ferrybox/DS27_PANGAEA_20260809T113713Z/HZG-Ferrybox_Harw-CuxNR4997.nc","scripts/00_downloads/stage2/20_acquire_ds27_pangaea_ferrybox.R","",TRUE,261756,"8a0c5949e8220cd148e6dcc970732d9bbfb6016d190844bc863067eab0b1b910","data/raw/stage2/ds27_pangaea_ferrybox/DS27_PANGAEA_20260809T113713Z/manifest.csv",FALSE,TRUE,"traceable"
"stage2","raw_evidence","data/raw/stage2/ds27_pangaea_ferrybox/DS27_PANGAEA_20260809T113713Z/HZG-Ferrybox_Harw-CuxNR50.nc","scripts/00_downloads/stage2/20_acquire_ds27_pangaea_ferrybox.R","",TRUE,317896,"c6db12b04589a6dde551dbf0121e9312b4cb414dcc7db27ca70afc56781848e0","data/raw/stage2/ds27_pangaea_ferrybox/DS27_PANGAEA_20260809T113713Z/manifest.csv",FALSE,TRUE,"traceable"
"stage2","raw_evidence","data/raw/stage2/ds27_pangaea_ferrybox/DS27_PANGAEA_20260809T113713Z/HZG-Ferrybox_Harw-CuxNR5017.nc","scripts/00_downloads/stage2/20_acquire_ds27_pangaea_ferrybox.R","",TRUE,264184,"9a5fbb62ef0238c7b636abb7412e3c15780aa4c97036f92b6dc73bd7cd05a5c6","data/raw/stage2/ds27_pangaea_ferrybox/DS27_PANGAEA_20260809T113713Z/manifest.csv",FALSE,TRUE,"traceable"
"stage2","raw_evidence","data/raw/stage2/ds27_pangaea_ferrybox/DS27_PANGAEA_20260809T113713Z/HZG-Ferrybox_Harw-CuxNR5057.nc","scripts/00_downloads/stage2/20_acquire_ds27_pangaea_ferrybox.R","",TRUE,268040,"c91da7e17b4982997db432d665292968a32a70ea5efa1efcf8731a5002e858d4","data/raw/stage2/ds27_pangaea_ferrybox/DS27_PANGAEA_20260809T113713Z/manifest.csv",FALSE,TRUE,"traceable"
"stage2","raw_evidence","data/raw/stage2/ds27_pangaea_ferrybox/DS27_PANGAEA_20260809T113713Z/HZG-Ferrybox_Harw-CuxNR5097.nc","scripts/00_downloads/stage2/20_acquire_ds27_pangaea_ferrybox.R","",TRUE,262416,"db3283ebb5738af782d6fca84487ad282f93e0cffc204948c749bb6a1338db7e","data/raw/stage2/ds27_pangaea_ferrybox/DS27_PANGAEA_20260809T113713Z/manifest.csv",FALSE,TRUE,"traceable"
"stage2","raw_evidence","data/raw/stage2/ds27_pangaea_ferrybox/DS27_PANGAEA_20260809T113713Z/HZG-Ferrybox_Harw-CuxNR5117.nc","scripts/00_downloads/stage2/20_acquire_ds27_pangaea_ferrybox.R","",TRUE,265492,"3541e23ea1337b2dd0cc4811254fd0df7a585dcd93861da95b4fa697a0bd47e4","data/raw/stage2/ds27_pangaea_ferrybox/DS27_PANGAEA_20260809T113713Z/manifest.csv",FALSE,TRUE,"traceable"
"stage2","raw_evidence","data/raw/stage2/ds27_pangaea_ferrybox/DS27_PANGAEA_20260809T113713Z/HZG-Ferrybox_Harw-CuxNR5177.nc","scripts/00_downloads/stage2/20_acquire_ds27_pangaea_ferrybox.R","",TRUE,269096,"e5b60ad354ef2e7aab1cbf29f2fd0ea6b834491feaaa2f5ace986033d8cf9baf","data/raw/stage2/ds27_pangaea_ferrybox/DS27_PANGAEA_20260809T113713Z/manifest.csv",FALSE,TRUE,"traceable"
"stage2","raw_evidence","data/raw/stage2/ds27_pangaea_ferrybox/DS27_PANGAEA_20260809T113713Z/HZG-Ferrybox_Harw-CuxNR5257.nc","scripts/00_downloads/stage2/20_acquire_ds27_pangaea_ferrybox.R","",TRUE,267556,"f556667d31a7f57624ede963fc22e2f32536c97566c56ba34daefc6f6d812df7","data/raw/stage2/ds27_pangaea_ferrybox/DS27_PANGAEA_20260809T113713Z/manifest.csv",FALSE,TRUE,"traceable"
"stage2","raw_evidence","data/raw/stage2/ds27_pangaea_ferrybox/DS27_PANGAEA_20260809T113713Z/HZG-Ferrybox_Harw-CuxNR53.nc","scripts/00_downloads/stage2/20_acquire_ds27_pangaea_ferrybox.R","",TRUE,245840,"0b5bd64ce0bb8d555727985a345f42111b3de4494994c146f212932ab2a50070","data/raw/stage2/ds27_pangaea_ferrybox/DS27_PANGAEA_20260809T113713Z/manifest.csv",FALSE,TRUE,"traceable"
"stage2","raw_evidence","data/raw/stage2/ds27_pangaea_ferrybox/DS27_PANGAEA_20260809T113713Z/HZG-Ferrybox_Harw-CuxNR5317.nc","scripts/00_downloads/stage2/20_acquire_ds27_pangaea_ferrybox.R","",TRUE,269592,"9794b1c43897436f850e05f984bf539837aac0e838a9018867a5bf97c614416d","data/raw/stage2/ds27_pangaea_ferrybox/DS27_PANGAEA_20260809T113713Z/manifest.csv",FALSE,TRUE,"traceable"
"stage2","raw_evidence","data/raw/stage2/ds27_pangaea_ferrybox/DS27_PANGAEA_20260809T113713Z/HZG-Ferrybox_Harw-CuxNR537.nc","scripts/00_downloads/stage2/20_acquire_ds27_pangaea_ferrybox.R","",TRUE,254344,"b36196fb9ecf13da97ef164f2510cc48901f6b2d3836b612074c149b2b2b01da","data/raw/stage2/ds27_pangaea_ferrybox/DS27_PANGAEA_20260809T113713Z/manifest.csv",FALSE,TRUE,"traceable"
"stage2","raw_evidence","data/raw/stage2/ds27_pangaea_ferrybox/DS27_PANGAEA_20260809T113713Z/HZG-Ferrybox_Harw-CuxNR5397.nc","scripts/00_downloads/stage2/20_acquire_ds27_pangaea_ferrybox.R","",TRUE,263324,"2338da0c47935cfd7178279da37826548cf42adc82e5d4c45693ce70cfbb2e7d","data/raw/stage2/ds27_pangaea_ferrybox/DS27_PANGAEA_20260809T113713Z/manifest.csv",FALSE,TRUE,"traceable"
"stage2","raw_evidence","data/raw/stage2/ds27_pangaea_ferrybox/DS27_PANGAEA_20260809T113713Z/HZG-Ferrybox_Harw-CuxNR5417.nc","scripts/00_downloads/stage2/20_acquire_ds27_pangaea_ferrybox.R","",TRUE,268040,"49ab2d73c626bc7622669f92176628efb56ca5429ed08001309719ed06aa8aa7","data/raw/stage2/ds27_pangaea_ferrybox/DS27_PANGAEA_20260809T113713Z/manifest.csv",FALSE,TRUE,"traceable"
"stage2","raw_evidence","data/raw/stage2/ds27_pangaea_ferrybox/DS27_PANGAEA_20260809T113713Z/HZG-Ferrybox_Harw-CuxNR5437.nc","scripts/00_downloads/stage2/20_acquire_ds27_pangaea_ferrybox.R","",TRUE,269464,"d7358fb063d55710f524cb170a08b1573a2666ed47f288d40f15be675db9ee45","data/raw/stage2/ds27_pangaea_ferrybox/DS27_PANGAEA_20260809T113713Z/manifest.csv",FALSE,TRUE,"traceable"
"stage2","raw_evidence","data/raw/stage2/ds27_pangaea_ferrybox/DS27_PANGAEA_20260809T113713Z/HZG-Ferrybox_Harw-CuxNR5457.nc","scripts/00_downloads/stage2/20_acquire_ds27_pangaea_ferrybox.R","",TRUE,190472,"2b5bf28343e6c9bf67e476e651d7c12b3f467fdd0c28f90bc3004971092f6c8c","data/raw/stage2/ds27_pangaea_ferrybox/DS27_PANGAEA_20260809T113713Z/manifest.csv",FALSE,TRUE,"traceable"
"stage2","raw_evidence","data/raw/stage2/ds27_pangaea_ferrybox/DS27_PANGAEA_20260809T113713Z/HZG-Ferrybox_Harw-CuxNR5477.nc","scripts/00_downloads/stage2/20_acquire_ds27_pangaea_ferrybox.R","",TRUE,265292,"9ad9135a5e59f58315e88717cbf9e9fd471574b4540243ea608322e9b2f9aabd","data/raw/stage2/ds27_pangaea_ferrybox/DS27_PANGAEA_20260809T113713Z/manifest.csv",FALSE,TRUE,"traceable"
"stage2","raw_evidence","data/raw/stage2/ds27_pangaea_ferrybox/DS27_PANGAEA_20260809T113713Z/HZG-Ferrybox_Harw-CuxNR5497.nc","scripts/00_downloads/stage2/20_acquire_ds27_pangaea_ferrybox.R","",TRUE,270452,"cd10061ea266d6fefeb5efc2d784bf3eda8c331e911c8307258d2496babcd8c0","data/raw/stage2/ds27_pangaea_ferrybox/DS27_PANGAEA_20260809T113713Z/manifest.csv",FALSE,TRUE,"traceable"
"stage2","raw_evidence","data/raw/stage2/ds27_pangaea_ferrybox/DS27_PANGAEA_20260809T113713Z/HZG-Ferrybox_Harw-CuxNR55.nc","scripts/00_downloads/stage2/20_acquire_ds27_pangaea_ferrybox.R","",TRUE,261848,"e8c0c717276778cd0b9fea9e2a71681e16a1ef3c0085e82a5b92742eae333fb6","data/raw/stage2/ds27_pangaea_ferrybox/DS27_PANGAEA_20260809T113713Z/manifest.csv",FALSE,TRUE,"traceable"
"stage2","raw_evidence","data/raw/stage2/ds27_pangaea_ferrybox/DS27_PANGAEA_20260809T113713Z/HZG-Ferrybox_Harw-CuxNR5577.nc","scripts/00_downloads/stage2/20_acquire_ds27_pangaea_ferrybox.R","",TRUE,265092,"0f6d347671a1e9dbf24d7c573dea3ed3f4258a36cf07bbceb1212543403750eb","data/raw/stage2/ds27_pangaea_ferrybox/DS27_PANGAEA_20260809T113713Z/manifest.csv",FALSE,TRUE,"traceable"
"stage2","raw_evidence","data/raw/stage2/ds27_pangaea_ferrybox/DS27_PANGAEA_20260809T113713Z/HZG-Ferrybox_Harw-CuxNR56.nc","scripts/00_downloads/stage2/20_acquire_ds27_pangaea_ferrybox.R","",TRUE,250856,"6ac664daabe2398eedf6f34470a7f9a47f6b1387e47a8c37b79e49d2b42132b1","data/raw/stage2/ds27_pangaea_ferrybox/DS27_PANGAEA_20260809T113713Z/manifest.csv",FALSE,TRUE,"traceable"
"stage2","raw_evidence","data/raw/stage2/ds27_pangaea_ferrybox/DS27_PANGAEA_20260809T113713Z/HZG-Ferrybox_Harw-CuxNR5637.nc","scripts/00_downloads/stage2/20_acquire_ds27_pangaea_ferrybox.R","",TRUE,263160,"111e18acd8cf2cabca7409af4da7c88ef3ef655e9010efa3e323775527d924eb","data/raw/stage2/ds27_pangaea_ferrybox/DS27_PANGAEA_20260809T113713Z/manifest.csv",FALSE,TRUE,"traceable"
"stage2","raw_evidence","data/raw/stage2/ds27_pangaea_ferrybox/DS27_PANGAEA_20260809T113713Z/HZG-Ferrybox_Harw-CuxNR5677.nc","scripts/00_downloads/stage2/20_acquire_ds27_pangaea_ferrybox.R","",TRUE,264768,"2782fee43a6e32370938080e1a695f8127a9a320db063aa9356ee5d065c87c06","data/raw/stage2/ds27_pangaea_ferrybox/DS27_PANGAEA_20260809T113713Z/manifest.csv",FALSE,TRUE,"traceable"
"stage2","raw_evidence","data/raw/stage2/ds27_pangaea_ferrybox/DS27_PANGAEA_20260809T113713Z/HZG-Ferrybox_Harw-CuxNR5737.nc","scripts/00_downloads/stage2/20_acquire_ds27_pangaea_ferrybox.R","",TRUE,257652,"2ee09a01b0d8fc23abd927e56d00148f89cf848f075e564cd5a5a966516874e9","data/raw/stage2/ds27_pangaea_ferrybox/DS27_PANGAEA_20260809T113713Z/manifest.csv",FALSE,TRUE,"traceable"
"stage2","raw_evidence","data/raw/stage2/ds27_pangaea_ferrybox/DS27_PANGAEA_20260809T113713Z/HZG-Ferrybox_Harw-CuxNR577.nc","scripts/00_downloads/stage2/20_acquire_ds27_pangaea_ferrybox.R","",TRUE,253156,"8596b3cfda1c93e987871ea7ffe61c7bf76cbd0b9ca050ea13675b3e0b91860c","data/raw/stage2/ds27_pangaea_ferrybox/DS27_PANGAEA_20260809T113713Z/manifest.csv",FALSE,TRUE,"traceable"
"stage2","raw_evidence","data/raw/stage2/ds27_pangaea_ferrybox/DS27_PANGAEA_20260809T113713Z/HZG-Ferrybox_Harw-CuxNR5777.nc","scripts/00_downloads/stage2/20_acquire_ds27_pangaea_ferrybox.R","",TRUE,266900,"47d6921396a32f1f9b6a78632413a65ace4b0e15d19270e6cf23375728f07169","data/raw/stage2/ds27_pangaea_ferrybox/DS27_PANGAEA_20260809T113713Z/manifest.csv",FALSE,TRUE,"traceable"
"stage2","raw_evidence","data/raw/stage2/ds27_pangaea_ferrybox/DS27_PANGAEA_20260809T113713Z/HZG-Ferrybox_Harw-CuxNR5797.nc","scripts/00_downloads/stage2/20_acquire_ds27_pangaea_ferrybox.R","",TRUE,263980,"8f76fe95439f20d59e3ffc37012f2cc8f6b13fcecd55487b7fddf1e66484a28f","data/raw/stage2/ds27_pangaea_ferrybox/DS27_PANGAEA_20260809T113713Z/manifest.csv",FALSE,TRUE,"traceable"
"stage2","raw_evidence","data/raw/stage2/ds27_pangaea_ferrybox/DS27_PANGAEA_20260809T113713Z/HZG-Ferrybox_Harw-CuxNR58.nc","scripts/00_downloads/stage2/20_acquire_ds27_pangaea_ferrybox.R","",TRUE,247744,"29c6d1394fb954293196c90491dc7306d2e6b69d649fa4826850f1f482930f17","data/raw/stage2/ds27_pangaea_ferrybox/DS27_PANGAEA_20260809T113713Z/manifest.csv",FALSE,TRUE,"traceable"
"stage2","raw_evidence","data/raw/stage2/ds27_pangaea_ferrybox/DS27_PANGAEA_20260809T113713Z/HZG-Ferrybox_Harw-CuxNR5877.nc","scripts/00_downloads/stage2/20_acquire_ds27_pangaea_ferrybox.R","",TRUE,267132,"c23e96330f24c71f1176bbc7ca70875c461e22f88a95dedb10bb4e16347d0f98","data/raw/stage2/ds27_pangaea_ferrybox/DS27_PANGAEA_20260809T113713Z/manifest.csv",FALSE,TRUE,"traceable"
"stage2","raw_evidence","data/raw/stage2/ds27_pangaea_ferrybox/DS27_PANGAEA_20260809T113713Z/HZG-Ferrybox_Harw-CuxNR5897.nc","scripts/00_downloads/stage2/20_acquire_ds27_pangaea_ferrybox.R","",TRUE,265584,"a5bcbe7b149b89069f6fcd86671520ef7282f556a65ccf1e529af506792d53e3","data/raw/stage2/ds27_pangaea_ferrybox/DS27_PANGAEA_20260809T113713Z/manifest.csv",FALSE,TRUE,"traceable"
"stage2","raw_evidence","data/raw/stage2/ds27_pangaea_ferrybox/DS27_PANGAEA_20260809T113713Z/HZG-Ferrybox_Harw-CuxNR5937.nc","scripts/00_downloads/stage2/20_acquire_ds27_pangaea_ferrybox.R","",TRUE,266844,"1dfa452b73987daba04504d79964b6a487603f49d85928299b72ed0a553b2767","data/raw/stage2/ds27_pangaea_ferrybox/DS27_PANGAEA_20260809T113713Z/manifest.csv",FALSE,TRUE,"traceable"
"stage2","raw_evidence","data/raw/stage2/ds27_pangaea_ferrybox/DS27_PANGAEA_20260809T113713Z/HZG-Ferrybox_Harw-CuxNR5977.nc","scripts/00_downloads/stage2/20_acquire_ds27_pangaea_ferrybox.R","",TRUE,260828,"89166dee96e0b944bf8ea6f7e9eefed34bcaad4555ad635e484714933cba7a5e","data/raw/stage2/ds27_pangaea_ferrybox/DS27_PANGAEA_20260809T113713Z/manifest.csv",FALSE,TRUE,"traceable"
"stage2","raw_evidence","data/raw/stage2/ds27_pangaea_ferrybox/DS27_PANGAEA_20260809T113713Z/HZG-Ferrybox_Harw-CuxNR60.nc","scripts/00_downloads/stage2/20_acquire_ds27_pangaea_ferrybox.R","",TRUE,255488,"cf53fadf6047aa75699ce5e73718b6073ba70f52152aa708f58d7059be0b1639","data/raw/stage2/ds27_pangaea_ferrybox/DS27_PANGAEA_20260809T113713Z/manifest.csv",FALSE,TRUE,"traceable"
"stage2","raw_evidence","data/raw/stage2/ds27_pangaea_ferrybox/DS27_PANGAEA_20260809T113713Z/HZG-Ferrybox_Harw-CuxNR6017.nc","scripts/00_downloads/stage2/20_acquire_ds27_pangaea_ferrybox.R","",TRUE,261592,"3fcf8755ef0559cee1d2a984a48328a9fc28f8332a7613b0c622bf2e4b4ea803","data/raw/stage2/ds27_pangaea_ferrybox/DS27_PANGAEA_20260809T113713Z/manifest.csv",FALSE,TRUE,"traceable"
"stage2","raw_evidence","data/raw/stage2/ds27_pangaea_ferrybox/DS27_PANGAEA_20260809T113713Z/HZG-Ferrybox_Harw-CuxNR6057.nc","scripts/00_downloads/stage2/20_acquire_ds27_pangaea_ferrybox.R","",TRUE,268408,"d06098a832bf997695c78179fd2f5b8daabadf414500a8eeb29170ab275b3c18","data/raw/stage2/ds27_pangaea_ferrybox/DS27_PANGAEA_20260809T113713Z/manifest.csv",FALSE,TRUE,"traceable"
"stage2","raw_evidence","data/raw/stage2/ds27_pangaea_ferrybox/DS27_PANGAEA_20260809T113713Z/HZG-Ferrybox_Harw-CuxNR617.nc","scripts/00_downloads/stage2/20_acquire_ds27_pangaea_ferrybox.R","",TRUE,257224,"89881d0e627c066f6a2aae6813f51590d92ccd9e7570e04d192d3452c6f728d2","data/raw/stage2/ds27_pangaea_ferrybox/DS27_PANGAEA_20260809T113713Z/manifest.csv",FALSE,TRUE,"traceable"
"stage2","raw_evidence","data/raw/stage2/ds27_pangaea_ferrybox/DS27_PANGAEA_20260809T113713Z/HZG-Ferrybox_Harw-CuxNR6197.nc","scripts/00_downloads/stage2/20_acquire_ds27_pangaea_ferrybox.R","",TRUE,257880,"88322ab26e7828128870dbf3ff536c76550a1b3e44e8d845ab6206f89502fd43","data/raw/stage2/ds27_pangaea_ferrybox/DS27_PANGAEA_20260809T113713Z/manifest.csv",FALSE,TRUE,"traceable"
"stage2","raw_evidence","data/raw/stage2/ds27_pangaea_ferrybox/DS27_PANGAEA_20260809T113713Z/HZG-Ferrybox_Harw-CuxNR62.nc","scripts/00_downloads/stage2/20_acquire_ds27_pangaea_ferrybox.R","",TRUE,256564,"d8a00834b2b620726c3f9bb16bea1da6b8bf8e8f68f53139882ba82a92d17893","data/raw/stage2/ds27_pangaea_ferrybox/DS27_PANGAEA_20260809T113713Z/manifest.csv",FALSE,TRUE,"traceable"
"stage2","raw_evidence","data/raw/stage2/ds27_pangaea_ferrybox/DS27_PANGAEA_20260809T113713Z/HZG-Ferrybox_Harw-CuxNR6237.nc","scripts/00_downloads/stage2/20_acquire_ds27_pangaea_ferrybox.R","",TRUE,263816,"28ebe238124a1fdf9e82daf097e2cc643bc6bda69672001943031e15049235df","data/raw/stage2/ds27_pangaea_ferrybox/DS27_PANGAEA_20260809T113713Z/manifest.csv",FALSE,TRUE,"traceable"
"stage2","raw_evidence","data/raw/stage2/ds27_pangaea_ferrybox/DS27_PANGAEA_20260809T113713Z/HZG-Ferrybox_Harw-CuxNR6277.nc","scripts/00_downloads/stage2/20_acquire_ds27_pangaea_ferrybox.R","",TRUE,263784,"0b023871f90165026e2931e1d23a6c7fab46850098ff6e5e20f1f74c1e61877e","data/raw/stage2/ds27_pangaea_ferrybox/DS27_PANGAEA_20260809T113713Z/manifest.csv",FALSE,TRUE,"traceable"
"stage2","raw_evidence","data/raw/stage2/ds27_pangaea_ferrybox/DS27_PANGAEA_20260809T113713Z/HZG-Ferrybox_Harw-CuxNR6317.nc","scripts/00_downloads/stage2/20_acquire_ds27_pangaea_ferrybox.R","",TRUE,262736,"fd2a24700a322d1f9f81612766feb2995a2436d96789920c67b009b47c90a871","data/raw/stage2/ds27_pangaea_ferrybox/DS27_PANGAEA_20260809T113713Z/manifest.csv",FALSE,TRUE,"traceable"
"stage2","raw_evidence","data/raw/stage2/ds27_pangaea_ferrybox/DS27_PANGAEA_20260809T113713Z/HZG-Ferrybox_Harw-CuxNR6357.nc","scripts/00_downloads/stage2/20_acquire_ds27_pangaea_ferrybox.R","",TRUE,264876,"26afd1ea1913044f8851a5e088b5fb6d35ec0b81ae02fedf4766a403515331bc","data/raw/stage2/ds27_pangaea_ferrybox/DS27_PANGAEA_20260809T113713Z/manifest.csv",FALSE,TRUE,"traceable"
"stage2","raw_evidence","data/raw/stage2/ds27_pangaea_ferrybox/DS27_PANGAEA_20260809T113713Z/HZG-Ferrybox_Harw-CuxNR6397.nc","scripts/00_downloads/stage2/20_acquire_ds27_pangaea_ferrybox.R","",TRUE,265424,"29eba2949de62d146f498913545c047146154fce7e0aef227b5a5678623eaf36","data/raw/stage2/ds27_pangaea_ferrybox/DS27_PANGAEA_20260809T113713Z/manifest.csv",FALSE,TRUE,"traceable"
"stage2","raw_evidence","data/raw/stage2/ds27_pangaea_ferrybox/DS27_PANGAEA_20260809T113713Z/HZG-Ferrybox_Harw-CuxNR64.nc","scripts/00_downloads/stage2/20_acquire_ds27_pangaea_ferrybox.R","",TRUE,251188,"3dafbe4970f6f186049b70a12fe7c796b7002de3df36e90169a9c6edd363b130","data/raw/stage2/ds27_pangaea_ferrybox/DS27_PANGAEA_20260809T113713Z/manifest.csv",FALSE,TRUE,"traceable"
"stage2","raw_evidence","data/raw/stage2/ds27_pangaea_ferrybox/DS27_PANGAEA_20260809T113713Z/HZG-Ferrybox_Harw-CuxNR6417.nc","scripts/00_downloads/stage2/20_acquire_ds27_pangaea_ferrybox.R","",TRUE,266080,"65b9f435fc6d57d78f301bf9c4464aa3be8a09e1955c2649d775adaef8b95043","data/raw/stage2/ds27_pangaea_ferrybox/DS27_PANGAEA_20260809T113713Z/manifest.csv",FALSE,TRUE,"traceable"
"stage2","raw_evidence","data/raw/stage2/ds27_pangaea_ferrybox/DS27_PANGAEA_20260809T113713Z/HZG-Ferrybox_Harw-CuxNR6458.nc","scripts/00_downloads/stage2/20_acquire_ds27_pangaea_ferrybox.R","",TRUE,266808,"7d6951daef4067249b4899e9c15ad9da57961dd457e9ca1dd0df2834bcd7e119","data/raw/stage2/ds27_pangaea_ferrybox/DS27_PANGAEA_20260809T113713Z/manifest.csv",FALSE,TRUE,"traceable"
"stage2","raw_evidence","data/raw/stage2/ds27_pangaea_ferrybox/DS27_PANGAEA_20260809T113713Z/HZG-Ferrybox_Harw-CuxNR6517.nc","scripts/00_downloads/stage2/20_acquire_ds27_pangaea_ferrybox.R","",TRUE,266404,"aa26ef9664eaca56d3f21b5f1a988755d1c938bc86977e98bd6080682734e247","data/raw/stage2/ds27_pangaea_ferrybox/DS27_PANGAEA_20260809T113713Z/manifest.csv",FALSE,TRUE,"traceable"
"stage2","raw_evidence","data/raw/stage2/ds27_pangaea_ferrybox/DS27_PANGAEA_20260809T113713Z/HZG-Ferrybox_Harw-CuxNR6557.nc","scripts/00_downloads/stage2/20_acquire_ds27_pangaea_ferrybox.R","",TRUE,265784,"88d03ef2027df3252f619c614a534ef03caef93c5116e63ec9efe7208d3b46f1","data/raw/stage2/ds27_pangaea_ferrybox/DS27_PANGAEA_20260809T113713Z/manifest.csv",FALSE,TRUE,"traceable"
"stage2","raw_evidence","data/raw/stage2/ds27_pangaea_ferrybox/DS27_PANGAEA_20260809T113713Z/HZG-Ferrybox_Harw-CuxNR657.nc","scripts/00_downloads/stage2/20_acquire_ds27_pangaea_ferrybox.R","",TRUE,251428,"0ecfca8d317ecada47c6277bee8b1c2a3bb2371b592803537e856d3d35f3e557","data/raw/stage2/ds27_pangaea_ferrybox/DS27_PANGAEA_20260809T113713Z/manifest.csv",FALSE,TRUE,"traceable"
"stage2","raw_evidence","data/raw/stage2/ds27_pangaea_ferrybox/DS27_PANGAEA_20260809T113713Z/HZG-Ferrybox_Harw-CuxNR6597.nc","scripts/00_downloads/stage2/20_acquire_ds27_pangaea_ferrybox.R","",TRUE,264440,"80b7b91990aa46206564cd9c6d8183d576a8cdae90ed872254b771f51193c674","data/raw/stage2/ds27_pangaea_ferrybox/DS27_PANGAEA_20260809T113713Z/manifest.csv",FALSE,TRUE,"traceable"
"stage2","raw_evidence","data/raw/stage2/ds27_pangaea_ferrybox/DS27_PANGAEA_20260809T113713Z/HZG-Ferrybox_Harw-CuxNR6637.nc","scripts/00_downloads/stage2/20_acquire_ds27_pangaea_ferrybox.R","",TRUE,262088,"9086f7dff100191a2efe375c039ca0a01c7248973a4b3c1a9abb32c8262089f5","data/raw/stage2/ds27_pangaea_ferrybox/DS27_PANGAEA_20260809T113713Z/manifest.csv",FALSE,TRUE,"traceable"
"stage2","raw_evidence","data/raw/stage2/ds27_pangaea_ferrybox/DS27_PANGAEA_20260809T113713Z/HZG-Ferrybox_Harw-CuxNR6677.nc","scripts/00_downloads/stage2/20_acquire_ds27_pangaea_ferrybox.R","",TRUE,264312,"ae4d5eb696d397bc37284da6d3f5008a2995b73e3cfed4e69d70cd2a4a82cd76","data/raw/stage2/ds27_pangaea_ferrybox/DS27_PANGAEA_20260809T113713Z/manifest.csv",FALSE,TRUE,"traceable"
"stage2","raw_evidence","data/raw/stage2/ds27_pangaea_ferrybox/DS27_PANGAEA_20260809T113713Z/HZG-Ferrybox_Harw-CuxNR6737.nc","scripts/00_downloads/stage2/20_acquire_ds27_pangaea_ferrybox.R","",TRUE,157784,"2ce81b79aa82cc7f19f63dcd88abe3d6b2efc0ed31bafbeed5473f532a410cba","data/raw/stage2/ds27_pangaea_ferrybox/DS27_PANGAEA_20260809T113713Z/manifest.csv",FALSE,TRUE,"traceable"
"stage2","raw_evidence","data/raw/stage2/ds27_pangaea_ferrybox/DS27_PANGAEA_20260809T113713Z/HZG-Ferrybox_Harw-CuxNR6757.nc","scripts/00_downloads/stage2/20_acquire_ds27_pangaea_ferrybox.R","",TRUE,264876,"e34f06cd44cc6e31bd8ed5e6e8960a189402abd7f0da7ab1457e15c4772a5c9c","data/raw/stage2/ds27_pangaea_ferrybox/DS27_PANGAEA_20260809T113713Z/manifest.csv",FALSE,TRUE,"traceable"
"stage2","raw_evidence","data/raw/stage2/ds27_pangaea_ferrybox/DS27_PANGAEA_20260809T113713Z/HZG-Ferrybox_Harw-CuxNR6797.nc","scripts/00_downloads/stage2/20_acquire_ds27_pangaea_ferrybox.R","",TRUE,265752,"cd5b77374d0499523b1eab73ce83dab0862104b1fea66cd106f826cf4898c69c","data/raw/stage2/ds27_pangaea_ferrybox/DS27_PANGAEA_20260809T113713Z/manifest.csv",FALSE,TRUE,"traceable"
"stage2","raw_evidence","data/raw/stage2/ds27_pangaea_ferrybox/DS27_PANGAEA_20260809T113713Z/HZG-Ferrybox_Harw-CuxNR6837.nc","scripts/00_downloads/stage2/20_acquire_ds27_pangaea_ferrybox.R","",TRUE,269304,"64fb96b501d91bf0ee5f4e865a4ebd4ead9cbb5289d4dc5728eacca95afb17ca","data/raw/stage2/ds27_pangaea_ferrybox/DS27_PANGAEA_20260809T113713Z/manifest.csv",FALSE,TRUE,"traceable"
"stage2","raw_evidence","data/raw/stage2/ds27_pangaea_ferrybox/DS27_PANGAEA_20260809T113713Z/HZG-Ferrybox_Harw-CuxNR6877.nc","scripts/00_downloads/stage2/20_acquire_ds27_pangaea_ferrybox.R","",TRUE,267828,"a7368eb867c2237cdc6383d727f836f04c276dfecdbc4173a4ffd83cdb98d794","data/raw/stage2/ds27_pangaea_ferrybox/DS27_PANGAEA_20260809T113713Z/manifest.csv",FALSE,TRUE,"traceable"
"stage2","raw_evidence","data/raw/stage2/ds27_pangaea_ferrybox/DS27_PANGAEA_20260809T113713Z/HZG-Ferrybox_Harw-CuxNR6957.nc","scripts/00_downloads/stage2/20_acquire_ds27_pangaea_ferrybox.R","",TRUE,261812,"1b064a4bec3b7ca966c12f32952c0f8730abbbf87eee05a8e1d3bd25d67e4bc6","data/raw/stage2/ds27_pangaea_ferrybox/DS27_PANGAEA_20260809T113713Z/manifest.csv",FALSE,TRUE,"traceable"
"stage2","raw_evidence","data/raw/stage2/ds27_pangaea_ferrybox/DS27_PANGAEA_20260809T113713Z/HZG-Ferrybox_Harw-CuxNR697.nc","scripts/00_downloads/stage2/20_acquire_ds27_pangaea_ferrybox.R","",TRUE,252796,"a89a9d729e7a68c7ca476c508cf1d1e451a8d066de327145d44d371495b4bee9","data/raw/stage2/ds27_pangaea_ferrybox/DS27_PANGAEA_20260809T113713Z/manifest.csv",FALSE,TRUE,"traceable"
"stage2","raw_evidence","data/raw/stage2/ds27_pangaea_ferrybox/DS27_PANGAEA_20260809T113713Z/HZG-Ferrybox_Harw-CuxNR7.nc","scripts/00_downloads/stage2/20_acquire_ds27_pangaea_ferrybox.R","",TRUE,230756,"34f5c1e13ba681a59f43b3de8e7cda21c74e42b614a4eeadf96789dc9d8fd6b2","data/raw/stage2/ds27_pangaea_ferrybox/DS27_PANGAEA_20260809T113713Z/manifest.csv",FALSE,TRUE,"traceable"
"stage2","raw_evidence","data/raw/stage2/ds27_pangaea_ferrybox/DS27_PANGAEA_20260809T113713Z/HZG-Ferrybox_Harw-CuxNR7037.nc","scripts/00_downloads/stage2/20_acquire_ds27_pangaea_ferrybox.R","",TRUE,264472,"df8e3f04edf9c55489735ec88e4fa5a29b6dc7cb782dcaa837f1d8e9738d239e","data/raw/stage2/ds27_pangaea_ferrybox/DS27_PANGAEA_20260809T113713Z/manifest.csv",FALSE,TRUE,"traceable"
"stage2","raw_evidence","data/raw/stage2/ds27_pangaea_ferrybox/DS27_PANGAEA_20260809T113713Z/HZG-Ferrybox_Harw-CuxNR7077.nc","scripts/00_downloads/stage2/20_acquire_ds27_pangaea_ferrybox.R","",TRUE,265360,"6c77da87d66bffce9ff54c7db143f8846ee7d8bd5ae48e1f47577dd8e0e5e288","data/raw/stage2/ds27_pangaea_ferrybox/DS27_PANGAEA_20260809T113713Z/manifest.csv",FALSE,TRUE,"traceable"
"stage2","raw_evidence","data/raw/stage2/ds27_pangaea_ferrybox/DS27_PANGAEA_20260809T113713Z/HZG-Ferrybox_Harw-CuxNR71.nc","scripts/00_downloads/stage2/20_acquire_ds27_pangaea_ferrybox.R","",TRUE,245812,"982b0b9f02e5edab58a1fdafb03e0081690560803fdd98cb1a1d91082b00631c","data/raw/stage2/ds27_pangaea_ferrybox/DS27_PANGAEA_20260809T113713Z/manifest.csv",FALSE,TRUE,"traceable"
"stage2","raw_evidence","data/raw/stage2/ds27_pangaea_ferrybox/DS27_PANGAEA_20260809T113713Z/HZG-Ferrybox_Harw-CuxNR7117.nc","scripts/00_downloads/stage2/20_acquire_ds27_pangaea_ferrybox.R","",TRUE,264544,"eafa41e82ce1040de8b78aed4102676bb66aea100b686ec7ffa74a7e9c82fac9","data/raw/stage2/ds27_pangaea_ferrybox/DS27_PANGAEA_20260809T113713Z/manifest.csv",FALSE,TRUE,"traceable"
"stage2","raw_evidence","data/raw/stage2/ds27_pangaea_ferrybox/DS27_PANGAEA_20260809T113713Z/HZG-Ferrybox_Harw-CuxNR7137.nc","scripts/00_downloads/stage2/20_acquire_ds27_pangaea_ferrybox.R","",TRUE,264764,"2d7ec56a010ead0c727d400f5305c0c42ded61ce2826acadb8825d2127a4a2e0","data/raw/stage2/ds27_pangaea_ferrybox/DS27_PANGAEA_20260809T113713Z/manifest.csv",FALSE,TRUE,"traceable"
"stage2","raw_evidence","data/raw/stage2/ds27_pangaea_ferrybox/DS27_PANGAEA_20260809T113713Z/HZG-Ferrybox_Harw-CuxNR7177.nc","scripts/00_downloads/stage2/20_acquire_ds27_pangaea_ferrybox.R","",TRUE,266076,"8e6ed6b9cf370db4ab0c7bffb5baada25d307ce37d1273cc227d04e6c369a877","data/raw/stage2/ds27_pangaea_ferrybox/DS27_PANGAEA_20260809T113713Z/manifest.csv",FALSE,TRUE,"traceable"
"stage2","raw_evidence","data/raw/stage2/ds27_pangaea_ferrybox/DS27_PANGAEA_20260809T113713Z/HZG-Ferrybox_Harw-CuxNR7217.nc","scripts/00_downloads/stage2/20_acquire_ds27_pangaea_ferrybox.R","",TRUE,183584,"53b730dc6dde913a5258c78570ff87c1f564474ec41430d7d6a012d93ff9edcc","data/raw/stage2/ds27_pangaea_ferrybox/DS27_PANGAEA_20260809T113713Z/manifest.csv",FALSE,TRUE,"traceable"
"stage2","raw_evidence","data/raw/stage2/ds27_pangaea_ferrybox/DS27_PANGAEA_20260809T113713Z/HZG-Ferrybox_Harw-CuxNR7237.nc","scripts/00_downloads/stage2/20_acquire_ds27_pangaea_ferrybox.R","",TRUE,265820,"4eb083b652a970ef915658c49456c197bd077c1678d918eccb936e74e96aa4d1","data/raw/stage2/ds27_pangaea_ferrybox/DS27_PANGAEA_20260809T113713Z/manifest.csv",FALSE,TRUE,"traceable"
"stage2","raw_evidence","data/raw/stage2/ds27_pangaea_ferrybox/DS27_PANGAEA_20260809T113713Z/HZG-Ferrybox_Harw-CuxNR7277.nc","scripts/00_downloads/stage2/20_acquire_ds27_pangaea_ferrybox.R","",TRUE,265692,"505d3585b5b68db6256d92b23dc4fdd5f6b663ede3f3f0e9c833b187ec3e0121","data/raw/stage2/ds27_pangaea_ferrybox/DS27_PANGAEA_20260809T113713Z/manifest.csv",FALSE,TRUE,"traceable"
"stage2","raw_evidence","data/raw/stage2/ds27_pangaea_ferrybox/DS27_PANGAEA_20260809T113713Z/HZG-Ferrybox_Harw-CuxNR7278.nc","scripts/00_downloads/stage2/20_acquire_ds27_pangaea_ferrybox.R","",TRUE,267064,"b151c18811037ddd599a697b697d80ba8e3dad4f3c0468828fb05dcd73d0a19d","data/raw/stage2/ds27_pangaea_ferrybox/DS27_PANGAEA_20260809T113713Z/manifest.csv",FALSE,TRUE,"traceable"
"stage2","raw_evidence","data/raw/stage2/ds27_pangaea_ferrybox/DS27_PANGAEA_20260809T113713Z/HZG-Ferrybox_Harw-CuxNR7298.nc","scripts/00_downloads/stage2/20_acquire_ds27_pangaea_ferrybox.R","",TRUE,268412,"49663f2e4b6fb708a57bebb2486626f804b4fc54a18e4801beeaa59f0c41ebcb","data/raw/stage2/ds27_pangaea_ferrybox/DS27_PANGAEA_20260809T113713Z/manifest.csv",FALSE,TRUE,"traceable"
"stage2","raw_evidence","data/raw/stage2/ds27_pangaea_ferrybox/DS27_PANGAEA_20260809T113713Z/HZG-Ferrybox_Harw-CuxNR73.nc","scripts/00_downloads/stage2/20_acquire_ds27_pangaea_ferrybox.R","",TRUE,256600,"827e8f132404518d0c5e2639f85745016ba6eb51ea943fc44f37356089f5b061","data/raw/stage2/ds27_pangaea_ferrybox/DS27_PANGAEA_20260809T113713Z/manifest.csv",FALSE,TRUE,"traceable"
"stage2","raw_evidence","data/raw/stage2/ds27_pangaea_ferrybox/DS27_PANGAEA_20260809T113713Z/HZG-Ferrybox_Harw-CuxNR7378.nc","scripts/00_downloads/stage2/20_acquire_ds27_pangaea_ferrybox.R","",TRUE,264472,"296d37a9f04b4473a9a17474e23e7964bc07da7c1c346ae161a30588feaf123a","data/raw/stage2/ds27_pangaea_ferrybox/DS27_PANGAEA_20260809T113713Z/manifest.csv",FALSE,TRUE,"traceable"
"stage2","raw_evidence","data/raw/stage2/ds27_pangaea_ferrybox/DS27_PANGAEA_20260809T113713Z/HZG-Ferrybox_Harw-CuxNR7418.nc","scripts/00_downloads/stage2/20_acquire_ds27_pangaea_ferrybox.R","",TRUE,258116,"018323e68ea9ce47ac364cf6689088c71607d9092e58f9d4b80be3a3edef0fdd","data/raw/stage2/ds27_pangaea_ferrybox/DS27_PANGAEA_20260809T113713Z/manifest.csv",FALSE,TRUE,"traceable"
"stage2","raw_evidence","data/raw/stage2/ds27_pangaea_ferrybox/DS27_PANGAEA_20260809T113713Z/HZG-Ferrybox_Harw-CuxNR7458.nc","scripts/00_downloads/stage2/20_acquire_ds27_pangaea_ferrybox.R","",TRUE,264548,"92bd1f9c3ad937fe4c86b83b4a24816a20571c57c7483394f53d7fe75cf206df","data/raw/stage2/ds27_pangaea_ferrybox/DS27_PANGAEA_20260809T113713Z/manifest.csv",FALSE,TRUE,"traceable"
"stage2","raw_evidence","data/raw/stage2/ds27_pangaea_ferrybox/DS27_PANGAEA_20260809T113713Z/HZG-Ferrybox_Harw-CuxNR7498.nc","scripts/00_downloads/stage2/20_acquire_ds27_pangaea_ferrybox.R","",TRUE,269032,"47af454be28817c1b63b1b0ecf69f06732702a28be0d9749bb35fbdd5c55c0f0","data/raw/stage2/ds27_pangaea_ferrybox/DS27_PANGAEA_20260809T113713Z/manifest.csv",FALSE,TRUE,"traceable"
"stage2","raw_evidence","data/raw/stage2/ds27_pangaea_ferrybox/DS27_PANGAEA_20260809T113713Z/HZG-Ferrybox_Harw-CuxNR75.nc","scripts/00_downloads/stage2/20_acquire_ds27_pangaea_ferrybox.R","",TRUE,254172,"7da3198bbdfca01b741cbb587e3db43123f61135b06df023b1795b8be1551a96","data/raw/stage2/ds27_pangaea_ferrybox/DS27_PANGAEA_20260809T113713Z/manifest.csv",FALSE,TRUE,"traceable"
"stage2","raw_evidence","data/raw/stage2/ds27_pangaea_ferrybox/DS27_PANGAEA_20260809T113713Z/HZG-Ferrybox_Harw-CuxNR7538.nc","scripts/00_downloads/stage2/20_acquire_ds27_pangaea_ferrybox.R","",TRUE,265420,"6232ccb8161e46d99411ba79c7b22c0f2c792e7960daaf49c4bcb9bf2b2904b2","data/raw/stage2/ds27_pangaea_ferrybox/DS27_PANGAEA_20260809T113713Z/manifest.csv",FALSE,TRUE,"traceable"
"stage2","raw_evidence","data/raw/stage2/ds27_pangaea_ferrybox/DS27_PANGAEA_20260809T113713Z/HZG-Ferrybox_Harw-CuxNR7678.nc","scripts/00_downloads/stage2/20_acquire_ds27_pangaea_ferrybox.R","",TRUE,262964,"345888017c1888674cefa9b7beeeb7b9fcd27bed0cca202a314ebf3c47e31a73","data/raw/stage2/ds27_pangaea_ferrybox/DS27_PANGAEA_20260809T113713Z/manifest.csv",FALSE,TRUE,"traceable"
"stage2","raw_evidence","data/raw/stage2/ds27_pangaea_ferrybox/DS27_PANGAEA_20260809T113713Z/HZG-Ferrybox_Harw-CuxNR7698.nc","scripts/00_downloads/stage2/20_acquire_ds27_pangaea_ferrybox.R","",TRUE,262632,"70849249fff3db87ae47bc07fd17688fa605181b6bc9372c28d74a19eb39723b","data/raw/stage2/ds27_pangaea_ferrybox/DS27_PANGAEA_20260809T113713Z/manifest.csv",FALSE,TRUE,"traceable"
"stage2","raw_evidence","data/raw/stage2/ds27_pangaea_ferrybox/DS27_PANGAEA_20260809T113713Z/HZG-Ferrybox_Harw-CuxNR77.nc","scripts/00_downloads/stage2/20_acquire_ds27_pangaea_ferrybox.R","",TRUE,255448,"4e1177c032eebf2cd22f5f1d4dce2e84d6c0cb525a67f686fef20196026f742e","data/raw/stage2/ds27_pangaea_ferrybox/DS27_PANGAEA_20260809T113713Z/manifest.csv",FALSE,TRUE,"traceable"
"stage2","raw_evidence","data/raw/stage2/ds27_pangaea_ferrybox/DS27_PANGAEA_20260809T113713Z/HZG-Ferrybox_Harw-CuxNR7778.nc","scripts/00_downloads/stage2/20_acquire_ds27_pangaea_ferrybox.R","",TRUE,263524,"a9f162da82a828d6f55859f345212a332d1282bac5a6ed50d92a9d92b00197c9","data/raw/stage2/ds27_pangaea_ferrybox/DS27_PANGAEA_20260809T113713Z/manifest.csv",FALSE,TRUE,"traceable"
"stage2","raw_evidence","data/raw/stage2/ds27_pangaea_ferrybox/DS27_PANGAEA_20260809T113713Z/HZG-Ferrybox_Harw-CuxNR7818.nc","scripts/00_downloads/stage2/20_acquire_ds27_pangaea_ferrybox.R","",TRUE,264108,"758d066d318261c2df18a2065689820dca1254781a930e95b489c1b8c07bed68","data/raw/stage2/ds27_pangaea_ferrybox/DS27_PANGAEA_20260809T113713Z/manifest.csv",FALSE,TRUE,"traceable"
"stage2","raw_evidence","data/raw/stage2/ds27_pangaea_ferrybox/DS27_PANGAEA_20260809T113713Z/HZG-Ferrybox_Harw-CuxNR79.nc","scripts/00_downloads/stage2/20_acquire_ds27_pangaea_ferrybox.R","",TRUE,249616,"0b0b9a99ed9957c60d47f72fa53652e91199d2a91851441a646f810a02f7d926","data/raw/stage2/ds27_pangaea_ferrybox/DS27_PANGAEA_20260809T113713Z/manifest.csv",FALSE,TRUE,"traceable"
"stage2","raw_evidence","data/raw/stage2/ds27_pangaea_ferrybox/DS27_PANGAEA_20260809T113713Z/HZG-Ferrybox_Harw-CuxNR7918.nc","scripts/00_downloads/stage2/20_acquire_ds27_pangaea_ferrybox.R","",TRUE,247220,"9885352d5cc4f2969f3d53728af7a544f7c871cd3a2128cb80d62ebaa7772676","data/raw/stage2/ds27_pangaea_ferrybox/DS27_PANGAEA_20260809T113713Z/manifest.csv",FALSE,TRUE,"traceable"
"stage2","raw_evidence","data/raw/stage2/ds27_pangaea_ferrybox/DS27_PANGAEA_20260809T113713Z/HZG-Ferrybox_Harw-CuxNR797.nc","scripts/00_downloads/stage2/20_acquire_ds27_pangaea_ferrybox.R","",TRUE,264384,"0edfb228753700f2a89bf7e462add7c652550707922b5bb00bdb462a592a8daf","data/raw/stage2/ds27_pangaea_ferrybox/DS27_PANGAEA_20260809T113713Z/manifest.csv",FALSE,TRUE,"traceable"
"stage2","raw_evidence","data/raw/stage2/ds27_pangaea_ferrybox/DS27_PANGAEA_20260809T113713Z/HZG-Ferrybox_Harw-CuxNR7979.nc","scripts/00_downloads/stage2/20_acquire_ds27_pangaea_ferrybox.R","",TRUE,261980,"c35ea464258e920b1bcbea7acb698ff80c8680dbf36bda38c3fec41e6f95446c","data/raw/stage2/ds27_pangaea_ferrybox/DS27_PANGAEA_20260809T113713Z/manifest.csv",FALSE,TRUE,"traceable"
"stage2","raw_evidence","data/raw/stage2/ds27_pangaea_ferrybox/DS27_PANGAEA_20260809T113713Z/HZG-Ferrybox_Harw-CuxNR7981.nc","scripts/00_downloads/stage2/20_acquire_ds27_pangaea_ferrybox.R","",TRUE,263160,"9281a2bd646451fb8221790848ab632eb4dbdde347f9c113edcad2efa0806463","data/raw/stage2/ds27_pangaea_ferrybox/DS27_PANGAEA_20260809T113713Z/manifest.csv",FALSE,TRUE,"traceable"
"stage2","raw_evidence","data/raw/stage2/ds27_pangaea_ferrybox/DS27_PANGAEA_20260809T113713Z/HZG-Ferrybox_Harw-CuxNR80.nc","scripts/00_downloads/stage2/20_acquire_ds27_pangaea_ferrybox.R","",TRUE,247908,"ee765a4c38222815b21c53efee89d750e14b568a27b2d41328fc633c4b033a32","data/raw/stage2/ds27_pangaea_ferrybox/DS27_PANGAEA_20260809T113713Z/manifest.csv",FALSE,TRUE,"traceable"
"stage2","raw_evidence","data/raw/stage2/ds27_pangaea_ferrybox/DS27_PANGAEA_20260809T113713Z/HZG-Ferrybox_Harw-CuxNR8018.nc","scripts/00_downloads/stage2/20_acquire_ds27_pangaea_ferrybox.R","",TRUE,268048,"503682c20ad273a0d443dd9b9ffdc84aaef53ce0f89e32461123768ae87989b6","data/raw/stage2/ds27_pangaea_ferrybox/DS27_PANGAEA_20260809T113713Z/manifest.csv",FALSE,TRUE,"traceable"
"stage2","raw_evidence","data/raw/stage2/ds27_pangaea_ferrybox/DS27_PANGAEA_20260809T113713Z/HZG-Ferrybox_Harw-CuxNR8038.nc","scripts/00_downloads/stage2/20_acquire_ds27_pangaea_ferrybox.R","",TRUE,238272,"de727ed3c4a3ca87806ceb68b78cdee45ab83d290e64eb8a8d3eb9422c3dc657","data/raw/stage2/ds27_pangaea_ferrybox/DS27_PANGAEA_20260809T113713Z/manifest.csv",FALSE,TRUE,"traceable"
"stage2","raw_evidence","data/raw/stage2/ds27_pangaea_ferrybox/DS27_PANGAEA_20260809T113713Z/HZG-Ferrybox_Harw-CuxNR8118.nc","scripts/00_downloads/stage2/20_acquire_ds27_pangaea_ferrybox.R","",TRUE,240276,"3ac9d7bbe8c75addc2f64b2792f5ab46bfab5b17ff87b6f2d033dcaa63f214f5","data/raw/stage2/ds27_pangaea_ferrybox/DS27_PANGAEA_20260809T113713Z/manifest.csv",FALSE,TRUE,"traceable"
"stage2","raw_evidence","data/raw/stage2/ds27_pangaea_ferrybox/DS27_PANGAEA_20260809T113713Z/HZG-Ferrybox_Harw-CuxNR8178.nc","scripts/00_downloads/stage2/20_acquire_ds27_pangaea_ferrybox.R","",TRUE,239744,"8928bd4db42f7dc8bcfe4b491e0b964a6aea71bed24d84005580ac39f886dd92","data/raw/stage2/ds27_pangaea_ferrybox/DS27_PANGAEA_20260809T113713Z/manifest.csv",FALSE,TRUE,"traceable"
"stage2","raw_evidence","data/raw/stage2/ds27_pangaea_ferrybox/DS27_PANGAEA_20260809T113713Z/HZG-Ferrybox_Harw-CuxNR82.nc","scripts/00_downloads/stage2/20_acquire_ds27_pangaea_ferrybox.R","",TRUE,247120,"db156338ddc2f880c9255f55f7701a80e0272232271b05d580862ac62f0b0433","data/raw/stage2/ds27_pangaea_ferrybox/DS27_PANGAEA_20260809T113713Z/manifest.csv",FALSE,TRUE,"traceable"
"stage2","raw_evidence","data/raw/stage2/ds27_pangaea_ferrybox/DS27_PANGAEA_20260809T113713Z/HZG-Ferrybox_Harw-CuxNR8218.nc","scripts/00_downloads/stage2/20_acquire_ds27_pangaea_ferrybox.R","",TRUE,258896,"cff844e84b2061e3d9d393c13db654bb2bdce198647818f70002fd06b88246a3","data/raw/stage2/ds27_pangaea_ferrybox/DS27_PANGAEA_20260809T113713Z/manifest.csv",FALSE,TRUE,"traceable"
"stage2","raw_evidence","data/raw/stage2/ds27_pangaea_ferrybox/DS27_PANGAEA_20260809T113713Z/HZG-Ferrybox_Harw-CuxNR8258.nc","scripts/00_downloads/stage2/20_acquire_ds27_pangaea_ferrybox.R","",TRUE,243612,"c690ea96dd293bd655ac0d41ae3f6e5fa57d84fe8ea6c1681a742d69f3c5d9d2","data/raw/stage2/ds27_pangaea_ferrybox/DS27_PANGAEA_20260809T113713Z/manifest.csv",FALSE,TRUE,"traceable"
"stage2","raw_evidence","data/raw/stage2/ds27_pangaea_ferrybox/DS27_PANGAEA_20260809T113713Z/HZG-Ferrybox_Harw-CuxNR8298.nc","scripts/00_downloads/stage2/20_acquire_ds27_pangaea_ferrybox.R","",TRUE,235484,"c04967b11e335111b9c6638a49d4ec44eda7165502f625d1998529354b3ef111","data/raw/stage2/ds27_pangaea_ferrybox/DS27_PANGAEA_20260809T113713Z/manifest.csv",FALSE,TRUE,"traceable"
"stage2","raw_evidence","data/raw/stage2/ds27_pangaea_ferrybox/DS27_PANGAEA_20260809T113713Z/HZG-Ferrybox_Harw-CuxNR8338.nc","scripts/00_downloads/stage2/20_acquire_ds27_pangaea_ferrybox.R","",TRUE,235156,"e26cdcd84d1e430b227b45f73ad627d41122863e1de1a1e478720aa52987b598","data/raw/stage2/ds27_pangaea_ferrybox/DS27_PANGAEA_20260809T113713Z/manifest.csv",FALSE,TRUE,"traceable"
"stage2","raw_evidence","data/raw/stage2/ds27_pangaea_ferrybox/DS27_PANGAEA_20260809T113713Z/HZG-Ferrybox_Harw-CuxNR837.nc","scripts/00_downloads/stage2/20_acquire_ds27_pangaea_ferrybox.R","",TRUE,267664,"1c56370e565aa660c01dd71c1a1b889309825b87726b364610a6e93085420c22","data/raw/stage2/ds27_pangaea_ferrybox/DS27_PANGAEA_20260809T113713Z/manifest.csv",FALSE,TRUE,"traceable"
"stage2","raw_evidence","data/raw/stage2/ds27_pangaea_ferrybox/DS27_PANGAEA_20260809T113713Z/HZG-Ferrybox_Harw-CuxNR8398.nc","scripts/00_downloads/stage2/20_acquire_ds27_pangaea_ferrybox.R","",TRUE,134948,"70bf8e5a92679257ef51f61406ce4a02c256659232e01bd5f1fd92e56d4b0f9a","data/raw/stage2/ds27_pangaea_ferrybox/DS27_PANGAEA_20260809T113713Z/manifest.csv",FALSE,TRUE,"traceable"
"stage2","raw_evidence","data/raw/stage2/ds27_pangaea_ferrybox/DS27_PANGAEA_20260809T113713Z/HZG-Ferrybox_Harw-CuxNR8438.nc","scripts/00_downloads/stage2/20_acquire_ds27_pangaea_ferrybox.R","",TRUE,285540,"c9395dca29dca68d1d84c4ca65adabeaef07ff81192feeefade6c3c00daf3471","data/raw/stage2/ds27_pangaea_ferrybox/DS27_PANGAEA_20260809T113713Z/manifest.csv",FALSE,TRUE,"traceable"
"stage2","raw_evidence","data/raw/stage2/ds27_pangaea_ferrybox/DS27_PANGAEA_20260809T113713Z/HZG-Ferrybox_Harw-CuxNR8478.nc","scripts/00_downloads/stage2/20_acquire_ds27_pangaea_ferrybox.R","",TRUE,236468,"4d7400fab25ab47ed6d291675c5cb337becb3d2af6c3178edd3cb3a80b4431ae","data/raw/stage2/ds27_pangaea_ferrybox/DS27_PANGAEA_20260809T113713Z/manifest.csv",FALSE,TRUE,"traceable"
"stage2","raw_evidence","data/raw/stage2/ds27_pangaea_ferrybox/DS27_PANGAEA_20260809T113713Z/HZG-Ferrybox_Harw-CuxNR8518.nc","scripts/00_downloads/stage2/20_acquire_ds27_pangaea_ferrybox.R","",TRUE,238528,"840362ebc4ce46d1028f3cbd6b60b1c22a60c636f756d1e38e977cd8603084a8","data/raw/stage2/ds27_pangaea_ferrybox/DS27_PANGAEA_20260809T113713Z/manifest.csv",FALSE,TRUE,"traceable"
"stage2","raw_evidence","data/raw/stage2/ds27_pangaea_ferrybox/DS27_PANGAEA_20260809T113713Z/HZG-Ferrybox_Harw-CuxNR8598.nc","scripts/00_downloads/stage2/20_acquire_ds27_pangaea_ferrybox.R","",TRUE,181944,"7610769dd3bf7927649afeba7bf08a75f83a72267a003039b7c4871519adc6c4","data/raw/stage2/ds27_pangaea_ferrybox/DS27_PANGAEA_20260809T113713Z/manifest.csv",FALSE,TRUE,"traceable"
"stage2","raw_evidence","data/raw/stage2/ds27_pangaea_ferrybox/DS27_PANGAEA_20260809T113713Z/HZG-Ferrybox_Harw-CuxNR8638.nc","scripts/00_downloads/stage2/20_acquire_ds27_pangaea_ferrybox.R","",TRUE,242372,"c3580cf0bebfa556580f0d03d1500c1fda31b00025e1661ff2d9da5410420e00","data/raw/stage2/ds27_pangaea_ferrybox/DS27_PANGAEA_20260809T113713Z/manifest.csv",FALSE,TRUE,"traceable"
"stage2","raw_evidence","data/raw/stage2/ds27_pangaea_ferrybox/DS27_PANGAEA_20260809T113713Z/HZG-Ferrybox_Harw-CuxNR8678.nc","scripts/00_downloads/stage2/20_acquire_ds27_pangaea_ferrybox.R","",TRUE,242736,"3af75ef3935d89071ab1a0ac634b84e90d75a88133fdc48e53923808f5bbb11f","data/raw/stage2/ds27_pangaea_ferrybox/DS27_PANGAEA_20260809T113713Z/manifest.csv",FALSE,TRUE,"traceable"
"stage2","raw_evidence","data/raw/stage2/ds27_pangaea_ferrybox/DS27_PANGAEA_20260809T113713Z/HZG-Ferrybox_Harw-CuxNR8718.nc","scripts/00_downloads/stage2/20_acquire_ds27_pangaea_ferrybox.R","",TRUE,180836,"b5e93a09cccd4eed3ad2a75e12a9ca97857f6e45bbcab6ae209a6c24fbfe315f","data/raw/stage2/ds27_pangaea_ferrybox/DS27_PANGAEA_20260809T113713Z/manifest.csv",FALSE,TRUE,"traceable"
"stage2","raw_evidence","data/raw/stage2/ds27_pangaea_ferrybox/DS27_PANGAEA_20260809T113713Z/HZG-Ferrybox_Harw-CuxNR8749.nc","scripts/00_downloads/stage2/20_acquire_ds27_pangaea_ferrybox.R","",TRUE,220724,"0106f4df34ff77fe1289f3752e8e169c19de0d7037f0d58f0152ca6acfd5e282","data/raw/stage2/ds27_pangaea_ferrybox/DS27_PANGAEA_20260809T113713Z/manifest.csv",FALSE,TRUE,"traceable"
"stage2","raw_evidence","data/raw/stage2/ds27_pangaea_ferrybox/DS27_PANGAEA_20260809T113713Z/HZG-Ferrybox_Harw-CuxNR8761.nc","scripts/00_downloads/stage2/20_acquire_ds27_pangaea_ferrybox.R","",TRUE,215968,"ba0823043025deb4d2b672560a35f4dbf63c9388a2137a546fe854a0b0469796","data/raw/stage2/ds27_pangaea_ferrybox/DS27_PANGAEA_20260809T113713Z/manifest.csv",FALSE,TRUE,"traceable"
"stage2","raw_evidence","data/raw/stage2/ds27_pangaea_ferrybox/DS27_PANGAEA_20260809T113713Z/HZG-Ferrybox_Harw-CuxNR8773.nc","scripts/00_downloads/stage2/20_acquire_ds27_pangaea_ferrybox.R","",TRUE,220684,"8132107b1897829cb0c1724a286f73017ab82282e2102b7f5d629fd266666904","data/raw/stage2/ds27_pangaea_ferrybox/DS27_PANGAEA_20260809T113713Z/manifest.csv",FALSE,TRUE,"traceable"
"stage2","raw_evidence","data/raw/stage2/ds27_pangaea_ferrybox/DS27_PANGAEA_20260809T113713Z/HZG-Ferrybox_Harw-CuxNR8798.nc","scripts/00_downloads/stage2/20_acquire_ds27_pangaea_ferrybox.R","",TRUE,212524,"a604efb273b381bf147d63d3bad2238774330ea1c6c48f72aeb00127b7bfa4c2","data/raw/stage2/ds27_pangaea_ferrybox/DS27_PANGAEA_20260809T113713Z/manifest.csv",FALSE,TRUE,"traceable"
"stage2","raw_evidence","data/raw/stage2/ds27_pangaea_ferrybox/DS27_PANGAEA_20260809T113713Z/HZG-Ferrybox_Harw-CuxNR88.nc","scripts/00_downloads/stage2/20_acquire_ds27_pangaea_ferrybox.R","",TRUE,254176,"f22c448e02dace0ab98e2e2c7f4478c3019caca687e80a941af521fe4c3482e9","data/raw/stage2/ds27_pangaea_ferrybox/DS27_PANGAEA_20260809T113713Z/manifest.csv",FALSE,TRUE,"traceable"
"stage2","raw_evidence","data/raw/stage2/ds27_pangaea_ferrybox/DS27_PANGAEA_20260809T113713Z/HZG-Ferrybox_Harw-CuxNR8838.nc","scripts/00_downloads/stage2/20_acquire_ds27_pangaea_ferrybox.R","",TRUE,213304,"003fb57a72d99f296b879727e1f1d75d97452736f3e078d3848abb3bbac9e84d","data/raw/stage2/ds27_pangaea_ferrybox/DS27_PANGAEA_20260809T113713Z/manifest.csv",FALSE,TRUE,"traceable"
"stage2","raw_evidence","data/raw/stage2/ds27_pangaea_ferrybox/DS27_PANGAEA_20260809T113713Z/HZG-Ferrybox_Harw-CuxNR8878.nc","scripts/00_downloads/stage2/20_acquire_ds27_pangaea_ferrybox.R","",TRUE,221508,"c6099655e1a0f06f38fa8b8f6c053627e3d8073e38a61f475867df9ea6cdcfa2","data/raw/stage2/ds27_pangaea_ferrybox/DS27_PANGAEA_20260809T113713Z/manifest.csv",FALSE,TRUE,"traceable"
"stage2","raw_evidence","data/raw/stage2/ds27_pangaea_ferrybox/DS27_PANGAEA_20260809T113713Z/HZG-Ferrybox_Harw-CuxNR89.nc","scripts/00_downloads/stage2/20_acquire_ds27_pangaea_ferrybox.R","",TRUE,250004,"72e50091f1d3a217c6ed83d0c5213cde9ba9c46937f72f022c545ce0c3821db3","data/raw/stage2/ds27_pangaea_ferrybox/DS27_PANGAEA_20260809T113713Z/manifest.csv",FALSE,TRUE,"traceable"
"stage2","raw_evidence","data/raw/stage2/ds27_pangaea_ferrybox/DS27_PANGAEA_20260809T113713Z/HZG-Ferrybox_Harw-CuxNR8918.nc","scripts/00_downloads/stage2/20_acquire_ds27_pangaea_ferrybox.R","",TRUE,215348,"6072f1ce18b1faa38d233b6c3087acf93670bad3787492654e50adb26f80b92a","data/raw/stage2/ds27_pangaea_ferrybox/DS27_PANGAEA_20260809T113713Z/manifest.csv",FALSE,TRUE,"traceable"
"stage2","raw_evidence","data/raw/stage2/ds27_pangaea_ferrybox/DS27_PANGAEA_20260809T113713Z/HZG-Ferrybox_Harw-CuxNR8958.nc","scripts/00_downloads/stage2/20_acquire_ds27_pangaea_ferrybox.R","",TRUE,214088,"737d9094f0d49a017966ab6b746446dcdf00c8a310be1af4934eee16d9151be5","data/raw/stage2/ds27_pangaea_ferrybox/DS27_PANGAEA_20260809T113713Z/manifest.csv",FALSE,TRUE,"traceable"
"stage2","raw_evidence","data/raw/stage2/ds27_pangaea_ferrybox/DS27_PANGAEA_20260809T113713Z/HZG-Ferrybox_Harw-CuxNR897.nc","scripts/00_downloads/stage2/20_acquire_ds27_pangaea_ferrybox.R","",TRUE,259920,"690a484e5062c62a98dee90c515ca444e1b0604a8d23f0dbf2329c8d03267a19","data/raw/stage2/ds27_pangaea_ferrybox/DS27_PANGAEA_20260809T113713Z/manifest.csv",FALSE,TRUE,"traceable"
"stage2","raw_evidence","data/raw/stage2/ds27_pangaea_ferrybox/DS27_PANGAEA_20260809T113713Z/HZG-Ferrybox_Harw-CuxNR9.nc","scripts/00_downloads/stage2/20_acquire_ds27_pangaea_ferrybox.R","",TRUE,140196,"952db01a9b51eb4ce9abdfebee96d2b2c54cea4df2441313f3c4e3f613707697","data/raw/stage2/ds27_pangaea_ferrybox/DS27_PANGAEA_20260809T113713Z/manifest.csv",FALSE,TRUE,"traceable"
"stage2","raw_evidence","data/raw/stage2/ds27_pangaea_ferrybox/DS27_PANGAEA_20260809T113713Z/HZG-Ferrybox_Harw-CuxNR9038.nc","scripts/00_downloads/stage2/20_acquire_ds27_pangaea_ferrybox.R","",TRUE,212288,"c5fd77f9638f41a33adc3cce180f259f602d6171a84b71476f0dd1bd03abb533","data/raw/stage2/ds27_pangaea_ferrybox/DS27_PANGAEA_20260809T113713Z/manifest.csv",FALSE,TRUE,"traceable"
"stage2","raw_evidence","data/raw/stage2/ds27_pangaea_ferrybox/DS27_PANGAEA_20260809T113713Z/HZG-Ferrybox_Harw-CuxNR9078.nc","scripts/00_downloads/stage2/20_acquire_ds27_pangaea_ferrybox.R","",TRUE,242572,"fead6bfdf4250e05e8fe1979f6a9ae2d74dd52c98e033ddebe299575a5aab6c4","data/raw/stage2/ds27_pangaea_ferrybox/DS27_PANGAEA_20260809T113713Z/manifest.csv",FALSE,TRUE,"traceable"
"stage2","raw_evidence","data/raw/stage2/ds27_pangaea_ferrybox/DS27_PANGAEA_20260809T113713Z/HZG-Ferrybox_Harw-CuxNR91.nc","scripts/00_downloads/stage2/20_acquire_ds27_pangaea_ferrybox.R","",TRUE,251480,"5aa308d2827de69ab2ab47832eb13160c60febbc76cfd9af24076550d0ba92e0","data/raw/stage2/ds27_pangaea_ferrybox/DS27_PANGAEA_20260809T113713Z/manifest.csv",FALSE,TRUE,"traceable"
"stage2","raw_evidence","data/raw/stage2/ds27_pangaea_ferrybox/DS27_PANGAEA_20260809T113713Z/HZG-Ferrybox_Harw-CuxNR9118.nc","scripts/00_downloads/stage2/20_acquire_ds27_pangaea_ferrybox.R","",TRUE,243720,"f9d17bdf3afc7b619deb5f4e6da711844551875a3e9ac266449eee2bcf95a2b6","data/raw/stage2/ds27_pangaea_ferrybox/DS27_PANGAEA_20260809T113713Z/manifest.csv",FALSE,TRUE,"traceable"
"stage2","raw_evidence","data/raw/stage2/ds27_pangaea_ferrybox/DS27_PANGAEA_20260809T113713Z/HZG-Ferrybox_Harw-CuxNR9158.nc","scripts/00_downloads/stage2/20_acquire_ds27_pangaea_ferrybox.R","",TRUE,236500,"69fc5fb40df08d0d1dbb9667821ddcca43a477493461a70e4e1599313af53102","data/raw/stage2/ds27_pangaea_ferrybox/DS27_PANGAEA_20260809T113713Z/manifest.csv",FALSE,TRUE,"traceable"
"stage2","raw_evidence","data/raw/stage2/ds27_pangaea_ferrybox/DS27_PANGAEA_20260809T113713Z/HZG-Ferrybox_Harw-CuxNR9178.nc","scripts/00_downloads/stage2/20_acquire_ds27_pangaea_ferrybox.R","",TRUE,240532,"9678677fcac4afa86f01c65248faaeb2b5002d18f31e81769553c71370464b4b","data/raw/stage2/ds27_pangaea_ferrybox/DS27_PANGAEA_20260809T113713Z/manifest.csv",FALSE,TRUE,"traceable"
"stage2","raw_evidence","data/raw/stage2/ds27_pangaea_ferrybox/DS27_PANGAEA_20260809T113713Z/HZG-Ferrybox_Harw-CuxNR92.nc","scripts/00_downloads/stage2/20_acquire_ds27_pangaea_ferrybox.R","",TRUE,231544,"e2bef7cf411da4d533eb78a0760f6e72ed871e5ed3eb0df65f95a0da7f1eb99c","data/raw/stage2/ds27_pangaea_ferrybox/DS27_PANGAEA_20260809T113713Z/manifest.csv",FALSE,TRUE,"traceable"
"stage2","raw_evidence","data/raw/stage2/ds27_pangaea_ferrybox/DS27_PANGAEA_20260809T113713Z/HZG-Ferrybox_Harw-CuxNR9218.nc","scripts/00_downloads/stage2/20_acquire_ds27_pangaea_ferrybox.R","",TRUE,241260,"4343851e8cd360b84d7dab6e520ba3468fba0109ef402b17d0b5a33bc31937c4","data/raw/stage2/ds27_pangaea_ferrybox/DS27_PANGAEA_20260809T113713Z/manifest.csv",FALSE,TRUE,"traceable"
"stage2","raw_evidence","data/raw/stage2/ds27_pangaea_ferrybox/DS27_PANGAEA_20260809T113713Z/HZG-Ferrybox_Harw-CuxNR9258.nc","scripts/00_downloads/stage2/20_acquire_ds27_pangaea_ferrybox.R","",TRUE,232692,"f1e001a7edc1a98d25cc320478be7867b890817cada77515cca755baaaedb7b4","data/raw/stage2/ds27_pangaea_ferrybox/DS27_PANGAEA_20260809T113713Z/manifest.csv",FALSE,TRUE,"traceable"
"stage2","raw_evidence","data/raw/stage2/ds27_pangaea_ferrybox/DS27_PANGAEA_20260809T113713Z/HZG-Ferrybox_Harw-CuxNR9298.nc","scripts/00_downloads/stage2/20_acquire_ds27_pangaea_ferrybox.R","",TRUE,240824,"ae5d225c82dae6ce587acf1b5144770b8b34c5116cf9561bd996d82d9bda3dfb","data/raw/stage2/ds27_pangaea_ferrybox/DS27_PANGAEA_20260809T113713Z/manifest.csv",FALSE,TRUE,"traceable"
"stage2","raw_evidence","data/raw/stage2/ds27_pangaea_ferrybox/DS27_PANGAEA_20260809T113713Z/HZG-Ferrybox_Harw-CuxNR93.nc","scripts/00_downloads/stage2/20_acquire_ds27_pangaea_ferrybox.R","",TRUE,251224,"d3836a5c6969eef8406e85de8c9caab451cd0c2746d44583e7a0e3909cd2d818","data/raw/stage2/ds27_pangaea_ferrybox/DS27_PANGAEA_20260809T113713Z/manifest.csv",FALSE,TRUE,"traceable"
"stage2","raw_evidence","data/raw/stage2/ds27_pangaea_ferrybox/DS27_PANGAEA_20260809T113713Z/HZG-Ferrybox_Harw-CuxNR9338.nc","scripts/00_downloads/stage2/20_acquire_ds27_pangaea_ferrybox.R","",TRUE,238564,"b9a3c616a5f8ef73d90ba7ec599d59af162afd9decdc90a4d2fc72f8734c4df0","data/raw/stage2/ds27_pangaea_ferrybox/DS27_PANGAEA_20260809T113713Z/manifest.csv",FALSE,TRUE,"traceable"
"stage2","raw_evidence","data/raw/stage2/ds27_pangaea_ferrybox/DS27_PANGAEA_20260809T113713Z/HZG-Ferrybox_Harw-CuxNR9363.nc","scripts/00_downloads/stage2/20_acquire_ds27_pangaea_ferrybox.R","",TRUE,235940,"1e183a541782a2bc0fe3f9a14b73282ccaf5e3734e54f24c00f8743c2dbee9cb","data/raw/stage2/ds27_pangaea_ferrybox/DS27_PANGAEA_20260809T113713Z/manifest.csv",FALSE,TRUE,"traceable"
"stage2","raw_evidence","data/raw/stage2/ds27_pangaea_ferrybox/DS27_PANGAEA_20260809T113713Z/HZG-Ferrybox_Harw-CuxNR937.nc","scripts/00_downloads/stage2/20_acquire_ds27_pangaea_ferrybox.R","",TRUE,253228,"8166d93327782468716728cdeda9649f2858427b2b480738d9cb36bbc456b56d","data/raw/stage2/ds27_pangaea_ferrybox/DS27_PANGAEA_20260809T113713Z/manifest.csv",FALSE,TRUE,"traceable"
"stage2","raw_evidence","data/raw/stage2/ds27_pangaea_ferrybox/DS27_PANGAEA_20260809T113713Z/HZG-Ferrybox_Harw-CuxNR9371.nc","scripts/00_downloads/stage2/20_acquire_ds27_pangaea_ferrybox.R","",TRUE,239420,"c4e4553a93dce2706f8bc4af6df2442fa532ba672ad28d05a34cd7116b24c651","data/raw/stage2/ds27_pangaea_ferrybox/DS27_PANGAEA_20260809T113713Z/manifest.csv",FALSE,TRUE,"traceable"
"stage2","raw_evidence","data/raw/stage2/ds27_pangaea_ferrybox/DS27_PANGAEA_20260809T113713Z/HZG-Ferrybox_Harw-CuxNR9383.nc","scripts/00_downloads/stage2/20_acquire_ds27_pangaea_ferrybox.R","",TRUE,239124,"a791e0baec487259807b111f93f3098e6383cb146738adc5c4a0afc3da54912e","data/raw/stage2/ds27_pangaea_ferrybox/DS27_PANGAEA_20260809T113713Z/manifest.csv",FALSE,TRUE,"traceable"
"stage2","raw_evidence","data/raw/stage2/ds27_pangaea_ferrybox/DS27_PANGAEA_20260809T113713Z/HZG-Ferrybox_Harw-CuxNR9395.nc","scripts/00_downloads/stage2/20_acquire_ds27_pangaea_ferrybox.R","",TRUE,238600,"66f7acf4d4e1eeecfc644da2199153d1bb566490b1af116b78ce6c97f7bc76a3","data/raw/stage2/ds27_pangaea_ferrybox/DS27_PANGAEA_20260809T113713Z/manifest.csv",FALSE,TRUE,"traceable"
"stage2","raw_evidence","data/raw/stage2/ds27_pangaea_ferrybox/DS27_PANGAEA_20260809T113713Z/HZG-Ferrybox_Harw-CuxNR9403.nc","scripts/00_downloads/stage2/20_acquire_ds27_pangaea_ferrybox.R","",TRUE,240988,"accefc4ce9b21eac87a0c595bffd78485c2e036ad168d64d2b864b8cb4e887a4","data/raw/stage2/ds27_pangaea_ferrybox/DS27_PANGAEA_20260809T113713Z/manifest.csv",FALSE,TRUE,"traceable"
"stage2","raw_evidence","data/raw/stage2/ds27_pangaea_ferrybox/DS27_PANGAEA_20260809T113713Z/HZG-Ferrybox_Harw-CuxNR9418.nc","scripts/00_downloads/stage2/20_acquire_ds27_pangaea_ferrybox.R","",TRUE,240440,"623c4f2cfe04aae433af75e27409496967da161aa99a6d8dea364fdf84cb3ab0","data/raw/stage2/ds27_pangaea_ferrybox/DS27_PANGAEA_20260809T113713Z/manifest.csv",FALSE,TRUE,"traceable"
"stage2","raw_evidence","data/raw/stage2/ds27_pangaea_ferrybox/DS27_PANGAEA_20260809T113713Z/HZG-Ferrybox_Harw-CuxNR9458.nc","scripts/00_downloads/stage2/20_acquire_ds27_pangaea_ferrybox.R","",TRUE,239620,"69b3687f791c8af6bf55ff476c2daf5ffe7a9b7b34dfab4670ca632924280464","data/raw/stage2/ds27_pangaea_ferrybox/DS27_PANGAEA_20260809T113713Z/manifest.csv",FALSE,TRUE,"traceable"
"stage2","raw_evidence","data/raw/stage2/ds27_pangaea_ferrybox/DS27_PANGAEA_20260809T113713Z/HZG-Ferrybox_Harw-CuxNR9498.nc","scripts/00_downloads/stage2/20_acquire_ds27_pangaea_ferrybox.R","",TRUE,241148,"6f6e1704f0d4e05fd24bcb2b5a9b9e9008c3ba52695b3e5a5164dfa7624709ab","data/raw/stage2/ds27_pangaea_ferrybox/DS27_PANGAEA_20260809T113713Z/manifest.csv",FALSE,TRUE,"traceable"
"stage2","raw_evidence","data/raw/stage2/ds27_pangaea_ferrybox/DS27_PANGAEA_20260809T113713Z/HZG-Ferrybox_Harw-CuxNR95.nc","scripts/00_downloads/stage2/20_acquire_ds27_pangaea_ferrybox.R","",TRUE,245812,"ad0ca5ab35e65adb9601f84bdb765acf9e0f4a716d0076e6831ddc4bcc736969","data/raw/stage2/ds27_pangaea_ferrybox/DS27_PANGAEA_20260809T113713Z/manifest.csv",FALSE,TRUE,"traceable"
"stage2","raw_evidence","data/raw/stage2/ds27_pangaea_ferrybox/DS27_PANGAEA_20260809T113713Z/HZG-Ferrybox_Harw-CuxNR9538.nc","scripts/00_downloads/stage2/20_acquire_ds27_pangaea_ferrybox.R","",TRUE,236504,"bde68ad065449d72dd8050f03984f77fc6b8ded05a6951619301dfcc49f71c1e","data/raw/stage2/ds27_pangaea_ferrybox/DS27_PANGAEA_20260809T113713Z/manifest.csv",FALSE,TRUE,"traceable"
"stage2","raw_evidence","data/raw/stage2/ds27_pangaea_ferrybox/DS27_PANGAEA_20260809T113713Z/HZG-Ferrybox_Harw-CuxNR9578.nc","scripts/00_downloads/stage2/20_acquire_ds27_pangaea_ferrybox.R","",TRUE,241808,"e25b8edf83f15b9022361efab64bc23a9906bfb0c816ac635a5cfdfb333b4007","data/raw/stage2/ds27_pangaea_ferrybox/DS27_PANGAEA_20260809T113713Z/manifest.csv",FALSE,TRUE,"traceable"
"stage2","raw_evidence","data/raw/stage2/ds27_pangaea_ferrybox/DS27_PANGAEA_20260809T113713Z/HZG-Ferrybox_Harw-CuxNR9618.nc","scripts/00_downloads/stage2/20_acquire_ds27_pangaea_ferrybox.R","",TRUE,239220,"9c979259344db7aeb3218d555bd7e3b709e04b3d2efba5a2ef82a88535ffb507","data/raw/stage2/ds27_pangaea_ferrybox/DS27_PANGAEA_20260809T113713Z/manifest.csv",FALSE,TRUE,"traceable"
"stage2","raw_evidence","data/raw/stage2/ds27_pangaea_ferrybox/DS27_PANGAEA_20260809T113713Z/HZG-Ferrybox_Harw-CuxNR9658.nc","scripts/00_downloads/stage2/20_acquire_ds27_pangaea_ferrybox.R","",TRUE,241188,"8604161b7e58d27795e6e315cce0b49427a68bca6820eb9c15f9f54a93209821","data/raw/stage2/ds27_pangaea_ferrybox/DS27_PANGAEA_20260809T113713Z/manifest.csv",FALSE,TRUE,"traceable"
"stage2","raw_evidence","data/raw/stage2/ds27_pangaea_ferrybox/DS27_PANGAEA_20260809T113713Z/HZG-Ferrybox_Harw-CuxNR9698.nc","scripts/00_downloads/stage2/20_acquire_ds27_pangaea_ferrybox.R","",TRUE,242792,"654d745072aa57981a9ba2708f1c37c8442a04ecfdb2cde15dd02f1826c425c8","data/raw/stage2/ds27_pangaea_ferrybox/DS27_PANGAEA_20260809T113713Z/manifest.csv",FALSE,TRUE,"traceable"
"stage2","raw_evidence","data/raw/stage2/ds27_pangaea_ferrybox/DS27_PANGAEA_20260809T113713Z/HZG-Ferrybox_Harw-CuxNR97.nc","scripts/00_downloads/stage2/20_acquire_ds27_pangaea_ferrybox.R","",TRUE,236792,"0e0fb243c1697ef81af9b13164050d0f7675b76c58e165c279dd260a2f176d24","data/raw/stage2/ds27_pangaea_ferrybox/DS27_PANGAEA_20260809T113713Z/manifest.csv",FALSE,TRUE,"traceable"
"stage2","raw_evidence","data/raw/stage2/ds27_pangaea_ferrybox/DS27_PANGAEA_20260809T113713Z/HZG-Ferrybox_Harw-CuxNR9738.nc","scripts/00_downloads/stage2/20_acquire_ds27_pangaea_ferrybox.R","",TRUE,241388,"0206cb78ff7199a2511b03012c3889704ee97f43981e0bc166ec578a82316260","data/raw/stage2/ds27_pangaea_ferrybox/DS27_PANGAEA_20260809T113713Z/manifest.csv",FALSE,TRUE,"traceable"
"stage2","raw_evidence","data/raw/stage2/ds27_pangaea_ferrybox/DS27_PANGAEA_20260809T113713Z/HZG-Ferrybox_Harw-CuxNR977.nc","scripts/00_downloads/stage2/20_acquire_ds27_pangaea_ferrybox.R","",TRUE,264184,"ced5e3ed8f3db4b80e881713cce5c1dfdab3d82bc1bca037a4863a601b58973e","data/raw/stage2/ds27_pangaea_ferrybox/DS27_PANGAEA_20260809T113713Z/manifest.csv",FALSE,TRUE,"traceable"
"stage2","raw_evidence","data/raw/stage2/ds27_pangaea_ferrybox/DS27_PANGAEA_20260809T113713Z/HZG-Ferrybox_Harw-CuxNR9778.nc","scripts/00_downloads/stage2/20_acquire_ds27_pangaea_ferrybox.R","",TRUE,241316,"d1793c32958660c6f7f5d5e5f604dd8983588d1aabf4bb285e0552a5437c839e","data/raw/stage2/ds27_pangaea_ferrybox/DS27_PANGAEA_20260809T113713Z/manifest.csv",FALSE,TRUE,"traceable"
"stage2","raw_evidence","data/raw/stage2/ds27_pangaea_ferrybox/DS27_PANGAEA_20260809T113713Z/HZG-Ferrybox_Harw-CuxNR9818.nc","scripts/00_downloads/stage2/20_acquire_ds27_pangaea_ferrybox.R","",TRUE,235116,"35d2f29116230bb09d6dcfb29dd6ae309c5480c94f2e87affd687ba85d63f757","data/raw/stage2/ds27_pangaea_ferrybox/DS27_PANGAEA_20260809T113713Z/manifest.csv",FALSE,TRUE,"traceable"
"stage2","raw_evidence","data/raw/stage2/ds27_pangaea_ferrybox/DS27_PANGAEA_20260809T113713Z/HZG-Ferrybox_Harw-CuxNR9858.nc","scripts/00_downloads/stage2/20_acquire_ds27_pangaea_ferrybox.R","",TRUE,236068,"b8e99c3702921559781fd7a9e8fade4aaab2ffee5cbfe66473376d501b8f2d58","data/raw/stage2/ds27_pangaea_ferrybox/DS27_PANGAEA_20260809T113713Z/manifest.csv",FALSE,TRUE,"traceable"
"stage2","raw_evidence","data/raw/stage2/ds27_pangaea_ferrybox/DS27_PANGAEA_20260809T113713Z/HZG-Ferrybox_Harw-CuxNR9898.nc","scripts/00_downloads/stage2/20_acquire_ds27_pangaea_ferrybox.R","",TRUE,241840,"197dc27aa4caef2ced8da1d304fe84c54f737493b1d5f57020d689e7fb7ae76e","data/raw/stage2/ds27_pangaea_ferrybox/DS27_PANGAEA_20260809T113713Z/manifest.csv",FALSE,TRUE,"traceable"
"stage2","raw_evidence","data/raw/stage2/ds27_pangaea_ferrybox/DS27_PANGAEA_20260809T113713Z/HZG-Ferrybox_Harw-CuxNR99.nc","scripts/00_downloads/stage2/20_acquire_ds27_pangaea_ferrybox.R","",TRUE,250820,"2101ba42f824839096ea69cf55db7a247aaf01209de81a3830695fa559008a71","data/raw/stage2/ds27_pangaea_ferrybox/DS27_PANGAEA_20260809T113713Z/manifest.csv",FALSE,TRUE,"traceable"
"stage2","raw_evidence","data/raw/stage2/ds27_pangaea_ferrybox/DS27_PANGAEA_20260809T113713Z/HZG-Ferrybox_Harw-CuxNR9938.nc","scripts/00_downloads/stage2/20_acquire_ds27_pangaea_ferrybox.R","",TRUE,239620,"3c84604eb7ee3d3c7e0d4492c8380a1fd6fb310da6f8706a87bb8527a3403487","data/raw/stage2/ds27_pangaea_ferrybox/DS27_PANGAEA_20260809T113713Z/manifest.csv",FALSE,TRUE,"traceable"
"stage2","raw_evidence","data/raw/stage2/ds27_pangaea_ferrybox/DS27_PANGAEA_20260809T113713Z/HZG-Ferrybox_Harw-CuxNR9978.nc","scripts/00_downloads/stage2/20_acquire_ds27_pangaea_ferrybox.R","",TRUE,241680,"3795e16c4a0cb1f8d79e7c2858ce251bcbcc3cbf3a2a0efdbf6b7f6b5703c46f","data/raw/stage2/ds27_pangaea_ferrybox/DS27_PANGAEA_20260809T113713Z/manifest.csv",FALSE,TRUE,"traceable"
"stage2","raw_evidence","data/raw/stage2/ds27_pangaea_ferrybox/DS27_PANGAEA_20260809T113713Z/manifest.csv","scripts/00_downloads/stage2/20_acquire_ds27_pangaea_ferrybox.R","",TRUE,72630,"643d471ae2dd993ac9f8208cb9b7a33d1570be089ac0edf10c7dfdc439247bc3","calculated_by_inventory_script_small_unregistered_raw",FALSE,TRUE,"traceable"
"stage2","raw_evidence","data/raw/stage2/ds27_pangaea_ferrybox/DS27_PANGAEA_20260809T113713Z/PANGAEA_883824.txt","scripts/00_downloads/stage2/20_acquire_ds27_pangaea_ferrybox.R","",TRUE,138959,"2f41802d5e6763c8eb4a2d018a6dd2e097e2f22a16b60bef372ebb8127986e49","calculated_by_inventory_script_small_unregistered_raw",FALSE,TRUE,"traceable"
"stage2","raw_evidence","data/raw/stage2/ds27_pangaea_ferrybox/DS27_PANGAEA_20260809T113713Z/PANGAEA_930383.zip","scripts/00_downloads/stage2/20_acquire_ds27_pangaea_ferrybox.R","",TRUE,99314935,"78cb5f1642a2feab742aa3dc66d7c973cbbe3518aa4742dede61771b4fd59282","data/raw/stage2/ds27_pangaea_ferrybox/DS27_PANGAEA_20260809T113713Z/manifest.csv",FALSE,TRUE,"traceable"
"stage2","raw_evidence","data/raw/stage2/ds27_pangaea_ferrybox/DS27_PANGAEA_20260809T183210Z/acquisition.log","scripts/00_downloads/stage2/20_acquire_ds27_pangaea_ferrybox.R","",TRUE,135,"f501e37b8235870f1e880ca1177c88b80d5195c3790f33d496f9c3d92e856648","calculated_by_inventory_script_small_unregistered_raw",FALSE,TRUE,"traceable"
"stage2","raw_evidence","data/raw/stage2/ds27_pangaea_ferrybox/DS27_PANGAEA_20260809T183210Z/HZG-Ferrybox_Cux-HarwNR1.nc","scripts/00_downloads/stage2/20_acquire_ds27_pangaea_ferrybox.R","",TRUE,256928,"59f12a217d1ec76f32ddb26be6d9f894c5fd8d4ec0d281395e8ad0edfcab64e8","data/raw/stage2/ds27_pangaea_ferrybox/DS27_PANGAEA_20260809T183210Z/manifest.csv",FALSE,TRUE,"traceable"
"stage2","raw_evidence","data/raw/stage2/ds27_pangaea_ferrybox/DS27_PANGAEA_20260809T183210Z/HZG-Ferrybox_Cux-HarwNR10038.nc","scripts/00_downloads/stage2/20_acquire_ds27_pangaea_ferrybox.R","",TRUE,242528,"ab83bae7f444ab0035401c59a526b09489cf449df97e948ccff12b7fe3351914","data/raw/stage2/ds27_pangaea_ferrybox/DS27_PANGAEA_20260809T183210Z/manifest.csv",FALSE,TRUE,"traceable"
"stage2","raw_evidence","data/raw/stage2/ds27_pangaea_ferrybox/DS27_PANGAEA_20260809T183210Z/HZG-Ferrybox_Cux-HarwNR10078.nc","scripts/00_downloads/stage2/20_acquire_ds27_pangaea_ferrybox.R","",TRUE,242992,"3addb0a37cb2b0ab36977f2e7638d5241ae339712a717746a488e6ea44a75524","data/raw/stage2/ds27_pangaea_ferrybox/DS27_PANGAEA_20260809T183210Z/manifest.csv",FALSE,TRUE,"traceable"
"stage2","raw_evidence","data/raw/stage2/ds27_pangaea_ferrybox/DS27_PANGAEA_20260809T183210Z/HZG-Ferrybox_Cux-HarwNR101.nc","scripts/00_downloads/stage2/20_acquire_ds27_pangaea_ferrybox.R","",TRUE,251592,"cce20f0edf5b2c1ca5a5679adc703e6b88f8e6e752dcd778bd4caad1c4c3daac","data/raw/stage2/ds27_pangaea_ferrybox/DS27_PANGAEA_20260809T183210Z/manifest.csv",FALSE,TRUE,"traceable"
"stage2","raw_evidence","data/raw/stage2/ds27_pangaea_ferrybox/DS27_PANGAEA_20260809T183210Z/HZG-Ferrybox_Cux-HarwNR10118.nc","scripts/00_downloads/stage2/20_acquire_ds27_pangaea_ferrybox.R","",TRUE,238140,"06e25d1bb7bdf82fbbb96df9ac8318158dc0f4ea930d7fd3158794bcab784af9","data/raw/stage2/ds27_pangaea_ferrybox/DS27_PANGAEA_20260809T183210Z/manifest.csv",FALSE,TRUE,"traceable"
"stage2","raw_evidence","data/raw/stage2/ds27_pangaea_ferrybox/DS27_PANGAEA_20260809T183210Z/HZG-Ferrybox_Cux-HarwNR10158.nc","scripts/00_downloads/stage2/20_acquire_ds27_pangaea_ferrybox.R","",TRUE,242404,"374155c679fcb583e768f4b8400051cdbf718d1d19f66191a873935cd2580ba5","data/raw/stage2/ds27_pangaea_ferrybox/DS27_PANGAEA_20260809T183210Z/manifest.csv",FALSE,TRUE,"traceable"
"stage2","raw_evidence","data/raw/stage2/ds27_pangaea_ferrybox/DS27_PANGAEA_20260809T183210Z/HZG-Ferrybox_Cux-HarwNR10198.nc","scripts/00_downloads/stage2/20_acquire_ds27_pangaea_ferrybox.R","",TRUE,241060,"c2ea200260917a4686695e63014170a960de593831262bbf77bdccf5ff57fb66","data/raw/stage2/ds27_pangaea_ferrybox/DS27_PANGAEA_20260809T183210Z/manifest.csv",FALSE,TRUE,"traceable"
"stage2","raw_evidence","data/raw/stage2/ds27_pangaea_ferrybox/DS27_PANGAEA_20260809T183210Z/HZG-Ferrybox_Cux-HarwNR10238.nc","scripts/00_downloads/stage2/20_acquire_ds27_pangaea_ferrybox.R","",TRUE,238600,"bbba9ae41a6832d4dd07cfec00b0396630b54f531ed79ef829cae85d728735d1","data/raw/stage2/ds27_pangaea_ferrybox/DS27_PANGAEA_20260809T183210Z/manifest.csv",FALSE,TRUE,"traceable"
"stage2","raw_evidence","data/raw/stage2/ds27_pangaea_ferrybox/DS27_PANGAEA_20260809T183210Z/HZG-Ferrybox_Cux-HarwNR10278.nc","scripts/00_downloads/stage2/20_acquire_ds27_pangaea_ferrybox.R","",TRUE,234588,"b3fbe17cc849fad41826a96309f2256cdb37e43f7d7a767f88f17be817ebc8a4","data/raw/stage2/ds27_pangaea_ferrybox/DS27_PANGAEA_20260809T183210Z/manifest.csv",FALSE,TRUE,"traceable"
"stage2","raw_evidence","data/raw/stage2/ds27_pangaea_ferrybox/DS27_PANGAEA_20260809T183210Z/HZG-Ferrybox_Cux-HarwNR103.nc","scripts/00_downloads/stage2/20_acquire_ds27_pangaea_ferrybox.R","",TRUE,251920,"432866c519b2f487a0d553aa859b48d53b100aa53f624f6633f243deb2cf499c","data/raw/stage2/ds27_pangaea_ferrybox/DS27_PANGAEA_20260809T183210Z/manifest.csv",FALSE,TRUE,"traceable"
"stage2","raw_evidence","data/raw/stage2/ds27_pangaea_ferrybox/DS27_PANGAEA_20260809T183210Z/HZG-Ferrybox_Cux-HarwNR10318.nc","scripts/00_downloads/stage2/20_acquire_ds27_pangaea_ferrybox.R","",TRUE,237780,"2f78d858fcf94262597e756ddd7c26531c55d8c2066a4d12cc96fdbc33766846","data/raw/stage2/ds27_pangaea_ferrybox/DS27_PANGAEA_20260809T183210Z/manifest.csv",FALSE,TRUE,"traceable"
"stage2","raw_evidence","data/raw/stage2/ds27_pangaea_ferrybox/DS27_PANGAEA_20260809T183210Z/HZG-Ferrybox_Cux-HarwNR10358.nc","scripts/00_downloads/stage2/20_acquire_ds27_pangaea_ferrybox.R","",TRUE,230000,"3b14e4e2aab71dcf349ae6685578b6498f515222de29ab516dcdefc203315335","data/raw/stage2/ds27_pangaea_ferrybox/DS27_PANGAEA_20260809T183210Z/manifest.csv",FALSE,TRUE,"traceable"
"stage2","raw_evidence","data/raw/stage2/ds27_pangaea_ferrybox/DS27_PANGAEA_20260809T183210Z/HZG-Ferrybox_Cux-HarwNR1037.nc","scripts/00_downloads/stage2/20_acquire_ds27_pangaea_ferrybox.R","",TRUE,265364,"ff4405bfc339ed328a892d7e60cf7bcaaaefd3467f897349298edca5aa6f9d3f","data/raw/stage2/ds27_pangaea_ferrybox/DS27_PANGAEA_20260809T183210Z/manifest.csv",FALSE,TRUE,"traceable"
"stage2","raw_evidence","data/raw/stage2/ds27_pangaea_ferrybox/DS27_PANGAEA_20260809T183210Z/HZG-Ferrybox_Cux-HarwNR10398.nc","scripts/00_downloads/stage2/20_acquire_ds27_pangaea_ferrybox.R","",TRUE,232824,"d80b026b7c34b19c0542cc54d95ba49b86837a2c1114f229481d00994fb1198f","data/raw/stage2/ds27_pangaea_ferrybox/DS27_PANGAEA_20260809T183210Z/manifest.csv",FALSE,TRUE,"traceable"
"stage2","raw_evidence","data/raw/stage2/ds27_pangaea_ferrybox/DS27_PANGAEA_20260809T183210Z/HZG-Ferrybox_Cux-HarwNR10438.nc","scripts/00_downloads/stage2/20_acquire_ds27_pangaea_ferrybox.R","",TRUE,239672,"f6d26d9e9dda5e478e6f37ca7160d5125818667161f3b5a6d11bc13ec45a4685","data/raw/stage2/ds27_pangaea_ferrybox/DS27_PANGAEA_20260809T183210Z/manifest.csv",FALSE,TRUE,"traceable"
"stage2","raw_evidence","data/raw/stage2/ds27_pangaea_ferrybox/DS27_PANGAEA_20260809T183210Z/HZG-Ferrybox_Cux-HarwNR10478.nc","scripts/00_downloads/stage2/20_acquire_ds27_pangaea_ferrybox.R","",TRUE,233932,"fd3585d34daae4a5da1c7b3e922de8fcd9bda6ecf9d1bd37b120b04f00be7a8f","data/raw/stage2/ds27_pangaea_ferrybox/DS27_PANGAEA_20260809T183210Z/manifest.csv",FALSE,TRUE,"traceable"
"stage2","raw_evidence","data/raw/stage2/ds27_pangaea_ferrybox/DS27_PANGAEA_20260809T183210Z/HZG-Ferrybox_Cux-HarwNR10518.nc","scripts/00_downloads/stage2/20_acquire_ds27_pangaea_ferrybox.R","",TRUE,235808,"f70ebf57be777c350c9dd8e92bcfb771c058115ecf6c18ea48ab4fadef2890ac","data/raw/stage2/ds27_pangaea_ferrybox/DS27_PANGAEA_20260809T183210Z/manifest.csv",FALSE,TRUE,"traceable"
"stage2","raw_evidence","data/raw/stage2/ds27_pangaea_ferrybox/DS27_PANGAEA_20260809T183210Z/HZG-Ferrybox_Cux-HarwNR10558.nc","scripts/00_downloads/stage2/20_acquire_ds27_pangaea_ferrybox.R","",TRUE,234992,"8a03a4f3bfde336fbf68e645d6574dce093841d71b440e3f9611399b2bebe492","data/raw/stage2/ds27_pangaea_ferrybox/DS27_PANGAEA_20260809T183210Z/manifest.csv",FALSE,TRUE,"traceable"
"stage2","raw_evidence","data/raw/stage2/ds27_pangaea_ferrybox/DS27_PANGAEA_20260809T183210Z/HZG-Ferrybox_Cux-HarwNR10598.nc","scripts/00_downloads/stage2/20_acquire_ds27_pangaea_ferrybox.R","",TRUE,249624,"2b8b9707d8e5bb67432c92387f9b0f134c6b075207c9680ae7f40ce2674a7e94","data/raw/stage2/ds27_pangaea_ferrybox/DS27_PANGAEA_20260809T183210Z/manifest.csv",FALSE,TRUE,"traceable"
"stage2","raw_evidence","data/raw/stage2/ds27_pangaea_ferrybox/DS27_PANGAEA_20260809T183210Z/HZG-Ferrybox_Cux-HarwNR106.nc","scripts/00_downloads/stage2/20_acquire_ds27_pangaea_ferrybox.R","",TRUE,252828,"1972493535484ebbc5b3b674cefe0452c00b4024dbc5afdb160849e1b255dd0c","data/raw/stage2/ds27_pangaea_ferrybox/DS27_PANGAEA_20260809T183210Z/manifest.csv",FALSE,TRUE,"traceable"
"stage2","raw_evidence","data/raw/stage2/ds27_pangaea_ferrybox/DS27_PANGAEA_20260809T183210Z/HZG-Ferrybox_Cux-HarwNR10638.nc","scripts/00_downloads/stage2/20_acquire_ds27_pangaea_ferrybox.R","",TRUE,241096,"618b894fb2bffaf9cdb6de6d2d262137419470a661778331f9a008e887f40aaa","data/raw/stage2/ds27_pangaea_ferrybox/DS27_PANGAEA_20260809T183210Z/manifest.csv",FALSE,TRUE,"traceable"
"stage2","raw_evidence","data/raw/stage2/ds27_pangaea_ferrybox/DS27_PANGAEA_20260809T183210Z/HZG-Ferrybox_Cux-HarwNR10678.nc","scripts/00_downloads/stage2/20_acquire_ds27_pangaea_ferrybox.R","",TRUE,240820,"07f12544dd4f83719d8f4c0adf2ca7dae9da310c5113b8a535bb2eda58f0be4d","data/raw/stage2/ds27_pangaea_ferrybox/DS27_PANGAEA_20260809T183210Z/manifest.csv",FALSE,TRUE,"traceable"
"stage2","raw_evidence","data/raw/stage2/ds27_pangaea_ferrybox/DS27_PANGAEA_20260809T183210Z/HZG-Ferrybox_Cux-HarwNR107.nc","scripts/00_downloads/stage2/20_acquire_ds27_pangaea_ferrybox.R","",TRUE,242700,"c821730d40cca544790c409a4995575f9b0368ecfbbfc24d0b5b5be8f6b97714","data/raw/stage2/ds27_pangaea_ferrybox/DS27_PANGAEA_20260809T183210Z/manifest.csv",FALSE,TRUE,"traceable"
"stage2","raw_evidence","data/raw/stage2/ds27_pangaea_ferrybox/DS27_PANGAEA_20260809T183210Z/HZG-Ferrybox_Cux-HarwNR10718.nc","scripts/00_downloads/stage2/20_acquire_ds27_pangaea_ferrybox.R","",TRUE,240896,"d626652a2ee559885437b2502b9be351d509b81adb28700d719e37291bc1c3b5","data/raw/stage2/ds27_pangaea_ferrybox/DS27_PANGAEA_20260809T183210Z/manifest.csv",FALSE,TRUE,"traceable"
"stage2","raw_evidence","data/raw/stage2/ds27_pangaea_ferrybox/DS27_PANGAEA_20260809T183210Z/HZG-Ferrybox_Cux-HarwNR10758.nc","scripts/00_downloads/stage2/20_acquire_ds27_pangaea_ferrybox.R","",TRUE,243320,"225efcf8024245db950a630b14d0f6eb86722b4baad6d6c132f0257f4c064e5c","data/raw/stage2/ds27_pangaea_ferrybox/DS27_PANGAEA_20260809T183210Z/manifest.csv",FALSE,TRUE,"traceable"
"stage2","raw_evidence","data/raw/stage2/ds27_pangaea_ferrybox/DS27_PANGAEA_20260809T183210Z/HZG-Ferrybox_Cux-HarwNR1077.nc","scripts/00_downloads/stage2/20_acquire_ds27_pangaea_ferrybox.R","",TRUE,267064,"747557b7b3e94f6d6f1f707851dc3bfe3f11d6fd24131eb6b76321bdc24d73bc","data/raw/stage2/ds27_pangaea_ferrybox/DS27_PANGAEA_20260809T183210Z/manifest.csv",FALSE,TRUE,"traceable"
"stage2","raw_evidence","data/raw/stage2/ds27_pangaea_ferrybox/DS27_PANGAEA_20260809T183210Z/HZG-Ferrybox_Cux-HarwNR10798.nc","scripts/00_downloads/stage2/20_acquire_ds27_pangaea_ferrybox.R","",TRUE,262308,"15c4e296eff208651e7a0d429fe3c1e6b954d299d8172125d6c420b47b8cc931","data/raw/stage2/ds27_pangaea_ferrybox/DS27_PANGAEA_20260809T183210Z/manifest.csv",FALSE,TRUE,"traceable"
"stage2","raw_evidence","data/raw/stage2/ds27_pangaea_ferrybox/DS27_PANGAEA_20260809T183210Z/HZG-Ferrybox_Cux-HarwNR10838.nc","scripts/00_downloads/stage2/20_acquire_ds27_pangaea_ferrybox.R","",TRUE,239056,"248345c2b3a6b60343038277b3710e14a79d9050dc118ce84e24d81684da971f","data/raw/stage2/ds27_pangaea_ferrybox/DS27_PANGAEA_20260809T183210Z/manifest.csv",FALSE,TRUE,"traceable"
"stage2","raw_evidence","data/raw/stage2/ds27_pangaea_ferrybox/DS27_PANGAEA_20260809T183210Z/HZG-Ferrybox_Cux-HarwNR10878.nc","scripts/00_downloads/stage2/20_acquire_ds27_pangaea_ferrybox.R","",TRUE,238308,"7834f6fd330087fe6007ce24c7d4054f296691c488156817db0e333cffc59b92","data/raw/stage2/ds27_pangaea_ferrybox/DS27_PANGAEA_20260809T183210Z/manifest.csv",FALSE,TRUE,"traceable"
"stage2","raw_evidence","data/raw/stage2/ds27_pangaea_ferrybox/DS27_PANGAEA_20260809T183210Z/HZG-Ferrybox_Cux-HarwNR10918.nc","scripts/00_downloads/stage2/20_acquire_ds27_pangaea_ferrybox.R","",TRUE,239288,"e96b6ed67b3639c5f9b34d9925005b3944f7bc1a879ea281c7f33ba100f7d249","data/raw/stage2/ds27_pangaea_ferrybox/DS27_PANGAEA_20260809T183210Z/manifest.csv",FALSE,TRUE,"traceable"
"stage2","raw_evidence","data/raw/stage2/ds27_pangaea_ferrybox/DS27_PANGAEA_20260809T183210Z/HZG-Ferrybox_Cux-HarwNR10975.nc","scripts/00_downloads/stage2/20_acquire_ds27_pangaea_ferrybox.R","",TRUE,243028,"a8949e1f8b30b3dec01eaa91d2efe4e207b174688e14a060aa2764b98b32296d","data/raw/stage2/ds27_pangaea_ferrybox/DS27_PANGAEA_20260809T183210Z/manifest.csv",FALSE,TRUE,"traceable"
"stage2","raw_evidence","data/raw/stage2/ds27_pangaea_ferrybox/DS27_PANGAEA_20260809T183210Z/HZG-Ferrybox_Cux-HarwNR10977.nc","scripts/00_downloads/stage2/20_acquire_ds27_pangaea_ferrybox.R","",TRUE,240004,"c04ad5ca0c46eb00d0d4bf548e4bdc2d9b57b0d8e61d4015fb23dce01235a83f","data/raw/stage2/ds27_pangaea_ferrybox/DS27_PANGAEA_20260809T183210Z/manifest.csv",FALSE,TRUE,"traceable"
"stage2","raw_evidence","data/raw/stage2/ds27_pangaea_ferrybox/DS27_PANGAEA_20260809T183210Z/HZG-Ferrybox_Cux-HarwNR10979.nc","scripts/00_downloads/stage2/20_acquire_ds27_pangaea_ferrybox.R","",TRUE,240988,"bd6f24b5637aff42b05c79d7f4efba4e462a1907754444b307c8a64da24ad79e","data/raw/stage2/ds27_pangaea_ferrybox/DS27_PANGAEA_20260809T183210Z/manifest.csv",FALSE,TRUE,"traceable"
"stage2","raw_evidence","data/raw/stage2/ds27_pangaea_ferrybox/DS27_PANGAEA_20260809T183210Z/HZG-Ferrybox_Cux-HarwNR10981.nc","scripts/00_downloads/stage2/20_acquire_ds27_pangaea_ferrybox.R","",TRUE,237052,"68cd25a749846a24abbb54e676120b6452aa7c907ddd0314fbe6266a15425344","data/raw/stage2/ds27_pangaea_ferrybox/DS27_PANGAEA_20260809T183210Z/manifest.csv",FALSE,TRUE,"traceable"
"stage2","raw_evidence","data/raw/stage2/ds27_pangaea_ferrybox/DS27_PANGAEA_20260809T183210Z/HZG-Ferrybox_Cux-HarwNR10983.nc","scripts/00_downloads/stage2/20_acquire_ds27_pangaea_ferrybox.R","",TRUE,242952,"08900ddb786845da6da7fbb9034848ee6b7a4233f41b8270e4b9b8048aefa209","data/raw/stage2/ds27_pangaea_ferrybox/DS27_PANGAEA_20260809T183210Z/manifest.csv",FALSE,TRUE,"traceable"
"stage2","raw_evidence","data/raw/stage2/ds27_pangaea_ferrybox/DS27_PANGAEA_20260809T183210Z/HZG-Ferrybox_Cux-HarwNR10985.nc","scripts/00_downloads/stage2/20_acquire_ds27_pangaea_ferrybox.R","",TRUE,241096,"04db46e3e705466039a466de3fb12d6f5e5f4334300feef7315078ed80dbc353","data/raw/stage2/ds27_pangaea_ferrybox/DS27_PANGAEA_20260809T183210Z/manifest.csv",FALSE,TRUE,"traceable"
"stage2","raw_evidence","data/raw/stage2/ds27_pangaea_ferrybox/DS27_PANGAEA_20260809T183210Z/HZG-Ferrybox_Cux-HarwNR10998.nc","scripts/00_downloads/stage2/20_acquire_ds27_pangaea_ferrybox.R","",TRUE,235028,"2fc8625dedd506349a4475d1c6f18bb2e83b383cd564f09e13263480e7c94482","data/raw/stage2/ds27_pangaea_ferrybox/DS27_PANGAEA_20260809T183210Z/manifest.csv",FALSE,TRUE,"traceable"
"stage2","raw_evidence","data/raw/stage2/ds27_pangaea_ferrybox/DS27_PANGAEA_20260809T183210Z/HZG-Ferrybox_Cux-HarwNR11.nc","scripts/00_downloads/stage2/20_acquire_ds27_pangaea_ferrybox.R","",TRUE,221904,"cdd1ed21bd9c1935b8748ce4be55f8ebc1818f45f6a65d1995264b381a2d8294","data/raw/stage2/ds27_pangaea_ferrybox/DS27_PANGAEA_20260809T183210Z/manifest.csv",FALSE,TRUE,"traceable"
"stage2","raw_evidence","data/raw/stage2/ds27_pangaea_ferrybox/DS27_PANGAEA_20260809T183210Z/HZG-Ferrybox_Cux-HarwNR110.nc","scripts/00_downloads/stage2/20_acquire_ds27_pangaea_ferrybox.R","",TRUE,246436,"c2a7ec6a1d7b07e6aaf95b7dd956ef3235ffb0f41831cb9f120026449549520f","data/raw/stage2/ds27_pangaea_ferrybox/DS27_PANGAEA_20260809T183210Z/manifest.csv",FALSE,TRUE,"traceable"
"stage2","raw_evidence","data/raw/stage2/ds27_pangaea_ferrybox/DS27_PANGAEA_20260809T183210Z/HZG-Ferrybox_Cux-HarwNR11038.nc","scripts/00_downloads/stage2/20_acquire_ds27_pangaea_ferrybox.R","",TRUE,242896,"cb91b65f7f36ab1f988989a24c67d028e4911d20620d560412420338ebab4078","data/raw/stage2/ds27_pangaea_ferrybox/DS27_PANGAEA_20260809T183210Z/manifest.csv",FALSE,TRUE,"traceable"
"stage2","raw_evidence","data/raw/stage2/ds27_pangaea_ferrybox/DS27_PANGAEA_20260809T183210Z/HZG-Ferrybox_Cux-HarwNR11078.nc","scripts/00_downloads/stage2/20_acquire_ds27_pangaea_ferrybox.R","",TRUE,242404,"114e972bb49275b64a91d4ef58a43c00cb0f5071e3aac837ad4aa97a975b2ab6","data/raw/stage2/ds27_pangaea_ferrybox/DS27_PANGAEA_20260809T183210Z/manifest.csv",FALSE,TRUE,"traceable"
"stage2","raw_evidence","data/raw/stage2/ds27_pangaea_ferrybox/DS27_PANGAEA_20260809T183210Z/HZG-Ferrybox_Cux-HarwNR111.nc","scripts/00_downloads/stage2/20_acquire_ds27_pangaea_ferrybox.R","",TRUE,251588,"3215d46c093ba286246c0f24dfb338a7bcb1f0202863837fc329597162b84bf2","data/raw/stage2/ds27_pangaea_ferrybox/DS27_PANGAEA_20260809T183210Z/manifest.csv",FALSE,TRUE,"traceable"
"stage2","raw_evidence","data/raw/stage2/ds27_pangaea_ferrybox/DS27_PANGAEA_20260809T183210Z/HZG-Ferrybox_Cux-HarwNR11118.nc","scripts/00_downloads/stage2/20_acquire_ds27_pangaea_ferrybox.R","",TRUE,241552,"593e542dc2938a3d9273456832eef93a8e76b05e2ce60164cb250cdc39347763","data/raw/stage2/ds27_pangaea_ferrybox/DS27_PANGAEA_20260809T183210Z/manifest.csv",FALSE,TRUE,"traceable"
"stage2","raw_evidence","data/raw/stage2/ds27_pangaea_ferrybox/DS27_PANGAEA_20260809T183210Z/HZG-Ferrybox_Cux-HarwNR11158.nc","scripts/00_downloads/stage2/20_acquire_ds27_pangaea_ferrybox.R","",TRUE,236140,"4a6fe0f6c040bcc372ae57fe05c17554e9e005936bf3e0848ee66557f6f847f3","data/raw/stage2/ds27_pangaea_ferrybox/DS27_PANGAEA_20260809T183210Z/manifest.csv",FALSE,TRUE,"traceable"
"stage2","raw_evidence","data/raw/stage2/ds27_pangaea_ferrybox/DS27_PANGAEA_20260809T183210Z/HZG-Ferrybox_Cux-HarwNR1117.nc","scripts/00_downloads/stage2/20_acquire_ds27_pangaea_ferrybox.R","",TRUE,263656,"60671ab661b39ba21e8b43c96f5e0805ead182c24898290f06810280ecb72f3d","data/raw/stage2/ds27_pangaea_ferrybox/DS27_PANGAEA_20260809T183210Z/manifest.csv",FALSE,TRUE,"traceable"
"stage2","raw_evidence","data/raw/stage2/ds27_pangaea_ferrybox/DS27_PANGAEA_20260809T183210Z/HZG-Ferrybox_Cux-HarwNR11198.nc","scripts/00_downloads/stage2/20_acquire_ds27_pangaea_ferrybox.R","",TRUE,237772,"c0764994e92b3b92a79255007a74e2a0611a5d75388f9d5bbdc6cc51a6dbd6ec","data/raw/stage2/ds27_pangaea_ferrybox/DS27_PANGAEA_20260809T183210Z/manifest.csv",FALSE,TRUE,"traceable"
"stage2","raw_evidence","data/raw/stage2/ds27_pangaea_ferrybox/DS27_PANGAEA_20260809T183210Z/HZG-Ferrybox_Cux-HarwNR11238.nc","scripts/00_downloads/stage2/20_acquire_ds27_pangaea_ferrybox.R","",TRUE,241640,"9e9a863e5e04eb85e976eb16a58eaaf37cfa18012e0f781137f42da29a05b57f","data/raw/stage2/ds27_pangaea_ferrybox/DS27_PANGAEA_20260809T183210Z/manifest.csv",FALSE,TRUE,"traceable"
"stage2","raw_evidence","data/raw/stage2/ds27_pangaea_ferrybox/DS27_PANGAEA_20260809T183210Z/HZG-Ferrybox_Cux-HarwNR11278.nc","scripts/00_downloads/stage2/20_acquire_ds27_pangaea_ferrybox.R","",TRUE,239784,"980dfaaa9266876373ef2704e08dc08ca47da393cbd6cb30774202143327d06e","data/raw/stage2/ds27_pangaea_ferrybox/DS27_PANGAEA_20260809T183210Z/manifest.csv",FALSE,TRUE,"traceable"
"stage2","raw_evidence","data/raw/stage2/ds27_pangaea_ferrybox/DS27_PANGAEA_20260809T183210Z/HZG-Ferrybox_Cux-HarwNR113.nc","scripts/00_downloads/stage2/20_acquire_ds27_pangaea_ferrybox.R","",TRUE,253124,"a7370179b3ba0db95fb41bc12ef2a0f43f091f9793c47a8586eac54798cefed3","data/raw/stage2/ds27_pangaea_ferrybox/DS27_PANGAEA_20260809T183210Z/manifest.csv",FALSE,TRUE,"traceable"
"stage2","raw_evidence","data/raw/stage2/ds27_pangaea_ferrybox/DS27_PANGAEA_20260809T183210Z/HZG-Ferrybox_Cux-HarwNR11318.nc","scripts/00_downloads/stage2/20_acquire_ds27_pangaea_ferrybox.R","",TRUE,241312,"264310749d24a6cd47b660f8df7af3e25e150394a3894d75cba077f5496097df","data/raw/stage2/ds27_pangaea_ferrybox/DS27_PANGAEA_20260809T183210Z/manifest.csv",FALSE,TRUE,"traceable"
"stage2","raw_evidence","data/raw/stage2/ds27_pangaea_ferrybox/DS27_PANGAEA_20260809T183210Z/HZG-Ferrybox_Cux-HarwNR11358.nc","scripts/00_downloads/stage2/20_acquire_ds27_pangaea_ferrybox.R","",TRUE,240000,"121eb904c79416ac565e08a59b922b92dde9ba8268242d92927d26f67a9fc6a5","data/raw/stage2/ds27_pangaea_ferrybox/DS27_PANGAEA_20260809T183210Z/manifest.csv",FALSE,TRUE,"traceable"
"stage2","raw_evidence","data/raw/stage2/ds27_pangaea_ferrybox/DS27_PANGAEA_20260809T183210Z/HZG-Ferrybox_Cux-HarwNR11398.nc","scripts/00_downloads/stage2/20_acquire_ds27_pangaea_ferrybox.R","",TRUE,241676,"41179b1b0fc0f85e335b4ef21a355cc495e7d2158ad400493acf733216a685b2","data/raw/stage2/ds27_pangaea_ferrybox/DS27_PANGAEA_20260809T183210Z/manifest.csv",FALSE,TRUE,"traceable"
"stage2","raw_evidence","data/raw/stage2/ds27_pangaea_ferrybox/DS27_PANGAEA_20260809T183210Z/HZG-Ferrybox_Cux-HarwNR11438.nc","scripts/00_downloads/stage2/20_acquire_ds27_pangaea_ferrybox.R","",TRUE,241316,"8bffae35b54f583bda1353f5f865971145680fee250ff103a1e6c1f1ee92e0f1","data/raw/stage2/ds27_pangaea_ferrybox/DS27_PANGAEA_20260809T183210Z/manifest.csv",FALSE,TRUE,"traceable"
"stage2","raw_evidence","data/raw/stage2/ds27_pangaea_ferrybox/DS27_PANGAEA_20260809T183210Z/HZG-Ferrybox_Cux-HarwNR11478.nc","scripts/00_downloads/stage2/20_acquire_ds27_pangaea_ferrybox.R","",TRUE,243848,"bc24a881167f61dd0ba936a05e08e11316db9cb200a446096c554773b5d8edaa","data/raw/stage2/ds27_pangaea_ferrybox/DS27_PANGAEA_20260809T183210Z/manifest.csv",FALSE,TRUE,"traceable"
"stage2","raw_evidence","data/raw/stage2/ds27_pangaea_ferrybox/DS27_PANGAEA_20260809T183210Z/HZG-Ferrybox_Cux-HarwNR11518.nc","scripts/00_downloads/stage2/20_acquire_ds27_pangaea_ferrybox.R","",TRUE,241752,"4d8c5c712fcb4c32382eadc5f2c40bd4a1849e1d2a8a494857eafc388413d4b3","data/raw/stage2/ds27_pangaea_ferrybox/DS27_PANGAEA_20260809T183210Z/manifest.csv",FALSE,TRUE,"traceable"
"stage2","raw_evidence","data/raw/stage2/ds27_pangaea_ferrybox/DS27_PANGAEA_20260809T183210Z/HZG-Ferrybox_Cux-HarwNR11558.nc","scripts/00_downloads/stage2/20_acquire_ds27_pangaea_ferrybox.R","",TRUE,236504,"cf7bdb19c368cb994d282387403371d591488cf50b58351c375f991fb3173f22","data/raw/stage2/ds27_pangaea_ferrybox/DS27_PANGAEA_20260809T183210Z/manifest.csv",FALSE,TRUE,"traceable"
"stage2","raw_evidence","data/raw/stage2/ds27_pangaea_ferrybox/DS27_PANGAEA_20260809T183210Z/HZG-Ferrybox_Cux-HarwNR1157.nc","scripts/00_downloads/stage2/20_acquire_ds27_pangaea_ferrybox.R","",TRUE,270708,"cf719694c543f0fec078a4b5c1df3d4a27eb80e2d7d3f2fdb9e9a1139be7afbf","data/raw/stage2/ds27_pangaea_ferrybox/DS27_PANGAEA_20260809T183210Z/manifest.csv",FALSE,TRUE,"traceable"
"stage2","raw_evidence","data/raw/stage2/ds27_pangaea_ferrybox/DS27_PANGAEA_20260809T183210Z/HZG-Ferrybox_Cux-HarwNR11578.nc","scripts/00_downloads/stage2/20_acquire_ds27_pangaea_ferrybox.R","",TRUE,151676,"88bed8db226db24c3805fd01e0bfa7661e1dc873494f095b59e9397aff19d31d","data/raw/stage2/ds27_pangaea_ferrybox/DS27_PANGAEA_20260809T183210Z/manifest.csv",FALSE,TRUE,"traceable"
"stage2","raw_evidence","data/raw/stage2/ds27_pangaea_ferrybox/DS27_PANGAEA_20260809T183210Z/HZG-Ferrybox_Cux-HarwNR116.nc","scripts/00_downloads/stage2/20_acquire_ds27_pangaea_ferrybox.R","",TRUE,251684,"566b4892edafd495f3bf3f87dee3b0f7b5670fa671a5271b1e74471e7d540e13","data/raw/stage2/ds27_pangaea_ferrybox/DS27_PANGAEA_20260809T183210Z/manifest.csv",FALSE,TRUE,"traceable"
"stage2","raw_evidence","data/raw/stage2/ds27_pangaea_ferrybox/DS27_PANGAEA_20260809T183210Z/HZG-Ferrybox_Cux-HarwNR11618.nc","scripts/00_downloads/stage2/20_acquire_ds27_pangaea_ferrybox.R","",TRUE,238200,"d5bd9ed0a56ff92a0a25f786273d9b1d0d3a70cc6ccaa61fc27e2850fbbf8a77","data/raw/stage2/ds27_pangaea_ferrybox/DS27_PANGAEA_20260809T183210Z/manifest.csv",FALSE,TRUE,"traceable"
"stage2","raw_evidence","data/raw/stage2/ds27_pangaea_ferrybox/DS27_PANGAEA_20260809T183210Z/HZG-Ferrybox_Cux-HarwNR117.nc","scripts/00_downloads/stage2/20_acquire_ds27_pangaea_ferrybox.R","",TRUE,255420,"0b4746baa798f53144a89f9520e79aeb5bc0ef477244f25f6f670f478f39dd53","data/raw/stage2/ds27_pangaea_ferrybox/DS27_PANGAEA_20260809T183210Z/manifest.csv",FALSE,TRUE,"traceable"
"stage2","raw_evidence","data/raw/stage2/ds27_pangaea_ferrybox/DS27_PANGAEA_20260809T183210Z/HZG-Ferrybox_Cux-HarwNR1177.nc","scripts/00_downloads/stage2/20_acquire_ds27_pangaea_ferrybox.R","",TRUE,269304,"f8c9ace85e403b28cfe84151dcd82118d6d4c0545855c9470ac2779a82403241","data/raw/stage2/ds27_pangaea_ferrybox/DS27_PANGAEA_20260809T183210Z/manifest.csv",FALSE,TRUE,"traceable"
"stage2","raw_evidence","data/raw/stage2/ds27_pangaea_ferrybox/DS27_PANGAEA_20260809T183210Z/HZG-Ferrybox_Cux-HarwNR1217.nc","scripts/00_downloads/stage2/20_acquire_ds27_pangaea_ferrybox.R","",TRUE,262216,"a6f72df149aa955e09c70795983d43018096c648adb4fce78f4124c40a51ca96","data/raw/stage2/ds27_pangaea_ferrybox/DS27_PANGAEA_20260809T183210Z/manifest.csv",FALSE,TRUE,"traceable"
"stage2","raw_evidence","data/raw/stage2/ds27_pangaea_ferrybox/DS27_PANGAEA_20260809T183210Z/HZG-Ferrybox_Cux-HarwNR1257.nc","scripts/00_downloads/stage2/20_acquire_ds27_pangaea_ferrybox.R","",TRUE,269104,"0631f742640ecf493ce03b43324443b1acf0e45ae6c71230dfb0113d57d59214","data/raw/stage2/ds27_pangaea_ferrybox/DS27_PANGAEA_20260809T183210Z/manifest.csv",FALSE,TRUE,"traceable"
"stage2","raw_evidence","data/raw/stage2/ds27_pangaea_ferrybox/DS27_PANGAEA_20260809T183210Z/HZG-Ferrybox_Cux-HarwNR1297.nc","scripts/00_downloads/stage2/20_acquire_ds27_pangaea_ferrybox.R","",TRUE,268612,"99b1b9a6e36d2f8d0647340fe61f3f49e9a2f750fa651c97279cd7300e15642c","data/raw/stage2/ds27_pangaea_ferrybox/DS27_PANGAEA_20260809T183210Z/manifest.csv",FALSE,TRUE,"traceable"
"stage2","raw_evidence","data/raw/stage2/ds27_pangaea_ferrybox/DS27_PANGAEA_20260809T183210Z/HZG-Ferrybox_Cux-HarwNR1337.nc","scripts/00_downloads/stage2/20_acquire_ds27_pangaea_ferrybox.R","",TRUE,272676,"29837865627ce69cc0d55d679c4c75fce3656616d9a033ee8ddf6334b50af161","data/raw/stage2/ds27_pangaea_ferrybox/DS27_PANGAEA_20260809T183210Z/manifest.csv",FALSE,TRUE,"traceable"
"stage2","raw_evidence","data/raw/stage2/ds27_pangaea_ferrybox/DS27_PANGAEA_20260809T183210Z/HZG-Ferrybox_Cux-HarwNR1377.nc","scripts/00_downloads/stage2/20_acquire_ds27_pangaea_ferrybox.R","",TRUE,261652,"e562c4db1e033cc3ec57e4ca70f57ec56cabd488ec5045c721093b30b085601b","data/raw/stage2/ds27_pangaea_ferrybox/DS27_PANGAEA_20260809T183210Z/manifest.csv",FALSE,TRUE,"traceable"
"stage2","raw_evidence","data/raw/stage2/ds27_pangaea_ferrybox/DS27_PANGAEA_20260809T183210Z/HZG-Ferrybox_Cux-HarwNR1417.nc","scripts/00_downloads/stage2/20_acquire_ds27_pangaea_ferrybox.R","",TRUE,264604,"700570a9db11dd5f02dccffc65e87651bd754215293ff1c85893851edb582a25","data/raw/stage2/ds27_pangaea_ferrybox/DS27_PANGAEA_20260809T183210Z/manifest.csv",FALSE,TRUE,"traceable"
"stage2","raw_evidence","data/raw/stage2/ds27_pangaea_ferrybox/DS27_PANGAEA_20260809T183210Z/HZG-Ferrybox_Cux-HarwNR1437.nc","scripts/00_downloads/stage2/20_acquire_ds27_pangaea_ferrybox.R","",TRUE,267300,"6a94988e2d679afc32b4c654b15855511ec9640709f5bcc2059ac18da71c4c9b","data/raw/stage2/ds27_pangaea_ferrybox/DS27_PANGAEA_20260809T183210Z/manifest.csv",FALSE,TRUE,"traceable"
"stage2","raw_evidence","data/raw/stage2/ds27_pangaea_ferrybox/DS27_PANGAEA_20260809T183210Z/HZG-Ferrybox_Cux-HarwNR1517.nc","scripts/00_downloads/stage2/20_acquire_ds27_pangaea_ferrybox.R","",TRUE,272676,"148bb19a5b21ec2e41e6e4790315626e41ec83cc57ad5d1f4d06e9f52e6c40f2","data/raw/stage2/ds27_pangaea_ferrybox/DS27_PANGAEA_20260809T183210Z/manifest.csv",FALSE,TRUE,"traceable"
"stage2","raw_evidence","data/raw/stage2/ds27_pangaea_ferrybox/DS27_PANGAEA_20260809T183210Z/HZG-Ferrybox_Cux-HarwNR1537.nc","scripts/00_downloads/stage2/20_acquire_ds27_pangaea_ferrybox.R","",TRUE,260740,"87e15f6b73811f0f52d6b1ac79dc7d24e38de964965679d9bd19fa3f4d85f1b2","data/raw/stage2/ds27_pangaea_ferrybox/DS27_PANGAEA_20260809T183210Z/manifest.csv",FALSE,TRUE,"traceable"
"stage2","raw_evidence","data/raw/stage2/ds27_pangaea_ferrybox/DS27_PANGAEA_20260809T183210Z/HZG-Ferrybox_Cux-HarwNR157.nc","scripts/00_downloads/stage2/20_acquire_ds27_pangaea_ferrybox.R","",TRUE,259756,"06445dd0e56e56da348c954e78f31b8d98ec18227f40cacef5ff448e2feac164","data/raw/stage2/ds27_pangaea_ferrybox/DS27_PANGAEA_20260809T183210Z/manifest.csv",FALSE,TRUE,"traceable"
"stage2","raw_evidence","data/raw/stage2/ds27_pangaea_ferrybox/DS27_PANGAEA_20260809T183210Z/HZG-Ferrybox_Cux-HarwNR1577.nc","scripts/00_downloads/stage2/20_acquire_ds27_pangaea_ferrybox.R","",TRUE,262052,"247ac0519fd6cabf60b33b7fb64e69741d5a1e3f84353cedbf7c233573719936","data/raw/stage2/ds27_pangaea_ferrybox/DS27_PANGAEA_20260809T183210Z/manifest.csv",FALSE,TRUE,"traceable"
"stage2","raw_evidence","data/raw/stage2/ds27_pangaea_ferrybox/DS27_PANGAEA_20260809T183210Z/HZG-Ferrybox_Cux-HarwNR16.nc","scripts/00_downloads/stage2/20_acquire_ds27_pangaea_ferrybox.R","",TRUE,250860,"b8ed9871ddc4c093877410e5a7f0971dcfddc8e458a8ec731b64895cc96f2e23","data/raw/stage2/ds27_pangaea_ferrybox/DS27_PANGAEA_20260809T183210Z/manifest.csv",FALSE,TRUE,"traceable"
"stage2","raw_evidence","data/raw/stage2/ds27_pangaea_ferrybox/DS27_PANGAEA_20260809T183210Z/HZG-Ferrybox_Cux-HarwNR1637.nc","scripts/00_downloads/stage2/20_acquire_ds27_pangaea_ferrybox.R","",TRUE,271524,"3afc56df97f95380f627b4882702365cd4e4f342e9a39b15ee2e7d5f3f76dbe1","data/raw/stage2/ds27_pangaea_ferrybox/DS27_PANGAEA_20260809T183210Z/manifest.csv",FALSE,TRUE,"traceable"
"stage2","raw_evidence","data/raw/stage2/ds27_pangaea_ferrybox/DS27_PANGAEA_20260809T183210Z/HZG-Ferrybox_Cux-HarwNR1657.nc","scripts/00_downloads/stage2/20_acquire_ds27_pangaea_ferrybox.R","",TRUE,268812,"cc1b0e533acf857c4a850c06d2c683425f737c1299f4641cd885edfd56353981","data/raw/stage2/ds27_pangaea_ferrybox/DS27_PANGAEA_20260809T183210Z/manifest.csv",FALSE,TRUE,"traceable"
"stage2","raw_evidence","data/raw/stage2/ds27_pangaea_ferrybox/DS27_PANGAEA_20260809T183210Z/HZG-Ferrybox_Cux-HarwNR1697.nc","scripts/00_downloads/stage2/20_acquire_ds27_pangaea_ferrybox.R","",TRUE,265916,"0d8360abf9a1fe5f05c77c761763fb83be259e173286f94ee38e79c1d83e0237","data/raw/stage2/ds27_pangaea_ferrybox/DS27_PANGAEA_20260809T183210Z/manifest.csv",FALSE,TRUE,"traceable"
"stage2","raw_evidence","data/raw/stage2/ds27_pangaea_ferrybox/DS27_PANGAEA_20260809T183210Z/HZG-Ferrybox_Cux-HarwNR1737.nc","scripts/00_downloads/stage2/20_acquire_ds27_pangaea_ferrybox.R","",TRUE,266512,"bc20268227b62764c4011a5d6b9874db3ff237845b9b9710c832417361128b41","data/raw/stage2/ds27_pangaea_ferrybox/DS27_PANGAEA_20260809T183210Z/manifest.csv",FALSE,TRUE,"traceable"
"stage2","raw_evidence","data/raw/stage2/ds27_pangaea_ferrybox/DS27_PANGAEA_20260809T183210Z/HZG-Ferrybox_Cux-HarwNR1777.nc","scripts/00_downloads/stage2/20_acquire_ds27_pangaea_ferrybox.R","",TRUE,268976,"03707456ce714a151ab8d0a268dcca9193597a8ca94f55cc61ec9d95ed71cc59","data/raw/stage2/ds27_pangaea_ferrybox/DS27_PANGAEA_20260809T183210Z/manifest.csv",FALSE,TRUE,"traceable"
"stage2","raw_evidence","data/raw/stage2/ds27_pangaea_ferrybox/DS27_PANGAEA_20260809T183210Z/HZG-Ferrybox_Cux-HarwNR18.nc","scripts/00_downloads/stage2/20_acquire_ds27_pangaea_ferrybox.R","",TRUE,269224,"215868faf1e514b45b22e66790b2a65a151c0dc446e96c29e2494b6e9ce699ac","data/raw/stage2/ds27_pangaea_ferrybox/DS27_PANGAEA_20260809T183210Z/manifest.csv",FALSE,TRUE,"traceable"
"stage2","raw_evidence","data/raw/stage2/ds27_pangaea_ferrybox/DS27_PANGAEA_20260809T183210Z/HZG-Ferrybox_Cux-HarwNR1817.nc","scripts/00_downloads/stage2/20_acquire_ds27_pangaea_ferrybox.R","",TRUE,311252,"409e55bc031ef6d043b9c39d8c5fb0ec77610cfa4575ce3233fcca2171e7ca23","data/raw/stage2/ds27_pangaea_ferrybox/DS27_PANGAEA_20260809T183210Z/manifest.csv",FALSE,TRUE,"traceable"
"stage2","raw_evidence","data/raw/stage2/ds27_pangaea_ferrybox/DS27_PANGAEA_20260809T183210Z/HZG-Ferrybox_Cux-HarwNR1857.nc","scripts/00_downloads/stage2/20_acquire_ds27_pangaea_ferrybox.R","",TRUE,275788,"d280f4bc4b8e106f6bb1db20ac19a2147178d42e37ea2972f57f2ca17884c317","data/raw/stage2/ds27_pangaea_ferrybox/DS27_PANGAEA_20260809T183210Z/manifest.csv",FALSE,TRUE,"traceable"
"stage2","raw_evidence","data/raw/stage2/ds27_pangaea_ferrybox/DS27_PANGAEA_20260809T183210Z/HZG-Ferrybox_Cux-HarwNR1897.nc","scripts/00_downloads/stage2/20_acquire_ds27_pangaea_ferrybox.R","",TRUE,269688,"f476e80a6efee9e6d8ff9ce89b3f3f60244d2a2c2af1b97553a6d183feca5d16","data/raw/stage2/ds27_pangaea_ferrybox/DS27_PANGAEA_20260809T183210Z/manifest.csv",FALSE,TRUE,"traceable"
"stage2","raw_evidence","data/raw/stage2/ds27_pangaea_ferrybox/DS27_PANGAEA_20260809T183210Z/HZG-Ferrybox_Cux-HarwNR1937.nc","scripts/00_downloads/stage2/20_acquire_ds27_pangaea_ferrybox.R","",TRUE,269724,"9aedd390da523378733b8e1e03d11455aabffaf8f9a2a98ab28a9c972bdb6fa3","data/raw/stage2/ds27_pangaea_ferrybox/DS27_PANGAEA_20260809T183210Z/manifest.csv",FALSE,TRUE,"traceable"
"stage2","raw_evidence","data/raw/stage2/ds27_pangaea_ferrybox/DS27_PANGAEA_20260809T183210Z/HZG-Ferrybox_Cux-HarwNR197.nc","scripts/00_downloads/stage2/20_acquire_ds27_pangaea_ferrybox.R","",TRUE,195100,"e401760371a547ae29057e094fba407163ea1152e19708f4360b1f79fa86b8d2","data/raw/stage2/ds27_pangaea_ferrybox/DS27_PANGAEA_20260809T183210Z/manifest.csv",FALSE,TRUE,"traceable"
"stage2","raw_evidence","data/raw/stage2/ds27_pangaea_ferrybox/DS27_PANGAEA_20260809T183210Z/HZG-Ferrybox_Cux-HarwNR1977.nc","scripts/00_downloads/stage2/20_acquire_ds27_pangaea_ferrybox.R","",TRUE,138688,"5c45789cab80c8c4ccd3569330c2bd19a9e621660122288386362de5c959c789","data/raw/stage2/ds27_pangaea_ferrybox/DS27_PANGAEA_20260809T183210Z/manifest.csv",FALSE,TRUE,"traceable"
"stage2","raw_evidence","data/raw/stage2/ds27_pangaea_ferrybox/DS27_PANGAEA_20260809T183210Z/HZG-Ferrybox_Cux-HarwNR1997.nc","scripts/00_downloads/stage2/20_acquire_ds27_pangaea_ferrybox.R","",TRUE,269596,"3dba0096d3031f5cf357c0940f6497846ce6a35968cb6ecf31eb338f24abf840","data/raw/stage2/ds27_pangaea_ferrybox/DS27_PANGAEA_20260809T183210Z/manifest.csv",FALSE,TRUE,"traceable"
"stage2","raw_evidence","data/raw/stage2/ds27_pangaea_ferrybox/DS27_PANGAEA_20260809T183210Z/HZG-Ferrybox_Cux-HarwNR20.nc","scripts/00_downloads/stage2/20_acquire_ds27_pangaea_ferrybox.R","",TRUE,270120,"1c02f619da8e4fd92be977c8bfc5f7ca00fc0919f37a47337baf5fe3673acb8d","data/raw/stage2/ds27_pangaea_ferrybox/DS27_PANGAEA_20260809T183210Z/manifest.csv",FALSE,TRUE,"traceable"
"stage2","raw_evidence","data/raw/stage2/ds27_pangaea_ferrybox/DS27_PANGAEA_20260809T183210Z/HZG-Ferrybox_Cux-HarwNR2037.nc","scripts/00_downloads/stage2/20_acquire_ds27_pangaea_ferrybox.R","",TRUE,265292,"d8516e2caca17287cc6240895974a04753efb539b8c3c0956551ec3630a3437b","data/raw/stage2/ds27_pangaea_ferrybox/DS27_PANGAEA_20260809T183210Z/manifest.csv",FALSE,TRUE,"traceable"
"stage2","raw_evidence","data/raw/stage2/ds27_pangaea_ferrybox/DS27_PANGAEA_20260809T183210Z/HZG-Ferrybox_Cux-HarwNR2077.nc","scripts/00_downloads/stage2/20_acquire_ds27_pangaea_ferrybox.R","",TRUE,264708,"d8fb6e58305b32c4c5adbdfdbf889597acfb9e7c3d3972f6157c38f9bb260423","data/raw/stage2/ds27_pangaea_ferrybox/DS27_PANGAEA_20260809T183210Z/manifest.csv",FALSE,TRUE,"traceable"
"stage2","raw_evidence","data/raw/stage2/ds27_pangaea_ferrybox/DS27_PANGAEA_20260809T183210Z/HZG-Ferrybox_Cux-HarwNR2177.nc","scripts/00_downloads/stage2/20_acquire_ds27_pangaea_ferrybox.R","",TRUE,265460,"ec59a5f26498941ac6b8c74f0daec41c1e05cbac78e6a65364af00d4bb5ebb07","data/raw/stage2/ds27_pangaea_ferrybox/DS27_PANGAEA_20260809T183210Z/manifest.csv",FALSE,TRUE,"traceable"
"stage2","raw_evidence","data/raw/stage2/ds27_pangaea_ferrybox/DS27_PANGAEA_20260809T183210Z/HZG-Ferrybox_Cux-HarwNR2197.nc","scripts/00_downloads/stage2/20_acquire_ds27_pangaea_ferrybox.R","",TRUE,264276,"a9e689f133b14cdbfde16ed0d1a0d09c830ef6f49d618cf7ab0173c129fb9e82","data/raw/stage2/ds27_pangaea_ferrybox/DS27_PANGAEA_20260809T183210Z/manifest.csv",FALSE,TRUE,"traceable"
"stage2","raw_evidence","data/raw/stage2/ds27_pangaea_ferrybox/DS27_PANGAEA_20260809T183210Z/HZG-Ferrybox_Cux-HarwNR22.nc","scripts/00_downloads/stage2/20_acquire_ds27_pangaea_ferrybox.R","",TRUE,268696,"284ec38e4e716dd5d6296e28f0da04d12231bf59280004d133aa602b418feeb4","data/raw/stage2/ds27_pangaea_ferrybox/DS27_PANGAEA_20260809T183210Z/manifest.csv",FALSE,TRUE,"traceable"
"stage2","raw_evidence","data/raw/stage2/ds27_pangaea_ferrybox/DS27_PANGAEA_20260809T183210Z/HZG-Ferrybox_Cux-HarwNR2257.nc","scripts/00_downloads/stage2/20_acquire_ds27_pangaea_ferrybox.R","",TRUE,264676,"a47126b4441e665a6d79ff1b8f4e17da87b62e930f2b7f90787acdc951c5aa1a","data/raw/stage2/ds27_pangaea_ferrybox/DS27_PANGAEA_20260809T183210Z/manifest.csv",FALSE,TRUE,"traceable"
"stage2","raw_evidence","data/raw/stage2/ds27_pangaea_ferrybox/DS27_PANGAEA_20260809T183210Z/HZG-Ferrybox_Cux-HarwNR2277.nc","scripts/00_downloads/stage2/20_acquire_ds27_pangaea_ferrybox.R","",TRUE,270088,"8e697657f33f704d74ff45f3429ae427cedf78170a1d723be414fb4a68c9259d","data/raw/stage2/ds27_pangaea_ferrybox/DS27_PANGAEA_20260809T183210Z/manifest.csv",FALSE,TRUE,"traceable"
"stage2","raw_evidence","data/raw/stage2/ds27_pangaea_ferrybox/DS27_PANGAEA_20260809T183210Z/HZG-Ferrybox_Cux-HarwNR2317.nc","scripts/00_downloads/stage2/20_acquire_ds27_pangaea_ferrybox.R","",TRUE,258372,"f1c9b9d7e6074e65ed6b811f20c47b58afa9ea878efb921105ede5a4f8031b99","data/raw/stage2/ds27_pangaea_ferrybox/DS27_PANGAEA_20260809T183210Z/manifest.csv",FALSE,TRUE,"traceable"
"stage2","raw_evidence","data/raw/stage2/ds27_pangaea_ferrybox/DS27_PANGAEA_20260809T183210Z/HZG-Ferrybox_Cux-HarwNR237.nc","scripts/00_downloads/stage2/20_acquire_ds27_pangaea_ferrybox.R","",TRUE,257880,"9b99a766283d6c7724b7896bc17c31781de47584c139396c6c7c270b5da54691","data/raw/stage2/ds27_pangaea_ferrybox/DS27_PANGAEA_20260809T183210Z/manifest.csv",FALSE,TRUE,"traceable"
"stage2","raw_evidence","data/raw/stage2/ds27_pangaea_ferrybox/DS27_PANGAEA_20260809T183210Z/HZG-Ferrybox_Cux-HarwNR2377.nc","scripts/00_downloads/stage2/20_acquire_ds27_pangaea_ferrybox.R","",TRUE,262048,"b8084fa7e8e0999b60170bd71a0facabfabbe0a750a251acbe927691cf47b188","data/raw/stage2/ds27_pangaea_ferrybox/DS27_PANGAEA_20260809T183210Z/manifest.csv",FALSE,TRUE,"traceable"
"stage2","raw_evidence","data/raw/stage2/ds27_pangaea_ferrybox/DS27_PANGAEA_20260809T183210Z/HZG-Ferrybox_Cux-HarwNR24.nc","scripts/00_downloads/stage2/20_acquire_ds27_pangaea_ferrybox.R","",TRUE,245408,"6a18fb2c513f2b220d1f59fd16b4b90a3b71b2ba19a887524f45fb14238631a4","data/raw/stage2/ds27_pangaea_ferrybox/DS27_PANGAEA_20260809T183210Z/manifest.csv",FALSE,TRUE,"traceable"
"stage2","raw_evidence","data/raw/stage2/ds27_pangaea_ferrybox/DS27_PANGAEA_20260809T183210Z/HZG-Ferrybox_Cux-HarwNR2557.nc","scripts/00_downloads/stage2/20_acquire_ds27_pangaea_ferrybox.R","",TRUE,243024,"d8f0d54aa401e15201ba83d45869a3a2c738c436f5fbc86d9905005cc148a534","data/raw/stage2/ds27_pangaea_ferrybox/DS27_PANGAEA_20260809T183210Z/manifest.csv",FALSE,TRUE,"traceable"
"stage2","raw_evidence","data/raw/stage2/ds27_pangaea_ferrybox/DS27_PANGAEA_20260809T183210Z/HZG-Ferrybox_Cux-HarwNR2597.nc","scripts/00_downloads/stage2/20_acquire_ds27_pangaea_ferrybox.R","",TRUE,208096,"ce198e323449f1a2065c9a3f49e97c42efd4387d879e2dce2fe19911867426b6","data/raw/stage2/ds27_pangaea_ferrybox/DS27_PANGAEA_20260809T183210Z/manifest.csv",FALSE,TRUE,"traceable"
"stage2","raw_evidence","data/raw/stage2/ds27_pangaea_ferrybox/DS27_PANGAEA_20260809T183210Z/HZG-Ferrybox_Cux-HarwNR26.nc","scripts/00_downloads/stage2/20_acquire_ds27_pangaea_ferrybox.R","",TRUE,249220,"99be30f9dfc2f5d5fb7293bbab0ec1726008d8b4b32ca0a066f87c72fe3acd7c","data/raw/stage2/ds27_pangaea_ferrybox/DS27_PANGAEA_20260809T183210Z/manifest.csv",FALSE,TRUE,"traceable"
"stage2","raw_evidence","data/raw/stage2/ds27_pangaea_ferrybox/DS27_PANGAEA_20260809T183210Z/HZG-Ferrybox_Cux-HarwNR2637.nc","scripts/00_downloads/stage2/20_acquire_ds27_pangaea_ferrybox.R","",TRUE,241844,"a7f10fccf3cfc5728f58fe495c0e5ccb98487b13e1942a3b3a81a9da8d92705c","data/raw/stage2/ds27_pangaea_ferrybox/DS27_PANGAEA_20260809T183210Z/manifest.csv",FALSE,TRUE,"traceable"
"stage2","raw_evidence","data/raw/stage2/ds27_pangaea_ferrybox/DS27_PANGAEA_20260809T183210Z/HZG-Ferrybox_Cux-HarwNR2677.nc","scripts/00_downloads/stage2/20_acquire_ds27_pangaea_ferrybox.R","",TRUE,263892,"88c37277e8a676f0fa9e94095f8095964bd5d0c8142ff872734fa0d466cc22ec","data/raw/stage2/ds27_pangaea_ferrybox/DS27_PANGAEA_20260809T183210Z/manifest.csv",FALSE,TRUE,"traceable"
"stage2","raw_evidence","data/raw/stage2/ds27_pangaea_ferrybox/DS27_PANGAEA_20260809T183210Z/HZG-Ferrybox_Cux-HarwNR2717.nc","scripts/00_downloads/stage2/20_acquire_ds27_pangaea_ferrybox.R","",TRUE,278936,"a4e54e5b9d42c22dc1409d79771ec36b1f1f34edb7f4f5c9bdee747775755631","data/raw/stage2/ds27_pangaea_ferrybox/DS27_PANGAEA_20260809T183210Z/manifest.csv",FALSE,TRUE,"traceable"
"stage2","raw_evidence","data/raw/stage2/ds27_pangaea_ferrybox/DS27_PANGAEA_20260809T183210Z/HZG-Ferrybox_Cux-HarwNR2757.nc","scripts/00_downloads/stage2/20_acquire_ds27_pangaea_ferrybox.R","",TRUE,266808,"887ce069f0617736419d238c29605988cb2121e31c47ba2f578e0b4abea476aa","data/raw/stage2/ds27_pangaea_ferrybox/DS27_PANGAEA_20260809T183210Z/manifest.csv",FALSE,TRUE,"traceable"
"stage2","raw_evidence","data/raw/stage2/ds27_pangaea_ferrybox/DS27_PANGAEA_20260809T183210Z/HZG-Ferrybox_Cux-HarwNR277.nc","scripts/00_downloads/stage2/20_acquire_ds27_pangaea_ferrybox.R","",TRUE,257328,"d6c264acc6812665f370594bc0b32e00632b92338e9590e32f68764da3a4a463","data/raw/stage2/ds27_pangaea_ferrybox/DS27_PANGAEA_20260809T183210Z/manifest.csv",FALSE,TRUE,"traceable"
"stage2","raw_evidence","data/raw/stage2/ds27_pangaea_ferrybox/DS27_PANGAEA_20260809T183210Z/HZG-Ferrybox_Cux-HarwNR2797.nc","scripts/00_downloads/stage2/20_acquire_ds27_pangaea_ferrybox.R","",TRUE,268808,"812c47f33e7beb7dc96c5e2869d1aaede344f71748a1992541023f661a99340f","data/raw/stage2/ds27_pangaea_ferrybox/DS27_PANGAEA_20260809T183210Z/manifest.csv",FALSE,TRUE,"traceable"
"stage2","raw_evidence","data/raw/stage2/ds27_pangaea_ferrybox/DS27_PANGAEA_20260809T183210Z/HZG-Ferrybox_Cux-HarwNR28.nc","scripts/00_downloads/stage2/20_acquire_ds27_pangaea_ferrybox.R","",TRUE,247648,"cd25ef13d0d7fca8965b1662944d0cae6424eca753854b5ff4bda1a85ecefe39","data/raw/stage2/ds27_pangaea_ferrybox/DS27_PANGAEA_20260809T183210Z/manifest.csv",FALSE,TRUE,"traceable"
"stage2","raw_evidence","data/raw/stage2/ds27_pangaea_ferrybox/DS27_PANGAEA_20260809T183210Z/HZG-Ferrybox_Cux-HarwNR2837.nc","scripts/00_downloads/stage2/20_acquire_ds27_pangaea_ferrybox.R","",TRUE,270836,"3f4a1e71add45b35be09cc1dea93bb2c45a9f5949362b767ee7435e8f78fe652","data/raw/stage2/ds27_pangaea_ferrybox/DS27_PANGAEA_20260809T183210Z/manifest.csv",FALSE,TRUE,"traceable"
"stage2","raw_evidence","data/raw/stage2/ds27_pangaea_ferrybox/DS27_PANGAEA_20260809T183210Z/HZG-Ferrybox_Cux-HarwNR2877.nc","scripts/00_downloads/stage2/20_acquire_ds27_pangaea_ferrybox.R","",TRUE,264600,"c0737afaf2295ad864f9df6a42e1d61db8db188203e7eb8532ccb5139abfd444","data/raw/stage2/ds27_pangaea_ferrybox/DS27_PANGAEA_20260809T183210Z/manifest.csv",FALSE,TRUE,"traceable"
"stage2","raw_evidence","data/raw/stage2/ds27_pangaea_ferrybox/DS27_PANGAEA_20260809T183210Z/HZG-Ferrybox_Cux-HarwNR2917.nc","scripts/00_downloads/stage2/20_acquire_ds27_pangaea_ferrybox.R","",TRUE,99784,"630dc39679dcb947e274dac2d73a7e8e37505a63a1a9966e1907ba77bede6886","data/raw/stage2/ds27_pangaea_ferrybox/DS27_PANGAEA_20260809T183210Z/manifest.csv",FALSE,TRUE,"traceable"
"stage2","raw_evidence","data/raw/stage2/ds27_pangaea_ferrybox/DS27_PANGAEA_20260809T183210Z/HZG-Ferrybox_Cux-HarwNR2937.nc","scripts/00_downloads/stage2/20_acquire_ds27_pangaea_ferrybox.R","",TRUE,108256,"9d5fa8e53b1eab6c7f59ab504052f4810314c23860eddf990601cb96eb7dab1f","data/raw/stage2/ds27_pangaea_ferrybox/DS27_PANGAEA_20260809T183210Z/manifest.csv",FALSE,TRUE,"traceable"
"stage2","raw_evidence","data/raw/stage2/ds27_pangaea_ferrybox/DS27_PANGAEA_20260809T183210Z/HZG-Ferrybox_Cux-HarwNR297.nc","scripts/00_downloads/stage2/20_acquire_ds27_pangaea_ferrybox.R","",TRUE,258080,"6852ad12eda1d821f4563df214cc896e4f79087847239024e2e2f870e8151dcc","data/raw/stage2/ds27_pangaea_ferrybox/DS27_PANGAEA_20260809T183210Z/manifest.csv",FALSE,TRUE,"traceable"
"stage2","raw_evidence","data/raw/stage2/ds27_pangaea_ferrybox/DS27_PANGAEA_20260809T183210Z/HZG-Ferrybox_Cux-HarwNR2977.nc","scripts/00_downloads/stage2/20_acquire_ds27_pangaea_ferrybox.R","",TRUE,269104,"d23008a9cc2a14f74119dfff8c5bbf054a54806ce2eef6a6400e7313d46bedf2","data/raw/stage2/ds27_pangaea_ferrybox/DS27_PANGAEA_20260809T183210Z/manifest.csv",FALSE,TRUE,"traceable"
"stage2","raw_evidence","data/raw/stage2/ds27_pangaea_ferrybox/DS27_PANGAEA_20260809T183210Z/HZG-Ferrybox_Cux-HarwNR3.nc","scripts/00_downloads/stage2/20_acquire_ds27_pangaea_ferrybox.R","",TRUE,190416,"f96d815605aee43e53b53624934309fe238de13127b6bd3938bc206927ad55a5","data/raw/stage2/ds27_pangaea_ferrybox/DS27_PANGAEA_20260809T183210Z/manifest.csv",FALSE,TRUE,"traceable"
"stage2","raw_evidence","data/raw/stage2/ds27_pangaea_ferrybox/DS27_PANGAEA_20260809T183210Z/HZG-Ferrybox_Cux-HarwNR30.nc","scripts/00_downloads/stage2/20_acquire_ds27_pangaea_ferrybox.R","",TRUE,245740,"0149839095e6e9e41a303ee554737ca07109d4ec484604f6109a07e849ac1b39","data/raw/stage2/ds27_pangaea_ferrybox/DS27_PANGAEA_20260809T183210Z/manifest.csv",FALSE,TRUE,"traceable"
"stage2","raw_evidence","data/raw/stage2/ds27_pangaea_ferrybox/DS27_PANGAEA_20260809T183210Z/HZG-Ferrybox_Cux-HarwNR3037.nc","scripts/00_downloads/stage2/20_acquire_ds27_pangaea_ferrybox.R","",TRUE,276608,"b3c5e4f4ee9c936abcbba3ad720c3b3b96323b5af9a92172b16897d1d1164291","data/raw/stage2/ds27_pangaea_ferrybox/DS27_PANGAEA_20260809T183210Z/manifest.csv",FALSE,TRUE,"traceable"
"stage2","raw_evidence","data/raw/stage2/ds27_pangaea_ferrybox/DS27_PANGAEA_20260809T183210Z/HZG-Ferrybox_Cux-HarwNR3077.nc","scripts/00_downloads/stage2/20_acquire_ds27_pangaea_ferrybox.R","",TRUE,268976,"15e0399ae0f0e1226aeadd2be5a12dd4d1cd7e0f8b1290222d00b5c9df5c4e84","data/raw/stage2/ds27_pangaea_ferrybox/DS27_PANGAEA_20260809T183210Z/manifest.csv",FALSE,TRUE,"traceable"
"stage2","raw_evidence","data/raw/stage2/ds27_pangaea_ferrybox/DS27_PANGAEA_20260809T183210Z/HZG-Ferrybox_Cux-HarwNR31.nc","scripts/00_downloads/stage2/20_acquire_ds27_pangaea_ferrybox.R","",TRUE,282052,"e47631f81280a4610c999c4d4d72bf852c1c0608da49804215056e8823832f72","data/raw/stage2/ds27_pangaea_ferrybox/DS27_PANGAEA_20260809T183210Z/manifest.csv",FALSE,TRUE,"traceable"
"stage2","raw_evidence","data/raw/stage2/ds27_pangaea_ferrybox/DS27_PANGAEA_20260809T183210Z/HZG-Ferrybox_Cux-HarwNR3117.nc","scripts/00_downloads/stage2/20_acquire_ds27_pangaea_ferrybox.R","",TRUE,266968,"d01254f800ded1638d308eab2fcb08e8a20d615619bc1228683798c4d8772f7b","data/raw/stage2/ds27_pangaea_ferrybox/DS27_PANGAEA_20260809T183210Z/manifest.csv",FALSE,TRUE,"traceable"
"stage2","raw_evidence","data/raw/stage2/ds27_pangaea_ferrybox/DS27_PANGAEA_20260809T183210Z/HZG-Ferrybox_Cux-HarwNR3157.nc","scripts/00_downloads/stage2/20_acquire_ds27_pangaea_ferrybox.R","",TRUE,266024,"33d005579d318a283bcb457acb5ea97bd115e3f33e66b4fdc11d51dedb564a4c","data/raw/stage2/ds27_pangaea_ferrybox/DS27_PANGAEA_20260809T183210Z/manifest.csv",FALSE,TRUE,"traceable"
"stage2","raw_evidence","data/raw/stage2/ds27_pangaea_ferrybox/DS27_PANGAEA_20260809T183210Z/HZG-Ferrybox_Cux-HarwNR3197.nc","scripts/00_downloads/stage2/20_acquire_ds27_pangaea_ferrybox.R","",TRUE,261688,"7f8f8ebc5606a1ef310b3c294856fb77ebee4d26ee73921cc0fe067c8d410482","data/raw/stage2/ds27_pangaea_ferrybox/DS27_PANGAEA_20260809T183210Z/manifest.csv",FALSE,TRUE,"traceable"
"stage2","raw_evidence","data/raw/stage2/ds27_pangaea_ferrybox/DS27_PANGAEA_20260809T183210Z/HZG-Ferrybox_Cux-HarwNR32.nc","scripts/00_downloads/stage2/20_acquire_ds27_pangaea_ferrybox.R","",TRUE,257380,"74bf5c1954a9b5115e647415d182b97e21ccb25ba605500d250880ce5162ff3c","data/raw/stage2/ds27_pangaea_ferrybox/DS27_PANGAEA_20260809T183210Z/manifest.csv",FALSE,TRUE,"traceable"
"stage2","raw_evidence","data/raw/stage2/ds27_pangaea_ferrybox/DS27_PANGAEA_20260809T183210Z/HZG-Ferrybox_Cux-HarwNR3349.nc","scripts/00_downloads/stage2/20_acquire_ds27_pangaea_ferrybox.R","",TRUE,268856,"c013ea4851ef0cc6287c411dff06db4e22f6b34b358c795d610417c1ea4451ca","data/raw/stage2/ds27_pangaea_ferrybox/DS27_PANGAEA_20260809T183210Z/manifest.csv",FALSE,TRUE,"traceable"
"stage2","raw_evidence","data/raw/stage2/ds27_pangaea_ferrybox/DS27_PANGAEA_20260809T183210Z/HZG-Ferrybox_Cux-HarwNR3351.nc","scripts/00_downloads/stage2/20_acquire_ds27_pangaea_ferrybox.R","",TRUE,267264,"b4ab9b9dc07e8fbee5f126305c571877ffdc391a9a9c033b2f442970dda991d2","data/raw/stage2/ds27_pangaea_ferrybox/DS27_PANGAEA_20260809T183210Z/manifest.csv",FALSE,TRUE,"traceable"
"stage2","raw_evidence","data/raw/stage2/ds27_pangaea_ferrybox/DS27_PANGAEA_20260809T183210Z/HZG-Ferrybox_Cux-HarwNR3353.nc","scripts/00_downloads/stage2/20_acquire_ds27_pangaea_ferrybox.R","",TRUE,248040,"4b557874b1c742f04d6034ff5b3298aa11fcb5b7fb42a1554e7d266c2bf98899","data/raw/stage2/ds27_pangaea_ferrybox/DS27_PANGAEA_20260809T183210Z/manifest.csv",FALSE,TRUE,"traceable"
"stage2","raw_evidence","data/raw/stage2/ds27_pangaea_ferrybox/DS27_PANGAEA_20260809T183210Z/HZG-Ferrybox_Cux-HarwNR3355.nc","scripts/00_downloads/stage2/20_acquire_ds27_pangaea_ferrybox.R","",TRUE,50420,"54dce0ce690dbf9dd628e1922198327432c399376a49a0436683017ae2f61b64","data/raw/stage2/ds27_pangaea_ferrybox/DS27_PANGAEA_20260809T183210Z/manifest.csv",FALSE,TRUE,"traceable"
"stage2","raw_evidence","data/raw/stage2/ds27_pangaea_ferrybox/DS27_PANGAEA_20260809T183210Z/HZG-Ferrybox_Cux-HarwNR3356.nc","scripts/00_downloads/stage2/20_acquire_ds27_pangaea_ferrybox.R","",TRUE,267004,"b1a63875261022166f25b1d0919bd8391df6e4ebf4a22af063d20179d3162fc8","data/raw/stage2/ds27_pangaea_ferrybox/DS27_PANGAEA_20260809T183210Z/manifest.csv",FALSE,TRUE,"traceable"
"stage2","raw_evidence","data/raw/stage2/ds27_pangaea_ferrybox/DS27_PANGAEA_20260809T183210Z/HZG-Ferrybox_Cux-HarwNR3358.nc","scripts/00_downloads/stage2/20_acquire_ds27_pangaea_ferrybox.R","",TRUE,236632,"36366b29482b877f841a8353d3e3262fbf50fc7cb0005dd5ae104716c5a82595","data/raw/stage2/ds27_pangaea_ferrybox/DS27_PANGAEA_20260809T183210Z/manifest.csv",FALSE,TRUE,"traceable"
"stage2","raw_evidence","data/raw/stage2/ds27_pangaea_ferrybox/DS27_PANGAEA_20260809T183210Z/HZG-Ferrybox_Cux-HarwNR3360.nc","scripts/00_downloads/stage2/20_acquire_ds27_pangaea_ferrybox.R","",TRUE,268612,"0d4877cad66f728cf37090548c2f6d1b53b143852c7f37fce2ce98687bc43ee6","data/raw/stage2/ds27_pangaea_ferrybox/DS27_PANGAEA_20260809T183210Z/manifest.csv",FALSE,TRUE,"traceable"
"stage2","raw_evidence","data/raw/stage2/ds27_pangaea_ferrybox/DS27_PANGAEA_20260809T183210Z/HZG-Ferrybox_Cux-HarwNR3362.nc","scripts/00_downloads/stage2/20_acquire_ds27_pangaea_ferrybox.R","",TRUE,268448,"3a55d64f7023ecd41e06f256e30eda81a9bfe5b8e5131c4eeba1fb5dd6b09d28","data/raw/stage2/ds27_pangaea_ferrybox/DS27_PANGAEA_20260809T183210Z/manifest.csv",FALSE,TRUE,"traceable"
"stage2","raw_evidence","data/raw/stage2/ds27_pangaea_ferrybox/DS27_PANGAEA_20260809T183210Z/HZG-Ferrybox_Cux-HarwNR337.nc","scripts/00_downloads/stage2/20_acquire_ds27_pangaea_ferrybox.R","",TRUE,255584,"249ffb83c440c9a15b68f4ac475e355d220772984d0e27c1541788675948ccaa","data/raw/stage2/ds27_pangaea_ferrybox/DS27_PANGAEA_20260809T183210Z/manifest.csv",FALSE,TRUE,"traceable"
"stage2","raw_evidence","data/raw/stage2/ds27_pangaea_ferrybox/DS27_PANGAEA_20260809T183210Z/HZG-Ferrybox_Cux-HarwNR3377.nc","scripts/00_downloads/stage2/20_acquire_ds27_pangaea_ferrybox.R","",TRUE,267792,"5a01e8ed8e6a07fca050995a923c2eb85f4fd5cbca544a5f9d3169a78f433530","data/raw/stage2/ds27_pangaea_ferrybox/DS27_PANGAEA_20260809T183210Z/manifest.csv",FALSE,TRUE,"traceable"
"stage2","raw_evidence","data/raw/stage2/ds27_pangaea_ferrybox/DS27_PANGAEA_20260809T183210Z/HZG-Ferrybox_Cux-HarwNR34.nc","scripts/00_downloads/stage2/20_acquire_ds27_pangaea_ferrybox.R","",TRUE,239612,"36bdbe27eec50a32f484ff1cc07902ca845e75264a119a3bc893845251d86611","data/raw/stage2/ds27_pangaea_ferrybox/DS27_PANGAEA_20260809T183210Z/manifest.csv",FALSE,TRUE,"traceable"
"stage2","raw_evidence","data/raw/stage2/ds27_pangaea_ferrybox/DS27_PANGAEA_20260809T183210Z/HZG-Ferrybox_Cux-HarwNR3417.nc","scripts/00_downloads/stage2/20_acquire_ds27_pangaea_ferrybox.R","",TRUE,272872,"08b395f92357686437c7bf43d93f3555a302e08d57c412519227ab2ddb3944d4","data/raw/stage2/ds27_pangaea_ferrybox/DS27_PANGAEA_20260809T183210Z/manifest.csv",FALSE,TRUE,"traceable"
"stage2","raw_evidence","data/raw/stage2/ds27_pangaea_ferrybox/DS27_PANGAEA_20260809T183210Z/HZG-Ferrybox_Cux-HarwNR3457.nc","scripts/00_downloads/stage2/20_acquire_ds27_pangaea_ferrybox.R","",TRUE,267428,"546618fb19d9377e795d3ab9b6bbaf326f9259b560c5319ea6d6bfc22c9a6d9f","data/raw/stage2/ds27_pangaea_ferrybox/DS27_PANGAEA_20260809T183210Z/manifest.csv",FALSE,TRUE,"traceable"
"stage2","raw_evidence","data/raw/stage2/ds27_pangaea_ferrybox/DS27_PANGAEA_20260809T183210Z/HZG-Ferrybox_Cux-HarwNR3497.nc","scripts/00_downloads/stage2/20_acquire_ds27_pangaea_ferrybox.R","",TRUE,270672,"949f0f80d6e174189b31cb16e9c2ad308447e505ec1ba3beaf74c23403d0f8e8","data/raw/stage2/ds27_pangaea_ferrybox/DS27_PANGAEA_20260809T183210Z/manifest.csv",FALSE,TRUE,"traceable"
"stage2","raw_evidence","data/raw/stage2/ds27_pangaea_ferrybox/DS27_PANGAEA_20260809T183210Z/HZG-Ferrybox_Cux-HarwNR3577.nc","scripts/00_downloads/stage2/20_acquire_ds27_pangaea_ferrybox.R","",TRUE,267628,"4a4d0d3ea0cb37616e2c429e82748798377cd690ebe5cfad58e69c8e0c92ae19","data/raw/stage2/ds27_pangaea_ferrybox/DS27_PANGAEA_20260809T183210Z/manifest.csv",FALSE,TRUE,"traceable"
"stage2","raw_evidence","data/raw/stage2/ds27_pangaea_ferrybox/DS27_PANGAEA_20260809T183210Z/HZG-Ferrybox_Cux-HarwNR3597.nc","scripts/00_downloads/stage2/20_acquire_ds27_pangaea_ferrybox.R","",TRUE,267060,"f002b0fe388e34e0abd935cda6d1614b7a4207c09d0777373f4baf4cf4cc3d99","data/raw/stage2/ds27_pangaea_ferrybox/DS27_PANGAEA_20260809T183210Z/manifest.csv",FALSE,TRUE,"traceable"
"stage2","raw_evidence","data/raw/stage2/ds27_pangaea_ferrybox/DS27_PANGAEA_20260809T183210Z/HZG-Ferrybox_Cux-HarwNR36.nc","scripts/00_downloads/stage2/20_acquire_ds27_pangaea_ferrybox.R","",TRUE,77840,"6c99d23cc054cfc78bc680d0eee8e536cd4451afb8933cd87019ad1115d7bb48","data/raw/stage2/ds27_pangaea_ferrybox/DS27_PANGAEA_20260809T183210Z/manifest.csv",FALSE,TRUE,"traceable"
"stage2","raw_evidence","data/raw/stage2/ds27_pangaea_ferrybox/DS27_PANGAEA_20260809T183210Z/HZG-Ferrybox_Cux-HarwNR3657.nc","scripts/00_downloads/stage2/20_acquire_ds27_pangaea_ferrybox.R","",TRUE,309444,"4cfcd0769f057e5f7c93a62ce4eae98d178f2c5733453d822421c917e3420124","data/raw/stage2/ds27_pangaea_ferrybox/DS27_PANGAEA_20260809T183210Z/manifest.csv",FALSE,TRUE,"traceable"
"stage2","raw_evidence","data/raw/stage2/ds27_pangaea_ferrybox/DS27_PANGAEA_20260809T183210Z/HZG-Ferrybox_Cux-HarwNR3677.nc","scripts/00_downloads/stage2/20_acquire_ds27_pangaea_ferrybox.R","",TRUE,260212,"d839d96e4bfe00fbddcd4b46e7ddd843079249ff8c5e97ce5fe9ff022c12bde0","data/raw/stage2/ds27_pangaea_ferrybox/DS27_PANGAEA_20260809T183210Z/manifest.csv",FALSE,TRUE,"traceable"
"stage2","raw_evidence","data/raw/stage2/ds27_pangaea_ferrybox/DS27_PANGAEA_20260809T183210Z/HZG-Ferrybox_Cux-HarwNR3697.nc","scripts/00_downloads/stage2/20_acquire_ds27_pangaea_ferrybox.R","",TRUE,269632,"faa30dd4b5736655d9856bbc222dd946b956be41af750603515a38c2cc15fb25","data/raw/stage2/ds27_pangaea_ferrybox/DS27_PANGAEA_20260809T183210Z/manifest.csv",FALSE,TRUE,"traceable"
"stage2","raw_evidence","data/raw/stage2/ds27_pangaea_ferrybox/DS27_PANGAEA_20260809T183210Z/HZG-Ferrybox_Cux-HarwNR37.nc","scripts/00_downloads/stage2/20_acquire_ds27_pangaea_ferrybox.R","",TRUE,255580,"873cb3b8ba4df13cbe486e1cc64f6287232b8b65b2c89a1812b267919b2efffd","data/raw/stage2/ds27_pangaea_ferrybox/DS27_PANGAEA_20260809T183210Z/manifest.csv",FALSE,TRUE,"traceable"
"stage2","raw_evidence","data/raw/stage2/ds27_pangaea_ferrybox/DS27_PANGAEA_20260809T183210Z/HZG-Ferrybox_Cux-HarwNR3737.nc","scripts/00_downloads/stage2/20_acquire_ds27_pangaea_ferrybox.R","",TRUE,267428,"401349bfba52320bfa7ffdbc5afe6e190e3271e7d601a68825c2c37a48dd7edf","data/raw/stage2/ds27_pangaea_ferrybox/DS27_PANGAEA_20260809T183210Z/manifest.csv",FALSE,TRUE,"traceable"
"stage2","raw_evidence","data/raw/stage2/ds27_pangaea_ferrybox/DS27_PANGAEA_20260809T183210Z/HZG-Ferrybox_Cux-HarwNR3757.nc","scripts/00_downloads/stage2/20_acquire_ds27_pangaea_ferrybox.R","",TRUE,275500,"fa9923538f88cab9ff52132c6b8da37666e0d543e6ee3c87f3e2d52bbd4f1a6d","data/raw/stage2/ds27_pangaea_ferrybox/DS27_PANGAEA_20260809T183210Z/manifest.csv",FALSE,TRUE,"traceable"
"stage2","raw_evidence","data/raw/stage2/ds27_pangaea_ferrybox/DS27_PANGAEA_20260809T183210Z/HZG-Ferrybox_Cux-HarwNR377.nc","scripts/00_downloads/stage2/20_acquire_ds27_pangaea_ferrybox.R","",TRUE,248204,"928394995110e00dcdac7952e84a357efa6fe5299b00c7093c1fef0d3915449f","data/raw/stage2/ds27_pangaea_ferrybox/DS27_PANGAEA_20260809T183210Z/manifest.csv",FALSE,TRUE,"traceable"
"stage2","raw_evidence","data/raw/stage2/ds27_pangaea_ferrybox/DS27_PANGAEA_20260809T183210Z/HZG-Ferrybox_Cux-HarwNR3777.nc","scripts/00_downloads/stage2/20_acquire_ds27_pangaea_ferrybox.R","",TRUE,266972,"97df9507c10b65297a71741a47c81fcbfb4c3b0135ede59c426921c24d33944f","data/raw/stage2/ds27_pangaea_ferrybox/DS27_PANGAEA_20260809T183210Z/manifest.csv",FALSE,TRUE,"traceable"
"stage2","raw_evidence","data/raw/stage2/ds27_pangaea_ferrybox/DS27_PANGAEA_20260809T183210Z/HZG-Ferrybox_Cux-HarwNR3817.nc","scripts/00_downloads/stage2/20_acquire_ds27_pangaea_ferrybox.R","",TRUE,266080,"d9f370101cd6c8ad6229e537c260f22353cfa35d95bc420bd0722fd9ae159334","data/raw/stage2/ds27_pangaea_ferrybox/DS27_PANGAEA_20260809T183210Z/manifest.csv",FALSE,TRUE,"traceable"
"stage2","raw_evidence","data/raw/stage2/ds27_pangaea_ferrybox/DS27_PANGAEA_20260809T183210Z/HZG-Ferrybox_Cux-HarwNR3857.nc","scripts/00_downloads/stage2/20_acquire_ds27_pangaea_ferrybox.R","",TRUE,267988,"ab02a87a158dc4b98609a798f3587ad40453b896787e9d8b29bd02d40c9f9eb3","data/raw/stage2/ds27_pangaea_ferrybox/DS27_PANGAEA_20260809T183210Z/manifest.csv",FALSE,TRUE,"traceable"
"stage2","raw_evidence","data/raw/stage2/ds27_pangaea_ferrybox/DS27_PANGAEA_20260809T183210Z/HZG-Ferrybox_Cux-HarwNR3897.nc","scripts/00_downloads/stage2/20_acquire_ds27_pangaea_ferrybox.R","",TRUE,252632,"5fa7ffa443f03036537ca5f78213dc84984a8d5a2aa0f8f4474be969d4c6bd0c","data/raw/stage2/ds27_pangaea_ferrybox/DS27_PANGAEA_20260809T183210Z/manifest.csv",FALSE,TRUE,"traceable"
"stage2","raw_evidence","data/raw/stage2/ds27_pangaea_ferrybox/DS27_PANGAEA_20260809T183210Z/HZG-Ferrybox_Cux-HarwNR3938.nc","scripts/00_downloads/stage2/20_acquire_ds27_pangaea_ferrybox.R","",TRUE,263692,"7c19432a01669812f8e9a6c329e3c8f000a42030159bc384316e38aa66b85cea","data/raw/stage2/ds27_pangaea_ferrybox/DS27_PANGAEA_20260809T183210Z/manifest.csv",FALSE,TRUE,"traceable"
"stage2","raw_evidence","data/raw/stage2/ds27_pangaea_ferrybox/DS27_PANGAEA_20260809T183210Z/HZG-Ferrybox_Cux-HarwNR397.nc","scripts/00_downloads/stage2/20_acquire_ds27_pangaea_ferrybox.R","",TRUE,254052,"d668400d8dc1faf3def10fd39379822285b15c947711016f43c556975ecc96ae","data/raw/stage2/ds27_pangaea_ferrybox/DS27_PANGAEA_20260809T183210Z/manifest.csv",FALSE,TRUE,"traceable"
"stage2","raw_evidence","data/raw/stage2/ds27_pangaea_ferrybox/DS27_PANGAEA_20260809T183210Z/HZG-Ferrybox_Cux-HarwNR40.nc","scripts/00_downloads/stage2/20_acquire_ds27_pangaea_ferrybox.R","",TRUE,262904,"ab8b041d785d0679f473cc7b7313849dbd164fa66dfe8002f84d11547fad3d06","data/raw/stage2/ds27_pangaea_ferrybox/DS27_PANGAEA_20260809T183210Z/manifest.csv",FALSE,TRUE,"traceable"
"stage2","raw_evidence","data/raw/stage2/ds27_pangaea_ferrybox/DS27_PANGAEA_20260809T183210Z/HZG-Ferrybox_Cux-HarwNR4038.nc","scripts/00_downloads/stage2/20_acquire_ds27_pangaea_ferrybox.R","",TRUE,268772,"88e9e17d53b2fe09124d52552e44da0571a968d3681a81762f5b19b02e976834","data/raw/stage2/ds27_pangaea_ferrybox/DS27_PANGAEA_20260809T183210Z/manifest.csv",FALSE,TRUE,"traceable"
"stage2","raw_evidence","data/raw/stage2/ds27_pangaea_ferrybox/DS27_PANGAEA_20260809T183210Z/HZG-Ferrybox_Cux-HarwNR4058.nc","scripts/00_downloads/stage2/20_acquire_ds27_pangaea_ferrybox.R","",TRUE,231220,"b9e5c904662c01bdeb61095fcd74fc4cf4f76a73c0f75ac6463a3b1d07694c2c","data/raw/stage2/ds27_pangaea_ferrybox/DS27_PANGAEA_20260809T183210Z/manifest.csv",FALSE,TRUE,"traceable"
"stage2","raw_evidence","data/raw/stage2/ds27_pangaea_ferrybox/DS27_PANGAEA_20260809T183210Z/HZG-Ferrybox_Cux-HarwNR4060.nc","scripts/00_downloads/stage2/20_acquire_ds27_pangaea_ferrybox.R","",TRUE,270416,"568e5a378c7b67dc8db70ca361a1cbcf7e10a4a8558a08d60918e5aff0c917b1","data/raw/stage2/ds27_pangaea_ferrybox/DS27_PANGAEA_20260809T183210Z/manifest.csv",FALSE,TRUE,"traceable"
"stage2","raw_evidence","data/raw/stage2/ds27_pangaea_ferrybox/DS27_PANGAEA_20260809T183210Z/HZG-Ferrybox_Cux-HarwNR4062.nc","scripts/00_downloads/stage2/20_acquire_ds27_pangaea_ferrybox.R","",TRUE,270088,"da043b042222dfc9195d17826e8c13144dc773e05783cc5035a0f35d3a0019e0","data/raw/stage2/ds27_pangaea_ferrybox/DS27_PANGAEA_20260809T183210Z/manifest.csv",FALSE,TRUE,"traceable"
"stage2","raw_evidence","data/raw/stage2/ds27_pangaea_ferrybox/DS27_PANGAEA_20260809T183210Z/HZG-Ferrybox_Cux-HarwNR4137.nc","scripts/00_downloads/stage2/20_acquire_ds27_pangaea_ferrybox.R","",TRUE,263492,"6cf57919424263712b28ae91def9b4955df59efd92cdf61674ac745d99c1ac72","data/raw/stage2/ds27_pangaea_ferrybox/DS27_PANGAEA_20260809T183210Z/manifest.csv",FALSE,TRUE,"traceable"
"stage2","raw_evidence","data/raw/stage2/ds27_pangaea_ferrybox/DS27_PANGAEA_20260809T183210Z/HZG-Ferrybox_Cux-HarwNR42.nc","scripts/00_downloads/stage2/20_acquire_ds27_pangaea_ferrybox.R","",TRUE,256180,"bd42e36d416ae572386be4ca444a4f8dc1e6eb3f609610e4c870dd22241312a5","data/raw/stage2/ds27_pangaea_ferrybox/DS27_PANGAEA_20260809T183210Z/manifest.csv",FALSE,TRUE,"traceable"
"stage2","raw_evidence","data/raw/stage2/ds27_pangaea_ferrybox/DS27_PANGAEA_20260809T183210Z/HZG-Ferrybox_Cux-HarwNR4297.nc","scripts/00_downloads/stage2/20_acquire_ds27_pangaea_ferrybox.R","",TRUE,273732,"ece8d4b6cb8391b40767d50162354b789e39ab5045090551970e3a6adade6112","data/raw/stage2/ds27_pangaea_ferrybox/DS27_PANGAEA_20260809T183210Z/manifest.csv",FALSE,TRUE,"traceable"
"stage2","raw_evidence","data/raw/stage2/ds27_pangaea_ferrybox/DS27_PANGAEA_20260809T183210Z/HZG-Ferrybox_Cux-HarwNR437.nc","scripts/00_downloads/stage2/20_acquire_ds27_pangaea_ferrybox.R","",TRUE,251588,"047cbad5d9abc985142ee6b490706ba9af57b08ab7c037c475472f2fafacbf39","data/raw/stage2/ds27_pangaea_ferrybox/DS27_PANGAEA_20260809T183210Z/manifest.csv",FALSE,TRUE,"traceable"
"stage2","raw_evidence","data/raw/stage2/ds27_pangaea_ferrybox/DS27_PANGAEA_20260809T183210Z/HZG-Ferrybox_Cux-HarwNR4377.nc","scripts/00_downloads/stage2/20_acquire_ds27_pangaea_ferrybox.R","",TRUE,269760,"5f4a349015a1e6433d30c5bcc47632cc992dcd8f253445fb25cd0d9d1ae117a1","data/raw/stage2/ds27_pangaea_ferrybox/DS27_PANGAEA_20260809T183210Z/manifest.csv",FALSE,TRUE,"traceable"
"stage2","raw_evidence","data/raw/stage2/ds27_pangaea_ferrybox/DS27_PANGAEA_20260809T183210Z/HZG-Ferrybox_Cux-HarwNR44.nc","scripts/00_downloads/stage2/20_acquire_ds27_pangaea_ferrybox.R","",TRUE,260772,"7a0f95cc6f44095986de12ed9236550da9e639ef296de05b784105741d744a68","data/raw/stage2/ds27_pangaea_ferrybox/DS27_PANGAEA_20260809T183210Z/manifest.csv",FALSE,TRUE,"traceable"
"stage2","raw_evidence","data/raw/stage2/ds27_pangaea_ferrybox/DS27_PANGAEA_20260809T183210Z/HZG-Ferrybox_Cux-HarwNR4417.nc","scripts/00_downloads/stage2/20_acquire_ds27_pangaea_ferrybox.R","",TRUE,269432,"fece6ef066b95a03c4900088e982036e89ff1305c8a6f6302649ea98df9d9b0d","data/raw/stage2/ds27_pangaea_ferrybox/DS27_PANGAEA_20260809T183210Z/manifest.csv",FALSE,TRUE,"traceable"
"stage2","raw_evidence","data/raw/stage2/ds27_pangaea_ferrybox/DS27_PANGAEA_20260809T183210Z/HZG-Ferrybox_Cux-HarwNR4457.nc","scripts/00_downloads/stage2/20_acquire_ds27_pangaea_ferrybox.R","",TRUE,273496,"e516b6a9831a0009b43d6a08634af02f9d4edb5088ddb3bf96323c7cbb8df754","data/raw/stage2/ds27_pangaea_ferrybox/DS27_PANGAEA_20260809T183210Z/manifest.csv",FALSE,TRUE,"traceable"
"stage2","raw_evidence","data/raw/stage2/ds27_pangaea_ferrybox/DS27_PANGAEA_20260809T183210Z/HZG-Ferrybox_Cux-HarwNR4497.nc","scripts/00_downloads/stage2/20_acquire_ds27_pangaea_ferrybox.R","",TRUE,263492,"4a796a207542080c37d02f93031f4f8c6c250128b82d4b4586625ec001a4feaa","data/raw/stage2/ds27_pangaea_ferrybox/DS27_PANGAEA_20260809T183210Z/manifest.csv",FALSE,TRUE,"traceable"
"stage2","raw_evidence","data/raw/stage2/ds27_pangaea_ferrybox/DS27_PANGAEA_20260809T183210Z/HZG-Ferrybox_Cux-HarwNR4537.nc","scripts/00_downloads/stage2/20_acquire_ds27_pangaea_ferrybox.R","",TRUE,266804,"adc22e50d6fc3a4080525b97a5f04172f35a5ae979d3e86fe3118d4f87574206","data/raw/stage2/ds27_pangaea_ferrybox/DS27_PANGAEA_20260809T183210Z/manifest.csv",FALSE,TRUE,"traceable"
"stage2","raw_evidence","data/raw/stage2/ds27_pangaea_ferrybox/DS27_PANGAEA_20260809T183210Z/HZG-Ferrybox_Cux-HarwNR4577.nc","scripts/00_downloads/stage2/20_acquire_ds27_pangaea_ferrybox.R","",TRUE,264876,"cef12b2b1981c5855df5128fba1fe7d9af1675d9fea2d6c8805f7ea7c7990c82","data/raw/stage2/ds27_pangaea_ferrybox/DS27_PANGAEA_20260809T183210Z/manifest.csv",FALSE,TRUE,"traceable"
"stage2","raw_evidence","data/raw/stage2/ds27_pangaea_ferrybox/DS27_PANGAEA_20260809T183210Z/HZG-Ferrybox_Cux-HarwNR4597.nc","scripts/00_downloads/stage2/20_acquire_ds27_pangaea_ferrybox.R","",TRUE,264840,"e0550de03538ccaee57b3b3b03dc043fd003c3383bb1f010c44c94cebb22df58","data/raw/stage2/ds27_pangaea_ferrybox/DS27_PANGAEA_20260809T183210Z/manifest.csv",FALSE,TRUE,"traceable"
"stage2","raw_evidence","data/raw/stage2/ds27_pangaea_ferrybox/DS27_PANGAEA_20260809T183210Z/HZG-Ferrybox_Cux-HarwNR46.nc","scripts/00_downloads/stage2/20_acquire_ds27_pangaea_ferrybox.R","",TRUE,256964,"8466f796369ef441ed92ab66b442382bb495d0bd64304438893e84e0f0de01e2","data/raw/stage2/ds27_pangaea_ferrybox/DS27_PANGAEA_20260809T183210Z/manifest.csv",FALSE,TRUE,"traceable"
"stage2","raw_evidence","data/raw/stage2/ds27_pangaea_ferrybox/DS27_PANGAEA_20260809T183210Z/HZG-Ferrybox_Cux-HarwNR4637.nc","scripts/00_downloads/stage2/20_acquire_ds27_pangaea_ferrybox.R","",TRUE,240892,"d50e3ac243e018b97384a3e6da652fe1a6c209b9b2f5ecfa43da2b1dd525978d","data/raw/stage2/ds27_pangaea_ferrybox/DS27_PANGAEA_20260809T183210Z/manifest.csv",FALSE,TRUE,"traceable"
"stage2","raw_evidence","data/raw/stage2/ds27_pangaea_ferrybox/DS27_PANGAEA_20260809T183210Z/HZG-Ferrybox_Cux-HarwNR4677.nc","scripts/00_downloads/stage2/20_acquire_ds27_pangaea_ferrybox.R","",TRUE,270344,"5649aac3a2b35bbcb4513ead4c51caab49cd9f346e73e4e5578269b062848042","data/raw/stage2/ds27_pangaea_ferrybox/DS27_PANGAEA_20260809T183210Z/manifest.csv",FALSE,TRUE,"traceable"
"stage2","raw_evidence","data/raw/stage2/ds27_pangaea_ferrybox/DS27_PANGAEA_20260809T183210Z/HZG-Ferrybox_Cux-HarwNR47.nc","scripts/00_downloads/stage2/20_acquire_ds27_pangaea_ferrybox.R","",TRUE,238468,"c8dc325f6cf1c1e771e672b3b311b9343c92f03d296b0b1acca36fc4ca6fc714","data/raw/stage2/ds27_pangaea_ferrybox/DS27_PANGAEA_20260809T183210Z/manifest.csv",FALSE,TRUE,"traceable"
"stage2","raw_evidence","data/raw/stage2/ds27_pangaea_ferrybox/DS27_PANGAEA_20260809T183210Z/HZG-Ferrybox_Cux-HarwNR477.nc","scripts/00_downloads/stage2/20_acquire_ds27_pangaea_ferrybox.R","",TRUE,251392,"88973504485f7f3788f9400cfb1688147711757ac9d79ef7778e8bef65763d38","data/raw/stage2/ds27_pangaea_ferrybox/DS27_PANGAEA_20260809T183210Z/manifest.csv",FALSE,TRUE,"traceable"
"stage2","raw_evidence","data/raw/stage2/ds27_pangaea_ferrybox/DS27_PANGAEA_20260809T183210Z/HZG-Ferrybox_Cux-HarwNR4777.nc","scripts/00_downloads/stage2/20_acquire_ds27_pangaea_ferrybox.R","",TRUE,263856,"7fc70a9dfc8288479c2b25b7bc72bb2751175cf938bb4ba59c0bd3fc3c17dcdc","data/raw/stage2/ds27_pangaea_ferrybox/DS27_PANGAEA_20260809T183210Z/manifest.csv",FALSE,TRUE,"traceable"
"stage2","raw_evidence","data/raw/stage2/ds27_pangaea_ferrybox/DS27_PANGAEA_20260809T183210Z/HZG-Ferrybox_Cux-HarwNR4837.nc","scripts/00_downloads/stage2/20_acquire_ds27_pangaea_ferrybox.R","",TRUE,267100,"4fcec883460587ff66f1c9fa2f4035767830d776924bfbc147267934c09a3fed","data/raw/stage2/ds27_pangaea_ferrybox/DS27_PANGAEA_20260809T183210Z/manifest.csv",FALSE,TRUE,"traceable"
"stage2","raw_evidence","data/raw/stage2/ds27_pangaea_ferrybox/DS27_PANGAEA_20260809T183210Z/HZG-Ferrybox_Cux-HarwNR4857.nc","scripts/00_downloads/stage2/20_acquire_ds27_pangaea_ferrybox.R","",TRUE,263292,"005cea5851e09b0fe8c0062b66bfca0e87507c53afcb6f38f0d0879d9e2d8bd1","data/raw/stage2/ds27_pangaea_ferrybox/DS27_PANGAEA_20260809T183210Z/manifest.csv",FALSE,TRUE,"traceable"
"stage2","raw_evidence","data/raw/stage2/ds27_pangaea_ferrybox/DS27_PANGAEA_20260809T183210Z/HZG-Ferrybox_Cux-HarwNR4897.nc","scripts/00_downloads/stage2/20_acquire_ds27_pangaea_ferrybox.R","",TRUE,265456,"0a598b277ca55e7e691ae9f9f5fa1af259a1c0657cb6026d2ef891971b7b60f9","data/raw/stage2/ds27_pangaea_ferrybox/DS27_PANGAEA_20260809T183210Z/manifest.csv",FALSE,TRUE,"traceable"
"stage2","raw_evidence","data/raw/stage2/ds27_pangaea_ferrybox/DS27_PANGAEA_20260809T183210Z/HZG-Ferrybox_Cux-HarwNR49.nc","scripts/00_downloads/stage2/20_acquire_ds27_pangaea_ferrybox.R","",TRUE,264436,"85526f576abed7c51cc62187b2ab474d178e4ea80b75551033043201633d512b","data/raw/stage2/ds27_pangaea_ferrybox/DS27_PANGAEA_20260809T183210Z/manifest.csv",FALSE,TRUE,"traceable"
"stage2","raw_evidence","data/raw/stage2/ds27_pangaea_ferrybox/DS27_PANGAEA_20260809T183210Z/HZG-Ferrybox_Cux-HarwNR4937.nc","scripts/00_downloads/stage2/20_acquire_ds27_pangaea_ferrybox.R","",TRUE,267500,"06cf34d997e208a06c05bfb2132bea989dab8433906de88fd346d870515e67b9","data/raw/stage2/ds27_pangaea_ferrybox/DS27_PANGAEA_20260809T183210Z/manifest.csv",FALSE,TRUE,"traceable"
"stage2","raw_evidence","data/raw/stage2/ds27_pangaea_ferrybox/DS27_PANGAEA_20260809T183210Z/HZG-Ferrybox_Cux-HarwNR4957.nc","scripts/00_downloads/stage2/20_acquire_ds27_pangaea_ferrybox.R","",TRUE,266152,"daa93fd1af155a4da4b2a50147f746cc92388c2b7d5acac65a209ac236d772dd","data/raw/stage2/ds27_pangaea_ferrybox/DS27_PANGAEA_20260809T183210Z/manifest.csv",FALSE,TRUE,"traceable"
"stage2","raw_evidence","data/raw/stage2/ds27_pangaea_ferrybox/DS27_PANGAEA_20260809T183210Z/HZG-Ferrybox_Cux-HarwNR5.nc","scripts/00_downloads/stage2/20_acquire_ds27_pangaea_ferrybox.R","",TRUE,243224,"222d052ae45ca0c80ecfd32f8880553243b00f200a9c7ab0aecdbca15fe27c8e","data/raw/stage2/ds27_pangaea_ferrybox/DS27_PANGAEA_20260809T183210Z/manifest.csv",FALSE,TRUE,"traceable"
"stage2","raw_evidence","data/raw/stage2/ds27_pangaea_ferrybox/DS27_PANGAEA_20260809T183210Z/HZG-Ferrybox_Cux-HarwNR5037.nc","scripts/00_downloads/stage2/20_acquire_ds27_pangaea_ferrybox.R","",TRUE,268408,"e0cf5c9c92eece14d15ae07e6af111d1061f0d95b45db27a92f12aea64b04fa6","data/raw/stage2/ds27_pangaea_ferrybox/DS27_PANGAEA_20260809T183210Z/manifest.csv",FALSE,TRUE,"traceable"
"stage2","raw_evidence","data/raw/stage2/ds27_pangaea_ferrybox/DS27_PANGAEA_20260809T183210Z/HZG-Ferrybox_Cux-HarwNR5077.nc","scripts/00_downloads/stage2/20_acquire_ds27_pangaea_ferrybox.R","",TRUE,268084,"6ca19bb8160d85732b96df4cb2e03dd4c35ec8f954ffd55605cc64c8b2fc485a","data/raw/stage2/ds27_pangaea_ferrybox/DS27_PANGAEA_20260809T183210Z/manifest.csv",FALSE,TRUE,"traceable"
"stage2","raw_evidence","data/raw/stage2/ds27_pangaea_ferrybox/DS27_PANGAEA_20260809T183210Z/HZG-Ferrybox_Cux-HarwNR5137.nc","scripts/00_downloads/stage2/20_acquire_ds27_pangaea_ferrybox.R","",TRUE,263164,"925a276ecca97c85f264505c163bd60d98f5469dfd85bdc9aa806aecb03c1df1","data/raw/stage2/ds27_pangaea_ferrybox/DS27_PANGAEA_20260809T183210Z/manifest.csv",FALSE,TRUE,"traceable"
"stage2","raw_evidence","data/raw/stage2/ds27_pangaea_ferrybox/DS27_PANGAEA_20260809T183210Z/HZG-Ferrybox_Cux-HarwNR5157.nc","scripts/00_downloads/stage2/20_acquire_ds27_pangaea_ferrybox.R","",TRUE,268284,"daade81ada1092ec05cf9865333d77f11f5e96d0945723295d5aca8887d45071","data/raw/stage2/ds27_pangaea_ferrybox/DS27_PANGAEA_20260809T183210Z/manifest.csv",FALSE,TRUE,"traceable"
"stage2","raw_evidence","data/raw/stage2/ds27_pangaea_ferrybox/DS27_PANGAEA_20260809T183210Z/HZG-Ferrybox_Cux-HarwNR517.nc","scripts/00_downloads/stage2/20_acquire_ds27_pangaea_ferrybox.R","",TRUE,255164,"d586dc68edb6f2421bd28b5ba78d40b3e69b89935b2d8ca235a474ee6a0a0c61","data/raw/stage2/ds27_pangaea_ferrybox/DS27_PANGAEA_20260809T183210Z/manifest.csv",FALSE,TRUE,"traceable"
"stage2","raw_evidence","data/raw/stage2/ds27_pangaea_ferrybox/DS27_PANGAEA_20260809T183210Z/HZG-Ferrybox_Cux-HarwNR5197.nc","scripts/00_downloads/stage2/20_acquire_ds27_pangaea_ferrybox.R","",TRUE,267956,"32790cdd2b462c373d0db50e3eb9e79ba9de1b3a693bae6a74c5eab65ef4c89c","data/raw/stage2/ds27_pangaea_ferrybox/DS27_PANGAEA_20260809T183210Z/manifest.csv",FALSE,TRUE,"traceable"
"stage2","raw_evidence","data/raw/stage2/ds27_pangaea_ferrybox/DS27_PANGAEA_20260809T183210Z/HZG-Ferrybox_Cux-HarwNR52.nc","scripts/00_downloads/stage2/20_acquire_ds27_pangaea_ferrybox.R","",TRUE,253320,"3f0c0e9018a4ab004d52113e5442b1a89647a2a905ba1b7fdca5474c22c4f64b","data/raw/stage2/ds27_pangaea_ferrybox/DS27_PANGAEA_20260809T183210Z/manifest.csv",FALSE,TRUE,"traceable"
"stage2","raw_evidence","data/raw/stage2/ds27_pangaea_ferrybox/DS27_PANGAEA_20260809T183210Z/HZG-Ferrybox_Cux-HarwNR5217.nc","scripts/00_downloads/stage2/20_acquire_ds27_pangaea_ferrybox.R","",TRUE,269760,"89a4ab932189d8c73c3798394583452b871bc522279f914acbe892c69ef83853","data/raw/stage2/ds27_pangaea_ferrybox/DS27_PANGAEA_20260809T183210Z/manifest.csv",FALSE,TRUE,"traceable"
"stage2","raw_evidence","data/raw/stage2/ds27_pangaea_ferrybox/DS27_PANGAEA_20260809T183210Z/HZG-Ferrybox_Cux-HarwNR5237.nc","scripts/00_downloads/stage2/20_acquire_ds27_pangaea_ferrybox.R","",TRUE,267424,"4169abd5d1eca01c3308618ea39a7f732a707f5d34531bfaec8c1f41c53e2dcf","data/raw/stage2/ds27_pangaea_ferrybox/DS27_PANGAEA_20260809T183210Z/manifest.csv",FALSE,TRUE,"traceable"
"stage2","raw_evidence","data/raw/stage2/ds27_pangaea_ferrybox/DS27_PANGAEA_20260809T183210Z/HZG-Ferrybox_Cux-HarwNR5277.nc","scripts/00_downloads/stage2/20_acquire_ds27_pangaea_ferrybox.R","",TRUE,269796,"e5d94f3bbc76b553247a5379190a0d98a02f88ed70dfd08937855b90a954b9c2","data/raw/stage2/ds27_pangaea_ferrybox/DS27_PANGAEA_20260809T183210Z/manifest.csv",FALSE,TRUE,"traceable"
"stage2","raw_evidence","data/raw/stage2/ds27_pangaea_ferrybox/DS27_PANGAEA_20260809T183210Z/HZG-Ferrybox_Cux-HarwNR5297.nc","scripts/00_downloads/stage2/20_acquire_ds27_pangaea_ferrybox.R","",TRUE,262052,"a5acafce530029c9f92354ce6f33518e72159015ba0f15cb2189955567605d86","data/raw/stage2/ds27_pangaea_ferrybox/DS27_PANGAEA_20260809T183210Z/manifest.csv",FALSE,TRUE,"traceable"
"stage2","raw_evidence","data/raw/stage2/ds27_pangaea_ferrybox/DS27_PANGAEA_20260809T183210Z/HZG-Ferrybox_Cux-HarwNR5337.nc","scripts/00_downloads/stage2/20_acquire_ds27_pangaea_ferrybox.R","",TRUE,267952,"bf91cee34d2387c453e9ce06d31fa270f44c8698534f5d073e14f79ed8eea530","data/raw/stage2/ds27_pangaea_ferrybox/DS27_PANGAEA_20260809T183210Z/manifest.csv",FALSE,TRUE,"traceable"
"stage2","raw_evidence","data/raw/stage2/ds27_pangaea_ferrybox/DS27_PANGAEA_20260809T183210Z/HZG-Ferrybox_Cux-HarwNR5377.nc","scripts/00_downloads/stage2/20_acquire_ds27_pangaea_ferrybox.R","",TRUE,268208,"b573efbf5092161a8aea31154a4d87db9fb7f278d6f6aad866f394ac8502e5d9","data/raw/stage2/ds27_pangaea_ferrybox/DS27_PANGAEA_20260809T183210Z/manifest.csv",FALSE,TRUE,"traceable"
"stage2","raw_evidence","data/raw/stage2/ds27_pangaea_ferrybox/DS27_PANGAEA_20260809T183210Z/HZG-Ferrybox_Cux-HarwNR54.nc","scripts/00_downloads/stage2/20_acquire_ds27_pangaea_ferrybox.R","",TRUE,283732,"33502eba3065977cb9d98b07ff8e05b182d032e6c68905c486a690a685bb3664","data/raw/stage2/ds27_pangaea_ferrybox/DS27_PANGAEA_20260809T183210Z/manifest.csv",FALSE,TRUE,"traceable"
"stage2","raw_evidence","data/raw/stage2/ds27_pangaea_ferrybox/DS27_PANGAEA_20260809T183210Z/HZG-Ferrybox_Cux-HarwNR5517.nc","scripts/00_downloads/stage2/20_acquire_ds27_pangaea_ferrybox.R","",TRUE,268484,"a229a4d3c5c96847872131d49b095bff5b5a6d4d046b67c987e7f2d3ebf90c0f","data/raw/stage2/ds27_pangaea_ferrybox/DS27_PANGAEA_20260809T183210Z/manifest.csv",FALSE,TRUE,"traceable"
"stage2","raw_evidence","data/raw/stage2/ds27_pangaea_ferrybox/DS27_PANGAEA_20260809T183210Z/HZG-Ferrybox_Cux-HarwNR5537.nc","scripts/00_downloads/stage2/20_acquire_ds27_pangaea_ferrybox.R","",TRUE,266808,"14901a750a564a93e06d78fdbabba7be326c0dbbc90de7ea5782cbb077feadba","data/raw/stage2/ds27_pangaea_ferrybox/DS27_PANGAEA_20260809T183210Z/manifest.csv",FALSE,TRUE,"traceable"
"stage2","raw_evidence","data/raw/stage2/ds27_pangaea_ferrybox/DS27_PANGAEA_20260809T183210Z/HZG-Ferrybox_Cux-HarwNR557.nc","scripts/00_downloads/stage2/20_acquire_ds27_pangaea_ferrybox.R","",TRUE,254216,"bdbc38304f57560556c342faf8fcb8565fd23d10392e2aa7a7ea74762c25a833","data/raw/stage2/ds27_pangaea_ferrybox/DS27_PANGAEA_20260809T183210Z/manifest.csv",FALSE,TRUE,"traceable"
"stage2","raw_evidence","data/raw/stage2/ds27_pangaea_ferrybox/DS27_PANGAEA_20260809T183210Z/HZG-Ferrybox_Cux-HarwNR5597.nc","scripts/00_downloads/stage2/20_acquire_ds27_pangaea_ferrybox.R","",TRUE,263396,"b4dd2bd38acb9fb4eae22ff6e476299e4cd1e25f8b070f86fa14abb77bde54e8","data/raw/stage2/ds27_pangaea_ferrybox/DS27_PANGAEA_20260809T183210Z/manifest.csv",FALSE,TRUE,"traceable"
"stage2","raw_evidence","data/raw/stage2/ds27_pangaea_ferrybox/DS27_PANGAEA_20260809T183210Z/HZG-Ferrybox_Cux-HarwNR5617.nc","scripts/00_downloads/stage2/20_acquire_ds27_pangaea_ferrybox.R","",TRUE,266244,"19982a2ae3c304d25e52ebac173d0dac6c5123cbe429726424e486db9cc252ff","data/raw/stage2/ds27_pangaea_ferrybox/DS27_PANGAEA_20260809T183210Z/manifest.csv",FALSE,TRUE,"traceable"
"stage2","raw_evidence","data/raw/stage2/ds27_pangaea_ferrybox/DS27_PANGAEA_20260809T183210Z/HZG-Ferrybox_Cux-HarwNR5657.nc","scripts/00_downloads/stage2/20_acquire_ds27_pangaea_ferrybox.R","",TRUE,267008,"1cf969185e9cdeb345b2e4c1fff7d2f372a575d066985c2688d23691d163fb5e","data/raw/stage2/ds27_pangaea_ferrybox/DS27_PANGAEA_20260809T183210Z/manifest.csv",FALSE,TRUE,"traceable"
"stage2","raw_evidence","data/raw/stage2/ds27_pangaea_ferrybox/DS27_PANGAEA_20260809T183210Z/HZG-Ferrybox_Cux-HarwNR5697.nc","scripts/00_downloads/stage2/20_acquire_ds27_pangaea_ferrybox.R","",TRUE,264840,"b19c9b0a4d95c03c1c0a860cdf84b20b7bfcdf1ec09e1b76b1a0832d60d6d4cd","data/raw/stage2/ds27_pangaea_ferrybox/DS27_PANGAEA_20260809T183210Z/manifest.csv",FALSE,TRUE,"traceable"
"stage2","raw_evidence","data/raw/stage2/ds27_pangaea_ferrybox/DS27_PANGAEA_20260809T183210Z/HZG-Ferrybox_Cux-HarwNR57.nc","scripts/00_downloads/stage2/20_acquire_ds27_pangaea_ferrybox.R","",TRUE,252956,"855e52886532af085a2413edbf188fb2b66b831bc29c8c03cd427366e77e8d3a","data/raw/stage2/ds27_pangaea_ferrybox/DS27_PANGAEA_20260809T183210Z/manifest.csv",FALSE,TRUE,"traceable"
"stage2","raw_evidence","data/raw/stage2/ds27_pangaea_ferrybox/DS27_PANGAEA_20260809T183210Z/HZG-Ferrybox_Cux-HarwNR5717.nc","scripts/00_downloads/stage2/20_acquire_ds27_pangaea_ferrybox.R","",TRUE,284612,"ad68421eb58524b0a3269c022f419fcaf1e1526b4d5e175b6ebdf6ea85bf53df","data/raw/stage2/ds27_pangaea_ferrybox/DS27_PANGAEA_20260809T183210Z/manifest.csv",FALSE,TRUE,"traceable"
"stage2","raw_evidence","data/raw/stage2/ds27_pangaea_ferrybox/DS27_PANGAEA_20260809T183210Z/HZG-Ferrybox_Cux-HarwNR5757.nc","scripts/00_downloads/stage2/20_acquire_ds27_pangaea_ferrybox.R","",TRUE,262576,"ce331bba59cc54461d29f06dbd49d7c499751143a4790a5f50253662b3cb78bc","data/raw/stage2/ds27_pangaea_ferrybox/DS27_PANGAEA_20260809T183210Z/manifest.csv",FALSE,TRUE,"traceable"
"stage2","raw_evidence","data/raw/stage2/ds27_pangaea_ferrybox/DS27_PANGAEA_20260809T183210Z/HZG-Ferrybox_Cux-HarwNR5817.nc","scripts/00_downloads/stage2/20_acquire_ds27_pangaea_ferrybox.R","",TRUE,265588,"b8abc94614c41d3a9e124f9437f2a5d742314d3eba74e0c95f7756261af82ed9","data/raw/stage2/ds27_pangaea_ferrybox/DS27_PANGAEA_20260809T183210Z/manifest.csv",FALSE,TRUE,"traceable"
"stage2","raw_evidence","data/raw/stage2/ds27_pangaea_ferrybox/DS27_PANGAEA_20260809T183210Z/HZG-Ferrybox_Cux-HarwNR5837.nc","scripts/00_downloads/stage2/20_acquire_ds27_pangaea_ferrybox.R","",TRUE,265460,"76bcada242fd822455d324d4326ebaf605bc5cfdf4655f8676fcb1035b4fa1e2","data/raw/stage2/ds27_pangaea_ferrybox/DS27_PANGAEA_20260809T183210Z/manifest.csv",FALSE,TRUE,"traceable"
"stage2","raw_evidence","data/raw/stage2/ds27_pangaea_ferrybox/DS27_PANGAEA_20260809T183210Z/HZG-Ferrybox_Cux-HarwNR5857.nc","scripts/00_downloads/stage2/20_acquire_ds27_pangaea_ferrybox.R","",TRUE,267096,"7090417d78fefbaef5e1089d574b570f401569f5e27fd1097c7f46f643c4c909","data/raw/stage2/ds27_pangaea_ferrybox/DS27_PANGAEA_20260809T183210Z/manifest.csv",FALSE,TRUE,"traceable"
"stage2","raw_evidence","data/raw/stage2/ds27_pangaea_ferrybox/DS27_PANGAEA_20260809T183210Z/HZG-Ferrybox_Cux-HarwNR59.nc","scripts/00_downloads/stage2/20_acquire_ds27_pangaea_ferrybox.R","",TRUE,248364,"90e0cdbddb9a2fc6f60d16bf04df72d10ccb38fafed58ceba8c945cb493f93ea","data/raw/stage2/ds27_pangaea_ferrybox/DS27_PANGAEA_20260809T183210Z/manifest.csv",FALSE,TRUE,"traceable"
"stage2","raw_evidence","data/raw/stage2/ds27_pangaea_ferrybox/DS27_PANGAEA_20260809T183210Z/HZG-Ferrybox_Cux-HarwNR5917.nc","scripts/00_downloads/stage2/20_acquire_ds27_pangaea_ferrybox.R","",TRUE,267008,"ca4eb4ded318a2365f2fa6409a56da5069d1fc9948e36fb9ec3d802c74747173","data/raw/stage2/ds27_pangaea_ferrybox/DS27_PANGAEA_20260809T183210Z/manifest.csv",FALSE,TRUE,"traceable"
"stage2","raw_evidence","data/raw/stage2/ds27_pangaea_ferrybox/DS27_PANGAEA_20260809T183210Z/HZG-Ferrybox_Cux-HarwNR597.nc","scripts/00_downloads/stage2/20_acquire_ds27_pangaea_ferrybox.R","",TRUE,253396,"9f1036ccf5ab34103078b83de59c0050fbda824b0d12cfc2b6ec326b05de8362","data/raw/stage2/ds27_pangaea_ferrybox/DS27_PANGAEA_20260809T183210Z/manifest.csv",FALSE,TRUE,"traceable"
"stage2","raw_evidence","data/raw/stage2/ds27_pangaea_ferrybox/DS27_PANGAEA_20260809T183210Z/HZG-Ferrybox_Cux-HarwNR5997.nc","scripts/00_downloads/stage2/20_acquire_ds27_pangaea_ferrybox.R","",TRUE,262744,"10a08dda8e2566eb1a58ef91475fc55cea85dd83981d6e76df50215653dc1f0f","data/raw/stage2/ds27_pangaea_ferrybox/DS27_PANGAEA_20260809T183210Z/manifest.csv",FALSE,TRUE,"traceable"
"stage2","raw_evidence","data/raw/stage2/ds27_pangaea_ferrybox/DS27_PANGAEA_20260809T183210Z/HZG-Ferrybox_Cux-HarwNR6.nc","scripts/00_downloads/stage2/20_acquire_ds27_pangaea_ferrybox.R","",TRUE,254996,"fb638055f132c8196c9d46051b192dc324c2c52505ca657a600618928bdf2ec8","data/raw/stage2/ds27_pangaea_ferrybox/DS27_PANGAEA_20260809T183210Z/manifest.csv",FALSE,TRUE,"traceable"
"stage2","raw_evidence","data/raw/stage2/ds27_pangaea_ferrybox/DS27_PANGAEA_20260809T183210Z/HZG-Ferrybox_Cux-HarwNR6037.nc","scripts/00_downloads/stage2/20_acquire_ds27_pangaea_ferrybox.R","",TRUE,265332,"67ef5cdb8506db3d92f00c9d5674605c8c408eb3bb446f9f5294f67cc317780a","data/raw/stage2/ds27_pangaea_ferrybox/DS27_PANGAEA_20260809T183210Z/manifest.csv",FALSE,TRUE,"traceable"
"stage2","raw_evidence","data/raw/stage2/ds27_pangaea_ferrybox/DS27_PANGAEA_20260809T183210Z/HZG-Ferrybox_Cux-HarwNR6077.nc","scripts/00_downloads/stage2/20_acquire_ds27_pangaea_ferrybox.R","",TRUE,264764,"ade757bae50354d6f45e5fac6156cd895573536ef1aaac00a0450ceb5e72e809","data/raw/stage2/ds27_pangaea_ferrybox/DS27_PANGAEA_20260809T183210Z/manifest.csv",FALSE,TRUE,"traceable"
"stage2","raw_evidence","data/raw/stage2/ds27_pangaea_ferrybox/DS27_PANGAEA_20260809T183210Z/HZG-Ferrybox_Cux-HarwNR61.nc","scripts/00_downloads/stage2/20_acquire_ds27_pangaea_ferrybox.R","",TRUE,270540,"ecd14ff46ccc749ed0bc7593d05a6e9b7eefe49d6c8b95036f2b017f0ddff9ed","data/raw/stage2/ds27_pangaea_ferrybox/DS27_PANGAEA_20260809T183210Z/manifest.csv",FALSE,TRUE,"traceable"
"stage2","raw_evidence","data/raw/stage2/ds27_pangaea_ferrybox/DS27_PANGAEA_20260809T183210Z/HZG-Ferrybox_Cux-HarwNR6117.nc","scripts/00_downloads/stage2/20_acquire_ds27_pangaea_ferrybox.R","",TRUE,264056,"515017d2e4be0e41ce846e136284465a49b74f6a02f40918a4576e3923d4eb8b","data/raw/stage2/ds27_pangaea_ferrybox/DS27_PANGAEA_20260809T183210Z/manifest.csv",FALSE,TRUE,"traceable"
"stage2","raw_evidence","data/raw/stage2/ds27_pangaea_ferrybox/DS27_PANGAEA_20260809T183210Z/HZG-Ferrybox_Cux-HarwNR6137.nc","scripts/00_downloads/stage2/20_acquire_ds27_pangaea_ferrybox.R","",TRUE,264932,"d155f74b75dbf07f716022900b509f1cfba1c19c8ec1b9cea45c4746b5298604","data/raw/stage2/ds27_pangaea_ferrybox/DS27_PANGAEA_20260809T183210Z/manifest.csv",FALSE,TRUE,"traceable"
"stage2","raw_evidence","data/raw/stage2/ds27_pangaea_ferrybox/DS27_PANGAEA_20260809T183210Z/HZG-Ferrybox_Cux-HarwNR6217.nc","scripts/00_downloads/stage2/20_acquire_ds27_pangaea_ferrybox.R","",TRUE,265624,"f5c9b9ee8aec671a6d861651704d08cd1656b08e0896a1b5bfb5c861dbbe778a","data/raw/stage2/ds27_pangaea_ferrybox/DS27_PANGAEA_20260809T183210Z/manifest.csv",FALSE,TRUE,"traceable"
"stage2","raw_evidence","data/raw/stage2/ds27_pangaea_ferrybox/DS27_PANGAEA_20260809T183210Z/HZG-Ferrybox_Cux-HarwNR6257.nc","scripts/00_downloads/stage2/20_acquire_ds27_pangaea_ferrybox.R","",TRUE,263980,"25d15f6403b0824cfdb680ada49c7dd3f6fa94a419d31c0ab09be39ac7aed8b6","data/raw/stage2/ds27_pangaea_ferrybox/DS27_PANGAEA_20260809T183210Z/manifest.csv",FALSE,TRUE,"traceable"
"stage2","raw_evidence","data/raw/stage2/ds27_pangaea_ferrybox/DS27_PANGAEA_20260809T183210Z/HZG-Ferrybox_Cux-HarwNR6297.nc","scripts/00_downloads/stage2/20_acquire_ds27_pangaea_ferrybox.R","",TRUE,273368,"1153bc9a2f0027b12a81bc8dbfbdd5c07cb0bca6d7bdb4e86a8b56c1639218a5","data/raw/stage2/ds27_pangaea_ferrybox/DS27_PANGAEA_20260809T183210Z/manifest.csv",FALSE,TRUE,"traceable"
"stage2","raw_evidence","data/raw/stage2/ds27_pangaea_ferrybox/DS27_PANGAEA_20260809T183210Z/HZG-Ferrybox_Cux-HarwNR63.nc","scripts/00_downloads/stage2/20_acquire_ds27_pangaea_ferrybox.R","",TRUE,258148,"0ea61036107bd2d0ffd6c974de4f462b74602c96bf74e8897dd66fccd225cb3b","data/raw/stage2/ds27_pangaea_ferrybox/DS27_PANGAEA_20260809T183210Z/manifest.csv",FALSE,TRUE,"traceable"
"stage2","raw_evidence","data/raw/stage2/ds27_pangaea_ferrybox/DS27_PANGAEA_20260809T183210Z/HZG-Ferrybox_Cux-HarwNR6337.nc","scripts/00_downloads/stage2/20_acquire_ds27_pangaea_ferrybox.R","",TRUE,267592,"ba690dc2c4e18a14de3c73b71dcb82c804a9428e183109c180be700f177d1b0d","data/raw/stage2/ds27_pangaea_ferrybox/DS27_PANGAEA_20260809T183210Z/manifest.csv",FALSE,TRUE,"traceable"
"stage2","raw_evidence","data/raw/stage2/ds27_pangaea_ferrybox/DS27_PANGAEA_20260809T183210Z/HZG-Ferrybox_Cux-HarwNR637.nc","scripts/00_downloads/stage2/20_acquire_ds27_pangaea_ferrybox.R","",TRUE,255256,"31d331f25cd65643f3f031702a591fab58628f577988b3bbdc9dc0c06e9ef741","data/raw/stage2/ds27_pangaea_ferrybox/DS27_PANGAEA_20260809T183210Z/manifest.csv",FALSE,TRUE,"traceable"
"stage2","raw_evidence","data/raw/stage2/ds27_pangaea_ferrybox/DS27_PANGAEA_20260809T183210Z/HZG-Ferrybox_Cux-HarwNR6377.nc","scripts/00_downloads/stage2/20_acquire_ds27_pangaea_ferrybox.R","",TRUE,263164,"fab52dcea24ecb6346ba251637b325755c5310359b81724718ca5900f954b3ff","data/raw/stage2/ds27_pangaea_ferrybox/DS27_PANGAEA_20260809T183210Z/manifest.csv",FALSE,TRUE,"traceable"
"stage2","raw_evidence","data/raw/stage2/ds27_pangaea_ferrybox/DS27_PANGAEA_20260809T183210Z/HZG-Ferrybox_Cux-HarwNR6437.nc","scripts/00_downloads/stage2/20_acquire_ds27_pangaea_ferrybox.R","",TRUE,269032,"26268307fb3ede71fbc82b1014558b3d8a03d6946c74f9718d405b1c2e5f6ccd","data/raw/stage2/ds27_pangaea_ferrybox/DS27_PANGAEA_20260809T183210Z/manifest.csv",FALSE,TRUE,"traceable"
"stage2","raw_evidence","data/raw/stage2/ds27_pangaea_ferrybox/DS27_PANGAEA_20260809T183210Z/HZG-Ferrybox_Cux-HarwNR6477.nc","scripts/00_downloads/stage2/20_acquire_ds27_pangaea_ferrybox.R","",TRUE,266772,"c7472be45416d7b910a8bafdb63b5dff868de6505ad3bfbfabb19959697a0a73","data/raw/stage2/ds27_pangaea_ferrybox/DS27_PANGAEA_20260809T183210Z/manifest.csv",FALSE,TRUE,"traceable"
"stage2","raw_evidence","data/raw/stage2/ds27_pangaea_ferrybox/DS27_PANGAEA_20260809T183210Z/HZG-Ferrybox_Cux-HarwNR6497.nc","scripts/00_downloads/stage2/20_acquire_ds27_pangaea_ferrybox.R","",TRUE,278540,"c47d8a5c6a7693ad9831578f4f947cd575dd794a10f9cec99c83cbf0aa28b739","data/raw/stage2/ds27_pangaea_ferrybox/DS27_PANGAEA_20260809T183210Z/manifest.csv",FALSE,TRUE,"traceable"
"stage2","raw_evidence","data/raw/stage2/ds27_pangaea_ferrybox/DS27_PANGAEA_20260809T183210Z/HZG-Ferrybox_Cux-HarwNR6537.nc","scripts/00_downloads/stage2/20_acquire_ds27_pangaea_ferrybox.R","",TRUE,267428,"fc00fb9c4634e24b4d55dcb059be62a8c92a211d667f3ec6192c7d6c340dcf15","data/raw/stage2/ds27_pangaea_ferrybox/DS27_PANGAEA_20260809T183210Z/manifest.csv",FALSE,TRUE,"traceable"
"stage2","raw_evidence","data/raw/stage2/ds27_pangaea_ferrybox/DS27_PANGAEA_20260809T183210Z/HZG-Ferrybox_Cux-HarwNR6577.nc","scripts/00_downloads/stage2/20_acquire_ds27_pangaea_ferrybox.R","",TRUE,269596,"32114b65c811f49c2ac3496df1b6582a9093378d4602ca8735c75ad2b56532e6","data/raw/stage2/ds27_pangaea_ferrybox/DS27_PANGAEA_20260809T183210Z/manifest.csv",FALSE,TRUE,"traceable"
"stage2","raw_evidence","data/raw/stage2/ds27_pangaea_ferrybox/DS27_PANGAEA_20260809T183210Z/HZG-Ferrybox_Cux-HarwNR6617.nc","scripts/00_downloads/stage2/20_acquire_ds27_pangaea_ferrybox.R","",TRUE,261232,"50cbc1feafd6586c9f7124e72d872ef448e0657a74061b623dee8fba05a22005","data/raw/stage2/ds27_pangaea_ferrybox/DS27_PANGAEA_20260809T183210Z/manifest.csv",FALSE,TRUE,"traceable"
"stage2","raw_evidence","data/raw/stage2/ds27_pangaea_ferrybox/DS27_PANGAEA_20260809T183210Z/HZG-Ferrybox_Cux-HarwNR6657.nc","scripts/00_downloads/stage2/20_acquire_ds27_pangaea_ferrybox.R","",TRUE,267392,"27a3cf1ce0a40bc693d81bf9ca357f8122424ca2b0a7c69a33e9545fba7c939b","data/raw/stage2/ds27_pangaea_ferrybox/DS27_PANGAEA_20260809T183210Z/manifest.csv",FALSE,TRUE,"traceable"
"stage2","raw_evidence","data/raw/stage2/ds27_pangaea_ferrybox/DS27_PANGAEA_20260809T183210Z/HZG-Ferrybox_Cux-HarwNR6697.nc","scripts/00_downloads/stage2/20_acquire_ds27_pangaea_ferrybox.R","",TRUE,264272,"d7177ea0234fb6fccbad78af4b330f23d4b396738dc136a7c6b739081f2e1c0d","data/raw/stage2/ds27_pangaea_ferrybox/DS27_PANGAEA_20260809T183210Z/manifest.csv",FALSE,TRUE,"traceable"
"stage2","raw_evidence","data/raw/stage2/ds27_pangaea_ferrybox/DS27_PANGAEA_20260809T183210Z/HZG-Ferrybox_Cux-HarwNR67.nc","scripts/00_downloads/stage2/20_acquire_ds27_pangaea_ferrybox.R","",TRUE,257580,"9a782fd0f7b40ce2c8e71a572998e8465ef4aebd5b0f503a451632203fe81d44","data/raw/stage2/ds27_pangaea_ferrybox/DS27_PANGAEA_20260809T183210Z/manifest.csv",FALSE,TRUE,"traceable"
"stage2","raw_evidence","data/raw/stage2/ds27_pangaea_ferrybox/DS27_PANGAEA_20260809T183210Z/HZG-Ferrybox_Cux-HarwNR6717.nc","scripts/00_downloads/stage2/20_acquire_ds27_pangaea_ferrybox.R","",TRUE,265424,"4423ae040fea0f4367f980839946185c9ece87e05b9d019e138d45058092ea37","data/raw/stage2/ds27_pangaea_ferrybox/DS27_PANGAEA_20260809T183210Z/manifest.csv",FALSE,TRUE,"traceable"
"stage2","raw_evidence","data/raw/stage2/ds27_pangaea_ferrybox/DS27_PANGAEA_20260809T183210Z/HZG-Ferrybox_Cux-HarwNR677.nc","scripts/00_downloads/stage2/20_acquire_ds27_pangaea_ferrybox.R","",TRUE,253452,"136af05504ca943e1227aa14d5baaf63ba14b3c2a230148a8bd5c492795d4eeb","data/raw/stage2/ds27_pangaea_ferrybox/DS27_PANGAEA_20260809T183210Z/manifest.csv",FALSE,TRUE,"traceable"
"stage2","raw_evidence","data/raw/stage2/ds27_pangaea_ferrybox/DS27_PANGAEA_20260809T183210Z/HZG-Ferrybox_Cux-HarwNR6777.nc","scripts/00_downloads/stage2/20_acquire_ds27_pangaea_ferrybox.R","",TRUE,264932,"c751f5a7c505e017f20b605e80a4565b3233e4a8d9f4d064f092abb0d4467b14","data/raw/stage2/ds27_pangaea_ferrybox/DS27_PANGAEA_20260809T183210Z/manifest.csv",FALSE,TRUE,"traceable"
"stage2","raw_evidence","data/raw/stage2/ds27_pangaea_ferrybox/DS27_PANGAEA_20260809T183210Z/HZG-Ferrybox_Cux-HarwNR68.nc","scripts/00_downloads/stage2/20_acquire_ds27_pangaea_ferrybox.R","",TRUE,241180,"532d0cdda7ea298d0766b77fad061bfca7e1392639a932935d1d709dc332008a","data/raw/stage2/ds27_pangaea_ferrybox/DS27_PANGAEA_20260809T183210Z/manifest.csv",FALSE,TRUE,"traceable"
"stage2","raw_evidence","data/raw/stage2/ds27_pangaea_ferrybox/DS27_PANGAEA_20260809T183210Z/HZG-Ferrybox_Cux-HarwNR6817.nc","scripts/00_downloads/stage2/20_acquire_ds27_pangaea_ferrybox.R","",TRUE,267136,"3e10542421c10f4f22d9941b62c068b4f30de5c6299ba01f5f2baed86e14b714","data/raw/stage2/ds27_pangaea_ferrybox/DS27_PANGAEA_20260809T183210Z/manifest.csv",FALSE,TRUE,"traceable"
"stage2","raw_evidence","data/raw/stage2/ds27_pangaea_ferrybox/DS27_PANGAEA_20260809T183210Z/HZG-Ferrybox_Cux-HarwNR6857.nc","scripts/00_downloads/stage2/20_acquire_ds27_pangaea_ferrybox.R","",TRUE,265204,"d5fdecafa5b6a0e054dd1fc0bab3af131c79e31036adb70dd47732ec1fcda776","data/raw/stage2/ds27_pangaea_ferrybox/DS27_PANGAEA_20260809T183210Z/manifest.csv",FALSE,TRUE,"traceable"
"stage2","raw_evidence","data/raw/stage2/ds27_pangaea_ferrybox/DS27_PANGAEA_20260809T183210Z/HZG-Ferrybox_Cux-HarwNR6897.nc","scripts/00_downloads/stage2/20_acquire_ds27_pangaea_ferrybox.R","",TRUE,264380,"28cfe5bcde7006cd0c5de0a1764d19835fbd4acda105360ab4cfc08c414022e1","data/raw/stage2/ds27_pangaea_ferrybox/DS27_PANGAEA_20260809T183210Z/manifest.csv",FALSE,TRUE,"traceable"
"stage2","raw_evidence","data/raw/stage2/ds27_pangaea_ferrybox/DS27_PANGAEA_20260809T183210Z/HZG-Ferrybox_Cux-HarwNR69.nc","scripts/00_downloads/stage2/20_acquire_ds27_pangaea_ferrybox.R","",TRUE,48156,"ccdd1f2b38e677791b8d9bb517bf4ab57866ba2d8ef7b751d8f3f03f5852d615","data/raw/stage2/ds27_pangaea_ferrybox/DS27_PANGAEA_20260809T183210Z/manifest.csv",FALSE,TRUE,"traceable"
"stage2","raw_evidence","data/raw/stage2/ds27_pangaea_ferrybox/DS27_PANGAEA_20260809T183210Z/HZG-Ferrybox_Cux-HarwNR6937.nc","scripts/00_downloads/stage2/20_acquire_ds27_pangaea_ferrybox.R","",TRUE,263492,"4f1484a517f46cc3ef6faa0bf0118ae613dca3da63d0389764d6ef41358a8bad","data/raw/stage2/ds27_pangaea_ferrybox/DS27_PANGAEA_20260809T183210Z/manifest.csv",FALSE,TRUE,"traceable"
"stage2","raw_evidence","data/raw/stage2/ds27_pangaea_ferrybox/DS27_PANGAEA_20260809T183210Z/HZG-Ferrybox_Cux-HarwNR6977.nc","scripts/00_downloads/stage2/20_acquire_ds27_pangaea_ferrybox.R","",TRUE,267136,"b0eccda1ddb565d6545f520c90867572db60294aabe543937e81614e68269858","data/raw/stage2/ds27_pangaea_ferrybox/DS27_PANGAEA_20260809T183210Z/manifest.csv",FALSE,TRUE,"traceable"
"stage2","raw_evidence","data/raw/stage2/ds27_pangaea_ferrybox/DS27_PANGAEA_20260809T183210Z/HZG-Ferrybox_Cux-HarwNR70.nc","scripts/00_downloads/stage2/20_acquire_ds27_pangaea_ferrybox.R","",TRUE,192640,"38aa6ad9af52bf03b160d7e0b60a0d8cfd2b8549a0d16103cb052466959e2cf3","data/raw/stage2/ds27_pangaea_ferrybox/DS27_PANGAEA_20260809T183210Z/manifest.csv",FALSE,TRUE,"traceable"
"stage2","raw_evidence","data/raw/stage2/ds27_pangaea_ferrybox/DS27_PANGAEA_20260809T183210Z/HZG-Ferrybox_Cux-HarwNR7017.nc","scripts/00_downloads/stage2/20_acquire_ds27_pangaea_ferrybox.R","",TRUE,267100,"ddb22072aa4de96e426a07de321e287227ef558eeb86d279ece7c95c2e147314","data/raw/stage2/ds27_pangaea_ferrybox/DS27_PANGAEA_20260809T183210Z/manifest.csv",FALSE,TRUE,"traceable"
"stage2","raw_evidence","data/raw/stage2/ds27_pangaea_ferrybox/DS27_PANGAEA_20260809T183210Z/HZG-Ferrybox_Cux-HarwNR7057.nc","scripts/00_downloads/stage2/20_acquire_ds27_pangaea_ferrybox.R","",TRUE,265952,"7c1a9104d164aba1867231454d1c6beffde5991da582a321d7e16f340a4c37df","data/raw/stage2/ds27_pangaea_ferrybox/DS27_PANGAEA_20260809T183210Z/manifest.csv",FALSE,TRUE,"traceable"
"stage2","raw_evidence","data/raw/stage2/ds27_pangaea_ferrybox/DS27_PANGAEA_20260809T183210Z/HZG-Ferrybox_Cux-HarwNR7097.nc","scripts/00_downloads/stage2/20_acquire_ds27_pangaea_ferrybox.R","",TRUE,266152,"f1c78a76a157e18809016eac2d3aff26b92c8ebd7fa6243ea684bace6900b395","data/raw/stage2/ds27_pangaea_ferrybox/DS27_PANGAEA_20260809T183210Z/manifest.csv",FALSE,TRUE,"traceable"
"stage2","raw_evidence","data/raw/stage2/ds27_pangaea_ferrybox/DS27_PANGAEA_20260809T183210Z/HZG-Ferrybox_Cux-HarwNR7157.nc","scripts/00_downloads/stage2/20_acquire_ds27_pangaea_ferrybox.R","",TRUE,269228,"447fa7cab8c46b9dfef724c21271000729418ed7a95b84474394c476e4361e51","data/raw/stage2/ds27_pangaea_ferrybox/DS27_PANGAEA_20260809T183210Z/manifest.csv",FALSE,TRUE,"traceable"
"stage2","raw_evidence","data/raw/stage2/ds27_pangaea_ferrybox/DS27_PANGAEA_20260809T183210Z/HZG-Ferrybox_Cux-HarwNR717.nc","scripts/00_downloads/stage2/20_acquire_ds27_pangaea_ferrybox.R","",TRUE,266772,"0acb6131f600680adcb33c8434b3e7b2e1dda7b545e70b04cf49c36ff13f885f","data/raw/stage2/ds27_pangaea_ferrybox/DS27_PANGAEA_20260809T183210Z/manifest.csv",FALSE,TRUE,"traceable"
"stage2","raw_evidence","data/raw/stage2/ds27_pangaea_ferrybox/DS27_PANGAEA_20260809T183210Z/HZG-Ferrybox_Cux-HarwNR7197.nc","scripts/00_downloads/stage2/20_acquire_ds27_pangaea_ferrybox.R","",TRUE,267792,"036fc609b8dceb0672aaab386005be7e925c9e568b30238c9a2289357b331d8b","data/raw/stage2/ds27_pangaea_ferrybox/DS27_PANGAEA_20260809T183210Z/manifest.csv",FALSE,TRUE,"traceable"
"stage2","raw_evidence","data/raw/stage2/ds27_pangaea_ferrybox/DS27_PANGAEA_20260809T183210Z/HZG-Ferrybox_Cux-HarwNR72.nc","scripts/00_downloads/stage2/20_acquire_ds27_pangaea_ferrybox.R","",TRUE,244752,"d2a87dee5bf00dc26a391e8be265e4545d65db0f0c20a97033d2c9556d7ca2e9","data/raw/stage2/ds27_pangaea_ferrybox/DS27_PANGAEA_20260809T183210Z/manifest.csv",FALSE,TRUE,"traceable"
"stage2","raw_evidence","data/raw/stage2/ds27_pangaea_ferrybox/DS27_PANGAEA_20260809T183210Z/HZG-Ferrybox_Cux-HarwNR7257.nc","scripts/00_downloads/stage2/20_acquire_ds27_pangaea_ferrybox.R","",TRUE,265036,"f9105aa62c854c8f30420c2fc83404a74d2002b493798b558dd27fbdfaa11957","data/raw/stage2/ds27_pangaea_ferrybox/DS27_PANGAEA_20260809T183210Z/manifest.csv",FALSE,TRUE,"traceable"
"stage2","raw_evidence","data/raw/stage2/ds27_pangaea_ferrybox/DS27_PANGAEA_20260809T183210Z/HZG-Ferrybox_Cux-HarwNR7318.nc","scripts/00_downloads/stage2/20_acquire_ds27_pangaea_ferrybox.R","",TRUE,269304,"afbb154c50ae7df58e589c3d76d000716d0fa4b52f05d31858e02256f783fb00","data/raw/stage2/ds27_pangaea_ferrybox/DS27_PANGAEA_20260809T183210Z/manifest.csv",FALSE,TRUE,"traceable"
"stage2","raw_evidence","data/raw/stage2/ds27_pangaea_ferrybox/DS27_PANGAEA_20260809T183210Z/HZG-Ferrybox_Cux-HarwNR7338.nc","scripts/00_downloads/stage2/20_acquire_ds27_pangaea_ferrybox.R","",TRUE,273568,"5ab7b2921d33da2d04b72002ef9c6dfc4b477cae528439bdad602068a1702d3b","data/raw/stage2/ds27_pangaea_ferrybox/DS27_PANGAEA_20260809T183210Z/manifest.csv",FALSE,TRUE,"traceable"
"stage2","raw_evidence","data/raw/stage2/ds27_pangaea_ferrybox/DS27_PANGAEA_20260809T183210Z/HZG-Ferrybox_Cux-HarwNR7358.nc","scripts/00_downloads/stage2/20_acquire_ds27_pangaea_ferrybox.R","",TRUE,265952,"6c9bcbb6e780e82d6fd92d772dbc73cff5fe06bcd636488a569d560885cbad31","data/raw/stage2/ds27_pangaea_ferrybox/DS27_PANGAEA_20260809T183210Z/manifest.csv",FALSE,TRUE,"traceable"
"stage2","raw_evidence","data/raw/stage2/ds27_pangaea_ferrybox/DS27_PANGAEA_20260809T183210Z/HZG-Ferrybox_Cux-HarwNR7398.nc","scripts/00_downloads/stage2/20_acquire_ds27_pangaea_ferrybox.R","",TRUE,261268,"572fa7e2a0e4e30c8ba7737eb7cd5f2ef230649acce65bf796c6292957c9b3ef","data/raw/stage2/ds27_pangaea_ferrybox/DS27_PANGAEA_20260809T183210Z/manifest.csv",FALSE,TRUE,"traceable"
"stage2","raw_evidence","data/raw/stage2/ds27_pangaea_ferrybox/DS27_PANGAEA_20260809T183210Z/HZG-Ferrybox_Cux-HarwNR74.nc","scripts/00_downloads/stage2/20_acquire_ds27_pangaea_ferrybox.R","",TRUE,248400,"d6615354efa057825def30ca2e280924463c5646a25c5f052f30450851e3b62e","data/raw/stage2/ds27_pangaea_ferrybox/DS27_PANGAEA_20260809T183210Z/manifest.csv",FALSE,TRUE,"traceable"
"stage2","raw_evidence","data/raw/stage2/ds27_pangaea_ferrybox/DS27_PANGAEA_20260809T183210Z/HZG-Ferrybox_Cux-HarwNR7438.nc","scripts/00_downloads/stage2/20_acquire_ds27_pangaea_ferrybox.R","",TRUE,268972,"db76a840877c4d052af769a7efd18709b7883fec5bbae98b8ee98bb3460ec601","data/raw/stage2/ds27_pangaea_ferrybox/DS27_PANGAEA_20260809T183210Z/manifest.csv",FALSE,TRUE,"traceable"
"stage2","raw_evidence","data/raw/stage2/ds27_pangaea_ferrybox/DS27_PANGAEA_20260809T183210Z/HZG-Ferrybox_Cux-HarwNR7478.nc","scripts/00_downloads/stage2/20_acquire_ds27_pangaea_ferrybox.R","",TRUE,268608,"f99d7de31179b4b81b119b606e3855278fe022f8d43f04b2146fecee41371772","data/raw/stage2/ds27_pangaea_ferrybox/DS27_PANGAEA_20260809T183210Z/manifest.csv",FALSE,TRUE,"traceable"
"stage2","raw_evidence","data/raw/stage2/ds27_pangaea_ferrybox/DS27_PANGAEA_20260809T183210Z/HZG-Ferrybox_Cux-HarwNR7518.nc","scripts/00_downloads/stage2/20_acquire_ds27_pangaea_ferrybox.R","",TRUE,269196,"6296947a52fcfdc200dc355638a6b924115d8aa87d32f1b0ba06d76180d5abb6","data/raw/stage2/ds27_pangaea_ferrybox/DS27_PANGAEA_20260809T183210Z/manifest.csv",FALSE,TRUE,"traceable"
"stage2","raw_evidence","data/raw/stage2/ds27_pangaea_ferrybox/DS27_PANGAEA_20260809T183210Z/HZG-Ferrybox_Cux-HarwNR7558.nc","scripts/00_downloads/stage2/20_acquire_ds27_pangaea_ferrybox.R","",TRUE,283828,"828f95e09e99314746f348ae0193078deebf52aa98cc3b8374eba9c223066351","data/raw/stage2/ds27_pangaea_ferrybox/DS27_PANGAEA_20260809T183210Z/manifest.csv",FALSE,TRUE,"traceable"
"stage2","raw_evidence","data/raw/stage2/ds27_pangaea_ferrybox/DS27_PANGAEA_20260809T183210Z/HZG-Ferrybox_Cux-HarwNR757.nc","scripts/00_downloads/stage2/20_acquire_ds27_pangaea_ferrybox.R","",TRUE,266772,"593c3c48ed093e59213d1c8110d5259f81aa6e0793afb3d679232c5acd1b15a5","data/raw/stage2/ds27_pangaea_ferrybox/DS27_PANGAEA_20260809T183210Z/manifest.csv",FALSE,TRUE,"traceable"
"stage2","raw_evidence","data/raw/stage2/ds27_pangaea_ferrybox/DS27_PANGAEA_20260809T183210Z/HZG-Ferrybox_Cux-HarwNR7578.nc","scripts/00_downloads/stage2/20_acquire_ds27_pangaea_ferrybox.R","",TRUE,252500,"74379f4bc3388355efc0c84998bb5239e7cbfe4f152ac647539d0deb60ab933f","data/raw/stage2/ds27_pangaea_ferrybox/DS27_PANGAEA_20260809T183210Z/manifest.csv",FALSE,TRUE,"traceable"
"stage2","raw_evidence","data/raw/stage2/ds27_pangaea_ferrybox/DS27_PANGAEA_20260809T183210Z/HZG-Ferrybox_Cux-HarwNR7598.nc","scripts/00_downloads/stage2/20_acquire_ds27_pangaea_ferrybox.R","",TRUE,224260,"2a4164ded65a3d1de23626ccb82739640b8b22000efa9e309dfef0bdab69f6f1","data/raw/stage2/ds27_pangaea_ferrybox/DS27_PANGAEA_20260809T183210Z/manifest.csv",FALSE,TRUE,"traceable"
"stage2","raw_evidence","data/raw/stage2/ds27_pangaea_ferrybox/DS27_PANGAEA_20260809T183210Z/HZG-Ferrybox_Cux-HarwNR76.nc","scripts/00_downloads/stage2/20_acquire_ds27_pangaea_ferrybox.R","",TRUE,244264,"1e0f91836707e2e4c9b14a4a33f6098dc288344ca5ca79404646f35aa73f253e","data/raw/stage2/ds27_pangaea_ferrybox/DS27_PANGAEA_20260809T183210Z/manifest.csv",FALSE,TRUE,"traceable"
"stage2","raw_evidence","data/raw/stage2/ds27_pangaea_ferrybox/DS27_PANGAEA_20260809T183210Z/HZG-Ferrybox_Cux-HarwNR7638.nc","scripts/00_downloads/stage2/20_acquire_ds27_pangaea_ferrybox.R","",TRUE,269232,"e601b0089c9eb2baa86355106f1df3749901cd4c72cfc702b563f0e5fa76d64e","data/raw/stage2/ds27_pangaea_ferrybox/DS27_PANGAEA_20260809T183210Z/manifest.csv",FALSE,TRUE,"traceable"
"stage2","raw_evidence","data/raw/stage2/ds27_pangaea_ferrybox/DS27_PANGAEA_20260809T183210Z/HZG-Ferrybox_Cux-HarwNR7658.nc","scripts/00_downloads/stage2/20_acquire_ds27_pangaea_ferrybox.R","",TRUE,268244,"13af01e6a235aa83069ee77c0d96cee58fb3387eee878037590ab33ed5a5cbc8","data/raw/stage2/ds27_pangaea_ferrybox/DS27_PANGAEA_20260809T183210Z/manifest.csv",FALSE,TRUE,"traceable"
"stage2","raw_evidence","data/raw/stage2/ds27_pangaea_ferrybox/DS27_PANGAEA_20260809T183210Z/HZG-Ferrybox_Cux-HarwNR7718.nc","scripts/00_downloads/stage2/20_acquire_ds27_pangaea_ferrybox.R","",TRUE,262508,"edca5763f76070eeaaea5406e50af29abca878c3f9c71fb7738beaef3f67bb43","data/raw/stage2/ds27_pangaea_ferrybox/DS27_PANGAEA_20260809T183210Z/manifest.csv",FALSE,TRUE,"traceable"
"stage2","raw_evidence","data/raw/stage2/ds27_pangaea_ferrybox/DS27_PANGAEA_20260809T183210Z/HZG-Ferrybox_Cux-HarwNR7738.nc","scripts/00_downloads/stage2/20_acquire_ds27_pangaea_ferrybox.R","",TRUE,267460,"2557df5a54b8ddfcdbb2f0aad31c8d161d783fda13b7cb7d5c8b0ed9db7b05cb","data/raw/stage2/ds27_pangaea_ferrybox/DS27_PANGAEA_20260809T183210Z/manifest.csv",FALSE,TRUE,"traceable"
"stage2","raw_evidence","data/raw/stage2/ds27_pangaea_ferrybox/DS27_PANGAEA_20260809T183210Z/HZG-Ferrybox_Cux-HarwNR7758.nc","scripts/00_downloads/stage2/20_acquire_ds27_pangaea_ferrybox.R","",TRUE,256932,"073f61d136eca8a88ff595f569ec336095661d76608c4bb2522876755273bddc","data/raw/stage2/ds27_pangaea_ferrybox/DS27_PANGAEA_20260809T183210Z/manifest.csv",FALSE,TRUE,"traceable"
"stage2","raw_evidence","data/raw/stage2/ds27_pangaea_ferrybox/DS27_PANGAEA_20260809T183210Z/HZG-Ferrybox_Cux-HarwNR777.nc","scripts/00_downloads/stage2/20_acquire_ds27_pangaea_ferrybox.R","",TRUE,266932,"d34fe3abfda972808b4f1ca7595635a71a35c0dff9a3b98feb8005626275e6fc","data/raw/stage2/ds27_pangaea_ferrybox/DS27_PANGAEA_20260809T183210Z/manifest.csv",FALSE,TRUE,"traceable"
"stage2","raw_evidence","data/raw/stage2/ds27_pangaea_ferrybox/DS27_PANGAEA_20260809T183210Z/HZG-Ferrybox_Cux-HarwNR7798.nc","scripts/00_downloads/stage2/20_acquire_ds27_pangaea_ferrybox.R","",TRUE,269228,"2dbbc6645f53b03fbf9c6888c7de1615ec45db6090de76668aae7218f15e48ba","data/raw/stage2/ds27_pangaea_ferrybox/DS27_PANGAEA_20260809T183210Z/manifest.csv",FALSE,TRUE,"traceable"
"stage2","raw_evidence","data/raw/stage2/ds27_pangaea_ferrybox/DS27_PANGAEA_20260809T183210Z/HZG-Ferrybox_Cux-HarwNR78.nc","scripts/00_downloads/stage2/20_acquire_ds27_pangaea_ferrybox.R","",TRUE,264436,"36a576f034b3c1bfff876c4ede7a7829c39461e37a94641845a3ab2b59cb9637","data/raw/stage2/ds27_pangaea_ferrybox/DS27_PANGAEA_20260809T183210Z/manifest.csv",FALSE,TRUE,"traceable"
"stage2","raw_evidence","data/raw/stage2/ds27_pangaea_ferrybox/DS27_PANGAEA_20260809T183210Z/HZG-Ferrybox_Cux-HarwNR7838.nc","scripts/00_downloads/stage2/20_acquire_ds27_pangaea_ferrybox.R","",TRUE,268444,"43fe565cad928d33dc40b92c2fe24c7990b4cb3954396032664b63e6702b2d37","data/raw/stage2/ds27_pangaea_ferrybox/DS27_PANGAEA_20260809T183210Z/manifest.csv",FALSE,TRUE,"traceable"
"stage2","raw_evidence","data/raw/stage2/ds27_pangaea_ferrybox/DS27_PANGAEA_20260809T183210Z/HZG-Ferrybox_Cux-HarwNR7858.nc","scripts/00_downloads/stage2/20_acquire_ds27_pangaea_ferrybox.R","",TRUE,266276,"b3d817bc5c75d9c39fed8e6b02b8bccf59c51f58effc2dee4083d9bd2c2d73c5","data/raw/stage2/ds27_pangaea_ferrybox/DS27_PANGAEA_20260809T183210Z/manifest.csv",FALSE,TRUE,"traceable"
"stage2","raw_evidence","data/raw/stage2/ds27_pangaea_ferrybox/DS27_PANGAEA_20260809T183210Z/HZG-Ferrybox_Cux-HarwNR7898.nc","scripts/00_downloads/stage2/20_acquire_ds27_pangaea_ferrybox.R","",TRUE,264676,"ccc5cd9a3720bc878e257a282daf340aba0adbfe68f21911c622ec35cd08ed7b","data/raw/stage2/ds27_pangaea_ferrybox/DS27_PANGAEA_20260809T183210Z/manifest.csv",FALSE,TRUE,"traceable"
"stage2","raw_evidence","data/raw/stage2/ds27_pangaea_ferrybox/DS27_PANGAEA_20260809T183210Z/HZG-Ferrybox_Cux-HarwNR7978.nc","scripts/00_downloads/stage2/20_acquire_ds27_pangaea_ferrybox.R","",TRUE,267300,"df0052f115aca69d899029dc60dfd17070c3fc5847f2f832ede88b1c3d068032","data/raw/stage2/ds27_pangaea_ferrybox/DS27_PANGAEA_20260809T183210Z/manifest.csv",FALSE,TRUE,"traceable"
"stage2","raw_evidence","data/raw/stage2/ds27_pangaea_ferrybox/DS27_PANGAEA_20260809T183210Z/HZG-Ferrybox_Cux-HarwNR7980.nc","scripts/00_downloads/stage2/20_acquire_ds27_pangaea_ferrybox.R","",TRUE,268048,"b5aafcf116770dc092f4a72d8b88689b4a298e7edaf691756d6578841e7fd3bd","data/raw/stage2/ds27_pangaea_ferrybox/DS27_PANGAEA_20260809T183210Z/manifest.csv",FALSE,TRUE,"traceable"
"stage2","raw_evidence","data/raw/stage2/ds27_pangaea_ferrybox/DS27_PANGAEA_20260809T183210Z/HZG-Ferrybox_Cux-HarwNR8.nc","scripts/00_downloads/stage2/20_acquire_ds27_pangaea_ferrybox.R","",TRUE,78424,"e72c12b9bbfe4582f3879077503bd84b988da6c635c5e2b32f557dbc4db9af80","data/raw/stage2/ds27_pangaea_ferrybox/DS27_PANGAEA_20260809T183210Z/manifest.csv",FALSE,TRUE,"traceable"
"stage2","raw_evidence","data/raw/stage2/ds27_pangaea_ferrybox/DS27_PANGAEA_20260809T183210Z/HZG-Ferrybox_Cux-HarwNR8058.nc","scripts/00_downloads/stage2/20_acquire_ds27_pangaea_ferrybox.R","",TRUE,239020,"266ef867e0ab9b7c454663b523000490b8df6bf8783a6bce62893876ef09efef","data/raw/stage2/ds27_pangaea_ferrybox/DS27_PANGAEA_20260809T183210Z/manifest.csv",FALSE,TRUE,"traceable"
"stage2","raw_evidence","data/raw/stage2/ds27_pangaea_ferrybox/DS27_PANGAEA_20260809T183210Z/HZG-Ferrybox_Cux-HarwNR8098.nc","scripts/00_downloads/stage2/20_acquire_ds27_pangaea_ferrybox.R","",TRUE,240932,"60fb3983f8cdb31a92511cc8e7ea8262c3cef762bc936ecc52efb9f9303dad9d","data/raw/stage2/ds27_pangaea_ferrybox/DS27_PANGAEA_20260809T183210Z/manifest.csv",FALSE,TRUE,"traceable"
"stage2","raw_evidence","data/raw/stage2/ds27_pangaea_ferrybox/DS27_PANGAEA_20260809T183210Z/HZG-Ferrybox_Cux-HarwNR81.nc","scripts/00_downloads/stage2/20_acquire_ds27_pangaea_ferrybox.R","",TRUE,204156,"359e83a82682685e2e118c55a6f5310d281544e26ccaa40e953213665e664cd3","data/raw/stage2/ds27_pangaea_ferrybox/DS27_PANGAEA_20260809T183210Z/manifest.csv",FALSE,TRUE,"traceable"
"stage2","raw_evidence","data/raw/stage2/ds27_pangaea_ferrybox/DS27_PANGAEA_20260809T183210Z/HZG-Ferrybox_Cux-HarwNR8138.nc","scripts/00_downloads/stage2/20_acquire_ds27_pangaea_ferrybox.R","",TRUE,249516,"6a51d641972641e55b420b5be82e756177ae53bb71dff54e4f49f992a27d8ed2","data/raw/stage2/ds27_pangaea_ferrybox/DS27_PANGAEA_20260809T183210Z/manifest.csv",FALSE,TRUE,"traceable"
"stage2","raw_evidence","data/raw/stage2/ds27_pangaea_ferrybox/DS27_PANGAEA_20260809T183210Z/HZG-Ferrybox_Cux-HarwNR8158.nc","scripts/00_downloads/stage2/20_acquire_ds27_pangaea_ferrybox.R","",TRUE,63120,"1b2e5311133ae7f7a4f80c46b24f302b796d75da1bc71f7e7650e484791e50b5","data/raw/stage2/ds27_pangaea_ferrybox/DS27_PANGAEA_20260809T183210Z/manifest.csv",FALSE,TRUE,"traceable"
"stage2","raw_evidence","data/raw/stage2/ds27_pangaea_ferrybox/DS27_PANGAEA_20260809T183210Z/HZG-Ferrybox_Cux-HarwNR817.nc","scripts/00_downloads/stage2/20_acquire_ds27_pangaea_ferrybox.R","",TRUE,267220,"2add9c80034c311a22e03c81f342dde1226ff8d9c8eee2a48ae35aace6254289","data/raw/stage2/ds27_pangaea_ferrybox/DS27_PANGAEA_20260809T183210Z/manifest.csv",FALSE,TRUE,"traceable"
"stage2","raw_evidence","data/raw/stage2/ds27_pangaea_ferrybox/DS27_PANGAEA_20260809T183210Z/HZG-Ferrybox_Cux-HarwNR8198.nc","scripts/00_downloads/stage2/20_acquire_ds27_pangaea_ferrybox.R","",TRUE,236632,"5b1685f0666994b362a3d559c317a9cdda700c7cfb1be05ad4adfb53861b3458","data/raw/stage2/ds27_pangaea_ferrybox/DS27_PANGAEA_20260809T183210Z/manifest.csv",FALSE,TRUE,"traceable"
"stage2","raw_evidence","data/raw/stage2/ds27_pangaea_ferrybox/DS27_PANGAEA_20260809T183210Z/HZG-Ferrybox_Cux-HarwNR8238.nc","scripts/00_downloads/stage2/20_acquire_ds27_pangaea_ferrybox.R","",TRUE,152500,"07623f6b3b8329c086c06a72b2351a1d75ba34d9266a140a62646246e2108626","data/raw/stage2/ds27_pangaea_ferrybox/DS27_PANGAEA_20260809T183210Z/manifest.csv",FALSE,TRUE,"traceable"
"stage2","raw_evidence","data/raw/stage2/ds27_pangaea_ferrybox/DS27_PANGAEA_20260809T183210Z/HZG-Ferrybox_Cux-HarwNR8278.nc","scripts/00_downloads/stage2/20_acquire_ds27_pangaea_ferrybox.R","",TRUE,242080,"3b55dc0c8df280173b1b38a69ea165406881b9cb06651dab03fa8cfd10af7b71","data/raw/stage2/ds27_pangaea_ferrybox/DS27_PANGAEA_20260809T183210Z/manifest.csv",FALSE,TRUE,"traceable"
"stage2","raw_evidence","data/raw/stage2/ds27_pangaea_ferrybox/DS27_PANGAEA_20260809T183210Z/HZG-Ferrybox_Cux-HarwNR8318.nc","scripts/00_downloads/stage2/20_acquire_ds27_pangaea_ferrybox.R","",TRUE,241712,"2ea4c5543497b06727b1238d61c47d38833ea4bfc8aa61ad9e8167174bef65ae","data/raw/stage2/ds27_pangaea_ferrybox/DS27_PANGAEA_20260809T183210Z/manifest.csv",FALSE,TRUE,"traceable"
"stage2","raw_evidence","data/raw/stage2/ds27_pangaea_ferrybox/DS27_PANGAEA_20260809T183210Z/HZG-Ferrybox_Cux-HarwNR8358.nc","scripts/00_downloads/stage2/20_acquire_ds27_pangaea_ferrybox.R","",TRUE,234916,"dbbd458b004b09122997c03fbdf41aa2baab5014fdfd246044c7d2c7fefc8029","data/raw/stage2/ds27_pangaea_ferrybox/DS27_PANGAEA_20260809T183210Z/manifest.csv",FALSE,TRUE,"traceable"
"stage2","raw_evidence","data/raw/stage2/ds27_pangaea_ferrybox/DS27_PANGAEA_20260809T183210Z/HZG-Ferrybox_Cux-HarwNR8378.nc","scripts/00_downloads/stage2/20_acquire_ds27_pangaea_ferrybox.R","",TRUE,60624,"cac04eeb9f24a58973a07797c7f8836d827da387dcceebc68d6b8f3cd6519161","data/raw/stage2/ds27_pangaea_ferrybox/DS27_PANGAEA_20260809T183210Z/manifest.csv",FALSE,TRUE,"traceable"
"stage2","raw_evidence","data/raw/stage2/ds27_pangaea_ferrybox/DS27_PANGAEA_20260809T183210Z/HZG-Ferrybox_Cux-HarwNR8418.nc","scripts/00_downloads/stage2/20_acquire_ds27_pangaea_ferrybox.R","",TRUE,243320,"f58a99e305bf4d9c134f57467659c01e6ba558e5a44cb04dea5192c27305c66a","data/raw/stage2/ds27_pangaea_ferrybox/DS27_PANGAEA_20260809T183210Z/manifest.csv",FALSE,TRUE,"traceable"
"stage2","raw_evidence","data/raw/stage2/ds27_pangaea_ferrybox/DS27_PANGAEA_20260809T183210Z/HZG-Ferrybox_Cux-HarwNR8458.nc","scripts/00_downloads/stage2/20_acquire_ds27_pangaea_ferrybox.R","",TRUE,239832,"c2ed1d1580e167ba8a02b45aac688bc6c422c6b078fd6d906cfaae07d12ef178","data/raw/stage2/ds27_pangaea_ferrybox/DS27_PANGAEA_20260809T183210Z/manifest.csv",FALSE,TRUE,"traceable"
"stage2","raw_evidence","data/raw/stage2/ds27_pangaea_ferrybox/DS27_PANGAEA_20260809T183210Z/HZG-Ferrybox_Cux-HarwNR8498.nc","scripts/00_downloads/stage2/20_acquire_ds27_pangaea_ferrybox.R","",TRUE,242244,"dd040daa35bc355a7e43d5d54a4f361410480135eb1e3f051803c476debbb48a","data/raw/stage2/ds27_pangaea_ferrybox/DS27_PANGAEA_20260809T183210Z/manifest.csv",FALSE,TRUE,"traceable"
"stage2","raw_evidence","data/raw/stage2/ds27_pangaea_ferrybox/DS27_PANGAEA_20260809T183210Z/HZG-Ferrybox_Cux-HarwNR8538.nc","scripts/00_downloads/stage2/20_acquire_ds27_pangaea_ferrybox.R","",TRUE,71156,"b67063d623fff88329f51280542a3213499a9cc10ed7f4d85a219f6cc27ae975","data/raw/stage2/ds27_pangaea_ferrybox/DS27_PANGAEA_20260809T183210Z/manifest.csv",FALSE,TRUE,"traceable"
"stage2","raw_evidence","data/raw/stage2/ds27_pangaea_ferrybox/DS27_PANGAEA_20260809T183210Z/HZG-Ferrybox_Cux-HarwNR8578.nc","scripts/00_downloads/stage2/20_acquire_ds27_pangaea_ferrybox.R","",TRUE,214820,"e7c31b7e5ffb1cdfbddd402356a22fce76886801f4b682899b5628b746d12453","data/raw/stage2/ds27_pangaea_ferrybox/DS27_PANGAEA_20260809T183210Z/manifest.csv",FALSE,TRUE,"traceable"
"stage2","raw_evidence","data/raw/stage2/ds27_pangaea_ferrybox/DS27_PANGAEA_20260809T183210Z/HZG-Ferrybox_Cux-HarwNR8618.nc","scripts/00_downloads/stage2/20_acquire_ds27_pangaea_ferrybox.R","",TRUE,240768,"d6e7471da7540e1d31330db0e3032c037d3c1656a214b20335f5ff9d129459c6","data/raw/stage2/ds27_pangaea_ferrybox/DS27_PANGAEA_20260809T183210Z/manifest.csv",FALSE,TRUE,"traceable"
"stage2","raw_evidence","data/raw/stage2/ds27_pangaea_ferrybox/DS27_PANGAEA_20260809T183210Z/HZG-Ferrybox_Cux-HarwNR8658.nc","scripts/00_downloads/stage2/20_acquire_ds27_pangaea_ferrybox.R","",TRUE,240364,"ee93841ed07f586a80d3cc22a3edb2aba4a1a22e1eaa588397146e34c2c2d62e","data/raw/stage2/ds27_pangaea_ferrybox/DS27_PANGAEA_20260809T183210Z/manifest.csv",FALSE,TRUE,"traceable"
"stage2","raw_evidence","data/raw/stage2/ds27_pangaea_ferrybox/DS27_PANGAEA_20260809T183210Z/HZG-Ferrybox_Cux-HarwNR8698.nc","scripts/00_downloads/stage2/20_acquire_ds27_pangaea_ferrybox.R","",TRUE,191132,"28956a40c87118c20b2c6454cb16a79c1f1cb6ec709e1be6e09c1ee81bfe5bd4","data/raw/stage2/ds27_pangaea_ferrybox/DS27_PANGAEA_20260809T183210Z/manifest.csv",FALSE,TRUE,"traceable"
"stage2","raw_evidence","data/raw/stage2/ds27_pangaea_ferrybox/DS27_PANGAEA_20260809T183210Z/HZG-Ferrybox_Cux-HarwNR87.nc","scripts/00_downloads/stage2/20_acquire_ds27_pangaea_ferrybox.R","",TRUE,116212,"a9c4733a97354d6cdf9ce6b78c916cac9382ef58257682b6c560a070110cc111","data/raw/stage2/ds27_pangaea_ferrybox/DS27_PANGAEA_20260809T183210Z/manifest.csv",FALSE,TRUE,"traceable"
"stage2","raw_evidence","data/raw/stage2/ds27_pangaea_ferrybox/DS27_PANGAEA_20260809T183210Z/HZG-Ferrybox_Cux-HarwNR8743.nc","scripts/00_downloads/stage2/20_acquire_ds27_pangaea_ferrybox.R","",TRUE,139012,"e7eb60fb4045807de7111e376a12653266ceb2aaadcb58c61fd14cfd2c36cfe1","data/raw/stage2/ds27_pangaea_ferrybox/DS27_PANGAEA_20260809T183210Z/manifest.csv",FALSE,TRUE,"traceable"
"stage2","raw_evidence","data/raw/stage2/ds27_pangaea_ferrybox/DS27_PANGAEA_20260809T183210Z/HZG-Ferrybox_Cux-HarwNR8755.nc","scripts/00_downloads/stage2/20_acquire_ds27_pangaea_ferrybox.R","",TRUE,222328,"1e3079039b2bb7ae0a2290d5a07c61b962a11f96adb01f49eb1ed7c9de89021b","data/raw/stage2/ds27_pangaea_ferrybox/DS27_PANGAEA_20260809T183210Z/manifest.csv",FALSE,TRUE,"traceable"
"stage2","raw_evidence","data/raw/stage2/ds27_pangaea_ferrybox/DS27_PANGAEA_20260809T183210Z/HZG-Ferrybox_Cux-HarwNR8767.nc","scripts/00_downloads/stage2/20_acquire_ds27_pangaea_ferrybox.R","",TRUE,223548,"396bb9bac328c726f24b8baad37b10d0f7cdaf516b600547ebb88117749391bb","data/raw/stage2/ds27_pangaea_ferrybox/DS27_PANGAEA_20260809T183210Z/manifest.csv",FALSE,TRUE,"traceable"
"stage2","raw_evidence","data/raw/stage2/ds27_pangaea_ferrybox/DS27_PANGAEA_20260809T183210Z/HZG-Ferrybox_Cux-HarwNR8779.nc","scripts/00_downloads/stage2/20_acquire_ds27_pangaea_ferrybox.R","",TRUE,221504,"d0990edab1f838ebd1e2ff27cb33c9bd852fd2468cebe64651f8aa32de81e147","data/raw/stage2/ds27_pangaea_ferrybox/DS27_PANGAEA_20260809T183210Z/manifest.csv",FALSE,TRUE,"traceable"
"stage2","raw_evidence","data/raw/stage2/ds27_pangaea_ferrybox/DS27_PANGAEA_20260809T183210Z/HZG-Ferrybox_Cux-HarwNR8818.nc","scripts/00_downloads/stage2/20_acquire_ds27_pangaea_ferrybox.R","",TRUE,224824,"fe3ec353c8efede5a3b1d16ef6934052c9ecef51e3a1bd141f2e0585f0f04d88","data/raw/stage2/ds27_pangaea_ferrybox/DS27_PANGAEA_20260809T183210Z/manifest.csv",FALSE,TRUE,"traceable"
"stage2","raw_evidence","data/raw/stage2/ds27_pangaea_ferrybox/DS27_PANGAEA_20260809T183210Z/HZG-Ferrybox_Cux-HarwNR8858.nc","scripts/00_downloads/stage2/20_acquire_ds27_pangaea_ferrybox.R","",TRUE,219832,"67946ad7f376c21d707170a7576dc1c503553ba243364a90697cfef5978ca61b","data/raw/stage2/ds27_pangaea_ferrybox/DS27_PANGAEA_20260809T183210Z/manifest.csv",FALSE,TRUE,"traceable"
"stage2","raw_evidence","data/raw/stage2/ds27_pangaea_ferrybox/DS27_PANGAEA_20260809T183210Z/HZG-Ferrybox_Cux-HarwNR8898.nc","scripts/00_downloads/stage2/20_acquire_ds27_pangaea_ferrybox.R","",TRUE,141836,"4348fe39a51bf87d68c5647ccc1d45c526dc9cf2021385c3af8933a8584e9440","data/raw/stage2/ds27_pangaea_ferrybox/DS27_PANGAEA_20260809T183210Z/manifest.csv",FALSE,TRUE,"traceable"
"stage2","raw_evidence","data/raw/stage2/ds27_pangaea_ferrybox/DS27_PANGAEA_20260809T183210Z/HZG-Ferrybox_Cux-HarwNR8938.nc","scripts/00_downloads/stage2/20_acquire_ds27_pangaea_ferrybox.R","",TRUE,212680,"b01b3426dac03c5d37641c3ae364ee21c6f6de610fb85817b48a69f062506ca8","data/raw/stage2/ds27_pangaea_ferrybox/DS27_PANGAEA_20260809T183210Z/manifest.csv",FALSE,TRUE,"traceable"
"stage2","raw_evidence","data/raw/stage2/ds27_pangaea_ferrybox/DS27_PANGAEA_20260809T183210Z/HZG-Ferrybox_Cux-HarwNR8978.nc","scripts/00_downloads/stage2/20_acquire_ds27_pangaea_ferrybox.R","",TRUE,130976,"ad3f1b5b00fe44a00a5b768be1e17bfaee2dd66e1cdb098a07f177ba0e0c53f4","data/raw/stage2/ds27_pangaea_ferrybox/DS27_PANGAEA_20260809T183210Z/manifest.csv",FALSE,TRUE,"traceable"
"stage2","raw_evidence","data/raw/stage2/ds27_pangaea_ferrybox/DS27_PANGAEA_20260809T183210Z/HZG-Ferrybox_Cux-HarwNR90.nc","scripts/00_downloads/stage2/20_acquire_ds27_pangaea_ferrybox.R","",TRUE,248636,"c86c62a77135f1ce8ba65c8169c781f80a92ca94902f91152d38683e8ef278e3","data/raw/stage2/ds27_pangaea_ferrybox/DS27_PANGAEA_20260809T183210Z/manifest.csv",FALSE,TRUE,"traceable"
"stage2","raw_evidence","data/raw/stage2/ds27_pangaea_ferrybox/DS27_PANGAEA_20260809T183210Z/HZG-Ferrybox_Cux-HarwNR9098.nc","scripts/00_downloads/stage2/20_acquire_ds27_pangaea_ferrybox.R","",TRUE,243608,"26239b02c6c1527ff93fe4e9e031482f61c85d9757e19a5c5382a3d3d60229e8","data/raw/stage2/ds27_pangaea_ferrybox/DS27_PANGAEA_20260809T183210Z/manifest.csv",FALSE,TRUE,"traceable"
"stage2","raw_evidence","data/raw/stage2/ds27_pangaea_ferrybox/DS27_PANGAEA_20260809T183210Z/HZG-Ferrybox_Cux-HarwNR9138.nc","scripts/00_downloads/stage2/20_acquire_ds27_pangaea_ferrybox.R","",TRUE,241516,"e2425a7ba6a94f2aa448d2024c40bbbc0de193260f3b8b67ad444f8d51fb2c0b","data/raw/stage2/ds27_pangaea_ferrybox/DS27_PANGAEA_20260809T183210Z/manifest.csv",FALSE,TRUE,"traceable"
"stage2","raw_evidence","data/raw/stage2/ds27_pangaea_ferrybox/DS27_PANGAEA_20260809T183210Z/HZG-Ferrybox_Cux-HarwNR917.nc","scripts/00_downloads/stage2/20_acquire_ds27_pangaea_ferrybox.R","",TRUE,269232,"3cf57e638b2b49659111020e68974593d7cdb6a5a09394eb7709772ced662582","data/raw/stage2/ds27_pangaea_ferrybox/DS27_PANGAEA_20260809T183210Z/manifest.csv",FALSE,TRUE,"traceable"
"stage2","raw_evidence","data/raw/stage2/ds27_pangaea_ferrybox/DS27_PANGAEA_20260809T183210Z/HZG-Ferrybox_Cux-HarwNR9198.nc","scripts/00_downloads/stage2/20_acquire_ds27_pangaea_ferrybox.R","",TRUE,235740,"a51f99dce1ca380303001cc6c70a20f772458e0ce3f99680a56c79cfdf20fcf3","data/raw/stage2/ds27_pangaea_ferrybox/DS27_PANGAEA_20260809T183210Z/manifest.csv",FALSE,TRUE,"traceable"
"stage2","raw_evidence","data/raw/stage2/ds27_pangaea_ferrybox/DS27_PANGAEA_20260809T183210Z/HZG-Ferrybox_Cux-HarwNR9238.nc","scripts/00_downloads/stage2/20_acquire_ds27_pangaea_ferrybox.R","",TRUE,232368,"dbf442e4e4445299e5443d994078d98f5aa6cdc2f8c050ed3dec198e0966e0bb","data/raw/stage2/ds27_pangaea_ferrybox/DS27_PANGAEA_20260809T183210Z/manifest.csv",FALSE,TRUE,"traceable"
"stage2","raw_evidence","data/raw/stage2/ds27_pangaea_ferrybox/DS27_PANGAEA_20260809T183210Z/HZG-Ferrybox_Cux-HarwNR9278.nc","scripts/00_downloads/stage2/20_acquire_ds27_pangaea_ferrybox.R","",TRUE,234828,"c4af2e881b3b2ae08c66219a304f809daf33df2bd771c316482f623a53d4d6e1","data/raw/stage2/ds27_pangaea_ferrybox/DS27_PANGAEA_20260809T183210Z/manifest.csv",FALSE,TRUE,"traceable"
"stage2","raw_evidence","data/raw/stage2/ds27_pangaea_ferrybox/DS27_PANGAEA_20260809T183210Z/HZG-Ferrybox_Cux-HarwNR9318.nc","scripts/00_downloads/stage2/20_acquire_ds27_pangaea_ferrybox.R","",TRUE,240040,"407ca09bb64da6b8bb9ff40c44c2b04175f9c353801097bf90af1038676e1979","data/raw/stage2/ds27_pangaea_ferrybox/DS27_PANGAEA_20260809T183210Z/manifest.csv",FALSE,TRUE,"traceable"
"stage2","raw_evidence","data/raw/stage2/ds27_pangaea_ferrybox/DS27_PANGAEA_20260809T183210Z/HZG-Ferrybox_Cux-HarwNR9364.nc","scripts/00_downloads/stage2/20_acquire_ds27_pangaea_ferrybox.R","",TRUE,239912,"4b3d5d0613ccdeed7cc2a60a8d7d9d505ee79db39a3d348359558f09069fdf5c","data/raw/stage2/ds27_pangaea_ferrybox/DS27_PANGAEA_20260809T183210Z/manifest.csv",FALSE,TRUE,"traceable"
"stage2","raw_evidence","data/raw/stage2/ds27_pangaea_ferrybox/DS27_PANGAEA_20260809T183210Z/HZG-Ferrybox_Cux-HarwNR9365.nc","scripts/00_downloads/stage2/20_acquire_ds27_pangaea_ferrybox.R","",TRUE,225768,"f233c09aa01d57880956dadc2451e78acce403e1ce13e54760cbdb6c97a225d7","data/raw/stage2/ds27_pangaea_ferrybox/DS27_PANGAEA_20260809T183210Z/manifest.csv",FALSE,TRUE,"traceable"
"stage2","raw_evidence","data/raw/stage2/ds27_pangaea_ferrybox/DS27_PANGAEA_20260809T183210Z/HZG-Ferrybox_Cux-HarwNR9377.nc","scripts/00_downloads/stage2/20_acquire_ds27_pangaea_ferrybox.R","",TRUE,241388,"edb07c77d4e296332c5514a0c418128a7b05a44cad82cd00c8f9c605544c822b","data/raw/stage2/ds27_pangaea_ferrybox/DS27_PANGAEA_20260809T183210Z/manifest.csv",FALSE,TRUE,"traceable"
"stage2","raw_evidence","data/raw/stage2/ds27_pangaea_ferrybox/DS27_PANGAEA_20260809T183210Z/HZG-Ferrybox_Cux-HarwNR9389.nc","scripts/00_downloads/stage2/20_acquire_ds27_pangaea_ferrybox.R","",TRUE,225804,"91685c627b851d601bc2c7329992dec3ff38a9a8dc15b7570ebf121182db4b5d","data/raw/stage2/ds27_pangaea_ferrybox/DS27_PANGAEA_20260809T183210Z/manifest.csv",FALSE,TRUE,"traceable"
"stage2","raw_evidence","data/raw/stage2/ds27_pangaea_ferrybox/DS27_PANGAEA_20260809T183210Z/HZG-Ferrybox_Cux-HarwNR94.nc","scripts/00_downloads/stage2/20_acquire_ds27_pangaea_ferrybox.R","",TRUE,242204,"6eceb2162e228e292ecf0c9ba0e5c72e2f61133264dc74a75914f65e53f201cc","data/raw/stage2/ds27_pangaea_ferrybox/DS27_PANGAEA_20260809T183210Z/manifest.csv",FALSE,TRUE,"traceable"
"stage2","raw_evidence","data/raw/stage2/ds27_pangaea_ferrybox/DS27_PANGAEA_20260809T183210Z/HZG-Ferrybox_Cux-HarwNR9401.nc","scripts/00_downloads/stage2/20_acquire_ds27_pangaea_ferrybox.R","",TRUE,236924,"68a2c21ae4f3f4ba48014083b28347286cd82587f9a8268c78e4a981cbd68bdf","data/raw/stage2/ds27_pangaea_ferrybox/DS27_PANGAEA_20260809T183210Z/manifest.csv",FALSE,TRUE,"traceable"
"stage2","raw_evidence","data/raw/stage2/ds27_pangaea_ferrybox/DS27_PANGAEA_20260809T183210Z/HZG-Ferrybox_Cux-HarwNR9402.nc","scripts/00_downloads/stage2/20_acquire_ds27_pangaea_ferrybox.R","",TRUE,232788,"fb1473a6cffaabbaaed0b10d21275f73b01fd844a2055fd995c3d97d93bdd23f","data/raw/stage2/ds27_pangaea_ferrybox/DS27_PANGAEA_20260809T183210Z/manifest.csv",FALSE,TRUE,"traceable"
"stage2","raw_evidence","data/raw/stage2/ds27_pangaea_ferrybox/DS27_PANGAEA_20260809T183210Z/HZG-Ferrybox_Cux-HarwNR9404.nc","scripts/00_downloads/stage2/20_acquire_ds27_pangaea_ferrybox.R","",TRUE,240036,"bd452574a1117fde9db7f146b1a2c31c34d4a7085b32f868cca721c4312b92ef","data/raw/stage2/ds27_pangaea_ferrybox/DS27_PANGAEA_20260809T183210Z/manifest.csv",FALSE,TRUE,"traceable"
"stage2","raw_evidence","data/raw/stage2/ds27_pangaea_ferrybox/DS27_PANGAEA_20260809T183210Z/HZG-Ferrybox_Cux-HarwNR9438.nc","scripts/00_downloads/stage2/20_acquire_ds27_pangaea_ferrybox.R","",TRUE,237612,"e36b1488fb06dd44bf1e2fa8372a771999ef6f6e3c4907facd98668eb83dc241","data/raw/stage2/ds27_pangaea_ferrybox/DS27_PANGAEA_20260809T183210Z/manifest.csv",FALSE,TRUE,"traceable"
"stage2","raw_evidence","data/raw/stage2/ds27_pangaea_ferrybox/DS27_PANGAEA_20260809T183210Z/HZG-Ferrybox_Cux-HarwNR9478.nc","scripts/00_downloads/stage2/20_acquire_ds27_pangaea_ferrybox.R","",TRUE,239052,"d78edc61415bb6a58ec315756520087e2074ad8de6ea09925579c259c595d0cc","data/raw/stage2/ds27_pangaea_ferrybox/DS27_PANGAEA_20260809T183210Z/manifest.csv",FALSE,TRUE,"traceable"
"stage2","raw_evidence","data/raw/stage2/ds27_pangaea_ferrybox/DS27_PANGAEA_20260809T183210Z/HZG-Ferrybox_Cux-HarwNR9518.nc","scripts/00_downloads/stage2/20_acquire_ds27_pangaea_ferrybox.R","",TRUE,236924,"b8033ba624ff3b0fccfc9a28c99e85d88313a3d5cf3959e41599875e9aa6888c","data/raw/stage2/ds27_pangaea_ferrybox/DS27_PANGAEA_20260809T183210Z/manifest.csv",FALSE,TRUE,"traceable"
"stage2","raw_evidence","data/raw/stage2/ds27_pangaea_ferrybox/DS27_PANGAEA_20260809T183210Z/HZG-Ferrybox_Cux-HarwNR9558.nc","scripts/00_downloads/stage2/20_acquire_ds27_pangaea_ferrybox.R","",TRUE,241752,"feb32798037bcf16968d9b5c56ca2e3b2c3f957eb75689b7d269cb1af89aaf22","data/raw/stage2/ds27_pangaea_ferrybox/DS27_PANGAEA_20260809T183210Z/manifest.csv",FALSE,TRUE,"traceable"
"stage2","raw_evidence","data/raw/stage2/ds27_pangaea_ferrybox/DS27_PANGAEA_20260809T183210Z/HZG-Ferrybox_Cux-HarwNR957.nc","scripts/00_downloads/stage2/20_acquire_ds27_pangaea_ferrybox.R","",TRUE,263196,"2370718de48393508293c188608cbe2a6cb25754984906ec70961fd4506099a4","data/raw/stage2/ds27_pangaea_ferrybox/DS27_PANGAEA_20260809T183210Z/manifest.csv",FALSE,TRUE,"traceable"
"stage2","raw_evidence","data/raw/stage2/ds27_pangaea_ferrybox/DS27_PANGAEA_20260809T183210Z/HZG-Ferrybox_Cux-HarwNR9598.nc","scripts/00_downloads/stage2/20_acquire_ds27_pangaea_ferrybox.R","",TRUE,243556,"9b9910340a9ddfc1e1adf2ba0712750e652f2cf04abfaecab0360b3b29ad65a1","data/raw/stage2/ds27_pangaea_ferrybox/DS27_PANGAEA_20260809T183210Z/manifest.csv",FALSE,TRUE,"traceable"
"stage2","raw_evidence","data/raw/stage2/ds27_pangaea_ferrybox/DS27_PANGAEA_20260809T183210Z/HZG-Ferrybox_Cux-HarwNR96.nc","scripts/00_downloads/stage2/20_acquire_ds27_pangaea_ferrybox.R","",TRUE,255980,"66547c2fc6b4d62d679eda7d2d15b3f044381b4826de848572cd52f52001adfa","data/raw/stage2/ds27_pangaea_ferrybox/DS27_PANGAEA_20260809T183210Z/manifest.csv",FALSE,TRUE,"traceable"
"stage2","raw_evidence","data/raw/stage2/ds27_pangaea_ferrybox/DS27_PANGAEA_20260809T183210Z/HZG-Ferrybox_Cux-HarwNR9638.nc","scripts/00_downloads/stage2/20_acquire_ds27_pangaea_ferrybox.R","",TRUE,235608,"a237c30036b6b77e9d57b1f0145c9feb3f97a29d61ae549f5eccef24081e5384","data/raw/stage2/ds27_pangaea_ferrybox/DS27_PANGAEA_20260809T183210Z/manifest.csv",FALSE,TRUE,"traceable"
"stage2","raw_evidence","data/raw/stage2/ds27_pangaea_ferrybox/DS27_PANGAEA_20260809T183210Z/HZG-Ferrybox_Cux-HarwNR9678.nc","scripts/00_downloads/stage2/20_acquire_ds27_pangaea_ferrybox.R","",TRUE,228140,"60a4a89663abab9f8a1a097244dfb0490cdfc6fbfd1998096cde65911af47c1b","data/raw/stage2/ds27_pangaea_ferrybox/DS27_PANGAEA_20260809T183210Z/manifest.csv",FALSE,TRUE,"traceable"
"stage2","raw_evidence","data/raw/stage2/ds27_pangaea_ferrybox/DS27_PANGAEA_20260809T183210Z/HZG-Ferrybox_Cux-HarwNR9718.nc","scripts/00_downloads/stage2/20_acquire_ds27_pangaea_ferrybox.R","",TRUE,237708,"e7b93843715a0e1ad39669ba86353e5fdea6f984f41bf8be3e41fd0063332af3","data/raw/stage2/ds27_pangaea_ferrybox/DS27_PANGAEA_20260809T183210Z/manifest.csv",FALSE,TRUE,"traceable"
"stage2","raw_evidence","data/raw/stage2/ds27_pangaea_ferrybox/DS27_PANGAEA_20260809T183210Z/HZG-Ferrybox_Cux-HarwNR9758.nc","scripts/00_downloads/stage2/20_acquire_ds27_pangaea_ferrybox.R","",TRUE,233640,"168b7c95067e68a1210e35960c50502f67e20821f80e4497c9439421cb4052ef","data/raw/stage2/ds27_pangaea_ferrybox/DS27_PANGAEA_20260809T183210Z/manifest.csv",FALSE,TRUE,"traceable"
"stage2","raw_evidence","data/raw/stage2/ds27_pangaea_ferrybox/DS27_PANGAEA_20260809T183210Z/HZG-Ferrybox_Cux-HarwNR9798.nc","scripts/00_downloads/stage2/20_acquire_ds27_pangaea_ferrybox.R","",TRUE,237652,"0c80cfb0a1ca82283ee50f36750d46d8f2ef2cb153305280b566180d85372b6f","data/raw/stage2/ds27_pangaea_ferrybox/DS27_PANGAEA_20260809T183210Z/manifest.csv",FALSE,TRUE,"traceable"
"stage2","raw_evidence","data/raw/stage2/ds27_pangaea_ferrybox/DS27_PANGAEA_20260809T183210Z/HZG-Ferrybox_Cux-HarwNR98.nc","scripts/00_downloads/stage2/20_acquire_ds27_pangaea_ferrybox.R","",TRUE,252700,"21b9b49920a52852dc6bbcc9464e015caea20eb75a7f17951ffe542b3fc5ad5e","data/raw/stage2/ds27_pangaea_ferrybox/DS27_PANGAEA_20260809T183210Z/manifest.csv",FALSE,TRUE,"traceable"
"stage2","raw_evidence","data/raw/stage2/ds27_pangaea_ferrybox/DS27_PANGAEA_20260809T183210Z/HZG-Ferrybox_Cux-HarwNR9838.nc","scripts/00_downloads/stage2/20_acquire_ds27_pangaea_ferrybox.R","",TRUE,238636,"46b6f5a0a49bdc69d14c5bd99209ecbb5a04216a5929e62a78a9abd974b739e3","data/raw/stage2/ds27_pangaea_ferrybox/DS27_PANGAEA_20260809T183210Z/manifest.csv",FALSE,TRUE,"traceable"
"stage2","raw_evidence","data/raw/stage2/ds27_pangaea_ferrybox/DS27_PANGAEA_20260809T183210Z/HZG-Ferrybox_Cux-HarwNR9878.nc","scripts/00_downloads/stage2/20_acquire_ds27_pangaea_ferrybox.R","",TRUE,252960,"6ebede6145d4ee0c5449bc46c2a6a09e6c974ba4b8b45aa18c800224fcc1e1aa","data/raw/stage2/ds27_pangaea_ferrybox/DS27_PANGAEA_20260809T183210Z/manifest.csv",FALSE,TRUE,"traceable"
"stage2","raw_evidence","data/raw/stage2/ds27_pangaea_ferrybox/DS27_PANGAEA_20260809T183210Z/HZG-Ferrybox_Cux-HarwNR9918.nc","scripts/00_downloads/stage2/20_acquire_ds27_pangaea_ferrybox.R","",TRUE,242536,"0edd0ed9a259ed5eb3bd272816c6db340214ffc691d311c922bc98bf1b5e04b9","data/raw/stage2/ds27_pangaea_ferrybox/DS27_PANGAEA_20260809T183210Z/manifest.csv",FALSE,TRUE,"traceable"
"stage2","raw_evidence","data/raw/stage2/ds27_pangaea_ferrybox/DS27_PANGAEA_20260809T183210Z/HZG-Ferrybox_Cux-HarwNR9958.nc","scripts/00_downloads/stage2/20_acquire_ds27_pangaea_ferrybox.R","",TRUE,241972,"502be40a9d16f1bfaa106307cea646ace9b3777aaa99a76cd6b6acc0e02e9f3f","data/raw/stage2/ds27_pangaea_ferrybox/DS27_PANGAEA_20260809T183210Z/manifest.csv",FALSE,TRUE,"traceable"
"stage2","raw_evidence","data/raw/stage2/ds27_pangaea_ferrybox/DS27_PANGAEA_20260809T183210Z/HZG-Ferrybox_Cux-HarwNR997.nc","scripts/00_downloads/stage2/20_acquire_ds27_pangaea_ferrybox.R","",TRUE,266736,"853789c6d8cab438708adc25943d1bdeafe11e5e4923d05e2d690a7d0af61393","data/raw/stage2/ds27_pangaea_ferrybox/DS27_PANGAEA_20260809T183210Z/manifest.csv",FALSE,TRUE,"traceable"
"stage2","raw_evidence","data/raw/stage2/ds27_pangaea_ferrybox/DS27_PANGAEA_20260809T183210Z/HZG-Ferrybox_Cux-HarwNR9998.nc","scripts/00_downloads/stage2/20_acquire_ds27_pangaea_ferrybox.R","",TRUE,241260,"26a147897349beb4e8ff3cd7db5bc432d0024e614cbaedd1ac1dce4887162d18","data/raw/stage2/ds27_pangaea_ferrybox/DS27_PANGAEA_20260809T183210Z/manifest.csv",FALSE,TRUE,"traceable"
"stage2","raw_evidence","data/raw/stage2/ds27_pangaea_ferrybox/DS27_PANGAEA_20260809T183210Z/HZG-Ferrybox_Harw-CuxNR100.nc","scripts/00_downloads/stage2/20_acquire_ds27_pangaea_ferrybox.R","",TRUE,252140,"c733bbfe3cf940052b1317b02bccf8bc04c8e3253bc2b50ec385477325f65c0d","data/raw/stage2/ds27_pangaea_ferrybox/DS27_PANGAEA_20260809T183210Z/manifest.csv",FALSE,TRUE,"traceable"
"stage2","raw_evidence","data/raw/stage2/ds27_pangaea_ferrybox/DS27_PANGAEA_20260809T183210Z/HZG-Ferrybox_Harw-CuxNR10018.nc","scripts/00_downloads/stage2/20_acquire_ds27_pangaea_ferrybox.R","",TRUE,241384,"dbde90a3e9bc5de505f59ba45edcd710d48e46e3b352084ab24d8093ea8c0b8a","data/raw/stage2/ds27_pangaea_ferrybox/DS27_PANGAEA_20260809T183210Z/manifest.csv",FALSE,TRUE,"traceable"
"stage2","raw_evidence","data/raw/stage2/ds27_pangaea_ferrybox/DS27_PANGAEA_20260809T183210Z/HZG-Ferrybox_Harw-CuxNR10058.nc","scripts/00_downloads/stage2/20_acquire_ds27_pangaea_ferrybox.R","",TRUE,239124,"af9fbabc94fee0330ba6f9742f98438858376d393333fb0ab088a1d7b221e92c","data/raw/stage2/ds27_pangaea_ferrybox/DS27_PANGAEA_20260809T183210Z/manifest.csv",FALSE,TRUE,"traceable"
"stage2","raw_evidence","data/raw/stage2/ds27_pangaea_ferrybox/DS27_PANGAEA_20260809T183210Z/HZG-Ferrybox_Harw-CuxNR10098.nc","scripts/00_downloads/stage2/20_acquire_ds27_pangaea_ferrybox.R","",TRUE,239288,"c37e18db249a97e1b2e6e6953ee4043b8e1f341eec4ca28182c4d0e6133186ce","data/raw/stage2/ds27_pangaea_ferrybox/DS27_PANGAEA_20260809T183210Z/manifest.csv",FALSE,TRUE,"traceable"
"stage2","raw_evidence","data/raw/stage2/ds27_pangaea_ferrybox/DS27_PANGAEA_20260809T183210Z/HZG-Ferrybox_Harw-CuxNR10138.nc","scripts/00_downloads/stage2/20_acquire_ds27_pangaea_ferrybox.R","",TRUE,237088,"27604c771a4c7777496301e7220589ef7bb10889251b73d3dc29893edcc9387f","data/raw/stage2/ds27_pangaea_ferrybox/DS27_PANGAEA_20260809T183210Z/manifest.csv",FALSE,TRUE,"traceable"
"stage2","raw_evidence","data/raw/stage2/ds27_pangaea_ferrybox/DS27_PANGAEA_20260809T183210Z/HZG-Ferrybox_Harw-CuxNR1017.nc","scripts/00_downloads/stage2/20_acquire_ds27_pangaea_ferrybox.R","",TRUE,264768,"66ae65e9203cb6198335a2d115c595f2ef203bab487b23d48fe331caa69463c0","data/raw/stage2/ds27_pangaea_ferrybox/DS27_PANGAEA_20260809T183210Z/manifest.csv",FALSE,TRUE,"traceable"
"stage2","raw_evidence","data/raw/stage2/ds27_pangaea_ferrybox/DS27_PANGAEA_20260809T183210Z/HZG-Ferrybox_Harw-CuxNR10178.nc","scripts/00_downloads/stage2/20_acquire_ds27_pangaea_ferrybox.R","",TRUE,242900,"f69993bc8f4973f2c77f410e9ba5dd7bc0f8061bb2b4ae8f4255f0dbd75b4855","data/raw/stage2/ds27_pangaea_ferrybox/DS27_PANGAEA_20260809T183210Z/manifest.csv",FALSE,TRUE,"traceable"
"stage2","raw_evidence","data/raw/stage2/ds27_pangaea_ferrybox/DS27_PANGAEA_20260809T183210Z/HZG-Ferrybox_Harw-CuxNR102.nc","scripts/00_downloads/stage2/20_acquire_ds27_pangaea_ferrybox.R","",TRUE,251880,"b8768fa10e15564a5e1384790a2194d14d678d541b003fce97fec7cd36cd1775","data/raw/stage2/ds27_pangaea_ferrybox/DS27_PANGAEA_20260809T183210Z/manifest.csv",FALSE,TRUE,"traceable"
"stage2","raw_evidence","data/raw/stage2/ds27_pangaea_ferrybox/DS27_PANGAEA_20260809T183210Z/HZG-Ferrybox_Harw-CuxNR10218.nc","scripts/00_downloads/stage2/20_acquire_ds27_pangaea_ferrybox.R","",TRUE,252300,"f1ec88bf9db184499560c3cc24e4fbeff2e3e44a8d456b8e01726fcb65e92624","data/raw/stage2/ds27_pangaea_ferrybox/DS27_PANGAEA_20260809T183210Z/manifest.csv",FALSE,TRUE,"traceable"
"stage2","raw_evidence","data/raw/stage2/ds27_pangaea_ferrybox/DS27_PANGAEA_20260809T183210Z/HZG-Ferrybox_Harw-CuxNR10258.nc","scripts/00_downloads/stage2/20_acquire_ds27_pangaea_ferrybox.R","",TRUE,238964,"b3eb98208f24c3bf89173eaf5c7abe5ce58782a3f0e829431331e43bf43bcfa0","data/raw/stage2/ds27_pangaea_ferrybox/DS27_PANGAEA_20260809T183210Z/manifest.csv",FALSE,TRUE,"traceable"
"stage2","raw_evidence","data/raw/stage2/ds27_pangaea_ferrybox/DS27_PANGAEA_20260809T183210Z/HZG-Ferrybox_Harw-CuxNR10298.nc","scripts/00_downloads/stage2/20_acquire_ds27_pangaea_ferrybox.R","",TRUE,239872,"3e602ef9fe925744ad91dbbc0cdec1ea048691c801534924798e8647fdbd06a7","data/raw/stage2/ds27_pangaea_ferrybox/DS27_PANGAEA_20260809T183210Z/manifest.csv",FALSE,TRUE,"traceable"
"stage2","raw_evidence","data/raw/stage2/ds27_pangaea_ferrybox/DS27_PANGAEA_20260809T183210Z/HZG-Ferrybox_Harw-CuxNR10338.nc","scripts/00_downloads/stage2/20_acquire_ds27_pangaea_ferrybox.R","",TRUE,236012,"fe7cfe2c549d021bc594a7aa22adbb76e261573cf137b4d5a2b11052e18f7907","data/raw/stage2/ds27_pangaea_ferrybox/DS27_PANGAEA_20260809T183210Z/manifest.csv",FALSE,TRUE,"traceable"
"stage2","raw_evidence","data/raw/stage2/ds27_pangaea_ferrybox/DS27_PANGAEA_20260809T183210Z/HZG-Ferrybox_Harw-CuxNR10378.nc","scripts/00_downloads/stage2/20_acquire_ds27_pangaea_ferrybox.R","",TRUE,241312,"76a2af36f5378f453c08cd999e9ff926c3769598fbc85c1ac76e4204b288abe3","data/raw/stage2/ds27_pangaea_ferrybox/DS27_PANGAEA_20260809T183210Z/manifest.csv",FALSE,TRUE,"traceable"
"stage2","raw_evidence","data/raw/stage2/ds27_pangaea_ferrybox/DS27_PANGAEA_20260809T183210Z/HZG-Ferrybox_Harw-CuxNR104.nc","scripts/00_downloads/stage2/20_acquire_ds27_pangaea_ferrybox.R","",TRUE,93824,"59b1fe3f163c8a8acbc2f1f8306a6604e37a69df161ec186a9d2d1934702530d","data/raw/stage2/ds27_pangaea_ferrybox/DS27_PANGAEA_20260809T183210Z/manifest.csv",FALSE,TRUE,"traceable"
"stage2","raw_evidence","data/raw/stage2/ds27_pangaea_ferrybox/DS27_PANGAEA_20260809T183210Z/HZG-Ferrybox_Harw-CuxNR10418.nc","scripts/00_downloads/stage2/20_acquire_ds27_pangaea_ferrybox.R","",TRUE,238364,"62764fae071e6c916542eaa75258b37d5497eef15747466e1a54677374a68460","data/raw/stage2/ds27_pangaea_ferrybox/DS27_PANGAEA_20260809T183210Z/manifest.csv",FALSE,TRUE,"traceable"
"stage2","raw_evidence","data/raw/stage2/ds27_pangaea_ferrybox/DS27_PANGAEA_20260809T183210Z/HZG-Ferrybox_Harw-CuxNR10458.nc","scripts/00_downloads/stage2/20_acquire_ds27_pangaea_ferrybox.R","",TRUE,240236,"9d46a9f449756df761ca99b7b1a4a783ed73ee0f62a775103de9f0ab86fb386a","data/raw/stage2/ds27_pangaea_ferrybox/DS27_PANGAEA_20260809T183210Z/manifest.csv",FALSE,TRUE,"traceable"
"stage2","raw_evidence","data/raw/stage2/ds27_pangaea_ferrybox/DS27_PANGAEA_20260809T183210Z/HZG-Ferrybox_Harw-CuxNR10498.nc","scripts/00_downloads/stage2/20_acquire_ds27_pangaea_ferrybox.R","",TRUE,245032,"efa9fed3d62afdb736d79f41e92a549896f81a41ae01172e31dd93abac8d7655","data/raw/stage2/ds27_pangaea_ferrybox/DS27_PANGAEA_20260809T183210Z/manifest.csv",FALSE,TRUE,"traceable"
"stage2","raw_evidence","data/raw/stage2/ds27_pangaea_ferrybox/DS27_PANGAEA_20260809T183210Z/HZG-Ferrybox_Harw-CuxNR105.nc","scripts/00_downloads/stage2/20_acquire_ds27_pangaea_ferrybox.R","",TRUE,255656,"69f3a7a62731a05362d9436b62bb5033dac0b14e26fa965ebb21153097de9a11","data/raw/stage2/ds27_pangaea_ferrybox/DS27_PANGAEA_20260809T183210Z/manifest.csv",FALSE,TRUE,"traceable"
"stage2","raw_evidence","data/raw/stage2/ds27_pangaea_ferrybox/DS27_PANGAEA_20260809T183210Z/HZG-Ferrybox_Harw-CuxNR10538.nc","scripts/00_downloads/stage2/20_acquire_ds27_pangaea_ferrybox.R","",TRUE,246964,"1218a2bef9fbd11a8a8efc62c2dd1ddeca2af60c659abd9e3b7fbb10ce3a6729","data/raw/stage2/ds27_pangaea_ferrybox/DS27_PANGAEA_20260809T183210Z/manifest.csv",FALSE,TRUE,"traceable"
"stage2","raw_evidence","data/raw/stage2/ds27_pangaea_ferrybox/DS27_PANGAEA_20260809T183210Z/HZG-Ferrybox_Harw-CuxNR1057.nc","scripts/00_downloads/stage2/20_acquire_ds27_pangaea_ferrybox.R","",TRUE,265952,"59aa6b2bf684c54a118a7eb68b9a9b03b0069d60dced4ff99ffc3b60752ea6f7","data/raw/stage2/ds27_pangaea_ferrybox/DS27_PANGAEA_20260809T183210Z/manifest.csv",FALSE,TRUE,"traceable"
"stage2","raw_evidence","data/raw/stage2/ds27_pangaea_ferrybox/DS27_PANGAEA_20260809T183210Z/HZG-Ferrybox_Harw-CuxNR10578.nc","scripts/00_downloads/stage2/20_acquire_ds27_pangaea_ferrybox.R","",TRUE,236504,"54fbd16f71c8b83b1e02993c2196de22e9cd26430bf7206352e500a001b2dd77","data/raw/stage2/ds27_pangaea_ferrybox/DS27_PANGAEA_20260809T183210Z/manifest.csv",FALSE,TRUE,"traceable"
"stage2","raw_evidence","data/raw/stage2/ds27_pangaea_ferrybox/DS27_PANGAEA_20260809T183210Z/HZG-Ferrybox_Harw-CuxNR10618.nc","scripts/00_downloads/stage2/20_acquire_ds27_pangaea_ferrybox.R","",TRUE,240660,"0a115450f1c28686b5d6e39b5b43bddfb6bb0fdd2bb910c6d75ca2fe5e718d8e","data/raw/stage2/ds27_pangaea_ferrybox/DS27_PANGAEA_20260809T183210Z/manifest.csv",FALSE,TRUE,"traceable"
"stage2","raw_evidence","data/raw/stage2/ds27_pangaea_ferrybox/DS27_PANGAEA_20260809T183210Z/HZG-Ferrybox_Harw-CuxNR10658.nc","scripts/00_downloads/stage2/20_acquire_ds27_pangaea_ferrybox.R","",TRUE,242076,"5ad52ab8acd05fb92c23fdd601f37c68f30524da7776a0863b20a57681b478d8","data/raw/stage2/ds27_pangaea_ferrybox/DS27_PANGAEA_20260809T183210Z/manifest.csv",FALSE,TRUE,"traceable"
"stage2","raw_evidence","data/raw/stage2/ds27_pangaea_ferrybox/DS27_PANGAEA_20260809T183210Z/HZG-Ferrybox_Harw-CuxNR10698.nc","scripts/00_downloads/stage2/20_acquire_ds27_pangaea_ferrybox.R","",TRUE,241420,"514ae3070d2acb0d3d2dc6333930355faee2f85334820219cf9580133e8afbae","data/raw/stage2/ds27_pangaea_ferrybox/DS27_PANGAEA_20260809T183210Z/manifest.csv",FALSE,TRUE,"traceable"
"stage2","raw_evidence","data/raw/stage2/ds27_pangaea_ferrybox/DS27_PANGAEA_20260809T183210Z/HZG-Ferrybox_Harw-CuxNR10738.nc","scripts/00_downloads/stage2/20_acquire_ds27_pangaea_ferrybox.R","",TRUE,241352,"1e7f04cd64c0a66b124af69d74f624abfb2589fc99cb2fd1051487efd0d03438","data/raw/stage2/ds27_pangaea_ferrybox/DS27_PANGAEA_20260809T183210Z/manifest.csv",FALSE,TRUE,"traceable"
"stage2","raw_evidence","data/raw/stage2/ds27_pangaea_ferrybox/DS27_PANGAEA_20260809T183210Z/HZG-Ferrybox_Harw-CuxNR10778.nc","scripts/00_downloads/stage2/20_acquire_ds27_pangaea_ferrybox.R","",TRUE,240004,"b2978172d94f13ce23e9375d0419b2b9e8414b225a4ee6e3df13b64650b427af","data/raw/stage2/ds27_pangaea_ferrybox/DS27_PANGAEA_20260809T183210Z/manifest.csv",FALSE,TRUE,"traceable"
"stage2","raw_evidence","data/raw/stage2/ds27_pangaea_ferrybox/DS27_PANGAEA_20260809T183210Z/HZG-Ferrybox_Harw-CuxNR108.nc","scripts/00_downloads/stage2/20_acquire_ds27_pangaea_ferrybox.R","",TRUE,252176,"d21e11b04ae84760f7622217943036b1332b6d31ceec36f7696ce4d613d2b4ba","data/raw/stage2/ds27_pangaea_ferrybox/DS27_PANGAEA_20260809T183210Z/manifest.csv",FALSE,TRUE,"traceable"
"stage2","raw_evidence","data/raw/stage2/ds27_pangaea_ferrybox/DS27_PANGAEA_20260809T183210Z/HZG-Ferrybox_Harw-CuxNR10818.nc","scripts/00_downloads/stage2/20_acquire_ds27_pangaea_ferrybox.R","",TRUE,227612,"9ebb87e1ccd6aa49da12f9fcda53110c49a312367624a21068a672986a22c9a8","data/raw/stage2/ds27_pangaea_ferrybox/DS27_PANGAEA_20260809T183210Z/manifest.csv",FALSE,TRUE,"traceable"
"stage2","raw_evidence","data/raw/stage2/ds27_pangaea_ferrybox/DS27_PANGAEA_20260809T183210Z/HZG-Ferrybox_Harw-CuxNR10858.nc","scripts/00_downloads/stage2/20_acquire_ds27_pangaea_ferrybox.R","",TRUE,240396,"9d6581b013e6953f62212d344dd2a9f8cb73e520985a77004d6d1c787873f4e9","data/raw/stage2/ds27_pangaea_ferrybox/DS27_PANGAEA_20260809T183210Z/manifest.csv",FALSE,TRUE,"traceable"
"stage2","raw_evidence","data/raw/stage2/ds27_pangaea_ferrybox/DS27_PANGAEA_20260809T183210Z/HZG-Ferrybox_Harw-CuxNR10898.nc","scripts/00_downloads/stage2/20_acquire_ds27_pangaea_ferrybox.R","",TRUE,240112,"67eedbafeec52a4d35b0ae3571de4c9dd692de76569120de7d5423529f237a45","data/raw/stage2/ds27_pangaea_ferrybox/DS27_PANGAEA_20260809T183210Z/manifest.csv",FALSE,TRUE,"traceable"
"stage2","raw_evidence","data/raw/stage2/ds27_pangaea_ferrybox/DS27_PANGAEA_20260809T183210Z/HZG-Ferrybox_Harw-CuxNR109.nc","scripts/00_downloads/stage2/20_acquire_ds27_pangaea_ferrybox.R","",TRUE,249188,"621c3bfabde604f0e149976a19835b6771082017ba660526038af088966432e1","data/raw/stage2/ds27_pangaea_ferrybox/DS27_PANGAEA_20260809T183210Z/manifest.csv",FALSE,TRUE,"traceable"
"stage2","raw_evidence","data/raw/stage2/ds27_pangaea_ferrybox/DS27_PANGAEA_20260809T183210Z/HZG-Ferrybox_Harw-CuxNR10938.nc","scripts/00_downloads/stage2/20_acquire_ds27_pangaea_ferrybox.R","",TRUE,241516,"0495a57b6b1316696bf799f633b57986f3cb3b83c1791afe33e55bb5980c3a81","data/raw/stage2/ds27_pangaea_ferrybox/DS27_PANGAEA_20260809T183210Z/manifest.csv",FALSE,TRUE,"traceable"
"stage2","raw_evidence","data/raw/stage2/ds27_pangaea_ferrybox/DS27_PANGAEA_20260809T183210Z/HZG-Ferrybox_Harw-CuxNR1097.nc","scripts/00_downloads/stage2/20_acquire_ds27_pangaea_ferrybox.R","",TRUE,267008,"7429f2802e1a4625d57f39203a1b0fb65c3558980463ae4d9090ee4608b71a6e","data/raw/stage2/ds27_pangaea_ferrybox/DS27_PANGAEA_20260809T183210Z/manifest.csv",FALSE,TRUE,"traceable"
"stage2","raw_evidence","data/raw/stage2/ds27_pangaea_ferrybox/DS27_PANGAEA_20260809T183210Z/HZG-Ferrybox_Harw-CuxNR10974.nc","scripts/00_downloads/stage2/20_acquire_ds27_pangaea_ferrybox.R","",TRUE,240164,"12c8aa2fac18e65ea6dbfd941bdff01e2baa3e67abb04285850c1a0cfd4bc99e","data/raw/stage2/ds27_pangaea_ferrybox/DS27_PANGAEA_20260809T183210Z/manifest.csv",FALSE,TRUE,"traceable"
"stage2","raw_evidence","data/raw/stage2/ds27_pangaea_ferrybox/DS27_PANGAEA_20260809T183210Z/HZG-Ferrybox_Harw-CuxNR10976.nc","scripts/00_downloads/stage2/20_acquire_ds27_pangaea_ferrybox.R","",TRUE,241476,"c2d382574ef9185f3907c81816888adf20359c3286e679b5b311403995db0434","data/raw/stage2/ds27_pangaea_ferrybox/DS27_PANGAEA_20260809T183210Z/manifest.csv",FALSE,TRUE,"traceable"
"stage2","raw_evidence","data/raw/stage2/ds27_pangaea_ferrybox/DS27_PANGAEA_20260809T183210Z/HZG-Ferrybox_Harw-CuxNR10978.nc","scripts/00_downloads/stage2/20_acquire_ds27_pangaea_ferrybox.R","",TRUE,239944,"dbaca254ee6f555d44c370b88dca21ee65eac148aa1cb5be1542bb7c048ad5ea","data/raw/stage2/ds27_pangaea_ferrybox/DS27_PANGAEA_20260809T183210Z/manifest.csv",FALSE,TRUE,"traceable"
"stage2","raw_evidence","data/raw/stage2/ds27_pangaea_ferrybox/DS27_PANGAEA_20260809T183210Z/HZG-Ferrybox_Harw-CuxNR10980.nc","scripts/00_downloads/stage2/20_acquire_ds27_pangaea_ferrybox.R","",TRUE,240036,"209a5a1dd77e7bb3f7e27d1dca733dba9d26cc481156c5e7231334beab94df84","data/raw/stage2/ds27_pangaea_ferrybox/DS27_PANGAEA_20260809T183210Z/manifest.csv",FALSE,TRUE,"traceable"
"stage2","raw_evidence","data/raw/stage2/ds27_pangaea_ferrybox/DS27_PANGAEA_20260809T183210Z/HZG-Ferrybox_Harw-CuxNR10982.nc","scripts/00_downloads/stage2/20_acquire_ds27_pangaea_ferrybox.R","",TRUE,241476,"cb5e82803fffdca9cb4fcb5cbab7ffdabb79585904e7e0c93245531ab3e3e57a","data/raw/stage2/ds27_pangaea_ferrybox/DS27_PANGAEA_20260809T183210Z/manifest.csv",FALSE,TRUE,"traceable"
"stage2","raw_evidence","data/raw/stage2/ds27_pangaea_ferrybox/DS27_PANGAEA_20260809T183210Z/HZG-Ferrybox_Harw-CuxNR10984.nc","scripts/00_downloads/stage2/20_acquire_ds27_pangaea_ferrybox.R","",TRUE,240076,"2eee15eef8730e4fb931e9f592036771fddb9df2d311728bbce949e9573c3f43","data/raw/stage2/ds27_pangaea_ferrybox/DS27_PANGAEA_20260809T183210Z/manifest.csv",FALSE,TRUE,"traceable"
"stage2","raw_evidence","data/raw/stage2/ds27_pangaea_ferrybox/DS27_PANGAEA_20260809T183210Z/HZG-Ferrybox_Harw-CuxNR10986.nc","scripts/00_downloads/stage2/20_acquire_ds27_pangaea_ferrybox.R","",TRUE,241352,"6d81bdf3353b2720fd22b8d45ff9f27049cf4b776a909343e354224f2daa695b","data/raw/stage2/ds27_pangaea_ferrybox/DS27_PANGAEA_20260809T183210Z/manifest.csv",FALSE,TRUE,"traceable"
"stage2","raw_evidence","data/raw/stage2/ds27_pangaea_ferrybox/DS27_PANGAEA_20260809T183210Z/HZG-Ferrybox_Harw-CuxNR11018.nc","scripts/00_downloads/stage2/20_acquire_ds27_pangaea_ferrybox.R","",TRUE,239620,"49318f8c75e60fc934f7f78772a4309da3bd2597bcab94ed949b2ba9d4756a85","data/raw/stage2/ds27_pangaea_ferrybox/DS27_PANGAEA_20260809T183210Z/manifest.csv",FALSE,TRUE,"traceable"
"stage2","raw_evidence","data/raw/stage2/ds27_pangaea_ferrybox/DS27_PANGAEA_20260809T183210Z/HZG-Ferrybox_Harw-CuxNR11058.nc","scripts/00_downloads/stage2/20_acquire_ds27_pangaea_ferrybox.R","",TRUE,239948,"42b4c6c65fc96f26f5678be8ed2d8791ec3c5533d6f0723655d5aad902e91dff","data/raw/stage2/ds27_pangaea_ferrybox/DS27_PANGAEA_20260809T183210Z/manifest.csv",FALSE,TRUE,"traceable"
"stage2","raw_evidence","data/raw/stage2/ds27_pangaea_ferrybox/DS27_PANGAEA_20260809T183210Z/HZG-Ferrybox_Harw-CuxNR11098.nc","scripts/00_downloads/stage2/20_acquire_ds27_pangaea_ferrybox.R","",TRUE,240692,"99e4d9bbf614e6844a8c4e593cc076b9ddc70d58aa231e158a2d1d82c3f6cb25","data/raw/stage2/ds27_pangaea_ferrybox/DS27_PANGAEA_20260809T183210Z/manifest.csv",FALSE,TRUE,"traceable"
"stage2","raw_evidence","data/raw/stage2/ds27_pangaea_ferrybox/DS27_PANGAEA_20260809T183210Z/HZG-Ferrybox_Harw-CuxNR11138.nc","scripts/00_downloads/stage2/20_acquire_ds27_pangaea_ferrybox.R","",TRUE,242240,"964bcb22e3994fd2920338b8aa5180521b78bdf2d90cbe00f3b525521e687659","data/raw/stage2/ds27_pangaea_ferrybox/DS27_PANGAEA_20260809T183210Z/manifest.csv",FALSE,TRUE,"traceable"
"stage2","raw_evidence","data/raw/stage2/ds27_pangaea_ferrybox/DS27_PANGAEA_20260809T183210Z/HZG-Ferrybox_Harw-CuxNR11178.nc","scripts/00_downloads/stage2/20_acquire_ds27_pangaea_ferrybox.R","",TRUE,242368,"16eabbb86bd86348fdece57e3e460f0cc4371c152f8c176cc3e6cd8cb274dcd3","data/raw/stage2/ds27_pangaea_ferrybox/DS27_PANGAEA_20260809T183210Z/manifest.csv",FALSE,TRUE,"traceable"
"stage2","raw_evidence","data/raw/stage2/ds27_pangaea_ferrybox/DS27_PANGAEA_20260809T183210Z/HZG-Ferrybox_Harw-CuxNR112.nc","scripts/00_downloads/stage2/20_acquire_ds27_pangaea_ferrybox.R","",TRUE,253324,"4d5dc7c05398c6ae90d538d51ababf17ff1f70af2b3420829755ab4ac256bae0","data/raw/stage2/ds27_pangaea_ferrybox/DS27_PANGAEA_20260809T183210Z/manifest.csv",FALSE,TRUE,"traceable"
"stage2","raw_evidence","data/raw/stage2/ds27_pangaea_ferrybox/DS27_PANGAEA_20260809T183210Z/HZG-Ferrybox_Harw-CuxNR11218.nc","scripts/00_downloads/stage2/20_acquire_ds27_pangaea_ferrybox.R","",TRUE,242244,"1ea7bd6bfc5fb030d00a9862cabeafdaf2b1fd26f62dc966e1975d57efab5cf4","data/raw/stage2/ds27_pangaea_ferrybox/DS27_PANGAEA_20260809T183210Z/manifest.csv",FALSE,TRUE,"traceable"
"stage2","raw_evidence","data/raw/stage2/ds27_pangaea_ferrybox/DS27_PANGAEA_20260809T183210Z/HZG-Ferrybox_Harw-CuxNR11258.nc","scripts/00_downloads/stage2/20_acquire_ds27_pangaea_ferrybox.R","",TRUE,242044,"60d82f15582d36a427c1f14cb05feaf0ab8994424053da541c758199a3e74cb0","data/raw/stage2/ds27_pangaea_ferrybox/DS27_PANGAEA_20260809T183210Z/manifest.csv",FALSE,TRUE,"traceable"
"stage2","raw_evidence","data/raw/stage2/ds27_pangaea_ferrybox/DS27_PANGAEA_20260809T183210Z/HZG-Ferrybox_Harw-CuxNR11298.nc","scripts/00_downloads/stage2/20_acquire_ds27_pangaea_ferrybox.R","",TRUE,241588,"ce7ec6386d106ca5be2cf3e41cb35ca3ea7f95e9124ff3a1afebadc69d3e0e9a","data/raw/stage2/ds27_pangaea_ferrybox/DS27_PANGAEA_20260809T183210Z/manifest.csv",FALSE,TRUE,"traceable"
"stage2","raw_evidence","data/raw/stage2/ds27_pangaea_ferrybox/DS27_PANGAEA_20260809T183210Z/HZG-Ferrybox_Harw-CuxNR11338.nc","scripts/00_downloads/stage2/20_acquire_ds27_pangaea_ferrybox.R","",TRUE,236664,"496c577328b6f58442569fb9400a6e974849541913dce197c6d8296744b323cf","data/raw/stage2/ds27_pangaea_ferrybox/DS27_PANGAEA_20260809T183210Z/manifest.csv",FALSE,TRUE,"traceable"
"stage2","raw_evidence","data/raw/stage2/ds27_pangaea_ferrybox/DS27_PANGAEA_20260809T183210Z/HZG-Ferrybox_Harw-CuxNR1137.nc","scripts/00_downloads/stage2/20_acquire_ds27_pangaea_ferrybox.R","",TRUE,270252,"4f1484759ffe1d5610048bdd4e5df762c55b631ad382bc2d7bc11f6f520aa92c","data/raw/stage2/ds27_pangaea_ferrybox/DS27_PANGAEA_20260809T183210Z/manifest.csv",FALSE,TRUE,"traceable"
"stage2","raw_evidence","data/raw/stage2/ds27_pangaea_ferrybox/DS27_PANGAEA_20260809T183210Z/HZG-Ferrybox_Harw-CuxNR11378.nc","scripts/00_downloads/stage2/20_acquire_ds27_pangaea_ferrybox.R","",TRUE,241876,"26aceb532be64896de207e9465a6fd2d2b4dad45361694c8dca1192d191d1e1d","data/raw/stage2/ds27_pangaea_ferrybox/DS27_PANGAEA_20260809T183210Z/manifest.csv",FALSE,TRUE,"traceable"
"stage2","raw_evidence","data/raw/stage2/ds27_pangaea_ferrybox/DS27_PANGAEA_20260809T183210Z/HZG-Ferrybox_Harw-CuxNR114.nc","scripts/00_downloads/stage2/20_acquire_ds27_pangaea_ferrybox.R","",TRUE,257660,"8ae6637c2ce12a242c6167b06e52570b4449d08a0ed298a5fa30478644a468a2","data/raw/stage2/ds27_pangaea_ferrybox/DS27_PANGAEA_20260809T183210Z/manifest.csv",FALSE,TRUE,"traceable"
"stage2","raw_evidence","data/raw/stage2/ds27_pangaea_ferrybox/DS27_PANGAEA_20260809T183210Z/HZG-Ferrybox_Harw-CuxNR11418.nc","scripts/00_downloads/stage2/20_acquire_ds27_pangaea_ferrybox.R","",TRUE,243156,"881b1d6b4ce4ac6b82f322bd714ad992c8cf9a9a82a5f783a1c9a638f99794df","data/raw/stage2/ds27_pangaea_ferrybox/DS27_PANGAEA_20260809T183210Z/manifest.csv",FALSE,TRUE,"traceable"
"stage2","raw_evidence","data/raw/stage2/ds27_pangaea_ferrybox/DS27_PANGAEA_20260809T183210Z/HZG-Ferrybox_Harw-CuxNR11458.nc","scripts/00_downloads/stage2/20_acquire_ds27_pangaea_ferrybox.R","",TRUE,238272,"a2c6c30f5c34fab0f4c5b41a964e9629f2aaa1971591435698a1f79d9a1b3e7c","data/raw/stage2/ds27_pangaea_ferrybox/DS27_PANGAEA_20260809T183210Z/manifest.csv",FALSE,TRUE,"traceable"
"stage2","raw_evidence","data/raw/stage2/ds27_pangaea_ferrybox/DS27_PANGAEA_20260809T183210Z/HZG-Ferrybox_Harw-CuxNR11498.nc","scripts/00_downloads/stage2/20_acquire_ds27_pangaea_ferrybox.R","",TRUE,239348,"adbe445a3049ffe80ec75110f5d40fd2e8842e1f0cc6dd4eb83fe22421a7ba1c","data/raw/stage2/ds27_pangaea_ferrybox/DS27_PANGAEA_20260809T183210Z/manifest.csv",FALSE,TRUE,"traceable"
"stage2","raw_evidence","data/raw/stage2/ds27_pangaea_ferrybox/DS27_PANGAEA_20260809T183210Z/HZG-Ferrybox_Harw-CuxNR11538.nc","scripts/00_downloads/stage2/20_acquire_ds27_pangaea_ferrybox.R","",TRUE,240240,"001471c117475406be65bdecb7e0ad5be64183b61f695e09ef0718279740d6ae","data/raw/stage2/ds27_pangaea_ferrybox/DS27_PANGAEA_20260809T183210Z/manifest.csv",FALSE,TRUE,"traceable"
"stage2","raw_evidence","data/raw/stage2/ds27_pangaea_ferrybox/DS27_PANGAEA_20260809T183210Z/HZG-Ferrybox_Harw-CuxNR11638.nc","scripts/00_downloads/stage2/20_acquire_ds27_pangaea_ferrybox.R","",TRUE,219664,"f64504ebc660c401421b2a9d8cc00cfa6ec7aa392e1a5c749f860da0ad10db7f","data/raw/stage2/ds27_pangaea_ferrybox/DS27_PANGAEA_20260809T183210Z/manifest.csv",FALSE,TRUE,"traceable"
"stage2","raw_evidence","data/raw/stage2/ds27_pangaea_ferrybox/DS27_PANGAEA_20260809T183210Z/HZG-Ferrybox_Harw-CuxNR1197.nc","scripts/00_downloads/stage2/20_acquire_ds27_pangaea_ferrybox.R","",TRUE,264312,"f44a85ab3d84b337c1c6986467bdfd56f4fd72c14456f9d227abc8651754d56d","data/raw/stage2/ds27_pangaea_ferrybox/DS27_PANGAEA_20260809T183210Z/manifest.csv",FALSE,TRUE,"traceable"
"stage2","raw_evidence","data/raw/stage2/ds27_pangaea_ferrybox/DS27_PANGAEA_20260809T183210Z/HZG-Ferrybox_Harw-CuxNR12.nc","scripts/00_downloads/stage2/20_acquire_ds27_pangaea_ferrybox.R","",TRUE,223428,"d73853bfd6b1cb360c9334cee617ca9bcbdc0b586536f3e585837a6b1d7f79d4","data/raw/stage2/ds27_pangaea_ferrybox/DS27_PANGAEA_20260809T183210Z/manifest.csv",FALSE,TRUE,"traceable"
"stage2","raw_evidence","data/raw/stage2/ds27_pangaea_ferrybox/DS27_PANGAEA_20260809T183210Z/HZG-Ferrybox_Harw-CuxNR1237.nc","scripts/00_downloads/stage2/20_acquire_ds27_pangaea_ferrybox.R","",TRUE,262180,"916965e0513d79658531c654fb3aee25582f5faa9355f6367f58a7edd28cad73","data/raw/stage2/ds27_pangaea_ferrybox/DS27_PANGAEA_20260809T183210Z/manifest.csv",FALSE,TRUE,"traceable"
"stage2","raw_evidence","data/raw/stage2/ds27_pangaea_ferrybox/DS27_PANGAEA_20260809T183210Z/HZG-Ferrybox_Harw-CuxNR1277.nc","scripts/00_downloads/stage2/20_acquire_ds27_pangaea_ferrybox.R","",TRUE,265952,"d35b14e0dad8999c288ca0add245e2b2b9c0b894dae53861f06ae44940a78ad0","data/raw/stage2/ds27_pangaea_ferrybox/DS27_PANGAEA_20260809T183210Z/manifest.csv",FALSE,TRUE,"traceable"
"stage2","raw_evidence","data/raw/stage2/ds27_pangaea_ferrybox/DS27_PANGAEA_20260809T183210Z/HZG-Ferrybox_Harw-CuxNR1317.nc","scripts/00_downloads/stage2/20_acquire_ds27_pangaea_ferrybox.R","",TRUE,268156,"0aa17938076759ef312329bfc282f88e7598bd7bec6415ef5a1460ac0424c8fb","data/raw/stage2/ds27_pangaea_ferrybox/DS27_PANGAEA_20260809T183210Z/manifest.csv",FALSE,TRUE,"traceable"
"stage2","raw_evidence","data/raw/stage2/ds27_pangaea_ferrybox/DS27_PANGAEA_20260809T183210Z/HZG-Ferrybox_Harw-CuxNR1357.nc","scripts/00_downloads/stage2/20_acquire_ds27_pangaea_ferrybox.R","",TRUE,269756,"12f7bceea83e0ce9400ec07943408f3c157d9e615db415bb79bbf0e141d9b5a2","data/raw/stage2/ds27_pangaea_ferrybox/DS27_PANGAEA_20260809T183210Z/manifest.csv",FALSE,TRUE,"traceable"
"stage2","raw_evidence","data/raw/stage2/ds27_pangaea_ferrybox/DS27_PANGAEA_20260809T183210Z/HZG-Ferrybox_Harw-CuxNR137.nc","scripts/00_downloads/stage2/20_acquire_ds27_pangaea_ferrybox.R","",TRUE,247324,"e88d19a6863f6432ca9a25df7ef6239ae0e285a50d7b16c01fc604c0c15014fa","data/raw/stage2/ds27_pangaea_ferrybox/DS27_PANGAEA_20260809T183210Z/manifest.csv",FALSE,TRUE,"traceable"
"stage2","raw_evidence","data/raw/stage2/ds27_pangaea_ferrybox/DS27_PANGAEA_20260809T183210Z/HZG-Ferrybox_Harw-CuxNR1397.nc","scripts/00_downloads/stage2/20_acquire_ds27_pangaea_ferrybox.R","",TRUE,256440,"53133410028bc213283ea75b0116905bf6708e55412ac96a0f8e07ffa8530677","data/raw/stage2/ds27_pangaea_ferrybox/DS27_PANGAEA_20260809T183210Z/manifest.csv",FALSE,TRUE,"traceable"
"stage2","raw_evidence","data/raw/stage2/ds27_pangaea_ferrybox/DS27_PANGAEA_20260809T183210Z/HZG-Ferrybox_Harw-CuxNR14.nc","scripts/00_downloads/stage2/20_acquire_ds27_pangaea_ferrybox.R","",TRUE,245904,"e7993420fd693bad2a2ed632d20b6632e8855fb55bb00d0976242099ab87149c","data/raw/stage2/ds27_pangaea_ferrybox/DS27_PANGAEA_20260809T183210Z/manifest.csv",FALSE,TRUE,"traceable"
"stage2","raw_evidence","data/raw/stage2/ds27_pangaea_ferrybox/DS27_PANGAEA_20260809T183210Z/HZG-Ferrybox_Harw-CuxNR1457.nc","scripts/00_downloads/stage2/20_acquire_ds27_pangaea_ferrybox.R","",TRUE,265496,"7db7ffefde28725ba6c3e90d8bfdceedec3ae66c1b0f9654db4bee2307cee3f0","data/raw/stage2/ds27_pangaea_ferrybox/DS27_PANGAEA_20260809T183210Z/manifest.csv",FALSE,TRUE,"traceable"
"stage2","raw_evidence","data/raw/stage2/ds27_pangaea_ferrybox/DS27_PANGAEA_20260809T183210Z/HZG-Ferrybox_Harw-CuxNR1477.nc","scripts/00_downloads/stage2/20_acquire_ds27_pangaea_ferrybox.R","",TRUE,264476,"4e3218e0ff3b0fa138fd20087536315dc0bba518115346cecb053c19c7c1ba43","data/raw/stage2/ds27_pangaea_ferrybox/DS27_PANGAEA_20260809T183210Z/manifest.csv",FALSE,TRUE,"traceable"
"stage2","raw_evidence","data/raw/stage2/ds27_pangaea_ferrybox/DS27_PANGAEA_20260809T183210Z/HZG-Ferrybox_Harw-CuxNR1497.nc","scripts/00_downloads/stage2/20_acquire_ds27_pangaea_ferrybox.R","",TRUE,265948,"99c57d0679b73bb8398c13f942e213e060c272afecd5275f30dd1fd7a044a351","data/raw/stage2/ds27_pangaea_ferrybox/DS27_PANGAEA_20260809T183210Z/manifest.csv",FALSE,TRUE,"traceable"
"stage2","raw_evidence","data/raw/stage2/ds27_pangaea_ferrybox/DS27_PANGAEA_20260809T183210Z/HZG-Ferrybox_Harw-CuxNR15.nc","scripts/00_downloads/stage2/20_acquire_ds27_pangaea_ferrybox.R","",TRUE,237080,"f013127b036d3b0d50092bed3ee1538deb02931c293633ae7944a8b5788dd030","data/raw/stage2/ds27_pangaea_ferrybox/DS27_PANGAEA_20260809T183210Z/manifest.csv",FALSE,TRUE,"traceable"
"stage2","raw_evidence","data/raw/stage2/ds27_pangaea_ferrybox/DS27_PANGAEA_20260809T183210Z/HZG-Ferrybox_Harw-CuxNR1557.nc","scripts/00_downloads/stage2/20_acquire_ds27_pangaea_ferrybox.R","",TRUE,258564,"5f435e681317ac730c27acafe66c2520c0ad3c47c6f48d8eebc7bddafa8a50da","data/raw/stage2/ds27_pangaea_ferrybox/DS27_PANGAEA_20260809T183210Z/manifest.csv",FALSE,TRUE,"traceable"
"stage2","raw_evidence","data/raw/stage2/ds27_pangaea_ferrybox/DS27_PANGAEA_20260809T183210Z/HZG-Ferrybox_Harw-CuxNR1597.nc","scripts/00_downloads/stage2/20_acquire_ds27_pangaea_ferrybox.R","",TRUE,260540,"18053f93d203ecd23e49dfc9ae623631bf3a2930829f372b5a7eb69bbfd6af94","data/raw/stage2/ds27_pangaea_ferrybox/DS27_PANGAEA_20260809T183210Z/manifest.csv",FALSE,TRUE,"traceable"
"stage2","raw_evidence","data/raw/stage2/ds27_pangaea_ferrybox/DS27_PANGAEA_20260809T183210Z/HZG-Ferrybox_Harw-CuxNR1617.nc","scripts/00_downloads/stage2/20_acquire_ds27_pangaea_ferrybox.R","",TRUE,260008,"c0f87eeaed2000eb341221ea6c1e3b2c371f0c721ee970db3e87c624df1ce04c","data/raw/stage2/ds27_pangaea_ferrybox/DS27_PANGAEA_20260809T183210Z/manifest.csv",FALSE,TRUE,"traceable"
"stage2","raw_evidence","data/raw/stage2/ds27_pangaea_ferrybox/DS27_PANGAEA_20260809T183210Z/HZG-Ferrybox_Harw-CuxNR1677.nc","scripts/00_downloads/stage2/20_acquire_ds27_pangaea_ferrybox.R","",TRUE,267492,"e56b6297b39317fe4cfdc66894353b4e57577e7dc074f202195ba6c424c80f92","data/raw/stage2/ds27_pangaea_ferrybox/DS27_PANGAEA_20260809T183210Z/manifest.csv",FALSE,TRUE,"traceable"
"stage2","raw_evidence","data/raw/stage2/ds27_pangaea_ferrybox/DS27_PANGAEA_20260809T183210Z/HZG-Ferrybox_Harw-CuxNR17.nc","scripts/00_downloads/stage2/20_acquire_ds27_pangaea_ferrybox.R","",TRUE,77964,"628f1b2f6b76b6a8b12375bafe0b34d8738f09a5aa378caa858fae7f64f20042","data/raw/stage2/ds27_pangaea_ferrybox/DS27_PANGAEA_20260809T183210Z/manifest.csv",FALSE,TRUE,"traceable"
"stage2","raw_evidence","data/raw/stage2/ds27_pangaea_ferrybox/DS27_PANGAEA_20260809T183210Z/HZG-Ferrybox_Harw-CuxNR1717.nc","scripts/00_downloads/stage2/20_acquire_ds27_pangaea_ferrybox.R","",TRUE,263364,"059d724800830b5273355959063ef690d0d34f29471f57a58419834c020e39b9","data/raw/stage2/ds27_pangaea_ferrybox/DS27_PANGAEA_20260809T183210Z/manifest.csv",FALSE,TRUE,"traceable"
"stage2","raw_evidence","data/raw/stage2/ds27_pangaea_ferrybox/DS27_PANGAEA_20260809T183210Z/HZG-Ferrybox_Harw-CuxNR1757.nc","scripts/00_downloads/stage2/20_acquire_ds27_pangaea_ferrybox.R","",TRUE,265128,"f48f477c1a99ecdfbe28d9df55779d80846ca580634918128a0827b134cc6496","data/raw/stage2/ds27_pangaea_ferrybox/DS27_PANGAEA_20260809T183210Z/manifest.csv",FALSE,TRUE,"traceable"
"stage2","raw_evidence","data/raw/stage2/ds27_pangaea_ferrybox/DS27_PANGAEA_20260809T183210Z/HZG-Ferrybox_Harw-CuxNR177.nc","scripts/00_downloads/stage2/20_acquire_ds27_pangaea_ferrybox.R","",TRUE,253684,"1476b35b13f77222798c007312c608b5b131055e42dce1505781a27d8764dc01","data/raw/stage2/ds27_pangaea_ferrybox/DS27_PANGAEA_20260809T183210Z/manifest.csv",FALSE,TRUE,"traceable"
"stage2","raw_evidence","data/raw/stage2/ds27_pangaea_ferrybox/DS27_PANGAEA_20260809T183210Z/HZG-Ferrybox_Harw-CuxNR1797.nc","scripts/00_downloads/stage2/20_acquire_ds27_pangaea_ferrybox.R","",TRUE,261156,"c81b21d5a018a15b11649d12b9f0d6fce49a1e74e17c6f3a492bf6f3e8ce28c7","data/raw/stage2/ds27_pangaea_ferrybox/DS27_PANGAEA_20260809T183210Z/manifest.csv",FALSE,TRUE,"traceable"
"stage2","raw_evidence","data/raw/stage2/ds27_pangaea_ferrybox/DS27_PANGAEA_20260809T183210Z/HZG-Ferrybox_Harw-CuxNR1837.nc","scripts/00_downloads/stage2/20_acquire_ds27_pangaea_ferrybox.R","",TRUE,265456,"103378bc0c0e5cb7ebeaade38befd260d5c4dbe04b0e6f490d63af458b228ba9","data/raw/stage2/ds27_pangaea_ferrybox/DS27_PANGAEA_20260809T183210Z/manifest.csv",FALSE,TRUE,"traceable"
"stage2","raw_evidence","data/raw/stage2/ds27_pangaea_ferrybox/DS27_PANGAEA_20260809T183210Z/HZG-Ferrybox_Harw-CuxNR1877.nc","scripts/00_downloads/stage2/20_acquire_ds27_pangaea_ferrybox.R","",TRUE,266732,"f2bd63e848e1953cdd2f9bfe5ba5a3cb12fb194e9def1867d72a8d56035cb3b4","data/raw/stage2/ds27_pangaea_ferrybox/DS27_PANGAEA_20260809T183210Z/manifest.csv",FALSE,TRUE,"traceable"
"stage2","raw_evidence","data/raw/stage2/ds27_pangaea_ferrybox/DS27_PANGAEA_20260809T183210Z/HZG-Ferrybox_Harw-CuxNR19.nc","scripts/00_downloads/stage2/20_acquire_ds27_pangaea_ferrybox.R","",TRUE,266276,"bd2d8a423ece35fe194e50a11f34ea0ec19c5065c4ed10b08dd0ff117ac06ee1","data/raw/stage2/ds27_pangaea_ferrybox/DS27_PANGAEA_20260809T183210Z/manifest.csv",FALSE,TRUE,"traceable"
"stage2","raw_evidence","data/raw/stage2/ds27_pangaea_ferrybox/DS27_PANGAEA_20260809T183210Z/HZG-Ferrybox_Harw-CuxNR1917.nc","scripts/00_downloads/stage2/20_acquire_ds27_pangaea_ferrybox.R","",TRUE,266024,"36bd1fd626ee8704fcd2ecad6b18559a754f335651776fc791d5735ffe0ecccd","data/raw/stage2/ds27_pangaea_ferrybox/DS27_PANGAEA_20260809T183210Z/manifest.csv",FALSE,TRUE,"traceable"
"stage2","raw_evidence","data/raw/stage2/ds27_pangaea_ferrybox/DS27_PANGAEA_20260809T183210Z/HZG-Ferrybox_Harw-CuxNR1957.nc","scripts/00_downloads/stage2/20_acquire_ds27_pangaea_ferrybox.R","",TRUE,261720,"ec13d4fbae3c3c737c0e5df9630824a0555b2e85638624aebe0a528e5b9b858e","data/raw/stage2/ds27_pangaea_ferrybox/DS27_PANGAEA_20260809T183210Z/manifest.csv",FALSE,TRUE,"traceable"
"stage2","raw_evidence","data/raw/stage2/ds27_pangaea_ferrybox/DS27_PANGAEA_20260809T183210Z/HZG-Ferrybox_Harw-CuxNR2.nc","scripts/00_downloads/stage2/20_acquire_ds27_pangaea_ferrybox.R","",TRUE,226656,"4913194de97b191bb9949ab8fd1f06c1dd1a2f6973bac06e8924e78010d79edb","data/raw/stage2/ds27_pangaea_ferrybox/DS27_PANGAEA_20260809T183210Z/manifest.csv",FALSE,TRUE,"traceable"
"stage2","raw_evidence","data/raw/stage2/ds27_pangaea_ferrybox/DS27_PANGAEA_20260809T183210Z/HZG-Ferrybox_Harw-CuxNR2017.nc","scripts/00_downloads/stage2/20_acquire_ds27_pangaea_ferrybox.R","",TRUE,261648,"59fb81ec86a53e682616937c2aa262afdb3244f3e482895db4b0c3ecee4eaf3c","data/raw/stage2/ds27_pangaea_ferrybox/DS27_PANGAEA_20260809T183210Z/manifest.csv",FALSE,TRUE,"traceable"
"stage2","raw_evidence","data/raw/stage2/ds27_pangaea_ferrybox/DS27_PANGAEA_20260809T183210Z/HZG-Ferrybox_Harw-CuxNR2057.nc","scripts/00_downloads/stage2/20_acquire_ds27_pangaea_ferrybox.R","",TRUE,259684,"c12f128d9de285a51fa2c33e23ce3aa8d2dc1217af50785ce6783739099acd06","data/raw/stage2/ds27_pangaea_ferrybox/DS27_PANGAEA_20260809T183210Z/manifest.csv",FALSE,TRUE,"traceable"
"stage2","raw_evidence","data/raw/stage2/ds27_pangaea_ferrybox/DS27_PANGAEA_20260809T183210Z/HZG-Ferrybox_Harw-CuxNR2097.nc","scripts/00_downloads/stage2/20_acquire_ds27_pangaea_ferrybox.R","",TRUE,262580,"a07e84fb60e6037f689d104f6745f3c0b0646fabe1ac01c1ec94a338d8c0e6c6","data/raw/stage2/ds27_pangaea_ferrybox/DS27_PANGAEA_20260809T183210Z/manifest.csv",FALSE,TRUE,"traceable"
"stage2","raw_evidence","data/raw/stage2/ds27_pangaea_ferrybox/DS27_PANGAEA_20260809T183210Z/HZG-Ferrybox_Harw-CuxNR21.nc","scripts/00_downloads/stage2/20_acquire_ds27_pangaea_ferrybox.R","",TRUE,266176,"c29fa5ae09bd8571f614a43990cd1a1b2f9dc82b81a262a7e248d2179e2804f2","data/raw/stage2/ds27_pangaea_ferrybox/DS27_PANGAEA_20260809T183210Z/manifest.csv",FALSE,TRUE,"traceable"
"stage2","raw_evidence","data/raw/stage2/ds27_pangaea_ferrybox/DS27_PANGAEA_20260809T183210Z/HZG-Ferrybox_Harw-CuxNR2137.nc","scripts/00_downloads/stage2/20_acquire_ds27_pangaea_ferrybox.R","",TRUE,264836,"489beed1fd87dc5f7d0c89f471ea7174df27a31e54d7f6e5640bae3de353d290","data/raw/stage2/ds27_pangaea_ferrybox/DS27_PANGAEA_20260809T183210Z/manifest.csv",FALSE,TRUE,"traceable"
"stage2","raw_evidence","data/raw/stage2/ds27_pangaea_ferrybox/DS27_PANGAEA_20260809T183210Z/HZG-Ferrybox_Harw-CuxNR2157.nc","scripts/00_downloads/stage2/20_acquire_ds27_pangaea_ferrybox.R","",TRUE,256108,"f29926d84d1648f8e9b2cf80f9b16c8a3bcf69bc3349af8cb432d09c4e0f69e7","data/raw/stage2/ds27_pangaea_ferrybox/DS27_PANGAEA_20260809T183210Z/manifest.csv",FALSE,TRUE,"traceable"
"stage2","raw_evidence","data/raw/stage2/ds27_pangaea_ferrybox/DS27_PANGAEA_20260809T183210Z/HZG-Ferrybox_Harw-CuxNR217.nc","scripts/00_downloads/stage2/20_acquire_ds27_pangaea_ferrybox.R","",TRUE,259228,"f2203303a8d8550e5ccfc9646317ee21e120db841aba8d8ac87c24739c6f0927","data/raw/stage2/ds27_pangaea_ferrybox/DS27_PANGAEA_20260809T183210Z/manifest.csv",FALSE,TRUE,"traceable"
"stage2","raw_evidence","data/raw/stage2/ds27_pangaea_ferrybox/DS27_PANGAEA_20260809T183210Z/HZG-Ferrybox_Harw-CuxNR2217.nc","scripts/00_downloads/stage2/20_acquire_ds27_pangaea_ferrybox.R","",TRUE,249948,"5995c310d41043bede51fbd2fe1bc9bf54eb61dc0c2c98e1b199dd1c915afee6","data/raw/stage2/ds27_pangaea_ferrybox/DS27_PANGAEA_20260809T183210Z/manifest.csv",FALSE,TRUE,"traceable"
"stage2","raw_evidence","data/raw/stage2/ds27_pangaea_ferrybox/DS27_PANGAEA_20260809T183210Z/HZG-Ferrybox_Harw-CuxNR2237.nc","scripts/00_downloads/stage2/20_acquire_ds27_pangaea_ferrybox.R","",TRUE,262344,"5c98ca6784d0b6e631a977a178d316c2c7e94c5f1f415f67caff271676c0c7cf","data/raw/stage2/ds27_pangaea_ferrybox/DS27_PANGAEA_20260809T183210Z/manifest.csv",FALSE,TRUE,"traceable"
"stage2","raw_evidence","data/raw/stage2/ds27_pangaea_ferrybox/DS27_PANGAEA_20260809T183210Z/HZG-Ferrybox_Harw-CuxNR2297.nc","scripts/00_downloads/stage2/20_acquire_ds27_pangaea_ferrybox.R","",TRUE,261428,"191bbe0373b4a169f3fe51aa6b841bd03ab9bb84019f9ed0cb06fb4b0cb8ed59","data/raw/stage2/ds27_pangaea_ferrybox/DS27_PANGAEA_20260809T183210Z/manifest.csv",FALSE,TRUE,"traceable"
"stage2","raw_evidence","data/raw/stage2/ds27_pangaea_ferrybox/DS27_PANGAEA_20260809T183210Z/HZG-Ferrybox_Harw-CuxNR23.nc","scripts/00_downloads/stage2/20_acquire_ds27_pangaea_ferrybox.R","",TRUE,264012,"64475ea6006476617adf523cce3fb3f722f645349dcedbe08b23d6ac0f7c7514","data/raw/stage2/ds27_pangaea_ferrybox/DS27_PANGAEA_20260809T183210Z/manifest.csv",FALSE,TRUE,"traceable"
"stage2","raw_evidence","data/raw/stage2/ds27_pangaea_ferrybox/DS27_PANGAEA_20260809T183210Z/HZG-Ferrybox_Harw-CuxNR2337.nc","scripts/00_downloads/stage2/20_acquire_ds27_pangaea_ferrybox.R","",TRUE,263944,"85dcc6e5404c3d7b6f3444a19888892f8ad4e9d9fc451d58a5dd77c73c0b6000","data/raw/stage2/ds27_pangaea_ferrybox/DS27_PANGAEA_20260809T183210Z/manifest.csv",FALSE,TRUE,"traceable"
"stage2","raw_evidence","data/raw/stage2/ds27_pangaea_ferrybox/DS27_PANGAEA_20260809T183210Z/HZG-Ferrybox_Harw-CuxNR2357.nc","scripts/00_downloads/stage2/20_acquire_ds27_pangaea_ferrybox.R","",TRUE,247488,"595081c5c5b769f66e1b4905c8c7cabf5af88c16437c4f959600de65e1795e18","data/raw/stage2/ds27_pangaea_ferrybox/DS27_PANGAEA_20260809T183210Z/manifest.csv",FALSE,TRUE,"traceable"
"stage2","raw_evidence","data/raw/stage2/ds27_pangaea_ferrybox/DS27_PANGAEA_20260809T183210Z/HZG-Ferrybox_Harw-CuxNR25.nc","scripts/00_downloads/stage2/20_acquire_ds27_pangaea_ferrybox.R","",TRUE,245648,"3e640fc0986dd7a932664b6afd0dc7f54bfe9474d7b7d64509d695eae8d0e978","data/raw/stage2/ds27_pangaea_ferrybox/DS27_PANGAEA_20260809T183210Z/manifest.csv",FALSE,TRUE,"traceable"
"stage2","raw_evidence","data/raw/stage2/ds27_pangaea_ferrybox/DS27_PANGAEA_20260809T183210Z/HZG-Ferrybox_Harw-CuxNR2537.nc","scripts/00_downloads/stage2/20_acquire_ds27_pangaea_ferrybox.R","",TRUE,204284,"97323269b683cc51719b401a449d92ce79e59585e365529ea20b29c57d34fd5f","data/raw/stage2/ds27_pangaea_ferrybox/DS27_PANGAEA_20260809T183210Z/manifest.csv",FALSE,TRUE,"traceable"
"stage2","raw_evidence","data/raw/stage2/ds27_pangaea_ferrybox/DS27_PANGAEA_20260809T183210Z/HZG-Ferrybox_Harw-CuxNR257.nc","scripts/00_downloads/stage2/20_acquire_ds27_pangaea_ferrybox.R","",TRUE,259064,"14e3dfd7d9453e1a6a30e137130840dc04b29befdd1bcdf8423e0fa306403f56","data/raw/stage2/ds27_pangaea_ferrybox/DS27_PANGAEA_20260809T183210Z/manifest.csv",FALSE,TRUE,"traceable"
"stage2","raw_evidence","data/raw/stage2/ds27_pangaea_ferrybox/DS27_PANGAEA_20260809T183210Z/HZG-Ferrybox_Harw-CuxNR2577.nc","scripts/00_downloads/stage2/20_acquire_ds27_pangaea_ferrybox.R","",TRUE,270580,"18e24e2a9d9352535cae276f338c6d1fe16f62a4e8e71fb23b80e0bd028f0d2c","data/raw/stage2/ds27_pangaea_ferrybox/DS27_PANGAEA_20260809T183210Z/manifest.csv",FALSE,TRUE,"traceable"
"stage2","raw_evidence","data/raw/stage2/ds27_pangaea_ferrybox/DS27_PANGAEA_20260809T183210Z/HZG-Ferrybox_Harw-CuxNR2617.nc","scripts/00_downloads/stage2/20_acquire_ds27_pangaea_ferrybox.R","",TRUE,178904,"1a4419cc56895d6035bcfe4b835007acc1fbae4ce3fdf7d51a6e480f20b6961c","data/raw/stage2/ds27_pangaea_ferrybox/DS27_PANGAEA_20260809T183210Z/manifest.csv",FALSE,TRUE,"traceable"
"stage2","raw_evidence","data/raw/stage2/ds27_pangaea_ferrybox/DS27_PANGAEA_20260809T183210Z/HZG-Ferrybox_Harw-CuxNR2657.nc","scripts/00_downloads/stage2/20_acquire_ds27_pangaea_ferrybox.R","",TRUE,231544,"dcb3ebdc447d6ef2a69e6e86be921e281f8da6736ddd05880c33c8daa9018d5d","data/raw/stage2/ds27_pangaea_ferrybox/DS27_PANGAEA_20260809T183210Z/manifest.csv",FALSE,TRUE,"traceable"
"stage2","raw_evidence","data/raw/stage2/ds27_pangaea_ferrybox/DS27_PANGAEA_20260809T183210Z/HZG-Ferrybox_Harw-CuxNR2697.nc","scripts/00_downloads/stage2/20_acquire_ds27_pangaea_ferrybox.R","",TRUE,261884,"64a0ac64d03b40e7b93d33b5a322ff9c1b56e6eb99f22c17f8aa96d369dca967","data/raw/stage2/ds27_pangaea_ferrybox/DS27_PANGAEA_20260809T183210Z/manifest.csv",FALSE,TRUE,"traceable"
"stage2","raw_evidence","data/raw/stage2/ds27_pangaea_ferrybox/DS27_PANGAEA_20260809T183210Z/HZG-Ferrybox_Harw-CuxNR27.nc","scripts/00_downloads/stage2/20_acquire_ds27_pangaea_ferrybox.R","",TRUE,241380,"f24214b91530bda43d507b29a8272eac7e825ed9f69d32e4e6b1be0ae45553c2","data/raw/stage2/ds27_pangaea_ferrybox/DS27_PANGAEA_20260809T183210Z/manifest.csv",FALSE,TRUE,"traceable"
"stage2","raw_evidence","data/raw/stage2/ds27_pangaea_ferrybox/DS27_PANGAEA_20260809T183210Z/HZG-Ferrybox_Harw-CuxNR2737.nc","scripts/00_downloads/stage2/20_acquire_ds27_pangaea_ferrybox.R","",TRUE,265984,"4f7285ca278c7646fc68df9f394dfa0a08171acc6cf89585c389c05a42f9526f","data/raw/stage2/ds27_pangaea_ferrybox/DS27_PANGAEA_20260809T183210Z/manifest.csv",FALSE,TRUE,"traceable"
"stage2","raw_evidence","data/raw/stage2/ds27_pangaea_ferrybox/DS27_PANGAEA_20260809T183210Z/HZG-Ferrybox_Harw-CuxNR2777.nc","scripts/00_downloads/stage2/20_acquire_ds27_pangaea_ferrybox.R","",TRUE,268572,"c7f19c0952879c468adfba752bb1eb63ba63bda354acbe0ce886649efd9f1c53","data/raw/stage2/ds27_pangaea_ferrybox/DS27_PANGAEA_20260809T183210Z/manifest.csv",FALSE,TRUE,"traceable"
"stage2","raw_evidence","data/raw/stage2/ds27_pangaea_ferrybox/DS27_PANGAEA_20260809T183210Z/HZG-Ferrybox_Harw-CuxNR2817.nc","scripts/00_downloads/stage2/20_acquire_ds27_pangaea_ferrybox.R","",TRUE,266896,"8e903e9ad255b780d70ab1c0358f9ee87f348f1919178fba31ab870a9631ef43","data/raw/stage2/ds27_pangaea_ferrybox/DS27_PANGAEA_20260809T183210Z/manifest.csv",FALSE,TRUE,"traceable"
"stage2","raw_evidence","data/raw/stage2/ds27_pangaea_ferrybox/DS27_PANGAEA_20260809T183210Z/HZG-Ferrybox_Harw-CuxNR29.nc","scripts/00_downloads/stage2/20_acquire_ds27_pangaea_ferrybox.R","",TRUE,246592,"998a7d4d22697609cb0be488b2a13cd3859c45c891a1e9ab1f4fd641125782d4","data/raw/stage2/ds27_pangaea_ferrybox/DS27_PANGAEA_20260809T183210Z/manifest.csv",FALSE,TRUE,"traceable"
"stage2","raw_evidence","data/raw/stage2/ds27_pangaea_ferrybox/DS27_PANGAEA_20260809T183210Z/HZG-Ferrybox_Harw-CuxNR2958.nc","scripts/00_downloads/stage2/20_acquire_ds27_pangaea_ferrybox.R","",TRUE,269100,"082b249ed0e461e467823d5d5153377453e93dc45659167ad0b755ede0ec1247","data/raw/stage2/ds27_pangaea_ferrybox/DS27_PANGAEA_20260809T183210Z/manifest.csv",FALSE,TRUE,"traceable"
"stage2","raw_evidence","data/raw/stage2/ds27_pangaea_ferrybox/DS27_PANGAEA_20260809T183210Z/HZG-Ferrybox_Harw-CuxNR2997.nc","scripts/00_downloads/stage2/20_acquire_ds27_pangaea_ferrybox.R","",TRUE,271492,"046a7e326c03d12261a3ed79095d866f2be62322347315bd69d24554118cdcf4","data/raw/stage2/ds27_pangaea_ferrybox/DS27_PANGAEA_20260809T183210Z/manifest.csv",FALSE,TRUE,"traceable"
"stage2","raw_evidence","data/raw/stage2/ds27_pangaea_ferrybox/DS27_PANGAEA_20260809T183210Z/HZG-Ferrybox_Harw-CuxNR3017.nc","scripts/00_downloads/stage2/20_acquire_ds27_pangaea_ferrybox.R","",TRUE,267824,"a1247d5134ceae7459964e16f1db832cc22533b3ba899ca7a47410aa14fef003","data/raw/stage2/ds27_pangaea_ferrybox/DS27_PANGAEA_20260809T183210Z/manifest.csv",FALSE,TRUE,"traceable"
"stage2","raw_evidence","data/raw/stage2/ds27_pangaea_ferrybox/DS27_PANGAEA_20260809T183210Z/HZG-Ferrybox_Harw-CuxNR3057.nc","scripts/00_downloads/stage2/20_acquire_ds27_pangaea_ferrybox.R","",TRUE,266768,"ba37dc7018b8981d1b33fa2016f16724e71c58a94209f3193a25b669d03c8b82","data/raw/stage2/ds27_pangaea_ferrybox/DS27_PANGAEA_20260809T183210Z/manifest.csv",FALSE,TRUE,"traceable"
"stage2","raw_evidence","data/raw/stage2/ds27_pangaea_ferrybox/DS27_PANGAEA_20260809T183210Z/HZG-Ferrybox_Harw-CuxNR3097.nc","scripts/00_downloads/stage2/20_acquire_ds27_pangaea_ferrybox.R","",TRUE,269432,"27f3bbe8f3ced5c68468b9085750d76df636feeb4954bcef30bab798c786eeda","data/raw/stage2/ds27_pangaea_ferrybox/DS27_PANGAEA_20260809T183210Z/manifest.csv",FALSE,TRUE,"traceable"
"stage2","raw_evidence","data/raw/stage2/ds27_pangaea_ferrybox/DS27_PANGAEA_20260809T183210Z/HZG-Ferrybox_Harw-CuxNR3137.nc","scripts/00_downloads/stage2/20_acquire_ds27_pangaea_ferrybox.R","",TRUE,265164,"0aa4480a2aa318bf6f772e53139dd1ddb3bf252b1703ce14c65a9e24c7201bed","data/raw/stage2/ds27_pangaea_ferrybox/DS27_PANGAEA_20260809T183210Z/manifest.csv",FALSE,TRUE,"traceable"
"stage2","raw_evidence","data/raw/stage2/ds27_pangaea_ferrybox/DS27_PANGAEA_20260809T183210Z/HZG-Ferrybox_Harw-CuxNR317.nc","scripts/00_downloads/stage2/20_acquire_ds27_pangaea_ferrybox.R","",TRUE,41636,"53cabe2fa37485bb0345b01cecfcf8edb3c5d5c6d4092313ba90a57d05146a6c","data/raw/stage2/ds27_pangaea_ferrybox/DS27_PANGAEA_20260809T183210Z/manifest.csv",FALSE,TRUE,"traceable"
"stage2","raw_evidence","data/raw/stage2/ds27_pangaea_ferrybox/DS27_PANGAEA_20260809T183210Z/HZG-Ferrybox_Harw-CuxNR3177.nc","scripts/00_downloads/stage2/20_acquire_ds27_pangaea_ferrybox.R","",TRUE,266636,"07b93403819999ad8d0a6301099a43d3a89fc8de17ff10ec7875fab2d8d3a234","data/raw/stage2/ds27_pangaea_ferrybox/DS27_PANGAEA_20260809T183210Z/manifest.csv",FALSE,TRUE,"traceable"
"stage2","raw_evidence","data/raw/stage2/ds27_pangaea_ferrybox/DS27_PANGAEA_20260809T183210Z/HZG-Ferrybox_Harw-CuxNR3217.nc","scripts/00_downloads/stage2/20_acquire_ds27_pangaea_ferrybox.R","",TRUE,266348,"b2ee5df00522ef1d439a832efa3197faae11e5a6b269242468ef27889216e32d","data/raw/stage2/ds27_pangaea_ferrybox/DS27_PANGAEA_20260809T183210Z/manifest.csv",FALSE,TRUE,"traceable"
"stage2","raw_evidence","data/raw/stage2/ds27_pangaea_ferrybox/DS27_PANGAEA_20260809T183210Z/HZG-Ferrybox_Harw-CuxNR33.nc","scripts/00_downloads/stage2/20_acquire_ds27_pangaea_ferrybox.R","",TRUE,247616,"56c83453a65baadc06c7701251b078b38bd1b5a529ffc1fffc922d38024af16a","data/raw/stage2/ds27_pangaea_ferrybox/DS27_PANGAEA_20260809T183210Z/manifest.csv",FALSE,TRUE,"traceable"
"stage2","raw_evidence","data/raw/stage2/ds27_pangaea_ferrybox/DS27_PANGAEA_20260809T183210Z/HZG-Ferrybox_Harw-CuxNR3350.nc","scripts/00_downloads/stage2/20_acquire_ds27_pangaea_ferrybox.R","",TRUE,269352,"29882f2f946492c25ddda073371fb6b9a7bca73ad0fd318d8e4d5574ddc555d6","data/raw/stage2/ds27_pangaea_ferrybox/DS27_PANGAEA_20260809T183210Z/manifest.csv",FALSE,TRUE,"traceable"
"stage2","raw_evidence","data/raw/stage2/ds27_pangaea_ferrybox/DS27_PANGAEA_20260809T183210Z/HZG-Ferrybox_Harw-CuxNR3352.nc","scripts/00_downloads/stage2/20_acquire_ds27_pangaea_ferrybox.R","",TRUE,259792,"fcc054396b0d2e17d7bb2c906ba9cbda5f1ad3710cbd044bf0527e39031a43a4","data/raw/stage2/ds27_pangaea_ferrybox/DS27_PANGAEA_20260809T183210Z/manifest.csv",FALSE,TRUE,"traceable"
"stage2","raw_evidence","data/raw/stage2/ds27_pangaea_ferrybox/DS27_PANGAEA_20260809T183210Z/HZG-Ferrybox_Harw-CuxNR3354.nc","scripts/00_downloads/stage2/20_acquire_ds27_pangaea_ferrybox.R","",TRUE,251644,"2083445068a03e4f5a31053e61b9fc2f894e65cef6f5ba9b5123174a5e06dc32","data/raw/stage2/ds27_pangaea_ferrybox/DS27_PANGAEA_20260809T183210Z/manifest.csv",FALSE,TRUE,"traceable"
"stage2","raw_evidence","data/raw/stage2/ds27_pangaea_ferrybox/DS27_PANGAEA_20260809T183210Z/HZG-Ferrybox_Harw-CuxNR3357.nc","scripts/00_downloads/stage2/20_acquire_ds27_pangaea_ferrybox.R","",TRUE,52912,"ead389b5346e352e74cbadb44dde5414c29ed684f56984d4af64e00fc94f7964","data/raw/stage2/ds27_pangaea_ferrybox/DS27_PANGAEA_20260809T183210Z/manifest.csv",FALSE,TRUE,"traceable"
"stage2","raw_evidence","data/raw/stage2/ds27_pangaea_ferrybox/DS27_PANGAEA_20260809T183210Z/HZG-Ferrybox_Harw-CuxNR3359.nc","scripts/00_downloads/stage2/20_acquire_ds27_pangaea_ferrybox.R","",TRUE,206256,"496d9d03593b42d422e843f99859321acf57ed258cf3a7f64e6ce0e0af4d2df8","data/raw/stage2/ds27_pangaea_ferrybox/DS27_PANGAEA_20260809T183210Z/manifest.csv",FALSE,TRUE,"traceable"
"stage2","raw_evidence","data/raw/stage2/ds27_pangaea_ferrybox/DS27_PANGAEA_20260809T183210Z/HZG-Ferrybox_Harw-CuxNR3361.nc","scripts/00_downloads/stage2/20_acquire_ds27_pangaea_ferrybox.R","",TRUE,265292,"9ec12074f88dbe1e79c66c9a646e543af4440628588447ef55af4cdf98c6df68","data/raw/stage2/ds27_pangaea_ferrybox/DS27_PANGAEA_20260809T183210Z/manifest.csv",FALSE,TRUE,"traceable"
"stage2","raw_evidence","data/raw/stage2/ds27_pangaea_ferrybox/DS27_PANGAEA_20260809T183210Z/HZG-Ferrybox_Harw-CuxNR3363.nc","scripts/00_downloads/stage2/20_acquire_ds27_pangaea_ferrybox.R","",TRUE,255128,"77371afb5960ccfbb02831ad00ee8485d6f38af0f44f9a10952518fc72854c62","data/raw/stage2/ds27_pangaea_ferrybox/DS27_PANGAEA_20260809T183210Z/manifest.csv",FALSE,TRUE,"traceable"
"stage2","raw_evidence","data/raw/stage2/ds27_pangaea_ferrybox/DS27_PANGAEA_20260809T183210Z/HZG-Ferrybox_Harw-CuxNR3397.nc","scripts/00_downloads/stage2/20_acquire_ds27_pangaea_ferrybox.R","",TRUE,265748,"d4e8a3b301bc5208bac39c24cd82f85db1a242cf62fb1d4528a2c81d226c7547","data/raw/stage2/ds27_pangaea_ferrybox/DS27_PANGAEA_20260809T183210Z/manifest.csv",FALSE,TRUE,"traceable"
"stage2","raw_evidence","data/raw/stage2/ds27_pangaea_ferrybox/DS27_PANGAEA_20260809T183210Z/HZG-Ferrybox_Harw-CuxNR3437.nc","scripts/00_downloads/stage2/20_acquire_ds27_pangaea_ferrybox.R","",TRUE,264112,"9ce9e4283e743723a80b86b9fb5ec64ece95275275fa8b0d289c84632eb304a1","data/raw/stage2/ds27_pangaea_ferrybox/DS27_PANGAEA_20260809T183210Z/manifest.csv",FALSE,TRUE,"traceable"
"stage2","raw_evidence","data/raw/stage2/ds27_pangaea_ferrybox/DS27_PANGAEA_20260809T183210Z/HZG-Ferrybox_Harw-CuxNR3477.nc","scripts/00_downloads/stage2/20_acquire_ds27_pangaea_ferrybox.R","",TRUE,254436,"4a4ea08aaf75c6d39c56afffb7e67130d8849f2ce2f4c92a1aedb94e8da5d6a2","data/raw/stage2/ds27_pangaea_ferrybox/DS27_PANGAEA_20260809T183210Z/manifest.csv",FALSE,TRUE,"traceable"
"stage2","raw_evidence","data/raw/stage2/ds27_pangaea_ferrybox/DS27_PANGAEA_20260809T183210Z/HZG-Ferrybox_Harw-CuxNR35.nc","scripts/00_downloads/stage2/20_acquire_ds27_pangaea_ferrybox.R","",TRUE,246468,"da235e5753ad1cecb9e9f835dd1c187e307746678b697ee1cc8b39721c12b39e","data/raw/stage2/ds27_pangaea_ferrybox/DS27_PANGAEA_20260809T183210Z/manifest.csv",FALSE,TRUE,"traceable"
"stage2","raw_evidence","data/raw/stage2/ds27_pangaea_ferrybox/DS27_PANGAEA_20260809T183210Z/HZG-Ferrybox_Harw-CuxNR3517.nc","scripts/00_downloads/stage2/20_acquire_ds27_pangaea_ferrybox.R","",TRUE,255744,"7b78fb9d32d61449adc1489873b451c6d6f409aae16862e4bfac51271b837eaa","data/raw/stage2/ds27_pangaea_ferrybox/DS27_PANGAEA_20260809T183210Z/manifest.csv",FALSE,TRUE,"traceable"
"stage2","raw_evidence","data/raw/stage2/ds27_pangaea_ferrybox/DS27_PANGAEA_20260809T183210Z/HZG-Ferrybox_Harw-CuxNR3537.nc","scripts/00_downloads/stage2/20_acquire_ds27_pangaea_ferrybox.R","",TRUE,260772,"994a34cb8d95ee05648f7734ad4cce3d33bae1566303619e48ad3b56a1f802af","data/raw/stage2/ds27_pangaea_ferrybox/DS27_PANGAEA_20260809T183210Z/manifest.csv",FALSE,TRUE,"traceable"
"stage2","raw_evidence","data/raw/stage2/ds27_pangaea_ferrybox/DS27_PANGAEA_20260809T183210Z/HZG-Ferrybox_Harw-CuxNR3557.nc","scripts/00_downloads/stage2/20_acquire_ds27_pangaea_ferrybox.R","",TRUE,256112,"f5af5e824a78ba16e0513e9dfe9691a1a4071f811985fac1d2026ea640d8bb98","data/raw/stage2/ds27_pangaea_ferrybox/DS27_PANGAEA_20260809T183210Z/manifest.csv",FALSE,TRUE,"traceable"
"stage2","raw_evidence","data/raw/stage2/ds27_pangaea_ferrybox/DS27_PANGAEA_20260809T183210Z/HZG-Ferrybox_Harw-CuxNR357.nc","scripts/00_downloads/stage2/20_acquire_ds27_pangaea_ferrybox.R","",TRUE,230164,"c13f0342b3534dc906ba21d22131bde9afd0cb33aaa2657643e36b75aaa7baaf","data/raw/stage2/ds27_pangaea_ferrybox/DS27_PANGAEA_20260809T183210Z/manifest.csv",FALSE,TRUE,"traceable"
"stage2","raw_evidence","data/raw/stage2/ds27_pangaea_ferrybox/DS27_PANGAEA_20260809T183210Z/HZG-Ferrybox_Harw-CuxNR3617.nc","scripts/00_downloads/stage2/20_acquire_ds27_pangaea_ferrybox.R","",TRUE,268572,"05a9b6392bb9778ec849dfbd148a68bc7673dab344cb10d85faace523c20a916","data/raw/stage2/ds27_pangaea_ferrybox/DS27_PANGAEA_20260809T183210Z/manifest.csv",FALSE,TRUE,"traceable"
"stage2","raw_evidence","data/raw/stage2/ds27_pangaea_ferrybox/DS27_PANGAEA_20260809T183210Z/HZG-Ferrybox_Harw-CuxNR3637.nc","scripts/00_downloads/stage2/20_acquire_ds27_pangaea_ferrybox.R","",TRUE,89524,"2ba7ba193402605b49ffdac226ca878397aa72bc3b13663769b0e77e054bc244","data/raw/stage2/ds27_pangaea_ferrybox/DS27_PANGAEA_20260809T183210Z/manifest.csv",FALSE,TRUE,"traceable"
"stage2","raw_evidence","data/raw/stage2/ds27_pangaea_ferrybox/DS27_PANGAEA_20260809T183210Z/HZG-Ferrybox_Harw-CuxNR3717.nc","scripts/00_downloads/stage2/20_acquire_ds27_pangaea_ferrybox.R","",TRUE,267392,"da5a9f9dbebe4477e1b649c1bd3320afa8cd06f9cf88cdde16e1f15d1b9d2406","data/raw/stage2/ds27_pangaea_ferrybox/DS27_PANGAEA_20260809T183210Z/manifest.csv",FALSE,TRUE,"traceable"
"stage2","raw_evidence","data/raw/stage2/ds27_pangaea_ferrybox/DS27_PANGAEA_20260809T183210Z/HZG-Ferrybox_Harw-CuxNR3797.nc","scripts/00_downloads/stage2/20_acquire_ds27_pangaea_ferrybox.R","",TRUE,270836,"1801b4c81ede37de4dd36aa809769920a61304adade8fdb11ab9d30015add69c","data/raw/stage2/ds27_pangaea_ferrybox/DS27_PANGAEA_20260809T183210Z/manifest.csv",FALSE,TRUE,"traceable"
"stage2","raw_evidence","data/raw/stage2/ds27_pangaea_ferrybox/DS27_PANGAEA_20260809T183210Z/HZG-Ferrybox_Harw-CuxNR38.nc","scripts/00_downloads/stage2/20_acquire_ds27_pangaea_ferrybox.R","",TRUE,233508,"ccbdaf20657d9d980e324b9520e8b96d422a35a85a1dae31420645717c0e03c1","data/raw/stage2/ds27_pangaea_ferrybox/DS27_PANGAEA_20260809T183210Z/manifest.csv",FALSE,TRUE,"traceable"
"stage2","raw_evidence","data/raw/stage2/ds27_pangaea_ferrybox/DS27_PANGAEA_20260809T183210Z/HZG-Ferrybox_Harw-CuxNR3837.nc","scripts/00_downloads/stage2/20_acquire_ds27_pangaea_ferrybox.R","",TRUE,266508,"9cbc4f111c195090182fde44f2b5298e7dc344199786adc9c587218c18046c09","data/raw/stage2/ds27_pangaea_ferrybox/DS27_PANGAEA_20260809T183210Z/manifest.csv",FALSE,TRUE,"traceable"
"stage2","raw_evidence","data/raw/stage2/ds27_pangaea_ferrybox/DS27_PANGAEA_20260809T183210Z/HZG-Ferrybox_Harw-CuxNR3877.nc","scripts/00_downloads/stage2/20_acquire_ds27_pangaea_ferrybox.R","",TRUE,266480,"90c5619e05ecefd73f14d3ec6e567a87cc3d2668a810b10fab9cb6a86411c021","data/raw/stage2/ds27_pangaea_ferrybox/DS27_PANGAEA_20260809T183210Z/manifest.csv",FALSE,TRUE,"traceable"
"stage2","raw_evidence","data/raw/stage2/ds27_pangaea_ferrybox/DS27_PANGAEA_20260809T183210Z/HZG-Ferrybox_Harw-CuxNR39.nc","scripts/00_downloads/stage2/20_acquire_ds27_pangaea_ferrybox.R","",TRUE,233960,"74002e0258b943e5fd06a726785c781668170576729b0b67e78aa70ba3ce26b3","data/raw/stage2/ds27_pangaea_ferrybox/DS27_PANGAEA_20260809T183210Z/manifest.csv",FALSE,TRUE,"traceable"
"stage2","raw_evidence","data/raw/stage2/ds27_pangaea_ferrybox/DS27_PANGAEA_20260809T183210Z/HZG-Ferrybox_Harw-CuxNR3957.nc","scripts/00_downloads/stage2/20_acquire_ds27_pangaea_ferrybox.R","",TRUE,263528,"1cd391a1114781749f873117629e6389265bad4b5154b2774e585919fd0764c9","data/raw/stage2/ds27_pangaea_ferrybox/DS27_PANGAEA_20260809T183210Z/manifest.csv",FALSE,TRUE,"traceable"
"stage2","raw_evidence","data/raw/stage2/ds27_pangaea_ferrybox/DS27_PANGAEA_20260809T183210Z/HZG-Ferrybox_Harw-CuxNR4.nc","scripts/00_downloads/stage2/20_acquire_ds27_pangaea_ferrybox.R","",TRUE,238596,"126908769edbe67777dae12081c1f68358276abda4ce5ef0e8d6786f2df62c2c","data/raw/stage2/ds27_pangaea_ferrybox/DS27_PANGAEA_20260809T183210Z/manifest.csv",FALSE,TRUE,"traceable"
"stage2","raw_evidence","data/raw/stage2/ds27_pangaea_ferrybox/DS27_PANGAEA_20260809T183210Z/HZG-Ferrybox_Harw-CuxNR4037.nc","scripts/00_downloads/stage2/20_acquire_ds27_pangaea_ferrybox.R","",TRUE,264604,"b0ea95c343d457c7aef52a6b5d6d4e924f3ab13e44024f295327deaf3e4c34a8","data/raw/stage2/ds27_pangaea_ferrybox/DS27_PANGAEA_20260809T183210Z/manifest.csv",FALSE,TRUE,"traceable"
"stage2","raw_evidence","data/raw/stage2/ds27_pangaea_ferrybox/DS27_PANGAEA_20260809T183210Z/HZG-Ferrybox_Harw-CuxNR4039.nc","scripts/00_downloads/stage2/20_acquire_ds27_pangaea_ferrybox.R","",TRUE,265200,"769a36850def9e2913de28baded8c084d4632fe8bdd3f5503e88b0cf410cac67","data/raw/stage2/ds27_pangaea_ferrybox/DS27_PANGAEA_20260809T183210Z/manifest.csv",FALSE,TRUE,"traceable"
"stage2","raw_evidence","data/raw/stage2/ds27_pangaea_ferrybox/DS27_PANGAEA_20260809T183210Z/HZG-Ferrybox_Harw-CuxNR4057.nc","scripts/00_downloads/stage2/20_acquire_ds27_pangaea_ferrybox.R","",TRUE,259224,"cfb667a7752381bb2e4b7ac54ff19d2198ca5580d9ab98658915f7f9eeaf5b0c","data/raw/stage2/ds27_pangaea_ferrybox/DS27_PANGAEA_20260809T183210Z/manifest.csv",FALSE,TRUE,"traceable"
"stage2","raw_evidence","data/raw/stage2/ds27_pangaea_ferrybox/DS27_PANGAEA_20260809T183210Z/HZG-Ferrybox_Harw-CuxNR4059.nc","scripts/00_downloads/stage2/20_acquire_ds27_pangaea_ferrybox.R","",TRUE,225148,"a43ec1dfc7afed9cd37752ee8474f92d0dd482294164aa8104871e9678ac56db","data/raw/stage2/ds27_pangaea_ferrybox/DS27_PANGAEA_20260809T183210Z/manifest.csv",FALSE,TRUE,"traceable"
"stage2","raw_evidence","data/raw/stage2/ds27_pangaea_ferrybox/DS27_PANGAEA_20260809T183210Z/HZG-Ferrybox_Harw-CuxNR4061.nc","scripts/00_downloads/stage2/20_acquire_ds27_pangaea_ferrybox.R","",TRUE,245480,"d9bd95f51fee02c127da27debf805cc6d04e9ded9b177f0bd2285d5fb86b74da","data/raw/stage2/ds27_pangaea_ferrybox/DS27_PANGAEA_20260809T183210Z/manifest.csv",FALSE,TRUE,"traceable"
"stage2","raw_evidence","data/raw/stage2/ds27_pangaea_ferrybox/DS27_PANGAEA_20260809T183210Z/HZG-Ferrybox_Harw-CuxNR41.nc","scripts/00_downloads/stage2/20_acquire_ds27_pangaea_ferrybox.R","",TRUE,255020,"3b75b8e58ec82275d879d6a516c21acce35ddbae53038643d6c1656e6f3bd4f9","data/raw/stage2/ds27_pangaea_ferrybox/DS27_PANGAEA_20260809T183210Z/manifest.csv",FALSE,TRUE,"traceable"
"stage2","raw_evidence","data/raw/stage2/ds27_pangaea_ferrybox/DS27_PANGAEA_20260809T183210Z/HZG-Ferrybox_Harw-CuxNR4157.nc","scripts/00_downloads/stage2/20_acquire_ds27_pangaea_ferrybox.R","",TRUE,263524,"2c862eacb2ef979944267996d5e80e185faa81b40e334b74292875eb6fb6afa8","data/raw/stage2/ds27_pangaea_ferrybox/DS27_PANGAEA_20260809T183210Z/manifest.csv",FALSE,TRUE,"traceable"
"stage2","raw_evidence","data/raw/stage2/ds27_pangaea_ferrybox/DS27_PANGAEA_20260809T183210Z/HZG-Ferrybox_Harw-CuxNR417.nc","scripts/00_downloads/stage2/20_acquire_ds27_pangaea_ferrybox.R","",TRUE,250044,"b0ee30ba81230fe6f6b3bcbce063dacace45582629c038abc4496879422d93db","data/raw/stage2/ds27_pangaea_ferrybox/DS27_PANGAEA_20260809T183210Z/manifest.csv",FALSE,TRUE,"traceable"
"stage2","raw_evidence","data/raw/stage2/ds27_pangaea_ferrybox/DS27_PANGAEA_20260809T183210Z/HZG-Ferrybox_Harw-CuxNR43.nc","scripts/00_downloads/stage2/20_acquire_ds27_pangaea_ferrybox.R","",TRUE,256272,"108c2406c75b48310461594542cf8891c93fb869f2768519b712ab1648536713","data/raw/stage2/ds27_pangaea_ferrybox/DS27_PANGAEA_20260809T183210Z/manifest.csv",FALSE,TRUE,"traceable"
"stage2","raw_evidence","data/raw/stage2/ds27_pangaea_ferrybox/DS27_PANGAEA_20260809T183210Z/HZG-Ferrybox_Harw-CuxNR4317.nc","scripts/00_downloads/stage2/20_acquire_ds27_pangaea_ferrybox.R","",TRUE,106708,"7d7e9dd9591e20bdbbfdd410caf1a60719d6395b0c9a99fcb3370ac37c571757","data/raw/stage2/ds27_pangaea_ferrybox/DS27_PANGAEA_20260809T183210Z/manifest.csv",FALSE,TRUE,"traceable"
"stage2","raw_evidence","data/raw/stage2/ds27_pangaea_ferrybox/DS27_PANGAEA_20260809T183210Z/HZG-Ferrybox_Harw-CuxNR4337.nc","scripts/00_downloads/stage2/20_acquire_ds27_pangaea_ferrybox.R","",TRUE,113100,"196f68ec0910a9076cdd29a569db5ef454e27ec6242d1327e88c8e34695d4746","data/raw/stage2/ds27_pangaea_ferrybox/DS27_PANGAEA_20260809T183210Z/manifest.csv",FALSE,TRUE,"traceable"
"stage2","raw_evidence","data/raw/stage2/ds27_pangaea_ferrybox/DS27_PANGAEA_20260809T183210Z/HZG-Ferrybox_Harw-CuxNR4357.nc","scripts/00_downloads/stage2/20_acquire_ds27_pangaea_ferrybox.R","",TRUE,263980,"73201b8d3034eac6a0d11733e6f97b605a79fc0e22c8adc0f40c1933cb0fbf4d","data/raw/stage2/ds27_pangaea_ferrybox/DS27_PANGAEA_20260809T183210Z/manifest.csv",FALSE,TRUE,"traceable"
"stage2","raw_evidence","data/raw/stage2/ds27_pangaea_ferrybox/DS27_PANGAEA_20260809T183210Z/HZG-Ferrybox_Harw-CuxNR4397.nc","scripts/00_downloads/stage2/20_acquire_ds27_pangaea_ferrybox.R","",TRUE,267300,"aa2ce10b7cfd0410339932aab6a4f566a94053a3c99c9a8b02c00ce37b790a00","data/raw/stage2/ds27_pangaea_ferrybox/DS27_PANGAEA_20260809T183210Z/manifest.csv",FALSE,TRUE,"traceable"
"stage2","raw_evidence","data/raw/stage2/ds27_pangaea_ferrybox/DS27_PANGAEA_20260809T183210Z/HZG-Ferrybox_Harw-CuxNR4437.nc","scripts/00_downloads/stage2/20_acquire_ds27_pangaea_ferrybox.R","",TRUE,267100,"a2a1b858e682ca77c867e30f429a9f54954d18a7b9f5428d06ac292a02da7743","data/raw/stage2/ds27_pangaea_ferrybox/DS27_PANGAEA_20260809T183210Z/manifest.csv",FALSE,TRUE,"traceable"
"stage2","raw_evidence","data/raw/stage2/ds27_pangaea_ferrybox/DS27_PANGAEA_20260809T183210Z/HZG-Ferrybox_Harw-CuxNR4477.nc","scripts/00_downloads/stage2/20_acquire_ds27_pangaea_ferrybox.R","",TRUE,263396,"74b90663ab48d11244cfebdb7dd0f902ae5932e999cd8da2995f108ddbb2f7b1","data/raw/stage2/ds27_pangaea_ferrybox/DS27_PANGAEA_20260809T183210Z/manifest.csv",FALSE,TRUE,"traceable"
"stage2","raw_evidence","data/raw/stage2/ds27_pangaea_ferrybox/DS27_PANGAEA_20260809T183210Z/HZG-Ferrybox_Harw-CuxNR45.nc","scripts/00_downloads/stage2/20_acquire_ds27_pangaea_ferrybox.R","",TRUE,253608,"4513aab8405f48c323ce930158272caa8669d8a8b935924369788d1d5460b4a7","data/raw/stage2/ds27_pangaea_ferrybox/DS27_PANGAEA_20260809T183210Z/manifest.csv",FALSE,TRUE,"traceable"
"stage2","raw_evidence","data/raw/stage2/ds27_pangaea_ferrybox/DS27_PANGAEA_20260809T183210Z/HZG-Ferrybox_Harw-CuxNR4517.nc","scripts/00_downloads/stage2/20_acquire_ds27_pangaea_ferrybox.R","",TRUE,267660,"7a7d38ef41add55de3c2b18c841a0c3547388cccd5bf4f153841f45c0ef458ae","data/raw/stage2/ds27_pangaea_ferrybox/DS27_PANGAEA_20260809T183210Z/manifest.csv",FALSE,TRUE,"traceable"
"stage2","raw_evidence","data/raw/stage2/ds27_pangaea_ferrybox/DS27_PANGAEA_20260809T183210Z/HZG-Ferrybox_Harw-CuxNR4557.nc","scripts/00_downloads/stage2/20_acquire_ds27_pangaea_ferrybox.R","",TRUE,257096,"6f713e61de46679821808f9a9c5e8912ccbbd7c6f8e03f8edfd67241fd3a574d","data/raw/stage2/ds27_pangaea_ferrybox/DS27_PANGAEA_20260809T183210Z/manifest.csv",FALSE,TRUE,"traceable"
"stage2","raw_evidence","data/raw/stage2/ds27_pangaea_ferrybox/DS27_PANGAEA_20260809T183210Z/HZG-Ferrybox_Harw-CuxNR457.nc","scripts/00_downloads/stage2/20_acquire_ds27_pangaea_ferrybox.R","",TRUE,245580,"1ece45cf07f7ca15463e48f9da051f950f5fdc9fe4dc329ce8e478b28e14ec2a","data/raw/stage2/ds27_pangaea_ferrybox/DS27_PANGAEA_20260809T183210Z/manifest.csv",FALSE,TRUE,"traceable"
"stage2","raw_evidence","data/raw/stage2/ds27_pangaea_ferrybox/DS27_PANGAEA_20260809T183210Z/HZG-Ferrybox_Harw-CuxNR4617.nc","scripts/00_downloads/stage2/20_acquire_ds27_pangaea_ferrybox.R","",TRUE,267880,"e4fc093e02367c33d7058ca77e48fc1ca8e52bd9adb6da610fd962d75a280d4e","data/raw/stage2/ds27_pangaea_ferrybox/DS27_PANGAEA_20260809T183210Z/manifest.csv",FALSE,TRUE,"traceable"
"stage2","raw_evidence","data/raw/stage2/ds27_pangaea_ferrybox/DS27_PANGAEA_20260809T183210Z/HZG-Ferrybox_Harw-CuxNR4657.nc","scripts/00_downloads/stage2/20_acquire_ds27_pangaea_ferrybox.R","",TRUE,261360,"ef0a8a9af5a7c626735ed8c3d2425943beb019b818511a7f7ebddc4aa840c1f0","data/raw/stage2/ds27_pangaea_ferrybox/DS27_PANGAEA_20260809T183210Z/manifest.csv",FALSE,TRUE,"traceable"
"stage2","raw_evidence","data/raw/stage2/ds27_pangaea_ferrybox/DS27_PANGAEA_20260809T183210Z/HZG-Ferrybox_Harw-CuxNR4697.nc","scripts/00_downloads/stage2/20_acquire_ds27_pangaea_ferrybox.R","",TRUE,258368,"2c877588f54abd3175e5219d346755c0353ede8a09bcd09f2756e1e65176ab9b","data/raw/stage2/ds27_pangaea_ferrybox/DS27_PANGAEA_20260809T183210Z/manifest.csv",FALSE,TRUE,"traceable"
"stage2","raw_evidence","data/raw/stage2/ds27_pangaea_ferrybox/DS27_PANGAEA_20260809T183210Z/HZG-Ferrybox_Harw-CuxNR4717.nc","scripts/00_downloads/stage2/20_acquire_ds27_pangaea_ferrybox.R","",TRUE,266316,"b85b2fcadf89cbee4fea1ade06d7ec8edd67dda8ac507e1a3af8f6b0a6382525","data/raw/stage2/ds27_pangaea_ferrybox/DS27_PANGAEA_20260809T183210Z/manifest.csv",FALSE,TRUE,"traceable"
"stage2","raw_evidence","data/raw/stage2/ds27_pangaea_ferrybox/DS27_PANGAEA_20260809T183210Z/HZG-Ferrybox_Harw-CuxNR4797.nc","scripts/00_downloads/stage2/20_acquire_ds27_pangaea_ferrybox.R","",TRUE,265912,"da0a400cbf51c7cf128a113506cf8b0846799b693823229fddbb4a131142cbe9","data/raw/stage2/ds27_pangaea_ferrybox/DS27_PANGAEA_20260809T183210Z/manifest.csv",FALSE,TRUE,"traceable"
"stage2","raw_evidence","data/raw/stage2/ds27_pangaea_ferrybox/DS27_PANGAEA_20260809T183210Z/HZG-Ferrybox_Harw-CuxNR48.nc","scripts/00_downloads/stage2/20_acquire_ds27_pangaea_ferrybox.R","",TRUE,252660,"18a28320221840ed2803e2516730efb885c4401a075a0aae428f651c58c3de16","data/raw/stage2/ds27_pangaea_ferrybox/DS27_PANGAEA_20260809T183210Z/manifest.csv",FALSE,TRUE,"traceable"
"stage2","raw_evidence","data/raw/stage2/ds27_pangaea_ferrybox/DS27_PANGAEA_20260809T183210Z/HZG-Ferrybox_Harw-CuxNR4817.nc","scripts/00_downloads/stage2/20_acquire_ds27_pangaea_ferrybox.R","",TRUE,266480,"c622ff3428b6d6bf704e83f8e94b0d164f90af01ddef725eddc28d3c1315caa2","data/raw/stage2/ds27_pangaea_ferrybox/DS27_PANGAEA_20260809T183210Z/manifest.csv",FALSE,TRUE,"traceable"
"stage2","raw_evidence","data/raw/stage2/ds27_pangaea_ferrybox/DS27_PANGAEA_20260809T183210Z/HZG-Ferrybox_Harw-CuxNR4877.nc","scripts/00_downloads/stage2/20_acquire_ds27_pangaea_ferrybox.R","",TRUE,267172,"0fc93194da7ef4ba5b410b8c3bd1ae06f212bb2447cf357937073cb13f7745f7","data/raw/stage2/ds27_pangaea_ferrybox/DS27_PANGAEA_20260809T183210Z/manifest.csv",FALSE,TRUE,"traceable"
"stage2","raw_evidence","data/raw/stage2/ds27_pangaea_ferrybox/DS27_PANGAEA_20260809T183210Z/HZG-Ferrybox_Harw-CuxNR4917.nc","scripts/00_downloads/stage2/20_acquire_ds27_pangaea_ferrybox.R","",TRUE,265168,"67d0669255ebc684ce9b2595cf875af706351b3456e8d7de228dbb3f682703fa","data/raw/stage2/ds27_pangaea_ferrybox/DS27_PANGAEA_20260809T183210Z/manifest.csv",FALSE,TRUE,"traceable"
"stage2","raw_evidence","data/raw/stage2/ds27_pangaea_ferrybox/DS27_PANGAEA_20260809T183210Z/HZG-Ferrybox_Harw-CuxNR497.nc","scripts/00_downloads/stage2/20_acquire_ds27_pangaea_ferrybox.R","",TRUE,253852,"2014651bf7b7bb983760155ba74e3aa016ee0ae59f215a56e2bb14a19ba09240","data/raw/stage2/ds27_pangaea_ferrybox/DS27_PANGAEA_20260809T183210Z/manifest.csv",FALSE,TRUE,"traceable"
"stage2","raw_evidence","data/raw/stage2/ds27_pangaea_ferrybox/DS27_PANGAEA_20260809T183210Z/HZG-Ferrybox_Harw-CuxNR4977.nc","scripts/00_downloads/stage2/20_acquire_ds27_pangaea_ferrybox.R","",TRUE,265532,"116d59d499503b647e0816da68d676b835ea6d0e090bdb6b4737624c96b38d24","data/raw/stage2/ds27_pangaea_ferrybox/DS27_PANGAEA_20260809T183210Z/manifest.csv",FALSE,TRUE,"traceable"
"stage2","raw_evidence","data/raw/stage2/ds27_pangaea_ferrybox/DS27_PANGAEA_20260809T183210Z/HZG-Ferrybox_Harw-CuxNR4997.nc","scripts/00_downloads/stage2/20_acquire_ds27_pangaea_ferrybox.R","",TRUE,261756,"8a0c5949e8220cd148e6dcc970732d9bbfb6016d190844bc863067eab0b1b910","data/raw/stage2/ds27_pangaea_ferrybox/DS27_PANGAEA_20260809T183210Z/manifest.csv",FALSE,TRUE,"traceable"
"stage2","raw_evidence","data/raw/stage2/ds27_pangaea_ferrybox/DS27_PANGAEA_20260809T183210Z/HZG-Ferrybox_Harw-CuxNR50.nc","scripts/00_downloads/stage2/20_acquire_ds27_pangaea_ferrybox.R","",TRUE,317896,"c6db12b04589a6dde551dbf0121e9312b4cb414dcc7db27ca70afc56781848e0","data/raw/stage2/ds27_pangaea_ferrybox/DS27_PANGAEA_20260809T183210Z/manifest.csv",FALSE,TRUE,"traceable"
"stage2","raw_evidence","data/raw/stage2/ds27_pangaea_ferrybox/DS27_PANGAEA_20260809T183210Z/HZG-Ferrybox_Harw-CuxNR5017.nc","scripts/00_downloads/stage2/20_acquire_ds27_pangaea_ferrybox.R","",TRUE,264184,"9a5fbb62ef0238c7b636abb7412e3c15780aa4c97036f92b6dc73bd7cd05a5c6","data/raw/stage2/ds27_pangaea_ferrybox/DS27_PANGAEA_20260809T183210Z/manifest.csv",FALSE,TRUE,"traceable"
"stage2","raw_evidence","data/raw/stage2/ds27_pangaea_ferrybox/DS27_PANGAEA_20260809T183210Z/HZG-Ferrybox_Harw-CuxNR5057.nc","scripts/00_downloads/stage2/20_acquire_ds27_pangaea_ferrybox.R","",TRUE,268040,"c91da7e17b4982997db432d665292968a32a70ea5efa1efcf8731a5002e858d4","data/raw/stage2/ds27_pangaea_ferrybox/DS27_PANGAEA_20260809T183210Z/manifest.csv",FALSE,TRUE,"traceable"
"stage2","raw_evidence","data/raw/stage2/ds27_pangaea_ferrybox/DS27_PANGAEA_20260809T183210Z/HZG-Ferrybox_Harw-CuxNR5097.nc","scripts/00_downloads/stage2/20_acquire_ds27_pangaea_ferrybox.R","",TRUE,262416,"db3283ebb5738af782d6fca84487ad282f93e0cffc204948c749bb6a1338db7e","data/raw/stage2/ds27_pangaea_ferrybox/DS27_PANGAEA_20260809T183210Z/manifest.csv",FALSE,TRUE,"traceable"
"stage2","raw_evidence","data/raw/stage2/ds27_pangaea_ferrybox/DS27_PANGAEA_20260809T183210Z/HZG-Ferrybox_Harw-CuxNR5117.nc","scripts/00_downloads/stage2/20_acquire_ds27_pangaea_ferrybox.R","",TRUE,265492,"3541e23ea1337b2dd0cc4811254fd0df7a585dcd93861da95b4fa697a0bd47e4","data/raw/stage2/ds27_pangaea_ferrybox/DS27_PANGAEA_20260809T183210Z/manifest.csv",FALSE,TRUE,"traceable"
"stage2","raw_evidence","data/raw/stage2/ds27_pangaea_ferrybox/DS27_PANGAEA_20260809T183210Z/HZG-Ferrybox_Harw-CuxNR5177.nc","scripts/00_downloads/stage2/20_acquire_ds27_pangaea_ferrybox.R","",TRUE,269096,"e5b60ad354ef2e7aab1cbf29f2fd0ea6b834491feaaa2f5ace986033d8cf9baf","data/raw/stage2/ds27_pangaea_ferrybox/DS27_PANGAEA_20260809T183210Z/manifest.csv",FALSE,TRUE,"traceable"
"stage2","raw_evidence","data/raw/stage2/ds27_pangaea_ferrybox/DS27_PANGAEA_20260809T183210Z/HZG-Ferrybox_Harw-CuxNR5257.nc","scripts/00_downloads/stage2/20_acquire_ds27_pangaea_ferrybox.R","",TRUE,267556,"f556667d31a7f57624ede963fc22e2f32536c97566c56ba34daefc6f6d812df7","data/raw/stage2/ds27_pangaea_ferrybox/DS27_PANGAEA_20260809T183210Z/manifest.csv",FALSE,TRUE,"traceable"
"stage2","raw_evidence","data/raw/stage2/ds27_pangaea_ferrybox/DS27_PANGAEA_20260809T183210Z/HZG-Ferrybox_Harw-CuxNR53.nc","scripts/00_downloads/stage2/20_acquire_ds27_pangaea_ferrybox.R","",TRUE,245840,"0b5bd64ce0bb8d555727985a345f42111b3de4494994c146f212932ab2a50070","data/raw/stage2/ds27_pangaea_ferrybox/DS27_PANGAEA_20260809T183210Z/manifest.csv",FALSE,TRUE,"traceable"
"stage2","raw_evidence","data/raw/stage2/ds27_pangaea_ferrybox/DS27_PANGAEA_20260809T183210Z/HZG-Ferrybox_Harw-CuxNR5317.nc","scripts/00_downloads/stage2/20_acquire_ds27_pangaea_ferrybox.R","",TRUE,269592,"9794b1c43897436f850e05f984bf539837aac0e838a9018867a5bf97c614416d","data/raw/stage2/ds27_pangaea_ferrybox/DS27_PANGAEA_20260809T183210Z/manifest.csv",FALSE,TRUE,"traceable"
"stage2","raw_evidence","data/raw/stage2/ds27_pangaea_ferrybox/DS27_PANGAEA_20260809T183210Z/HZG-Ferrybox_Harw-CuxNR537.nc","scripts/00_downloads/stage2/20_acquire_ds27_pangaea_ferrybox.R","",TRUE,254344,"b36196fb9ecf13da97ef164f2510cc48901f6b2d3836b612074c149b2b2b01da","data/raw/stage2/ds27_pangaea_ferrybox/DS27_PANGAEA_20260809T183210Z/manifest.csv",FALSE,TRUE,"traceable"
"stage2","raw_evidence","data/raw/stage2/ds27_pangaea_ferrybox/DS27_PANGAEA_20260809T183210Z/HZG-Ferrybox_Harw-CuxNR5397.nc","scripts/00_downloads/stage2/20_acquire_ds27_pangaea_ferrybox.R","",TRUE,263324,"2338da0c47935cfd7178279da37826548cf42adc82e5d4c45693ce70cfbb2e7d","data/raw/stage2/ds27_pangaea_ferrybox/DS27_PANGAEA_20260809T183210Z/manifest.csv",FALSE,TRUE,"traceable"
"stage2","raw_evidence","data/raw/stage2/ds27_pangaea_ferrybox/DS27_PANGAEA_20260809T183210Z/HZG-Ferrybox_Harw-CuxNR5417.nc","scripts/00_downloads/stage2/20_acquire_ds27_pangaea_ferrybox.R","",TRUE,268040,"49ab2d73c626bc7622669f92176628efb56ca5429ed08001309719ed06aa8aa7","data/raw/stage2/ds27_pangaea_ferrybox/DS27_PANGAEA_20260809T183210Z/manifest.csv",FALSE,TRUE,"traceable"
"stage2","raw_evidence","data/raw/stage2/ds27_pangaea_ferrybox/DS27_PANGAEA_20260809T183210Z/HZG-Ferrybox_Harw-CuxNR5437.nc","scripts/00_downloads/stage2/20_acquire_ds27_pangaea_ferrybox.R","",TRUE,269464,"d7358fb063d55710f524cb170a08b1573a2666ed47f288d40f15be675db9ee45","data/raw/stage2/ds27_pangaea_ferrybox/DS27_PANGAEA_20260809T183210Z/manifest.csv",FALSE,TRUE,"traceable"
"stage2","raw_evidence","data/raw/stage2/ds27_pangaea_ferrybox/DS27_PANGAEA_20260809T183210Z/HZG-Ferrybox_Harw-CuxNR5457.nc","scripts/00_downloads/stage2/20_acquire_ds27_pangaea_ferrybox.R","",TRUE,190472,"2b5bf28343e6c9bf67e476e651d7c12b3f467fdd0c28f90bc3004971092f6c8c","data/raw/stage2/ds27_pangaea_ferrybox/DS27_PANGAEA_20260809T183210Z/manifest.csv",FALSE,TRUE,"traceable"
"stage2","raw_evidence","data/raw/stage2/ds27_pangaea_ferrybox/DS27_PANGAEA_20260809T183210Z/HZG-Ferrybox_Harw-CuxNR5477.nc","scripts/00_downloads/stage2/20_acquire_ds27_pangaea_ferrybox.R","",TRUE,265292,"9ad9135a5e59f58315e88717cbf9e9fd471574b4540243ea608322e9b2f9aabd","data/raw/stage2/ds27_pangaea_ferrybox/DS27_PANGAEA_20260809T183210Z/manifest.csv",FALSE,TRUE,"traceable"
"stage2","raw_evidence","data/raw/stage2/ds27_pangaea_ferrybox/DS27_PANGAEA_20260809T183210Z/HZG-Ferrybox_Harw-CuxNR5497.nc","scripts/00_downloads/stage2/20_acquire_ds27_pangaea_ferrybox.R","",TRUE,270452,"cd10061ea266d6fefeb5efc2d784bf3eda8c331e911c8307258d2496babcd8c0","data/raw/stage2/ds27_pangaea_ferrybox/DS27_PANGAEA_20260809T183210Z/manifest.csv",FALSE,TRUE,"traceable"
"stage2","raw_evidence","data/raw/stage2/ds27_pangaea_ferrybox/DS27_PANGAEA_20260809T183210Z/HZG-Ferrybox_Harw-CuxNR55.nc","scripts/00_downloads/stage2/20_acquire_ds27_pangaea_ferrybox.R","",TRUE,261848,"e8c0c717276778cd0b9fea9e2a71681e16a1ef3c0085e82a5b92742eae333fb6","data/raw/stage2/ds27_pangaea_ferrybox/DS27_PANGAEA_20260809T183210Z/manifest.csv",FALSE,TRUE,"traceable"
"stage2","raw_evidence","data/raw/stage2/ds27_pangaea_ferrybox/DS27_PANGAEA_20260809T183210Z/HZG-Ferrybox_Harw-CuxNR5577.nc","scripts/00_downloads/stage2/20_acquire_ds27_pangaea_ferrybox.R","",TRUE,265092,"0f6d347671a1e9dbf24d7c573dea3ed3f4258a36cf07bbceb1212543403750eb","data/raw/stage2/ds27_pangaea_ferrybox/DS27_PANGAEA_20260809T183210Z/manifest.csv",FALSE,TRUE,"traceable"
"stage2","raw_evidence","data/raw/stage2/ds27_pangaea_ferrybox/DS27_PANGAEA_20260809T183210Z/HZG-Ferrybox_Harw-CuxNR56.nc","scripts/00_downloads/stage2/20_acquire_ds27_pangaea_ferrybox.R","",TRUE,250856,"6ac664daabe2398eedf6f34470a7f9a47f6b1387e47a8c37b79e49d2b42132b1","data/raw/stage2/ds27_pangaea_ferrybox/DS27_PANGAEA_20260809T183210Z/manifest.csv",FALSE,TRUE,"traceable"
"stage2","raw_evidence","data/raw/stage2/ds27_pangaea_ferrybox/DS27_PANGAEA_20260809T183210Z/HZG-Ferrybox_Harw-CuxNR5637.nc","scripts/00_downloads/stage2/20_acquire_ds27_pangaea_ferrybox.R","",TRUE,263160,"111e18acd8cf2cabca7409af4da7c88ef3ef655e9010efa3e323775527d924eb","data/raw/stage2/ds27_pangaea_ferrybox/DS27_PANGAEA_20260809T183210Z/manifest.csv",FALSE,TRUE,"traceable"
"stage2","raw_evidence","data/raw/stage2/ds27_pangaea_ferrybox/DS27_PANGAEA_20260809T183210Z/HZG-Ferrybox_Harw-CuxNR5677.nc","scripts/00_downloads/stage2/20_acquire_ds27_pangaea_ferrybox.R","",TRUE,264768,"2782fee43a6e32370938080e1a695f8127a9a320db063aa9356ee5d065c87c06","data/raw/stage2/ds27_pangaea_ferrybox/DS27_PANGAEA_20260809T183210Z/manifest.csv",FALSE,TRUE,"traceable"
"stage2","raw_evidence","data/raw/stage2/ds27_pangaea_ferrybox/DS27_PANGAEA_20260809T183210Z/HZG-Ferrybox_Harw-CuxNR5737.nc","scripts/00_downloads/stage2/20_acquire_ds27_pangaea_ferrybox.R","",TRUE,257652,"2ee09a01b0d8fc23abd927e56d00148f89cf848f075e564cd5a5a966516874e9","data/raw/stage2/ds27_pangaea_ferrybox/DS27_PANGAEA_20260809T183210Z/manifest.csv",FALSE,TRUE,"traceable"
"stage2","raw_evidence","data/raw/stage2/ds27_pangaea_ferrybox/DS27_PANGAEA_20260809T183210Z/HZG-Ferrybox_Harw-CuxNR577.nc","scripts/00_downloads/stage2/20_acquire_ds27_pangaea_ferrybox.R","",TRUE,253156,"8596b3cfda1c93e987871ea7ffe61c7bf76cbd0b9ca050ea13675b3e0b91860c","data/raw/stage2/ds27_pangaea_ferrybox/DS27_PANGAEA_20260809T183210Z/manifest.csv",FALSE,TRUE,"traceable"
"stage2","raw_evidence","data/raw/stage2/ds27_pangaea_ferrybox/DS27_PANGAEA_20260809T183210Z/HZG-Ferrybox_Harw-CuxNR5777.nc","scripts/00_downloads/stage2/20_acquire_ds27_pangaea_ferrybox.R","",TRUE,266900,"47d6921396a32f1f9b6a78632413a65ace4b0e15d19270e6cf23375728f07169","data/raw/stage2/ds27_pangaea_ferrybox/DS27_PANGAEA_20260809T183210Z/manifest.csv",FALSE,TRUE,"traceable"
"stage2","raw_evidence","data/raw/stage2/ds27_pangaea_ferrybox/DS27_PANGAEA_20260809T183210Z/HZG-Ferrybox_Harw-CuxNR5797.nc","scripts/00_downloads/stage2/20_acquire_ds27_pangaea_ferrybox.R","",TRUE,263980,"8f76fe95439f20d59e3ffc37012f2cc8f6b13fcecd55487b7fddf1e66484a28f","data/raw/stage2/ds27_pangaea_ferrybox/DS27_PANGAEA_20260809T183210Z/manifest.csv",FALSE,TRUE,"traceable"
"stage2","raw_evidence","data/raw/stage2/ds27_pangaea_ferrybox/DS27_PANGAEA_20260809T183210Z/HZG-Ferrybox_Harw-CuxNR58.nc","scripts/00_downloads/stage2/20_acquire_ds27_pangaea_ferrybox.R","",TRUE,247744,"29c6d1394fb954293196c90491dc7306d2e6b69d649fa4826850f1f482930f17","data/raw/stage2/ds27_pangaea_ferrybox/DS27_PANGAEA_20260809T183210Z/manifest.csv",FALSE,TRUE,"traceable"
"stage2","raw_evidence","data/raw/stage2/ds27_pangaea_ferrybox/DS27_PANGAEA_20260809T183210Z/HZG-Ferrybox_Harw-CuxNR5877.nc","scripts/00_downloads/stage2/20_acquire_ds27_pangaea_ferrybox.R","",TRUE,267132,"c23e96330f24c71f1176bbc7ca70875c461e22f88a95dedb10bb4e16347d0f98","data/raw/stage2/ds27_pangaea_ferrybox/DS27_PANGAEA_20260809T183210Z/manifest.csv",FALSE,TRUE,"traceable"
"stage2","raw_evidence","data/raw/stage2/ds27_pangaea_ferrybox/DS27_PANGAEA_20260809T183210Z/HZG-Ferrybox_Harw-CuxNR5897.nc","scripts/00_downloads/stage2/20_acquire_ds27_pangaea_ferrybox.R","",TRUE,265584,"a5bcbe7b149b89069f6fcd86671520ef7282f556a65ccf1e529af506792d53e3","data/raw/stage2/ds27_pangaea_ferrybox/DS27_PANGAEA_20260809T183210Z/manifest.csv",FALSE,TRUE,"traceable"
"stage2","raw_evidence","data/raw/stage2/ds27_pangaea_ferrybox/DS27_PANGAEA_20260809T183210Z/HZG-Ferrybox_Harw-CuxNR5937.nc","scripts/00_downloads/stage2/20_acquire_ds27_pangaea_ferrybox.R","",TRUE,266844,"1dfa452b73987daba04504d79964b6a487603f49d85928299b72ed0a553b2767","data/raw/stage2/ds27_pangaea_ferrybox/DS27_PANGAEA_20260809T183210Z/manifest.csv",FALSE,TRUE,"traceable"
"stage2","raw_evidence","data/raw/stage2/ds27_pangaea_ferrybox/DS27_PANGAEA_20260809T183210Z/HZG-Ferrybox_Harw-CuxNR5977.nc","scripts/00_downloads/stage2/20_acquire_ds27_pangaea_ferrybox.R","",TRUE,260828,"89166dee96e0b944bf8ea6f7e9eefed34bcaad4555ad635e484714933cba7a5e","data/raw/stage2/ds27_pangaea_ferrybox/DS27_PANGAEA_20260809T183210Z/manifest.csv",FALSE,TRUE,"traceable"
"stage2","raw_evidence","data/raw/stage2/ds27_pangaea_ferrybox/DS27_PANGAEA_20260809T183210Z/HZG-Ferrybox_Harw-CuxNR60.nc","scripts/00_downloads/stage2/20_acquire_ds27_pangaea_ferrybox.R","",TRUE,255488,"cf53fadf6047aa75699ce5e73718b6073ba70f52152aa708f58d7059be0b1639","data/raw/stage2/ds27_pangaea_ferrybox/DS27_PANGAEA_20260809T183210Z/manifest.csv",FALSE,TRUE,"traceable"
"stage2","raw_evidence","data/raw/stage2/ds27_pangaea_ferrybox/DS27_PANGAEA_20260809T183210Z/HZG-Ferrybox_Harw-CuxNR6017.nc","scripts/00_downloads/stage2/20_acquire_ds27_pangaea_ferrybox.R","",TRUE,261592,"3fcf8755ef0559cee1d2a984a48328a9fc28f8332a7613b0c622bf2e4b4ea803","data/raw/stage2/ds27_pangaea_ferrybox/DS27_PANGAEA_20260809T183210Z/manifest.csv",FALSE,TRUE,"traceable"
"stage2","raw_evidence","data/raw/stage2/ds27_pangaea_ferrybox/DS27_PANGAEA_20260809T183210Z/HZG-Ferrybox_Harw-CuxNR6057.nc","scripts/00_downloads/stage2/20_acquire_ds27_pangaea_ferrybox.R","",TRUE,268408,"d06098a832bf997695c78179fd2f5b8daabadf414500a8eeb29170ab275b3c18","data/raw/stage2/ds27_pangaea_ferrybox/DS27_PANGAEA_20260809T183210Z/manifest.csv",FALSE,TRUE,"traceable"
"stage2","raw_evidence","data/raw/stage2/ds27_pangaea_ferrybox/DS27_PANGAEA_20260809T183210Z/HZG-Ferrybox_Harw-CuxNR617.nc","scripts/00_downloads/stage2/20_acquire_ds27_pangaea_ferrybox.R","",TRUE,257224,"89881d0e627c066f6a2aae6813f51590d92ccd9e7570e04d192d3452c6f728d2","data/raw/stage2/ds27_pangaea_ferrybox/DS27_PANGAEA_20260809T183210Z/manifest.csv",FALSE,TRUE,"traceable"
"stage2","raw_evidence","data/raw/stage2/ds27_pangaea_ferrybox/DS27_PANGAEA_20260809T183210Z/HZG-Ferrybox_Harw-CuxNR6197.nc","scripts/00_downloads/stage2/20_acquire_ds27_pangaea_ferrybox.R","",TRUE,257880,"88322ab26e7828128870dbf3ff536c76550a1b3e44e8d845ab6206f89502fd43","data/raw/stage2/ds27_pangaea_ferrybox/DS27_PANGAEA_20260809T183210Z/manifest.csv",FALSE,TRUE,"traceable"
"stage2","raw_evidence","data/raw/stage2/ds27_pangaea_ferrybox/DS27_PANGAEA_20260809T183210Z/HZG-Ferrybox_Harw-CuxNR62.nc","scripts/00_downloads/stage2/20_acquire_ds27_pangaea_ferrybox.R","",TRUE,256564,"d8a00834b2b620726c3f9bb16bea1da6b8bf8e8f68f53139882ba82a92d17893","data/raw/stage2/ds27_pangaea_ferrybox/DS27_PANGAEA_20260809T183210Z/manifest.csv",FALSE,TRUE,"traceable"
"stage2","raw_evidence","data/raw/stage2/ds27_pangaea_ferrybox/DS27_PANGAEA_20260809T183210Z/HZG-Ferrybox_Harw-CuxNR6237.nc","scripts/00_downloads/stage2/20_acquire_ds27_pangaea_ferrybox.R","",TRUE,263816,"28ebe238124a1fdf9e82daf097e2cc643bc6bda69672001943031e15049235df","data/raw/stage2/ds27_pangaea_ferrybox/DS27_PANGAEA_20260809T183210Z/manifest.csv",FALSE,TRUE,"traceable"
"stage2","raw_evidence","data/raw/stage2/ds27_pangaea_ferrybox/DS27_PANGAEA_20260809T183210Z/HZG-Ferrybox_Harw-CuxNR6277.nc","scripts/00_downloads/stage2/20_acquire_ds27_pangaea_ferrybox.R","",TRUE,263784,"0b023871f90165026e2931e1d23a6c7fab46850098ff6e5e20f1f74c1e61877e","data/raw/stage2/ds27_pangaea_ferrybox/DS27_PANGAEA_20260809T183210Z/manifest.csv",FALSE,TRUE,"traceable"
"stage2","raw_evidence","data/raw/stage2/ds27_pangaea_ferrybox/DS27_PANGAEA_20260809T183210Z/HZG-Ferrybox_Harw-CuxNR6317.nc","scripts/00_downloads/stage2/20_acquire_ds27_pangaea_ferrybox.R","",TRUE,262736,"fd2a24700a322d1f9f81612766feb2995a2436d96789920c67b009b47c90a871","data/raw/stage2/ds27_pangaea_ferrybox/DS27_PANGAEA_20260809T183210Z/manifest.csv",FALSE,TRUE,"traceable"
"stage2","raw_evidence","data/raw/stage2/ds27_pangaea_ferrybox/DS27_PANGAEA_20260809T183210Z/HZG-Ferrybox_Harw-CuxNR6357.nc","scripts/00_downloads/stage2/20_acquire_ds27_pangaea_ferrybox.R","",TRUE,264876,"26afd1ea1913044f8851a5e088b5fb6d35ec0b81ae02fedf4766a403515331bc","data/raw/stage2/ds27_pangaea_ferrybox/DS27_PANGAEA_20260809T183210Z/manifest.csv",FALSE,TRUE,"traceable"
"stage2","raw_evidence","data/raw/stage2/ds27_pangaea_ferrybox/DS27_PANGAEA_20260809T183210Z/HZG-Ferrybox_Harw-CuxNR6397.nc","scripts/00_downloads/stage2/20_acquire_ds27_pangaea_ferrybox.R","",TRUE,265424,"29eba2949de62d146f498913545c047146154fce7e0aef227b5a5678623eaf36","data/raw/stage2/ds27_pangaea_ferrybox/DS27_PANGAEA_20260809T183210Z/manifest.csv",FALSE,TRUE,"traceable"
"stage2","raw_evidence","data/raw/stage2/ds27_pangaea_ferrybox/DS27_PANGAEA_20260809T183210Z/HZG-Ferrybox_Harw-CuxNR64.nc","scripts/00_downloads/stage2/20_acquire_ds27_pangaea_ferrybox.R","",TRUE,251188,"3dafbe4970f6f186049b70a12fe7c796b7002de3df36e90169a9c6edd363b130","data/raw/stage2/ds27_pangaea_ferrybox/DS27_PANGAEA_20260809T183210Z/manifest.csv",FALSE,TRUE,"traceable"
"stage2","raw_evidence","data/raw/stage2/ds27_pangaea_ferrybox/DS27_PANGAEA_20260809T183210Z/HZG-Ferrybox_Harw-CuxNR6417.nc","scripts/00_downloads/stage2/20_acquire_ds27_pangaea_ferrybox.R","",TRUE,266080,"65b9f435fc6d57d78f301bf9c4464aa3be8a09e1955c2649d775adaef8b95043","data/raw/stage2/ds27_pangaea_ferrybox/DS27_PANGAEA_20260809T183210Z/manifest.csv",FALSE,TRUE,"traceable"
"stage2","raw_evidence","data/raw/stage2/ds27_pangaea_ferrybox/DS27_PANGAEA_20260809T183210Z/HZG-Ferrybox_Harw-CuxNR6458.nc","scripts/00_downloads/stage2/20_acquire_ds27_pangaea_ferrybox.R","",TRUE,266808,"7d6951daef4067249b4899e9c15ad9da57961dd457e9ca1dd0df2834bcd7e119","data/raw/stage2/ds27_pangaea_ferrybox/DS27_PANGAEA_20260809T183210Z/manifest.csv",FALSE,TRUE,"traceable"
"stage2","raw_evidence","data/raw/stage2/ds27_pangaea_ferrybox/DS27_PANGAEA_20260809T183210Z/HZG-Ferrybox_Harw-CuxNR6517.nc","scripts/00_downloads/stage2/20_acquire_ds27_pangaea_ferrybox.R","",TRUE,266404,"aa26ef9664eaca56d3f21b5f1a988755d1c938bc86977e98bd6080682734e247","data/raw/stage2/ds27_pangaea_ferrybox/DS27_PANGAEA_20260809T183210Z/manifest.csv",FALSE,TRUE,"traceable"
"stage2","raw_evidence","data/raw/stage2/ds27_pangaea_ferrybox/DS27_PANGAEA_20260809T183210Z/HZG-Ferrybox_Harw-CuxNR6557.nc","scripts/00_downloads/stage2/20_acquire_ds27_pangaea_ferrybox.R","",TRUE,265784,"88d03ef2027df3252f619c614a534ef03caef93c5116e63ec9efe7208d3b46f1","data/raw/stage2/ds27_pangaea_ferrybox/DS27_PANGAEA_20260809T183210Z/manifest.csv",FALSE,TRUE,"traceable"
"stage2","raw_evidence","data/raw/stage2/ds27_pangaea_ferrybox/DS27_PANGAEA_20260809T183210Z/HZG-Ferrybox_Harw-CuxNR657.nc","scripts/00_downloads/stage2/20_acquire_ds27_pangaea_ferrybox.R","",TRUE,251428,"0ecfca8d317ecada47c6277bee8b1c2a3bb2371b592803537e856d3d35f3e557","data/raw/stage2/ds27_pangaea_ferrybox/DS27_PANGAEA_20260809T183210Z/manifest.csv",FALSE,TRUE,"traceable"
"stage2","raw_evidence","data/raw/stage2/ds27_pangaea_ferrybox/DS27_PANGAEA_20260809T183210Z/HZG-Ferrybox_Harw-CuxNR6597.nc","scripts/00_downloads/stage2/20_acquire_ds27_pangaea_ferrybox.R","",TRUE,264440,"80b7b91990aa46206564cd9c6d8183d576a8cdae90ed872254b771f51193c674","data/raw/stage2/ds27_pangaea_ferrybox/DS27_PANGAEA_20260809T183210Z/manifest.csv",FALSE,TRUE,"traceable"
"stage2","raw_evidence","data/raw/stage2/ds27_pangaea_ferrybox/DS27_PANGAEA_20260809T183210Z/HZG-Ferrybox_Harw-CuxNR6637.nc","scripts/00_downloads/stage2/20_acquire_ds27_pangaea_ferrybox.R","",TRUE,262088,"9086f7dff100191a2efe375c039ca0a01c7248973a4b3c1a9abb32c8262089f5","data/raw/stage2/ds27_pangaea_ferrybox/DS27_PANGAEA_20260809T183210Z/manifest.csv",FALSE,TRUE,"traceable"
"stage2","raw_evidence","data/raw/stage2/ds27_pangaea_ferrybox/DS27_PANGAEA_20260809T183210Z/HZG-Ferrybox_Harw-CuxNR6677.nc","scripts/00_downloads/stage2/20_acquire_ds27_pangaea_ferrybox.R","",TRUE,264312,"ae4d5eb696d397bc37284da6d3f5008a2995b73e3cfed4e69d70cd2a4a82cd76","data/raw/stage2/ds27_pangaea_ferrybox/DS27_PANGAEA_20260809T183210Z/manifest.csv",FALSE,TRUE,"traceable"
"stage2","raw_evidence","data/raw/stage2/ds27_pangaea_ferrybox/DS27_PANGAEA_20260809T183210Z/HZG-Ferrybox_Harw-CuxNR6737.nc","scripts/00_downloads/stage2/20_acquire_ds27_pangaea_ferrybox.R","",TRUE,157784,"2ce81b79aa82cc7f19f63dcd88abe3d6b2efc0ed31bafbeed5473f532a410cba","data/raw/stage2/ds27_pangaea_ferrybox/DS27_PANGAEA_20260809T183210Z/manifest.csv",FALSE,TRUE,"traceable"
"stage2","raw_evidence","data/raw/stage2/ds27_pangaea_ferrybox/DS27_PANGAEA_20260809T183210Z/HZG-Ferrybox_Harw-CuxNR6757.nc","scripts/00_downloads/stage2/20_acquire_ds27_pangaea_ferrybox.R","",TRUE,264876,"e34f06cd44cc6e31bd8ed5e6e8960a189402abd7f0da7ab1457e15c4772a5c9c","data/raw/stage2/ds27_pangaea_ferrybox/DS27_PANGAEA_20260809T183210Z/manifest.csv",FALSE,TRUE,"traceable"
"stage2","raw_evidence","data/raw/stage2/ds27_pangaea_ferrybox/DS27_PANGAEA_20260809T183210Z/HZG-Ferrybox_Harw-CuxNR6797.nc","scripts/00_downloads/stage2/20_acquire_ds27_pangaea_ferrybox.R","",TRUE,265752,"cd5b77374d0499523b1eab73ce83dab0862104b1fea66cd106f826cf4898c69c","data/raw/stage2/ds27_pangaea_ferrybox/DS27_PANGAEA_20260809T183210Z/manifest.csv",FALSE,TRUE,"traceable"
"stage2","raw_evidence","data/raw/stage2/ds27_pangaea_ferrybox/DS27_PANGAEA_20260809T183210Z/HZG-Ferrybox_Harw-CuxNR6837.nc","scripts/00_downloads/stage2/20_acquire_ds27_pangaea_ferrybox.R","",TRUE,269304,"64fb96b501d91bf0ee5f4e865a4ebd4ead9cbb5289d4dc5728eacca95afb17ca","data/raw/stage2/ds27_pangaea_ferrybox/DS27_PANGAEA_20260809T183210Z/manifest.csv",FALSE,TRUE,"traceable"
"stage2","raw_evidence","data/raw/stage2/ds27_pangaea_ferrybox/DS27_PANGAEA_20260809T183210Z/HZG-Ferrybox_Harw-CuxNR6877.nc","scripts/00_downloads/stage2/20_acquire_ds27_pangaea_ferrybox.R","",TRUE,267828,"a7368eb867c2237cdc6383d727f836f04c276dfecdbc4173a4ffd83cdb98d794","data/raw/stage2/ds27_pangaea_ferrybox/DS27_PANGAEA_20260809T183210Z/manifest.csv",FALSE,TRUE,"traceable"
"stage2","raw_evidence","data/raw/stage2/ds27_pangaea_ferrybox/DS27_PANGAEA_20260809T183210Z/HZG-Ferrybox_Harw-CuxNR6957.nc","scripts/00_downloads/stage2/20_acquire_ds27_pangaea_ferrybox.R","",TRUE,261812,"1b064a4bec3b7ca966c12f32952c0f8730abbbf87eee05a8e1d3bd25d67e4bc6","data/raw/stage2/ds27_pangaea_ferrybox/DS27_PANGAEA_20260809T183210Z/manifest.csv",FALSE,TRUE,"traceable"
"stage2","raw_evidence","data/raw/stage2/ds27_pangaea_ferrybox/DS27_PANGAEA_20260809T183210Z/HZG-Ferrybox_Harw-CuxNR697.nc","scripts/00_downloads/stage2/20_acquire_ds27_pangaea_ferrybox.R","",TRUE,252796,"a89a9d729e7a68c7ca476c508cf1d1e451a8d066de327145d44d371495b4bee9","data/raw/stage2/ds27_pangaea_ferrybox/DS27_PANGAEA_20260809T183210Z/manifest.csv",FALSE,TRUE,"traceable"
"stage2","raw_evidence","data/raw/stage2/ds27_pangaea_ferrybox/DS27_PANGAEA_20260809T183210Z/HZG-Ferrybox_Harw-CuxNR7.nc","scripts/00_downloads/stage2/20_acquire_ds27_pangaea_ferrybox.R","",TRUE,230756,"34f5c1e13ba681a59f43b3de8e7cda21c74e42b614a4eeadf96789dc9d8fd6b2","data/raw/stage2/ds27_pangaea_ferrybox/DS27_PANGAEA_20260809T183210Z/manifest.csv",FALSE,TRUE,"traceable"
"stage2","raw_evidence","data/raw/stage2/ds27_pangaea_ferrybox/DS27_PANGAEA_20260809T183210Z/HZG-Ferrybox_Harw-CuxNR7037.nc","scripts/00_downloads/stage2/20_acquire_ds27_pangaea_ferrybox.R","",TRUE,264472,"df8e3f04edf9c55489735ec88e4fa5a29b6dc7cb782dcaa837f1d8e9738d239e","data/raw/stage2/ds27_pangaea_ferrybox/DS27_PANGAEA_20260809T183210Z/manifest.csv",FALSE,TRUE,"traceable"
"stage2","raw_evidence","data/raw/stage2/ds27_pangaea_ferrybox/DS27_PANGAEA_20260809T183210Z/HZG-Ferrybox_Harw-CuxNR7077.nc","scripts/00_downloads/stage2/20_acquire_ds27_pangaea_ferrybox.R","",TRUE,265360,"6c77da87d66bffce9ff54c7db143f8846ee7d8bd5ae48e1f47577dd8e0e5e288","data/raw/stage2/ds27_pangaea_ferrybox/DS27_PANGAEA_20260809T183210Z/manifest.csv",FALSE,TRUE,"traceable"
"stage2","raw_evidence","data/raw/stage2/ds27_pangaea_ferrybox/DS27_PANGAEA_20260809T183210Z/HZG-Ferrybox_Harw-CuxNR71.nc","scripts/00_downloads/stage2/20_acquire_ds27_pangaea_ferrybox.R","",TRUE,245812,"982b0b9f02e5edab58a1fdafb03e0081690560803fdd98cb1a1d91082b00631c","data/raw/stage2/ds27_pangaea_ferrybox/DS27_PANGAEA_20260809T183210Z/manifest.csv",FALSE,TRUE,"traceable"
"stage2","raw_evidence","data/raw/stage2/ds27_pangaea_ferrybox/DS27_PANGAEA_20260809T183210Z/HZG-Ferrybox_Harw-CuxNR7117.nc","scripts/00_downloads/stage2/20_acquire_ds27_pangaea_ferrybox.R","",TRUE,264544,"eafa41e82ce1040de8b78aed4102676bb66aea100b686ec7ffa74a7e9c82fac9","data/raw/stage2/ds27_pangaea_ferrybox/DS27_PANGAEA_20260809T183210Z/manifest.csv",FALSE,TRUE,"traceable"
"stage2","raw_evidence","data/raw/stage2/ds27_pangaea_ferrybox/DS27_PANGAEA_20260809T183210Z/HZG-Ferrybox_Harw-CuxNR7137.nc","scripts/00_downloads/stage2/20_acquire_ds27_pangaea_ferrybox.R","",TRUE,264764,"2d7ec56a010ead0c727d400f5305c0c42ded61ce2826acadb8825d2127a4a2e0","data/raw/stage2/ds27_pangaea_ferrybox/DS27_PANGAEA_20260809T183210Z/manifest.csv",FALSE,TRUE,"traceable"
"stage2","raw_evidence","data/raw/stage2/ds27_pangaea_ferrybox/DS27_PANGAEA_20260809T183210Z/HZG-Ferrybox_Harw-CuxNR7177.nc","scripts/00_downloads/stage2/20_acquire_ds27_pangaea_ferrybox.R","",TRUE,266076,"8e6ed6b9cf370db4ab0c7bffb5baada25d307ce37d1273cc227d04e6c369a877","data/raw/stage2/ds27_pangaea_ferrybox/DS27_PANGAEA_20260809T183210Z/manifest.csv",FALSE,TRUE,"traceable"
"stage2","raw_evidence","data/raw/stage2/ds27_pangaea_ferrybox/DS27_PANGAEA_20260809T183210Z/HZG-Ferrybox_Harw-CuxNR7217.nc","scripts/00_downloads/stage2/20_acquire_ds27_pangaea_ferrybox.R","",TRUE,183584,"53b730dc6dde913a5258c78570ff87c1f564474ec41430d7d6a012d93ff9edcc","data/raw/stage2/ds27_pangaea_ferrybox/DS27_PANGAEA_20260809T183210Z/manifest.csv",FALSE,TRUE,"traceable"
"stage2","raw_evidence","data/raw/stage2/ds27_pangaea_ferrybox/DS27_PANGAEA_20260809T183210Z/HZG-Ferrybox_Harw-CuxNR7237.nc","scripts/00_downloads/stage2/20_acquire_ds27_pangaea_ferrybox.R","",TRUE,265820,"4eb083b652a970ef915658c49456c197bd077c1678d918eccb936e74e96aa4d1","data/raw/stage2/ds27_pangaea_ferrybox/DS27_PANGAEA_20260809T183210Z/manifest.csv",FALSE,TRUE,"traceable"
"stage2","raw_evidence","data/raw/stage2/ds27_pangaea_ferrybox/DS27_PANGAEA_20260809T183210Z/HZG-Ferrybox_Harw-CuxNR7277.nc","scripts/00_downloads/stage2/20_acquire_ds27_pangaea_ferrybox.R","",TRUE,265692,"505d3585b5b68db6256d92b23dc4fdd5f6b663ede3f3f0e9c833b187ec3e0121","data/raw/stage2/ds27_pangaea_ferrybox/DS27_PANGAEA_20260809T183210Z/manifest.csv",FALSE,TRUE,"traceable"
"stage2","raw_evidence","data/raw/stage2/ds27_pangaea_ferrybox/DS27_PANGAEA_20260809T183210Z/HZG-Ferrybox_Harw-CuxNR7278.nc","scripts/00_downloads/stage2/20_acquire_ds27_pangaea_ferrybox.R","",TRUE,267064,"b151c18811037ddd599a697b697d80ba8e3dad4f3c0468828fb05dcd73d0a19d","data/raw/stage2/ds27_pangaea_ferrybox/DS27_PANGAEA_20260809T183210Z/manifest.csv",FALSE,TRUE,"traceable"
"stage2","raw_evidence","data/raw/stage2/ds27_pangaea_ferrybox/DS27_PANGAEA_20260809T183210Z/HZG-Ferrybox_Harw-CuxNR7298.nc","scripts/00_downloads/stage2/20_acquire_ds27_pangaea_ferrybox.R","",TRUE,268412,"49663f2e4b6fb708a57bebb2486626f804b4fc54a18e4801beeaa59f0c41ebcb","data/raw/stage2/ds27_pangaea_ferrybox/DS27_PANGAEA_20260809T183210Z/manifest.csv",FALSE,TRUE,"traceable"
"stage2","raw_evidence","data/raw/stage2/ds27_pangaea_ferrybox/DS27_PANGAEA_20260809T183210Z/HZG-Ferrybox_Harw-CuxNR73.nc","scripts/00_downloads/stage2/20_acquire_ds27_pangaea_ferrybox.R","",TRUE,256600,"827e8f132404518d0c5e2639f85745016ba6eb51ea943fc44f37356089f5b061","data/raw/stage2/ds27_pangaea_ferrybox/DS27_PANGAEA_20260809T183210Z/manifest.csv",FALSE,TRUE,"traceable"
"stage2","raw_evidence","data/raw/stage2/ds27_pangaea_ferrybox/DS27_PANGAEA_20260809T183210Z/HZG-Ferrybox_Harw-CuxNR7378.nc","scripts/00_downloads/stage2/20_acquire_ds27_pangaea_ferrybox.R","",TRUE,264472,"296d37a9f04b4473a9a17474e23e7964bc07da7c1c346ae161a30588feaf123a","data/raw/stage2/ds27_pangaea_ferrybox/DS27_PANGAEA_20260809T183210Z/manifest.csv",FALSE,TRUE,"traceable"
"stage2","raw_evidence","data/raw/stage2/ds27_pangaea_ferrybox/DS27_PANGAEA_20260809T183210Z/HZG-Ferrybox_Harw-CuxNR7418.nc","scripts/00_downloads/stage2/20_acquire_ds27_pangaea_ferrybox.R","",TRUE,258116,"018323e68ea9ce47ac364cf6689088c71607d9092e58f9d4b80be3a3edef0fdd","data/raw/stage2/ds27_pangaea_ferrybox/DS27_PANGAEA_20260809T183210Z/manifest.csv",FALSE,TRUE,"traceable"
"stage2","raw_evidence","data/raw/stage2/ds27_pangaea_ferrybox/DS27_PANGAEA_20260809T183210Z/HZG-Ferrybox_Harw-CuxNR7458.nc","scripts/00_downloads/stage2/20_acquire_ds27_pangaea_ferrybox.R","",TRUE,264548,"92bd1f9c3ad937fe4c86b83b4a24816a20571c57c7483394f53d7fe75cf206df","data/raw/stage2/ds27_pangaea_ferrybox/DS27_PANGAEA_20260809T183210Z/manifest.csv",FALSE,TRUE,"traceable"
"stage2","raw_evidence","data/raw/stage2/ds27_pangaea_ferrybox/DS27_PANGAEA_20260809T183210Z/HZG-Ferrybox_Harw-CuxNR7498.nc","scripts/00_downloads/stage2/20_acquire_ds27_pangaea_ferrybox.R","",TRUE,269032,"47af454be28817c1b63b1b0ecf69f06732702a28be0d9749bb35fbdd5c55c0f0","data/raw/stage2/ds27_pangaea_ferrybox/DS27_PANGAEA_20260809T183210Z/manifest.csv",FALSE,TRUE,"traceable"
"stage2","raw_evidence","data/raw/stage2/ds27_pangaea_ferrybox/DS27_PANGAEA_20260809T183210Z/HZG-Ferrybox_Harw-CuxNR75.nc","scripts/00_downloads/stage2/20_acquire_ds27_pangaea_ferrybox.R","",TRUE,254172,"7da3198bbdfca01b741cbb587e3db43123f61135b06df023b1795b8be1551a96","data/raw/stage2/ds27_pangaea_ferrybox/DS27_PANGAEA_20260809T183210Z/manifest.csv",FALSE,TRUE,"traceable"
"stage2","raw_evidence","data/raw/stage2/ds27_pangaea_ferrybox/DS27_PANGAEA_20260809T183210Z/HZG-Ferrybox_Harw-CuxNR7538.nc","scripts/00_downloads/stage2/20_acquire_ds27_pangaea_ferrybox.R","",TRUE,265420,"6232ccb8161e46d99411ba79c7b22c0f2c792e7960daaf49c4bcb9bf2b2904b2","data/raw/stage2/ds27_pangaea_ferrybox/DS27_PANGAEA_20260809T183210Z/manifest.csv",FALSE,TRUE,"traceable"
"stage2","raw_evidence","data/raw/stage2/ds27_pangaea_ferrybox/DS27_PANGAEA_20260809T183210Z/HZG-Ferrybox_Harw-CuxNR7678.nc","scripts/00_downloads/stage2/20_acquire_ds27_pangaea_ferrybox.R","",TRUE,262964,"345888017c1888674cefa9b7beeeb7b9fcd27bed0cca202a314ebf3c47e31a73","data/raw/stage2/ds27_pangaea_ferrybox/DS27_PANGAEA_20260809T183210Z/manifest.csv",FALSE,TRUE,"traceable"
"stage2","raw_evidence","data/raw/stage2/ds27_pangaea_ferrybox/DS27_PANGAEA_20260809T183210Z/HZG-Ferrybox_Harw-CuxNR7698.nc","scripts/00_downloads/stage2/20_acquire_ds27_pangaea_ferrybox.R","",TRUE,262632,"70849249fff3db87ae47bc07fd17688fa605181b6bc9372c28d74a19eb39723b","data/raw/stage2/ds27_pangaea_ferrybox/DS27_PANGAEA_20260809T183210Z/manifest.csv",FALSE,TRUE,"traceable"
"stage2","raw_evidence","data/raw/stage2/ds27_pangaea_ferrybox/DS27_PANGAEA_20260809T183210Z/HZG-Ferrybox_Harw-CuxNR77.nc","scripts/00_downloads/stage2/20_acquire_ds27_pangaea_ferrybox.R","",TRUE,255448,"4e1177c032eebf2cd22f5f1d4dce2e84d6c0cb525a67f686fef20196026f742e","data/raw/stage2/ds27_pangaea_ferrybox/DS27_PANGAEA_20260809T183210Z/manifest.csv",FALSE,TRUE,"traceable"
"stage2","raw_evidence","data/raw/stage2/ds27_pangaea_ferrybox/DS27_PANGAEA_20260809T183210Z/HZG-Ferrybox_Harw-CuxNR7778.nc","scripts/00_downloads/stage2/20_acquire_ds27_pangaea_ferrybox.R","",TRUE,263524,"a9f162da82a828d6f55859f345212a332d1282bac5a6ed50d92a9d92b00197c9","data/raw/stage2/ds27_pangaea_ferrybox/DS27_PANGAEA_20260809T183210Z/manifest.csv",FALSE,TRUE,"traceable"
"stage2","raw_evidence","data/raw/stage2/ds27_pangaea_ferrybox/DS27_PANGAEA_20260809T183210Z/HZG-Ferrybox_Harw-CuxNR7818.nc","scripts/00_downloads/stage2/20_acquire_ds27_pangaea_ferrybox.R","",TRUE,264108,"758d066d318261c2df18a2065689820dca1254781a930e95b489c1b8c07bed68","data/raw/stage2/ds27_pangaea_ferrybox/DS27_PANGAEA_20260809T183210Z/manifest.csv",FALSE,TRUE,"traceable"
"stage2","raw_evidence","data/raw/stage2/ds27_pangaea_ferrybox/DS27_PANGAEA_20260809T183210Z/HZG-Ferrybox_Harw-CuxNR79.nc","scripts/00_downloads/stage2/20_acquire_ds27_pangaea_ferrybox.R","",TRUE,249616,"0b0b9a99ed9957c60d47f72fa53652e91199d2a91851441a646f810a02f7d926","data/raw/stage2/ds27_pangaea_ferrybox/DS27_PANGAEA_20260809T183210Z/manifest.csv",FALSE,TRUE,"traceable"
"stage2","raw_evidence","data/raw/stage2/ds27_pangaea_ferrybox/DS27_PANGAEA_20260809T183210Z/HZG-Ferrybox_Harw-CuxNR7918.nc","scripts/00_downloads/stage2/20_acquire_ds27_pangaea_ferrybox.R","",TRUE,247220,"9885352d5cc4f2969f3d53728af7a544f7c871cd3a2128cb80d62ebaa7772676","data/raw/stage2/ds27_pangaea_ferrybox/DS27_PANGAEA_20260809T183210Z/manifest.csv",FALSE,TRUE,"traceable"
"stage2","raw_evidence","data/raw/stage2/ds27_pangaea_ferrybox/DS27_PANGAEA_20260809T183210Z/HZG-Ferrybox_Harw-CuxNR797.nc","scripts/00_downloads/stage2/20_acquire_ds27_pangaea_ferrybox.R","",TRUE,264384,"0edfb228753700f2a89bf7e462add7c652550707922b5bb00bdb462a592a8daf","data/raw/stage2/ds27_pangaea_ferrybox/DS27_PANGAEA_20260809T183210Z/manifest.csv",FALSE,TRUE,"traceable"
"stage2","raw_evidence","data/raw/stage2/ds27_pangaea_ferrybox/DS27_PANGAEA_20260809T183210Z/HZG-Ferrybox_Harw-CuxNR7979.nc","scripts/00_downloads/stage2/20_acquire_ds27_pangaea_ferrybox.R","",TRUE,261980,"c35ea464258e920b1bcbea7acb698ff80c8680dbf36bda38c3fec41e6f95446c","data/raw/stage2/ds27_pangaea_ferrybox/DS27_PANGAEA_20260809T183210Z/manifest.csv",FALSE,TRUE,"traceable"
"stage2","raw_evidence","data/raw/stage2/ds27_pangaea_ferrybox/DS27_PANGAEA_20260809T183210Z/HZG-Ferrybox_Harw-CuxNR7981.nc","scripts/00_downloads/stage2/20_acquire_ds27_pangaea_ferrybox.R","",TRUE,263160,"9281a2bd646451fb8221790848ab632eb4dbdde347f9c113edcad2efa0806463","data/raw/stage2/ds27_pangaea_ferrybox/DS27_PANGAEA_20260809T183210Z/manifest.csv",FALSE,TRUE,"traceable"
"stage2","raw_evidence","data/raw/stage2/ds27_pangaea_ferrybox/DS27_PANGAEA_20260809T183210Z/HZG-Ferrybox_Harw-CuxNR80.nc","scripts/00_downloads/stage2/20_acquire_ds27_pangaea_ferrybox.R","",TRUE,247908,"ee765a4c38222815b21c53efee89d750e14b568a27b2d41328fc633c4b033a32","data/raw/stage2/ds27_pangaea_ferrybox/DS27_PANGAEA_20260809T183210Z/manifest.csv",FALSE,TRUE,"traceable"
"stage2","raw_evidence","data/raw/stage2/ds27_pangaea_ferrybox/DS27_PANGAEA_20260809T183210Z/HZG-Ferrybox_Harw-CuxNR8018.nc","scripts/00_downloads/stage2/20_acquire_ds27_pangaea_ferrybox.R","",TRUE,268048,"503682c20ad273a0d443dd9b9ffdc84aaef53ce0f89e32461123768ae87989b6","data/raw/stage2/ds27_pangaea_ferrybox/DS27_PANGAEA_20260809T183210Z/manifest.csv",FALSE,TRUE,"traceable"
"stage2","raw_evidence","data/raw/stage2/ds27_pangaea_ferrybox/DS27_PANGAEA_20260809T183210Z/HZG-Ferrybox_Harw-CuxNR8038.nc","scripts/00_downloads/stage2/20_acquire_ds27_pangaea_ferrybox.R","",TRUE,238272,"de727ed3c4a3ca87806ceb68b78cdee45ab83d290e64eb8a8d3eb9422c3dc657","data/raw/stage2/ds27_pangaea_ferrybox/DS27_PANGAEA_20260809T183210Z/manifest.csv",FALSE,TRUE,"traceable"
"stage2","raw_evidence","data/raw/stage2/ds27_pangaea_ferrybox/DS27_PANGAEA_20260809T183210Z/HZG-Ferrybox_Harw-CuxNR8118.nc","scripts/00_downloads/stage2/20_acquire_ds27_pangaea_ferrybox.R","",TRUE,240276,"3ac9d7bbe8c75addc2f64b2792f5ab46bfab5b17ff87b6f2d033dcaa63f214f5","data/raw/stage2/ds27_pangaea_ferrybox/DS27_PANGAEA_20260809T183210Z/manifest.csv",FALSE,TRUE,"traceable"
"stage2","raw_evidence","data/raw/stage2/ds27_pangaea_ferrybox/DS27_PANGAEA_20260809T183210Z/HZG-Ferrybox_Harw-CuxNR8178.nc","scripts/00_downloads/stage2/20_acquire_ds27_pangaea_ferrybox.R","",TRUE,239744,"8928bd4db42f7dc8bcfe4b491e0b964a6aea71bed24d84005580ac39f886dd92","data/raw/stage2/ds27_pangaea_ferrybox/DS27_PANGAEA_20260809T183210Z/manifest.csv",FALSE,TRUE,"traceable"
"stage2","raw_evidence","data/raw/stage2/ds27_pangaea_ferrybox/DS27_PANGAEA_20260809T183210Z/HZG-Ferrybox_Harw-CuxNR82.nc","scripts/00_downloads/stage2/20_acquire_ds27_pangaea_ferrybox.R","",TRUE,247120,"db156338ddc2f880c9255f55f7701a80e0272232271b05d580862ac62f0b0433","data/raw/stage2/ds27_pangaea_ferrybox/DS27_PANGAEA_20260809T183210Z/manifest.csv",FALSE,TRUE,"traceable"
"stage2","raw_evidence","data/raw/stage2/ds27_pangaea_ferrybox/DS27_PANGAEA_20260809T183210Z/HZG-Ferrybox_Harw-CuxNR8218.nc","scripts/00_downloads/stage2/20_acquire_ds27_pangaea_ferrybox.R","",TRUE,258896,"cff844e84b2061e3d9d393c13db654bb2bdce198647818f70002fd06b88246a3","data/raw/stage2/ds27_pangaea_ferrybox/DS27_PANGAEA_20260809T183210Z/manifest.csv",FALSE,TRUE,"traceable"
"stage2","raw_evidence","data/raw/stage2/ds27_pangaea_ferrybox/DS27_PANGAEA_20260809T183210Z/HZG-Ferrybox_Harw-CuxNR8258.nc","scripts/00_downloads/stage2/20_acquire_ds27_pangaea_ferrybox.R","",TRUE,243612,"c690ea96dd293bd655ac0d41ae3f6e5fa57d84fe8ea6c1681a742d69f3c5d9d2","data/raw/stage2/ds27_pangaea_ferrybox/DS27_PANGAEA_20260809T183210Z/manifest.csv",FALSE,TRUE,"traceable"
"stage2","raw_evidence","data/raw/stage2/ds27_pangaea_ferrybox/DS27_PANGAEA_20260809T183210Z/HZG-Ferrybox_Harw-CuxNR8298.nc","scripts/00_downloads/stage2/20_acquire_ds27_pangaea_ferrybox.R","",TRUE,235484,"c04967b11e335111b9c6638a49d4ec44eda7165502f625d1998529354b3ef111","data/raw/stage2/ds27_pangaea_ferrybox/DS27_PANGAEA_20260809T183210Z/manifest.csv",FALSE,TRUE,"traceable"
"stage2","raw_evidence","data/raw/stage2/ds27_pangaea_ferrybox/DS27_PANGAEA_20260809T183210Z/HZG-Ferrybox_Harw-CuxNR8338.nc","scripts/00_downloads/stage2/20_acquire_ds27_pangaea_ferrybox.R","",TRUE,235156,"e26cdcd84d1e430b227b45f73ad627d41122863e1de1a1e478720aa52987b598","data/raw/stage2/ds27_pangaea_ferrybox/DS27_PANGAEA_20260809T183210Z/manifest.csv",FALSE,TRUE,"traceable"
"stage2","raw_evidence","data/raw/stage2/ds27_pangaea_ferrybox/DS27_PANGAEA_20260809T183210Z/HZG-Ferrybox_Harw-CuxNR837.nc","scripts/00_downloads/stage2/20_acquire_ds27_pangaea_ferrybox.R","",TRUE,267664,"1c56370e565aa660c01dd71c1a1b889309825b87726b364610a6e93085420c22","data/raw/stage2/ds27_pangaea_ferrybox/DS27_PANGAEA_20260809T183210Z/manifest.csv",FALSE,TRUE,"traceable"
"stage2","raw_evidence","data/raw/stage2/ds27_pangaea_ferrybox/DS27_PANGAEA_20260809T183210Z/HZG-Ferrybox_Harw-CuxNR8398.nc","scripts/00_downloads/stage2/20_acquire_ds27_pangaea_ferrybox.R","",TRUE,134948,"70bf8e5a92679257ef51f61406ce4a02c256659232e01bd5f1fd92e56d4b0f9a","data/raw/stage2/ds27_pangaea_ferrybox/DS27_PANGAEA_20260809T183210Z/manifest.csv",FALSE,TRUE,"traceable"
"stage2","raw_evidence","data/raw/stage2/ds27_pangaea_ferrybox/DS27_PANGAEA_20260809T183210Z/HZG-Ferrybox_Harw-CuxNR8438.nc","scripts/00_downloads/stage2/20_acquire_ds27_pangaea_ferrybox.R","",TRUE,285540,"c9395dca29dca68d1d84c4ca65adabeaef07ff81192feeefade6c3c00daf3471","data/raw/stage2/ds27_pangaea_ferrybox/DS27_PANGAEA_20260809T183210Z/manifest.csv",FALSE,TRUE,"traceable"
"stage2","raw_evidence","data/raw/stage2/ds27_pangaea_ferrybox/DS27_PANGAEA_20260809T183210Z/HZG-Ferrybox_Harw-CuxNR8478.nc","scripts/00_downloads/stage2/20_acquire_ds27_pangaea_ferrybox.R","",TRUE,236468,"4d7400fab25ab47ed6d291675c5cb337becb3d2af6c3178edd3cb3a80b4431ae","data/raw/stage2/ds27_pangaea_ferrybox/DS27_PANGAEA_20260809T183210Z/manifest.csv",FALSE,TRUE,"traceable"
"stage2","raw_evidence","data/raw/stage2/ds27_pangaea_ferrybox/DS27_PANGAEA_20260809T183210Z/HZG-Ferrybox_Harw-CuxNR8518.nc","scripts/00_downloads/stage2/20_acquire_ds27_pangaea_ferrybox.R","",TRUE,238528,"840362ebc4ce46d1028f3cbd6b60b1c22a60c636f756d1e38e977cd8603084a8","data/raw/stage2/ds27_pangaea_ferrybox/DS27_PANGAEA_20260809T183210Z/manifest.csv",FALSE,TRUE,"traceable"
"stage2","raw_evidence","data/raw/stage2/ds27_pangaea_ferrybox/DS27_PANGAEA_20260809T183210Z/HZG-Ferrybox_Harw-CuxNR8598.nc","scripts/00_downloads/stage2/20_acquire_ds27_pangaea_ferrybox.R","",TRUE,181944,"7610769dd3bf7927649afeba7bf08a75f83a72267a003039b7c4871519adc6c4","data/raw/stage2/ds27_pangaea_ferrybox/DS27_PANGAEA_20260809T183210Z/manifest.csv",FALSE,TRUE,"traceable"
"stage2","raw_evidence","data/raw/stage2/ds27_pangaea_ferrybox/DS27_PANGAEA_20260809T183210Z/HZG-Ferrybox_Harw-CuxNR8638.nc","scripts/00_downloads/stage2/20_acquire_ds27_pangaea_ferrybox.R","",TRUE,242372,"c3580cf0bebfa556580f0d03d1500c1fda31b00025e1661ff2d9da5410420e00","data/raw/stage2/ds27_pangaea_ferrybox/DS27_PANGAEA_20260809T183210Z/manifest.csv",FALSE,TRUE,"traceable"
"stage2","raw_evidence","data/raw/stage2/ds27_pangaea_ferrybox/DS27_PANGAEA_20260809T183210Z/HZG-Ferrybox_Harw-CuxNR8678.nc","scripts/00_downloads/stage2/20_acquire_ds27_pangaea_ferrybox.R","",TRUE,242736,"3af75ef3935d89071ab1a0ac634b84e90d75a88133fdc48e53923808f5bbb11f","data/raw/stage2/ds27_pangaea_ferrybox/DS27_PANGAEA_20260809T183210Z/manifest.csv",FALSE,TRUE,"traceable"
"stage2","raw_evidence","data/raw/stage2/ds27_pangaea_ferrybox/DS27_PANGAEA_20260809T183210Z/HZG-Ferrybox_Harw-CuxNR8718.nc","scripts/00_downloads/stage2/20_acquire_ds27_pangaea_ferrybox.R","",TRUE,180836,"b5e93a09cccd4eed3ad2a75e12a9ca97857f6e45bbcab6ae209a6c24fbfe315f","data/raw/stage2/ds27_pangaea_ferrybox/DS27_PANGAEA_20260809T183210Z/manifest.csv",FALSE,TRUE,"traceable"
"stage2","raw_evidence","data/raw/stage2/ds27_pangaea_ferrybox/DS27_PANGAEA_20260809T183210Z/HZG-Ferrybox_Harw-CuxNR8749.nc","scripts/00_downloads/stage2/20_acquire_ds27_pangaea_ferrybox.R","",TRUE,220724,"0106f4df34ff77fe1289f3752e8e169c19de0d7037f0d58f0152ca6acfd5e282","data/raw/stage2/ds27_pangaea_ferrybox/DS27_PANGAEA_20260809T183210Z/manifest.csv",FALSE,TRUE,"traceable"
"stage2","raw_evidence","data/raw/stage2/ds27_pangaea_ferrybox/DS27_PANGAEA_20260809T183210Z/HZG-Ferrybox_Harw-CuxNR8761.nc","scripts/00_downloads/stage2/20_acquire_ds27_pangaea_ferrybox.R","",TRUE,215968,"ba0823043025deb4d2b672560a35f4dbf63c9388a2137a546fe854a0b0469796","data/raw/stage2/ds27_pangaea_ferrybox/DS27_PANGAEA_20260809T183210Z/manifest.csv",FALSE,TRUE,"traceable"
"stage2","raw_evidence","data/raw/stage2/ds27_pangaea_ferrybox/DS27_PANGAEA_20260809T183210Z/HZG-Ferrybox_Harw-CuxNR8773.nc","scripts/00_downloads/stage2/20_acquire_ds27_pangaea_ferrybox.R","",TRUE,220684,"8132107b1897829cb0c1724a286f73017ab82282e2102b7f5d629fd266666904","data/raw/stage2/ds27_pangaea_ferrybox/DS27_PANGAEA_20260809T183210Z/manifest.csv",FALSE,TRUE,"traceable"
"stage2","raw_evidence","data/raw/stage2/ds27_pangaea_ferrybox/DS27_PANGAEA_20260809T183210Z/HZG-Ferrybox_Harw-CuxNR8798.nc","scripts/00_downloads/stage2/20_acquire_ds27_pangaea_ferrybox.R","",TRUE,212524,"a604efb273b381bf147d63d3bad2238774330ea1c6c48f72aeb00127b7bfa4c2","data/raw/stage2/ds27_pangaea_ferrybox/DS27_PANGAEA_20260809T183210Z/manifest.csv",FALSE,TRUE,"traceable"
"stage2","raw_evidence","data/raw/stage2/ds27_pangaea_ferrybox/DS27_PANGAEA_20260809T183210Z/HZG-Ferrybox_Harw-CuxNR88.nc","scripts/00_downloads/stage2/20_acquire_ds27_pangaea_ferrybox.R","",TRUE,254176,"f22c448e02dace0ab98e2e2c7f4478c3019caca687e80a941af521fe4c3482e9","data/raw/stage2/ds27_pangaea_ferrybox/DS27_PANGAEA_20260809T183210Z/manifest.csv",FALSE,TRUE,"traceable"
"stage2","raw_evidence","data/raw/stage2/ds27_pangaea_ferrybox/DS27_PANGAEA_20260809T183210Z/HZG-Ferrybox_Harw-CuxNR8838.nc","scripts/00_downloads/stage2/20_acquire_ds27_pangaea_ferrybox.R","",TRUE,213304,"003fb57a72d99f296b879727e1f1d75d97452736f3e078d3848abb3bbac9e84d","data/raw/stage2/ds27_pangaea_ferrybox/DS27_PANGAEA_20260809T183210Z/manifest.csv",FALSE,TRUE,"traceable"
"stage2","raw_evidence","data/raw/stage2/ds27_pangaea_ferrybox/DS27_PANGAEA_20260809T183210Z/HZG-Ferrybox_Harw-CuxNR8878.nc","scripts/00_downloads/stage2/20_acquire_ds27_pangaea_ferrybox.R","",TRUE,221508,"c6099655e1a0f06f38fa8b8f6c053627e3d8073e38a61f475867df9ea6cdcfa2","data/raw/stage2/ds27_pangaea_ferrybox/DS27_PANGAEA_20260809T183210Z/manifest.csv",FALSE,TRUE,"traceable"
"stage2","raw_evidence","data/raw/stage2/ds27_pangaea_ferrybox/DS27_PANGAEA_20260809T183210Z/HZG-Ferrybox_Harw-CuxNR89.nc","scripts/00_downloads/stage2/20_acquire_ds27_pangaea_ferrybox.R","",TRUE,250004,"72e50091f1d3a217c6ed83d0c5213cde9ba9c46937f72f022c545ce0c3821db3","data/raw/stage2/ds27_pangaea_ferrybox/DS27_PANGAEA_20260809T183210Z/manifest.csv",FALSE,TRUE,"traceable"
"stage2","raw_evidence","data/raw/stage2/ds27_pangaea_ferrybox/DS27_PANGAEA_20260809T183210Z/HZG-Ferrybox_Harw-CuxNR8918.nc","scripts/00_downloads/stage2/20_acquire_ds27_pangaea_ferrybox.R","",TRUE,215348,"6072f1ce18b1faa38d233b6c3087acf93670bad3787492654e50adb26f80b92a","data/raw/stage2/ds27_pangaea_ferrybox/DS27_PANGAEA_20260809T183210Z/manifest.csv",FALSE,TRUE,"traceable"
"stage2","raw_evidence","data/raw/stage2/ds27_pangaea_ferrybox/DS27_PANGAEA_20260809T183210Z/HZG-Ferrybox_Harw-CuxNR8958.nc","scripts/00_downloads/stage2/20_acquire_ds27_pangaea_ferrybox.R","",TRUE,214088,"737d9094f0d49a017966ab6b746446dcdf00c8a310be1af4934eee16d9151be5","data/raw/stage2/ds27_pangaea_ferrybox/DS27_PANGAEA_20260809T183210Z/manifest.csv",FALSE,TRUE,"traceable"
"stage2","raw_evidence","data/raw/stage2/ds27_pangaea_ferrybox/DS27_PANGAEA_20260809T183210Z/HZG-Ferrybox_Harw-CuxNR897.nc","scripts/00_downloads/stage2/20_acquire_ds27_pangaea_ferrybox.R","",TRUE,259920,"690a484e5062c62a98dee90c515ca444e1b0604a8d23f0dbf2329c8d03267a19","data/raw/stage2/ds27_pangaea_ferrybox/DS27_PANGAEA_20260809T183210Z/manifest.csv",FALSE,TRUE,"traceable"
"stage2","raw_evidence","data/raw/stage2/ds27_pangaea_ferrybox/DS27_PANGAEA_20260809T183210Z/HZG-Ferrybox_Harw-CuxNR9.nc","scripts/00_downloads/stage2/20_acquire_ds27_pangaea_ferrybox.R","",TRUE,140196,"952db01a9b51eb4ce9abdfebee96d2b2c54cea4df2441313f3c4e3f613707697","data/raw/stage2/ds27_pangaea_ferrybox/DS27_PANGAEA_20260809T183210Z/manifest.csv",FALSE,TRUE,"traceable"
"stage2","raw_evidence","data/raw/stage2/ds27_pangaea_ferrybox/DS27_PANGAEA_20260809T183210Z/HZG-Ferrybox_Harw-CuxNR9038.nc","scripts/00_downloads/stage2/20_acquire_ds27_pangaea_ferrybox.R","",TRUE,212288,"c5fd77f9638f41a33adc3cce180f259f602d6171a84b71476f0dd1bd03abb533","data/raw/stage2/ds27_pangaea_ferrybox/DS27_PANGAEA_20260809T183210Z/manifest.csv",FALSE,TRUE,"traceable"
"stage2","raw_evidence","data/raw/stage2/ds27_pangaea_ferrybox/DS27_PANGAEA_20260809T183210Z/HZG-Ferrybox_Harw-CuxNR9078.nc","scripts/00_downloads/stage2/20_acquire_ds27_pangaea_ferrybox.R","",TRUE,242572,"fead6bfdf4250e05e8fe1979f6a9ae2d74dd52c98e033ddebe299575a5aab6c4","data/raw/stage2/ds27_pangaea_ferrybox/DS27_PANGAEA_20260809T183210Z/manifest.csv",FALSE,TRUE,"traceable"
"stage2","raw_evidence","data/raw/stage2/ds27_pangaea_ferrybox/DS27_PANGAEA_20260809T183210Z/HZG-Ferrybox_Harw-CuxNR91.nc","scripts/00_downloads/stage2/20_acquire_ds27_pangaea_ferrybox.R","",TRUE,251480,"5aa308d2827de69ab2ab47832eb13160c60febbc76cfd9af24076550d0ba92e0","data/raw/stage2/ds27_pangaea_ferrybox/DS27_PANGAEA_20260809T183210Z/manifest.csv",FALSE,TRUE,"traceable"
"stage2","raw_evidence","data/raw/stage2/ds27_pangaea_ferrybox/DS27_PANGAEA_20260809T183210Z/HZG-Ferrybox_Harw-CuxNR9118.nc","scripts/00_downloads/stage2/20_acquire_ds27_pangaea_ferrybox.R","",TRUE,243720,"f9d17bdf3afc7b619deb5f4e6da711844551875a3e9ac266449eee2bcf95a2b6","data/raw/stage2/ds27_pangaea_ferrybox/DS27_PANGAEA_20260809T183210Z/manifest.csv",FALSE,TRUE,"traceable"
"stage2","raw_evidence","data/raw/stage2/ds27_pangaea_ferrybox/DS27_PANGAEA_20260809T183210Z/HZG-Ferrybox_Harw-CuxNR9158.nc","scripts/00_downloads/stage2/20_acquire_ds27_pangaea_ferrybox.R","",TRUE,236500,"69fc5fb40df08d0d1dbb9667821ddcca43a477493461a70e4e1599313af53102","data/raw/stage2/ds27_pangaea_ferrybox/DS27_PANGAEA_20260809T183210Z/manifest.csv",FALSE,TRUE,"traceable"
"stage2","raw_evidence","data/raw/stage2/ds27_pangaea_ferrybox/DS27_PANGAEA_20260809T183210Z/HZG-Ferrybox_Harw-CuxNR9178.nc","scripts/00_downloads/stage2/20_acquire_ds27_pangaea_ferrybox.R","",TRUE,240532,"9678677fcac4afa86f01c65248faaeb2b5002d18f31e81769553c71370464b4b","data/raw/stage2/ds27_pangaea_ferrybox/DS27_PANGAEA_20260809T183210Z/manifest.csv",FALSE,TRUE,"traceable"
"stage2","raw_evidence","data/raw/stage2/ds27_pangaea_ferrybox/DS27_PANGAEA_20260809T183210Z/HZG-Ferrybox_Harw-CuxNR92.nc","scripts/00_downloads/stage2/20_acquire_ds27_pangaea_ferrybox.R","",TRUE,231544,"e2bef7cf411da4d533eb78a0760f6e72ed871e5ed3eb0df65f95a0da7f1eb99c","data/raw/stage2/ds27_pangaea_ferrybox/DS27_PANGAEA_20260809T183210Z/manifest.csv",FALSE,TRUE,"traceable"
"stage2","raw_evidence","data/raw/stage2/ds27_pangaea_ferrybox/DS27_PANGAEA_20260809T183210Z/HZG-Ferrybox_Harw-CuxNR9218.nc","scripts/00_downloads/stage2/20_acquire_ds27_pangaea_ferrybox.R","",TRUE,241260,"4343851e8cd360b84d7dab6e520ba3468fba0109ef402b17d0b5a33bc31937c4","data/raw/stage2/ds27_pangaea_ferrybox/DS27_PANGAEA_20260809T183210Z/manifest.csv",FALSE,TRUE,"traceable"
"stage2","raw_evidence","data/raw/stage2/ds27_pangaea_ferrybox/DS27_PANGAEA_20260809T183210Z/HZG-Ferrybox_Harw-CuxNR9258.nc","scripts/00_downloads/stage2/20_acquire_ds27_pangaea_ferrybox.R","",TRUE,232692,"f1e001a7edc1a98d25cc320478be7867b890817cada77515cca755baaaedb7b4","data/raw/stage2/ds27_pangaea_ferrybox/DS27_PANGAEA_20260809T183210Z/manifest.csv",FALSE,TRUE,"traceable"
"stage2","raw_evidence","data/raw/stage2/ds27_pangaea_ferrybox/DS27_PANGAEA_20260809T183210Z/HZG-Ferrybox_Harw-CuxNR9298.nc","scripts/00_downloads/stage2/20_acquire_ds27_pangaea_ferrybox.R","",TRUE,240824,"ae5d225c82dae6ce587acf1b5144770b8b34c5116cf9561bd996d82d9bda3dfb","data/raw/stage2/ds27_pangaea_ferrybox/DS27_PANGAEA_20260809T183210Z/manifest.csv",FALSE,TRUE,"traceable"
"stage2","raw_evidence","data/raw/stage2/ds27_pangaea_ferrybox/DS27_PANGAEA_20260809T183210Z/HZG-Ferrybox_Harw-CuxNR93.nc","scripts/00_downloads/stage2/20_acquire_ds27_pangaea_ferrybox.R","",TRUE,251224,"d3836a5c6969eef8406e85de8c9caab451cd0c2746d44583e7a0e3909cd2d818","data/raw/stage2/ds27_pangaea_ferrybox/DS27_PANGAEA_20260809T183210Z/manifest.csv",FALSE,TRUE,"traceable"
"stage2","raw_evidence","data/raw/stage2/ds27_pangaea_ferrybox/DS27_PANGAEA_20260809T183210Z/HZG-Ferrybox_Harw-CuxNR9338.nc","scripts/00_downloads/stage2/20_acquire_ds27_pangaea_ferrybox.R","",TRUE,238564,"b9a3c616a5f8ef73d90ba7ec599d59af162afd9decdc90a4d2fc72f8734c4df0","data/raw/stage2/ds27_pangaea_ferrybox/DS27_PANGAEA_20260809T183210Z/manifest.csv",FALSE,TRUE,"traceable"
"stage2","raw_evidence","data/raw/stage2/ds27_pangaea_ferrybox/DS27_PANGAEA_20260809T183210Z/HZG-Ferrybox_Harw-CuxNR9363.nc","scripts/00_downloads/stage2/20_acquire_ds27_pangaea_ferrybox.R","",TRUE,235940,"1e183a541782a2bc0fe3f9a14b73282ccaf5e3734e54f24c00f8743c2dbee9cb","data/raw/stage2/ds27_pangaea_ferrybox/DS27_PANGAEA_20260809T183210Z/manifest.csv",FALSE,TRUE,"traceable"
"stage2","raw_evidence","data/raw/stage2/ds27_pangaea_ferrybox/DS27_PANGAEA_20260809T183210Z/HZG-Ferrybox_Harw-CuxNR937.nc","scripts/00_downloads/stage2/20_acquire_ds27_pangaea_ferrybox.R","",TRUE,253228,"8166d93327782468716728cdeda9649f2858427b2b480738d9cb36bbc456b56d","data/raw/stage2/ds27_pangaea_ferrybox/DS27_PANGAEA_20260809T183210Z/manifest.csv",FALSE,TRUE,"traceable"
"stage2","raw_evidence","data/raw/stage2/ds27_pangaea_ferrybox/DS27_PANGAEA_20260809T183210Z/HZG-Ferrybox_Harw-CuxNR9371.nc","scripts/00_downloads/stage2/20_acquire_ds27_pangaea_ferrybox.R","",TRUE,239420,"c4e4553a93dce2706f8bc4af6df2442fa532ba672ad28d05a34cd7116b24c651","data/raw/stage2/ds27_pangaea_ferrybox/DS27_PANGAEA_20260809T183210Z/manifest.csv",FALSE,TRUE,"traceable"
"stage2","raw_evidence","data/raw/stage2/ds27_pangaea_ferrybox/DS27_PANGAEA_20260809T183210Z/HZG-Ferrybox_Harw-CuxNR9383.nc","scripts/00_downloads/stage2/20_acquire_ds27_pangaea_ferrybox.R","",TRUE,239124,"a791e0baec487259807b111f93f3098e6383cb146738adc5c4a0afc3da54912e","data/raw/stage2/ds27_pangaea_ferrybox/DS27_PANGAEA_20260809T183210Z/manifest.csv",FALSE,TRUE,"traceable"
"stage2","raw_evidence","data/raw/stage2/ds27_pangaea_ferrybox/DS27_PANGAEA_20260809T183210Z/HZG-Ferrybox_Harw-CuxNR9395.nc","scripts/00_downloads/stage2/20_acquire_ds27_pangaea_ferrybox.R","",TRUE,238600,"66f7acf4d4e1eeecfc644da2199153d1bb566490b1af116b78ce6c97f7bc76a3","data/raw/stage2/ds27_pangaea_ferrybox/DS27_PANGAEA_20260809T183210Z/manifest.csv",FALSE,TRUE,"traceable"
"stage2","raw_evidence","data/raw/stage2/ds27_pangaea_ferrybox/DS27_PANGAEA_20260809T183210Z/HZG-Ferrybox_Harw-CuxNR9403.nc","scripts/00_downloads/stage2/20_acquire_ds27_pangaea_ferrybox.R","",TRUE,240988,"accefc4ce9b21eac87a0c595bffd78485c2e036ad168d64d2b864b8cb4e887a4","data/raw/stage2/ds27_pangaea_ferrybox/DS27_PANGAEA_20260809T183210Z/manifest.csv",FALSE,TRUE,"traceable"
"stage2","raw_evidence","data/raw/stage2/ds27_pangaea_ferrybox/DS27_PANGAEA_20260809T183210Z/HZG-Ferrybox_Harw-CuxNR9418.nc","scripts/00_downloads/stage2/20_acquire_ds27_pangaea_ferrybox.R","",TRUE,240440,"623c4f2cfe04aae433af75e27409496967da161aa99a6d8dea364fdf84cb3ab0","data/raw/stage2/ds27_pangaea_ferrybox/DS27_PANGAEA_20260809T183210Z/manifest.csv",FALSE,TRUE,"traceable"
"stage2","raw_evidence","data/raw/stage2/ds27_pangaea_ferrybox/DS27_PANGAEA_20260809T183210Z/HZG-Ferrybox_Harw-CuxNR9458.nc","scripts/00_downloads/stage2/20_acquire_ds27_pangaea_ferrybox.R","",TRUE,239620,"69b3687f791c8af6bf55ff476c2daf5ffe7a9b7b34dfab4670ca632924280464","data/raw/stage2/ds27_pangaea_ferrybox/DS27_PANGAEA_20260809T183210Z/manifest.csv",FALSE,TRUE,"traceable"
"stage2","raw_evidence","data/raw/stage2/ds27_pangaea_ferrybox/DS27_PANGAEA_20260809T183210Z/HZG-Ferrybox_Harw-CuxNR9498.nc","scripts/00_downloads/stage2/20_acquire_ds27_pangaea_ferrybox.R","",TRUE,241148,"6f6e1704f0d4e05fd24bcb2b5a9b9e9008c3ba52695b3e5a5164dfa7624709ab","data/raw/stage2/ds27_pangaea_ferrybox/DS27_PANGAEA_20260809T183210Z/manifest.csv",FALSE,TRUE,"traceable"
"stage2","raw_evidence","data/raw/stage2/ds27_pangaea_ferrybox/DS27_PANGAEA_20260809T183210Z/HZG-Ferrybox_Harw-CuxNR95.nc","scripts/00_downloads/stage2/20_acquire_ds27_pangaea_ferrybox.R","",TRUE,245812,"ad0ca5ab35e65adb9601f84bdb765acf9e0f4a716d0076e6831ddc4bcc736969","data/raw/stage2/ds27_pangaea_ferrybox/DS27_PANGAEA_20260809T183210Z/manifest.csv",FALSE,TRUE,"traceable"
"stage2","raw_evidence","data/raw/stage2/ds27_pangaea_ferrybox/DS27_PANGAEA_20260809T183210Z/HZG-Ferrybox_Harw-CuxNR9538.nc","scripts/00_downloads/stage2/20_acquire_ds27_pangaea_ferrybox.R","",TRUE,236504,"bde68ad065449d72dd8050f03984f77fc6b8ded05a6951619301dfcc49f71c1e","data/raw/stage2/ds27_pangaea_ferrybox/DS27_PANGAEA_20260809T183210Z/manifest.csv",FALSE,TRUE,"traceable"
"stage2","raw_evidence","data/raw/stage2/ds27_pangaea_ferrybox/DS27_PANGAEA_20260809T183210Z/HZG-Ferrybox_Harw-CuxNR9578.nc","scripts/00_downloads/stage2/20_acquire_ds27_pangaea_ferrybox.R","",TRUE,241808,"e25b8edf83f15b9022361efab64bc23a9906bfb0c816ac635a5cfdfb333b4007","data/raw/stage2/ds27_pangaea_ferrybox/DS27_PANGAEA_20260809T183210Z/manifest.csv",FALSE,TRUE,"traceable"
"stage2","raw_evidence","data/raw/stage2/ds27_pangaea_ferrybox/DS27_PANGAEA_20260809T183210Z/HZG-Ferrybox_Harw-CuxNR9618.nc","scripts/00_downloads/stage2/20_acquire_ds27_pangaea_ferrybox.R","",TRUE,239220,"9c979259344db7aeb3218d555bd7e3b709e04b3d2efba5a2ef82a88535ffb507","data/raw/stage2/ds27_pangaea_ferrybox/DS27_PANGAEA_20260809T183210Z/manifest.csv",FALSE,TRUE,"traceable"
"stage2","raw_evidence","data/raw/stage2/ds27_pangaea_ferrybox/DS27_PANGAEA_20260809T183210Z/HZG-Ferrybox_Harw-CuxNR9658.nc","scripts/00_downloads/stage2/20_acquire_ds27_pangaea_ferrybox.R","",TRUE,241188,"8604161b7e58d27795e6e315cce0b49427a68bca6820eb9c15f9f54a93209821","data/raw/stage2/ds27_pangaea_ferrybox/DS27_PANGAEA_20260809T183210Z/manifest.csv",FALSE,TRUE,"traceable"
"stage2","raw_evidence","data/raw/stage2/ds27_pangaea_ferrybox/DS27_PANGAEA_20260809T183210Z/HZG-Ferrybox_Harw-CuxNR9698.nc","scripts/00_downloads/stage2/20_acquire_ds27_pangaea_ferrybox.R","",TRUE,242792,"654d745072aa57981a9ba2708f1c37c8442a04ecfdb2cde15dd02f1826c425c8","data/raw/stage2/ds27_pangaea_ferrybox/DS27_PANGAEA_20260809T183210Z/manifest.csv",FALSE,TRUE,"traceable"
"stage2","raw_evidence","data/raw/stage2/ds27_pangaea_ferrybox/DS27_PANGAEA_20260809T183210Z/HZG-Ferrybox_Harw-CuxNR97.nc","scripts/00_downloads/stage2/20_acquire_ds27_pangaea_ferrybox.R","",TRUE,236792,"0e0fb243c1697ef81af9b13164050d0f7675b76c58e165c279dd260a2f176d24","data/raw/stage2/ds27_pangaea_ferrybox/DS27_PANGAEA_20260809T183210Z/manifest.csv",FALSE,TRUE,"traceable"
"stage2","raw_evidence","data/raw/stage2/ds27_pangaea_ferrybox/DS27_PANGAEA_20260809T183210Z/HZG-Ferrybox_Harw-CuxNR9738.nc","scripts/00_downloads/stage2/20_acquire_ds27_pangaea_ferrybox.R","",TRUE,241388,"0206cb78ff7199a2511b03012c3889704ee97f43981e0bc166ec578a82316260","data/raw/stage2/ds27_pangaea_ferrybox/DS27_PANGAEA_20260809T183210Z/manifest.csv",FALSE,TRUE,"traceable"
"stage2","raw_evidence","data/raw/stage2/ds27_pangaea_ferrybox/DS27_PANGAEA_20260809T183210Z/HZG-Ferrybox_Harw-CuxNR977.nc","scripts/00_downloads/stage2/20_acquire_ds27_pangaea_ferrybox.R","",TRUE,264184,"ced5e3ed8f3db4b80e881713cce5c1dfdab3d82bc1bca037a4863a601b58973e","data/raw/stage2/ds27_pangaea_ferrybox/DS27_PANGAEA_20260809T183210Z/manifest.csv",FALSE,TRUE,"traceable"
"stage2","raw_evidence","data/raw/stage2/ds27_pangaea_ferrybox/DS27_PANGAEA_20260809T183210Z/HZG-Ferrybox_Harw-CuxNR9778.nc","scripts/00_downloads/stage2/20_acquire_ds27_pangaea_ferrybox.R","",TRUE,241316,"d1793c32958660c6f7f5d5e5f604dd8983588d1aabf4bb285e0552a5437c839e","data/raw/stage2/ds27_pangaea_ferrybox/DS27_PANGAEA_20260809T183210Z/manifest.csv",FALSE,TRUE,"traceable"
"stage2","raw_evidence","data/raw/stage2/ds27_pangaea_ferrybox/DS27_PANGAEA_20260809T183210Z/HZG-Ferrybox_Harw-CuxNR9818.nc","scripts/00_downloads/stage2/20_acquire_ds27_pangaea_ferrybox.R","",TRUE,235116,"35d2f29116230bb09d6dcfb29dd6ae309c5480c94f2e87affd687ba85d63f757","data/raw/stage2/ds27_pangaea_ferrybox/DS27_PANGAEA_20260809T183210Z/manifest.csv",FALSE,TRUE,"traceable"
"stage2","raw_evidence","data/raw/stage2/ds27_pangaea_ferrybox/DS27_PANGAEA_20260809T183210Z/HZG-Ferrybox_Harw-CuxNR9858.nc","scripts/00_downloads/stage2/20_acquire_ds27_pangaea_ferrybox.R","",TRUE,236068,"b8e99c3702921559781fd7a9e8fade4aaab2ffee5cbfe66473376d501b8f2d58","data/raw/stage2/ds27_pangaea_ferrybox/DS27_PANGAEA_20260809T183210Z/manifest.csv",FALSE,TRUE,"traceable"
"stage2","raw_evidence","data/raw/stage2/ds27_pangaea_ferrybox/DS27_PANGAEA_20260809T183210Z/HZG-Ferrybox_Harw-CuxNR9898.nc","scripts/00_downloads/stage2/20_acquire_ds27_pangaea_ferrybox.R","",TRUE,241840,"197dc27aa4caef2ced8da1d304fe84c54f737493b1d5f57020d689e7fb7ae76e","data/raw/stage2/ds27_pangaea_ferrybox/DS27_PANGAEA_20260809T183210Z/manifest.csv",FALSE,TRUE,"traceable"
"stage2","raw_evidence","data/raw/stage2/ds27_pangaea_ferrybox/DS27_PANGAEA_20260809T183210Z/HZG-Ferrybox_Harw-CuxNR99.nc","scripts/00_downloads/stage2/20_acquire_ds27_pangaea_ferrybox.R","",TRUE,250820,"2101ba42f824839096ea69cf55db7a247aaf01209de81a3830695fa559008a71","data/raw/stage2/ds27_pangaea_ferrybox/DS27_PANGAEA_20260809T183210Z/manifest.csv",FALSE,TRUE,"traceable"
"stage2","raw_evidence","data/raw/stage2/ds27_pangaea_ferrybox/DS27_PANGAEA_20260809T183210Z/HZG-Ferrybox_Harw-CuxNR9938.nc","scripts/00_downloads/stage2/20_acquire_ds27_pangaea_ferrybox.R","",TRUE,239620,"3c84604eb7ee3d3c7e0d4492c8380a1fd6fb310da6f8706a87bb8527a3403487","data/raw/stage2/ds27_pangaea_ferrybox/DS27_PANGAEA_20260809T183210Z/manifest.csv",FALSE,TRUE,"traceable"
"stage2","raw_evidence","data/raw/stage2/ds27_pangaea_ferrybox/DS27_PANGAEA_20260809T183210Z/HZG-Ferrybox_Harw-CuxNR9978.nc","scripts/00_downloads/stage2/20_acquire_ds27_pangaea_ferrybox.R","",TRUE,241680,"3795e16c4a0cb1f8d79e7c2858ce251bcbcc3cbf3a2a0efdbf6b7f6b5703c46f","data/raw/stage2/ds27_pangaea_ferrybox/DS27_PANGAEA_20260809T183210Z/manifest.csv",FALSE,TRUE,"traceable"
"stage2","raw_evidence","data/raw/stage2/ds27_pangaea_ferrybox/DS27_PANGAEA_20260809T183210Z/manifest.csv","scripts/00_downloads/stage2/20_acquire_ds27_pangaea_ferrybox.R","",TRUE,72630,"073f1c280f6e76894aed87c589382b76b1abac2850c26f2650efc406e46e5ecb","calculated_by_inventory_script_small_unregistered_raw",FALSE,TRUE,"traceable"
"stage2","raw_evidence","data/raw/stage2/ds27_pangaea_ferrybox/DS27_PANGAEA_20260809T183210Z/PANGAEA_883824.txt","scripts/00_downloads/stage2/20_acquire_ds27_pangaea_ferrybox.R","",TRUE,138959,"2f41802d5e6763c8eb4a2d018a6dd2e097e2f22a16b60bef372ebb8127986e49","calculated_by_inventory_script_small_unregistered_raw",FALSE,TRUE,"traceable"
"stage2","raw_evidence","data/raw/stage2/ds27_pangaea_ferrybox/DS27_PANGAEA_20260809T183210Z/PANGAEA_930383.zip","scripts/00_downloads/stage2/20_acquire_ds27_pangaea_ferrybox.R","",TRUE,99314935,"a2e283ea6adb98ddad6aa813784df39f8b0b37decd6d07d9c43214b611ef9d99","data/raw/stage2/ds27_pangaea_ferrybox/DS27_PANGAEA_20260809T183210Z/manifest.csv",FALSE,TRUE,"traceable"
"stage2","raw_evidence","data/raw/stage2/emodnet_wfs_geometry/20260808T183226Z/dataset_1941_bbox_hits_0001.xml","scripts/00_downloads/stage2/01_acquire_emodnet_wfs_geometry.R","",TRUE,510,"da4f688de85661cfb1a18b262b14f86d89acf88934376c13dbaf6ffc0afad970","data/raw/stage2/emodnet_wfs_geometry/20260808T183226Z/manifest.csv",FALSE,TRUE,"traceable"
"stage2","raw_evidence","data/raw/stage2/emodnet_wfs_geometry/20260808T183226Z/dataset_2453_bbox_hits_0001.xml","scripts/00_downloads/stage2/01_acquire_emodnet_wfs_geometry.R","",TRUE,514,"e6182a3645199cf0a50b21f74660c11a081cef867d9066c85222b5aed501b936","data/raw/stage2/emodnet_wfs_geometry/20260808T183226Z/manifest.csv",FALSE,TRUE,"traceable"
"stage2","raw_evidence","data/raw/stage2/emodnet_wfs_geometry/20260808T183226Z/dataset_2453_bbox_records_0001.json","scripts/00_downloads/stage2/01_acquire_emodnet_wfs_geometry.R","",TRUE,26716452,"6c7df8c0bcbb27ab74009349225635db1957192d7acae79dfa76490fe4c47a85","data/raw/stage2/emodnet_wfs_geometry/20260808T183226Z/manifest.csv",FALSE,TRUE,"traceable"
"stage2","raw_evidence","data/raw/stage2/emodnet_wfs_geometry/20260808T183226Z/dataset_2453_bbox_records_0002.json","scripts/00_downloads/stage2/01_acquire_emodnet_wfs_geometry.R","",TRUE,27032131,"21121bf6a1a6364f39233d06604ea0fe19301580dd60d6e6875bef6906154b79","data/raw/stage2/emodnet_wfs_geometry/20260808T183226Z/manifest.csv",FALSE,TRUE,"traceable"
"stage2","raw_evidence","data/raw/stage2/emodnet_wfs_geometry/20260808T183226Z/dataset_2453_bbox_records_0003.json","scripts/00_downloads/stage2/01_acquire_emodnet_wfs_geometry.R","",TRUE,27257231,"4dae92a41fae3d8a3dc249491468f898d0da3f5a1dd087f291d9450e66c8720e","data/raw/stage2/emodnet_wfs_geometry/20260808T183226Z/manifest.csv",FALSE,TRUE,"traceable"
"stage2","raw_evidence","data/raw/stage2/emodnet_wfs_geometry/20260808T183226Z/dataset_2453_bbox_records_0004.json","scripts/00_downloads/stage2/01_acquire_emodnet_wfs_geometry.R","",TRUE,27246179,"22467a39f5790081f0ec5dc46b30a058dc9cb16f1887881d2f55bef1d7c70630","data/raw/stage2/emodnet_wfs_geometry/20260808T183226Z/manifest.csv",FALSE,TRUE,"traceable"
"stage2","raw_evidence","data/raw/stage2/emodnet_wfs_geometry/20260808T183226Z/dataset_2453_bbox_records_0005.json","scripts/00_downloads/stage2/01_acquire_emodnet_wfs_geometry.R","",TRUE,27158769,"40998e8102ab2ecc13244d03d6af1f58c210b7ed5e11698e40161354e2681bbe","data/raw/stage2/emodnet_wfs_geometry/20260808T183226Z/manifest.csv",FALSE,TRUE,"traceable"
"stage2","raw_evidence","data/raw/stage2/emodnet_wfs_geometry/20260808T183226Z/dataset_2453_bbox_records_0006.json","scripts/00_downloads/stage2/01_acquire_emodnet_wfs_geometry.R","",TRUE,27167270,"5b13925262714ae8fa5be210f8f65648f20e93d04a4b3efcb62995a0823ab5f7","data/raw/stage2/emodnet_wfs_geometry/20260808T183226Z/manifest.csv",FALSE,TRUE,"traceable"
"stage2","raw_evidence","data/raw/stage2/emodnet_wfs_geometry/20260808T183226Z/dataset_2453_bbox_records_0007.json","scripts/00_downloads/stage2/01_acquire_emodnet_wfs_geometry.R","",TRUE,27211523,"9db2d6a12bdeaa225440a6154d28324ae8fa3798a674fbe41412b61aea8341bc","data/raw/stage2/emodnet_wfs_geometry/20260808T183226Z/manifest.csv",FALSE,TRUE,"traceable"
"stage2","raw_evidence","data/raw/stage2/emodnet_wfs_geometry/20260808T183226Z/dataset_2453_bbox_records_0008.json","scripts/00_downloads/stage2/01_acquire_emodnet_wfs_geometry.R","",TRUE,27258336,"5e9885db0c44883725fbb066b08012ade142f3d26bce3cea2c75550d7f7f553d","data/raw/stage2/emodnet_wfs_geometry/20260808T183226Z/manifest.csv",FALSE,TRUE,"traceable"
"stage2","raw_evidence","data/raw/stage2/emodnet_wfs_geometry/20260808T183226Z/dataset_2453_bbox_records_0009.json","scripts/00_downloads/stage2/01_acquire_emodnet_wfs_geometry.R","",TRUE,27309327,"04b5daf64f0c9533cc466e6303903300b8e69e5d4d953d15e313cfb06d90b058","data/raw/stage2/emodnet_wfs_geometry/20260808T183226Z/manifest.csv",FALSE,TRUE,"traceable"
"stage2","raw_evidence","data/raw/stage2/emodnet_wfs_geometry/20260808T183226Z/dataset_2453_bbox_records_0010.json","scripts/00_downloads/stage2/01_acquire_emodnet_wfs_geometry.R","",TRUE,3134755,"daf02d4808c9f65e91340c31f0b1ba72957aec02fb9fb60117bc2d3c73ab35ac","data/raw/stage2/emodnet_wfs_geometry/20260808T183226Z/manifest.csv",FALSE,TRUE,"traceable"
"stage2","raw_evidence","data/raw/stage2/emodnet_wfs_geometry/20260808T183226Z/dataset_2464_bbox_hits_0001.xml","scripts/00_downloads/stage2/01_acquire_emodnet_wfs_geometry.R","",TRUE,510,"06db92212f03c4712321f6cdab611360a8ee9fc7e17d0f333ed4d9f61212518c","data/raw/stage2/emodnet_wfs_geometry/20260808T183226Z/manifest.csv",FALSE,TRUE,"traceable"
"stage2","raw_evidence","data/raw/stage2/emodnet_wfs_geometry/20260808T183226Z/dataset_3163_bbox_hits_0001.xml","scripts/00_downloads/stage2/01_acquire_emodnet_wfs_geometry.R","",TRUE,510,"89afcab4bc0ac53258593ac1aa78bf0d666d5ec24f196b528f812322325d61a9","data/raw/stage2/emodnet_wfs_geometry/20260808T183226Z/manifest.csv",FALSE,TRUE,"traceable"
"stage2","raw_evidence","data/raw/stage2/emodnet_wfs_geometry/20260808T183226Z/dataset_4405_bbox_hits_0001.xml","scripts/00_downloads/stage2/01_acquire_emodnet_wfs_geometry.R","",TRUE,510,"d06dd0d1910957ca417a9ca8abe7bded1af02fff888a2b2911a1ce80ca7f38ce","data/raw/stage2/emodnet_wfs_geometry/20260808T183226Z/manifest.csv",FALSE,TRUE,"traceable"
"stage2","raw_evidence","data/raw/stage2/emodnet_wfs_geometry/20260808T183226Z/dataset_4458_bbox_hits_0001.xml","scripts/00_downloads/stage2/01_acquire_emodnet_wfs_geometry.R","",TRUE,510,"79533b9fd74b97f4ef50fc7a1cdb3e41cdc967f79cf390652095b3724011db56","data/raw/stage2/emodnet_wfs_geometry/20260808T183226Z/manifest.csv",FALSE,TRUE,"traceable"
"stage2","raw_evidence","data/raw/stage2/emodnet_wfs_geometry/20260808T183226Z/dataset_4459_bbox_hits_0001.xml","scripts/00_downloads/stage2/01_acquire_emodnet_wfs_geometry.R","",TRUE,510,"f6497ede54c66ec7771ea89ac7bab28dd8cc692e10782cd4515fb313780cdae2","data/raw/stage2/emodnet_wfs_geometry/20260808T183226Z/manifest.csv",FALSE,TRUE,"traceable"
"stage2","raw_evidence","data/raw/stage2/emodnet_wfs_geometry/20260808T183226Z/dataset_4461_bbox_hits_0001.xml","scripts/00_downloads/stage2/01_acquire_emodnet_wfs_geometry.R","",TRUE,510,"1cf73424feb4f8ce544de426db0b0e63f05e77d404ee7417925b3fc97735103f","data/raw/stage2/emodnet_wfs_geometry/20260808T183226Z/manifest.csv",FALSE,TRUE,"traceable"
"stage2","raw_evidence","data/raw/stage2/emodnet_wfs_geometry/20260808T183226Z/dataset_4465_bbox_hits_0001.xml","scripts/00_downloads/stage2/01_acquire_emodnet_wfs_geometry.R","",TRUE,510,"39528c5bd95193898bb4e09086a80f1cebeb3f8100c77c5e6e1209f8b188cb2a","data/raw/stage2/emodnet_wfs_geometry/20260808T183226Z/manifest.csv",FALSE,TRUE,"traceable"
"stage2","raw_evidence","data/raw/stage2/emodnet_wfs_geometry/20260808T183226Z/dataset_4466_bbox_hits_0001.xml","scripts/00_downloads/stage2/01_acquire_emodnet_wfs_geometry.R","",TRUE,510,"21acac120860a7ed72120d633f16df274c5ae43bd5cf0e1e2a7267ca3cb1b5d7","data/raw/stage2/emodnet_wfs_geometry/20260808T183226Z/manifest.csv",FALSE,TRUE,"traceable"
"stage2","raw_evidence","data/raw/stage2/emodnet_wfs_geometry/20260808T183226Z/dataset_4471_bbox_hits_0001.xml","scripts/00_downloads/stage2/01_acquire_emodnet_wfs_geometry.R","",TRUE,510,"06fbe0ccf976c997606c0889a553083c365b2f1b3d3138bad34a8e6bad3ecdb1","data/raw/stage2/emodnet_wfs_geometry/20260808T183226Z/manifest.csv",FALSE,TRUE,"traceable"
"stage2","raw_evidence","data/raw/stage2/emodnet_wfs_geometry/20260808T183226Z/dataset_4474_bbox_hits_0001.xml","scripts/00_downloads/stage2/01_acquire_emodnet_wfs_geometry.R","",TRUE,510,"c90c71455a1dad8db342e263f6deaa570083caca520e1356b562a773a2d815aa","data/raw/stage2/emodnet_wfs_geometry/20260808T183226Z/manifest.csv",FALSE,TRUE,"traceable"
"stage2","raw_evidence","data/raw/stage2/emodnet_wfs_geometry/20260808T183226Z/dataset_4480_bbox_hits_0001.xml","scripts/00_downloads/stage2/01_acquire_emodnet_wfs_geometry.R","",TRUE,510,"7db6a3b479f572c1104988427f30ac6d9afd6be23ddc1e69fde4242726ef8b82","data/raw/stage2/emodnet_wfs_geometry/20260808T183226Z/manifest.csv",FALSE,TRUE,"traceable"
"stage2","raw_evidence","data/raw/stage2/emodnet_wfs_geometry/20260808T183226Z/dataset_4667_bbox_hits_0001.xml","scripts/00_downloads/stage2/01_acquire_emodnet_wfs_geometry.R","",TRUE,510,"08cc573335ae571b25470863ad11ce73095d172988a5a7a3529c24bc91aec62b","data/raw/stage2/emodnet_wfs_geometry/20260808T183226Z/manifest.csv",FALSE,TRUE,"traceable"
"stage2","raw_evidence","data/raw/stage2/emodnet_wfs_geometry/20260808T183226Z/dataset_5718_bbox_hits_0001.xml","scripts/00_downloads/stage2/01_acquire_emodnet_wfs_geometry.R","",TRUE,510,"682c38e54361d60ce4f1b8dc345e6c1dd8478a1a403dfdd7c3e50876bba2cd7c","data/raw/stage2/emodnet_wfs_geometry/20260808T183226Z/manifest.csv",FALSE,TRUE,"traceable"
"stage2","raw_evidence","data/raw/stage2/emodnet_wfs_geometry/20260808T183226Z/dataset_5735_bbox_hits_0001.xml","scripts/00_downloads/stage2/01_acquire_emodnet_wfs_geometry.R","",TRUE,510,"34ebaadb5dc0cab69e7befd572563ca600ed7c86f9a30f7b3111ec6cc7cee460","data/raw/stage2/emodnet_wfs_geometry/20260808T183226Z/manifest.csv",FALSE,TRUE,"traceable"
"stage2","raw_evidence","data/raw/stage2/emodnet_wfs_geometry/20260808T183226Z/dataset_5737_bbox_hits_0001.xml","scripts/00_downloads/stage2/01_acquire_emodnet_wfs_geometry.R","",TRUE,510,"37b2c819831134ac9431ed6aafc8597d296ebcf05def3e80ac62c33f6e0632a9","data/raw/stage2/emodnet_wfs_geometry/20260808T183226Z/manifest.csv",FALSE,TRUE,"traceable"
"stage2","raw_evidence","data/raw/stage2/emodnet_wfs_geometry/20260808T183226Z/dataset_5740_bbox_hits_0001.xml","scripts/00_downloads/stage2/01_acquire_emodnet_wfs_geometry.R","",TRUE,510,"63df1a4274ff4fdaa72b823ce7aa30e651207c30672d0c7ab39bd99711e2f798","data/raw/stage2/emodnet_wfs_geometry/20260808T183226Z/manifest.csv",FALSE,TRUE,"traceable"
"stage2","raw_evidence","data/raw/stage2/emodnet_wfs_geometry/20260808T183226Z/dataset_5743_bbox_hits_0001.xml","scripts/00_downloads/stage2/01_acquire_emodnet_wfs_geometry.R","",TRUE,510,"2e1bbff2a4373d5b5013a52a09b56496a8fe7cfafdad67821d02725170a3b99c","data/raw/stage2/emodnet_wfs_geometry/20260808T183226Z/manifest.csv",FALSE,TRUE,"traceable"
"stage2","raw_evidence","data/raw/stage2/emodnet_wfs_geometry/20260808T183226Z/dataset_5951_bbox_hits_0001.xml","scripts/00_downloads/stage2/01_acquire_emodnet_wfs_geometry.R","",TRUE,511,"ef7c2224d151f354272e152d7db1039cd4997275657fa249b87e0138cb69463b","data/raw/stage2/emodnet_wfs_geometry/20260808T183226Z/manifest.csv",FALSE,TRUE,"traceable"
"stage2","raw_evidence","data/raw/stage2/emodnet_wfs_geometry/20260808T183226Z/dataset_5951_bbox_records_0001.json","scripts/00_downloads/stage2/01_acquire_emodnet_wfs_geometry.R","",TRUE,197272,"dbb74b31e3ec9f50b0957b3c15fad15e07107b3b91053306e0a4b704d1eac60e","data/raw/stage2/emodnet_wfs_geometry/20260808T183226Z/manifest.csv",FALSE,TRUE,"traceable"
"stage2","raw_evidence","data/raw/stage2/emodnet_wfs_geometry/20260808T183226Z/dataset_5996_bbox_hits_0001.xml","scripts/00_downloads/stage2/01_acquire_emodnet_wfs_geometry.R","",TRUE,510,"0acd71bdb1cba95bf8f781041ee1221d770d0272e9ea12825c30cd7154c5134e","data/raw/stage2/emodnet_wfs_geometry/20260808T183226Z/manifest.csv",FALSE,TRUE,"traceable"
"stage2","raw_evidence","data/raw/stage2/emodnet_wfs_geometry/20260808T183226Z/dataset_6452_bbox_hits_0001.xml","scripts/00_downloads/stage2/01_acquire_emodnet_wfs_geometry.R","",TRUE,510,"3e833165ca38c211b821c3484eb4772c4620837aa30c080e51dde9e65dad5718","data/raw/stage2/emodnet_wfs_geometry/20260808T183226Z/manifest.csv",FALSE,TRUE,"traceable"
"stage2","raw_evidence","data/raw/stage2/emodnet_wfs_geometry/20260808T183226Z/dataset_6453_bbox_hits_0001.xml","scripts/00_downloads/stage2/01_acquire_emodnet_wfs_geometry.R","",TRUE,510,"ccf8c98eb480f98c8150a72f40a3ee11c8f23a10764b67244a98cf9be52e20b2","data/raw/stage2/emodnet_wfs_geometry/20260808T183226Z/manifest.csv",FALSE,TRUE,"traceable"
"stage2","raw_evidence","data/raw/stage2/emodnet_wfs_geometry/20260808T183226Z/dataset_6463_bbox_hits_0001.xml","scripts/00_downloads/stage2/01_acquire_emodnet_wfs_geometry.R","",TRUE,510,"09b3898a32253388e390fced479dfdb8d4b31c2ad226dd76483e3ea364eea4cb","data/raw/stage2/emodnet_wfs_geometry/20260808T183226Z/manifest.csv",FALSE,TRUE,"traceable"
"stage2","raw_evidence","data/raw/stage2/emodnet_wfs_geometry/20260808T183226Z/dataset_6464_bbox_hits_0001.xml","scripts/00_downloads/stage2/01_acquire_emodnet_wfs_geometry.R","",TRUE,510,"268e944d41240cc117578c1b6e7008aa53a60773af9ab8b416971b109e8a50d2","data/raw/stage2/emodnet_wfs_geometry/20260808T183226Z/manifest.csv",FALSE,TRUE,"traceable"
"stage2","raw_evidence","data/raw/stage2/emodnet_wfs_geometry/20260808T183226Z/dataset_6465_bbox_hits_0001.xml","scripts/00_downloads/stage2/01_acquire_emodnet_wfs_geometry.R","",TRUE,510,"95fe16a838a24f3d13d603a1d623c8ceff541c8425b8730919d0274ef11d81b0","data/raw/stage2/emodnet_wfs_geometry/20260808T183226Z/manifest.csv",FALSE,TRUE,"traceable"
"stage2","raw_evidence","data/raw/stage2/emodnet_wfs_geometry/20260808T183226Z/dataset_6466_bbox_hits_0001.xml","scripts/00_downloads/stage2/01_acquire_emodnet_wfs_geometry.R","",TRUE,510,"2672ce83a9a202917984fe428d8192014730ec89977b44069c8076a282dbf1c5","data/raw/stage2/emodnet_wfs_geometry/20260808T183226Z/manifest.csv",FALSE,TRUE,"traceable"
"stage2","raw_evidence","data/raw/stage2/emodnet_wfs_geometry/20260808T183226Z/dataset_6467_bbox_hits_0001.xml","scripts/00_downloads/stage2/01_acquire_emodnet_wfs_geometry.R","",TRUE,510,"6fd74a98a621591a4316bef1e354ce295cc62ac270eff0a920b1643394fc853f","data/raw/stage2/emodnet_wfs_geometry/20260808T183226Z/manifest.csv",FALSE,TRUE,"traceable"
"stage2","raw_evidence","data/raw/stage2/emodnet_wfs_geometry/20260808T183226Z/dataset_6468_bbox_hits_0001.xml","scripts/00_downloads/stage2/01_acquire_emodnet_wfs_geometry.R","",TRUE,510,"8f46fc527cc954dbec20cd07f150a73f08ca95a888e6b093757886a485ad85e2","data/raw/stage2/emodnet_wfs_geometry/20260808T183226Z/manifest.csv",FALSE,TRUE,"traceable"
"stage2","raw_evidence","data/raw/stage2/emodnet_wfs_geometry/20260808T183226Z/dataset_6669_bbox_hits_0001.xml","scripts/00_downloads/stage2/01_acquire_emodnet_wfs_geometry.R","",TRUE,510,"7d742ca6b6e555e80729a476e6af1baa9fb050754e9da2101bc6c2b24e09ad40","data/raw/stage2/emodnet_wfs_geometry/20260808T183226Z/manifest.csv",FALSE,TRUE,"traceable"
"stage2","raw_evidence","data/raw/stage2/emodnet_wfs_geometry/20260808T183226Z/dataset_6670_bbox_hits_0001.xml","scripts/00_downloads/stage2/01_acquire_emodnet_wfs_geometry.R","",TRUE,510,"d5f0eb3515b045c1b2bdbbacd5a635ccd97976821e7ab5468383825d7ed72ceb","data/raw/stage2/emodnet_wfs_geometry/20260808T183226Z/manifest.csv",FALSE,TRUE,"traceable"
"stage2","raw_evidence","data/raw/stage2/emodnet_wfs_geometry/20260808T183226Z/dataset_6698_bbox_hits_0001.xml","scripts/00_downloads/stage2/01_acquire_emodnet_wfs_geometry.R","",TRUE,515,"c860d1f950c1e99143f3e8761aca6f813cd4096ce79051fcd4bdbef82c66eb81","data/raw/stage2/emodnet_wfs_geometry/20260808T183226Z/manifest.csv",FALSE,TRUE,"traceable"
"stage2","raw_evidence","data/raw/stage2/emodnet_wfs_geometry/20260808T183226Z/dataset_6698_bbox_records_0001.json","scripts/00_downloads/stage2/01_acquire_emodnet_wfs_geometry.R","",TRUE,26748100,"232802ccc1bc4a986dfe92a573071c6c64377fb5dc31bcb10eac9d6b1aa51e5c","data/raw/stage2/emodnet_wfs_geometry/20260808T183226Z/manifest.csv",FALSE,TRUE,"traceable"
"stage2","raw_evidence","data/raw/stage2/emodnet_wfs_geometry/20260808T183226Z/dataset_6698_bbox_records_0002.json","scripts/00_downloads/stage2/01_acquire_emodnet_wfs_geometry.R","",TRUE,26725905,"ffd3486f8105588a0f673a7d21a53b2047658f6afc6bf5a070f7a963efba0e00","data/raw/stage2/emodnet_wfs_geometry/20260808T183226Z/manifest.csv",FALSE,TRUE,"traceable"
"stage2","raw_evidence","data/raw/stage2/emodnet_wfs_geometry/20260808T183226Z/dataset_6698_bbox_records_0003.json","scripts/00_downloads/stage2/01_acquire_emodnet_wfs_geometry.R","",TRUE,26760800,"6752a7d07ca482d50df1455c8fcc3ccaf57b3ff98b5314d23ade7b7f9eb4e29a","data/raw/stage2/emodnet_wfs_geometry/20260808T183226Z/manifest.csv",FALSE,TRUE,"traceable"
"stage2","raw_evidence","data/raw/stage2/emodnet_wfs_geometry/20260808T183226Z/dataset_6698_bbox_records_0004.json","scripts/00_downloads/stage2/01_acquire_emodnet_wfs_geometry.R","",TRUE,26661612,"d579e37b4503b9f22bfd1c0adf479786225a4efc65d072d26120d04b1c90c402","data/raw/stage2/emodnet_wfs_geometry/20260808T183226Z/manifest.csv",FALSE,TRUE,"traceable"
"stage2","raw_evidence","data/raw/stage2/emodnet_wfs_geometry/20260808T183226Z/dataset_6698_bbox_records_0005.json","scripts/00_downloads/stage2/01_acquire_emodnet_wfs_geometry.R","",TRUE,26715846,"23726ad8371ac5a85b22476ae4c66e761722438f3391dd79436656547fbd7e97","data/raw/stage2/emodnet_wfs_geometry/20260808T183226Z/manifest.csv",FALSE,TRUE,"traceable"
"stage2","raw_evidence","data/raw/stage2/emodnet_wfs_geometry/20260808T183226Z/dataset_6698_bbox_records_0006.json","scripts/00_downloads/stage2/01_acquire_emodnet_wfs_geometry.R","",TRUE,26704949,"ee1ced8c161c53edb4fa90c40b7f995706f19f873273d79eec30346627bb62bb","data/raw/stage2/emodnet_wfs_geometry/20260808T183226Z/manifest.csv",FALSE,TRUE,"traceable"
"stage2","raw_evidence","data/raw/stage2/emodnet_wfs_geometry/20260808T183226Z/dataset_6698_bbox_records_0007.json","scripts/00_downloads/stage2/01_acquire_emodnet_wfs_geometry.R","",TRUE,26899771,"84d9c8420a539cbc7e4d9444ebba935e275948208d87cc613997ead52492dcb8","data/raw/stage2/emodnet_wfs_geometry/20260808T183226Z/manifest.csv",FALSE,TRUE,"traceable"
"stage2","raw_evidence","data/raw/stage2/emodnet_wfs_geometry/20260808T183226Z/dataset_6698_bbox_records_0008.json","scripts/00_downloads/stage2/01_acquire_emodnet_wfs_geometry.R","",TRUE,27083317,"26404159d6b90bd32bf53fef63f2d8a49f734f625b4f5489c364686390a11d50","data/raw/stage2/emodnet_wfs_geometry/20260808T183226Z/manifest.csv",FALSE,TRUE,"traceable"
"stage2","raw_evidence","data/raw/stage2/emodnet_wfs_geometry/20260808T183226Z/dataset_6698_bbox_records_0009.json","scripts/00_downloads/stage2/01_acquire_emodnet_wfs_geometry.R","",TRUE,27074821,"be7c501a60b5489dde90124f79043e078e1405bba8b2d3a0f44b91fd547ce7b5","data/raw/stage2/emodnet_wfs_geometry/20260808T183226Z/manifest.csv",FALSE,TRUE,"traceable"
"stage2","raw_evidence","data/raw/stage2/emodnet_wfs_geometry/20260808T183226Z/dataset_6698_bbox_records_0010.json","scripts/00_downloads/stage2/01_acquire_emodnet_wfs_geometry.R","",TRUE,27005412,"aaaafa65978da9a59fb02a56e37ca33ac2977f464857425111805c5cdf2e794d","data/raw/stage2/emodnet_wfs_geometry/20260808T183226Z/manifest.csv",FALSE,TRUE,"traceable"
"stage2","raw_evidence","data/raw/stage2/emodnet_wfs_geometry/20260808T183226Z/dataset_6698_bbox_records_0011.json","scripts/00_downloads/stage2/01_acquire_emodnet_wfs_geometry.R","",TRUE,27146008,"f399a916607fcc12540be4312072386cdcc4157c992d18ab25331801385ea59f","data/raw/stage2/emodnet_wfs_geometry/20260808T183226Z/manifest.csv",FALSE,TRUE,"traceable"
"stage2","raw_evidence","data/raw/stage2/emodnet_wfs_geometry/20260808T183226Z/dataset_6698_bbox_records_0012.json","scripts/00_downloads/stage2/01_acquire_emodnet_wfs_geometry.R","",TRUE,27089426,"05df7c33e645316447b4ab54f20347810cc39735ccd632f8865c8691ed11d515","data/raw/stage2/emodnet_wfs_geometry/20260808T183226Z/manifest.csv",FALSE,TRUE,"traceable"
"stage2","raw_evidence","data/raw/stage2/emodnet_wfs_geometry/20260808T183226Z/dataset_6698_bbox_records_0013.json","scripts/00_downloads/stage2/01_acquire_emodnet_wfs_geometry.R","",TRUE,27148388,"05a16c1ee8112d601f2d44835ba28f173e711598757cf89f062d3693e042e231","data/raw/stage2/emodnet_wfs_geometry/20260808T183226Z/manifest.csv",FALSE,TRUE,"traceable"
"stage2","raw_evidence","data/raw/stage2/emodnet_wfs_geometry/20260808T183226Z/dataset_6698_bbox_records_0014.json","scripts/00_downloads/stage2/01_acquire_emodnet_wfs_geometry.R","",TRUE,27097607,"d4aedb5758830f357fc911d31580e7bc68077c586b2e34f7a01609110812b567","data/raw/stage2/emodnet_wfs_geometry/20260808T183226Z/manifest.csv",FALSE,TRUE,"traceable"
"stage2","raw_evidence","data/raw/stage2/emodnet_wfs_geometry/20260808T183226Z/dataset_6698_bbox_records_0015.json","scripts/00_downloads/stage2/01_acquire_emodnet_wfs_geometry.R","",TRUE,27154165,"dff8ac0aba207c9229bc35db1b35f8e8c3a7e8f39e1660d1aafd564d877e70b9","data/raw/stage2/emodnet_wfs_geometry/20260808T183226Z/manifest.csv",FALSE,TRUE,"traceable"
"stage2","raw_evidence","data/raw/stage2/emodnet_wfs_geometry/20260808T183226Z/dataset_6698_bbox_records_0016.json","scripts/00_downloads/stage2/01_acquire_emodnet_wfs_geometry.R","",TRUE,27049859,"18a8a8441ac9b87997b4009509d36aa323d63aded6d2ceea73baced92c36d465","data/raw/stage2/emodnet_wfs_geometry/20260808T183226Z/manifest.csv",FALSE,TRUE,"traceable"
"stage2","raw_evidence","data/raw/stage2/emodnet_wfs_geometry/20260808T183226Z/dataset_6698_bbox_records_0017.json","scripts/00_downloads/stage2/01_acquire_emodnet_wfs_geometry.R","",TRUE,27018966,"d1ff616626f809455e2eb9edf407abe9edc87c3233e4dddf705218b35c199593","data/raw/stage2/emodnet_wfs_geometry/20260808T183226Z/manifest.csv",FALSE,TRUE,"traceable"
"stage2","raw_evidence","data/raw/stage2/emodnet_wfs_geometry/20260808T183226Z/dataset_6698_bbox_records_0018.json","scripts/00_downloads/stage2/01_acquire_emodnet_wfs_geometry.R","",TRUE,26920901,"0028e429510a3a4c9914f0f8ad80ba8e39b47e9f0cb9d6e47ac6310b6ed54f15","data/raw/stage2/emodnet_wfs_geometry/20260808T183226Z/manifest.csv",FALSE,TRUE,"traceable"
"stage2","raw_evidence","data/raw/stage2/emodnet_wfs_geometry/20260808T183226Z/dataset_6698_bbox_records_0019.json","scripts/00_downloads/stage2/01_acquire_emodnet_wfs_geometry.R","",TRUE,27094765,"4bce78a3330a1f1e6b92b99804ec95aabf7872e138e720ee5732812d9192bae7","data/raw/stage2/emodnet_wfs_geometry/20260808T183226Z/manifest.csv",FALSE,TRUE,"traceable"
"stage2","raw_evidence","data/raw/stage2/emodnet_wfs_geometry/20260808T183226Z/dataset_6698_bbox_records_0020.json","scripts/00_downloads/stage2/01_acquire_emodnet_wfs_geometry.R","",TRUE,27160906,"41ce58de3edfbe4e68725bf28ff89ae12efaac512047cf7d1ff7203bcd555883","data/raw/stage2/emodnet_wfs_geometry/20260808T183226Z/manifest.csv",FALSE,TRUE,"traceable"
"stage2","raw_evidence","data/raw/stage2/emodnet_wfs_geometry/20260808T183226Z/dataset_6698_bbox_records_0021.json","scripts/00_downloads/stage2/01_acquire_emodnet_wfs_geometry.R","",TRUE,27162906,"bb8cccd49dc1b4f239c682ed4e7d59eda11012fab7ea72e559aa7b4441f0a938","data/raw/stage2/emodnet_wfs_geometry/20260808T183226Z/manifest.csv",FALSE,TRUE,"traceable"
"stage2","raw_evidence","data/raw/stage2/emodnet_wfs_geometry/20260808T183226Z/dataset_6698_bbox_records_0022.json","scripts/00_downloads/stage2/01_acquire_emodnet_wfs_geometry.R","",TRUE,27158073,"3808f2257260336e6e598e8b2470f0735b5b08533495dfb49dee217d053e0286","data/raw/stage2/emodnet_wfs_geometry/20260808T183226Z/manifest.csv",FALSE,TRUE,"traceable"
"stage2","raw_evidence","data/raw/stage2/emodnet_wfs_geometry/20260808T183226Z/dataset_6698_bbox_records_0023.json","scripts/00_downloads/stage2/01_acquire_emodnet_wfs_geometry.R","",TRUE,27158408,"3c415aaec83fa81ad55e32edccd995f57c95e6bba788f3bac97468b027d6d597","data/raw/stage2/emodnet_wfs_geometry/20260808T183226Z/manifest.csv",FALSE,TRUE,"traceable"
"stage2","raw_evidence","data/raw/stage2/emodnet_wfs_geometry/20260808T183226Z/dataset_6698_bbox_records_0024.json","scripts/00_downloads/stage2/01_acquire_emodnet_wfs_geometry.R","",TRUE,27173533,"57753816767da1e4e84ce8b663494ea99d8956537de0499759a4afff53848448","data/raw/stage2/emodnet_wfs_geometry/20260808T183226Z/manifest.csv",FALSE,TRUE,"traceable"
"stage2","raw_evidence","data/raw/stage2/emodnet_wfs_geometry/20260808T183226Z/dataset_6698_bbox_records_0025.json","scripts/00_downloads/stage2/01_acquire_emodnet_wfs_geometry.R","",TRUE,27222804,"0efdf1f31f757c4192cd982d06fe7c7f21018d021e3e008c17fc6548a9293670","data/raw/stage2/emodnet_wfs_geometry/20260808T183226Z/manifest.csv",FALSE,TRUE,"traceable"
"stage2","raw_evidence","data/raw/stage2/emodnet_wfs_geometry/20260808T183226Z/dataset_6698_bbox_records_0026.json","scripts/00_downloads/stage2/01_acquire_emodnet_wfs_geometry.R","",TRUE,27257770,"1851d0155f521dfe709dc4c6958c9d98d76b4b1dbda89b0aaabfa4397c9f15ee","data/raw/stage2/emodnet_wfs_geometry/20260808T183226Z/manifest.csv",FALSE,TRUE,"traceable"
"stage2","raw_evidence","data/raw/stage2/emodnet_wfs_geometry/20260808T183226Z/dataset_6698_bbox_records_0027.json","scripts/00_downloads/stage2/01_acquire_emodnet_wfs_geometry.R","",TRUE,27296643,"4a9d4c401e493fbc6231e53268ff1018addda42d20d20bd48af8c53b8a28a682","data/raw/stage2/emodnet_wfs_geometry/20260808T183226Z/manifest.csv",FALSE,TRUE,"traceable"
"stage2","raw_evidence","data/raw/stage2/emodnet_wfs_geometry/20260808T183226Z/dataset_6698_bbox_records_0028.json","scripts/00_downloads/stage2/01_acquire_emodnet_wfs_geometry.R","",TRUE,27262609,"003dc380046f66331bd736c00d46fd12ecf5fc81ba3005042221ab3a48cc8bca","data/raw/stage2/emodnet_wfs_geometry/20260808T183226Z/manifest.csv",FALSE,TRUE,"traceable"
"stage2","raw_evidence","data/raw/stage2/emodnet_wfs_geometry/20260808T183226Z/dataset_6698_bbox_records_0029.json","scripts/00_downloads/stage2/01_acquire_emodnet_wfs_geometry.R","",TRUE,27301567,"e6146493c13e9c7b4067b053e08b572815debd0fae09de8a0f36e58c0632dcc9","data/raw/stage2/emodnet_wfs_geometry/20260808T183226Z/manifest.csv",FALSE,TRUE,"traceable"
"stage2","raw_evidence","data/raw/stage2/emodnet_wfs_geometry/20260808T183226Z/dataset_6698_bbox_records_0030.json","scripts/00_downloads/stage2/01_acquire_emodnet_wfs_geometry.R","",TRUE,9092624,"75e23b247b9b3e470d7078047b4d26a81a3ff8ea69fc4631413fe977e6482bb5","data/raw/stage2/emodnet_wfs_geometry/20260808T183226Z/manifest.csv",FALSE,TRUE,"traceable"
"stage2","raw_evidence","data/raw/stage2/emodnet_wfs_geometry/20260808T183226Z/dataset_8192_bbox_hits_0001.xml","scripts/00_downloads/stage2/01_acquire_emodnet_wfs_geometry.R","",TRUE,510,"2203bd1e7786c69f2c66228d5d7912b9f49d6124a63f3a0922a69a10cc61e58e","data/raw/stage2/emodnet_wfs_geometry/20260808T183226Z/manifest.csv",FALSE,TRUE,"traceable"
"stage2","raw_evidence","data/raw/stage2/emodnet_wfs_geometry/20260808T183226Z/dataset_8789_bbox_hits_0001.xml","scripts/00_downloads/stage2/01_acquire_emodnet_wfs_geometry.R","",TRUE,510,"be6dcefd65d829102055a1eb8615a3c0f2411f7eb38ad4c4d308375e654d2cf9","data/raw/stage2/emodnet_wfs_geometry/20260808T183226Z/manifest.csv",FALSE,TRUE,"traceable"
"stage2","raw_evidence","data/raw/stage2/emodnet_wfs_geometry/20260808T183226Z/dataset_8791_bbox_hits_0001.xml","scripts/00_downloads/stage2/01_acquire_emodnet_wfs_geometry.R","",TRUE,510,"0bd7989d81954848952ba1f3b67e06f189e7494d5d3e78e5997879413079c06c","data/raw/stage2/emodnet_wfs_geometry/20260808T183226Z/manifest.csv",FALSE,TRUE,"traceable"
"stage2","raw_evidence","data/raw/stage2/emodnet_wfs_geometry/20260808T183226Z/dataset_8792_bbox_hits_0001.xml","scripts/00_downloads/stage2/01_acquire_emodnet_wfs_geometry.R","",TRUE,510,"deb9782adf927368b5f996464bd79abe441f81a8a25e4b897c0c85d05a282ab7","data/raw/stage2/emodnet_wfs_geometry/20260808T183226Z/manifest.csv",FALSE,TRUE,"traceable"
"stage2","raw_evidence","data/raw/stage2/emodnet_wfs_geometry/20260808T183226Z/dataset_8795_bbox_hits_0001.xml","scripts/00_downloads/stage2/01_acquire_emodnet_wfs_geometry.R","",TRUE,510,"69cc42c19d74a43132f923340bd902443452ad372992fc074981accf818f860f","data/raw/stage2/emodnet_wfs_geometry/20260808T183226Z/manifest.csv",FALSE,TRUE,"traceable"
"stage2","raw_evidence","data/raw/stage2/emodnet_wfs_geometry/20260808T183226Z/dataset_8796_bbox_hits_0001.xml","scripts/00_downloads/stage2/01_acquire_emodnet_wfs_geometry.R","",TRUE,510,"c7e59c5f7f9d82706925fb8b5964b41b716a1c85c18853888d7598aca3354e58","data/raw/stage2/emodnet_wfs_geometry/20260808T183226Z/manifest.csv",FALSE,TRUE,"traceable"
"stage2","raw_evidence","data/raw/stage2/emodnet_wfs_geometry/20260808T183226Z/dataset_8797_bbox_hits_0001.xml","scripts/00_downloads/stage2/01_acquire_emodnet_wfs_geometry.R","",TRUE,510,"79cfad45007119ac04fcc2d5531706b7e543707d51d1627942559ed0756ff4dd","data/raw/stage2/emodnet_wfs_geometry/20260808T183226Z/manifest.csv",FALSE,TRUE,"traceable"
"stage2","raw_evidence","data/raw/stage2/emodnet_wfs_geometry/20260808T183226Z/dataset_8801_bbox_hits_0001.xml","scripts/00_downloads/stage2/01_acquire_emodnet_wfs_geometry.R","",TRUE,510,"9eb9cf27015a5651e7e96305df4c56b64bfb8f1b64cf25420439a3c0069a6293","data/raw/stage2/emodnet_wfs_geometry/20260808T183226Z/manifest.csv",FALSE,TRUE,"traceable"
"stage2","raw_evidence","data/raw/stage2/emodnet_wfs_geometry/20260808T183226Z/dataset_hit_summary.csv","scripts/00_downloads/stage2/01_acquire_emodnet_wfs_geometry.R","",TRUE,525,"6d75e01f660baeb3d048ea96c8ad0805e6c517aec91b40b30dde71c8216b3510","calculated_by_inventory_script_small_unregistered_raw",FALSE,TRUE,"traceable"
"stage2","raw_evidence","data/raw/stage2/emodnet_wfs_geometry/20260808T183226Z/manifest.csv","scripts/00_downloads/stage2/01_acquire_emodnet_wfs_geometry.R","",TRUE,53537,"6d820d52b8cec968df111a683384c3478cd8b7d4c2ecf12beb43092119b7422d","calculated_by_inventory_script_small_unregistered_raw",FALSE,TRUE,"traceable"
"stage2","raw_evidence","data/raw/stage2/emodnet_wfs_geometry/20260808T183226Z/run_summary.json","scripts/00_downloads/stage2/01_acquire_emodnet_wfs_geometry.R","",TRUE,730,"714a18e97ff334362d49e756363c1a75d717415cf7290d75df56540f602f14e3","calculated_by_inventory_script_small_unregistered_raw",FALSE,TRUE,"traceable"
"stage2","raw_evidence","data/raw/stage2/emodnet_wfs_geometry/20260808T183226Z/run.log","scripts/00_downloads/stage2/01_acquire_emodnet_wfs_geometry.R","",TRUE,223,"e5de20ea522245bf7015892669ae26a0be230f37a15cc214fb180271b7ed9943","calculated_by_inventory_script_small_unregistered_raw",FALSE,TRUE,"traceable"
"stage2","raw_evidence","data/raw/stage2/emodnet_wfs_survivor_metadata/20260808T190338Z/manifest.csv","scripts/00_downloads/stage2/02_acquire_emodnet_wfs_survivor_metadata.R","",TRUE,1360,"097544604c71d269035d81f9c5b326459966dbefe39b19498aa9d763e2998458","calculated_by_inventory_script_small_unregistered_raw",FALSE,TRUE,"traceable"
"stage2","raw_evidence","data/raw/stage2/emodnet_wfs_survivor_metadata/20260808T190338Z/marineinfo_dataset_2453.html","scripts/00_downloads/stage2/02_acquire_emodnet_wfs_survivor_metadata.R","",TRUE,24117,"bb5e0ef0dfc6ac9718dba281dd634666dc8408dd193ee1dd7265e1d95997f9f6","data/raw/stage2/emodnet_wfs_survivor_metadata/20260808T190338Z/manifest.csv",FALSE,TRUE,"traceable"
"stage2","raw_evidence","data/raw/stage2/emodnet_wfs_survivor_metadata/20260808T190338Z/marineinfo_dataset_5951.html","scripts/00_downloads/stage2/02_acquire_emodnet_wfs_survivor_metadata.R","",TRUE,15761,"8e73e9d804e1ba0cf4b8de87e5c2dda901c606fd3aa6cf370a7e66405110f134","data/raw/stage2/emodnet_wfs_survivor_metadata/20260808T190338Z/manifest.csv",FALSE,TRUE,"traceable"
"stage2","raw_evidence","data/raw/stage2/emodnet_wfs_survivor_metadata/20260808T190338Z/marineinfo_dataset_6698.html","scripts/00_downloads/stage2/02_acquire_emodnet_wfs_survivor_metadata.R","",TRUE,20940,"6f3f0030d32f38af17d9440b57328b5714b5a45f64c6cf877fe20e92cfbfcbfe","data/raw/stage2/emodnet_wfs_survivor_metadata/20260808T190338Z/manifest.csv",FALSE,TRUE,"traceable"
"stage2","raw_evidence","data/raw/stage2/emodnet_wfs_survivor_metadata/20260808T190338Z/run_summary.json","scripts/00_downloads/stage2/02_acquire_emodnet_wfs_survivor_metadata.R","",TRUE,461,"70ec1a1230ab704d8f3ab57508eb058dcdd297fa3b31939b91e3f862df81df56","calculated_by_inventory_script_small_unregistered_raw",FALSE,TRUE,"traceable"
"stage2","raw_evidence","data/raw/stage2/emodnet_wfs_survivor_metadata/20260808T190338Z/run.log","scripts/00_downloads/stage2/02_acquire_emodnet_wfs_survivor_metadata.R","",TRUE,172,"c24376e86dd89a5867f82b5ef02b1896d2a0616a0b8fc934d6ac10bae461d3ec","calculated_by_inventory_script_small_unregistered_raw",FALSE,TRUE,"traceable"
"stage2","description","docs/stages/STAGE2.md","not_applicable_source_or_input","",TRUE,7758,"a9a8cc5e3073f1864ae9c279a79261ba77cb9f18ac0ab5f18cf0c4ef7da85688","calculated_by_inventory_script",FALSE,FALSE,"source_or_input"
"stage2","generated_metadata","metadata/stage2/acquisition/ds02_rws_catalogue_acquisition_manifest.csv","scripts/00_downloads/stage2/08_acquire_ds02_rws_catalogue.R","scripts/00_downloads/stage2/08_acquire_ds02_rws_catalogue.R;scripts/02_stage2/datasets/02_screen_ds02_rws_catalogue.R",TRUE,3565,"9b0a78459a42d55b98eaea1177138f933cab8093e3f944abf500e916672a9c20","calculated_by_inventory_script",TRUE,FALSE,"traceable"
"stage2","generated_metadata","metadata/stage2/acquisition/ds02_rws_catalogue_active_run.csv","scripts/00_downloads/stage2/08_acquire_ds02_rws_catalogue.R","scripts/00_downloads/stage2/08_acquire_ds02_rws_catalogue.R;scripts/02_stage2/datasets/02_screen_ds02_rws_catalogue.R",TRUE,741,"3313e0e1a6be3d312256937f793d869ebe4ad531d67d2232d20cc1d699cde88d","calculated_by_inventory_script",TRUE,FALSE,"traceable"
"stage2","generated_metadata","metadata/stage2/acquisition/ds02_rws_manual_export_acquisition_manifest.csv","scripts/00_downloads/stage2/10_intake_ds02_rws_manual_export.R","scripts/00_downloads/stage2/10_intake_ds02_rws_manual_export.R;scripts/02_stage2/datasets/02_inventory_screen_ds02_rws.R",TRUE,5026,"d57a6a7ab103f66014067536b7eac4936c16372639f73d1bf1316ebc00fb1e6b","calculated_by_inventory_script",TRUE,FALSE,"traceable"
"stage2","generated_metadata","metadata/stage2/acquisition/ds02_rws_manual_export_active_run.csv","scripts/00_downloads/stage2/10_intake_ds02_rws_manual_export.R","scripts/00_downloads/stage2/10_intake_ds02_rws_manual_export.R;scripts/02_stage2/datasets/02_inventory_screen_ds02_rws.R",TRUE,790,"9052961301d808ded4986aa0ad12a885ca709865a517d1886e78b74514c8049b","calculated_by_inventory_script",TRUE,FALSE,"traceable"
"stage2","generated_metadata","metadata/stage2/acquisition/ds02_rws_manual_export_file_inventory.csv","scripts/00_downloads/stage2/10_intake_ds02_rws_manual_export.R","scripts/00_downloads/stage2/10_intake_ds02_rws_manual_export.R",TRUE,1961,"329c92e22a124930eb9c45bd732d19270a7f013bab39f7348f8fad2dc03109e2","calculated_by_inventory_script",TRUE,FALSE,"traceable"
"stage2","generated_metadata","metadata/stage2/acquisition/ds02_rws_manual_export_intake_summary.csv","scripts/00_downloads/stage2/10_intake_ds02_rws_manual_export.R","scripts/00_downloads/stage2/10_intake_ds02_rws_manual_export.R;scripts/02_stage2/control/01_refresh_acquisition_status.R",TRUE,1237,"7302a03e613de00edf1f7292b19514b081e0873bba371974d4e823d337e94676","calculated_by_inventory_script",TRUE,FALSE,"traceable"
"stage2","generated_metadata","metadata/stage2/acquisition/ds02_rws_v3_access_active_run.csv","scripts/00_downloads/stage2/09_diagnose_ds02_rws_v3_access.R","scripts/00_downloads/stage2/09_diagnose_ds02_rws_v3_access.R;scripts/02_stage2/datasets/02_screen_ds02_rws_catalogue.R",TRUE,619,"92d173987e94233628004e3cacad0fa6529c00eb9364cb5a124538de246d03e7","calculated_by_inventory_script",TRUE,FALSE,"traceable"
"stage2","generated_metadata","metadata/stage2/acquisition/ds02_rws_v3_access_diagnosis.csv","scripts/00_downloads/stage2/09_diagnose_ds02_rws_v3_access.R","scripts/00_downloads/stage2/09_diagnose_ds02_rws_v3_access.R;scripts/02_stage2/datasets/02_screen_ds02_rws_catalogue.R",TRUE,884,"e48b47617851f62fa09b27d72a7c1c9dcc4d791d8c29bf49204d85330c745c67","calculated_by_inventory_script",TRUE,FALSE,"traceable"
"stage2","generated_metadata","metadata/stage2/acquisition/ds03_eurobis_active_run.csv","scripts/00_downloads/stage2/17_acquire_ds03_eurobis.R","scripts/00_downloads/stage2/17_acquire_ds03_eurobis.R;scripts/02_stage2/datasets/02_screen_ds03_eurobis.R",TRUE,283,"cd4f98f3722e37604ddb1515c4a16497fcfc111a123aa0c0d6c66ba7feeb394c","calculated_by_inventory_script",TRUE,FALSE,"traceable"
"stage2","generated_metadata","metadata/stage2/acquisition/ds04_plet_bsh_active_run.csv","scripts/00_downloads/stage2/11_acquire_ds04_plet_bsh.R","scripts/00_downloads/stage2/11_acquire_ds04_plet_bsh.R;scripts/02_stage2/datasets/02_screen_ds04_bsh.R",TRUE,278,"23037d19feb38ce77dcf1abf34fb0b9804963b3426f949f12ce880338e74fe80","calculated_by_inventory_script",TRUE,FALSE,"traceable"
"stage2","generated_metadata","metadata/stage2/acquisition/ds05_plet_novana_active_run.csv","scripts/00_downloads/stage2/12_acquire_ds05_plet_novana.R","scripts/00_downloads/stage2/12_acquire_ds05_plet_novana.R;scripts/02_stage2/datasets/02_screen_ds05_plet_novana.R",TRUE,287,"8afb2f637b16a847713bf90f85b73f31a72c1d75cace4f156b7f9b6d7e527010","calculated_by_inventory_script",TRUE,FALSE,"traceable"
"stage2","generated_metadata","metadata/stage2/acquisition/ds06_smhi_shark_acquisition_manifest.csv","scripts/00_downloads/stage2/05_acquire_ds06_smhi_shark.R","scripts/00_downloads/stage2/05_acquire_ds06_smhi_shark.R;scripts/02_stage2/datasets/02_inventory_screen_ds06_smhi_shark.R;scripts/02_stage2/datasets/02_resolve_ds06_smhi_shark_duplicates.R;scripts/02_stage2/datasets/02_summarize_ds06_smhi_shark_screening.R",TRUE,255216,"e7c8aeec0f286616dd9080ae7d7be7fb5728f36185209bdd298a3787b2506535","calculated_by_inventory_script",TRUE,FALSE,"traceable"
"stage2","generated_metadata","metadata/stage2/acquisition/ds06_smhi_shark_active_run.csv","scripts/00_downloads/stage2/05_acquire_ds06_smhi_shark.R","scripts/00_downloads/stage2/05_acquire_ds06_smhi_shark.R;scripts/02_stage2/datasets/02_inventory_screen_ds06_smhi_shark.R",TRUE,651,"def1dfff9a81dc5755e0b3dd913291db7d664054619e1ca1b62c78c5d5a08490","calculated_by_inventory_script",TRUE,FALSE,"traceable"
"stage2","generated_metadata","metadata/stage2/acquisition/ds07_plet_cefas_active_run.csv","scripts/00_downloads/stage2/13_acquire_ds07_plet_cefas.R","scripts/00_downloads/stage2/13_acquire_ds07_plet_cefas.R;scripts/02_stage2/datasets/02_screen_ds07_plet_cefas.R",TRUE,284,"f1e6f55128eb89bbeead49ca7a8434b482e0218efa8016f6fd82b7fd261caa51","calculated_by_inventory_script",TRUE,FALSE,"traceable"
"stage2","generated_metadata","metadata/stage2/acquisition/ds08_pangaea_abundance_active_run.csv","scripts/00_downloads/stage2/26_acquire_ds08_pangaea_abundance.R","scripts/00_downloads/stage2/26_acquire_ds08_pangaea_abundance.R;scripts/02_stage2/control/02_build_access_dispositions.R",TRUE,305,"38555239f2a63ebec1028d4351293a90158d6be94996165e6344a220346fdf9f","calculated_by_inventory_script",TRUE,FALSE,"traceable"
"stage2","generated_metadata","metadata/stage2/acquisition/ds09_pangaea_active_run.csv","scripts/00_downloads/stage2/19_acquire_ds09_pangaea_sylt.R","scripts/00_downloads/stage2/19_acquire_ds09_pangaea_sylt.R;scripts/02_stage2/datasets/02_screen_ds09_pangaea.R",TRUE,275,"595db50006fef35bf5678d4bc0b5c27417d6f52ec88610d47ae5d0fdb644d402","calculated_by_inventory_script",TRUE,FALSE,"traceable"
"stage2","generated_metadata","metadata/stage2/acquisition/ds10_plet_vliz_active_run.csv","scripts/00_downloads/stage2/15_register_ds10_plet_vliz_legacy.R","scripts/00_downloads/stage2/15_register_ds10_plet_vliz_legacy.R;scripts/02_stage2/datasets/02_screen_ds10_vliz.R",TRUE,281,"ec9e5a9e5bb640929f1e6a80884670056c5f3595644b8082aef7ea2d16899130","calculated_by_inventory_script",TRUE,FALSE,"traceable"
"stage2","generated_metadata","metadata/stage2/acquisition/ds10_vliz_imis_active_run.csv","scripts/00_downloads/stage2/24_acquire_ds10_vliz_imis.R","scripts/00_downloads/stage2/24_acquire_ds10_vliz_imis.R",TRUE,281,"d69885513984805995be2cdd7f74a10e11d206df6d0c957cc1de77318f7e486a","calculated_by_inventory_script",TRUE,FALSE,"traceable"
"stage2","generated_metadata","metadata/stage2/acquisition/ds11_plet_chlorophyll_active_run.csv","scripts/00_downloads/stage2/16_acquire_ds11_plet_chlorophyll.R","scripts/00_downloads/stage2/16_acquire_ds11_plet_chlorophyll.R;scripts/02_stage2/datasets/02_screen_ds11_chlorophyll.R",TRUE,302,"ad5b2d26948c2752d079aed7e7c551de64ff53450e0c1fc3a57ea46caeab459d","calculated_by_inventory_script",TRUE,FALSE,"traceable"
"stage2","generated_metadata","metadata/stage2/acquisition/ds12_dassh_ipt_active_run.csv","scripts/00_downloads/stage2/25_acquire_ds12_dassh_ipt.R","scripts/00_downloads/stage2/25_acquire_ds12_dassh_ipt.R;scripts/02_stage2/control/02_build_access_dispositions.R;scripts/02_stage2/datasets/02_screen_ds12_cpr.R",TRUE,281,"273fd83f52c3d0fc86bff49032482557f87e6285dd163381d0b65af35c2f2522","calculated_by_inventory_script",TRUE,FALSE,"traceable"
"stage2","generated_metadata","metadata/stage2/acquisition/ds15_emodnet_presence_active_run.csv","scripts/00_downloads/stage2/23_acquire_ds15_emodnet_presence.R","scripts/00_downloads/stage2/23_acquire_ds15_emodnet_presence.R",TRUE,284,"63543dca57f9dbe00b2fab5ebbef000ae59abee44748aaabb1418198bc0a94c1","calculated_by_inventory_script",TRUE,FALSE,"traceable"
"stage2","generated_metadata","metadata/stage2/acquisition/ds16_plet_stonehaven_active_run.csv","scripts/00_downloads/stage2/14_acquire_ds16_plet_stonehaven.R","scripts/00_downloads/stage2/14_acquire_ds16_plet_stonehaven.R;scripts/02_stage2/datasets/02_screen_ds16_stonehaven.R",TRUE,299,"067f3eaeef4a19b8b62b1496070fd1f58475cb6540cea2757ed41491b286cdbb","calculated_by_inventory_script",TRUE,FALSE,"traceable"
"stage2","generated_metadata","metadata/stage2/acquisition/ds22_figshare_active_run.csv","scripts/00_downloads/stage2/22_acquire_ds22_figshare.R","scripts/00_downloads/stage2/22_acquire_ds22_figshare.R",TRUE,278,"cb935b201e3ad93dfbada316a0b624124950d3fa6057435812da70b65ce31229","calculated_by_inventory_script",TRUE,FALSE,"traceable"
"stage2","generated_metadata","metadata/stage2/acquisition/ds24_figshare_active_run.csv","scripts/00_downloads/stage2/18_acquire_ds24_figshare.R","scripts/00_downloads/stage2/18_acquire_ds24_figshare.R;scripts/02_stage2/datasets/02_screen_ds24_figshare.R",TRUE,278,"974abdd6a00f3d6e580c02efa4e8e5b343f0f69c4ec28fa657aff358951eeac5","calculated_by_inventory_script",TRUE,FALSE,"traceable"
"stage2","generated_metadata","metadata/stage2/acquisition/ds26_ifcb_reference_acquisition_manifest.csv","scripts/00_downloads/stage2/07_acquire_ds26_ifcb_reference_library.R","scripts/00_downloads/stage2/07_acquire_ds26_ifcb_reference_library.R;scripts/02_stage2/datasets/02_summarize_ds26_ifcb_reference_library.R",TRUE,4171,"bd0b1423ac4ab43b0d831781b84610f73cb1c2ee30284a04d199266a119fcdd6","calculated_by_inventory_script",TRUE,FALSE,"traceable"
"stage2","generated_metadata","metadata/stage2/acquisition/ds26_ifcb_reference_active_run.csv","scripts/00_downloads/stage2/07_acquire_ds26_ifcb_reference_library.R","scripts/00_downloads/stage2/07_acquire_ds26_ifcb_reference_library.R;scripts/02_stage2/datasets/02_summarize_ds26_ifcb_reference_library.R",TRUE,663,"c83536a10fc9c86e4a01c6434fa6ab03752e1edd6bdcfdc34312b6e3e0313de1","calculated_by_inventory_script",TRUE,FALSE,"traceable"
"stage2","generated_metadata","metadata/stage2/acquisition/ds26_smhi_ifcb_acquisition_manifest.csv","scripts/00_downloads/stage2/06_acquire_ds26_smhi_ifcb.R","scripts/00_downloads/stage2/06_acquire_ds26_smhi_ifcb.R;scripts/02_stage2/datasets/02_inventory_screen_ds26_smhi_ifcb.R",TRUE,3427,"a699ed6fa2782a10a9cafc87bae11c5f4506839fa4e4b8ec3c23f2828c0552d0","calculated_by_inventory_script",TRUE,FALSE,"traceable"
"stage2","generated_metadata","metadata/stage2/acquisition/ds26_smhi_ifcb_active_run.csv","scripts/00_downloads/stage2/06_acquire_ds26_smhi_ifcb.R","scripts/00_downloads/stage2/06_acquire_ds26_smhi_ifcb.R;scripts/02_stage2/datasets/02_inventory_screen_ds26_smhi_ifcb.R",TRUE,656,"b01ca93058374c8cc8d28fb4d3c8acafa662730c3001818849d917e52c62e171","calculated_by_inventory_script",TRUE,FALSE,"traceable"
"stage2","generated_metadata","metadata/stage2/acquisition/ds26_smhi_ifcb_figshare_file_inventory.csv","scripts/00_downloads/stage2/06_acquire_ds26_smhi_ifcb.R","R/03_stage2_contract.R;scripts/00_downloads/stage2/06_acquire_ds26_smhi_ifcb.R",TRUE,965,"2baea7f0222cee09ee40ed6ede7008bee2d3394fdadc6b17c520ee5ff455c2b2","calculated_by_inventory_script",TRUE,FALSE,"traceable"
"stage2","generated_metadata","metadata/stage2/acquisition/ds27_pangaea_ferrybox_active_run.csv","scripts/00_downloads/stage2/20_acquire_ds27_pangaea_ferrybox.R","scripts/00_downloads/stage2/20_acquire_ds27_pangaea_ferrybox.R;scripts/02_stage2/datasets/02_screen_ds27_ferrybox.R",TRUE,284,"eb6a385c2115524db5c2ea3bd5d04979db4c939420ef592597c4b12d69dddeba","calculated_by_inventory_script",TRUE,FALSE,"traceable"
"stage2","generated_metadata","metadata/stage2/acquisition/emodnet_wfs_active_run.csv","scripts/02_stage2/wfs/00_register_geometry_run.R","R/04_stage_inventory.R;scripts/02_stage2/wfs/00_register_geometry_run.R;scripts/02_stage2/wfs/01_screen_geometry.R",TRUE,900,"76920a6b261e841cfab77ef9ef21f5337eef4ad7d0a7eaa71280ded2001a55ce","calculated_by_inventory_script",TRUE,FALSE,"traceable"
"stage2","generated_metadata","metadata/stage2/acquisition/emodnet_wfs_metadata_active_run.csv","scripts/02_stage2/wfs/02_register_metadata_run.R","R/04_stage_inventory.R;scripts/02_stage2/wfs/02_register_metadata_run.R;scripts/02_stage2/wfs/03_resolve_survivors.R",TRUE,580,"43d514b88688f4c8e7e1e6e136430c82a2bd61ee4b04b0f1eb0d02ac05aaa537","calculated_by_inventory_script",TRUE,FALSE,"traceable"
"stage2","generated_metadata","metadata/stage2/control/access_dispositions.csv","scripts/02_stage2/control/02_build_access_dispositions.R","R/04_stage_inventory.R;scripts/02_stage2/control/01_refresh_acquisition_status.R;scripts/02_stage2/control/02_build_access_dispositions.R;scripts/99_stage_status.R",TRUE,6975,"86b851ae93689ebfc00e9423ac9fe32c614f6d76b29bc4f121d42fac4a7e2098","calculated_by_inventory_script",FALSE,FALSE,"traceable"
"stage2","generated_metadata","metadata/stage2/control/acquisition_status.csv","scripts/02_stage2/control/01_refresh_acquisition_status.R","R/04_stage_inventory.R;scripts/00_downloads/stage2/11_acquire_ds04_plet_bsh.R;scripts/00_downloads/stage2/12_acquire_ds05_plet_novana.R;scripts/00_downloads/stage2/13_acquire_ds07_plet_cefas.R;scripts/00_downloads/stage2/14_acquire_ds16_plet_stonehaven.R;scripts/00_downloads/stage2/16_acquire_ds11_plet_chlorophyll.R;scripts/00_downloads/stage2/17_acquire_ds03_eurobis.R;scripts/00_downloads/stage2/18_acquire_ds24_figshare.R;scripts/00_downloads/stage2/19_acquire_ds09_pangaea_sylt.R;scripts/00_downloads/stage2/20_acquire_ds27_pangaea_ferrybox.R;scripts/00_downloads/stage2/22_acquire_ds22_figshare.R;scripts/00_downloads/stage2/23_acquire_ds15_emodnet_presence.R;scripts/00_downloads/stage2/24_acquire_ds10_vliz_imis.R;scripts/00_downloads/stage2/25_acquire_ds12_dassh_ipt.R;scripts/00_downloads/stage2/26_acquire_ds08_pangaea_abundance.R;scripts/02_stage2/control/01_refresh_acquisition_status.R;scripts/02_stage2/control/99_validate_stage2.R;scripts/99_stage_status.R",TRUE,6538,"d9ba34c57cadc421218cdc72deaae6ab3ed5669ca16ad89f4e9dcf571bf5872a","calculated_by_inventory_script",TRUE,FALSE,"traceable"
"stage2","generated_metadata","metadata/stage2/control/acquisition_work_order.csv","scripts/02_stage2/control/00_initialize_contract.R","R/04_stage_inventory.R;scripts/00_downloads/stage2/11_acquire_ds04_plet_bsh.R;scripts/00_downloads/stage2/12_acquire_ds05_plet_novana.R;scripts/00_downloads/stage2/13_acquire_ds07_plet_cefas.R;scripts/00_downloads/stage2/14_acquire_ds16_plet_stonehaven.R;scripts/00_downloads/stage2/16_acquire_ds11_plet_chlorophyll.R;scripts/00_downloads/stage2/17_acquire_ds03_eurobis.R;scripts/00_downloads/stage2/18_acquire_ds24_figshare.R;scripts/00_downloads/stage2/19_acquire_ds09_pangaea_sylt.R;scripts/00_downloads/stage2/20_acquire_ds27_pangaea_ferrybox.R;scripts/00_downloads/stage2/22_acquire_ds22_figshare.R;scripts/00_downloads/stage2/23_acquire_ds15_emodnet_presence.R;scripts/00_downloads/stage2/24_acquire_ds10_vliz_imis.R;scripts/00_downloads/stage2/25_acquire_ds12_dassh_ipt.R;scripts/00_downloads/stage2/26_acquire_ds08_pangaea_abundance.R;scripts/02_stage2/control/00_initialize_contract.R;scripts/02_stage2/control/01_refresh_acquisition_status.R;scripts/02_stage2/control/02_build_access_dispositions.R;scripts/02_stage2/control/99_validate_stage2.R;scripts/02_stage2/datasets/02_summarize_ds03_eurobis_screening.R",TRUE,4878,"c15fae37d59a9c768b2fefc29f21d9719e10e9da28921d39871ac8bdadbfc74b","calculated_by_inventory_script",TRUE,FALSE,"traceable"
"stage2","generated_metadata","metadata/stage2/control/contract_freeze.json","scripts/02_stage2/control/00_initialize_contract.R","R/04_stage_inventory.R;scripts/02_stage2/control/00_initialize_contract.R;scripts/02_stage2/control/99_validate_stage2.R",TRUE,2412,"0b4c37c9becfb089b88df6bd5db33d4926ac63c0a7aec52c65f162efb701217b","calculated_by_inventory_script",TRUE,FALSE,"traceable"
"stage2","generated_metadata","metadata/stage2/control/wfs_geometry_queue.csv","scripts/02_stage2/control/00_initialize_contract.R","R/03_stage2_contract.R;R/04_stage_inventory.R;scripts/02_stage2/control/00_initialize_contract.R;scripts/02_stage2/control/99_validate_stage2.R;scripts/02_stage2/wfs/01_screen_geometry.R",TRUE,21157,"ea50b4594a865634a97458b88657cfcea959be5b3da84f1c10b3ea43b9ddc7ea","calculated_by_inventory_script",TRUE,FALSE,"traceable"
"stage2","generated_metadata","metadata/stage2/inventory/file_inventory.csv","scripts/00_traceability/01_build_stage_file_inventory.R","R/03_stage2_contract.R;R/04_stage_inventory.R;scripts/00_downloads/stage2/06_acquire_ds26_smhi_ifcb.R;scripts/00_downloads/stage2/10_intake_ds02_rws_manual_export.R;scripts/00_traceability/01_build_stage_file_inventory.R;scripts/01_stage1/99_validate_stage1.R;scripts/02_stage2/control/98_legacy_raw_inventory.R;scripts/02_stage2/control/99_validate_stage2.R;scripts/99_stage_status.R",TRUE,,,"self_referential_inventory_not_hashed",FALSE,FALSE,"traceable"
"stage2","generated_metadata","metadata/stage2/screening/ds02_rws_catalogue_link_summary.csv","scripts/02_stage2/datasets/02_screen_ds02_rws_catalogue.R","scripts/02_stage2/datasets/02_screen_ds02_rws_catalogue.R",TRUE,375,"5c3afb5663a179a6b230ecf9a4fbc4b75ac8751043885e1e888aa88b2d8d0a73","metadata/stage2/screening/ds02_rws_catalogue_output_registry.csv",TRUE,FALSE,"traceable"
"stage2","generated_metadata","metadata/stage2/screening/ds02_rws_catalogue_location_screen.csv","scripts/02_stage2/datasets/02_inventory_screen_ds02_rws.R;scripts/02_stage2/datasets/02_screen_ds02_rws_catalogue.R","scripts/02_stage2/datasets/02_inventory_screen_ds02_rws.R;scripts/02_stage2/datasets/02_screen_ds02_rws_catalogue.R",TRUE,394782,"374e613a04724957ae454e207e1469364319f61ee6d7097f6506f2cc73641389","metadata/stage2/screening/ds02_rws_catalogue_output_registry.csv",TRUE,FALSE,"traceable"
"stage2","generated_metadata","metadata/stage2/screening/ds02_rws_catalogue_metadata.csv","scripts/02_stage2/datasets/02_screen_ds02_rws_catalogue.R","scripts/02_stage2/datasets/02_screen_ds02_rws_catalogue.R",TRUE,794708,"e4537623a900d6c663f7469e5279d7b09446990df866e9a2515f3991d33ad5e8","metadata/stage2/screening/ds02_rws_catalogue_output_registry.csv",TRUE,FALSE,"traceable"
"stage2","generated_metadata","metadata/stage2/screening/ds02_rws_catalogue_output_registry.csv","scripts/02_stage2/datasets/02_screen_ds02_rws_catalogue.R","scripts/02_stage2/datasets/02_screen_ds02_rws_catalogue.R",TRUE,765,"387071a141d523efd3a987ed5724d5657fe24ddb7ebd1113d3cd9f6a28d9f14a","calculated_by_inventory_script",TRUE,FALSE,"traceable"
"stage2","generated_metadata","metadata/stage2/screening/ds02_rws_duplicate_resolution_registry.csv","scripts/02_stage2/datasets/02_resolve_ds02_rws_duplicates.R","scripts/02_stage2/datasets/02_resolve_ds02_rws_duplicates.R;scripts/02_stage2/datasets/02_summarize_ds02_rws_screening.R",TRUE,754,"69cdc23265b40bd4f2fb41b401b2f5fef5f3626cd130848557340bcbcc33a62c","calculated_by_inventory_script",TRUE,FALSE,"traceable"
"stage2","generated_metadata","metadata/stage2/screening/ds02_rws_duplicate_resolution_summary.csv","scripts/02_stage2/datasets/02_resolve_ds02_rws_duplicates.R","scripts/02_stage2/datasets/02_resolve_ds02_rws_duplicates.R;scripts/02_stage2/datasets/02_summarize_ds02_rws_screening.R",TRUE,530,"3c12a73792601e37a1e00e1ba4431adbe6f1e02ca474c29e11b8db5ec241fc2f","metadata/stage2/screening/ds02_rws_duplicate_resolution_registry.csv",TRUE,FALSE,"traceable"
"stage2","generated_metadata","metadata/stage2/screening/ds02_rws_output_registry.csv","scripts/02_stage2/datasets/02_inventory_screen_ds02_rws.R","scripts/02_stage2/datasets/02_inventory_screen_ds02_rws.R;scripts/02_stage2/datasets/02_resolve_ds02_rws_duplicates.R;scripts/02_stage2/datasets/02_summarize_ds02_rws_screening.R",TRUE,944,"62447f0ef93e671017700743ea25917de59e54997deed92acf42aecef7840ea0","calculated_by_inventory_script",TRUE,FALSE,"traceable"
"stage2","generated_metadata","metadata/stage2/screening/ds02_rws_package_summary.csv","scripts/02_stage2/datasets/02_inventory_screen_ds02_rws.R","scripts/02_stage2/datasets/02_inventory_screen_ds02_rws.R;scripts/02_stage2/datasets/02_summarize_ds02_rws_screening.R",TRUE,111703,"486bacc615377ecad420765e75824adf34a788787e9463e2ef648594f0ba05ae","metadata/stage2/screening/ds02_rws_output_registry.csv",TRUE,FALSE,"traceable"
"stage2","generated_metadata","metadata/stage2/screening/ds02_rws_screening_summary.csv","scripts/02_stage2/datasets/02_summarize_ds02_rws_screening.R","scripts/02_stage2/datasets/02_summarize_ds02_rws_screening.R",TRUE,759,"2a4521d65c93cdcd9545bf0818dec740b77a983cc0808dc3ffd672b14c65ea60","calculated_by_inventory_script",TRUE,FALSE,"traceable"
"stage2","generated_metadata","metadata/stage2/screening/ds02_rws_variable_inventory.csv","scripts/02_stage2/datasets/02_inventory_screen_ds02_rws.R","scripts/02_stage2/datasets/02_inventory_screen_ds02_rws.R",TRUE,16212,"791a77b66f3524f2ddda7abeb596af72f8d60a21fd74d0aeae78be4e2b9ed8ab","metadata/stage2/screening/ds02_rws_output_registry.csv",TRUE,FALSE,"traceable"
"stage2","generated_metadata","metadata/stage2/screening/ds03_eurobis_location_summary.csv","scripts/02_stage2/datasets/02_screen_ds03_eurobis.R","scripts/02_stage2/datasets/02_screen_ds03_eurobis.R;scripts/02_stage2/datasets/02_summarize_ds03_eurobis_screening.R",TRUE,170,"f2ccbd5d55311164077b805f1cbcba87fa51ea86d7a66d17b2dea31d878c84a3","calculated_by_inventory_script",TRUE,FALSE,"traceable"
"stage2","generated_metadata","metadata/stage2/screening/ds03_eurobis_screening_summary.csv","scripts/02_stage2/datasets/02_summarize_ds03_eurobis_screening.R","scripts/02_stage2/datasets/02_summarize_ds03_eurobis_screening.R",TRUE,534,"82b96b0ee9d87fbc2cb1c01728845c8031862a7c1fde9fd7a4a45874d3ff386a","calculated_by_inventory_script",TRUE,FALSE,"traceable"
"stage2","generated_metadata","metadata/stage2/screening/ds04_plet_bsh_location_summary.csv","scripts/02_stage2/datasets/02_screen_ds04_bsh.R","scripts/02_stage2/datasets/02_screen_ds04_bsh.R;scripts/02_stage2/datasets/02_summarize_plet_datasets.R",TRUE,171,"285a89af5c89f6638a9ec2c99252a3401b56014c339e3ae780cfc27d55b07fa1","calculated_by_inventory_script",TRUE,FALSE,"traceable"
"stage2","generated_metadata","metadata/stage2/screening/ds04_plet_bsh_screening_summary.csv","scripts/02_stage2/datasets/02_summarize_plet_datasets.R","scripts/02_stage2/datasets/02_summarize_plet_datasets.R",TRUE,521,"3d8840cd1ed01aeb42fe11692e668f320b69b534bcd1fccde6e2671fcf6374eb","calculated_by_inventory_script",TRUE,FALSE,"traceable"
"stage2","generated_metadata","metadata/stage2/screening/ds05_plet_novana_location_summary.csv","scripts/02_stage2/datasets/02_screen_ds05_plet_novana.R","scripts/02_stage2/datasets/02_screen_ds05_plet_novana.R;scripts/02_stage2/datasets/02_summarize_plet_datasets.R",TRUE,170,"83130f6e6a4d44697911115c835c80790504588249de5a54e7da74228cb471bf","calculated_by_inventory_script",TRUE,FALSE,"traceable"
"stage2","generated_metadata","metadata/stage2/screening/ds05_plet_novana_screening_summary.csv","scripts/02_stage2/datasets/02_summarize_plet_datasets.R","scripts/02_stage2/datasets/02_summarize_plet_datasets.R",TRUE,524,"b26362925766d30efa45e5ddef27495d46ea7d3f4db925b852d589dfc05a8e8d","calculated_by_inventory_script",TRUE,FALSE,"traceable"
"stage2","generated_metadata","metadata/stage2/screening/ds06_smhi_shark_duplicate_resolution_registry.csv","scripts/02_stage2/datasets/02_resolve_ds06_smhi_shark_duplicates.R","scripts/02_stage2/datasets/02_resolve_ds06_smhi_shark_duplicates.R;scripts/02_stage2/datasets/02_summarize_ds06_smhi_shark_screening.R",TRUE,991,"12deb130fed9a96d706f970c07837ed624760dc80c89abd90377577754f938b3","calculated_by_inventory_script",TRUE,FALSE,"traceable"
"stage2","generated_metadata","metadata/stage2/screening/ds06_smhi_shark_duplicate_resolution_summary.csv","scripts/02_stage2/datasets/02_resolve_ds06_smhi_shark_duplicates.R","scripts/02_stage2/datasets/02_resolve_ds06_smhi_shark_duplicates.R;scripts/02_stage2/datasets/02_summarize_ds06_smhi_shark_screening.R",TRUE,723,"7715b09261f94ced3a4275f69507dd143fc7e2e404642052d361bf9462baad76","metadata/stage2/screening/ds06_smhi_shark_duplicate_resolution_registry.csv",TRUE,FALSE,"traceable"
"stage2","generated_metadata","metadata/stage2/screening/ds06_smhi_shark_output_registry.csv","scripts/02_stage2/datasets/02_inventory_screen_ds06_smhi_shark.R","scripts/02_stage2/datasets/02_inventory_screen_ds06_smhi_shark.R;scripts/02_stage2/datasets/02_resolve_ds06_smhi_shark_duplicates.R;scripts/02_stage2/datasets/02_summarize_ds06_smhi_shark_screening.R",TRUE,976,"ab621efc99b6ab2e85d5a4d341e84d8f15184f5010df865f42e0e0f8c0d4df56","calculated_by_inventory_script",TRUE,FALSE,"traceable"
"stage2","generated_metadata","metadata/stage2/screening/ds06_smhi_shark_package_summary.csv","scripts/02_stage2/datasets/02_inventory_screen_ds06_smhi_shark.R","scripts/02_stage2/datasets/02_inventory_screen_ds06_smhi_shark.R;scripts/02_stage2/datasets/02_summarize_ds06_smhi_shark_screening.R",TRUE,77815,"c7b2a8fbd6a1478ffce8c80c6ce28b0c25bf47c7294085123851febc90130470","metadata/stage2/screening/ds06_smhi_shark_output_registry.csv",TRUE,FALSE,"traceable"
"stage2","generated_metadata","metadata/stage2/screening/ds06_smhi_shark_sample_overlap.csv","scripts/02_stage2/datasets/02_resolve_ds06_smhi_shark_duplicates.R","scripts/02_stage2/datasets/02_resolve_ds06_smhi_shark_duplicates.R",TRUE,772,"e9c28a2de40fe1908ad6d7fc474e487d04154570109e312eb43e86630adb8978","metadata/stage2/screening/ds06_smhi_shark_duplicate_resolution_registry.csv",TRUE,FALSE,"traceable"
"stage2","generated_metadata","metadata/stage2/screening/ds06_smhi_shark_screening_summary.csv","scripts/02_stage2/datasets/02_summarize_ds06_smhi_shark_screening.R","scripts/02_stage2/datasets/02_summarize_ds06_smhi_shark_screening.R",TRUE,855,"0ca0d253488f6502e119ff245ab79a45ab1a931cd3468e5697f75f1fb9bdfcef","calculated_by_inventory_script",TRUE,FALSE,"traceable"
"stage2","generated_metadata","metadata/stage2/screening/ds06_smhi_shark_variable_inventory.csv","scripts/02_stage2/datasets/02_inventory_screen_ds06_smhi_shark.R","scripts/02_stage2/datasets/02_inventory_screen_ds06_smhi_shark.R",TRUE,4837428,"d0386b039e6415a5a2b2cd7915ab6736ec33eed618ecc28a25bb39e1033b4b42","metadata/stage2/screening/ds06_smhi_shark_output_registry.csv",TRUE,FALSE,"traceable"
"stage2","generated_metadata","metadata/stage2/screening/ds07_plet_cefas_location_summary.csv","scripts/02_stage2/datasets/02_screen_ds07_plet_cefas.R","scripts/02_stage2/datasets/02_screen_ds07_plet_cefas.R;scripts/02_stage2/datasets/02_summarize_plet_datasets.R",TRUE,171,"ae869e55a664c42623def02ebbda0698cee63fb9d47c10a313a68eaa38fa770b","calculated_by_inventory_script",TRUE,FALSE,"traceable"
"stage2","generated_metadata","metadata/stage2/screening/ds07_plet_cefas_screening_summary.csv","scripts/02_stage2/datasets/02_summarize_plet_datasets.R","scripts/02_stage2/datasets/02_summarize_plet_datasets.R",TRUE,521,"0228c00c49eac1adaf23a8816b4f7ca2338773080099a5c9c34a609a13eeae8e","calculated_by_inventory_script",TRUE,FALSE,"traceable"
"stage2","generated_metadata","metadata/stage2/screening/ds09_pangaea_location_summary.csv","scripts/02_stage2/datasets/02_screen_ds09_pangaea.R","scripts/02_stage2/datasets/02_screen_ds09_pangaea.R;scripts/02_stage2/datasets/02_summarize_ds09_pangaea_screening.R",TRUE,162,"ed6f18641857ce15603befeb07a8caf5baf9d6869da0c53030dd1b7fb85b51e9","calculated_by_inventory_script",TRUE,FALSE,"traceable"
"stage2","generated_metadata","metadata/stage2/screening/ds09_pangaea_screening_summary.csv","scripts/02_stage2/datasets/02_summarize_ds09_pangaea_screening.R","scripts/02_stage2/datasets/02_summarize_ds09_pangaea_screening.R",TRUE,532,"258bd77c6480c61648fc66e20a83910fd70622ada2697ee8b2af9b064d6262d1","calculated_by_inventory_script",TRUE,FALSE,"traceable"
"stage2","generated_metadata","metadata/stage2/screening/ds10_plet_vliz_location_summary.csv","scripts/02_stage2/datasets/02_screen_ds10_vliz.R","scripts/02_stage2/datasets/02_screen_ds10_vliz.R;scripts/02_stage2/datasets/02_summarize_plet_datasets.R",TRUE,160,"22910e01f68e6d3c60c7e6e7f5af6bd9c79e9bb017ed06402f34c7f1c6f0b6be","calculated_by_inventory_script",TRUE,FALSE,"traceable"
"stage2","generated_metadata","metadata/stage2/screening/ds10_plet_vliz_screening_summary.csv","scripts/02_stage2/datasets/02_summarize_plet_datasets.R","scripts/02_stage2/datasets/02_summarize_plet_datasets.R",TRUE,511,"dd75d58d2969035a0bc2ef907c6285c35809e76f03a5ee98daa5dea1548c5002","calculated_by_inventory_script",TRUE,FALSE,"traceable"
"stage2","generated_metadata","metadata/stage2/screening/ds11_plet_chlorophyll_location_summary.csv","scripts/02_stage2/datasets/02_screen_ds11_chlorophyll.R","scripts/02_stage2/datasets/02_screen_ds11_chlorophyll.R;scripts/02_stage2/datasets/02_summarize_plet_datasets.R",TRUE,174,"2d51001f1048c2b053918163b7c91ff02b97e1998784e4cb73006c6f1cf5b91b","calculated_by_inventory_script",TRUE,FALSE,"traceable"
"stage2","generated_metadata","metadata/stage2/screening/ds11_plet_chlorophyll_screening_summary.csv","scripts/02_stage2/datasets/02_summarize_plet_datasets.R","scripts/02_stage2/datasets/02_summarize_plet_datasets.R",TRUE,520,"2c662664b8ef93cf17b71e231f606d932fadf493135a1f4f8318fa6f47714c89","calculated_by_inventory_script",TRUE,FALSE,"traceable"
"stage2","generated_metadata","metadata/stage2/screening/ds12_cpr_location_summary.csv","scripts/02_stage2/datasets/02_screen_ds12_cpr.R","scripts/02_stage2/datasets/02_screen_ds12_cpr.R",TRUE,573,"562a680102abd3ef58e82d82d6619d3fef066819e140305b2c5372079e8ce782","metadata/stage2/screening/ds12_cpr_output_registry.csv",FALSE,FALSE,"traceable"
"stage2","generated_metadata","metadata/stage2/screening/ds12_cpr_measurement_summary.csv","scripts/02_stage2/datasets/02_screen_ds12_cpr.R","scripts/02_stage2/datasets/02_screen_ds12_cpr.R",TRUE,270,"6da79aff455b1d24800388b7327eb774a8ad7259e29fe6e45d057eed87f88bba","metadata/stage2/screening/ds12_cpr_output_registry.csv",FALSE,FALSE,"traceable"
"stage2","generated_metadata","metadata/stage2/screening/ds12_cpr_output_registry.csv","scripts/02_stage2/datasets/02_screen_ds12_cpr.R","scripts/02_stage2/datasets/02_screen_ds12_cpr.R",TRUE,1581,"4e5353a0e5512d94224febd024d26f73abbe95a687c498889ac8464573170850","calculated_by_inventory_script",FALSE,FALSE,"traceable"
"stage2","generated_metadata","metadata/stage2/screening/ds12_cpr_screening_summary.csv","scripts/02_stage2/datasets/02_screen_ds12_cpr.R","scripts/02_stage2/datasets/02_screen_ds12_cpr.R",TRUE,727,"d95fa67f20525436a8225de676c83edc412c1cd54b65491b5849e52e93fd3ad5","metadata/stage2/screening/ds12_cpr_output_registry.csv",FALSE,FALSE,"traceable"
"stage2","generated_metadata","metadata/stage2/screening/ds12_cpr_taxon_summary.csv","scripts/02_stage2/datasets/02_screen_ds12_cpr.R","scripts/02_stage2/datasets/02_screen_ds12_cpr.R",TRUE,22981,"bb9e1b8f64e9f3a5c9ac14f6ec0300845e2ae241886c6d3ee8ba43afa8985f22","metadata/stage2/screening/ds12_cpr_output_registry.csv",FALSE,FALSE,"traceable"
"stage2","generated_metadata","metadata/stage2/screening/ds12_cpr_variable_inventory.csv","scripts/02_stage2/datasets/02_screen_ds12_cpr.R","scripts/02_stage2/datasets/02_screen_ds12_cpr.R",TRUE,8406,"aabe946ab322e89a70ea7dc0b8c81101f51b06602f9b3bd89064e2a9cc6a5a65","metadata/stage2/screening/ds12_cpr_output_registry.csv",FALSE,FALSE,"traceable"
"stage2","generated_metadata","metadata/stage2/screening/ds15_emodnet_erddap_screening_summary.csv","scripts/02_stage2/datasets/02_summarize_ds15_ds22_screening.R","scripts/02_stage2/datasets/02_summarize_ds15_ds22_screening.R",TRUE,476,"87ac395faca342e2b5f475cd5c32d9cdfb0b22aa71d89d23d71314e30fadb2c3","calculated_by_inventory_script",TRUE,FALSE,"traceable"
"stage2","generated_metadata","metadata/stage2/screening/ds16_plet_stonehaven_location_summary.csv","scripts/02_stage2/datasets/02_screen_ds16_stonehaven.R","scripts/02_stage2/datasets/02_screen_ds16_stonehaven.R;scripts/02_stage2/datasets/02_summarize_plet_datasets.R",TRUE,166,"d4d0f776829536bfa8cd5d44f19fccc818283234a65bce1033e13453e33ab9c9","calculated_by_inventory_script",TRUE,FALSE,"traceable"
"stage2","generated_metadata","metadata/stage2/screening/ds16_plet_stonehaven_screening_summary.csv","scripts/02_stage2/datasets/02_summarize_plet_datasets.R","scripts/02_stage2/datasets/02_summarize_plet_datasets.R",TRUE,521,"ca938598b7f8f7549777dcd7520112dd2fab6c188cb679483bdbfb5eb2559690","calculated_by_inventory_script",TRUE,FALSE,"traceable"
"stage2","generated_metadata","metadata/stage2/screening/ds22_ices_figshare_screening_summary.csv","scripts/02_stage2/datasets/02_summarize_ds15_ds22_screening.R","scripts/02_stage2/datasets/02_summarize_ds15_ds22_screening.R",TRUE,435,"6c01535c2825541b21e779108324d901103ecedc9742e3edd6a737be443bf9a0","calculated_by_inventory_script",TRUE,FALSE,"traceable"
"stage2","generated_metadata","metadata/stage2/screening/ds24_figshare_location_summary.csv","scripts/02_stage2/datasets/02_screen_ds24_figshare.R","scripts/02_stage2/datasets/02_screen_ds24_figshare.R;scripts/02_stage2/datasets/02_summarize_ds24_figshare_screening.R",TRUE,182,"109b5e530aa09e2bf2c39529e94d06c40a8a82359416911f9e79a851e3dc03b1","calculated_by_inventory_script",TRUE,FALSE,"traceable"
"stage2","generated_metadata","metadata/stage2/screening/ds24_figshare_screening_summary.csv","scripts/02_stage2/datasets/02_summarize_ds24_figshare_screening.R","scripts/02_stage2/datasets/02_summarize_ds24_figshare_screening.R",TRUE,551,"c57b7648b8712f4f02a2a7bc74234ca11d1f52ab0381baeb31d36746bc2c08a4","calculated_by_inventory_script",TRUE,FALSE,"traceable"
"stage2","generated_metadata","metadata/stage2/screening/ds26_ifcb_reference_summary.csv","scripts/02_stage2/datasets/02_summarize_ds26_ifcb_reference_library.R","scripts/02_stage2/datasets/02_summarize_ds26_ifcb_reference_library.R",TRUE,750,"c9a845bf7cd95a63a4aa0102791bca50a2fbba8afaeef9612565c9d6c3a21d5c","calculated_by_inventory_script",TRUE,FALSE,"traceable"
"stage2","generated_metadata","metadata/stage2/screening/ds26_smhi_ifcb_event_linkage_audit.csv","scripts/02_stage2/datasets/02_inventory_screen_ds26_smhi_ifcb.R","scripts/02_stage2/datasets/02_inventory_screen_ds26_smhi_ifcb.R",TRUE,882,"7d416a7469a985e418b29b3d3c1f36f8c3b80647125ab0ceb89fd67fb371cfb8","metadata/stage2/screening/ds26_smhi_ifcb_output_registry.csv",TRUE,FALSE,"traceable"
"stage2","generated_metadata","metadata/stage2/screening/ds26_smhi_ifcb_event_summary.csv","scripts/02_stage2/datasets/02_inventory_screen_ds26_smhi_ifcb.R","scripts/02_stage2/datasets/02_inventory_screen_ds26_smhi_ifcb.R",TRUE,644,"54d450d1d3de185ecfec52c282374bebfc5f2aa930901f456a8b57b99a909709","metadata/stage2/screening/ds26_smhi_ifcb_output_registry.csv",TRUE,FALSE,"traceable"
"stage2","generated_metadata","metadata/stage2/screening/ds26_smhi_ifcb_measurement_summary.csv","scripts/02_stage2/datasets/02_inventory_screen_ds26_smhi_ifcb.R","scripts/02_stage2/datasets/02_inventory_screen_ds26_smhi_ifcb.R",TRUE,2994,"e69b5d880c2289535f59ea3cf9580e60b4992a2a14e03efa2f54e90e3b145552","metadata/stage2/screening/ds26_smhi_ifcb_output_registry.csv",TRUE,FALSE,"traceable"
"stage2","generated_metadata","metadata/stage2/screening/ds26_smhi_ifcb_output_registry.csv","scripts/02_stage2/datasets/02_inventory_screen_ds26_smhi_ifcb.R","scripts/02_stage2/datasets/02_inventory_screen_ds26_smhi_ifcb.R",TRUE,1714,"c9fd275165a572810985d5c705c03a72ce85b29652c5bc9e303f3615b09e90ec","calculated_by_inventory_script",TRUE,FALSE,"traceable"
"stage2","generated_metadata","metadata/stage2/screening/ds26_smhi_ifcb_screening_summary.csv","scripts/02_stage2/datasets/02_inventory_screen_ds26_smhi_ifcb.R","scripts/02_stage2/datasets/02_inventory_screen_ds26_smhi_ifcb.R",TRUE,1369,"d95eef1ebddc2358c13b089922e7a78c1661837dbd0293112d47fd1806af69fe","metadata/stage2/screening/ds26_smhi_ifcb_output_registry.csv",TRUE,FALSE,"traceable"
"stage2","generated_metadata","metadata/stage2/screening/ds26_smhi_ifcb_table_summary.csv","scripts/02_stage2/datasets/02_inventory_screen_ds26_smhi_ifcb.R","scripts/02_stage2/datasets/02_inventory_screen_ds26_smhi_ifcb.R",TRUE,234,"09eb224b3034269faf40117ac43414045c29e9f9c95e9b43dc5fc5e4b443ae53","metadata/stage2/screening/ds26_smhi_ifcb_output_registry.csv",TRUE,FALSE,"traceable"
"stage2","generated_metadata","metadata/stage2/screening/ds26_smhi_ifcb_variable_inventory.csv","scripts/02_stage2/datasets/02_inventory_screen_ds26_smhi_ifcb.R","scripts/02_stage2/datasets/02_inventory_screen_ds26_smhi_ifcb.R",TRUE,18910,"805f6fb96e1dff498d6e2a80904826c50c11e6db12f9a8903234f353fb6ab5a3","metadata/stage2/screening/ds26_smhi_ifcb_output_registry.csv",TRUE,FALSE,"traceable"
"stage2","generated_metadata","metadata/stage2/screening/ds27_ferrybox_component_summary.csv","scripts/02_stage2/datasets/02_screen_ds27_ferrybox.R","scripts/02_stage2/datasets/02_screen_ds27_ferrybox.R",TRUE,783,"2fe450901afbde861456598cbad1a98f77b80af1793e487f6e191196bf1ad13a","metadata/stage2/screening/ds27_ferrybox_output_registry.csv",FALSE,FALSE,"traceable"
"stage2","generated_metadata","metadata/stage2/screening/ds27_ferrybox_file_screening.csv","scripts/02_stage2/datasets/02_screen_ds27_ferrybox.R","scripts/02_stage2/datasets/02_screen_ds27_ferrybox.R",TRUE,143771,"b80d9e68ef4d0b516ea165b66b970e35a3fb9d8c61dae0d46ef99461b0fcb7ea","metadata/stage2/screening/ds27_ferrybox_output_registry.csv",FALSE,FALSE,"traceable"
"stage2","generated_metadata","metadata/stage2/screening/ds27_ferrybox_output_registry.csv","scripts/02_stage2/datasets/02_screen_ds27_ferrybox.R","scripts/02_stage2/datasets/02_screen_ds27_ferrybox.R",TRUE,1073,"7a18fd1547228c7df22e1883e808adf402a99bb13b35cea453bce8b983657d75","calculated_by_inventory_script",FALSE,FALSE,"traceable"
"stage2","generated_metadata","metadata/stage2/screening/ds27_ferrybox_screening_summary.csv","scripts/02_stage2/datasets/02_screen_ds27_ferrybox.R","scripts/02_stage2/datasets/02_screen_ds27_ferrybox.R",TRUE,793,"9a286f2a74d39a223b4b6566de2e42ebd9723993f9d3249d9c37466904fe4552","metadata/stage2/screening/ds27_ferrybox_output_registry.csv",FALSE,FALSE,"traceable"
"stage2","generated_metadata","metadata/stage2/screening/ds27_ferrybox_variable_inventory.csv","scripts/02_stage2/datasets/02_screen_ds27_ferrybox.R","scripts/02_stage2/datasets/02_screen_ds27_ferrybox.R",TRUE,1799546,"67c53838e85f10194122d9e0cc6c93e927eba6948e1e11f6ea173fac3cb90d39","metadata/stage2/screening/ds27_ferrybox_output_registry.csv",FALSE,FALSE,"traceable"
"stage2","generated_metadata","metadata/stage2/screening/emodnet_wfs_geometry_evidence.csv","scripts/02_stage2/wfs/01_screen_geometry.R","R/03_stage2_contract.R;R/04_stage_inventory.R;scripts/02_stage2/wfs/01_screen_geometry.R;scripts/02_stage2/wfs/03_resolve_survivors.R",TRUE,4643,"2b79aac93e2d199a92efdfc2b884538654448c87615ce5340407e121f2a87f4a","calculated_by_inventory_script",TRUE,FALSE,"traceable"
"stage2","generated_metadata","metadata/stage2/screening/emodnet_wfs_screening.csv","scripts/02_stage2/wfs/03_resolve_survivors.R","R/04_stage_inventory.R;scripts/02_stage2/wfs/01_screen_geometry.R;scripts/02_stage2/wfs/03_resolve_survivors.R",TRUE,22734,"20f9cdaf165d26c1ee9823175f0e37419ae248a4ac28fdac30bdc2a12ffd2e18","calculated_by_inventory_script",TRUE,FALSE,"traceable"
"stage2","generated_metadata","metadata/stage2/screening/emodnet_wfs_survivor_resolution.csv","scripts/02_stage2/wfs/03_resolve_survivors.R","R/04_stage_inventory.R;scripts/02_stage2/wfs/03_resolve_survivors.R",TRUE,2054,"12a65bd63a3842c8666cff269b3645361d2b594b8b5f8717b08424891733e5c3","calculated_by_inventory_script",TRUE,FALSE,"traceable"
"stage2","validation_log","outputs/logs/stage2_contract_validation_20260808T190826Z.log","scripts/02_stage2/control/99_validate_stage2.R","",TRUE,1945,"d772720c47137b585bafbc9b719f6cd442f8845e2f339f89be64d0cd45660fa1","calculated_by_inventory_script",FALSE,FALSE,"traceable"
"stage2","validation_log","outputs/logs/stage2_contract_validation_20260808T195120Z.log","scripts/02_stage2/control/99_validate_stage2.R","",TRUE,2340,"9bb940cc0ad5e58d90a7901aaaac65f4770f27e442df133df0a3632c87400cec","calculated_by_inventory_script",FALSE,FALSE,"traceable"
"stage2","validation_log","outputs/logs/stage2_contract_validation_20260808T202040Z.log","scripts/02_stage2/control/99_validate_stage2.R","",TRUE,2600,"3f911ca995a87f347e780415bc5cda8deb949451d1dcc457eac83f4022fc5c6c","calculated_by_inventory_script",FALSE,FALSE,"traceable"
"stage2","validation_log","outputs/logs/stage2_contract_validation_20260809T065321Z.log","scripts/02_stage2/control/99_validate_stage2.R","",TRUE,2722,"4979d1513c0f3a51ded1a4ac8624cae8b4954c600f3dbc057ee233d63cd83250","calculated_by_inventory_script",FALSE,FALSE,"traceable"
"stage2","validation_log","outputs/logs/stage2_contract_validation_20260809T071626Z.log","scripts/02_stage2/control/99_validate_stage2.R","",TRUE,3035,"ca82c094b6e8a53fc547dbbb930b2b7cef48a44fb96820e4fec45f95e63f78d9","calculated_by_inventory_script",FALSE,FALSE,"traceable"
"stage2","validation_log","outputs/logs/stage2_contract_validation_20260809T093728Z.log","scripts/02_stage2/control/99_validate_stage2.R","",TRUE,3199,"3b6d2267b97676f7b303dc5f8d8d8c5fa33f6dbf78ae3cc7c54671a18d081bde","calculated_by_inventory_script",FALSE,FALSE,"traceable"
"stage2","validation_log","outputs/logs/stage2_contract_validation_20260809T100546Z.log","scripts/02_stage2/control/99_validate_stage2.R","",TRUE,64465,"df6ce35922610d50b82ae640a067b895ef33209c86a29f5603433314f7e4360b","calculated_by_inventory_script",FALSE,FALSE,"traceable"
"stage2","validation_log","outputs/logs/stage2_contract_validation_20260809T102257Z.log","scripts/02_stage2/control/99_validate_stage2.R","",TRUE,88273,"f25e5a6083f5f970ae386fa32f70c94a98efa8a638ce12de7f6979f4defdb507","calculated_by_inventory_script",FALSE,FALSE,"traceable"
"stage2","validation_log","outputs/logs/stage2_contract_validation_20260810T100642Z.log","scripts/02_stage2/control/99_validate_stage2.R","",TRUE,2340,"8897da49fa0ab89cd72d8fe8c2b9e94366442a42d1e6aaf241d5811345a0d0eb","calculated_by_inventory_script",FALSE,FALSE,"traceable"
"stage2","validation_log","outputs/logs/stage2_contract_validation_20260810T101500Z.log","scripts/02_stage2/control/99_validate_stage2.R","",TRUE,2340,"253bec04b7bcf954aa922d706d247b6a697f435babb014dde47a32d7fceea7db","calculated_by_inventory_script",FALSE,FALSE,"traceable"
"stage2","validation_log","outputs/logs/stage2_contract_validation_20260810T101915Z.log","scripts/02_stage2/control/99_validate_stage2.R","",TRUE,2340,"a744be3383a7348fd4999441abb9615639599ffc1c3f93ada1c2b772ab5a025e","calculated_by_inventory_script",FALSE,FALSE,"traceable"
"stage2","validation_log","outputs/logs/stage2_contract_validation_20260810T115216Z.log","scripts/02_stage2/control/99_validate_stage2.R","",TRUE,2844,"0d91853f06cceeb7f11f87682cd9f99ed3ecc0ff01bdf403fb050f19a15095f4","calculated_by_inventory_script",FALSE,FALSE,"traceable"
"stage2","reusable_code","R/03_stage2_contract.R","not_applicable_source_or_input","",TRUE,9522,"3d0fd802ebe79bed551a2650858191e47c142b93b780c4b4a715abba8f80ee2d","calculated_by_inventory_script",TRUE,FALSE,"source_or_input"
"stage2","script","scripts/00_downloads/stage2/01_acquire_emodnet_wfs_geometry.R","not_applicable_source_or_input","",TRUE,8403,"2fde8db2482a66d357ff8b3992ae15da0e01bdbb240db7f7177f2df75d2be20d","calculated_by_inventory_script",TRUE,FALSE,"source_or_input"
"stage2","script","scripts/00_downloads/stage2/02_acquire_emodnet_wfs_survivor_metadata.R","not_applicable_source_or_input","",TRUE,4116,"be09b063de3b35ff5bddf7c9d895a57262f0722a88ffd0eda2aedf6dede6071b","calculated_by_inventory_script",TRUE,FALSE,"source_or_input"
"stage2","script","scripts/00_downloads/stage2/05_acquire_ds06_smhi_shark.R","not_applicable_source_or_input","",TRUE,9212,"0476ad680260fbc79b5c9aa7aa42bf0fa415111a06825ee727fbabab97a3b2de","calculated_by_inventory_script",TRUE,FALSE,"source_or_input"
"stage2","script","scripts/00_downloads/stage2/06_acquire_ds26_smhi_ifcb.R","not_applicable_source_or_input","",TRUE,11794,"fe0d873527cefd3a94ae8e3331a37940d0f7bf684f40234f6649b9d4f692f34d","calculated_by_inventory_script",TRUE,FALSE,"source_or_input"
"stage2","script","scripts/00_downloads/stage2/07_acquire_ds26_ifcb_reference_library.R","not_applicable_source_or_input","",TRUE,9216,"0fea1d203571998b4b769f06aef201668e606f9f084421600b1467f1b6284768","calculated_by_inventory_script",TRUE,FALSE,"source_or_input"
"stage2","script","scripts/00_downloads/stage2/08_acquire_ds02_rws_catalogue.R","not_applicable_source_or_input","",TRUE,10199,"7abec97ba9f4ae4f61606ada8a7ca90f1cb2049fd563fedb9f2ae0ab535deb5a","calculated_by_inventory_script",TRUE,FALSE,"source_or_input"
"stage2","script","scripts/00_downloads/stage2/09_diagnose_ds02_rws_v3_access.R","not_applicable_source_or_input","",TRUE,5665,"dfe25fa7afe739274cf24db04e4c9d9063b94f34e0cf2132b7c3a8ad9d040446","calculated_by_inventory_script",TRUE,FALSE,"source_or_input"
"stage2","script","scripts/00_downloads/stage2/10_intake_ds02_rws_manual_export.R","not_applicable_source_or_input","",TRUE,19595,"77ae5ebd519e62fc036e9da66999fa6fc8a58e81d6760e02bb3cffd3980b5186","calculated_by_inventory_script",TRUE,FALSE,"source_or_input"
"stage2","script","scripts/00_downloads/stage2/11_acquire_ds04_plet_bsh.R","not_applicable_source_or_input","",TRUE,3928,"aff8fcb4e363bdb24cfb17e00ca08894f5d43f85328305e898757263162c4b57","calculated_by_inventory_script",TRUE,FALSE,"source_or_input"
"stage2","script","scripts/00_downloads/stage2/12_acquire_ds05_plet_novana.R","not_applicable_source_or_input","",TRUE,3955,"1d69177e9d7067effba6640a4b45667e0b52aba7fb6919144880001788d3378e","calculated_by_inventory_script",TRUE,FALSE,"source_or_input"
"stage2","script","scripts/00_downloads/stage2/13_acquire_ds07_plet_cefas.R","not_applicable_source_or_input","",TRUE,4153,"4c873a39a3e5c260052be27b46f16325f386a8dbfbf4be95b3da91b95e4b9aa2","calculated_by_inventory_script",TRUE,FALSE,"source_or_input"
"stage2","script","scripts/00_downloads/stage2/14_acquire_ds16_plet_stonehaven.R","not_applicable_source_or_input","",TRUE,3991,"4e1618761d88c77179b56d9f77190ddbc6064d03402c9080ad8627745b5f7728","calculated_by_inventory_script",TRUE,FALSE,"source_or_input"
"stage2","script","scripts/00_downloads/stage2/15_register_ds10_plet_vliz_legacy.R","not_applicable_source_or_input","",TRUE,2792,"e741846fad984620eb7e0d082807202b2b965ff731c42f249c26a8cc19c3a231","calculated_by_inventory_script",FALSE,FALSE,"source_or_input"
"stage2","script","scripts/00_downloads/stage2/16_acquire_ds11_plet_chlorophyll.R","not_applicable_source_or_input","",TRUE,4582,"2eb9ccfb084b5f4a095daf310ee8650d4732360d647714c026b381bc7073e74c","calculated_by_inventory_script",TRUE,FALSE,"source_or_input"
"stage2","script","scripts/00_downloads/stage2/17_acquire_ds03_eurobis.R","not_applicable_source_or_input","",TRUE,2885,"4990934e352cc88621c72e1a889925fb4c6c14978ddcc709c6cb0af5f6fcc76d","calculated_by_inventory_script",TRUE,FALSE,"source_or_input"
"stage2","script","scripts/00_downloads/stage2/18_acquire_ds24_figshare.R","not_applicable_source_or_input","",TRUE,3050,"5679e29fb10cc772065c60362fa93a6d7aafbf3165ffeba2c011de4a3e667af4","calculated_by_inventory_script",TRUE,FALSE,"source_or_input"
"stage2","script","scripts/00_downloads/stage2/19_acquire_ds09_pangaea_sylt.R","not_applicable_source_or_input","",TRUE,4093,"abd9ed5ac266e5b1fb7586dc5b0cfcd57875c05ba60f6c51aa23080cee82babe","calculated_by_inventory_script",TRUE,FALSE,"source_or_input"
"stage2","script","scripts/00_downloads/stage2/20_acquire_ds27_pangaea_ferrybox.R","not_applicable_source_or_input","",TRUE,4056,"4c175db950a225ff12649461af92e218e994f570697237e49f8849e7dc0de838","calculated_by_inventory_script",TRUE,FALSE,"source_or_input"
"stage2","script","scripts/00_downloads/stage2/22_acquire_ds22_figshare.R","not_applicable_source_or_input","",TRUE,3280,"6e3f1004cec66cea653e0b6eab1f5ed307f23cf561c57baf9833fb3cf0217d6d","calculated_by_inventory_script",TRUE,FALSE,"source_or_input"
"stage2","script","scripts/00_downloads/stage2/23_acquire_ds15_emodnet_presence.R","not_applicable_source_or_input","",TRUE,3351,"44e660c0779f04e3629f21607e58fb88a4b26cd6e638baa2b662d24d5b31829b","calculated_by_inventory_script",TRUE,FALSE,"source_or_input"
"stage2","script","scripts/00_downloads/stage2/24_acquire_ds10_vliz_imis.R","not_applicable_source_or_input","",TRUE,2207,"3fdaaa3b68cfd56489b3dabbb46bc13195e65bbb79947743a3972d0573bfbea9","calculated_by_inventory_script",TRUE,FALSE,"source_or_input"
"stage2","script","scripts/00_downloads/stage2/25_acquire_ds12_dassh_ipt.R","not_applicable_source_or_input","",TRUE,2207,"31c68689c75caf854958bfde4b2d978678d6bded37e93538b27c32406bb3a519","calculated_by_inventory_script",TRUE,FALSE,"source_or_input"
"stage2","script","scripts/00_downloads/stage2/26_acquire_ds08_pangaea_abundance.R","not_applicable_source_or_input","",TRUE,2312,"557cb8861428064195a09d650c6f953b4d74369f9b9c601850c81ac21fb490a0","calculated_by_inventory_script",TRUE,FALSE,"source_or_input"
"stage2","script","scripts/00_downloads/stage2/27_acquire_ds28_lifewatch_hplc.R","not_applicable_source_or_input","",TRUE,1396,"cda97e9525edd4860503ef8e75c774c8b742ff852bd8b14b967e7379fd0be31d","calculated_by_inventory_script",TRUE,FALSE,"source_or_input"
"stage2","script","scripts/02_stage2/00_run_stage2.R","not_applicable_source_or_input","",TRUE,440,"f96eba177bb8eb7d0d58aea74f3cea31ca1dd8f79a33ae101faf4c454e268044","calculated_by_inventory_script",FALSE,FALSE,"source_or_input"
"stage2","script","scripts/02_stage2/control/00_initialize_contract.R","not_applicable_source_or_input","",TRUE,5978,"8ea56b66c1cd3275a1029fef463695624de4602d0d6915d666b4bef91f287011","calculated_by_inventory_script",TRUE,FALSE,"source_or_input"
"stage2","script","scripts/02_stage2/control/01_refresh_acquisition_status.R","not_applicable_source_or_input","",TRUE,7139,"6d4a5b994734f06d90751d31b707bc08ca79fa56bf9f39f0581a7d6686392806","calculated_by_inventory_script",TRUE,FALSE,"source_or_input"
"stage2","script","scripts/02_stage2/control/02_build_access_dispositions.R","not_applicable_source_or_input","",TRUE,8975,"201992fb92fed0bc1047ffd9f7c6bf1a681f6fbd3c9aa4b889dcfa486c3c92cf","calculated_by_inventory_script",FALSE,FALSE,"source_or_input"
"stage2","script","scripts/02_stage2/control/98_legacy_raw_inventory.R","not_applicable_source_or_input","",TRUE,2270,"25594142a1163c249945ec0c7cba3ba76d9b2ff06ee02ecedb508a0c9bfb1df5","calculated_by_inventory_script",FALSE,FALSE,"source_or_input"
"stage2","script","scripts/02_stage2/control/99_validate_stage2.R","not_applicable_source_or_input","",TRUE,3721,"7cc9c8efb7b44699c6ec028dcbd049f4d8de706ca10e2c9fac2c2a587f22e74e","calculated_by_inventory_script",TRUE,FALSE,"source_or_input"
"stage2","script","scripts/02_stage2/datasets/02_inventory_screen_ds02_rws.R","not_applicable_source_or_input","",TRUE,14141,"17316375205c92d7d4a403cf6d6dfb00de5bc15c9f3e6ce92ce9efc6f27450b7","calculated_by_inventory_script",TRUE,FALSE,"source_or_input"
"stage2","script","scripts/02_stage2/datasets/02_inventory_screen_ds06_smhi_shark.R","not_applicable_source_or_input","",TRUE,16886,"560a79bb843421ac5a203b5e2e974bcf62508a3882e5f02d5fc4151b7e180ad3","calculated_by_inventory_script",TRUE,FALSE,"source_or_input"
"stage2","script","scripts/02_stage2/datasets/02_inventory_screen_ds26_smhi_ifcb.R","not_applicable_source_or_input","",TRUE,25033,"c65cf1b5be02082f0b61dfca35b37646d2638b6ea67fc42f53ddc80c22bf1562","calculated_by_inventory_script",TRUE,FALSE,"source_or_input"
"stage2","script","scripts/02_stage2/datasets/02_resolve_ds02_rws_duplicates.R","not_applicable_source_or_input","",TRUE,3662,"2196742be5122eae32f9c17de5c1a5440b8f9905d53dc64d3f3b152451a27743","calculated_by_inventory_script",TRUE,FALSE,"source_or_input"
"stage2","script","scripts/02_stage2/datasets/02_resolve_ds06_smhi_shark_duplicates.R","not_applicable_source_or_input","",TRUE,14421,"4ffec69505cf92806fbc0c3bfb036354eda97bccc62d5300e0333bac05f33a5f","calculated_by_inventory_script",TRUE,FALSE,"source_or_input"
"stage2","script","scripts/02_stage2/datasets/02_screen_ds02_rws_catalogue.R","not_applicable_source_or_input","",TRUE,10434,"4290812376e2e861065be6cf18743eaf4120f0b0d39df4c1e725ba29c3792a79","calculated_by_inventory_script",TRUE,FALSE,"source_or_input"
"stage2","script","scripts/02_stage2/datasets/02_screen_ds03_eurobis.R","not_applicable_source_or_input","",TRUE,4804,"43984f042252b6e9a564e3d60e4a777704f78f70584f0c26cfdf4c056f534d1b","calculated_by_inventory_script",TRUE,FALSE,"source_or_input"
"stage2","script","scripts/02_stage2/datasets/02_screen_ds04_bsh.R","not_applicable_source_or_input","",TRUE,4656,"f73653aa435b76d8184652aaba40ee3e337570ae32de21dce8435b3d34ace917","calculated_by_inventory_script",TRUE,FALSE,"source_or_input"
"stage2","script","scripts/02_stage2/datasets/02_screen_ds05_plet_novana.R","not_applicable_source_or_input","",TRUE,4781,"a07e17ee6ea6224a2a06a5befddaaf96669b6fc2af20efe401f866591821644a","calculated_by_inventory_script",TRUE,FALSE,"source_or_input"
"stage2","script","scripts/02_stage2/datasets/02_screen_ds07_plet_cefas.R","not_applicable_source_or_input","",TRUE,4685,"f8b2e58f2e2f43522a29533394c7083ec8442209f8393e093cc9f4dac8e996e8","calculated_by_inventory_script",TRUE,FALSE,"source_or_input"
"stage2","script","scripts/02_stage2/datasets/02_screen_ds09_pangaea.R","not_applicable_source_or_input","",TRUE,4804,"0697b66f3d5cef137fae5ef0c8ea015bbe361a45734f3d4c8733fa6589d3ecab","calculated_by_inventory_script",TRUE,FALSE,"source_or_input"
"stage2","script","scripts/02_stage2/datasets/02_screen_ds10_vliz.R","not_applicable_source_or_input","",TRUE,4658,"fbaf0d34df3a7b95e8bc6bf490179861bfc8fff6637e717bd66bba8c5adc11d5","calculated_by_inventory_script",TRUE,FALSE,"source_or_input"
"stage2","script","scripts/02_stage2/datasets/02_screen_ds11_chlorophyll.R","not_applicable_source_or_input","",TRUE,4646,"75c437262af1a9bd245e9fff0359da258ba289873308ae206e33c26794094023","calculated_by_inventory_script",TRUE,FALSE,"source_or_input"
"stage2","script","scripts/02_stage2/datasets/02_screen_ds12_cpr.R","not_applicable_source_or_input","",TRUE,17594,"bc7802c668accd3f646c1e2989fd942a9f061a3b65d1e4c9af3341048fd21792","calculated_by_inventory_script",FALSE,FALSE,"source_or_input"
"stage2","script","scripts/02_stage2/datasets/02_screen_ds16_stonehaven.R","not_applicable_source_or_input","",TRUE,4670,"5ad6f66bdcf8f308e3a2963348f259d0dc744f87f14f1cdcf03dcf5c6c9aab2b","calculated_by_inventory_script",TRUE,FALSE,"source_or_input"
"stage2","script","scripts/02_stage2/datasets/02_screen_ds24_figshare.R","not_applicable_source_or_input","",TRUE,4773,"8b607100235e8e8138f470faac8d4f82068ac25fcdf95cb4902e1406ed24bd50","calculated_by_inventory_script",TRUE,FALSE,"source_or_input"
"stage2","script","scripts/02_stage2/datasets/02_screen_ds27_ferrybox.R","not_applicable_source_or_input","",TRUE,14773,"bd525feee6767208eaa169074ec49bd488ce7ef43a7924e8f3ac55aa2abf90df","calculated_by_inventory_script",FALSE,FALSE,"source_or_input"
"stage2","script","scripts/02_stage2/datasets/02_summarize_ds02_rws_screening.R","not_applicable_source_or_input","",TRUE,3101,"a321c125446a6047b9e230004ec294e1af068aac58d8ea21ffeccb192fee5f85","calculated_by_inventory_script",TRUE,FALSE,"source_or_input"
"stage2","script","scripts/02_stage2/datasets/02_summarize_ds03_eurobis_screening.R","not_applicable_source_or_input","",TRUE,1757,"5979e8c0d222fe90f3b1ebae0848d51a6ac4ed5a5c35b1d82dab007ff2187f75","calculated_by_inventory_script",TRUE,FALSE,"source_or_input"
"stage2","script","scripts/02_stage2/datasets/02_summarize_ds06_smhi_shark_screening.R","not_applicable_source_or_input","",TRUE,3907,"ec6962e64a30cdb65609b102b234b0d779777b558119e1af033d7281e7aa33e3","calculated_by_inventory_script",TRUE,FALSE,"source_or_input"
"stage2","script","scripts/02_stage2/datasets/02_summarize_ds09_pangaea_screening.R","not_applicable_source_or_input","",TRUE,1514,"49efe3a564f26f08fc5aca2e0e4985be8738b1b9bc67bd3f4cffb3399132d859","calculated_by_inventory_script",TRUE,FALSE,"source_or_input"
"stage2","script","scripts/02_stage2/datasets/02_summarize_ds15_ds22_screening.R","not_applicable_source_or_input","",TRUE,1680,"83bae13d90f24ec01e8c59ad5b3cb38448d76661899dd5cba71fb61ba32c5c73","calculated_by_inventory_script",TRUE,FALSE,"source_or_input"
"stage2","script","scripts/02_stage2/datasets/02_summarize_ds24_figshare_screening.R","not_applicable_source_or_input","",TRUE,1475,"2c603e54ab01315fe3bb9fed1319bb5646565dd8fa14c248b4f2c5f83c51e1ab","calculated_by_inventory_script",TRUE,FALSE,"source_or_input"
"stage2","script","scripts/02_stage2/datasets/02_summarize_ds26_ifcb_reference_library.R","not_applicable_source_or_input","",TRUE,2754,"a8d16bfc1c1b11021e3771b3486ecf2d6674882d37b3a0c39dd4610a1976cb59","calculated_by_inventory_script",TRUE,FALSE,"source_or_input"
"stage2","script","scripts/02_stage2/datasets/02_summarize_plet_datasets.R","not_applicable_source_or_input","",TRUE,2696,"3a999428ac9ddc6a63434ca54f225dc265a930e62f182c213ca67c2eb7177acd","calculated_by_inventory_script",TRUE,FALSE,"source_or_input"
"stage2","script","scripts/02_stage2/wfs/00_register_geometry_run.R","not_applicable_source_or_input","",TRUE,3188,"e93fdd228c91be85156ef095e31fdb1a5e7c2a0771dd818f9db8f00da1d770af","calculated_by_inventory_script",TRUE,FALSE,"source_or_input"
"stage2","script","scripts/02_stage2/wfs/01_screen_geometry.R","not_applicable_source_or_input","",TRUE,8310,"d596bcbf6562f34aa74ef7ba7824dc3c8b5fa461484bb556a2cd0fb177cbb101","calculated_by_inventory_script",TRUE,FALSE,"source_or_input"
"stage2","script","scripts/02_stage2/wfs/02_register_metadata_run.R","not_applicable_source_or_input","",TRUE,2414,"0706642e1cb350659857e641ad7e797a17b80b1855bbb4b1873df06209bcb203","calculated_by_inventory_script",TRUE,FALSE,"source_or_input"
"stage2","script","scripts/02_stage2/wfs/03_resolve_survivors.R","not_applicable_source_or_input","",TRUE,5325,"3ea9ac9b847fd04e7a97cfefc383aaee4b338a91ea6faf60b931db2fcccf44d1","calculated_by_inventory_script",TRUE,FALSE,"source_or_input"
"stage2","test","tests/test_stage2_contract.R","not_applicable_source_or_input","",TRUE,37564,"fc479807a8620f3befdb5a3fdb431e190f9ecdd956a642064b5a8175478738e5","calculated_by_inventory_script",TRUE,FALSE,"source_or_input"
