"stage","category","path","producer_script","script_reference_candidates","exists","size_bytes","sha256","checksum_source","git_tracked","immutable","traceability_state"
"stage1","configuration","config/access_and_licence_policy.json","not_applicable_source_or_input","",TRUE,3754,"42389a9d1622625552c00a69c76b2b818f6167d7dbd6a94203712ce09fa14473","calculated_by_inventory_script",TRUE,FALSE,"source_or_input"
"stage1","configuration","config/ds_register_crosswalk.json","not_applicable_source_or_input","",TRUE,12328,"d350d7d05be13990cccdde07dd246c0b0a79197809c6febba8f79257fc232593","calculated_by_inventory_script",TRUE,FALSE,"source_or_input"
"stage1","configuration","config/scientific_review.json","not_applicable_source_or_input","",TRUE,2644,"87241bd42c9500f221ec164d8fba9a1f68b1196edaa5d95ffb2192596ecba4f3","calculated_by_inventory_script",TRUE,FALSE,"source_or_input"
"stage1","configuration","config/screening_rules.json","not_applicable_source_or_input","",TRUE,4453,"409eb9e71043acdcf812cee0042866e9044275b20028573d392ad51a3754d184","calculated_by_inventory_script",TRUE,FALSE,"source_or_input"
"stage1","configuration","config/stage1_emodnet_biology_wfs_append.json","not_applicable_source_or_input","",TRUE,1510,"f4e86fdcdc3766446ad78b3e508be39e16ab154d70792897cfa94b6c0e50e869","calculated_by_inventory_script",TRUE,FALSE,"source_or_input"
"stage1","configuration","config/stage1_search_config.json","not_applicable_source_or_input","",TRUE,6461,"ca439c47303d11b4ad31524a40fd74830bba1a96367a52ef18e0f4da8a9e7816","calculated_by_inventory_script",TRUE,FALSE,"source_or_input"
"stage1","raw_evidence","data/raw/search_runs/SEARCH-CEFASDASSH-20260808T081236Z/endpoint_catalogue.json","scripts/00_downloads/stage1/01_search_cefas_dassh.R","",TRUE,1430,"3ddec0789a2ff42dd1c23c6cce1428b45bb81fdaf7197ffa8053b36e8dd55952","data/raw/search_runs/SEARCH-CEFASDASSH-20260808T081236Z/manifest.csv",FALSE,TRUE,"traceable"
"stage1","raw_evidence","data/raw/search_runs/SEARCH-CEFASDASSH-20260808T081236Z/manifest.csv","scripts/00_downloads/stage1/01_search_cefas_dassh.R","",TRUE,16371,"70314ba164526a701615477912797d0b5034f08db98dd10f13e1e1e8549ea717","calculated_by_inventory_script_small_unregistered_raw",FALSE,TRUE,"traceable"
"stage1","raw_evidence","data/raw/search_runs/SEARCH-CEFASDASSH-20260808T081236Z/portal_config.json","scripts/00_downloads/stage1/01_search_cefas_dassh.R","",TRUE,87,"d31ae69be0a08fbdfd2a7ff77d75120612369cc275e3e6877fb395c31e8cbd05","data/raw/search_runs/SEARCH-CEFASDASSH-20260808T081236Z/manifest.csv",FALSE,TRUE,"traceable"
"stage1","raw_evidence","data/raw/search_runs/SEARCH-CEFASDASSH-20260808T081236Z/query_01_page_0001.json","scripts/00_downloads/stage1/01_search_cefas_dassh.R","",TRUE,106718,"36d8ce9e0c2da4df46af2bed5df0208cefb90b52fb9676758e2ba15fc9d06ea1","data/raw/search_runs/SEARCH-CEFASDASSH-20260808T081236Z/manifest.csv",FALSE,TRUE,"traceable"
"stage1","raw_evidence","data/raw/search_runs/SEARCH-CEFASDASSH-20260808T081236Z/query_02_page_0001.json","scripts/00_downloads/stage1/01_search_cefas_dassh.R","",TRUE,1740,"5223346e3aef103810620620c65602b47943081e082e6272eb39d4d644f23dc3","data/raw/search_runs/SEARCH-CEFASDASSH-20260808T081236Z/manifest.csv",FALSE,TRUE,"traceable"
"stage1","raw_evidence","data/raw/search_runs/SEARCH-CEFASDASSH-20260808T081236Z/query_03_page_0001.json","scripts/00_downloads/stage1/01_search_cefas_dassh.R","",TRUE,32209,"8dc2335645d1d93d5d363af797b55eddbb32304232f019f20c697b4578cfb7f0","data/raw/search_runs/SEARCH-CEFASDASSH-20260808T081236Z/manifest.csv",FALSE,TRUE,"traceable"
"stage1","raw_evidence","data/raw/search_runs/SEARCH-CEFASDASSH-20260808T081236Z/query_04_page_0001.json","scripts/00_downloads/stage1/01_search_cefas_dassh.R","",TRUE,24593,"1f7bbd0380a02b874b088af5bc2a81fe58e56b511dbb1da4a4d8abb9efb1d3f9","data/raw/search_runs/SEARCH-CEFASDASSH-20260808T081236Z/manifest.csv",FALSE,TRUE,"traceable"
"stage1","raw_evidence","data/raw/search_runs/SEARCH-CEFASDASSH-20260808T081236Z/query_05_page_0001.json","scripts/00_downloads/stage1/01_search_cefas_dassh.R","",TRUE,1750,"d088542b945129167a3029a5745d97184f0470426ebb7ce1a7bed768917240fe","data/raw/search_runs/SEARCH-CEFASDASSH-20260808T081236Z/manifest.csv",FALSE,TRUE,"traceable"
"stage1","raw_evidence","data/raw/search_runs/SEARCH-CEFASDASSH-20260808T081236Z/query_06_page_0001.json","scripts/00_downloads/stage1/01_search_cefas_dassh.R","",TRUE,1713,"213b6436713a7d4f4e9efce046966d490ebcfe8fd38a78094b98f87daa048298","data/raw/search_runs/SEARCH-CEFASDASSH-20260808T081236Z/manifest.csv",FALSE,TRUE,"traceable"
"stage1","raw_evidence","data/raw/search_runs/SEARCH-CEFASDASSH-20260808T081236Z/query_07_page_0001.json","scripts/00_downloads/stage1/01_search_cefas_dassh.R","",TRUE,1752,"a5586581af4d3a964ab4f2fc4d45280d0acd671ba5262b0caabb8f0eca7da743","data/raw/search_runs/SEARCH-CEFASDASSH-20260808T081236Z/manifest.csv",FALSE,TRUE,"traceable"
"stage1","raw_evidence","data/raw/search_runs/SEARCH-CEFASDASSH-20260808T081236Z/query_08_page_0001.json","scripts/00_downloads/stage1/01_search_cefas_dassh.R","",TRUE,252039,"c0718efa13b11e00cac678b8ba74436915d2c9b5d3a942b53c65e8fb149c8868","data/raw/search_runs/SEARCH-CEFASDASSH-20260808T081236Z/manifest.csv",FALSE,TRUE,"traceable"
"stage1","raw_evidence","data/raw/search_runs/SEARCH-CEFASDASSH-20260808T081236Z/query_08_page_0002.json","scripts/00_downloads/stage1/01_search_cefas_dassh.R","",TRUE,266418,"daa7011a6d92a34ee76555ab2cda131db18c358c4b8f1863cbb65e657d67ddbd","data/raw/search_runs/SEARCH-CEFASDASSH-20260808T081236Z/manifest.csv",FALSE,TRUE,"traceable"
"stage1","raw_evidence","data/raw/search_runs/SEARCH-CEFASDASSH-20260808T081236Z/query_08_page_0003.json","scripts/00_downloads/stage1/01_search_cefas_dassh.R","",TRUE,314418,"f517cadd3dce7f895298f100aa5574ccefc59a4a7188e96bf08e4ea215b2da27","data/raw/search_runs/SEARCH-CEFASDASSH-20260808T081236Z/manifest.csv",FALSE,TRUE,"traceable"
"stage1","raw_evidence","data/raw/search_runs/SEARCH-CEFASDASSH-20260808T081236Z/query_08_page_0004.json","scripts/00_downloads/stage1/01_search_cefas_dassh.R","",TRUE,51702,"65c298e1fbad519b74ed0caf0eec0d887e07d103a5e6f0e3c3687535a0e1985a","data/raw/search_runs/SEARCH-CEFASDASSH-20260808T081236Z/manifest.csv",FALSE,TRUE,"traceable"
"stage1","raw_evidence","data/raw/search_runs/SEARCH-CEFASDASSH-20260808T081236Z/query_09_page_0001.json","scripts/00_downloads/stage1/01_search_cefas_dassh.R","",TRUE,193250,"2a0ea2da41c78c6ebf06cea890427f2f48bb39e57803f8e880117898945fe64a","data/raw/search_runs/SEARCH-CEFASDASSH-20260808T081236Z/manifest.csv",FALSE,TRUE,"traceable"
"stage1","raw_evidence","data/raw/search_runs/SEARCH-CEFASDASSH-20260808T081236Z/query_10_page_0001.json","scripts/00_downloads/stage1/01_search_cefas_dassh.R","",TRUE,230,"6c47edd6e5affc24fbe2a447e881b4e67192060156fe11ffcc76ffb7bf0942e9","data/raw/search_runs/SEARCH-CEFASDASSH-20260808T081236Z/manifest.csv",FALSE,TRUE,"traceable"
"stage1","raw_evidence","data/raw/search_runs/SEARCH-CEFASDASSH-20260808T081236Z/query_11_page_0001.json","scripts/00_downloads/stage1/01_search_cefas_dassh.R","",TRUE,127978,"eefbb72fec35cb5c02d84df96f9d32957f08c2ff70d4bee39caa23d85f3ec73d","data/raw/search_runs/SEARCH-CEFASDASSH-20260808T081236Z/manifest.csv",FALSE,TRUE,"traceable"
"stage1","raw_evidence","data/raw/search_runs/SEARCH-CEFASDASSH-20260808T081236Z/query_12_page_0001.json","scripts/00_downloads/stage1/01_search_cefas_dassh.R","",TRUE,250655,"a1575c851573f87c15bad3c26817a438a8649d6e36e26487b94e2215dfb04a9e","data/raw/search_runs/SEARCH-CEFASDASSH-20260808T081236Z/manifest.csv",FALSE,TRUE,"traceable"
"stage1","raw_evidence","data/raw/search_runs/SEARCH-CEFASDASSH-20260808T081236Z/query_12_page_0002.json","scripts/00_downloads/stage1/01_search_cefas_dassh.R","",TRUE,7560,"b5105c67d3ab1f005f506bfe470f29b9e79eafc2753e0cccc3269a1f56dbef4a","data/raw/search_runs/SEARCH-CEFASDASSH-20260808T081236Z/manifest.csv",FALSE,TRUE,"traceable"
"stage1","raw_evidence","data/raw/search_runs/SEARCH-CEFASDASSH-20260808T081236Z/query_13_page_0001.json","scripts/00_downloads/stage1/01_search_cefas_dassh.R","",TRUE,4770,"68ebefd3c665bff535f55cf327e1da3978e216da029894469608db72efc768fa","data/raw/search_runs/SEARCH-CEFASDASSH-20260808T081236Z/manifest.csv",FALSE,TRUE,"traceable"
"stage1","raw_evidence","data/raw/search_runs/SEARCH-CEFASDASSH-20260808T081236Z/query_14_page_0001.json","scripts/00_downloads/stage1/01_search_cefas_dassh.R","",TRUE,202556,"13a6d125894f942e1b4bcdadeefe84a28efaa9fe567b0a1366f7e742ca11ac4f","data/raw/search_runs/SEARCH-CEFASDASSH-20260808T081236Z/manifest.csv",FALSE,TRUE,"traceable"
"stage1","raw_evidence","data/raw/search_runs/SEARCH-CEFASDASSH-20260808T081236Z/query_14_page_0002.json","scripts/00_downloads/stage1/01_search_cefas_dassh.R","",TRUE,132270,"d2ad3949347e29bdc98fc669a8a5183e665ee88c68de9455fe48b657ee9ce52e","data/raw/search_runs/SEARCH-CEFASDASSH-20260808T081236Z/manifest.csv",FALSE,TRUE,"traceable"
"stage1","raw_evidence","data/raw/search_runs/SEARCH-CEFASDASSH-20260808T081236Z/query_14_page_0003.json","scripts/00_downloads/stage1/01_search_cefas_dassh.R","",TRUE,93429,"ccbd54d7555b6b6b3e7b14746d7b64467434757e65eb13ccec62a6087c9400e2","data/raw/search_runs/SEARCH-CEFASDASSH-20260808T081236Z/manifest.csv",FALSE,TRUE,"traceable"
"stage1","raw_evidence","data/raw/search_runs/SEARCH-CEFASDASSH-20260808T081236Z/query_15_page_0001.json","scripts/00_downloads/stage1/01_search_cefas_dassh.R","",TRUE,15996,"cd42d86bea34d715d9d776337b4b2e3cc760153a2eb9cbf22bd4c8cb2709b9b9","data/raw/search_runs/SEARCH-CEFASDASSH-20260808T081236Z/manifest.csv",FALSE,TRUE,"traceable"
"stage1","raw_evidence","data/raw/search_runs/SEARCH-CEFASDASSH-20260808T081236Z/query_16_page_0001.json","scripts/00_downloads/stage1/01_search_cefas_dassh.R","",TRUE,3234,"e333267068d2489b78fae2e79410244707d110937a6a0dd54b265db0300ac2ec","data/raw/search_runs/SEARCH-CEFASDASSH-20260808T081236Z/manifest.csv",FALSE,TRUE,"traceable"
"stage1","raw_evidence","data/raw/search_runs/SEARCH-CEFASDASSH-20260808T081236Z/run_summary.json","scripts/00_downloads/stage1/01_search_cefas_dassh.R","",TRUE,623,"f06b2e723a3ed87ae75fd1a56e4499e32a64db3a346a395068c97c5e61f29676","calculated_by_inventory_script_small_unregistered_raw",FALSE,TRUE,"traceable"
"stage1","raw_evidence","data/raw/search_runs/SEARCH-CEFASDASSH-20260808T081236Z/swagger.json","scripts/00_downloads/stage1/01_search_cefas_dassh.R","",TRUE,159605,"0b964915d0007f86cb6c97e00bdbdfcea389bd902f2926b01eda234b43b30518","data/raw/search_runs/SEARCH-CEFASDASSH-20260808T081236Z/manifest.csv",FALSE,TRUE,"traceable"
"stage1","raw_evidence","data/raw/search_runs/SEARCH-CEFASDASSH-20260808T103658Z/endpoint_catalogue.json","scripts/00_downloads/stage1/01_search_cefas_dassh.R","",TRUE,1430,"3ddec0789a2ff42dd1c23c6cce1428b45bb81fdaf7197ffa8053b36e8dd55952","data/raw/search_runs/SEARCH-CEFASDASSH-20260808T103658Z/manifest.csv",FALSE,TRUE,"traceable"
"stage1","raw_evidence","data/raw/search_runs/SEARCH-CEFASDASSH-20260808T103658Z/human_readable_log.txt","scripts/00_downloads/stage1/01_search_cefas_dassh.R","",TRUE,2601,"a79b6b4a84b815c9708872dda66c08098ea9b145acd5bb428a8c0cc86762086b","calculated_by_inventory_script_small_unregistered_raw",FALSE,TRUE,"traceable"
"stage1","raw_evidence","data/raw/search_runs/SEARCH-CEFASDASSH-20260808T103658Z/manifest.csv","scripts/00_downloads/stage1/01_search_cefas_dassh.R","",TRUE,16371,"fea8c20c3989901f3656b2a585978e63b0071139e2515adb33cd9d683d64e324","calculated_by_inventory_script_small_unregistered_raw",FALSE,TRUE,"traceable"
"stage1","raw_evidence","data/raw/search_runs/SEARCH-CEFASDASSH-20260808T103658Z/portal_config.json","scripts/00_downloads/stage1/01_search_cefas_dassh.R","",TRUE,87,"d31ae69be0a08fbdfd2a7ff77d75120612369cc275e3e6877fb395c31e8cbd05","data/raw/search_runs/SEARCH-CEFASDASSH-20260808T103658Z/manifest.csv",FALSE,TRUE,"traceable"
"stage1","raw_evidence","data/raw/search_runs/SEARCH-CEFASDASSH-20260808T103658Z/query_01_page_0001.json","scripts/00_downloads/stage1/01_search_cefas_dassh.R","",TRUE,106718,"36d8ce9e0c2da4df46af2bed5df0208cefb90b52fb9676758e2ba15fc9d06ea1","data/raw/search_runs/SEARCH-CEFASDASSH-20260808T103658Z/manifest.csv",FALSE,TRUE,"traceable"
"stage1","raw_evidence","data/raw/search_runs/SEARCH-CEFASDASSH-20260808T103658Z/query_02_page_0001.json","scripts/00_downloads/stage1/01_search_cefas_dassh.R","",TRUE,1740,"5223346e3aef103810620620c65602b47943081e082e6272eb39d4d644f23dc3","data/raw/search_runs/SEARCH-CEFASDASSH-20260808T103658Z/manifest.csv",FALSE,TRUE,"traceable"
"stage1","raw_evidence","data/raw/search_runs/SEARCH-CEFASDASSH-20260808T103658Z/query_03_page_0001.json","scripts/00_downloads/stage1/01_search_cefas_dassh.R","",TRUE,32209,"8dc2335645d1d93d5d363af797b55eddbb32304232f019f20c697b4578cfb7f0","data/raw/search_runs/SEARCH-CEFASDASSH-20260808T103658Z/manifest.csv",FALSE,TRUE,"traceable"
"stage1","raw_evidence","data/raw/search_runs/SEARCH-CEFASDASSH-20260808T103658Z/query_04_page_0001.json","scripts/00_downloads/stage1/01_search_cefas_dassh.R","",TRUE,24593,"1f7bbd0380a02b874b088af5bc2a81fe58e56b511dbb1da4a4d8abb9efb1d3f9","data/raw/search_runs/SEARCH-CEFASDASSH-20260808T103658Z/manifest.csv",FALSE,TRUE,"traceable"
"stage1","raw_evidence","data/raw/search_runs/SEARCH-CEFASDASSH-20260808T103658Z/query_05_page_0001.json","scripts/00_downloads/stage1/01_search_cefas_dassh.R","",TRUE,1750,"d088542b945129167a3029a5745d97184f0470426ebb7ce1a7bed768917240fe","data/raw/search_runs/SEARCH-CEFASDASSH-20260808T103658Z/manifest.csv",FALSE,TRUE,"traceable"
"stage1","raw_evidence","data/raw/search_runs/SEARCH-CEFASDASSH-20260808T103658Z/query_06_page_0001.json","scripts/00_downloads/stage1/01_search_cefas_dassh.R","",TRUE,1713,"213b6436713a7d4f4e9efce046966d490ebcfe8fd38a78094b98f87daa048298","data/raw/search_runs/SEARCH-CEFASDASSH-20260808T103658Z/manifest.csv",FALSE,TRUE,"traceable"
"stage1","raw_evidence","data/raw/search_runs/SEARCH-CEFASDASSH-20260808T103658Z/query_07_page_0001.json","scripts/00_downloads/stage1/01_search_cefas_dassh.R","",TRUE,1752,"a5586581af4d3a964ab4f2fc4d45280d0acd671ba5262b0caabb8f0eca7da743","data/raw/search_runs/SEARCH-CEFASDASSH-20260808T103658Z/manifest.csv",FALSE,TRUE,"traceable"
"stage1","raw_evidence","data/raw/search_runs/SEARCH-CEFASDASSH-20260808T103658Z/query_08_page_0001.json","scripts/00_downloads/stage1/01_search_cefas_dassh.R","",TRUE,252039,"c0718efa13b11e00cac678b8ba74436915d2c9b5d3a942b53c65e8fb149c8868","data/raw/search_runs/SEARCH-CEFASDASSH-20260808T103658Z/manifest.csv",FALSE,TRUE,"traceable"
"stage1","raw_evidence","data/raw/search_runs/SEARCH-CEFASDASSH-20260808T103658Z/query_08_page_0002.json","scripts/00_downloads/stage1/01_search_cefas_dassh.R","",TRUE,266418,"daa7011a6d92a34ee76555ab2cda131db18c358c4b8f1863cbb65e657d67ddbd","data/raw/search_runs/SEARCH-CEFASDASSH-20260808T103658Z/manifest.csv",FALSE,TRUE,"traceable"
"stage1","raw_evidence","data/raw/search_runs/SEARCH-CEFASDASSH-20260808T103658Z/query_08_page_0003.json","scripts/00_downloads/stage1/01_search_cefas_dassh.R","",TRUE,314418,"f517cadd3dce7f895298f100aa5574ccefc59a4a7188e96bf08e4ea215b2da27","data/raw/search_runs/SEARCH-CEFASDASSH-20260808T103658Z/manifest.csv",FALSE,TRUE,"traceable"
"stage1","raw_evidence","data/raw/search_runs/SEARCH-CEFASDASSH-20260808T103658Z/query_08_page_0004.json","scripts/00_downloads/stage1/01_search_cefas_dassh.R","",TRUE,51702,"65c298e1fbad519b74ed0caf0eec0d887e07d103a5e6f0e3c3687535a0e1985a","data/raw/search_runs/SEARCH-CEFASDASSH-20260808T103658Z/manifest.csv",FALSE,TRUE,"traceable"
"stage1","raw_evidence","data/raw/search_runs/SEARCH-CEFASDASSH-20260808T103658Z/query_09_page_0001.json","scripts/00_downloads/stage1/01_search_cefas_dassh.R","",TRUE,193250,"2a0ea2da41c78c6ebf06cea890427f2f48bb39e57803f8e880117898945fe64a","data/raw/search_runs/SEARCH-CEFASDASSH-20260808T103658Z/manifest.csv",FALSE,TRUE,"traceable"
"stage1","raw_evidence","data/raw/search_runs/SEARCH-CEFASDASSH-20260808T103658Z/query_10_page_0001.json","scripts/00_downloads/stage1/01_search_cefas_dassh.R","",TRUE,230,"6c47edd6e5affc24fbe2a447e881b4e67192060156fe11ffcc76ffb7bf0942e9","data/raw/search_runs/SEARCH-CEFASDASSH-20260808T103658Z/manifest.csv",FALSE,TRUE,"traceable"
"stage1","raw_evidence","data/raw/search_runs/SEARCH-CEFASDASSH-20260808T103658Z/query_11_page_0001.json","scripts/00_downloads/stage1/01_search_cefas_dassh.R","",TRUE,127978,"eefbb72fec35cb5c02d84df96f9d32957f08c2ff70d4bee39caa23d85f3ec73d","data/raw/search_runs/SEARCH-CEFASDASSH-20260808T103658Z/manifest.csv",FALSE,TRUE,"traceable"
"stage1","raw_evidence","data/raw/search_runs/SEARCH-CEFASDASSH-20260808T103658Z/query_12_page_0001.json","scripts/00_downloads/stage1/01_search_cefas_dassh.R","",TRUE,250655,"a1575c851573f87c15bad3c26817a438a8649d6e36e26487b94e2215dfb04a9e","data/raw/search_runs/SEARCH-CEFASDASSH-20260808T103658Z/manifest.csv",FALSE,TRUE,"traceable"
"stage1","raw_evidence","data/raw/search_runs/SEARCH-CEFASDASSH-20260808T103658Z/query_12_page_0002.json","scripts/00_downloads/stage1/01_search_cefas_dassh.R","",TRUE,7560,"b5105c67d3ab1f005f506bfe470f29b9e79eafc2753e0cccc3269a1f56dbef4a","data/raw/search_runs/SEARCH-CEFASDASSH-20260808T103658Z/manifest.csv",FALSE,TRUE,"traceable"
"stage1","raw_evidence","data/raw/search_runs/SEARCH-CEFASDASSH-20260808T103658Z/query_13_page_0001.json","scripts/00_downloads/stage1/01_search_cefas_dassh.R","",TRUE,4770,"68ebefd3c665bff535f55cf327e1da3978e216da029894469608db72efc768fa","data/raw/search_runs/SEARCH-CEFASDASSH-20260808T103658Z/manifest.csv",FALSE,TRUE,"traceable"
"stage1","raw_evidence","data/raw/search_runs/SEARCH-CEFASDASSH-20260808T103658Z/query_14_page_0001.json","scripts/00_downloads/stage1/01_search_cefas_dassh.R","",TRUE,202556,"13a6d125894f942e1b4bcdadeefe84a28efaa9fe567b0a1366f7e742ca11ac4f","data/raw/search_runs/SEARCH-CEFASDASSH-20260808T103658Z/manifest.csv",FALSE,TRUE,"traceable"
"stage1","raw_evidence","data/raw/search_runs/SEARCH-CEFASDASSH-20260808T103658Z/query_14_page_0002.json","scripts/00_downloads/stage1/01_search_cefas_dassh.R","",TRUE,132270,"d2ad3949347e29bdc98fc669a8a5183e665ee88c68de9455fe48b657ee9ce52e","data/raw/search_runs/SEARCH-CEFASDASSH-20260808T103658Z/manifest.csv",FALSE,TRUE,"traceable"
"stage1","raw_evidence","data/raw/search_runs/SEARCH-CEFASDASSH-20260808T103658Z/query_14_page_0003.json","scripts/00_downloads/stage1/01_search_cefas_dassh.R","",TRUE,93429,"ccbd54d7555b6b6b3e7b14746d7b64467434757e65eb13ccec62a6087c9400e2","data/raw/search_runs/SEARCH-CEFASDASSH-20260808T103658Z/manifest.csv",FALSE,TRUE,"traceable"
"stage1","raw_evidence","data/raw/search_runs/SEARCH-CEFASDASSH-20260808T103658Z/query_15_page_0001.json","scripts/00_downloads/stage1/01_search_cefas_dassh.R","",TRUE,15996,"cd42d86bea34d715d9d776337b4b2e3cc760153a2eb9cbf22bd4c8cb2709b9b9","data/raw/search_runs/SEARCH-CEFASDASSH-20260808T103658Z/manifest.csv",FALSE,TRUE,"traceable"
"stage1","raw_evidence","data/raw/search_runs/SEARCH-CEFASDASSH-20260808T103658Z/query_16_page_0001.json","scripts/00_downloads/stage1/01_search_cefas_dassh.R","",TRUE,3234,"e333267068d2489b78fae2e79410244707d110937a6a0dd54b265db0300ac2ec","data/raw/search_runs/SEARCH-CEFASDASSH-20260808T103658Z/manifest.csv",FALSE,TRUE,"traceable"
"stage1","raw_evidence","data/raw/search_runs/SEARCH-CEFASDASSH-20260808T103658Z/run_summary.json","scripts/00_downloads/stage1/01_search_cefas_dassh.R","",TRUE,623,"b598a295b29780224650026ce84ae441cabe971db00d53768cfa6ef3aec1f29b","calculated_by_inventory_script_small_unregistered_raw",FALSE,TRUE,"traceable"
"stage1","raw_evidence","data/raw/search_runs/SEARCH-CEFASDASSH-20260808T103658Z/swagger.json","scripts/00_downloads/stage1/01_search_cefas_dassh.R","",TRUE,159605,"0b964915d0007f86cb6c97e00bdbdfcea389bd902f2926b01eda234b43b30518","data/raw/search_runs/SEARCH-CEFASDASSH-20260808T103658Z/manifest.csv",FALSE,TRUE,"traceable"
"stage1","raw_evidence","data/raw/search_runs/SEARCH-CEFASDASSH-20260808T105231Z/endpoint_catalogue.json","scripts/00_downloads/stage1/01_search_cefas_dassh.R","",TRUE,1430,"3ddec0789a2ff42dd1c23c6cce1428b45bb81fdaf7197ffa8053b36e8dd55952","data/raw/search_runs/SEARCH-CEFASDASSH-20260808T105231Z/manifest.csv",FALSE,TRUE,"traceable"
"stage1","raw_evidence","data/raw/search_runs/SEARCH-CEFASDASSH-20260808T105231Z/human_readable_log.txt","scripts/00_downloads/stage1/01_search_cefas_dassh.R","",TRUE,2601,"3cf8a8424d11548182ac1be2414dde1a1f8f5b818b83f64d68da8494cb68940b","calculated_by_inventory_script_small_unregistered_raw",FALSE,TRUE,"traceable"
"stage1","raw_evidence","data/raw/search_runs/SEARCH-CEFASDASSH-20260808T105231Z/manifest.csv","scripts/00_downloads/stage1/01_search_cefas_dassh.R","",TRUE,16371,"f0c6afceb35128e8bfa8956f89553fa8e245d6cfb38ea2d9f98fba5065e0ac4f","calculated_by_inventory_script_small_unregistered_raw",FALSE,TRUE,"traceable"
"stage1","raw_evidence","data/raw/search_runs/SEARCH-CEFASDASSH-20260808T105231Z/portal_config.json","scripts/00_downloads/stage1/01_search_cefas_dassh.R","",TRUE,87,"d31ae69be0a08fbdfd2a7ff77d75120612369cc275e3e6877fb395c31e8cbd05","data/raw/search_runs/SEARCH-CEFASDASSH-20260808T105231Z/manifest.csv",FALSE,TRUE,"traceable"
"stage1","raw_evidence","data/raw/search_runs/SEARCH-CEFASDASSH-20260808T105231Z/query_01_page_0001.json","scripts/00_downloads/stage1/01_search_cefas_dassh.R","",TRUE,106718,"36d8ce9e0c2da4df46af2bed5df0208cefb90b52fb9676758e2ba15fc9d06ea1","data/raw/search_runs/SEARCH-CEFASDASSH-20260808T105231Z/manifest.csv",FALSE,TRUE,"traceable"
"stage1","raw_evidence","data/raw/search_runs/SEARCH-CEFASDASSH-20260808T105231Z/query_02_page_0001.json","scripts/00_downloads/stage1/01_search_cefas_dassh.R","",TRUE,1740,"5223346e3aef103810620620c65602b47943081e082e6272eb39d4d644f23dc3","data/raw/search_runs/SEARCH-CEFASDASSH-20260808T105231Z/manifest.csv",FALSE,TRUE,"traceable"
"stage1","raw_evidence","data/raw/search_runs/SEARCH-CEFASDASSH-20260808T105231Z/query_03_page_0001.json","scripts/00_downloads/stage1/01_search_cefas_dassh.R","",TRUE,32209,"8dc2335645d1d93d5d363af797b55eddbb32304232f019f20c697b4578cfb7f0","data/raw/search_runs/SEARCH-CEFASDASSH-20260808T105231Z/manifest.csv",FALSE,TRUE,"traceable"
"stage1","raw_evidence","data/raw/search_runs/SEARCH-CEFASDASSH-20260808T105231Z/query_04_page_0001.json","scripts/00_downloads/stage1/01_search_cefas_dassh.R","",TRUE,24593,"1f7bbd0380a02b874b088af5bc2a81fe58e56b511dbb1da4a4d8abb9efb1d3f9","data/raw/search_runs/SEARCH-CEFASDASSH-20260808T105231Z/manifest.csv",FALSE,TRUE,"traceable"
"stage1","raw_evidence","data/raw/search_runs/SEARCH-CEFASDASSH-20260808T105231Z/query_05_page_0001.json","scripts/00_downloads/stage1/01_search_cefas_dassh.R","",TRUE,1750,"d088542b945129167a3029a5745d97184f0470426ebb7ce1a7bed768917240fe","data/raw/search_runs/SEARCH-CEFASDASSH-20260808T105231Z/manifest.csv",FALSE,TRUE,"traceable"
"stage1","raw_evidence","data/raw/search_runs/SEARCH-CEFASDASSH-20260808T105231Z/query_06_page_0001.json","scripts/00_downloads/stage1/01_search_cefas_dassh.R","",TRUE,1713,"213b6436713a7d4f4e9efce046966d490ebcfe8fd38a78094b98f87daa048298","data/raw/search_runs/SEARCH-CEFASDASSH-20260808T105231Z/manifest.csv",FALSE,TRUE,"traceable"
"stage1","raw_evidence","data/raw/search_runs/SEARCH-CEFASDASSH-20260808T105231Z/query_07_page_0001.json","scripts/00_downloads/stage1/01_search_cefas_dassh.R","",TRUE,1752,"a5586581af4d3a964ab4f2fc4d45280d0acd671ba5262b0caabb8f0eca7da743","data/raw/search_runs/SEARCH-CEFASDASSH-20260808T105231Z/manifest.csv",FALSE,TRUE,"traceable"
"stage1","raw_evidence","data/raw/search_runs/SEARCH-CEFASDASSH-20260808T105231Z/query_08_page_0001.json","scripts/00_downloads/stage1/01_search_cefas_dassh.R","",TRUE,252039,"c0718efa13b11e00cac678b8ba74436915d2c9b5d3a942b53c65e8fb149c8868","data/raw/search_runs/SEARCH-CEFASDASSH-20260808T105231Z/manifest.csv",FALSE,TRUE,"traceable"
"stage1","raw_evidence","data/raw/search_runs/SEARCH-CEFASDASSH-20260808T105231Z/query_08_page_0002.json","scripts/00_downloads/stage1/01_search_cefas_dassh.R","",TRUE,266418,"daa7011a6d92a34ee76555ab2cda131db18c358c4b8f1863cbb65e657d67ddbd","data/raw/search_runs/SEARCH-CEFASDASSH-20260808T105231Z/manifest.csv",FALSE,TRUE,"traceable"
"stage1","raw_evidence","data/raw/search_runs/SEARCH-CEFASDASSH-20260808T105231Z/query_08_page_0003.json","scripts/00_downloads/stage1/01_search_cefas_dassh.R","",TRUE,314418,"f517cadd3dce7f895298f100aa5574ccefc59a4a7188e96bf08e4ea215b2da27","data/raw/search_runs/SEARCH-CEFASDASSH-20260808T105231Z/manifest.csv",FALSE,TRUE,"traceable"
"stage1","raw_evidence","data/raw/search_runs/SEARCH-CEFASDASSH-20260808T105231Z/query_08_page_0004.json","scripts/00_downloads/stage1/01_search_cefas_dassh.R","",TRUE,51702,"65c298e1fbad519b74ed0caf0eec0d887e07d103a5e6f0e3c3687535a0e1985a","data/raw/search_runs/SEARCH-CEFASDASSH-20260808T105231Z/manifest.csv",FALSE,TRUE,"traceable"
"stage1","raw_evidence","data/raw/search_runs/SEARCH-CEFASDASSH-20260808T105231Z/query_09_page_0001.json","scripts/00_downloads/stage1/01_search_cefas_dassh.R","",TRUE,193250,"2a0ea2da41c78c6ebf06cea890427f2f48bb39e57803f8e880117898945fe64a","data/raw/search_runs/SEARCH-CEFASDASSH-20260808T105231Z/manifest.csv",FALSE,TRUE,"traceable"
"stage1","raw_evidence","data/raw/search_runs/SEARCH-CEFASDASSH-20260808T105231Z/query_10_page_0001.json","scripts/00_downloads/stage1/01_search_cefas_dassh.R","",TRUE,230,"6c47edd6e5affc24fbe2a447e881b4e67192060156fe11ffcc76ffb7bf0942e9","data/raw/search_runs/SEARCH-CEFASDASSH-20260808T105231Z/manifest.csv",FALSE,TRUE,"traceable"
"stage1","raw_evidence","data/raw/search_runs/SEARCH-CEFASDASSH-20260808T105231Z/query_11_page_0001.json","scripts/00_downloads/stage1/01_search_cefas_dassh.R","",TRUE,127978,"94fe0bdafeab96b571d10eb903a76258a7ee3b7952b245138c80146b5ab65087","data/raw/search_runs/SEARCH-CEFASDASSH-20260808T105231Z/manifest.csv",FALSE,TRUE,"traceable"
"stage1","raw_evidence","data/raw/search_runs/SEARCH-CEFASDASSH-20260808T105231Z/query_12_page_0001.json","scripts/00_downloads/stage1/01_search_cefas_dassh.R","",TRUE,250655,"a1575c851573f87c15bad3c26817a438a8649d6e36e26487b94e2215dfb04a9e","data/raw/search_runs/SEARCH-CEFASDASSH-20260808T105231Z/manifest.csv",FALSE,TRUE,"traceable"
"stage1","raw_evidence","data/raw/search_runs/SEARCH-CEFASDASSH-20260808T105231Z/query_12_page_0002.json","scripts/00_downloads/stage1/01_search_cefas_dassh.R","",TRUE,7560,"b5105c67d3ab1f005f506bfe470f29b9e79eafc2753e0cccc3269a1f56dbef4a","data/raw/search_runs/SEARCH-CEFASDASSH-20260808T105231Z/manifest.csv",FALSE,TRUE,"traceable"
"stage1","raw_evidence","data/raw/search_runs/SEARCH-CEFASDASSH-20260808T105231Z/query_13_page_0001.json","scripts/00_downloads/stage1/01_search_cefas_dassh.R","",TRUE,4770,"68ebefd3c665bff535f55cf327e1da3978e216da029894469608db72efc768fa","data/raw/search_runs/SEARCH-CEFASDASSH-20260808T105231Z/manifest.csv",FALSE,TRUE,"traceable"
"stage1","raw_evidence","data/raw/search_runs/SEARCH-CEFASDASSH-20260808T105231Z/query_14_page_0001.json","scripts/00_downloads/stage1/01_search_cefas_dassh.R","",TRUE,202556,"13a6d125894f942e1b4bcdadeefe84a28efaa9fe567b0a1366f7e742ca11ac4f","data/raw/search_runs/SEARCH-CEFASDASSH-20260808T105231Z/manifest.csv",FALSE,TRUE,"traceable"
"stage1","raw_evidence","data/raw/search_runs/SEARCH-CEFASDASSH-20260808T105231Z/query_14_page_0002.json","scripts/00_downloads/stage1/01_search_cefas_dassh.R","",TRUE,132270,"d2ad3949347e29bdc98fc669a8a5183e665ee88c68de9455fe48b657ee9ce52e","data/raw/search_runs/SEARCH-CEFASDASSH-20260808T105231Z/manifest.csv",FALSE,TRUE,"traceable"
"stage1","raw_evidence","data/raw/search_runs/SEARCH-CEFASDASSH-20260808T105231Z/query_14_page_0003.json","scripts/00_downloads/stage1/01_search_cefas_dassh.R","",TRUE,93429,"ccbd54d7555b6b6b3e7b14746d7b64467434757e65eb13ccec62a6087c9400e2","data/raw/search_runs/SEARCH-CEFASDASSH-20260808T105231Z/manifest.csv",FALSE,TRUE,"traceable"
"stage1","raw_evidence","data/raw/search_runs/SEARCH-CEFASDASSH-20260808T105231Z/query_15_page_0001.json","scripts/00_downloads/stage1/01_search_cefas_dassh.R","",TRUE,15996,"cd42d86bea34d715d9d776337b4b2e3cc760153a2eb9cbf22bd4c8cb2709b9b9","data/raw/search_runs/SEARCH-CEFASDASSH-20260808T105231Z/manifest.csv",FALSE,TRUE,"traceable"
"stage1","raw_evidence","data/raw/search_runs/SEARCH-CEFASDASSH-20260808T105231Z/query_16_page_0001.json","scripts/00_downloads/stage1/01_search_cefas_dassh.R","",TRUE,3234,"e333267068d2489b78fae2e79410244707d110937a6a0dd54b265db0300ac2ec","data/raw/search_runs/SEARCH-CEFASDASSH-20260808T105231Z/manifest.csv",FALSE,TRUE,"traceable"
"stage1","raw_evidence","data/raw/search_runs/SEARCH-CEFASDASSH-20260808T105231Z/run_summary.json","scripts/00_downloads/stage1/01_search_cefas_dassh.R","",TRUE,623,"b951ac1408b7b2dd26588adf7ee05af61372fcf9afa74dc5e5e05f812833a486","calculated_by_inventory_script_small_unregistered_raw",FALSE,TRUE,"traceable"
"stage1","raw_evidence","data/raw/search_runs/SEARCH-CEFASDASSH-20260808T105231Z/swagger.json","scripts/00_downloads/stage1/01_search_cefas_dassh.R","",TRUE,159605,"0b964915d0007f86cb6c97e00bdbdfcea389bd902f2926b01eda234b43b30518","data/raw/search_runs/SEARCH-CEFASDASSH-20260808T105231Z/manifest.csv",FALSE,TRUE,"traceable"
"stage1","raw_evidence","data/raw/search_runs/SEARCH-EMODNET-20260807T144229Z/manifest.json","scripts/00_downloads/stage1/01_search_emodnet_erddap.R","",TRUE,407,"e4024a60b85f64957f52a5c0c8120fb6746a0089253cc76ba65184bfefaca8a2","calculated_by_inventory_script_small_unregistered_raw",FALSE,TRUE,"traceable"
"stage1","raw_evidence","data/raw/search_runs/SEARCH-EMODNET-20260807T144229Z/response.json","scripts/00_downloads/stage1/01_search_emodnet_erddap.R","",TRUE,6649,"94e0938ef659417499f570ef1173b2c33de73786f194b8ca60394a871e26402b","calculated_by_inventory_script_small_unregistered_raw",FALSE,TRUE,"traceable"
"stage1","raw_evidence","data/raw/search_runs/SEARCH-EMODNET-20260807T201316Z/manifest.json","scripts/00_downloads/stage1/01_search_emodnet_erddap.R","",TRUE,667,"abb043848bf0d3a22de4318014d9034cd3036269fcb1e242b2c89027cc491412","calculated_by_inventory_script_small_unregistered_raw",FALSE,TRUE,"traceable"
"stage1","raw_evidence","data/raw/search_runs/SEARCH-EMODNET-20260807T201316Z/response_page_001.json","scripts/00_downloads/stage1/01_search_emodnet_erddap.R","",TRUE,6649,"94e0938ef659417499f570ef1173b2c33de73786f194b8ca60394a871e26402b","calculated_by_inventory_script_small_unregistered_raw",FALSE,TRUE,"traceable"
"stage1","raw_evidence","data/raw/search_runs/SEARCH-EMODNET-20260808T080232Z/query_01_page_0001.json","scripts/00_downloads/stage1/01_search_emodnet_erddap.R","",TRUE,6649,"94e0938ef659417499f570ef1173b2c33de73786f194b8ca60394a871e26402b","calculated_by_inventory_script_small_unregistered_raw",FALSE,TRUE,"traceable"
"stage1","raw_evidence","data/raw/search_runs/SEARCH-EMODNET-20260808T080309Z/manifest.csv","scripts/00_downloads/stage1/01_search_emodnet_erddap.R","",TRUE,10203,"072c7cd0e98cf52b32d9b11ebfcf7f3e964d8d04af28bb08a9ecd7a28af56551","calculated_by_inventory_script_small_unregistered_raw",FALSE,TRUE,"traceable"
"stage1","raw_evidence","data/raw/search_runs/SEARCH-EMODNET-20260808T080309Z/query_01_page_0001.json","scripts/00_downloads/stage1/01_search_emodnet_erddap.R","",TRUE,6649,"94e0938ef659417499f570ef1173b2c33de73786f194b8ca60394a871e26402b","data/raw/search_runs/SEARCH-EMODNET-20260808T080309Z/manifest.csv",FALSE,TRUE,"traceable"
"stage1","raw_evidence","data/raw/search_runs/SEARCH-EMODNET-20260808T080309Z/query_02_page_0001.json","scripts/00_downloads/stage1/01_search_emodnet_erddap.R","",TRUE,163,"6ba1c3983c4fc1eb96e53f926621274cc7e9b687616e26dc3b1a75c0044fbcd4","data/raw/search_runs/SEARCH-EMODNET-20260808T080309Z/manifest.csv",FALSE,TRUE,"traceable"
"stage1","raw_evidence","data/raw/search_runs/SEARCH-EMODNET-20260808T080309Z/query_03_page_0001.json","scripts/00_downloads/stage1/01_search_emodnet_erddap.R","",TRUE,163,"6ba1c3983c4fc1eb96e53f926621274cc7e9b687616e26dc3b1a75c0044fbcd4","data/raw/search_runs/SEARCH-EMODNET-20260808T080309Z/manifest.csv",FALSE,TRUE,"traceable"
"stage1","raw_evidence","data/raw/search_runs/SEARCH-EMODNET-20260808T080309Z/query_04_page_0001.json","scripts/00_downloads/stage1/01_search_emodnet_erddap.R","",TRUE,163,"6ba1c3983c4fc1eb96e53f926621274cc7e9b687616e26dc3b1a75c0044fbcd4","data/raw/search_runs/SEARCH-EMODNET-20260808T080309Z/manifest.csv",FALSE,TRUE,"traceable"
"stage1","raw_evidence","data/raw/search_runs/SEARCH-EMODNET-20260808T080309Z/query_05_page_0001.json","scripts/00_downloads/stage1/01_search_emodnet_erddap.R","",TRUE,163,"6ba1c3983c4fc1eb96e53f926621274cc7e9b687616e26dc3b1a75c0044fbcd4","data/raw/search_runs/SEARCH-EMODNET-20260808T080309Z/manifest.csv",FALSE,TRUE,"traceable"
"stage1","raw_evidence","data/raw/search_runs/SEARCH-EMODNET-20260808T080309Z/query_06_page_0001.json","scripts/00_downloads/stage1/01_search_emodnet_erddap.R","",TRUE,163,"6ba1c3983c4fc1eb96e53f926621274cc7e9b687616e26dc3b1a75c0044fbcd4","data/raw/search_runs/SEARCH-EMODNET-20260808T080309Z/manifest.csv",FALSE,TRUE,"traceable"
"stage1","raw_evidence","data/raw/search_runs/SEARCH-EMODNET-20260808T080309Z/query_07_page_0001.json","scripts/00_downloads/stage1/01_search_emodnet_erddap.R","",TRUE,163,"6ba1c3983c4fc1eb96e53f926621274cc7e9b687616e26dc3b1a75c0044fbcd4","data/raw/search_runs/SEARCH-EMODNET-20260808T080309Z/manifest.csv",FALSE,TRUE,"traceable"
"stage1","raw_evidence","data/raw/search_runs/SEARCH-EMODNET-20260808T080309Z/query_08_page_0001.json","scripts/00_downloads/stage1/01_search_emodnet_erddap.R","",TRUE,8182,"d42eb85d7641f4e2ef33209365b56888f08270c667f7065ad2b8c30d54575767","data/raw/search_runs/SEARCH-EMODNET-20260808T080309Z/manifest.csv",FALSE,TRUE,"traceable"
"stage1","raw_evidence","data/raw/search_runs/SEARCH-EMODNET-20260808T080309Z/query_09_page_0001.json","scripts/00_downloads/stage1/01_search_emodnet_erddap.R","",TRUE,4918,"58e3b5b47414cce569c5c692d974b039a14242340b047fbac3c3500fc9cfe44f","data/raw/search_runs/SEARCH-EMODNET-20260808T080309Z/manifest.csv",FALSE,TRUE,"traceable"
"stage1","raw_evidence","data/raw/search_runs/SEARCH-EMODNET-20260808T080309Z/query_10_page_0001.json","scripts/00_downloads/stage1/01_search_emodnet_erddap.R","",TRUE,163,"6ba1c3983c4fc1eb96e53f926621274cc7e9b687616e26dc3b1a75c0044fbcd4","data/raw/search_runs/SEARCH-EMODNET-20260808T080309Z/manifest.csv",FALSE,TRUE,"traceable"
"stage1","raw_evidence","data/raw/search_runs/SEARCH-EMODNET-20260808T080309Z/query_11_page_0001.json","scripts/00_downloads/stage1/01_search_emodnet_erddap.R","",TRUE,2973,"733e53c47b2ed649b055fb135bebca9be5d00a802a5f59ac81cebfecbd054159","data/raw/search_runs/SEARCH-EMODNET-20260808T080309Z/manifest.csv",FALSE,TRUE,"traceable"
"stage1","raw_evidence","data/raw/search_runs/SEARCH-EMODNET-20260808T080309Z/query_12_page_0001.json","scripts/00_downloads/stage1/01_search_emodnet_erddap.R","",TRUE,3744,"711ceb324d0f5bb4bd099b2ee4774b9bce3bcbcd9a9f179c05205a11baec9b89","data/raw/search_runs/SEARCH-EMODNET-20260808T080309Z/manifest.csv",FALSE,TRUE,"traceable"
"stage1","raw_evidence","data/raw/search_runs/SEARCH-EMODNET-20260808T080309Z/query_13_page_0001.json","scripts/00_downloads/stage1/01_search_emodnet_erddap.R","",TRUE,193,"091c0c9be2745ec9accbb6acedb06a235685d252ff397c94580872bd9ee34c57","data/raw/search_runs/SEARCH-EMODNET-20260808T080309Z/manifest.csv",FALSE,TRUE,"traceable"
"stage1","raw_evidence","data/raw/search_runs/SEARCH-EMODNET-20260808T080309Z/query_14_page_0001.json","scripts/00_downloads/stage1/01_search_emodnet_erddap.R","",TRUE,321571,"653c111b71b67b848366e7ea5d0a594b6819992586f8dd14e759aa7dce000534","data/raw/search_runs/SEARCH-EMODNET-20260808T080309Z/manifest.csv",FALSE,TRUE,"traceable"
"stage1","raw_evidence","data/raw/search_runs/SEARCH-EMODNET-20260808T080309Z/query_15_page_0001.json","scripts/00_downloads/stage1/01_search_emodnet_erddap.R","",TRUE,188697,"779eb497737fd9688df3189b3a9d0dd84e97445641096e4af5656217466b3970","data/raw/search_runs/SEARCH-EMODNET-20260808T080309Z/manifest.csv",FALSE,TRUE,"traceable"
"stage1","raw_evidence","data/raw/search_runs/SEARCH-EMODNET-20260808T080309Z/query_16_page_0001.json","scripts/00_downloads/stage1/01_search_emodnet_erddap.R","",TRUE,193,"091c0c9be2745ec9accbb6acedb06a235685d252ff397c94580872bd9ee34c57","data/raw/search_runs/SEARCH-EMODNET-20260808T080309Z/manifest.csv",FALSE,TRUE,"traceable"
"stage1","raw_evidence","data/raw/search_runs/SEARCH-EMODNET-20260808T080309Z/run_summary.json","scripts/00_downloads/stage1/01_search_emodnet_erddap.R","",TRUE,614,"175f63e52ac23eaeef5d5eb1eb85445ee72e00f19f8ad38cf3bfed778180d11e","calculated_by_inventory_script_small_unregistered_raw",FALSE,TRUE,"traceable"
"stage1","raw_evidence","data/raw/search_runs/SEARCH-EMODNET-20260808T082421Z/manifest.csv","scripts/00_downloads/stage1/01_search_emodnet_erddap.R","",TRUE,10203,"10887b18b1afcf420aa286a292aad8795c60ff24a368fc7b90e02d3bc72fe7b3","calculated_by_inventory_script_small_unregistered_raw",FALSE,TRUE,"traceable"
"stage1","raw_evidence","data/raw/search_runs/SEARCH-EMODNET-20260808T082421Z/query_01_page_0001.json","scripts/00_downloads/stage1/01_search_emodnet_erddap.R","",TRUE,6649,"94e0938ef659417499f570ef1173b2c33de73786f194b8ca60394a871e26402b","data/raw/search_runs/SEARCH-EMODNET-20260808T082421Z/manifest.csv",FALSE,TRUE,"traceable"
"stage1","raw_evidence","data/raw/search_runs/SEARCH-EMODNET-20260808T082421Z/query_02_page_0001.json","scripts/00_downloads/stage1/01_search_emodnet_erddap.R","",TRUE,163,"6ba1c3983c4fc1eb96e53f926621274cc7e9b687616e26dc3b1a75c0044fbcd4","data/raw/search_runs/SEARCH-EMODNET-20260808T082421Z/manifest.csv",FALSE,TRUE,"traceable"
"stage1","raw_evidence","data/raw/search_runs/SEARCH-EMODNET-20260808T082421Z/query_03_page_0001.json","scripts/00_downloads/stage1/01_search_emodnet_erddap.R","",TRUE,163,"6ba1c3983c4fc1eb96e53f926621274cc7e9b687616e26dc3b1a75c0044fbcd4","data/raw/search_runs/SEARCH-EMODNET-20260808T082421Z/manifest.csv",FALSE,TRUE,"traceable"
"stage1","raw_evidence","data/raw/search_runs/SEARCH-EMODNET-20260808T082421Z/query_04_page_0001.json","scripts/00_downloads/stage1/01_search_emodnet_erddap.R","",TRUE,163,"6ba1c3983c4fc1eb96e53f926621274cc7e9b687616e26dc3b1a75c0044fbcd4","data/raw/search_runs/SEARCH-EMODNET-20260808T082421Z/manifest.csv",FALSE,TRUE,"traceable"
"stage1","raw_evidence","data/raw/search_runs/SEARCH-EMODNET-20260808T082421Z/query_05_page_0001.json","scripts/00_downloads/stage1/01_search_emodnet_erddap.R","",TRUE,163,"6ba1c3983c4fc1eb96e53f926621274cc7e9b687616e26dc3b1a75c0044fbcd4","data/raw/search_runs/SEARCH-EMODNET-20260808T082421Z/manifest.csv",FALSE,TRUE,"traceable"
"stage1","raw_evidence","data/raw/search_runs/SEARCH-EMODNET-20260808T082421Z/query_06_page_0001.json","scripts/00_downloads/stage1/01_search_emodnet_erddap.R","",TRUE,163,"6ba1c3983c4fc1eb96e53f926621274cc7e9b687616e26dc3b1a75c0044fbcd4","data/raw/search_runs/SEARCH-EMODNET-20260808T082421Z/manifest.csv",FALSE,TRUE,"traceable"
"stage1","raw_evidence","data/raw/search_runs/SEARCH-EMODNET-20260808T082421Z/query_07_page_0001.json","scripts/00_downloads/stage1/01_search_emodnet_erddap.R","",TRUE,163,"6ba1c3983c4fc1eb96e53f926621274cc7e9b687616e26dc3b1a75c0044fbcd4","data/raw/search_runs/SEARCH-EMODNET-20260808T082421Z/manifest.csv",FALSE,TRUE,"traceable"
"stage1","raw_evidence","data/raw/search_runs/SEARCH-EMODNET-20260808T082421Z/query_08_page_0001.json","scripts/00_downloads/stage1/01_search_emodnet_erddap.R","",TRUE,8182,"d42eb85d7641f4e2ef33209365b56888f08270c667f7065ad2b8c30d54575767","data/raw/search_runs/SEARCH-EMODNET-20260808T082421Z/manifest.csv",FALSE,TRUE,"traceable"
"stage1","raw_evidence","data/raw/search_runs/SEARCH-EMODNET-20260808T082421Z/query_09_page_0001.json","scripts/00_downloads/stage1/01_search_emodnet_erddap.R","",TRUE,4918,"58e3b5b47414cce569c5c692d974b039a14242340b047fbac3c3500fc9cfe44f","data/raw/search_runs/SEARCH-EMODNET-20260808T082421Z/manifest.csv",FALSE,TRUE,"traceable"
"stage1","raw_evidence","data/raw/search_runs/SEARCH-EMODNET-20260808T082421Z/query_10_page_0001.json","scripts/00_downloads/stage1/01_search_emodnet_erddap.R","",TRUE,163,"6ba1c3983c4fc1eb96e53f926621274cc7e9b687616e26dc3b1a75c0044fbcd4","data/raw/search_runs/SEARCH-EMODNET-20260808T082421Z/manifest.csv",FALSE,TRUE,"traceable"
"stage1","raw_evidence","data/raw/search_runs/SEARCH-EMODNET-20260808T082421Z/query_11_page_0001.json","scripts/00_downloads/stage1/01_search_emodnet_erddap.R","",TRUE,2973,"733e53c47b2ed649b055fb135bebca9be5d00a802a5f59ac81cebfecbd054159","data/raw/search_runs/SEARCH-EMODNET-20260808T082421Z/manifest.csv",FALSE,TRUE,"traceable"
"stage1","raw_evidence","data/raw/search_runs/SEARCH-EMODNET-20260808T082421Z/query_12_page_0001.json","scripts/00_downloads/stage1/01_search_emodnet_erddap.R","",TRUE,3744,"711ceb324d0f5bb4bd099b2ee4774b9bce3bcbcd9a9f179c05205a11baec9b89","data/raw/search_runs/SEARCH-EMODNET-20260808T082421Z/manifest.csv",FALSE,TRUE,"traceable"
"stage1","raw_evidence","data/raw/search_runs/SEARCH-EMODNET-20260808T082421Z/query_13_page_0001.json","scripts/00_downloads/stage1/01_search_emodnet_erddap.R","",TRUE,193,"091c0c9be2745ec9accbb6acedb06a235685d252ff397c94580872bd9ee34c57","data/raw/search_runs/SEARCH-EMODNET-20260808T082421Z/manifest.csv",FALSE,TRUE,"traceable"
"stage1","raw_evidence","data/raw/search_runs/SEARCH-EMODNET-20260808T082421Z/query_14_page_0001.json","scripts/00_downloads/stage1/01_search_emodnet_erddap.R","",TRUE,321571,"653c111b71b67b848366e7ea5d0a594b6819992586f8dd14e759aa7dce000534","data/raw/search_runs/SEARCH-EMODNET-20260808T082421Z/manifest.csv",FALSE,TRUE,"traceable"
"stage1","raw_evidence","data/raw/search_runs/SEARCH-EMODNET-20260808T082421Z/query_15_page_0001.json","scripts/00_downloads/stage1/01_search_emodnet_erddap.R","",TRUE,188697,"779eb497737fd9688df3189b3a9d0dd84e97445641096e4af5656217466b3970","data/raw/search_runs/SEARCH-EMODNET-20260808T082421Z/manifest.csv",FALSE,TRUE,"traceable"
"stage1","raw_evidence","data/raw/search_runs/SEARCH-EMODNET-20260808T082421Z/query_16_page_0001.json","scripts/00_downloads/stage1/01_search_emodnet_erddap.R","",TRUE,193,"091c0c9be2745ec9accbb6acedb06a235685d252ff397c94580872bd9ee34c57","data/raw/search_runs/SEARCH-EMODNET-20260808T082421Z/manifest.csv",FALSE,TRUE,"traceable"
"stage1","raw_evidence","data/raw/search_runs/SEARCH-EMODNET-20260808T082421Z/run_summary.json","scripts/00_downloads/stage1/01_search_emodnet_erddap.R","",TRUE,614,"4b9c2c0f4718ab33b5b51357da7e172b27cc29fcd60f8608876d34532abdd75a","calculated_by_inventory_script_small_unregistered_raw",FALSE,TRUE,"traceable"
"stage1","raw_evidence","data/raw/search_runs/SEARCH-EMODNET-20260808T103551Z/human_readable_log.txt","scripts/00_downloads/stage1/01_search_emodnet_erddap.R","",TRUE,2152,"45cf36c0ee47d00df1887ba36a10b71ebe9ddcd8a64098799c3927650b1b8697","calculated_by_inventory_script_small_unregistered_raw",FALSE,TRUE,"traceable"
"stage1","raw_evidence","data/raw/search_runs/SEARCH-EMODNET-20260808T103551Z/manifest.csv","scripts/00_downloads/stage1/01_search_emodnet_erddap.R","",TRUE,10203,"7e278aadddd8f0dc28c1bbad1484fa3fafa25c66f49ae9e8765d81b2c273a214","calculated_by_inventory_script_small_unregistered_raw",FALSE,TRUE,"traceable"
"stage1","raw_evidence","data/raw/search_runs/SEARCH-EMODNET-20260808T103551Z/query_01_page_0001.json","scripts/00_downloads/stage1/01_search_emodnet_erddap.R","",TRUE,6649,"94e0938ef659417499f570ef1173b2c33de73786f194b8ca60394a871e26402b","data/raw/search_runs/SEARCH-EMODNET-20260808T103551Z/manifest.csv",FALSE,TRUE,"traceable"
"stage1","raw_evidence","data/raw/search_runs/SEARCH-EMODNET-20260808T103551Z/query_02_page_0001.json","scripts/00_downloads/stage1/01_search_emodnet_erddap.R","",TRUE,163,"6ba1c3983c4fc1eb96e53f926621274cc7e9b687616e26dc3b1a75c0044fbcd4","data/raw/search_runs/SEARCH-EMODNET-20260808T103551Z/manifest.csv",FALSE,TRUE,"traceable"
"stage1","raw_evidence","data/raw/search_runs/SEARCH-EMODNET-20260808T103551Z/query_03_page_0001.json","scripts/00_downloads/stage1/01_search_emodnet_erddap.R","",TRUE,163,"6ba1c3983c4fc1eb96e53f926621274cc7e9b687616e26dc3b1a75c0044fbcd4","data/raw/search_runs/SEARCH-EMODNET-20260808T103551Z/manifest.csv",FALSE,TRUE,"traceable"
"stage1","raw_evidence","data/raw/search_runs/SEARCH-EMODNET-20260808T103551Z/query_04_page_0001.json","scripts/00_downloads/stage1/01_search_emodnet_erddap.R","",TRUE,163,"6ba1c3983c4fc1eb96e53f926621274cc7e9b687616e26dc3b1a75c0044fbcd4","data/raw/search_runs/SEARCH-EMODNET-20260808T103551Z/manifest.csv",FALSE,TRUE,"traceable"
"stage1","raw_evidence","data/raw/search_runs/SEARCH-EMODNET-20260808T103551Z/query_05_page_0001.json","scripts/00_downloads/stage1/01_search_emodnet_erddap.R","",TRUE,163,"6ba1c3983c4fc1eb96e53f926621274cc7e9b687616e26dc3b1a75c0044fbcd4","data/raw/search_runs/SEARCH-EMODNET-20260808T103551Z/manifest.csv",FALSE,TRUE,"traceable"
"stage1","raw_evidence","data/raw/search_runs/SEARCH-EMODNET-20260808T103551Z/query_06_page_0001.json","scripts/00_downloads/stage1/01_search_emodnet_erddap.R","",TRUE,163,"6ba1c3983c4fc1eb96e53f926621274cc7e9b687616e26dc3b1a75c0044fbcd4","data/raw/search_runs/SEARCH-EMODNET-20260808T103551Z/manifest.csv",FALSE,TRUE,"traceable"
"stage1","raw_evidence","data/raw/search_runs/SEARCH-EMODNET-20260808T103551Z/query_07_page_0001.json","scripts/00_downloads/stage1/01_search_emodnet_erddap.R","",TRUE,163,"6ba1c3983c4fc1eb96e53f926621274cc7e9b687616e26dc3b1a75c0044fbcd4","data/raw/search_runs/SEARCH-EMODNET-20260808T103551Z/manifest.csv",FALSE,TRUE,"traceable"
"stage1","raw_evidence","data/raw/search_runs/SEARCH-EMODNET-20260808T103551Z/query_08_page_0001.json","scripts/00_downloads/stage1/01_search_emodnet_erddap.R","",TRUE,8182,"d42eb85d7641f4e2ef33209365b56888f08270c667f7065ad2b8c30d54575767","data/raw/search_runs/SEARCH-EMODNET-20260808T103551Z/manifest.csv",FALSE,TRUE,"traceable"
"stage1","raw_evidence","data/raw/search_runs/SEARCH-EMODNET-20260808T103551Z/query_09_page_0001.json","scripts/00_downloads/stage1/01_search_emodnet_erddap.R","",TRUE,4918,"58e3b5b47414cce569c5c692d974b039a14242340b047fbac3c3500fc9cfe44f","data/raw/search_runs/SEARCH-EMODNET-20260808T103551Z/manifest.csv",FALSE,TRUE,"traceable"
"stage1","raw_evidence","data/raw/search_runs/SEARCH-EMODNET-20260808T103551Z/query_10_page_0001.json","scripts/00_downloads/stage1/01_search_emodnet_erddap.R","",TRUE,163,"6ba1c3983c4fc1eb96e53f926621274cc7e9b687616e26dc3b1a75c0044fbcd4","data/raw/search_runs/SEARCH-EMODNET-20260808T103551Z/manifest.csv",FALSE,TRUE,"traceable"
"stage1","raw_evidence","data/raw/search_runs/SEARCH-EMODNET-20260808T103551Z/query_11_page_0001.json","scripts/00_downloads/stage1/01_search_emodnet_erddap.R","",TRUE,2973,"733e53c47b2ed649b055fb135bebca9be5d00a802a5f59ac81cebfecbd054159","data/raw/search_runs/SEARCH-EMODNET-20260808T103551Z/manifest.csv",FALSE,TRUE,"traceable"
"stage1","raw_evidence","data/raw/search_runs/SEARCH-EMODNET-20260808T103551Z/query_12_page_0001.json","scripts/00_downloads/stage1/01_search_emodnet_erddap.R","",TRUE,3744,"711ceb324d0f5bb4bd099b2ee4774b9bce3bcbcd9a9f179c05205a11baec9b89","data/raw/search_runs/SEARCH-EMODNET-20260808T103551Z/manifest.csv",FALSE,TRUE,"traceable"
"stage1","raw_evidence","data/raw/search_runs/SEARCH-EMODNET-20260808T103551Z/query_13_page_0001.json","scripts/00_downloads/stage1/01_search_emodnet_erddap.R","",TRUE,193,"091c0c9be2745ec9accbb6acedb06a235685d252ff397c94580872bd9ee34c57","data/raw/search_runs/SEARCH-EMODNET-20260808T103551Z/manifest.csv",FALSE,TRUE,"traceable"
"stage1","raw_evidence","data/raw/search_runs/SEARCH-EMODNET-20260808T103551Z/query_14_page_0001.json","scripts/00_downloads/stage1/01_search_emodnet_erddap.R","",TRUE,321571,"653c111b71b67b848366e7ea5d0a594b6819992586f8dd14e759aa7dce000534","data/raw/search_runs/SEARCH-EMODNET-20260808T103551Z/manifest.csv",FALSE,TRUE,"traceable"
"stage1","raw_evidence","data/raw/search_runs/SEARCH-EMODNET-20260808T103551Z/query_15_page_0001.json","scripts/00_downloads/stage1/01_search_emodnet_erddap.R","",TRUE,188697,"779eb497737fd9688df3189b3a9d0dd84e97445641096e4af5656217466b3970","data/raw/search_runs/SEARCH-EMODNET-20260808T103551Z/manifest.csv",FALSE,TRUE,"traceable"
"stage1","raw_evidence","data/raw/search_runs/SEARCH-EMODNET-20260808T103551Z/query_16_page_0001.json","scripts/00_downloads/stage1/01_search_emodnet_erddap.R","",TRUE,193,"091c0c9be2745ec9accbb6acedb06a235685d252ff397c94580872bd9ee34c57","data/raw/search_runs/SEARCH-EMODNET-20260808T103551Z/manifest.csv",FALSE,TRUE,"traceable"
"stage1","raw_evidence","data/raw/search_runs/SEARCH-EMODNET-20260808T103551Z/run_summary.json","scripts/00_downloads/stage1/01_search_emodnet_erddap.R","",TRUE,614,"b4e7e0517dc000dda2fff80feeb811d67b7e4c25ca2497af00109e90c3ca4f3b","calculated_by_inventory_script_small_unregistered_raw",FALSE,TRUE,"traceable"
"stage1","raw_evidence","data/raw/search_runs/SEARCH-EMODNET-20260808T105106Z/human_readable_log.txt","scripts/00_downloads/stage1/01_search_emodnet_erddap.R","",TRUE,2152,"754a96123992d3951168928eefdef127be168a9da02b6734b4983321e275e7a4","calculated_by_inventory_script_small_unregistered_raw",FALSE,TRUE,"traceable"
"stage1","raw_evidence","data/raw/search_runs/SEARCH-EMODNET-20260808T105106Z/manifest.csv","scripts/00_downloads/stage1/01_search_emodnet_erddap.R","",TRUE,10203,"5a40482915f1e0744bfb47b1d3cc18291ee35cc652cff6e395fe45650388a646","calculated_by_inventory_script_small_unregistered_raw",FALSE,TRUE,"traceable"
"stage1","raw_evidence","data/raw/search_runs/SEARCH-EMODNET-20260808T105106Z/query_01_page_0001.json","scripts/00_downloads/stage1/01_search_emodnet_erddap.R","",TRUE,6649,"94e0938ef659417499f570ef1173b2c33de73786f194b8ca60394a871e26402b","data/raw/search_runs/SEARCH-EMODNET-20260808T105106Z/manifest.csv",FALSE,TRUE,"traceable"
"stage1","raw_evidence","data/raw/search_runs/SEARCH-EMODNET-20260808T105106Z/query_02_page_0001.json","scripts/00_downloads/stage1/01_search_emodnet_erddap.R","",TRUE,163,"6ba1c3983c4fc1eb96e53f926621274cc7e9b687616e26dc3b1a75c0044fbcd4","data/raw/search_runs/SEARCH-EMODNET-20260808T105106Z/manifest.csv",FALSE,TRUE,"traceable"
"stage1","raw_evidence","data/raw/search_runs/SEARCH-EMODNET-20260808T105106Z/query_03_page_0001.json","scripts/00_downloads/stage1/01_search_emodnet_erddap.R","",TRUE,163,"6ba1c3983c4fc1eb96e53f926621274cc7e9b687616e26dc3b1a75c0044fbcd4","data/raw/search_runs/SEARCH-EMODNET-20260808T105106Z/manifest.csv",FALSE,TRUE,"traceable"
"stage1","raw_evidence","data/raw/search_runs/SEARCH-EMODNET-20260808T105106Z/query_04_page_0001.json","scripts/00_downloads/stage1/01_search_emodnet_erddap.R","",TRUE,163,"6ba1c3983c4fc1eb96e53f926621274cc7e9b687616e26dc3b1a75c0044fbcd4","data/raw/search_runs/SEARCH-EMODNET-20260808T105106Z/manifest.csv",FALSE,TRUE,"traceable"
"stage1","raw_evidence","data/raw/search_runs/SEARCH-EMODNET-20260808T105106Z/query_05_page_0001.json","scripts/00_downloads/stage1/01_search_emodnet_erddap.R","",TRUE,163,"6ba1c3983c4fc1eb96e53f926621274cc7e9b687616e26dc3b1a75c0044fbcd4","data/raw/search_runs/SEARCH-EMODNET-20260808T105106Z/manifest.csv",FALSE,TRUE,"traceable"
"stage1","raw_evidence","data/raw/search_runs/SEARCH-EMODNET-20260808T105106Z/query_06_page_0001.json","scripts/00_downloads/stage1/01_search_emodnet_erddap.R","",TRUE,163,"6ba1c3983c4fc1eb96e53f926621274cc7e9b687616e26dc3b1a75c0044fbcd4","data/raw/search_runs/SEARCH-EMODNET-20260808T105106Z/manifest.csv",FALSE,TRUE,"traceable"
"stage1","raw_evidence","data/raw/search_runs/SEARCH-EMODNET-20260808T105106Z/query_07_page_0001.json","scripts/00_downloads/stage1/01_search_emodnet_erddap.R","",TRUE,163,"6ba1c3983c4fc1eb96e53f926621274cc7e9b687616e26dc3b1a75c0044fbcd4","data/raw/search_runs/SEARCH-EMODNET-20260808T105106Z/manifest.csv",FALSE,TRUE,"traceable"
"stage1","raw_evidence","data/raw/search_runs/SEARCH-EMODNET-20260808T105106Z/query_08_page_0001.json","scripts/00_downloads/stage1/01_search_emodnet_erddap.R","",TRUE,8182,"d42eb85d7641f4e2ef33209365b56888f08270c667f7065ad2b8c30d54575767","data/raw/search_runs/SEARCH-EMODNET-20260808T105106Z/manifest.csv",FALSE,TRUE,"traceable"
"stage1","raw_evidence","data/raw/search_runs/SEARCH-EMODNET-20260808T105106Z/query_09_page_0001.json","scripts/00_downloads/stage1/01_search_emodnet_erddap.R","",TRUE,4918,"58e3b5b47414cce569c5c692d974b039a14242340b047fbac3c3500fc9cfe44f","data/raw/search_runs/SEARCH-EMODNET-20260808T105106Z/manifest.csv",FALSE,TRUE,"traceable"
"stage1","raw_evidence","data/raw/search_runs/SEARCH-EMODNET-20260808T105106Z/query_10_page_0001.json","scripts/00_downloads/stage1/01_search_emodnet_erddap.R","",TRUE,163,"6ba1c3983c4fc1eb96e53f926621274cc7e9b687616e26dc3b1a75c0044fbcd4","data/raw/search_runs/SEARCH-EMODNET-20260808T105106Z/manifest.csv",FALSE,TRUE,"traceable"
"stage1","raw_evidence","data/raw/search_runs/SEARCH-EMODNET-20260808T105106Z/query_11_page_0001.json","scripts/00_downloads/stage1/01_search_emodnet_erddap.R","",TRUE,2973,"733e53c47b2ed649b055fb135bebca9be5d00a802a5f59ac81cebfecbd054159","data/raw/search_runs/SEARCH-EMODNET-20260808T105106Z/manifest.csv",FALSE,TRUE,"traceable"
"stage1","raw_evidence","data/raw/search_runs/SEARCH-EMODNET-20260808T105106Z/query_12_page_0001.json","scripts/00_downloads/stage1/01_search_emodnet_erddap.R","",TRUE,3744,"711ceb324d0f5bb4bd099b2ee4774b9bce3bcbcd9a9f179c05205a11baec9b89","data/raw/search_runs/SEARCH-EMODNET-20260808T105106Z/manifest.csv",FALSE,TRUE,"traceable"
"stage1","raw_evidence","data/raw/search_runs/SEARCH-EMODNET-20260808T105106Z/query_13_page_0001.json","scripts/00_downloads/stage1/01_search_emodnet_erddap.R","",TRUE,193,"091c0c9be2745ec9accbb6acedb06a235685d252ff397c94580872bd9ee34c57","data/raw/search_runs/SEARCH-EMODNET-20260808T105106Z/manifest.csv",FALSE,TRUE,"traceable"
"stage1","raw_evidence","data/raw/search_runs/SEARCH-EMODNET-20260808T105106Z/query_14_page_0001.json","scripts/00_downloads/stage1/01_search_emodnet_erddap.R","",TRUE,321571,"653c111b71b67b848366e7ea5d0a594b6819992586f8dd14e759aa7dce000534","data/raw/search_runs/SEARCH-EMODNET-20260808T105106Z/manifest.csv",FALSE,TRUE,"traceable"
"stage1","raw_evidence","data/raw/search_runs/SEARCH-EMODNET-20260808T105106Z/query_15_page_0001.json","scripts/00_downloads/stage1/01_search_emodnet_erddap.R","",TRUE,188697,"779eb497737fd9688df3189b3a9d0dd84e97445641096e4af5656217466b3970","data/raw/search_runs/SEARCH-EMODNET-20260808T105106Z/manifest.csv",FALSE,TRUE,"traceable"
"stage1","raw_evidence","data/raw/search_runs/SEARCH-EMODNET-20260808T105106Z/query_16_page_0001.json","scripts/00_downloads/stage1/01_search_emodnet_erddap.R","",TRUE,193,"091c0c9be2745ec9accbb6acedb06a235685d252ff397c94580872bd9ee34c57","data/raw/search_runs/SEARCH-EMODNET-20260808T105106Z/manifest.csv",FALSE,TRUE,"traceable"
"stage1","raw_evidence","data/raw/search_runs/SEARCH-EMODNET-20260808T105106Z/run_summary.json","scripts/00_downloads/stage1/01_search_emodnet_erddap.R","",TRUE,614,"55b86e76af7b399f011885ef0fe51f6742a5b0314f6613ccff2235ea2f7dd643","calculated_by_inventory_script_small_unregistered_raw",FALSE,TRUE,"traceable"
"stage1","raw_evidence","data/raw/search_runs/SEARCH-EMODNETBIOWFS-20260808T162029Z/capabilities.xml","scripts/00_downloads/stage1/02_search_emodnet_biology_wfs.R","",TRUE,126151,"b80d57271f58e3aec26feb3c64b14d75fc8f2e00269c4dafad9897ca44bed267","data/raw/search_runs/SEARCH-EMODNETBIOWFS-20260808T162029Z/manifest.csv",FALSE,TRUE,"traceable"
"stage1","raw_evidence","data/raw/search_runs/SEARCH-EMODNETBIOWFS-20260808T162029Z/dataset_catalogue_page_0001.json","scripts/00_downloads/stage1/02_search_emodnet_biology_wfs.R","",TRUE,212893,"7e8e93438aec9f2c66b86fbdde72bee1a39a68fa195b43b86ce78ff7e853e6f0","data/raw/search_runs/SEARCH-EMODNETBIOWFS-20260808T162029Z/manifest.csv",FALSE,TRUE,"traceable"
"stage1","raw_evidence","data/raw/search_runs/SEARCH-EMODNETBIOWFS-20260808T162029Z/dataset_catalogue_page_0002.json","scripts/00_downloads/stage1/02_search_emodnet_biology_wfs.R","",TRUE,114206,"854e6bae19754d514e667adff7251e8006dbe260e70171ef4c7325f89572d8e3","data/raw/search_runs/SEARCH-EMODNETBIOWFS-20260808T162029Z/manifest.csv",FALSE,TRUE,"traceable"
"stage1","raw_evidence","data/raw/search_runs/SEARCH-EMODNETBIOWFS-20260808T162029Z/dataset_schema.json","scripts/00_downloads/stage1/02_search_emodnet_biology_wfs.R","",TRUE,459,"f75ff6cda648ecd80414fcc9a9f15b7ae20aefe667b6aab1f0fbefab1f51bb5c","data/raw/search_runs/SEARCH-EMODNETBIOWFS-20260808T162029Z/manifest.csv",FALSE,TRUE,"traceable"
"stage1","raw_evidence","data/raw/search_runs/SEARCH-EMODNETBIOWFS-20260808T162029Z/human_readable_log.txt","scripts/00_downloads/stage1/02_search_emodnet_biology_wfs.R","",TRUE,1934,"5b374df6d0dc638a345bf3885722f207bebc86b73ce77bdf2e52a22091e73d9b","calculated_by_inventory_script_small_unregistered_raw",FALSE,TRUE,"traceable"
"stage1","raw_evidence","data/raw/search_runs/SEARCH-EMODNETBIOWFS-20260808T162029Z/manifest.csv","scripts/00_downloads/stage1/02_search_emodnet_biology_wfs.R","",TRUE,4228,"a0b4ccd8898a1a844d7446d69c360f0231d7120665b240e62eaed5555316cc29","calculated_by_inventory_script_small_unregistered_raw",FALSE,TRUE,"traceable"
"stage1","raw_evidence","data/raw/search_runs/SEARCH-EMODNETBIOWFS-20260808T162029Z/occurrence_schema.json","scripts/00_downloads/stage1/02_search_emodnet_biology_wfs.R","",TRUE,10240,"882d65cdc1e4a6e26a8f757f0fb6c1bbf48f199841ebca902795387519ea9d45","data/raw/search_runs/SEARCH-EMODNETBIOWFS-20260808T162029Z/manifest.csv",FALSE,TRUE,"traceable"
"stage1","raw_evidence","data/raw/search_runs/SEARCH-EMODNETBIOWFS-20260808T162029Z/run_summary.json","scripts/00_downloads/stage1/02_search_emodnet_biology_wfs.R","",TRUE,808,"a91e6f34034aeb199e922cf2c45c63914ed07acb1f8a8b70fab5b9c199a03925","calculated_by_inventory_script_small_unregistered_raw",FALSE,TRUE,"traceable"
"stage1","raw_evidence","data/raw/search_runs/SEARCH-FIGSHARE-20260807T201617Z/ds22_peg_bvol.json","scripts/00_downloads/stage1/01_search_ices_figshare.R","",TRUE,5480,"49e9ab5e12f8afb2b724671df49ec777bed07c2885e4314602d06f405b023ada","calculated_by_inventory_script_small_unregistered_raw",FALSE,TRUE,"traceable"
"stage1","raw_evidence","data/raw/search_runs/SEARCH-FIGSHARE-20260807T201617Z/response_page_001.json","scripts/00_downloads/stage1/01_search_ices_figshare.R","",TRUE,110797,"d323d91372e1dd7cd7d82c230063bb0118a588a3a828caac1587639971bac6f7","calculated_by_inventory_script_small_unregistered_raw",FALSE,TRUE,"traceable"
"stage1","raw_evidence","data/raw/search_runs/SEARCH-FIGSHARE-20260807T201617Z/response_page_002.json","scripts/00_downloads/stage1/01_search_ices_figshare.R","",TRUE,107825,"8a71cb6a8d987fc6dc0859686e544334491b6b7d6f044a8ef117bd5ce6ab8337","calculated_by_inventory_script_small_unregistered_raw",FALSE,TRUE,"traceable"
"stage1","raw_evidence","data/raw/search_runs/SEARCH-FIGSHARE-20260807T201617Z/response_page_003.json","scripts/00_downloads/stage1/01_search_ices_figshare.R","",TRUE,117460,"c396e8c8af2f5f4c76c1ba1ce6282a7d78a6fb961c41b03edc41b00d781dd467","calculated_by_inventory_script_small_unregistered_raw",FALSE,TRUE,"traceable"
"stage1","raw_evidence","data/raw/search_runs/SEARCH-FIGSHARE-20260807T201617Z/response_page_004.json","scripts/00_downloads/stage1/01_search_ices_figshare.R","",TRUE,116354,"aa79be5bdc9411f29584838077daf4a161603900e8b9360b1afd209304b3b126","calculated_by_inventory_script_small_unregistered_raw",FALSE,TRUE,"traceable"
"stage1","raw_evidence","data/raw/search_runs/SEARCH-FIGSHARE-20260807T201617Z/response_page_005.json","scripts/00_downloads/stage1/01_search_ices_figshare.R","",TRUE,116221,"1e76ee93f6a8b674386bd2063d4dfc30fe7c4b55d684c7ef11b45b2eee46f09b","calculated_by_inventory_script_small_unregistered_raw",FALSE,TRUE,"traceable"
"stage1","raw_evidence","data/raw/search_runs/SEARCH-FIGSHARE-20260807T201617Z/response_page_006.json","scripts/00_downloads/stage1/01_search_ices_figshare.R","",TRUE,118135,"5fd83f6c6f31da4558c7bf4bd9b560eb96d02622f0bd3c6e721ad20b5142fe0c","calculated_by_inventory_script_small_unregistered_raw",FALSE,TRUE,"traceable"
"stage1","raw_evidence","data/raw/search_runs/SEARCH-FIGSHARE-20260807T201617Z/response_page_007.json","scripts/00_downloads/stage1/01_search_ices_figshare.R","",TRUE,112874,"bcf276daa0b8b0b8dedb6bb182130a19e1f47410924f8be379c3c9a8a3d4f067","calculated_by_inventory_script_small_unregistered_raw",FALSE,TRUE,"traceable"
"stage1","raw_evidence","data/raw/search_runs/SEARCH-FIGSHARE-20260807T201617Z/response_page_008.json","scripts/00_downloads/stage1/01_search_ices_figshare.R","",TRUE,115422,"f6c5d1ea70395cc517efe03257d7e5ac2d0c800931f72dfd10ed1317e45a9cf7","calculated_by_inventory_script_small_unregistered_raw",FALSE,TRUE,"traceable"
"stage1","raw_evidence","data/raw/search_runs/SEARCH-FIGSHARE-20260807T201617Z/response_page_009.json","scripts/00_downloads/stage1/01_search_ices_figshare.R","",TRUE,109681,"0b8553183ffe35bdabd4572c09b790d6b194d80efb1a610f97b3fe9014e5c61a","calculated_by_inventory_script_small_unregistered_raw",FALSE,TRUE,"traceable"
"stage1","raw_evidence","data/raw/search_runs/SEARCH-FIGSHARE-20260807T201617Z/response_page_010.json","scripts/00_downloads/stage1/01_search_ices_figshare.R","",TRUE,117938,"e74fa7be1620df085b6a6b9dd22f2cc3b23f50c59cbe531ab6790e6871ad0827","calculated_by_inventory_script_small_unregistered_raw",FALSE,TRUE,"traceable"
"stage1","raw_evidence","data/raw/search_runs/SEARCH-FIGSHARE-20260807T201617Z/response_page_011.json","scripts/00_downloads/stage1/01_search_ices_figshare.R","",TRUE,112682,"a49ddc863a750e574846ee1b20f2721a3e5ffab29538dc71b797a568603f6f33","calculated_by_inventory_script_small_unregistered_raw",FALSE,TRUE,"traceable"
"stage1","raw_evidence","data/raw/search_runs/SEARCH-FIGSHARE-20260807T201617Z/response_page_012.json","scripts/00_downloads/stage1/01_search_ices_figshare.R","",TRUE,109142,"18c2c257e5783f72267e8e8b57d520087d8813b6379d86886f338dd0df0e8dbb","calculated_by_inventory_script_small_unregistered_raw",FALSE,TRUE,"traceable"
"stage1","raw_evidence","data/raw/search_runs/SEARCH-FIGSHARE-20260807T201617Z/response_page_013.json","scripts/00_downloads/stage1/01_search_ices_figshare.R","",TRUE,120525,"a34bdb2b3e51ab30d635e86c48c6bc4066bae9a598015e2333bedf4829b249bf","calculated_by_inventory_script_small_unregistered_raw",FALSE,TRUE,"traceable"
"stage1","raw_evidence","data/raw/search_runs/SEARCH-FIGSHARE-20260807T201617Z/response_page_014.json","scripts/00_downloads/stage1/01_search_ices_figshare.R","",TRUE,114305,"aca210144b578c00bef200cc7e3bfacf4f9b319179d48c1b6f642c28ee9f89f8","calculated_by_inventory_script_small_unregistered_raw",FALSE,TRUE,"traceable"
"stage1","raw_evidence","data/raw/search_runs/SEARCH-FIGSHARE-20260807T201617Z/response_page_015.json","scripts/00_downloads/stage1/01_search_ices_figshare.R","",TRUE,106933,"39fd9638e80030cc7d7428c8c5f70bdccd46950025ec34b3ced8839d40d4bcb5","calculated_by_inventory_script_small_unregistered_raw",FALSE,TRUE,"traceable"
"stage1","raw_evidence","data/raw/search_runs/SEARCH-FIGSHARE-20260807T201617Z/response_page_016.json","scripts/00_downloads/stage1/01_search_ices_figshare.R","",TRUE,115355,"192329826d92adfe052e1ed83ac9e18c59a01729c36faca10b3ebb9d2149332b","calculated_by_inventory_script_small_unregistered_raw",FALSE,TRUE,"traceable"
"stage1","raw_evidence","data/raw/search_runs/SEARCH-FIGSHARE-20260807T201617Z/response_page_017.json","scripts/00_downloads/stage1/01_search_ices_figshare.R","",TRUE,114170,"9d996a20ae9c96a4fc151283b2fe2e423024670acd4e10e771dd137eea8d07ca","calculated_by_inventory_script_small_unregistered_raw",FALSE,TRUE,"traceable"
"stage1","raw_evidence","data/raw/search_runs/SEARCH-FIGSHARE-20260807T201617Z/response_page_018.json","scripts/00_downloads/stage1/01_search_ices_figshare.R","",TRUE,108727,"757d29507f97560d5c2678c5d32dc1217196d5d1fa539180d101af8863c182d8","calculated_by_inventory_script_small_unregistered_raw",FALSE,TRUE,"traceable"
"stage1","raw_evidence","data/raw/search_runs/SEARCH-FIGSHARE-20260807T201617Z/response_page_019.json","scripts/00_downloads/stage1/01_search_ices_figshare.R","",TRUE,118662,"e7e876762e43b66b1d89b7ee211c843eb1fcfbf792798be559c80696582e53d1","calculated_by_inventory_script_small_unregistered_raw",FALSE,TRUE,"traceable"
"stage1","raw_evidence","data/raw/search_runs/SEARCH-FIGSHARE-20260807T201617Z/response_page_020.json","scripts/00_downloads/stage1/01_search_ices_figshare.R","",TRUE,128847,"812eadba2d0368303b2e1fa70062d43803cc62bd2b6309fb91c6776f53af58b8","calculated_by_inventory_script_small_unregistered_raw",FALSE,TRUE,"traceable"
"stage1","raw_evidence","data/raw/search_runs/SEARCH-FIGSHARE-20260807T201617Z/response_page_021.json","scripts/00_downloads/stage1/01_search_ices_figshare.R","",TRUE,117111,"dba92025e069e271d9ea65c9037d2eb4ba7b2a5cee874237ff0f8c9eeb6b7232","calculated_by_inventory_script_small_unregistered_raw",FALSE,TRUE,"traceable"
"stage1","raw_evidence","data/raw/search_runs/SEARCH-FIGSHARE-20260807T201617Z/response_page_022.json","scripts/00_downloads/stage1/01_search_ices_figshare.R","",TRUE,124486,"151b3bffaa3506577fcb2377d7d0b59033615a93685a5f97ed2f25c23bb28fda","calculated_by_inventory_script_small_unregistered_raw",FALSE,TRUE,"traceable"
"stage1","raw_evidence","data/raw/search_runs/SEARCH-FIGSHARE-20260807T201617Z/response_page_023.json","scripts/00_downloads/stage1/01_search_ices_figshare.R","",TRUE,140426,"ee01e1277305d52de925acc6205ad217f857b9a9250547785e9fb31fbbb29a59","calculated_by_inventory_script_small_unregistered_raw",FALSE,TRUE,"traceable"
"stage1","raw_evidence","data/raw/search_runs/SEARCH-FIGSHARE-20260807T201617Z/response_page_024.json","scripts/00_downloads/stage1/01_search_ices_figshare.R","",TRUE,122318,"b69b813ad7651f7267f04f773965723d903475b6d97d4fffc102effe5cd34678","calculated_by_inventory_script_small_unregistered_raw",FALSE,TRUE,"traceable"
"stage1","raw_evidence","data/raw/search_runs/SEARCH-FIGSHARE-20260807T201617Z/response_page_025.json","scripts/00_downloads/stage1/01_search_ices_figshare.R","",TRUE,110496,"26c995fb3f3f4e4a883175aa5879af716034686a1d780bad6738eda72fbc7a11","calculated_by_inventory_script_small_unregistered_raw",FALSE,TRUE,"traceable"
"stage1","raw_evidence","data/raw/search_runs/SEARCH-FIGSHARE-20260807T201617Z/response_page_026.json","scripts/00_downloads/stage1/01_search_ices_figshare.R","",TRUE,111003,"a961016f0ac9a989d0dc12f1e28a28c5b14c17782a69ebdf515defca59c27a66","calculated_by_inventory_script_small_unregistered_raw",FALSE,TRUE,"traceable"
"stage1","raw_evidence","data/raw/search_runs/SEARCH-FIGSHARE-20260807T201617Z/response_page_027.json","scripts/00_downloads/stage1/01_search_ices_figshare.R","",TRUE,118445,"fbcb76833c07e48df96a7568cbeab7efc91214d2b1b9f6eed8cc738bf80fa7d9","calculated_by_inventory_script_small_unregistered_raw",FALSE,TRUE,"traceable"
"stage1","raw_evidence","data/raw/search_runs/SEARCH-FIGSHARE-20260807T201617Z/response_page_028.json","scripts/00_downloads/stage1/01_search_ices_figshare.R","",TRUE,112678,"73b4e50385ac32ef91e49ecd7a74e759b1e3c9edfd4fa26423df80ecd34e9e73","calculated_by_inventory_script_small_unregistered_raw",FALSE,TRUE,"traceable"
"stage1","raw_evidence","data/raw/search_runs/SEARCH-FIGSHARE-20260807T201617Z/response_page_029.json","scripts/00_downloads/stage1/01_search_ices_figshare.R","",TRUE,117368,"b8d885a74bcfea158b3c2b54b37beeba689d671ceda5a21c9f4e7e78a8f091af","calculated_by_inventory_script_small_unregistered_raw",FALSE,TRUE,"traceable"
"stage1","raw_evidence","data/raw/search_runs/SEARCH-FIGSHARE-20260807T201617Z/response_page_030.json","scripts/00_downloads/stage1/01_search_ices_figshare.R","",TRUE,110370,"17be82d6a928dd1e3dbbdc390f19afc8edb0c0a36efec877e6d85f231ed57730","calculated_by_inventory_script_small_unregistered_raw",FALSE,TRUE,"traceable"
"stage1","raw_evidence","data/raw/search_runs/SEARCH-FIGSHARE-20260807T201617Z/response_page_031.json","scripts/00_downloads/stage1/01_search_ices_figshare.R","",TRUE,112512,"dba577762b4dafa0b143b451dad4ee01b9417aae4d2d88861776b65fb55d4fc7","calculated_by_inventory_script_small_unregistered_raw",FALSE,TRUE,"traceable"
"stage1","raw_evidence","data/raw/search_runs/SEARCH-FIGSHARE-20260807T201617Z/response_page_032.json","scripts/00_downloads/stage1/01_search_ices_figshare.R","",TRUE,113460,"ea49e729d31cc0fe66def17a062b3fd6b05b0d05692e3206bcd09b0020e7c6f4","calculated_by_inventory_script_small_unregistered_raw",FALSE,TRUE,"traceable"
"stage1","raw_evidence","data/raw/search_runs/SEARCH-FIGSHARE-20260807T201617Z/response_page_033.json","scripts/00_downloads/stage1/01_search_ices_figshare.R","",TRUE,110161,"b2fd65465b13875bb5f0c4e53ca81d82908c54de3c4ceebf243a086dbc8b63ce","calculated_by_inventory_script_small_unregistered_raw",FALSE,TRUE,"traceable"
"stage1","raw_evidence","data/raw/search_runs/SEARCH-FIGSHARE-20260807T201617Z/response_page_034.json","scripts/00_downloads/stage1/01_search_ices_figshare.R","",TRUE,118050,"d330fd2d0566887b0cc5d78da586743b56ed5051a6de8658b29de2632c1fa552","calculated_by_inventory_script_small_unregistered_raw",FALSE,TRUE,"traceable"
"stage1","raw_evidence","data/raw/search_runs/SEARCH-FIGSHARE-20260807T201617Z/response_page_035.json","scripts/00_downloads/stage1/01_search_ices_figshare.R","",TRUE,113222,"07d1a6e60ffa34b39d69773d069ad32b7d45d8ed2aad931863f60eca75fcca24","calculated_by_inventory_script_small_unregistered_raw",FALSE,TRUE,"traceable"
"stage1","raw_evidence","data/raw/search_runs/SEARCH-FIGSHARE-20260807T201617Z/response_page_036.json","scripts/00_downloads/stage1/01_search_ices_figshare.R","",TRUE,110882,"ea351def73160d8c9aea36c5dd5a94bc9dd529755cf5b2d920c91bccb6637da8","calculated_by_inventory_script_small_unregistered_raw",FALSE,TRUE,"traceable"
"stage1","raw_evidence","data/raw/search_runs/SEARCH-FIGSHARE-20260807T201617Z/response_page_037.json","scripts/00_downloads/stage1/01_search_ices_figshare.R","",TRUE,115222,"7ce492e7c305097bd0b778402fad426b6982a50f11d7d92b717d2b640b1bbee5","calculated_by_inventory_script_small_unregistered_raw",FALSE,TRUE,"traceable"
"stage1","raw_evidence","data/raw/search_runs/SEARCH-FIGSHARE-20260807T201617Z/response_page_038.json","scripts/00_downloads/stage1/01_search_ices_figshare.R","",TRUE,113171,"37bec8004c053317fd86117443073d4b08a1fbaf71cb4ca55b0f983211a11b2c","calculated_by_inventory_script_small_unregistered_raw",FALSE,TRUE,"traceable"
"stage1","raw_evidence","data/raw/search_runs/SEARCH-FIGSHARE-20260807T201617Z/response_page_039.json","scripts/00_downloads/stage1/01_search_ices_figshare.R","",TRUE,116260,"bfce576f95069374637f63fc93a7f79fdb76ba3f69723745c39630410b718425","calculated_by_inventory_script_small_unregistered_raw",FALSE,TRUE,"traceable"
"stage1","raw_evidence","data/raw/search_runs/SEARCH-FIGSHARE-20260807T201617Z/response_page_040.json","scripts/00_downloads/stage1/01_search_ices_figshare.R","",TRUE,114377,"a60896c234a65cb6f9cd25dc7535463fb8a50c1b7a2a082c4c7b4cd12f950cdc","calculated_by_inventory_script_small_unregistered_raw",FALSE,TRUE,"traceable"
"stage1","raw_evidence","data/raw/search_runs/SEARCH-FIGSHARE-20260807T201617Z/response_page_041.json","scripts/00_downloads/stage1/01_search_ices_figshare.R","",TRUE,101172,"6549d5533775da942770288f4ba3d5b0d2f95bfe0bfa944f3fdddd3eb02f782a","calculated_by_inventory_script_small_unregistered_raw",FALSE,TRUE,"traceable"
"stage1","raw_evidence","data/raw/search_runs/SEARCH-FIGSHARE-20260807T201617Z/response_page_042.json","scripts/00_downloads/stage1/01_search_ices_figshare.R","",TRUE,108626,"d4370bfef5a5352b92bd70aaa3e40b82af52a014d97ac534fe9f658bb9a9fe38","calculated_by_inventory_script_small_unregistered_raw",FALSE,TRUE,"traceable"
"stage1","raw_evidence","data/raw/search_runs/SEARCH-FIGSHARE-20260807T201617Z/response_page_043.json","scripts/00_downloads/stage1/01_search_ices_figshare.R","",TRUE,115043,"a9e0f54f31a776b95eeeecab4755d911cafcc4c913e332a7ba7c920c08fd8caa","calculated_by_inventory_script_small_unregistered_raw",FALSE,TRUE,"traceable"
"stage1","raw_evidence","data/raw/search_runs/SEARCH-FIGSHARE-20260807T201617Z/response_page_044.json","scripts/00_downloads/stage1/01_search_ices_figshare.R","",TRUE,111244,"acd448626326bd1089bb9fbde8497ebf481ac833648c450e233b3826242a92b9","calculated_by_inventory_script_small_unregistered_raw",FALSE,TRUE,"traceable"
"stage1","raw_evidence","data/raw/search_runs/SEARCH-FIGSHARE-20260807T201617Z/response_page_045.json","scripts/00_downloads/stage1/01_search_ices_figshare.R","",TRUE,120342,"3952771f73b163e2a0594c24e3cde72c63ae94122ddebc52712bcdb0f1624616","calculated_by_inventory_script_small_unregistered_raw",FALSE,TRUE,"traceable"
"stage1","raw_evidence","data/raw/search_runs/SEARCH-FIGSHARE-20260807T201617Z/response_page_046.json","scripts/00_downloads/stage1/01_search_ices_figshare.R","",TRUE,124750,"abc66ffc322ce7ad4389c55e65056fa51cac51822b55282e20f4f8e44072ae99","calculated_by_inventory_script_small_unregistered_raw",FALSE,TRUE,"traceable"
"stage1","raw_evidence","data/raw/search_runs/SEARCH-FIGSHARE-20260807T201617Z/response_page_047.json","scripts/00_downloads/stage1/01_search_ices_figshare.R","",TRUE,117868,"bdb0805c2ef2e4befba46cd68abd1b57342e471364cb28c2fef2f490b2151d8a","calculated_by_inventory_script_small_unregistered_raw",FALSE,TRUE,"traceable"
"stage1","raw_evidence","data/raw/search_runs/SEARCH-FIGSHARE-20260807T201617Z/response_page_048.json","scripts/00_downloads/stage1/01_search_ices_figshare.R","",TRUE,128206,"98a718a9cf63bd23d29e85bc9eebda00829c2f1b6dce1cf66e38849bf982f4d7","calculated_by_inventory_script_small_unregistered_raw",FALSE,TRUE,"traceable"
"stage1","raw_evidence","data/raw/search_runs/SEARCH-FIGSHARE-20260807T201617Z/response_page_049.json","scripts/00_downloads/stage1/01_search_ices_figshare.R","",TRUE,133829,"24550b9c95fd4066fbf91c514d177bf8eedc3f2b00ae5355ba9b6a0ab6a158bb","calculated_by_inventory_script_small_unregistered_raw",FALSE,TRUE,"traceable"
"stage1","raw_evidence","data/raw/search_runs/SEARCH-FIGSHARE-20260807T201617Z/response_page_050.json","scripts/00_downloads/stage1/01_search_ices_figshare.R","",TRUE,121627,"b7fcc9f84f7bd91279db7026569c95cb8f6426c2babec3f7e336196d35fee08d","calculated_by_inventory_script_small_unregistered_raw",FALSE,TRUE,"traceable"
"stage1","raw_evidence","data/raw/search_runs/SEARCH-FIGSHARE-20260807T201617Z/response_page_051.json","scripts/00_downloads/stage1/01_search_ices_figshare.R","",TRUE,103971,"1d8d0041e39ef786e8e4ca1dfc96b9edd9b8a5e2cf0b0282dc8bda364457e6c0","calculated_by_inventory_script_small_unregistered_raw",FALSE,TRUE,"traceable"
"stage1","raw_evidence","data/raw/search_runs/SEARCH-FIGSHARE-20260807T201617Z/response_page_052.json","scripts/00_downloads/stage1/01_search_ices_figshare.R","",TRUE,106761,"ccdc629c9bfceb920855707085119b64c1f8bf4069a1f114f89301acde04ab65","calculated_by_inventory_script_small_unregistered_raw",FALSE,TRUE,"traceable"
"stage1","raw_evidence","data/raw/search_runs/SEARCH-FIGSHARE-20260807T201617Z/response_page_053.json","scripts/00_downloads/stage1/01_search_ices_figshare.R","",TRUE,106674,"878e913be87908b7edebadfd8580be83fae9bbf3aa63415cae8ef828ffcdce1d","calculated_by_inventory_script_small_unregistered_raw",FALSE,TRUE,"traceable"
"stage1","raw_evidence","data/raw/search_runs/SEARCH-FIGSHARE-20260807T201617Z/response_page_054.json","scripts/00_downloads/stage1/01_search_ices_figshare.R","",TRUE,104679,"0f1eced8568d807da41159a12a1a9ff84ac0dee0594888658d441428ce3ef4c3","calculated_by_inventory_script_small_unregistered_raw",FALSE,TRUE,"traceable"
"stage1","raw_evidence","data/raw/search_runs/SEARCH-FIGSHARE-20260807T201617Z/response_page_055.json","scripts/00_downloads/stage1/01_search_ices_figshare.R","",TRUE,115790,"474de345e60b1316339034939ded8b946cb11da9355ab75fe3f892e026035b19","calculated_by_inventory_script_small_unregistered_raw",FALSE,TRUE,"traceable"
"stage1","raw_evidence","data/raw/search_runs/SEARCH-FIGSHARE-20260807T201617Z/response_page_056.json","scripts/00_downloads/stage1/01_search_ices_figshare.R","",TRUE,116779,"82a8f3e1f410541ae5744070f21b69c653d4a966e1c4e6dd7e8c959f8d975a35","calculated_by_inventory_script_small_unregistered_raw",FALSE,TRUE,"traceable"
"stage1","raw_evidence","data/raw/search_runs/SEARCH-FIGSHARE-20260807T201617Z/response_page_057.json","scripts/00_downloads/stage1/01_search_ices_figshare.R","",TRUE,116225,"eb4768b6912518df9c1fae1b752a82e8183fcae9363c6c8ecb8dab562963bb6a","calculated_by_inventory_script_small_unregistered_raw",FALSE,TRUE,"traceable"
"stage1","raw_evidence","data/raw/search_runs/SEARCH-FIGSHARE-20260807T201617Z/response_page_058.json","scripts/00_downloads/stage1/01_search_ices_figshare.R","",TRUE,111914,"ebe04db0f03ea551bf177516fee0006fb254526c2532f61b1cb6c5bc3c87bce5","calculated_by_inventory_script_small_unregistered_raw",FALSE,TRUE,"traceable"
"stage1","raw_evidence","data/raw/search_runs/SEARCH-FIGSHARE-20260807T201617Z/response_page_059.json","scripts/00_downloads/stage1/01_search_ices_figshare.R","",TRUE,118021,"1bdf58f9cd1b8fe6b804ed9288c812e1613e16f7f652305677f298ff815e841d","calculated_by_inventory_script_small_unregistered_raw",FALSE,TRUE,"traceable"
"stage1","raw_evidence","data/raw/search_runs/SEARCH-FIGSHARE-20260807T201617Z/response_page_060.json","scripts/00_downloads/stage1/01_search_ices_figshare.R","",TRUE,111627,"eb3d8194551bf065b7161e524f5556e503d1462d6ff00dd0c0a123627d0a6ece","calculated_by_inventory_script_small_unregistered_raw",FALSE,TRUE,"traceable"
"stage1","raw_evidence","data/raw/search_runs/SEARCH-FIGSHARE-20260807T201617Z/response_page_061.json","scripts/00_downloads/stage1/01_search_ices_figshare.R","",TRUE,115778,"09d7948a1e6b520bbcbd4e8beaf89f370768757a5b57337e37434fdf573a7886","calculated_by_inventory_script_small_unregistered_raw",FALSE,TRUE,"traceable"
"stage1","raw_evidence","data/raw/search_runs/SEARCH-FIGSHARE-20260807T201617Z/response_page_062.json","scripts/00_downloads/stage1/01_search_ices_figshare.R","",TRUE,113189,"dfc5bd7bbeaa6e92d6f6eef520f3ddafc40dd3e30ba5fa92e96dc38bc4e20e39","calculated_by_inventory_script_small_unregistered_raw",FALSE,TRUE,"traceable"
"stage1","raw_evidence","data/raw/search_runs/SEARCH-FIGSHARE-20260807T201617Z/response_page_063.json","scripts/00_downloads/stage1/01_search_ices_figshare.R","",TRUE,110125,"93e4c719fd2545f91f0a3bfb84d63794715fe95ee848a4b66850464377e00125","calculated_by_inventory_script_small_unregistered_raw",FALSE,TRUE,"traceable"
"stage1","raw_evidence","data/raw/search_runs/SEARCH-FIGSHARE-20260807T201617Z/response_page_064.json","scripts/00_downloads/stage1/01_search_ices_figshare.R","",TRUE,120505,"3e2a69d0a1618932b149768d7da654745e096e4e07a0d739011a8afe8edfa9a6","calculated_by_inventory_script_small_unregistered_raw",FALSE,TRUE,"traceable"
"stage1","raw_evidence","data/raw/search_runs/SEARCH-FIGSHARE-20260807T201617Z/response_page_065.json","scripts/00_downloads/stage1/01_search_ices_figshare.R","",TRUE,111336,"00198dcfacb6e014b09a26d287951803eb23dca0b6397be44bf86a330ae57277","calculated_by_inventory_script_small_unregistered_raw",FALSE,TRUE,"traceable"
"stage1","raw_evidence","data/raw/search_runs/SEARCH-FIGSHARE-20260807T201617Z/response_page_066.json","scripts/00_downloads/stage1/01_search_ices_figshare.R","",TRUE,111068,"77917a39b5b08b1d23feba9bda27a872836d82efd4fb5a98e6be15a3269c5257","calculated_by_inventory_script_small_unregistered_raw",FALSE,TRUE,"traceable"
"stage1","raw_evidence","data/raw/search_runs/SEARCH-FIGSHARE-20260807T201617Z/response_page_067.json","scripts/00_downloads/stage1/01_search_ices_figshare.R","",TRUE,110920,"c10f639fac059d73c802e5afa66bd4919b4981016d6c23587a53430b09149b3f","calculated_by_inventory_script_small_unregistered_raw",FALSE,TRUE,"traceable"
"stage1","raw_evidence","data/raw/search_runs/SEARCH-FIGSHARE-20260807T201617Z/response_page_068.json","scripts/00_downloads/stage1/01_search_ices_figshare.R","",TRUE,117892,"25708f33fc77d39326db1e8b9a751da889c5a8e2e2c64493de06cf63db559390","calculated_by_inventory_script_small_unregistered_raw",FALSE,TRUE,"traceable"
"stage1","raw_evidence","data/raw/search_runs/SEARCH-FIGSHARE-20260807T201617Z/response_page_069.json","scripts/00_downloads/stage1/01_search_ices_figshare.R","",TRUE,107110,"890d4b8f247a4f7e8de038a26e12f5a30f5d00b039afbdecd79184135594d0df","calculated_by_inventory_script_small_unregistered_raw",FALSE,TRUE,"traceable"
"stage1","raw_evidence","data/raw/search_runs/SEARCH-FIGSHARE-20260807T201617Z/response_page_070.json","scripts/00_downloads/stage1/01_search_ices_figshare.R","",TRUE,110453,"3a0be91798b8d4210dbdd6ac12406412143c04bc22c755c4cfc842f4783c2f38","calculated_by_inventory_script_small_unregistered_raw",FALSE,TRUE,"traceable"
"stage1","raw_evidence","data/raw/search_runs/SEARCH-FIGSHARE-20260807T201617Z/response_page_071.json","scripts/00_downloads/stage1/01_search_ices_figshare.R","",TRUE,110212,"e4e73aad76a4fad5d020194230b2950915ff5d3bcbe31dad7290b761e0ea92c0","calculated_by_inventory_script_small_unregistered_raw",FALSE,TRUE,"traceable"
"stage1","raw_evidence","data/raw/search_runs/SEARCH-FIGSHARE-20260807T201617Z/response_page_072.json","scripts/00_downloads/stage1/01_search_ices_figshare.R","",TRUE,115384,"2a4ba9a5b08b4c41650548c7374af9e36b16679c2b97b00d7a84e84481ed5e83","calculated_by_inventory_script_small_unregistered_raw",FALSE,TRUE,"traceable"
"stage1","raw_evidence","data/raw/search_runs/SEARCH-FIGSHARE-20260807T201617Z/response_page_073.json","scripts/00_downloads/stage1/01_search_ices_figshare.R","",TRUE,108329,"f75e4f11cf412e933ae821aa83bca3f36b4a49fcf04d514fa4ba5e3f75fd03fc","calculated_by_inventory_script_small_unregistered_raw",FALSE,TRUE,"traceable"
"stage1","raw_evidence","data/raw/search_runs/SEARCH-FIGSHARE-20260807T201617Z/response_page_074.json","scripts/00_downloads/stage1/01_search_ices_figshare.R","",TRUE,124109,"fcde83ea5db7a1d5e3a69cd21ce4dbc503759ba3e832723bcc62fc2531bb7bd6","calculated_by_inventory_script_small_unregistered_raw",FALSE,TRUE,"traceable"
"stage1","raw_evidence","data/raw/search_runs/SEARCH-FIGSHARE-20260807T201617Z/response_page_075.json","scripts/00_downloads/stage1/01_search_ices_figshare.R","",TRUE,116954,"c9948af003f9a918665aa6c9a84778c3b4352c562cf93019ac8a37a954e9b7db","calculated_by_inventory_script_small_unregistered_raw",FALSE,TRUE,"traceable"
"stage1","raw_evidence","data/raw/search_runs/SEARCH-FIGSHARE-20260807T201617Z/response_page_076.json","scripts/00_downloads/stage1/01_search_ices_figshare.R","",TRUE,123733,"58ff6d33515636433c7b9d43058ed9e993a77a2a606b8bfd533939be27a3775b","calculated_by_inventory_script_small_unregistered_raw",FALSE,TRUE,"traceable"
"stage1","raw_evidence","data/raw/search_runs/SEARCH-FIGSHARE-20260807T201617Z/response_page_077.json","scripts/00_downloads/stage1/01_search_ices_figshare.R","",TRUE,128293,"3ae139131728eae6b240444264ef31a30ab20540c4b7d8e721fbdb9f9f47c95f","calculated_by_inventory_script_small_unregistered_raw",FALSE,TRUE,"traceable"
"stage1","raw_evidence","data/raw/search_runs/SEARCH-FIGSHARE-20260807T201617Z/response_page_078.json","scripts/00_downloads/stage1/01_search_ices_figshare.R","",TRUE,130324,"97f31de466b7b140858cd65ba6e7081afb49b86214f15b1d235d7293f02fc56b","calculated_by_inventory_script_small_unregistered_raw",FALSE,TRUE,"traceable"
"stage1","raw_evidence","data/raw/search_runs/SEARCH-FIGSHARE-20260807T201617Z/response_page_079.json","scripts/00_downloads/stage1/01_search_ices_figshare.R","",TRUE,133163,"f76a2806758845f4ad69f9829aa6b34bbd8082512ceed06baf5ede92a60f27de","calculated_by_inventory_script_small_unregistered_raw",FALSE,TRUE,"traceable"
"stage1","raw_evidence","data/raw/search_runs/SEARCH-FIGSHARE-20260807T201617Z/response_page_080.json","scripts/00_downloads/stage1/01_search_ices_figshare.R","",TRUE,111737,"acfd356fa183626be5c70f3c8a94e90f782641a6984a698557a8ed69fa1d6330","calculated_by_inventory_script_small_unregistered_raw",FALSE,TRUE,"traceable"
"stage1","raw_evidence","data/raw/search_runs/SEARCH-FIGSHARE-20260807T201617Z/response_page_081.json","scripts/00_downloads/stage1/01_search_ices_figshare.R","",TRUE,112266,"cc0da538fb3db38d73fd9b0623893bfaf65735f7f5539433da87e8a6b200eea3","calculated_by_inventory_script_small_unregistered_raw",FALSE,TRUE,"traceable"
"stage1","raw_evidence","data/raw/search_runs/SEARCH-FIGSHARE-20260807T201617Z/response_page_082.json","scripts/00_downloads/stage1/01_search_ices_figshare.R","",TRUE,110028,"dc545c88f27b3fe93fe18282039f4c318ece2712ad65ac035e419bc7309cadf0","calculated_by_inventory_script_small_unregistered_raw",FALSE,TRUE,"traceable"
"stage1","raw_evidence","data/raw/search_runs/SEARCH-FIGSHARE-20260807T201617Z/response_page_083.json","scripts/00_downloads/stage1/01_search_ices_figshare.R","",TRUE,115214,"5ce76b65f0fd19ec2975b4e886f7b7d39133da13613b144d470af8f4c38fe30c","calculated_by_inventory_script_small_unregistered_raw",FALSE,TRUE,"traceable"
"stage1","raw_evidence","data/raw/search_runs/SEARCH-FIGSHARE-20260807T201617Z/response_page_084.json","scripts/00_downloads/stage1/01_search_ices_figshare.R","",TRUE,117222,"e23caa36715d5caa486f613b77e6b245d9180b2e44283aca93b883b2ddb49b37","calculated_by_inventory_script_small_unregistered_raw",FALSE,TRUE,"traceable"
"stage1","raw_evidence","data/raw/search_runs/SEARCH-FIGSHARE-20260807T201617Z/response_page_085.json","scripts/00_downloads/stage1/01_search_ices_figshare.R","",TRUE,115878,"fe09f87c3b4bd44d13b9105fd06bd2c03dea99a70c13238543539a1d2284e5ec","calculated_by_inventory_script_small_unregistered_raw",FALSE,TRUE,"traceable"
"stage1","raw_evidence","data/raw/search_runs/SEARCH-FIGSHARE-20260807T201617Z/response_page_086.json","scripts/00_downloads/stage1/01_search_ices_figshare.R","",TRUE,109617,"06eb02841fec21fc7b6d1eb4b058c142b057338f07fa0f672ea458f8b62b797b","calculated_by_inventory_script_small_unregistered_raw",FALSE,TRUE,"traceable"
"stage1","raw_evidence","data/raw/search_runs/SEARCH-FIGSHARE-20260807T201617Z/response_page_087.json","scripts/00_downloads/stage1/01_search_ices_figshare.R","",TRUE,113136,"f8fe510f7b4e0198d43bb0984c7383f6a5d50a54ad228e6960ed0d4c09004bd6","calculated_by_inventory_script_small_unregistered_raw",FALSE,TRUE,"traceable"
"stage1","raw_evidence","data/raw/search_runs/SEARCH-FIGSHARE-20260807T201617Z/response_page_088.json","scripts/00_downloads/stage1/01_search_ices_figshare.R","",TRUE,115059,"8c3a72341aa24e71a21e2eb2dc4c7c8fdbb51821390065af39f958be0b50082e","calculated_by_inventory_script_small_unregistered_raw",FALSE,TRUE,"traceable"
"stage1","raw_evidence","data/raw/search_runs/SEARCH-FIGSHARE-20260807T201617Z/response_page_089.json","scripts/00_downloads/stage1/01_search_ices_figshare.R","",TRUE,115268,"abacff29a6b27feabf052012da50ada0e4c44d25e70e536f1397f8d9a984d4c2","calculated_by_inventory_script_small_unregistered_raw",FALSE,TRUE,"traceable"
"stage1","raw_evidence","data/raw/search_runs/SEARCH-FIGSHARE-20260807T201617Z/response_page_090.json","scripts/00_downloads/stage1/01_search_ices_figshare.R","",TRUE,116690,"0cfc058433f472c8601c4e8007232f23d53ec023d1f23ab0f1d6c27f19c508bb","calculated_by_inventory_script_small_unregistered_raw",FALSE,TRUE,"traceable"
"stage1","raw_evidence","data/raw/search_runs/SEARCH-FIGSHARE-20260807T201617Z/response_page_091.json","scripts/00_downloads/stage1/01_search_ices_figshare.R","",TRUE,108984,"002f37a488e387aaec85092199384883804f792e526159491a6ea08b4b3fb530","calculated_by_inventory_script_small_unregistered_raw",FALSE,TRUE,"traceable"
"stage1","raw_evidence","data/raw/search_runs/SEARCH-FIGSHARE-20260807T201617Z/response_page_092.json","scripts/00_downloads/stage1/01_search_ices_figshare.R","",TRUE,115083,"6dfbadd602188b6926556731e89b5897a3a2e6b81e8f7b0573a475b8869cce5a","calculated_by_inventory_script_small_unregistered_raw",FALSE,TRUE,"traceable"
"stage1","raw_evidence","data/raw/search_runs/SEARCH-FIGSHARE-20260807T201617Z/response_page_093.json","scripts/00_downloads/stage1/01_search_ices_figshare.R","",TRUE,106100,"8ddc9c9c83df816ac0b78e2aab61321e2a115ca3c9318d11228d0885e5801429","calculated_by_inventory_script_small_unregistered_raw",FALSE,TRUE,"traceable"
"stage1","raw_evidence","data/raw/search_runs/SEARCH-FIGSHARE-20260807T201617Z/response_page_094.json","scripts/00_downloads/stage1/01_search_ices_figshare.R","",TRUE,115160,"6bb76b86df76a0e79d845cfa9b2d02bbee99d83116460b2fe6be21d40fb77ca8","calculated_by_inventory_script_small_unregistered_raw",FALSE,TRUE,"traceable"
"stage1","raw_evidence","data/raw/search_runs/SEARCH-FIGSHARE-20260807T201617Z/response_page_095.json","scripts/00_downloads/stage1/01_search_ices_figshare.R","",TRUE,106651,"0eb9df123a77fdf479b32d8d1cc4ec5618894f8f2c40690c8ed925b93e4a75df","calculated_by_inventory_script_small_unregistered_raw",FALSE,TRUE,"traceable"
"stage1","raw_evidence","data/raw/search_runs/SEARCH-FIGSHARE-20260807T201617Z/response_page_096.json","scripts/00_downloads/stage1/01_search_ices_figshare.R","",TRUE,109545,"66111d9fbd7df887fe4266e67a0d2ee83ce3a455551f202e9f42e6fedef409eb","calculated_by_inventory_script_small_unregistered_raw",FALSE,TRUE,"traceable"
"stage1","raw_evidence","data/raw/search_runs/SEARCH-FIGSHARE-20260807T201617Z/response_page_097.json","scripts/00_downloads/stage1/01_search_ices_figshare.R","",TRUE,108798,"e3d37bbeb28708e1f2f7d3ae9ec8c3708d54bec3e3e73d14c5def1daff964385","calculated_by_inventory_script_small_unregistered_raw",FALSE,TRUE,"traceable"
"stage1","raw_evidence","data/raw/search_runs/SEARCH-FIGSHARE-20260807T201617Z/response_page_098.json","scripts/00_downloads/stage1/01_search_ices_figshare.R","",TRUE,108992,"caa67ff5cc8925eeaabf9f789acdc16a89ee5092fe2b47616108fdd8b60251a9","calculated_by_inventory_script_small_unregistered_raw",FALSE,TRUE,"traceable"
"stage1","raw_evidence","data/raw/search_runs/SEARCH-FIGSHARE-20260807T201617Z/response_page_099.json","scripts/00_downloads/stage1/01_search_ices_figshare.R","",TRUE,128280,"49cb58bd88852f091cbab2ff28a1593eafe4f4073efb82bacf29be22a6da525c","calculated_by_inventory_script_small_unregistered_raw",FALSE,TRUE,"traceable"
"stage1","raw_evidence","data/raw/search_runs/SEARCH-FIGSHARE-20260807T201617Z/response_page_100.json","scripts/00_downloads/stage1/01_search_ices_figshare.R","",TRUE,127870,"4629a136a7716fb7ad269491b1a57517abeb0fb4285d25d95d2b9d9df2f77b38","calculated_by_inventory_script_small_unregistered_raw",FALSE,TRUE,"traceable"
"stage1","raw_evidence","data/raw/search_runs/SEARCH-FIGSHARE-20260807T201930Z/ds22_peg_bvol.json","scripts/00_downloads/stage1/01_search_ices_figshare.R","",TRUE,5480,"49e9ab5e12f8afb2b724671df49ec777bed07c2885e4314602d06f405b023ada","calculated_by_inventory_script_small_unregistered_raw",FALSE,TRUE,"traceable"
"stage1","raw_evidence","data/raw/search_runs/SEARCH-FIGSHARE-20260807T201930Z/manifest.json","scripts/00_downloads/stage1/01_search_ices_figshare.R","",TRUE,37377,"5d998d3e4fdfe44e8e8d596a98f6bdd84ff232b00f41cae710724d37d0561ea0","calculated_by_inventory_script_small_unregistered_raw",FALSE,TRUE,"traceable"
"stage1","raw_evidence","data/raw/search_runs/SEARCH-FIGSHARE-20260807T201930Z/response_page_001.json","scripts/00_downloads/stage1/01_search_ices_figshare.R","",TRUE,110798,"5a391081f3b279df4d8281814df751e9d64ec43b4b898a9494d726b23de2043c","calculated_by_inventory_script_small_unregistered_raw",FALSE,TRUE,"traceable"
"stage1","raw_evidence","data/raw/search_runs/SEARCH-FIGSHARE-20260807T201930Z/response_page_002.json","scripts/00_downloads/stage1/01_search_ices_figshare.R","",TRUE,108018,"05e7f098c41fdb1817b962efa7d34e82629ad37efd18527c3cee14293d8f53fe","calculated_by_inventory_script_small_unregistered_raw",FALSE,TRUE,"traceable"
"stage1","raw_evidence","data/raw/search_runs/SEARCH-FIGSHARE-20260807T201930Z/response_page_003.json","scripts/00_downloads/stage1/01_search_ices_figshare.R","",TRUE,117428,"53e942e14d5dba0fb8eea999c10029304027c7b7d2b06133a73bb81eabe6b235","calculated_by_inventory_script_small_unregistered_raw",FALSE,TRUE,"traceable"
"stage1","raw_evidence","data/raw/search_runs/SEARCH-FIGSHARE-20260807T201930Z/response_page_004.json","scripts/00_downloads/stage1/01_search_ices_figshare.R","",TRUE,116255,"265e26de849e32e451d1b27c1a83a4334961aa5051ba519ecc4be47158de372b","calculated_by_inventory_script_small_unregistered_raw",FALSE,TRUE,"traceable"
"stage1","raw_evidence","data/raw/search_runs/SEARCH-FIGSHARE-20260807T201930Z/response_page_005.json","scripts/00_downloads/stage1/01_search_ices_figshare.R","",TRUE,116042,"84ae403c5da2471cc8ccf6d42954b9585991c23a41efa8f198df08db9dbbca16","calculated_by_inventory_script_small_unregistered_raw",FALSE,TRUE,"traceable"
"stage1","raw_evidence","data/raw/search_runs/SEARCH-FIGSHARE-20260807T201930Z/response_page_006.json","scripts/00_downloads/stage1/01_search_ices_figshare.R","",TRUE,118455,"202cbbccf9777b4df38c22f6adde69342ee3ea66132ba28b3bf337560da63629","calculated_by_inventory_script_small_unregistered_raw",FALSE,TRUE,"traceable"
"stage1","raw_evidence","data/raw/search_runs/SEARCH-FIGSHARE-20260807T201930Z/response_page_007.json","scripts/00_downloads/stage1/01_search_ices_figshare.R","",TRUE,112761,"66ef4330cfda74a5a6c5d919a1a65d06b6948b23583b2fa1dc98cfc4fb5bd8c9","calculated_by_inventory_script_small_unregistered_raw",FALSE,TRUE,"traceable"
"stage1","raw_evidence","data/raw/search_runs/SEARCH-FIGSHARE-20260807T201930Z/response_page_008.json","scripts/00_downloads/stage1/01_search_ices_figshare.R","",TRUE,115484,"d4b8fe2af9314b4a512dc950006100675061d96624cc19492c319b472a20f676","calculated_by_inventory_script_small_unregistered_raw",FALSE,TRUE,"traceable"
"stage1","raw_evidence","data/raw/search_runs/SEARCH-FIGSHARE-20260807T201930Z/response_page_009.json","scripts/00_downloads/stage1/01_search_ices_figshare.R","",TRUE,109700,"b7e9e55f11457e9acfab2e5260f008a0508eb75f71fd5e6610ad6d5dc6228d4b","calculated_by_inventory_script_small_unregistered_raw",FALSE,TRUE,"traceable"
"stage1","raw_evidence","data/raw/search_runs/SEARCH-FIGSHARE-20260807T201930Z/response_page_010.json","scripts/00_downloads/stage1/01_search_ices_figshare.R","",TRUE,117721,"9c90a8e9d29414a4e676a9037c6fc5344794d497d3bac68ff0fdfbb00565455b","calculated_by_inventory_script_small_unregistered_raw",FALSE,TRUE,"traceable"
"stage1","raw_evidence","data/raw/search_runs/SEARCH-FIGSHARE-20260807T201930Z/response_page_011.json","scripts/00_downloads/stage1/01_search_ices_figshare.R","",TRUE,112660,"3cc2738a5d2ba0299e64fa73e1ad4b38b23d87a8cf0c46f23a146ad1e2b02d72","calculated_by_inventory_script_small_unregistered_raw",FALSE,TRUE,"traceable"
"stage1","raw_evidence","data/raw/search_runs/SEARCH-FIGSHARE-20260807T201930Z/response_page_012.json","scripts/00_downloads/stage1/01_search_ices_figshare.R","",TRUE,109603,"3a6f0a77f05a6b40e8cf04664a022d182894e25ea26c3af5c553f4a419c7a15b","calculated_by_inventory_script_small_unregistered_raw",FALSE,TRUE,"traceable"
"stage1","raw_evidence","data/raw/search_runs/SEARCH-FIGSHARE-20260807T201930Z/response_page_013.json","scripts/00_downloads/stage1/01_search_ices_figshare.R","",TRUE,120184,"f4a6443261e173ed07651c017331ff1e912bf69f455915ab1feb3f4d78980861","calculated_by_inventory_script_small_unregistered_raw",FALSE,TRUE,"traceable"
"stage1","raw_evidence","data/raw/search_runs/SEARCH-FIGSHARE-20260807T201930Z/response_page_014.json","scripts/00_downloads/stage1/01_search_ices_figshare.R","",TRUE,114302,"4a9a64a34c0da30ecb3aab4d313396255dcb54d0cba2a815a6503fc4089abb50","calculated_by_inventory_script_small_unregistered_raw",FALSE,TRUE,"traceable"
"stage1","raw_evidence","data/raw/search_runs/SEARCH-FIGSHARE-20260807T201930Z/response_page_015.json","scripts/00_downloads/stage1/01_search_ices_figshare.R","",TRUE,106839,"16666c29443c0ac7074494d10d0e57b5f9dac6272afa022d2c85f677d3075a66","calculated_by_inventory_script_small_unregistered_raw",FALSE,TRUE,"traceable"
"stage1","raw_evidence","data/raw/search_runs/SEARCH-FIGSHARE-20260807T201930Z/response_page_016.json","scripts/00_downloads/stage1/01_search_ices_figshare.R","",TRUE,115379,"fa40b4bd6655ef4a2af4ffcb10d602e86eeb9a3a9a1a13213c95785b77345960","calculated_by_inventory_script_small_unregistered_raw",FALSE,TRUE,"traceable"
"stage1","raw_evidence","data/raw/search_runs/SEARCH-FIGSHARE-20260807T201930Z/response_page_017.json","scripts/00_downloads/stage1/01_search_ices_figshare.R","",TRUE,114134,"1486e2e16f0e3d2007e13557d73e24fa5c7eeb3a52da6077dc38689eb0d89fea","calculated_by_inventory_script_small_unregistered_raw",FALSE,TRUE,"traceable"
"stage1","raw_evidence","data/raw/search_runs/SEARCH-FIGSHARE-20260807T201930Z/response_page_018.json","scripts/00_downloads/stage1/01_search_ices_figshare.R","",TRUE,108930,"3e2db7ee10acf59e44d3e39b24c1940ae6066083d4a689dc9917a4f83c57fcc8","calculated_by_inventory_script_small_unregistered_raw",FALSE,TRUE,"traceable"
"stage1","raw_evidence","data/raw/search_runs/SEARCH-FIGSHARE-20260807T201930Z/response_page_019.json","scripts/00_downloads/stage1/01_search_ices_figshare.R","",TRUE,118389,"a3e0c845a7d0441af1054e18b1eabf3ec176c96af5eccf81c55d0edecd926285","calculated_by_inventory_script_small_unregistered_raw",FALSE,TRUE,"traceable"
"stage1","raw_evidence","data/raw/search_runs/SEARCH-FIGSHARE-20260807T201930Z/response_page_020.json","scripts/00_downloads/stage1/01_search_ices_figshare.R","",TRUE,128892,"78d338d5eadee4d7455e4b0de2fdd00470d98663ad06e346ab6f9e3329bcf10e","calculated_by_inventory_script_small_unregistered_raw",FALSE,TRUE,"traceable"
"stage1","raw_evidence","data/raw/search_runs/SEARCH-FIGSHARE-20260807T201930Z/response_page_021.json","scripts/00_downloads/stage1/01_search_ices_figshare.R","",TRUE,117065,"ed6e5bc1f0c05491776b49e68d382d006393d149a3d993a1199bfc71ec66ec4f","calculated_by_inventory_script_small_unregistered_raw",FALSE,TRUE,"traceable"
"stage1","raw_evidence","data/raw/search_runs/SEARCH-FIGSHARE-20260807T201930Z/response_page_022.json","scripts/00_downloads/stage1/01_search_ices_figshare.R","",TRUE,124455,"936096af53a6f1beccefed7aa6d7212697b8c96338820022c903508ca6718dca","calculated_by_inventory_script_small_unregistered_raw",FALSE,TRUE,"traceable"
"stage1","raw_evidence","data/raw/search_runs/SEARCH-FIGSHARE-20260807T201930Z/response_page_023.json","scripts/00_downloads/stage1/01_search_ices_figshare.R","",TRUE,140481,"30d01ef2c0fd03ef19339b1343efbf389db793113e2bc414cff170bea98a5457","calculated_by_inventory_script_small_unregistered_raw",FALSE,TRUE,"traceable"
"stage1","raw_evidence","data/raw/search_runs/SEARCH-FIGSHARE-20260807T201930Z/response_page_024.json","scripts/00_downloads/stage1/01_search_ices_figshare.R","",TRUE,122381,"0a4955960c1d23050a7b0660ef23df8c6f3c9ff95081ce3dffb5f1c253d1e2a9","calculated_by_inventory_script_small_unregistered_raw",FALSE,TRUE,"traceable"
"stage1","raw_evidence","data/raw/search_runs/SEARCH-FIGSHARE-20260807T201930Z/response_page_025.json","scripts/00_downloads/stage1/01_search_ices_figshare.R","",TRUE,110523,"4a978a3aed1988dee34e6fab797cef3552394774db183c834069b0ffa638eb22","calculated_by_inventory_script_small_unregistered_raw",FALSE,TRUE,"traceable"
"stage1","raw_evidence","data/raw/search_runs/SEARCH-FIGSHARE-20260807T201930Z/response_page_026.json","scripts/00_downloads/stage1/01_search_ices_figshare.R","",TRUE,111396,"b5bafe49d95cd2e6b36fcf9055f6a793f514eb223b4d44f7b8b139a4f7f46aeb","calculated_by_inventory_script_small_unregistered_raw",FALSE,TRUE,"traceable"
"stage1","raw_evidence","data/raw/search_runs/SEARCH-FIGSHARE-20260807T201930Z/response_page_027.json","scripts/00_downloads/stage1/01_search_ices_figshare.R","",TRUE,118030,"1b834ebbc414642742f811bbb975be5f07a6edc097e3f143e884be3d4f9d2ebb","calculated_by_inventory_script_small_unregistered_raw",FALSE,TRUE,"traceable"
"stage1","raw_evidence","data/raw/search_runs/SEARCH-FIGSHARE-20260807T201930Z/response_page_028.json","scripts/00_downloads/stage1/01_search_ices_figshare.R","",TRUE,112850,"90d4f83d68561a1da211bf036763be476bc74fe64d746bc4af2e94f3b69dbf9f","calculated_by_inventory_script_small_unregistered_raw",FALSE,TRUE,"traceable"
"stage1","raw_evidence","data/raw/search_runs/SEARCH-FIGSHARE-20260807T201930Z/response_page_029.json","scripts/00_downloads/stage1/01_search_ices_figshare.R","",TRUE,117179,"c45543c29deb3fbd86c15eaa432b4284b91c043d530f082866caea0a83f0948a","calculated_by_inventory_script_small_unregistered_raw",FALSE,TRUE,"traceable"
"stage1","raw_evidence","data/raw/search_runs/SEARCH-FIGSHARE-20260807T201930Z/response_page_030.json","scripts/00_downloads/stage1/01_search_ices_figshare.R","",TRUE,110590,"0f06dc6d4c381405b5269c2ae88274e3ffde0409191b528425d799d63bd80fff","calculated_by_inventory_script_small_unregistered_raw",FALSE,TRUE,"traceable"
"stage1","raw_evidence","data/raw/search_runs/SEARCH-FIGSHARE-20260807T201930Z/response_page_031.json","scripts/00_downloads/stage1/01_search_ices_figshare.R","",TRUE,112403,"6de1f28ee9197ebbc9936dfa164117b98015f782aaf31f2fdf11720fbe08b4e2","calculated_by_inventory_script_small_unregistered_raw",FALSE,TRUE,"traceable"
"stage1","raw_evidence","data/raw/search_runs/SEARCH-FIGSHARE-20260807T201930Z/response_page_032.json","scripts/00_downloads/stage1/01_search_ices_figshare.R","",TRUE,113558,"21cdb841bb21d59923753e840fb8027900d1e3717b07218cb4dba2b7c76fad30","calculated_by_inventory_script_small_unregistered_raw",FALSE,TRUE,"traceable"
"stage1","raw_evidence","data/raw/search_runs/SEARCH-FIGSHARE-20260807T201930Z/response_page_033.json","scripts/00_downloads/stage1/01_search_ices_figshare.R","",TRUE,110098,"df4d3380ebd0ff779e6e4efb478a314185ebb57dbacb71606243dd6cce834499","calculated_by_inventory_script_small_unregistered_raw",FALSE,TRUE,"traceable"
"stage1","raw_evidence","data/raw/search_runs/SEARCH-FIGSHARE-20260807T201930Z/response_page_034.json","scripts/00_downloads/stage1/01_search_ices_figshare.R","",TRUE,117937,"bbcf03db3032df61780ffaae20f291fa3f354961546b5a6f36dcd531536cb79b","calculated_by_inventory_script_small_unregistered_raw",FALSE,TRUE,"traceable"
"stage1","raw_evidence","data/raw/search_runs/SEARCH-FIGSHARE-20260807T201930Z/response_page_035.json","scripts/00_downloads/stage1/01_search_ices_figshare.R","",TRUE,113478,"f0a48d505228eeaede3c8dc91caca2a7cc3f9f9daa6067f57d3bc9e0ad5754f5","calculated_by_inventory_script_small_unregistered_raw",FALSE,TRUE,"traceable"
"stage1","raw_evidence","data/raw/search_runs/SEARCH-FIGSHARE-20260807T201930Z/response_page_036.json","scripts/00_downloads/stage1/01_search_ices_figshare.R","",TRUE,110765,"629a9f7e6b88567c9980aca2955883d150b9fdaed89b7ff575603abb120e206a","calculated_by_inventory_script_small_unregistered_raw",FALSE,TRUE,"traceable"
"stage1","raw_evidence","data/raw/search_runs/SEARCH-FIGSHARE-20260807T201930Z/response_page_037.json","scripts/00_downloads/stage1/01_search_ices_figshare.R","",TRUE,114983,"204641ffd730bc915d15d1ad8ac6f6fd30cb8835530ddeec88cb79738e65a328","calculated_by_inventory_script_small_unregistered_raw",FALSE,TRUE,"traceable"
"stage1","raw_evidence","data/raw/search_runs/SEARCH-FIGSHARE-20260807T201930Z/response_page_038.json","scripts/00_downloads/stage1/01_search_ices_figshare.R","",TRUE,113551,"12b44275c8e63bdcad9b2e29b2aba91c04f1d23686beeeed675a1fbc5e8a0245","calculated_by_inventory_script_small_unregistered_raw",FALSE,TRUE,"traceable"
"stage1","raw_evidence","data/raw/search_runs/SEARCH-FIGSHARE-20260807T201930Z/response_page_039.json","scripts/00_downloads/stage1/01_search_ices_figshare.R","",TRUE,115927,"0820ebd8ca9393281162cba484e22e36837241d76c906ad378d6615fa1caea58","calculated_by_inventory_script_small_unregistered_raw",FALSE,TRUE,"traceable"
"stage1","raw_evidence","data/raw/search_runs/SEARCH-FIGSHARE-20260807T201930Z/response_page_040.json","scripts/00_downloads/stage1/01_search_ices_figshare.R","",TRUE,114869,"ba92dbfcf15ee92328212dada24306e03bf357109ec3875ed14b4a0e09ab7cfe","calculated_by_inventory_script_small_unregistered_raw",FALSE,TRUE,"traceable"
"stage1","raw_evidence","data/raw/search_runs/SEARCH-FIGSHARE-20260807T201930Z/response_page_041.json","scripts/00_downloads/stage1/01_search_ices_figshare.R","",TRUE,101032,"faa5e9faa1274021f3f3ab09e8c7f88225cb224a4fedaee7320458de50f25026","calculated_by_inventory_script_small_unregistered_raw",FALSE,TRUE,"traceable"
"stage1","raw_evidence","data/raw/search_runs/SEARCH-FIGSHARE-20260807T201930Z/response_page_042.json","scripts/00_downloads/stage1/01_search_ices_figshare.R","",TRUE,108423,"972661a860c6137d52ada89bc7e84fff3c38178376af9e7e8e16f00595e1bc74","calculated_by_inventory_script_small_unregistered_raw",FALSE,TRUE,"traceable"
"stage1","raw_evidence","data/raw/search_runs/SEARCH-FIGSHARE-20260807T201930Z/response_page_043.json","scripts/00_downloads/stage1/01_search_ices_figshare.R","",TRUE,115310,"313edb104e62c093f965ade14cf2c7dc719a47bc5905cb1d39e6242215b51ef8","calculated_by_inventory_script_small_unregistered_raw",FALSE,TRUE,"traceable"
"stage1","raw_evidence","data/raw/search_runs/SEARCH-FIGSHARE-20260807T201930Z/response_page_044.json","scripts/00_downloads/stage1/01_search_ices_figshare.R","",TRUE,111225,"84e1e9dba82611ad26162d64170c4e042f43839bb1c5c60b9e529c04f5cadf5c","calculated_by_inventory_script_small_unregistered_raw",FALSE,TRUE,"traceable"
"stage1","raw_evidence","data/raw/search_runs/SEARCH-FIGSHARE-20260807T201930Z/response_page_045.json","scripts/00_downloads/stage1/01_search_ices_figshare.R","",TRUE,119823,"33fc178a76dd28dff7fd7588ae984d8250aa36cc44bda9c4df788014e93ee11f","calculated_by_inventory_script_small_unregistered_raw",FALSE,TRUE,"traceable"
"stage1","raw_evidence","data/raw/search_runs/SEARCH-FIGSHARE-20260807T201930Z/response_page_046.json","scripts/00_downloads/stage1/01_search_ices_figshare.R","",TRUE,124699,"aa470e3acd5199576e58bc5ae286da71cc443c9abd5b0044030820a17ffd6c8c","calculated_by_inventory_script_small_unregistered_raw",FALSE,TRUE,"traceable"
"stage1","raw_evidence","data/raw/search_runs/SEARCH-FIGSHARE-20260807T201930Z/response_page_047.json","scripts/00_downloads/stage1/01_search_ices_figshare.R","",TRUE,118096,"bf64dd746ae421cf8f1596de081b3bef5e5a3dfb3ad526a641c99ad1a2fcd31a","calculated_by_inventory_script_small_unregistered_raw",FALSE,TRUE,"traceable"
"stage1","raw_evidence","data/raw/search_runs/SEARCH-FIGSHARE-20260807T201930Z/response_page_048.json","scripts/00_downloads/stage1/01_search_ices_figshare.R","",TRUE,128488,"e45c56d992d11b6ce6dbd37e3e2dbbbfec78565371c5169fe81b29d74ac17d90","calculated_by_inventory_script_small_unregistered_raw",FALSE,TRUE,"traceable"
"stage1","raw_evidence","data/raw/search_runs/SEARCH-FIGSHARE-20260807T201930Z/response_page_049.json","scripts/00_downloads/stage1/01_search_ices_figshare.R","",TRUE,133478,"7e7fd2fe68a03b81f55d0b4e5950478e9df59679804a3a00aa3eeab9a06ac1cc","calculated_by_inventory_script_small_unregistered_raw",FALSE,TRUE,"traceable"
"stage1","raw_evidence","data/raw/search_runs/SEARCH-FIGSHARE-20260807T201930Z/response_page_050.json","scripts/00_downloads/stage1/01_search_ices_figshare.R","",TRUE,121608,"e3620b928b90f708373e08e48bb5a427f234efa6e7f323a49f5cf2f30538ebf8","calculated_by_inventory_script_small_unregistered_raw",FALSE,TRUE,"traceable"
"stage1","raw_evidence","data/raw/search_runs/SEARCH-FIGSHARE-20260807T201930Z/response_page_051.json","scripts/00_downloads/stage1/01_search_ices_figshare.R","",TRUE,104451,"a68504588c7a631a52420e31559696a3a62a6fa227ff014b86bfe697c3d88d5d","calculated_by_inventory_script_small_unregistered_raw",FALSE,TRUE,"traceable"
"stage1","raw_evidence","data/raw/search_runs/SEARCH-FIGSHARE-20260807T201930Z/response_page_052.json","scripts/00_downloads/stage1/01_search_ices_figshare.R","",TRUE,106764,"923b6e3112060dba65c7fbf78cab57947060bc5ed41a8960d970489ce704c421","calculated_by_inventory_script_small_unregistered_raw",FALSE,TRUE,"traceable"
"stage1","raw_evidence","data/raw/search_runs/SEARCH-FIGSHARE-20260807T201930Z/response_page_053.json","scripts/00_downloads/stage1/01_search_ices_figshare.R","",TRUE,106323,"d7b89cc43e38bbb4e5bb7fc17d6e407f17d51558458f5f7f30d2f05edca023d4","calculated_by_inventory_script_small_unregistered_raw",FALSE,TRUE,"traceable"
"stage1","raw_evidence","data/raw/search_runs/SEARCH-FIGSHARE-20260807T201930Z/response_page_054.json","scripts/00_downloads/stage1/01_search_ices_figshare.R","",TRUE,104959,"4876ee35cfc652cc917844c00b6b99da034f5a72d8152933b6bea855b178a223","calculated_by_inventory_script_small_unregistered_raw",FALSE,TRUE,"traceable"
"stage1","raw_evidence","data/raw/search_runs/SEARCH-FIGSHARE-20260807T201930Z/response_page_055.json","scripts/00_downloads/stage1/01_search_ices_figshare.R","",TRUE,115385,"047076a764f173433139868488331a4e67113b848c6eb5fd347c6dd60c996d58","calculated_by_inventory_script_small_unregistered_raw",FALSE,TRUE,"traceable"
"stage1","raw_evidence","data/raw/search_runs/SEARCH-FIGSHARE-20260807T201930Z/response_page_056.json","scripts/00_downloads/stage1/01_search_ices_figshare.R","",TRUE,116984,"65e6dfcab0c0d6fc26093424d6d69c4b52885d02ef6f81d9f171f4718da87aa3","calculated_by_inventory_script_small_unregistered_raw",FALSE,TRUE,"traceable"
"stage1","raw_evidence","data/raw/search_runs/SEARCH-FIGSHARE-20260807T201930Z/response_page_057.json","scripts/00_downloads/stage1/01_search_ices_figshare.R","",TRUE,116184,"e2ee2df1079510561373cc4377932cce9679ae0cdad1e689b48bd998c6695b98","calculated_by_inventory_script_small_unregistered_raw",FALSE,TRUE,"traceable"
"stage1","raw_evidence","data/raw/search_runs/SEARCH-FIGSHARE-20260807T201930Z/response_page_058.json","scripts/00_downloads/stage1/01_search_ices_figshare.R","",TRUE,111979,"44caf4ecc635b4f8bda40e5050f8a3ba8d988e8018efd086cfe5234dc62c18cb","calculated_by_inventory_script_small_unregistered_raw",FALSE,TRUE,"traceable"
"stage1","raw_evidence","data/raw/search_runs/SEARCH-FIGSHARE-20260807T201930Z/response_page_059.json","scripts/00_downloads/stage1/01_search_ices_figshare.R","",TRUE,117949,"75b3434f24a195dce4617c599c18f3f87aca3ed81f824feb528b88eadf3f2c5a","calculated_by_inventory_script_small_unregistered_raw",FALSE,TRUE,"traceable"
"stage1","raw_evidence","data/raw/search_runs/SEARCH-FIGSHARE-20260807T201930Z/response_page_060.json","scripts/00_downloads/stage1/01_search_ices_figshare.R","",TRUE,111666,"431c6ab1423432251d6a13f3c352e8f8a3ccd0d7d080123af8a538feba827c9d","calculated_by_inventory_script_small_unregistered_raw",FALSE,TRUE,"traceable"
"stage1","raw_evidence","data/raw/search_runs/SEARCH-FIGSHARE-20260807T201930Z/response_page_061.json","scripts/00_downloads/stage1/01_search_ices_figshare.R","",TRUE,115753,"216303f392ac479b9d91f3d456bb60e40e6911e0e7d2c7bc58c1d3e2e8e505b2","calculated_by_inventory_script_small_unregistered_raw",FALSE,TRUE,"traceable"
"stage1","raw_evidence","data/raw/search_runs/SEARCH-FIGSHARE-20260807T201930Z/response_page_062.json","scripts/00_downloads/stage1/01_search_ices_figshare.R","",TRUE,113209,"1789cb3c6533d95a1e7fa5f8a735988eef4507767339e056a869465a682c17bb","calculated_by_inventory_script_small_unregistered_raw",FALSE,TRUE,"traceable"
"stage1","raw_evidence","data/raw/search_runs/SEARCH-FIGSHARE-20260807T201930Z/response_page_063.json","scripts/00_downloads/stage1/01_search_ices_figshare.R","",TRUE,110203,"68d450c7509cb9a857def1f6bbe8e355b18a2dbe492b180c857157a7c77ee170","calculated_by_inventory_script_small_unregistered_raw",FALSE,TRUE,"traceable"
"stage1","raw_evidence","data/raw/search_runs/SEARCH-FIGSHARE-20260807T201930Z/response_page_064.json","scripts/00_downloads/stage1/01_search_ices_figshare.R","",TRUE,120247,"566383168013471dba0409edb60cd3516bdbd2efa77d5e36bae532e8a9118ecb","calculated_by_inventory_script_small_unregistered_raw",FALSE,TRUE,"traceable"
"stage1","raw_evidence","data/raw/search_runs/SEARCH-FIGSHARE-20260807T201930Z/response_page_065.json","scripts/00_downloads/stage1/01_search_ices_figshare.R","",TRUE,111709,"cf621562068100c1336880921766f142daea36559ebc6d06d2ab95fa2a28d090","calculated_by_inventory_script_small_unregistered_raw",FALSE,TRUE,"traceable"
"stage1","raw_evidence","data/raw/search_runs/SEARCH-FIGSHARE-20260807T201930Z/response_page_066.json","scripts/00_downloads/stage1/01_search_ices_figshare.R","",TRUE,110766,"ba18113fa0df2f36ea4fea7593b8bff9ab58b8240e4eddda208d5d69879e8662","calculated_by_inventory_script_small_unregistered_raw",FALSE,TRUE,"traceable"
"stage1","raw_evidence","data/raw/search_runs/SEARCH-FIGSHARE-20260807T201930Z/response_page_067.json","scripts/00_downloads/stage1/01_search_ices_figshare.R","",TRUE,111031,"7dabdc2d10d346ad70221ad24d9650fd37953a6f920a8a632b7e27b5732e8743","calculated_by_inventory_script_small_unregistered_raw",FALSE,TRUE,"traceable"
"stage1","raw_evidence","data/raw/search_runs/SEARCH-FIGSHARE-20260807T201930Z/response_page_068.json","scripts/00_downloads/stage1/01_search_ices_figshare.R","",TRUE,118011,"221d0f0fc34daf436404c3e9a6ef0ba0c0f1d73259cad88ed75e581303ac3412","calculated_by_inventory_script_small_unregistered_raw",FALSE,TRUE,"traceable"
"stage1","raw_evidence","data/raw/search_runs/SEARCH-FIGSHARE-20260807T201930Z/response_page_069.json","scripts/00_downloads/stage1/01_search_ices_figshare.R","",TRUE,107158,"a8256076fbead0cb6957728599fd9caa24473e941b5b9908a378420cbfbc1413","calculated_by_inventory_script_small_unregistered_raw",FALSE,TRUE,"traceable"
"stage1","raw_evidence","data/raw/search_runs/SEARCH-FIGSHARE-20260807T201930Z/response_page_070.json","scripts/00_downloads/stage1/01_search_ices_figshare.R","",TRUE,110190,"4b3943707b47399bf915bdbc0ae585afa7d029675eedb467e59732bda78cfe7e","calculated_by_inventory_script_small_unregistered_raw",FALSE,TRUE,"traceable"
"stage1","raw_evidence","data/raw/search_runs/SEARCH-FIGSHARE-20260807T201930Z/response_page_071.json","scripts/00_downloads/stage1/01_search_ices_figshare.R","",TRUE,110576,"b6772d7b8b7508bfd07b9655511b482aec8d4ee539fded9608d22e7d419e4a95","calculated_by_inventory_script_small_unregistered_raw",FALSE,TRUE,"traceable"
"stage1","raw_evidence","data/raw/search_runs/SEARCH-FIGSHARE-20260807T201930Z/response_page_072.json","scripts/00_downloads/stage1/01_search_ices_figshare.R","",TRUE,115259,"c2bf8c01e90697fe453ad110f97985de2e7934e4466a9dd3f0e8195dbdcd016c","calculated_by_inventory_script_small_unregistered_raw",FALSE,TRUE,"traceable"
"stage1","raw_evidence","data/raw/search_runs/SEARCH-FIGSHARE-20260807T201930Z/response_page_073.json","scripts/00_downloads/stage1/01_search_ices_figshare.R","",TRUE,108170,"09496218204f3722322f845034651a1da734fcbccf6bf326c722ec2a5be95cef","calculated_by_inventory_script_small_unregistered_raw",FALSE,TRUE,"traceable"
"stage1","raw_evidence","data/raw/search_runs/SEARCH-FIGSHARE-20260807T201930Z/response_page_074.json","scripts/00_downloads/stage1/01_search_ices_figshare.R","",TRUE,124143,"a5ca69f2587b6b53ff2e644c647ec35c23571405ce8d5e8ad65d8a78e2fc7de1","calculated_by_inventory_script_small_unregistered_raw",FALSE,TRUE,"traceable"
"stage1","raw_evidence","data/raw/search_runs/SEARCH-FIGSHARE-20260807T201930Z/response_page_075.json","scripts/00_downloads/stage1/01_search_ices_figshare.R","",TRUE,116740,"a252dff92ee02df81d7fc45382f62bd21ea4c883c6f8e4229819172845782c04","calculated_by_inventory_script_small_unregistered_raw",FALSE,TRUE,"traceable"
"stage1","raw_evidence","data/raw/search_runs/SEARCH-FIGSHARE-20260807T201930Z/response_page_076.json","scripts/00_downloads/stage1/01_search_ices_figshare.R","",TRUE,123661,"100847574b86840f57d651546724e76f4c7bd1013e87b0541557b3ffa72fd1fa","calculated_by_inventory_script_small_unregistered_raw",FALSE,TRUE,"traceable"
"stage1","raw_evidence","data/raw/search_runs/SEARCH-FIGSHARE-20260807T201930Z/response_page_077.json","scripts/00_downloads/stage1/01_search_ices_figshare.R","",TRUE,128489,"918ff2847666ea66780c13a76dfb1d0aa95839d171f51c0b9f2f3b4f231cdd23","calculated_by_inventory_script_small_unregistered_raw",FALSE,TRUE,"traceable"
"stage1","raw_evidence","data/raw/search_runs/SEARCH-FIGSHARE-20260807T201930Z/response_page_078.json","scripts/00_downloads/stage1/01_search_ices_figshare.R","",TRUE,130264,"30c19ae3b4b03db97326d90249d41d8da6627b7da9d4edf1aedc42ce5093d7a7","calculated_by_inventory_script_small_unregistered_raw",FALSE,TRUE,"traceable"
"stage1","raw_evidence","data/raw/search_runs/SEARCH-FIGSHARE-20260807T201930Z/response_page_079.json","scripts/00_downloads/stage1/01_search_ices_figshare.R","",TRUE,133222,"aa0c48faede13933bd2885023c06fe1b24a82048ef54d9591d9115175e2077bc","calculated_by_inventory_script_small_unregistered_raw",FALSE,TRUE,"traceable"
"stage1","raw_evidence","data/raw/search_runs/SEARCH-FIGSHARE-20260807T201930Z/response_page_080.json","scripts/00_downloads/stage1/01_search_ices_figshare.R","",TRUE,111785,"3a54ded38804eb8a51fce2b3013f12809c55278594fc3ff7dc09fa807a0deaea","calculated_by_inventory_script_small_unregistered_raw",FALSE,TRUE,"traceable"
"stage1","raw_evidence","data/raw/search_runs/SEARCH-FIGSHARE-20260807T201930Z/response_page_081.json","scripts/00_downloads/stage1/01_search_ices_figshare.R","",TRUE,112490,"545558ec4c5f9f3cac829fa1c04e741bcd261121454680083f3bf9583373a4b9","calculated_by_inventory_script_small_unregistered_raw",FALSE,TRUE,"traceable"
"stage1","raw_evidence","data/raw/search_runs/SEARCH-FIGSHARE-20260807T201930Z/response_page_082.json","scripts/00_downloads/stage1/01_search_ices_figshare.R","",TRUE,109527,"148df79a5c48d91ec4eb7ea64e4eaf223833cae05419b597181a8fc66744fa13","calculated_by_inventory_script_small_unregistered_raw",FALSE,TRUE,"traceable"
"stage1","raw_evidence","data/raw/search_runs/SEARCH-FIGSHARE-20260807T201930Z/response_page_083.json","scripts/00_downloads/stage1/01_search_ices_figshare.R","",TRUE,115597,"b6d7811f8b4b571b13c2d5d018ad7f949256ca22c53addbf16f5a4b862fabf20","calculated_by_inventory_script_small_unregistered_raw",FALSE,TRUE,"traceable"
"stage1","raw_evidence","data/raw/search_runs/SEARCH-FIGSHARE-20260807T201930Z/response_page_084.json","scripts/00_downloads/stage1/01_search_ices_figshare.R","",TRUE,117033,"5b10734abe4694b4d68f61fd594df25c36d28200d7c30086e4c8643a3be3b3ce","calculated_by_inventory_script_small_unregistered_raw",FALSE,TRUE,"traceable"
"stage1","raw_evidence","data/raw/search_runs/SEARCH-FIGSHARE-20260807T201930Z/response_page_085.json","scripts/00_downloads/stage1/01_search_ices_figshare.R","",TRUE,116123,"d901557add49d5d0a34832205a81ef241e892c6e3da2f1d6ab1d4b56840fd66a","calculated_by_inventory_script_small_unregistered_raw",FALSE,TRUE,"traceable"
"stage1","raw_evidence","data/raw/search_runs/SEARCH-FIGSHARE-20260807T201930Z/response_page_086.json","scripts/00_downloads/stage1/01_search_ices_figshare.R","",TRUE,109384,"1b3f83f9efafd2bdf4f95f1831ce210372dc4200d015c50ca04788cd62d94ac2","calculated_by_inventory_script_small_unregistered_raw",FALSE,TRUE,"traceable"
"stage1","raw_evidence","data/raw/search_runs/SEARCH-FIGSHARE-20260807T201930Z/response_page_087.json","scripts/00_downloads/stage1/01_search_ices_figshare.R","",TRUE,113175,"6504c717416a46e19730f41839b8cb61932134f234e48e057cfba3b67da9df20","calculated_by_inventory_script_small_unregistered_raw",FALSE,TRUE,"traceable"
"stage1","raw_evidence","data/raw/search_runs/SEARCH-FIGSHARE-20260807T201930Z/response_page_088.json","scripts/00_downloads/stage1/01_search_ices_figshare.R","",TRUE,115170,"1fe49e3e0cd3440643c02b64e0c239f7b2720b4f4c9561627b75a2690cc115f9","calculated_by_inventory_script_small_unregistered_raw",FALSE,TRUE,"traceable"
"stage1","raw_evidence","data/raw/search_runs/SEARCH-FIGSHARE-20260807T201930Z/response_page_089.json","scripts/00_downloads/stage1/01_search_ices_figshare.R","",TRUE,115223,"65d2d3a73d1919cbd1c9ed79ea115031d77448571574f7ccf64cc1f1ae86728f","calculated_by_inventory_script_small_unregistered_raw",FALSE,TRUE,"traceable"
"stage1","raw_evidence","data/raw/search_runs/SEARCH-FIGSHARE-20260807T201930Z/response_page_090.json","scripts/00_downloads/stage1/01_search_ices_figshare.R","",TRUE,116956,"1c880aad236dc46978432ae75fbb2e09c8bae88a6fbfdd7ab8d97514190147a8","calculated_by_inventory_script_small_unregistered_raw",FALSE,TRUE,"traceable"
"stage1","raw_evidence","data/raw/search_runs/SEARCH-FIGSHARE-20260807T201930Z/response_page_091.json","scripts/00_downloads/stage1/01_search_ices_figshare.R","",TRUE,108726,"7118b0578119be82cb4c4f5ea7246ecf959e3e1b4cd9f9dd346941d16b80647b","calculated_by_inventory_script_small_unregistered_raw",FALSE,TRUE,"traceable"
"stage1","raw_evidence","data/raw/search_runs/SEARCH-FIGSHARE-20260807T201930Z/response_page_092.json","scripts/00_downloads/stage1/01_search_ices_figshare.R","",TRUE,114988,"7fdca00a4818bfc2eb5c0fb67de848c6dac0da615920333a5ba6fa6ff24843f4","calculated_by_inventory_script_small_unregistered_raw",FALSE,TRUE,"traceable"
"stage1","raw_evidence","data/raw/search_runs/SEARCH-FIGSHARE-20260807T201930Z/response_page_093.json","scripts/00_downloads/stage1/01_search_ices_figshare.R","",TRUE,106032,"3a90106d967c94e7e75c2e6d1b8bb613739479716a2b8d810eac175abc831e88","calculated_by_inventory_script_small_unregistered_raw",FALSE,TRUE,"traceable"
"stage1","raw_evidence","data/raw/search_runs/SEARCH-FIGSHARE-20260807T201930Z/response_page_094.json","scripts/00_downloads/stage1/01_search_ices_figshare.R","",TRUE,115359,"b25d4dbd34366986a649c7c7ed02d880c5cf92558d44cb5d296ba6d620f7d680","calculated_by_inventory_script_small_unregistered_raw",FALSE,TRUE,"traceable"
"stage1","raw_evidence","data/raw/search_runs/SEARCH-FIGSHARE-20260807T201930Z/response_page_095.json","scripts/00_downloads/stage1/01_search_ices_figshare.R","",TRUE,106687,"119cc79472751931e63c988fdd94f114b2244bb4e51b7aa6b2af0c699bc58e64","calculated_by_inventory_script_small_unregistered_raw",FALSE,TRUE,"traceable"
"stage1","raw_evidence","data/raw/search_runs/SEARCH-FIGSHARE-20260807T201930Z/response_page_096.json","scripts/00_downloads/stage1/01_search_ices_figshare.R","",TRUE,109249,"e1e7372790c972bb735d640b064e1d6b1eb4f2c39620a43ab33aeecbe4733821","calculated_by_inventory_script_small_unregistered_raw",FALSE,TRUE,"traceable"
"stage1","raw_evidence","data/raw/search_runs/SEARCH-FIGSHARE-20260807T201930Z/response_page_097.json","scripts/00_downloads/stage1/01_search_ices_figshare.R","",TRUE,109169,"38ff333857786b8bf52f0f71f91fd19cfbbf0266e8c5d07d3b09a9dba9c82fe0","calculated_by_inventory_script_small_unregistered_raw",FALSE,TRUE,"traceable"
"stage1","raw_evidence","data/raw/search_runs/SEARCH-FIGSHARE-20260807T201930Z/response_page_098.json","scripts/00_downloads/stage1/01_search_ices_figshare.R","",TRUE,108928,"b0b93d9f043971da170c539fa8d88e2d8165eb95e7faeccb46439f803a9c5c22","calculated_by_inventory_script_small_unregistered_raw",FALSE,TRUE,"traceable"
"stage1","raw_evidence","data/raw/search_runs/SEARCH-FIGSHARE-20260807T201930Z/response_page_099.json","scripts/00_downloads/stage1/01_search_ices_figshare.R","",TRUE,128085,"afbb34c9862c6c5a5c601c48748408c022d389337cd1c2ab5f1cce5d6243c891","calculated_by_inventory_script_small_unregistered_raw",FALSE,TRUE,"traceable"
"stage1","raw_evidence","data/raw/search_runs/SEARCH-FIGSHARE-20260807T201930Z/response_page_100.json","scripts/00_downloads/stage1/01_search_ices_figshare.R","",TRUE,127865,"898fe35f4fa7b6ccde4621c42be3dfa36b5841f77550666a83ab20805299154a","calculated_by_inventory_script_small_unregistered_raw",FALSE,TRUE,"traceable"
"stage1","raw_evidence","data/raw/search_runs/SEARCH-FIGSHARE-20260808T081254Z/ds22_article.json","scripts/00_downloads/stage1/01_search_ices_figshare.R","",TRUE,5480,"49e9ab5e12f8afb2b724671df49ec777bed07c2885e4314602d06f405b023ada","data/raw/search_runs/SEARCH-FIGSHARE-20260808T081254Z/manifest.csv",FALSE,TRUE,"traceable"
"stage1","raw_evidence","data/raw/search_runs/SEARCH-FIGSHARE-20260808T081254Z/ds24_article.json","scripts/00_downloads/stage1/01_search_ices_figshare.R","",TRUE,9288,"515469c88821235e6e036d8b8c4fbbda741719215d60bc984ed029f47c689707","data/raw/search_runs/SEARCH-FIGSHARE-20260808T081254Z/manifest.csv",FALSE,TRUE,"traceable"
"stage1","raw_evidence","data/raw/search_runs/SEARCH-FIGSHARE-20260808T081254Z/ices_library_page_0001.json","scripts/00_downloads/stage1/01_search_ices_figshare.R","",TRUE,1108098,"64f25dfc0e482071f3ab817bbe6d77a43e3163caed1c2ef1ce724dd6b600eb5e","data/raw/search_runs/SEARCH-FIGSHARE-20260808T081254Z/manifest.csv",FALSE,TRUE,"traceable"
"stage1","raw_evidence","data/raw/search_runs/SEARCH-FIGSHARE-20260808T081254Z/ices_library_page_0002.json","scripts/00_downloads/stage1/01_search_ices_figshare.R","",TRUE,1169448,"bdc69f6381ad8f7da599f8ebf6acdbd69e5c29c4e200086112e75b2b976f0d83","data/raw/search_runs/SEARCH-FIGSHARE-20260808T081254Z/manifest.csv",FALSE,TRUE,"traceable"
"stage1","raw_evidence","data/raw/search_runs/SEARCH-FIGSHARE-20260808T081254Z/ices_library_page_0003.json","scripts/00_downloads/stage1/01_search_ices_figshare.R","",TRUE,1192431,"4ad816e30bcca167033c337458e38d6b7e438369eff34a0fe58333c8491c991b","data/raw/search_runs/SEARCH-FIGSHARE-20260808T081254Z/manifest.csv",FALSE,TRUE,"traceable"
"stage1","raw_evidence","data/raw/search_runs/SEARCH-FIGSHARE-20260808T081254Z/ices_library_page_0004.json","scripts/00_downloads/stage1/01_search_ices_figshare.R","",TRUE,1226701,"93b235e53749bf7b0cde6d53e2c5ac865d10959208a4e7c68c66f77a42c66db4","data/raw/search_runs/SEARCH-FIGSHARE-20260808T081254Z/manifest.csv",FALSE,TRUE,"traceable"
"stage1","raw_evidence","data/raw/search_runs/SEARCH-FIGSHARE-20260808T081254Z/ices_library_page_0005.json","scripts/00_downloads/stage1/01_search_ices_figshare.R","",TRUE,1227172,"a3ecc22a07d5dc856c66943cf9510296f67f6652719028567dd18eb1fa4753fe","data/raw/search_runs/SEARCH-FIGSHARE-20260808T081254Z/manifest.csv",FALSE,TRUE,"traceable"
"stage1","raw_evidence","data/raw/search_runs/SEARCH-FIGSHARE-20260808T081254Z/ices_library_page_0006.json","scripts/00_downloads/stage1/01_search_ices_figshare.R","",TRUE,1181847,"9882ee41b62d41b6e9badc7106ca1bee906f8082a03a006af4cfb23d1fc66e0d","data/raw/search_runs/SEARCH-FIGSHARE-20260808T081254Z/manifest.csv",FALSE,TRUE,"traceable"
"stage1","raw_evidence","data/raw/search_runs/SEARCH-FIGSHARE-20260808T081254Z/ices_library_page_0007.json","scripts/00_downloads/stage1/01_search_ices_figshare.R","",TRUE,1145036,"c272e3852a28b980c5c8f44b4856232c636cca5a25c930aaaca3156e4a11a24b","data/raw/search_runs/SEARCH-FIGSHARE-20260808T081254Z/manifest.csv",FALSE,TRUE,"traceable"
"stage1","raw_evidence","data/raw/search_runs/SEARCH-FIGSHARE-20260808T081254Z/ices_library_page_0008.json","scripts/00_downloads/stage1/01_search_ices_figshare.R","",TRUE,1166457,"77ff83d66125f807e5905adb8f2021a0f9bfd6bafb21424793fb6469fb44c26b","data/raw/search_runs/SEARCH-FIGSHARE-20260808T081254Z/manifest.csv",FALSE,TRUE,"traceable"
"stage1","raw_evidence","data/raw/search_runs/SEARCH-FIGSHARE-20260808T081254Z/ices_library_page_0009.json","scripts/00_downloads/stage1/01_search_ices_figshare.R","",TRUE,1069172,"15a68814a97a92078a9363836cd487a897e107fddea0466bc392e75b395ca590","data/raw/search_runs/SEARCH-FIGSHARE-20260808T081254Z/manifest.csv",FALSE,TRUE,"traceable"
"stage1","raw_evidence","data/raw/search_runs/SEARCH-FIGSHARE-20260808T081254Z/ices_library_page_0010.json","scripts/00_downloads/stage1/01_search_ices_figshare.R","",TRUE,1068064,"78cfd50fc502e8748b40f4a281bcbe7659eeb6b967d69f325c1987851aa64d60","data/raw/search_runs/SEARCH-FIGSHARE-20260808T081254Z/manifest.csv",FALSE,TRUE,"traceable"
"stage1","raw_evidence","data/raw/search_runs/SEARCH-FIGSHARE-20260808T081254Z/ices_library_page_0011.json","scripts/00_downloads/stage1/01_search_ices_figshare.R","",TRUE,1062157,"6e369873cb6356b53ef6e6e3036af8cb2aa7924e2d805c7753bce79ac3ebf3ef","data/raw/search_runs/SEARCH-FIGSHARE-20260808T081254Z/manifest.csv",FALSE,TRUE,"traceable"
"stage1","raw_evidence","data/raw/search_runs/SEARCH-FIGSHARE-20260808T081254Z/ices_library_page_0012.json","scripts/00_downloads/stage1/01_search_ices_figshare.R","",TRUE,1066035,"1c10537ea49da29fc94f1ea86bf05ebec43ed48af7841df38eb3b804fe32b3ba","data/raw/search_runs/SEARCH-FIGSHARE-20260808T081254Z/manifest.csv",FALSE,TRUE,"traceable"
"stage1","raw_evidence","data/raw/search_runs/SEARCH-FIGSHARE-20260808T081254Z/ices_library_page_0013.json","scripts/00_downloads/stage1/01_search_ices_figshare.R","",TRUE,1066428,"91c6025e979d0529791bade3b2082f05629cc57c788f6a49ced51751a35e21c6","data/raw/search_runs/SEARCH-FIGSHARE-20260808T081254Z/manifest.csv",FALSE,TRUE,"traceable"
"stage1","raw_evidence","data/raw/search_runs/SEARCH-FIGSHARE-20260808T081254Z/ices_library_page_0014.json","scripts/00_downloads/stage1/01_search_ices_figshare.R","",TRUE,1067325,"6075129cdf4d793ab1c9b935ee6c601d46eaa6b6e6b6030d421e7b5ee7117ae5","data/raw/search_runs/SEARCH-FIGSHARE-20260808T081254Z/manifest.csv",FALSE,TRUE,"traceable"
"stage1","raw_evidence","data/raw/search_runs/SEARCH-FIGSHARE-20260808T081254Z/ices_library_page_0015.json","scripts/00_downloads/stage1/01_search_ices_figshare.R","",TRUE,1062050,"436201b7ffb7be6e4b02d3ece670da602b6e55f1e28e3dc88d002d438ea26d4e","data/raw/search_runs/SEARCH-FIGSHARE-20260808T081254Z/manifest.csv",FALSE,TRUE,"traceable"
"stage1","raw_evidence","data/raw/search_runs/SEARCH-FIGSHARE-20260808T081254Z/ices_library_page_0016.json","scripts/00_downloads/stage1/01_search_ices_figshare.R","",TRUE,1088917,"043c60b7bf242dd999ee7e948fbe8d94c2ba0487efad555fc12de708f8cbfba0","data/raw/search_runs/SEARCH-FIGSHARE-20260808T081254Z/manifest.csv",FALSE,TRUE,"traceable"
"stage1","raw_evidence","data/raw/search_runs/SEARCH-FIGSHARE-20260808T081254Z/ices_library_page_0017.json","scripts/00_downloads/stage1/01_search_ices_figshare.R","",TRUE,1063156,"2de7a769d7bf4836f1322abbf1fbfd9cd51679056b3fa6ae0408f480ae227363","data/raw/search_runs/SEARCH-FIGSHARE-20260808T081254Z/manifest.csv",FALSE,TRUE,"traceable"
"stage1","raw_evidence","data/raw/search_runs/SEARCH-FIGSHARE-20260808T081254Z/ices_library_page_0018.json","scripts/00_downloads/stage1/01_search_ices_figshare.R","",TRUE,1019463,"f11c05cf51cd323c4aeb856438d23b0ad15d0f031f7c7e4960b7686edaa826bf","data/raw/search_runs/SEARCH-FIGSHARE-20260808T081254Z/manifest.csv",FALSE,TRUE,"traceable"
"stage1","raw_evidence","data/raw/search_runs/SEARCH-FIGSHARE-20260808T081254Z/manifest.csv","scripts/00_downloads/stage1/01_search_ices_figshare.R","",TRUE,17083,"106a62c9fde9f513d00b76e7793c478357e65fcb598417df1c7b8b9193c1aac2","calculated_by_inventory_script_small_unregistered_raw",FALSE,TRUE,"traceable"
"stage1","raw_evidence","data/raw/search_runs/SEARCH-FIGSHARE-20260808T081254Z/PEG_BVOL_2025.zip","scripts/00_downloads/stage1/01_search_ices_figshare.R","",TRUE,1790602,"e5cb8b2f4c416e186c4a56f350fb855b866204892c3946e7fafca42d2f6e4492","data/raw/search_runs/SEARCH-FIGSHARE-20260808T081254Z/manifest.csv",FALSE,TRUE,"traceable"
"stage1","raw_evidence","data/raw/search_runs/SEARCH-FIGSHARE-20260808T081254Z/run_summary.json","scripts/00_downloads/stage1/01_search_ices_figshare.R","",TRUE,784,"d2c015956a3b678c653802b005e0cd823484094d0b2db48ec843216c2d00d4d5","calculated_by_inventory_script_small_unregistered_raw",FALSE,TRUE,"traceable"
"stage1","raw_evidence","data/raw/search_runs/SEARCH-FIGSHARE-20260808T103716Z/ds22_article.json","scripts/00_downloads/stage1/01_search_ices_figshare.R","",TRUE,5480,"49e9ab5e12f8afb2b724671df49ec777bed07c2885e4314602d06f405b023ada","data/raw/search_runs/SEARCH-FIGSHARE-20260808T103716Z/manifest.csv",FALSE,TRUE,"traceable"
"stage1","raw_evidence","data/raw/search_runs/SEARCH-FIGSHARE-20260808T103716Z/ds24_article.json","scripts/00_downloads/stage1/01_search_ices_figshare.R","",TRUE,9288,"515469c88821235e6e036d8b8c4fbbda741719215d60bc984ed029f47c689707","data/raw/search_runs/SEARCH-FIGSHARE-20260808T103716Z/manifest.csv",FALSE,TRUE,"traceable"
"stage1","raw_evidence","data/raw/search_runs/SEARCH-FIGSHARE-20260808T103716Z/human_readable_log.txt","scripts/00_downloads/stage1/01_search_ices_figshare.R","",TRUE,3170,"4f3b9ba617dfb716f49c16343d3354d155435a7029bc805bb651dcdbec3da486","calculated_by_inventory_script_small_unregistered_raw",FALSE,TRUE,"traceable"
"stage1","raw_evidence","data/raw/search_runs/SEARCH-FIGSHARE-20260808T103716Z/ices_library_page_0001.json","scripts/00_downloads/stage1/01_search_ices_figshare.R","",TRUE,1108098,"64f25dfc0e482071f3ab817bbe6d77a43e3163caed1c2ef1ce724dd6b600eb5e","data/raw/search_runs/SEARCH-FIGSHARE-20260808T103716Z/manifest.csv",FALSE,TRUE,"traceable"
"stage1","raw_evidence","data/raw/search_runs/SEARCH-FIGSHARE-20260808T103716Z/ices_library_page_0002.json","scripts/00_downloads/stage1/01_search_ices_figshare.R","",TRUE,1169448,"bdc69f6381ad8f7da599f8ebf6acdbd69e5c29c4e200086112e75b2b976f0d83","data/raw/search_runs/SEARCH-FIGSHARE-20260808T103716Z/manifest.csv",FALSE,TRUE,"traceable"
"stage1","raw_evidence","data/raw/search_runs/SEARCH-FIGSHARE-20260808T103716Z/ices_library_page_0003.json","scripts/00_downloads/stage1/01_search_ices_figshare.R","",TRUE,1192431,"4ad816e30bcca167033c337458e38d6b7e438369eff34a0fe58333c8491c991b","data/raw/search_runs/SEARCH-FIGSHARE-20260808T103716Z/manifest.csv",FALSE,TRUE,"traceable"
"stage1","raw_evidence","data/raw/search_runs/SEARCH-FIGSHARE-20260808T103716Z/ices_library_page_0004.json","scripts/00_downloads/stage1/01_search_ices_figshare.R","",TRUE,1226701,"93b235e53749bf7b0cde6d53e2c5ac865d10959208a4e7c68c66f77a42c66db4","data/raw/search_runs/SEARCH-FIGSHARE-20260808T103716Z/manifest.csv",FALSE,TRUE,"traceable"
"stage1","raw_evidence","data/raw/search_runs/SEARCH-FIGSHARE-20260808T103716Z/ices_library_page_0005.json","scripts/00_downloads/stage1/01_search_ices_figshare.R","",TRUE,1227172,"a3ecc22a07d5dc856c66943cf9510296f67f6652719028567dd18eb1fa4753fe","data/raw/search_runs/SEARCH-FIGSHARE-20260808T103716Z/manifest.csv",FALSE,TRUE,"traceable"
"stage1","raw_evidence","data/raw/search_runs/SEARCH-FIGSHARE-20260808T103716Z/ices_library_page_0006.json","scripts/00_downloads/stage1/01_search_ices_figshare.R","",TRUE,1181847,"9882ee41b62d41b6e9badc7106ca1bee906f8082a03a006af4cfb23d1fc66e0d","data/raw/search_runs/SEARCH-FIGSHARE-20260808T103716Z/manifest.csv",FALSE,TRUE,"traceable"
"stage1","raw_evidence","data/raw/search_runs/SEARCH-FIGSHARE-20260808T103716Z/ices_library_page_0007.json","scripts/00_downloads/stage1/01_search_ices_figshare.R","",TRUE,1145036,"c272e3852a28b980c5c8f44b4856232c636cca5a25c930aaaca3156e4a11a24b","data/raw/search_runs/SEARCH-FIGSHARE-20260808T103716Z/manifest.csv",FALSE,TRUE,"traceable"
"stage1","raw_evidence","data/raw/search_runs/SEARCH-FIGSHARE-20260808T103716Z/ices_library_page_0008.json","scripts/00_downloads/stage1/01_search_ices_figshare.R","",TRUE,1166457,"77ff83d66125f807e5905adb8f2021a0f9bfd6bafb21424793fb6469fb44c26b","data/raw/search_runs/SEARCH-FIGSHARE-20260808T103716Z/manifest.csv",FALSE,TRUE,"traceable"
"stage1","raw_evidence","data/raw/search_runs/SEARCH-FIGSHARE-20260808T103716Z/ices_library_page_0009.json","scripts/00_downloads/stage1/01_search_ices_figshare.R","",TRUE,1069172,"15a68814a97a92078a9363836cd487a897e107fddea0466bc392e75b395ca590","data/raw/search_runs/SEARCH-FIGSHARE-20260808T103716Z/manifest.csv",FALSE,TRUE,"traceable"
"stage1","raw_evidence","data/raw/search_runs/SEARCH-FIGSHARE-20260808T103716Z/ices_library_page_0010.json","scripts/00_downloads/stage1/01_search_ices_figshare.R","",TRUE,1068064,"78cfd50fc502e8748b40f4a281bcbe7659eeb6b967d69f325c1987851aa64d60","data/raw/search_runs/SEARCH-FIGSHARE-20260808T103716Z/manifest.csv",FALSE,TRUE,"traceable"
"stage1","raw_evidence","data/raw/search_runs/SEARCH-FIGSHARE-20260808T103716Z/ices_library_page_0011.json","scripts/00_downloads/stage1/01_search_ices_figshare.R","",TRUE,1062157,"6e369873cb6356b53ef6e6e3036af8cb2aa7924e2d805c7753bce79ac3ebf3ef","data/raw/search_runs/SEARCH-FIGSHARE-20260808T103716Z/manifest.csv",FALSE,TRUE,"traceable"
"stage1","raw_evidence","data/raw/search_runs/SEARCH-FIGSHARE-20260808T103716Z/ices_library_page_0012.json","scripts/00_downloads/stage1/01_search_ices_figshare.R","",TRUE,1066035,"1c10537ea49da29fc94f1ea86bf05ebec43ed48af7841df38eb3b804fe32b3ba","data/raw/search_runs/SEARCH-FIGSHARE-20260808T103716Z/manifest.csv",FALSE,TRUE,"traceable"
"stage1","raw_evidence","data/raw/search_runs/SEARCH-FIGSHARE-20260808T103716Z/ices_library_page_0013.json","scripts/00_downloads/stage1/01_search_ices_figshare.R","",TRUE,1066428,"91c6025e979d0529791bade3b2082f05629cc57c788f6a49ced51751a35e21c6","data/raw/search_runs/SEARCH-FIGSHARE-20260808T103716Z/manifest.csv",FALSE,TRUE,"traceable"
"stage1","raw_evidence","data/raw/search_runs/SEARCH-FIGSHARE-20260808T103716Z/ices_library_page_0014.json","scripts/00_downloads/stage1/01_search_ices_figshare.R","",TRUE,1067325,"6075129cdf4d793ab1c9b935ee6c601d46eaa6b6e6b6030d421e7b5ee7117ae5","data/raw/search_runs/SEARCH-FIGSHARE-20260808T103716Z/manifest.csv",FALSE,TRUE,"traceable"
"stage1","raw_evidence","data/raw/search_runs/SEARCH-FIGSHARE-20260808T103716Z/ices_library_page_0015.json","scripts/00_downloads/stage1/01_search_ices_figshare.R","",TRUE,1062050,"436201b7ffb7be6e4b02d3ece670da602b6e55f1e28e3dc88d002d438ea26d4e","data/raw/search_runs/SEARCH-FIGSHARE-20260808T103716Z/manifest.csv",FALSE,TRUE,"traceable"
"stage1","raw_evidence","data/raw/search_runs/SEARCH-FIGSHARE-20260808T103716Z/ices_library_page_0016.json","scripts/00_downloads/stage1/01_search_ices_figshare.R","",TRUE,1088917,"043c60b7bf242dd999ee7e948fbe8d94c2ba0487efad555fc12de708f8cbfba0","data/raw/search_runs/SEARCH-FIGSHARE-20260808T103716Z/manifest.csv",FALSE,TRUE,"traceable"
"stage1","raw_evidence","data/raw/search_runs/SEARCH-FIGSHARE-20260808T103716Z/ices_library_page_0017.json","scripts/00_downloads/stage1/01_search_ices_figshare.R","",TRUE,1063156,"2de7a769d7bf4836f1322abbf1fbfd9cd51679056b3fa6ae0408f480ae227363","data/raw/search_runs/SEARCH-FIGSHARE-20260808T103716Z/manifest.csv",FALSE,TRUE,"traceable"
"stage1","raw_evidence","data/raw/search_runs/SEARCH-FIGSHARE-20260808T103716Z/ices_library_page_0018.json","scripts/00_downloads/stage1/01_search_ices_figshare.R","",TRUE,1019463,"f11c05cf51cd323c4aeb856438d23b0ad15d0f031f7c7e4960b7686edaa826bf","data/raw/search_runs/SEARCH-FIGSHARE-20260808T103716Z/manifest.csv",FALSE,TRUE,"traceable"
"stage1","raw_evidence","data/raw/search_runs/SEARCH-FIGSHARE-20260808T103716Z/manifest.csv","scripts/00_downloads/stage1/01_search_ices_figshare.R","",TRUE,17083,"8a86437bdff18d017afb369d06ca5ee7ff05ee78e3cd74619f9494c8a78fc6c8","calculated_by_inventory_script_small_unregistered_raw",FALSE,TRUE,"traceable"
"stage1","raw_evidence","data/raw/search_runs/SEARCH-FIGSHARE-20260808T103716Z/PEG_BVOL_2025.zip","scripts/00_downloads/stage1/01_search_ices_figshare.R","",TRUE,1790602,"e5cb8b2f4c416e186c4a56f350fb855b866204892c3946e7fafca42d2f6e4492","data/raw/search_runs/SEARCH-FIGSHARE-20260808T103716Z/manifest.csv",FALSE,TRUE,"traceable"
"stage1","raw_evidence","data/raw/search_runs/SEARCH-FIGSHARE-20260808T103716Z/run_summary.json","scripts/00_downloads/stage1/01_search_ices_figshare.R","",TRUE,784,"a0230043b880cb2b13288f925ef3f4b78eaf2f2c17f57c547e24dbfa802ac2ba","calculated_by_inventory_script_small_unregistered_raw",FALSE,TRUE,"traceable"
"stage1","raw_evidence","data/raw/search_runs/SEARCH-FIGSHARE-20260808T105248Z/ds22_article.json","scripts/00_downloads/stage1/01_search_ices_figshare.R","",TRUE,5480,"49e9ab5e12f8afb2b724671df49ec777bed07c2885e4314602d06f405b023ada","data/raw/search_runs/SEARCH-FIGSHARE-20260808T105248Z/manifest.csv",FALSE,TRUE,"traceable"
"stage1","raw_evidence","data/raw/search_runs/SEARCH-FIGSHARE-20260808T105248Z/ds24_article.json","scripts/00_downloads/stage1/01_search_ices_figshare.R","",TRUE,9288,"515469c88821235e6e036d8b8c4fbbda741719215d60bc984ed029f47c689707","data/raw/search_runs/SEARCH-FIGSHARE-20260808T105248Z/manifest.csv",FALSE,TRUE,"traceable"
"stage1","raw_evidence","data/raw/search_runs/SEARCH-FIGSHARE-20260808T105248Z/human_readable_log.txt","scripts/00_downloads/stage1/01_search_ices_figshare.R","",TRUE,3170,"4c457d0f64fb45009ad52b2a28a73382920e20ca0c3c942f502d6009cf579e1d","calculated_by_inventory_script_small_unregistered_raw",FALSE,TRUE,"traceable"
"stage1","raw_evidence","data/raw/search_runs/SEARCH-FIGSHARE-20260808T105248Z/ices_library_page_0001.json","scripts/00_downloads/stage1/01_search_ices_figshare.R","",TRUE,1108098,"64f25dfc0e482071f3ab817bbe6d77a43e3163caed1c2ef1ce724dd6b600eb5e","data/raw/search_runs/SEARCH-FIGSHARE-20260808T105248Z/manifest.csv",FALSE,TRUE,"traceable"
"stage1","raw_evidence","data/raw/search_runs/SEARCH-FIGSHARE-20260808T105248Z/ices_library_page_0002.json","scripts/00_downloads/stage1/01_search_ices_figshare.R","",TRUE,1169448,"bdc69f6381ad8f7da599f8ebf6acdbd69e5c29c4e200086112e75b2b976f0d83","data/raw/search_runs/SEARCH-FIGSHARE-20260808T105248Z/manifest.csv",FALSE,TRUE,"traceable"
"stage1","raw_evidence","data/raw/search_runs/SEARCH-FIGSHARE-20260808T105248Z/ices_library_page_0003.json","scripts/00_downloads/stage1/01_search_ices_figshare.R","",TRUE,1192431,"4ad816e30bcca167033c337458e38d6b7e438369eff34a0fe58333c8491c991b","data/raw/search_runs/SEARCH-FIGSHARE-20260808T105248Z/manifest.csv",FALSE,TRUE,"traceable"
"stage1","raw_evidence","data/raw/search_runs/SEARCH-FIGSHARE-20260808T105248Z/ices_library_page_0004.json","scripts/00_downloads/stage1/01_search_ices_figshare.R","",TRUE,1226701,"93b235e53749bf7b0cde6d53e2c5ac865d10959208a4e7c68c66f77a42c66db4","data/raw/search_runs/SEARCH-FIGSHARE-20260808T105248Z/manifest.csv",FALSE,TRUE,"traceable"
"stage1","raw_evidence","data/raw/search_runs/SEARCH-FIGSHARE-20260808T105248Z/ices_library_page_0005.json","scripts/00_downloads/stage1/01_search_ices_figshare.R","",TRUE,1227172,"a3ecc22a07d5dc856c66943cf9510296f67f6652719028567dd18eb1fa4753fe","data/raw/search_runs/SEARCH-FIGSHARE-20260808T105248Z/manifest.csv",FALSE,TRUE,"traceable"
"stage1","raw_evidence","data/raw/search_runs/SEARCH-FIGSHARE-20260808T105248Z/ices_library_page_0006.json","scripts/00_downloads/stage1/01_search_ices_figshare.R","",TRUE,1181847,"9882ee41b62d41b6e9badc7106ca1bee906f8082a03a006af4cfb23d1fc66e0d","data/raw/search_runs/SEARCH-FIGSHARE-20260808T105248Z/manifest.csv",FALSE,TRUE,"traceable"
"stage1","raw_evidence","data/raw/search_runs/SEARCH-FIGSHARE-20260808T105248Z/ices_library_page_0007.json","scripts/00_downloads/stage1/01_search_ices_figshare.R","",TRUE,1145036,"c272e3852a28b980c5c8f44b4856232c636cca5a25c930aaaca3156e4a11a24b","data/raw/search_runs/SEARCH-FIGSHARE-20260808T105248Z/manifest.csv",FALSE,TRUE,"traceable"
"stage1","raw_evidence","data/raw/search_runs/SEARCH-FIGSHARE-20260808T105248Z/ices_library_page_0008.json","scripts/00_downloads/stage1/01_search_ices_figshare.R","",TRUE,1166457,"77ff83d66125f807e5905adb8f2021a0f9bfd6bafb21424793fb6469fb44c26b","data/raw/search_runs/SEARCH-FIGSHARE-20260808T105248Z/manifest.csv",FALSE,TRUE,"traceable"
"stage1","raw_evidence","data/raw/search_runs/SEARCH-FIGSHARE-20260808T105248Z/ices_library_page_0009.json","scripts/00_downloads/stage1/01_search_ices_figshare.R","",TRUE,1069172,"15a68814a97a92078a9363836cd487a897e107fddea0466bc392e75b395ca590","data/raw/search_runs/SEARCH-FIGSHARE-20260808T105248Z/manifest.csv",FALSE,TRUE,"traceable"
"stage1","raw_evidence","data/raw/search_runs/SEARCH-FIGSHARE-20260808T105248Z/ices_library_page_0010.json","scripts/00_downloads/stage1/01_search_ices_figshare.R","",TRUE,1068064,"78cfd50fc502e8748b40f4a281bcbe7659eeb6b967d69f325c1987851aa64d60","data/raw/search_runs/SEARCH-FIGSHARE-20260808T105248Z/manifest.csv",FALSE,TRUE,"traceable"
"stage1","raw_evidence","data/raw/search_runs/SEARCH-FIGSHARE-20260808T105248Z/ices_library_page_0011.json","scripts/00_downloads/stage1/01_search_ices_figshare.R","",TRUE,1062157,"6e369873cb6356b53ef6e6e3036af8cb2aa7924e2d805c7753bce79ac3ebf3ef","data/raw/search_runs/SEARCH-FIGSHARE-20260808T105248Z/manifest.csv",FALSE,TRUE,"traceable"
"stage1","raw_evidence","data/raw/search_runs/SEARCH-FIGSHARE-20260808T105248Z/ices_library_page_0012.json","scripts/00_downloads/stage1/01_search_ices_figshare.R","",TRUE,1066035,"1c10537ea49da29fc94f1ea86bf05ebec43ed48af7841df38eb3b804fe32b3ba","data/raw/search_runs/SEARCH-FIGSHARE-20260808T105248Z/manifest.csv",FALSE,TRUE,"traceable"
"stage1","raw_evidence","data/raw/search_runs/SEARCH-FIGSHARE-20260808T105248Z/ices_library_page_0013.json","scripts/00_downloads/stage1/01_search_ices_figshare.R","",TRUE,1066428,"91c6025e979d0529791bade3b2082f05629cc57c788f6a49ced51751a35e21c6","data/raw/search_runs/SEARCH-FIGSHARE-20260808T105248Z/manifest.csv",FALSE,TRUE,"traceable"
"stage1","raw_evidence","data/raw/search_runs/SEARCH-FIGSHARE-20260808T105248Z/ices_library_page_0014.json","scripts/00_downloads/stage1/01_search_ices_figshare.R","",TRUE,1067325,"6075129cdf4d793ab1c9b935ee6c601d46eaa6b6e6b6030d421e7b5ee7117ae5","data/raw/search_runs/SEARCH-FIGSHARE-20260808T105248Z/manifest.csv",FALSE,TRUE,"traceable"
"stage1","raw_evidence","data/raw/search_runs/SEARCH-FIGSHARE-20260808T105248Z/ices_library_page_0015.json","scripts/00_downloads/stage1/01_search_ices_figshare.R","",TRUE,1062050,"436201b7ffb7be6e4b02d3ece670da602b6e55f1e28e3dc88d002d438ea26d4e","data/raw/search_runs/SEARCH-FIGSHARE-20260808T105248Z/manifest.csv",FALSE,TRUE,"traceable"
"stage1","raw_evidence","data/raw/search_runs/SEARCH-FIGSHARE-20260808T105248Z/ices_library_page_0016.json","scripts/00_downloads/stage1/01_search_ices_figshare.R","",TRUE,1088917,"043c60b7bf242dd999ee7e948fbe8d94c2ba0487efad555fc12de708f8cbfba0","data/raw/search_runs/SEARCH-FIGSHARE-20260808T105248Z/manifest.csv",FALSE,TRUE,"traceable"
"stage1","raw_evidence","data/raw/search_runs/SEARCH-FIGSHARE-20260808T105248Z/ices_library_page_0017.json","scripts/00_downloads/stage1/01_search_ices_figshare.R","",TRUE,1063156,"2de7a769d7bf4836f1322abbf1fbfd9cd51679056b3fa6ae0408f480ae227363","data/raw/search_runs/SEARCH-FIGSHARE-20260808T105248Z/manifest.csv",FALSE,TRUE,"traceable"
"stage1","raw_evidence","data/raw/search_runs/SEARCH-FIGSHARE-20260808T105248Z/ices_library_page_0018.json","scripts/00_downloads/stage1/01_search_ices_figshare.R","",TRUE,1019463,"f11c05cf51cd323c4aeb856438d23b0ad15d0f031f7c7e4960b7686edaa826bf","data/raw/search_runs/SEARCH-FIGSHARE-20260808T105248Z/manifest.csv",FALSE,TRUE,"traceable"
"stage1","raw_evidence","data/raw/search_runs/SEARCH-FIGSHARE-20260808T105248Z/manifest.csv","scripts/00_downloads/stage1/01_search_ices_figshare.R","",TRUE,17083,"c04161e020ecf3374bfe6fdd501acc9c274e280e3acc5fdb9561c734f2b1837c","calculated_by_inventory_script_small_unregistered_raw",FALSE,TRUE,"traceable"
"stage1","raw_evidence","data/raw/search_runs/SEARCH-FIGSHARE-20260808T105248Z/PEG_BVOL_2025.zip","scripts/00_downloads/stage1/01_search_ices_figshare.R","",TRUE,1790602,"e5cb8b2f4c416e186c4a56f350fb855b866204892c3946e7fafca42d2f6e4492","data/raw/search_runs/SEARCH-FIGSHARE-20260808T105248Z/manifest.csv",FALSE,TRUE,"traceable"
"stage1","raw_evidence","data/raw/search_runs/SEARCH-FIGSHARE-20260808T105248Z/run_summary.json","scripts/00_downloads/stage1/01_search_ices_figshare.R","",TRUE,784,"905d190d59e60ce2ca3338bfe6b055104206fcf567741cb8623c6db6e19ca793","calculated_by_inventory_script_small_unregistered_raw",FALSE,TRUE,"traceable"
"stage1","raw_evidence","data/raw/search_runs/SEARCH-GBIF-20260807T201346Z/manifest.json","scripts/00_downloads/stage1/01_search_gbif.R","",TRUE,12908,"1c8d9968baa214b0a49ce15b760ff6e586e7ae9cdb48e8250d9076331884318e","calculated_by_inventory_script_small_unregistered_raw",FALSE,TRUE,"traceable"
"stage1","raw_evidence","data/raw/search_runs/SEARCH-GBIF-20260807T201346Z/response_page_001.json","scripts/00_downloads/stage1/01_search_gbif.R","",TRUE,26209,"a860e6f12ea5bee7a9ec47b87daa3b8806945081e395b3215a7eb872054c0640","calculated_by_inventory_script_small_unregistered_raw",FALSE,TRUE,"traceable"
"stage1","raw_evidence","data/raw/search_runs/SEARCH-GBIF-20260807T201346Z/response_page_002.json","scripts/00_downloads/stage1/01_search_gbif.R","",TRUE,28031,"8c772150a970f5f3077854cc063df2d4f64e5bf48fa5aed0da7ed6dc94ceb934","calculated_by_inventory_script_small_unregistered_raw",FALSE,TRUE,"traceable"
"stage1","raw_evidence","data/raw/search_runs/SEARCH-GBIF-20260807T201346Z/response_page_003.json","scripts/00_downloads/stage1/01_search_gbif.R","",TRUE,33159,"5450018a6172ee81500bf0917b4f5657ebb1478a2f6a858bbd1ddc09dadded85","calculated_by_inventory_script_small_unregistered_raw",FALSE,TRUE,"traceable"
"stage1","raw_evidence","data/raw/search_runs/SEARCH-GBIF-20260807T201346Z/response_page_004.json","scripts/00_downloads/stage1/01_search_gbif.R","",TRUE,34857,"1151f60219116fc89eb2b005d761014888e0d9543dcadd586be4bebc7b6b19cd","calculated_by_inventory_script_small_unregistered_raw",FALSE,TRUE,"traceable"
"stage1","raw_evidence","data/raw/search_runs/SEARCH-GBIF-20260807T201346Z/response_page_005.json","scripts/00_downloads/stage1/01_search_gbif.R","",TRUE,29497,"f9b77f0731c6e17ddff130ddd65132d4110242d9ec80f713f2ebbb894840d9f2","calculated_by_inventory_script_small_unregistered_raw",FALSE,TRUE,"traceable"
"stage1","raw_evidence","data/raw/search_runs/SEARCH-GBIF-20260807T201346Z/response_page_006.json","scripts/00_downloads/stage1/01_search_gbif.R","",TRUE,31678,"37eb9b980c0e88f7867c1cf7b5f66a5790fa439685cf2efa3ee31f89110f20e6","calculated_by_inventory_script_small_unregistered_raw",FALSE,TRUE,"traceable"
"stage1","raw_evidence","data/raw/search_runs/SEARCH-GBIF-20260807T201346Z/response_page_007.json","scripts/00_downloads/stage1/01_search_gbif.R","",TRUE,21493,"75abdb9303f907d094e6a8d9473ee8950d727441ed1cda7195e938b6ab1b2603","calculated_by_inventory_script_small_unregistered_raw",FALSE,TRUE,"traceable"
"stage1","raw_evidence","data/raw/search_runs/SEARCH-GBIF-20260807T201346Z/response_page_008.json","scripts/00_downloads/stage1/01_search_gbif.R","",TRUE,30613,"61ebf3a687c731d7dd708093714e4360de37f4bac171c2dfa62cb62e7e9d1d6a","calculated_by_inventory_script_small_unregistered_raw",FALSE,TRUE,"traceable"
"stage1","raw_evidence","data/raw/search_runs/SEARCH-GBIF-20260807T201346Z/response_page_009.json","scripts/00_downloads/stage1/01_search_gbif.R","",TRUE,23029,"5da9dbc152e5af77a941f58ea73810eb6bc268529148a54baf70191958b4e2ea","calculated_by_inventory_script_small_unregistered_raw",FALSE,TRUE,"traceable"
"stage1","raw_evidence","data/raw/search_runs/SEARCH-GBIF-20260807T201346Z/response_page_010.json","scripts/00_downloads/stage1/01_search_gbif.R","",TRUE,17353,"b1a7caa563f61aaee70e3416bb5b608750df2e856484bc2d2f0b9a5c2fd38758","calculated_by_inventory_script_small_unregistered_raw",FALSE,TRUE,"traceable"
"stage1","raw_evidence","data/raw/search_runs/SEARCH-GBIF-20260807T201346Z/response_page_011.json","scripts/00_downloads/stage1/01_search_gbif.R","",TRUE,27081,"7aeb43bdd8c66113d2cdabd92450e7f5d8257722aaedf1bb2aede689989b5237","calculated_by_inventory_script_small_unregistered_raw",FALSE,TRUE,"traceable"
"stage1","raw_evidence","data/raw/search_runs/SEARCH-GBIF-20260807T201346Z/response_page_012.json","scripts/00_downloads/stage1/01_search_gbif.R","",TRUE,28772,"0d1578be75e9e95018ec13eb531dcbf819a2bae32656c4e26da893a1c0842d94","calculated_by_inventory_script_small_unregistered_raw",FALSE,TRUE,"traceable"
"stage1","raw_evidence","data/raw/search_runs/SEARCH-GBIF-20260807T201346Z/response_page_013.json","scripts/00_downloads/stage1/01_search_gbif.R","",TRUE,15387,"31f7850297f81ad063a5c22706d3337a10b9645290d1b72c25c19ef65a5d7b12","calculated_by_inventory_script_small_unregistered_raw",FALSE,TRUE,"traceable"
"stage1","raw_evidence","data/raw/search_runs/SEARCH-GBIF-20260807T201346Z/response_page_014.json","scripts/00_downloads/stage1/01_search_gbif.R","",TRUE,15388,"2ffdc71b3bcd6a053614693fd710869725489afc21a32794892b7e194006d86e","calculated_by_inventory_script_small_unregistered_raw",FALSE,TRUE,"traceable"
"stage1","raw_evidence","data/raw/search_runs/SEARCH-GBIF-20260807T201346Z/response_page_015.json","scripts/00_downloads/stage1/01_search_gbif.R","",TRUE,15307,"b1516b204ee7dcb1ec6fc06388264277d4237801b0a5e2cb492dbb9b8be01394","calculated_by_inventory_script_small_unregistered_raw",FALSE,TRUE,"traceable"
"stage1","raw_evidence","data/raw/search_runs/SEARCH-GBIF-20260807T201346Z/response_page_016.json","scripts/00_downloads/stage1/01_search_gbif.R","",TRUE,25659,"beac5a30185466ebdece957d27f1475f94229816a2037c926fa43c80be58de68","calculated_by_inventory_script_small_unregistered_raw",FALSE,TRUE,"traceable"
"stage1","raw_evidence","data/raw/search_runs/SEARCH-GBIF-20260807T201346Z/response_page_017.json","scripts/00_downloads/stage1/01_search_gbif.R","",TRUE,15481,"cfa6d8d469a28fcf4f38a471977a53051ed0227ae4716b852bf4745bf1788949","calculated_by_inventory_script_small_unregistered_raw",FALSE,TRUE,"traceable"
"stage1","raw_evidence","data/raw/search_runs/SEARCH-GBIF-20260807T201346Z/response_page_018.json","scripts/00_downloads/stage1/01_search_gbif.R","",TRUE,15507,"32d0c1a424f0906a3dc669374a5910a85b1d39a01dcc18509f116f932524527e","calculated_by_inventory_script_small_unregistered_raw",FALSE,TRUE,"traceable"
"stage1","raw_evidence","data/raw/search_runs/SEARCH-GBIF-20260807T201346Z/response_page_019.json","scripts/00_downloads/stage1/01_search_gbif.R","",TRUE,15464,"32d7cc3c43121f8da7c149ffbca603445aeb47d5f6f158ef7e377d82f1eb7a27","calculated_by_inventory_script_small_unregistered_raw",FALSE,TRUE,"traceable"
"stage1","raw_evidence","data/raw/search_runs/SEARCH-GBIF-20260807T201346Z/response_page_020.json","scripts/00_downloads/stage1/01_search_gbif.R","",TRUE,19229,"b4db86fca599be2c395364ccf1df8f5592cd636329f0416a0fc313c9eebdffe8","calculated_by_inventory_script_small_unregistered_raw",FALSE,TRUE,"traceable"
"stage1","raw_evidence","data/raw/search_runs/SEARCH-GBIF-20260807T201346Z/response_page_021.json","scripts/00_downloads/stage1/01_search_gbif.R","",TRUE,31384,"a26cbc462a9d0662a8e80dfd0e715ce85a7a7434cc75415bd20377f4399b9a2a","calculated_by_inventory_script_small_unregistered_raw",FALSE,TRUE,"traceable"
"stage1","raw_evidence","data/raw/search_runs/SEARCH-GBIF-20260807T201346Z/response_page_022.json","scripts/00_downloads/stage1/01_search_gbif.R","",TRUE,15672,"2e1dd56c3d57b7b31a2e043cd8b6176ee775c06ed20efa43b8e64c7b62b43280","calculated_by_inventory_script_small_unregistered_raw",FALSE,TRUE,"traceable"
"stage1","raw_evidence","data/raw/search_runs/SEARCH-GBIF-20260807T201346Z/response_page_023.json","scripts/00_downloads/stage1/01_search_gbif.R","",TRUE,31302,"24fc464770427f826f4402f1ddee3c9096ba09b87c241c3fa24003411e20a1e2","calculated_by_inventory_script_small_unregistered_raw",FALSE,TRUE,"traceable"
"stage1","raw_evidence","data/raw/search_runs/SEARCH-GBIF-20260807T201346Z/response_page_024.json","scripts/00_downloads/stage1/01_search_gbif.R","",TRUE,15689,"922c0e9b846216792ad573894596722fb8ed2bb67d6283e82ca7c34a79290785","calculated_by_inventory_script_small_unregistered_raw",FALSE,TRUE,"traceable"
"stage1","raw_evidence","data/raw/search_runs/SEARCH-GBIF-20260807T201346Z/response_page_025.json","scripts/00_downloads/stage1/01_search_gbif.R","",TRUE,19489,"6ef239fcb906d40b9634c505b2bd2d588df7f911250ca31579f61e1dbd0bffa0","calculated_by_inventory_script_small_unregistered_raw",FALSE,TRUE,"traceable"
"stage1","raw_evidence","data/raw/search_runs/SEARCH-GBIF-20260807T201346Z/response_page_026.json","scripts/00_downloads/stage1/01_search_gbif.R","",TRUE,17884,"fbf7ff0c8b2912e8e08984223ce5831a60bc3bc38bee112061e645794ac58772","calculated_by_inventory_script_small_unregistered_raw",FALSE,TRUE,"traceable"
"stage1","raw_evidence","data/raw/search_runs/SEARCH-GBIF-20260807T201346Z/response_page_027.json","scripts/00_downloads/stage1/01_search_gbif.R","",TRUE,20687,"bfdaa3dc7e6a7f9fb22e6f3ac1d45e3fba5cdd4eab399c8a47e1500c5ea004cc","calculated_by_inventory_script_small_unregistered_raw",FALSE,TRUE,"traceable"
"stage1","raw_evidence","data/raw/search_runs/SEARCH-GBIF-20260807T201346Z/response_page_028.json","scripts/00_downloads/stage1/01_search_gbif.R","",TRUE,18104,"d3d8cb07a642b0a22cdf69d851126abd9a155946dbb5a966931cddd5f61daa0e","calculated_by_inventory_script_small_unregistered_raw",FALSE,TRUE,"traceable"
"stage1","raw_evidence","data/raw/search_runs/SEARCH-GBIF-20260807T201346Z/response_page_029.json","scripts/00_downloads/stage1/01_search_gbif.R","",TRUE,17435,"3f98aa2e1c9e5fd39516e4cf0cf623d4315f1ea8158d2885cd264f93692a6dcb","calculated_by_inventory_script_small_unregistered_raw",FALSE,TRUE,"traceable"
"stage1","raw_evidence","data/raw/search_runs/SEARCH-GBIF-20260807T201346Z/response_page_030.json","scripts/00_downloads/stage1/01_search_gbif.R","",TRUE,23758,"fd66ff353a058d862b3fb63398a710821f0f512c0b22344a5e809e3a1397d356","calculated_by_inventory_script_small_unregistered_raw",FALSE,TRUE,"traceable"
"stage1","raw_evidence","data/raw/search_runs/SEARCH-GBIF-20260807T201346Z/response_page_031.json","scripts/00_downloads/stage1/01_search_gbif.R","",TRUE,26815,"6235540844eb035c7e7c292d863c0552d86cc72fadce56aa749242b117389b2c","calculated_by_inventory_script_small_unregistered_raw",FALSE,TRUE,"traceable"
"stage1","raw_evidence","data/raw/search_runs/SEARCH-GBIF-20260807T201346Z/response_page_032.json","scripts/00_downloads/stage1/01_search_gbif.R","",TRUE,31863,"cc0e6131e3e5197b27ca1d315285616af76d0c1e8c3a753c265ecb111d73b227","calculated_by_inventory_script_small_unregistered_raw",FALSE,TRUE,"traceable"
"stage1","raw_evidence","data/raw/search_runs/SEARCH-GBIF-20260807T201346Z/response_page_033.json","scripts/00_downloads/stage1/01_search_gbif.R","",TRUE,36092,"fef16401b3c94b0edb82b8259c669d53bd73362f12d53c18c3458fa55d3b60f3","calculated_by_inventory_script_small_unregistered_raw",FALSE,TRUE,"traceable"
"stage1","raw_evidence","data/raw/search_runs/SEARCH-GBIF-20260807T201346Z/response_page_034.json","scripts/00_downloads/stage1/01_search_gbif.R","",TRUE,37949,"c323fc4511f6e7e7164aafa85d0d8e7f32890bb3c50f652082487ed00a68529f","calculated_by_inventory_script_small_unregistered_raw",FALSE,TRUE,"traceable"
"stage1","raw_evidence","data/raw/search_runs/SEARCH-GBIF-20260807T201346Z/response_page_035.json","scripts/00_downloads/stage1/01_search_gbif.R","",TRUE,31000,"739ef624224ae3b9b2f2cf1e57b9ee591d39a352b9e792966da723855aedaf6d","calculated_by_inventory_script_small_unregistered_raw",FALSE,TRUE,"traceable"
"stage1","raw_evidence","data/raw/search_runs/SEARCH-GBIF-20260808T080417Z/query_001_page_0001.json","scripts/00_downloads/stage1/01_search_gbif.R","",TRUE,84624,"080ae1522781d83af0da0b926f42ba3998390b097849d2bd9a86a59403d3f074","calculated_by_inventory_script_small_unregistered_raw",FALSE,TRUE,"traceable"
"stage1","raw_evidence","data/raw/search_runs/SEARCH-GBIF-20260808T080440Z/query_001_page_0001.json","scripts/00_downloads/stage1/01_search_gbif.R","",TRUE,84624,"080ae1522781d83af0da0b926f42ba3998390b097849d2bd9a86a59403d3f074","calculated_by_inventory_script_small_unregistered_raw",FALSE,TRUE,"traceable"
"stage1","raw_evidence","data/raw/search_runs/SEARCH-GBIF-20260808T080440Z/query_002_page_0001.json","scripts/00_downloads/stage1/01_search_gbif.R","",TRUE,11160,"f1626c4c7218d1cb55a005901edc49a5293bf352dc3b29cd0ad1803fafd8cfc6","calculated_by_inventory_script_small_unregistered_raw",FALSE,TRUE,"traceable"
"stage1","raw_evidence","data/raw/search_runs/SEARCH-GBIF-20260808T080440Z/query_003_page_0001.json","scripts/00_downloads/stage1/01_search_gbif.R","",TRUE,126283,"6c34faf40540e69b27b6ca11e732afd017cdb25f0b4e85397de954bbab15528e","calculated_by_inventory_script_small_unregistered_raw",FALSE,TRUE,"traceable"
"stage1","raw_evidence","data/raw/search_runs/SEARCH-GBIF-20260808T080440Z/query_004_page_0001.json","scripts/00_downloads/stage1/01_search_gbif.R","",TRUE,25985,"83c1cde91a8bf453378b8c9aa94b4aab46cd9f74dfef244824adb97ac018a019","calculated_by_inventory_script_small_unregistered_raw",FALSE,TRUE,"traceable"
"stage1","raw_evidence","data/raw/search_runs/SEARCH-GBIF-20260808T080440Z/query_005_page_0001.json","scripts/00_downloads/stage1/01_search_gbif.R","",TRUE,4283,"781df9f85d0ed209ae355e13c5bfee78be4dcd73050d9fe2c1dfe4b3f9906bd9","calculated_by_inventory_script_small_unregistered_raw",FALSE,TRUE,"traceable"
"stage1","raw_evidence","data/raw/search_runs/SEARCH-GBIF-20260808T080440Z/query_006_page_0001.json","scripts/00_downloads/stage1/01_search_gbif.R","",TRUE,35485,"1b3dffa544befb2c855276971376a44df981b1f3aa9db6805213896f1164bdea","calculated_by_inventory_script_small_unregistered_raw",FALSE,TRUE,"traceable"
"stage1","raw_evidence","data/raw/search_runs/SEARCH-GBIF-20260808T080440Z/query_007_page_0001.json","scripts/00_downloads/stage1/01_search_gbif.R","",TRUE,80,"98ff26dabc85fb93bc5c29e2ea23af99cf3bfae402258be8c7c7094649b9bef5","calculated_by_inventory_script_small_unregistered_raw",FALSE,TRUE,"traceable"
"stage1","raw_evidence","data/raw/search_runs/SEARCH-GBIF-20260808T080440Z/query_008_page_0001.json","scripts/00_downloads/stage1/01_search_gbif.R","",TRUE,521240,"37efb36273dbce265d7db4c08f40d9345dfb67687e1fe3d5f49df3a3c647d26c","calculated_by_inventory_script_small_unregistered_raw",FALSE,TRUE,"traceable"
"stage1","raw_evidence","data/raw/search_runs/SEARCH-GBIF-20260808T080440Z/query_009_page_0001.json","scripts/00_downloads/stage1/01_search_gbif.R","",TRUE,91858,"ce49750f182491f37273a05a09ab25b6e429ac578035eae77f20da501d687bd1","calculated_by_inventory_script_small_unregistered_raw",FALSE,TRUE,"traceable"
"stage1","raw_evidence","data/raw/search_runs/SEARCH-GBIF-20260808T080440Z/query_010_page_0001.json","scripts/00_downloads/stage1/01_search_gbif.R","",TRUE,80,"98ff26dabc85fb93bc5c29e2ea23af99cf3bfae402258be8c7c7094649b9bef5","calculated_by_inventory_script_small_unregistered_raw",FALSE,TRUE,"traceable"
"stage1","raw_evidence","data/raw/search_runs/SEARCH-GBIF-20260808T080440Z/query_011_page_0001.json","scripts/00_downloads/stage1/01_search_gbif.R","",TRUE,71096,"0ed641bf92f25dd3fb3bf56f4a8401c85b813886105be193752ec390b9477597","calculated_by_inventory_script_small_unregistered_raw",FALSE,TRUE,"traceable"
"stage1","raw_evidence","data/raw/search_runs/SEARCH-GBIF-20260808T080440Z/query_012_page_0001.json","scripts/00_downloads/stage1/01_search_gbif.R","",TRUE,2992035,"751aecb87ec559e796cec55f0e555f655cd64e4ba7014b6ef72f663745d09423","calculated_by_inventory_script_small_unregistered_raw",FALSE,TRUE,"traceable"
"stage1","raw_evidence","data/raw/search_runs/SEARCH-GBIF-20260808T080440Z/query_012_page_0002.json","scripts/00_downloads/stage1/01_search_gbif.R","",TRUE,196496,"759a723f47278d2480d7d195fd6a8fef42af540db7e54503204d62854da30381","calculated_by_inventory_script_small_unregistered_raw",FALSE,TRUE,"traceable"
"stage1","raw_evidence","data/raw/search_runs/SEARCH-GBIF-20260808T080440Z/query_013_page_0001.json","scripts/00_downloads/stage1/01_search_gbif.R","",TRUE,417269,"8c411e63020b8c5fedc4e5de2d88bca755df65a8e99c554efbfd34d906261605","calculated_by_inventory_script_small_unregistered_raw",FALSE,TRUE,"traceable"
"stage1","raw_evidence","data/raw/search_runs/SEARCH-GBIF-20260808T080440Z/query_014_page_0001.json","scripts/00_downloads/stage1/01_search_gbif.R","",TRUE,57048,"63a03421d657ae51571e637b4e49153b241167bbe78eb0a9900f786509395e75","calculated_by_inventory_script_small_unregistered_raw",FALSE,TRUE,"traceable"
"stage1","raw_evidence","data/raw/search_runs/SEARCH-GBIF-20260808T080440Z/query_015_page_0001.json","scripts/00_downloads/stage1/01_search_gbif.R","",TRUE,81250,"018431e61c2997a872d60f342b6930927de81ec4eb9b0749537ce23e8e573007","calculated_by_inventory_script_small_unregistered_raw",FALSE,TRUE,"traceable"
"stage1","raw_evidence","data/raw/search_runs/SEARCH-GBIF-20260808T080440Z/query_016_page_0001.json","scripts/00_downloads/stage1/01_search_gbif.R","",TRUE,348514,"34b09a014e752b92c1edf77205b2a4272bc7267e07b0d84eefdbdeaa370aa3ce","calculated_by_inventory_script_small_unregistered_raw",FALSE,TRUE,"traceable"
"stage1","raw_evidence","data/raw/search_runs/SEARCH-GBIF-20260808T080440Z/query_017_page_0001.json","scripts/00_downloads/stage1/01_search_gbif.R","",TRUE,549668,"8220e3e58aab7443e7d455e127fdb6721fd9ef1f00a5c5067523c3df9659ffb4","calculated_by_inventory_script_small_unregistered_raw",FALSE,TRUE,"traceable"
"stage1","raw_evidence","data/raw/search_runs/SEARCH-GBIF-20260808T080440Z/query_018_page_0001.json","scripts/00_downloads/stage1/01_search_gbif.R","",TRUE,465567,"6136abe61a3040908fe6416282c94e6ed5c602ad72e07cae90873d066b25fd99","calculated_by_inventory_script_small_unregistered_raw",FALSE,TRUE,"traceable"
"stage1","raw_evidence","data/raw/search_runs/SEARCH-GBIF-20260808T080440Z/query_019_page_0001.json","scripts/00_downloads/stage1/01_search_gbif.R","",TRUE,618630,"93a33e31248d6c9cbbe2388a8f34b4ec98f8298f0f256303d631b583c68d3b83","calculated_by_inventory_script_small_unregistered_raw",FALSE,TRUE,"traceable"
"stage1","raw_evidence","data/raw/search_runs/SEARCH-GBIF-20260808T080440Z/query_020_page_0001.json","scripts/00_downloads/stage1/01_search_gbif.R","",TRUE,491395,"e43e6c9dc985b0c53bb8b870ef2bde29ece3e900e01b53dae997bf12817a4fa1","calculated_by_inventory_script_small_unregistered_raw",FALSE,TRUE,"traceable"
"stage1","raw_evidence","data/raw/search_runs/SEARCH-GBIF-20260808T080440Z/query_021_page_0001.json","scripts/00_downloads/stage1/01_search_gbif.R","",TRUE,458690,"6410b7bf42300fc09ae564299be5a3192cee4cffcca01c54b21fc26ddddd664b","calculated_by_inventory_script_small_unregistered_raw",FALSE,TRUE,"traceable"
"stage1","raw_evidence","data/raw/search_runs/SEARCH-GBIF-20260808T080440Z/query_022_page_0001.json","scripts/00_downloads/stage1/01_search_gbif.R","",TRUE,492681,"1fea6c478fb5ea3c14417ac47f6afaa8c5fb9ca52d95430f240b82d5d802112c","calculated_by_inventory_script_small_unregistered_raw",FALSE,TRUE,"traceable"
"stage1","raw_evidence","data/raw/search_runs/SEARCH-GBIF-20260808T080440Z/query_023_page_0001.json","scripts/00_downloads/stage1/01_search_gbif.R","",TRUE,454486,"c270be8309da5682675ff3d1591844a64e490cd47d70d1079edb1cb653e057be","calculated_by_inventory_script_small_unregistered_raw",FALSE,TRUE,"traceable"
"stage1","raw_evidence","data/raw/search_runs/SEARCH-GBIF-20260808T080440Z/query_024_page_0001.json","scripts/00_downloads/stage1/01_search_gbif.R","",TRUE,1096981,"a7a42c899f1146f673e7ed36bfce841c0c612fe3a03db80868cad69f180edd8a","calculated_by_inventory_script_small_unregistered_raw",FALSE,TRUE,"traceable"
"stage1","raw_evidence","data/raw/search_runs/SEARCH-GBIF-20260808T080440Z/query_025_page_0001.json","scripts/00_downloads/stage1/01_search_gbif.R","",TRUE,618107,"980402f83bdcee04bbec84db22d11d3ff4c16bb71aa237a70345080864261319","calculated_by_inventory_script_small_unregistered_raw",FALSE,TRUE,"traceable"
"stage1","raw_evidence","data/raw/search_runs/SEARCH-GBIF-20260808T080440Z/query_026_page_0001.json","scripts/00_downloads/stage1/01_search_gbif.R","",TRUE,454486,"3d54f6a73f308b72ce3b1b46b246798f87130a275f839a4ac8c7283263a0ca63","calculated_by_inventory_script_small_unregistered_raw",FALSE,TRUE,"traceable"
"stage1","raw_evidence","data/raw/search_runs/SEARCH-GBIF-20260808T080440Z/query_027_page_0001.json","scripts/00_downloads/stage1/01_search_gbif.R","",TRUE,599456,"7a85c007871756dfc924cccdcc603ba7c9e8cb8f96678dfb199dd2047cbf9a29","calculated_by_inventory_script_small_unregistered_raw",FALSE,TRUE,"traceable"
"stage1","raw_evidence","data/raw/search_runs/SEARCH-GBIF-20260808T080440Z/query_028_page_0001.json","scripts/00_downloads/stage1/01_search_gbif.R","",TRUE,2400023,"d5fef410d4330bd0803db793731e8bc0eb967ef819f4d8aafa36cd331c4fcd64","calculated_by_inventory_script_small_unregistered_raw",FALSE,TRUE,"traceable"
"stage1","raw_evidence","data/raw/search_runs/SEARCH-GBIF-20260808T080440Z/query_028_page_0002.json","scripts/00_downloads/stage1/01_search_gbif.R","",TRUE,3211454,"682ed2124275d7f5008ebd99d5240f23c1edb88ad8cab3cff8687c84033524ce","calculated_by_inventory_script_small_unregistered_raw",FALSE,TRUE,"traceable"
"stage1","raw_evidence","data/raw/search_runs/SEARCH-GBIF-20260808T080440Z/query_029_page_0001.json","scripts/00_downloads/stage1/01_search_gbif.R","",TRUE,1140815,"0f519fa2266d451a01ea622ea6b02e8cb65bc4c39adb8c2ec278060ce601103d","calculated_by_inventory_script_small_unregistered_raw",FALSE,TRUE,"traceable"
"stage1","raw_evidence","data/raw/search_runs/SEARCH-GBIF-20260808T080440Z/query_030_page_0001.json","scripts/00_downloads/stage1/01_search_gbif.R","",TRUE,527932,"db595bc21ec7e499ace473a97d9e6abc57403ef1bb6d795d0db0afadc4987678","calculated_by_inventory_script_small_unregistered_raw",FALSE,TRUE,"traceable"
"stage1","raw_evidence","data/raw/search_runs/SEARCH-GBIF-20260808T080440Z/query_031_page_0001.json","scripts/00_downloads/stage1/01_search_gbif.R","",TRUE,632270,"6ef04841662e04b00de2b536547073030671c53e2a9dd4beea7d32fd1ea84db4","calculated_by_inventory_script_small_unregistered_raw",FALSE,TRUE,"traceable"
"stage1","raw_evidence","data/raw/search_runs/SEARCH-GBIF-20260808T080440Z/query_032_page_0001.json","scripts/00_downloads/stage1/01_search_gbif.R","",TRUE,914256,"204ecdcb077a7d3d8366f035bbfabd4b36be45afd641540ed37b5b43fcb0610d","calculated_by_inventory_script_small_unregistered_raw",FALSE,TRUE,"traceable"
"stage1","raw_evidence","data/raw/search_runs/SEARCH-GBIF-20260808T080440Z/query_033_page_0001.json","scripts/00_downloads/stage1/01_search_gbif.R","",TRUE,80,"98ff26dabc85fb93bc5c29e2ea23af99cf3bfae402258be8c7c7094649b9bef5","calculated_by_inventory_script_small_unregistered_raw",FALSE,TRUE,"traceable"
"stage1","raw_evidence","data/raw/search_runs/SEARCH-GBIF-20260808T080440Z/query_034_page_0001.json","scripts/00_downloads/stage1/01_search_gbif.R","",TRUE,80,"98ff26dabc85fb93bc5c29e2ea23af99cf3bfae402258be8c7c7094649b9bef5","calculated_by_inventory_script_small_unregistered_raw",FALSE,TRUE,"traceable"
"stage1","raw_evidence","data/raw/search_runs/SEARCH-GBIF-20260808T080440Z/query_035_page_0001.json","scripts/00_downloads/stage1/01_search_gbif.R","",TRUE,3388,"f930755e2bd24e8762fe0df6fabbf5edbfa8fb5a02c5851e385df909f6a2fcc4","calculated_by_inventory_script_small_unregistered_raw",FALSE,TRUE,"traceable"
"stage1","raw_evidence","data/raw/search_runs/SEARCH-GBIF-20260808T080440Z/query_036_page_0001.json","scripts/00_downloads/stage1/01_search_gbif.R","",TRUE,80,"98ff26dabc85fb93bc5c29e2ea23af99cf3bfae402258be8c7c7094649b9bef5","calculated_by_inventory_script_small_unregistered_raw",FALSE,TRUE,"traceable"
"stage1","raw_evidence","data/raw/search_runs/SEARCH-GBIF-20260808T080440Z/query_037_page_0001.json","scripts/00_downloads/stage1/01_search_gbif.R","",TRUE,80,"98ff26dabc85fb93bc5c29e2ea23af99cf3bfae402258be8c7c7094649b9bef5","calculated_by_inventory_script_small_unregistered_raw",FALSE,TRUE,"traceable"
"stage1","raw_evidence","data/raw/search_runs/SEARCH-GBIF-20260808T080440Z/query_038_page_0001.json","scripts/00_downloads/stage1/01_search_gbif.R","",TRUE,80,"98ff26dabc85fb93bc5c29e2ea23af99cf3bfae402258be8c7c7094649b9bef5","calculated_by_inventory_script_small_unregistered_raw",FALSE,TRUE,"traceable"
"stage1","raw_evidence","data/raw/search_runs/SEARCH-GBIF-20260808T080440Z/query_039_page_0001.json","scripts/00_downloads/stage1/01_search_gbif.R","",TRUE,80,"98ff26dabc85fb93bc5c29e2ea23af99cf3bfae402258be8c7c7094649b9bef5","calculated_by_inventory_script_small_unregistered_raw",FALSE,TRUE,"traceable"
"stage1","raw_evidence","data/raw/search_runs/SEARCH-GBIF-20260808T080440Z/query_040_page_0001.json","scripts/00_downloads/stage1/01_search_gbif.R","",TRUE,51860,"1d230e843a777cc9e0f55aac6e1f1794c8ce53be1377c16a6f497fb92607f028","calculated_by_inventory_script_small_unregistered_raw",FALSE,TRUE,"traceable"
"stage1","raw_evidence","data/raw/search_runs/SEARCH-GBIF-20260808T080440Z/query_041_page_0001.json","scripts/00_downloads/stage1/01_search_gbif.R","",TRUE,58169,"ab8b3f5364c28f21241f35d3f660f7de8d7fc9a748db3be09f63f13dcd07a93d","calculated_by_inventory_script_small_unregistered_raw",FALSE,TRUE,"traceable"
"stage1","raw_evidence","data/raw/search_runs/SEARCH-GBIF-20260808T080440Z/query_042_page_0001.json","scripts/00_downloads/stage1/01_search_gbif.R","",TRUE,80,"98ff26dabc85fb93bc5c29e2ea23af99cf3bfae402258be8c7c7094649b9bef5","calculated_by_inventory_script_small_unregistered_raw",FALSE,TRUE,"traceable"
"stage1","raw_evidence","data/raw/search_runs/SEARCH-GBIF-20260808T080440Z/query_043_page_0001.json","scripts/00_downloads/stage1/01_search_gbif.R","",TRUE,28290,"eaaf5dd40597773002f3823ae577fe3c3edd3554115fbe6d20c6835cfa9fc020","calculated_by_inventory_script_small_unregistered_raw",FALSE,TRUE,"traceable"
"stage1","raw_evidence","data/raw/search_runs/SEARCH-GBIF-20260808T080440Z/query_044_page_0001.json","scripts/00_downloads/stage1/01_search_gbif.R","",TRUE,1106357,"d7644bafe6367692f183a9a5f213e6e87d44b239d6ee85dc7f7f01c3616dfcef","calculated_by_inventory_script_small_unregistered_raw",FALSE,TRUE,"traceable"
"stage1","raw_evidence","data/raw/search_runs/SEARCH-GBIF-20260808T080440Z/query_045_page_0001.json","scripts/00_downloads/stage1/01_search_gbif.R","",TRUE,117619,"9a6bb08d472beca90f26c21e779b060d9b8ae5f272f2f2aaa5c9e60ce11013c9","calculated_by_inventory_script_small_unregistered_raw",FALSE,TRUE,"traceable"
"stage1","raw_evidence","data/raw/search_runs/SEARCH-GBIF-20260808T080440Z/query_046_page_0001.json","scripts/00_downloads/stage1/01_search_gbif.R","",TRUE,80,"98ff26dabc85fb93bc5c29e2ea23af99cf3bfae402258be8c7c7094649b9bef5","calculated_by_inventory_script_small_unregistered_raw",FALSE,TRUE,"traceable"
"stage1","raw_evidence","data/raw/search_runs/SEARCH-GBIF-20260808T080440Z/query_047_page_0001.json","scripts/00_downloads/stage1/01_search_gbif.R","",TRUE,50960,"ceee103f4dbd149ae1ec12e19d752ee0c1fc27cbd3f995d5c26302eda98799e8","calculated_by_inventory_script_small_unregistered_raw",FALSE,TRUE,"traceable"
"stage1","raw_evidence","data/raw/search_runs/SEARCH-GBIF-20260808T080440Z/query_048_page_0001.json","scripts/00_downloads/stage1/01_search_gbif.R","",TRUE,72318,"832a785cbaad9d8ec0d352319ade6712a9bcb10f82e306b927aaac3733b2051c","calculated_by_inventory_script_small_unregistered_raw",FALSE,TRUE,"traceable"
"stage1","raw_evidence","data/raw/search_runs/SEARCH-GBIF-20260808T080440Z/query_049_page_0001.json","scripts/00_downloads/stage1/01_search_gbif.R","",TRUE,52225,"a9776542b81ecdb326c2e797d2bc7f6102f67981ce1f911cff7d705ed5a662d0","calculated_by_inventory_script_small_unregistered_raw",FALSE,TRUE,"traceable"
"stage1","raw_evidence","data/raw/search_runs/SEARCH-GBIF-20260808T080440Z/query_050_page_0001.json","scripts/00_downloads/stage1/01_search_gbif.R","",TRUE,11668,"543458b52076535abdaa88da46fa80070291bdd9edd822dc0695499fc8bde08f","calculated_by_inventory_script_small_unregistered_raw",FALSE,TRUE,"traceable"
"stage1","raw_evidence","data/raw/search_runs/SEARCH-GBIF-20260808T080440Z/query_051_page_0001.json","scripts/00_downloads/stage1/01_search_gbif.R","",TRUE,24529,"d8f681f3d802e13c706181dbb8056a5bef12f5b8a86dbcba4fd3233aeacabfb8","calculated_by_inventory_script_small_unregistered_raw",FALSE,TRUE,"traceable"
"stage1","raw_evidence","data/raw/search_runs/SEARCH-GBIF-20260808T080440Z/query_052_page_0001.json","scripts/00_downloads/stage1/01_search_gbif.R","",TRUE,15198,"b1de14a3981d7587029251361146034a97681535a02b7f5b2d891348b16b2bd5","calculated_by_inventory_script_small_unregistered_raw",FALSE,TRUE,"traceable"
"stage1","raw_evidence","data/raw/search_runs/SEARCH-GBIF-20260808T080440Z/query_053_page_0001.json","scripts/00_downloads/stage1/01_search_gbif.R","",TRUE,13549,"14a59c64f7090e8175d321265851432750a8ef76522f132a8a571800ed9bc969","calculated_by_inventory_script_small_unregistered_raw",FALSE,TRUE,"traceable"
"stage1","raw_evidence","data/raw/search_runs/SEARCH-GBIF-20260808T080440Z/query_054_page_0001.json","scripts/00_downloads/stage1/01_search_gbif.R","",TRUE,11668,"543458b52076535abdaa88da46fa80070291bdd9edd822dc0695499fc8bde08f","calculated_by_inventory_script_small_unregistered_raw",FALSE,TRUE,"traceable"
"stage1","raw_evidence","data/raw/search_runs/SEARCH-GBIF-20260808T080440Z/query_055_page_0001.json","scripts/00_downloads/stage1/01_search_gbif.R","",TRUE,11668,"543458b52076535abdaa88da46fa80070291bdd9edd822dc0695499fc8bde08f","calculated_by_inventory_script_small_unregistered_raw",FALSE,TRUE,"traceable"
"stage1","raw_evidence","data/raw/search_runs/SEARCH-GBIF-20260808T080440Z/query_056_page_0001.json","scripts/00_downloads/stage1/01_search_gbif.R","",TRUE,202168,"97d06da1c042647e27d370e13676444374fc0131f127882632f3fc3f7329da3a","calculated_by_inventory_script_small_unregistered_raw",FALSE,TRUE,"traceable"
"stage1","raw_evidence","data/raw/search_runs/SEARCH-GBIF-20260808T080440Z/query_057_page_0001.json","scripts/00_downloads/stage1/01_search_gbif.R","",TRUE,69632,"b54a0e43cd498b9d1da9aea648494b1efdb288cee59670f186a5b39639a9c274","calculated_by_inventory_script_small_unregistered_raw",FALSE,TRUE,"traceable"
"stage1","raw_evidence","data/raw/search_runs/SEARCH-GBIF-20260808T080440Z/query_058_page_0001.json","scripts/00_downloads/stage1/01_search_gbif.R","",TRUE,11668,"543458b52076535abdaa88da46fa80070291bdd9edd822dc0695499fc8bde08f","calculated_by_inventory_script_small_unregistered_raw",FALSE,TRUE,"traceable"
"stage1","raw_evidence","data/raw/search_runs/SEARCH-GBIF-20260808T080440Z/query_059_page_0001.json","scripts/00_downloads/stage1/01_search_gbif.R","",TRUE,37717,"d28df505e706dc264b7ef28210493ad3f42fcb8e362750031f98a54d3012e65c","calculated_by_inventory_script_small_unregistered_raw",FALSE,TRUE,"traceable"
"stage1","raw_evidence","data/raw/search_runs/SEARCH-GBIF-20260808T080440Z/query_060_page_0001.json","scripts/00_downloads/stage1/01_search_gbif.R","",TRUE,837683,"942a2104bbb05ec47cc7f9562c25b4271ab923c89f02852448e7e1352a2324df","calculated_by_inventory_script_small_unregistered_raw",FALSE,TRUE,"traceable"
"stage1","raw_evidence","data/raw/search_runs/SEARCH-GBIF-20260808T080440Z/query_061_page_0001.json","scripts/00_downloads/stage1/01_search_gbif.R","",TRUE,150636,"ac0004e7fd5743a978954f41039b52c16d3e2f5b2eb3f5e60b5d598bd1729605","calculated_by_inventory_script_small_unregistered_raw",FALSE,TRUE,"traceable"
"stage1","raw_evidence","data/raw/search_runs/SEARCH-GBIF-20260808T080440Z/query_062_page_0001.json","scripts/00_downloads/stage1/01_search_gbif.R","",TRUE,25560,"6b43ba56ef5afcaa042f7075d8d5d8b38a5e33313d547672fcefa20ed6da1909","calculated_by_inventory_script_small_unregistered_raw",FALSE,TRUE,"traceable"
"stage1","raw_evidence","data/raw/search_runs/SEARCH-GBIF-20260808T080440Z/query_063_page_0001.json","scripts/00_downloads/stage1/01_search_gbif.R","",TRUE,46460,"b00342b8f3b5ba650fd2732426afdfe58414cd41c883393881db746d8de19a20","calculated_by_inventory_script_small_unregistered_raw",FALSE,TRUE,"traceable"
"stage1","raw_evidence","data/raw/search_runs/SEARCH-GBIF-20260808T080440Z/query_064_page_0001.json","scripts/00_downloads/stage1/01_search_gbif.R","",TRUE,68974,"11e0b2fb6beab1c9f457d1dcee7aa45432562b37fbd09246ee734ea3a2064d9f","calculated_by_inventory_script_small_unregistered_raw",FALSE,TRUE,"traceable"
"stage1","raw_evidence","data/raw/search_runs/SEARCH-GBIF-20260808T080440Z/query_065_page_0001.json","scripts/00_downloads/stage1/01_search_gbif.R","",TRUE,1690331,"1e9aa3855428751f94551f415c02732e8af11ca4f75b2b1ca584dcf1193bcaf2","calculated_by_inventory_script_small_unregistered_raw",FALSE,TRUE,"traceable"
"stage1","raw_evidence","data/raw/search_runs/SEARCH-GBIF-20260808T080440Z/query_065_page_0002.json","scripts/00_downloads/stage1/01_search_gbif.R","",TRUE,1917158,"63e8e0413800d10d3e23a326cc3aa13134e14f64ee1888c9b9b03cd14d35f800","calculated_by_inventory_script_small_unregistered_raw",FALSE,TRUE,"traceable"
"stage1","raw_evidence","data/raw/search_runs/SEARCH-GBIF-20260808T080440Z/query_065_page_0003.json","scripts/00_downloads/stage1/01_search_gbif.R","",TRUE,2066148,"3def8e4c9a4a63065fd17b9d9f7c3f2cdf945d068a52834381fcf4d28207af54","calculated_by_inventory_script_small_unregistered_raw",FALSE,TRUE,"traceable"
"stage1","raw_evidence","data/raw/search_runs/SEARCH-GBIF-20260808T080440Z/query_065_page_0004.json","scripts/00_downloads/stage1/01_search_gbif.R","",TRUE,1917804,"1ded2a69c5006ed4a43a6a4d5db71294a94602c8e894862ce6b7ab74977f45ca","calculated_by_inventory_script_small_unregistered_raw",FALSE,TRUE,"traceable"
"stage1","raw_evidence","data/raw/search_runs/SEARCH-GBIF-20260808T080440Z/query_065_page_0005.json","scripts/00_downloads/stage1/01_search_gbif.R","",TRUE,2229140,"883b55e22156df8b2436be288cc6c5b7ea98fa132469b415837699d850d61060","calculated_by_inventory_script_small_unregistered_raw",FALSE,TRUE,"traceable"
"stage1","raw_evidence","data/raw/search_runs/SEARCH-GBIF-20260808T080440Z/query_065_page_0006.json","scripts/00_downloads/stage1/01_search_gbif.R","",TRUE,2226803,"a9511d6f724ba0883f054fdd989a58439be09107e4783c7802a047c298fb9ab6","calculated_by_inventory_script_small_unregistered_raw",FALSE,TRUE,"traceable"
"stage1","raw_evidence","data/raw/search_runs/SEARCH-GBIF-20260808T080440Z/query_065_page_0007.json","scripts/00_downloads/stage1/01_search_gbif.R","",TRUE,2007748,"3264c7e19e62b904acf22edbde4a82dced857a5ba1efce85240d05d97ad46ae1","calculated_by_inventory_script_small_unregistered_raw",FALSE,TRUE,"traceable"
"stage1","raw_evidence","data/raw/search_runs/SEARCH-GBIF-20260808T080440Z/query_065_page_0008.json","scripts/00_downloads/stage1/01_search_gbif.R","",TRUE,1919964,"a7691a7b8da496421a65df7a677bfd2f041976306e123e6d21a88b392cf25d54","calculated_by_inventory_script_small_unregistered_raw",FALSE,TRUE,"traceable"
"stage1","raw_evidence","data/raw/search_runs/SEARCH-GBIF-20260808T080440Z/query_065_page_0009.json","scripts/00_downloads/stage1/01_search_gbif.R","",TRUE,2009442,"aec84902dce60c225a3cfedc3caacda5bcc6227b25b79521665d60698070f074","calculated_by_inventory_script_small_unregistered_raw",FALSE,TRUE,"traceable"
"stage1","raw_evidence","data/raw/search_runs/SEARCH-GBIF-20260808T080440Z/query_065_page_0010.json","scripts/00_downloads/stage1/01_search_gbif.R","",TRUE,2101627,"69f61c982c04021e254fde2abe0c9051b28bb26b6ce6afeb74d2eb002c426a99","calculated_by_inventory_script_small_unregistered_raw",FALSE,TRUE,"traceable"
"stage1","raw_evidence","data/raw/search_runs/SEARCH-GBIF-20260808T080440Z/query_065_page_0011.json","scripts/00_downloads/stage1/01_search_gbif.R","",TRUE,2009880,"93d799597f5208bf91c88b49a42bd6e3fa760fc42d8de93cfc6c1a9068c391e9","calculated_by_inventory_script_small_unregistered_raw",FALSE,TRUE,"traceable"
"stage1","raw_evidence","data/raw/search_runs/SEARCH-GBIF-20260808T080440Z/query_065_page_0012.json","scripts/00_downloads/stage1/01_search_gbif.R","",TRUE,2110694,"2cf1f4f16efab78e5f4cbb62153efd7cef3319cd033d2b82df2ef935503efd15","calculated_by_inventory_script_small_unregistered_raw",FALSE,TRUE,"traceable"
"stage1","raw_evidence","data/raw/search_runs/SEARCH-GBIF-20260808T080440Z/query_065_page_0013.json","scripts/00_downloads/stage1/01_search_gbif.R","",TRUE,2120568,"fa76449649bf96ef340e89231aa8affaaf4b30c5b47814d24c5ba0c76efba7b4","calculated_by_inventory_script_small_unregistered_raw",FALSE,TRUE,"traceable"
"stage1","raw_evidence","data/raw/search_runs/SEARCH-GBIF-20260808T080440Z/query_065_page_0014.json","scripts/00_downloads/stage1/01_search_gbif.R","",TRUE,2225209,"c8b0045647cfd117f7d2679a2f463fe1158689f6721303e84a31d640f0ff7be8","calculated_by_inventory_script_small_unregistered_raw",FALSE,TRUE,"traceable"
"stage1","raw_evidence","data/raw/search_runs/SEARCH-GBIF-20260808T080440Z/query_065_page_0015.json","scripts/00_downloads/stage1/01_search_gbif.R","",TRUE,2365383,"168c1de5fb9ede3a868a279532963194e523174059311bcf439d4b10b837752a","calculated_by_inventory_script_small_unregistered_raw",FALSE,TRUE,"traceable"
"stage1","raw_evidence","data/raw/search_runs/SEARCH-GBIF-20260808T080440Z/query_065_page_0016.json","scripts/00_downloads/stage1/01_search_gbif.R","",TRUE,2468867,"da851c9fb5cb91b194664f7327959194e5f86dc5781f2d449d230e3b315900f5","calculated_by_inventory_script_small_unregistered_raw",FALSE,TRUE,"traceable"
"stage1","raw_evidence","data/raw/search_runs/SEARCH-GBIF-20260808T080440Z/query_065_page_0017.json","scripts/00_downloads/stage1/01_search_gbif.R","",TRUE,2621816,"8866412327429ec173f1b83a3a8e4c490677382e93726dde29e5cff899a47c68","calculated_by_inventory_script_small_unregistered_raw",FALSE,TRUE,"traceable"
"stage1","raw_evidence","data/raw/search_runs/SEARCH-GBIF-20260808T081221Z/manifest.csv","scripts/00_downloads/stage1/01_search_gbif.R","",TRUE,11664,"efe20f8c10b10dae76e5fdfd2a1cae660ca3ace8c3bc9e18c666af7a25348453","calculated_by_inventory_script_small_unregistered_raw",FALSE,TRUE,"traceable"
"stage1","raw_evidence","data/raw/search_runs/SEARCH-GBIF-20260808T081221Z/query_001_page_0001.json","scripts/00_downloads/stage1/01_search_gbif.R","",TRUE,826920,"9720e231fba6b8089d1ce0e90ffdd24b2781a1a8dbb3e1492701e5419c840d25","data/raw/search_runs/SEARCH-GBIF-20260808T081221Z/manifest.csv",FALSE,TRUE,"traceable"
"stage1","raw_evidence","data/raw/search_runs/SEARCH-GBIF-20260808T081221Z/query_002_page_0001.json","scripts/00_downloads/stage1/01_search_gbif.R","",TRUE,19202,"796a8c4d5b46c094c33e5f40f4a04489fdc193246c95e73997675ea96b3b954e","data/raw/search_runs/SEARCH-GBIF-20260808T081221Z/manifest.csv",FALSE,TRUE,"traceable"
"stage1","raw_evidence","data/raw/search_runs/SEARCH-GBIF-20260808T081221Z/query_003_page_0001.json","scripts/00_downloads/stage1/01_search_gbif.R","",TRUE,1876985,"6d4b10b621da7becfdee5c84b676fca04b67eea3c357b38d15c1bfd77f11784b","data/raw/search_runs/SEARCH-GBIF-20260808T081221Z/manifest.csv",FALSE,TRUE,"traceable"
"stage1","raw_evidence","data/raw/search_runs/SEARCH-GBIF-20260808T081221Z/query_003_page_0002.json","scripts/00_downloads/stage1/01_search_gbif.R","",TRUE,2042790,"28f15ec4a8bc5430770102755459f99611944adaa6d53a209e2d5e5297dae19f","data/raw/search_runs/SEARCH-GBIF-20260808T081221Z/manifest.csv",FALSE,TRUE,"traceable"
"stage1","raw_evidence","data/raw/search_runs/SEARCH-GBIF-20260808T081221Z/query_003_page_0003.json","scripts/00_downloads/stage1/01_search_gbif.R","",TRUE,2506741,"b0baa94ac7f70e60783bddc0bc9c2277c6a7056ee1c0cccd2ec6003334e9d051","data/raw/search_runs/SEARCH-GBIF-20260808T081221Z/manifest.csv",FALSE,TRUE,"traceable"
"stage1","raw_evidence","data/raw/search_runs/SEARCH-GBIF-20260808T081221Z/query_003_page_0004.json","scripts/00_downloads/stage1/01_search_gbif.R","",TRUE,2264873,"879d187de6b61cf651645972305eafda3ddb645f3df8d3282c0524df83eee244","data/raw/search_runs/SEARCH-GBIF-20260808T081221Z/manifest.csv",FALSE,TRUE,"traceable"
"stage1","raw_evidence","data/raw/search_runs/SEARCH-GBIF-20260808T081221Z/query_003_page_0005.json","scripts/00_downloads/stage1/01_search_gbif.R","",TRUE,1759741,"52b2f8eca0f1ff14a43dfda007b8d0c83d4cc5cfa27b81afc94cd9400936c987","data/raw/search_runs/SEARCH-GBIF-20260808T081221Z/manifest.csv",FALSE,TRUE,"traceable"
"stage1","raw_evidence","data/raw/search_runs/SEARCH-GBIF-20260808T081221Z/query_004_page_0001.json","scripts/00_downloads/stage1/01_search_gbif.R","",TRUE,419561,"12d5706b472bd4dd0c9ba4afcd1202d6cde22bd646708aa836b8dc02a0f5b116","data/raw/search_runs/SEARCH-GBIF-20260808T081221Z/manifest.csv",FALSE,TRUE,"traceable"
"stage1","raw_evidence","data/raw/search_runs/SEARCH-GBIF-20260808T081221Z/query_005_page_0001.json","scripts/00_downloads/stage1/01_search_gbif.R","",TRUE,93557,"380b04cd0c7e371cf7e7bbd25658b7468c5b46c352059bf2974e128c38281196","data/raw/search_runs/SEARCH-GBIF-20260808T081221Z/manifest.csv",FALSE,TRUE,"traceable"
"stage1","raw_evidence","data/raw/search_runs/SEARCH-GBIF-20260808T081221Z/query_006_page_0001.json","scripts/00_downloads/stage1/01_search_gbif.R","",TRUE,245546,"549a8ec51b17c38e9dcb9b8b6d57856120187818990545f22ef9408d5b5449f0","data/raw/search_runs/SEARCH-GBIF-20260808T081221Z/manifest.csv",FALSE,TRUE,"traceable"
"stage1","raw_evidence","data/raw/search_runs/SEARCH-GBIF-20260808T081221Z/query_007_page_0001.json","scripts/00_downloads/stage1/01_search_gbif.R","",TRUE,3991,"e814f848f02341e7afcbbe6519024851ba590ad79fd4713fcdc31c72de85d904","data/raw/search_runs/SEARCH-GBIF-20260808T081221Z/manifest.csv",FALSE,TRUE,"traceable"
"stage1","raw_evidence","data/raw/search_runs/SEARCH-GBIF-20260808T081221Z/query_008_page_0001.json","scripts/00_downloads/stage1/01_search_gbif.R","",TRUE,470493,"00577b263f7fa22bdec3e17d3187fea20312bdab60965a209d6ff5373b175a8d","data/raw/search_runs/SEARCH-GBIF-20260808T081221Z/manifest.csv",FALSE,TRUE,"traceable"
"stage1","raw_evidence","data/raw/search_runs/SEARCH-GBIF-20260808T081221Z/query_009_page_0001.json","scripts/00_downloads/stage1/01_search_gbif.R","",TRUE,130399,"be87a25dd4f0cf072f0f691de4e13e51d3a96d15f1dfcceaae1f62c90abd3047","data/raw/search_runs/SEARCH-GBIF-20260808T081221Z/manifest.csv",FALSE,TRUE,"traceable"
"stage1","raw_evidence","data/raw/search_runs/SEARCH-GBIF-20260808T081221Z/query_010_page_0001.json","scripts/00_downloads/stage1/01_search_gbif.R","",TRUE,17337,"5d997db877af35d7abf9833b3d2b2c425b8beebf0f893e16ebe9f6a77cb7dfc0","data/raw/search_runs/SEARCH-GBIF-20260808T081221Z/manifest.csv",FALSE,TRUE,"traceable"
"stage1","raw_evidence","data/raw/search_runs/SEARCH-GBIF-20260808T081221Z/query_011_page_0001.json","scripts/00_downloads/stage1/01_search_gbif.R","",TRUE,63655,"9b5974b06264013ef2413c2edf15efd5b1f977628f62552489b0b1502fa2ecbb","data/raw/search_runs/SEARCH-GBIF-20260808T081221Z/manifest.csv",FALSE,TRUE,"traceable"
"stage1","raw_evidence","data/raw/search_runs/SEARCH-GBIF-20260808T081221Z/query_012_page_0001.json","scripts/00_downloads/stage1/01_search_gbif.R","",TRUE,68255,"31da83ce74223767ab88ce9b0519595174be4dd9d5b8dbc63b4935f3a496a30d","data/raw/search_runs/SEARCH-GBIF-20260808T081221Z/manifest.csv",FALSE,TRUE,"traceable"
"stage1","raw_evidence","data/raw/search_runs/SEARCH-GBIF-20260808T081221Z/query_013_page_0001.json","scripts/00_downloads/stage1/01_search_gbif.R","",TRUE,14824,"cebeb137ea6b21e7c0dad17a3f2e8d2242d2ee2e74509553ecbd3df9ca9b2fee","data/raw/search_runs/SEARCH-GBIF-20260808T081221Z/manifest.csv",FALSE,TRUE,"traceable"
"stage1","raw_evidence","data/raw/search_runs/SEARCH-GBIF-20260808T081221Z/query_014_page_0001.json","scripts/00_downloads/stage1/01_search_gbif.R","",TRUE,61887,"af8ab053245e965f45bc98c993a11b1db9ac3b199257c19872bb16e4b02675fc","data/raw/search_runs/SEARCH-GBIF-20260808T081221Z/manifest.csv",FALSE,TRUE,"traceable"
"stage1","raw_evidence","data/raw/search_runs/SEARCH-GBIF-20260808T081221Z/query_015_page_0001.json","scripts/00_downloads/stage1/01_search_gbif.R","",TRUE,27934,"d027103bed99779a6b6fc4cc509107d30c339dcff786f0b66f29d77955b70d46","data/raw/search_runs/SEARCH-GBIF-20260808T081221Z/manifest.csv",FALSE,TRUE,"traceable"
"stage1","raw_evidence","data/raw/search_runs/SEARCH-GBIF-20260808T081221Z/query_016_page_0001.json","scripts/00_downloads/stage1/01_search_gbif.R","",TRUE,16930,"232e8fac21764a8743e38a9d9fda370b41cb723ba1f064be3441c4944439782b","data/raw/search_runs/SEARCH-GBIF-20260808T081221Z/manifest.csv",FALSE,TRUE,"traceable"
"stage1","raw_evidence","data/raw/search_runs/SEARCH-GBIF-20260808T081221Z/run_summary.json","scripts/00_downloads/stage1/01_search_gbif.R","",TRUE,604,"21f8e901c242b1223ee77c5c1aa0162131d8868705d5bc9324d23bbc7f79ab5c","calculated_by_inventory_script_small_unregistered_raw",FALSE,TRUE,"traceable"
"stage1","raw_evidence","data/raw/search_runs/SEARCH-GBIF-20260808T103643Z/human_readable_log.txt","scripts/00_downloads/stage1/01_search_gbif.R","",TRUE,2291,"b43c8f9137109296792da09dbc4389a28455ba2c143515e02a483dd407ec1f94","calculated_by_inventory_script_small_unregistered_raw",FALSE,TRUE,"traceable"
"stage1","raw_evidence","data/raw/search_runs/SEARCH-GBIF-20260808T103643Z/manifest.csv","scripts/00_downloads/stage1/01_search_gbif.R","",TRUE,11664,"6c8354572a5674c380eb63b4e4c9b5ce428f24eea8a534b8fc69574349796b9f","calculated_by_inventory_script_small_unregistered_raw",FALSE,TRUE,"traceable"
"stage1","raw_evidence","data/raw/search_runs/SEARCH-GBIF-20260808T103643Z/query_001_page_0001.json","scripts/00_downloads/stage1/01_search_gbif.R","",TRUE,826920,"55b3dc71a5cffde930739b331b34c2cf54f972d3fa98fded210a6998916dfa5e","data/raw/search_runs/SEARCH-GBIF-20260808T103643Z/manifest.csv",FALSE,TRUE,"traceable"
"stage1","raw_evidence","data/raw/search_runs/SEARCH-GBIF-20260808T103643Z/query_002_page_0001.json","scripts/00_downloads/stage1/01_search_gbif.R","",TRUE,19202,"796a8c4d5b46c094c33e5f40f4a04489fdc193246c95e73997675ea96b3b954e","data/raw/search_runs/SEARCH-GBIF-20260808T103643Z/manifest.csv",FALSE,TRUE,"traceable"
"stage1","raw_evidence","data/raw/search_runs/SEARCH-GBIF-20260808T103643Z/query_003_page_0001.json","scripts/00_downloads/stage1/01_search_gbif.R","",TRUE,1876985,"0374860d3e9c91bc5dc96ee94bd4b001d5357077b7252dfa5a665a0152f08b47","data/raw/search_runs/SEARCH-GBIF-20260808T103643Z/manifest.csv",FALSE,TRUE,"traceable"
"stage1","raw_evidence","data/raw/search_runs/SEARCH-GBIF-20260808T103643Z/query_003_page_0002.json","scripts/00_downloads/stage1/01_search_gbif.R","",TRUE,2042790,"1e1ed7074910bbafbe835ea6a0209b745348a163016760afd3fac8ff273a45ff","data/raw/search_runs/SEARCH-GBIF-20260808T103643Z/manifest.csv",FALSE,TRUE,"traceable"
"stage1","raw_evidence","data/raw/search_runs/SEARCH-GBIF-20260808T103643Z/query_003_page_0003.json","scripts/00_downloads/stage1/01_search_gbif.R","",TRUE,2506741,"3217dca758c158996e45a59b4d894aaa04f90f7edd268bd996b6b263a9922c06","data/raw/search_runs/SEARCH-GBIF-20260808T103643Z/manifest.csv",FALSE,TRUE,"traceable"
"stage1","raw_evidence","data/raw/search_runs/SEARCH-GBIF-20260808T103643Z/query_003_page_0004.json","scripts/00_downloads/stage1/01_search_gbif.R","",TRUE,2264873,"633b920a39a4a56e860238fb64f33c6ef686167f2bc2db6386b1ad8bec849d47","data/raw/search_runs/SEARCH-GBIF-20260808T103643Z/manifest.csv",FALSE,TRUE,"traceable"
"stage1","raw_evidence","data/raw/search_runs/SEARCH-GBIF-20260808T103643Z/query_003_page_0005.json","scripts/00_downloads/stage1/01_search_gbif.R","",TRUE,1760762,"c73c174479ed0f4cba8c4f26c3331172b6f0d4ae21680522f27257fe29bf582a","data/raw/search_runs/SEARCH-GBIF-20260808T103643Z/manifest.csv",FALSE,TRUE,"traceable"
"stage1","raw_evidence","data/raw/search_runs/SEARCH-GBIF-20260808T103643Z/query_004_page_0001.json","scripts/00_downloads/stage1/01_search_gbif.R","",TRUE,419561,"baa573a0e8e2d2a62456eadde8d7db919c2e1c383eedca126a7ea75f9def5d50","data/raw/search_runs/SEARCH-GBIF-20260808T103643Z/manifest.csv",FALSE,TRUE,"traceable"
"stage1","raw_evidence","data/raw/search_runs/SEARCH-GBIF-20260808T103643Z/query_005_page_0001.json","scripts/00_downloads/stage1/01_search_gbif.R","",TRUE,93557,"380b04cd0c7e371cf7e7bbd25658b7468c5b46c352059bf2974e128c38281196","data/raw/search_runs/SEARCH-GBIF-20260808T103643Z/manifest.csv",FALSE,TRUE,"traceable"
"stage1","raw_evidence","data/raw/search_runs/SEARCH-GBIF-20260808T103643Z/query_006_page_0001.json","scripts/00_downloads/stage1/01_search_gbif.R","",TRUE,245546,"5fe347cc1ff69dfd575ee36b115d364dcb4f12463ff4847f916b52715cae9465","data/raw/search_runs/SEARCH-GBIF-20260808T103643Z/manifest.csv",FALSE,TRUE,"traceable"
"stage1","raw_evidence","data/raw/search_runs/SEARCH-GBIF-20260808T103643Z/query_007_page_0001.json","scripts/00_downloads/stage1/01_search_gbif.R","",TRUE,3991,"e814f848f02341e7afcbbe6519024851ba590ad79fd4713fcdc31c72de85d904","data/raw/search_runs/SEARCH-GBIF-20260808T103643Z/manifest.csv",FALSE,TRUE,"traceable"
"stage1","raw_evidence","data/raw/search_runs/SEARCH-GBIF-20260808T103643Z/query_008_page_0001.json","scripts/00_downloads/stage1/01_search_gbif.R","",TRUE,470493,"2d1c83abf6a457b56f64ffeb5a1776022764bb1d041dcbd51c2975134582cd67","data/raw/search_runs/SEARCH-GBIF-20260808T103643Z/manifest.csv",FALSE,TRUE,"traceable"
"stage1","raw_evidence","data/raw/search_runs/SEARCH-GBIF-20260808T103643Z/query_009_page_0001.json","scripts/00_downloads/stage1/01_search_gbif.R","",TRUE,130399,"be87a25dd4f0cf072f0f691de4e13e51d3a96d15f1dfcceaae1f62c90abd3047","data/raw/search_runs/SEARCH-GBIF-20260808T103643Z/manifest.csv",FALSE,TRUE,"traceable"
"stage1","raw_evidence","data/raw/search_runs/SEARCH-GBIF-20260808T103643Z/query_010_page_0001.json","scripts/00_downloads/stage1/01_search_gbif.R","",TRUE,17337,"5d997db877af35d7abf9833b3d2b2c425b8beebf0f893e16ebe9f6a77cb7dfc0","data/raw/search_runs/SEARCH-GBIF-20260808T103643Z/manifest.csv",FALSE,TRUE,"traceable"
"stage1","raw_evidence","data/raw/search_runs/SEARCH-GBIF-20260808T103643Z/query_011_page_0001.json","scripts/00_downloads/stage1/01_search_gbif.R","",TRUE,63655,"9b5974b06264013ef2413c2edf15efd5b1f977628f62552489b0b1502fa2ecbb","data/raw/search_runs/SEARCH-GBIF-20260808T103643Z/manifest.csv",FALSE,TRUE,"traceable"
"stage1","raw_evidence","data/raw/search_runs/SEARCH-GBIF-20260808T103643Z/query_012_page_0001.json","scripts/00_downloads/stage1/01_search_gbif.R","",TRUE,68255,"7b7bbeec5089ff937d91946c1b46b5c31df311ceb8978389ac961fa1a09bee17","data/raw/search_runs/SEARCH-GBIF-20260808T103643Z/manifest.csv",FALSE,TRUE,"traceable"
"stage1","raw_evidence","data/raw/search_runs/SEARCH-GBIF-20260808T103643Z/query_013_page_0001.json","scripts/00_downloads/stage1/01_search_gbif.R","",TRUE,14824,"cebeb137ea6b21e7c0dad17a3f2e8d2242d2ee2e74509553ecbd3df9ca9b2fee","data/raw/search_runs/SEARCH-GBIF-20260808T103643Z/manifest.csv",FALSE,TRUE,"traceable"
"stage1","raw_evidence","data/raw/search_runs/SEARCH-GBIF-20260808T103643Z/query_014_page_0001.json","scripts/00_downloads/stage1/01_search_gbif.R","",TRUE,61887,"12fbf4b3d8c85fd000e87e65ac3103331d4c852467b176c103d4636160eacb08","data/raw/search_runs/SEARCH-GBIF-20260808T103643Z/manifest.csv",FALSE,TRUE,"traceable"
"stage1","raw_evidence","data/raw/search_runs/SEARCH-GBIF-20260808T103643Z/query_015_page_0001.json","scripts/00_downloads/stage1/01_search_gbif.R","",TRUE,27934,"d027103bed99779a6b6fc4cc509107d30c339dcff786f0b66f29d77955b70d46","data/raw/search_runs/SEARCH-GBIF-20260808T103643Z/manifest.csv",FALSE,TRUE,"traceable"
"stage1","raw_evidence","data/raw/search_runs/SEARCH-GBIF-20260808T103643Z/query_016_page_0001.json","scripts/00_downloads/stage1/01_search_gbif.R","",TRUE,16930,"232e8fac21764a8743e38a9d9fda370b41cb723ba1f064be3441c4944439782b","data/raw/search_runs/SEARCH-GBIF-20260808T103643Z/manifest.csv",FALSE,TRUE,"traceable"
"stage1","raw_evidence","data/raw/search_runs/SEARCH-GBIF-20260808T103643Z/run_summary.json","scripts/00_downloads/stage1/01_search_gbif.R","",TRUE,604,"bbc605dac90209e8a3b3ae31eba42d1ab1ed6fc673a5f7b4fe62a36d169b2d18","calculated_by_inventory_script_small_unregistered_raw",FALSE,TRUE,"traceable"
"stage1","raw_evidence","data/raw/search_runs/SEARCH-GBIF-20260808T105223Z/human_readable_log.txt","scripts/00_downloads/stage1/01_search_gbif.R","",TRUE,2291,"016d0fb03054ef807b4f8bcaff50dfbcdcfdb0c45da684f0812075dcc3ebd5c8","calculated_by_inventory_script_small_unregistered_raw",FALSE,TRUE,"traceable"
"stage1","raw_evidence","data/raw/search_runs/SEARCH-GBIF-20260808T105223Z/manifest.csv","scripts/00_downloads/stage1/01_search_gbif.R","",TRUE,11664,"4d050c98e91a93676148dc29f6de10a2871a361982bfde75504b89df7a4e6bdd","calculated_by_inventory_script_small_unregistered_raw",FALSE,TRUE,"traceable"
"stage1","raw_evidence","data/raw/search_runs/SEARCH-GBIF-20260808T105223Z/query_001_page_0001.json","scripts/00_downloads/stage1/01_search_gbif.R","",TRUE,826920,"55b3dc71a5cffde930739b331b34c2cf54f972d3fa98fded210a6998916dfa5e","data/raw/search_runs/SEARCH-GBIF-20260808T105223Z/manifest.csv",FALSE,TRUE,"traceable"
"stage1","raw_evidence","data/raw/search_runs/SEARCH-GBIF-20260808T105223Z/query_002_page_0001.json","scripts/00_downloads/stage1/01_search_gbif.R","",TRUE,19202,"796a8c4d5b46c094c33e5f40f4a04489fdc193246c95e73997675ea96b3b954e","data/raw/search_runs/SEARCH-GBIF-20260808T105223Z/manifest.csv",FALSE,TRUE,"traceable"
"stage1","raw_evidence","data/raw/search_runs/SEARCH-GBIF-20260808T105223Z/query_003_page_0001.json","scripts/00_downloads/stage1/01_search_gbif.R","",TRUE,1876985,"1a0097c5bdeebc7678c623e0332b1be2befc4b520e080eef7cbd7ee6654069a3","data/raw/search_runs/SEARCH-GBIF-20260808T105223Z/manifest.csv",FALSE,TRUE,"traceable"
"stage1","raw_evidence","data/raw/search_runs/SEARCH-GBIF-20260808T105223Z/query_003_page_0002.json","scripts/00_downloads/stage1/01_search_gbif.R","",TRUE,2042790,"1e1ed7074910bbafbe835ea6a0209b745348a163016760afd3fac8ff273a45ff","data/raw/search_runs/SEARCH-GBIF-20260808T105223Z/manifest.csv",FALSE,TRUE,"traceable"
"stage1","raw_evidence","data/raw/search_runs/SEARCH-GBIF-20260808T105223Z/query_003_page_0003.json","scripts/00_downloads/stage1/01_search_gbif.R","",TRUE,2506741,"3217dca758c158996e45a59b4d894aaa04f90f7edd268bd996b6b263a9922c06","data/raw/search_runs/SEARCH-GBIF-20260808T105223Z/manifest.csv",FALSE,TRUE,"traceable"
"stage1","raw_evidence","data/raw/search_runs/SEARCH-GBIF-20260808T105223Z/query_003_page_0004.json","scripts/00_downloads/stage1/01_search_gbif.R","",TRUE,2267583,"03a119fa8992219108e43cc0bc211d1776207aeec8d3cf5e0ba8d3d60fbab11d","data/raw/search_runs/SEARCH-GBIF-20260808T105223Z/manifest.csv",FALSE,TRUE,"traceable"
"stage1","raw_evidence","data/raw/search_runs/SEARCH-GBIF-20260808T105223Z/query_003_page_0005.json","scripts/00_downloads/stage1/01_search_gbif.R","",TRUE,1760762,"c73c174479ed0f4cba8c4f26c3331172b6f0d4ae21680522f27257fe29bf582a","data/raw/search_runs/SEARCH-GBIF-20260808T105223Z/manifest.csv",FALSE,TRUE,"traceable"
"stage1","raw_evidence","data/raw/search_runs/SEARCH-GBIF-20260808T105223Z/query_004_page_0001.json","scripts/00_downloads/stage1/01_search_gbif.R","",TRUE,419561,"baa573a0e8e2d2a62456eadde8d7db919c2e1c383eedca126a7ea75f9def5d50","data/raw/search_runs/SEARCH-GBIF-20260808T105223Z/manifest.csv",FALSE,TRUE,"traceable"
"stage1","raw_evidence","data/raw/search_runs/SEARCH-GBIF-20260808T105223Z/query_005_page_0001.json","scripts/00_downloads/stage1/01_search_gbif.R","",TRUE,93557,"380b04cd0c7e371cf7e7bbd25658b7468c5b46c352059bf2974e128c38281196","data/raw/search_runs/SEARCH-GBIF-20260808T105223Z/manifest.csv",FALSE,TRUE,"traceable"
"stage1","raw_evidence","data/raw/search_runs/SEARCH-GBIF-20260808T105223Z/query_006_page_0001.json","scripts/00_downloads/stage1/01_search_gbif.R","",TRUE,245546,"5fe347cc1ff69dfd575ee36b115d364dcb4f12463ff4847f916b52715cae9465","data/raw/search_runs/SEARCH-GBIF-20260808T105223Z/manifest.csv",FALSE,TRUE,"traceable"
"stage1","raw_evidence","data/raw/search_runs/SEARCH-GBIF-20260808T105223Z/query_007_page_0001.json","scripts/00_downloads/stage1/01_search_gbif.R","",TRUE,3991,"e814f848f02341e7afcbbe6519024851ba590ad79fd4713fcdc31c72de85d904","data/raw/search_runs/SEARCH-GBIF-20260808T105223Z/manifest.csv",FALSE,TRUE,"traceable"
"stage1","raw_evidence","data/raw/search_runs/SEARCH-GBIF-20260808T105223Z/query_008_page_0001.json","scripts/00_downloads/stage1/01_search_gbif.R","",TRUE,470493,"ee85cda40cfda00b4654a98d6a6ab0c7b68a1877a7e3bfba648d89bcb94efae4","data/raw/search_runs/SEARCH-GBIF-20260808T105223Z/manifest.csv",FALSE,TRUE,"traceable"
"stage1","raw_evidence","data/raw/search_runs/SEARCH-GBIF-20260808T105223Z/query_009_page_0001.json","scripts/00_downloads/stage1/01_search_gbif.R","",TRUE,130399,"675e8b174da257c15eef2d81aa3c9943cb3cbf72bde20e2b8edb5e31a068c64b","data/raw/search_runs/SEARCH-GBIF-20260808T105223Z/manifest.csv",FALSE,TRUE,"traceable"
"stage1","raw_evidence","data/raw/search_runs/SEARCH-GBIF-20260808T105223Z/query_010_page_0001.json","scripts/00_downloads/stage1/01_search_gbif.R","",TRUE,17337,"5d997db877af35d7abf9833b3d2b2c425b8beebf0f893e16ebe9f6a77cb7dfc0","data/raw/search_runs/SEARCH-GBIF-20260808T105223Z/manifest.csv",FALSE,TRUE,"traceable"
"stage1","raw_evidence","data/raw/search_runs/SEARCH-GBIF-20260808T105223Z/query_011_page_0001.json","scripts/00_downloads/stage1/01_search_gbif.R","",TRUE,63655,"f249414d9248e623886d5286e8b23036dda93a6a32e5163b02ac3876b6582493","data/raw/search_runs/SEARCH-GBIF-20260808T105223Z/manifest.csv",FALSE,TRUE,"traceable"
"stage1","raw_evidence","data/raw/search_runs/SEARCH-GBIF-20260808T105223Z/query_012_page_0001.json","scripts/00_downloads/stage1/01_search_gbif.R","",TRUE,68255,"0d199078f656ef59f0b2facfce8eef40a5c7f3027056fdaad8153138a1f0e2da","data/raw/search_runs/SEARCH-GBIF-20260808T105223Z/manifest.csv",FALSE,TRUE,"traceable"
"stage1","raw_evidence","data/raw/search_runs/SEARCH-GBIF-20260808T105223Z/query_013_page_0001.json","scripts/00_downloads/stage1/01_search_gbif.R","",TRUE,14824,"cebeb137ea6b21e7c0dad17a3f2e8d2242d2ee2e74509553ecbd3df9ca9b2fee","data/raw/search_runs/SEARCH-GBIF-20260808T105223Z/manifest.csv",FALSE,TRUE,"traceable"
"stage1","raw_evidence","data/raw/search_runs/SEARCH-GBIF-20260808T105223Z/query_014_page_0001.json","scripts/00_downloads/stage1/01_search_gbif.R","",TRUE,61887,"12fbf4b3d8c85fd000e87e65ac3103331d4c852467b176c103d4636160eacb08","data/raw/search_runs/SEARCH-GBIF-20260808T105223Z/manifest.csv",FALSE,TRUE,"traceable"
"stage1","raw_evidence","data/raw/search_runs/SEARCH-GBIF-20260808T105223Z/query_015_page_0001.json","scripts/00_downloads/stage1/01_search_gbif.R","",TRUE,27934,"d027103bed99779a6b6fc4cc509107d30c339dcff786f0b66f29d77955b70d46","data/raw/search_runs/SEARCH-GBIF-20260808T105223Z/manifest.csv",FALSE,TRUE,"traceable"
"stage1","raw_evidence","data/raw/search_runs/SEARCH-GBIF-20260808T105223Z/query_016_page_0001.json","scripts/00_downloads/stage1/01_search_gbif.R","",TRUE,16930,"232e8fac21764a8743e38a9d9fda370b41cb723ba1f064be3441c4944439782b","data/raw/search_runs/SEARCH-GBIF-20260808T105223Z/manifest.csv",FALSE,TRUE,"traceable"
"stage1","raw_evidence","data/raw/search_runs/SEARCH-GBIF-20260808T105223Z/run_summary.json","scripts/00_downloads/stage1/01_search_gbif.R","",TRUE,604,"22c11856bfc430cb981f03037893bcb5420935fa92337b42cce1cbe4032f6141","calculated_by_inventory_script_small_unregistered_raw",FALSE,TRUE,"traceable"
"stage1","raw_evidence","data/raw/search_runs/SEARCH-ICESDOME-20260808T080226Z/community_years.json","scripts/00_downloads/stage1/01_search_ices_dome.R","",TRUE,995,"ac3118d3c98ed89172f7466d0bffedf98d3019cd02a1426f8db935b904d0fab6","data/raw/search_runs/SEARCH-ICESDOME-20260808T080226Z/manifest.csv",FALSE,TRUE,"traceable"
"stage1","raw_evidence","data/raw/search_runs/SEARCH-ICESDOME-20260808T080226Z/manifest.csv","scripts/00_downloads/stage1/01_search_ices_dome.R","",TRUE,2616,"b2ce6bd4d68c16592c967a74326d5a3b1d8be50cba08f6c01ab5f0120e6e98ac","calculated_by_inventory_script_small_unregistered_raw",FALSE,TRUE,"traceable"
"stage1","raw_evidence","data/raw/search_runs/SEARCH-ICESDOME-20260808T080226Z/phytoplankton_cache.json","scripts/00_downloads/stage1/01_search_ices_dome.R","",TRUE,38,"9aed7592df6a79bfceebb1d5da71b712915dd54ac67ca0dda23daab5dbf836c7","data/raw/search_runs/SEARCH-ICESDOME-20260808T080226Z/manifest.csv",FALSE,TRUE,"traceable"
"stage1","raw_evidence","data/raw/search_runs/SEARCH-ICESDOME-20260808T080226Z/phytoplankton_view.html","scripts/00_downloads/stage1/01_search_ices_dome.R","",TRUE,84652,"4ff60b582da103012215246cb1f06638e2f65bcad873c4e6e531dde511456ff7","data/raw/search_runs/SEARCH-ICESDOME-20260808T080226Z/manifest.csv",FALSE,TRUE,"traceable"
"stage1","raw_evidence","data/raw/search_runs/SEARCH-ICESDOME-20260808T080226Z/run_summary.json","scripts/00_downloads/stage1/01_search_ices_dome.R","",TRUE,782,"16edf6dcac3eeaa35c6d2d7670a61291cb744a5361d1aec31ab55f96a8b85fe8","calculated_by_inventory_script_small_unregistered_raw",FALSE,TRUE,"traceable"
"stage1","raw_evidence","data/raw/search_runs/SEARCH-ICESDOME-20260808T080226Z/swagger.json","scripts/00_downloads/stage1/01_search_ices_dome.R","",TRUE,39347,"564ed864e5592926d19509de3298ac0ee971b45799f1130d3c319e6023116412","data/raw/search_runs/SEARCH-ICESDOME-20260808T080226Z/manifest.csv",FALSE,TRUE,"traceable"
"stage1","raw_evidence","data/raw/search_runs/SEARCH-ICESDOME-20260808T080304Z/community_years.json","scripts/00_downloads/stage1/01_search_ices_dome.R","",TRUE,995,"ac3118d3c98ed89172f7466d0bffedf98d3019cd02a1426f8db935b904d0fab6","data/raw/search_runs/SEARCH-ICESDOME-20260808T080304Z/manifest.csv",FALSE,TRUE,"traceable"
"stage1","raw_evidence","data/raw/search_runs/SEARCH-ICESDOME-20260808T080304Z/manifest.csv","scripts/00_downloads/stage1/01_search_ices_dome.R","",TRUE,2616,"584cd9f071b46d0d1a7cd0924b1b478f09bc40005a6305232828b4b5c03fe091","calculated_by_inventory_script_small_unregistered_raw",FALSE,TRUE,"traceable"
"stage1","raw_evidence","data/raw/search_runs/SEARCH-ICESDOME-20260808T080304Z/phytoplankton_cache.json","scripts/00_downloads/stage1/01_search_ices_dome.R","",TRUE,38,"9aed7592df6a79bfceebb1d5da71b712915dd54ac67ca0dda23daab5dbf836c7","data/raw/search_runs/SEARCH-ICESDOME-20260808T080304Z/manifest.csv",FALSE,TRUE,"traceable"
"stage1","raw_evidence","data/raw/search_runs/SEARCH-ICESDOME-20260808T080304Z/phytoplankton_view.html","scripts/00_downloads/stage1/01_search_ices_dome.R","",TRUE,84652,"1d73d4e6491b3517e511d15ba426c8a90b9607c5f76c55201019332ed7adf0e4","data/raw/search_runs/SEARCH-ICESDOME-20260808T080304Z/manifest.csv",FALSE,TRUE,"traceable"
"stage1","raw_evidence","data/raw/search_runs/SEARCH-ICESDOME-20260808T080304Z/run_summary.json","scripts/00_downloads/stage1/01_search_ices_dome.R","",TRUE,782,"f3eb861d8374e96cdced79f710197e321d34a221a04e48661bce87bc47a2db0c","calculated_by_inventory_script_small_unregistered_raw",FALSE,TRUE,"traceable"
"stage1","raw_evidence","data/raw/search_runs/SEARCH-ICESDOME-20260808T080304Z/swagger.json","scripts/00_downloads/stage1/01_search_ices_dome.R","",TRUE,39347,"564ed864e5592926d19509de3298ac0ee971b45799f1130d3c319e6023116412","data/raw/search_runs/SEARCH-ICESDOME-20260808T080304Z/manifest.csv",FALSE,TRUE,"traceable"
"stage1","raw_evidence","data/raw/search_runs/SEARCH-ICESDOME-20260808T082416Z/community_years.json","scripts/00_downloads/stage1/01_search_ices_dome.R","",TRUE,995,"ac3118d3c98ed89172f7466d0bffedf98d3019cd02a1426f8db935b904d0fab6","data/raw/search_runs/SEARCH-ICESDOME-20260808T082416Z/manifest.csv",FALSE,TRUE,"traceable"
"stage1","raw_evidence","data/raw/search_runs/SEARCH-ICESDOME-20260808T082416Z/manifest.csv","scripts/00_downloads/stage1/01_search_ices_dome.R","",TRUE,2616,"fb73c20f9c9463d9e08df9c2e24522476b255a1943eb4dd28428ce5d21399906","calculated_by_inventory_script_small_unregistered_raw",FALSE,TRUE,"traceable"
"stage1","raw_evidence","data/raw/search_runs/SEARCH-ICESDOME-20260808T082416Z/phytoplankton_cache.json","scripts/00_downloads/stage1/01_search_ices_dome.R","",TRUE,38,"9aed7592df6a79bfceebb1d5da71b712915dd54ac67ca0dda23daab5dbf836c7","data/raw/search_runs/SEARCH-ICESDOME-20260808T082416Z/manifest.csv",FALSE,TRUE,"traceable"
"stage1","raw_evidence","data/raw/search_runs/SEARCH-ICESDOME-20260808T082416Z/phytoplankton_view.html","scripts/00_downloads/stage1/01_search_ices_dome.R","",TRUE,84652,"1d73d4e6491b3517e511d15ba426c8a90b9607c5f76c55201019332ed7adf0e4","data/raw/search_runs/SEARCH-ICESDOME-20260808T082416Z/manifest.csv",FALSE,TRUE,"traceable"
"stage1","raw_evidence","data/raw/search_runs/SEARCH-ICESDOME-20260808T082416Z/run_summary.json","scripts/00_downloads/stage1/01_search_ices_dome.R","",TRUE,782,"2610e6e2b8ffc75a68a27a5e56dd1e7f214325b2bea572ce339317d176c4aba6","calculated_by_inventory_script_small_unregistered_raw",FALSE,TRUE,"traceable"
"stage1","raw_evidence","data/raw/search_runs/SEARCH-ICESDOME-20260808T082416Z/swagger.json","scripts/00_downloads/stage1/01_search_ices_dome.R","",TRUE,39347,"564ed864e5592926d19509de3298ac0ee971b45799f1130d3c319e6023116412","data/raw/search_runs/SEARCH-ICESDOME-20260808T082416Z/manifest.csv",FALSE,TRUE,"traceable"
"stage1","raw_evidence","data/raw/search_runs/SEARCH-ICESDOME-20260808T103546Z/community_years.json","scripts/00_downloads/stage1/01_search_ices_dome.R","",TRUE,995,"ac3118d3c98ed89172f7466d0bffedf98d3019cd02a1426f8db935b904d0fab6","data/raw/search_runs/SEARCH-ICESDOME-20260808T103546Z/manifest.csv",FALSE,TRUE,"traceable"
"stage1","raw_evidence","data/raw/search_runs/SEARCH-ICESDOME-20260808T103546Z/human_readable_log.txt","scripts/00_downloads/stage1/01_search_ices_dome.R","",TRUE,1485,"d3da49e1b552f69508ca2159a9b8dc32f57a1cd01445c6487c0b0f23afc30eba","calculated_by_inventory_script_small_unregistered_raw",FALSE,TRUE,"traceable"
"stage1","raw_evidence","data/raw/search_runs/SEARCH-ICESDOME-20260808T103546Z/manifest.csv","scripts/00_downloads/stage1/01_search_ices_dome.R","",TRUE,2616,"efc4c8fed42c9816598b533a45b9cb2abaa7320a68424d9fbffd7c895ab03ead","calculated_by_inventory_script_small_unregistered_raw",FALSE,TRUE,"traceable"
"stage1","raw_evidence","data/raw/search_runs/SEARCH-ICESDOME-20260808T103546Z/phytoplankton_cache.json","scripts/00_downloads/stage1/01_search_ices_dome.R","",TRUE,38,"9aed7592df6a79bfceebb1d5da71b712915dd54ac67ca0dda23daab5dbf836c7","data/raw/search_runs/SEARCH-ICESDOME-20260808T103546Z/manifest.csv",FALSE,TRUE,"traceable"
"stage1","raw_evidence","data/raw/search_runs/SEARCH-ICESDOME-20260808T103546Z/phytoplankton_view.html","scripts/00_downloads/stage1/01_search_ices_dome.R","",TRUE,84652,"54a30e57299a36185356ed6a4de2f1426193c2ae04b8ae0a7ddf2619b1fede23","data/raw/search_runs/SEARCH-ICESDOME-20260808T103546Z/manifest.csv",FALSE,TRUE,"traceable"
"stage1","raw_evidence","data/raw/search_runs/SEARCH-ICESDOME-20260808T103546Z/run_summary.json","scripts/00_downloads/stage1/01_search_ices_dome.R","",TRUE,782,"6da6bdd89dae90fdc2e87da0c4985e275894292f4776341c031560ca5e56122f","calculated_by_inventory_script_small_unregistered_raw",FALSE,TRUE,"traceable"
"stage1","raw_evidence","data/raw/search_runs/SEARCH-ICESDOME-20260808T103546Z/swagger.json","scripts/00_downloads/stage1/01_search_ices_dome.R","",TRUE,39347,"564ed864e5592926d19509de3298ac0ee971b45799f1130d3c319e6023116412","data/raw/search_runs/SEARCH-ICESDOME-20260808T103546Z/manifest.csv",FALSE,TRUE,"traceable"
"stage1","raw_evidence","data/raw/search_runs/SEARCH-ICESDOME-20260808T105100Z/community_years.json","scripts/00_downloads/stage1/01_search_ices_dome.R","",TRUE,995,"ac3118d3c98ed89172f7466d0bffedf98d3019cd02a1426f8db935b904d0fab6","data/raw/search_runs/SEARCH-ICESDOME-20260808T105100Z/manifest.csv",FALSE,TRUE,"traceable"
"stage1","raw_evidence","data/raw/search_runs/SEARCH-ICESDOME-20260808T105100Z/human_readable_log.txt","scripts/00_downloads/stage1/01_search_ices_dome.R","",TRUE,1485,"2b15188acc0abe71d1d5adadfb251f0174a03663d531193e4708004b2c7634bc","calculated_by_inventory_script_small_unregistered_raw",FALSE,TRUE,"traceable"
"stage1","raw_evidence","data/raw/search_runs/SEARCH-ICESDOME-20260808T105100Z/manifest.csv","scripts/00_downloads/stage1/01_search_ices_dome.R","",TRUE,2616,"209804c2834973f31c5d76f0aa12befb2079bbfede6ee899dc031324e54d2b96","calculated_by_inventory_script_small_unregistered_raw",FALSE,TRUE,"traceable"
"stage1","raw_evidence","data/raw/search_runs/SEARCH-ICESDOME-20260808T105100Z/phytoplankton_cache.json","scripts/00_downloads/stage1/01_search_ices_dome.R","",TRUE,38,"9aed7592df6a79bfceebb1d5da71b712915dd54ac67ca0dda23daab5dbf836c7","data/raw/search_runs/SEARCH-ICESDOME-20260808T105100Z/manifest.csv",FALSE,TRUE,"traceable"
"stage1","raw_evidence","data/raw/search_runs/SEARCH-ICESDOME-20260808T105100Z/phytoplankton_view.html","scripts/00_downloads/stage1/01_search_ices_dome.R","",TRUE,84652,"1b8cf283e2f9e5185aa31d79f23be839b5513d1352e3f156fb513d0be9eefabf","data/raw/search_runs/SEARCH-ICESDOME-20260808T105100Z/manifest.csv",FALSE,TRUE,"traceable"
"stage1","raw_evidence","data/raw/search_runs/SEARCH-ICESDOME-20260808T105100Z/run_summary.json","scripts/00_downloads/stage1/01_search_ices_dome.R","",TRUE,782,"db0745a08266208adfa463df61c28cead2b667ecb4f542615bc5d70e927f9aa9","calculated_by_inventory_script_small_unregistered_raw",FALSE,TRUE,"traceable"
"stage1","raw_evidence","data/raw/search_runs/SEARCH-ICESDOME-20260808T105100Z/swagger.json","scripts/00_downloads/stage1/01_search_ices_dome.R","",TRUE,39347,"564ed864e5592926d19509de3298ac0ee971b45799f1130d3c319e6023116412","data/raw/search_runs/SEARCH-ICESDOME-20260808T105100Z/manifest.csv",FALSE,TRUE,"traceable"
"stage1","raw_evidence","data/raw/search_runs/SEARCH-OBIS-20260808T080328Z/manifest.csv","scripts/00_downloads/stage1/01_search_obis.R","",TRUE,4107,"9c2f7715c7920354c2c51ac46e5f12edebc393377b024b67d57c43614c1edf86","calculated_by_inventory_script_small_unregistered_raw",FALSE,TRUE,"traceable"
"stage1","raw_evidence","data/raw/search_runs/SEARCH-OBIS-20260808T080328Z/run_summary.json","scripts/00_downloads/stage1/01_search_obis.R","",TRUE,600,"299702e28d7424e605c4e9fc2f4146a8f5263771a6dc537da715bda81d87a559","calculated_by_inventory_script_small_unregistered_raw",FALSE,TRUE,"traceable"
"stage1","raw_evidence","data/raw/search_runs/SEARCH-OBIS-20260808T080328Z/taxon_01.json","scripts/00_downloads/stage1/01_search_obis.R","",TRUE,262140,"8ad6c80088e06e9e3c69589e547f090a4c168ef4e35c1151f778bce2cd39629c","data/raw/search_runs/SEARCH-OBIS-20260808T080328Z/manifest.csv",FALSE,TRUE,"traceable"
"stage1","raw_evidence","data/raw/search_runs/SEARCH-OBIS-20260808T080328Z/taxon_02.json","scripts/00_downloads/stage1/01_search_obis.R","",TRUE,683210,"8a9c2e7a076f2a40cc2fbb143b94df3c9b9973e2bf99f81d32c90a73b0a41144","data/raw/search_runs/SEARCH-OBIS-20260808T080328Z/manifest.csv",FALSE,TRUE,"traceable"
"stage1","raw_evidence","data/raw/search_runs/SEARCH-OBIS-20260808T080328Z/taxon_03.json","scripts/00_downloads/stage1/01_search_obis.R","",TRUE,554909,"2d071bfd8b299ca3d023906a9f9262e8114dc6e9914b348e5c713ea6bb4cc38b","data/raw/search_runs/SEARCH-OBIS-20260808T080328Z/manifest.csv",FALSE,TRUE,"traceable"
"stage1","raw_evidence","data/raw/search_runs/SEARCH-OBIS-20260808T080328Z/taxon_04.json","scripts/00_downloads/stage1/01_search_obis.R","",TRUE,494087,"5ffc105c77eeb9a4f5cc117a81da8e254b9deb47181ca912a3824dbde5e0885e","data/raw/search_runs/SEARCH-OBIS-20260808T080328Z/manifest.csv",FALSE,TRUE,"traceable"
"stage1","raw_evidence","data/raw/search_runs/SEARCH-OBIS-20260808T080328Z/taxon_05.json","scripts/00_downloads/stage1/01_search_obis.R","",TRUE,882472,"7386af9bd1a4708c349aaf087dbc0ae7c7710bb8c64005de21de92367ef0b246","data/raw/search_runs/SEARCH-OBIS-20260808T080328Z/manifest.csv",FALSE,TRUE,"traceable"
"stage1","raw_evidence","data/raw/search_runs/SEARCH-OBIS-20260808T080328Z/taxon_06.json","scripts/00_downloads/stage1/01_search_obis.R","",TRUE,454802,"eee029adee33d17be98a62c7503a4a7149f3289b9033e7371bfea8e218d41cdc","data/raw/search_runs/SEARCH-OBIS-20260808T080328Z/manifest.csv",FALSE,TRUE,"traceable"
"stage1","raw_evidence","data/raw/search_runs/SEARCH-OBIS-20260808T082439Z/manifest.csv","scripts/00_downloads/stage1/01_search_obis.R","",TRUE,4107,"fcd2028f56813409aad0cc28e8ce159aa7a2e12526948bb93819d7ccc924bb3a","calculated_by_inventory_script_small_unregistered_raw",FALSE,TRUE,"traceable"
"stage1","raw_evidence","data/raw/search_runs/SEARCH-OBIS-20260808T082439Z/run_summary.json","scripts/00_downloads/stage1/01_search_obis.R","",TRUE,600,"d8902f64c78d974d7c4447ec0494692710abfe846f86c4d884d072da10425080","calculated_by_inventory_script_small_unregistered_raw",FALSE,TRUE,"traceable"
"stage1","raw_evidence","data/raw/search_runs/SEARCH-OBIS-20260808T082439Z/taxon_01.json","scripts/00_downloads/stage1/01_search_obis.R","",TRUE,262140,"8ad6c80088e06e9e3c69589e547f090a4c168ef4e35c1151f778bce2cd39629c","data/raw/search_runs/SEARCH-OBIS-20260808T082439Z/manifest.csv",FALSE,TRUE,"traceable"
"stage1","raw_evidence","data/raw/search_runs/SEARCH-OBIS-20260808T082439Z/taxon_02.json","scripts/00_downloads/stage1/01_search_obis.R","",TRUE,683210,"8a9c2e7a076f2a40cc2fbb143b94df3c9b9973e2bf99f81d32c90a73b0a41144","data/raw/search_runs/SEARCH-OBIS-20260808T082439Z/manifest.csv",FALSE,TRUE,"traceable"
"stage1","raw_evidence","data/raw/search_runs/SEARCH-OBIS-20260808T082439Z/taxon_03.json","scripts/00_downloads/stage1/01_search_obis.R","",TRUE,554909,"2d071bfd8b299ca3d023906a9f9262e8114dc6e9914b348e5c713ea6bb4cc38b","data/raw/search_runs/SEARCH-OBIS-20260808T082439Z/manifest.csv",FALSE,TRUE,"traceable"
"stage1","raw_evidence","data/raw/search_runs/SEARCH-OBIS-20260808T082439Z/taxon_04.json","scripts/00_downloads/stage1/01_search_obis.R","",TRUE,494087,"5ffc105c77eeb9a4f5cc117a81da8e254b9deb47181ca912a3824dbde5e0885e","data/raw/search_runs/SEARCH-OBIS-20260808T082439Z/manifest.csv",FALSE,TRUE,"traceable"
"stage1","raw_evidence","data/raw/search_runs/SEARCH-OBIS-20260808T082439Z/taxon_05.json","scripts/00_downloads/stage1/01_search_obis.R","",TRUE,882472,"7386af9bd1a4708c349aaf087dbc0ae7c7710bb8c64005de21de92367ef0b246","data/raw/search_runs/SEARCH-OBIS-20260808T082439Z/manifest.csv",FALSE,TRUE,"traceable"
"stage1","raw_evidence","data/raw/search_runs/SEARCH-OBIS-20260808T082439Z/taxon_06.json","scripts/00_downloads/stage1/01_search_obis.R","",TRUE,454802,"eee029adee33d17be98a62c7503a4a7149f3289b9033e7371bfea8e218d41cdc","data/raw/search_runs/SEARCH-OBIS-20260808T082439Z/manifest.csv",FALSE,TRUE,"traceable"
"stage1","raw_evidence","data/raw/search_runs/SEARCH-OBIS-20260808T103610Z/human_readable_log.txt","scripts/00_downloads/stage1/01_search_obis.R","",TRUE,1312,"6bdfe89e3eb7771090d41299095c670fff2bac55d4390a4176d30f0a0a994dc7","calculated_by_inventory_script_small_unregistered_raw",FALSE,TRUE,"traceable"
"stage1","raw_evidence","data/raw/search_runs/SEARCH-OBIS-20260808T103610Z/manifest.csv","scripts/00_downloads/stage1/01_search_obis.R","",TRUE,4107,"ce4f690e5ee279a9a5f328899cca550dd39541e5d9179cf850ed3d5a262b8133","calculated_by_inventory_script_small_unregistered_raw",FALSE,TRUE,"traceable"
"stage1","raw_evidence","data/raw/search_runs/SEARCH-OBIS-20260808T103610Z/run_summary.json","scripts/00_downloads/stage1/01_search_obis.R","",TRUE,600,"d5e19f40c084e41d7924a7f210149b6237879f624a94c9c2fa7976cb70b3778c","calculated_by_inventory_script_small_unregistered_raw",FALSE,TRUE,"traceable"
"stage1","raw_evidence","data/raw/search_runs/SEARCH-OBIS-20260808T103610Z/taxon_01.json","scripts/00_downloads/stage1/01_search_obis.R","",TRUE,262140,"8ad6c80088e06e9e3c69589e547f090a4c168ef4e35c1151f778bce2cd39629c","data/raw/search_runs/SEARCH-OBIS-20260808T103610Z/manifest.csv",FALSE,TRUE,"traceable"
"stage1","raw_evidence","data/raw/search_runs/SEARCH-OBIS-20260808T103610Z/taxon_02.json","scripts/00_downloads/stage1/01_search_obis.R","",TRUE,683210,"8a9c2e7a076f2a40cc2fbb143b94df3c9b9973e2bf99f81d32c90a73b0a41144","data/raw/search_runs/SEARCH-OBIS-20260808T103610Z/manifest.csv",FALSE,TRUE,"traceable"
"stage1","raw_evidence","data/raw/search_runs/SEARCH-OBIS-20260808T103610Z/taxon_03.json","scripts/00_downloads/stage1/01_search_obis.R","",TRUE,554909,"2d071bfd8b299ca3d023906a9f9262e8114dc6e9914b348e5c713ea6bb4cc38b","data/raw/search_runs/SEARCH-OBIS-20260808T103610Z/manifest.csv",FALSE,TRUE,"traceable"
"stage1","raw_evidence","data/raw/search_runs/SEARCH-OBIS-20260808T103610Z/taxon_04.json","scripts/00_downloads/stage1/01_search_obis.R","",TRUE,494087,"5ffc105c77eeb9a4f5cc117a81da8e254b9deb47181ca912a3824dbde5e0885e","data/raw/search_runs/SEARCH-OBIS-20260808T103610Z/manifest.csv",FALSE,TRUE,"traceable"
"stage1","raw_evidence","data/raw/search_runs/SEARCH-OBIS-20260808T103610Z/taxon_05.json","scripts/00_downloads/stage1/01_search_obis.R","",TRUE,882472,"7386af9bd1a4708c349aaf087dbc0ae7c7710bb8c64005de21de92367ef0b246","data/raw/search_runs/SEARCH-OBIS-20260808T103610Z/manifest.csv",FALSE,TRUE,"traceable"
"stage1","raw_evidence","data/raw/search_runs/SEARCH-OBIS-20260808T103610Z/taxon_06.json","scripts/00_downloads/stage1/01_search_obis.R","",TRUE,454802,"eee029adee33d17be98a62c7503a4a7149f3289b9033e7371bfea8e218d41cdc","data/raw/search_runs/SEARCH-OBIS-20260808T103610Z/manifest.csv",FALSE,TRUE,"traceable"
"stage1","raw_evidence","data/raw/search_runs/SEARCH-OBIS-20260808T105125Z/human_readable_log.txt","scripts/00_downloads/stage1/01_search_obis.R","",TRUE,1312,"69b4ae6b3e2ad657c83a38e9e7be9582e003ca4d88e109e1865495c9e9d19b9d","calculated_by_inventory_script_small_unregistered_raw",FALSE,TRUE,"traceable"
"stage1","raw_evidence","data/raw/search_runs/SEARCH-OBIS-20260808T105125Z/manifest.csv","scripts/00_downloads/stage1/01_search_obis.R","",TRUE,4107,"a659081421387ea9215e9c5148f5e5fc146b1858dc6a84ab23940b3146d7d721","calculated_by_inventory_script_small_unregistered_raw",FALSE,TRUE,"traceable"
"stage1","raw_evidence","data/raw/search_runs/SEARCH-OBIS-20260808T105125Z/run_summary.json","scripts/00_downloads/stage1/01_search_obis.R","",TRUE,600,"a25f46e979079f5061fd16c331e97fe5fe9c4ff0295e08be143eb403c957bbf0","calculated_by_inventory_script_small_unregistered_raw",FALSE,TRUE,"traceable"
"stage1","raw_evidence","data/raw/search_runs/SEARCH-OBIS-20260808T105125Z/taxon_01.json","scripts/00_downloads/stage1/01_search_obis.R","",TRUE,262140,"8ad6c80088e06e9e3c69589e547f090a4c168ef4e35c1151f778bce2cd39629c","data/raw/search_runs/SEARCH-OBIS-20260808T105125Z/manifest.csv",FALSE,TRUE,"traceable"
"stage1","raw_evidence","data/raw/search_runs/SEARCH-OBIS-20260808T105125Z/taxon_02.json","scripts/00_downloads/stage1/01_search_obis.R","",TRUE,683210,"8a9c2e7a076f2a40cc2fbb143b94df3c9b9973e2bf99f81d32c90a73b0a41144","data/raw/search_runs/SEARCH-OBIS-20260808T105125Z/manifest.csv",FALSE,TRUE,"traceable"
"stage1","raw_evidence","data/raw/search_runs/SEARCH-OBIS-20260808T105125Z/taxon_03.json","scripts/00_downloads/stage1/01_search_obis.R","",TRUE,554909,"2d071bfd8b299ca3d023906a9f9262e8114dc6e9914b348e5c713ea6bb4cc38b","data/raw/search_runs/SEARCH-OBIS-20260808T105125Z/manifest.csv",FALSE,TRUE,"traceable"
"stage1","raw_evidence","data/raw/search_runs/SEARCH-OBIS-20260808T105125Z/taxon_04.json","scripts/00_downloads/stage1/01_search_obis.R","",TRUE,494087,"5ffc105c77eeb9a4f5cc117a81da8e254b9deb47181ca912a3824dbde5e0885e","data/raw/search_runs/SEARCH-OBIS-20260808T105125Z/manifest.csv",FALSE,TRUE,"traceable"
"stage1","raw_evidence","data/raw/search_runs/SEARCH-OBIS-20260808T105125Z/taxon_05.json","scripts/00_downloads/stage1/01_search_obis.R","",TRUE,882472,"7386af9bd1a4708c349aaf087dbc0ae7c7710bb8c64005de21de92367ef0b246","data/raw/search_runs/SEARCH-OBIS-20260808T105125Z/manifest.csv",FALSE,TRUE,"traceable"
"stage1","raw_evidence","data/raw/search_runs/SEARCH-OBIS-20260808T105125Z/taxon_06.json","scripts/00_downloads/stage1/01_search_obis.R","",TRUE,454802,"eee029adee33d17be98a62c7503a4a7149f3289b9033e7371bfea8e218d41cdc","data/raw/search_runs/SEARCH-OBIS-20260808T105125Z/manifest.csv",FALSE,TRUE,"traceable"
"stage1","raw_evidence","data/raw/search_runs/SEARCH-PANGAEA-20260807T201431Z/manifest.json","scripts/00_downloads/stage1/01_search_pangaea.R","",TRUE,2190,"bd296188304ca0c64a36f832d244a4341fea93083fe88e8d89b4daefa49b1297","calculated_by_inventory_script_small_unregistered_raw",FALSE,TRUE,"traceable"
"stage1","raw_evidence","data/raw/search_runs/SEARCH-PANGAEA-20260807T201431Z/response_page_001.json","scripts/00_downloads/stage1/01_search_pangaea.R","",TRUE,16546322,"70567ef77d07c1705073632df1f9efdc279fa9c43f86bbb20fc866cd20987a55","calculated_by_inventory_script_small_unregistered_raw",FALSE,TRUE,"traceable"
"stage1","raw_evidence","data/raw/search_runs/SEARCH-PANGAEA-20260807T201431Z/response_page_002.json","scripts/00_downloads/stage1/01_search_pangaea.R","",TRUE,20187261,"a73f4653c667c3fbd011793ed4fd8cf489722c5ad0121a2cb6d0bd2465de094a","calculated_by_inventory_script_small_unregistered_raw",FALSE,TRUE,"traceable"
"stage1","raw_evidence","data/raw/search_runs/SEARCH-PANGAEA-20260807T201431Z/response_page_003.json","scripts/00_downloads/stage1/01_search_pangaea.R","",TRUE,16728528,"36c5db125d9cb8fc87fa1733acaa7ff65ea24a195f5fa225ded41cfe58395cd2","calculated_by_inventory_script_small_unregistered_raw",FALSE,TRUE,"traceable"
"stage1","raw_evidence","data/raw/search_runs/SEARCH-PANGAEA-20260807T201431Z/response_page_004.json","scripts/00_downloads/stage1/01_search_pangaea.R","",TRUE,22209867,"0a3960f95332d597d3641921d41ac7aeb320fb713e70a5cf7fac548f500afbe9","calculated_by_inventory_script_small_unregistered_raw",FALSE,TRUE,"traceable"
"stage1","raw_evidence","data/raw/search_runs/SEARCH-PANGAEA-20260807T201431Z/response_page_005.json","scripts/00_downloads/stage1/01_search_pangaea.R","",TRUE,15818510,"c9660883aa561bc9c04ef5238416a3129b654155b007c7d953703d0ca01dff50","calculated_by_inventory_script_small_unregistered_raw",FALSE,TRUE,"traceable"
"stage1","raw_evidence","data/raw/search_runs/SEARCH-PANGAEA-20260808T080353Z/manifest.csv","scripts/00_downloads/stage1/01_search_pangaea.R","",TRUE,6092,"3f0ecd2725a834200de0238154c10c4c48d7a59336fc98376babc83b48910352","calculated_by_inventory_script_small_unregistered_raw",FALSE,TRUE,"traceable"
"stage1","raw_evidence","data/raw/search_runs/SEARCH-PANGAEA-20260808T080353Z/response_page_0001.json","scripts/00_downloads/stage1/01_search_pangaea.R","",TRUE,12821177,"32c62ff1bd2d97bab4dea1f2464b8305fada4216a7c8f9dd0e6c5a5261903e47","data/raw/search_runs/SEARCH-PANGAEA-20260808T080353Z/manifest.csv",FALSE,TRUE,"traceable"
"stage1","raw_evidence","data/raw/search_runs/SEARCH-PANGAEA-20260808T080353Z/response_page_0002.json","scripts/00_downloads/stage1/01_search_pangaea.R","",TRUE,28632166,"b3e0af16b4b7726916fe08be9b02329f4b8654e6e373d9d29a38fa81d04c1db8","data/raw/search_runs/SEARCH-PANGAEA-20260808T080353Z/manifest.csv",FALSE,TRUE,"traceable"
"stage1","raw_evidence","data/raw/search_runs/SEARCH-PANGAEA-20260808T080353Z/response_page_0003.json","scripts/00_downloads/stage1/01_search_pangaea.R","",TRUE,60375627,"1af0a248ea3007c41b76c8deecc1fed43dc33bfe1dcd8206fae04a2504762e4e","data/raw/search_runs/SEARCH-PANGAEA-20260808T080353Z/manifest.csv",FALSE,TRUE,"traceable"
"stage1","raw_evidence","data/raw/search_runs/SEARCH-PANGAEA-20260808T080353Z/response_page_0004.json","scripts/00_downloads/stage1/01_search_pangaea.R","",TRUE,55421121,"b9005c0f1176985a0f217aca12aa4f6772587774e4fc93d0e7837513a8296c9a","data/raw/search_runs/SEARCH-PANGAEA-20260808T080353Z/manifest.csv",FALSE,TRUE,"traceable"
"stage1","raw_evidence","data/raw/search_runs/SEARCH-PANGAEA-20260808T080353Z/response_page_0005.json","scripts/00_downloads/stage1/01_search_pangaea.R","",TRUE,385,"c60bb32b7021fcf550a2687cdf23643b985ac644d34e25c9ed6c52ab1bb38721","data/raw/search_runs/SEARCH-PANGAEA-20260808T080353Z/manifest.csv",FALSE,TRUE,"traceable"
"stage1","raw_evidence","data/raw/search_runs/SEARCH-PANGAEA-20260808T080353Z/run_summary.json","scripts/00_downloads/stage1/01_search_pangaea.R","",TRUE,606,"72fbb44809adb0061aeeb90fcd7e9c210e3bf0e27bede6c177152afe5ff923a0","calculated_by_inventory_script_small_unregistered_raw",FALSE,TRUE,"traceable"
"stage1","raw_evidence","data/raw/search_runs/SEARCH-PANGAEA-20260808T082451Z/manifest.csv","scripts/00_downloads/stage1/01_search_pangaea.R","",TRUE,6092,"4e231b44836c6df07347b6d2cf1e5a6fd0875135883c44a784d97e3883a9fa2a","calculated_by_inventory_script_small_unregistered_raw",FALSE,TRUE,"traceable"
"stage1","raw_evidence","data/raw/search_runs/SEARCH-PANGAEA-20260808T082451Z/response_page_0001.json","scripts/00_downloads/stage1/01_search_pangaea.R","",TRUE,12821175,"ac76061f938d1ba433496f8389516ee3c65ab3b59393ce69b5694133c97f665b","data/raw/search_runs/SEARCH-PANGAEA-20260808T082451Z/manifest.csv",FALSE,TRUE,"traceable"
"stage1","raw_evidence","data/raw/search_runs/SEARCH-PANGAEA-20260808T082451Z/response_page_0002.json","scripts/00_downloads/stage1/01_search_pangaea.R","",TRUE,28632166,"c1d268afc645fe758074f16874b86445a8f0c0c1193d246e9749f2ed328085a2","data/raw/search_runs/SEARCH-PANGAEA-20260808T082451Z/manifest.csv",FALSE,TRUE,"traceable"
"stage1","raw_evidence","data/raw/search_runs/SEARCH-PANGAEA-20260808T082451Z/response_page_0003.json","scripts/00_downloads/stage1/01_search_pangaea.R","",TRUE,60375627,"654696e325d66fa067d191d455a769bd6472572e27eb965a7fdecdaa4bc15a7d","data/raw/search_runs/SEARCH-PANGAEA-20260808T082451Z/manifest.csv",FALSE,TRUE,"traceable"
"stage1","raw_evidence","data/raw/search_runs/SEARCH-PANGAEA-20260808T082451Z/response_page_0004.json","scripts/00_downloads/stage1/01_search_pangaea.R","",TRUE,55421121,"992f83db0dfec952eff38eb5a3a718d44e2fd119721b0bc581ee6cf524571581","data/raw/search_runs/SEARCH-PANGAEA-20260808T082451Z/manifest.csv",FALSE,TRUE,"traceable"
"stage1","raw_evidence","data/raw/search_runs/SEARCH-PANGAEA-20260808T082451Z/response_page_0005.json","scripts/00_downloads/stage1/01_search_pangaea.R","",TRUE,385,"4ff686b86bed43f08e83fb16d801339b5e8c2d28366aa585108a8a90f3531d3e","data/raw/search_runs/SEARCH-PANGAEA-20260808T082451Z/manifest.csv",FALSE,TRUE,"traceable"
"stage1","raw_evidence","data/raw/search_runs/SEARCH-PANGAEA-20260808T082451Z/run_summary.json","scripts/00_downloads/stage1/01_search_pangaea.R","",TRUE,606,"e907157423f45ef6a89d9d1dc6edb6a59d39368db8f30a238a7baada79af0da5","calculated_by_inventory_script_small_unregistered_raw",FALSE,TRUE,"traceable"
"stage1","raw_evidence","data/raw/search_runs/SEARCH-PANGAEA-20260808T103621Z/human_readable_log.txt","scripts/00_downloads/stage1/01_search_pangaea.R","",TRUE,2654,"90bb110a5147527afaa8af990fd6a49c8df3fce7d0aeaf3bef95bb817feded60","calculated_by_inventory_script_small_unregistered_raw",FALSE,TRUE,"traceable"
"stage1","raw_evidence","data/raw/search_runs/SEARCH-PANGAEA-20260808T103621Z/manifest.csv","scripts/00_downloads/stage1/01_search_pangaea.R","",TRUE,6092,"e6e8b44e46d26a6d10f62fb61461dee224a8d23b95ea36ed7cc954ce71478d49","calculated_by_inventory_script_small_unregistered_raw",FALSE,TRUE,"traceable"
"stage1","raw_evidence","data/raw/search_runs/SEARCH-PANGAEA-20260808T103621Z/response_page_0001.json","scripts/00_downloads/stage1/01_search_pangaea.R","",TRUE,12821177,"c4a0f8c5a7ae423b02cdb4a0d7ed0d78a70ad1b5327c8052dbb24c170be5a550","data/raw/search_runs/SEARCH-PANGAEA-20260808T103621Z/manifest.csv",FALSE,TRUE,"traceable"
"stage1","raw_evidence","data/raw/search_runs/SEARCH-PANGAEA-20260808T103621Z/response_page_0002.json","scripts/00_downloads/stage1/01_search_pangaea.R","",TRUE,28632166,"a9b059a8c0ab56ca0082db065b74480dc4560dc9d04789b17ced228f7494cf1d","data/raw/search_runs/SEARCH-PANGAEA-20260808T103621Z/manifest.csv",FALSE,TRUE,"traceable"
"stage1","raw_evidence","data/raw/search_runs/SEARCH-PANGAEA-20260808T103621Z/response_page_0003.json","scripts/00_downloads/stage1/01_search_pangaea.R","",TRUE,60375627,"bd59549b021eb1d4e69a8c52307bd26d6a465ea532d3749c7fa4f110845a5f8a","data/raw/search_runs/SEARCH-PANGAEA-20260808T103621Z/manifest.csv",FALSE,TRUE,"traceable"
"stage1","raw_evidence","data/raw/search_runs/SEARCH-PANGAEA-20260808T103621Z/response_page_0004.json","scripts/00_downloads/stage1/01_search_pangaea.R","",TRUE,55421121,"6465d94d08c6377650a969ca9b632e391839e4648efefa63a2bfc164487f162d","data/raw/search_runs/SEARCH-PANGAEA-20260808T103621Z/manifest.csv",FALSE,TRUE,"traceable"
"stage1","raw_evidence","data/raw/search_runs/SEARCH-PANGAEA-20260808T103621Z/response_page_0005.json","scripts/00_downloads/stage1/01_search_pangaea.R","",TRUE,385,"a5b26887dacf17e7c00d728085722f84d4e2285b2c4db50c333c873aa09ff6ed","data/raw/search_runs/SEARCH-PANGAEA-20260808T103621Z/manifest.csv",FALSE,TRUE,"traceable"
"stage1","raw_evidence","data/raw/search_runs/SEARCH-PANGAEA-20260808T103621Z/run_summary.json","scripts/00_downloads/stage1/01_search_pangaea.R","",TRUE,606,"307552e6cb6aaf1b7f3627aa3aca1060e328bae482ee05eed7730f313697ae45","calculated_by_inventory_script_small_unregistered_raw",FALSE,TRUE,"traceable"
"stage1","raw_evidence","data/raw/search_runs/SEARCH-PANGAEA-20260808T105207Z/human_readable_log.txt","scripts/00_downloads/stage1/01_search_pangaea.R","",TRUE,2654,"e2bc709fd952b609c679ff7cc876655829f65bbfd5da36e3ac3f50a761045110","calculated_by_inventory_script_small_unregistered_raw",FALSE,TRUE,"traceable"
"stage1","raw_evidence","data/raw/search_runs/SEARCH-PANGAEA-20260808T105207Z/manifest.csv","scripts/00_downloads/stage1/01_search_pangaea.R","",TRUE,6092,"0bd97d8b1d0feee808bea03da27bd4234463f5835278bb8a957281def3a9b432","calculated_by_inventory_script_small_unregistered_raw",FALSE,TRUE,"traceable"
"stage1","raw_evidence","data/raw/search_runs/SEARCH-PANGAEA-20260808T105207Z/response_page_0001.json","scripts/00_downloads/stage1/01_search_pangaea.R","",TRUE,12821175,"583eb8a0984a6b234bde5f4abdde6c397a76fd0c5a4313bd09378aae4ef21360","data/raw/search_runs/SEARCH-PANGAEA-20260808T105207Z/manifest.csv",FALSE,TRUE,"traceable"
"stage1","raw_evidence","data/raw/search_runs/SEARCH-PANGAEA-20260808T105207Z/response_page_0002.json","scripts/00_downloads/stage1/01_search_pangaea.R","",TRUE,28632166,"1fb7c27afb5f27964106aed56b0f0eb1b77998406ff0e19e7d4f7a1ac83810a3","data/raw/search_runs/SEARCH-PANGAEA-20260808T105207Z/manifest.csv",FALSE,TRUE,"traceable"
"stage1","raw_evidence","data/raw/search_runs/SEARCH-PANGAEA-20260808T105207Z/response_page_0003.json","scripts/00_downloads/stage1/01_search_pangaea.R","",TRUE,60375627,"1aca35f92540741b79120bc9ea8d286bb6e98cc5fe35b8f3af5bc8860fea5d86","data/raw/search_runs/SEARCH-PANGAEA-20260808T105207Z/manifest.csv",FALSE,TRUE,"traceable"
"stage1","raw_evidence","data/raw/search_runs/SEARCH-PANGAEA-20260808T105207Z/response_page_0004.json","scripts/00_downloads/stage1/01_search_pangaea.R","",TRUE,55421121,"f933a21d3e94d22d9dc74401e7656f0554b3a5a32dc5f6a20881bdcc337f3366","data/raw/search_runs/SEARCH-PANGAEA-20260808T105207Z/manifest.csv",FALSE,TRUE,"traceable"
"stage1","raw_evidence","data/raw/search_runs/SEARCH-PANGAEA-20260808T105207Z/response_page_0005.json","scripts/00_downloads/stage1/01_search_pangaea.R","",TRUE,385,"288e88535f304ead3575815b7b1060fc574e5457acd179ee0347fdf3013887bc","data/raw/search_runs/SEARCH-PANGAEA-20260808T105207Z/manifest.csv",FALSE,TRUE,"traceable"
"stage1","raw_evidence","data/raw/search_runs/SEARCH-PANGAEA-20260808T105207Z/run_summary.json","scripts/00_downloads/stage1/01_search_pangaea.R","",TRUE,606,"82ffc0b76508e5aff89b2fee77a71fa139da24cc00b2b026201d7cf4b60ddd25","calculated_by_inventory_script_small_unregistered_raw",FALSE,TRUE,"traceable"
"stage1","raw_evidence","data/raw/search_runs/SEARCH-PLET-20260808T080225Z/automation_guidance.txt","scripts/00_downloads/stage1/01_search_plet.R","",TRUE,3832,"ea6a9629d1b50b26855f9c935727260d7eb1b4d7c0d51f413aded3e93c9580c8","data/raw/search_runs/SEARCH-PLET-20260808T080225Z/manifest.csv",FALSE,TRUE,"traceable"
"stage1","raw_evidence","data/raw/search_runs/SEARCH-PLET-20260808T080225Z/catalogue.html","scripts/00_downloads/stage1/01_search_plet.R","",TRUE,53681,"369b7ab7a475c4c25a18149e8a4e3e35138b0ad8ef49007eeda23b89f9b4a616","data/raw/search_runs/SEARCH-PLET-20260808T080225Z/manifest.csv",FALSE,TRUE,"traceable"
"stage1","raw_evidence","data/raw/search_runs/SEARCH-PLET-20260808T080225Z/manifest.csv","scripts/00_downloads/stage1/01_search_plet.R","",TRUE,1487,"4a75f4f0d1c1c0d9e58b0e98c4013be52568c99d4a3a2174e0d557eb1bfb00f0","calculated_by_inventory_script_small_unregistered_raw",FALSE,TRUE,"traceable"
"stage1","raw_evidence","data/raw/search_runs/SEARCH-PLET-20260808T080225Z/run_summary.json","scripts/00_downloads/stage1/01_search_plet.R","",TRUE,677,"d5979c1cbae4a7988fd8e2be6e025fe99abcb9e98a5a13a4f8de8dd5d5b67a01","calculated_by_inventory_script_small_unregistered_raw",FALSE,TRUE,"traceable"
"stage1","raw_evidence","data/raw/search_runs/SEARCH-PLET-20260808T080304Z/automation_guidance.txt","scripts/00_downloads/stage1/01_search_plet.R","",TRUE,3832,"ea6a9629d1b50b26855f9c935727260d7eb1b4d7c0d51f413aded3e93c9580c8","data/raw/search_runs/SEARCH-PLET-20260808T080304Z/manifest.csv",FALSE,TRUE,"traceable"
"stage1","raw_evidence","data/raw/search_runs/SEARCH-PLET-20260808T080304Z/catalogue.html","scripts/00_downloads/stage1/01_search_plet.R","",TRUE,53681,"369b7ab7a475c4c25a18149e8a4e3e35138b0ad8ef49007eeda23b89f9b4a616","data/raw/search_runs/SEARCH-PLET-20260808T080304Z/manifest.csv",FALSE,TRUE,"traceable"
"stage1","raw_evidence","data/raw/search_runs/SEARCH-PLET-20260808T080304Z/manifest.csv","scripts/00_downloads/stage1/01_search_plet.R","",TRUE,1487,"ef4171bc2c89f78d043e37dab4aabdeea40f28cb47697e1e522337a1f102811f","calculated_by_inventory_script_small_unregistered_raw",FALSE,TRUE,"traceable"
"stage1","raw_evidence","data/raw/search_runs/SEARCH-PLET-20260808T080304Z/run_summary.json","scripts/00_downloads/stage1/01_search_plet.R","",TRUE,677,"d06f95b6c63160146e7e76ac9b9c11123e504de70da5bc3aa3e8f1acd2f9df70","calculated_by_inventory_script_small_unregistered_raw",FALSE,TRUE,"traceable"
"stage1","raw_evidence","data/raw/search_runs/SEARCH-PLET-20260808T082415Z/automation_guidance.txt","scripts/00_downloads/stage1/01_search_plet.R","",TRUE,3832,"ea6a9629d1b50b26855f9c935727260d7eb1b4d7c0d51f413aded3e93c9580c8","data/raw/search_runs/SEARCH-PLET-20260808T082415Z/manifest.csv",FALSE,TRUE,"traceable"
"stage1","raw_evidence","data/raw/search_runs/SEARCH-PLET-20260808T082415Z/catalogue.html","scripts/00_downloads/stage1/01_search_plet.R","",TRUE,53681,"369b7ab7a475c4c25a18149e8a4e3e35138b0ad8ef49007eeda23b89f9b4a616","data/raw/search_runs/SEARCH-PLET-20260808T082415Z/manifest.csv",FALSE,TRUE,"traceable"
"stage1","raw_evidence","data/raw/search_runs/SEARCH-PLET-20260808T082415Z/manifest.csv","scripts/00_downloads/stage1/01_search_plet.R","",TRUE,1487,"02c2de5c5e5bbd2ad2366a69ebc6e94d263e225135c3deb4cf4a6ed209eaf983","calculated_by_inventory_script_small_unregistered_raw",FALSE,TRUE,"traceable"
"stage1","raw_evidence","data/raw/search_runs/SEARCH-PLET-20260808T082415Z/run_summary.json","scripts/00_downloads/stage1/01_search_plet.R","",TRUE,677,"94c80fc77fded4fc77baef51bfb5fc639a0a3d7904c79ad547019f3b35f4af71","calculated_by_inventory_script_small_unregistered_raw",FALSE,TRUE,"traceable"
"stage1","raw_evidence","data/raw/search_runs/SEARCH-PLET-20260808T103545Z/automation_guidance.txt","scripts/00_downloads/stage1/01_search_plet.R","",TRUE,3832,"ea6a9629d1b50b26855f9c935727260d7eb1b4d7c0d51f413aded3e93c9580c8","data/raw/search_runs/SEARCH-PLET-20260808T103545Z/manifest.csv",FALSE,TRUE,"traceable"
"stage1","raw_evidence","data/raw/search_runs/SEARCH-PLET-20260808T103545Z/catalogue.html","scripts/00_downloads/stage1/01_search_plet.R","",TRUE,53681,"369b7ab7a475c4c25a18149e8a4e3e35138b0ad8ef49007eeda23b89f9b4a616","data/raw/search_runs/SEARCH-PLET-20260808T103545Z/manifest.csv",FALSE,TRUE,"traceable"
"stage1","raw_evidence","data/raw/search_runs/SEARCH-PLET-20260808T103545Z/human_readable_log.txt","scripts/00_downloads/stage1/01_search_plet.R","",TRUE,1214,"1a8727f37723712c8799d9ad59f4cc2ee8d9d3cff5b8d78fe90bc8d8cade432b","calculated_by_inventory_script_small_unregistered_raw",FALSE,TRUE,"traceable"
"stage1","raw_evidence","data/raw/search_runs/SEARCH-PLET-20260808T103545Z/manifest.csv","scripts/00_downloads/stage1/01_search_plet.R","",TRUE,1487,"f0bdb42606660820fff49cd4c389bc2dd90848651523f4758d2a2000fc8e5dde","calculated_by_inventory_script_small_unregistered_raw",FALSE,TRUE,"traceable"
"stage1","raw_evidence","data/raw/search_runs/SEARCH-PLET-20260808T103545Z/run_summary.json","scripts/00_downloads/stage1/01_search_plet.R","",TRUE,677,"c5b821121884c203e00f1743e64e6aedbb241764c26da4d5b160e3f9c90be1c3","calculated_by_inventory_script_small_unregistered_raw",FALSE,TRUE,"traceable"
"stage1","raw_evidence","data/raw/search_runs/SEARCH-PLET-20260808T105059Z/automation_guidance.txt","scripts/00_downloads/stage1/01_search_plet.R","",TRUE,3832,"ea6a9629d1b50b26855f9c935727260d7eb1b4d7c0d51f413aded3e93c9580c8","data/raw/search_runs/SEARCH-PLET-20260808T105059Z/manifest.csv",FALSE,TRUE,"traceable"
"stage1","raw_evidence","data/raw/search_runs/SEARCH-PLET-20260808T105059Z/catalogue.html","scripts/00_downloads/stage1/01_search_plet.R","",TRUE,53681,"369b7ab7a475c4c25a18149e8a4e3e35138b0ad8ef49007eeda23b89f9b4a616","data/raw/search_runs/SEARCH-PLET-20260808T105059Z/manifest.csv",FALSE,TRUE,"traceable"
"stage1","raw_evidence","data/raw/search_runs/SEARCH-PLET-20260808T105059Z/human_readable_log.txt","scripts/00_downloads/stage1/01_search_plet.R","",TRUE,1214,"d3f9680f621507c276674e013d0eec86ac78dd03293d5f05f391c144bcc8b03e","calculated_by_inventory_script_small_unregistered_raw",FALSE,TRUE,"traceable"
"stage1","raw_evidence","data/raw/search_runs/SEARCH-PLET-20260808T105059Z/manifest.csv","scripts/00_downloads/stage1/01_search_plet.R","",TRUE,1487,"d0e12fa71b5b2dddf6c7681f3c2f35511c6f76e4df727ef7ecc37600a337a1b1","calculated_by_inventory_script_small_unregistered_raw",FALSE,TRUE,"traceable"
"stage1","raw_evidence","data/raw/search_runs/SEARCH-PLET-20260808T105059Z/run_summary.json","scripts/00_downloads/stage1/01_search_plet.R","",TRUE,677,"e8f6a6ba913ecd0f11fcc078a38ed2bcf6bc8c410e2676dd24daea392b8f0186","calculated_by_inventory_script_small_unregistered_raw",FALSE,TRUE,"traceable"
"stage1","raw_evidence","data/raw/search_runs/SEARCH-SCOTMARINE-20260808T081227Z/catalogue_page_0000.json","scripts/00_downloads/stage1/01_search_scot_marine.R","",TRUE,8147,"622440b0a45e50bf1a19d70dbe9fd704f46a0989e046c7536e4a2eff3ce10db2","data/raw/search_runs/SEARCH-SCOTMARINE-20260808T081227Z/manifest.csv",FALSE,TRUE,"traceable"
"stage1","raw_evidence","data/raw/search_runs/SEARCH-SCOTMARINE-20260808T081227Z/catalogue_page_0001.json","scripts/00_downloads/stage1/01_search_scot_marine.R","",TRUE,8037,"16ef4d6fa560f2eb8617a14e7da0e465cb52a83318b2a5383fc893674304a714","data/raw/search_runs/SEARCH-SCOTMARINE-20260808T081227Z/manifest.csv",FALSE,TRUE,"traceable"
"stage1","raw_evidence","data/raw/search_runs/SEARCH-SCOTMARINE-20260808T081227Z/catalogue_page_0002.json","scripts/00_downloads/stage1/01_search_scot_marine.R","",TRUE,8064,"ceedd4a70f43d8603301125d871d33093f02243a74e89c0ff9bd4fea1567163e","data/raw/search_runs/SEARCH-SCOTMARINE-20260808T081227Z/manifest.csv",FALSE,TRUE,"traceable"
"stage1","raw_evidence","data/raw/search_runs/SEARCH-SCOTMARINE-20260808T081227Z/catalogue_page_0003.json","scripts/00_downloads/stage1/01_search_scot_marine.R","",TRUE,8053,"797deb4df52f5c18fca86491d71caf7e34aa642659ac8d07245511231cc3f4e6","data/raw/search_runs/SEARCH-SCOTMARINE-20260808T081227Z/manifest.csv",FALSE,TRUE,"traceable"
"stage1","raw_evidence","data/raw/search_runs/SEARCH-SCOTMARINE-20260808T081227Z/catalogue_page_0004.json","scripts/00_downloads/stage1/01_search_scot_marine.R","",TRUE,8107,"7f5883f8f3e466ce18b0379a7debee9ff9103bd531f6b673898de9e046d774d9","data/raw/search_runs/SEARCH-SCOTMARINE-20260808T081227Z/manifest.csv",FALSE,TRUE,"traceable"
"stage1","raw_evidence","data/raw/search_runs/SEARCH-SCOTMARINE-20260808T081227Z/catalogue_page_0005.json","scripts/00_downloads/stage1/01_search_scot_marine.R","",TRUE,7979,"9d8f8c2f0b5d5ae4cbb8eff6776fdc61d3f8e71d9cfc2275474f37937439570d","data/raw/search_runs/SEARCH-SCOTMARINE-20260808T081227Z/manifest.csv",FALSE,TRUE,"traceable"
"stage1","raw_evidence","data/raw/search_runs/SEARCH-SCOTMARINE-20260808T081227Z/catalogue_page_0006.json","scripts/00_downloads/stage1/01_search_scot_marine.R","",TRUE,8391,"d311e23abd64deca00f547b920d84adc503d3aa2c9402e5cf23782b655955d34","data/raw/search_runs/SEARCH-SCOTMARINE-20260808T081227Z/manifest.csv",FALSE,TRUE,"traceable"
"stage1","raw_evidence","data/raw/search_runs/SEARCH-SCOTMARINE-20260808T081227Z/catalogue_page_0007.json","scripts/00_downloads/stage1/01_search_scot_marine.R","",TRUE,8146,"2e1fb5048e3181300364e483b1bba9736d940852e73e0b9e0d3560442a72da98","data/raw/search_runs/SEARCH-SCOTMARINE-20260808T081227Z/manifest.csv",FALSE,TRUE,"traceable"
"stage1","raw_evidence","data/raw/search_runs/SEARCH-SCOTMARINE-20260808T081227Z/catalogue_page_0008.json","scripts/00_downloads/stage1/01_search_scot_marine.R","",TRUE,7979,"1b4a0ca2895a1ea17fa1975624cad7bd326cc985fede1ee2a1c2dc33ff33b0a3","data/raw/search_runs/SEARCH-SCOTMARINE-20260808T081227Z/manifest.csv",FALSE,TRUE,"traceable"
"stage1","raw_evidence","data/raw/search_runs/SEARCH-SCOTMARINE-20260808T081227Z/catalogue_page_0009.json","scripts/00_downloads/stage1/01_search_scot_marine.R","",TRUE,7897,"f4de74ac5ff19675b26ad12ab4d1f96361011c10b92442eb13a529a2ae878207","data/raw/search_runs/SEARCH-SCOTMARINE-20260808T081227Z/manifest.csv",FALSE,TRUE,"traceable"
"stage1","raw_evidence","data/raw/search_runs/SEARCH-SCOTMARINE-20260808T081227Z/catalogue_page_0010.json","scripts/00_downloads/stage1/01_search_scot_marine.R","",TRUE,8097,"e19474ce8ad1c33bec67ab4ca9426018653b81270c8500511e09836f7ba17020","data/raw/search_runs/SEARCH-SCOTMARINE-20260808T081227Z/manifest.csv",FALSE,TRUE,"traceable"
"stage1","raw_evidence","data/raw/search_runs/SEARCH-SCOTMARINE-20260808T081227Z/catalogue_page_0011.json","scripts/00_downloads/stage1/01_search_scot_marine.R","",TRUE,8168,"00d3a4095e0ec1176ce0df46470a8152e401b42766f1ea9898ff436eb97c09c1","data/raw/search_runs/SEARCH-SCOTMARINE-20260808T081227Z/manifest.csv",FALSE,TRUE,"traceable"
"stage1","raw_evidence","data/raw/search_runs/SEARCH-SCOTMARINE-20260808T081227Z/catalogue_page_0012.json","scripts/00_downloads/stage1/01_search_scot_marine.R","",TRUE,8244,"196a09c5b594c550ba48ad4fcd7940996af4ce4c18469168affb0ee63aed0496","data/raw/search_runs/SEARCH-SCOTMARINE-20260808T081227Z/manifest.csv",FALSE,TRUE,"traceable"
"stage1","raw_evidence","data/raw/search_runs/SEARCH-SCOTMARINE-20260808T081227Z/catalogue_page_0013.json","scripts/00_downloads/stage1/01_search_scot_marine.R","",TRUE,8119,"e81e4b243ccbf9be98916ba3f438d5237505d75a0374b6225d41b4448db72504","data/raw/search_runs/SEARCH-SCOTMARINE-20260808T081227Z/manifest.csv",FALSE,TRUE,"traceable"
"stage1","raw_evidence","data/raw/search_runs/SEARCH-SCOTMARINE-20260808T081227Z/catalogue_page_0014.json","scripts/00_downloads/stage1/01_search_scot_marine.R","",TRUE,7759,"e44b8e4d6fe24a4994bb87cfe4a518552d4cd8e343e1ba189ac96d5f5f7f535e","data/raw/search_runs/SEARCH-SCOTMARINE-20260808T081227Z/manifest.csv",FALSE,TRUE,"traceable"
"stage1","raw_evidence","data/raw/search_runs/SEARCH-SCOTMARINE-20260808T081227Z/catalogue_page_0015.json","scripts/00_downloads/stage1/01_search_scot_marine.R","",TRUE,7434,"68ce530fd89a8578a59fc26ab51a965a70e00bd3c1e3eb3442021af63b69d28e","data/raw/search_runs/SEARCH-SCOTMARINE-20260808T081227Z/manifest.csv",FALSE,TRUE,"traceable"
"stage1","raw_evidence","data/raw/search_runs/SEARCH-SCOTMARINE-20260808T081227Z/catalogue_page_0016.json","scripts/00_downloads/stage1/01_search_scot_marine.R","",TRUE,7472,"3d99dfb96476492bbe3d81ead98f0b61361f7723d8e6c3bc5d5ada2dd0de36ed","data/raw/search_runs/SEARCH-SCOTMARINE-20260808T081227Z/manifest.csv",FALSE,TRUE,"traceable"
"stage1","raw_evidence","data/raw/search_runs/SEARCH-SCOTMARINE-20260808T081227Z/catalogue_page_0017.json","scripts/00_downloads/stage1/01_search_scot_marine.R","",TRUE,7941,"199b4eaec58d3edb7bd2ca01a85bc704a67d3791892a2c0946b998a491533888","data/raw/search_runs/SEARCH-SCOTMARINE-20260808T081227Z/manifest.csv",FALSE,TRUE,"traceable"
"stage1","raw_evidence","data/raw/search_runs/SEARCH-SCOTMARINE-20260808T081227Z/catalogue_page_0018.json","scripts/00_downloads/stage1/01_search_scot_marine.R","",TRUE,8180,"d05c53449e7124e70cc4b233402c0daf9f9986d1d1d62b853c9a0b5b805ea33f","data/raw/search_runs/SEARCH-SCOTMARINE-20260808T081227Z/manifest.csv",FALSE,TRUE,"traceable"
"stage1","raw_evidence","data/raw/search_runs/SEARCH-SCOTMARINE-20260808T081227Z/catalogue_page_0019.json","scripts/00_downloads/stage1/01_search_scot_marine.R","",TRUE,6801,"d9f1b128503467db5ba08875a19021fbcc0178152e2af6712d68d0125f4c7502","data/raw/search_runs/SEARCH-SCOTMARINE-20260808T081227Z/manifest.csv",FALSE,TRUE,"traceable"
"stage1","raw_evidence","data/raw/search_runs/SEARCH-SCOTMARINE-20260808T081227Z/catalogue_page_0020.json","scripts/00_downloads/stage1/01_search_scot_marine.R","",TRUE,2,"4f53cda18c2baa0c0354bb5f9a3ecbe5ed12ab4d8e11ba873c2f11161202b945","data/raw/search_runs/SEARCH-SCOTMARINE-20260808T081227Z/manifest.csv",FALSE,TRUE,"traceable"
"stage1","raw_evidence","data/raw/search_runs/SEARCH-SCOTMARINE-20260808T081227Z/manifest.csv","scripts/00_downloads/stage1/01_search_scot_marine.R","",TRUE,14118,"f2b47291c83f0d08ac731ac559d79d68d3e4f75f14e85e4cd6e590a072f34d3a","calculated_by_inventory_script_small_unregistered_raw",FALSE,TRUE,"traceable"
"stage1","raw_evidence","data/raw/search_runs/SEARCH-SCOTMARINE-20260808T081227Z/run_summary.json","scripts/00_downloads/stage1/01_search_scot_marine.R","",TRUE,618,"d2f272798083178270be2af1c97d5e080e36213b0075bfdae2aca36229e5d8d0","calculated_by_inventory_script_small_unregistered_raw",FALSE,TRUE,"traceable"
"stage1","raw_evidence","data/raw/search_runs/SEARCH-SCOTMARINE-20260808T103649Z/catalogue_page_0000.json","scripts/00_downloads/stage1/01_search_scot_marine.R","",TRUE,8147,"622440b0a45e50bf1a19d70dbe9fd704f46a0989e046c7536e4a2eff3ce10db2","data/raw/search_runs/SEARCH-SCOTMARINE-20260808T103649Z/manifest.csv",FALSE,TRUE,"traceable"
"stage1","raw_evidence","data/raw/search_runs/SEARCH-SCOTMARINE-20260808T103649Z/catalogue_page_0001.json","scripts/00_downloads/stage1/01_search_scot_marine.R","",TRUE,8037,"16ef4d6fa560f2eb8617a14e7da0e465cb52a83318b2a5383fc893674304a714","data/raw/search_runs/SEARCH-SCOTMARINE-20260808T103649Z/manifest.csv",FALSE,TRUE,"traceable"
"stage1","raw_evidence","data/raw/search_runs/SEARCH-SCOTMARINE-20260808T103649Z/catalogue_page_0002.json","scripts/00_downloads/stage1/01_search_scot_marine.R","",TRUE,8064,"ceedd4a70f43d8603301125d871d33093f02243a74e89c0ff9bd4fea1567163e","data/raw/search_runs/SEARCH-SCOTMARINE-20260808T103649Z/manifest.csv",FALSE,TRUE,"traceable"
"stage1","raw_evidence","data/raw/search_runs/SEARCH-SCOTMARINE-20260808T103649Z/catalogue_page_0003.json","scripts/00_downloads/stage1/01_search_scot_marine.R","",TRUE,8053,"797deb4df52f5c18fca86491d71caf7e34aa642659ac8d07245511231cc3f4e6","data/raw/search_runs/SEARCH-SCOTMARINE-20260808T103649Z/manifest.csv",FALSE,TRUE,"traceable"
"stage1","raw_evidence","data/raw/search_runs/SEARCH-SCOTMARINE-20260808T103649Z/catalogue_page_0004.json","scripts/00_downloads/stage1/01_search_scot_marine.R","",TRUE,8107,"7f5883f8f3e466ce18b0379a7debee9ff9103bd531f6b673898de9e046d774d9","data/raw/search_runs/SEARCH-SCOTMARINE-20260808T103649Z/manifest.csv",FALSE,TRUE,"traceable"
"stage1","raw_evidence","data/raw/search_runs/SEARCH-SCOTMARINE-20260808T103649Z/catalogue_page_0005.json","scripts/00_downloads/stage1/01_search_scot_marine.R","",TRUE,7979,"9d8f8c2f0b5d5ae4cbb8eff6776fdc61d3f8e71d9cfc2275474f37937439570d","data/raw/search_runs/SEARCH-SCOTMARINE-20260808T103649Z/manifest.csv",FALSE,TRUE,"traceable"
"stage1","raw_evidence","data/raw/search_runs/SEARCH-SCOTMARINE-20260808T103649Z/catalogue_page_0006.json","scripts/00_downloads/stage1/01_search_scot_marine.R","",TRUE,8391,"d311e23abd64deca00f547b920d84adc503d3aa2c9402e5cf23782b655955d34","data/raw/search_runs/SEARCH-SCOTMARINE-20260808T103649Z/manifest.csv",FALSE,TRUE,"traceable"
"stage1","raw_evidence","data/raw/search_runs/SEARCH-SCOTMARINE-20260808T103649Z/catalogue_page_0007.json","scripts/00_downloads/stage1/01_search_scot_marine.R","",TRUE,8146,"2e1fb5048e3181300364e483b1bba9736d940852e73e0b9e0d3560442a72da98","data/raw/search_runs/SEARCH-SCOTMARINE-20260808T103649Z/manifest.csv",FALSE,TRUE,"traceable"
"stage1","raw_evidence","data/raw/search_runs/SEARCH-SCOTMARINE-20260808T103649Z/catalogue_page_0008.json","scripts/00_downloads/stage1/01_search_scot_marine.R","",TRUE,7979,"1b4a0ca2895a1ea17fa1975624cad7bd326cc985fede1ee2a1c2dc33ff33b0a3","data/raw/search_runs/SEARCH-SCOTMARINE-20260808T103649Z/manifest.csv",FALSE,TRUE,"traceable"
"stage1","raw_evidence","data/raw/search_runs/SEARCH-SCOTMARINE-20260808T103649Z/catalogue_page_0009.json","scripts/00_downloads/stage1/01_search_scot_marine.R","",TRUE,7897,"f4de74ac5ff19675b26ad12ab4d1f96361011c10b92442eb13a529a2ae878207","data/raw/search_runs/SEARCH-SCOTMARINE-20260808T103649Z/manifest.csv",FALSE,TRUE,"traceable"
"stage1","raw_evidence","data/raw/search_runs/SEARCH-SCOTMARINE-20260808T103649Z/catalogue_page_0010.json","scripts/00_downloads/stage1/01_search_scot_marine.R","",TRUE,8097,"e19474ce8ad1c33bec67ab4ca9426018653b81270c8500511e09836f7ba17020","data/raw/search_runs/SEARCH-SCOTMARINE-20260808T103649Z/manifest.csv",FALSE,TRUE,"traceable"
"stage1","raw_evidence","data/raw/search_runs/SEARCH-SCOTMARINE-20260808T103649Z/catalogue_page_0011.json","scripts/00_downloads/stage1/01_search_scot_marine.R","",TRUE,8168,"00d3a4095e0ec1176ce0df46470a8152e401b42766f1ea9898ff436eb97c09c1","data/raw/search_runs/SEARCH-SCOTMARINE-20260808T103649Z/manifest.csv",FALSE,TRUE,"traceable"
"stage1","raw_evidence","data/raw/search_runs/SEARCH-SCOTMARINE-20260808T103649Z/catalogue_page_0012.json","scripts/00_downloads/stage1/01_search_scot_marine.R","",TRUE,8244,"196a09c5b594c550ba48ad4fcd7940996af4ce4c18469168affb0ee63aed0496","data/raw/search_runs/SEARCH-SCOTMARINE-20260808T103649Z/manifest.csv",FALSE,TRUE,"traceable"
"stage1","raw_evidence","data/raw/search_runs/SEARCH-SCOTMARINE-20260808T103649Z/catalogue_page_0013.json","scripts/00_downloads/stage1/01_search_scot_marine.R","",TRUE,8119,"e81e4b243ccbf9be98916ba3f438d5237505d75a0374b6225d41b4448db72504","data/raw/search_runs/SEARCH-SCOTMARINE-20260808T103649Z/manifest.csv",FALSE,TRUE,"traceable"
"stage1","raw_evidence","data/raw/search_runs/SEARCH-SCOTMARINE-20260808T103649Z/catalogue_page_0014.json","scripts/00_downloads/stage1/01_search_scot_marine.R","",TRUE,7759,"e44b8e4d6fe24a4994bb87cfe4a518552d4cd8e343e1ba189ac96d5f5f7f535e","data/raw/search_runs/SEARCH-SCOTMARINE-20260808T103649Z/manifest.csv",FALSE,TRUE,"traceable"
"stage1","raw_evidence","data/raw/search_runs/SEARCH-SCOTMARINE-20260808T103649Z/catalogue_page_0015.json","scripts/00_downloads/stage1/01_search_scot_marine.R","",TRUE,7434,"68ce530fd89a8578a59fc26ab51a965a70e00bd3c1e3eb3442021af63b69d28e","data/raw/search_runs/SEARCH-SCOTMARINE-20260808T103649Z/manifest.csv",FALSE,TRUE,"traceable"
"stage1","raw_evidence","data/raw/search_runs/SEARCH-SCOTMARINE-20260808T103649Z/catalogue_page_0016.json","scripts/00_downloads/stage1/01_search_scot_marine.R","",TRUE,7472,"3d99dfb96476492bbe3d81ead98f0b61361f7723d8e6c3bc5d5ada2dd0de36ed","data/raw/search_runs/SEARCH-SCOTMARINE-20260808T103649Z/manifest.csv",FALSE,TRUE,"traceable"
"stage1","raw_evidence","data/raw/search_runs/SEARCH-SCOTMARINE-20260808T103649Z/catalogue_page_0017.json","scripts/00_downloads/stage1/01_search_scot_marine.R","",TRUE,7941,"199b4eaec58d3edb7bd2ca01a85bc704a67d3791892a2c0946b998a491533888","data/raw/search_runs/SEARCH-SCOTMARINE-20260808T103649Z/manifest.csv",FALSE,TRUE,"traceable"
"stage1","raw_evidence","data/raw/search_runs/SEARCH-SCOTMARINE-20260808T103649Z/catalogue_page_0018.json","scripts/00_downloads/stage1/01_search_scot_marine.R","",TRUE,8180,"d05c53449e7124e70cc4b233402c0daf9f9986d1d1d62b853c9a0b5b805ea33f","data/raw/search_runs/SEARCH-SCOTMARINE-20260808T103649Z/manifest.csv",FALSE,TRUE,"traceable"
"stage1","raw_evidence","data/raw/search_runs/SEARCH-SCOTMARINE-20260808T103649Z/catalogue_page_0019.json","scripts/00_downloads/stage1/01_search_scot_marine.R","",TRUE,6801,"d9f1b128503467db5ba08875a19021fbcc0178152e2af6712d68d0125f4c7502","data/raw/search_runs/SEARCH-SCOTMARINE-20260808T103649Z/manifest.csv",FALSE,TRUE,"traceable"
"stage1","raw_evidence","data/raw/search_runs/SEARCH-SCOTMARINE-20260808T103649Z/catalogue_page_0020.json","scripts/00_downloads/stage1/01_search_scot_marine.R","",TRUE,2,"4f53cda18c2baa0c0354bb5f9a3ecbe5ed12ab4d8e11ba873c2f11161202b945","data/raw/search_runs/SEARCH-SCOTMARINE-20260808T103649Z/manifest.csv",FALSE,TRUE,"traceable"
"stage1","raw_evidence","data/raw/search_runs/SEARCH-SCOTMARINE-20260808T103649Z/human_readable_log.txt","scripts/00_downloads/stage1/01_search_scot_marine.R","",TRUE,2921,"118cc9606474abb7e1bde0f41033f3f40f6700d7e9e33c105aa59418c9e58e8f","calculated_by_inventory_script_small_unregistered_raw",FALSE,TRUE,"traceable"
"stage1","raw_evidence","data/raw/search_runs/SEARCH-SCOTMARINE-20260808T103649Z/manifest.csv","scripts/00_downloads/stage1/01_search_scot_marine.R","",TRUE,14118,"63cb55e7962a947d6c3ce860e45fc5d745ecade11345c8e99f46af86cadf7e1d","calculated_by_inventory_script_small_unregistered_raw",FALSE,TRUE,"traceable"
"stage1","raw_evidence","data/raw/search_runs/SEARCH-SCOTMARINE-20260808T103649Z/run_summary.json","scripts/00_downloads/stage1/01_search_scot_marine.R","",TRUE,618,"0615ae110509cc77a10d5317aa22b5967ff780a80d359d9114e6b09cbb7408f0","calculated_by_inventory_script_small_unregistered_raw",FALSE,TRUE,"traceable"
"stage1","raw_evidence","data/raw/search_runs/SEARCH-SCOTMARINE-20260808T105229Z/catalogue_page_0000.json","scripts/00_downloads/stage1/01_search_scot_marine.R","",TRUE,8147,"622440b0a45e50bf1a19d70dbe9fd704f46a0989e046c7536e4a2eff3ce10db2","data/raw/search_runs/SEARCH-SCOTMARINE-20260808T105229Z/manifest.csv",FALSE,TRUE,"traceable"
"stage1","raw_evidence","data/raw/search_runs/SEARCH-SCOTMARINE-20260808T105229Z/catalogue_page_0001.json","scripts/00_downloads/stage1/01_search_scot_marine.R","",TRUE,8037,"16ef4d6fa560f2eb8617a14e7da0e465cb52a83318b2a5383fc893674304a714","data/raw/search_runs/SEARCH-SCOTMARINE-20260808T105229Z/manifest.csv",FALSE,TRUE,"traceable"
"stage1","raw_evidence","data/raw/search_runs/SEARCH-SCOTMARINE-20260808T105229Z/catalogue_page_0002.json","scripts/00_downloads/stage1/01_search_scot_marine.R","",TRUE,8064,"ceedd4a70f43d8603301125d871d33093f02243a74e89c0ff9bd4fea1567163e","data/raw/search_runs/SEARCH-SCOTMARINE-20260808T105229Z/manifest.csv",FALSE,TRUE,"traceable"
"stage1","raw_evidence","data/raw/search_runs/SEARCH-SCOTMARINE-20260808T105229Z/catalogue_page_0003.json","scripts/00_downloads/stage1/01_search_scot_marine.R","",TRUE,8053,"797deb4df52f5c18fca86491d71caf7e34aa642659ac8d07245511231cc3f4e6","data/raw/search_runs/SEARCH-SCOTMARINE-20260808T105229Z/manifest.csv",FALSE,TRUE,"traceable"
"stage1","raw_evidence","data/raw/search_runs/SEARCH-SCOTMARINE-20260808T105229Z/catalogue_page_0004.json","scripts/00_downloads/stage1/01_search_scot_marine.R","",TRUE,8107,"7f5883f8f3e466ce18b0379a7debee9ff9103bd531f6b673898de9e046d774d9","data/raw/search_runs/SEARCH-SCOTMARINE-20260808T105229Z/manifest.csv",FALSE,TRUE,"traceable"
"stage1","raw_evidence","data/raw/search_runs/SEARCH-SCOTMARINE-20260808T105229Z/catalogue_page_0005.json","scripts/00_downloads/stage1/01_search_scot_marine.R","",TRUE,7979,"9d8f8c2f0b5d5ae4cbb8eff6776fdc61d3f8e71d9cfc2275474f37937439570d","data/raw/search_runs/SEARCH-SCOTMARINE-20260808T105229Z/manifest.csv",FALSE,TRUE,"traceable"
"stage1","raw_evidence","data/raw/search_runs/SEARCH-SCOTMARINE-20260808T105229Z/catalogue_page_0006.json","scripts/00_downloads/stage1/01_search_scot_marine.R","",TRUE,8391,"d311e23abd64deca00f547b920d84adc503d3aa2c9402e5cf23782b655955d34","data/raw/search_runs/SEARCH-SCOTMARINE-20260808T105229Z/manifest.csv",FALSE,TRUE,"traceable"
"stage1","raw_evidence","data/raw/search_runs/SEARCH-SCOTMARINE-20260808T105229Z/catalogue_page_0007.json","scripts/00_downloads/stage1/01_search_scot_marine.R","",TRUE,8146,"2e1fb5048e3181300364e483b1bba9736d940852e73e0b9e0d3560442a72da98","data/raw/search_runs/SEARCH-SCOTMARINE-20260808T105229Z/manifest.csv",FALSE,TRUE,"traceable"
"stage1","raw_evidence","data/raw/search_runs/SEARCH-SCOTMARINE-20260808T105229Z/catalogue_page_0008.json","scripts/00_downloads/stage1/01_search_scot_marine.R","",TRUE,7979,"1b4a0ca2895a1ea17fa1975624cad7bd326cc985fede1ee2a1c2dc33ff33b0a3","data/raw/search_runs/SEARCH-SCOTMARINE-20260808T105229Z/manifest.csv",FALSE,TRUE,"traceable"
"stage1","raw_evidence","data/raw/search_runs/SEARCH-SCOTMARINE-20260808T105229Z/catalogue_page_0009.json","scripts/00_downloads/stage1/01_search_scot_marine.R","",TRUE,7897,"f4de74ac5ff19675b26ad12ab4d1f96361011c10b92442eb13a529a2ae878207","data/raw/search_runs/SEARCH-SCOTMARINE-20260808T105229Z/manifest.csv",FALSE,TRUE,"traceable"
"stage1","raw_evidence","data/raw/search_runs/SEARCH-SCOTMARINE-20260808T105229Z/catalogue_page_0010.json","scripts/00_downloads/stage1/01_search_scot_marine.R","",TRUE,8097,"e19474ce8ad1c33bec67ab4ca9426018653b81270c8500511e09836f7ba17020","data/raw/search_runs/SEARCH-SCOTMARINE-20260808T105229Z/manifest.csv",FALSE,TRUE,"traceable"
"stage1","raw_evidence","data/raw/search_runs/SEARCH-SCOTMARINE-20260808T105229Z/catalogue_page_0011.json","scripts/00_downloads/stage1/01_search_scot_marine.R","",TRUE,8168,"00d3a4095e0ec1176ce0df46470a8152e401b42766f1ea9898ff436eb97c09c1","data/raw/search_runs/SEARCH-SCOTMARINE-20260808T105229Z/manifest.csv",FALSE,TRUE,"traceable"
"stage1","raw_evidence","data/raw/search_runs/SEARCH-SCOTMARINE-20260808T105229Z/catalogue_page_0012.json","scripts/00_downloads/stage1/01_search_scot_marine.R","",TRUE,8244,"196a09c5b594c550ba48ad4fcd7940996af4ce4c18469168affb0ee63aed0496","data/raw/search_runs/SEARCH-SCOTMARINE-20260808T105229Z/manifest.csv",FALSE,TRUE,"traceable"
"stage1","raw_evidence","data/raw/search_runs/SEARCH-SCOTMARINE-20260808T105229Z/catalogue_page_0013.json","scripts/00_downloads/stage1/01_search_scot_marine.R","",TRUE,8119,"e81e4b243ccbf9be98916ba3f438d5237505d75a0374b6225d41b4448db72504","data/raw/search_runs/SEARCH-SCOTMARINE-20260808T105229Z/manifest.csv",FALSE,TRUE,"traceable"
"stage1","raw_evidence","data/raw/search_runs/SEARCH-SCOTMARINE-20260808T105229Z/catalogue_page_0014.json","scripts/00_downloads/stage1/01_search_scot_marine.R","",TRUE,7759,"e44b8e4d6fe24a4994bb87cfe4a518552d4cd8e343e1ba189ac96d5f5f7f535e","data/raw/search_runs/SEARCH-SCOTMARINE-20260808T105229Z/manifest.csv",FALSE,TRUE,"traceable"
"stage1","raw_evidence","data/raw/search_runs/SEARCH-SCOTMARINE-20260808T105229Z/catalogue_page_0015.json","scripts/00_downloads/stage1/01_search_scot_marine.R","",TRUE,7434,"68ce530fd89a8578a59fc26ab51a965a70e00bd3c1e3eb3442021af63b69d28e","data/raw/search_runs/SEARCH-SCOTMARINE-20260808T105229Z/manifest.csv",FALSE,TRUE,"traceable"
"stage1","raw_evidence","data/raw/search_runs/SEARCH-SCOTMARINE-20260808T105229Z/catalogue_page_0016.json","scripts/00_downloads/stage1/01_search_scot_marine.R","",TRUE,7472,"3d99dfb96476492bbe3d81ead98f0b61361f7723d8e6c3bc5d5ada2dd0de36ed","data/raw/search_runs/SEARCH-SCOTMARINE-20260808T105229Z/manifest.csv",FALSE,TRUE,"traceable"
"stage1","raw_evidence","data/raw/search_runs/SEARCH-SCOTMARINE-20260808T105229Z/catalogue_page_0017.json","scripts/00_downloads/stage1/01_search_scot_marine.R","",TRUE,7941,"199b4eaec58d3edb7bd2ca01a85bc704a67d3791892a2c0946b998a491533888","data/raw/search_runs/SEARCH-SCOTMARINE-20260808T105229Z/manifest.csv",FALSE,TRUE,"traceable"
"stage1","raw_evidence","data/raw/search_runs/SEARCH-SCOTMARINE-20260808T105229Z/catalogue_page_0018.json","scripts/00_downloads/stage1/01_search_scot_marine.R","",TRUE,8180,"d05c53449e7124e70cc4b233402c0daf9f9986d1d1d62b853c9a0b5b805ea33f","data/raw/search_runs/SEARCH-SCOTMARINE-20260808T105229Z/manifest.csv",FALSE,TRUE,"traceable"
"stage1","raw_evidence","data/raw/search_runs/SEARCH-SCOTMARINE-20260808T105229Z/catalogue_page_0019.json","scripts/00_downloads/stage1/01_search_scot_marine.R","",TRUE,6801,"d9f1b128503467db5ba08875a19021fbcc0178152e2af6712d68d0125f4c7502","data/raw/search_runs/SEARCH-SCOTMARINE-20260808T105229Z/manifest.csv",FALSE,TRUE,"traceable"
"stage1","raw_evidence","data/raw/search_runs/SEARCH-SCOTMARINE-20260808T105229Z/catalogue_page_0020.json","scripts/00_downloads/stage1/01_search_scot_marine.R","",TRUE,2,"4f53cda18c2baa0c0354bb5f9a3ecbe5ed12ab4d8e11ba873c2f11161202b945","data/raw/search_runs/SEARCH-SCOTMARINE-20260808T105229Z/manifest.csv",FALSE,TRUE,"traceable"
"stage1","raw_evidence","data/raw/search_runs/SEARCH-SCOTMARINE-20260808T105229Z/human_readable_log.txt","scripts/00_downloads/stage1/01_search_scot_marine.R","",TRUE,2921,"28eb489925623744faf5aaedbe9dc54cb89a0d301b4340a6ae5e6637aaa4c108","calculated_by_inventory_script_small_unregistered_raw",FALSE,TRUE,"traceable"
"stage1","raw_evidence","data/raw/search_runs/SEARCH-SCOTMARINE-20260808T105229Z/manifest.csv","scripts/00_downloads/stage1/01_search_scot_marine.R","",TRUE,14118,"d24df35c35a3a6a926a6acbe0b5f466589214c37a9ada064b8764f80943bb8ff","calculated_by_inventory_script_small_unregistered_raw",FALSE,TRUE,"traceable"
"stage1","raw_evidence","data/raw/search_runs/SEARCH-SCOTMARINE-20260808T105229Z/run_summary.json","scripts/00_downloads/stage1/01_search_scot_marine.R","",TRUE,618,"20d16fd4619b422995d2ea75ee0b3009885d02ed49ffc8710cb86e868c7d7fad","calculated_by_inventory_script_small_unregistered_raw",FALSE,TRUE,"traceable"
"stage1","raw_evidence","data/raw/search_runs/SEARCH-SMHISHARK-20260807T201250Z/manifest.json","scripts/00_downloads/stage1/01_search_smhi_shark.R","",TRUE,629,"32d5ee1ffe99529be7822f1295750c00eb47694688ee19d06208a5cb9f0e3624","calculated_by_inventory_script_small_unregistered_raw",FALSE,TRUE,"traceable"
"stage1","raw_evidence","data/raw/search_runs/SEARCH-SMHISHARK-20260807T201250Z/response.json","scripts/00_downloads/stage1/01_search_smhi_shark.R","",TRUE,40301,"bf28fbd8434b4c9a927fe9a7c1ed57861d8bbb1b2cb4b2d9184c3d4274b6afbb","calculated_by_inventory_script_small_unregistered_raw",FALSE,TRUE,"traceable"
"stage1","raw_evidence","data/raw/search_runs/SEARCH-SMHISHARK-20260808T080352Z/manifest.csv","scripts/00_downloads/stage1/01_search_smhi_shark.R","",TRUE,947,"91c4ae639bbd532575ac94626ebe0c2d50a027a2411c35464f5de1767f5d37e1","calculated_by_inventory_script_small_unregistered_raw",FALSE,TRUE,"traceable"
"stage1","raw_evidence","data/raw/search_runs/SEARCH-SMHISHARK-20260808T080352Z/phytoplankton.json","scripts/00_downloads/stage1/01_search_smhi_shark.R","",TRUE,40301,"bf28fbd8434b4c9a927fe9a7c1ed57861d8bbb1b2cb4b2d9184c3d4274b6afbb","data/raw/search_runs/SEARCH-SMHISHARK-20260808T080352Z/manifest.csv",FALSE,TRUE,"traceable"
"stage1","raw_evidence","data/raw/search_runs/SEARCH-SMHISHARK-20260808T080352Z/run_summary.json","scripts/00_downloads/stage1/01_search_smhi_shark.R","",TRUE,611,"a677f89df1b93319f28fda3546402bf6965429551ab5ee8ec96c2cafda62ab0a","calculated_by_inventory_script_small_unregistered_raw",FALSE,TRUE,"traceable"
"stage1","raw_evidence","data/raw/search_runs/SEARCH-SMHISHARK-20260808T082450Z/manifest.csv","scripts/00_downloads/stage1/01_search_smhi_shark.R","",TRUE,947,"924a06f66f9bcd7ccfd0716e88acf0bcf741e6d6f7abd6e8d0e803db79b70408","calculated_by_inventory_script_small_unregistered_raw",FALSE,TRUE,"traceable"
"stage1","raw_evidence","data/raw/search_runs/SEARCH-SMHISHARK-20260808T082450Z/phytoplankton.json","scripts/00_downloads/stage1/01_search_smhi_shark.R","",TRUE,40301,"bf28fbd8434b4c9a927fe9a7c1ed57861d8bbb1b2cb4b2d9184c3d4274b6afbb","data/raw/search_runs/SEARCH-SMHISHARK-20260808T082450Z/manifest.csv",FALSE,TRUE,"traceable"
"stage1","raw_evidence","data/raw/search_runs/SEARCH-SMHISHARK-20260808T082450Z/run_summary.json","scripts/00_downloads/stage1/01_search_smhi_shark.R","",TRUE,611,"69960319a5c4cefaf36743eb83c8c3b0ba1fbbf84d2d3beda9d0c16d98170194","calculated_by_inventory_script_small_unregistered_raw",FALSE,TRUE,"traceable"
"stage1","raw_evidence","data/raw/search_runs/SEARCH-SMHISHARK-20260808T103621Z/human_readable_log.txt","scripts/00_downloads/stage1/01_search_smhi_shark.R","",TRUE,1078,"824f8b68c8f3139c41094b11e0b9ff0d11738844db4350041ac5f5361fd97961","calculated_by_inventory_script_small_unregistered_raw",FALSE,TRUE,"traceable"
"stage1","raw_evidence","data/raw/search_runs/SEARCH-SMHISHARK-20260808T103621Z/manifest.csv","scripts/00_downloads/stage1/01_search_smhi_shark.R","",TRUE,947,"7c48aabe59b4f6e265e6f5f1f9fe6b6a0a46cc74a6f1946c2a9f18f26e2a4d4b","calculated_by_inventory_script_small_unregistered_raw",FALSE,TRUE,"traceable"
"stage1","raw_evidence","data/raw/search_runs/SEARCH-SMHISHARK-20260808T103621Z/phytoplankton.json","scripts/00_downloads/stage1/01_search_smhi_shark.R","",TRUE,40301,"bf28fbd8434b4c9a927fe9a7c1ed57861d8bbb1b2cb4b2d9184c3d4274b6afbb","data/raw/search_runs/SEARCH-SMHISHARK-20260808T103621Z/manifest.csv",FALSE,TRUE,"traceable"
"stage1","raw_evidence","data/raw/search_runs/SEARCH-SMHISHARK-20260808T103621Z/run_summary.json","scripts/00_downloads/stage1/01_search_smhi_shark.R","",TRUE,611,"0e07697a55d0be419a2f63e847cc4f15acd1bdbe1eae9234008c63e1b42e8cc9","calculated_by_inventory_script_small_unregistered_raw",FALSE,TRUE,"traceable"
"stage1","raw_evidence","data/raw/search_runs/SEARCH-SMHISHARK-20260808T105206Z/human_readable_log.txt","scripts/00_downloads/stage1/01_search_smhi_shark.R","",TRUE,1078,"ffa246ece39e9155b906d55da723898c7e5be5ff00a8d30a28be87b417605477","calculated_by_inventory_script_small_unregistered_raw",FALSE,TRUE,"traceable"
"stage1","raw_evidence","data/raw/search_runs/SEARCH-SMHISHARK-20260808T105206Z/manifest.csv","scripts/00_downloads/stage1/01_search_smhi_shark.R","",TRUE,947,"4d9008b48e34609a159af03e34d720020716c342f288fc3617a189a8260972ae","calculated_by_inventory_script_small_unregistered_raw",FALSE,TRUE,"traceable"
"stage1","raw_evidence","data/raw/search_runs/SEARCH-SMHISHARK-20260808T105206Z/phytoplankton.json","scripts/00_downloads/stage1/01_search_smhi_shark.R","",TRUE,40301,"bf28fbd8434b4c9a927fe9a7c1ed57861d8bbb1b2cb4b2d9184c3d4274b6afbb","data/raw/search_runs/SEARCH-SMHISHARK-20260808T105206Z/manifest.csv",FALSE,TRUE,"traceable"
"stage1","raw_evidence","data/raw/search_runs/SEARCH-SMHISHARK-20260808T105206Z/run_summary.json","scripts/00_downloads/stage1/01_search_smhi_shark.R","",TRUE,611,"43e56baa241a44f6bfdda3e6603b60fb3761045ca393ffa890abe85e402f3d8b","calculated_by_inventory_script_small_unregistered_raw",FALSE,TRUE,"traceable"
"stage1","description","docs/stages/STAGE1.md","not_applicable_source_or_input","",TRUE,4296,"c83ec31937026d27f0f39b0345906a4a260a54d6b301489ac9e9ade22980ef6b","calculated_by_inventory_script",TRUE,FALSE,"source_or_input"
"stage1","generated_metadata","metadata/stage1/input/manual_discovery_log.csv","historical_curated_input","R/04_stage_inventory.R",TRUE,13876,"5d0075ffd007474b608b8d545fec36fc9a3373644745934c030fd0931630cd1b","calculated_by_inventory_script",TRUE,FALSE,"source_or_input"
"stage1","generated_metadata","metadata/stage1/inventory/file_inventory.csv","scripts/00_traceability/01_build_stage_file_inventory.R","R/03_stage2_contract.R;R/04_stage_inventory.R;scripts/00_downloads/stage2/06_acquire_ds26_smhi_ifcb.R;scripts/00_downloads/stage2/10_intake_ds02_rws_manual_export.R;scripts/00_traceability/01_build_stage_file_inventory.R;scripts/01_stage1/99_validate_stage1.R;scripts/02_stage2/control/98_legacy_raw_inventory.R;scripts/02_stage2/control/99_validate_stage2.R;scripts/99_stage_status.R",TRUE,,,"self_referential_inventory_not_hashed",TRUE,FALSE,"traceable"
"stage1","generated_metadata","metadata/stage1/qualification/acquisition_shortlist.csv","scripts/01_stage1/02_build_ds_crosswalk.R","R/04_stage_inventory.R;scripts/01_stage1/02_build_ds_crosswalk.R;scripts/01_stage1/99_validate_stage1.R;scripts/02_stage2/control/00_initialize_contract.R;scripts/99_stage_status.R",TRUE,5252,"aac31f687b1d1476cd7863925da6ba431ef8a7f1e8a3b72809e8c3932b7f3fc7","calculated_by_inventory_script",TRUE,FALSE,"traceable"
"stage1","generated_metadata","metadata/stage1/qualification/ds_crosswalk.csv","scripts/01_stage1/02_build_ds_crosswalk.R","R/04_stage_inventory.R;scripts/01_stage1/02_build_ds_crosswalk.R;scripts/01_stage1/99_validate_stage1.R;scripts/02_stage2/control/02_build_access_dispositions.R;scripts/99_stage_status.R",TRUE,10503,"c078440490dcffe0abe698211b0afaf269d9d2519cc663ca229f73df58e18e93","calculated_by_inventory_script",TRUE,FALSE,"traceable"
"stage1","generated_metadata","metadata/stage1/qualification/provider_access_requests.csv","historical_curated_input","R/04_stage_inventory.R;scripts/02_stage2/control/02_build_access_dispositions.R;scripts/99_stage_status.R",TRUE,4021,"bb52b34af7f5baa36d135ca12c36179a81ecf6f8fcdc3ab7cc067f4251a77a90","calculated_by_inventory_script",TRUE,FALSE,"source_or_input"
"stage1","generated_metadata","metadata/stage1/qualification/unavailable_candidates.csv","scripts/01_stage1/02_build_ds_crosswalk.R","R/04_stage_inventory.R;scripts/01_stage1/02_build_ds_crosswalk.R;scripts/01_stage1/99_validate_stage1.R;scripts/99_stage_status.R",TRUE,788,"903e15a2a1b3c2e339ec6966b910842dca654f1a3a0cf1bc8c19868b65698e17","calculated_by_inventory_script",TRUE,FALSE,"traceable"
"stage1","generated_metadata","metadata/stage1/search/active_runs.csv","scripts/00_downloads/stage1/00_run_searches.R","R/04_stage_inventory.R;scripts/00_downloads/stage1/00_run_searches.R;scripts/01_stage1/01_compile_candidate_registry.R;scripts/99_stage_status.R",TRUE,491,"dd6738b5f46849e54e5d33e8b31aac9bdd7e057931d1b8229e7ff33d00c14b4d","calculated_by_inventory_script",TRUE,FALSE,"traceable"
"stage1","generated_metadata","metadata/stage1/search/append_runs.csv","scripts/00_downloads/stage1/02_search_emodnet_biology_wfs.R","R/04_stage_inventory.R;scripts/00_downloads/stage1/02_search_emodnet_biology_wfs.R;scripts/01_stage1/01_compile_candidate_registry.R;scripts/99_stage_status.R",TRUE,160,"933924311993ad28fabba3c8d692714b0c872a7ae3bb97b5c697c7e14ffd8882","calculated_by_inventory_script",TRUE,FALSE,"traceable"
"stage1","generated_metadata","metadata/stage1/search/candidate_registry.csv","scripts/01_stage1/01_compile_candidate_registry.R","R/04_stage_inventory.R;scripts/01_stage1/01_compile_candidate_registry.R;scripts/01_stage1/02_build_ds_crosswalk.R;scripts/01_stage1/99_validate_stage1.R;scripts/02_stage2/control/00_initialize_contract.R;scripts/99_stage_status.R",TRUE,47220164,"b845988406ffc6553b909d931f76c88d2bde7da7b25db9aba6780cace7af229f","calculated_by_inventory_script",TRUE,FALSE,"traceable"
"stage1","generated_metadata","metadata/stage1/search/emodnet_wfs_overlap_summary.csv","scripts/01_stage1/01_compile_candidate_registry.R","R/04_stage_inventory.R;scripts/01_stage1/01_compile_candidate_registry.R;scripts/01_stage1/99_validate_stage1.R;scripts/99_stage_status.R",TRUE,710,"817532abbb42be51ea2bdc951d528e90d37c05d15c47ffd8dae9ec51d131f77b","calculated_by_inventory_script",TRUE,FALSE,"traceable"
"stage1","generated_metadata","metadata/stage1/search/emodnet_wfs_overlap.csv","scripts/01_stage1/01_compile_candidate_registry.R","R/04_stage_inventory.R;scripts/01_stage1/01_compile_candidate_registry.R;scripts/01_stage1/99_validate_stage1.R;scripts/02_stage2/control/00_initialize_contract.R",TRUE,439177,"a5fcd4c85be49140c77da177d2c5b814ea8bc561fb44b10183927dcdc2affc26","calculated_by_inventory_script",TRUE,FALSE,"traceable"
"stage1","generated_metadata","metadata/stage1/search/known_item_recall.csv","scripts/01_stage1/01_compile_candidate_registry.R","R/04_stage_inventory.R;scripts/01_stage1/01_compile_candidate_registry.R;scripts/01_stage1/99_validate_stage1.R;scripts/99_stage_status.R",TRUE,4644,"fd305efbfd818a56f9d5109f404db2b048fe762aa557e70966ba86585db87385","calculated_by_inventory_script",TRUE,FALSE,"traceable"
"stage1","generated_metadata","metadata/stage1/search/query_log.csv","scripts/01_stage1/01_compile_candidate_registry.R","R/04_stage_inventory.R;scripts/01_stage1/01_compile_candidate_registry.R;scripts/01_stage1/99_validate_stage1.R;scripts/99_stage_status.R",TRUE,85466,"fc69a4fdb18b248a94ad6f85c94f9deff667ef1d26a5fe032cdac4c177b553c2","calculated_by_inventory_script",TRUE,FALSE,"traceable"
"stage1","generated_metadata","metadata/stage1/search/search_flow.csv","scripts/01_stage1/01_compile_candidate_registry.R","R/04_stage_inventory.R;scripts/01_stage1/01_compile_candidate_registry.R;scripts/01_stage1/99_validate_stage1.R;scripts/99_stage_status.R",TRUE,1086,"4ccd797fe471eebf8eb126c28eb30bcfd41a9fe5dc1cfd73e67706f3b324e6ed","calculated_by_inventory_script",TRUE,FALSE,"traceable"
"stage1","validation_log","outputs/logs/stage1_validation_20260808T083225Z.log","scripts/01_stage1/99_validate_stage1.R","",TRUE,2546,"13440bc0bf49e859dee26b16967daa16834c0f9ee076a7ed420f0772be71a5f3","calculated_by_inventory_script",FALSE,FALSE,"traceable"
"stage1","validation_log","outputs/logs/stage1_validation_20260808T093803Z.log","scripts/01_stage1/99_validate_stage1.R","",TRUE,2607,"021cec94a600c9893eccc44510bd39defe8dd82639832e30fda93fdbd84c1e02","calculated_by_inventory_script",FALSE,FALSE,"traceable"
"stage1","validation_log","outputs/logs/stage1_validation_20260808T104859Z.log","scripts/01_stage1/99_validate_stage1.R","",TRUE,4892,"3fcf35edbd5c43ccb233dc21e817d75bd0b2f2d82ebe5dd0fb3d85a23d81d45b","calculated_by_inventory_script",FALSE,FALSE,"traceable"
"stage1","validation_log","outputs/logs/stage1_validation_20260808T110414Z.log","scripts/01_stage1/99_validate_stage1.R","",TRUE,4892,"bf6f55f71446eea9a033769e4257e366cb63d0dee77f0d962e6be1f7c2cbfd2e","calculated_by_inventory_script",FALSE,FALSE,"traceable"
"stage1","validation_log","outputs/logs/stage1_validation_20260808T111252Z.log","scripts/01_stage1/99_validate_stage1.R","",TRUE,2202,"17b459251b48d65d6b565bc226d835d861be2b1456435ed55ec6b9319458e93a","calculated_by_inventory_script",FALSE,FALSE,"traceable"
"stage1","validation_log","outputs/logs/stage1_validation_20260808T130453Z.log","scripts/01_stage1/99_validate_stage1.R","",TRUE,2136,"18b4ddb2f0fdde7b69058150a6b8c46b4c7297be4a81772be49801149d1c092b","calculated_by_inventory_script",FALSE,FALSE,"traceable"
"stage1","validation_log","outputs/logs/stage1_validation_20260808T144920Z.log","scripts/01_stage1/99_validate_stage1.R","",TRUE,2177,"94f3733f13f448f5c6e1b63b32b734fe09585e69b595eae8f526dfc5274bb7c5","calculated_by_inventory_script",FALSE,FALSE,"traceable"
"stage1","validation_log","outputs/logs/stage1_validation_20260808T145322Z.log","scripts/01_stage1/99_validate_stage1.R","",TRUE,3009,"97bfd81a0ea60b1d1392872227140a25a917c94c05f2f6bf65a6ee8dd368c422","calculated_by_inventory_script",FALSE,FALSE,"traceable"
"stage1","validation_log","outputs/logs/stage1_validation_20260808T145939Z.log","scripts/01_stage1/99_validate_stage1.R","",TRUE,3009,"fdc940a1bc5a425cde76860271a9858d63e99f8d657d78eb51cc00aad6afdb3a","calculated_by_inventory_script",FALSE,FALSE,"traceable"
"stage1","validation_log","outputs/logs/stage1_validation_20260808T153336Z.log","scripts/01_stage1/99_validate_stage1.R","",TRUE,3044,"ba1e3991a3a0d5d8c6c0abc403adc7e5264c1a97b4c1480690f9fe467d6477cf","calculated_by_inventory_script",FALSE,FALSE,"traceable"
"stage1","validation_log","outputs/logs/stage1_validation_20260808T153727Z.log","scripts/01_stage1/99_validate_stage1.R","",TRUE,3262,"e6e0a030102e6813927a0c3d5619571f08412bba4d6f82a156b1d21eb27cdbe2","calculated_by_inventory_script",FALSE,FALSE,"traceable"
"stage1","validation_log","outputs/logs/stage1_validation_20260808T154317Z.log","scripts/01_stage1/99_validate_stage1.R","",TRUE,3262,"a6b3fab34bd42130b7ddcfcc9a07aa06e9cd0cca77bda31068c68c1cd33a2950","calculated_by_inventory_script",FALSE,FALSE,"traceable"
"stage1","validation_log","outputs/logs/stage1_validation_20260808T161209Z.log","scripts/01_stage1/99_validate_stage1.R","",TRUE,3689,"9c478b29763fcda9a60ed66364d9c536da63610967ee72cb9e76591dd487106b","calculated_by_inventory_script",FALSE,FALSE,"traceable"
"stage1","validation_log","outputs/logs/stage1_validation_20260808T164348Z.log","scripts/01_stage1/99_validate_stage1.R","",TRUE,4362,"ba8f8750c5a2f33937c9a97fa537b35b91078a8d4eb55a6efc43bc14d444eea1","calculated_by_inventory_script",FALSE,FALSE,"traceable"
"stage1","validation_log","outputs/logs/stage1_validation_20260808T165447Z.log","scripts/01_stage1/99_validate_stage1.R","",TRUE,4362,"d58b83996a310ab61f751a1837007f4ae816ebbc261db321f405b026def44066","calculated_by_inventory_script",FALSE,FALSE,"traceable"
"stage1","validation_log","outputs/logs/stage1_validation_20260808T170235Z.log","scripts/01_stage1/99_validate_stage1.R","",TRUE,4362,"c202e9c2f536449d48938853e475b3874126bbd51a763a2e5d056f2a534249b0","calculated_by_inventory_script",FALSE,FALSE,"traceable"
"stage1","validation_log","outputs/logs/stage1_validation_20260810T091604Z.log","scripts/01_stage1/99_validate_stage1.R","",TRUE,5430,"a184e676739261f1cbac55b3d86824b078c3bae1f7a8462cfdfb1090c611460f","calculated_by_inventory_script",FALSE,FALSE,"traceable"
"stage1","validation_log","outputs/logs/stage1_validation_20260810T101158Z.log","scripts/01_stage1/99_validate_stage1.R","",TRUE,5430,"236b472770685caaf164ebf58cbb1db05631ff60150369156944312e4fb131e5","calculated_by_inventory_script",FALSE,FALSE,"traceable"
"stage1","validation_log","outputs/logs/stage1_validation_20260810T115724Z.log","scripts/01_stage1/99_validate_stage1.R","",TRUE,5488,"8fe0ffb8e8b2a22881748f1aa0b8be989734c3176358c8fa407ffc3d634b2cbe","calculated_by_inventory_script",FALSE,FALSE,"traceable"
"stage1","reusable_code","R/01_registry_identity.R","not_applicable_source_or_input","",TRUE,6944,"f03f9a7509f0a4a24b922ea53a504aa8bbc4e5cdb69e556aeedc1f7fb6b13fb7","calculated_by_inventory_script",TRUE,FALSE,"source_or_input"
"stage1","reusable_code","R/01_search_helpers.R","not_applicable_source_or_input","",TRUE,7523,"5148f8d4fff14c978c0a17a390c0309d77efb19f3bf3f9bc3fb9f5efaf2be50e","calculated_by_inventory_script",TRUE,FALSE,"source_or_input"
"stage1","reusable_code","R/02_stage1_search_modules.R","not_applicable_source_or_input","",TRUE,18632,"0f8507ebd77def4aac13d1a06931500c0a99af10b11847d9be3891ff36c81e55","calculated_by_inventory_script",TRUE,FALSE,"source_or_input"
"stage1","script","scripts/00_downloads/stage1/00_run_searches.R","not_applicable_source_or_input","",TRUE,1074,"308d50eb976fd7a150754f9a54d0900797b63a4fe7f8d74b9b07d8232502b2fe","calculated_by_inventory_script",TRUE,FALSE,"source_or_input"
"stage1","script","scripts/00_downloads/stage1/01_search_cefas_dassh.R","not_applicable_source_or_input","",TRUE,58,"ff74b6cf5c84131004750bb662840f94ed1ccabdf5e3bcf8ac1a5f06c1e7c44d","calculated_by_inventory_script",TRUE,FALSE,"source_or_input"
"stage1","script","scripts/00_downloads/stage1/01_search_emodnet_erddap.R","not_applicable_source_or_input","",TRUE,60,"1ce37b71ba33fd13186f11bdc1c2448feca483e0088cb6759c0c47b599d1e879","calculated_by_inventory_script",TRUE,FALSE,"source_or_input"
"stage1","script","scripts/00_downloads/stage1/01_search_gbif.R","not_applicable_source_or_input","",TRUE,57,"6b5476824f0c6e94220a6cf1a2c14304f51a11f42147dcb776217c3f8f61b2d8","calculated_by_inventory_script",TRUE,FALSE,"source_or_input"
"stage1","script","scripts/00_downloads/stage1/01_search_ices_dome.R","not_applicable_source_or_input","",TRUE,62,"65c252e6b35e8d0c11f76d581b41fd88be87a41749ac0e1970d5d98524e87438","calculated_by_inventory_script",TRUE,FALSE,"source_or_input"
"stage1","script","scripts/00_downloads/stage1/01_search_ices_figshare.R","not_applicable_source_or_input","",TRUE,61,"a6e1f82b97386940f93fe9dfeff7718d3f076d1e62da2e3599b3e5ed2057761f","calculated_by_inventory_script",TRUE,FALSE,"source_or_input"
"stage1","script","scripts/00_downloads/stage1/01_search_obis.R","not_applicable_source_or_input","",TRUE,57,"fb1539a0f2bb5267d3ec561b9afb2becf328e8f1e6cb16fbc0e0d689df9fbe63","calculated_by_inventory_script",TRUE,FALSE,"source_or_input"
"stage1","script","scripts/00_downloads/stage1/01_search_pangaea.R","not_applicable_source_or_input","",TRUE,60,"7f56c5ee8da02d73fa877855695e2315dabbc966b0a6d72730a0697a235e3c69","calculated_by_inventory_script",TRUE,FALSE,"source_or_input"
"stage1","script","scripts/00_downloads/stage1/01_search_plet.R","not_applicable_source_or_input","",TRUE,57,"f65bd7b49a81566b3e680c7d149b2d8464599575d44857cfb46264bdaaaf1ac0","calculated_by_inventory_script",TRUE,FALSE,"source_or_input"
"stage1","script","scripts/00_downloads/stage1/01_search_scot_marine.R","not_applicable_source_or_input","",TRUE,61,"85d53b838e644a13490e809cb42ba8a7e4775f5f2713d4ece6c3aaae977b22ac","calculated_by_inventory_script",TRUE,FALSE,"source_or_input"
"stage1","script","scripts/00_downloads/stage1/01_search_smhi_shark.R","not_applicable_source_or_input","",TRUE,57,"9298138fab468b71b3439504742a066c0eb6c59f51a5d740fadb7143bc31d4e7","calculated_by_inventory_script",TRUE,FALSE,"source_or_input"
"stage1","script","scripts/00_downloads/stage1/02_search_emodnet_biology_wfs.R","not_applicable_source_or_input","",TRUE,6180,"07e04920dffdfb27970bfaf202f95c9c4a50be7fb76aacd7c82f6eea208c9e2b","calculated_by_inventory_script",TRUE,FALSE,"source_or_input"
"stage1","script","scripts/01_stage1/00_run_stage1.R","not_applicable_source_or_input","",TRUE,483,"aaee357480a868ad18e2810f9e5c6b99136d71bc57db11f178d2d9101ca0baff","calculated_by_inventory_script",TRUE,FALSE,"source_or_input"
"stage1","script","scripts/01_stage1/01_compile_candidate_registry.R","not_applicable_source_or_input","",TRUE,31792,"524f1cf911c2929ffccbd213c2a69b24a16a6b9c48140f6b55bd95673454cb96","calculated_by_inventory_script",TRUE,FALSE,"source_or_input"
"stage1","script","scripts/01_stage1/02_build_ds_crosswalk.R","not_applicable_source_or_input","",TRUE,7920,"22d908b974e0ae850dc934d1f60f04090a6241b9f094691579cc62c09e48cdea","calculated_by_inventory_script",TRUE,FALSE,"source_or_input"
"stage1","script","scripts/01_stage1/99_validate_stage1.R","not_applicable_source_or_input","",TRUE,3716,"475d178421f2755c4395c3ecd7496eff803abd59dd1e05ef70e8c0f0a815213f","calculated_by_inventory_script",TRUE,FALSE,"source_or_input"
"stage1","test","tests/test_stage1_search.R","not_applicable_source_or_input","",TRUE,32386,"5aefc217d24360e7715f6d51ac404b8e3f0ff59f41e4941ba6722c08b74d7909","calculated_by_inventory_script",TRUE,FALSE,"source_or_input"
