"metadata_id","biotaxon_code","biotaxon_description","compartment_code","compartment_description","unit_code","unit_description","quantity_code","quantity_description","condition_code","condition_description","organ_code","organ_description","parameter_code","parameter_description","reported_description","process_type","typing_code","value_processing_method_code","domain_location_present","explicit_marine_phytoplankton_signal","count_or_biovolume_signal"
1,"NVT","NVT","OW","Oppervlaktewater","cm2","vierkante centimeter","50%_L","50 percentiel van de levendigheid","NVT","NVT","NVT","NVT","NVT","NVT","Percentielen per etmaal Levendigheid 50 percentiel van de levendigheid in Oppervlaktewater in cm2","meting","LEVDHD","other:%24H",TRUE,FALSE,FALSE
2,"NVT","NVT","OW","Oppervlaktewater","cm2","vierkante centimeter","70%_L","70 percentiel van de levendigheid","NVT","NVT","NVT","NVT","NVT","NVT","Percentielen per etmaal Levendigheid 70 percentiel van de levendigheid in Oppervlaktewater in cm2","meting","LEVDHD","other:%24H",TRUE,FALSE,FALSE
3,"NVT","NVT","OW","Oppervlaktewater","cm2","vierkante centimeter","80%_L","80 percentiel van de levendigheid","NVT","NVT","NVT","NVT","NVT","NVT","Percentielen per etmaal Levendigheid 80 percentiel van de levendigheid in Oppervlaktewater in cm2","meting","LEVDHD","other:%24H",TRUE,FALSE,FALSE
4,"NVT","NVT","OW","Oppervlaktewater","cm2","vierkante centimeter","90%_L","90 percentiel van de levendigheid","NVT","NVT","NVT","NVT","NVT","NVT","Percentielen per etmaal Levendigheid 90 percentiel van de levendigheid in Oppervlaktewater in cm2","meting","LEVDHD","other:%24H",TRUE,FALSE,FALSE
5,"Fulmarus glacialis","Fulmarus glacialis","OE","Organisme (biota)","DIMSLS","dimensieloos","AANTL","Aantal","NVT","NVT","MG","Maag","OSPAR_PLAIND","Plastic deeltjes, herkomst industrie (plastic granulaat)","Aantal Plastic deeltjes, herkomst industrie (plastic granulaat) in Organisme (biota) in Maag Fulmarus glacialis","meting","NVT","NVT",TRUE,FALSE,FALSE
6,"Fulmarus glacialis","Fulmarus glacialis","OE","Organisme (biota)","DIMSLS","dimensieloos","AANTL","Aantal","NVT","NVT","MG","Maag","OSPAR_PLAUSE","Plastic deeltjes, herkomst consument","Aantal Plastic deeltjes, herkomst consument in Organisme (biota) in Maag Fulmarus glacialis","meting","NVT","NVT",TRUE,FALSE,FALSE
7,"NVT","NVT","NT","Niet van toepassing","n","exemplaren","AANTL","Aantal","NVT","NVT","NVT","NVT","NVT","NVT","Aantal in n","meting","NVT","NVT",TRUE,FALSE,FALSE
8,"Haematopus ostralegus","Haematopus ostralegus","OE","Organisme (biota)","n","exemplaren","AANTL","Aantal","LS-EI","Levensstadium-Ei","NVT","NVT","NVT","NVT","Aantal in Organisme (biota) Levensstadium-Ei in Haematopus ostralegus n","meting","NVT","NVT",TRUE,FALSE,FALSE
9,"Sterna hirundo","Sterna hirundo","OE","Organisme (biota)","n","exemplaren","AANTL","Aantal","LS-EI","Levensstadium-Ei","NVT","NVT","NVT","NVT","Aantal in Organisme (biota) Levensstadium-Ei in Sterna hirundo n","meting","NVT","NVT",TRUE,FALSE,FALSE
10,"Littorina littorea","Littorina littorea","OE","Organisme (biota)","n","exemplaren","AANTL","Aantal","NVT","NVT","NVT","NVT","NVT","NVT","Aantal in Organisme (biota) in Littorina littorea n","meting","NVT","NVT",TRUE,FALSE,FALSE
11,"Nassarius reticulatus","Nassarius reticulatus","OE","Organisme (biota)","n","exemplaren","AANTL","Aantal","NVT","NVT","NVT","NVT","NVT","NVT","Aantal in Organisme (biota) in Nassarius reticulatus n","meting","NVT","NVT",TRUE,FALSE,FALSE
12,"Nucella lapillus","Nucella lapillus","OE","Organisme (biota)","n","exemplaren","AANTL","Aantal","NVT","NVT","NVT","NVT","NVT","NVT","Aantal in Organisme (biota) in Nucella lapillus n","meting","NVT","NVT",TRUE,FALSE,FALSE
13,"Platichthys flesus","Platichthys flesus","OE","Organisme (biota)","n","exemplaren","AANTL","Aantal","NVT","NVT","NVT","NVT","NVT","NVT","Aantal in Organisme (biota) in Platichthys flesus n","meting","NVT","NVT",TRUE,FALSE,FALSE
14,"Rutilus rutilus","Rutilus rutilus","OE","Organisme (biota)","n","exemplaren","AANTL","Aantal","NVT","NVT","NVT","NVT","NVT","NVT","Aantal in Organisme (biota) in Rutilus rutilus n","meting","NVT","NVT",TRUE,FALSE,FALSE
15,"NVT","NVT","OW","Oppervlaktewater","n","exemplaren","AANTL","Aantal","NVT","NVT","NVT","NVT","BADGT","Badgast","Aantal Badgast in Oppervlaktewater in n","meting","NVT","NVT",TRUE,FALSE,FALSE
16,"Bithynia","Bithynia","OW","Oppervlaktewater","n","exemplaren","AANTL","Aantal","NVT","NVT","NVT","NVT","NVT","NVT","Aantal in Oppervlaktewater in Bithynia n","meting","NVT","NVT",FALSE,FALSE,FALSE
17,"Lymnaea stagnalis","Lymnaea stagnalis","OW","Oppervlaktewater","n","exemplaren","AANTL","Aantal","NVT","NVT","NVT","NVT","NVT","NVT","Aantal in Oppervlaktewater in Lymnaea stagnalis n","meting","NVT","NVT",FALSE,FALSE,FALSE
18,"Radix auricularia","Radix auricularia","OW","Oppervlaktewater","n","exemplaren","AANTL","Aantal","NVT","NVT","NVT","NVT","NVT","NVT","Aantal in Oppervlaktewater in Radix auricularia n","meting","NVT","NVT",FALSE,FALSE,FALSE
19,"Radix balthica","Radix balthica","OW","Oppervlaktewater","n","exemplaren","AANTL","Aantal","NVT","NVT","NVT","NVT","NVT","NVT","Aantal in Oppervlaktewater in Radix balthica n","meting","NVT","NVT",FALSE,FALSE,FALSE
20,"NVT","NVT","OR","Oever","n/hm","exemplaren per hectometer","AANTPLTE","Aantal per lengte","NVT","NVT","NVT","NVT","OSPAR_SA001","Plastic van 4-pack of 6-pack","Aantal per lengte Plastic van 4-pack of 6-pack in Oever in n/hm","meting","NVT","NVT",FALSE,FALSE,FALSE
21,"NVT","NVT","OR","Oever","n/hm","exemplaren per hectometer","AANTPLTE","Aantal per lengte","NVT","NVT","NVT","NVT","OSPAR_SA002","Plastic (boodschappen)tas","Aantal per lengte Plastic (boodschappen)tas in Oever in n/hm","meting","NVT","NVT",FALSE,FALSE,FALSE
22,"NVT","NVT","OR","Oever","n/hm","exemplaren per hectometer","AANTPLTE","Aantal per lengte","NVT","NVT","NVT","NVT","OSPAR_SA003","Plastic zakje","Aantal per lengte Plastic zakje in Oever in n/hm","meting","NVT","NVT",FALSE,FALSE,FALSE
23,"NVT","NVT","OR","Oever","n/hm","exemplaren per hectometer","AANTPLTE","Aantal per lengte","NVT","NVT","NVT","NVT","OSPAR_SA004","Plastic drankfles","Aantal per lengte Plastic drankfles in Oever in n/hm","meting","NVT","NVT",FALSE,FALSE,FALSE
24,"NVT","NVT","OR","Oever","n/hm","exemplaren per hectometer","AANTPLTE","Aantal per lengte","NVT","NVT","NVT","NVT","OSPAR_SA005","Plastic fles of verpakking voor schoonmaakmiddelen","Aantal per lengte Plastic fles of verpakking voor schoonmaakmiddelen in Oever in n/hm","meting","NVT","NVT",FALSE,FALSE,FALSE
25,"NVT","NVT","OR","Oever","n/hm","exemplaren per hectometer","AANTPLTE","Aantal per lengte","NVT","NVT","NVT","NVT","OSPAR_SA006","Plastic fles of verpakking voor voedsel (SA0610 of SA0620)","Aantal per lengte Plastic fles of verpakking voor voedsel (SA0610 of SA0620) in Oever in n/hm","meting","NVT","NVT",FALSE,FALSE,FALSE
26,"NVT","NVT","OR","Oever","n/hm","exemplaren per hectometer","AANTPLTE","Aantal per lengte","NVT","NVT","NVT","NVT","OSPAR_SA007","Plastic fles of verpakking voor toiletartikelen","Aantal per lengte Plastic fles of verpakking voor toiletartikelen in Oever in n/hm","meting","NVT","NVT",FALSE,FALSE,FALSE
27,"NVT","NVT","OR","Oever","n/hm","exemplaren per hectometer","AANTPLTE","Aantal per lengte","NVT","NVT","NVT","NVT","OSPAR_SA008","Plastic verpakking of olieton voor motorolie (< 50 cm)","Aantal per lengte Plastic verpakking of olieton voor motorolie (< 50 cm) in Oever in n/hm","meting","NVT","NVT",FALSE,FALSE,FALSE
28,"NVT","NVT","OR","Oever","n/hm","exemplaren per hectometer","AANTPLTE","Aantal per lengte","NVT","NVT","NVT","NVT","OSPAR_SA009","Plastic verpakking of olieton voor motorolie (> 50 cm)","Aantal per lengte Plastic verpakking of olieton voor motorolie (> 50 cm) in Oever in n/hm","meting","NVT","NVT",FALSE,FALSE,FALSE
29,"NVT","NVT","OR","Oever","n/hm","exemplaren per hectometer","AANTPLTE","Aantal per lengte","NVT","NVT","NVT","NVT","OSPAR_SA009","Plastic verpakking of olieton voor motorolie (> 50 cm)","afgeleid van n/km naar n/hm Aantal per lengte Plastic verpakking of olieton voor motorolie (> 50 cm) in Oever in n/hm","meting","NVT","other:OSPAR_KM",FALSE,FALSE,FALSE
30,"NVT","NVT","OR","Oever","n/hm","exemplaren per hectometer","AANTPLTE","Aantal per lengte","NVT","NVT","NVT","NVT","OSPAR_SA010","Plastic jerrycan","Aantal per lengte Plastic jerrycan in Oever in n/hm","meting","NVT","NVT",FALSE,FALSE,FALSE
31,"NVT","NVT","OR","Oever","n/hm","exemplaren per hectometer","AANTPLTE","Aantal per lengte","NVT","NVT","NVT","NVT","OSPAR_SA010","Plastic jerrycan","afgeleid van n/km naar n/hm Aantal per lengte Plastic jerrycan in Oever in n/hm","meting","NVT","other:OSPAR_KM",FALSE,FALSE,FALSE
32,"NVT","NVT","OR","Oever","n/hm","exemplaren per hectometer","AANTPLTE","Aantal per lengte","NVT","NVT","NVT","NVT","OSPAR_SA011","Plastic tube of patroon voor siliconenkit","Aantal per lengte Plastic tube of patroon voor siliconenkit in Oever in n/hm","meting","NVT","NVT",FALSE,FALSE,FALSE
33,"NVT","NVT","OR","Oever","n/hm","exemplaren per hectometer","AANTPLTE","Aantal per lengte","NVT","NVT","NVT","NVT","OSPAR_SA012","Ander plastic fles, vat of verpakking","Aantal per lengte Ander plastic fles, vat of verpakking in Oever in n/hm","meting","NVT","NVT",FALSE,FALSE,FALSE
34,"NVT","NVT","OR","Oever","n/hm","exemplaren per hectometer","AANTPLTE","Aantal per lengte","NVT","NVT","NVT","NVT","OSPAR_SA013","Kunststof krat","Aantal per lengte Kunststof krat in Oever in n/hm","meting","NVT","NVT",FALSE,FALSE,FALSE
35,"NVT","NVT","OR","Oever","n/hm","exemplaren per hectometer","AANTPLTE","Aantal per lengte","NVT","NVT","NVT","NVT","OSPAR_SA014","Kunststof auto onderdeel","Aantal per lengte Kunststof auto onderdeel in Oever in n/hm","meting","NVT","NVT",FALSE,FALSE,FALSE
36,"NVT","NVT","OR","Oever","n/hm","exemplaren per hectometer","AANTPLTE","Aantal per lengte","NVT","NVT","NVT","NVT","OSPAR_SA015","Kunststof dop of deksel","Aantal per lengte Kunststof dop of deksel in Oever in n/hm","meting","NVT","NVT",FALSE,FALSE,FALSE
37,"NVT","NVT","OR","Oever","n/hm","exemplaren per hectometer","AANTPLTE","Aantal per lengte","NVT","NVT","NVT","NVT","OSPAR_SA016","Aansteker","Aantal per lengte Aansteker in Oever in n/hm","meting","NVT","NVT",FALSE,FALSE,FALSE
38,"NVT","NVT","OR","Oever","n/hm","exemplaren per hectometer","AANTPLTE","Aantal per lengte","NVT","NVT","NVT","NVT","OSPAR_SA017","Pen","Aantal per lengte Pen in Oever in n/hm","meting","NVT","NVT",FALSE,FALSE,FALSE
39,"NVT","NVT","OR","Oever","n/hm","exemplaren per hectometer","AANTPLTE","Aantal per lengte","NVT","NVT","NVT","NVT","OSPAR_SA018","Kam of haarborstel","Aantal per lengte Kam of haarborstel in Oever in n/hm","meting","NVT","NVT",FALSE,FALSE,FALSE
40,"NVT","NVT","OR","Oever","n/hm","exemplaren per hectometer","AANTPLTE","Aantal per lengte","NVT","NVT","NVT","NVT","OSPAR_SA019","Chips- of snoepzak of lollystokje","Aantal per lengte Chips- of snoepzak of lollystokje in Oever in n/hm","meting","NVT","NVT",FALSE,FALSE,FALSE
41,"NVT","NVT","OR","Oever","n/hm","exemplaren per hectometer","AANTPLTE","Aantal per lengte","NVT","NVT","NVT","NVT","OSPAR_SA020","Kinderspeelgoed of party popper","Aantal per lengte Kinderspeelgoed of party popper in Oever in n/hm","meting","NVT","NVT",FALSE,FALSE,FALSE
42,"NVT","NVT","OR","Oever","n/hm","exemplaren per hectometer","AANTPLTE","Aantal per lengte","NVT","NVT","NVT","NVT","OSPAR_SA021","Plastic beker (SA0211 of SA0212)","Aantal per lengte Plastic beker (SA0211 of SA0212) in Oever in n/hm","meting","NVT","NVT",FALSE,FALSE,FALSE
43,"NVT","NVT","OR","Oever","n/hm","exemplaren per hectometer","AANTPLTE","Aantal per lengte","NVT","NVT","NVT","NVT","OSPAR_SA0211","Plastic beker_plastic","Aantal per lengte Plastic beker_plastic in Oever in n/hm","meting","NVT","NVT",FALSE,FALSE,FALSE
44,"NVT","NVT","OR","Oever","n/hm","exemplaren per hectometer","AANTPLTE","Aantal per lengte","NVT","NVT","NVT","NVT","OSPAR_SA0212","Plastic beker_polystyreen","Aantal per lengte Plastic beker_polystyreen in Oever in n/hm","meting","NVT","NVT",FALSE,FALSE,FALSE
45,"NVT","NVT","OR","Oever","n/hm","exemplaren per hectometer","AANTPLTE","Aantal per lengte","NVT","NVT","NVT","NVT","OSPAR_SA022","Plastic bestek of dienblad of rietje","Aantal per lengte Plastic bestek of dienblad of rietje in Oever in n/hm","meting","NVT","NVT",FALSE,FALSE,FALSE
46,"NVT","NVT","OR","Oever","n/hm","exemplaren per hectometer","AANTPLTE","Aantal per lengte","NVT","NVT","NVT","NVT","OSPAR_SA023","Plastic zak voor kunstmest en dierenvoer","Aantal per lengte Plastic zak voor kunstmest en dierenvoer in Oever in n/hm","meting","NVT","NVT",FALSE,FALSE,FALSE
47,"NVT","NVT","OR","Oever","n/hm","exemplaren per hectometer","AANTPLTE","Aantal per lengte","NVT","NVT","NVT","NVT","OSPAR_SA024","Kunststof net of netzak voor fruit, groenten of mosselen","Aantal per lengte Kunststof net of netzak voor fruit, groenten of mosselen in Oever in n/hm","meting","NVT","NVT",FALSE,FALSE,FALSE
48,"NVT","NVT","OR","Oever","n/hm","exemplaren per hectometer","AANTPLTE","Aantal per lengte","NVT","NVT","NVT","NVT","OSPAR_SA025","Afwashandschoen","Aantal per lengte Afwashandschoen in Oever in n/hm","meting","NVT","NVT",FALSE,FALSE,FALSE
49,"NVT","NVT","OR","Oever","n/hm","exemplaren per hectometer","AANTPLTE","Aantal per lengte","NVT","NVT","NVT","NVT","OSPAR_SA026","Kunststof krabbenfuik of kreeftenfuik","Aantal per lengte Kunststof krabbenfuik of kreeftenfuik in Oever in n/hm","meting","NVT","NVT",FALSE,FALSE,FALSE
50,"NVT","NVT","OR","Oever","n/hm","exemplaren per hectometer","AANTPLTE","Aantal per lengte","NVT","NVT","NVT","NVT","OSPAR_SA027","Kunststof inktvisfuik","Aantal per lengte Kunststof inktvisfuik in Oever in n/hm","meting","NVT","NVT",FALSE,FALSE,FALSE
51,"NVT","NVT","OR","Oever","n/hm","exemplaren per hectometer","AANTPLTE","Aantal per lengte","NVT","NVT","NVT","NVT","OSPAR_SA028","Kunststof oesternet of mosselzak","Aantal per lengte Kunststof oesternet of mosselzak in Oever in n/hm","meting","NVT","NVT",FALSE,FALSE,FALSE
52,"NVT","NVT","OR","Oever","n/hm","exemplaren per hectometer","AANTPLTE","Aantal per lengte","NVT","NVT","NVT","NVT","OSPAR_SA029","Kunststof oesterkrat","Aantal per lengte Kunststof oesterkrat in Oever in n/hm","meting","NVT","NVT",FALSE,FALSE,FALSE
53,"NVT","NVT","OR","Oever","n/hm","exemplaren per hectometer","AANTPLTE","Aantal per lengte","NVT","NVT","NVT","NVT","OSPAR_SA030","Kunststof Tahitian (gebruikt in mosselkwekerijen)","Aantal per lengte Kunststof Tahitian (gebruikt in mosselkwekerijen) in Oever in n/hm","meting","NVT","NVT",FALSE,FALSE,FALSE
54,"NVT","NVT","OR","Oever","n/hm","exemplaren per hectometer","AANTPLTE","Aantal per lengte","NVT","NVT","NVT","NVT","OSPAR_SA031","Kunststof touw (diameter > 1 cm)","Aantal per lengte Kunststof touw (diameter > 1 cm) in Oever in n/hm","meting","NVT","NVT",FALSE,FALSE,FALSE
55,"NVT","NVT","OR","Oever","n/hm","exemplaren per hectometer","AANTPLTE","Aantal per lengte","NVT","NVT","NVT","NVT","OSPAR_SA031","Kunststof touw (diameter > 1 cm)","afgeleid van n/km naar n/hm Aantal per lengte Kunststof touw (diameter > 1 cm) in Oever in n/hm","meting","NVT","other:OSPAR_KM",FALSE,FALSE,FALSE
56,"NVT","NVT","OR","Oever","n/hm","exemplaren per hectometer","AANTPLTE","Aantal per lengte","NVT","NVT","NVT","NVT","OSPAR_SA032","Kunststof touwtjes en koord (diameter < 1 cm) (SA0321/2)","Aantal per lengte Kunststof touwtjes en koord (diameter < 1 cm) (SA0321/2) in Oever in n/hm","meting","NVT","NVT",FALSE,FALSE,FALSE
57,"NVT","NVT","OR","Oever","n/hm","exemplaren per hectometer","AANTPLTE","Aantal per lengte","NVT","NVT","NVT","NVT","OSPAR_SA032","Kunststof touwtjes en koord (diameter < 1 cm) (SA0321/2)","afgeleid van n/km naar n/hm Aantal per lengte Kunststof touwtjes en koord (diameter < 1 cm) (SA0321/2) in Oever in n/hm","meting","NVT","other:OSPAR_KM",FALSE,FALSE,FALSE
58,"NVT","NVT","OR","Oever","n/hm","exemplaren per hectometer","AANTPLTE","Aantal per lengte","NVT","NVT","NVT","NVT","OSPAR_SA0321","Kunststof draad/koord","Aantal per lengte Kunststof draad/koord in Oever in n/hm","meting","NVT","NVT",FALSE,FALSE,FALSE
59,"NVT","NVT","OR","Oever","n/hm","exemplaren per hectometer","AANTPLTE","Aantal per lengte","NVT","NVT","NVT","NVT","OSPAR_SA0322","Visnetbeschermingstouw","Aantal per lengte Visnetbeschermingstouw in Oever in n/hm","meting","NVT","NVT",FALSE,FALSE,FALSE
60,"NVT","NVT","OR","Oever","n/hm","exemplaren per hectometer","AANTPLTE","Aantal per lengte","NVT","NVT","NVT","NVT","OSPAR_SA033","Kunststof verstrengelde netten, touw of koord (SA0331/2)","Aantal per lengte Kunststof verstrengelde netten, touw of koord (SA0331/2) in Oever in n/hm","meting","NVT","NVT",FALSE,FALSE,FALSE
61,"NVT","NVT","OR","Oever","n/hm","exemplaren per hectometer","AANTPLTE","Aantal per lengte","NVT","NVT","NVT","NVT","OSPAR_SA0331","Kunststof verstrengeld draad","Aantal per lengte Kunststof verstrengeld draad in Oever in n/hm","meting","NVT","NVT",FALSE,FALSE,FALSE
62,"NVT","NVT","OR","Oever","n/hm","exemplaren per hectometer","AANTPLTE","Aantal per lengte","NVT","NVT","NVT","NVT","OSPAR_SA0332","Verstrengeld draad visnetbeschermingstouw","Aantal per lengte Verstrengeld draad visnetbeschermingstouw in Oever in n/hm","meting","NVT","NVT",FALSE,FALSE,FALSE
63,"NVT","NVT","OR","Oever","n/hm","exemplaren per hectometer","AANTPLTE","Aantal per lengte","NVT","NVT","NVT","NVT","OSPAR_SA034","Kunststof viskist (SA0341 of SA0342)","Aantal per lengte Kunststof viskist (SA0341 of SA0342) in Oever in n/hm","meting","NVT","NVT",FALSE,FALSE,FALSE
64,"NVT","NVT","OR","Oever","n/hm","exemplaren per hectometer","AANTPLTE","Aantal per lengte","NVT","NVT","NVT","NVT","OSPAR_SA034","Kunststof viskist (SA0341 of SA0342)","afgeleid van n/km naar n/hm Aantal per lengte Kunststof viskist (SA0341 of SA0342) in Oever in n/hm","meting","NVT","other:OSPAR_KM",FALSE,FALSE,FALSE
65,"NVT","NVT","OR","Oever","n/hm","exemplaren per hectometer","AANTPLTE","Aantal per lengte","NVT","NVT","NVT","NVT","OSPAR_SA0341","Plastic viskist","Aantal per lengte Plastic viskist in Oever in n/hm","meting","NVT","NVT",FALSE,FALSE,FALSE
66,"NVT","NVT","OR","Oever","n/hm","exemplaren per hectometer","AANTPLTE","Aantal per lengte","NVT","NVT","NVT","NVT","OSPAR_SA0342","Polystyreen viskist","Aantal per lengte Polystyreen viskist in Oever in n/hm","meting","NVT","NVT",FALSE,FALSE,FALSE
67,"NVT","NVT","OR","Oever","n/hm","exemplaren per hectometer","AANTPLTE","Aantal per lengte","NVT","NVT","NVT","NVT","OSPAR_SA035","Vislijn","Aantal per lengte Vislijn in Oever in n/hm","meting","NVT","NVT",FALSE,FALSE,FALSE
68,"NVT","NVT","OR","Oever","n/hm","exemplaren per hectometer","AANTPLTE","Aantal per lengte","NVT","NVT","NVT","NVT","OSPAR_SA036","Lichtgevend staafje (light stick)","Aantal per lengte Lichtgevend staafje (light stick) in Oever in n/hm","meting","NVT","NVT",FALSE,FALSE,FALSE
69,"NVT","NVT","OR","Oever","n/hm","exemplaren per hectometer","AANTPLTE","Aantal per lengte","NVT","NVT","NVT","NVT","OSPAR_SA037","Kunststof drijver of boei","Aantal per lengte Kunststof drijver of boei in Oever in n/hm","meting","NVT","NVT",FALSE,FALSE,FALSE
70,"NVT","NVT","OR","Oever","n/hm","exemplaren per hectometer","AANTPLTE","Aantal per lengte","NVT","NVT","NVT","NVT","OSPAR_SA037","Kunststof drijver of boei","afgeleid van n/km naar n/hm Aantal per lengte Kunststof drijver of boei in Oever in n/hm","meting","NVT","other:OSPAR_KM",FALSE,FALSE,FALSE
71,"NVT","NVT","OR","Oever","n/hm","exemplaren per hectometer","AANTPLTE","Aantal per lengte","NVT","NVT","NVT","NVT","OSPAR_SA038","Plastic emmer","Aantal per lengte Plastic emmer in Oever in n/hm","meting","NVT","NVT",FALSE,FALSE,FALSE
72,"NVT","NVT","OR","Oever","n/hm","exemplaren per hectometer","AANTPLTE","Aantal per lengte","NVT","NVT","NVT","NVT","OSPAR_SA039","Straps (spanbanden voor industriële verpakking)","Aantal per lengte Straps (spanbanden voor industriële verpakking) in Oever in n/hm","meting","NVT","NVT",FALSE,FALSE,FALSE
73,"NVT","NVT","OR","Oever","n/hm","exemplaren per hectometer","AANTPLTE","Aantal per lengte","NVT","NVT","NVT","NVT","OSPAR_SA039","Straps (spanbanden voor industriële verpakking)","afgeleid van n/km naar n/hm Aantal per lengte Straps (spanbanden voor industriële verpakking) in Oever in n/hm","meting","NVT","other:OSPAR_KM",FALSE,FALSE,FALSE
74,"NVT","NVT","OR","Oever","n/hm","exemplaren per hectometer","AANTPLTE","Aantal per lengte","NVT","NVT","NVT","NVT","OSPAR_SA040","Industriële kunststof verpakkingsmateriaal","Aantal per lengte Industriële kunststof verpakkingsmateriaal in Oever in n/hm","meting","NVT","NVT",FALSE,FALSE,FALSE
75,"NVT","NVT","OR","Oever","n/hm","exemplaren per hectometer","AANTPLTE","Aantal per lengte","NVT","NVT","NVT","NVT","OSPAR_SA040","Industriële kunststof verpakkingsmateriaal","afgeleid van n/km naar n/hm Aantal per lengte Industriële kunststof verpakkingsmateriaal in Oever in n/hm","meting","NVT","other:OSPAR_KM",FALSE,FALSE,FALSE
76,"NVT","NVT","OR","Oever","n/hm","exemplaren per hectometer","AANTPLTE","Aantal per lengte","NVT","NVT","NVT","NVT","OSPAR_SA041","Glasvezel of polyester voorwerp","Aantal per lengte Glasvezel of polyester voorwerp in Oever in n/hm","meting","NVT","NVT",FALSE,FALSE,FALSE
77,"NVT","NVT","OR","Oever","n/hm","exemplaren per hectometer","AANTPLTE","Aantal per lengte","NVT","NVT","NVT","NVT","OSPAR_SA042","Veiligheidshelm","Aantal per lengte Veiligheidshelm in Oever in n/hm","meting","NVT","NVT",FALSE,FALSE,FALSE
78,"NVT","NVT","OR","Oever","n/hm","exemplaren per hectometer","AANTPLTE","Aantal per lengte","NVT","NVT","NVT","NVT","OSPAR_SA043","Patroon of munitiehuls","Aantal per lengte Patroon of munitiehuls in Oever in n/hm","meting","NVT","NVT",FALSE,FALSE,FALSE
79,"NVT","NVT","OR","Oever","n/hm","exemplaren per hectometer","AANTPLTE","Aantal per lengte","NVT","NVT","NVT","NVT","OSPAR_SA044","Plastic schoen of sandaal","Aantal per lengte Plastic schoen of sandaal in Oever in n/hm","meting","NVT","NVT",FALSE,FALSE,FALSE
80,"NVT","NVT","OR","Oever","n/hm","exemplaren per hectometer","AANTPLTE","Aantal per lengte","NVT","NVT","NVT","NVT","OSPAR_SA045","Stuk kunststof spons","Aantal per lengte Stuk kunststof spons in Oever in n/hm","meting","NVT","NVT",FALSE,FALSE,FALSE
81,"NVT","NVT","OR","Oever","n/hm","exemplaren per hectometer","AANTPLTE","Aantal per lengte","NVT","NVT","NVT","NVT","OSPAR_SA046","Stuk plastic of polystyreen 2,5 - 50 cm (SA0461 of SA0462)","Aantal per lengte Stuk plastic of polystyreen 2,5 - 50 cm (SA0461 of SA0462) in Oever in n/hm","meting","NVT","NVT",FALSE,FALSE,FALSE
82,"NVT","NVT","OR","Oever","n/hm","exemplaren per hectometer","AANTPLTE","Aantal per lengte","NVT","NVT","NVT","NVT","OSPAR_SA0461","Stuk plastic 2,5 - 50 cm","Aantal per lengte Stuk plastic 2,5 - 50 cm in Oever in n/hm","meting","NVT","NVT",FALSE,FALSE,FALSE
83,"NVT","NVT","OR","Oever","n/hm","exemplaren per hectometer","AANTPLTE","Aantal per lengte","NVT","NVT","NVT","NVT","OSPAR_SA0462","Stuk polystyreen 2,5 - 50 cm","Aantal per lengte Stuk polystyreen 2,5 - 50 cm in Oever in n/hm","meting","NVT","NVT",FALSE,FALSE,FALSE
84,"NVT","NVT","OR","Oever","n/hm","exemplaren per hectometer","AANTPLTE","Aantal per lengte","NVT","NVT","NVT","NVT","OSPAR_SA047","Stuk plastic of polystyreen > 50 cm (SA0471 of SA0472)","Aantal per lengte Stuk plastic of polystyreen > 50 cm (SA0471 of SA0472) in Oever in n/hm","meting","NVT","NVT",FALSE,FALSE,FALSE
85,"NVT","NVT","OR","Oever","n/hm","exemplaren per hectometer","AANTPLTE","Aantal per lengte","NVT","NVT","NVT","NVT","OSPAR_SA0471","Stuk plastic > 50 cm","Aantal per lengte Stuk plastic > 50 cm in Oever in n/hm","meting","NVT","NVT",FALSE,FALSE,FALSE
86,"NVT","NVT","OR","Oever","n/hm","exemplaren per hectometer","AANTPLTE","Aantal per lengte","NVT","NVT","NVT","NVT","OSPAR_SA0472","Stuk polystyreen > 50 cm","Aantal per lengte Stuk polystyreen > 50 cm in Oever in n/hm","meting","NVT","NVT",FALSE,FALSE,FALSE
87,"NVT","NVT","OR","Oever","n/hm","exemplaren per hectometer","AANTPLTE","Aantal per lengte","NVT","NVT","NVT","NVT","OSPAR_SA048","Ander plastic of polystyreen voorwerp","Aantal per lengte Ander plastic of polystyreen voorwerp in Oever in n/hm","meting","NVT","NVT",FALSE,FALSE,FALSE
88,"NVT","NVT","OR","Oever","n/hm","exemplaren per hectometer","AANTPLTE","Aantal per lengte","NVT","NVT","NVT","NVT","OSPAR_SA048","Ander plastic of polystyreen voorwerp","afgeleid van n/km naar n/hm Aantal per lengte Ander plastic of polystyreen voorwerp in Oever in n/hm","meting","NVT","other:OSPAR_KM",FALSE,FALSE,FALSE
89,"NVT","NVT","OR","Oever","n/hm","exemplaren per hectometer","AANTPLTE","Aantal per lengte","NVT","NVT","NVT","NVT","OSPAR_SA0481","Plastic Biofilm","Aantal per lengte Plastic Biofilm in Oever in n/hm","meting","NVT","NVT",FALSE,FALSE,FALSE
90,"NVT","NVT","OR","Oever","n/hm","exemplaren per hectometer","AANTPLTE","Aantal per lengte","NVT","NVT","NVT","NVT","OSPAR_SA049","Ballon, inclusief ventiel, lint, touw etc.","Aantal per lengte Ballon, inclusief ventiel, lint, touw etc. in Oever in n/hm","meting","NVT","NVT",FALSE,FALSE,FALSE
91,"NVT","NVT","OR","Oever","n/hm","exemplaren per hectometer","AANTPLTE","Aantal per lengte","NVT","NVT","NVT","NVT","OSPAR_SA050","Rubberlaars","Aantal per lengte Rubberlaars in Oever in n/hm","meting","NVT","NVT",FALSE,FALSE,FALSE
92,"NVT","NVT","OR","Oever","n/hm","exemplaren per hectometer","AANTPLTE","Aantal per lengte","NVT","NVT","NVT","NVT","OSPAR_SA052","Rubberband of rubberen riem","Aantal per lengte Rubberband of rubberen riem in Oever in n/hm","meting","NVT","NVT",FALSE,FALSE,FALSE
93,"NVT","NVT","OR","Oever","n/hm","exemplaren per hectometer","AANTPLTE","Aantal per lengte","NVT","NVT","NVT","NVT","OSPAR_SA052","Rubberband of rubberen riem","afgeleid van n/km naar n/hm Aantal per lengte Rubberband of rubberen riem in Oever in n/hm","meting","NVT","other:OSPAR_KM",FALSE,FALSE,FALSE
94,"NVT","NVT","OR","Oever","n/hm","exemplaren per hectometer","AANTPLTE","Aantal per lengte","NVT","NVT","NVT","NVT","OSPAR_SA053","Ander rubberen voorwerp","Aantal per lengte Ander rubberen voorwerp in Oever in n/hm","meting","NVT","NVT",FALSE,FALSE,FALSE
95,"NVT","NVT","OR","Oever","n/hm","exemplaren per hectometer","AANTPLTE","Aantal per lengte","NVT","NVT","NVT","NVT","OSPAR_SA053","Ander rubberen voorwerp","afgeleid van n/km naar n/hm Aantal per lengte Ander rubberen voorwerp in Oever in n/hm","meting","NVT","other:OSPAR_KM",FALSE,FALSE,FALSE
96,"NVT","NVT","OR","Oever","n/hm","exemplaren per hectometer","AANTPLTE","Aantal per lengte","NVT","NVT","NVT","NVT","OSPAR_SA054","Kleding","Aantal per lengte Kleding in Oever in n/hm","meting","NVT","NVT",FALSE,FALSE,FALSE
97,"NVT","NVT","OR","Oever","n/hm","exemplaren per hectometer","AANTPLTE","Aantal per lengte","NVT","NVT","NVT","NVT","OSPAR_SA054","Kleding","afgeleid van n/km naar n/hm Aantal per lengte Kleding in Oever in n/hm","meting","NVT","other:OSPAR_KM",FALSE,FALSE,FALSE
98,"NVT","NVT","OR","Oever","n/hm","exemplaren per hectometer","AANTPLTE","Aantal per lengte","NVT","NVT","NVT","NVT","OSPAR_SA055","Meubelstof","Aantal per lengte Meubelstof in Oever in n/hm","meting","NVT","NVT",FALSE,FALSE,FALSE
99,"NVT","NVT","OR","Oever","n/hm","exemplaren per hectometer","AANTPLTE","Aantal per lengte","NVT","NVT","NVT","NVT","OSPAR_SA056","Stoffen zak (bijv. jute)","Aantal per lengte Stoffen zak (bijv. jute) in Oever in n/hm","meting","NVT","NVT",FALSE,FALSE,FALSE
100,"NVT","NVT","OR","Oever","n/hm","exemplaren per hectometer","AANTPLTE","Aantal per lengte","NVT","NVT","NVT","NVT","OSPAR_SA057","Schoen, niet van plastic","Aantal per lengte Schoen, niet van plastic in Oever in n/hm","meting","NVT","NVT",FALSE,FALSE,FALSE
101,"NVT","NVT","OR","Oever","n/hm","exemplaren per hectometer","AANTPLTE","Aantal per lengte","NVT","NVT","NVT","NVT","OSPAR_SA059","Ander textiel voorwerp","Aantal per lengte Ander textiel voorwerp in Oever in n/hm","meting","NVT","NVT",FALSE,FALSE,FALSE
102,"NVT","NVT","OR","Oever","n/hm","exemplaren per hectometer","AANTPLTE","Aantal per lengte","NVT","NVT","NVT","NVT","OSPAR_SA059","Ander textiel voorwerp","afgeleid van n/km naar n/hm Aantal per lengte Ander textiel voorwerp in Oever in n/hm","meting","NVT","other:OSPAR_KM",FALSE,FALSE,FALSE
103,"NVT","NVT","OR","Oever","n/hm","exemplaren per hectometer","AANTPLTE","Aantal per lengte","NVT","NVT","NVT","NVT","OSPAR_SA060","Papieren zak","Aantal per lengte Papieren zak in Oever in n/hm","meting","NVT","NVT",FALSE,FALSE,FALSE
104,"NVT","NVT","OR","Oever","n/hm","exemplaren per hectometer","AANTPLTE","Aantal per lengte","NVT","NVT","NVT","NVT","OSPAR_SA061","Karton","Aantal per lengte Karton in Oever in n/hm","meting","NVT","NVT",FALSE,FALSE,FALSE
105,"NVT","NVT","OR","Oever","n/hm","exemplaren per hectometer","AANTPLTE","Aantal per lengte","NVT","NVT","NVT","NVT","OSPAR_SA0610","Plastic voedselverplakking","Aantal per lengte Plastic voedselverplakking in Oever in n/hm","meting","NVT","NVT",FALSE,FALSE,FALSE
106,"NVT","NVT","OR","Oever","n/hm","exemplaren per hectometer","AANTPLTE","Aantal per lengte","NVT","NVT","NVT","NVT","OSPAR_SA062","Overige kartonnen drankverpakking vb Tetra verpakking","Aantal per lengte Overige kartonnen drankverpakking vb Tetra verpakking in Oever in n/hm","meting","NVT","NVT",FALSE,FALSE,FALSE
107,"NVT","NVT","OR","Oever","n/hm","exemplaren per hectometer","AANTPLTE","Aantal per lengte","NVT","NVT","NVT","NVT","OSPAR_SA0620","Polystyreen voedselverpakking","Aantal per lengte Polystyreen voedselverpakking in Oever in n/hm","meting","NVT","NVT",FALSE,FALSE,FALSE
108,"NVT","NVT","OR","Oever","n/hm","exemplaren per hectometer","AANTPLTE","Aantal per lengte","NVT","NVT","NVT","NVT","OSPAR_SA063","Sigarettenpakje","Aantal per lengte Sigarettenpakje in Oever in n/hm","meting","NVT","NVT",FALSE,FALSE,FALSE
109,"NVT","NVT","OR","Oever","n/hm","exemplaren per hectometer","AANTPLTE","Aantal per lengte","NVT","NVT","NVT","NVT","OSPAR_SA064","Sigarettenpeuk","Aantal per lengte Sigarettenpeuk in Oever in n/hm","meting","NVT","NVT",FALSE,FALSE,FALSE
110,"NVT","NVT","OR","Oever","n/hm","exemplaren per hectometer","AANTPLTE","Aantal per lengte","NVT","NVT","NVT","NVT","OSPAR_SA065","Papieren beker","Aantal per lengte Papieren beker in Oever in n/hm","meting","NVT","NVT",FALSE,FALSE,FALSE
111,"NVT","NVT","OR","Oever","n/hm","exemplaren per hectometer","AANTPLTE","Aantal per lengte","NVT","NVT","NVT","NVT","OSPAR_SA066","Krant of tijdschrift","Aantal per lengte Krant of tijdschrift in Oever in n/hm","meting","NVT","NVT",FALSE,FALSE,FALSE
112,"NVT","NVT","OR","Oever","n/hm","exemplaren per hectometer","AANTPLTE","Aantal per lengte","NVT","NVT","NVT","NVT","OSPAR_SA067","Ander papieren voorwerp","Aantal per lengte Ander papieren voorwerp in Oever in n/hm","meting","NVT","NVT",FALSE,FALSE,FALSE
113,"NVT","NVT","OR","Oever","n/hm","exemplaren per hectometer","AANTPLTE","Aantal per lengte","NVT","NVT","NVT","NVT","OSPAR_SA068","Kurk","Aantal per lengte Kurk in Oever in n/hm","meting","NVT","NVT",FALSE,FALSE,FALSE
114,"NVT","NVT","OR","Oever","n/hm","exemplaren per hectometer","AANTPLTE","Aantal per lengte","NVT","NVT","NVT","NVT","OSPAR_SA069","Houten palet","Aantal per lengte Houten palet in Oever in n/hm","meting","NVT","NVT",FALSE,FALSE,FALSE
115,"NVT","NVT","OR","Oever","n/hm","exemplaren per hectometer","AANTPLTE","Aantal per lengte","NVT","NVT","NVT","NVT","OSPAR_SA069","Houten palet","afgeleid van n/km naar n/hm Aantal per lengte Houten palet in Oever in n/hm","meting","NVT","other:OSPAR_KM",FALSE,FALSE,FALSE
116,"NVT","NVT","OR","Oever","n/hm","exemplaren per hectometer","AANTPLTE","Aantal per lengte","NVT","NVT","NVT","NVT","OSPAR_SA070","Houten krat","Aantal per lengte Houten krat in Oever in n/hm","meting","NVT","NVT",FALSE,FALSE,FALSE
117,"NVT","NVT","OR","Oever","n/hm","exemplaren per hectometer","AANTPLTE","Aantal per lengte","NVT","NVT","NVT","NVT","OSPAR_SA070","Houten krat","afgeleid van n/km naar n/hm Aantal per lengte Houten krat in Oever in n/hm","meting","NVT","other:OSPAR_KM",FALSE,FALSE,FALSE
118,"NVT","NVT","OR","Oever","n/hm","exemplaren per hectometer","AANTPLTE","Aantal per lengte","NVT","NVT","NVT","NVT","OSPAR_SA071","Houten krabbenfuik of kreeftenfuik","Aantal per lengte Houten krabbenfuik of kreeftenfuik in Oever in n/hm","meting","NVT","NVT",FALSE,FALSE,FALSE
119,"NVT","NVT","OR","Oever","n/hm","exemplaren per hectometer","AANTPLTE","Aantal per lengte","NVT","NVT","NVT","NVT","OSPAR_SA071","Houten krabbenfuik of kreeftenfuik","afgeleid van n/km naar n/hm Aantal per lengte Houten krabbenfuik of kreeftenfuik in Oever in n/hm","meting","NVT","other:OSPAR_KM",FALSE,FALSE,FALSE
120,"NVT","NVT","OR","Oever","n/hm","exemplaren per hectometer","AANTPLTE","Aantal per lengte","NVT","NVT","NVT","NVT","OSPAR_SA072","Houten ijslollystokje of vorkje","Aantal per lengte Houten ijslollystokje of vorkje in Oever in n/hm","meting","NVT","NVT",FALSE,FALSE,FALSE
121,"NVT","NVT","OR","Oever","n/hm","exemplaren per hectometer","AANTPLTE","Aantal per lengte","NVT","NVT","NVT","NVT","OSPAR_SA073","Houten verfborstel","Aantal per lengte Houten verfborstel in Oever in n/hm","meting","NVT","NVT",FALSE,FALSE,FALSE
122,"NVT","NVT","OR","Oever","n/hm","exemplaren per hectometer","AANTPLTE","Aantal per lengte","NVT","NVT","NVT","NVT","OSPAR_SA074","Ander hout < 50 cm","Aantal per lengte Ander hout < 50 cm in Oever in n/hm","meting","NVT","NVT",FALSE,FALSE,FALSE
123,"NVT","NVT","OR","Oever","n/hm","exemplaren per hectometer","AANTPLTE","Aantal per lengte","NVT","NVT","NVT","NVT","OSPAR_SA075","Ander hout > 50 cm","Aantal per lengte Ander hout > 50 cm in Oever in n/hm","meting","NVT","NVT",FALSE,FALSE,FALSE
124,"NVT","NVT","OR","Oever","n/hm","exemplaren per hectometer","AANTPLTE","Aantal per lengte","NVT","NVT","NVT","NVT","OSPAR_SA075","Ander hout > 50 cm","afgeleid van n/km naar n/hm Aantal per lengte Ander hout > 50 cm in Oever in n/hm","meting","NVT","other:OSPAR_KM",FALSE,FALSE,FALSE
125,"NVT","NVT","OR","Oever","n/hm","exemplaren per hectometer","AANTPLTE","Aantal per lengte","NVT","NVT","NVT","NVT","OSPAR_SA076","Metalen spuitbus","Aantal per lengte Metalen spuitbus in Oever in n/hm","meting","NVT","NVT",FALSE,FALSE,FALSE
126,"NVT","NVT","OR","Oever","n/hm","exemplaren per hectometer","AANTPLTE","Aantal per lengte","NVT","NVT","NVT","NVT","OSPAR_SA077","Metalen flessendop","Aantal per lengte Metalen flessendop in Oever in n/hm","meting","NVT","NVT",FALSE,FALSE,FALSE
127,"NVT","NVT","OR","Oever","n/hm","exemplaren per hectometer","AANTPLTE","Aantal per lengte","NVT","NVT","NVT","NVT","OSPAR_SA078","Metalen drankbus of (drink)blikje","Aantal per lengte Metalen drankbus of (drink)blikje in Oever in n/hm","meting","NVT","NVT",FALSE,FALSE,FALSE
128,"NVT","NVT","OR","Oever","n/hm","exemplaren per hectometer","AANTPLTE","Aantal per lengte","NVT","NVT","NVT","NVT","OSPAR_SA079","Elektrisch toestel","Aantal per lengte Elektrisch toestel in Oever in n/hm","meting","NVT","NVT",FALSE,FALSE,FALSE
129,"NVT","NVT","OR","Oever","n/hm","exemplaren per hectometer","AANTPLTE","Aantal per lengte","NVT","NVT","NVT","NVT","OSPAR_SA080","Vis gewicht","Aantal per lengte Vis gewicht in Oever in n/hm","meting","NVT","NVT",FALSE,FALSE,FALSE
130,"NVT","NVT","OR","Oever","n/hm","exemplaren per hectometer","AANTPLTE","Aantal per lengte","NVT","NVT","NVT","NVT","OSPAR_SA081","Inpakfolie","Aantal per lengte Inpakfolie in Oever in n/hm","meting","NVT","NVT",FALSE,FALSE,FALSE
131,"NVT","NVT","OR","Oever","n/hm","exemplaren per hectometer","AANTPLTE","Aantal per lengte","NVT","NVT","NVT","NVT","OSPAR_SA082","Conservenblik of blik voor voeding","Aantal per lengte Conservenblik of blik voor voeding in Oever in n/hm","meting","NVT","NVT",FALSE,FALSE,FALSE
132,"NVT","NVT","OR","Oever","n/hm","exemplaren per hectometer","AANTPLTE","Aantal per lengte","NVT","NVT","NVT","NVT","OSPAR_SA083","Industrieel afval","Aantal per lengte Industrieel afval in Oever in n/hm","meting","NVT","NVT",FALSE,FALSE,FALSE
133,"NVT","NVT","OR","Oever","n/hm","exemplaren per hectometer","AANTPLTE","Aantal per lengte","NVT","NVT","NVT","NVT","OSPAR_SA084","Metalen olievat","Aantal per lengte Metalen olievat in Oever in n/hm","meting","NVT","NVT",FALSE,FALSE,FALSE
134,"NVT","NVT","OR","Oever","n/hm","exemplaren per hectometer","AANTPLTE","Aantal per lengte","NVT","NVT","NVT","NVT","OSPAR_SA084","Metalen olievat","afgeleid van n/km naar n/hm Aantal per lengte Metalen olievat in Oever in n/hm","meting","NVT","other:OSPAR_KM",FALSE,FALSE,FALSE
135,"NVT","NVT","OR","Oever","n/hm","exemplaren per hectometer","AANTPLTE","Aantal per lengte","NVT","NVT","NVT","NVT","OSPAR_SA086","Verfblik","Aantal per lengte Verfblik in Oever in n/hm","meting","NVT","NVT",FALSE,FALSE,FALSE
136,"NVT","NVT","OR","Oever","n/hm","exemplaren per hectometer","AANTPLTE","Aantal per lengte","NVT","NVT","NVT","NVT","OSPAR_SA087","Metalen krabbenfuik of kreeftenfuik","Aantal per lengte Metalen krabbenfuik of kreeftenfuik in Oever in n/hm","meting","NVT","NVT",FALSE,FALSE,FALSE
137,"NVT","NVT","OR","Oever","n/hm","exemplaren per hectometer","AANTPLTE","Aantal per lengte","NVT","NVT","NVT","NVT","OSPAR_SA088","Metalen draden, netten, gaas of prikkeldraad","Aantal per lengte Metalen draden, netten, gaas of prikkeldraad in Oever in n/hm","meting","NVT","NVT",FALSE,FALSE,FALSE
138,"NVT","NVT","OR","Oever","n/hm","exemplaren per hectometer","AANTPLTE","Aantal per lengte","NVT","NVT","NVT","NVT","OSPAR_SA089","Andere metalen voorwerp < 50 cm","Aantal per lengte Andere metalen voorwerp < 50 cm in Oever in n/hm","meting","NVT","NVT",FALSE,FALSE,FALSE
139,"NVT","NVT","OR","Oever","n/hm","exemplaren per hectometer","AANTPLTE","Aantal per lengte","NVT","NVT","NVT","NVT","OSPAR_SA090","Andere metalen voorwerp > 50 cm","Aantal per lengte Andere metalen voorwerp > 50 cm in Oever in n/hm","meting","NVT","NVT",FALSE,FALSE,FALSE
140,"NVT","NVT","OR","Oever","n/hm","exemplaren per hectometer","AANTPLTE","Aantal per lengte","NVT","NVT","NVT","NVT","OSPAR_SA090","Andere metalen voorwerp > 50 cm","afgeleid van n/km naar n/hm Aantal per lengte Andere metalen voorwerp > 50 cm in Oever in n/hm","meting","NVT","other:OSPAR_KM",FALSE,FALSE,FALSE
141,"NVT","NVT","OR","Oever","n/hm","exemplaren per hectometer","AANTPLTE","Aantal per lengte","NVT","NVT","NVT","NVT","OSPAR_SA091","Glazen fles","Aantal per lengte Glazen fles in Oever in n/hm","meting","NVT","NVT",FALSE,FALSE,FALSE
142,"NVT","NVT","OR","Oever","n/hm","exemplaren per hectometer","AANTPLTE","Aantal per lengte","NVT","NVT","NVT","NVT","OSPAR_SA092","Lamp of TL-lamp","Aantal per lengte Lamp of TL-lamp in Oever in n/hm","meting","NVT","NVT",FALSE,FALSE,FALSE
143,"NVT","NVT","OR","Oever","n/hm","exemplaren per hectometer","AANTPLTE","Aantal per lengte","NVT","NVT","NVT","NVT","OSPAR_SA093","Ander glazen voorwerp","Aantal per lengte Ander glazen voorwerp in Oever in n/hm","meting","NVT","NVT",FALSE,FALSE,FALSE
144,"NVT","NVT","OR","Oever","n/hm","exemplaren per hectometer","AANTPLTE","Aantal per lengte","NVT","NVT","NVT","NVT","OSPAR_SA0931","Glazen potten","Aantal per lengte Glazen potten in Oever in n/hm","meting","NVT","NVT",FALSE,FALSE,FALSE
145,"NVT","NVT","OR","Oever","n/hm","exemplaren per hectometer","AANTPLTE","Aantal per lengte","NVT","NVT","NVT","NVT","OSPAR_SA094","Bouwmateriaal (bijv. tegel)","Aantal per lengte Bouwmateriaal (bijv. tegel) in Oever in n/hm","meting","NVT","NVT",FALSE,FALSE,FALSE
146,"NVT","NVT","OR","Oever","n/hm","exemplaren per hectometer","AANTPLTE","Aantal per lengte","NVT","NVT","NVT","NVT","OSPAR_SA095","Inktvisfuik","Aantal per lengte Inktvisfuik in Oever in n/hm","meting","NVT","NVT",FALSE,FALSE,FALSE
147,"NVT","NVT","OR","Oever","n/hm","exemplaren per hectometer","AANTPLTE","Aantal per lengte","NVT","NVT","NVT","NVT","OSPAR_SA096","Ander aardewerken of keramisch voorwerp","Aantal per lengte Ander aardewerken of keramisch voorwerp in Oever in n/hm","meting","NVT","NVT",FALSE,FALSE,FALSE
148,"NVT","NVT","OR","Oever","n/hm","exemplaren per hectometer","AANTPLTE","Aantal per lengte","NVT","NVT","NVT","NVT","OSPAR_SA097","Condoom","Aantal per lengte Condoom in Oever in n/hm","meting","NVT","NVT",FALSE,FALSE,FALSE
149,"NVT","NVT","OR","Oever","n/hm","exemplaren per hectometer","AANTPLTE","Aantal per lengte","NVT","NVT","NVT","NVT","OSPAR_SA098","Wattenstaafje (SA0981 of SA0982)","Aantal per lengte Wattenstaafje (SA0981 of SA0982) in Oever in n/hm","meting","NVT","NVT",FALSE,FALSE,FALSE
150,"NVT","NVT","OR","Oever","n/hm","exemplaren per hectometer","AANTPLTE","Aantal per lengte","NVT","NVT","NVT","NVT","OSPAR_SA0981","Wattenstaafje_plastic","Aantal per lengte Wattenstaafje_plastic in Oever in n/hm","meting","NVT","NVT",FALSE,FALSE,FALSE
151,"NVT","NVT","OR","Oever","n/hm","exemplaren per hectometer","AANTPLTE","Aantal per lengte","NVT","NVT","NVT","NVT","OSPAR_SA0982","Wattenstaafje_karton","Aantal per lengte Wattenstaafje_karton in Oever in n/hm","meting","NVT","NVT",FALSE,FALSE,FALSE
152,"NVT","NVT","OR","Oever","n/hm","exemplaren per hectometer","AANTPLTE","Aantal per lengte","NVT","NVT","NVT","NVT","OSPAR_SA099","Maandverband of inlegkruisje","Aantal per lengte Maandverband of inlegkruisje in Oever in n/hm","meting","NVT","NVT",FALSE,FALSE,FALSE
153,"NVT","NVT","OR","Oever","n/hm","exemplaren per hectometer","AANTPLTE","Aantal per lengte","NVT","NVT","NVT","NVT","OSPAR_SA100","Tampon of inbrenghuls","Aantal per lengte Tampon of inbrenghuls in Oever in n/hm","meting","NVT","NVT",FALSE,FALSE,FALSE
154,"NVT","NVT","OR","Oever","n/hm","exemplaren per hectometer","AANTPLTE","Aantal per lengte","NVT","NVT","NVT","NVT","OSPAR_SA101","Toiletverfrisser","Aantal per lengte Toiletverfrisser in Oever in n/hm","meting","NVT","NVT",FALSE,FALSE,FALSE
155,"NVT","NVT","OR","Oever","n/hm","exemplaren per hectometer","AANTPLTE","Aantal per lengte","NVT","NVT","NVT","NVT","OSPAR_SA102","Ander sanitair voorwerp","Aantal per lengte Ander sanitair voorwerp in Oever in n/hm","meting","NVT","NVT",FALSE,FALSE,FALSE
156,"NVT","NVT","OR","Oever","n/hm","exemplaren per hectometer","AANTPLTE","Aantal per lengte","NVT","NVT","NVT","NVT","OSPAR_SA103","Medische koker of buisje","Aantal per lengte Medische koker of buisje in Oever in n/hm","meting","NVT","NVT",FALSE,FALSE,FALSE
157,"NVT","NVT","OR","Oever","n/hm","exemplaren per hectometer","AANTPLTE","Aantal per lengte","NVT","NVT","NVT","NVT","OSPAR_SA104","Injectiespuit","Aantal per lengte Injectiespuit in Oever in n/hm","meting","NVT","NVT",FALSE,FALSE,FALSE
158,"NVT","NVT","OR","Oever","n/hm","exemplaren per hectometer","AANTPLTE","Aantal per lengte","NVT","NVT","NVT","NVT","OSPAR_SA105","Ander medisch voorwerp","Aantal per lengte Ander medisch voorwerp in Oever in n/hm","meting","NVT","NVT",FALSE,FALSE,FALSE
159,"NVT","NVT","OR","Oever","n/hm","exemplaren per hectometer","AANTPLTE","Aantal per lengte","NVT","NVT","NVT","NVT","OSPAR_SA108","Stukje paraffine of wax 0 - 1 cm","Aantal per lengte Stukje paraffine of wax 0 - 1 cm in Oever in n/hm","meting","NVT","NVT",FALSE,FALSE,FALSE
160,"NVT","NVT","OR","Oever","n/hm","exemplaren per hectometer","AANTPLTE","Aantal per lengte","NVT","NVT","NVT","NVT","OSPAR_SA109","Stukje paraffine of wax 1 - 10 cm","Aantal per lengte Stukje paraffine of wax 1 - 10 cm in Oever in n/hm","meting","NVT","NVT",FALSE,FALSE,FALSE
161,"NVT","NVT","OR","Oever","n/hm","exemplaren per hectometer","AANTPLTE","Aantal per lengte","NVT","NVT","NVT","NVT","OSPAR_SA110","Stukje paraffine of wax > 10 cm","Aantal per lengte Stukje paraffine of wax > 10 cm in Oever in n/hm","meting","NVT","NVT",FALSE,FALSE,FALSE
162,"NVT","NVT","OR","Oever","n/hm","exemplaren per hectometer","AANTPLTE","Aantal per lengte","NVT","NVT","NVT","NVT","OSPAR_SA111","Ander vervuilend voorwerp","Aantal per lengte Ander vervuilend voorwerp in Oever in n/hm","meting","NVT","NVT",FALSE,FALSE,FALSE
163,"NVT","NVT","OR","Oever","n/hm","exemplaren per hectometer","AANTPLTE","Aantal per lengte","NVT","NVT","NVT","NVT","OSPAR_SA112","Verzamelrol afgescheurde plastic zakken","Aantal per lengte Verzamelrol afgescheurde plastic zakken in Oever in n/hm","meting","NVT","NVT",FALSE,FALSE,FALSE
164,"NVT","NVT","OR","Oever","n/hm","exemplaren per hectometer","AANTPLTE","Aantal per lengte","NVT","NVT","NVT","NVT","OSPAR_SA113","Werkhandschoen (industrieel/professioneel)","Aantal per lengte Werkhandschoen (industrieel/professioneel) in Oever in n/hm","meting","NVT","NVT",FALSE,FALSE,FALSE
165,"NVT","NVT","OR","Oever","n/hm","exemplaren per hectometer","AANTPLTE","Aantal per lengte","NVT","NVT","NVT","NVT","OSPAR_SA113","Werkhandschoen (industrieel/professioneel)","afgeleid van n/km naar n/hm Aantal per lengte Werkhandschoen (industrieel/professioneel) in Oever in n/hm","meting","NVT","other:OSPAR_KM",FALSE,FALSE,FALSE
166,"NVT","NVT","OR","Oever","n/hm","exemplaren per hectometer","AANTPLTE","Aantal per lengte","NVT","NVT","NVT","NVT","OSPAR_SA114","Kreeft of vis label","Aantal per lengte Kreeft of vis label in Oever in n/hm","meting","NVT","NVT",FALSE,FALSE,FALSE
167,"NVT","NVT","OR","Oever","n/hm","exemplaren per hectometer","AANTPLTE","Aantal per lengte","NVT","NVT","NVT","NVT","OSPAR_SA115","Net of stukken net < 50 cm","Aantal per lengte Net of stukken net < 50 cm in Oever in n/hm","meting","NVT","NVT",FALSE,FALSE,FALSE
168,"NVT","NVT","OR","Oever","n/hm","exemplaren per hectometer","AANTPLTE","Aantal per lengte","NVT","NVT","NVT","NVT","OSPAR_SA116","Net of stukken net > 50 cm","Aantal per lengte Net of stukken net > 50 cm in Oever in n/hm","meting","NVT","NVT",FALSE,FALSE,FALSE
169,"NVT","NVT","OR","Oever","n/hm","exemplaren per hectometer","AANTPLTE","Aantal per lengte","NVT","NVT","NVT","NVT","OSPAR_SA116","Net of stukken net > 50 cm","afgeleid van n/km naar n/hm Aantal per lengte Net of stukken net > 50 cm in Oever in n/hm","meting","NVT","other:OSPAR_KM",FALSE,FALSE,FALSE
170,"NVT","NVT","OR","Oever","n/hm","exemplaren per hectometer","AANTPLTE","Aantal per lengte","NVT","NVT","NVT","NVT","OSPAR_SA117","Stukjes plastic of polystyreen 0-2,5 cm (SA1171 of SA1172)","Aantal per lengte Stukjes plastic of polystyreen 0-2,5 cm (SA1171 of SA1172) in Oever in n/hm","meting","NVT","NVT",FALSE,FALSE,FALSE
171,"NVT","NVT","OR","Oever","n/hm","exemplaren per hectometer","AANTPLTE","Aantal per lengte","NVT","NVT","NVT","NVT","OSPAR_SA1171","Stuk plastic 0-2,5 cm","Aantal per lengte Stuk plastic 0-2,5 cm in Oever in n/hm","meting","NVT","NVT",FALSE,FALSE,FALSE
172,"NVT","NVT","OR","Oever","n/hm","exemplaren per hectometer","AANTPLTE","Aantal per lengte","NVT","NVT","NVT","NVT","OSPAR_SA1172","Stuk polystyreen 0-2,5 cm","Aantal per lengte Stuk polystyreen 0-2,5 cm in Oever in n/hm","meting","NVT","NVT",FALSE,FALSE,FALSE
173,"NVT","NVT","OR","Oever","n/hm","exemplaren per hectometer","AANTPLTE","Aantal per lengte","NVT","NVT","NVT","NVT","OSPAR_SA118","Kartonnen drankverpakking voor melk, vb tetrapak","Aantal per lengte Kartonnen drankverpakking voor melk, vb tetrapak in Oever in n/hm","meting","NVT","NVT",FALSE,FALSE,FALSE
174,"NVT","NVT","OR","Oever","n/hm","exemplaren per hectometer","AANTPLTE","Aantal per lengte","NVT","NVT","NVT","NVT","OSPAR_SA119","Houten viskrat","Aantal per lengte Houten viskrat in Oever in n/hm","meting","NVT","NVT",FALSE,FALSE,FALSE
175,"NVT","NVT","OR","Oever","n/hm","exemplaren per hectometer","AANTPLTE","Aantal per lengte","NVT","NVT","NVT","NVT","OSPAR_SA119","Houten viskrat","afgeleid van n/km naar n/hm Aantal per lengte Houten viskrat in Oever in n/hm","meting","NVT","other:OSPAR_KM",FALSE,FALSE,FALSE
176,"NVT","NVT","OR","Oever","n/hm","exemplaren per hectometer","AANTPLTE","Aantal per lengte","NVT","NVT","NVT","NVT","OSPAR_SA120","Wegwerp BBQ","Aantal per lengte Wegwerp BBQ in Oever in n/hm","meting","NVT","NVT",FALSE,FALSE,FALSE
177,"NVT","NVT","OR","Oever","n/hm","exemplaren per hectometer","AANTPLTE","Aantal per lengte","NVT","NVT","NVT","NVT","OSPAR_SA121","Hondenpoepzakje","Aantal per lengte Hondenpoepzakje in Oever in n/hm","meting","NVT","NVT",FALSE,FALSE,FALSE
178,"NVT","NVT","OR","Oever","n/hm","exemplaren per hectometer","AANTPLTE","Aantal per lengte","NVT","NVT","NVT","NVT","OSPAR_SA200","Touw klein","Aantal per lengte Touw klein in Oever in n/hm","meting","NVT","NVT",FALSE,FALSE,FALSE
179,"NVT","NVT","OR","Oever","n/hm","exemplaren per hectometer","AANTPLTE","Aantal per lengte","NVT","NVT","NVT","NVT","OSPAR_SA201","Touw groot","Aantal per lengte Touw groot in Oever in n/hm","meting","NVT","NVT",FALSE,FALSE,FALSE
180,"NVT","NVT","OR","Oever","n/hm","exemplaren per hectometer","AANTPLTE","Aantal per lengte","NVT","NVT","NVT","NVT","OSPAR_SA201","Touw groot","afgeleid van n/km naar n/hm Aantal per lengte Touw groot in Oever in n/hm","meting","NVT","other:OSPAR_KM",FALSE,FALSE,FALSE
181,"NVT","NVT","OR","Oever","n/hm","exemplaren per hectometer","AANTPLTE","Aantal per lengte","NVT","NVT","NVT","NVT","OSPAR_SA202","Plastic stukje","Aantal per lengte Plastic stukje in Oever in n/hm","meting","NVT","NVT",FALSE,FALSE,FALSE
182,"NVT","NVT","OR","Oever","n/hm","exemplaren per hectometer","AANTPLTE","Aantal per lengte","NVT","NVT","NVT","NVT","OSPAR_SA203","Handschoen","Aantal per lengte Handschoen in Oever in n/hm","meting","NVT","NVT",FALSE,FALSE,FALSE
183,"NVT","NVT","OR","Oever","n/hm","exemplaren per hectometer","AANTPLTE","Aantal per lengte","NVT","NVT","NVT","NVT","OSPAR_SA203","Handschoen","afgeleid van n/km naar n/hm Aantal per lengte Handschoen in Oever in n/hm","meting","NVT","other:OSPAR_KM",FALSE,FALSE,FALSE
184,"NVT","NVT","OR","Oever","n/hm","exemplaren per hectometer","AANTPLTE","Aantal per lengte","NVT","NVT","NVT","NVT","OSPAR_SA204","Drinkverpakking","Aantal per lengte Drinkverpakking in Oever in n/hm","meting","NVT","NVT",FALSE,FALSE,FALSE
185,"NVT","NVT","OR","Oever","n/hm","exemplaren per hectometer","AANTPLTE","Aantal per lengte","NVT","NVT","NVT","NVT","OSPAR_SA205","Olievat - nieuw","Aantal per lengte Olievat - nieuw in Oever in n/hm","meting","NVT","NVT",FALSE,FALSE,FALSE
186,"NVT","NVT","OR","Oever","n/hm","exemplaren per hectometer","AANTPLTE","Aantal per lengte","NVT","NVT","NVT","NVT","OSPAR_SA206","Olievat - oud","Aantal per lengte Olievat - oud in Oever in n/hm","meting","NVT","NVT",FALSE,FALSE,FALSE
187,"NVT","NVT","OR","Oever","n/hm","exemplaren per hectometer","AANTPLTE","Aantal per lengte","NVT","NVT","NVT","NVT","OSPAR_SA207","Menselijke faecaliën","Aantal per lengte Menselijke faecaliën in Oever in n/hm","meting","NVT","NVT",FALSE,FALSE,FALSE
188,"NVT","NVT","OR","Oever","n/hm","exemplaren per hectometer","AANTPLTE","Aantal per lengte","NVT","NVT","NVT","NVT","OSPAR_SA208","Dierlijke faecaliën","Aantal per lengte Dierlijke faecaliën in Oever in n/hm","meting","NVT","NVT",FALSE,FALSE,FALSE
189,"NVT","NVT","OR","Oever","n/hm","exemplaren per hectometer","AANTPLTE","Aantal per lengte","NVT","NVT","NVT","NVT","OSPAR_SA210","Kleding-koord","Aantal per lengte Kleding-koord in Oever in n/hm","meting","NVT","NVT",FALSE,FALSE,FALSE
190,"NVT","NVT","OR","Oever","n/hm","exemplaren per hectometer","AANTPLTE","Aantal per lengte","NVT","NVT","NVT","NVT","OSPAR_SA210","Kleding-koord","afgeleid van n/km naar n/hm Aantal per lengte Kleding-koord in Oever in n/hm","meting","NVT","other:OSPAR_KM",FALSE,FALSE,FALSE
191,"NVT","NVT","OW","Oppervlaktewater","n/dl","exemplaren per deciliter","AANTPVLME","Aantal per volume","KVE","uitgedrukt in kolonie vormende eenheden","NVT","NVT","CAMPLBTR","Campylobacter","Aantal per volume Campylobacter in Oppervlaktewater uitgedrukt in kolonie vormende eenheden in n/dl","meting","NVT","NVT",TRUE,FALSE,TRUE
192,"Mytilus edulis","Mytilus edulis","OE","Organisme (biota)","n/l","exemplaren per liter","AANTPVLME","Aantal per volume","ng","t.o.v. natgewicht","VS","Vlees","FAECLCLFMN","Faecale coliformen","Aantal per volume Faecale coliformen in Organisme (biota) t.o.v. natgewicht in Vlees Mytilus edulis n/l","meting","NVT","NVT",TRUE,FALSE,TRUE
193,"NVT","NVT","OW","Oppervlaktewater","n/l","exemplaren per liter","AANTPVLME","Aantal per volume","DNAKPN","uitgedrukt in DNA-kopieën","NVT","NVT","NVT","NVT","Aantal per volume in Oppervlaktewater uitgedrukt in DNA-kopieën in n/l","meting","NVT","NVT",FALSE,FALSE,TRUE
194,"NVT","NVT","OW","Oppervlaktewater","n/l","exemplaren per liter","AANTPVLME","Aantal per volume","NVT","NVT","NVT","NVT","E_COLI","Escherichia coli","Aantal per volume Escherichia coli in Oppervlaktewater in n/l","meting","NVT","NVT",TRUE,FALSE,TRUE
195,"NVT","NVT","OW","Oppervlaktewater","n/l","exemplaren per liter","AANTPVLME","Aantal per volume","NVT","NVT","NVT","NVT","ENTRBTRCE","Enterobacteriaceae","Aantal per volume Enterobacteriaceae in Oppervlaktewater in n/l","meting","NVT","NVT",TRUE,FALSE,TRUE
196,"NVT","NVT","OW","Oppervlaktewater","n/l","exemplaren per liter","AANTPVLME","Aantal per volume","NVT","NVT","NVT","NVT","ENTRCCN","Enterococcen","Aantal per volume Enterococcen in Oppervlaktewater in n/l","meting","NVT","NVT",FALSE,FALSE,TRUE
197,"NVT","NVT","OW","Oppervlaktewater","n/l","exemplaren per liter","AANTPVLME","Aantal per volume","NVT","NVT","NVT","NVT","FAECLSTCCND","Faecale Streptococcen D","Aantal per volume Faecale Streptococcen D in Oppervlaktewater in n/l","meting","NVT","NVT",TRUE,FALSE,TRUE
198,"NVT","NVT","OW","Oppervlaktewater","n/l","exemplaren per liter","AANTPVLME","Aantal per volume","NVT","NVT","NVT","NVT","INTTNLETRCCN","Intestinale enterococcen","Aantal per volume Intestinale enterococcen in Oppervlaktewater in n/l","meting","NVT","NVT",TRUE,FALSE,TRUE
199,"Anabaena","Anabaena","OW","Oppervlaktewater","n/l","exemplaren per liter","AANTPVLME","Aantal per volume","NVT","NVT","NVT","NVT","NVT","NVT","Aantal per volume in Oppervlaktewater in Anabaena n/l","meting","NVT","NVT",TRUE,FALSE,TRUE
200,"Anabaenopsis","Anabaenopsis","OW","Oppervlaktewater","n/l","exemplaren per liter","AANTPVLME","Aantal per volume","NVT","NVT","NVT","NVT","NVT","NVT","Aantal per volume in Oppervlaktewater in Anabaenopsis n/l","meting","NVT","NVT",FALSE,FALSE,TRUE
201,"Aphanizomenon","Aphanizomenon","OW","Oppervlaktewater","n/l","exemplaren per liter","AANTPVLME","Aantal per volume","NVT","NVT","NVT","NVT","NVT","NVT","Aantal per volume in Oppervlaktewater in Aphanizomenon n/l","meting","NVT","NVT",TRUE,FALSE,TRUE
202,"Microcystis","Microcystis","OW","Oppervlaktewater","n/l","exemplaren per liter","AANTPVLME","Aantal per volume","NVT","NVT","NVT","NVT","NVT","NVT","Aantal per volume in Oppervlaktewater in Microcystis n/l","meting","NVT","NVT",TRUE,FALSE,TRUE
203,"NVT","NVT","OW","Oppervlaktewater","n/l","exemplaren per liter","AANTPVLME","Aantal per volume","NVT","NVT","NVT","NVT","NVT","NVT","Aantal per volume in Oppervlaktewater in n/l","meting","NVT","NVT",TRUE,FALSE,TRUE
204,"Planktothrix","Planktothrix","OW","Oppervlaktewater","n/l","exemplaren per liter","AANTPVLME","Aantal per volume","NVT","NVT","NVT","NVT","NVT","NVT","Aantal per volume in Oppervlaktewater in Planktothrix n/l","meting","NVT","NVT",TRUE,FALSE,TRUE
205,"Woronichinia","Woronichinia","OW","Oppervlaktewater","n/l","exemplaren per liter","AANTPVLME","Aantal per volume","NVT","NVT","NVT","NVT","NVT","NVT","Aantal per volume in Oppervlaktewater in Woronichinia n/l","meting","NVT","NVT",TRUE,FALSE,TRUE
206,"NVT","NVT","OW","Oppervlaktewater","n/l","exemplaren per liter","AANTPVLME","Aantal per volume","NVT","NVT","NVT","NVT","SALMNLA","Salmonella","Aantal per volume Salmonella in Oppervlaktewater in n/l","meting","NVT","NVT",TRUE,FALSE,TRUE
207,"NVT","NVT","OW","Oppervlaktewater","n/l","exemplaren per liter","AANTPVLME","Aantal per volume","NVT","NVT","NVT","NVT","THERMTLRTCLS","Thermotolerante Coli's (incubatie bij 44 C)","Aantal per volume Thermotolerante Coli's (incubatie bij 44 C) in Oppervlaktewater in n/l","meting","NVT","NVT",TRUE,FALSE,TRUE
208,"NVT","NVT","OW","Oppervlaktewater","n/l","exemplaren per liter","AANTPVLME","Aantal per volume","NVT","NVT","NVT","NVT","TOTCLS","Totaal Coli's (incubatie bij 37 C)","Aantal per volume Totaal Coli's (incubatie bij 37 C) in Oppervlaktewater in n/l","meting","NVT","NVT",TRUE,FALSE,TRUE
209,"NVT","NVT","OE","Organisme (biota)","DIMSLS","dimensieloos","AANWZHD","Aanwezigheid","NVT","NVT","NVT","NVT","TRICBHZA","Trichobilharzia","Aanwezigheid Trichobilharzia in Organisme (biota)","meting","NVT","NVT",FALSE,FALSE,FALSE
210,"NVT","NVT","OW","Oppervlaktewater","DIMSLS","dimensieloos","AANWZHD","Aanwezigheid","NVT","NVT","NVT","NVT","GEUR","Geur","Aanwezigheid Geur in Oppervlaktewater","meting","NVT","NVT",TRUE,FALSE,FALSE
211,"NVT","NVT","OW","Oppervlaktewater","DIMSLS","dimensieloos","AANWZHD","Aanwezigheid","NVT","NVT","NVT","NVT","KLEUR","Kleur","Aanwezigheid Kleur in Oppervlaktewater","meting","NVT","NVT",TRUE,FALSE,FALSE
212,"Lyngbya","Lyngbya","OW","Oppervlaktewater","DIMSLS","dimensieloos","AANWZHD","Aanwezigheid","NVT","NVT","NVT","NVT","NVT","NVT","Aanwezigheid in Oppervlaktewater in Lyngbya","meting","NVT","NVT",FALSE,FALSE,FALSE
213,"NVT","NVT","OW","Oppervlaktewater","DIMSLS","dimensieloos","AANWZHD","Aanwezigheid","NVT","NVT","NVT","NVT","OLE","Olie","Aanwezigheid Olie in Oppervlaktewater","meting","NVT","NVT",TRUE,FALSE,FALSE
214,"NVT","NVT","OW","Oppervlaktewater","DIMSLS","dimensieloos","AANWZHD","Aanwezigheid","NVT","NVT","NVT","NVT","SCHUIM","Schuim","Aanwezigheid Schuim in Oppervlaktewater","meting","NVT","NVT",TRUE,FALSE,FALSE
215,"NVT","NVT","OW","Oppervlaktewater","DIMSLS","dimensieloos","AANWZHD","Aanwezigheid","NVT","NVT","NVT","NVT","THAUMTPPCSNA","Thaumetopoea processionea","Aanwezigheid Thaumetopoea processionea in Oppervlaktewater","meting","NVT","NVT",FALSE,FALSE,FALSE
216,"NVT","NVT","OW","Oppervlaktewater","DIMSLS","dimensieloos","AANWZHD","Aanwezigheid","NVT","NVT","NVT","NVT","TRICBHZA","Trichobilharzia","Aanwezigheid Trichobilharzia in Oppervlaktewater","meting","NVT","NVT",FALSE,FALSE,FALSE
217,"NVT","NVT","OW","Oppervlaktewater","DIMSLS","dimensieloos","AANWZHD","Aanwezigheid","NVT","NVT","NVT","NVT","VUIL","Vuil","Aanwezigheid Vuil in Oppervlaktewater","meting","NVT","NVT",TRUE,FALSE,FALSE
218,"Anabaena","Anabaena","OW","Oppervlaktewater","DIMSLS","dimensieloos","AANWZHD","Aanwezigheid","OHSDETA","Overheersende taxa","NVT","NVT","CYANBTRDLG","Cyanobacteriedrijflaag","Aanwezigheid Cyanobacteriedrijflaag in Oppervlaktewater Overheersende taxa in Anabaena","meting","NVT","NVT",TRUE,FALSE,FALSE
219,"Aphanizomenon","Aphanizomenon","OW","Oppervlaktewater","DIMSLS","dimensieloos","AANWZHD","Aanwezigheid","OHSDETA","Overheersende taxa","NVT","NVT","CYANBTRDLG","Cyanobacteriedrijflaag","Aanwezigheid Cyanobacteriedrijflaag in Oppervlaktewater Overheersende taxa in Aphanizomenon","meting","NVT","NVT",TRUE,FALSE,FALSE
220,"Microcystis","Microcystis","OW","Oppervlaktewater","DIMSLS","dimensieloos","AANWZHD","Aanwezigheid","OHSDETA","Overheersende taxa","NVT","NVT","CYANBTRDLG","Cyanobacteriedrijflaag","Aanwezigheid Cyanobacteriedrijflaag in Oppervlaktewater Overheersende taxa in Microcystis","meting","NVT","NVT",TRUE,FALSE,FALSE
221,"NVT","NVT","OW","Oppervlaktewater","DIMSLS","dimensieloos","AANWZHD","Aanwezigheid","OHSDETA","Overheersende taxa","NVT","NVT","CYANBTRDLG","Cyanobacteriedrijflaag","Aanwezigheid Cyanobacteriedrijflaag in Oppervlaktewater Overheersende taxa","meting","NVT","NVT",TRUE,FALSE,FALSE
222,"Planktothrix","Planktothrix","OW","Oppervlaktewater","DIMSLS","dimensieloos","AANWZHD","Aanwezigheid","OHSDETA","Overheersende taxa","NVT","NVT","CYANBTRDLG","Cyanobacteriedrijflaag","Aanwezigheid Cyanobacteriedrijflaag in Oppervlaktewater Overheersende taxa in Planktothrix","meting","NVT","NVT",FALSE,FALSE,FALSE
223,"Woronichinia","Woronichinia","OW","Oppervlaktewater","DIMSLS","dimensieloos","AANWZHD","Aanwezigheid","OHSDETA","Overheersende taxa","NVT","NVT","CYANBTRDLG","Cyanobacteriedrijflaag","Aanwezigheid Cyanobacteriedrijflaag in Oppervlaktewater Overheersende taxa in Woronichinia","meting","NVT","NVT",FALSE,FALSE,FALSE
224,"Dreissena bugensis","Dreissena bugensis","OE","Organisme (biota)","d","dag","ACCMLTDR","Accumulatieduur","NVT","NVT","NVT","NVT","NVT","NVT","Accumulatieduur in Organisme (biota) in Dreissena bugensis d","meting","NVT","NVT",TRUE,FALSE,FALSE
225,"Dreissena polymorpha","Dreissena polymorpha","OE","Organisme (biota)","d","dag","ACCMLTDR","Accumulatieduur","NVT","NVT","NVT","NVT","NVT","NVT","Accumulatieduur in Organisme (biota) in Dreissena polymorpha d","meting","NVT","NVT",TRUE,FALSE,FALSE
226,"Mytilus edulis","Mytilus edulis","OE","Organisme (biota)","d","dag","ACCMLTDR","Accumulatieduur","NVT","NVT","NVT","NVT","NVT","NVT","Accumulatieduur in Organisme (biota) in Mytilus edulis d","meting","NVT","NVT",TRUE,FALSE,FALSE
227,"NVT","NVT","OW","Oppervlaktewater","d","dag","ACCMLTDR","Accumulatieduur","NVT","NVT","NVT","NVT","NVT","NVT","Accumulatieduur in Oppervlaktewater in d","meting","NVT","NVT",TRUE,FALSE,FALSE
228,"NVT","NVT","BS","Bodem/Sediment","Bq/kg","becquerel per kilogram","ACTVTCCTTE","Activiteitsconcentratie","dg","t.o.v. drooggewicht","NVT","NVT","Ag110m","zilver 110m (metastabiel)","Activiteitsconcentratie zilver 110m (metastabiel) in Bodem/Sediment t.o.v. drooggewicht in Bq/kg","meting","NVT","NVT",TRUE,FALSE,FALSE
229,"NVT","NVT","BS","Bodem/Sediment","Bq/kg","becquerel per kilogram","ACTVTCCTTE","Activiteitsconcentratie","dg","t.o.v. drooggewicht","NVT","NVT","Am241","americium 241","Activiteitsconcentratie americium 241 in Bodem/Sediment t.o.v. drooggewicht in Bq/kg","meting","NVT","NVT",TRUE,FALSE,FALSE
230,"NVT","NVT","BS","Bodem/Sediment","Bq/kg","becquerel per kilogram","ACTVTCCTTE","Activiteitsconcentratie","dg","t.o.v. drooggewicht","NVT","NVT","Be7","beryllium 7","Activiteitsconcentratie beryllium 7 in Bodem/Sediment t.o.v. drooggewicht in Bq/kg","meting","NVT","NVT",TRUE,FALSE,FALSE
231,"NVT","NVT","BS","Bodem/Sediment","Bq/kg","becquerel per kilogram","ACTVTCCTTE","Activiteitsconcentratie","dg","t.o.v. drooggewicht","NVT","NVT","Bi214","bismuth 214","Activiteitsconcentratie bismuth 214 in Bodem/Sediment t.o.v. drooggewicht in Bq/kg","meting","NVT","NVT",TRUE,FALSE,FALSE
232,"NVT","NVT","BS","Bodem/Sediment","Bq/kg","becquerel per kilogram","ACTVTCCTTE","Activiteitsconcentratie","dg","t.o.v. drooggewicht","NVT","NVT","Co58","kobalt 58","Activiteitsconcentratie kobalt 58 in Bodem/Sediment t.o.v. drooggewicht in Bq/kg","meting","NVT","NVT",TRUE,FALSE,FALSE
233,"NVT","NVT","BS","Bodem/Sediment","Bq/kg","becquerel per kilogram","ACTVTCCTTE","Activiteitsconcentratie","dg","t.o.v. drooggewicht","NVT","NVT","Co60","kobalt 60","Activiteitsconcentratie kobalt 60 in Bodem/Sediment t.o.v. drooggewicht in Bq/kg","meting","NVT","NVT",TRUE,FALSE,FALSE
234,"NVT","NVT","BS","Bodem/Sediment","Bq/kg","becquerel per kilogram","ACTVTCCTTE","Activiteitsconcentratie","dg","t.o.v. drooggewicht","NVT","NVT","Cs134","cesium 134","Activiteitsconcentratie cesium 134 in Bodem/Sediment t.o.v. drooggewicht in Bq/kg","meting","NVT","NVT",TRUE,FALSE,FALSE
235,"NVT","NVT","BS","Bodem/Sediment","Bq/kg","becquerel per kilogram","ACTVTCCTTE","Activiteitsconcentratie","dg","t.o.v. drooggewicht","NVT","NVT","Cs137","cesium 137","Activiteitsconcentratie cesium 137 in Bodem/Sediment t.o.v. drooggewicht in Bq/kg","meting","NVT","NVT",TRUE,FALSE,FALSE
236,"NVT","NVT","BS","Bodem/Sediment","Bq/kg","becquerel per kilogram","ACTVTCCTTE","Activiteitsconcentratie","dg","t.o.v. drooggewicht","NVT","NVT","I131","jodium 131","Activiteitsconcentratie jodium 131 in Bodem/Sediment t.o.v. drooggewicht in Bq/kg","meting","NVT","NVT",TRUE,FALSE,FALSE
237,"NVT","NVT","BS","Bodem/Sediment","Bq/kg","becquerel per kilogram","ACTVTCCTTE","Activiteitsconcentratie","dg","t.o.v. drooggewicht","NVT","NVT","In111","indium 111","Activiteitsconcentratie indium 111 in Bodem/Sediment t.o.v. drooggewicht in Bq/kg","meting","NVT","NVT",TRUE,FALSE,FALSE
238,"NVT","NVT","BS","Bodem/Sediment","Bq/kg","becquerel per kilogram","ACTVTCCTTE","Activiteitsconcentratie","dg","t.o.v. drooggewicht","NVT","NVT","K40","kalium 40","Activiteitsconcentratie kalium 40 in Bodem/Sediment t.o.v. drooggewicht in Bq/kg","meting","NVT","NVT",TRUE,FALSE,FALSE
239,"NVT","NVT","BS","Bodem/Sediment","Bq/kg","becquerel per kilogram","ACTVTCCTTE","Activiteitsconcentratie","dg","t.o.v. drooggewicht","NVT","NVT","Lu177","lutetium 177","Activiteitsconcentratie lutetium 177 in Bodem/Sediment t.o.v. drooggewicht in Bq/kg","meting","NVT","NVT",TRUE,FALSE,FALSE
240,"NVT","NVT","BS","Bodem/Sediment","Bq/kg","becquerel per kilogram","ACTVTCCTTE","Activiteitsconcentratie","dg","t.o.v. drooggewicht","NVT","NVT","Mn54","mangaan 54","Activiteitsconcentratie mangaan 54 in Bodem/Sediment t.o.v. drooggewicht in Bq/kg","meting","NVT","NVT",TRUE,FALSE,FALSE
241,"NVT","NVT","BS","Bodem/Sediment","Bq/kg","becquerel per kilogram","ACTVTCCTTE","Activiteitsconcentratie","dg","t.o.v. drooggewicht","NVT","NVT","Pb210","lood 210","Activiteitsconcentratie lood 210 in Bodem/Sediment t.o.v. drooggewicht in Bq/kg","meting","NVT","NVT",TRUE,FALSE,FALSE
242,"NVT","NVT","BS","Bodem/Sediment","Bq/kg","becquerel per kilogram","ACTVTCCTTE","Activiteitsconcentratie","dg","t.o.v. drooggewicht","NVT","NVT","Ru103","ruthenium 103","Activiteitsconcentratie ruthenium 103 in Bodem/Sediment t.o.v. drooggewicht in Bq/kg","meting","NVT","NVT",TRUE,FALSE,FALSE
243,"NVT","NVT","BS","Bodem/Sediment","Bq/kg","becquerel per kilogram","ACTVTCCTTE","Activiteitsconcentratie","dg","t.o.v. drooggewicht","NVT","NVT","Ru106","ruthenium 106","Activiteitsconcentratie ruthenium 106 in Bodem/Sediment t.o.v. drooggewicht in Bq/kg","meting","NVT","NVT",TRUE,FALSE,FALSE
244,"NVT","NVT","BS","Bodem/Sediment","Bq/kg","becquerel per kilogram","ACTVTCCTTE","Activiteitsconcentratie","dg","t.o.v. drooggewicht","NVT","NVT","Tl201","thallium 201","Activiteitsconcentratie thallium 201 in Bodem/Sediment t.o.v. drooggewicht in Bq/kg","meting","NVT","NVT",TRUE,FALSE,FALSE
245,"NVT","NVT","BS","Bodem/Sediment","Bq/kg","becquerel per kilogram","ACTVTCCTTE","Activiteitsconcentratie","dg","t.o.v. drooggewicht","NVT","NVT","Tl208","thallium 208","Activiteitsconcentratie thallium 208 in Bodem/Sediment t.o.v. drooggewicht in Bq/kg","meting","NVT","NVT",TRUE,FALSE,FALSE
246,"NVT","NVT","BS","Bodem/Sediment","Bq/kg","becquerel per kilogram","ACTVTCCTTE","Activiteitsconcentratie","dg","t.o.v. drooggewicht","NVT","NVT","TOTAFA","Totaal Alfa","Activiteitsconcentratie Totaal Alfa in Bodem/Sediment t.o.v. drooggewicht in Bq/kg","meting","NVT","NVT",TRUE,FALSE,FALSE
247,"NVT","NVT","BS","Bodem/Sediment","Bq/kg","becquerel per kilogram","ACTVTCCTTE","Activiteitsconcentratie","dg","t.o.v. drooggewicht","NVT","NVT","TOTBTA","Totaal Beta","Activiteitsconcentratie Totaal Beta in Bodem/Sediment t.o.v. drooggewicht in Bq/kg","meting","NVT","NVT",TRUE,FALSE,FALSE
248,"NVT","NVT","BS","Bodem/Sediment","Bq/kg","becquerel per kilogram","ACTVTCCTTE","Activiteitsconcentratie","dg","t.o.v. drooggewicht","NVT","NVT","Zn65","zink 65","Activiteitsconcentratie zink 65 in Bodem/Sediment t.o.v. drooggewicht in Bq/kg","meting","NVT","NVT",TRUE,FALSE,FALSE
249,"NVT","NVT","ZS","Zwevende stof","Bq/kg","becquerel per kilogram","ACTVTCCTTE","Activiteitsconcentratie","dg","t.o.v. drooggewicht","NVT","NVT","Ag110m","zilver 110m (metastabiel)","Activiteitsconcentratie zilver 110m (metastabiel) in Zwevende stof t.o.v. drooggewicht in Bq/kg","meting","NVT","NVT",TRUE,FALSE,FALSE
250,"NVT","NVT","ZS","Zwevende stof","Bq/kg","becquerel per kilogram","ACTVTCCTTE","Activiteitsconcentratie","dg","t.o.v. drooggewicht","NVT","NVT","Am241","americium 241","Activiteitsconcentratie americium 241 in Zwevende stof t.o.v. drooggewicht in Bq/kg","meting","NVT","NVT",TRUE,FALSE,FALSE
251,"NVT","NVT","ZS","Zwevende stof","Bq/kg","becquerel per kilogram","ACTVTCCTTE","Activiteitsconcentratie","dg","t.o.v. drooggewicht","NVT","NVT","Be7","beryllium 7","Activiteitsconcentratie beryllium 7 in Zwevende stof t.o.v. drooggewicht in Bq/kg","meting","NVT","NVT",TRUE,FALSE,FALSE
252,"NVT","NVT","ZS","Zwevende stof","Bq/kg","becquerel per kilogram","ACTVTCCTTE","Activiteitsconcentratie","dg","t.o.v. drooggewicht","NVT","NVT","Bi214","bismuth 214","Activiteitsconcentratie bismuth 214 in Zwevende stof t.o.v. drooggewicht in Bq/kg","meting","NVT","NVT",TRUE,FALSE,FALSE
253,"NVT","NVT","ZS","Zwevende stof","Bq/kg","becquerel per kilogram","ACTVTCCTTE","Activiteitsconcentratie","dg","t.o.v. drooggewicht","NVT","NVT","Co58","kobalt 58","Activiteitsconcentratie kobalt 58 in Zwevende stof t.o.v. drooggewicht in Bq/kg","meting","NVT","NVT",TRUE,FALSE,FALSE
254,"NVT","NVT","ZS","Zwevende stof","Bq/kg","becquerel per kilogram","ACTVTCCTTE","Activiteitsconcentratie","dg","t.o.v. drooggewicht","NVT","NVT","Co60","kobalt 60","Activiteitsconcentratie kobalt 60 in Zwevende stof t.o.v. drooggewicht in Bq/kg","meting","NVT","NVT",TRUE,FALSE,FALSE
255,"NVT","NVT","ZS","Zwevende stof","Bq/kg","becquerel per kilogram","ACTVTCCTTE","Activiteitsconcentratie","dg","t.o.v. drooggewicht","NVT","NVT","Cs134","cesium 134","Activiteitsconcentratie cesium 134 in Zwevende stof t.o.v. drooggewicht in Bq/kg","meting","NVT","NVT",TRUE,FALSE,FALSE
256,"NVT","NVT","ZS","Zwevende stof","Bq/kg","becquerel per kilogram","ACTVTCCTTE","Activiteitsconcentratie","dg","t.o.v. drooggewicht","NVT","NVT","Cs137","cesium 137","Activiteitsconcentratie cesium 137 in Zwevende stof t.o.v. drooggewicht in Bq/kg","meting","NVT","NVT",TRUE,FALSE,FALSE
257,"NVT","NVT","ZS","Zwevende stof","Bq/kg","becquerel per kilogram","ACTVTCCTTE","Activiteitsconcentratie","dg","t.o.v. drooggewicht","NVT","NVT","I131","jodium 131","Activiteitsconcentratie jodium 131 in Zwevende stof t.o.v. drooggewicht in Bq/kg","meting","NVT","NVT",TRUE,FALSE,FALSE
258,"NVT","NVT","ZS","Zwevende stof","Bq/kg","becquerel per kilogram","ACTVTCCTTE","Activiteitsconcentratie","dg","t.o.v. drooggewicht","NVT","NVT","In111","indium 111","Activiteitsconcentratie indium 111 in Zwevende stof t.o.v. drooggewicht in Bq/kg","meting","NVT","NVT",TRUE,FALSE,FALSE
259,"NVT","NVT","ZS","Zwevende stof","Bq/kg","becquerel per kilogram","ACTVTCCTTE","Activiteitsconcentratie","dg","t.o.v. drooggewicht","NVT","NVT","K40","kalium 40","Activiteitsconcentratie kalium 40 in Zwevende stof t.o.v. drooggewicht in Bq/kg","meting","NVT","NVT",TRUE,FALSE,FALSE
260,"NVT","NVT","ZS","Zwevende stof","Bq/kg","becquerel per kilogram","ACTVTCCTTE","Activiteitsconcentratie","dg","t.o.v. drooggewicht","NVT","NVT","Lu177","lutetium 177","Activiteitsconcentratie lutetium 177 in Zwevende stof t.o.v. drooggewicht in Bq/kg","meting","NVT","NVT",TRUE,FALSE,FALSE
261,"NVT","NVT","ZS","Zwevende stof","Bq/kg","becquerel per kilogram","ACTVTCCTTE","Activiteitsconcentratie","dg","t.o.v. drooggewicht","NVT","NVT","Mn54","mangaan 54","Activiteitsconcentratie mangaan 54 in Zwevende stof t.o.v. drooggewicht in Bq/kg","meting","NVT","NVT",TRUE,FALSE,FALSE
262,"NVT","NVT","ZS","Zwevende stof","Bq/kg","becquerel per kilogram","ACTVTCCTTE","Activiteitsconcentratie","dg","t.o.v. drooggewicht","NVT","NVT","Pb210","lood 210","Activiteitsconcentratie lood 210 in Zwevende stof t.o.v. drooggewicht in Bq/kg","meting","NVT","NVT",TRUE,FALSE,FALSE
263,"NVT","NVT","ZS","Zwevende stof","Bq/kg","becquerel per kilogram","ACTVTCCTTE","Activiteitsconcentratie","dg","t.o.v. drooggewicht","NVT","NVT","Po210","polonium 210","Activiteitsconcentratie polonium 210 in Zwevende stof t.o.v. drooggewicht in Bq/kg","meting","NVT","NVT",TRUE,FALSE,FALSE
264,"NVT","NVT","ZS","Zwevende stof","Bq/kg","becquerel per kilogram","ACTVTCCTTE","Activiteitsconcentratie","dg","t.o.v. drooggewicht","NVT","NVT","Ra226","radium 226","Activiteitsconcentratie radium 226 in Zwevende stof t.o.v. drooggewicht in Bq/kg","meting","NVT","NVT",TRUE,FALSE,FALSE
265,"NVT","NVT","ZS","Zwevende stof","Bq/kg","becquerel per kilogram","ACTVTCCTTE","Activiteitsconcentratie","dg","t.o.v. drooggewicht","NVT","NVT","Ru103","ruthenium 103","Activiteitsconcentratie ruthenium 103 in Zwevende stof t.o.v. drooggewicht in Bq/kg","meting","NVT","NVT",TRUE,FALSE,FALSE
266,"NVT","NVT","ZS","Zwevende stof","Bq/kg","becquerel per kilogram","ACTVTCCTTE","Activiteitsconcentratie","dg","t.o.v. drooggewicht","NVT","NVT","Ru106","ruthenium 106","Activiteitsconcentratie ruthenium 106 in Zwevende stof t.o.v. drooggewicht in Bq/kg","meting","NVT","NVT",TRUE,FALSE,FALSE
267,"NVT","NVT","ZS","Zwevende stof","Bq/kg","becquerel per kilogram","ACTVTCCTTE","Activiteitsconcentratie","dg","t.o.v. drooggewicht","NVT","NVT","Tl201","thallium 201","Activiteitsconcentratie thallium 201 in Zwevende stof t.o.v. drooggewicht in Bq/kg","meting","NVT","NVT",TRUE,FALSE,FALSE
268,"NVT","NVT","ZS","Zwevende stof","Bq/kg","becquerel per kilogram","ACTVTCCTTE","Activiteitsconcentratie","dg","t.o.v. drooggewicht","NVT","NVT","Tl208","thallium 208","Activiteitsconcentratie thallium 208 in Zwevende stof t.o.v. drooggewicht in Bq/kg","meting","NVT","NVT",TRUE,FALSE,FALSE
269,"NVT","NVT","ZS","Zwevende stof","Bq/kg","becquerel per kilogram","ACTVTCCTTE","Activiteitsconcentratie","dg","t.o.v. drooggewicht","NVT","NVT","TOTAFA","Totaal Alfa","Activiteitsconcentratie Totaal Alfa in Zwevende stof t.o.v. drooggewicht in Bq/kg","meting","NVT","NVT",TRUE,FALSE,FALSE
270,"NVT","NVT","ZS","Zwevende stof","Bq/kg","becquerel per kilogram","ACTVTCCTTE","Activiteitsconcentratie","dg","t.o.v. drooggewicht","NVT","NVT","TOTBTA","Totaal Beta","Activiteitsconcentratie Totaal Beta in Zwevende stof t.o.v. drooggewicht in Bq/kg","meting","NVT","NVT",TRUE,FALSE,FALSE
271,"NVT","NVT","ZS","Zwevende stof","Bq/kg","becquerel per kilogram","ACTVTCCTTE","Activiteitsconcentratie","dg","t.o.v. drooggewicht","NVT","NVT","Zn65","zink 65","Activiteitsconcentratie zink 65 in Zwevende stof t.o.v. drooggewicht in Bq/kg","meting","NVT","NVT",TRUE,FALSE,FALSE
272,"NVT","NVT","OW","Oppervlaktewater","Bq/m3","becquerel per kubieke meter","ACTVTCCTTE","Activiteitsconcentratie","nf","opgeloste fractie (bijv. na filtratie)","NVT","NVT","Pu239","plutonium 239","Activiteitsconcentratie plutonium 239 in Oppervlaktewater opgeloste fractie (bijv. na filtratie) in Bq/m3","meting","NVT","NVT",TRUE,FALSE,FALSE
273,"NVT","NVT","OW","Oppervlaktewater","Bq/m3","becquerel per kubieke meter","ACTVTCCTTE","Activiteitsconcentratie","nf","opgeloste fractie (bijv. na filtratie)","NVT","NVT","Pu240","plutonium 240","Activiteitsconcentratie plutonium 240 in Oppervlaktewater opgeloste fractie (bijv. na filtratie) in Bq/m3","meting","NVT","NVT",TRUE,FALSE,FALSE
274,"NVT","NVT","OW","Oppervlaktewater","mBq/l","millibecquerel per liter","ACTVTCCTTE","Activiteitsconcentratie","NVT","NVT","NVT","NVT","Ac228","actinium 228","Gemiddelde Activiteitsconcentratie actinium 228 in Oppervlaktewater in mBq/l","meting","NVT","GEM",FALSE,FALSE,FALSE
275,"NVT","NVT","OW","Oppervlaktewater","mBq/l","millibecquerel per liter","ACTVTCCTTE","Activiteitsconcentratie","NVT","NVT","NVT","NVT","Ag110m","zilver 110m (metastabiel)","Activiteitsconcentratie zilver 110m (metastabiel) in Oppervlaktewater in mBq/l","meting","NVT","NVT",TRUE,FALSE,FALSE
276,"NVT","NVT","OW","Oppervlaktewater","mBq/l","millibecquerel per liter","ACTVTCCTTE","Activiteitsconcentratie","NVT","NVT","NVT","NVT","Am241","americium 241","Activiteitsconcentratie americium 241 in Oppervlaktewater in mBq/l","meting","NVT","NVT",TRUE,FALSE,FALSE
277,"NVT","NVT","OW","Oppervlaktewater","mBq/l","millibecquerel per liter","ACTVTCCTTE","Activiteitsconcentratie","NVT","NVT","NVT","NVT","Be7","beryllium 7","Activiteitsconcentratie beryllium 7 in Oppervlaktewater in mBq/l","meting","NVT","NVT",TRUE,FALSE,FALSE
278,"NVT","NVT","OW","Oppervlaktewater","mBq/l","millibecquerel per liter","ACTVTCCTTE","Activiteitsconcentratie","NVT","NVT","NVT","NVT","Ce144","cerium 144","Activiteitsconcentratie cerium 144 in Oppervlaktewater in mBq/l","meting","NVT","NVT",TRUE,FALSE,FALSE
279,"NVT","NVT","OW","Oppervlaktewater","mBq/l","millibecquerel per liter","ACTVTCCTTE","Activiteitsconcentratie","NVT","NVT","NVT","NVT","Co58","kobalt 58","Activiteitsconcentratie kobalt 58 in Oppervlaktewater in mBq/l","meting","NVT","NVT",TRUE,FALSE,FALSE
280,"NVT","NVT","OW","Oppervlaktewater","mBq/l","millibecquerel per liter","ACTVTCCTTE","Activiteitsconcentratie","NVT","NVT","NVT","NVT","Co60","kobalt 60","Activiteitsconcentratie kobalt 60 in Oppervlaktewater in mBq/l","meting","NVT","NVT",TRUE,FALSE,FALSE
281,"NVT","NVT","OW","Oppervlaktewater","mBq/l","millibecquerel per liter","ACTVTCCTTE","Activiteitsconcentratie","NVT","NVT","NVT","NVT","Cs134","cesium 134","Activiteitsconcentratie cesium 134 in Oppervlaktewater in mBq/l","meting","NVT","NVT",TRUE,FALSE,FALSE
282,"NVT","NVT","OW","Oppervlaktewater","mBq/l","millibecquerel per liter","ACTVTCCTTE","Activiteitsconcentratie","NVT","NVT","NVT","NVT","Cs137","cesium 137","Gemiddelde Activiteitsconcentratie cesium 137 in Oppervlaktewater in mBq/l","meting","NVT","GEM",FALSE,FALSE,FALSE
283,"NVT","NVT","OW","Oppervlaktewater","mBq/l","millibecquerel per liter","ACTVTCCTTE","Activiteitsconcentratie","NVT","NVT","NVT","NVT","Cs137","cesium 137","Activiteitsconcentratie cesium 137 in Oppervlaktewater in mBq/l","meting","NVT","NVT",TRUE,FALSE,FALSE
284,"NVT","NVT","OW","Oppervlaktewater","mBq/l","millibecquerel per liter","ACTVTCCTTE","Activiteitsconcentratie","NVT","NVT","NVT","NVT","H3","tritium","Activiteitsconcentratie tritium in Oppervlaktewater in mBq/l","meting","NVT","NVT",TRUE,FALSE,FALSE
285,"NVT","NVT","OW","Oppervlaktewater","mBq/l","millibecquerel per liter","ACTVTCCTTE","Activiteitsconcentratie","NVT","NVT","NVT","NVT","Hg203","kwik 203","Activiteitsconcentratie kwik 203 in Oppervlaktewater in mBq/l","meting","NVT","NVT",TRUE,FALSE,FALSE
286,"NVT","NVT","OW","Oppervlaktewater","mBq/l","millibecquerel per liter","ACTVTCCTTE","Activiteitsconcentratie","NVT","NVT","NVT","NVT","I131","jodium 131","Activiteitsconcentratie jodium 131 in Oppervlaktewater in mBq/l","meting","NVT","NVT",TRUE,FALSE,FALSE
287,"NVT","NVT","OW","Oppervlaktewater","mBq/l","millibecquerel per liter","ACTVTCCTTE","Activiteitsconcentratie","NVT","NVT","NVT","NVT","In111","indium 111","Activiteitsconcentratie indium 111 in Oppervlaktewater in mBq/l","meting","NVT","NVT",TRUE,FALSE,FALSE
288,"NVT","NVT","OW","Oppervlaktewater","mBq/l","millibecquerel per liter","ACTVTCCTTE","Activiteitsconcentratie","NVT","NVT","NVT","NVT","K40","kalium 40","Gemiddelde Activiteitsconcentratie kalium 40 in Oppervlaktewater in mBq/l","meting","NVT","GEM",FALSE,FALSE,FALSE
289,"NVT","NVT","OW","Oppervlaktewater","mBq/l","millibecquerel per liter","ACTVTCCTTE","Activiteitsconcentratie","NVT","NVT","NVT","NVT","K40","kalium 40","Activiteitsconcentratie kalium 40 in Oppervlaktewater in mBq/l","meting","NVT","NVT",TRUE,FALSE,FALSE
290,"NVT","NVT","OW","Oppervlaktewater","mBq/l","millibecquerel per liter","ACTVTCCTTE","Activiteitsconcentratie","NVT","NVT","NVT","NVT","Lu177","lutetium 177","Activiteitsconcentratie lutetium 177 in Oppervlaktewater in mBq/l","meting","NVT","NVT",TRUE,FALSE,FALSE
291,"NVT","NVT","OW","Oppervlaktewater","mBq/l","millibecquerel per liter","ACTVTCCTTE","Activiteitsconcentratie","NVT","NVT","NVT","NVT","Mn54","mangaan 54","Activiteitsconcentratie mangaan 54 in Oppervlaktewater in mBq/l","meting","NVT","NVT",TRUE,FALSE,FALSE
292,"NVT","NVT","OW","Oppervlaktewater","mBq/l","millibecquerel per liter","ACTVTCCTTE","Activiteitsconcentratie","NVT","NVT","NVT","NVT","Mo99","molybdeen 99","Activiteitsconcentratie molybdeen 99 in Oppervlaktewater in mBq/l","meting","NVT","NVT",TRUE,FALSE,FALSE
293,"NVT","NVT","OW","Oppervlaktewater","mBq/l","millibecquerel per liter","ACTVTCCTTE","Activiteitsconcentratie","NVT","NVT","NVT","NVT","Na22","natrium 22","Activiteitsconcentratie natrium 22 in Oppervlaktewater in mBq/l","meting","NVT","NVT",TRUE,FALSE,FALSE
294,"NVT","NVT","OW","Oppervlaktewater","mBq/l","millibecquerel per liter","ACTVTCCTTE","Activiteitsconcentratie","NVT","NVT","NVT","NVT","Pb210","lood 210","Activiteitsconcentratie lood 210 in Oppervlaktewater in mBq/l","meting","NVT","NVT",TRUE,FALSE,FALSE
295,"NVT","NVT","OW","Oppervlaktewater","mBq/l","millibecquerel per liter","ACTVTCCTTE","Activiteitsconcentratie","NVT","NVT","NVT","NVT","Po210","polonium 210","Activiteitsconcentratie polonium 210 in Oppervlaktewater in mBq/l","meting","NVT","NVT",TRUE,FALSE,FALSE
296,"NVT","NVT","OW","Oppervlaktewater","mBq/l","millibecquerel per liter","ACTVTCCTTE","Activiteitsconcentratie","NVT","NVT","NVT","NVT","Ra226","radium 226","Activiteitsconcentratie radium 226 in Oppervlaktewater in mBq/l","meting","NVT","NVT",TRUE,FALSE,FALSE
297,"NVT","NVT","OW","Oppervlaktewater","mBq/l","millibecquerel per liter","ACTVTCCTTE","Activiteitsconcentratie","NVT","NVT","NVT","NVT","Ra228","radium 228","Activiteitsconcentratie radium 228 in Oppervlaktewater in mBq/l","meting","NVT","NVT",TRUE,FALSE,FALSE
298,"NVT","NVT","OW","Oppervlaktewater","mBq/l","millibecquerel per liter","ACTVTCCTTE","Activiteitsconcentratie","NVT","NVT","NVT","NVT","RESTBTA","Rest Beta","Activiteitsconcentratie Rest Beta in Oppervlaktewater in mBq/l","meting","NVT","NVT",TRUE,FALSE,FALSE
299,"NVT","NVT","OW","Oppervlaktewater","mBq/l","millibecquerel per liter","ACTVTCCTTE","Activiteitsconcentratie","NVT","NVT","NVT","NVT","Ru103","ruthenium 103","Activiteitsconcentratie ruthenium 103 in Oppervlaktewater in mBq/l","meting","NVT","NVT",TRUE,FALSE,FALSE
300,"NVT","NVT","OW","Oppervlaktewater","mBq/l","millibecquerel per liter","ACTVTCCTTE","Activiteitsconcentratie","NVT","NVT","NVT","NVT","Ru106","ruthenium 106","Activiteitsconcentratie ruthenium 106 in Oppervlaktewater in mBq/l","meting","NVT","NVT",TRUE,FALSE,FALSE
301,"NVT","NVT","OW","Oppervlaktewater","mBq/l","millibecquerel per liter","ACTVTCCTTE","Activiteitsconcentratie","NVT","NVT","NVT","NVT","Sb122","antimoon 122","Activiteitsconcentratie antimoon 122 in Oppervlaktewater in mBq/l","meting","NVT","NVT",TRUE,FALSE,FALSE
302,"NVT","NVT","OW","Oppervlaktewater","mBq/l","millibecquerel per liter","ACTVTCCTTE","Activiteitsconcentratie","NVT","NVT","NVT","NVT","Sb124","antimoon 124","Activiteitsconcentratie antimoon 124 in Oppervlaktewater in mBq/l","meting","NVT","NVT",TRUE,FALSE,FALSE
303,"NVT","NVT","OW","Oppervlaktewater","mBq/l","millibecquerel per liter","ACTVTCCTTE","Activiteitsconcentratie","NVT","NVT","NVT","NVT","Sb125","antimoon 125","Activiteitsconcentratie antimoon 125 in Oppervlaktewater in mBq/l","meting","NVT","NVT",TRUE,FALSE,FALSE
304,"NVT","NVT","OW","Oppervlaktewater","mBq/l","millibecquerel per liter","ACTVTCCTTE","Activiteitsconcentratie","NVT","NVT","NVT","NVT","Sr90","strontium 90","Activiteitsconcentratie strontium 90 in Oppervlaktewater in mBq/l","meting","NVT","NVT",TRUE,FALSE,FALSE
305,"NVT","NVT","OW","Oppervlaktewater","mBq/l","millibecquerel per liter","ACTVTCCTTE","Activiteitsconcentratie","NVT","NVT","NVT","NVT","sSr8990","som strontium 89 en 90-isotopen","Activiteitsconcentratie som strontium 89 en 90-isotopen in Oppervlaktewater in mBq/l","meting","NVT","NVT",TRUE,FALSE,FALSE
306,"NVT","NVT","OW","Oppervlaktewater","mBq/l","millibecquerel per liter","ACTVTCCTTE","Activiteitsconcentratie","NVT","NVT","NVT","NVT","Tc99","technetium 99","Activiteitsconcentratie technetium 99 in Oppervlaktewater in mBq/l","meting","NVT","NVT",TRUE,FALSE,FALSE
307,"NVT","NVT","OW","Oppervlaktewater","mBq/l","millibecquerel per liter","ACTVTCCTTE","Activiteitsconcentratie","NVT","NVT","NVT","NVT","Tc99m","technetium 99m (metastabiel)","Activiteitsconcentratie technetium 99m (metastabiel) in Oppervlaktewater in mBq/l","meting","NVT","NVT",TRUE,FALSE,FALSE
308,"NVT","NVT","OW","Oppervlaktewater","mBq/l","millibecquerel per liter","ACTVTCCTTE","Activiteitsconcentratie","NVT","NVT","NVT","NVT","Tl201","thallium 201","Activiteitsconcentratie thallium 201 in Oppervlaktewater in mBq/l","meting","NVT","NVT",TRUE,FALSE,FALSE
309,"NVT","NVT","OW","Oppervlaktewater","mBq/l","millibecquerel per liter","ACTVTCCTTE","Activiteitsconcentratie","NVT","NVT","NVT","NVT","TOTAFA","Totaal Alfa","Activiteitsconcentratie Totaal Alfa in Oppervlaktewater in mBq/l","meting","NVT","NVT",TRUE,FALSE,FALSE
310,"NVT","NVT","OW","Oppervlaktewater","mBq/l","millibecquerel per liter","ACTVTCCTTE","Activiteitsconcentratie","NVT","NVT","NVT","NVT","TOTBTA","Totaal Beta","Activiteitsconcentratie Totaal Beta in Oppervlaktewater in mBq/l","meting","NVT","NVT",TRUE,FALSE,FALSE
311,"NVT","NVT","OW","Oppervlaktewater","mBq/l","millibecquerel per liter","ACTVTCCTTE","Activiteitsconcentratie","NVT","NVT","NVT","NVT","Zn65","zink 65","Activiteitsconcentratie zink 65 in Oppervlaktewater in mBq/l","meting","NVT","NVT",TRUE,FALSE,FALSE
312,"NVT","NVT","OW","Oppervlaktewater","DIMSLS","dimensieloos","AG","Aantal golven in 20 minuten periode","NVT","NVT","NVT","NVT","NVT","NVT","Aantal golven in 20 minuten periode in Oppervlaktewater","meting","NVT","NVT",TRUE,FALSE,FALSE
313,"NVT","NVT","OW","Oppervlaktewater","meq/l","milliequivalent per liter","ALKLTT","Alkaliteit","NVT","NVT","NVT","NVT","NVT","NVT","Alkaliteit in Oppervlaktewater in meq/l","meting","NVT","NVT",TRUE,FALSE,FALSE
314,"NVT","NVT","OW","Oppervlaktewater","umol/kg","micromol per kilogram","ALKLTT","Alkaliteit","NVT","NVT","NVT","NVT","NVT","NVT","Alkaliteit in Oppervlaktewater in umol/kg","meting","NVT","NVT",TRUE,FALSE,FALSE
315,"NVT","NVT","OW","Oppervlaktewater","DIMSLS","dimensieloos","ANMLE","Anomalie","nf","opgeloste fractie (bijv. na filtratie)","NVT","NVT","Gd","gadolinium","Berekend Anomalie gadolinium in Oppervlaktewater opgeloste fractie (bijv. na filtratie)","meting","NVT","BER",TRUE,FALSE,FALSE
316,"NVT","NVT","OW","Oppervlaktewater","DIMSLS","dimensieloos","ANMLE","Anomalie","nf","opgeloste fractie (bijv. na filtratie)","NVT","NVT","Gd","gadolinium","Anomalie gadolinium in Oppervlaktewater opgeloste fractie (bijv. na filtratie)","meting","NVT","NVT",TRUE,FALSE,FALSE
317,"NVT","NVT","OW","Oppervlaktewater","DIMSLS","dimensieloos","AV10_H","Aantal vrijheidsgraden bij het variantiedichtheidspectrum","NVT","NVT","NVT","NVT","NVT","NVT","Aantal vrijheidsgraden bij het variantiedichtheidspectrum in Oppervlaktewater","meting","NVT","NVT",TRUE,FALSE,FALSE
318,"NVT","NVT","OW","Oppervlaktewater","DIMSLS","dimensieloos","AV10_R","Aantal vrijheidsgraden behorend bij het golfrichtingspectrum","NVT","NVT","NVT","NVT","NVT","NVT","Aantal vrijheidsgraden behorend bij het golfrichtingspectrum in Oppervlaktewater","meting","NVT","NVT",TRUE,FALSE,FALSE
319,"NVT","NVT","OW","Oppervlaktewater","h","uur","BEMSRDR","Bemonsteringsduur","NVT","NVT","NVT","NVT","NVT","NVT","Bemonsteringsduur in Oppervlaktewater in h","meting","NVT","NVT",FALSE,FALSE,FALSE
320,"NVT","NVT","ZS","Zwevende stof","h","uur","BEMSRDR","Bemonsteringsduur","NVT","NVT","NVT","NVT","NVT","NVT","Bemonsteringsduur in Zwevende stof in h","meting","NVT","NVT",TRUE,FALSE,FALSE
321,"NVT","NVT","LM","Litoraal","m2","vierkante meter","BEMSROPVK","Bemonsteringsoppervlak","NVT","NVT","NVT","NVT","NVT","NVT","Bemonsteringsoppervlak in Litoraal in m2","meting","NVT","NVT",FALSE,FALSE,FALSE
322,"NVT","NVT","PM","Profundaal","m2","vierkante meter","BEMSROPVK","Bemonsteringsoppervlak","NVT","NVT","NVT","NVT","NVT","NVT","Bemonsteringsoppervlak in Profundaal in m2","meting","NVT","NVT",TRUE,FALSE,FALSE
323,"NVT","NVT","OW","Oppervlaktewater","mm3/l","kubieke millimeter per liter","BIOVLMPVLME","Biovolume per volume eenheid","BLAUWAGR","Blauwalgen rest (alle behalve de 5 dominante geslachten)","NVT","NVT","NVT","NVT","Biovolume per volume eenheid in Oppervlaktewater Blauwalgen rest (alle behalve de 5 dominante geslachten) in mm3/l","meting","NVT","NVT",TRUE,FALSE,TRUE
324,"NVT","NVT","OW","Oppervlaktewater","mm3/l","kubieke millimeter per liter","BIOVLMPVLME","Biovolume per volume eenheid","blauwalg","fractie afkomstig van blauwalgen","NVT","NVT","NVT","NVT","Biovolume per volume eenheid in Oppervlaktewater fractie afkomstig van blauwalgen in mm3/l","meting","NVT","NVT",TRUE,FALSE,TRUE
325,"NVT","NVT","OW","Oppervlaktewater","mm3/l","kubieke millimeter per liter","BIOVLMPVLME","Biovolume per volume eenheid","NVT","NVT","NVT","NVT","NVT","NVT","Biovolume per volume eenheid in Oppervlaktewater in mm3/l","meting","NVT","NVT",TRUE,FALSE,TRUE
326,"Haematopus ostralegus","Haematopus ostralegus","OE","Organisme (biota)","mm","millimeter","BREEDTE","Breedte","LS-EI","Levensstadium-Ei","NVT","NVT","NVT","NVT","Breedte in Organisme (biota) Levensstadium-Ei in Haematopus ostralegus mm","meting","NVT","NVT",TRUE,FALSE,FALSE
327,"Sterna hirundo","Sterna hirundo","OE","Organisme (biota)","mm","millimeter","BREEDTE","Breedte","LS-EI","Levensstadium-Ei","NVT","NVT","NVT","NVT","Breedte in Organisme (biota) Levensstadium-Ei in Sterna hirundo mm","meting","NVT","NVT",TRUE,FALSE,FALSE
328,"NVT","NVT","OW","Oppervlaktewater","%","procent","CONCTTE","(massa)Concentratie","NVT","NVT","NVT","NVT","GR","Gloeirest","(massa)Concentratie Gloeirest in Oppervlaktewater in %","meting","NVT","NVT",TRUE,FALSE,FALSE
329,"NVT","NVT","OW","Oppervlaktewater","mg/l","milligram per liter","CONCTTE","(massa)Concentratie","Cl","uitgedrukt in chloor","NVT","NVT","Cl","chloride","(massa)Concentratie chloride in Oppervlaktewater uitgedrukt in chloor in mg/l","meting","NVT","NVT",TRUE,FALSE,FALSE
330,"NVT","NVT","OW","Oppervlaktewater","mg/l","milligram per liter","CONCTTE","(massa)Concentratie","Cnf","uitgedrukt in koolstof / opgeloste fractie","NVT","NVT","Corg","koolstof organisch","(massa)Concentratie koolstof organisch in Oppervlaktewater uitgedrukt in koolstof / opgeloste fractie in mg/l","meting","NVT","NVT",TRUE,FALSE,FALSE
331,"NVT","NVT","OW","Oppervlaktewater","mg/l","milligram per liter","CONCTTE","(massa)Concentratie","Cpg","uitgedrukt in koolstof particulair gebonden","NVT","NVT","Corg","koolstof organisch","(massa)Concentratie koolstof organisch in Oppervlaktewater uitgedrukt in koolstof particulair gebonden in mg/l","meting","NVT","NVT",TRUE,FALSE,FALSE
332,"NVT","NVT","OW","Oppervlaktewater","mg/l","milligram per liter","CONCTTE","(massa)Concentratie","METLN","t.o.v. metalen","NVT","NVT","OS","Onopgeloste stoffen","(massa)Concentratie Onopgeloste stoffen in Oppervlaktewater t.o.v. metalen in mg/l","meting","NVT","NVT",TRUE,FALSE,FALSE
333,"NVT","NVT","OW","Oppervlaktewater","mg/l","milligram per liter","CONCTTE","(massa)Concentratie","N","uitgedrukt in stikstof","NVT","NVT","NH4","ammonium","(massa)Concentratie ammonium in Oppervlaktewater uitgedrukt in stikstof in mg/l","meting","NVT","NVT",FALSE,FALSE,FALSE
334,"NVT","NVT","OW","Oppervlaktewater","mg/l","milligram per liter","CONCTTE","(massa)Concentratie","N","uitgedrukt in stikstof","NVT","NVT","NKj","stikstof Kjeldahl","(massa)Concentratie stikstof Kjeldahl in Oppervlaktewater uitgedrukt in stikstof in mg/l","meting","NVT","NVT",TRUE,FALSE,FALSE
335,"NVT","NVT","OW","Oppervlaktewater","mg/l","milligram per liter","CONCTTE","(massa)Concentratie","N","uitgedrukt in stikstof","NVT","NVT","NO2","nitriet","Gemiddelde (massa)Concentratie nitriet in Oppervlaktewater uitgedrukt in stikstof in mg/l","meting","NVT","GEM",FALSE,FALSE,FALSE
336,"NVT","NVT","OW","Oppervlaktewater","mg/l","milligram per liter","CONCTTE","(massa)Concentratie","N","uitgedrukt in stikstof","NVT","NVT","NO2","nitriet","(massa)Concentratie nitriet in Oppervlaktewater uitgedrukt in stikstof in mg/l","meting","NVT","NVT",FALSE,FALSE,FALSE
337,"NVT","NVT","OW","Oppervlaktewater","mg/l","milligram per liter","CONCTTE","(massa)Concentratie","N","uitgedrukt in stikstof","NVT","NVT","NO3","nitraat","Gemiddelde (massa)Concentratie nitraat in Oppervlaktewater uitgedrukt in stikstof in mg/l","meting","NVT","GEM",FALSE,FALSE,FALSE
338,"NVT","NVT","OW","Oppervlaktewater","mg/l","milligram per liter","CONCTTE","(massa)Concentratie","N","uitgedrukt in stikstof","NVT","NVT","NO3","nitraat","(massa)Concentratie nitraat in Oppervlaktewater uitgedrukt in stikstof in mg/l","meting","NVT","NVT",FALSE,FALSE,FALSE
339,"NVT","NVT","OW","Oppervlaktewater","mg/l","milligram per liter","CONCTTE","(massa)Concentratie","N","uitgedrukt in stikstof","NVT","NVT","Ntot","stikstof totaal","(massa)Concentratie stikstof totaal in Oppervlaktewater uitgedrukt in stikstof in mg/l","meting","NVT","NVT",TRUE,FALSE,FALSE
340,"NVT","NVT","OW","Oppervlaktewater","mg/l","milligram per liter","CONCTTE","(massa)Concentratie","N","uitgedrukt in stikstof","NVT","NVT","sNO3NO2","som nitraat en nitriet","(massa)Concentratie som nitraat en nitriet in Oppervlaktewater uitgedrukt in stikstof in mg/l","meting","NVT","NVT",FALSE,FALSE,FALSE
341,"NVT","NVT","OW","Oppervlaktewater","mg/l","milligram per liter","CONCTTE","(massa)Concentratie","nf","opgeloste fractie (bijv. na filtratie)","NVT","NVT","Ca","calcium","(massa)Concentratie calcium in Oppervlaktewater opgeloste fractie (bijv. na filtratie) in mg/l","meting","NVT","NVT",TRUE,FALSE,FALSE
342,"NVT","NVT","OW","Oppervlaktewater","mg/l","milligram per liter","CONCTTE","(massa)Concentratie","nf","opgeloste fractie (bijv. na filtratie)","NVT","NVT","Cl","chloride","Gemiddelde (massa)Concentratie chloride in Oppervlaktewater opgeloste fractie (bijv. na filtratie) in mg/l","meting","NVT","GEM",FALSE,FALSE,FALSE
343,"NVT","NVT","OW","Oppervlaktewater","mg/l","milligram per liter","CONCTTE","(massa)Concentratie","nf","opgeloste fractie (bijv. na filtratie)","NVT","NVT","Cl","chloride","(massa)Concentratie chloride in Oppervlaktewater opgeloste fractie (bijv. na filtratie) in mg/l","meting","NVT","NVT",TRUE,FALSE,FALSE
344,"NVT","NVT","OW","Oppervlaktewater","mg/l","milligram per liter","CONCTTE","(massa)Concentratie","nf","opgeloste fractie (bijv. na filtratie)","NVT","NVT","Corg","koolstof organisch","(massa)Concentratie koolstof organisch in Oppervlaktewater opgeloste fractie (bijv. na filtratie) in mg/l","meting","NVT","NVT",TRUE,FALSE,FALSE
345,"NVT","NVT","OW","Oppervlaktewater","mg/l","milligram per liter","CONCTTE","(massa)Concentratie","nf","opgeloste fractie (bijv. na filtratie)","NVT","NVT","CZV","Chemisch zuurstofverbruik","(massa)Concentratie Chemisch zuurstofverbruik in Oppervlaktewater opgeloste fractie (bijv. na filtratie) in mg/l","meting","NVT","NVT",TRUE,FALSE,FALSE
346,"NVT","NVT","OW","Oppervlaktewater","mg/l","milligram per liter","CONCTTE","(massa)Concentratie","nf","opgeloste fractie (bijv. na filtratie)","NVT","NVT","F","fluoride","(massa)Concentratie fluoride in Oppervlaktewater opgeloste fractie (bijv. na filtratie) in mg/l","meting","NVT","NVT",FALSE,FALSE,FALSE
347,"NVT","NVT","OW","Oppervlaktewater","mg/l","milligram per liter","CONCTTE","(massa)Concentratie","nf","opgeloste fractie (bijv. na filtratie)","NVT","NVT","Fe","ijzer","(massa)Concentratie ijzer in Oppervlaktewater opgeloste fractie (bijv. na filtratie) in mg/l","meting","NVT","NVT",TRUE,FALSE,FALSE
348,"NVT","NVT","OW","Oppervlaktewater","mg/l","milligram per liter","CONCTTE","(massa)Concentratie","nf","opgeloste fractie (bijv. na filtratie)","NVT","NVT","Mg","magnesium","(massa)Concentratie magnesium in Oppervlaktewater opgeloste fractie (bijv. na filtratie) in mg/l","meting","NVT","NVT",TRUE,FALSE,FALSE
349,"NVT","NVT","OW","Oppervlaktewater","mg/l","milligram per liter","CONCTTE","(massa)Concentratie","nf","opgeloste fractie (bijv. na filtratie)","NVT","NVT","SO4","sulfaat","(massa)Concentratie sulfaat in Oppervlaktewater opgeloste fractie (bijv. na filtratie) in mg/l","meting","NVT","NVT",TRUE,FALSE,FALSE
350,"NVT","NVT","OW","Oppervlaktewater","mg/l","milligram per liter","CONCTTE","(massa)Concentratie","Nnf","uitgedrukt in stikstof / opgeloste fractie","NVT","NVT","NH4","ammonium","Gemiddelde (massa)Concentratie ammonium in Oppervlaktewater uitgedrukt in stikstof / opgeloste fractie in mg/l","meting","NVT","GEM",FALSE,FALSE,FALSE
351,"NVT","NVT","OW","Oppervlaktewater","mg/l","milligram per liter","CONCTTE","(massa)Concentratie","Nnf","uitgedrukt in stikstof / opgeloste fractie","NVT","NVT","NH4","ammonium","Etmaalgemiddelde (massa)Concentratie ammonium in Oppervlaktewater uitgedrukt in stikstof / opgeloste fractie in mg/l","meting","NVT","GEM24H",FALSE,FALSE,FALSE
352,"NVT","NVT","OW","Oppervlaktewater","mg/l","milligram per liter","CONCTTE","(massa)Concentratie","Nnf","uitgedrukt in stikstof / opgeloste fractie","NVT","NVT","NH4","ammonium","(massa)Concentratie ammonium in Oppervlaktewater uitgedrukt in stikstof / opgeloste fractie in mg/l","meting","NVT","NVT",TRUE,FALSE,FALSE
353,"NVT","NVT","OW","Oppervlaktewater","mg/l","milligram per liter","CONCTTE","(massa)Concentratie","Nnf","uitgedrukt in stikstof / opgeloste fractie","NVT","NVT","NKj","stikstof Kjeldahl","(massa)Concentratie stikstof Kjeldahl in Oppervlaktewater uitgedrukt in stikstof / opgeloste fractie in mg/l","meting","NVT","NVT",TRUE,FALSE,FALSE
354,"NVT","NVT","OW","Oppervlaktewater","mg/l","milligram per liter","CONCTTE","(massa)Concentratie","Nnf","uitgedrukt in stikstof / opgeloste fractie","NVT","NVT","NO2","nitriet","(massa)Concentratie nitriet in Oppervlaktewater uitgedrukt in stikstof / opgeloste fractie in mg/l","meting","NVT","NVT",TRUE,FALSE,FALSE
355,"NVT","NVT","OW","Oppervlaktewater","mg/l","milligram per liter","CONCTTE","(massa)Concentratie","Nnf","uitgedrukt in stikstof / opgeloste fractie","NVT","NVT","NO3","nitraat","(massa)Concentratie nitraat in Oppervlaktewater uitgedrukt in stikstof / opgeloste fractie in mg/l","meting","NVT","NVT",TRUE,FALSE,FALSE
356,"NVT","NVT","OW","Oppervlaktewater","mg/l","milligram per liter","CONCTTE","(massa)Concentratie","Nnf","uitgedrukt in stikstof / opgeloste fractie","NVT","NVT","Ntot","stikstof totaal","(massa)Concentratie stikstof totaal in Oppervlaktewater uitgedrukt in stikstof / opgeloste fractie in mg/l","meting","NVT","NVT",TRUE,FALSE,FALSE
357,"NVT","NVT","OW","Oppervlaktewater","mg/l","milligram per liter","CONCTTE","(massa)Concentratie","Nnf","uitgedrukt in stikstof / opgeloste fractie","NVT","NVT","sNO3NO2","som nitraat en nitriet","(massa)Concentratie som nitraat en nitriet in Oppervlaktewater uitgedrukt in stikstof / opgeloste fractie in mg/l","meting","NVT","NVT",TRUE,FALSE,FALSE
358,"NVT","NVT","OW","Oppervlaktewater","mg/l","milligram per liter","CONCTTE","(massa)Concentratie","Npg","uitgedrukt in stikstof particulair gebonden","NVT","NVT","Ntot","stikstof totaal","(massa)Concentratie stikstof totaal in Oppervlaktewater uitgedrukt in stikstof particulair gebonden in mg/l","meting","NVT","NVT",TRUE,FALSE,FALSE
359,"NVT","NVT","OW","Oppervlaktewater","mg/l","milligram per liter","CONCTTE","(massa)Concentratie","NVT","NVT","NVT","NVT","Br","bromide","(massa)Concentratie bromide in Oppervlaktewater in mg/l","meting","NVT","NVT",TRUE,FALSE,FALSE
360,"NVT","NVT","OW","Oppervlaktewater","mg/l","milligram per liter","CONCTTE","(massa)Concentratie","NVT","NVT","NVT","NVT","BZV5","Biochemisch zuurstofverbruik over 5 dagen","(massa)Concentratie Biochemisch zuurstofverbruik over 5 dagen in Oppervlaktewater in mg/l","meting","NVT","NVT",TRUE,FALSE,FALSE
361,"NVT","NVT","OW","Oppervlaktewater","mg/l","milligram per liter","CONCTTE","(massa)Concentratie","NVT","NVT","NVT","NVT","BZV5a","Biochemisch zuurstofverbruik met allylthioureum","(massa)Concentratie Biochemisch zuurstofverbruik met allylthioureum in Oppervlaktewater in mg/l","meting","NVT","NVT",TRUE,FALSE,FALSE
362,"NVT","NVT","OW","Oppervlaktewater","mg/l","milligram per liter","CONCTTE","(massa)Concentratie","NVT","NVT","NVT","NVT","Ca","calcium","(massa)Concentratie calcium in Oppervlaktewater in mg/l","meting","NVT","NVT",TRUE,FALSE,FALSE
363,"NVT","NVT","OW","Oppervlaktewater","mg/l","milligram per liter","CONCTTE","(massa)Concentratie","NVT","NVT","NVT","NVT","Cl","chloride","Berekend (massa)Concentratie chloride in Oppervlaktewater in mg/l","meting","NVT","BER",FALSE,FALSE,FALSE
364,"NVT","NVT","OW","Oppervlaktewater","mg/l","milligram per liter","CONCTTE","(massa)Concentratie","NVT","NVT","NVT","NVT","Cl","chloride","Etmaalgemiddelde (massa)Concentratie chloride in Oppervlaktewater in mg/l","meting","NVT","GEM24H",FALSE,FALSE,FALSE
365,"NVT","NVT","OW","Oppervlaktewater","mg/l","milligram per liter","CONCTTE","(massa)Concentratie","NVT","NVT","NVT","NVT","Cl","chloride","(massa)Concentratie chloride in Oppervlaktewater in mg/l","meting","NVT","NVT",TRUE,FALSE,FALSE
366,"NVT","NVT","OW","Oppervlaktewater","mg/l","milligram per liter","CONCTTE","(massa)Concentratie","NVT","NVT","NVT","NVT","Corg","koolstof organisch","(massa)Concentratie koolstof organisch in Oppervlaktewater in mg/l","meting","NVT","NVT",FALSE,FALSE,FALSE
367,"NVT","NVT","OW","Oppervlaktewater","mg/l","milligram per liter","CONCTTE","(massa)Concentratie","NVT","NVT","NVT","NVT","CZV","Chemisch zuurstofverbruik","(massa)Concentratie Chemisch zuurstofverbruik in Oppervlaktewater in mg/l","meting","NVT","NVT",TRUE,FALSE,FALSE
368,"NVT","NVT","OW","Oppervlaktewater","mg/l","milligram per liter","CONCTTE","(massa)Concentratie","NVT","NVT","NVT","NVT","F","fluoride","Gemiddelde (massa)Concentratie fluoride in Oppervlaktewater in mg/l","meting","NVT","GEM",FALSE,FALSE,FALSE
369,"NVT","NVT","OW","Oppervlaktewater","mg/l","milligram per liter","CONCTTE","(massa)Concentratie","NVT","NVT","NVT","NVT","F","fluoride","Etmaalgemiddelde (massa)Concentratie fluoride in Oppervlaktewater in mg/l","meting","NVT","GEM24H",FALSE,FALSE,FALSE
370,"NVT","NVT","OW","Oppervlaktewater","mg/l","milligram per liter","CONCTTE","(massa)Concentratie","NVT","NVT","NVT","NVT","F","fluoride","(massa)Concentratie fluoride in Oppervlaktewater in mg/l","meting","NVT","NVT",TRUE,FALSE,FALSE
371,"NVT","NVT","OW","Oppervlaktewater","mg/l","milligram per liter","CONCTTE","(massa)Concentratie","NVT","NVT","NVT","NVT","Fe","ijzer","(massa)Concentratie ijzer in Oppervlaktewater in mg/l","meting","NVT","NVT",TRUE,FALSE,FALSE
372,"NVT","NVT","OW","Oppervlaktewater","mg/l","milligram per liter","CONCTTE","(massa)Concentratie","NVT","NVT","NVT","NVT","FeII","ijzer (tweewaardig)","(massa)Concentratie ijzer (tweewaardig) in Oppervlaktewater in mg/l","meting","NVT","NVT",TRUE,FALSE,FALSE
373,"NVT","NVT","OW","Oppervlaktewater","mg/l","milligram per liter","CONCTTE","(massa)Concentratie","NVT","NVT","NVT","NVT","Furanose","Di-o-isopropylideen-a-l-sorbofuranose-2,3","(massa)Concentratie Di-o-isopropylideen-a-l-sorbofuranose-2,3 in Oppervlaktewater in mg/l","meting","NVT","NVT",TRUE,FALSE,FALSE
374,"NVT","NVT","OW","Oppervlaktewater","mg/l","milligram per liter","CONCTTE","(massa)Concentratie","NVT","NVT","NVT","NVT","GR","Gloeirest","(massa)Concentratie Gloeirest in Oppervlaktewater in mg/l","meting","NVT","NVT",TRUE,FALSE,FALSE
375,"NVT","NVT","OW","Oppervlaktewater","mg/l","milligram per liter","CONCTTE","(massa)Concentratie","NVT","NVT","NVT","NVT","HCO3","waterstofcarbonaat","(massa)Concentratie waterstofcarbonaat in Oppervlaktewater in mg/l","meting","NVT","NVT",TRUE,FALSE,FALSE
376,"NVT","NVT","OW","Oppervlaktewater","mg/l","milligram per liter","CONCTTE","(massa)Concentratie","NVT","NVT","NVT","NVT","K","kalium","(massa)Concentratie kalium in Oppervlaktewater in mg/l","meting","NVT","NVT",TRUE,FALSE,FALSE
377,"NVT","NVT","OW","Oppervlaktewater","mg/l","milligram per liter","CONCTTE","(massa)Concentratie","NVT","NVT","NVT","NVT","Mg","magnesium","(massa)Concentratie magnesium in Oppervlaktewater in mg/l","meting","NVT","NVT",TRUE,FALSE,FALSE
378,"NVT","NVT","OW","Oppervlaktewater","mg/l","milligram per liter","CONCTTE","(massa)Concentratie","NVT","NVT","NVT","NVT","Na","natrium","(massa)Concentratie natrium in Oppervlaktewater in mg/l","meting","NVT","NVT",TRUE,FALSE,FALSE
379,"NVT","NVT","OW","Oppervlaktewater","mg/l","milligram per liter","CONCTTE","(massa)Concentratie","NVT","NVT","NVT","NVT","O2","zuurstof","Gemiddelde (massa)Concentratie zuurstof in Oppervlaktewater in mg/l","meting","NVT","GEM",FALSE,FALSE,FALSE
380,"NVT","NVT","OW","Oppervlaktewater","mg/l","milligram per liter","CONCTTE","(massa)Concentratie","NVT","NVT","NVT","NVT","O2","zuurstof","Zes-uursgemiddelde (massa)Concentratie zuurstof in Oppervlaktewater in mg/l","meting","NVT","GEM6H",FALSE,FALSE,FALSE
381,"NVT","NVT","OW","Oppervlaktewater","mg/l","milligram per liter","CONCTTE","(massa)Concentratie","NVT","NVT","NVT","NVT","O2","zuurstof","(massa)Concentratie zuurstof in Oppervlaktewater in mg/l","meting","NVT","NVT",TRUE,FALSE,FALSE
382,"NVT","NVT","OW","Oppervlaktewater","mg/l","milligram per liter","CONCTTE","(massa)Concentratie","NVT","NVT","NVT","NVT","OS","Onopgeloste stoffen","(massa)Concentratie Onopgeloste stoffen in Oppervlaktewater in mg/l","meting","NVT","NVT",TRUE,FALSE,FALSE
383,"NVT","NVT","OW","Oppervlaktewater","mg/l","milligram per liter","CONCTTE","(massa)Concentratie","NVT","NVT","NVT","NVT","PO4","fosfaat","Gemiddelde (massa)Concentratie fosfaat in Oppervlaktewater in mg/l","meting","NVT","GEM",FALSE,FALSE,FALSE
384,"NVT","NVT","OW","Oppervlaktewater","mg/l","milligram per liter","CONCTTE","(massa)Concentratie","NVT","NVT","NVT","NVT","S","sulfide","(massa)Concentratie sulfide in Oppervlaktewater in mg/l","meting","NVT","NVT",TRUE,FALSE,FALSE
385,"NVT","NVT","OW","Oppervlaktewater","mg/l","milligram per liter","CONCTTE","(massa)Concentratie","NVT","NVT","NVT","NVT","SLIB","Slib","(massa)Concentratie Slib in Oppervlaktewater in mg/l","meting","NVT","NVT",TRUE,FALSE,FALSE
386,"NVT","NVT","OW","Oppervlaktewater","mg/l","milligram per liter","CONCTTE","(massa)Concentratie","NVT","NVT","NVT","NVT","sMBAS","som methyleenblauwactieve stoffen anionactief","(massa)Concentratie som methyleenblauwactieve stoffen anionactief in Oppervlaktewater in mg/l","meting","NVT","NVT",TRUE,FALSE,FALSE
387,"NVT","NVT","OW","Oppervlaktewater","mg/l","milligram per liter","CONCTTE","(massa)Concentratie","NVT","NVT","NVT","NVT","sNOIO","Som pikraatactieve niet ionogene en kationogene detergenten","(massa)Concentratie Som pikraatactieve niet ionogene en kationogene detergenten in Oppervlaktewater in mg/l","meting","NVT","NVT",TRUE,FALSE,FALSE
388,"NVT","NVT","OW","Oppervlaktewater","mg/l","milligram per liter","CONCTTE","(massa)Concentratie","NVT","NVT","NVT","NVT","SO4","sulfaat","(massa)Concentratie sulfaat in Oppervlaktewater in mg/l","meting","NVT","NVT",TRUE,FALSE,FALSE
389,"NVT","NVT","OW","Oppervlaktewater","mg/l","milligram per liter","CONCTTE","(massa)Concentratie","NVT","NVT","NVT","NVT","THERMTLRTCLS","Thermotolerante Coli's (incubatie bij 44 C)","(massa)Concentratie Thermotolerante Coli's (incubatie bij 44 C) in Oppervlaktewater in mg/l","meting","NVT","NVT",TRUE,FALSE,FALSE
390,"NVT","NVT","OW","Oppervlaktewater","mg/l","milligram per liter","CONCTTE","(massa)Concentratie","NVT","NVT","NVT","NVT","TOC","totaal organisch koolstof","(massa)Concentratie totaal organisch koolstof in Oppervlaktewater in mg/l","meting","NVT","NVT",TRUE,FALSE,FALSE
391,"NVT","NVT","OW","Oppervlaktewater","mg/l","milligram per liter","CONCTTE","(massa)Concentratie","P","uitgedrukt in fosfor","NVT","NVT","PO4","fosfaat","Gemiddelde (massa)Concentratie fosfaat in Oppervlaktewater uitgedrukt in fosfor in mg/l","meting","NVT","GEM",FALSE,FALSE,FALSE
392,"NVT","NVT","OW","Oppervlaktewater","mg/l","milligram per liter","CONCTTE","(massa)Concentratie","P","uitgedrukt in fosfor","NVT","NVT","PO4","fosfaat","(massa)Concentratie fosfaat in Oppervlaktewater uitgedrukt in fosfor in mg/l","meting","NVT","NVT",FALSE,FALSE,FALSE
393,"NVT","NVT","OW","Oppervlaktewater","mg/l","milligram per liter","CONCTTE","(massa)Concentratie","P","uitgedrukt in fosfor","NVT","NVT","Ptot","fosfor totaal","(massa)Concentratie fosfor totaal in Oppervlaktewater uitgedrukt in fosfor in mg/l","meting","NVT","NVT",TRUE,FALSE,FALSE
394,"NVT","NVT","OW","Oppervlaktewater","mg/l","milligram per liter","CONCTTE","(massa)Concentratie","P","uitgedrukt in fosfor","NVT","NVT","sPO4","som orthofosfaat en hydrolyseerbaar fosfaat","(massa)Concentratie som orthofosfaat en hydrolyseerbaar fosfaat in Oppervlaktewater uitgedrukt in fosfor in mg/l","meting","NVT","NVT",TRUE,FALSE,FALSE
395,"NVT","NVT","OW","Oppervlaktewater","mg/l","milligram per liter","CONCTTE","(massa)Concentratie","pg","particulair gebonden","NVT","NVT","Corg","koolstof organisch","(massa)Concentratie koolstof organisch in Oppervlaktewater particulair gebonden in mg/l","meting","NVT","NVT",TRUE,FALSE,FALSE
396,"NVT","NVT","OW","Oppervlaktewater","mg/l","milligram per liter","CONCTTE","(massa)Concentratie","pg","particulair gebonden","NVT","NVT","Ptot","fosfor totaal","(massa)Concentratie fosfor totaal in Oppervlaktewater particulair gebonden in mg/l","meting","NVT","NVT",TRUE,FALSE,FALSE
397,"NVT","NVT","OW","Oppervlaktewater","mg/l","milligram per liter","CONCTTE","(massa)Concentratie","Pnf","uitgedrukt in fosfor / opgeloste fractie","NVT","NVT","PO4","fosfaat","(massa)Concentratie fosfaat in Oppervlaktewater uitgedrukt in fosfor / opgeloste fractie in mg/l","meting","NVT","NVT",TRUE,FALSE,FALSE
398,"NVT","NVT","OW","Oppervlaktewater","mg/l","milligram per liter","CONCTTE","(massa)Concentratie","Pnf","uitgedrukt in fosfor / opgeloste fractie","NVT","NVT","Ptot","fosfor totaal","(massa)Concentratie fosfor totaal in Oppervlaktewater uitgedrukt in fosfor / opgeloste fractie in mg/l","meting","NVT","NVT",TRUE,FALSE,FALSE
399,"NVT","NVT","OW","Oppervlaktewater","mg/l","milligram per liter","CONCTTE","(massa)Concentratie","SALNTT","T.o.v. Saliniteit","NVT","NVT","Cl","chloride","(massa)Concentratie chloride in Oppervlaktewater T.o.v. Saliniteit in mg/l","meting","NVT","NVT",TRUE,FALSE,FALSE
400,"NVT","NVT","OW","Oppervlaktewater","mg/l","milligram per liter","CONCTTE","(massa)Concentratie","Sinf","uitgedrukt in silicium / opgeloste fractie","NVT","NVT","SiO2","siliciumdioxide","(massa)Concentratie siliciumdioxide in Oppervlaktewater uitgedrukt in silicium / opgeloste fractie in mg/l","meting","NVT","NVT",TRUE,FALSE,FALSE
401,"NVT","NVT","OW","Oppervlaktewater","mg/l","milligram per liter","CONCTTE","(massa)Concentratie","Sipg","uitgedrukt in silicium particulair gebonden","NVT","NVT","SiO2","siliciumdioxide","(massa)Concentratie siliciumdioxide in Oppervlaktewater uitgedrukt in silicium particulair gebonden in mg/l","meting","NVT","NVT",TRUE,FALSE,FALSE
402,"NVT","NVT","OW","Oppervlaktewater","ng/l","nanogram per liter","CONCTTE","(massa)Concentratie","NVT","NVT","NVT","NVT","13DNO2Ben","1,3-dinitrobenzeen","(massa)Concentratie 1,3-dinitrobenzeen in Oppervlaktewater in ng/l","meting","NVT","NVT",FALSE,FALSE,FALSE
403,"NVT","NVT","OW","Oppervlaktewater","ng/l","nanogram per liter","CONCTTE","(massa)Concentratie","NVT","NVT","NVT","NVT","DC4ySn","dibutyltin (kation)","(massa)Concentratie dibutyltin (kation) in Oppervlaktewater in ng/l","meting","NVT","NVT",TRUE,FALSE,FALSE
404,"NVT","NVT","OW","Oppervlaktewater","ng/l","nanogram per liter","CONCTTE","(massa)Concentratie","NVT","NVT","NVT","NVT","DFySn","difenyltin (kation)","(massa)Concentratie difenyltin (kation) in Oppervlaktewater in ng/l","meting","NVT","NVT",TRUE,FALSE,FALSE
405,"NVT","NVT","OW","Oppervlaktewater","ng/l","nanogram per liter","CONCTTE","(massa)Concentratie","NVT","NVT","NVT","NVT","HBCD","som HBCD (technisch mengsel, niet-gespecif. broom-posities)","(massa)Concentratie som HBCD (technisch mengsel, niet-gespecif. broom-posities) in Oppervlaktewater in ng/l","meting","NVT","NVT",TRUE,FALSE,FALSE
406,"NVT","NVT","OW","Oppervlaktewater","ng/l","nanogram per liter","CONCTTE","(massa)Concentratie","NVT","NVT","NVT","NVT","MC4ySn","monobutyltin (kation)","(massa)Concentratie monobutyltin (kation) in Oppervlaktewater in ng/l","meting","NVT","NVT",TRUE,FALSE,FALSE
407,"NVT","NVT","OW","Oppervlaktewater","ng/l","nanogram per liter","CONCTTE","(massa)Concentratie","NVT","NVT","NVT","NVT","MFySn","monofenyltin (kation)","(massa)Concentratie monofenyltin (kation) in Oppervlaktewater in ng/l","meting","NVT","NVT",TRUE,FALSE,FALSE
408,"NVT","NVT","OW","Oppervlaktewater","ng/l","nanogram per liter","CONCTTE","(massa)Concentratie","NVT","NVT","NVT","NVT","T4C4ySn","tetrabutyltin","(massa)Concentratie tetrabutyltin in Oppervlaktewater in ng/l","meting","NVT","NVT",TRUE,FALSE,FALSE
409,"NVT","NVT","OW","Oppervlaktewater","ng/l","nanogram per liter","CONCTTE","(massa)Concentratie","NVT","NVT","NVT","NVT","TC4ySn","tributyltin (kation)","(massa)Concentratie tributyltin (kation) in Oppervlaktewater in ng/l","meting","NVT","NVT",TRUE,FALSE,FALSE
410,"NVT","NVT","OW","Oppervlaktewater","ng/l","nanogram per liter","CONCTTE","(massa)Concentratie","Sn","uitgedrukt in tin","NVT","NVT","DC4ySn","dibutyltin (kation)","(massa)Concentratie dibutyltin (kation) in Oppervlaktewater uitgedrukt in tin in ng/l","meting","NVT","NVT",TRUE,FALSE,FALSE
411,"NVT","NVT","OW","Oppervlaktewater","ng/l","nanogram per liter","CONCTTE","(massa)Concentratie","Sn","uitgedrukt in tin","NVT","NVT","DFySn","difenyltin (kation)","(massa)Concentratie difenyltin (kation) in Oppervlaktewater uitgedrukt in tin in ng/l","meting","NVT","NVT",TRUE,FALSE,FALSE
412,"NVT","NVT","OW","Oppervlaktewater","ng/l","nanogram per liter","CONCTTE","(massa)Concentratie","Sn","uitgedrukt in tin","NVT","NVT","MC4ySn","monobutyltin (kation)","(massa)Concentratie monobutyltin (kation) in Oppervlaktewater uitgedrukt in tin in ng/l","meting","NVT","NVT",TRUE,FALSE,FALSE
413,"NVT","NVT","OW","Oppervlaktewater","ng/l","nanogram per liter","CONCTTE","(massa)Concentratie","Sn","uitgedrukt in tin","NVT","NVT","MFySn","monofenyltin (kation)","(massa)Concentratie monofenyltin (kation) in Oppervlaktewater uitgedrukt in tin in ng/l","meting","NVT","NVT",TRUE,FALSE,FALSE
414,"NVT","NVT","OW","Oppervlaktewater","ng/l","nanogram per liter","CONCTTE","(massa)Concentratie","Sn","uitgedrukt in tin","NVT","NVT","T4C4ySn","tetrabutyltin","(massa)Concentratie tetrabutyltin in Oppervlaktewater uitgedrukt in tin in ng/l","meting","NVT","NVT",TRUE,FALSE,FALSE
415,"NVT","NVT","OW","Oppervlaktewater","ng/l","nanogram per liter","CONCTTE","(massa)Concentratie","Sn","uitgedrukt in tin","NVT","NVT","TC4ySn","tributyltin (kation)","(massa)Concentratie tributyltin (kation) in Oppervlaktewater uitgedrukt in tin in ng/l","meting","NVT","NVT",TRUE,FALSE,FALSE
416,"NVT","NVT","OW","Oppervlaktewater","RFU","Relative Fluorescence Units","CONCTTE","(massa)Concentratie","NVT","NVT","NVT","NVT","CHLFRFU","Chlorofyl fluorescentie in rel. fluorescentie eenh.(RFU)","(massa)Concentratie Chlorofyl fluorescentie in rel. fluorescentie eenh.(RFU) in Oppervlaktewater in RFU","meting","NVT","NVT",TRUE,FALSE,FALSE
417,"NVT","NVT","OW","Oppervlaktewater","ug/l","microgram per liter","CONCTTE","(massa)Concentratie","antpgnnf","antropogeen / opgeloste fractie","NVT","NVT","Gd","gadolinium","Berekend (massa)Concentratie gadolinium in Oppervlaktewater antropogeen / opgeloste fractie in ug/l","meting","NVT","BER",TRUE,FALSE,FALSE
418,"NVT","NVT","OW","Oppervlaktewater","ug/l","microgram per liter","CONCTTE","(massa)Concentratie","antpgnnf","antropogeen / opgeloste fractie","NVT","NVT","Gd","gadolinium","(massa)Concentratie gadolinium in Oppervlaktewater antropogeen / opgeloste fractie in ug/l","meting","NVT","NVT",TRUE,FALSE,FALSE
419,"NVT","NVT","OW","Oppervlaktewater","ug/l","microgram per liter","CONCTTE","(massa)Concentratie","BLAUWAL","Cyanochlorofyl","NVT","NVT","CHLFa","chlorofyl-a","Berekend (massa)Concentratie chlorofyl-a in Oppervlaktewater Cyanochlorofyl in ug/l","meting","NVT","BER",TRUE,FALSE,FALSE
420,"NVT","NVT","OW","Oppervlaktewater","ug/l","microgram per liter","CONCTTE","(massa)Concentratie","BLAUWAL","Cyanochlorofyl","NVT","NVT","CHLFa","chlorofyl-a","(massa)Concentratie chlorofyl-a in Oppervlaktewater Cyanochlorofyl in ug/l","meting","NVT","NVT",TRUE,FALSE,FALSE
421,"NVT","NVT","OW","Oppervlaktewater","ug/l","microgram per liter","CONCTTE","(massa)Concentratie","BrO3","uitgedrukt in bromaat","NVT","NVT","BrO3","bromaat","(massa)Concentratie bromaat in Oppervlaktewater uitgedrukt in bromaat in ug/l","meting","NVT","NVT",TRUE,FALSE,FALSE
422,"NVT","NVT","OW","Oppervlaktewater","ug/l","microgram per liter","CONCTTE","(massa)Concentratie","Cl","uitgedrukt in chloor","NVT","NVT","sAOX","som adsorbeerbare organische halogeenverbindingen","(massa)Concentratie som adsorbeerbare organische halogeenverbindingen in Oppervlaktewater uitgedrukt in chloor in ug/l","meting","NVT","NVT",TRUE,FALSE,FALSE
423,"NVT","NVT","OW","Oppervlaktewater","ug/l","microgram per liter","CONCTTE","(massa)Concentratie","Cl","uitgedrukt in chloor","NVT","NVT","sEOX","som extraheerbare organische halogeenverbindingen","(massa)Concentratie som extraheerbare organische halogeenverbindingen in Oppervlaktewater uitgedrukt in chloor in ug/l","meting","NVT","NVT",TRUE,FALSE,FALSE
424,"NVT","NVT","OW","Oppervlaktewater","ug/l","microgram per liter","CONCTTE","(massa)Concentratie","Cl","uitgedrukt in chloor","NVT","NVT","sVOX","som vluchtige organische halogeenverbindingen","(massa)Concentratie som vluchtige organische halogeenverbindingen in Oppervlaktewater uitgedrukt in chloor in ug/l","meting","NVT","NVT",TRUE,FALSE,FALSE
425,"NVT","NVT","OW","Oppervlaktewater","ug/l","microgram per liter","CONCTTE","(massa)Concentratie","Clnf","uitgedrukt in chloor / opgeloste fractie","NVT","NVT","sAOX","som adsorbeerbare organische halogeenverbindingen","(massa)Concentratie som adsorbeerbare organische halogeenverbindingen in Oppervlaktewater uitgedrukt in chloor / opgeloste fractie in ug/l","meting","NVT","NVT",TRUE,FALSE,FALSE
426,"NVT","NVT","OW","Oppervlaktewater","ug/l","microgram per liter","CONCTTE","(massa)Concentratie","Gd","uitgedrukt in gadolinium","NVT","NVT","gadbtl","gadobutrol","(massa)Concentratie gadobutrol in Oppervlaktewater uitgedrukt in gadolinium in ug/l","meting","NVT","NVT",TRUE,FALSE,FALSE
427,"NVT","NVT","OW","Oppervlaktewater","ug/l","microgram per liter","CONCTTE","(massa)Concentratie","Gd","uitgedrukt in gadolinium","NVT","NVT","gadpttt","gadopentetaat anion","(massa)Concentratie gadopentetaat anion in Oppervlaktewater uitgedrukt in gadolinium in ug/l","meting","NVT","NVT",TRUE,FALSE,FALSE
428,"NVT","NVT","OW","Oppervlaktewater","ug/l","microgram per liter","CONCTTE","(massa)Concentratie","Gd","uitgedrukt in gadolinium","NVT","NVT","gadtrdl","gadoteridol","(massa)Concentratie gadoteridol in Oppervlaktewater uitgedrukt in gadolinium in ug/l","meting","NVT","NVT",TRUE,FALSE,FALSE
429,"NVT","NVT","OW","Oppervlaktewater","ug/l","microgram per liter","CONCTTE","(massa)Concentratie","Gd","uitgedrukt in gadolinium","NVT","NVT","gadtrt","gadoteraat anion","(massa)Concentratie gadoteraat anion in Oppervlaktewater uitgedrukt in gadolinium in ug/l","meting","NVT","NVT",TRUE,FALSE,FALSE
430,"NVT","NVT","OW","Oppervlaktewater","ug/l","microgram per liter","CONCTTE","(massa)Concentratie","nf","opgeloste fractie (bijv. na filtratie)","NVT","NVT","14xyln","1,4-xyleen","(massa)Concentratie 1,4-xyleen in Oppervlaktewater opgeloste fractie (bijv. na filtratie) in ug/l","meting","NVT","NVT",FALSE,FALSE,FALSE
431,"NVT","NVT","OW","Oppervlaktewater","ug/l","microgram per liter","CONCTTE","(massa)Concentratie","nf","opgeloste fractie (bijv. na filtratie)","NVT","NVT","2C4oxC2ol","2-butoxyethanol","Gemiddelde (massa)Concentratie 2-butoxyethanol in Oppervlaktewater opgeloste fractie (bijv. na filtratie) in ug/l","meting","NVT","GEM",FALSE,FALSE,FALSE
432,"NVT","NVT","OW","Oppervlaktewater","ug/l","microgram per liter","CONCTTE","(massa)Concentratie","nf","opgeloste fractie (bijv. na filtratie)","NVT","NVT","2C4oxC2ol","2-butoxyethanol","(massa)Concentratie 2-butoxyethanol in Oppervlaktewater opgeloste fractie (bijv. na filtratie) in ug/l","meting","NVT","NVT",FALSE,FALSE,FALSE
433,"NVT","NVT","OW","Oppervlaktewater","ug/l","microgram per liter","CONCTTE","(massa)Concentratie","nf","opgeloste fractie (bijv. na filtratie)","NVT","NVT","Ag","zilver","(massa)Concentratie zilver in Oppervlaktewater opgeloste fractie (bijv. na filtratie) in ug/l","meting","NVT","NVT",TRUE,FALSE,FALSE
434,"NVT","NVT","OW","Oppervlaktewater","ug/l","microgram per liter","CONCTTE","(massa)Concentratie","nf","opgeloste fractie (bijv. na filtratie)","NVT","NVT","Al","aluminium","(massa)Concentratie aluminium in Oppervlaktewater opgeloste fractie (bijv. na filtratie) in ug/l","meting","NVT","NVT",TRUE,FALSE,FALSE
435,"NVT","NVT","OW","Oppervlaktewater","ug/l","microgram per liter","CONCTTE","(massa)Concentratie","nf","opgeloste fractie (bijv. na filtratie)","NVT","NVT","As","arseen","(massa)Concentratie arseen in Oppervlaktewater opgeloste fractie (bijv. na filtratie) in ug/l","meting","NVT","NVT",TRUE,FALSE,FALSE
436,"NVT","NVT","OW","Oppervlaktewater","ug/l","microgram per liter","CONCTTE","(massa)Concentratie","nf","opgeloste fractie (bijv. na filtratie)","NVT","NVT","AsO2","arseniet","(massa)Concentratie arseniet in Oppervlaktewater opgeloste fractie (bijv. na filtratie) in ug/l","meting","NVT","NVT",TRUE,FALSE,FALSE
437,"NVT","NVT","OW","Oppervlaktewater","ug/l","microgram per liter","CONCTTE","(massa)Concentratie","nf","opgeloste fractie (bijv. na filtratie)","NVT","NVT","AsO4","arsenaat","(massa)Concentratie arsenaat in Oppervlaktewater opgeloste fractie (bijv. na filtratie) in ug/l","meting","NVT","NVT",TRUE,FALSE,FALSE
438,"NVT","NVT","OW","Oppervlaktewater","ug/l","microgram per liter","CONCTTE","(massa)Concentratie","nf","opgeloste fractie (bijv. na filtratie)","NVT","NVT","B","boor","(massa)Concentratie boor in Oppervlaktewater opgeloste fractie (bijv. na filtratie) in ug/l","meting","NVT","NVT",TRUE,FALSE,FALSE
439,"NVT","NVT","OW","Oppervlaktewater","ug/l","microgram per liter","CONCTTE","(massa)Concentratie","nf","opgeloste fractie (bijv. na filtratie)","NVT","NVT","Ba","barium","(massa)Concentratie barium in Oppervlaktewater opgeloste fractie (bijv. na filtratie) in ug/l","meting","NVT","NVT",TRUE,FALSE,FALSE
440,"NVT","NVT","OW","Oppervlaktewater","ug/l","microgram per liter","CONCTTE","(massa)Concentratie","nf","opgeloste fractie (bijv. na filtratie)","NVT","NVT","Be","beryllium","(massa)Concentratie beryllium in Oppervlaktewater opgeloste fractie (bijv. na filtratie) in ug/l","meting","NVT","NVT",TRUE,FALSE,FALSE
441,"NVT","NVT","OW","Oppervlaktewater","ug/l","microgram per liter","CONCTTE","(massa)Concentratie","nf","opgeloste fractie (bijv. na filtratie)","NVT","NVT","carbmzpne","carbamazepine","(massa)Concentratie carbamazepine in Oppervlaktewater opgeloste fractie (bijv. na filtratie) in ug/l","meting","NVT","NVT",FALSE,FALSE,FALSE
442,"NVT","NVT","OW","Oppervlaktewater","ug/l","microgram per liter","CONCTTE","(massa)Concentratie","nf","opgeloste fractie (bijv. na filtratie)","NVT","NVT","Cd","cadmium","(massa)Concentratie cadmium in Oppervlaktewater opgeloste fractie (bijv. na filtratie) in ug/l","meting","NVT","NVT",TRUE,FALSE,FALSE
443,"NVT","NVT","OW","Oppervlaktewater","ug/l","microgram per liter","CONCTTE","(massa)Concentratie","nf","opgeloste fractie (bijv. na filtratie)","NVT","NVT","Ce","cerium","(massa)Concentratie cerium in Oppervlaktewater opgeloste fractie (bijv. na filtratie) in ug/l","meting","NVT","NVT",TRUE,FALSE,FALSE
444,"NVT","NVT","OW","Oppervlaktewater","ug/l","microgram per liter","CONCTTE","(massa)Concentratie","nf","opgeloste fractie (bijv. na filtratie)","NVT","NVT","Co","kobalt","(massa)Concentratie kobalt in Oppervlaktewater opgeloste fractie (bijv. na filtratie) in ug/l","meting","NVT","NVT",TRUE,FALSE,FALSE
445,"NVT","NVT","OW","Oppervlaktewater","ug/l","microgram per liter","CONCTTE","(massa)Concentratie","nf","opgeloste fractie (bijv. na filtratie)","NVT","NVT","Cr","chroom","(massa)Concentratie chroom in Oppervlaktewater opgeloste fractie (bijv. na filtratie) in ug/l","meting","NVT","NVT",TRUE,FALSE,FALSE
446,"NVT","NVT","OW","Oppervlaktewater","ug/l","microgram per liter","CONCTTE","(massa)Concentratie","nf","opgeloste fractie (bijv. na filtratie)","NVT","NVT","CrVI","chroom (zeswaardig)","(massa)Concentratie chroom (zeswaardig) in Oppervlaktewater opgeloste fractie (bijv. na filtratie) in ug/l","meting","NVT","NVT",TRUE,FALSE,FALSE
447,"NVT","NVT","OW","Oppervlaktewater","ug/l","microgram per liter","CONCTTE","(massa)Concentratie","nf","opgeloste fractie (bijv. na filtratie)","NVT","NVT","Cs","cesium","(massa)Concentratie cesium in Oppervlaktewater opgeloste fractie (bijv. na filtratie) in ug/l","meting","NVT","NVT",TRUE,FALSE,FALSE
448,"NVT","NVT","OW","Oppervlaktewater","ug/l","microgram per liter","CONCTTE","(massa)Concentratie","nf","opgeloste fractie (bijv. na filtratie)","NVT","NVT","Cu","koper","(massa)Concentratie koper in Oppervlaktewater opgeloste fractie (bijv. na filtratie) in ug/l","meting","NVT","NVT",TRUE,FALSE,FALSE
449,"NVT","NVT","OW","Oppervlaktewater","ug/l","microgram per liter","CONCTTE","(massa)Concentratie","nf","opgeloste fractie (bijv. na filtratie)","NVT","NVT","DC1yAszr","dimethylarseenzuur","(massa)Concentratie dimethylarseenzuur in Oppervlaktewater opgeloste fractie (bijv. na filtratie) in ug/l","meting","NVT","NVT",TRUE,FALSE,FALSE
450,"NVT","NVT","OW","Oppervlaktewater","ug/l","microgram per liter","CONCTTE","(massa)Concentratie","nf","opgeloste fractie (bijv. na filtratie)","NVT","NVT","Dy","dysprosium","(massa)Concentratie dysprosium in Oppervlaktewater opgeloste fractie (bijv. na filtratie) in ug/l","meting","NVT","NVT",TRUE,FALSE,FALSE
451,"NVT","NVT","OW","Oppervlaktewater","ug/l","microgram per liter","CONCTTE","(massa)Concentratie","nf","opgeloste fractie (bijv. na filtratie)","NVT","NVT","Er","erbium","(massa)Concentratie erbium in Oppervlaktewater opgeloste fractie (bijv. na filtratie) in ug/l","meting","NVT","NVT",TRUE,FALSE,FALSE
452,"NVT","NVT","OW","Oppervlaktewater","ug/l","microgram per liter","CONCTTE","(massa)Concentratie","nf","opgeloste fractie (bijv. na filtratie)","NVT","NVT","Eu","europium","(massa)Concentratie europium in Oppervlaktewater opgeloste fractie (bijv. na filtratie) in ug/l","meting","NVT","NVT",TRUE,FALSE,FALSE
453,"NVT","NVT","OW","Oppervlaktewater","ug/l","microgram per liter","CONCTTE","(massa)Concentratie","nf","opgeloste fractie (bijv. na filtratie)","NVT","NVT","Ga","gallium","(massa)Concentratie gallium in Oppervlaktewater opgeloste fractie (bijv. na filtratie) in ug/l","meting","NVT","NVT",TRUE,FALSE,FALSE
454,"NVT","NVT","OW","Oppervlaktewater","ug/l","microgram per liter","CONCTTE","(massa)Concentratie","nf","opgeloste fractie (bijv. na filtratie)","NVT","NVT","Gd","gadolinium","(massa)Concentratie gadolinium in Oppervlaktewater opgeloste fractie (bijv. na filtratie) in ug/l","meting","NVT","NVT",TRUE,FALSE,FALSE
455,"NVT","NVT","OW","Oppervlaktewater","ug/l","microgram per liter","CONCTTE","(massa)Concentratie","nf","opgeloste fractie (bijv. na filtratie)","NVT","NVT","Hf","hafnium","(massa)Concentratie hafnium in Oppervlaktewater opgeloste fractie (bijv. na filtratie) in ug/l","meting","NVT","NVT",TRUE,FALSE,FALSE
456,"NVT","NVT","OW","Oppervlaktewater","ug/l","microgram per liter","CONCTTE","(massa)Concentratie","nf","opgeloste fractie (bijv. na filtratie)","NVT","NVT","Hg","kwik","(massa)Concentratie kwik in Oppervlaktewater opgeloste fractie (bijv. na filtratie) in ug/l","meting","NVT","NVT",TRUE,FALSE,FALSE
457,"NVT","NVT","OW","Oppervlaktewater","ug/l","microgram per liter","CONCTTE","(massa)Concentratie","nf","opgeloste fractie (bijv. na filtratie)","NVT","NVT","Ho","holmium","(massa)Concentratie holmium in Oppervlaktewater opgeloste fractie (bijv. na filtratie) in ug/l","meting","NVT","NVT",TRUE,FALSE,FALSE
458,"NVT","NVT","OW","Oppervlaktewater","ug/l","microgram per liter","CONCTTE","(massa)Concentratie","nf","opgeloste fractie (bijv. na filtratie)","NVT","NVT","In","indium","(massa)Concentratie indium in Oppervlaktewater opgeloste fractie (bijv. na filtratie) in ug/l","meting","NVT","NVT",TRUE,FALSE,FALSE
459,"NVT","NVT","OW","Oppervlaktewater","ug/l","microgram per liter","CONCTTE","(massa)Concentratie","nf","opgeloste fractie (bijv. na filtratie)","NVT","NVT","La","lanthaan","(massa)Concentratie lanthaan in Oppervlaktewater opgeloste fractie (bijv. na filtratie) in ug/l","meting","NVT","NVT",TRUE,FALSE,FALSE
460,"NVT","NVT","OW","Oppervlaktewater","ug/l","microgram per liter","CONCTTE","(massa)Concentratie","nf","opgeloste fractie (bijv. na filtratie)","NVT","NVT","Li","lithium","(massa)Concentratie lithium in Oppervlaktewater opgeloste fractie (bijv. na filtratie) in ug/l","meting","NVT","NVT",TRUE,FALSE,FALSE
461,"NVT","NVT","OW","Oppervlaktewater","ug/l","microgram per liter","CONCTTE","(massa)Concentratie","nf","opgeloste fractie (bijv. na filtratie)","NVT","NVT","Lu","lutetium","(massa)Concentratie lutetium in Oppervlaktewater opgeloste fractie (bijv. na filtratie) in ug/l","meting","NVT","NVT",TRUE,FALSE,FALSE
462,"NVT","NVT","OW","Oppervlaktewater","ug/l","microgram per liter","CONCTTE","(massa)Concentratie","nf","opgeloste fractie (bijv. na filtratie)","NVT","NVT","MC1yAszr","monomethylarseenzuur","(massa)Concentratie monomethylarseenzuur in Oppervlaktewater opgeloste fractie (bijv. na filtratie) in ug/l","meting","NVT","NVT",TRUE,FALSE,FALSE
463,"NVT","NVT","OW","Oppervlaktewater","ug/l","microgram per liter","CONCTTE","(massa)Concentratie","nf","opgeloste fractie (bijv. na filtratie)","NVT","NVT","Mn","mangaan","(massa)Concentratie mangaan in Oppervlaktewater opgeloste fractie (bijv. na filtratie) in ug/l","meting","NVT","NVT",TRUE,FALSE,FALSE
464,"NVT","NVT","OW","Oppervlaktewater","ug/l","microgram per liter","CONCTTE","(massa)Concentratie","nf","opgeloste fractie (bijv. na filtratie)","NVT","NVT","Mo","molybdeen","(massa)Concentratie molybdeen in Oppervlaktewater opgeloste fractie (bijv. na filtratie) in ug/l","meting","NVT","NVT",TRUE,FALSE,FALSE
465,"NVT","NVT","OW","Oppervlaktewater","ug/l","microgram per liter","CONCTTE","(massa)Concentratie","nf","opgeloste fractie (bijv. na filtratie)","NVT","NVT","Nb","niobium","(massa)Concentratie niobium in Oppervlaktewater opgeloste fractie (bijv. na filtratie) in ug/l","meting","NVT","NVT",TRUE,FALSE,FALSE
466,"NVT","NVT","OW","Oppervlaktewater","ug/l","microgram per liter","CONCTTE","(massa)Concentratie","nf","opgeloste fractie (bijv. na filtratie)","NVT","NVT","Nd","neodymium","(massa)Concentratie neodymium in Oppervlaktewater opgeloste fractie (bijv. na filtratie) in ug/l","meting","NVT","NVT",TRUE,FALSE,FALSE
467,"NVT","NVT","OW","Oppervlaktewater","ug/l","microgram per liter","CONCTTE","(massa)Concentratie","nf","opgeloste fractie (bijv. na filtratie)","NVT","NVT","Ni","nikkel","(massa)Concentratie nikkel in Oppervlaktewater opgeloste fractie (bijv. na filtratie) in ug/l","meting","NVT","NVT",TRUE,FALSE,FALSE
468,"NVT","NVT","OW","Oppervlaktewater","ug/l","microgram per liter","CONCTTE","(massa)Concentratie","nf","opgeloste fractie (bijv. na filtratie)","NVT","NVT","Pb","lood","(massa)Concentratie lood in Oppervlaktewater opgeloste fractie (bijv. na filtratie) in ug/l","meting","NVT","NVT",TRUE,FALSE,FALSE
469,"NVT","NVT","OW","Oppervlaktewater","ug/l","microgram per liter","CONCTTE","(massa)Concentratie","nf","opgeloste fractie (bijv. na filtratie)","NVT","NVT","Pr","praseodymium","(massa)Concentratie praseodymium in Oppervlaktewater opgeloste fractie (bijv. na filtratie) in ug/l","meting","NVT","NVT",TRUE,FALSE,FALSE
470,"NVT","NVT","OW","Oppervlaktewater","ug/l","microgram per liter","CONCTTE","(massa)Concentratie","nf","opgeloste fractie (bijv. na filtratie)","NVT","NVT","Pt","platina","(massa)Concentratie platina in Oppervlaktewater opgeloste fractie (bijv. na filtratie) in ug/l","meting","NVT","NVT",TRUE,FALSE,FALSE
471,"NVT","NVT","OW","Oppervlaktewater","ug/l","microgram per liter","CONCTTE","(massa)Concentratie","nf","opgeloste fractie (bijv. na filtratie)","NVT","NVT","Rb","rubidium","(massa)Concentratie rubidium in Oppervlaktewater opgeloste fractie (bijv. na filtratie) in ug/l","meting","NVT","NVT",TRUE,FALSE,FALSE
472,"NVT","NVT","OW","Oppervlaktewater","ug/l","microgram per liter","CONCTTE","(massa)Concentratie","nf","opgeloste fractie (bijv. na filtratie)","NVT","NVT","Sb","antimoon","(massa)Concentratie antimoon in Oppervlaktewater opgeloste fractie (bijv. na filtratie) in ug/l","meting","NVT","NVT",TRUE,FALSE,FALSE
473,"NVT","NVT","OW","Oppervlaktewater","ug/l","microgram per liter","CONCTTE","(massa)Concentratie","nf","opgeloste fractie (bijv. na filtratie)","NVT","NVT","Sc","scandium","(massa)Concentratie scandium in Oppervlaktewater opgeloste fractie (bijv. na filtratie) in ug/l","meting","NVT","NVT",TRUE,FALSE,FALSE
474,"NVT","NVT","OW","Oppervlaktewater","ug/l","microgram per liter","CONCTTE","(massa)Concentratie","nf","opgeloste fractie (bijv. na filtratie)","NVT","NVT","Se","seleen","(massa)Concentratie seleen in Oppervlaktewater opgeloste fractie (bijv. na filtratie) in ug/l","meting","NVT","NVT",TRUE,FALSE,FALSE
475,"NVT","NVT","OW","Oppervlaktewater","ug/l","microgram per liter","CONCTTE","(massa)Concentratie","nf","opgeloste fractie (bijv. na filtratie)","NVT","NVT","SeO3","seleniet","(massa)Concentratie seleniet in Oppervlaktewater opgeloste fractie (bijv. na filtratie) in ug/l","meting","NVT","NVT",TRUE,FALSE,FALSE
476,"NVT","NVT","OW","Oppervlaktewater","ug/l","microgram per liter","CONCTTE","(massa)Concentratie","nf","opgeloste fractie (bijv. na filtratie)","NVT","NVT","SeO4","selenaat","(massa)Concentratie selenaat in Oppervlaktewater opgeloste fractie (bijv. na filtratie) in ug/l","meting","NVT","NVT",TRUE,FALSE,FALSE
477,"NVT","NVT","OW","Oppervlaktewater","ug/l","microgram per liter","CONCTTE","(massa)Concentratie","nf","opgeloste fractie (bijv. na filtratie)","NVT","NVT","Sm","samarium","(massa)Concentratie samarium in Oppervlaktewater opgeloste fractie (bijv. na filtratie) in ug/l","meting","NVT","NVT",TRUE,FALSE,FALSE
478,"NVT","NVT","OW","Oppervlaktewater","ug/l","microgram per liter","CONCTTE","(massa)Concentratie","nf","opgeloste fractie (bijv. na filtratie)","NVT","NVT","Sn","tin","(massa)Concentratie tin in Oppervlaktewater opgeloste fractie (bijv. na filtratie) in ug/l","meting","NVT","NVT",TRUE,FALSE,FALSE
479,"NVT","NVT","OW","Oppervlaktewater","ug/l","microgram per liter","CONCTTE","(massa)Concentratie","nf","opgeloste fractie (bijv. na filtratie)","NVT","NVT","Sr","strontium","(massa)Concentratie strontium in Oppervlaktewater opgeloste fractie (bijv. na filtratie) in ug/l","meting","NVT","NVT",TRUE,FALSE,FALSE
480,"NVT","NVT","OW","Oppervlaktewater","ug/l","microgram per liter","CONCTTE","(massa)Concentratie","nf","opgeloste fractie (bijv. na filtratie)","NVT","NVT","sulfmtoazl","sulfamethoxazol","Gemiddelde (massa)Concentratie sulfamethoxazol in Oppervlaktewater opgeloste fractie (bijv. na filtratie) in ug/l","meting","NVT","GEM",FALSE,FALSE,FALSE
481,"NVT","NVT","OW","Oppervlaktewater","ug/l","microgram per liter","CONCTTE","(massa)Concentratie","nf","opgeloste fractie (bijv. na filtratie)","NVT","NVT","sulfmtoazl","sulfamethoxazol","(massa)Concentratie sulfamethoxazol in Oppervlaktewater opgeloste fractie (bijv. na filtratie) in ug/l","meting","NVT","NVT",FALSE,FALSE,FALSE
482,"NVT","NVT","OW","Oppervlaktewater","ug/l","microgram per liter","CONCTTE","(massa)Concentratie","nf","opgeloste fractie (bijv. na filtratie)","NVT","NVT","T4C4yNH4","tetrabutylammonium","Gemiddelde (massa)Concentratie tetrabutylammonium in Oppervlaktewater opgeloste fractie (bijv. na filtratie) in ug/l","meting","NVT","GEM",FALSE,FALSE,FALSE
483,"NVT","NVT","OW","Oppervlaktewater","ug/l","microgram per liter","CONCTTE","(massa)Concentratie","nf","opgeloste fractie (bijv. na filtratie)","NVT","NVT","Ta","tantalium","(massa)Concentratie tantalium in Oppervlaktewater opgeloste fractie (bijv. na filtratie) in ug/l","meting","NVT","NVT",TRUE,FALSE,FALSE
484,"NVT","NVT","OW","Oppervlaktewater","ug/l","microgram per liter","CONCTTE","(massa)Concentratie","nf","opgeloste fractie (bijv. na filtratie)","NVT","NVT","Tb","terbium","(massa)Concentratie terbium in Oppervlaktewater opgeloste fractie (bijv. na filtratie) in ug/l","meting","NVT","NVT",TRUE,FALSE,FALSE
485,"NVT","NVT","OW","Oppervlaktewater","ug/l","microgram per liter","CONCTTE","(massa)Concentratie","nf","opgeloste fractie (bijv. na filtratie)","NVT","NVT","Te","tellurium","(massa)Concentratie tellurium in Oppervlaktewater opgeloste fractie (bijv. na filtratie) in ug/l","meting","NVT","NVT",TRUE,FALSE,FALSE
486,"NVT","NVT","OW","Oppervlaktewater","ug/l","microgram per liter","CONCTTE","(massa)Concentratie","nf","opgeloste fractie (bijv. na filtratie)","NVT","NVT","Th","thorium","(massa)Concentratie thorium in Oppervlaktewater opgeloste fractie (bijv. na filtratie) in ug/l","meting","NVT","NVT",TRUE,FALSE,FALSE
487,"NVT","NVT","OW","Oppervlaktewater","ug/l","microgram per liter","CONCTTE","(massa)Concentratie","nf","opgeloste fractie (bijv. na filtratie)","NVT","NVT","Ti","titaan","(massa)Concentratie titaan in Oppervlaktewater opgeloste fractie (bijv. na filtratie) in ug/l","meting","NVT","NVT",TRUE,FALSE,FALSE
488,"NVT","NVT","OW","Oppervlaktewater","ug/l","microgram per liter","CONCTTE","(massa)Concentratie","nf","opgeloste fractie (bijv. na filtratie)","NVT","NVT","Tl","thallium","(massa)Concentratie thallium in Oppervlaktewater opgeloste fractie (bijv. na filtratie) in ug/l","meting","NVT","NVT",TRUE,FALSE,FALSE
489,"NVT","NVT","OW","Oppervlaktewater","ug/l","microgram per liter","CONCTTE","(massa)Concentratie","nf","opgeloste fractie (bijv. na filtratie)","NVT","NVT","Tm","thulium","(massa)Concentratie thulium in Oppervlaktewater opgeloste fractie (bijv. na filtratie) in ug/l","meting","NVT","NVT",TRUE,FALSE,FALSE
490,"NVT","NVT","OW","Oppervlaktewater","ug/l","microgram per liter","CONCTTE","(massa)Concentratie","nf","opgeloste fractie (bijv. na filtratie)","NVT","NVT","U","uranium","(massa)Concentratie uranium in Oppervlaktewater opgeloste fractie (bijv. na filtratie) in ug/l","meting","NVT","NVT",TRUE,FALSE,FALSE
491,"NVT","NVT","OW","Oppervlaktewater","ug/l","microgram per liter","CONCTTE","(massa)Concentratie","nf","opgeloste fractie (bijv. na filtratie)","NVT","NVT","V","vanadium","(massa)Concentratie vanadium in Oppervlaktewater opgeloste fractie (bijv. na filtratie) in ug/l","meting","NVT","NVT",TRUE,FALSE,FALSE
492,"NVT","NVT","OW","Oppervlaktewater","ug/l","microgram per liter","CONCTTE","(massa)Concentratie","nf","opgeloste fractie (bijv. na filtratie)","NVT","NVT","W","wolfraam","(massa)Concentratie wolfraam in Oppervlaktewater opgeloste fractie (bijv. na filtratie) in ug/l","meting","NVT","NVT",TRUE,FALSE,FALSE
493,"NVT","NVT","OW","Oppervlaktewater","ug/l","microgram per liter","CONCTTE","(massa)Concentratie","nf","opgeloste fractie (bijv. na filtratie)","NVT","NVT","Y","yttrium","(massa)Concentratie yttrium in Oppervlaktewater opgeloste fractie (bijv. na filtratie) in ug/l","meting","NVT","NVT",TRUE,FALSE,FALSE
494,"NVT","NVT","OW","Oppervlaktewater","ug/l","microgram per liter","CONCTTE","(massa)Concentratie","nf","opgeloste fractie (bijv. na filtratie)","NVT","NVT","Yb","ytterbium","(massa)Concentratie ytterbium in Oppervlaktewater opgeloste fractie (bijv. na filtratie) in ug/l","meting","NVT","NVT",TRUE,FALSE,FALSE
495,"NVT","NVT","OW","Oppervlaktewater","ug/l","microgram per liter","CONCTTE","(massa)Concentratie","nf","opgeloste fractie (bijv. na filtratie)","NVT","NVT","Zn","zink","(massa)Concentratie zink in Oppervlaktewater opgeloste fractie (bijv. na filtratie) in ug/l","meting","NVT","NVT",TRUE,FALSE,FALSE
496,"NVT","NVT","OW","Oppervlaktewater","ug/l","microgram per liter","CONCTTE","(massa)Concentratie","nf","opgeloste fractie (bijv. na filtratie)","NVT","NVT","Zr","zirkonium","(massa)Concentratie zirkonium in Oppervlaktewater opgeloste fractie (bijv. na filtratie) in ug/l","meting","NVT","NVT",TRUE,FALSE,FALSE
497,"NVT","NVT","OW","Oppervlaktewater","ug/l","microgram per liter","CONCTTE","(massa)Concentratie","NVT","NVT","NVT","NVT","1112T4ClC2a","1,1,1,2-tetrachloorethaan","Gemiddelde (massa)Concentratie 1,1,1,2-tetrachloorethaan in Oppervlaktewater in ug/l","meting","NVT","GEM",FALSE,FALSE,FALSE
498,"NVT","NVT","OW","Oppervlaktewater","ug/l","microgram per liter","CONCTTE","(massa)Concentratie","NVT","NVT","NVT","NVT","111TClC2a","1,1,1-trichloorethaan","Gemiddelde (massa)Concentratie 1,1,1-trichloorethaan in Oppervlaktewater in ug/l","meting","NVT","GEM",FALSE,FALSE,FALSE
499,"NVT","NVT","OW","Oppervlaktewater","ug/l","microgram per liter","CONCTTE","(massa)Concentratie","NVT","NVT","NVT","NVT","111TClC2a","1,1,1-trichloorethaan","(massa)Concentratie 1,1,1-trichloorethaan in Oppervlaktewater in ug/l","meting","NVT","NVT",TRUE,FALSE,FALSE
500,"NVT","NVT","OW","Oppervlaktewater","ug/l","microgram per liter","CONCTTE","(massa)Concentratie","NVT","NVT","NVT","NVT","111TClTol","1,1,1-trichloortolueen","(massa)Concentratie 1,1,1-trichloortolueen in Oppervlaktewater in ug/l","meting","NVT","NVT",FALSE,FALSE,FALSE
501,"NVT","NVT","OW","Oppervlaktewater","ug/l","microgram per liter","CONCTTE","(massa)Concentratie","NVT","NVT","NVT","NVT","1122T4ClC2a","1,1,2,2-tetrachloorethaan","Gemiddelde (massa)Concentratie 1,1,2,2-tetrachloorethaan in Oppervlaktewater in ug/l","meting","NVT","GEM",FALSE,FALSE,FALSE
502,"NVT","NVT","OW","Oppervlaktewater","ug/l","microgram per liter","CONCTTE","(massa)Concentratie","NVT","NVT","NVT","NVT","1122T4ClC2a","1,1,2,2-tetrachloorethaan","(massa)Concentratie 1,1,2,2-tetrachloorethaan in Oppervlaktewater in ug/l","meting","NVT","NVT",TRUE,FALSE,FALSE
503,"NVT","NVT","OW","Oppervlaktewater","ug/l","microgram per liter","CONCTTE","(massa)Concentratie","NVT","NVT","NVT","NVT","112TClC2a","1,1,2-trichloorethaan","Gemiddelde (massa)Concentratie 1,1,2-trichloorethaan in Oppervlaktewater in ug/l","meting","NVT","GEM",FALSE,FALSE,FALSE
504,"NVT","NVT","OW","Oppervlaktewater","ug/l","microgram per liter","CONCTTE","(massa)Concentratie","NVT","NVT","NVT","NVT","112TClC2a","1,1,2-trichloorethaan","(massa)Concentratie 1,1,2-trichloorethaan in Oppervlaktewater in ug/l","meting","NVT","NVT",TRUE,FALSE,FALSE
505,"NVT","NVT","OW","Oppervlaktewater","ug/l","microgram per liter","CONCTTE","(massa)Concentratie","NVT","NVT","NVT","NVT","11ClPF3OUdS","11-chlooreicosafluor-3-oxaundecaan-1-sulfonzuur","(massa)Concentratie 11-chlooreicosafluor-3-oxaundecaan-1-sulfonzuur in Oppervlaktewater in ug/l","meting","NVT","NVT",TRUE,FALSE,FALSE
506,"NVT","NVT","OW","Oppervlaktewater","ug/l","microgram per liter","CONCTTE","(massa)Concentratie","NVT","NVT","NVT","NVT","11DClC2a","1,1-dichloorethaan","Gemiddelde (massa)Concentratie 1,1-dichloorethaan in Oppervlaktewater in ug/l","meting","NVT","GEM",FALSE,FALSE,FALSE
507,"NVT","NVT","OW","Oppervlaktewater","ug/l","microgram per liter","CONCTTE","(massa)Concentratie","NVT","NVT","NVT","NVT","11DClC2a","1,1-dichloorethaan","(massa)Concentratie 1,1-dichloorethaan in Oppervlaktewater in ug/l","meting","NVT","NVT",TRUE,FALSE,FALSE
508,"NVT","NVT","OW","Oppervlaktewater","ug/l","microgram per liter","CONCTTE","(massa)Concentratie","NVT","NVT","NVT","NVT","11DClC2e","1,1-dichlooretheen","(massa)Concentratie 1,1-dichlooretheen in Oppervlaktewater in ug/l","meting","NVT","NVT",TRUE,FALSE,FALSE
509,"NVT","NVT","OW","Oppervlaktewater","ug/l","microgram per liter","CONCTTE","(massa)Concentratie","NVT","NVT","NVT","NVT","123benztazl","1,2,3-benzotriazool","Gemiddelde (massa)Concentratie 1,2,3-benzotriazool in Oppervlaktewater in ug/l","meting","NVT","GEM",FALSE,FALSE,FALSE
510,"NVT","NVT","OW","Oppervlaktewater","ug/l","microgram per liter","CONCTTE","(massa)Concentratie","NVT","NVT","NVT","NVT","123benztazl","1,2,3-benzotriazool","(massa)Concentratie 1,2,3-benzotriazool in Oppervlaktewater in ug/l","meting","NVT","NVT",TRUE,FALSE,FALSE
511,"NVT","NVT","OW","Oppervlaktewater","ug/l","microgram per liter","CONCTTE","(massa)Concentratie","NVT","NVT","NVT","NVT","123TC1yBen","1,2,3-trimethylbenzeen","(massa)Concentratie 1,2,3-trimethylbenzeen in Oppervlaktewater in ug/l","meting","NVT","NVT",TRUE,FALSE,FALSE
512,"NVT","NVT","OW","Oppervlaktewater","ug/l","microgram per liter","CONCTTE","(massa)Concentratie","NVT","NVT","NVT","NVT","123TClBen","1,2,3-trichloorbenzeen","Gemiddelde (massa)Concentratie 1,2,3-trichloorbenzeen in Oppervlaktewater in ug/l","meting","NVT","GEM",FALSE,FALSE,FALSE
513,"NVT","NVT","OW","Oppervlaktewater","ug/l","microgram per liter","CONCTTE","(massa)Concentratie","NVT","NVT","NVT","NVT","123TClBen","1,2,3-trichloorbenzeen","(massa)Concentratie 1,2,3-trichloorbenzeen in Oppervlaktewater in ug/l","meting","NVT","NVT",TRUE,FALSE,FALSE
514,"NVT","NVT","OW","Oppervlaktewater","ug/l","microgram per liter","CONCTTE","(massa)Concentratie","NVT","NVT","NVT","NVT","123TClC3a","1,2,3-trichloorpropaan","Gemiddelde (massa)Concentratie 1,2,3-trichloorpropaan in Oppervlaktewater in ug/l","meting","NVT","GEM",FALSE,FALSE,FALSE
515,"NVT","NVT","OW","Oppervlaktewater","ug/l","microgram per liter","CONCTTE","(massa)Concentratie","NVT","NVT","NVT","NVT","123TClC3a","1,2,3-trichloorpropaan","(massa)Concentratie 1,2,3-trichloorpropaan in Oppervlaktewater in ug/l","meting","NVT","NVT",TRUE,FALSE,FALSE
516,"NVT","NVT","OW","Oppervlaktewater","ug/l","microgram per liter","CONCTTE","(massa)Concentratie","NVT","NVT","NVT","NVT","1245T4ClBen","1,2,4,5-tetrachloorbenzeen","(massa)Concentratie 1,2,4,5-tetrachloorbenzeen in Oppervlaktewater in ug/l","meting","NVT","NVT",TRUE,FALSE,FALSE
517,"NVT","NVT","OW","Oppervlaktewater","ug/l","microgram per liter","CONCTTE","(massa)Concentratie","NVT","NVT","NVT","NVT","124Tazl","1,2,4-triazool","(massa)Concentratie 1,2,4-triazool in Oppervlaktewater in ug/l","meting","NVT","NVT",FALSE,FALSE,FALSE
518,"NVT","NVT","OW","Oppervlaktewater","ug/l","microgram per liter","CONCTTE","(massa)Concentratie","NVT","NVT","NVT","NVT","124TC1yBen","1,2,4-trimethylbenzeen","Gemiddelde (massa)Concentratie 1,2,4-trimethylbenzeen in Oppervlaktewater in ug/l","meting","NVT","GEM",FALSE,FALSE,FALSE
519,"NVT","NVT","OW","Oppervlaktewater","ug/l","microgram per liter","CONCTTE","(massa)Concentratie","NVT","NVT","NVT","NVT","124TC1yBen","1,2,4-trimethylbenzeen","(massa)Concentratie 1,2,4-trimethylbenzeen in Oppervlaktewater in ug/l","meting","NVT","NVT",TRUE,FALSE,FALSE
520,"NVT","NVT","OW","Oppervlaktewater","ug/l","microgram per liter","CONCTTE","(massa)Concentratie","NVT","NVT","NVT","NVT","124TClBen","1,2,4-trichloorbenzeen","Gemiddelde (massa)Concentratie 1,2,4-trichloorbenzeen in Oppervlaktewater in ug/l","meting","NVT","GEM",FALSE,FALSE,FALSE
521,"NVT","NVT","OW","Oppervlaktewater","ug/l","microgram per liter","CONCTTE","(massa)Concentratie","NVT","NVT","NVT","NVT","124TClBen","1,2,4-trichloorbenzeen","(massa)Concentratie 1,2,4-trichloorbenzeen in Oppervlaktewater in ug/l","meting","NVT","NVT",TRUE,FALSE,FALSE
522,"NVT","NVT","OW","Oppervlaktewater","ug/l","microgram per liter","CONCTTE","(massa)Concentratie","NVT","NVT","NVT","NVT","12DBrC2a","1,2-dibroomethaan","Gemiddelde (massa)Concentratie 1,2-dibroomethaan in Oppervlaktewater in ug/l","meting","NVT","GEM",FALSE,FALSE,FALSE
523,"NVT","NVT","OW","Oppervlaktewater","ug/l","microgram per liter","CONCTTE","(massa)Concentratie","NVT","NVT","NVT","NVT","12DBrC2a","1,2-dibroomethaan","(massa)Concentratie 1,2-dibroomethaan in Oppervlaktewater in ug/l","meting","NVT","NVT",TRUE,FALSE,FALSE
524,"NVT","NVT","OW","Oppervlaktewater","ug/l","microgram per liter","CONCTTE","(massa)Concentratie","NVT","NVT","NVT","NVT","12DC1oxC2a","1,2-dimethoxyethaan","(massa)Concentratie 1,2-dimethoxyethaan in Oppervlaktewater in ug/l","meting","NVT","NVT",FALSE,FALSE,FALSE
525,"NVT","NVT","OW","Oppervlaktewater","ug/l","microgram per liter","CONCTTE","(massa)Concentratie","NVT","NVT","NVT","NVT","12DClBen","1,2-dichloorbenzeen","Gemiddelde (massa)Concentratie 1,2-dichloorbenzeen in Oppervlaktewater in ug/l","meting","NVT","GEM",FALSE,FALSE,FALSE
526,"NVT","NVT","OW","Oppervlaktewater","ug/l","microgram per liter","CONCTTE","(massa)Concentratie","NVT","NVT","NVT","NVT","12DClBen","1,2-dichloorbenzeen","(massa)Concentratie 1,2-dichloorbenzeen in Oppervlaktewater in ug/l","meting","NVT","NVT",TRUE,FALSE,FALSE
527,"NVT","NVT","OW","Oppervlaktewater","ug/l","microgram per liter","CONCTTE","(massa)Concentratie","NVT","NVT","NVT","NVT","12DClC2a","1,2-dichloorethaan","Gemiddelde (massa)Concentratie 1,2-dichloorethaan in Oppervlaktewater in ug/l","meting","NVT","GEM",FALSE,FALSE,FALSE
528,"NVT","NVT","OW","Oppervlaktewater","ug/l","microgram per liter","CONCTTE","(massa)Concentratie","NVT","NVT","NVT","NVT","12DClC2a","1,2-dichloorethaan","(massa)Concentratie 1,2-dichloorethaan in Oppervlaktewater in ug/l","meting","NVT","NVT",TRUE,FALSE,FALSE
529,"NVT","NVT","OW","Oppervlaktewater","ug/l","microgram per liter","CONCTTE","(massa)Concentratie","NVT","NVT","NVT","NVT","12DClC2e","1,2-dichlooretheen","(massa)Concentratie 1,2-dichlooretheen in Oppervlaktewater in ug/l","meting","NVT","NVT",TRUE,FALSE,FALSE
530,"NVT","NVT","OW","Oppervlaktewater","ug/l","microgram per liter","CONCTTE","(massa)Concentratie","NVT","NVT","NVT","NVT","12DClC3a","1,2-dichloorpropaan","Gemiddelde (massa)Concentratie 1,2-dichloorpropaan in Oppervlaktewater in ug/l","meting","NVT","GEM",FALSE,FALSE,FALSE
531,"NVT","NVT","OW","Oppervlaktewater","ug/l","microgram per liter","CONCTTE","(massa)Concentratie","NVT","NVT","NVT","NVT","12DClC3a","1,2-dichloorpropaan","(massa)Concentratie 1,2-dichloorpropaan in Oppervlaktewater in ug/l","meting","NVT","NVT",TRUE,FALSE,FALSE
532,"NVT","NVT","OW","Oppervlaktewater","ug/l","microgram per liter","CONCTTE","(massa)Concentratie","NVT","NVT","NVT","NVT","12xyln","1,2-xyleen","Gemiddelde (massa)Concentratie 1,2-xyleen in Oppervlaktewater in ug/l","meting","NVT","GEM",FALSE,FALSE,FALSE
533,"NVT","NVT","OW","Oppervlaktewater","ug/l","microgram per liter","CONCTTE","(massa)Concentratie","NVT","NVT","NVT","NVT","12xyln","1,2-xyleen","(massa)Concentratie 1,2-xyleen in Oppervlaktewater in ug/l","meting","NVT","NVT",TRUE,FALSE,FALSE
534,"NVT","NVT","OW","Oppervlaktewater","ug/l","microgram per liter","CONCTTE","(massa)Concentratie","NVT","NVT","NVT","NVT","134DClFyurum","1-(3,4-dichloorfenyl)ureum","(massa)Concentratie 1-(3,4-dichloorfenyl)ureum in Oppervlaktewater in ug/l","meting","NVT","NVT",FALSE,FALSE,FALSE
535,"NVT","NVT","OW","Oppervlaktewater","ug/l","microgram per liter","CONCTTE","(massa)Concentratie","NVT","NVT","NVT","NVT","135Tazn246TA","1,3,5-Triazine-2,4,6-triamine (Melamine)","(massa)Concentratie 1,3,5-Triazine-2,4,6-triamine (Melamine) in Oppervlaktewater in ug/l","meting","NVT","NVT",FALSE,FALSE,FALSE
536,"NVT","NVT","OW","Oppervlaktewater","ug/l","microgram per liter","CONCTTE","(massa)Concentratie","NVT","NVT","NVT","NVT","135TC1yBen","1,3,5-trimethylbenzeen","Gemiddelde (massa)Concentratie 1,3,5-trimethylbenzeen in Oppervlaktewater in ug/l","meting","NVT","GEM",FALSE,FALSE,FALSE
537,"NVT","NVT","OW","Oppervlaktewater","ug/l","microgram per liter","CONCTTE","(massa)Concentratie","NVT","NVT","NVT","NVT","135TC1yBen","1,3,5-trimethylbenzeen","(massa)Concentratie 1,3,5-trimethylbenzeen in Oppervlaktewater in ug/l","meting","NVT","NVT",TRUE,FALSE,FALSE
538,"NVT","NVT","OW","Oppervlaktewater","ug/l","microgram per liter","CONCTTE","(massa)Concentratie","NVT","NVT","NVT","NVT","135TClBen","1,3,5-trichloorbenzeen","Gemiddelde (massa)Concentratie 1,3,5-trichloorbenzeen in Oppervlaktewater in ug/l","meting","NVT","GEM",FALSE,FALSE,FALSE
539,"NVT","NVT","OW","Oppervlaktewater","ug/l","microgram per liter","CONCTTE","(massa)Concentratie","NVT","NVT","NVT","NVT","135TClBen","1,3,5-trichloorbenzeen","(massa)Concentratie 1,3,5-trichloorbenzeen in Oppervlaktewater in ug/l","meting","NVT","NVT",TRUE,FALSE,FALSE
540,"NVT","NVT","OW","Oppervlaktewater","ug/l","microgram per liter","CONCTTE","(massa)Concentratie","NVT","NVT","NVT","NVT","13DactBen","1,3-diacetylbenzeen","(massa)Concentratie 1,3-diacetylbenzeen in Oppervlaktewater in ug/l","meting","NVT","NVT",TRUE,FALSE,FALSE
541,"NVT","NVT","OW","Oppervlaktewater","ug/l","microgram per liter","CONCTTE","(massa)Concentratie","NVT","NVT","NVT","NVT","13DCl2C3ol","1,3-dichloor-2-propanol","(massa)Concentratie 1,3-dichloor-2-propanol in Oppervlaktewater in ug/l","meting","NVT","NVT",TRUE,FALSE,FALSE
542,"NVT","NVT","OW","Oppervlaktewater","ug/l","microgram per liter","CONCTTE","(massa)Concentratie","NVT","NVT","NVT","NVT","13DClBen","1,3-dichloorbenzeen","Gemiddelde (massa)Concentratie 1,3-dichloorbenzeen in Oppervlaktewater in ug/l","meting","NVT","GEM",FALSE,FALSE,FALSE
543,"NVT","NVT","OW","Oppervlaktewater","ug/l","microgram per liter","CONCTTE","(massa)Concentratie","NVT","NVT","NVT","NVT","13DClBen","1,3-dichloorbenzeen","(massa)Concentratie 1,3-dichloorbenzeen in Oppervlaktewater in ug/l","meting","NVT","NVT",TRUE,FALSE,FALSE
544,"NVT","NVT","OW","Oppervlaktewater","ug/l","microgram per liter","CONCTTE","(massa)Concentratie","NVT","NVT","NVT","NVT","13DClC3a","1,3-dichloorpropaan","Gemiddelde (massa)Concentratie 1,3-dichloorpropaan in Oppervlaktewater in ug/l","meting","NVT","GEM",FALSE,FALSE,FALSE
545,"NVT","NVT","OW","Oppervlaktewater","ug/l","microgram per liter","CONCTTE","(massa)Concentratie","NVT","NVT","NVT","NVT","13DClC3a","1,3-dichloorpropaan","(massa)Concentratie 1,3-dichloorpropaan in Oppervlaktewater in ug/l","meting","NVT","NVT",TRUE,FALSE,FALSE
546,"NVT","NVT","OW","Oppervlaktewater","ug/l","microgram per liter","CONCTTE","(massa)Concentratie","NVT","NVT","NVT","NVT","13xyln","1,3-xyleen","(massa)Concentratie 1,3-xyleen in Oppervlaktewater in ug/l","meting","NVT","NVT",TRUE,FALSE,FALSE
547,"NVT","NVT","OW","Oppervlaktewater","ug/l","microgram per liter","CONCTTE","(massa)Concentratie","NVT","NVT","NVT","NVT","14DC1oxBen","1,4-dimethoxybenzeen","(massa)Concentratie 1,4-dimethoxybenzeen in Oppervlaktewater in ug/l","meting","NVT","NVT",FALSE,FALSE,FALSE
548,"NVT","NVT","OW","Oppervlaktewater","ug/l","microgram per liter","CONCTTE","(massa)Concentratie","NVT","NVT","NVT","NVT","14DC2oxBen","1,4-diethoxybenzeen","(massa)Concentratie 1,4-diethoxybenzeen in Oppervlaktewater in ug/l","meting","NVT","NVT",FALSE,FALSE,FALSE
549,"NVT","NVT","OW","Oppervlaktewater","ug/l","microgram per liter","CONCTTE","(massa)Concentratie","NVT","NVT","NVT","NVT","14DC4oxBen","1,4-dibutoxybenzeen","(massa)Concentratie 1,4-dibutoxybenzeen in Oppervlaktewater in ug/l","meting","NVT","NVT",FALSE,FALSE,FALSE
550,"NVT","NVT","OW","Oppervlaktewater","ug/l","microgram per liter","CONCTTE","(massa)Concentratie","NVT","NVT","NVT","NVT","14DClBen","1,4-dichloorbenzeen","Gemiddelde (massa)Concentratie 1,4-dichloorbenzeen in Oppervlaktewater in ug/l","meting","NVT","GEM",FALSE,FALSE,FALSE
551,"NVT","NVT","OW","Oppervlaktewater","ug/l","microgram per liter","CONCTTE","(massa)Concentratie","NVT","NVT","NVT","NVT","14DClBen","1,4-dichloorbenzeen","(massa)Concentratie 1,4-dichloorbenzeen in Oppervlaktewater in ug/l","meting","NVT","NVT",TRUE,FALSE,FALSE
552,"NVT","NVT","OW","Oppervlaktewater","ug/l","microgram per liter","CONCTTE","(massa)Concentratie","NVT","NVT","NVT","NVT","14DiC3yeBen","1,4-di-isopropylbenzeen","Gemiddelde (massa)Concentratie 1,4-di-isopropylbenzeen in Oppervlaktewater in ug/l","meting","NVT","GEM",FALSE,FALSE,FALSE
553,"NVT","NVT","OW","Oppervlaktewater","ug/l","microgram per liter","CONCTTE","(massa)Concentratie","NVT","NVT","NVT","NVT","14DiC3yeBen","1,4-di-isopropylbenzeen","(massa)Concentratie 1,4-di-isopropylbenzeen in Oppervlaktewater in ug/l","meting","NVT","NVT",FALSE,FALSE,FALSE
554,"NVT","NVT","OW","Oppervlaktewater","ug/l","microgram per liter","CONCTTE","(massa)Concentratie","NVT","NVT","NVT","NVT","14DOxan","1,4-dioxaan","Gemiddelde (massa)Concentratie 1,4-dioxaan in Oppervlaktewater in ug/l","meting","NVT","GEM",FALSE,FALSE,FALSE
555,"NVT","NVT","OW","Oppervlaktewater","ug/l","microgram per liter","CONCTTE","(massa)Concentratie","NVT","NVT","NVT","NVT","14DOxan","1,4-dioxaan","(massa)Concentratie 1,4-dioxaan in Oppervlaktewater in ug/l","meting","NVT","NVT",TRUE,FALSE,FALSE
556,"NVT","NVT","OW","Oppervlaktewater","ug/l","microgram per liter","CONCTTE","(massa)Concentratie","NVT","NVT","NVT","NVT","14xyln","1,4-xyleen","Gemiddelde (massa)Concentratie 1,4-xyleen in Oppervlaktewater in ug/l","meting","NVT","GEM",FALSE,FALSE,FALSE
557,"NVT","NVT","OW","Oppervlaktewater","ug/l","microgram per liter","CONCTTE","(massa)Concentratie","NVT","NVT","NVT","NVT","17bestDol","17beta-estradiol","(massa)Concentratie 17beta-estradiol in Oppervlaktewater in ug/l","meting","NVT","NVT",FALSE,FALSE,FALSE
558,"NVT","NVT","OW","Oppervlaktewater","ug/l","microgram per liter","CONCTTE","(massa)Concentratie","NVT","NVT","NVT","NVT","1C1yNaf","1-methylnaftaleen","Gemiddelde (massa)Concentratie 1-methylnaftaleen in Oppervlaktewater in ug/l","meting","NVT","GEM",FALSE,FALSE,FALSE
559,"NVT","NVT","OW","Oppervlaktewater","ug/l","microgram per liter","CONCTTE","(massa)Concentratie","NVT","NVT","NVT","NVT","1C1yNaf","1-methylnaftaleen","(massa)Concentratie 1-methylnaftaleen in Oppervlaktewater in ug/l","meting","NVT","NVT",FALSE,FALSE,FALSE
560,"NVT","NVT","OW","Oppervlaktewater","ug/l","microgram per liter","CONCTTE","(massa)Concentratie","NVT","NVT","NVT","NVT","1C3ol2ClPO4","1-propanol-2-chloorfosfaat","(massa)Concentratie 1-propanol-2-chloorfosfaat in Oppervlaktewater in ug/l","meting","NVT","NVT",TRUE,FALSE,FALSE
561,"NVT","NVT","OW","Oppervlaktewater","ug/l","microgram per liter","CONCTTE","(massa)Concentratie","NVT","NVT","NVT","NVT","1C3yBen","1-propylbenzeen","Gemiddelde (massa)Concentratie 1-propylbenzeen in Oppervlaktewater in ug/l","meting","NVT","GEM",FALSE,FALSE,FALSE
562,"NVT","NVT","OW","Oppervlaktewater","ug/l","microgram per liter","CONCTTE","(massa)Concentratie","NVT","NVT","NVT","NVT","1C3yBen","1-propylbenzeen","(massa)Concentratie 1-propylbenzeen in Oppervlaktewater in ug/l","meting","NVT","NVT",TRUE,FALSE,FALSE
563,"NVT","NVT","OW","Oppervlaktewater","ug/l","microgram per liter","CONCTTE","(massa)Concentratie","NVT","NVT","NVT","NVT","1C8ol","1-octanol","(massa)Concentratie 1-octanol in Oppervlaktewater in ug/l","meting","NVT","NVT",FALSE,FALSE,FALSE
564,"NVT","NVT","OW","Oppervlaktewater","ug/l","microgram per liter","CONCTTE","(massa)Concentratie","NVT","NVT","NVT","NVT","1Cl24DNO2Ben","1-chloor-2,4-dinitrobenzeen","(massa)Concentratie 1-chloor-2,4-dinitrobenzeen in Oppervlaktewater in ug/l","meting","NVT","NVT",TRUE,FALSE,FALSE
565,"NVT","NVT","OW","Oppervlaktewater","ug/l","microgram per liter","CONCTTE","(massa)Concentratie","NVT","NVT","NVT","NVT","1Cl2NO2Ben","1-chloor-2-nitrobenzeen","(massa)Concentratie 1-chloor-2-nitrobenzeen in Oppervlaktewater in ug/l","meting","NVT","NVT",TRUE,FALSE,FALSE
566,"NVT","NVT","OW","Oppervlaktewater","ug/l","microgram per liter","CONCTTE","(massa)Concentratie","NVT","NVT","NVT","NVT","1Cl3NO2Ben","1-chloor-3-nitrobenzeen","Gemiddelde (massa)Concentratie 1-chloor-3-nitrobenzeen in Oppervlaktewater in ug/l","meting","NVT","GEM",FALSE,FALSE,FALSE
567,"NVT","NVT","OW","Oppervlaktewater","ug/l","microgram per liter","CONCTTE","(massa)Concentratie","NVT","NVT","NVT","NVT","1Cl3NO2Ben","1-chloor-3-nitrobenzeen","(massa)Concentratie 1-chloor-3-nitrobenzeen in Oppervlaktewater in ug/l","meting","NVT","NVT",TRUE,FALSE,FALSE
568,"NVT","NVT","OW","Oppervlaktewater","ug/l","microgram per liter","CONCTTE","(massa)Concentratie","NVT","NVT","NVT","NVT","1Cl4NO2Ben","1-chloor-4-nitrobenzeen","(massa)Concentratie 1-chloor-4-nitrobenzeen in Oppervlaktewater in ug/l","meting","NVT","NVT",TRUE,FALSE,FALSE
569,"NVT","NVT","OW","Oppervlaktewater","ug/l","microgram per liter","CONCTTE","(massa)Concentratie","NVT","NVT","NVT","NVT","1ClNaf","1-chloornaftaleen","(massa)Concentratie 1-chloornaftaleen in Oppervlaktewater in ug/l","meting","NVT","NVT",TRUE,FALSE,FALSE
570,"NVT","NVT","OW","Oppervlaktewater","ug/l","microgram per liter","CONCTTE","(massa)Concentratie","NVT","NVT","NVT","NVT","1HOxNaf","1-hydroxynaftaleen","(massa)Concentratie 1-hydroxynaftaleen in Oppervlaktewater in ug/l","meting","NVT","NVT",FALSE,FALSE,FALSE
571,"NVT","NVT","OW","Oppervlaktewater","ug/l","microgram per liter","CONCTTE","(massa)Concentratie","NVT","NVT","NVT","NVT","1NO2Naf","1-nitronaftaleen","(massa)Concentratie 1-nitronaftaleen in Oppervlaktewater in ug/l","meting","NVT","NVT",FALSE,FALSE,FALSE
572,"NVT","NVT","OW","Oppervlaktewater","ug/l","microgram per liter","CONCTTE","(massa)Concentratie","NVT","NVT","NVT","NVT","1tC4ox2C2oxC","1-tert-butoxy-2-ethoxyethaan","Gemiddelde (massa)Concentratie 1-tert-butoxy-2-ethoxyethaan in Oppervlaktewater in ug/l","meting","NVT","GEM",FALSE,FALSE,FALSE
573,"NVT","NVT","OW","Oppervlaktewater","ug/l","microgram per liter","CONCTTE","(massa)Concentratie","NVT","NVT","NVT","NVT","1tC4ox2C2oxC","1-tert-butoxy-2-ethoxyethaan","(massa)Concentratie 1-tert-butoxy-2-ethoxyethaan in Oppervlaktewater in ug/l","meting","NVT","NVT",FALSE,FALSE,FALSE
574,"NVT","NVT","OW","Oppervlaktewater","ug/l","microgram per liter","CONCTTE","(massa)Concentratie","NVT","NVT","NVT","NVT","224TC1y13C5a","2,2,4-trimethyl-1,3-pentaandiol","(massa)Concentratie 2,2,4-trimethyl-1,3-pentaandiol in Oppervlaktewater in ug/l","meting","NVT","NVT",TRUE,FALSE,FALSE
575,"NVT","NVT","OW","Oppervlaktewater","ug/l","microgram per liter","CONCTTE","(massa)Concentratie","NVT","NVT","NVT","NVT","2255T4C4yT4H","2,2,5,5,-tetramethyl-tetrahydrofuran","(massa)Concentratie 2,2,5,5,-tetramethyl-tetrahydrofuran in Oppervlaktewater in ug/l","meting","NVT","NVT",TRUE,FALSE,FALSE
576,"NVT","NVT","OW","Oppervlaktewater","ug/l","microgram per liter","CONCTTE","(massa)Concentratie","NVT","NVT","NVT","NVT","22DClppozr","2,2-dichloorpropionzuur","(massa)Concentratie 2,2-dichloorpropionzuur in Oppervlaktewater in ug/l","meting","NVT","NVT",TRUE,FALSE,FALSE
577,"NVT","NVT","OW","Oppervlaktewater","ug/l","microgram per liter","CONCTTE","(massa)Concentratie","NVT","NVT","NVT","NVT","2345T4ClFol","2,3,4,5-tetrachloorfenol","(massa)Concentratie 2,3,4,5-tetrachloorfenol in Oppervlaktewater in ug/l","meting","NVT","NVT",TRUE,FALSE,FALSE
578,"NVT","NVT","OW","Oppervlaktewater","ug/l","microgram per liter","CONCTTE","(massa)Concentratie","NVT","NVT","NVT","NVT","2346T4ClFol","2,3,4,6-tetrachloorfenol","(massa)Concentratie 2,3,4,6-tetrachloorfenol in Oppervlaktewater in ug/l","meting","NVT","NVT",TRUE,FALSE,FALSE
579,"NVT","NVT","OW","Oppervlaktewater","ug/l","microgram per liter","CONCTTE","(massa)Concentratie","NVT","NVT","NVT","NVT","234TClFol","2,3,4-trichloorfenol","(massa)Concentratie 2,3,4-trichloorfenol in Oppervlaktewater in ug/l","meting","NVT","NVT",TRUE,FALSE,FALSE
580,"NVT","NVT","OW","Oppervlaktewater","ug/l","microgram per liter","CONCTTE","(massa)Concentratie","NVT","NVT","NVT","NVT","2356T4ClFol","2,3,5,6-tetrachloorfenol","(massa)Concentratie 2,3,5,6-tetrachloorfenol in Oppervlaktewater in ug/l","meting","NVT","NVT",TRUE,FALSE,FALSE
581,"NVT","NVT","OW","Oppervlaktewater","ug/l","microgram per liter","CONCTTE","(massa)Concentratie","NVT","NVT","NVT","NVT","235TClFol","2,3,5-trichloorfenol","(massa)Concentratie 2,3,5-trichloorfenol in Oppervlaktewater in ug/l","meting","NVT","NVT",TRUE,FALSE,FALSE
582,"NVT","NVT","OW","Oppervlaktewater","ug/l","microgram per liter","CONCTTE","(massa)Concentratie","NVT","NVT","NVT","NVT","236TClFol","2,3,6-trichloorfenol","(massa)Concentratie 2,3,6-trichloorfenol in Oppervlaktewater in ug/l","meting","NVT","NVT",TRUE,FALSE,FALSE
583,"NVT","NVT","OW","Oppervlaktewater","ug/l","microgram per liter","CONCTTE","(massa)Concentratie","NVT","NVT","NVT","NVT","23DC1yprdne","2,3-dimethylpyridine","Gemiddelde (massa)Concentratie 2,3-dimethylpyridine in Oppervlaktewater in ug/l","meting","NVT","GEM",FALSE,FALSE,FALSE
584,"NVT","NVT","OW","Oppervlaktewater","ug/l","microgram per liter","CONCTTE","(massa)Concentratie","NVT","NVT","NVT","NVT","23DC1yprdne","2,3-dimethylpyridine","(massa)Concentratie 2,3-dimethylpyridine in Oppervlaktewater in ug/l","meting","NVT","NVT",FALSE,FALSE,FALSE
585,"NVT","NVT","OW","Oppervlaktewater","ug/l","microgram per liter","CONCTTE","(massa)Concentratie","NVT","NVT","NVT","NVT","23DClAn","2,3-dichlooraniline","(massa)Concentratie 2,3-dichlooraniline in Oppervlaktewater in ug/l","meting","NVT","NVT",TRUE,FALSE,FALSE
586,"NVT","NVT","OW","Oppervlaktewater","ug/l","microgram per liter","CONCTTE","(massa)Concentratie","NVT","NVT","NVT","NVT","23DClC3e","2,3-dichloorpropeen","(massa)Concentratie 2,3-dichloorpropeen in Oppervlaktewater in ug/l","meting","NVT","NVT",TRUE,FALSE,FALSE
587,"NVT","NVT","OW","Oppervlaktewater","ug/l","microgram per liter","CONCTTE","(massa)Concentratie","NVT","NVT","NVT","NVT","23DClFol","2,3-dichloorfenol","(massa)Concentratie 2,3-dichloorfenol in Oppervlaktewater in ug/l","meting","NVT","NVT",TRUE,FALSE,FALSE
588,"NVT","NVT","OW","Oppervlaktewater","ug/l","microgram per liter","CONCTTE","(massa)Concentratie","NVT","NVT","NVT","NVT","23DClNO2Ben","2,3-dichloornitrobenzeen","(massa)Concentratie 2,3-dichloornitrobenzeen in Oppervlaktewater in ug/l","meting","NVT","NVT",TRUE,FALSE,FALSE
589,"NVT","NVT","OW","Oppervlaktewater","ug/l","microgram per liter","CONCTTE","(massa)Concentratie","NVT","NVT","NVT","NVT","245T","2,4,5-trichloorfenoxyazijnzuur","(massa)Concentratie 2,4,5-trichloorfenoxyazijnzuur in Oppervlaktewater in ug/l","meting","NVT","NVT",TRUE,FALSE,FALSE
590,"NVT","NVT","OW","Oppervlaktewater","ug/l","microgram per liter","CONCTTE","(massa)Concentratie","NVT","NVT","NVT","NVT","245TClAn","2,4,5-trichlooraniline","Gemiddelde (massa)Concentratie 2,4,5-trichlooraniline in Oppervlaktewater in ug/l","meting","NVT","GEM",FALSE,FALSE,FALSE
591,"NVT","NVT","OW","Oppervlaktewater","ug/l","microgram per liter","CONCTTE","(massa)Concentratie","NVT","NVT","NVT","NVT","245TClAn","2,4,5-trichlooraniline","(massa)Concentratie 2,4,5-trichlooraniline in Oppervlaktewater in ug/l","meting","NVT","NVT",TRUE,FALSE,FALSE
592,"NVT","NVT","OW","Oppervlaktewater","ug/l","microgram per liter","CONCTTE","(massa)Concentratie","NVT","NVT","NVT","NVT","245TClFol","2,4,5-trichloorfenol","(massa)Concentratie 2,4,5-trichloorfenol in Oppervlaktewater in ug/l","meting","NVT","NVT",TRUE,FALSE,FALSE
593,"NVT","NVT","OW","Oppervlaktewater","ug/l","microgram per liter","CONCTTE","(massa)Concentratie","NVT","NVT","NVT","NVT","245TP","2,4,5-trichloorfenoxypropionzuur","(massa)Concentratie 2,4,5-trichloorfenoxypropionzuur in Oppervlaktewater in ug/l","meting","NVT","NVT",TRUE,FALSE,FALSE
594,"NVT","NVT","OW","Oppervlaktewater","ug/l","microgram per liter","CONCTTE","(massa)Concentratie","NVT","NVT","NVT","NVT","246TC1yprdne","2,4,6-trimethylpyridine","Gemiddelde (massa)Concentratie 2,4,6-trimethylpyridine in Oppervlaktewater in ug/l","meting","NVT","GEM",FALSE,FALSE,FALSE
595,"NVT","NVT","OW","Oppervlaktewater","ug/l","microgram per liter","CONCTTE","(massa)Concentratie","NVT","NVT","NVT","NVT","246TC1yprdne","2,4,6-trimethylpyridine","(massa)Concentratie 2,4,6-trimethylpyridine in Oppervlaktewater in ug/l","meting","NVT","NVT",TRUE,FALSE,FALSE
596,"NVT","NVT","OW","Oppervlaktewater","ug/l","microgram per liter","CONCTTE","(massa)Concentratie","NVT","NVT","NVT","NVT","246TClFol","2,4,6-trichloorfenol","(massa)Concentratie 2,4,6-trichloorfenol in Oppervlaktewater in ug/l","meting","NVT","NVT",TRUE,FALSE,FALSE
597,"NVT","NVT","OW","Oppervlaktewater","ug/l","microgram per liter","CONCTTE","(massa)Concentratie","NVT","NVT","NVT","NVT","2479T4C1y5dc","2,4,7,9-tetramethyl-5-decyn-4,7-diol","Gemiddelde (massa)Concentratie 2,4,7,9-tetramethyl-5-decyn-4,7-diol in Oppervlaktewater in ug/l","meting","NVT","GEM",FALSE,FALSE,FALSE
598,"NVT","NVT","OW","Oppervlaktewater","ug/l","microgram per liter","CONCTTE","(massa)Concentratie","NVT","NVT","NVT","NVT","2479T4C1y5dc","2,4,7,9-tetramethyl-5-decyn-4,7-diol","(massa)Concentratie 2,4,7,9-tetramethyl-5-decyn-4,7-diol in Oppervlaktewater in ug/l","meting","NVT","NVT",TRUE,FALSE,FALSE
599,"NVT","NVT","OW","Oppervlaktewater","ug/l","microgram per liter","CONCTTE","(massa)Concentratie","NVT","NVT","NVT","NVT","24810T4Oasr5","2,4,8,10 tetraoxaspiro(5.5)undecaan","Gemiddelde (massa)Concentratie 2,4,8,10 tetraoxaspiro(5.5)undecaan in Oppervlaktewater in ug/l","meting","NVT","GEM",FALSE,FALSE,FALSE
600,"NVT","NVT","OW","Oppervlaktewater","ug/l","microgram per liter","CONCTTE","(massa)Concentratie","NVT","NVT","NVT","NVT","24D","2,4-dichloorfenoxyazijnzuur","(massa)Concentratie 2,4-dichloorfenoxyazijnzuur in Oppervlaktewater in ug/l","meting","NVT","NVT",TRUE,FALSE,FALSE
601,"NVT","NVT","OW","Oppervlaktewater","ug/l","microgram per liter","CONCTTE","(massa)Concentratie","NVT","NVT","NVT","NVT","24DB","2,4-dichloorfenoxyboterzuur","(massa)Concentratie 2,4-dichloorfenoxyboterzuur in Oppervlaktewater in ug/l","meting","NVT","NVT",TRUE,FALSE,FALSE
602,"NVT","NVT","OW","Oppervlaktewater","ug/l","microgram per liter","CONCTTE","(massa)Concentratie","NVT","NVT","NVT","NVT","24DC1yBenAh","2,4-dimethylbenzaldehyde","(massa)Concentratie 2,4-dimethylbenzaldehyde in Oppervlaktewater in ug/l","meting","NVT","NVT",TRUE,FALSE,FALSE
603,"NVT","NVT","OW","Oppervlaktewater","ug/l","microgram per liter","CONCTTE","(massa)Concentratie","NVT","NVT","NVT","NVT","24DC1yprdne","2,4-dimethylpyridine","Gemiddelde (massa)Concentratie 2,4-dimethylpyridine in Oppervlaktewater in ug/l","meting","NVT","GEM",FALSE,FALSE,FALSE
604,"NVT","NVT","OW","Oppervlaktewater","ug/l","microgram per liter","CONCTTE","(massa)Concentratie","NVT","NVT","NVT","NVT","24DC1yprdne","2,4-dimethylpyridine","(massa)Concentratie 2,4-dimethylpyridine in Oppervlaktewater in ug/l","meting","NVT","NVT",FALSE,FALSE,FALSE
605,"NVT","NVT","OW","Oppervlaktewater","ug/l","microgram per liter","CONCTTE","(massa)Concentratie","NVT","NVT","NVT","NVT","24DClAn","2,4-dichlooraniline","(massa)Concentratie 2,4-dichlooraniline in Oppervlaktewater in ug/l","meting","NVT","NVT",TRUE,FALSE,FALSE
606,"NVT","NVT","OW","Oppervlaktewater","ug/l","microgram per liter","CONCTTE","(massa)Concentratie","NVT","NVT","NVT","NVT","24DClFol","2,4-dichloorfenol","(massa)Concentratie 2,4-dichloorfenol in Oppervlaktewater in ug/l","meting","NVT","NVT",TRUE,FALSE,FALSE
607,"NVT","NVT","OW","Oppervlaktewater","ug/l","microgram per liter","CONCTTE","(massa)Concentratie","NVT","NVT","NVT","NVT","24DClNO2Ben","2,4-dichloornitrobenzeen","(massa)Concentratie 2,4-dichloornitrobenzeen in Oppervlaktewater in ug/l","meting","NVT","NVT",TRUE,FALSE,FALSE
608,"NVT","NVT","OW","Oppervlaktewater","ug/l","microgram per liter","CONCTTE","(massa)Concentratie","NVT","NVT","NVT","NVT","24DDD","2,4'-dichloordifenyldichloorethaan","(massa)Concentratie 2,4'-dichloordifenyldichloorethaan in Oppervlaktewater in ug/l","meting","NVT","NVT",TRUE,FALSE,FALSE
609,"NVT","NVT","OW","Oppervlaktewater","ug/l","microgram per liter","CONCTTE","(massa)Concentratie","NVT","NVT","NVT","NVT","24DDE","2,4'-dichloordifenyldichlooretheen","(massa)Concentratie 2,4'-dichloordifenyldichlooretheen in Oppervlaktewater in ug/l","meting","NVT","NVT",TRUE,FALSE,FALSE
610,"NVT","NVT","OW","Oppervlaktewater","ug/l","microgram per liter","CONCTTE","(massa)Concentratie","NVT","NVT","NVT","NVT","24DDT","2,4'-dichloordifenyltrichloorethaan","(massa)Concentratie 2,4'-dichloordifenyltrichloorethaan in Oppervlaktewater in ug/l","meting","NVT","NVT",TRUE,FALSE,FALSE
611,"NVT","NVT","OW","Oppervlaktewater","ug/l","microgram per liter","CONCTTE","(massa)Concentratie","NVT","NVT","NVT","NVT","24DNO2Fol","2,4-dinitrofenol","(massa)Concentratie 2,4-dinitrofenol in Oppervlaktewater in ug/l","meting","NVT","NVT",TRUE,FALSE,FALSE
612,"NVT","NVT","OW","Oppervlaktewater","ug/l","microgram per liter","CONCTTE","(massa)Concentratie","NVT","NVT","NVT","NVT","24DP","2,4-dichloorfenoxypropionzuur","(massa)Concentratie 2,4-dichloorfenoxypropionzuur in Oppervlaktewater in ug/l","meting","NVT","NVT",TRUE,FALSE,FALSE
613,"NVT","NVT","OW","Oppervlaktewater","ug/l","microgram per liter","CONCTTE","(massa)Concentratie","NVT","NVT","NVT","NVT","24xyldne","2,4-xylidine","(massa)Concentratie 2,4-xylidine in Oppervlaktewater in ug/l","meting","NVT","NVT",FALSE,FALSE,FALSE
614,"NVT","NVT","OW","Oppervlaktewater","ug/l","microgram per liter","CONCTTE","(massa)Concentratie","NVT","NVT","NVT","NVT","25811T4OaC12","2,5,8,11-tetraoxadodecaan","Gemiddelde (massa)Concentratie 2,5,8,11-tetraoxadodecaan in Oppervlaktewater in ug/l","meting","NVT","GEM",FALSE,FALSE,FALSE
615,"NVT","NVT","OW","Oppervlaktewater","ug/l","microgram per liter","CONCTTE","(massa)Concentratie","NVT","NVT","NVT","NVT","25811T4OaC12","2,5,8,11-tetraoxadodecaan","(massa)Concentratie 2,5,8,11-tetraoxadodecaan in Oppervlaktewater in ug/l","meting","NVT","NVT",FALSE,FALSE,FALSE
616,"NVT","NVT","OW","Oppervlaktewater","ug/l","microgram per liter","CONCTTE","(massa)Concentratie","NVT","NVT","NVT","NVT","25DC2oxAn","2,5-diethoxyaniline","(massa)Concentratie 2,5-diethoxyaniline in Oppervlaktewater in ug/l","meting","NVT","NVT",FALSE,FALSE,FALSE
617,"NVT","NVT","OW","Oppervlaktewater","ug/l","microgram per liter","CONCTTE","(massa)Concentratie","NVT","NVT","NVT","NVT","25DClAn","2,5-dichlooraniline","(massa)Concentratie 2,5-dichlooraniline in Oppervlaktewater in ug/l","meting","NVT","NVT",TRUE,FALSE,FALSE
618,"NVT","NVT","OW","Oppervlaktewater","ug/l","microgram per liter","CONCTTE","(massa)Concentratie","NVT","NVT","NVT","NVT","25DClNO2Ben","2,5-dichloornitrobenzeen","(massa)Concentratie 2,5-dichloornitrobenzeen in Oppervlaktewater in ug/l","meting","NVT","NVT",TRUE,FALSE,FALSE
619,"NVT","NVT","OW","Oppervlaktewater","ug/l","microgram per liter","CONCTTE","(massa)Concentratie","NVT","NVT","NVT","NVT","26DC1y4C7ol","2,6-dimethyl-4-heptanol","Gemiddelde (massa)Concentratie 2,6-dimethyl-4-heptanol in Oppervlaktewater in ug/l","meting","NVT","GEM",FALSE,FALSE,FALSE
620,"NVT","NVT","OW","Oppervlaktewater","ug/l","microgram per liter","CONCTTE","(massa)Concentratie","NVT","NVT","NVT","NVT","26DC1yFol","2,6-dimethylfenol","(massa)Concentratie 2,6-dimethylfenol in Oppervlaktewater in ug/l","meting","NVT","NVT",FALSE,FALSE,FALSE
621,"NVT","NVT","OW","Oppervlaktewater","ug/l","microgram per liter","CONCTTE","(massa)Concentratie","NVT","NVT","NVT","NVT","26DC1yprdne","2,6-dimethylpyridine","Gemiddelde (massa)Concentratie 2,6-dimethylpyridine in Oppervlaktewater in ug/l","meting","NVT","GEM",FALSE,FALSE,FALSE
622,"NVT","NVT","OW","Oppervlaktewater","ug/l","microgram per liter","CONCTTE","(massa)Concentratie","NVT","NVT","NVT","NVT","26DC1yprdne","2,6-dimethylpyridine","(massa)Concentratie 2,6-dimethylpyridine in Oppervlaktewater in ug/l","meting","NVT","NVT",TRUE,FALSE,FALSE
623,"NVT","NVT","OW","Oppervlaktewater","ug/l","microgram per liter","CONCTTE","(massa)Concentratie","NVT","NVT","NVT","NVT","26DC1yqnlne","2,6-dimethylquinoline","Gemiddelde (massa)Concentratie 2,6-dimethylquinoline in Oppervlaktewater in ug/l","meting","NVT","GEM",FALSE,FALSE,FALSE
624,"NVT","NVT","OW","Oppervlaktewater","ug/l","microgram per liter","CONCTTE","(massa)Concentratie","NVT","NVT","NVT","NVT","26DC1yqnlne","2,6-dimethylquinoline","(massa)Concentratie 2,6-dimethylquinoline in Oppervlaktewater in ug/l","meting","NVT","NVT",FALSE,FALSE,FALSE
625,"NVT","NVT","OW","Oppervlaktewater","ug/l","microgram per liter","CONCTTE","(massa)Concentratie","NVT","NVT","NVT","NVT","26DClAn","2,6-dichlooraniline","(massa)Concentratie 2,6-dichlooraniline in Oppervlaktewater in ug/l","meting","NVT","NVT",TRUE,FALSE,FALSE
626,"NVT","NVT","OW","Oppervlaktewater","ug/l","microgram per liter","CONCTTE","(massa)Concentratie","NVT","NVT","NVT","NVT","26DClBenAd","2,6-dichloorbenzamide","(massa)Concentratie 2,6-dichloorbenzamide in Oppervlaktewater in ug/l","meting","NVT","NVT",TRUE,FALSE,FALSE
627,"NVT","NVT","OW","Oppervlaktewater","ug/l","microgram per liter","CONCTTE","(massa)Concentratie","NVT","NVT","NVT","NVT","26DClbenzzr","2,6-dichloorbenzoezuur","(massa)Concentratie 2,6-dichloorbenzoezuur in Oppervlaktewater in ug/l","meting","NVT","NVT",TRUE,FALSE,FALSE
628,"NVT","NVT","OW","Oppervlaktewater","ug/l","microgram per liter","CONCTTE","(massa)Concentratie","NVT","NVT","NVT","NVT","26DClFol","2,6-dichloorfenol","(massa)Concentratie 2,6-dichloorfenol in Oppervlaktewater in ug/l","meting","NVT","NVT",TRUE,FALSE,FALSE
629,"NVT","NVT","OW","Oppervlaktewater","ug/l","microgram per liter","CONCTTE","(massa)Concentratie","NVT","NVT","NVT","NVT","26xyldne","2,6-xylidine","(massa)Concentratie 2,6-xylidine in Oppervlaktewater in ug/l","meting","NVT","NVT",FALSE,FALSE,FALSE
630,"NVT","NVT","OW","Oppervlaktewater","ug/l","microgram per liter","CONCTTE","(massa)Concentratie","NVT","NVT","NVT","NVT","2Ao4ClFol","2-amino-4-chloorfenol","(massa)Concentratie 2-amino-4-chloorfenol in Oppervlaktewater in ug/l","meting","NVT","NVT",TRUE,FALSE,FALSE
631,"NVT","NVT","OW","Oppervlaktewater","ug/l","microgram per liter","CONCTTE","(massa)Concentratie","NVT","NVT","NVT","NVT","2C1ox2C1yC4a","2-methoxy-2-methylbutaan","Gemiddelde (massa)Concentratie 2-methoxy-2-methylbutaan in Oppervlaktewater in ug/l","meting","NVT","GEM",FALSE,FALSE,FALSE
632,"NVT","NVT","OW","Oppervlaktewater","ug/l","microgram per liter","CONCTTE","(massa)Concentratie","NVT","NVT","NVT","NVT","2C1ox2C1yC4a","2-methoxy-2-methylbutaan","(massa)Concentratie 2-methoxy-2-methylbutaan in Oppervlaktewater in ug/l","meting","NVT","NVT",FALSE,FALSE,FALSE
633,"NVT","NVT","OW","Oppervlaktewater","ug/l","microgram per liter","CONCTTE","(massa)Concentratie","NVT","NVT","NVT","NVT","2C1oxAn","2-methoxyaniline","(massa)Concentratie 2-methoxyaniline in Oppervlaktewater in ug/l","meting","NVT","NVT",FALSE,FALSE,FALSE
634,"NVT","NVT","OW","Oppervlaktewater","ug/l","microgram per liter","CONCTTE","(massa)Concentratie","NVT","NVT","NVT","NVT","2C1yAn","2-methylaniline","(massa)Concentratie 2-methylaniline in Oppervlaktewater in ug/l","meting","NVT","NVT",FALSE,FALSE,FALSE
635,"NVT","NVT","OW","Oppervlaktewater","ug/l","microgram per liter","CONCTTE","(massa)Concentratie","NVT","NVT","NVT","NVT","2C1yNaf","2-methylnaftaleen","Gemiddelde (massa)Concentratie 2-methylnaftaleen in Oppervlaktewater in ug/l","meting","NVT","GEM",FALSE,FALSE,FALSE
636,"NVT","NVT","OW","Oppervlaktewater","ug/l","microgram per liter","CONCTTE","(massa)Concentratie","NVT","NVT","NVT","NVT","2C1yNaf","2-methylnaftaleen","(massa)Concentratie 2-methylnaftaleen in Oppervlaktewater in ug/l","meting","NVT","NVT",TRUE,FALSE,FALSE
637,"NVT","NVT","OW","Oppervlaktewater","ug/l","microgram per liter","CONCTTE","(massa)Concentratie","NVT","NVT","NVT","NVT","2C1yprdne","2-methylpyridine","Gemiddelde (massa)Concentratie 2-methylpyridine in Oppervlaktewater in ug/l","meting","NVT","GEM",FALSE,FALSE,FALSE
638,"NVT","NVT","OW","Oppervlaktewater","ug/l","microgram per liter","CONCTTE","(massa)Concentratie","NVT","NVT","NVT","NVT","2C1yprdne","2-methylpyridine","(massa)Concentratie 2-methylpyridine in Oppervlaktewater in ug/l","meting","NVT","NVT",FALSE,FALSE,FALSE
639,"NVT","NVT","OW","Oppervlaktewater","ug/l","microgram per liter","CONCTTE","(massa)Concentratie","NVT","NVT","NVT","NVT","2C1yqnlne","2-methylquinoline","Gemiddelde (massa)Concentratie 2-methylquinoline in Oppervlaktewater in ug/l","meting","NVT","GEM",FALSE,FALSE,FALSE
640,"NVT","NVT","OW","Oppervlaktewater","ug/l","microgram per liter","CONCTTE","(massa)Concentratie","NVT","NVT","NVT","NVT","2C1yqnlne","2-methylquinoline","(massa)Concentratie 2-methylquinoline in Oppervlaktewater in ug/l","meting","NVT","NVT",TRUE,FALSE,FALSE
641,"NVT","NVT","OW","Oppervlaktewater","ug/l","microgram per liter","CONCTTE","(massa)Concentratie","NVT","NVT","NVT","NVT","2C1ytobztazl","2-methylthiobenzothiazool","Gemiddelde (massa)Concentratie 2-methylthiobenzothiazool in Oppervlaktewater in ug/l","meting","NVT","GEM",FALSE,FALSE,FALSE
642,"NVT","NVT","OW","Oppervlaktewater","ug/l","microgram per liter","CONCTTE","(massa)Concentratie","NVT","NVT","NVT","NVT","2C1ytobztazl","2-methylthiobenzothiazool","(massa)Concentratie 2-methylthiobenzothiazool in Oppervlaktewater in ug/l","meting","NVT","NVT",FALSE,FALSE,FALSE
643,"NVT","NVT","OW","Oppervlaktewater","ug/l","microgram per liter","CONCTTE","(massa)Concentratie","NVT","NVT","NVT","NVT","2C2ox2C1yC3a","2-ethoxy-2-methylpropaan","Gemiddelde (massa)Concentratie 2-ethoxy-2-methylpropaan in Oppervlaktewater in ug/l","meting","NVT","GEM",FALSE,FALSE,FALSE
644,"NVT","NVT","OW","Oppervlaktewater","ug/l","microgram per liter","CONCTTE","(massa)Concentratie","NVT","NVT","NVT","NVT","2C2ox2C1yC3a","2-ethoxy-2-methylpropaan","(massa)Concentratie 2-ethoxy-2-methylpropaan in Oppervlaktewater in ug/l","meting","NVT","NVT",TRUE,FALSE,FALSE
645,"NVT","NVT","OW","Oppervlaktewater","ug/l","microgram per liter","CONCTTE","(massa)Concentratie","NVT","NVT","NVT","NVT","2C2ox2C1yC4a","2-ethoxy-2-methylbutaan","Gemiddelde (massa)Concentratie 2-ethoxy-2-methylbutaan in Oppervlaktewater in ug/l","meting","NVT","GEM",FALSE,FALSE,FALSE
646,"NVT","NVT","OW","Oppervlaktewater","ug/l","microgram per liter","CONCTTE","(massa)Concentratie","NVT","NVT","NVT","NVT","2C2oxC4a","2-ethoxybutaan","Gemiddelde (massa)Concentratie 2-ethoxybutaan in Oppervlaktewater in ug/l","meting","NVT","GEM",FALSE,FALSE,FALSE
647,"NVT","NVT","OW","Oppervlaktewater","ug/l","microgram per liter","CONCTTE","(massa)Concentratie","NVT","NVT","NVT","NVT","2C2yTol","2-ethyltolueen","(massa)Concentratie 2-ethyltolueen in Oppervlaktewater in ug/l","meting","NVT","NVT",TRUE,FALSE,FALSE
648,"NVT","NVT","OW","Oppervlaktewater","ug/l","microgram per liter","CONCTTE","(massa)Concentratie","NVT","NVT","NVT","NVT","2C3yeBen","2-propenylbenzeen","(massa)Concentratie 2-propenylbenzeen in Oppervlaktewater in ug/l","meting","NVT","NVT",FALSE,FALSE,FALSE
649,"NVT","NVT","OW","Oppervlaktewater","ug/l","microgram per liter","CONCTTE","(massa)Concentratie","NVT","NVT","NVT","NVT","2C4ol","2-butanol","(massa)Concentratie 2-butanol in Oppervlaktewater in ug/l","meting","NVT","NVT",TRUE,FALSE,FALSE
650,"NVT","NVT","OW","Oppervlaktewater","ug/l","microgram per liter","CONCTTE","(massa)Concentratie","NVT","NVT","NVT","NVT","2C4on","2-butanon (MEK)","(massa)Concentratie 2-butanon (MEK) in Oppervlaktewater in ug/l","meting","NVT","NVT",TRUE,FALSE,FALSE
651,"NVT","NVT","OW","Oppervlaktewater","ug/l","microgram per liter","CONCTTE","(massa)Concentratie","NVT","NVT","NVT","NVT","2Cl4C1yAn","2-chloor-4-methylaniline","(massa)Concentratie 2-chloor-4-methylaniline in Oppervlaktewater in ug/l","meting","NVT","NVT",TRUE,FALSE,FALSE
652,"NVT","NVT","OW","Oppervlaktewater","ug/l","microgram per liter","CONCTTE","(massa)Concentratie","NVT","NVT","NVT","NVT","2Cl4NO2Tol","2-chloor-4-nitrotolueen","(massa)Concentratie 2-chloor-4-nitrotolueen in Oppervlaktewater in ug/l","meting","NVT","NVT",TRUE,FALSE,FALSE
653,"NVT","NVT","OW","Oppervlaktewater","ug/l","microgram per liter","CONCTTE","(massa)Concentratie","NVT","NVT","NVT","NVT","2Cl6NO2Tol","2-chloor-6-nitrotolueen","(massa)Concentratie 2-chloor-6-nitrotolueen in Oppervlaktewater in ug/l","meting","NVT","NVT",TRUE,FALSE,FALSE
654,"NVT","NVT","OW","Oppervlaktewater","ug/l","microgram per liter","CONCTTE","(massa)Concentratie","NVT","NVT","NVT","NVT","2ClAn","2-chlooraniline","(massa)Concentratie 2-chlooraniline in Oppervlaktewater in ug/l","meting","NVT","NVT",TRUE,FALSE,FALSE
655,"NVT","NVT","OW","Oppervlaktewater","ug/l","microgram per liter","CONCTTE","(massa)Concentratie","NVT","NVT","NVT","NVT","2ClC2ol","2-chloorethanol","(massa)Concentratie 2-chloorethanol in Oppervlaktewater in ug/l","meting","NVT","NVT",TRUE,FALSE,FALSE
656,"NVT","NVT","OW","Oppervlaktewater","ug/l","microgram per liter","CONCTTE","(massa)Concentratie","NVT","NVT","NVT","NVT","2ClEyEtr","2-chloorethylether","Gemiddelde (massa)Concentratie 2-chloorethylether in Oppervlaktewater in ug/l","meting","NVT","GEM",FALSE,FALSE,FALSE
657,"NVT","NVT","OW","Oppervlaktewater","ug/l","microgram per liter","CONCTTE","(massa)Concentratie","NVT","NVT","NVT","NVT","2ClEyEtr","2-chloorethylether","(massa)Concentratie 2-chloorethylether in Oppervlaktewater in ug/l","meting","NVT","NVT",FALSE,FALSE,FALSE
658,"NVT","NVT","OW","Oppervlaktewater","ug/l","microgram per liter","CONCTTE","(massa)Concentratie","NVT","NVT","NVT","NVT","2ClFol","2-chloorfenol","(massa)Concentratie 2-chloorfenol in Oppervlaktewater in ug/l","meting","NVT","NVT",TRUE,FALSE,FALSE
659,"NVT","NVT","OW","Oppervlaktewater","ug/l","microgram per liter","CONCTTE","(massa)Concentratie","NVT","NVT","NVT","NVT","2ClTol","2-chloortolueen","Gemiddelde (massa)Concentratie 2-chloortolueen in Oppervlaktewater in ug/l","meting","NVT","GEM",FALSE,FALSE,FALSE
660,"NVT","NVT","OW","Oppervlaktewater","ug/l","microgram per liter","CONCTTE","(massa)Concentratie","NVT","NVT","NVT","NVT","2ClTol","2-chloortolueen","(massa)Concentratie 2-chloortolueen in Oppervlaktewater in ug/l","meting","NVT","NVT",TRUE,FALSE,FALSE
661,"NVT","NVT","OW","Oppervlaktewater","ug/l","microgram per liter","CONCTTE","(massa)Concentratie","NVT","NVT","NVT","NVT","2Fy1Hbzmdz5s","2-fenyl-1H-benzimidazol-5-sulfonzuur","Gemiddelde (massa)Concentratie 2-fenyl-1H-benzimidazol-5-sulfonzuur in Oppervlaktewater in ug/l","meting","NVT","GEM",FALSE,FALSE,FALSE
662,"NVT","NVT","OW","Oppervlaktewater","ug/l","microgram per liter","CONCTTE","(massa)Concentratie","NVT","NVT","NVT","NVT","2HOxatzne","2-hydroxyatrazine","(massa)Concentratie 2-hydroxyatrazine in Oppervlaktewater in ug/l","meting","NVT","NVT",TRUE,FALSE,FALSE
663,"NVT","NVT","OW","Oppervlaktewater","ug/l","microgram per liter","CONCTTE","(massa)Concentratie","NVT","NVT","NVT","NVT","2HOxibpfn","2-hydroxyibuprofen","(massa)Concentratie 2-hydroxyibuprofen in Oppervlaktewater in ug/l","meting","NVT","NVT",TRUE,FALSE,FALSE
664,"NVT","NVT","OW","Oppervlaktewater","ug/l","microgram per liter","CONCTTE","(massa)Concentratie","NVT","NVT","NVT","NVT","2NO2Tol","2-nitrotolueen","Gemiddelde (massa)Concentratie 2-nitrotolueen in Oppervlaktewater in ug/l","meting","NVT","GEM",FALSE,FALSE,FALSE
665,"NVT","NVT","OW","Oppervlaktewater","ug/l","microgram per liter","CONCTTE","(massa)Concentratie","NVT","NVT","NVT","NVT","2PFC6yC2a1sf","6:2 fluortelomeersulfonzuur","(massa)Concentratie 6:2 fluortelomeersulfonzuur in Oppervlaktewater in ug/l","meting","NVT","NVT",TRUE,FALSE,FALSE
666,"NVT","NVT","OW","Oppervlaktewater","ug/l","microgram per liter","CONCTTE","(massa)Concentratie","NVT","NVT","NVT","NVT","2TFC1yAn","2-trifluormethylaniline","(massa)Concentratie 2-trifluormethylaniline in Oppervlaktewater in ug/l","meting","NVT","NVT",FALSE,FALSE,FALSE
667,"NVT","NVT","OW","Oppervlaktewater","ug/l","microgram per liter","CONCTTE","(massa)Concentratie","NVT","NVT","NVT","NVT","2TFC1yBenAd","2-trifluoromethylbenzamide","Gemiddelde (massa)Concentratie 2-trifluoromethylbenzamide in Oppervlaktewater in ug/l","meting","NVT","GEM",FALSE,FALSE,FALSE
668,"NVT","NVT","OW","Oppervlaktewater","ug/l","microgram per liter","CONCTTE","(massa)Concentratie","NVT","NVT","NVT","NVT","33DClbzdne","3,3'-dichloorbenzidine","Gemiddelde (massa)Concentratie 3,3'-dichloorbenzidine in Oppervlaktewater in ug/l","meting","NVT","GEM",FALSE,FALSE,FALSE
669,"NVT","NVT","OW","Oppervlaktewater","ug/l","microgram per liter","CONCTTE","(massa)Concentratie","NVT","NVT","NVT","NVT","33DClbzdne","3,3'-dichloorbenzidine","(massa)Concentratie 3,3'-dichloorbenzidine in Oppervlaktewater in ug/l","meting","NVT","NVT",TRUE,FALSE,FALSE
670,"NVT","NVT","OW","Oppervlaktewater","ug/l","microgram per liter","CONCTTE","(massa)Concentratie","NVT","NVT","NVT","NVT","345TClFol","3,4,5-trichloorfenol","(massa)Concentratie 3,4,5-trichloorfenol in Oppervlaktewater in ug/l","meting","NVT","NVT",TRUE,FALSE,FALSE
671,"NVT","NVT","OW","Oppervlaktewater","ug/l","microgram per liter","CONCTTE","(massa)Concentratie","NVT","NVT","NVT","NVT","34DC1yprdne","3,4-dimethylpyridine","Gemiddelde (massa)Concentratie 3,4-dimethylpyridine in Oppervlaktewater in ug/l","meting","NVT","GEM",FALSE,FALSE,FALSE
672,"NVT","NVT","OW","Oppervlaktewater","ug/l","microgram per liter","CONCTTE","(massa)Concentratie","NVT","NVT","NVT","NVT","34DC1yprdne","3,4-dimethylpyridine","(massa)Concentratie 3,4-dimethylpyridine in Oppervlaktewater in ug/l","meting","NVT","NVT",FALSE,FALSE,FALSE
673,"NVT","NVT","OW","Oppervlaktewater","ug/l","microgram per liter","CONCTTE","(massa)Concentratie","NVT","NVT","NVT","NVT","34DClAn","3,4-dichlooraniline","Gemiddelde (massa)Concentratie 3,4-dichlooraniline in Oppervlaktewater in ug/l","meting","NVT","GEM",FALSE,FALSE,FALSE
674,"NVT","NVT","OW","Oppervlaktewater","ug/l","microgram per liter","CONCTTE","(massa)Concentratie","NVT","NVT","NVT","NVT","34DClAn","3,4-dichlooraniline","(massa)Concentratie 3,4-dichlooraniline in Oppervlaktewater in ug/l","meting","NVT","NVT",TRUE,FALSE,FALSE
675,"NVT","NVT","OW","Oppervlaktewater","ug/l","microgram per liter","CONCTTE","(massa)Concentratie","NVT","NVT","NVT","NVT","34DClFol","3,4-dichloorfenol","(massa)Concentratie 3,4-dichloorfenol in Oppervlaktewater in ug/l","meting","NVT","NVT",TRUE,FALSE,FALSE
676,"NVT","NVT","OW","Oppervlaktewater","ug/l","microgram per liter","CONCTTE","(massa)Concentratie","NVT","NVT","NVT","NVT","34DClNO2Ben","3,4-dichloornitrobenzeen","(massa)Concentratie 3,4-dichloornitrobenzeen in Oppervlaktewater in ug/l","meting","NVT","NVT",TRUE,FALSE,FALSE
677,"NVT","NVT","OW","Oppervlaktewater","ug/l","microgram per liter","CONCTTE","(massa)Concentratie","NVT","NVT","NVT","NVT","35DC1yprdne","3,5-dimethylpyridine","Gemiddelde (massa)Concentratie 3,5-dimethylpyridine in Oppervlaktewater in ug/l","meting","NVT","GEM",FALSE,FALSE,FALSE
678,"NVT","NVT","OW","Oppervlaktewater","ug/l","microgram per liter","CONCTTE","(massa)Concentratie","NVT","NVT","NVT","NVT","35DC1yprdne","3,5-dimethylpyridine","(massa)Concentratie 3,5-dimethylpyridine in Oppervlaktewater in ug/l","meting","NVT","NVT",FALSE,FALSE,FALSE
679,"NVT","NVT","OW","Oppervlaktewater","ug/l","microgram per liter","CONCTTE","(massa)Concentratie","NVT","NVT","NVT","NVT","35DClAn","3,5-dichlooraniline","(massa)Concentratie 3,5-dichlooraniline in Oppervlaktewater in ug/l","meting","NVT","NVT",TRUE,FALSE,FALSE
680,"NVT","NVT","OW","Oppervlaktewater","ug/l","microgram per liter","CONCTTE","(massa)Concentratie","NVT","NVT","NVT","NVT","35DClFol","3,5-dichloorfenol","(massa)Concentratie 3,5-dichloorfenol in Oppervlaktewater in ug/l","meting","NVT","NVT",TRUE,FALSE,FALSE
681,"NVT","NVT","OW","Oppervlaktewater","ug/l","microgram per liter","CONCTTE","(massa)Concentratie","NVT","NVT","NVT","NVT","3C1yPppozr","3-(hydroxymethylfosfinoyl)propionzuur","(massa)Concentratie 3-(hydroxymethylfosfinoyl)propionzuur in Oppervlaktewater in ug/l","meting","NVT","NVT",TRUE,FALSE,FALSE
682,"NVT","NVT","OW","Oppervlaktewater","ug/l","microgram per liter","CONCTTE","(massa)Concentratie","NVT","NVT","NVT","NVT","3C1yprdne","3-methylpyridine","Gemiddelde (massa)Concentratie 3-methylpyridine in Oppervlaktewater in ug/l","meting","NVT","GEM",FALSE,FALSE,FALSE
683,"NVT","NVT","OW","Oppervlaktewater","ug/l","microgram per liter","CONCTTE","(massa)Concentratie","NVT","NVT","NVT","NVT","3C1yprdne","3-methylpyridine","(massa)Concentratie 3-methylpyridine in Oppervlaktewater in ug/l","meting","NVT","NVT",FALSE,FALSE,FALSE
684,"NVT","NVT","OW","Oppervlaktewater","ug/l","microgram per liter","CONCTTE","(massa)Concentratie","NVT","NVT","NVT","NVT","3C2yTol","3-ethyltolueen","(massa)Concentratie 3-ethyltolueen in Oppervlaktewater in ug/l","meting","NVT","NVT",TRUE,FALSE,FALSE
685,"NVT","NVT","OW","Oppervlaktewater","ug/l","microgram per liter","CONCTTE","(massa)Concentratie","NVT","NVT","NVT","NVT","3Cl2C1yAn","3-chloor-2-methylaniline","(massa)Concentratie 3-chloor-2-methylaniline in Oppervlaktewater in ug/l","meting","NVT","NVT",TRUE,FALSE,FALSE
686,"NVT","NVT","OW","Oppervlaktewater","ug/l","microgram per liter","CONCTTE","(massa)Concentratie","NVT","NVT","NVT","NVT","3Cl4C1yAn","3-chloor-4-methylaniline","(massa)Concentratie 3-chloor-4-methylaniline in Oppervlaktewater in ug/l","meting","NVT","NVT",TRUE,FALSE,FALSE
687,"NVT","NVT","OW","Oppervlaktewater","ug/l","microgram per liter","CONCTTE","(massa)Concentratie","NVT","NVT","NVT","NVT","3Cl4NO2Tol","3-chloor-4-nitrotolueen","(massa)Concentratie 3-chloor-4-nitrotolueen in Oppervlaktewater in ug/l","meting","NVT","NVT",TRUE,FALSE,FALSE
688,"NVT","NVT","OW","Oppervlaktewater","ug/l","microgram per liter","CONCTTE","(massa)Concentratie","NVT","NVT","NVT","NVT","3ClAn","3-chlooraniline","(massa)Concentratie 3-chlooraniline in Oppervlaktewater in ug/l","meting","NVT","NVT",TRUE,FALSE,FALSE
689,"NVT","NVT","OW","Oppervlaktewater","ug/l","microgram per liter","CONCTTE","(massa)Concentratie","NVT","NVT","NVT","NVT","3ClC3e","3-chloorpropeen","(massa)Concentratie 3-chloorpropeen in Oppervlaktewater in ug/l","meting","NVT","NVT",TRUE,FALSE,FALSE
690,"NVT","NVT","OW","Oppervlaktewater","ug/l","microgram per liter","CONCTTE","(massa)Concentratie","NVT","NVT","NVT","NVT","3ClFol","3-chloorfenol","(massa)Concentratie 3-chloorfenol in Oppervlaktewater in ug/l","meting","NVT","NVT",TRUE,FALSE,FALSE
691,"NVT","NVT","OW","Oppervlaktewater","ug/l","microgram per liter","CONCTTE","(massa)Concentratie","NVT","NVT","NVT","NVT","3ClTol","3-chloortolueen","(massa)Concentratie 3-chloortolueen in Oppervlaktewater in ug/l","meting","NVT","NVT",TRUE,FALSE,FALSE
692,"NVT","NVT","OW","Oppervlaktewater","ug/l","microgram per liter","CONCTTE","(massa)Concentratie","NVT","NVT","NVT","NVT","3NO2An","3-nitroaniline","(massa)Concentratie 3-nitroaniline in Oppervlaktewater in ug/l","meting","NVT","NVT",FALSE,FALSE,FALSE
693,"NVT","NVT","OW","Oppervlaktewater","ug/l","microgram per liter","CONCTTE","(massa)Concentratie","NVT","NVT","NVT","NVT","3NO2Tol","3-nitrotolueen","(massa)Concentratie 3-nitrotolueen in Oppervlaktewater in ug/l","meting","NVT","NVT",FALSE,FALSE,FALSE
694,"NVT","NVT","OW","Oppervlaktewater","ug/l","microgram per liter","CONCTTE","(massa)Concentratie","NVT","NVT","NVT","NVT","44bisFolF","4,4'-methyleendifenol","(massa)Concentratie 4,4'-methyleendifenol in Oppervlaktewater in ug/l","meting","NVT","NVT",TRUE,FALSE,FALSE
695,"NVT","NVT","OW","Oppervlaktewater","ug/l","microgram per liter","CONCTTE","(massa)Concentratie","NVT","NVT","NVT","NVT","44DDD","4,4'-dichloordifenyldichloorethaan","(massa)Concentratie 4,4'-dichloordifenyldichloorethaan in Oppervlaktewater in ug/l","meting","NVT","NVT",TRUE,FALSE,FALSE
696,"NVT","NVT","OW","Oppervlaktewater","ug/l","microgram per liter","CONCTTE","(massa)Concentratie","NVT","NVT","NVT","NVT","44DDE","4,4'-dichloordifenyldichlooretheen","(massa)Concentratie 4,4'-dichloordifenyldichlooretheen in Oppervlaktewater in ug/l","meting","NVT","NVT",TRUE,FALSE,FALSE
697,"NVT","NVT","OW","Oppervlaktewater","ug/l","microgram per liter","CONCTTE","(massa)Concentratie","NVT","NVT","NVT","NVT","44DDT","4,4'-dichloordifenyltrichloorethaan","(massa)Concentratie 4,4'-dichloordifenyltrichloorethaan in Oppervlaktewater in ug/l","meting","NVT","NVT",TRUE,FALSE,FALSE
698,"NVT","NVT","OW","Oppervlaktewater","ug/l","microgram per liter","CONCTTE","(massa)Concentratie","NVT","NVT","NVT","NVT","44sulfnDFol","4,4'-sulfonyldifenol","Gemiddelde (massa)Concentratie 4,4'-sulfonyldifenol in Oppervlaktewater in ug/l","meting","NVT","GEM",FALSE,FALSE,FALSE
699,"NVT","NVT","OW","Oppervlaktewater","ug/l","microgram per liter","CONCTTE","(massa)Concentratie","NVT","NVT","NVT","NVT","44sulfnDFol","4,4'-sulfonyldifenol","(massa)Concentratie 4,4'-sulfonyldifenol in Oppervlaktewater in ug/l","meting","NVT","NVT",TRUE,FALSE,FALSE
700,"NVT","NVT","OW","Oppervlaktewater","ug/l","microgram per liter","CONCTTE","(massa)Concentratie","NVT","NVT","NVT","NVT","4C1y1Hbztazl","4-methyl-1H-benzotriazool","Gemiddelde (massa)Concentratie 4-methyl-1H-benzotriazool in Oppervlaktewater in ug/l","meting","NVT","GEM",FALSE,FALSE,FALSE
701,"NVT","NVT","OW","Oppervlaktewater","ug/l","microgram per liter","CONCTTE","(massa)Concentratie","NVT","NVT","NVT","NVT","4C1yAn","4-methylaniline","(massa)Concentratie 4-methylaniline in Oppervlaktewater in ug/l","meting","NVT","NVT",FALSE,FALSE,FALSE
702,"NVT","NVT","OW","Oppervlaktewater","ug/l","microgram per liter","CONCTTE","(massa)Concentratie","NVT","NVT","NVT","NVT","4C1yqnlne","4-methylquinoline","Gemiddelde (massa)Concentratie 4-methylquinoline in Oppervlaktewater in ug/l","meting","NVT","GEM",FALSE,FALSE,FALSE
703,"NVT","NVT","OW","Oppervlaktewater","ug/l","microgram per liter","CONCTTE","(massa)Concentratie","NVT","NVT","NVT","NVT","4C1yqnlne","4-methylquinoline","(massa)Concentratie 4-methylquinoline in Oppervlaktewater in ug/l","meting","NVT","NVT",FALSE,FALSE,FALSE
704,"NVT","NVT","OW","Oppervlaktewater","ug/l","microgram per liter","CONCTTE","(massa)Concentratie","NVT","NVT","NVT","NVT","4C2yTol","4-ethyltolueen","(massa)Concentratie 4-ethyltolueen in Oppervlaktewater in ug/l","meting","NVT","NVT",TRUE,FALSE,FALSE
705,"NVT","NVT","OW","Oppervlaktewater","ug/l","microgram per liter","CONCTTE","(massa)Concentratie","NVT","NVT","NVT","NVT","4C4oxFol","4-butoxyfenol","(massa)Concentratie 4-butoxyfenol in Oppervlaktewater in ug/l","meting","NVT","NVT",FALSE,FALSE,FALSE
706,"NVT","NVT","OW","Oppervlaktewater","ug/l","microgram per liter","CONCTTE","(massa)Concentratie","NVT","NVT","NVT","NVT","4C9yFol","4-nonylfenol","(massa)Concentratie 4-nonylfenol in Oppervlaktewater in ug/l","meting","NVT","NVT",TRUE,FALSE,FALSE
707,"NVT","NVT","OW","Oppervlaktewater","ug/l","microgram per liter","CONCTTE","(massa)Concentratie","NVT","NVT","NVT","NVT","4Cl2NO2An","4-chloor-2-nitroaniline","(massa)Concentratie 4-chloor-2-nitroaniline in Oppervlaktewater in ug/l","meting","NVT","NVT",TRUE,FALSE,FALSE
708,"NVT","NVT","OW","Oppervlaktewater","ug/l","microgram per liter","CONCTTE","(massa)Concentratie","NVT","NVT","NVT","NVT","4Cl2NO2Tol","4-chloor-2-nitrotolueen","(massa)Concentratie 4-chloor-2-nitrotolueen in Oppervlaktewater in ug/l","meting","NVT","NVT",TRUE,FALSE,FALSE
709,"NVT","NVT","OW","Oppervlaktewater","ug/l","microgram per liter","CONCTTE","(massa)Concentratie","NVT","NVT","NVT","NVT","4Cl3C1yFol","4-chloor-3-methylfenol","(massa)Concentratie 4-chloor-3-methylfenol in Oppervlaktewater in ug/l","meting","NVT","NVT",TRUE,FALSE,FALSE
710,"NVT","NVT","OW","Oppervlaktewater","ug/l","microgram per liter","CONCTTE","(massa)Concentratie","NVT","NVT","NVT","NVT","4Cl3NO2Tol","4-chloor-3-nitrotolueen","(massa)Concentratie 4-chloor-3-nitrotolueen in Oppervlaktewater in ug/l","meting","NVT","NVT",TRUE,FALSE,FALSE
711,"NVT","NVT","OW","Oppervlaktewater","ug/l","microgram per liter","CONCTTE","(massa)Concentratie","NVT","NVT","NVT","NVT","4ClAn","4-chlooraniline","Gemiddelde (massa)Concentratie 4-chlooraniline in Oppervlaktewater in ug/l","meting","NVT","GEM",FALSE,FALSE,FALSE
712,"NVT","NVT","OW","Oppervlaktewater","ug/l","microgram per liter","CONCTTE","(massa)Concentratie","NVT","NVT","NVT","NVT","4ClAn","4-chlooraniline","(massa)Concentratie 4-chlooraniline in Oppervlaktewater in ug/l","meting","NVT","NVT",TRUE,FALSE,FALSE
713,"NVT","NVT","OW","Oppervlaktewater","ug/l","microgram per liter","CONCTTE","(massa)Concentratie","NVT","NVT","NVT","NVT","4ClFol","4-chloorfenol","(massa)Concentratie 4-chloorfenol in Oppervlaktewater in ug/l","meting","NVT","NVT",TRUE,FALSE,FALSE
714,"NVT","NVT","OW","Oppervlaktewater","ug/l","microgram per liter","CONCTTE","(massa)Concentratie","NVT","NVT","NVT","NVT","4ClTol","4-chloortolueen","(massa)Concentratie 4-chloortolueen in Oppervlaktewater in ug/l","meting","NVT","NVT",TRUE,FALSE,FALSE
715,"NVT","NVT","OW","Oppervlaktewater","ug/l","microgram per liter","CONCTTE","(massa)Concentratie","NVT","NVT","NVT","NVT","4formAoatprn","4-formylaminoantipyrine","(massa)Concentratie 4-formylaminoantipyrine in Oppervlaktewater in ug/l","meting","NVT","NVT",TRUE,FALSE,FALSE
716,"NVT","NVT","OW","Oppervlaktewater","ug/l","microgram per liter","CONCTTE","(massa)Concentratie","NVT","NVT","NVT","NVT","4NO2Fol","4-nitrofenol","(massa)Concentratie 4-nitrofenol in Oppervlaktewater in ug/l","meting","NVT","NVT",FALSE,FALSE,FALSE
717,"NVT","NVT","OW","Oppervlaktewater","ug/l","microgram per liter","CONCTTE","(massa)Concentratie","NVT","NVT","NVT","NVT","4Ooifrn","4-oxoisoforon","(massa)Concentratie 4-oxoisoforon in Oppervlaktewater in ug/l","meting","NVT","NVT",TRUE,FALSE,FALSE
718,"NVT","NVT","OW","Oppervlaktewater","ug/l","microgram per liter","CONCTTE","(massa)Concentratie","NVT","NVT","NVT","NVT","4ttC8yFol","4-tertiair-octylfenol","(massa)Concentratie 4-tertiair-octylfenol in Oppervlaktewater in ug/l","meting","NVT","NVT",TRUE,FALSE,FALSE
719,"NVT","NVT","OW","Oppervlaktewater","ug/l","microgram per liter","CONCTTE","(massa)Concentratie","NVT","NVT","NVT","NVT","5C1y1Hbztazl","5-methyl-1H-benzotriazool","Gemiddelde (massa)Concentratie 5-methyl-1H-benzotriazool in Oppervlaktewater in ug/l","meting","NVT","GEM",FALSE,FALSE,FALSE
720,"NVT","NVT","OW","Oppervlaktewater","ug/l","microgram per liter","CONCTTE","(massa)Concentratie","NVT","NVT","NVT","NVT","5Cl2C1yAn","5-chloor-2-methylaniline","(massa)Concentratie 5-chloor-2-methylaniline in Oppervlaktewater in ug/l","meting","NVT","NVT",TRUE,FALSE,FALSE
721,"NVT","NVT","OW","Oppervlaktewater","ug/l","microgram per liter","CONCTTE","(massa)Concentratie","NVT","NVT","NVT","NVT","5Cl2NO2Tol","5-chloor-2-nitrotolueen","(massa)Concentratie 5-chloor-2-nitrotolueen in Oppervlaktewater in ug/l","meting","NVT","NVT",TRUE,FALSE,FALSE
722,"NVT","NVT","OW","Oppervlaktewater","ug/l","microgram per liter","CONCTTE","(massa)Concentratie","NVT","NVT","NVT","NVT","9-Cl-PF3ONS","9-chloorhexadecaanfluor-3-oxanon-1-sulfonzuur","(massa)Concentratie 9-chloorhexadecaanfluor-3-oxanon-1-sulfonzuur in Oppervlaktewater in ug/l","meting","NVT","NVT",TRUE,FALSE,FALSE
723,"NVT","NVT","OW","Oppervlaktewater","ug/l","microgram per liter","CONCTTE","(massa)Concentratie","NVT","NVT","NVT","NVT","aaDClTol","alfa,alfa-dichloortolueen","(massa)Concentratie alfa,alfa-dichloortolueen in Oppervlaktewater in ug/l","meting","NVT","NVT",TRUE,FALSE,FALSE
724,"NVT","NVT","OW","Oppervlaktewater","ug/l","microgram per liter","CONCTTE","(massa)Concentratie","NVT","NVT","NVT","NVT","abmtne","abamectine","(massa)Concentratie abamectine in Oppervlaktewater in ug/l","meting","NVT","NVT",TRUE,FALSE,FALSE
725,"NVT","NVT","OW","Oppervlaktewater","ug/l","microgram per liter","CONCTTE","(massa)Concentratie","NVT","NVT","NVT","NVT","acdne","acridine","Gemiddelde (massa)Concentratie acridine in Oppervlaktewater in ug/l","meting","NVT","GEM",FALSE,FALSE,FALSE
726,"NVT","NVT","OW","Oppervlaktewater","ug/l","microgram per liter","CONCTTE","(massa)Concentratie","NVT","NVT","NVT","NVT","acdne","acridine","(massa)Concentratie acridine in Oppervlaktewater in ug/l","meting","NVT","NVT",TRUE,FALSE,FALSE
727,"NVT","NVT","OW","Oppervlaktewater","ug/l","microgram per liter","CONCTTE","(massa)Concentratie","NVT","NVT","NVT","NVT","AcNe","acenafteen","Gemiddelde (massa)Concentratie acenafteen in Oppervlaktewater in ug/l","meting","NVT","GEM",FALSE,FALSE,FALSE
728,"NVT","NVT","OW","Oppervlaktewater","ug/l","microgram per liter","CONCTTE","(massa)Concentratie","NVT","NVT","NVT","NVT","AcNe","acenafteen","(massa)Concentratie acenafteen in Oppervlaktewater in ug/l","meting","NVT","NVT",TRUE,FALSE,FALSE
729,"NVT","NVT","OW","Oppervlaktewater","ug/l","microgram per liter","CONCTTE","(massa)Concentratie","NVT","NVT","NVT","NVT","acnfn","aclonifen","(massa)Concentratie aclonifen in Oppervlaktewater in ug/l","meting","NVT","NVT",TRUE,FALSE,FALSE
730,"NVT","NVT","OW","Oppervlaktewater","ug/l","microgram per liter","CONCTTE","(massa)Concentratie","NVT","NVT","NVT","NVT","AcNy","acenaftyleen","(massa)Concentratie acenaftyleen in Oppervlaktewater in ug/l","meting","NVT","NVT",TRUE,FALSE,FALSE
731,"NVT","NVT","OW","Oppervlaktewater","ug/l","microgram per liter","CONCTTE","(massa)Concentratie","NVT","NVT","NVT","NVT","acsfm","acesulfaam","(massa)Concentratie acesulfaam in Oppervlaktewater in ug/l","meting","NVT","NVT",FALSE,FALSE,FALSE
732,"NVT","NVT","OW","Oppervlaktewater","ug/l","microgram per liter","CONCTTE","(massa)Concentratie","NVT","NVT","NVT","NVT","actfnn","acetofenon","Gemiddelde (massa)Concentratie acetofenon in Oppervlaktewater in ug/l","meting","NVT","GEM",FALSE,FALSE,FALSE
733,"NVT","NVT","OW","Oppervlaktewater","ug/l","microgram per liter","CONCTTE","(massa)Concentratie","NVT","NVT","NVT","NVT","actfnn","acetofenon","(massa)Concentratie acetofenon in Oppervlaktewater in ug/l","meting","NVT","NVT",TRUE,FALSE,FALSE
734,"NVT","NVT","OW","Oppervlaktewater","ug/l","microgram per liter","CONCTTE","(massa)Concentratie","NVT","NVT","NVT","NVT","actmpd","acetamiprid","(massa)Concentratie acetamiprid in Oppervlaktewater in ug/l","meting","NVT","NVT",TRUE,FALSE,FALSE
735,"NVT","NVT","OW","Oppervlaktewater","ug/l","microgram per liter","CONCTTE","(massa)Concentratie","NVT","NVT","NVT","NVT","actn","aceton","Gemiddelde (massa)Concentratie aceton in Oppervlaktewater in ug/l","meting","NVT","GEM",FALSE,FALSE,FALSE
736,"NVT","NVT","OW","Oppervlaktewater","ug/l","microgram per liter","CONCTTE","(massa)Concentratie","NVT","NVT","NVT","NVT","actn","aceton","(massa)Concentratie aceton in Oppervlaktewater in ug/l","meting","NVT","NVT",TRUE,FALSE,FALSE
737,"NVT","NVT","OW","Oppervlaktewater","ug/l","microgram per liter","CONCTTE","(massa)Concentratie","NVT","NVT","NVT","NVT","actsfmtozl","acetylsulfamethoxazol","(massa)Concentratie acetylsulfamethoxazol in Oppervlaktewater in ug/l","meting","NVT","NVT",TRUE,FALSE,FALSE
738,"NVT","NVT","OW","Oppervlaktewater","ug/l","microgram per liter","CONCTTE","(massa)Concentratie","NVT","NVT","NVT","NVT","ADBI","celestolide","(massa)Concentratie celestolide in Oppervlaktewater in ug/l","meting","NVT","NVT",TRUE,FALSE,FALSE
739,"NVT","NVT","OW","Oppervlaktewater","ug/l","microgram per liter","CONCTTE","(massa)Concentratie","NVT","NVT","NVT","NVT","aedsfn","alfa-endosulfan","(massa)Concentratie alfa-endosulfan in Oppervlaktewater in ug/l","meting","NVT","NVT",TRUE,FALSE,FALSE
740,"NVT","NVT","OW","Oppervlaktewater","ug/l","microgram per liter","CONCTTE","(massa)Concentratie","NVT","NVT","NVT","NVT","Ag","zilver","(massa)Concentratie zilver in Oppervlaktewater in ug/l","meting","NVT","NVT",TRUE,FALSE,FALSE
741,"NVT","NVT","OW","Oppervlaktewater","ug/l","microgram per liter","CONCTTE","(massa)Concentratie","NVT","NVT","NVT","NVT","aHCH","alfa-hexachloorcyclohexaan","(massa)Concentratie alfa-hexachloorcyclohexaan in Oppervlaktewater in ug/l","meting","NVT","NVT",TRUE,FALSE,FALSE
742,"NVT","NVT","OW","Oppervlaktewater","ug/l","microgram per liter","CONCTTE","(massa)Concentratie","NVT","NVT","NVT","NVT","AHMI","5-acetyl-1,1,2,3,3,6-hexamethylindaan","(massa)Concentratie 5-acetyl-1,1,2,3,3,6-hexamethylindaan in Oppervlaktewater in ug/l","meting","NVT","NVT",TRUE,FALSE,FALSE
743,"NVT","NVT","OW","Oppervlaktewater","ug/l","microgram per liter","CONCTTE","(massa)Concentratie","NVT","NVT","NVT","NVT","AHTN","tonalide","(massa)Concentratie tonalide in Oppervlaktewater in ug/l","meting","NVT","NVT",TRUE,FALSE,FALSE
744,"NVT","NVT","OW","Oppervlaktewater","ug/l","microgram per liter","CONCTTE","(massa)Concentratie","NVT","NVT","NVT","NVT","Al","aluminium","(massa)Concentratie aluminium in Oppervlaktewater in ug/l","meting","NVT","NVT",TRUE,FALSE,FALSE
745,"NVT","NVT","OW","Oppervlaktewater","ug/l","microgram per liter","CONCTTE","(massa)Concentratie","NVT","NVT","NVT","NVT","alCl","alachloor","Gemiddelde (massa)Concentratie alachloor in Oppervlaktewater in ug/l","meting","NVT","GEM",FALSE,FALSE,FALSE
746,"NVT","NVT","OW","Oppervlaktewater","ug/l","microgram per liter","CONCTTE","(massa)Concentratie","NVT","NVT","NVT","NVT","alCl","alachloor","(massa)Concentratie alachloor in Oppervlaktewater in ug/l","meting","NVT","NVT",TRUE,FALSE,FALSE
747,"NVT","NVT","OW","Oppervlaktewater","ug/l","microgram per liter","CONCTTE","(massa)Concentratie","NVT","NVT","NVT","NVT","alDcb","aldicarb","(massa)Concentratie aldicarb in Oppervlaktewater in ug/l","meting","NVT","NVT",TRUE,FALSE,FALSE
748,"NVT","NVT","OW","Oppervlaktewater","ug/l","microgram per liter","CONCTTE","(massa)Concentratie","NVT","NVT","NVT","NVT","alDcsfn","aldicarbsulfon","(massa)Concentratie aldicarbsulfon in Oppervlaktewater in ug/l","meting","NVT","NVT",TRUE,FALSE,FALSE
749,"NVT","NVT","OW","Oppervlaktewater","ug/l","microgram per liter","CONCTTE","(massa)Concentratie","NVT","NVT","NVT","NVT","alDcSO","aldicarbsulfoxide","(massa)Concentratie aldicarbsulfoxide in Oppervlaktewater in ug/l","meting","NVT","NVT",TRUE,FALSE,FALSE
750,"NVT","NVT","OW","Oppervlaktewater","ug/l","microgram per liter","CONCTTE","(massa)Concentratie","NVT","NVT","NVT","NVT","aldn","aldrin","(massa)Concentratie aldrin in Oppervlaktewater in ug/l","meting","NVT","NVT",TRUE,FALSE,FALSE
751,"NVT","NVT","OW","Oppervlaktewater","ug/l","microgram per liter","CONCTTE","(massa)Concentratie","NVT","NVT","NVT","NVT","amdTzinzr","amidotrizoïnezuur","(massa)Concentratie amidotrizoïnezuur in Oppervlaktewater in ug/l","meting","NVT","NVT",TRUE,FALSE,FALSE
752,"NVT","NVT","OW","Oppervlaktewater","ug/l","microgram per liter","CONCTTE","(massa)Concentratie","NVT","NVT","NVT","NVT","AMPA","aminomethylfosfonzuur","(massa)Concentratie aminomethylfosfonzuur in Oppervlaktewater in ug/l","meting","NVT","NVT",TRUE,FALSE,FALSE
753,"NVT","NVT","OW","Oppervlaktewater","ug/l","microgram per liter","CONCTTE","(massa)Concentratie","NVT","NVT","NVT","NVT","amspde","amisulpride","(massa)Concentratie amisulpride in Oppervlaktewater in ug/l","meting","NVT","NVT",TRUE,FALSE,FALSE
754,"NVT","NVT","OW","Oppervlaktewater","ug/l","microgram per liter","CONCTTE","(massa)Concentratie","NVT","NVT","NVT","NVT","amtn","ametryn","(massa)Concentratie ametryn in Oppervlaktewater in ug/l","meting","NVT","NVT",TRUE,FALSE,FALSE
755,"NVT","NVT","OW","Oppervlaktewater","ug/l","microgram per liter","CONCTTE","(massa)Concentratie","NVT","NVT","NVT","NVT","amxclne","amoxicilline","(massa)Concentratie amoxicilline in Oppervlaktewater in ug/l","meting","NVT","NVT",TRUE,FALSE,FALSE
756,"NVT","NVT","OW","Oppervlaktewater","ug/l","microgram per liter","CONCTTE","(massa)Concentratie","NVT","NVT","NVT","NVT","An","aniline","Gemiddelde (massa)Concentratie aniline in Oppervlaktewater in ug/l","meting","NVT","GEM",FALSE,FALSE,FALSE
757,"NVT","NVT","OW","Oppervlaktewater","ug/l","microgram per liter","CONCTTE","(massa)Concentratie","NVT","NVT","NVT","NVT","An","aniline","(massa)Concentratie aniline in Oppervlaktewater in ug/l","meting","NVT","NVT",FALSE,FALSE,FALSE
758,"NVT","NVT","OW","Oppervlaktewater","ug/l","microgram per liter","CONCTTE","(massa)Concentratie","NVT","NVT","NVT","NVT","ansl","anisool","(massa)Concentratie anisool in Oppervlaktewater in ug/l","meting","NVT","NVT",FALSE,FALSE,FALSE
759,"NVT","NVT","OW","Oppervlaktewater","ug/l","microgram per liter","CONCTTE","(massa)Concentratie","NVT","NVT","NVT","NVT","Ant","antraceen","(massa)Concentratie antraceen in Oppervlaktewater in ug/l","meting","NVT","NVT",TRUE,FALSE,FALSE
760,"NVT","NVT","OW","Oppervlaktewater","ug/l","microgram per liter","CONCTTE","(massa)Concentratie","NVT","NVT","NVT","NVT","antcnn","antrachinon","(massa)Concentratie antrachinon in Oppervlaktewater in ug/l","meting","NVT","NVT",TRUE,FALSE,FALSE
761,"NVT","NVT","OW","Oppervlaktewater","ug/l","microgram per liter","CONCTTE","(massa)Concentratie","NVT","NVT","NVT","NVT","As","arseen","(massa)Concentratie arseen in Oppervlaktewater in ug/l","meting","NVT","NVT",TRUE,FALSE,FALSE
762,"NVT","NVT","OW","Oppervlaktewater","ug/l","microgram per liter","CONCTTE","(massa)Concentratie","NVT","NVT","NVT","NVT","ATCD","acetylcedreen","(massa)Concentratie acetylcedreen in Oppervlaktewater in ug/l","meting","NVT","NVT",TRUE,FALSE,FALSE
763,"NVT","NVT","OW","Oppervlaktewater","ug/l","microgram per liter","CONCTTE","(massa)Concentratie","NVT","NVT","NVT","NVT","atnll","atenolol","(massa)Concentratie atenolol in Oppervlaktewater in ug/l","meting","NVT","NVT",TRUE,FALSE,FALSE
764,"NVT","NVT","OW","Oppervlaktewater","ug/l","microgram per liter","CONCTTE","(massa)Concentratie","NVT","NVT","NVT","NVT","ATP","adenosine-trifosfaat","(massa)Concentratie adenosine-trifosfaat in Oppervlaktewater in ug/l","meting","NVT","NVT",TRUE,FALSE,FALSE
765,"NVT","NVT","OW","Oppervlaktewater","ug/l","microgram per liter","CONCTTE","(massa)Concentratie","NVT","NVT","NVT","NVT","ATTI","traseolide","(massa)Concentratie traseolide in Oppervlaktewater in ug/l","meting","NVT","NVT",TRUE,FALSE,FALSE
766,"NVT","NVT","OW","Oppervlaktewater","ug/l","microgram per liter","CONCTTE","(massa)Concentratie","NVT","NVT","NVT","NVT","atzne","atrazine","Gemiddelde (massa)Concentratie atrazine in Oppervlaktewater in ug/l","meting","NVT","GEM",FALSE,FALSE,FALSE
767,"NVT","NVT","OW","Oppervlaktewater","ug/l","microgram per liter","CONCTTE","(massa)Concentratie","NVT","NVT","NVT","NVT","atzne","atrazine","(massa)Concentratie atrazine in Oppervlaktewater in ug/l","meting","NVT","NVT",TRUE,FALSE,FALSE
768,"NVT","NVT","OW","Oppervlaktewater","ug/l","microgram per liter","CONCTTE","(massa)Concentratie","NVT","NVT","NVT","NVT","avBenzn","avobenzone","(massa)Concentratie avobenzone in Oppervlaktewater in ug/l","meting","NVT","NVT",FALSE,FALSE,FALSE
769,"NVT","NVT","OW","Oppervlaktewater","ug/l","microgram per liter","CONCTTE","(massa)Concentratie","NVT","NVT","NVT","NVT","azoxsbn","azoxystrobin","(massa)Concentratie azoxystrobin in Oppervlaktewater in ug/l","meting","NVT","NVT",TRUE,FALSE,FALSE
770,"NVT","NVT","OW","Oppervlaktewater","ug/l","microgram per liter","CONCTTE","(massa)Concentratie","NVT","NVT","NVT","NVT","aztmcne","azitromycine","(massa)Concentratie azitromycine in Oppervlaktewater in ug/l","meting","NVT","NVT",TRUE,FALSE,FALSE
771,"NVT","NVT","OW","Oppervlaktewater","ug/l","microgram per liter","CONCTTE","(massa)Concentratie","NVT","NVT","NVT","NVT","B","boor","(massa)Concentratie boor in Oppervlaktewater in ug/l","meting","NVT","NVT",TRUE,FALSE,FALSE
772,"NVT","NVT","OW","Oppervlaktewater","ug/l","microgram per liter","CONCTTE","(massa)Concentratie","NVT","NVT","NVT","NVT","Ba","barium","(massa)Concentratie barium in Oppervlaktewater in ug/l","meting","NVT","NVT",TRUE,FALSE,FALSE
773,"NVT","NVT","OW","Oppervlaktewater","ug/l","microgram per liter","CONCTTE","(massa)Concentratie","NVT","NVT","NVT","NVT","BaA","benzo(a)antraceen","(massa)Concentratie benzo(a)antraceen in Oppervlaktewater in ug/l","meting","NVT","NVT",TRUE,FALSE,FALSE
774,"NVT","NVT","OW","Oppervlaktewater","ug/l","microgram per liter","CONCTTE","(massa)Concentratie","NVT","NVT","NVT","NVT","BaP","benzo(a)pyreen","(massa)Concentratie benzo(a)pyreen in Oppervlaktewater in ug/l","meting","NVT","NVT",TRUE,FALSE,FALSE
775,"NVT","NVT","OW","Oppervlaktewater","ug/l","microgram per liter","CONCTTE","(massa)Concentratie","NVT","NVT","NVT","NVT","barbn","barban","Gemiddelde (massa)Concentratie barban in Oppervlaktewater in ug/l","meting","NVT","GEM",FALSE,FALSE,FALSE
776,"NVT","NVT","OW","Oppervlaktewater","ug/l","microgram per liter","CONCTTE","(massa)Concentratie","NVT","NVT","NVT","NVT","barbn","barban","(massa)Concentratie barban in Oppervlaktewater in ug/l","meting","NVT","NVT",FALSE,FALSE,FALSE
777,"NVT","NVT","OW","Oppervlaktewater","ug/l","microgram per liter","CONCTTE","(massa)Concentratie","NVT","NVT","NVT","NVT","BbF","benzo(b)fluorantheen","(massa)Concentratie benzo(b)fluorantheen in Oppervlaktewater in ug/l","meting","NVT","NVT",TRUE,FALSE,FALSE
778,"NVT","NVT","OW","Oppervlaktewater","ug/l","microgram per liter","CONCTTE","(massa)Concentratie","NVT","NVT","NVT","NVT","Be","beryllium","(massa)Concentratie beryllium in Oppervlaktewater in ug/l","meting","NVT","NVT",TRUE,FALSE,FALSE
779,"NVT","NVT","OW","Oppervlaktewater","ug/l","microgram per liter","CONCTTE","(massa)Concentratie","NVT","NVT","NVT","NVT","bedsfn","beta-endosulfan","(massa)Concentratie beta-endosulfan in Oppervlaktewater in ug/l","meting","NVT","NVT",TRUE,FALSE,FALSE
780,"NVT","NVT","OW","Oppervlaktewater","ug/l","microgram per liter","CONCTTE","(massa)Concentratie","NVT","NVT","NVT","NVT","Ben","benzeen","Gemiddelde (massa)Concentratie benzeen in Oppervlaktewater in ug/l","meting","NVT","GEM",FALSE,FALSE,FALSE
781,"NVT","NVT","OW","Oppervlaktewater","ug/l","microgram per liter","CONCTTE","(massa)Concentratie","NVT","NVT","NVT","NVT","Ben","benzeen","(massa)Concentratie benzeen in Oppervlaktewater in ug/l","meting","NVT","NVT",TRUE,FALSE,FALSE
782,"NVT","NVT","OW","Oppervlaktewater","ug/l","microgram per liter","CONCTTE","(massa)Concentratie","NVT","NVT","NVT","NVT","BenAh","benzaldehyde","(massa)Concentratie benzaldehyde in Oppervlaktewater in ug/l","meting","NVT","NVT",FALSE,FALSE,FALSE
783,"NVT","NVT","OW","Oppervlaktewater","ug/l","microgram per liter","CONCTTE","(massa)Concentratie","NVT","NVT","NVT","NVT","bentzn","bentazon","(massa)Concentratie bentazon in Oppervlaktewater in ug/l","meting","NVT","NVT",TRUE,FALSE,FALSE
784,"NVT","NVT","OW","Oppervlaktewater","ug/l","microgram per liter","CONCTTE","(massa)Concentratie","NVT","NVT","NVT","NVT","benzCl","benzylchloride","Gemiddelde (massa)Concentratie benzylchloride in Oppervlaktewater in ug/l","meting","NVT","GEM",FALSE,FALSE,FALSE
785,"NVT","NVT","OW","Oppervlaktewater","ug/l","microgram per liter","CONCTTE","(massa)Concentratie","NVT","NVT","NVT","NVT","benzCl","benzylchloride","(massa)Concentratie benzylchloride in Oppervlaktewater in ug/l","meting","NVT","NVT",TRUE,FALSE,FALSE
786,"NVT","NVT","OW","Oppervlaktewater","ug/l","microgram per liter","CONCTTE","(massa)Concentratie","NVT","NVT","NVT","NVT","benzdne","benzidine","(massa)Concentratie benzidine in Oppervlaktewater in ug/l","meting","NVT","NVT",TRUE,FALSE,FALSE
787,"NVT","NVT","OW","Oppervlaktewater","ug/l","microgram per liter","CONCTTE","(massa)Concentratie","NVT","NVT","NVT","NVT","benzfnn","benzofenon","(massa)Concentratie benzofenon in Oppervlaktewater in ug/l","meting","NVT","NVT",TRUE,FALSE,FALSE
788,"NVT","NVT","OW","Oppervlaktewater","ug/l","microgram per liter","CONCTTE","(massa)Concentratie","NVT","NVT","NVT","NVT","benzntl","benzonitril","(massa)Concentratie benzonitril in Oppervlaktewater in ug/l","meting","NVT","NVT",TRUE,FALSE,FALSE
789,"NVT","NVT","OW","Oppervlaktewater","ug/l","microgram per liter","CONCTTE","(massa)Concentratie","NVT","NVT","NVT","NVT","bezafbt","bezafibraat","(massa)Concentratie bezafibraat in Oppervlaktewater in ug/l","meting","NVT","NVT",TRUE,FALSE,FALSE
790,"NVT","NVT","OW","Oppervlaktewater","ug/l","microgram per liter","CONCTTE","(massa)Concentratie","NVT","NVT","NVT","NVT","bfnx","bifenox","(massa)Concentratie bifenox in Oppervlaktewater in ug/l","meting","NVT","NVT",TRUE,FALSE,FALSE
791,"NVT","NVT","OW","Oppervlaktewater","ug/l","microgram per liter","CONCTTE","(massa)Concentratie","NVT","NVT","NVT","NVT","BghiPe","benzo(ghi)peryleen","(massa)Concentratie benzo(ghi)peryleen in Oppervlaktewater in ug/l","meting","NVT","NVT",TRUE,FALSE,FALSE
792,"NVT","NVT","OW","Oppervlaktewater","ug/l","microgram per liter","CONCTTE","(massa)Concentratie","NVT","NVT","NVT","NVT","bHCH","beta-hexachloorcyclohexaan","(massa)Concentratie beta-hexachloorcyclohexaan in Oppervlaktewater in ug/l","meting","NVT","NVT",TRUE,FALSE,FALSE
793,"NVT","NVT","OW","Oppervlaktewater","ug/l","microgram per liter","CONCTTE","(massa)Concentratie","NVT","NVT","NVT","NVT","biFy","bifenyl","Gemiddelde (massa)Concentratie bifenyl in Oppervlaktewater in ug/l","meting","NVT","GEM",FALSE,FALSE,FALSE
794,"NVT","NVT","OW","Oppervlaktewater","ug/l","microgram per liter","CONCTTE","(massa)Concentratie","NVT","NVT","NVT","NVT","biFy","bifenyl","(massa)Concentratie bifenyl in Oppervlaktewater in ug/l","meting","NVT","NVT",TRUE,FALSE,FALSE
795,"NVT","NVT","OW","Oppervlaktewater","ug/l","microgram per liter","CONCTTE","(massa)Concentratie","NVT","NVT","NVT","NVT","bis2C1oxC2yE","bis(2-methoxyethyl)ether","Gemiddelde (massa)Concentratie bis(2-methoxyethyl)ether in Oppervlaktewater in ug/l","meting","NVT","GEM",FALSE,FALSE,FALSE
796,"NVT","NVT","OW","Oppervlaktewater","ug/l","microgram per liter","CONCTTE","(massa)Concentratie","NVT","NVT","NVT","NVT","bis2C1oxC2yE","bis(2-methoxyethyl)ether","(massa)Concentratie bis(2-methoxyethyl)ether in Oppervlaktewater in ug/l","meting","NVT","NVT",TRUE,FALSE,FALSE
797,"NVT","NVT","OW","Oppervlaktewater","ug/l","microgram per liter","CONCTTE","(massa)Concentratie","NVT","NVT","NVT","NVT","bisFolA","bisfenol-A","Gemiddelde (massa)Concentratie bisfenol-A in Oppervlaktewater in ug/l","meting","NVT","GEM",FALSE,FALSE,FALSE
798,"NVT","NVT","OW","Oppervlaktewater","ug/l","microgram per liter","CONCTTE","(massa)Concentratie","NVT","NVT","NVT","NVT","bisFolA","bisfenol-A","(massa)Concentratie bisfenol-A in Oppervlaktewater in ug/l","meting","NVT","NVT",TRUE,FALSE,FALSE
799,"NVT","NVT","OW","Oppervlaktewater","ug/l","microgram per liter","CONCTTE","(massa)Concentratie","NVT","NVT","NVT","NVT","bispll","bisoprolol","(massa)Concentratie bisoprolol in Oppervlaktewater in ug/l","meting","NVT","NVT",TRUE,FALSE,FALSE
800,"NVT","NVT","OW","Oppervlaktewater","ug/l","microgram per liter","CONCTTE","(massa)Concentratie","NVT","NVT","NVT","NVT","bittnl","bitertanol","(massa)Concentratie bitertanol in Oppervlaktewater in ug/l","meting","NVT","NVT",TRUE,FALSE,FALSE
801,"NVT","NVT","OW","Oppervlaktewater","ug/l","microgram per liter","CONCTTE","(massa)Concentratie","NVT","NVT","NVT","NVT","BkF","benzo(k)fluorantheen","(massa)Concentratie benzo(k)fluorantheen in Oppervlaktewater in ug/l","meting","NVT","NVT",TRUE,FALSE,FALSE
802,"NVT","NVT","OW","Oppervlaktewater","ug/l","microgram per liter","CONCTTE","(massa)Concentratie","NVT","NVT","NVT","NVT","BrClHAc","broomchloorazijnzuur","(massa)Concentratie broomchloorazijnzuur in Oppervlaktewater in ug/l","meting","NVT","NVT",TRUE,FALSE,FALSE
803,"NVT","NVT","OW","Oppervlaktewater","ug/l","microgram per liter","CONCTTE","(massa)Concentratie","NVT","NVT","NVT","NVT","BrHAc","broomazijnzuur","(massa)Concentratie broomazijnzuur in Oppervlaktewater in ug/l","meting","NVT","NVT",TRUE,FALSE,FALSE
804,"NVT","NVT","OW","Oppervlaktewater","ug/l","microgram per liter","CONCTTE","(massa)Concentratie","NVT","NVT","NVT","NVT","bromcl","bromacil","Gemiddelde (massa)Concentratie bromacil in Oppervlaktewater in ug/l","meting","NVT","GEM",FALSE,FALSE,FALSE
805,"NVT","NVT","OW","Oppervlaktewater","ug/l","microgram per liter","CONCTTE","(massa)Concentratie","NVT","NVT","NVT","NVT","bromcl","bromacil","(massa)Concentratie bromacil in Oppervlaktewater in ug/l","meting","NVT","NVT",TRUE,FALSE,FALSE
806,"NVT","NVT","OW","Oppervlaktewater","ug/l","microgram per liter","CONCTTE","(massa)Concentratie","NVT","NVT","NVT","NVT","butcbOxm","butocarboxim","(massa)Concentratie butocarboxim in Oppervlaktewater in ug/l","meting","NVT","NVT",FALSE,FALSE,FALSE
807,"NVT","NVT","OW","Oppervlaktewater","ug/l","microgram per liter","CONCTTE","(massa)Concentratie","NVT","NVT","NVT","NVT","butcbOxmsfn","butocarboximsulfon","(massa)Concentratie butocarboximsulfon in Oppervlaktewater in ug/l","meting","NVT","NVT",FALSE,FALSE,FALSE
808,"NVT","NVT","OW","Oppervlaktewater","ug/l","microgram per liter","CONCTTE","(massa)Concentratie","NVT","NVT","NVT","NVT","butcbOxmSO","butocarboximsulfoxide","(massa)Concentratie butocarboximsulfoxide in Oppervlaktewater in ug/l","meting","NVT","NVT",FALSE,FALSE,FALSE
809,"NVT","NVT","OW","Oppervlaktewater","ug/l","microgram per liter","CONCTTE","(massa)Concentratie","NVT","NVT","NVT","NVT","c12DClC2e","cis-1,2-dichlooretheen","Gemiddelde (massa)Concentratie cis-1,2-dichlooretheen in Oppervlaktewater in ug/l","meting","NVT","GEM",FALSE,FALSE,FALSE
810,"NVT","NVT","OW","Oppervlaktewater","ug/l","microgram per liter","CONCTTE","(massa)Concentratie","NVT","NVT","NVT","NVT","c12DClC2e","cis-1,2-dichlooretheen","(massa)Concentratie cis-1,2-dichlooretheen in Oppervlaktewater in ug/l","meting","NVT","NVT",TRUE,FALSE,FALSE
811,"NVT","NVT","OW","Oppervlaktewater","ug/l","microgram per liter","CONCTTE","(massa)Concentratie","NVT","NVT","NVT","NVT","c13DClC3e","cis-1,3-dichloorpropeen","(massa)Concentratie cis-1,3-dichloorpropeen in Oppervlaktewater in ug/l","meting","NVT","NVT",TRUE,FALSE,FALSE
812,"NVT","NVT","OW","Oppervlaktewater","ug/l","microgram per liter","CONCTTE","(massa)Concentratie","NVT","NVT","NVT","NVT","C1yAn","methylaniline","(massa)Concentratie methylaniline in Oppervlaktewater in ug/l","meting","NVT","NVT",FALSE,FALSE,FALSE
813,"NVT","NVT","OW","Oppervlaktewater","ug/l","microgram per liter","CONCTTE","(massa)Concentratie","NVT","NVT","NVT","NVT","C1yAoC3yHxSA","N-[3-(Dimethylamino)Propyl]Tridecafluorhexaansulfonamide","(massa)Concentratie N-[3-(Dimethylamino)Propyl]Tridecafluorhexaansulfonamide in Oppervlaktewater in ug/l","meting","NVT","NVT",TRUE,FALSE,FALSE
814,"NVT","NVT","OW","Oppervlaktewater","ug/l","microgram per liter","CONCTTE","(massa)Concentratie","NVT","NVT","NVT","NVT","C1yazfs","methylazinfos","(massa)Concentratie methylazinfos in Oppervlaktewater in ug/l","meting","NVT","NVT",TRUE,FALSE,FALSE
815,"NVT","NVT","OW","Oppervlaktewater","ug/l","microgram per liter","CONCTTE","(massa)Concentratie","NVT","NVT","NVT","NVT","C1yC2yprdne","methylethylpyridine","(massa)Concentratie methylethylpyridine in Oppervlaktewater in ug/l","meting","NVT","NVT",FALSE,FALSE,FALSE
816,"NVT","NVT","OW","Oppervlaktewater","ug/l","microgram per liter","CONCTTE","(massa)Concentratie","NVT","NVT","NVT","NVT","C1yccC5a","methylcyclopentaan","(massa)Concentratie methylcyclopentaan in Oppervlaktewater in ug/l","meting","NVT","NVT",FALSE,FALSE,FALSE
817,"NVT","NVT","OW","Oppervlaktewater","ug/l","microgram per liter","CONCTTE","(massa)Concentratie","NVT","NVT","NVT","NVT","C1yccC6a","methylcyclohexaan","(massa)Concentratie methylcyclohexaan in Oppervlaktewater in ug/l","meting","NVT","NVT",FALSE,FALSE,FALSE
818,"NVT","NVT","OW","Oppervlaktewater","ug/l","microgram per liter","CONCTTE","(massa)Concentratie","NVT","NVT","NVT","NVT","C1yClprfs","methylchloorpyrifos","(massa)Concentratie methylchloorpyrifos in Oppervlaktewater in ug/l","meting","NVT","NVT",TRUE,FALSE,FALSE
819,"NVT","NVT","OW","Oppervlaktewater","ug/l","microgram per liter","CONCTTE","(massa)Concentratie","NVT","NVT","NVT","NVT","C1yitoCN","methylisothiocyanaat","Gemiddelde (massa)Concentratie methylisothiocyanaat in Oppervlaktewater in ug/l","meting","NVT","GEM",FALSE,FALSE,FALSE
820,"NVT","NVT","OW","Oppervlaktewater","ug/l","microgram per liter","CONCTTE","(massa)Concentratie","NVT","NVT","NVT","NVT","C1ymsfrn","methyl-metsulfuron","(massa)Concentratie methyl-metsulfuron in Oppervlaktewater in ug/l","meting","NVT","NVT",TRUE,FALSE,FALSE
821,"NVT","NVT","OW","Oppervlaktewater","ug/l","microgram per liter","CONCTTE","(massa)Concentratie","NVT","NVT","NVT","NVT","C1ymtclt","methylmethacrylaat","(massa)Concentratie methylmethacrylaat in Oppervlaktewater in ug/l","meting","NVT","NVT",TRUE,FALSE,FALSE
822,"NVT","NVT","OW","Oppervlaktewater","ug/l","microgram per liter","CONCTTE","(massa)Concentratie","NVT","NVT","NVT","NVT","C1yOxdmtn","methyloxydemeton","(massa)Concentratie methyloxydemeton in Oppervlaktewater in ug/l","meting","NVT","NVT",TRUE,FALSE,FALSE
823,"NVT","NVT","OW","Oppervlaktewater","ug/l","microgram per liter","CONCTTE","(massa)Concentratie","NVT","NVT","NVT","NVT","C1yprmfs","methylpirimifos","(massa)Concentratie methylpirimifos in Oppervlaktewater in ug/l","meting","NVT","NVT",TRUE,FALSE,FALSE
824,"NVT","NVT","OW","Oppervlaktewater","ug/l","microgram per liter","CONCTTE","(massa)Concentratie","NVT","NVT","NVT","NVT","C1yprton","methylparathion","(massa)Concentratie methylparathion in Oppervlaktewater in ug/l","meting","NVT","NVT",TRUE,FALSE,FALSE
825,"NVT","NVT","OW","Oppervlaktewater","ug/l","microgram per liter","CONCTTE","(massa)Concentratie","NVT","NVT","NVT","NVT","C1yttC4yEtr","methyl-tertiair-butylether","Gemiddelde (massa)Concentratie methyl-tertiair-butylether in Oppervlaktewater in ug/l","meting","NVT","GEM",FALSE,FALSE,FALSE
826,"NVT","NVT","OW","Oppervlaktewater","ug/l","microgram per liter","CONCTTE","(massa)Concentratie","NVT","NVT","NVT","NVT","C1yttC4yEtr","methyl-tertiair-butylether","(massa)Concentratie methyl-tertiair-butylether in Oppervlaktewater in ug/l","meting","NVT","NVT",TRUE,FALSE,FALSE
827,"NVT","NVT","OW","Oppervlaktewater","ug/l","microgram per liter","CONCTTE","(massa)Concentratie","NVT","NVT","NVT","NVT","C28a","octacosaan","(massa)Concentratie octacosaan in Oppervlaktewater in ug/l","meting","NVT","NVT",TRUE,FALSE,FALSE
828,"NVT","NVT","OW","Oppervlaktewater","ug/l","microgram per liter","CONCTTE","(massa)Concentratie","NVT","NVT","NVT","NVT","C2oxC2yactt","ethoxyethylacetaat","Gemiddelde (massa)Concentratie ethoxyethylacetaat in Oppervlaktewater in ug/l","meting","NVT","GEM",FALSE,FALSE,FALSE
829,"NVT","NVT","OW","Oppervlaktewater","ug/l","microgram per liter","CONCTTE","(massa)Concentratie","NVT","NVT","NVT","NVT","C2oxC2yactt","ethoxyethylacetaat","(massa)Concentratie ethoxyethylacetaat in Oppervlaktewater in ug/l","meting","NVT","NVT",FALSE,FALSE,FALSE
830,"NVT","NVT","OW","Oppervlaktewater","ug/l","microgram per liter","CONCTTE","(massa)Concentratie","NVT","NVT","NVT","NVT","C2yAn","ethylaniline","(massa)Concentratie ethylaniline in Oppervlaktewater in ug/l","meting","NVT","NVT",FALSE,FALSE,FALSE
831,"NVT","NVT","OW","Oppervlaktewater","ug/l","microgram per liter","CONCTTE","(massa)Concentratie","NVT","NVT","NVT","NVT","C2yazfs","ethylazinfos","(massa)Concentratie ethylazinfos in Oppervlaktewater in ug/l","meting","NVT","NVT",TRUE,FALSE,FALSE
832,"NVT","NVT","OW","Oppervlaktewater","ug/l","microgram per liter","CONCTTE","(massa)Concentratie","NVT","NVT","NVT","NVT","C2yBen","ethylbenzeen","Gemiddelde (massa)Concentratie ethylbenzeen in Oppervlaktewater in ug/l","meting","NVT","GEM",FALSE,FALSE,FALSE
833,"NVT","NVT","OW","Oppervlaktewater","ug/l","microgram per liter","CONCTTE","(massa)Concentratie","NVT","NVT","NVT","NVT","C2yBen","ethylbenzeen","(massa)Concentratie ethylbenzeen in Oppervlaktewater in ug/l","meting","NVT","NVT",TRUE,FALSE,FALSE
834,"NVT","NVT","OW","Oppervlaktewater","ug/l","microgram per liter","CONCTTE","(massa)Concentratie","NVT","NVT","NVT","NVT","C2yClprfs","ethylchloorpyrifos","(massa)Concentratie ethylchloorpyrifos in Oppervlaktewater in ug/l","meting","NVT","NVT",TRUE,FALSE,FALSE
835,"NVT","NVT","OW","Oppervlaktewater","ug/l","microgram per liter","CONCTTE","(massa)Concentratie","NVT","NVT","NVT","NVT","C2yprton","ethylparathion","(massa)Concentratie ethylparathion in Oppervlaktewater in ug/l","meting","NVT","NVT",TRUE,FALSE,FALSE
836,"NVT","NVT","OW","Oppervlaktewater","ug/l","microgram per liter","CONCTTE","(massa)Concentratie","NVT","NVT","NVT","NVT","C3ol","propanol","(massa)Concentratie propanol in Oppervlaktewater in ug/l","meting","NVT","NVT",TRUE,FALSE,FALSE
837,"NVT","NVT","OW","Oppervlaktewater","ug/l","microgram per liter","CONCTTE","(massa)Concentratie","NVT","NVT","NVT","NVT","C4yBen","butylbenzeen","(massa)Concentratie butylbenzeen in Oppervlaktewater in ug/l","meting","NVT","NVT",FALSE,FALSE,FALSE
838,"NVT","NVT","OW","Oppervlaktewater","ug/l","microgram per liter","CONCTTE","(massa)Concentratie","NVT","NVT","NVT","NVT","C4yBensfAd","butylbenzeensulfonamide","Gemiddelde (massa)Concentratie butylbenzeensulfonamide in Oppervlaktewater in ug/l","meting","NVT","GEM",FALSE,FALSE,FALSE
839,"NVT","NVT","OW","Oppervlaktewater","ug/l","microgram per liter","CONCTTE","(massa)Concentratie","NVT","NVT","NVT","NVT","C4yBensfAd","butylbenzeensulfonamide","(massa)Concentratie butylbenzeensulfonamide in Oppervlaktewater in ug/l","meting","NVT","NVT",TRUE,FALSE,FALSE
840,"NVT","NVT","OW","Oppervlaktewater","ug/l","microgram per liter","CONCTTE","(massa)Concentratie","NVT","NVT","NVT","NVT","C4yBensfnt","butylbenzeensulfonaat","Gemiddelde (massa)Concentratie butylbenzeensulfonaat in Oppervlaktewater in ug/l","meting","NVT","GEM",FALSE,FALSE,FALSE
841,"NVT","NVT","OW","Oppervlaktewater","ug/l","microgram per liter","CONCTTE","(massa)Concentratie","NVT","NVT","NVT","NVT","C4yBensfnt","butylbenzeensulfonaat","(massa)Concentratie butylbenzeensulfonaat in Oppervlaktewater in ug/l","meting","NVT","NVT",FALSE,FALSE,FALSE
842,"NVT","NVT","OW","Oppervlaktewater","ug/l","microgram per liter","CONCTTE","(massa)Concentratie","NVT","NVT","NVT","NVT","caffine","caffeine","Gemiddelde (massa)Concentratie caffeine in Oppervlaktewater in ug/l","meting","NVT","GEM",FALSE,FALSE,FALSE
843,"NVT","NVT","OW","Oppervlaktewater","ug/l","microgram per liter","CONCTTE","(massa)Concentratie","NVT","NVT","NVT","NVT","caffine","caffeine","(massa)Concentratie caffeine in Oppervlaktewater in ug/l","meting","NVT","NVT",TRUE,FALSE,FALSE
844,"NVT","NVT","OW","Oppervlaktewater","ug/l","microgram per liter","CONCTTE","(massa)Concentratie","NVT","NVT","NVT","NVT","camfr","camfor","(massa)Concentratie camfor in Oppervlaktewater in ug/l","meting","NVT","NVT",TRUE,FALSE,FALSE
845,"NVT","NVT","OW","Oppervlaktewater","ug/l","microgram per liter","CONCTTE","(massa)Concentratie","NVT","NVT","NVT","NVT","candstn","candesartan","(massa)Concentratie candesartan in Oppervlaktewater in ug/l","meting","NVT","NVT",TRUE,FALSE,FALSE
846,"NVT","NVT","OW","Oppervlaktewater","ug/l","microgram per liter","CONCTTE","(massa)Concentratie","NVT","NVT","NVT","NVT","captn","captan","(massa)Concentratie captan in Oppervlaktewater in ug/l","meting","NVT","NVT",TRUE,FALSE,FALSE
847,"NVT","NVT","OW","Oppervlaktewater","ug/l","microgram per liter","CONCTTE","(massa)Concentratie","NVT","NVT","NVT","NVT","carbdzm","carbendazim","(massa)Concentratie carbendazim in Oppervlaktewater in ug/l","meting","NVT","NVT",TRUE,FALSE,FALSE
848,"NVT","NVT","OW","Oppervlaktewater","ug/l","microgram per liter","CONCTTE","(massa)Concentratie","NVT","NVT","NVT","NVT","carbfrn","carbofuran","(massa)Concentratie carbofuran in Oppervlaktewater in ug/l","meting","NVT","NVT",TRUE,FALSE,FALSE
849,"NVT","NVT","OW","Oppervlaktewater","ug/l","microgram per liter","CONCTTE","(massa)Concentratie","NVT","NVT","NVT","NVT","carbmzpne","carbamazepine","Gemiddelde (massa)Concentratie carbamazepine in Oppervlaktewater in ug/l","meting","NVT","GEM",FALSE,FALSE,FALSE
850,"NVT","NVT","OW","Oppervlaktewater","ug/l","microgram per liter","CONCTTE","(massa)Concentratie","NVT","NVT","NVT","NVT","carbmzpne","carbamazepine","(massa)Concentratie carbamazepine in Oppervlaktewater in ug/l","meting","NVT","NVT",TRUE,FALSE,FALSE
851,"NVT","NVT","OW","Oppervlaktewater","ug/l","microgram per liter","CONCTTE","(massa)Concentratie","NVT","NVT","NVT","NVT","carbrl","carbaryl","(massa)Concentratie carbaryl in Oppervlaktewater in ug/l","meting","NVT","NVT",TRUE,FALSE,FALSE
852,"NVT","NVT","OW","Oppervlaktewater","ug/l","microgram per liter","CONCTTE","(massa)Concentratie","NVT","NVT","NVT","NVT","ccC5a","cyclopentaan","Gemiddelde (massa)Concentratie cyclopentaan in Oppervlaktewater in ug/l","meting","NVT","GEM",FALSE,FALSE,FALSE
853,"NVT","NVT","OW","Oppervlaktewater","ug/l","microgram per liter","CONCTTE","(massa)Concentratie","NVT","NVT","NVT","NVT","Cd","cadmium","Gemiddelde (massa)Concentratie cadmium in Oppervlaktewater in ug/l","meting","NVT","GEM",FALSE,FALSE,FALSE
854,"NVT","NVT","OW","Oppervlaktewater","ug/l","microgram per liter","CONCTTE","(massa)Concentratie","NVT","NVT","NVT","NVT","Cd","cadmium","(massa)Concentratie cadmium in Oppervlaktewater in ug/l","meting","NVT","NVT",TRUE,FALSE,FALSE
855,"NVT","NVT","OW","Oppervlaktewater","ug/l","microgram per liter","CONCTTE","(massa)Concentratie","NVT","NVT","NVT","NVT","Ce","cerium","(massa)Concentratie cerium in Oppervlaktewater in ug/l","meting","NVT","NVT",TRUE,FALSE,FALSE
856,"NVT","NVT","OW","Oppervlaktewater","ug/l","microgram per liter","CONCTTE","(massa)Concentratie","NVT","NVT","NVT","NVT","CFK113","1,1,2-trichloor-1,2,2-trifluorethaan","(massa)Concentratie 1,1,2-trichloor-1,2,2-trifluorethaan in Oppervlaktewater in ug/l","meting","NVT","NVT",TRUE,FALSE,FALSE
857,"NVT","NVT","OW","Oppervlaktewater","ug/l","microgram per liter","CONCTTE","(massa)Concentratie","NVT","NVT","NVT","NVT","cHCH","gamma-hexachloorcyclohexaan (lindaan)","(massa)Concentratie gamma-hexachloorcyclohexaan (lindaan) in Oppervlaktewater in ug/l","meting","NVT","NVT",TRUE,FALSE,FALSE
858,"NVT","NVT","OW","Oppervlaktewater","ug/l","microgram per liter","CONCTTE","(massa)Concentratie","NVT","NVT","NVT","NVT","CHLFa","chlorofyl-a","(massa)Concentratie chlorofyl-a in Oppervlaktewater in ug/l","meting","NVT","NVT",TRUE,FALSE,FALSE
859,"NVT","NVT","OW","Oppervlaktewater","ug/l","microgram per liter","CONCTTE","(massa)Concentratie","NVT","NVT","NVT","NVT","CHLFa","chlorofyl-a","Vermenigvuldigingsfactor 0.81 (massa)Concentratie chlorofyl-a in Oppervlaktewater in ug/l","meting","NVT","other:FACTR081",TRUE,FALSE,FALSE
860,"NVT","NVT","OW","Oppervlaktewater","ug/l","microgram per liter","CONCTTE","(massa)Concentratie","NVT","NVT","NVT","NVT","CHLFb","chlorofyl-b","(massa)Concentratie chlorofyl-b in Oppervlaktewater in ug/l","meting","NVT","NVT",TRUE,FALSE,FALSE
861,"NVT","NVT","OW","Oppervlaktewater","ug/l","microgram per liter","CONCTTE","(massa)Concentratie","NVT","NVT","NVT","NVT","cHpClepO","cis-heptachloorepoxide","(massa)Concentratie cis-heptachloorepoxide in Oppervlaktewater in ug/l","meting","NVT","NVT",TRUE,FALSE,FALSE
862,"NVT","NVT","OW","Oppervlaktewater","ug/l","microgram per liter","CONCTTE","(massa)Concentratie","NVT","NVT","NVT","NVT","Chr","chryseen","(massa)Concentratie chryseen in Oppervlaktewater in ug/l","meting","NVT","NVT",TRUE,FALSE,FALSE
863,"NVT","NVT","OW","Oppervlaktewater","ug/l","microgram per liter","CONCTTE","(massa)Concentratie","NVT","NVT","NVT","NVT","cipfxcne","ciprofloxacine","(massa)Concentratie ciprofloxacine in Oppervlaktewater in ug/l","meting","NVT","NVT",TRUE,FALSE,FALSE
864,"NVT","NVT","OW","Oppervlaktewater","ug/l","microgram per liter","CONCTTE","(massa)Concentratie","NVT","NVT","NVT","NVT","citlpm","citalopram","(massa)Concentratie citalopram in Oppervlaktewater in ug/l","meting","NVT","NVT",TRUE,FALSE,FALSE
865,"NVT","NVT","OW","Oppervlaktewater","ug/l","microgram per liter","CONCTTE","(massa)Concentratie","NVT","NVT","NVT","NVT","Clafncl","chlooramfenicol","(massa)Concentratie chlooramfenicol in Oppervlaktewater in ug/l","meting","NVT","NVT",TRUE,FALSE,FALSE
866,"NVT","NVT","OW","Oppervlaktewater","ug/l","microgram per liter","CONCTTE","(massa)Concentratie","NVT","NVT","NVT","NVT","Clahdt","chloralhydraat","(massa)Concentratie chloralhydraat in Oppervlaktewater in ug/l","meting","NVT","NVT",TRUE,FALSE,FALSE
867,"NVT","NVT","OW","Oppervlaktewater","ug/l","microgram per liter","CONCTTE","(massa)Concentratie","NVT","NVT","NVT","NVT","clartmcne","claritromycine","(massa)Concentratie claritromycine in Oppervlaktewater in ug/l","meting","NVT","NVT",TRUE,FALSE,FALSE
868,"NVT","NVT","OW","Oppervlaktewater","ug/l","microgram per liter","CONCTTE","(massa)Concentratie","NVT","NVT","NVT","NVT","ClBen","chloorbenzeen","Gemiddelde (massa)Concentratie chloorbenzeen in Oppervlaktewater in ug/l","meting","NVT","GEM",FALSE,FALSE,FALSE
869,"NVT","NVT","OW","Oppervlaktewater","ug/l","microgram per liter","CONCTTE","(massa)Concentratie","NVT","NVT","NVT","NVT","ClBen","chloorbenzeen","(massa)Concentratie chloorbenzeen in Oppervlaktewater in ug/l","meting","NVT","NVT",TRUE,FALSE,FALSE
870,"NVT","NVT","OW","Oppervlaktewater","ug/l","microgram per liter","CONCTTE","(massa)Concentratie","NVT","NVT","NVT","NVT","Clbmrn","chloorbromuron","(massa)Concentratie chloorbromuron in Oppervlaktewater in ug/l","meting","NVT","NVT",TRUE,FALSE,FALSE
871,"NVT","NVT","OW","Oppervlaktewater","ug/l","microgram per liter","CONCTTE","(massa)Concentratie","NVT","NVT","NVT","NVT","ClC2e","chlooretheen (vinylchloride)","(massa)Concentratie chlooretheen (vinylchloride) in Oppervlaktewater in ug/l","meting","NVT","NVT",TRUE,FALSE,FALSE
872,"NVT","NVT","OW","Oppervlaktewater","ug/l","microgram per liter","CONCTTE","(massa)Concentratie","NVT","NVT","NVT","NVT","Cldn","chloordaan","(massa)Concentratie chloordaan in Oppervlaktewater in ug/l","meting","NVT","NVT",TRUE,FALSE,FALSE
873,"NVT","NVT","OW","Oppervlaktewater","ug/l","microgram per liter","CONCTTE","(massa)Concentratie","NVT","NVT","NVT","NVT","ClFAn","chloorfluoraniline","(massa)Concentratie chloorfluoraniline in Oppervlaktewater in ug/l","meting","NVT","NVT",FALSE,FALSE,FALSE
874,"NVT","NVT","OW","Oppervlaktewater","ug/l","microgram per liter","CONCTTE","(massa)Concentratie","NVT","NVT","NVT","NVT","Clfvfs","chloorfenvinfos","(massa)Concentratie chloorfenvinfos in Oppervlaktewater in ug/l","meting","NVT","NVT",TRUE,FALSE,FALSE
875,"NVT","NVT","OW","Oppervlaktewater","ug/l","microgram per liter","CONCTTE","(massa)Concentratie","NVT","NVT","NVT","NVT","ClHAc","chloorazijnzuur","(massa)Concentratie chloorazijnzuur in Oppervlaktewater in ug/l","meting","NVT","NVT",TRUE,FALSE,FALSE
876,"NVT","NVT","OW","Oppervlaktewater","ug/l","microgram per liter","CONCTTE","(massa)Concentratie","NVT","NVT","NVT","NVT","Clidzn","chloridazon","Gemiddelde (massa)Concentratie chloridazon in Oppervlaktewater in ug/l","meting","NVT","GEM",FALSE,FALSE,FALSE
877,"NVT","NVT","OW","Oppervlaktewater","ug/l","microgram per liter","CONCTTE","(massa)Concentratie","NVT","NVT","NVT","NVT","Clidzn","chloridazon","(massa)Concentratie chloridazon in Oppervlaktewater in ug/l","meting","NVT","NVT",TRUE,FALSE,FALSE
878,"NVT","NVT","OW","Oppervlaktewater","ug/l","microgram per liter","CONCTTE","(massa)Concentratie","NVT","NVT","NVT","NVT","clindmcne","clindamycine","(massa)Concentratie clindamycine in Oppervlaktewater in ug/l","meting","NVT","NVT",TRUE,FALSE,FALSE
879,"NVT","NVT","OW","Oppervlaktewater","ug/l","microgram per liter","CONCTTE","(massa)Concentratie","NVT","NVT","NVT","NVT","clofbnzr","clofibrinezuur","(massa)Concentratie clofibrinezuur in Oppervlaktewater in ug/l","meting","NVT","NVT",TRUE,FALSE,FALSE
880,"NVT","NVT","OW","Oppervlaktewater","ug/l","microgram per liter","CONCTTE","(massa)Concentratie","NVT","NVT","NVT","NVT","clofbt","clofibraat","(massa)Concentratie clofibraat in Oppervlaktewater in ug/l","meting","NVT","NVT",TRUE,FALSE,FALSE
881,"NVT","NVT","OW","Oppervlaktewater","ug/l","microgram per liter","CONCTTE","(massa)Concentratie","NVT","NVT","NVT","NVT","clomzn","clomazon","(massa)Concentratie clomazon in Oppervlaktewater in ug/l","meting","NVT","NVT",TRUE,FALSE,FALSE
882,"NVT","NVT","OW","Oppervlaktewater","ug/l","microgram per liter","CONCTTE","(massa)Concentratie","NVT","NVT","NVT","NVT","clotandne","clothianidine","(massa)Concentratie clothianidine in Oppervlaktewater in ug/l","meting","NVT","NVT",FALSE,FALSE,FALSE
883,"NVT","NVT","OW","Oppervlaktewater","ug/l","microgram per liter","CONCTTE","(massa)Concentratie","NVT","NVT","NVT","NVT","clotmzl","clotrimazol","(massa)Concentratie clotrimazol in Oppervlaktewater in ug/l","meting","NVT","NVT",FALSE,FALSE,FALSE
884,"NVT","NVT","OW","Oppervlaktewater","ug/l","microgram per liter","CONCTTE","(massa)Concentratie","NVT","NVT","NVT","NVT","Cloxrn","chlooroxuron","(massa)Concentratie chlooroxuron in Oppervlaktewater in ug/l","meting","NVT","NVT",TRUE,FALSE,FALSE
885,"NVT","NVT","OW","Oppervlaktewater","ug/l","microgram per liter","CONCTTE","(massa)Concentratie","NVT","NVT","NVT","NVT","clozpne","clozapine","(massa)Concentratie clozapine in Oppervlaktewater in ug/l","meting","NVT","NVT",TRUE,FALSE,FALSE
886,"NVT","NVT","OW","Oppervlaktewater","ug/l","microgram per liter","CONCTTE","(massa)Concentratie","NVT","NVT","NVT","NVT","Clpfm","chloorprofam","(massa)Concentratie chloorprofam in Oppervlaktewater in ug/l","meting","NVT","NVT",TRUE,FALSE,FALSE
887,"NVT","NVT","OW","Oppervlaktewater","ug/l","microgram per liter","CONCTTE","(massa)Concentratie","NVT","NVT","NVT","NVT","Clpn","chloropreen","(massa)Concentratie chloropreen in Oppervlaktewater in ug/l","meting","NVT","NVT",TRUE,FALSE,FALSE
888,"NVT","NVT","OW","Oppervlaktewater","ug/l","microgram per liter","CONCTTE","(massa)Concentratie","NVT","NVT","NVT","NVT","cltl","chloorthal","(massa)Concentratie chloorthal in Oppervlaktewater in ug/l","meting","NVT","NVT",TRUE,FALSE,FALSE
889,"NVT","NVT","OW","Oppervlaktewater","ug/l","microgram per liter","CONCTTE","(massa)Concentratie","NVT","NVT","NVT","NVT","Cltlrn","chloortoluron","Gemiddelde (massa)Concentratie chloortoluron in Oppervlaktewater in ug/l","meting","NVT","GEM",FALSE,FALSE,FALSE
890,"NVT","NVT","OW","Oppervlaktewater","ug/l","microgram per liter","CONCTTE","(massa)Concentratie","NVT","NVT","NVT","NVT","Cltlrn","chloortoluron","(massa)Concentratie chloortoluron in Oppervlaktewater in ug/l","meting","NVT","NVT",TRUE,FALSE,FALSE
891,"NVT","NVT","OW","Oppervlaktewater","ug/l","microgram per liter","CONCTTE","(massa)Concentratie","NVT","NVT","NVT","NVT","clxlnl","chloorxylenol","Gemiddelde (massa)Concentratie chloorxylenol in Oppervlaktewater in ug/l","meting","NVT","GEM",FALSE,FALSE,FALSE
892,"NVT","NVT","OW","Oppervlaktewater","ug/l","microgram per liter","CONCTTE","(massa)Concentratie","NVT","NVT","NVT","NVT","clxlnl","chloorxylenol","(massa)Concentratie chloorxylenol in Oppervlaktewater in ug/l","meting","NVT","NVT",TRUE,FALSE,FALSE
893,"NVT","NVT","OW","Oppervlaktewater","ug/l","microgram per liter","CONCTTE","(massa)Concentratie","NVT","NVT","NVT","NVT","CN","cyanide","(massa)Concentratie cyanide in Oppervlaktewater in ug/l","meting","NVT","NVT",TRUE,FALSE,FALSE
894,"NVT","NVT","OW","Oppervlaktewater","ug/l","microgram per liter","CONCTTE","(massa)Concentratie","NVT","NVT","NVT","NVT","CNazne","cyanazine","Gemiddelde (massa)Concentratie cyanazine in Oppervlaktewater in ug/l","meting","NVT","GEM",FALSE,FALSE,FALSE
895,"NVT","NVT","OW","Oppervlaktewater","ug/l","microgram per liter","CONCTTE","(massa)Concentratie","NVT","NVT","NVT","NVT","CNazne","cyanazine","(massa)Concentratie cyanazine in Oppervlaktewater in ug/l","meting","NVT","NVT",TRUE,FALSE,FALSE
896,"NVT","NVT","OW","Oppervlaktewater","ug/l","microgram per liter","CONCTTE","(massa)Concentratie","NVT","NVT","NVT","NVT","CNgandne","cyaanguanidine","(massa)Concentratie cyaanguanidine in Oppervlaktewater in ug/l","meting","NVT","NVT",FALSE,FALSE,FALSE
897,"NVT","NVT","OW","Oppervlaktewater","ug/l","microgram per liter","CONCTTE","(massa)Concentratie","NVT","NVT","NVT","NVT","CNuzr","cyanuurzuur","(massa)Concentratie cyanuurzuur in Oppervlaktewater in ug/l","meting","NVT","NVT",FALSE,FALSE,FALSE
898,"NVT","NVT","OW","Oppervlaktewater","ug/l","microgram per liter","CONCTTE","(massa)Concentratie","NVT","NVT","NVT","NVT","Co","kobalt","(massa)Concentratie kobalt in Oppervlaktewater in ug/l","meting","NVT","NVT",TRUE,FALSE,FALSE
899,"NVT","NVT","OW","Oppervlaktewater","ug/l","microgram per liter","CONCTTE","(massa)Concentratie","NVT","NVT","NVT","NVT","CoxC1yTC8yOH","Carboxymethyldimethyl-3-[{(3,3,4,4,5,5,6,6,7,7,8,8,8-tridecafluoroctyl)sulfonyl}amino]propylammonium hydroxide","(massa)Concentratie Carboxymethyldimethyl-3-[{(3,3,4,4,5,5,6,6,7,7,8,8,8-tridecafluoroctyl)sulfonyl}amino]propylammonium hydroxide in Oppervlaktewater in ug/l","meting","NVT","NVT",TRUE,FALSE,FALSE
900,"NVT","NVT","OW","Oppervlaktewater","ug/l","microgram per liter","CONCTTE","(massa)Concentratie","NVT","NVT","NVT","NVT","Cr","chroom","(massa)Concentratie chroom in Oppervlaktewater in ug/l","meting","NVT","NVT",TRUE,FALSE,FALSE
901,"NVT","NVT","OW","Oppervlaktewater","ug/l","microgram per liter","CONCTTE","(massa)Concentratie","NVT","NVT","NVT","NVT","Cs","cesium","(massa)Concentratie cesium in Oppervlaktewater in ug/l","meting","NVT","NVT",TRUE,FALSE,FALSE
902,"NVT","NVT","OW","Oppervlaktewater","ug/l","microgram per liter","CONCTTE","(massa)Concentratie","NVT","NVT","NVT","NVT","Cu","koper","Gemiddelde (massa)Concentratie koper in Oppervlaktewater in ug/l","meting","NVT","GEM",FALSE,FALSE,FALSE
903,"NVT","NVT","OW","Oppervlaktewater","ug/l","microgram per liter","CONCTTE","(massa)Concentratie","NVT","NVT","NVT","NVT","Cu","koper","(massa)Concentratie koper in Oppervlaktewater in ug/l","meting","NVT","NVT",TRUE,FALSE,FALSE
904,"NVT","NVT","OW","Oppervlaktewater","ug/l","microgram per liter","CONCTTE","(massa)Concentratie","NVT","NVT","NVT","NVT","cumfs","cumafos","(massa)Concentratie cumafos in Oppervlaktewater in ug/l","meting","NVT","NVT",TRUE,FALSE,FALSE
905,"NVT","NVT","OW","Oppervlaktewater","ug/l","microgram per liter","CONCTTE","(massa)Concentratie","NVT","NVT","NVT","NVT","cumn","cumeen","Gemiddelde (massa)Concentratie cumeen in Oppervlaktewater in ug/l","meting","NVT","GEM",FALSE,FALSE,FALSE
906,"NVT","NVT","OW","Oppervlaktewater","ug/l","microgram per liter","CONCTTE","(massa)Concentratie","NVT","NVT","NVT","NVT","cumn","cumeen","(massa)Concentratie cumeen in Oppervlaktewater in ug/l","meting","NVT","NVT",TRUE,FALSE,FALSE
907,"NVT","NVT","OW","Oppervlaktewater","ug/l","microgram per liter","CONCTTE","(massa)Concentratie","NVT","NVT","NVT","NVT","cycC6a","cyclohexaan","Gemiddelde (massa)Concentratie cyclohexaan in Oppervlaktewater in ug/l","meting","NVT","GEM",FALSE,FALSE,FALSE
908,"NVT","NVT","OW","Oppervlaktewater","ug/l","microgram per liter","CONCTTE","(massa)Concentratie","NVT","NVT","NVT","NVT","cycC6a","cyclohexaan","(massa)Concentratie cyclohexaan in Oppervlaktewater in ug/l","meting","NVT","NVT",TRUE,FALSE,FALSE
909,"NVT","NVT","OW","Oppervlaktewater","ug/l","microgram per liter","CONCTTE","(massa)Concentratie","NVT","NVT","NVT","NVT","cycC6on","cyclohexanon","Gemiddelde (massa)Concentratie cyclohexanon in Oppervlaktewater in ug/l","meting","NVT","GEM",FALSE,FALSE,FALSE
910,"NVT","NVT","OW","Oppervlaktewater","ug/l","microgram per liter","CONCTTE","(massa)Concentratie","NVT","NVT","NVT","NVT","cycC6on","cyclohexanon","(massa)Concentratie cyclohexanon in Oppervlaktewater in ug/l","meting","NVT","NVT",FALSE,FALSE,FALSE
911,"NVT","NVT","OW","Oppervlaktewater","ug/l","microgram per liter","CONCTTE","(massa)Concentratie","NVT","NVT","NVT","NVT","cycffAd","cyclofosfamide","(massa)Concentratie cyclofosfamide in Oppervlaktewater in ug/l","meting","NVT","NVT",TRUE,FALSE,FALSE
912,"NVT","NVT","OW","Oppervlaktewater","ug/l","microgram per liter","CONCTTE","(massa)Concentratie","NVT","NVT","NVT","NVT","cycmt","cyclamaat","(massa)Concentratie cyclamaat in Oppervlaktewater in ug/l","meting","NVT","NVT",FALSE,FALSE,FALSE
913,"NVT","NVT","OW","Oppervlaktewater","ug/l","microgram per liter","CONCTTE","(massa)Concentratie","NVT","NVT","NVT","NVT","cypdnl","cyprodinil","(massa)Concentratie cyprodinil in Oppervlaktewater in ug/l","meting","NVT","NVT",TRUE,FALSE,FALSE
914,"NVT","NVT","OW","Oppervlaktewater","ug/l","microgram per liter","CONCTTE","(massa)Concentratie","NVT","NVT","NVT","NVT","cypmtn","cypermethrin","(massa)Concentratie cypermethrin in Oppervlaktewater in ug/l","meting","NVT","NVT",TRUE,FALSE,FALSE
915,"NVT","NVT","OW","Oppervlaktewater","ug/l","microgram per liter","CONCTTE","(massa)Concentratie","NVT","NVT","NVT","NVT","Daznn","diazinon","Gemiddelde (massa)Concentratie diazinon in Oppervlaktewater in ug/l","meting","NVT","GEM",FALSE,FALSE,FALSE
916,"NVT","NVT","OW","Oppervlaktewater","ug/l","microgram per liter","CONCTTE","(massa)Concentratie","NVT","NVT","NVT","NVT","Daznn","diazinon","(massa)Concentratie diazinon in Oppervlaktewater in ug/l","meting","NVT","NVT",TRUE,FALSE,FALSE
917,"NVT","NVT","OW","Oppervlaktewater","ug/l","microgram per liter","CONCTTE","(massa)Concentratie","NVT","NVT","NVT","NVT","DBahAnt","dibenzo(a,h)antraceen","(massa)Concentratie dibenzo(a,h)antraceen in Oppervlaktewater in ug/l","meting","NVT","NVT",TRUE,FALSE,FALSE
918,"NVT","NVT","OW","Oppervlaktewater","ug/l","microgram per liter","CONCTTE","(massa)Concentratie","NVT","NVT","NVT","NVT","DBrC1a","dibroommethaan","(massa)Concentratie dibroommethaan in Oppervlaktewater in ug/l","meting","NVT","NVT",TRUE,FALSE,FALSE
919,"NVT","NVT","OW","Oppervlaktewater","ug/l","microgram per liter","CONCTTE","(massa)Concentratie","NVT","NVT","NVT","NVT","DBrClC1a","dibroomchloormethaan","(massa)Concentratie dibroomchloormethaan in Oppervlaktewater in ug/l","meting","NVT","NVT",TRUE,FALSE,FALSE
920,"NVT","NVT","OW","Oppervlaktewater","ug/l","microgram per liter","CONCTTE","(massa)Concentratie","NVT","NVT","NVT","NVT","DBrHAc","dibroomazijnzuur","(massa)Concentratie dibroomazijnzuur in Oppervlaktewater in ug/l","meting","NVT","NVT",TRUE,FALSE,FALSE
921,"NVT","NVT","OW","Oppervlaktewater","ug/l","microgram per liter","CONCTTE","(massa)Concentratie","NVT","NVT","NVT","NVT","Dbzfrn","dibenzofuran","Gemiddelde (massa)Concentratie dibenzofuran in Oppervlaktewater in ug/l","meting","NVT","GEM",FALSE,FALSE,FALSE
922,"NVT","NVT","OW","Oppervlaktewater","ug/l","microgram per liter","CONCTTE","(massa)Concentratie","NVT","NVT","NVT","NVT","Dbzfrn","dibenzofuran","(massa)Concentratie dibenzofuran in Oppervlaktewater in ug/l","meting","NVT","NVT",FALSE,FALSE,FALSE
923,"NVT","NVT","OW","Oppervlaktewater","ug/l","microgram per liter","CONCTTE","(massa)Concentratie","NVT","NVT","NVT","NVT","DC1oxC1a","dimethoxymethaan","(massa)Concentratie dimethoxymethaan in Oppervlaktewater in ug/l","meting","NVT","NVT",TRUE,FALSE,FALSE
924,"NVT","NVT","OW","Oppervlaktewater","ug/l","microgram per liter","CONCTTE","(massa)Concentratie","NVT","NVT","NVT","NVT","DC1yAe","dimethylamine","(massa)Concentratie dimethylamine in Oppervlaktewater in ug/l","meting","NVT","NVT",TRUE,FALSE,FALSE
925,"NVT","NVT","OW","Oppervlaktewater","ug/l","microgram per liter","CONCTTE","(massa)Concentratie","NVT","NVT","NVT","NVT","DC1yDS","dimethyldisulfide","(massa)Concentratie dimethyldisulfide in Oppervlaktewater in ug/l","meting","NVT","NVT",TRUE,FALSE,FALSE
926,"NVT","NVT","OW","Oppervlaktewater","ug/l","microgram per liter","CONCTTE","(massa)Concentratie","NVT","NVT","NVT","NVT","DC1yFt","dimethylftalaat","(massa)Concentratie dimethylftalaat in Oppervlaktewater in ug/l","meting","NVT","NVT",FALSE,FALSE,FALSE
927,"NVT","NVT","OW","Oppervlaktewater","ug/l","microgram per liter","CONCTTE","(massa)Concentratie","NVT","NVT","NVT","NVT","DC1yNOAe","dimethylnitrosamine","(massa)Concentratie dimethylnitrosamine in Oppervlaktewater in ug/l","meting","NVT","NVT",FALSE,FALSE,FALSE
928,"NVT","NVT","OW","Oppervlaktewater","ug/l","microgram per liter","CONCTTE","(massa)Concentratie","NVT","NVT","NVT","NVT","DC2yAe","diethylamine","(massa)Concentratie diethylamine in Oppervlaktewater in ug/l","meting","NVT","NVT",TRUE,FALSE,FALSE
929,"NVT","NVT","OW","Oppervlaktewater","ug/l","microgram per liter","CONCTTE","(massa)Concentratie","NVT","NVT","NVT","NVT","DC2yFt","diethylftalaat","(massa)Concentratie diethylftalaat in Oppervlaktewater in ug/l","meting","NVT","NVT",TRUE,FALSE,FALSE
930,"NVT","NVT","OW","Oppervlaktewater","ug/l","microgram per liter","CONCTTE","(massa)Concentratie","NVT","NVT","NVT","NVT","DC2yNOAe","diethylnitrosamine","(massa)Concentratie diethylnitrosamine in Oppervlaktewater in ug/l","meting","NVT","NVT",FALSE,FALSE,FALSE
931,"NVT","NVT","OW","Oppervlaktewater","ug/l","microgram per liter","CONCTTE","(massa)Concentratie","NVT","NVT","NVT","NVT","DC3yegcC1yEt","dipropyleenglycolmonomethylether","(massa)Concentratie dipropyleenglycolmonomethylether in Oppervlaktewater in ug/l","meting","NVT","NVT",TRUE,FALSE,FALSE
932,"NVT","NVT","OW","Oppervlaktewater","ug/l","microgram per liter","CONCTTE","(massa)Concentratie","NVT","NVT","NVT","NVT","DC3yNOAe","dipropylnitrosamine","(massa)Concentratie dipropylnitrosamine in Oppervlaktewater in ug/l","meting","NVT","NVT",FALSE,FALSE,FALSE
933,"NVT","NVT","OW","Oppervlaktewater","ug/l","microgram per liter","CONCTTE","(massa)Concentratie","NVT","NVT","NVT","NVT","DC4yFt","dibutylftalaat","(massa)Concentratie dibutylftalaat in Oppervlaktewater in ug/l","meting","NVT","NVT",FALSE,FALSE,FALSE
934,"NVT","NVT","OW","Oppervlaktewater","ug/l","microgram per liter","CONCTTE","(massa)Concentratie","NVT","NVT","NVT","NVT","DC4yNOAe","dibutylnitrosamine","(massa)Concentratie dibutylnitrosamine in Oppervlaktewater in ug/l","meting","NVT","NVT",FALSE,FALSE,FALSE
935,"NVT","NVT","OW","Oppervlaktewater","ug/l","microgram per liter","CONCTTE","(massa)Concentratie","NVT","NVT","NVT","NVT","DC8yFt","dioctylftalaat","(massa)Concentratie dioctylftalaat in Oppervlaktewater in ug/l","meting","NVT","NVT",TRUE,FALSE,FALSE
936,"NVT","NVT","OW","Oppervlaktewater","ug/l","microgram per liter","CONCTTE","(massa)Concentratie","NVT","NVT","NVT","NVT","Dcba","dicamba","(massa)Concentratie dicamba in Oppervlaktewater in ug/l","meting","NVT","NVT",TRUE,FALSE,FALSE
937,"NVT","NVT","OW","Oppervlaktewater","ug/l","microgram per liter","CONCTTE","(massa)Concentratie","NVT","NVT","NVT","NVT","Dcbnl","dichlobenil","(massa)Concentratie dichlobenil in Oppervlaktewater in ug/l","meting","NVT","NVT",TRUE,FALSE,FALSE
938,"NVT","NVT","OW","Oppervlaktewater","ug/l","microgram per liter","CONCTTE","(massa)Concentratie","NVT","NVT","NVT","NVT","DccPeDen","dicyclopentadieen","(massa)Concentratie dicyclopentadieen in Oppervlaktewater in ug/l","meting","NVT","NVT",TRUE,FALSE,FALSE
939,"NVT","NVT","OW","Oppervlaktewater","ug/l","microgram per liter","CONCTTE","(massa)Concentratie","NVT","NVT","NVT","NVT","Dcfl","dicofol","(massa)Concentratie dicofol in Oppervlaktewater in ug/l","meting","NVT","NVT",TRUE,FALSE,FALSE
940,"NVT","NVT","OW","Oppervlaktewater","ug/l","microgram per liter","CONCTTE","(massa)Concentratie","NVT","NVT","NVT","NVT","DClBrC1a","dichloorbroommethaan","Gemiddelde (massa)Concentratie dichloorbroommethaan in Oppervlaktewater in ug/l","meting","NVT","GEM",FALSE,FALSE,FALSE
941,"NVT","NVT","OW","Oppervlaktewater","ug/l","microgram per liter","CONCTTE","(massa)Concentratie","NVT","NVT","NVT","NVT","DClBrC1a","dichloorbroommethaan","(massa)Concentratie dichloorbroommethaan in Oppervlaktewater in ug/l","meting","NVT","NVT",TRUE,FALSE,FALSE
942,"NVT","NVT","OW","Oppervlaktewater","ug/l","microgram per liter","CONCTTE","(massa)Concentratie","NVT","NVT","NVT","NVT","DClC1a","dichloormethaan","Gemiddelde (massa)Concentratie dichloormethaan in Oppervlaktewater in ug/l","meting","NVT","GEM",FALSE,FALSE,FALSE
943,"NVT","NVT","OW","Oppervlaktewater","ug/l","microgram per liter","CONCTTE","(massa)Concentratie","NVT","NVT","NVT","NVT","DClC1a","dichloormethaan","(massa)Concentratie dichloormethaan in Oppervlaktewater in ug/l","meting","NVT","NVT",TRUE,FALSE,FALSE
944,"NVT","NVT","OW","Oppervlaktewater","ug/l","microgram per liter","CONCTTE","(massa)Concentratie","NVT","NVT","NVT","NVT","DClDiC3yEtr","2,2'-Dichloordiisopropyl ether","(massa)Concentratie 2,2'-Dichloordiisopropyl ether in Oppervlaktewater in ug/l","meting","NVT","NVT",TRUE,FALSE,FALSE
945,"NVT","NVT","OW","Oppervlaktewater","ug/l","microgram per liter","CONCTTE","(massa)Concentratie","NVT","NVT","NVT","NVT","DClHAc","dichloorazijnzuur","(massa)Concentratie dichloorazijnzuur in Oppervlaktewater in ug/l","meting","NVT","NVT",TRUE,FALSE,FALSE
946,"NVT","NVT","OW","Oppervlaktewater","ug/l","microgram per liter","CONCTTE","(massa)Concentratie","NVT","NVT","NVT","NVT","Dclofnc","diclofenac","Gemiddelde (massa)Concentratie diclofenac in Oppervlaktewater in ug/l","meting","NVT","GEM",FALSE,FALSE,FALSE
947,"NVT","NVT","OW","Oppervlaktewater","ug/l","microgram per liter","CONCTTE","(massa)Concentratie","NVT","NVT","NVT","NVT","Dclofnc","diclofenac","(massa)Concentratie diclofenac in Oppervlaktewater in ug/l","meting","NVT","NVT",TRUE,FALSE,FALSE
948,"NVT","NVT","OW","Oppervlaktewater","ug/l","microgram per liter","CONCTTE","(massa)Concentratie","NVT","NVT","NVT","NVT","DClvs","dichloorvos","Gemiddelde (massa)Concentratie dichloorvos in Oppervlaktewater in ug/l","meting","NVT","GEM",FALSE,FALSE,FALSE
949,"NVT","NVT","OW","Oppervlaktewater","ug/l","microgram per liter","CONCTTE","(massa)Concentratie","NVT","NVT","NVT","NVT","DClvs","dichloorvos","(massa)Concentratie dichloorvos in Oppervlaktewater in ug/l","meting","NVT","NVT",TRUE,FALSE,FALSE
950,"NVT","NVT","OW","Oppervlaktewater","ug/l","microgram per liter","CONCTTE","(massa)Concentratie","NVT","NVT","NVT","NVT","DDPA","verdyl acetaat","(massa)Concentratie verdyl acetaat in Oppervlaktewater in ug/l","meting","NVT","NVT",TRUE,FALSE,FALSE
951,"NVT","NVT","OW","Oppervlaktewater","ug/l","microgram per liter","CONCTTE","(massa)Concentratie","NVT","NVT","NVT","NVT","DEET","diethyltoluamide","Gemiddelde (massa)Concentratie diethyltoluamide in Oppervlaktewater in ug/l","meting","NVT","GEM",FALSE,FALSE,FALSE
952,"NVT","NVT","OW","Oppervlaktewater","ug/l","microgram per liter","CONCTTE","(massa)Concentratie","NVT","NVT","NVT","NVT","DEET","diethyltoluamide","(massa)Concentratie diethyltoluamide in Oppervlaktewater in ug/l","meting","NVT","NVT",TRUE,FALSE,FALSE
953,"NVT","NVT","OW","Oppervlaktewater","ug/l","microgram per liter","CONCTTE","(massa)Concentratie","NVT","NVT","NVT","NVT","DEHP","bis(2-ethylhexyl)ftalaat (DEHP)","(massa)Concentratie bis(2-ethylhexyl)ftalaat (DEHP) in Oppervlaktewater in ug/l","meting","NVT","NVT",TRUE,FALSE,FALSE
954,"NVT","NVT","OW","Oppervlaktewater","ug/l","microgram per liter","CONCTTE","(massa)Concentratie","NVT","NVT","NVT","NVT","demtnO","demeton-O","(massa)Concentratie demeton-O in Oppervlaktewater in ug/l","meting","NVT","NVT",TRUE,FALSE,FALSE
955,"NVT","NVT","OW","Oppervlaktewater","ug/l","microgram per liter","CONCTTE","(massa)Concentratie","NVT","NVT","NVT","NVT","demtnS","demeton-S","(massa)Concentratie demeton-S in Oppervlaktewater in ug/l","meting","NVT","NVT",TRUE,FALSE,FALSE
956,"NVT","NVT","OW","Oppervlaktewater","ug/l","microgram per liter","CONCTTE","(massa)Concentratie","NVT","NVT","NVT","NVT","demtSC1y","demeton-S-methyl","(massa)Concentratie demeton-S-methyl in Oppervlaktewater in ug/l","meting","NVT","NVT",TRUE,FALSE,FALSE
957,"NVT","NVT","OW","Oppervlaktewater","ug/l","microgram per liter","CONCTTE","(massa)Concentratie","NVT","NVT","NVT","NVT","desC2yatzne","desethylatrazine","Gemiddelde (massa)Concentratie desethylatrazine in Oppervlaktewater in ug/l","meting","NVT","GEM",FALSE,FALSE,FALSE
958,"NVT","NVT","OW","Oppervlaktewater","ug/l","microgram per liter","CONCTTE","(massa)Concentratie","NVT","NVT","NVT","NVT","desC2yatzne","desethylatrazine","(massa)Concentratie desethylatrazine in Oppervlaktewater in ug/l","meting","NVT","NVT",TRUE,FALSE,FALSE
959,"NVT","NVT","OW","Oppervlaktewater","ug/l","microgram per liter","CONCTTE","(massa)Concentratie","NVT","NVT","NVT","NVT","desFyClidzn","desfenylchloridazon","(massa)Concentratie desfenylchloridazon in Oppervlaktewater in ug/l","meting","NVT","NVT",TRUE,FALSE,FALSE
960,"NVT","NVT","OW","Oppervlaktewater","ug/l","microgram per liter","CONCTTE","(massa)Concentratie","NVT","NVT","NVT","NVT","desiC3yatzne","desisopropylatrazine","(massa)Concentratie desisopropylatrazine in Oppervlaktewater in ug/l","meting","NVT","NVT",TRUE,FALSE,FALSE
961,"NVT","NVT","OW","Oppervlaktewater","ug/l","microgram per liter","CONCTTE","(massa)Concentratie","NVT","NVT","NVT","NVT","desmtn","desmetryn","(massa)Concentratie desmetryn in Oppervlaktewater in ug/l","meting","NVT","NVT",TRUE,FALSE,FALSE
962,"NVT","NVT","OW","Oppervlaktewater","ug/l","microgram per liter","CONCTTE","(massa)Concentratie","NVT","NVT","NVT","NVT","desvlfxne","desvenlafaxine","(massa)Concentratie desvenlafaxine in Oppervlaktewater in ug/l","meting","NVT","NVT",TRUE,FALSE,FALSE
963,"NVT","NVT","OW","Oppervlaktewater","ug/l","microgram per liter","CONCTTE","(massa)Concentratie","NVT","NVT","NVT","NVT","Dfbzrn","diflubenzuron","(massa)Concentratie diflubenzuron in Oppervlaktewater in ug/l","meting","NVT","NVT",TRUE,FALSE,FALSE
964,"NVT","NVT","OW","Oppervlaktewater","ug/l","microgram per liter","CONCTTE","(massa)Concentratie","NVT","NVT","NVT","NVT","Dffncn","diflufenican","(massa)Concentratie diflufenican in Oppervlaktewater in ug/l","meting","NVT","NVT",TRUE,FALSE,FALSE
965,"NVT","NVT","OW","Oppervlaktewater","ug/l","microgram per liter","CONCTTE","(massa)Concentratie","NVT","NVT","NVT","NVT","dHCH","delta-hexachloorcyclohexaan","(massa)Concentratie delta-hexachloorcyclohexaan in Oppervlaktewater in ug/l","meting","NVT","NVT",TRUE,FALSE,FALSE
966,"NVT","NVT","OW","Oppervlaktewater","ug/l","microgram per liter","CONCTTE","(massa)Concentratie","NVT","NVT","NVT","NVT","DiC3yEtr","diisopropylether","Gemiddelde (massa)Concentratie diisopropylether in Oppervlaktewater in ug/l","meting","NVT","GEM",FALSE,FALSE,FALSE
967,"NVT","NVT","OW","Oppervlaktewater","ug/l","microgram per liter","CONCTTE","(massa)Concentratie","NVT","NVT","NVT","NVT","DiC3yEtr","diisopropylether","(massa)Concentratie diisopropylether in Oppervlaktewater in ug/l","meting","NVT","NVT",TRUE,FALSE,FALSE
968,"NVT","NVT","OW","Oppervlaktewater","ug/l","microgram per liter","CONCTTE","(massa)Concentratie","NVT","NVT","NVT","NVT","DiC4yFt","diisobutylftalaat","(massa)Concentratie diisobutylftalaat in Oppervlaktewater in ug/l","meting","NVT","NVT",TRUE,FALSE,FALSE
969,"NVT","NVT","OW","Oppervlaktewater","ug/l","microgram per liter","CONCTTE","(massa)Concentratie","NVT","NVT","NVT","NVT","dieldn","dieldrin","(massa)Concentratie dieldrin in Oppervlaktewater in ug/l","meting","NVT","NVT",TRUE,FALSE,FALSE
970,"NVT","NVT","OW","Oppervlaktewater","ug/l","microgram per liter","CONCTTE","(massa)Concentratie","NVT","NVT","NVT","NVT","DmtAd","dimethenamide","Gemiddelde (massa)Concentratie dimethenamide in Oppervlaktewater in ug/l","meting","NVT","GEM",FALSE,FALSE,FALSE
971,"NVT","NVT","OW","Oppervlaktewater","ug/l","microgram per liter","CONCTTE","(massa)Concentratie","NVT","NVT","NVT","NVT","DmtAd","dimethenamide","(massa)Concentratie dimethenamide in Oppervlaktewater in ug/l","meting","NVT","NVT",TRUE,FALSE,FALSE
972,"NVT","NVT","OW","Oppervlaktewater","ug/l","microgram per liter","CONCTTE","(massa)Concentratie","NVT","NVT","NVT","NVT","Dmtat","dimethoaat","(massa)Concentratie dimethoaat in Oppervlaktewater in ug/l","meting","NVT","NVT",TRUE,FALSE,FALSE
973,"NVT","NVT","OW","Oppervlaktewater","ug/l","microgram per liter","CONCTTE","(massa)Concentratie","NVT","NVT","NVT","NVT","DmTdzl","dimetridazol","(massa)Concentratie dimetridazol in Oppervlaktewater in ug/l","meting","NVT","NVT",TRUE,FALSE,FALSE
974,"NVT","NVT","OW","Oppervlaktewater","ug/l","microgram per liter","CONCTTE","(massa)Concentratie","NVT","NVT","NVT","NVT","Dmtmf","dimethomorf","(massa)Concentratie dimethomorf in Oppervlaktewater in ug/l","meting","NVT","NVT",FALSE,FALSE,FALSE
975,"NVT","NVT","OW","Oppervlaktewater","ug/l","microgram per liter","CONCTTE","(massa)Concentratie","NVT","NVT","NVT","NVT","dmtn","deltamethrin","(massa)Concentratie deltamethrin in Oppervlaktewater in ug/l","meting","NVT","NVT",TRUE,FALSE,FALSE
976,"NVT","NVT","OW","Oppervlaktewater","ug/l","microgram per liter","CONCTTE","(massa)Concentratie","NVT","NVT","NVT","NVT","DmtnmdP","dimethenamid-P","(massa)Concentratie dimethenamid-P in Oppervlaktewater in ug/l","meting","NVT","NVT",TRUE,FALSE,FALSE
977,"NVT","NVT","OW","Oppervlaktewater","ug/l","microgram per liter","CONCTTE","(massa)Concentratie","NVT","NVT","NVT","NVT","Dmxsbne","dimoxystrobine","(massa)Concentratie dimoxystrobine in Oppervlaktewater in ug/l","meting","NVT","NVT",FALSE,FALSE,FALSE
978,"NVT","NVT","OW","Oppervlaktewater","ug/l","microgram per liter","CONCTTE","(massa)Concentratie","NVT","NVT","NVT","NVT","Dnbtn","dinobuton","(massa)Concentratie dinobuton in Oppervlaktewater in ug/l","meting","NVT","NVT",FALSE,FALSE,FALSE
979,"NVT","NVT","OW","Oppervlaktewater","ug/l","microgram per liter","CONCTTE","(massa)Concentratie","NVT","NVT","NVT","NVT","DNOC","4,6-dinitro-o-cresol","(massa)Concentratie 4,6-dinitro-o-cresol in Oppervlaktewater in ug/l","meting","NVT","NVT",TRUE,FALSE,FALSE
980,"NVT","NVT","OW","Oppervlaktewater","ug/l","microgram per liter","CONCTTE","(massa)Concentratie","NVT","NVT","NVT","NVT","Dnsactt","dinoseb-acetaat","(massa)Concentratie dinoseb-acetaat in Oppervlaktewater in ug/l","meting","NVT","NVT",FALSE,FALSE,FALSE
981,"NVT","NVT","OW","Oppervlaktewater","ug/l","microgram per liter","CONCTTE","(massa)Concentratie","NVT","NVT","NVT","NVT","Dnsb","dinoseb","Gemiddelde (massa)Concentratie dinoseb in Oppervlaktewater in ug/l","meting","NVT","GEM",FALSE,FALSE,FALSE
982,"NVT","NVT","OW","Oppervlaktewater","ug/l","microgram per liter","CONCTTE","(massa)Concentratie","NVT","NVT","NVT","NVT","Dnsb","dinoseb","(massa)Concentratie dinoseb in Oppervlaktewater in ug/l","meting","NVT","NVT",TRUE,FALSE,FALSE
983,"NVT","NVT","OW","Oppervlaktewater","ug/l","microgram per liter","CONCTTE","(massa)Concentratie","NVT","NVT","NVT","NVT","Dntb","dinoterb","(massa)Concentratie dinoterb in Oppervlaktewater in ug/l","meting","NVT","NVT",TRUE,FALSE,FALSE
984,"NVT","NVT","OW","Oppervlaktewater","ug/l","microgram per liter","CONCTTE","(massa)Concentratie","NVT","NVT","NVT","NVT","dodne","dodine","(massa)Concentratie dodine in Oppervlaktewater in ug/l","meting","NVT","NVT",TRUE,FALSE,FALSE
985,"NVT","NVT","OW","Oppervlaktewater","ug/l","microgram per liter","CONCTTE","(massa)Concentratie","NVT","NVT","NVT","NVT","DONA","4,8-dioxa-3H-perfluornonaanzuur","(massa)Concentratie 4,8-dioxa-3H-perfluornonaanzuur in Oppervlaktewater in ug/l","meting","NVT","NVT",TRUE,FALSE,FALSE
986,"NVT","NVT","OW","Oppervlaktewater","ug/l","microgram per liter","CONCTTE","(massa)Concentratie","NVT","NVT","NVT","NVT","DPMI","cashmeran","(massa)Concentratie cashmeran in Oppervlaktewater in ug/l","meting","NVT","NVT",TRUE,FALSE,FALSE
987,"NVT","NVT","OW","Oppervlaktewater","ug/l","microgram per liter","CONCTTE","(massa)Concentratie","NVT","NVT","NVT","NVT","Dpyrdml","dipyridamol","(massa)Concentratie dipyridamol in Oppervlaktewater in ug/l","meting","NVT","NVT",TRUE,FALSE,FALSE
988,"NVT","NVT","OW","Oppervlaktewater","ug/l","microgram per liter","CONCTTE","(massa)Concentratie","NVT","NVT","NVT","NVT","Dsftn","disulfoton","(massa)Concentratie disulfoton in Oppervlaktewater in ug/l","meting","NVT","NVT",TRUE,FALSE,FALSE
989,"NVT","NVT","OW","Oppervlaktewater","ug/l","microgram per liter","CONCTTE","(massa)Concentratie","NVT","NVT","NVT","NVT","Dtann","dithianon","(massa)Concentratie dithianon in Oppervlaktewater in ug/l","meting","NVT","NVT",TRUE,FALSE,FALSE
990,"NVT","NVT","OW","Oppervlaktewater","ug/l","microgram per liter","CONCTTE","(massa)Concentratie","NVT","NVT","NVT","NVT","DTPA","di-ethyleentriaminepentaazijnzuur (DTPA)","(massa)Concentratie di-ethyleentriaminepentaazijnzuur (DTPA) in Oppervlaktewater in ug/l","meting","NVT","NVT",TRUE,FALSE,FALSE
991,"NVT","NVT","OW","Oppervlaktewater","ug/l","microgram per liter","CONCTTE","(massa)Concentratie","NVT","NVT","NVT","NVT","Durn","diuron","Gemiddelde (massa)Concentratie diuron in Oppervlaktewater in ug/l","meting","NVT","GEM",FALSE,FALSE,FALSE
992,"NVT","NVT","OW","Oppervlaktewater","ug/l","microgram per liter","CONCTTE","(massa)Concentratie","NVT","NVT","NVT","NVT","Durn","diuron","(massa)Concentratie diuron in Oppervlaktewater in ug/l","meting","NVT","NVT",TRUE,FALSE,FALSE
993,"NVT","NVT","OW","Oppervlaktewater","ug/l","microgram per liter","CONCTTE","(massa)Concentratie","NVT","NVT","NVT","NVT","Dy","dysprosium","(massa)Concentratie dysprosium in Oppervlaktewater in ug/l","meting","NVT","NVT",TRUE,FALSE,FALSE
994,"NVT","NVT","OW","Oppervlaktewater","ug/l","microgram per liter","CONCTTE","(massa)Concentratie","NVT","NVT","NVT","NVT","EDTA","ethyleendiaminetetraethaanzuur (EDTA)","(massa)Concentratie ethyleendiaminetetraethaanzuur (EDTA) in Oppervlaktewater in ug/l","meting","NVT","NVT",TRUE,FALSE,FALSE
995,"NVT","NVT","OW","Oppervlaktewater","ug/l","microgram per liter","CONCTTE","(massa)Concentratie","NVT","NVT","NVT","NVT","endn","endrin","(massa)Concentratie endrin in Oppervlaktewater in ug/l","meting","NVT","NVT",TRUE,FALSE,FALSE
996,"NVT","NVT","OW","Oppervlaktewater","ug/l","microgram per liter","CONCTTE","(massa)Concentratie","NVT","NVT","NVT","NVT","epClhdne","epichloorhydrine","(massa)Concentratie epichloorhydrine in Oppervlaktewater in ug/l","meting","NVT","NVT",TRUE,FALSE,FALSE
997,"NVT","NVT","OW","Oppervlaktewater","ug/l","microgram per liter","CONCTTE","(massa)Concentratie","NVT","NVT","NVT","NVT","Er","erbium","(massa)Concentratie erbium in Oppervlaktewater in ug/l","meting","NVT","NVT",TRUE,FALSE,FALSE
998,"NVT","NVT","OW","Oppervlaktewater","ug/l","microgram per liter","CONCTTE","(massa)Concentratie","NVT","NVT","NVT","NVT","ertmcne","erytromycine","(massa)Concentratie erytromycine in Oppervlaktewater in ug/l","meting","NVT","NVT",TRUE,FALSE,FALSE
999,"NVT","NVT","OW","Oppervlaktewater","ug/l","microgram per liter","CONCTTE","(massa)Concentratie","NVT","NVT","NVT","NVT","esfvlrt","esfenvaleraat","(massa)Concentratie esfenvaleraat in Oppervlaktewater in ug/l","meting","NVT","NVT",TRUE,FALSE,FALSE
1000,"NVT","NVT","OW","Oppervlaktewater","ug/l","microgram per liter","CONCTTE","(massa)Concentratie","NVT","NVT","NVT","NVT","ETCB","sandacanol","(massa)Concentratie sandacanol in Oppervlaktewater in ug/l","meting","NVT","NVT",TRUE,FALSE,FALSE
1001,"NVT","NVT","OW","Oppervlaktewater","ug/l","microgram per liter","CONCTTE","(massa)Concentratie","NVT","NVT","NVT","NVT","eTDazl","etridiazol","(massa)Concentratie etridiazol in Oppervlaktewater in ug/l","meting","NVT","NVT",TRUE,FALSE,FALSE
1002,"NVT","NVT","OW","Oppervlaktewater","ug/l","microgram per liter","CONCTTE","(massa)Concentratie","NVT","NVT","NVT","NVT","etfmst","ethofumesaat","(massa)Concentratie ethofumesaat in Oppervlaktewater in ug/l","meting","NVT","NVT",TRUE,FALSE,FALSE
1003,"NVT","NVT","OW","Oppervlaktewater","ug/l","microgram per liter","CONCTTE","(massa)Concentratie","NVT","NVT","NVT","NVT","EtFOSAA","N-ethyl-perfluoroctaan sulfonamidoazijnzuur","(massa)Concentratie N-ethyl-perfluoroctaan sulfonamidoazijnzuur in Oppervlaktewater in ug/l","meting","NVT","NVT",TRUE,FALSE,FALSE
1004,"NVT","NVT","OW","Oppervlaktewater","ug/l","microgram per liter","CONCTTE","(massa)Concentratie","NVT","NVT","NVT","NVT","etnetDol","ethinylestradiol","(massa)Concentratie ethinylestradiol in Oppervlaktewater in ug/l","meting","NVT","NVT",FALSE,FALSE,FALSE
1005,"NVT","NVT","OW","Oppervlaktewater","ug/l","microgram per liter","CONCTTE","(massa)Concentratie","NVT","NVT","NVT","NVT","etofcb","ethiofencarb","(massa)Concentratie ethiofencarb in Oppervlaktewater in ug/l","meting","NVT","NVT",FALSE,FALSE,FALSE
1006,"NVT","NVT","OW","Oppervlaktewater","ug/l","microgram per liter","CONCTTE","(massa)Concentratie","NVT","NVT","NVT","NVT","etpfs","ethoprofos","(massa)Concentratie ethoprofos in Oppervlaktewater in ug/l","meting","NVT","NVT",TRUE,FALSE,FALSE
1007,"NVT","NVT","OW","Oppervlaktewater","ug/l","microgram per liter","CONCTTE","(massa)Concentratie","NVT","NVT","NVT","NVT","Eu","europium","(massa)Concentratie europium in Oppervlaktewater in ug/l","meting","NVT","NVT",TRUE,FALSE,FALSE
1008,"NVT","NVT","OW","Oppervlaktewater","ug/l","microgram per liter","CONCTTE","(massa)Concentratie","NVT","NVT","NVT","NVT","famxdne","famoxadone","(massa)Concentratie famoxadone in Oppervlaktewater in ug/l","meting","NVT","NVT",TRUE,FALSE,FALSE
1009,"NVT","NVT","OW","Oppervlaktewater","ug/l","microgram per liter","CONCTTE","(massa)Concentratie","NVT","NVT","NVT","NVT","Fen","fenantreen","Gemiddelde (massa)Concentratie fenantreen in Oppervlaktewater in ug/l","meting","NVT","GEM",FALSE,FALSE,FALSE
1010,"NVT","NVT","OW","Oppervlaktewater","ug/l","microgram per liter","CONCTTE","(massa)Concentratie","NVT","NVT","NVT","NVT","Fen","fenantreen","(massa)Concentratie fenantreen in Oppervlaktewater in ug/l","meting","NVT","NVT",TRUE,FALSE,FALSE
1011,"NVT","NVT","OW","Oppervlaktewater","ug/l","microgram per liter","CONCTTE","(massa)Concentratie","NVT","NVT","NVT","NVT","fenamfs","fenamifos","(massa)Concentratie fenamifos in Oppervlaktewater in ug/l","meting","NVT","NVT",TRUE,FALSE,FALSE
1012,"NVT","NVT","OW","Oppervlaktewater","ug/l","microgram per liter","CONCTTE","(massa)Concentratie","NVT","NVT","NVT","NVT","fenfbnzr","fenofibrinezuur","(massa)Concentratie fenofibrinezuur in Oppervlaktewater in ug/l","meting","NVT","NVT",TRUE,FALSE,FALSE
1013,"NVT","NVT","OW","Oppervlaktewater","ug/l","microgram per liter","CONCTTE","(massa)Concentratie","NVT","NVT","NVT","NVT","fenfbt","fenofibraat","(massa)Concentratie fenofibraat in Oppervlaktewater in ug/l","meting","NVT","NVT",TRUE,FALSE,FALSE
1014,"NVT","NVT","OW","Oppervlaktewater","ug/l","microgram per liter","CONCTTE","(massa)Concentratie","NVT","NVT","NVT","NVT","feNO2ton","fenitrothion","(massa)Concentratie fenitrothion in Oppervlaktewater in ug/l","meting","NVT","NVT",TRUE,FALSE,FALSE
1015,"NVT","NVT","OW","Oppervlaktewater","ug/l","microgram per liter","CONCTTE","(massa)Concentratie","NVT","NVT","NVT","NVT","fenOxcb","fenoxycarb","(massa)Concentratie fenoxycarb in Oppervlaktewater in ug/l","meting","NVT","NVT",TRUE,FALSE,FALSE
1016,"NVT","NVT","OW","Oppervlaktewater","ug/l","microgram per liter","CONCTTE","(massa)Concentratie","NVT","NVT","NVT","NVT","fenrn","fenuron","(massa)Concentratie fenuron in Oppervlaktewater in ug/l","meting","NVT","NVT",TRUE,FALSE,FALSE
1017,"NVT","NVT","OW","Oppervlaktewater","ug/l","microgram per liter","CONCTTE","(massa)Concentratie","NVT","NVT","NVT","NVT","fenton","fenthion","(massa)Concentratie fenthion in Oppervlaktewater in ug/l","meting","NVT","NVT",TRUE,FALSE,FALSE
1018,"NVT","NVT","OW","Oppervlaktewater","ug/l","microgram per liter","CONCTTE","(massa)Concentratie","NVT","NVT","NVT","NVT","fenzn","fenazon (antipyrine)","Gemiddelde (massa)Concentratie fenazon (antipyrine) in Oppervlaktewater in ug/l","meting","NVT","GEM",FALSE,FALSE,FALSE
1019,"NVT","NVT","OW","Oppervlaktewater","ug/l","microgram per liter","CONCTTE","(massa)Concentratie","NVT","NVT","NVT","NVT","fenzn","fenazon (antipyrine)","(massa)Concentratie fenazon (antipyrine) in Oppervlaktewater in ug/l","meting","NVT","NVT",TRUE,FALSE,FALSE
1020,"NVT","NVT","OW","Oppervlaktewater","ug/l","microgram per liter","CONCTTE","(massa)Concentratie","NVT","NVT","NVT","NVT","FEOa","Feofytine a","(massa)Concentratie Feofytine a in Oppervlaktewater in ug/l","meting","NVT","NVT",TRUE,FALSE,FALSE
1021,"NVT","NVT","OW","Oppervlaktewater","ug/l","microgram per liter","CONCTTE","(massa)Concentratie","NVT","NVT","NVT","NVT","FEOb","Feofytine b","(massa)Concentratie Feofytine b in Oppervlaktewater in ug/l","meting","NVT","NVT",TRUE,FALSE,FALSE
1022,"NVT","NVT","OW","Oppervlaktewater","ug/l","microgram per liter","CONCTTE","(massa)Concentratie","NVT","NVT","NVT","NVT","ferrcn","ferroceen","(massa)Concentratie ferroceen in Oppervlaktewater in ug/l","meting","NVT","NVT",FALSE,FALSE,FALSE
1023,"NVT","NVT","OW","Oppervlaktewater","ug/l","microgram per liter","CONCTTE","(massa)Concentratie","NVT","NVT","NVT","NVT","fipnl","fipronil","(massa)Concentratie fipronil in Oppervlaktewater in ug/l","meting","NVT","NVT",FALSE,FALSE,FALSE
1024,"NVT","NVT","OW","Oppervlaktewater","ug/l","microgram per liter","CONCTTE","(massa)Concentratie","NVT","NVT","NVT","NVT","Fle","fluoreen","Gemiddelde (massa)Concentratie fluoreen in Oppervlaktewater in ug/l","meting","NVT","GEM",FALSE,FALSE,FALSE
1025,"NVT","NVT","OW","Oppervlaktewater","ug/l","microgram per liter","CONCTTE","(massa)Concentratie","NVT","NVT","NVT","NVT","Fle","fluoreen","(massa)Concentratie fluoreen in Oppervlaktewater in ug/l","meting","NVT","NVT",TRUE,FALSE,FALSE
1026,"NVT","NVT","OW","Oppervlaktewater","ug/l","microgram per liter","CONCTTE","(massa)Concentratie","NVT","NVT","NVT","NVT","Flu","fluorantheen","(massa)Concentratie fluorantheen in Oppervlaktewater in ug/l","meting","NVT","NVT",TRUE,FALSE,FALSE
1027,"NVT","NVT","OW","Oppervlaktewater","ug/l","microgram per liter","CONCTTE","(massa)Concentratie","NVT","NVT","NVT","NVT","flucnzl","fluconazol","(massa)Concentratie fluconazol in Oppervlaktewater in ug/l","meting","NVT","NVT",TRUE,FALSE,FALSE
1028,"NVT","NVT","OW","Oppervlaktewater","ug/l","microgram per liter","CONCTTE","(massa)Concentratie","NVT","NVT","NVT","NVT","fluoxtne","fluoxetine","(massa)Concentratie fluoxetine in Oppervlaktewater in ug/l","meting","NVT","NVT",TRUE,FALSE,FALSE
1029,"NVT","NVT","OW","Oppervlaktewater","ug/l","microgram per liter","CONCTTE","(massa)Concentratie","NVT","NVT","NVT","NVT","flurOxpr","fluroxypyr","(massa)Concentratie fluroxypyr in Oppervlaktewater in ug/l","meting","NVT","NVT",FALSE,FALSE,FALSE
1030,"NVT","NVT","OW","Oppervlaktewater","ug/l","microgram per liter","CONCTTE","(massa)Concentratie","NVT","NVT","NVT","NVT","flutlnl","flutolanil","(massa)Concentratie flutolanil in Oppervlaktewater in ug/l","meting","NVT","NVT",TRUE,FALSE,FALSE
1031,"NVT","NVT","OW","Oppervlaktewater","ug/l","microgram per liter","CONCTTE","(massa)Concentratie","NVT","NVT","NVT","NVT","FolINDX","fenolindex","(massa)Concentratie fenolindex in Oppervlaktewater in ug/l","meting","NVT","NVT",TRUE,FALSE,FALSE
1032,"NVT","NVT","OW","Oppervlaktewater","ug/l","microgram per liter","CONCTTE","(massa)Concentratie","NVT","NVT","NVT","NVT","fonfs","fonofos","(massa)Concentratie fonofos in Oppervlaktewater in ug/l","meting","NVT","NVT",TRUE,FALSE,FALSE
1033,"NVT","NVT","OW","Oppervlaktewater","ug/l","microgram per liter","CONCTTE","(massa)Concentratie","NVT","NVT","NVT","NVT","fosfmdn","fosfamidon","(massa)Concentratie fosfamidon in Oppervlaktewater in ug/l","meting","NVT","NVT",TRUE,FALSE,FALSE
1034,"NVT","NVT","OW","Oppervlaktewater","ug/l","microgram per liter","CONCTTE","(massa)Concentratie","NVT","NVT","NVT","NVT","fOxm","foxim","Gemiddelde (massa)Concentratie foxim in Oppervlaktewater in ug/l","meting","NVT","GEM",FALSE,FALSE,FALSE
1035,"NVT","NVT","OW","Oppervlaktewater","ug/l","microgram per liter","CONCTTE","(massa)Concentratie","NVT","NVT","NVT","NVT","fOxm","foxim","(massa)Concentratie foxim in Oppervlaktewater in ug/l","meting","NVT","NVT",FALSE,FALSE,FALSE
1036,"NVT","NVT","OW","Oppervlaktewater","ug/l","microgram per liter","CONCTTE","(massa)Concentratie","NVT","NVT","NVT","NVT","FRD-903","perfluor-2-propoxypropaanzuur","(massa)Concentratie perfluor-2-propoxypropaanzuur in Oppervlaktewater in ug/l","meting","NVT","NVT",TRUE,FALSE,FALSE
1037,"NVT","NVT","OW","Oppervlaktewater","ug/l","microgram per liter","CONCTTE","(massa)Concentratie","NVT","NVT","NVT","NVT","fursmde","furosemide","(massa)Concentratie furosemide in Oppervlaktewater in ug/l","meting","NVT","NVT",TRUE,FALSE,FALSE
1038,"NVT","NVT","OW","Oppervlaktewater","ug/l","microgram per liter","CONCTTE","(massa)Concentratie","NVT","NVT","NVT","NVT","Ga","gallium","(massa)Concentratie gallium in Oppervlaktewater in ug/l","meting","NVT","NVT",TRUE,FALSE,FALSE
1039,"NVT","NVT","OW","Oppervlaktewater","ug/l","microgram per liter","CONCTTE","(massa)Concentratie","NVT","NVT","NVT","NVT","gabptne","gabapentine","(massa)Concentratie gabapentine in Oppervlaktewater in ug/l","meting","NVT","NVT",TRUE,FALSE,FALSE
1040,"NVT","NVT","OW","Oppervlaktewater","ug/l","microgram per liter","CONCTTE","(massa)Concentratie","NVT","NVT","NVT","NVT","Gd","gadolinium","(massa)Concentratie gadolinium in Oppervlaktewater in ug/l","meting","NVT","NVT",TRUE,FALSE,FALSE
1041,"NVT","NVT","OW","Oppervlaktewater","ug/l","microgram per liter","CONCTTE","(massa)Concentratie","NVT","NVT","NVT","NVT","gemfbzl","gemfibrozil","(massa)Concentratie gemfibrozil in Oppervlaktewater in ug/l","meting","NVT","NVT",TRUE,FALSE,FALSE
1042,"NVT","NVT","OW","Oppervlaktewater","ug/l","microgram per liter","CONCTTE","(massa)Concentratie","NVT","NVT","NVT","NVT","glufsnt","glufosinaat","(massa)Concentratie glufosinaat in Oppervlaktewater in ug/l","meting","NVT","NVT",TRUE,FALSE,FALSE
1043,"NVT","NVT","OW","Oppervlaktewater","ug/l","microgram per liter","CONCTTE","(massa)Concentratie","NVT","NVT","NVT","NVT","glufsntNH4","glufosinaat-ammonium","(massa)Concentratie glufosinaat-ammonium in Oppervlaktewater in ug/l","meting","NVT","NVT",TRUE,FALSE,FALSE
1044,"NVT","NVT","OW","Oppervlaktewater","ug/l","microgram per liter","CONCTTE","(massa)Concentratie","NVT","NVT","NVT","NVT","glyfst","glyfosaat","(massa)Concentratie glyfosaat in Oppervlaktewater in ug/l","meting","NVT","NVT",TRUE,FALSE,FALSE
1045,"NVT","NVT","OW","Oppervlaktewater","ug/l","microgram per liter","CONCTTE","(massa)Concentratie","NVT","NVT","NVT","NVT","guanurum","guanylureum","(massa)Concentratie guanylureum in Oppervlaktewater in ug/l","meting","NVT","NVT",TRUE,FALSE,FALSE
1046,"NVT","NVT","OW","Oppervlaktewater","ug/l","microgram per liter","CONCTTE","(massa)Concentratie","NVT","NVT","NVT","NVT","HCB","hexachloorbenzeen","(massa)Concentratie hexachloorbenzeen in Oppervlaktewater in ug/l","meting","NVT","NVT",TRUE,FALSE,FALSE
1047,"NVT","NVT","OW","Oppervlaktewater","ug/l","microgram per liter","CONCTTE","(massa)Concentratie","NVT","NVT","NVT","NVT","HCltazde","hydrochloorthiazide","(massa)Concentratie hydrochloorthiazide in Oppervlaktewater in ug/l","meting","NVT","NVT",TRUE,FALSE,FALSE
1048,"NVT","NVT","OW","Oppervlaktewater","ug/l","microgram per liter","CONCTTE","(massa)Concentratie","NVT","NVT","NVT","NVT","heptnfs","heptenofos","(massa)Concentratie heptenofos in Oppervlaktewater in ug/l","meting","NVT","NVT",TRUE,FALSE,FALSE
1049,"NVT","NVT","OW","Oppervlaktewater","ug/l","microgram per liter","CONCTTE","(massa)Concentratie","NVT","NVT","NVT","NVT","Hf","hafnium","(massa)Concentratie hafnium in Oppervlaktewater in ug/l","meting","NVT","NVT",TRUE,FALSE,FALSE
1050,"NVT","NVT","OW","Oppervlaktewater","ug/l","microgram per liter","CONCTTE","(massa)Concentratie","NVT","NVT","NVT","NVT","Hg","kwik","(massa)Concentratie kwik in Oppervlaktewater in ug/l","meting","NVT","NVT",TRUE,FALSE,FALSE
1051,"NVT","NVT","OW","Oppervlaktewater","ug/l","microgram per liter","CONCTTE","(massa)Concentratie","NVT","NVT","NVT","NVT","HHCB","hexahydrohexamethylcyclopentabenzopyran (HHCB)","(massa)Concentratie hexahydrohexamethylcyclopentabenzopyran (HHCB) in Oppervlaktewater in ug/l","meting","NVT","NVT",TRUE,FALSE,FALSE
1052,"NVT","NVT","OW","Oppervlaktewater","ug/l","microgram per liter","CONCTTE","(massa)Concentratie","NVT","NVT","NVT","NVT","Ho","holmium","(massa)Concentratie holmium in Oppervlaktewater in ug/l","meting","NVT","NVT",TRUE,FALSE,FALSE
1053,"NVT","NVT","OW","Oppervlaktewater","ug/l","microgram per liter","CONCTTE","(massa)Concentratie","NVT","NVT","NVT","NVT","HpCl","heptachloor","(massa)Concentratie heptachloor in Oppervlaktewater in ug/l","meting","NVT","NVT",TRUE,FALSE,FALSE
1054,"NVT","NVT","OW","Oppervlaktewater","ug/l","microgram per liter","CONCTTE","(massa)Concentratie","NVT","NVT","NVT","NVT","H-PFC10asfzr","8:2 fluortelomeersulfonzuur","(massa)Concentratie 8:2 fluortelomeersulfonzuur in Oppervlaktewater in ug/l","meting","NVT","NVT",TRUE,FALSE,FALSE
1055,"NVT","NVT","OW","Oppervlaktewater","ug/l","microgram per liter","CONCTTE","(massa)Concentratie","NVT","NVT","NVT","NVT","H-PFC12asfzr","10:2 fluortelomeersulfonzuur","(massa)Concentratie 10:2 fluortelomeersulfonzuur in Oppervlaktewater in ug/l","meting","NVT","NVT",TRUE,FALSE,FALSE
1056,"NVT","NVT","OW","Oppervlaktewater","ug/l","microgram per liter","CONCTTE","(massa)Concentratie","NVT","NVT","NVT","NVT","H-PFC6asfzr","4:2 fluortelomeersulfonzuur","(massa)Concentratie 4:2 fluortelomeersulfonzuur in Oppervlaktewater in ug/l","meting","NVT","NVT",TRUE,FALSE,FALSE
1057,"NVT","NVT","OW","Oppervlaktewater","ug/l","microgram per liter","CONCTTE","(massa)Concentratie","NVT","NVT","NVT","NVT","HxC1yeT4Ae","hexamethyleentetramine (Urotropine)","(massa)Concentratie hexamethyleentetramine (Urotropine) in Oppervlaktewater in ug/l","meting","NVT","NVT",FALSE,FALSE,FALSE
1058,"NVT","NVT","OW","Oppervlaktewater","ug/l","microgram per liter","CONCTTE","(massa)Concentratie","NVT","NVT","NVT","NVT","HxClbtDen","hexachloorbutadieen","Gemiddelde (massa)Concentratie hexachloorbutadieen in Oppervlaktewater in ug/l","meting","NVT","GEM",FALSE,FALSE,FALSE
1059,"NVT","NVT","OW","Oppervlaktewater","ug/l","microgram per liter","CONCTTE","(massa)Concentratie","NVT","NVT","NVT","NVT","HxClbtDen","hexachloorbutadieen","(massa)Concentratie hexachloorbutadieen in Oppervlaktewater in ug/l","meting","NVT","NVT",TRUE,FALSE,FALSE
1060,"NVT","NVT","OW","Oppervlaktewater","ug/l","microgram per liter","CONCTTE","(massa)Concentratie","NVT","NVT","NVT","NVT","HxClC2a","hexachloorethaan","(massa)Concentratie hexachloorethaan in Oppervlaktewater in ug/l","meting","NVT","NVT",TRUE,FALSE,FALSE
1061,"NVT","NVT","OW","Oppervlaktewater","ug/l","microgram per liter","CONCTTE","(massa)Concentratie","NVT","NVT","NVT","NVT","ibpfn","ibuprofen","(massa)Concentratie ibuprofen in Oppervlaktewater in ug/l","meting","NVT","NVT",TRUE,FALSE,FALSE
1062,"NVT","NVT","OW","Oppervlaktewater","ug/l","microgram per liter","CONCTTE","(massa)Concentratie","NVT","NVT","NVT","NVT","idn","isodrin","(massa)Concentratie isodrin in Oppervlaktewater in ug/l","meting","NVT","NVT",TRUE,FALSE,FALSE
1063,"NVT","NVT","OW","Oppervlaktewater","ug/l","microgram per liter","CONCTTE","(massa)Concentratie","NVT","NVT","NVT","NVT","iffAd","ifosfamide","(massa)Concentratie ifosfamide in Oppervlaktewater in ug/l","meting","NVT","NVT",TRUE,FALSE,FALSE
1064,"NVT","NVT","OW","Oppervlaktewater","ug/l","microgram per liter","CONCTTE","(massa)Concentratie","NVT","NVT","NVT","NVT","ifrn","isoforon","Gemiddelde (massa)Concentratie isoforon in Oppervlaktewater in ug/l","meting","NVT","GEM",FALSE,FALSE,FALSE
1065,"NVT","NVT","OW","Oppervlaktewater","ug/l","microgram per liter","CONCTTE","(massa)Concentratie","NVT","NVT","NVT","NVT","ifrn","isoforon","(massa)Concentratie isoforon in Oppervlaktewater in ug/l","meting","NVT","NVT",TRUE,FALSE,FALSE
1066,"NVT","NVT","OW","Oppervlaktewater","ug/l","microgram per liter","CONCTTE","(massa)Concentratie","NVT","NVT","NVT","NVT","ifrntl","isoforon-nitril","Gemiddelde (massa)Concentratie isoforon-nitril in Oppervlaktewater in ug/l","meting","NVT","GEM",FALSE,FALSE,FALSE
1067,"NVT","NVT","OW","Oppervlaktewater","ug/l","microgram per liter","CONCTTE","(massa)Concentratie","NVT","NVT","NVT","NVT","imdcpd","imidacloprid","Gemiddelde (massa)Concentratie imidacloprid in Oppervlaktewater in ug/l","meting","NVT","GEM",FALSE,FALSE,FALSE
1068,"NVT","NVT","OW","Oppervlaktewater","ug/l","microgram per liter","CONCTTE","(massa)Concentratie","NVT","NVT","NVT","NVT","imdcpd","imidacloprid","(massa)Concentratie imidacloprid in Oppervlaktewater in ug/l","meting","NVT","NVT",TRUE,FALSE,FALSE
1069,"NVT","NVT","OW","Oppervlaktewater","ug/l","microgram per liter","CONCTTE","(massa)Concentratie","NVT","NVT","NVT","NVT","imzll","imazalil","(massa)Concentratie imazalil in Oppervlaktewater in ug/l","meting","NVT","NVT",TRUE,FALSE,FALSE
1070,"NVT","NVT","OW","Oppervlaktewater","ug/l","microgram per liter","CONCTTE","(massa)Concentratie","NVT","NVT","NVT","NVT","In","indium","(massa)Concentratie indium in Oppervlaktewater in ug/l","meting","NVT","NVT",TRUE,FALSE,FALSE
1071,"NVT","NVT","OW","Oppervlaktewater","ug/l","microgram per liter","CONCTTE","(massa)Concentratie","NVT","NVT","NVT","NVT","inda","indaan","(massa)Concentratie indaan in Oppervlaktewater in ug/l","meting","NVT","NVT",FALSE,FALSE,FALSE
1072,"NVT","NVT","OW","Oppervlaktewater","ug/l","microgram per liter","CONCTTE","(massa)Concentratie","NVT","NVT","NVT","NVT","inde","indeen","Gemiddelde (massa)Concentratie indeen in Oppervlaktewater in ug/l","meting","NVT","GEM",FALSE,FALSE,FALSE
1073,"NVT","NVT","OW","Oppervlaktewater","ug/l","microgram per liter","CONCTTE","(massa)Concentratie","NVT","NVT","NVT","NVT","inde","indeen","(massa)Concentratie indeen in Oppervlaktewater in ug/l","meting","NVT","NVT",FALSE,FALSE,FALSE
1074,"NVT","NVT","OW","Oppervlaktewater","ug/l","microgram per liter","CONCTTE","(massa)Concentratie","NVT","NVT","NVT","NVT","indl","indol","(massa)Concentratie indol in Oppervlaktewater in ug/l","meting","NVT","NVT",FALSE,FALSE,FALSE
1075,"NVT","NVT","OW","Oppervlaktewater","ug/l","microgram per liter","CONCTTE","(massa)Concentratie","NVT","NVT","NVT","NVT","InP","indeno(1,2,3-cd)pyreen","(massa)Concentratie indeno(1,2,3-cd)pyreen in Oppervlaktewater in ug/l","meting","NVT","NVT",TRUE,FALSE,FALSE
1076,"NVT","NVT","OW","Oppervlaktewater","ug/l","microgram per liter","CONCTTE","(massa)Concentratie","NVT","NVT","NVT","NVT","ipcnzl","ipconazole","(massa)Concentratie ipconazole in Oppervlaktewater in ug/l","meting","NVT","NVT",FALSE,FALSE,FALSE
1077,"NVT","NVT","OW","Oppervlaktewater","ug/l","microgram per liter","CONCTTE","(massa)Concentratie","NVT","NVT","NVT","NVT","ipDon","iprodion","(massa)Concentratie iprodion in Oppervlaktewater in ug/l","meting","NVT","NVT",TRUE,FALSE,FALSE
1078,"NVT","NVT","OW","Oppervlaktewater","ug/l","microgram per liter","CONCTTE","(massa)Concentratie","NVT","NVT","NVT","NVT","iptrn","isoproturon","Gemiddelde (massa)Concentratie isoproturon in Oppervlaktewater in ug/l","meting","NVT","GEM",FALSE,FALSE,FALSE
1079,"NVT","NVT","OW","Oppervlaktewater","ug/l","microgram per liter","CONCTTE","(massa)Concentratie","NVT","NVT","NVT","NVT","iptrn","isoproturon","(massa)Concentratie isoproturon in Oppervlaktewater in ug/l","meting","NVT","NVT",TRUE,FALSE,FALSE
1080,"NVT","NVT","OW","Oppervlaktewater","ug/l","microgram per liter","CONCTTE","(massa)Concentratie","NVT","NVT","NVT","NVT","iqnlne","isoquinoline","(massa)Concentratie isoquinoline in Oppervlaktewater in ug/l","meting","NVT","NVT",FALSE,FALSE,FALSE
1081,"NVT","NVT","OW","Oppervlaktewater","ug/l","microgram per liter","CONCTTE","(massa)Concentratie","NVT","NVT","NVT","NVT","irbstan","irbesartan","(massa)Concentratie irbesartan in Oppervlaktewater in ug/l","meting","NVT","NVT",TRUE,FALSE,FALSE
1082,"NVT","NVT","OW","Oppervlaktewater","ug/l","microgram per liter","CONCTTE","(massa)Concentratie","NVT","NVT","NVT","NVT","irgrl","irgarol","(massa)Concentratie irgarol in Oppervlaktewater in ug/l","meting","NVT","NVT",TRUE,FALSE,FALSE
1083,"NVT","NVT","OW","Oppervlaktewater","ug/l","microgram per liter","CONCTTE","(massa)Concentratie","NVT","NVT","NVT","NVT","johxl","johexol","(massa)Concentratie johexol in Oppervlaktewater in ug/l","meting","NVT","NVT",FALSE,FALSE,FALSE
1084,"NVT","NVT","OW","Oppervlaktewater","ug/l","microgram per liter","CONCTTE","(massa)Concentratie","NVT","NVT","NVT","NVT","jompl","jomeprol","(massa)Concentratie jomeprol in Oppervlaktewater in ug/l","meting","NVT","NVT",TRUE,FALSE,FALSE
1085,"NVT","NVT","OW","Oppervlaktewater","ug/l","microgram per liter","CONCTTE","(massa)Concentratie","NVT","NVT","NVT","NVT","jopmde","jopromide","(massa)Concentratie jopromide in Oppervlaktewater in ug/l","meting","NVT","NVT",TRUE,FALSE,FALSE
1086,"NVT","NVT","OW","Oppervlaktewater","ug/l","microgram per liter","CONCTTE","(massa)Concentratie","NVT","NVT","NVT","NVT","jopmdl","jopamidol","(massa)Concentratie jopamidol in Oppervlaktewater in ug/l","meting","NVT","NVT",TRUE,FALSE,FALSE
1087,"NVT","NVT","OW","Oppervlaktewater","ug/l","microgram per liter","CONCTTE","(massa)Concentratie","NVT","NVT","NVT","NVT","joxtlmnzr","joxitalaminezuur","(massa)Concentratie joxitalaminezuur in Oppervlaktewater in ug/l","meting","NVT","NVT",TRUE,FALSE,FALSE
1088,"NVT","NVT","OW","Oppervlaktewater","ug/l","microgram per liter","CONCTTE","(massa)Concentratie","NVT","NVT","NVT","NVT","ketpfn","ketoprofen","(massa)Concentratie ketoprofen in Oppervlaktewater in ug/l","meting","NVT","NVT",TRUE,FALSE,FALSE
1089,"NVT","NVT","OW","Oppervlaktewater","ug/l","microgram per liter","CONCTTE","(massa)Concentratie","NVT","NVT","NVT","NVT","La","lanthaan","(massa)Concentratie lanthaan in Oppervlaktewater in ug/l","meting","NVT","NVT",TRUE,FALSE,FALSE
1090,"NVT","NVT","OW","Oppervlaktewater","ug/l","microgram per liter","CONCTTE","(massa)Concentratie","NVT","NVT","NVT","NVT","lamtgne","lamotrigine","(massa)Concentratie lamotrigine in Oppervlaktewater in ug/l","meting","NVT","NVT",TRUE,FALSE,FALSE
1091,"NVT","NVT","OW","Oppervlaktewater","ug/l","microgram per liter","CONCTTE","(massa)Concentratie","NVT","NVT","NVT","NVT","lcyhltn","lambda-cyhalothrin","(massa)Concentratie lambda-cyhalothrin in Oppervlaktewater in ug/l","meting","NVT","NVT",TRUE,FALSE,FALSE
1092,"NVT","NVT","OW","Oppervlaktewater","ug/l","microgram per liter","CONCTTE","(massa)Concentratie","NVT","NVT","NVT","NVT","levngsl","levonorgestrel","(massa)Concentratie levonorgestrel in Oppervlaktewater in ug/l","meting","NVT","NVT",FALSE,FALSE,FALSE
1093,"NVT","NVT","OW","Oppervlaktewater","ug/l","microgram per liter","CONCTTE","(massa)Concentratie","NVT","NVT","NVT","NVT","Li","lithium","(massa)Concentratie lithium in Oppervlaktewater in ug/l","meting","NVT","NVT",TRUE,FALSE,FALSE
1094,"NVT","NVT","OW","Oppervlaktewater","ug/l","microgram per liter","CONCTTE","(massa)Concentratie","NVT","NVT","NVT","NVT","lidcine","lidocaïne","(massa)Concentratie lidocaïne in Oppervlaktewater in ug/l","meting","NVT","NVT",TRUE,FALSE,FALSE
1095,"NVT","NVT","OW","Oppervlaktewater","ug/l","microgram per liter","CONCTTE","(massa)Concentratie","NVT","NVT","NVT","NVT","lincmcne","lincomycine","(massa)Concentratie lincomycine in Oppervlaktewater in ug/l","meting","NVT","NVT",TRUE,FALSE,FALSE
1096,"NVT","NVT","OW","Oppervlaktewater","ug/l","microgram per liter","CONCTTE","(massa)Concentratie","NVT","NVT","NVT","NVT","linrn","linuron","Gemiddelde (massa)Concentratie linuron in Oppervlaktewater in ug/l","meting","NVT","GEM",FALSE,FALSE,FALSE
1097,"NVT","NVT","OW","Oppervlaktewater","ug/l","microgram per liter","CONCTTE","(massa)Concentratie","NVT","NVT","NVT","NVT","linrn","linuron","(massa)Concentratie linuron in Oppervlaktewater in ug/l","meting","NVT","NVT",TRUE,FALSE,FALSE
1098,"NVT","NVT","OW","Oppervlaktewater","ug/l","microgram per liter","CONCTTE","(massa)Concentratie","NVT","NVT","NVT","NVT","lostan","losartan","(massa)Concentratie losartan in Oppervlaktewater in ug/l","meting","NVT","NVT",TRUE,FALSE,FALSE
1099,"NVT","NVT","OW","Oppervlaktewater","ug/l","microgram per liter","CONCTTE","(massa)Concentratie","NVT","NVT","NVT","NVT","L_PFBS","perfluorbutaansulfonzuur","(massa)Concentratie perfluorbutaansulfonzuur in Oppervlaktewater in ug/l","meting","NVT","NVT",TRUE,FALSE,FALSE
1100,"NVT","NVT","OW","Oppervlaktewater","ug/l","microgram per liter","CONCTTE","(massa)Concentratie","NVT","NVT","NVT","NVT","L_PFDS","perfluordecaansulfonzuur","(massa)Concentratie perfluordecaansulfonzuur in Oppervlaktewater in ug/l","meting","NVT","NVT",TRUE,FALSE,FALSE
1101,"NVT","NVT","OW","Oppervlaktewater","ug/l","microgram per liter","CONCTTE","(massa)Concentratie","NVT","NVT","NVT","NVT","L_PFHpS","perfluorheptaansulfonzuur","(massa)Concentratie perfluorheptaansulfonzuur in Oppervlaktewater in ug/l","meting","NVT","NVT",TRUE,FALSE,FALSE
1102,"NVT","NVT","OW","Oppervlaktewater","ug/l","microgram per liter","CONCTTE","(massa)Concentratie","NVT","NVT","NVT","NVT","L_PFHxS","perfluorhexaansulfonzuur","(massa)Concentratie perfluorhexaansulfonzuur in Oppervlaktewater in ug/l","meting","NVT","NVT",TRUE,FALSE,FALSE
1103,"NVT","NVT","OW","Oppervlaktewater","ug/l","microgram per liter","CONCTTE","(massa)Concentratie","NVT","NVT","NVT","NVT","L_PFOS","perfluor-1-octaansulfonaat (lineair)","(massa)Concentratie perfluor-1-octaansulfonaat (lineair) in Oppervlaktewater in ug/l","meting","NVT","NVT",TRUE,FALSE,FALSE
1104,"NVT","NVT","OW","Oppervlaktewater","ug/l","microgram per liter","CONCTTE","(massa)Concentratie","NVT","NVT","NVT","NVT","Lu","lutetium","(massa)Concentratie lutetium in Oppervlaktewater in ug/l","meting","NVT","NVT",TRUE,FALSE,FALSE
1105,"NVT","NVT","OW","Oppervlaktewater","ug/l","microgram per liter","CONCTTE","(massa)Concentratie","NVT","NVT","NVT","NVT","malton","malathion","(massa)Concentratie malathion in Oppervlaktewater in ug/l","meting","NVT","NVT",TRUE,FALSE,FALSE
1106,"NVT","NVT","OW","Oppervlaktewater","ug/l","microgram per liter","CONCTTE","(massa)Concentratie","NVT","NVT","NVT","NVT","MCPA","2-methyl-4-chloorfenoxyazijnzuur","(massa)Concentratie 2-methyl-4-chloorfenoxyazijnzuur in Oppervlaktewater in ug/l","meting","NVT","NVT",TRUE,FALSE,FALSE
1107,"NVT","NVT","OW","Oppervlaktewater","ug/l","microgram per liter","CONCTTE","(massa)Concentratie","NVT","NVT","NVT","NVT","MCPB","2-methyl-4-chloorfenoxyboterzuur","(massa)Concentratie 2-methyl-4-chloorfenoxyboterzuur in Oppervlaktewater in ug/l","meting","NVT","NVT",TRUE,FALSE,FALSE
1108,"NVT","NVT","OW","Oppervlaktewater","ug/l","microgram per liter","CONCTTE","(massa)Concentratie","NVT","NVT","NVT","NVT","MCPP","mecoprop","(massa)Concentratie mecoprop in Oppervlaktewater in ug/l","meting","NVT","NVT",TRUE,FALSE,FALSE
1109,"NVT","NVT","OW","Oppervlaktewater","ug/l","microgram per liter","CONCTTE","(massa)Concentratie","NVT","NVT","NVT","NVT","mcresl","m-cresol","(massa)Concentratie m-cresol in Oppervlaktewater in ug/l","meting","NVT","NVT",FALSE,FALSE,FALSE
1110,"NVT","NVT","OW","Oppervlaktewater","ug/l","microgram per liter","CONCTTE","(massa)Concentratie","NVT","NVT","NVT","NVT","medntactt","medinoterbacetaat","(massa)Concentratie medinoterbacetaat in Oppervlaktewater in ug/l","meting","NVT","NVT",FALSE,FALSE,FALSE
1111,"NVT","NVT","OW","Oppervlaktewater","ug/l","microgram per liter","CONCTTE","(massa)Concentratie","NVT","NVT","NVT","NVT","MEHP","monoethylhexylftalaat (MEHP)","(massa)Concentratie monoethylhexylftalaat (MEHP) in Oppervlaktewater in ug/l","meting","NVT","NVT",FALSE,FALSE,FALSE
1112,"NVT","NVT","OW","Oppervlaktewater","ug/l","microgram per liter","CONCTTE","(massa)Concentratie","NVT","NVT","NVT","NVT","mentl","menthol","(massa)Concentratie menthol in Oppervlaktewater in ug/l","meting","NVT","NVT",TRUE,FALSE,FALSE
1113,"NVT","NVT","OW","Oppervlaktewater","ug/l","microgram per liter","CONCTTE","(massa)Concentratie","NVT","NVT","NVT","NVT","metbmrn","metobromuron","Gemiddelde (massa)Concentratie metobromuron in Oppervlaktewater in ug/l","meting","NVT","GEM",FALSE,FALSE,FALSE
1114,"NVT","NVT","OW","Oppervlaktewater","ug/l","microgram per liter","CONCTTE","(massa)Concentratie","NVT","NVT","NVT","NVT","metbmrn","metobromuron","(massa)Concentratie metobromuron in Oppervlaktewater in ug/l","meting","NVT","NVT",TRUE,FALSE,FALSE
1115,"NVT","NVT","OW","Oppervlaktewater","ug/l","microgram per liter","CONCTTE","(massa)Concentratie","NVT","NVT","NVT","NVT","metbtazrn","metabenzthiazuron","Gemiddelde (massa)Concentratie metabenzthiazuron in Oppervlaktewater in ug/l","meting","NVT","GEM",FALSE,FALSE,FALSE
1116,"NVT","NVT","OW","Oppervlaktewater","ug/l","microgram per liter","CONCTTE","(massa)Concentratie","NVT","NVT","NVT","NVT","metbtazrn","metabenzthiazuron","(massa)Concentratie metabenzthiazuron in Oppervlaktewater in ug/l","meting","NVT","NVT",TRUE,FALSE,FALSE
1117,"NVT","NVT","OW","Oppervlaktewater","ug/l","microgram per liter","CONCTTE","(massa)Concentratie","NVT","NVT","NVT","NVT","metbzn","metribuzin","(massa)Concentratie metribuzin in Oppervlaktewater in ug/l","meting","NVT","NVT",TRUE,FALSE,FALSE
1118,"NVT","NVT","OW","Oppervlaktewater","ug/l","microgram per liter","CONCTTE","(massa)Concentratie","NVT","NVT","NVT","NVT","metcnzl","metconazool","(massa)Concentratie metconazool in Oppervlaktewater in ug/l","meting","NVT","NVT",FALSE,FALSE,FALSE
1119,"NVT","NVT","OW","Oppervlaktewater","ug/l","microgram per liter","CONCTTE","(massa)Concentratie","NVT","NVT","NVT","NVT","metdton","methidathion","(massa)Concentratie methidathion in Oppervlaktewater in ug/l","meting","NVT","NVT",TRUE,FALSE,FALSE
1120,"NVT","NVT","OW","Oppervlaktewater","ug/l","microgram per liter","CONCTTE","(massa)Concentratie","NVT","NVT","NVT","NVT","metfmne","metformine","(massa)Concentratie metformine in Oppervlaktewater in ug/l","meting","NVT","NVT",TRUE,FALSE,FALSE
1121,"NVT","NVT","OW","Oppervlaktewater","ug/l","microgram per liter","CONCTTE","(massa)Concentratie","NVT","NVT","NVT","NVT","metlCl","metolachloor","Gemiddelde (massa)Concentratie metolachloor in Oppervlaktewater in ug/l","meting","NVT","GEM",FALSE,FALSE,FALSE
1122,"NVT","NVT","OW","Oppervlaktewater","ug/l","microgram per liter","CONCTTE","(massa)Concentratie","NVT","NVT","NVT","NVT","metlCl","metolachloor","(massa)Concentratie metolachloor in Oppervlaktewater in ug/l","meting","NVT","NVT",TRUE,FALSE,FALSE
1123,"NVT","NVT","OW","Oppervlaktewater","ug/l","microgram per liter","CONCTTE","(massa)Concentratie","NVT","NVT","NVT","NVT","metml","methomyl","(massa)Concentratie methomyl in Oppervlaktewater in ug/l","meting","NVT","NVT",TRUE,FALSE,FALSE
1124,"NVT","NVT","OW","Oppervlaktewater","ug/l","microgram per liter","CONCTTE","(massa)Concentratie","NVT","NVT","NVT","NVT","metocb","methiocarb","(massa)Concentratie methiocarb in Oppervlaktewater in ug/l","meting","NVT","NVT",TRUE,FALSE,FALSE
1125,"NVT","NVT","OW","Oppervlaktewater","ug/l","microgram per liter","CONCTTE","(massa)Concentratie","NVT","NVT","NVT","NVT","metocbsfn","methiocarbsulfon","(massa)Concentratie methiocarbsulfon in Oppervlaktewater in ug/l","meting","NVT","NVT",FALSE,FALSE,FALSE
1126,"NVT","NVT","OW","Oppervlaktewater","ug/l","microgram per liter","CONCTTE","(massa)Concentratie","NVT","NVT","NVT","NVT","metocbSO","methiocarbsulfoxide","(massa)Concentratie methiocarbsulfoxide in Oppervlaktewater in ug/l","meting","NVT","NVT",FALSE,FALSE,FALSE
1127,"NVT","NVT","OW","Oppervlaktewater","ug/l","microgram per liter","CONCTTE","(massa)Concentratie","NVT","NVT","NVT","NVT","metpll","metoprolol","(massa)Concentratie metoprolol in Oppervlaktewater in ug/l","meting","NVT","NVT",TRUE,FALSE,FALSE
1128,"NVT","NVT","OW","Oppervlaktewater","ug/l","microgram per liter","CONCTTE","(massa)Concentratie","NVT","NVT","NVT","NVT","metxrn","metoxuron","Gemiddelde (massa)Concentratie metoxuron in Oppervlaktewater in ug/l","meting","NVT","GEM",FALSE,FALSE,FALSE
1129,"NVT","NVT","OW","Oppervlaktewater","ug/l","microgram per liter","CONCTTE","(massa)Concentratie","NVT","NVT","NVT","NVT","metxrn","metoxuron","(massa)Concentratie metoxuron in Oppervlaktewater in ug/l","meting","NVT","NVT",TRUE,FALSE,FALSE
1130,"NVT","NVT","OW","Oppervlaktewater","ug/l","microgram per liter","CONCTTE","(massa)Concentratie","NVT","NVT","NVT","NVT","mevfs","mevinfos","(massa)Concentratie mevinfos in Oppervlaktewater in ug/l","meting","NVT","NVT",TRUE,FALSE,FALSE
1131,"NVT","NVT","OW","Oppervlaktewater","ug/l","microgram per liter","CONCTTE","(massa)Concentratie","NVT","NVT","NVT","NVT","mfmzn","metaflumizon","(massa)Concentratie metaflumizon in Oppervlaktewater in ug/l","meting","NVT","NVT",FALSE,FALSE,FALSE
1132,"NVT","NVT","OW","Oppervlaktewater","ug/l","microgram per liter","CONCTTE","(massa)Concentratie","NVT","NVT","NVT","NVT","MHPC","methyl-3-hydroxyfenylcarbamaat","(massa)Concentratie methyl-3-hydroxyfenylcarbamaat in Oppervlaktewater in ug/l","meting","NVT","NVT",FALSE,FALSE,FALSE
1133,"NVT","NVT","OW","Oppervlaktewater","ug/l","microgram per liter","CONCTTE","(massa)Concentratie","NVT","NVT","NVT","NVT","micanzl","miconazol","(massa)Concentratie miconazol in Oppervlaktewater in ug/l","meting","NVT","NVT",TRUE,FALSE,FALSE
1134,"NVT","NVT","OW","Oppervlaktewater","ug/l","microgram per liter","CONCTTE","(massa)Concentratie","NVT","NVT","NVT","NVT","Mlnrn","monolinuron","Gemiddelde (massa)Concentratie monolinuron in Oppervlaktewater in ug/l","meting","NVT","GEM",FALSE,FALSE,FALSE
1135,"NVT","NVT","OW","Oppervlaktewater","ug/l","microgram per liter","CONCTTE","(massa)Concentratie","NVT","NVT","NVT","NVT","Mlnrn","monolinuron","(massa)Concentratie monolinuron in Oppervlaktewater in ug/l","meting","NVT","NVT",TRUE,FALSE,FALSE
1136,"NVT","NVT","OW","Oppervlaktewater","ug/l","microgram per liter","CONCTTE","(massa)Concentratie","NVT","NVT","NVT","NVT","mmtn","metamitron","Gemiddelde (massa)Concentratie metamitron in Oppervlaktewater in ug/l","meting","NVT","GEM",FALSE,FALSE,FALSE
1137,"NVT","NVT","OW","Oppervlaktewater","ug/l","microgram per liter","CONCTTE","(massa)Concentratie","NVT","NVT","NVT","NVT","mmtn","metamitron","(massa)Concentratie metamitron in Oppervlaktewater in ug/l","meting","NVT","NVT",TRUE,FALSE,FALSE
1138,"NVT","NVT","OW","Oppervlaktewater","ug/l","microgram per liter","CONCTTE","(massa)Concentratie","NVT","NVT","NVT","NVT","Mn","mangaan","(massa)Concentratie mangaan in Oppervlaktewater in ug/l","meting","NVT","NVT",TRUE,FALSE,FALSE
1139,"NVT","NVT","OW","Oppervlaktewater","ug/l","microgram per liter","CONCTTE","(massa)Concentratie","NVT","NVT","NVT","NVT","Mo","molybdeen","(massa)Concentratie molybdeen in Oppervlaktewater in ug/l","meting","NVT","NVT",TRUE,FALSE,FALSE
1140,"NVT","NVT","OW","Oppervlaktewater","ug/l","microgram per liter","CONCTTE","(massa)Concentratie","NVT","NVT","NVT","NVT","monrn","monuron","(massa)Concentratie monuron in Oppervlaktewater in ug/l","meting","NVT","NVT",TRUE,FALSE,FALSE
1141,"NVT","NVT","OW","Oppervlaktewater","ug/l","microgram per liter","CONCTTE","(massa)Concentratie","NVT","NVT","NVT","NVT","mtmdfs","methamidofos","(massa)Concentratie methamidofos in Oppervlaktewater in ug/l","meting","NVT","NVT",TRUE,FALSE,FALSE
1142,"NVT","NVT","OW","Oppervlaktewater","ug/l","microgram per liter","CONCTTE","(massa)Concentratie","NVT","NVT","NVT","NVT","mzCl","metazachloor","Gemiddelde (massa)Concentratie metazachloor in Oppervlaktewater in ug/l","meting","NVT","GEM",FALSE,FALSE,FALSE
1143,"NVT","NVT","OW","Oppervlaktewater","ug/l","microgram per liter","CONCTTE","(massa)Concentratie","NVT","NVT","NVT","NVT","mzCl","metazachloor","(massa)Concentratie metazachloor in Oppervlaktewater in ug/l","meting","NVT","NVT",TRUE,FALSE,FALSE
1144,"NVT","NVT","OW","Oppervlaktewater","ug/l","microgram per liter","CONCTTE","(massa)Concentratie","NVT","NVT","NVT","NVT","Naf","naftaleen","Gemiddelde (massa)Concentratie naftaleen in Oppervlaktewater in ug/l","meting","NVT","GEM",FALSE,FALSE,FALSE
1145,"NVT","NVT","OW","Oppervlaktewater","ug/l","microgram per liter","CONCTTE","(massa)Concentratie","NVT","NVT","NVT","NVT","Naf","naftaleen","(massa)Concentratie naftaleen in Oppervlaktewater in ug/l","meting","NVT","NVT",TRUE,FALSE,FALSE
1146,"NVT","NVT","OW","Oppervlaktewater","ug/l","microgram per liter","CONCTTE","(massa)Concentratie","NVT","NVT","NVT","NVT","napxn","naproxen","(massa)Concentratie naproxen in Oppervlaktewater in ug/l","meting","NVT","NVT",TRUE,FALSE,FALSE
1147,"NVT","NVT","OW","Oppervlaktewater","ug/l","microgram per liter","CONCTTE","(massa)Concentratie","NVT","NVT","NVT","NVT","Nb","niobium","(massa)Concentratie niobium in Oppervlaktewater in ug/l","meting","NVT","NVT",TRUE,FALSE,FALSE
1148,"NVT","NVT","OW","Oppervlaktewater","ug/l","microgram per liter","CONCTTE","(massa)Concentratie","NVT","NVT","NVT","NVT","NC1yPFC4asfA","N-methylperfluorbutaansulfonamide","(massa)Concentratie N-methylperfluorbutaansulfonamide in Oppervlaktewater in ug/l","meting","NVT","NVT",TRUE,FALSE,FALSE
1149,"NVT","NVT","OW","Oppervlaktewater","ug/l","microgram per liter","CONCTTE","(massa)Concentratie","NVT","NVT","NVT","NVT","Nd","neodymium","(massa)Concentratie neodymium in Oppervlaktewater in ug/l","meting","NVT","NVT",TRUE,FALSE,FALSE
1150,"NVT","NVT","OW","Oppervlaktewater","ug/l","microgram per liter","CONCTTE","(massa)Concentratie","NVT","NVT","NVT","NVT","Ni","nikkel","(massa)Concentratie nikkel in Oppervlaktewater in ug/l","meting","NVT","NVT",TRUE,FALSE,FALSE
1151,"NVT","NVT","OW","Oppervlaktewater","ug/l","microgram per liter","CONCTTE","(massa)Concentratie","NVT","NVT","NVT","NVT","nicsfrn","nicosulfuron","(massa)Concentratie nicosulfuron in Oppervlaktewater in ug/l","meting","NVT","NVT",FALSE,FALSE,FALSE
1152,"NVT","NVT","OW","Oppervlaktewater","ug/l","microgram per liter","CONCTTE","(massa)Concentratie","NVT","NVT","NVT","NVT","N-MeFOSAA","N-methyl-perfluoroctaan sulfonamidoazijnzuur","(massa)Concentratie N-methyl-perfluoroctaan sulfonamidoazijnzuur in Oppervlaktewater in ug/l","meting","NVT","NVT",TRUE,FALSE,FALSE
1153,"NVT","NVT","OW","Oppervlaktewater","ug/l","microgram per liter","CONCTTE","(massa)Concentratie","NVT","NVT","NVT","NVT","NNDC1yAn","N,N-dimethylaniline","Gemiddelde (massa)Concentratie N,N-dimethylaniline in Oppervlaktewater in ug/l","meting","NVT","GEM",FALSE,FALSE,FALSE
1154,"NVT","NVT","OW","Oppervlaktewater","ug/l","microgram per liter","CONCTTE","(massa)Concentratie","NVT","NVT","NVT","NVT","NNDC1yAn","N,N-dimethylaniline","(massa)Concentratie N,N-dimethylaniline in Oppervlaktewater in ug/l","meting","NVT","NVT",TRUE,FALSE,FALSE
1155,"NVT","NVT","OW","Oppervlaktewater","ug/l","microgram per liter","CONCTTE","(massa)Concentratie","NVT","NVT","NVT","NVT","NNO2smflne","N-nitrosomorfoline","(massa)Concentratie N-nitrosomorfoline in Oppervlaktewater in ug/l","meting","NVT","NVT",FALSE,FALSE,FALSE
1156,"NVT","NVT","OW","Oppervlaktewater","ug/l","microgram per liter","CONCTTE","(massa)Concentratie","NVT","NVT","NVT","NVT","NO2Ben","nitrobenzeen","Gemiddelde (massa)Concentratie nitrobenzeen in Oppervlaktewater in ug/l","meting","NVT","GEM",FALSE,FALSE,FALSE
1157,"NVT","NVT","OW","Oppervlaktewater","ug/l","microgram per liter","CONCTTE","(massa)Concentratie","NVT","NVT","NVT","NVT","NO2Ben","nitrobenzeen","(massa)Concentratie nitrobenzeen in Oppervlaktewater in ug/l","meting","NVT","NVT",FALSE,FALSE,FALSE
1158,"NVT","NVT","OW","Oppervlaktewater","ug/l","microgram per liter","CONCTTE","(massa)Concentratie","NVT","NVT","NVT","NVT","noretsrn","norethisteron","(massa)Concentratie norethisteron in Oppervlaktewater in ug/l","meting","NVT","NVT",FALSE,FALSE,FALSE
1159,"NVT","NVT","OW","Oppervlaktewater","ug/l","microgram per liter","CONCTTE","(massa)Concentratie","NVT","NVT","NVT","NVT","NTA","nitrilotriazijnzuur (NTA)","(massa)Concentratie nitrilotriazijnzuur (NTA) in Oppervlaktewater in ug/l","meting","NVT","NVT",TRUE,FALSE,FALSE
1160,"NVT","NVT","OW","Oppervlaktewater","ug/l","microgram per liter","CONCTTE","(massa)Concentratie","NVT","NVT","NVT","NVT","nuarml","nuarimol","(massa)Concentratie nuarimol in Oppervlaktewater in ug/l","meting","NVT","NVT",TRUE,FALSE,FALSE
1161,"NVT","NVT","OW","Oppervlaktewater","ug/l","microgram per liter","CONCTTE","(massa)Concentratie","NVT","NVT","NVT","NVT","oallFol","o-allylfenol","(massa)Concentratie o-allylfenol in Oppervlaktewater in ug/l","meting","NVT","NVT",TRUE,FALSE,FALSE
1162,"NVT","NVT","OW","Oppervlaktewater","ug/l","microgram per liter","CONCTTE","(massa)Concentratie","NVT","NVT","NVT","NVT","Oaml","oxamyl","(massa)Concentratie oxamyl in Oppervlaktewater in ug/l","meting","NVT","NVT",TRUE,FALSE,FALSE
1163,"NVT","NVT","OW","Oppervlaktewater","ug/l","microgram per liter","CONCTTE","(massa)Concentratie","NVT","NVT","NVT","NVT","OcC1yT4slxn","octamethyltetrasiloxaan","(massa)Concentratie octamethyltetrasiloxaan in Oppervlaktewater in ug/l","meting","NVT","NVT",TRUE,FALSE,FALSE
1164,"NVT","NVT","OW","Oppervlaktewater","ug/l","microgram per liter","CONCTTE","(massa)Concentratie","NVT","NVT","NVT","NVT","octclne","octocrilene","(massa)Concentratie octocrilene in Oppervlaktewater in ug/l","meting","NVT","NVT",FALSE,FALSE,FALSE
1165,"NVT","NVT","OW","Oppervlaktewater","ug/l","microgram per liter","CONCTTE","(massa)Concentratie","NVT","NVT","NVT","NVT","oestn","oestron","(massa)Concentratie oestron in Oppervlaktewater in ug/l","meting","NVT","NVT",FALSE,FALSE,FALSE
1166,"NVT","NVT","OW","Oppervlaktewater","ug/l","microgram per liter","CONCTTE","(massa)Concentratie","NVT","NVT","NVT","NVT","ofxcne","ofloxacine","(massa)Concentratie ofloxacine in Oppervlaktewater in ug/l","meting","NVT","NVT",FALSE,FALSE,FALSE
1167,"NVT","NVT","OW","Oppervlaktewater","ug/l","microgram per liter","CONCTTE","(massa)Concentratie","NVT","NVT","NVT","NVT","omtat","omethoaat","(massa)Concentratie omethoaat in Oppervlaktewater in ug/l","meting","NVT","NVT",TRUE,FALSE,FALSE
1168,"NVT","NVT","OW","Oppervlaktewater","ug/l","microgram per liter","CONCTTE","(massa)Concentratie","NVT","NVT","NVT","NVT","OTNE","amberonne","(massa)Concentratie amberonne in Oppervlaktewater in ug/l","meting","NVT","NVT",TRUE,FALSE,FALSE
1169,"NVT","NVT","OW","Oppervlaktewater","ug/l","microgram per liter","CONCTTE","(massa)Concentratie","NVT","NVT","NVT","NVT","OxBenzn","oxybenzone","(massa)Concentratie oxybenzone in Oppervlaktewater in ug/l","meting","NVT","NVT",FALSE,FALSE,FALSE
1170,"NVT","NVT","OW","Oppervlaktewater","ug/l","microgram per liter","CONCTTE","(massa)Concentratie","NVT","NVT","NVT","NVT","OxT4ccne02","oxytetracycline","(massa)Concentratie oxytetracycline in Oppervlaktewater in ug/l","meting","NVT","NVT",TRUE,FALSE,FALSE
1171,"NVT","NVT","OW","Oppervlaktewater","ug/l","microgram per liter","CONCTTE","(massa)Concentratie","NVT","NVT","NVT","NVT","oxzpm","oxazepam","(massa)Concentratie oxazepam in Oppervlaktewater in ug/l","meting","NVT","NVT",TRUE,FALSE,FALSE
1172,"NVT","NVT","OW","Oppervlaktewater","ug/l","microgram per liter","CONCTTE","(massa)Concentratie","NVT","NVT","NVT","NVT","parctml","paracetamol","(massa)Concentratie paracetamol in Oppervlaktewater in ug/l","meting","NVT","NVT",TRUE,FALSE,FALSE
1173,"NVT","NVT","OW","Oppervlaktewater","ug/l","microgram per liter","CONCTTE","(massa)Concentratie","NVT","NVT","NVT","NVT","paroetne","paroxetine","(massa)Concentratie paroxetine in Oppervlaktewater in ug/l","meting","NVT","NVT",TRUE,FALSE,FALSE
1174,"NVT","NVT","OW","Oppervlaktewater","ug/l","microgram per liter","CONCTTE","(massa)Concentratie","NVT","NVT","NVT","NVT","Pb","lood","Gemiddelde (massa)Concentratie lood in Oppervlaktewater in ug/l","meting","NVT","GEM",FALSE,FALSE,FALSE
1175,"NVT","NVT","OW","Oppervlaktewater","ug/l","microgram per liter","CONCTTE","(massa)Concentratie","NVT","NVT","NVT","NVT","Pb","lood","(massa)Concentratie lood in Oppervlaktewater in ug/l","meting","NVT","NVT",TRUE,FALSE,FALSE
1176,"NVT","NVT","OW","Oppervlaktewater","ug/l","microgram per liter","CONCTTE","(massa)Concentratie","NVT","NVT","NVT","NVT","PBDE100","2,2',4,4',6-pentabroomdifenylether","(massa)Concentratie 2,2',4,4',6-pentabroomdifenylether in Oppervlaktewater in ug/l","meting","NVT","NVT",TRUE,FALSE,FALSE
1177,"NVT","NVT","OW","Oppervlaktewater","ug/l","microgram per liter","CONCTTE","(massa)Concentratie","NVT","NVT","NVT","NVT","PBDE138","2,2',3,4,4',5'-hexabroomdifenylether","(massa)Concentratie 2,2',3,4,4',5'-hexabroomdifenylether in Oppervlaktewater in ug/l","meting","NVT","NVT",TRUE,FALSE,FALSE
1178,"NVT","NVT","OW","Oppervlaktewater","ug/l","microgram per liter","CONCTTE","(massa)Concentratie","NVT","NVT","NVT","NVT","PBDE153","2,2',4,4',5,5'-hexabroomdifenylether","(massa)Concentratie 2,2',4,4',5,5'-hexabroomdifenylether in Oppervlaktewater in ug/l","meting","NVT","NVT",TRUE,FALSE,FALSE
1179,"NVT","NVT","OW","Oppervlaktewater","ug/l","microgram per liter","CONCTTE","(massa)Concentratie","NVT","NVT","NVT","NVT","PBDE154","2,2',4,4',5,6'-hexabroomdifenylether","(massa)Concentratie 2,2',4,4',5,6'-hexabroomdifenylether in Oppervlaktewater in ug/l","meting","NVT","NVT",TRUE,FALSE,FALSE
1180,"NVT","NVT","OW","Oppervlaktewater","ug/l","microgram per liter","CONCTTE","(massa)Concentratie","NVT","NVT","NVT","NVT","PBDE209","2,2',3,3',4,4',5,5',6,6'-decabroomdiphenylether","(massa)Concentratie 2,2',3,3',4,4',5,5',6,6'-decabroomdiphenylether in Oppervlaktewater in ug/l","meting","NVT","NVT",TRUE,FALSE,FALSE
1181,"NVT","NVT","OW","Oppervlaktewater","ug/l","microgram per liter","CONCTTE","(massa)Concentratie","NVT","NVT","NVT","NVT","PBDE28","2,4,4'-tribroomdifenylether","(massa)Concentratie 2,4,4'-tribroomdifenylether in Oppervlaktewater in ug/l","meting","NVT","NVT",TRUE,FALSE,FALSE
1182,"NVT","NVT","OW","Oppervlaktewater","ug/l","microgram per liter","CONCTTE","(massa)Concentratie","NVT","NVT","NVT","NVT","PBDE47","2,2',4,4'-tetrabroomdifenylether","(massa)Concentratie 2,2',4,4'-tetrabroomdifenylether in Oppervlaktewater in ug/l","meting","NVT","NVT",TRUE,FALSE,FALSE
1183,"NVT","NVT","OW","Oppervlaktewater","ug/l","microgram per liter","CONCTTE","(massa)Concentratie","NVT","NVT","NVT","NVT","PBDE49","2,2',4,5'-tetrabroomdifenylether","(massa)Concentratie 2,2',4,5'-tetrabroomdifenylether in Oppervlaktewater in ug/l","meting","NVT","NVT",TRUE,FALSE,FALSE
1184,"NVT","NVT","OW","Oppervlaktewater","ug/l","microgram per liter","CONCTTE","(massa)Concentratie","NVT","NVT","NVT","NVT","PBDE85","2,2',3,4,4'-pentabroomdifenylether","(massa)Concentratie 2,2',3,4,4'-pentabroomdifenylether in Oppervlaktewater in ug/l","meting","NVT","NVT",TRUE,FALSE,FALSE
1185,"NVT","NVT","OW","Oppervlaktewater","ug/l","microgram per liter","CONCTTE","(massa)Concentratie","NVT","NVT","NVT","NVT","PBDE99","2,2',4,4',5-pentabroomdifenylether","(massa)Concentratie 2,2',4,4',5-pentabroomdifenylether in Oppervlaktewater in ug/l","meting","NVT","NVT",TRUE,FALSE,FALSE
1186,"NVT","NVT","OW","Oppervlaktewater","ug/l","microgram per liter","CONCTTE","(massa)Concentratie","NVT","NVT","NVT","NVT","PCB101","2,2',4,5,5'-pentachloorbifenyl","(massa)Concentratie 2,2',4,5,5'-pentachloorbifenyl in Oppervlaktewater in ug/l","meting","NVT","NVT",TRUE,FALSE,FALSE
1187,"NVT","NVT","OW","Oppervlaktewater","ug/l","microgram per liter","CONCTTE","(massa)Concentratie","NVT","NVT","NVT","NVT","PCB118","2,3',4,4',5-pentachloorbifenyl","(massa)Concentratie 2,3',4,4',5-pentachloorbifenyl in Oppervlaktewater in ug/l","meting","NVT","NVT",TRUE,FALSE,FALSE
1188,"NVT","NVT","OW","Oppervlaktewater","ug/l","microgram per liter","CONCTTE","(massa)Concentratie","NVT","NVT","NVT","NVT","PCB138","2,2',3,4,4',5'-hexachloorbifenyl","(massa)Concentratie 2,2',3,4,4',5'-hexachloorbifenyl in Oppervlaktewater in ug/l","meting","NVT","NVT",TRUE,FALSE,FALSE
1189,"NVT","NVT","OW","Oppervlaktewater","ug/l","microgram per liter","CONCTTE","(massa)Concentratie","NVT","NVT","NVT","NVT","PCB153","2,2',4,4',5,5'-hexachloorbifenyl","(massa)Concentratie 2,2',4,4',5,5'-hexachloorbifenyl in Oppervlaktewater in ug/l","meting","NVT","NVT",TRUE,FALSE,FALSE
1190,"NVT","NVT","OW","Oppervlaktewater","ug/l","microgram per liter","CONCTTE","(massa)Concentratie","NVT","NVT","NVT","NVT","PCB180","2,2',3,4,4',5,5'-heptachloorbifenyl","(massa)Concentratie 2,2',3,4,4',5,5'-heptachloorbifenyl in Oppervlaktewater in ug/l","meting","NVT","NVT",TRUE,FALSE,FALSE
1191,"NVT","NVT","OW","Oppervlaktewater","ug/l","microgram per liter","CONCTTE","(massa)Concentratie","NVT","NVT","NVT","NVT","PCB180","2,2',3,4,4',5,5'-heptachloorbifenyl","Omreken. van passive sampler naar vrij opgeloste waterconc (massa)Concentratie 2,2',3,4,4',5,5'-heptachloorbifenyl in Oppervlaktewater in ug/l","meting","NVT","SRPSCW",TRUE,FALSE,FALSE
1192,"NVT","NVT","OW","Oppervlaktewater","ug/l","microgram per liter","CONCTTE","(massa)Concentratie","NVT","NVT","NVT","NVT","PCB28","2,4,4'-trichloorbifenyl","(massa)Concentratie 2,4,4'-trichloorbifenyl in Oppervlaktewater in ug/l","meting","NVT","NVT",TRUE,FALSE,FALSE
1193,"NVT","NVT","OW","Oppervlaktewater","ug/l","microgram per liter","CONCTTE","(massa)Concentratie","NVT","NVT","NVT","NVT","PCB52","2,2',5,5'-tetrachloorbifenyl","(massa)Concentratie 2,2',5,5'-tetrachloorbifenyl in Oppervlaktewater in ug/l","meting","NVT","NVT",TRUE,FALSE,FALSE
1194,"NVT","NVT","OW","Oppervlaktewater","ug/l","microgram per liter","CONCTTE","(massa)Concentratie","NVT","NVT","NVT","NVT","PeClBen","pentachloorbenzeen","(massa)Concentratie pentachloorbenzeen in Oppervlaktewater in ug/l","meting","NVT","NVT",TRUE,FALSE,FALSE
1195,"NVT","NVT","OW","Oppervlaktewater","ug/l","microgram per liter","CONCTTE","(massa)Concentratie","NVT","NVT","NVT","NVT","PeClFol","pentachloorfenol","(massa)Concentratie pentachloorfenol in Oppervlaktewater in ug/l","meting","NVT","NVT",TRUE,FALSE,FALSE
1196,"NVT","NVT","OW","Oppervlaktewater","ug/l","microgram per liter","CONCTTE","(massa)Concentratie","NVT","NVT","NVT","NVT","penccrn","pencycuron","(massa)Concentratie pencycuron in Oppervlaktewater in ug/l","meting","NVT","NVT",TRUE,FALSE,FALSE
1197,"NVT","NVT","OW","Oppervlaktewater","ug/l","microgram per liter","CONCTTE","(massa)Concentratie","NVT","NVT","NVT","NVT","pencnzl","penconazool","(massa)Concentratie penconazool in Oppervlaktewater in ug/l","meting","NVT","NVT",TRUE,FALSE,FALSE
1198,"NVT","NVT","OW","Oppervlaktewater","ug/l","microgram per liter","CONCTTE","(massa)Concentratie","NVT","NVT","NVT","NVT","PF1DSA","Perfluordecaansulfonamide","(massa)Concentratie Perfluordecaansulfonamide in Oppervlaktewater in ug/l","meting","NVT","NVT",TRUE,FALSE,FALSE
1199,"NVT","NVT","OW","Oppervlaktewater","ug/l","microgram per liter","CONCTTE","(massa)Concentratie","NVT","NVT","NVT","NVT","PFBA","perfluorbutaanzuur","(massa)Concentratie perfluorbutaanzuur in Oppervlaktewater in ug/l","meting","NVT","NVT",TRUE,FALSE,FALSE
1200,"NVT","NVT","OW","Oppervlaktewater","ug/l","microgram per liter","CONCTTE","(massa)Concentratie","NVT","NVT","NVT","NVT","PFC4asfAd","perfluorbutaansulfonamide","(massa)Concentratie perfluorbutaansulfonamide in Oppervlaktewater in ug/l","meting","NVT","NVT",TRUE,FALSE,FALSE
1201,"NVT","NVT","OW","Oppervlaktewater","ug/l","microgram per liter","CONCTTE","(massa)Concentratie","NVT","NVT","NVT","NVT","PFC5asfzr","perfluorpentaansulfonzuur","(massa)Concentratie perfluorpentaansulfonzuur in Oppervlaktewater in ug/l","meting","NVT","NVT",TRUE,FALSE,FALSE
1202,"NVT","NVT","OW","Oppervlaktewater","ug/l","microgram per liter","CONCTTE","(massa)Concentratie","NVT","NVT","NVT","NVT","PFC9asfzr","perfluornonaansulfonzuur","(massa)Concentratie perfluornonaansulfonzuur in Oppervlaktewater in ug/l","meting","NVT","NVT",TRUE,FALSE,FALSE
1203,"NVT","NVT","OW","Oppervlaktewater","ug/l","microgram per liter","CONCTTE","(massa)Concentratie","NVT","NVT","NVT","NVT","PFDA","perfluordecaanzuur","(massa)Concentratie perfluordecaanzuur in Oppervlaktewater in ug/l","meting","NVT","NVT",TRUE,FALSE,FALSE
1204,"NVT","NVT","OW","Oppervlaktewater","ug/l","microgram per liter","CONCTTE","(massa)Concentratie","NVT","NVT","NVT","NVT","PFdC1yDOxazr","Perfluor-2,5-dimethyl-3,6-dioxanonaanzuur","(massa)Concentratie Perfluor-2,5-dimethyl-3,6-dioxanonaanzuur in Oppervlaktewater in ug/l","meting","NVT","NVT",TRUE,FALSE,FALSE
1205,"NVT","NVT","OW","Oppervlaktewater","ug/l","microgram per liter","CONCTTE","(massa)Concentratie","NVT","NVT","NVT","NVT","PFDHpA","perfluor-3,6-dioxaheptaanzuur","(massa)Concentratie perfluor-3,6-dioxaheptaanzuur in Oppervlaktewater in ug/l","meting","NVT","NVT",TRUE,FALSE,FALSE
1206,"NVT","NVT","OW","Oppervlaktewater","ug/l","microgram per liter","CONCTTE","(massa)Concentratie","NVT","NVT","NVT","NVT","PFDoA","perfluordodecaanzuur","(massa)Concentratie perfluordodecaanzuur in Oppervlaktewater in ug/l","meting","NVT","NVT",TRUE,FALSE,FALSE
1207,"NVT","NVT","OW","Oppervlaktewater","ug/l","microgram per liter","CONCTTE","(massa)Concentratie","NVT","NVT","NVT","NVT","PFEES","perfluor(2-ethoxyethaan)sulfonzuur","(massa)Concentratie perfluor(2-ethoxyethaan)sulfonzuur in Oppervlaktewater in ug/l","meting","NVT","NVT",TRUE,FALSE,FALSE
1208,"NVT","NVT","OW","Oppervlaktewater","ug/l","microgram per liter","CONCTTE","(massa)Concentratie","NVT","NVT","NVT","NVT","PFHpA","perfluorheptaanzuur","(massa)Concentratie perfluorheptaanzuur in Oppervlaktewater in ug/l","meting","NVT","NVT",TRUE,FALSE,FALSE
1209,"NVT","NVT","OW","Oppervlaktewater","ug/l","microgram per liter","CONCTTE","(massa)Concentratie","NVT","NVT","NVT","NVT","PFHxA","perfluorhexaanzuur","(massa)Concentratie perfluorhexaanzuur in Oppervlaktewater in ug/l","meting","NVT","NVT",TRUE,FALSE,FALSE
1210,"NVT","NVT","OW","Oppervlaktewater","ug/l","microgram per liter","CONCTTE","(massa)Concentratie","NVT","NVT","NVT","NVT","PFHxSA","perfluorhexaansulfonamide","(massa)Concentratie perfluorhexaansulfonamide in Oppervlaktewater in ug/l","meting","NVT","NVT",TRUE,FALSE,FALSE
1211,"NVT","NVT","OW","Oppervlaktewater","ug/l","microgram per liter","CONCTTE","(massa)Concentratie","NVT","NVT","NVT","NVT","PFMBA","perfluor-4-methoxybutaanzuur","(massa)Concentratie perfluor-4-methoxybutaanzuur in Oppervlaktewater in ug/l","meting","NVT","NVT",TRUE,FALSE,FALSE
1212,"NVT","NVT","OW","Oppervlaktewater","ug/l","microgram per liter","CONCTTE","(massa)Concentratie","NVT","NVT","NVT","NVT","PFMPrA","perfluor-3-methoxypropaanzuur","(massa)Concentratie perfluor-3-methoxypropaanzuur in Oppervlaktewater in ug/l","meting","NVT","NVT",TRUE,FALSE,FALSE
1213,"NVT","NVT","OW","Oppervlaktewater","ug/l","microgram per liter","CONCTTE","(massa)Concentratie","NVT","NVT","NVT","NVT","PFNA","perfluornonaanzuur","(massa)Concentratie perfluornonaanzuur in Oppervlaktewater in ug/l","meting","NVT","NVT",TRUE,FALSE,FALSE
1214,"NVT","NVT","OW","Oppervlaktewater","ug/l","microgram per liter","CONCTTE","(massa)Concentratie","NVT","NVT","NVT","NVT","PFOA","perfluoroctaanzuur","(massa)Concentratie perfluoroctaanzuur in Oppervlaktewater in ug/l","meting","NVT","NVT",TRUE,FALSE,FALSE
1215,"NVT","NVT","OW","Oppervlaktewater","ug/l","microgram per liter","CONCTTE","(massa)Concentratie","NVT","NVT","NVT","NVT","PFOS","perfluoroctaansulfonzuur","(massa)Concentratie perfluoroctaansulfonzuur in Oppervlaktewater in ug/l","meting","NVT","NVT",FALSE,FALSE,FALSE
1216,"NVT","NVT","OW","Oppervlaktewater","ug/l","microgram per liter","CONCTTE","(massa)Concentratie","NVT","NVT","NVT","NVT","PFOSA","perfluoroctaansulfonamide","(massa)Concentratie perfluoroctaansulfonamide in Oppervlaktewater in ug/l","meting","NVT","NVT",TRUE,FALSE,FALSE
1217,"NVT","NVT","OW","Oppervlaktewater","ug/l","microgram per liter","CONCTTE","(massa)Concentratie","NVT","NVT","NVT","NVT","PFPA","perfluorpentaanzuur","(massa)Concentratie perfluorpentaanzuur in Oppervlaktewater in ug/l","meting","NVT","NVT",TRUE,FALSE,FALSE
1218,"NVT","NVT","OW","Oppervlaktewater","ug/l","microgram per liter","CONCTTE","(massa)Concentratie","NVT","NVT","NVT","NVT","PFTDA","perfluortridecaanzuur","(massa)Concentratie perfluortridecaanzuur in Oppervlaktewater in ug/l","meting","NVT","NVT",TRUE,FALSE,FALSE
1219,"NVT","NVT","OW","Oppervlaktewater","ug/l","microgram per liter","CONCTTE","(massa)Concentratie","NVT","NVT","NVT","NVT","PFTeDA","perfluortetradecaanzuur","(massa)Concentratie perfluortetradecaanzuur in Oppervlaktewater in ug/l","meting","NVT","NVT",TRUE,FALSE,FALSE
1220,"NVT","NVT","OW","Oppervlaktewater","ug/l","microgram per liter","CONCTTE","(massa)Concentratie","NVT","NVT","NVT","NVT","PFUdA","perfluorundecaanzuur","(massa)Concentratie perfluorundecaanzuur in Oppervlaktewater in ug/l","meting","NVT","NVT",TRUE,FALSE,FALSE
1221,"NVT","NVT","OW","Oppervlaktewater","ug/l","microgram per liter","CONCTTE","(massa)Concentratie","NVT","NVT","NVT","NVT","PIGMT","Pigment","(massa)Concentratie Pigment in Oppervlaktewater in ug/l","meting","NVT","NVT",TRUE,FALSE,FALSE
1222,"NVT","NVT","OW","Oppervlaktewater","ug/l","microgram per liter","CONCTTE","(massa)Concentratie","NVT","NVT","NVT","NVT","pipprn","pipamperon","(massa)Concentratie pipamperon in Oppervlaktewater in ug/l","meting","NVT","NVT",TRUE,FALSE,FALSE
1223,"NVT","NVT","OW","Oppervlaktewater","ug/l","microgram per liter","CONCTTE","(massa)Concentratie","NVT","NVT","NVT","NVT","piprnbO","piperonyl-butoxide","(massa)Concentratie piperonyl-butoxide in Oppervlaktewater in ug/l","meting","NVT","NVT",FALSE,FALSE,FALSE
1224,"NVT","NVT","OW","Oppervlaktewater","ug/l","microgram per liter","CONCTTE","(massa)Concentratie","NVT","NVT","NVT","NVT","pirmcb","pirimicarb","(massa)Concentratie pirimicarb in Oppervlaktewater in ug/l","meting","NVT","NVT",TRUE,FALSE,FALSE
1225,"NVT","NVT","OW","Oppervlaktewater","ug/l","microgram per liter","CONCTTE","(massa)Concentratie","NVT","NVT","NVT","NVT","poxflne","pentoxifylline","(massa)Concentratie pentoxifylline in Oppervlaktewater in ug/l","meting","NVT","NVT",TRUE,FALSE,FALSE
1226,"NVT","NVT","OW","Oppervlaktewater","ug/l","microgram per liter","CONCTTE","(massa)Concentratie","NVT","NVT","NVT","NVT","Pr","praseodymium","(massa)Concentratie praseodymium in Oppervlaktewater in ug/l","meting","NVT","NVT",TRUE,FALSE,FALSE
1227,"NVT","NVT","OW","Oppervlaktewater","ug/l","microgram per liter","CONCTTE","(massa)Concentratie","NVT","NVT","NVT","NVT","primdn","primidon","(massa)Concentratie primidon in Oppervlaktewater in ug/l","meting","NVT","NVT",TRUE,FALSE,FALSE
1228,"NVT","NVT","OW","Oppervlaktewater","ug/l","microgram per liter","CONCTTE","(massa)Concentratie","NVT","NVT","NVT","NVT","proClaz","prochloraz","(massa)Concentratie prochloraz in Oppervlaktewater in ug/l","meting","NVT","NVT",FALSE,FALSE,FALSE
1229,"NVT","NVT","OW","Oppervlaktewater","ug/l","microgram per liter","CONCTTE","(massa)Concentratie","NVT","NVT","NVT","NVT","procmdn","procymidon","(massa)Concentratie procymidon in Oppervlaktewater in ug/l","meting","NVT","NVT",TRUE,FALSE,FALSE
1230,"NVT","NVT","OW","Oppervlaktewater","ug/l","microgram per liter","CONCTTE","(massa)Concentratie","NVT","NVT","NVT","NVT","profm","profam","(massa)Concentratie profam in Oppervlaktewater in ug/l","meting","NVT","NVT",TRUE,FALSE,FALSE
1231,"NVT","NVT","OW","Oppervlaktewater","ug/l","microgram per liter","CONCTTE","(massa)Concentratie","NVT","NVT","NVT","NVT","promtne","prometryne","Gemiddelde (massa)Concentratie prometryne in Oppervlaktewater in ug/l","meting","NVT","GEM",FALSE,FALSE,FALSE
1232,"NVT","NVT","OW","Oppervlaktewater","ug/l","microgram per liter","CONCTTE","(massa)Concentratie","NVT","NVT","NVT","NVT","promtne","prometryne","(massa)Concentratie prometryne in Oppervlaktewater in ug/l","meting","NVT","NVT",TRUE,FALSE,FALSE
1233,"NVT","NVT","OW","Oppervlaktewater","ug/l","microgram per liter","CONCTTE","(massa)Concentratie","NVT","NVT","NVT","NVT","propAd","propyzamide","(massa)Concentratie propyzamide in Oppervlaktewater in ug/l","meting","NVT","NVT",TRUE,FALSE,FALSE
1234,"NVT","NVT","OW","Oppervlaktewater","ug/l","microgram per liter","CONCTTE","(massa)Concentratie","NVT","NVT","NVT","NVT","propCl","propachloor","(massa)Concentratie propachloor in Oppervlaktewater in ug/l","meting","NVT","NVT",TRUE,FALSE,FALSE
1235,"NVT","NVT","OW","Oppervlaktewater","ug/l","microgram per liter","CONCTTE","(massa)Concentratie","NVT","NVT","NVT","NVT","propcnzl","propiconazol (som cis- en trans-)","(massa)Concentratie propiconazol (som cis- en trans-) in Oppervlaktewater in ug/l","meting","NVT","NVT",TRUE,FALSE,FALSE
1236,"NVT","NVT","OW","Oppervlaktewater","ug/l","microgram per liter","CONCTTE","(massa)Concentratie","NVT","NVT","NVT","NVT","propmcb","propamocarb","(massa)Concentratie propamocarb in Oppervlaktewater in ug/l","meting","NVT","NVT",TRUE,FALSE,FALSE
1237,"NVT","NVT","OW","Oppervlaktewater","ug/l","microgram per liter","CONCTTE","(massa)Concentratie","NVT","NVT","NVT","NVT","propnl","propanil","(massa)Concentratie propanil in Oppervlaktewater in ug/l","meting","NVT","NVT",TRUE,FALSE,FALSE
1238,"NVT","NVT","OW","Oppervlaktewater","ug/l","microgram per liter","CONCTTE","(massa)Concentratie","NVT","NVT","NVT","NVT","propnll","propranolol","(massa)Concentratie propranolol in Oppervlaktewater in ug/l","meting","NVT","NVT",TRUE,FALSE,FALSE
1239,"NVT","NVT","OW","Oppervlaktewater","ug/l","microgram per liter","CONCTTE","(massa)Concentratie","NVT","NVT","NVT","NVT","propxr","propoxur","(massa)Concentratie propoxur in Oppervlaktewater in ug/l","meting","NVT","NVT",TRUE,FALSE,FALSE
1240,"NVT","NVT","OW","Oppervlaktewater","ug/l","microgram per liter","CONCTTE","(massa)Concentratie","NVT","NVT","NVT","NVT","propzne","propazine","Gemiddelde (massa)Concentratie propazine in Oppervlaktewater in ug/l","meting","NVT","GEM",FALSE,FALSE,FALSE
1241,"NVT","NVT","OW","Oppervlaktewater","ug/l","microgram per liter","CONCTTE","(massa)Concentratie","NVT","NVT","NVT","NVT","propzne","propazine","(massa)Concentratie propazine in Oppervlaktewater in ug/l","meting","NVT","NVT",TRUE,FALSE,FALSE
1242,"NVT","NVT","OW","Oppervlaktewater","ug/l","microgram per liter","CONCTTE","(massa)Concentratie","NVT","NVT","NVT","NVT","prosfcb","prosulfocarb","Gemiddelde (massa)Concentratie prosulfocarb in Oppervlaktewater in ug/l","meting","NVT","GEM",FALSE,FALSE,FALSE
1243,"NVT","NVT","OW","Oppervlaktewater","ug/l","microgram per liter","CONCTTE","(massa)Concentratie","NVT","NVT","NVT","NVT","prosfcb","prosulfocarb","(massa)Concentratie prosulfocarb in Oppervlaktewater in ug/l","meting","NVT","NVT",TRUE,FALSE,FALSE
1244,"NVT","NVT","OW","Oppervlaktewater","ug/l","microgram per liter","CONCTTE","(massa)Concentratie","NVT","NVT","NVT","NVT","Pt","platina","(massa)Concentratie platina in Oppervlaktewater in ug/l","meting","NVT","NVT",TRUE,FALSE,FALSE
1245,"NVT","NVT","OW","Oppervlaktewater","ug/l","microgram per liter","CONCTTE","(massa)Concentratie","NVT","NVT","NVT","NVT","Pyr","pyreen","(massa)Concentratie pyreen in Oppervlaktewater in ug/l","meting","NVT","NVT",TRUE,FALSE,FALSE
1246,"NVT","NVT","OW","Oppervlaktewater","ug/l","microgram per liter","CONCTTE","(massa)Concentratie","NVT","NVT","NVT","NVT","pyrazfs","pyrazofos","(massa)Concentratie pyrazofos in Oppervlaktewater in ug/l","meting","NVT","NVT",TRUE,FALSE,FALSE
1247,"NVT","NVT","OW","Oppervlaktewater","ug/l","microgram per liter","CONCTTE","(massa)Concentratie","NVT","NVT","NVT","NVT","pyrdbn","pyridaben","(massa)Concentratie pyridaben in Oppervlaktewater in ug/l","meting","NVT","NVT",TRUE,FALSE,FALSE
1248,"NVT","NVT","OW","Oppervlaktewater","ug/l","microgram per liter","CONCTTE","(massa)Concentratie","NVT","NVT","NVT","NVT","pyrdne","pyridine","Gemiddelde (massa)Concentratie pyridine in Oppervlaktewater in ug/l","meting","NVT","GEM",FALSE,FALSE,FALSE
1249,"NVT","NVT","OW","Oppervlaktewater","ug/l","microgram per liter","CONCTTE","(massa)Concentratie","NVT","NVT","NVT","NVT","pyrdne","pyridine","(massa)Concentratie pyridine in Oppervlaktewater in ug/l","meting","NVT","NVT",FALSE,FALSE,FALSE
1250,"NVT","NVT","OW","Oppervlaktewater","ug/l","microgram per liter","CONCTTE","(massa)Concentratie","NVT","NVT","NVT","NVT","pyrpxfn","pyriproxyfen","(massa)Concentratie pyriproxyfen in Oppervlaktewater in ug/l","meting","NVT","NVT",TRUE,FALSE,FALSE
1251,"NVT","NVT","OW","Oppervlaktewater","ug/l","microgram per liter","CONCTTE","(massa)Concentratie","NVT","NVT","NVT","NVT","pyrzl","pyrazol","Gemiddelde (massa)Concentratie pyrazol in Oppervlaktewater in ug/l","meting","NVT","GEM",FALSE,FALSE,FALSE
1252,"NVT","NVT","OW","Oppervlaktewater","ug/l","microgram per liter","CONCTTE","(massa)Concentratie","NVT","NVT","NVT","NVT","pyrzl","pyrazol","(massa)Concentratie pyrazol in Oppervlaktewater in ug/l","meting","NVT","NVT",FALSE,FALSE,FALSE
1253,"NVT","NVT","OW","Oppervlaktewater","ug/l","microgram per liter","CONCTTE","(massa)Concentratie","NVT","NVT","NVT","NVT","quinlne","quinoline","(massa)Concentratie quinoline in Oppervlaktewater in ug/l","meting","NVT","NVT",FALSE,FALSE,FALSE
1254,"NVT","NVT","OW","Oppervlaktewater","ug/l","microgram per liter","CONCTTE","(massa)Concentratie","NVT","NVT","NVT","NVT","quinoxfn","quinoxyfen","(massa)Concentratie quinoxyfen in Oppervlaktewater in ug/l","meting","NVT","NVT",TRUE,FALSE,FALSE
1255,"NVT","NVT","OW","Oppervlaktewater","ug/l","microgram per liter","CONCTTE","(massa)Concentratie","NVT","NVT","NVT","NVT","Rb","rubidium","(massa)Concentratie rubidium in Oppervlaktewater in ug/l","meting","NVT","NVT",TRUE,FALSE,FALSE
1256,"NVT","NVT","OW","Oppervlaktewater","ug/l","microgram per liter","CONCTTE","(massa)Concentratie","NVT","NVT","NVT","NVT","s1214DClBen","som 1,2- en 1,4-dichloorbenzeen","(massa)Concentratie som 1,2- en 1,4-dichloorbenzeen in Oppervlaktewater in ug/l","meting","NVT","NVT",TRUE,FALSE,FALSE
1257,"NVT","NVT","OW","Oppervlaktewater","ug/l","microgram per liter","CONCTTE","(massa)Concentratie","NVT","NVT","NVT","NVT","s1314xyln","som 1,3- en 1,4-xyleen","Gemiddelde (massa)Concentratie som 1,3- en 1,4-xyleen in Oppervlaktewater in ug/l","meting","NVT","GEM",FALSE,FALSE,FALSE
1258,"NVT","NVT","OW","Oppervlaktewater","ug/l","microgram per liter","CONCTTE","(massa)Concentratie","NVT","NVT","NVT","NVT","s1314xyln","som 1,3- en 1,4-xyleen","(massa)Concentratie som 1,3- en 1,4-xyleen in Oppervlaktewater in ug/l","meting","NVT","NVT",TRUE,FALSE,FALSE
1259,"NVT","NVT","OW","Oppervlaktewater","ug/l","microgram per liter","CONCTTE","(massa)Concentratie","NVT","NVT","NVT","NVT","s23x6T4ClFol","som 2,3,4,6- en 2,3,5,6-tetrachloorfenol","(massa)Concentratie som 2,3,4,6- en 2,3,5,6-tetrachloorfenol in Oppervlaktewater in ug/l","meting","NVT","NVT",TRUE,FALSE,FALSE
1260,"NVT","NVT","OW","Oppervlaktewater","ug/l","microgram per liter","CONCTTE","(massa)Concentratie","NVT","NVT","NVT","NVT","s2425DClFol","som 2,4- en 2,5-dichloorfenol","(massa)Concentratie som 2,4- en 2,5-dichloorfenol in Oppervlaktewater in ug/l","meting","NVT","NVT",TRUE,FALSE,FALSE
1261,"NVT","NVT","OW","Oppervlaktewater","ug/l","microgram per liter","CONCTTE","(massa)Concentratie","NVT","NVT","NVT","NVT","s34C2yTol","som 3- en 4-ethyltolueen","(massa)Concentratie som 3- en 4-ethyltolueen in Oppervlaktewater in ug/l","meting","NVT","NVT",TRUE,FALSE,FALSE
1262,"NVT","NVT","OW","Oppervlaktewater","ug/l","microgram per liter","CONCTTE","(massa)Concentratie","NVT","NVT","NVT","NVT","s45C1y1Hbzta","som 4- en 5-methyl-1H-benzotriazool","(massa)Concentratie som 4- en 5-methyl-1H-benzotriazool in Oppervlaktewater in ug/l","meting","NVT","NVT",TRUE,FALSE,FALSE
1263,"NVT","NVT","OW","Oppervlaktewater","ug/l","microgram per liter","CONCTTE","(massa)Concentratie","NVT","NVT","NVT","NVT","s4C9yFol","som 4-nonylfenol-isomeren (vertakt)","(massa)Concentratie som 4-nonylfenol-isomeren (vertakt) in Oppervlaktewater in ug/l","meting","NVT","NVT",TRUE,FALSE,FALSE
1264,"NVT","NVT","OW","Oppervlaktewater","ug/l","microgram per liter","CONCTTE","(massa)Concentratie","NVT","NVT","NVT","NVT","saccrne","saccharine","(massa)Concentratie saccharine in Oppervlaktewater in ug/l","meting","NVT","NVT",FALSE,FALSE,FALSE
1265,"NVT","NVT","OW","Oppervlaktewater","ug/l","microgram per liter","CONCTTE","(massa)Concentratie","NVT","NVT","NVT","NVT","sARAM","som aromatische amines","(massa)Concentratie som aromatische amines in Oppervlaktewater in ug/l","meting","NVT","NVT",TRUE,FALSE,FALSE
1266,"NVT","NVT","OW","Oppervlaktewater","ug/l","microgram per liter","CONCTTE","(massa)Concentratie","NVT","NVT","NVT","NVT","Sb","antimoon","(massa)Concentratie antimoon in Oppervlaktewater in ug/l","meting","NVT","NVT",TRUE,FALSE,FALSE
1267,"NVT","NVT","OW","Oppervlaktewater","ug/l","microgram per liter","CONCTTE","(massa)Concentratie","NVT","NVT","NVT","NVT","sBbjF","som benzo(b)fluorantheen en benzo(j)fluorantheen","(massa)Concentratie som benzo(b)fluorantheen en benzo(j)fluorantheen in Oppervlaktewater in ug/l","meting","NVT","NVT",TRUE,FALSE,FALSE
1268,"NVT","NVT","OW","Oppervlaktewater","ug/l","microgram per liter","CONCTTE","(massa)Concentratie","NVT","NVT","NVT","NVT","sBTEX","Som van Benzeen+Tolueen+EyB+1,2-xyleen+1,3-xyleen+1,4-xyleen","(massa)Concentratie Som van Benzeen+Tolueen+EyB+1,2-xyleen+1,3-xyleen+1,4-xyleen in Oppervlaktewater in ug/l","meting","NVT","NVT",TRUE,FALSE,FALSE
1269,"NVT","NVT","OW","Oppervlaktewater","ug/l","microgram per liter","CONCTTE","(massa)Concentratie","NVT","NVT","NVT","NVT","Sc","scandium","(massa)Concentratie scandium in Oppervlaktewater in ug/l","meting","NVT","NVT",TRUE,FALSE,FALSE
1270,"NVT","NVT","OW","Oppervlaktewater","ug/l","microgram per liter","CONCTTE","(massa)Concentratie","NVT","NVT","NVT","NVT","sC10C13Clakn","som C10-C13-chlooralkanen","(massa)Concentratie som C10-C13-chlooralkanen in Oppervlaktewater in ug/l","meting","NVT","NVT",TRUE,FALSE,FALSE
1271,"NVT","NVT","OW","Oppervlaktewater","ug/l","microgram per liter","CONCTTE","(massa)Concentratie","NVT","NVT","NVT","NVT","sChER","som cholinesteraseremmers","(massa)Concentratie som cholinesteraseremmers in Oppervlaktewater in ug/l","meting","NVT","NVT",TRUE,FALSE,FALSE
1272,"NVT","NVT","OW","Oppervlaktewater","ug/l","microgram per liter","CONCTTE","(massa)Concentratie","NVT","NVT","NVT","NVT","sDClNO2Ben4","som 2,3-, 2,4-, 2,5- en 3,4-dichloornitrobenzeen","(massa)Concentratie som 2,3-, 2,4-, 2,5- en 3,4-dichloornitrobenzeen in Oppervlaktewater in ug/l","meting","NVT","NVT",TRUE,FALSE,FALSE
1273,"NVT","NVT","OW","Oppervlaktewater","ug/l","microgram per liter","CONCTTE","(massa)Concentratie","NVT","NVT","NVT","NVT","sDDX4","som 2,4'-DDT, 4,4'-DDT, 4,4'-DDD en 4,4'-DDE","(massa)Concentratie som 2,4'-DDT, 4,4'-DDT, 4,4'-DDD en 4,4'-DDE in Oppervlaktewater in ug/l","meting","NVT","NVT",TRUE,FALSE,FALSE
1274,"NVT","NVT","OW","Oppervlaktewater","ug/l","microgram per liter","CONCTTE","(massa)Concentratie","NVT","NVT","NVT","NVT","sDiPyErTCM","Som di-isopropylether en trichloormethaan","(massa)Concentratie Som di-isopropylether en trichloormethaan in Oppervlaktewater in ug/l","meting","NVT","NVT",FALSE,FALSE,FALSE
1275,"NVT","NVT","OW","Oppervlaktewater","ug/l","microgram per liter","CONCTTE","(massa)Concentratie","NVT","NVT","NVT","NVT","sdrin4","som aldrin, dieldrin, endrin en isodrin","(massa)Concentratie som aldrin, dieldrin, endrin en isodrin in Oppervlaktewater in ug/l","meting","NVT","NVT",TRUE,FALSE,FALSE
1276,"NVT","NVT","OW","Oppervlaktewater","ug/l","microgram per liter","CONCTTE","(massa)Concentratie","NVT","NVT","NVT","NVT","Se","seleen","(massa)Concentratie seleen in Oppervlaktewater in ug/l","meting","NVT","NVT",TRUE,FALSE,FALSE
1277,"NVT","NVT","OW","Oppervlaktewater","ug/l","microgram per liter","CONCTTE","(massa)Concentratie","NVT","NVT","NVT","NVT","sEOS","som extraheerbare organische zwavelverbindingen","(massa)Concentratie som extraheerbare organische zwavelverbindingen in Oppervlaktewater in ug/l","meting","NVT","NVT",TRUE,FALSE,FALSE
1278,"NVT","NVT","OW","Oppervlaktewater","ug/l","microgram per liter","CONCTTE","(massa)Concentratie","NVT","NVT","NVT","NVT","sF16C10ezr","Som hexadecafluor-2-deceenzuur-isomeren ","(massa)Concentratie Som hexadecafluor-2-deceenzuur-isomeren  in Oppervlaktewater in ug/l","meting","NVT","NVT",TRUE,FALSE,FALSE
1279,"NVT","NVT","OW","Oppervlaktewater","ug/l","microgram per liter","CONCTTE","(massa)Concentratie","NVT","NVT","NVT","NVT","sFEO","som Feopigment","(massa)Concentratie som Feopigment in Oppervlaktewater in ug/l","meting","NVT","NVT",TRUE,FALSE,FALSE
1280,"NVT","NVT","OW","Oppervlaktewater","ug/l","microgram per liter","CONCTTE","(massa)Concentratie","NVT","NVT","NVT","NVT","sFolwv","som fenolen waterdampvluchtig","(massa)Concentratie som fenolen waterdampvluchtig in Oppervlaktewater in ug/l","meting","NVT","NVT",TRUE,FALSE,FALSE
1281,"NVT","NVT","OW","Oppervlaktewater","ug/l","microgram per liter","CONCTTE","(massa)Concentratie","NVT","NVT","NVT","NVT","sHCH4","som a-, b-, c- en d-HCH","(massa)Concentratie som a-, b-, c- en d-HCH in Oppervlaktewater in ug/l","meting","NVT","NVT",TRUE,FALSE,FALSE
1282,"NVT","NVT","OW","Oppervlaktewater","ug/l","microgram per liter","CONCTTE","(massa)Concentratie","NVT","NVT","NVT","NVT","simzne","simazine","Gemiddelde (massa)Concentratie simazine in Oppervlaktewater in ug/l","meting","NVT","GEM",FALSE,FALSE,FALSE
1283,"NVT","NVT","OW","Oppervlaktewater","ug/l","microgram per liter","CONCTTE","(massa)Concentratie","NVT","NVT","NVT","NVT","simzne","simazine","(massa)Concentratie simazine in Oppervlaktewater in ug/l","meting","NVT","NVT",TRUE,FALSE,FALSE
1284,"NVT","NVT","OW","Oppervlaktewater","ug/l","microgram per liter","CONCTTE","(massa)Concentratie","NVT","NVT","NVT","NVT","Sm","samarium","(massa)Concentratie samarium in Oppervlaktewater in ug/l","meting","NVT","NVT",TRUE,FALSE,FALSE
1285,"NVT","NVT","OW","Oppervlaktewater","ug/l","microgram per liter","CONCTTE","(massa)Concentratie","NVT","NVT","NVT","NVT","sMAK","som monocyclische aromatische koolwaterstoffen (BTEX)","(massa)Concentratie som monocyclische aromatische koolwaterstoffen (BTEX) in Oppervlaktewater in ug/l","meting","NVT","NVT",TRUE,FALSE,FALSE
1286,"NVT","NVT","OW","Oppervlaktewater","ug/l","microgram per liter","CONCTTE","(massa)Concentratie","NVT","NVT","NVT","NVT","sMCPB24DB","som MCPB en 24DB","(massa)Concentratie som MCPB en 24DB in Oppervlaktewater in ug/l","meting","NVT","NVT",FALSE,FALSE,FALSE
1287,"NVT","NVT","OW","Oppervlaktewater","ug/l","microgram per liter","CONCTTE","(massa)Concentratie","NVT","NVT","NVT","NVT","sMICCTNS","som microcystines","(massa)Concentratie som microcystines in Oppervlaktewater in ug/l","meting","NVT","NVT",FALSE,FALSE,FALSE
1288,"NVT","NVT","OW","Oppervlaktewater","ug/l","microgram per liter","CONCTTE","(massa)Concentratie","NVT","NVT","NVT","NVT","Sn","tin","(massa)Concentratie tin in Oppervlaktewater in ug/l","meting","NVT","NVT",TRUE,FALSE,FALSE
1289,"NVT","NVT","OW","Oppervlaktewater","ug/l","microgram per liter","CONCTTE","(massa)Concentratie","NVT","NVT","NVT","NVT","sotll","sotalol","Gemiddelde (massa)Concentratie sotalol in Oppervlaktewater in ug/l","meting","NVT","GEM",FALSE,FALSE,FALSE
1290,"NVT","NVT","OW","Oppervlaktewater","ug/l","microgram per liter","CONCTTE","(massa)Concentratie","NVT","NVT","NVT","NVT","sotll","sotalol","(massa)Concentratie sotalol in Oppervlaktewater in ug/l","meting","NVT","NVT",TRUE,FALSE,FALSE
1291,"NVT","NVT","OW","Oppervlaktewater","ug/l","microgram per liter","CONCTTE","(massa)Concentratie","NVT","NVT","NVT","NVT","sPAK10","som 10 polycyclische aromatische koolwaterstoffen (VROM)","(massa)Concentratie som 10 polycyclische aromatische koolwaterstoffen (VROM) in Oppervlaktewater in ug/l","meting","NVT","NVT",TRUE,FALSE,FALSE
1292,"NVT","NVT","OW","Oppervlaktewater","ug/l","microgram per liter","CONCTTE","(massa)Concentratie","NVT","NVT","NVT","NVT","sPAK16","som 16 polycyclische aromatische koolwaterstoffen (EPA)","(massa)Concentratie som 16 polycyclische aromatische koolwaterstoffen (EPA) in Oppervlaktewater in ug/l","meting","NVT","NVT",TRUE,FALSE,FALSE
1293,"NVT","NVT","OW","Oppervlaktewater","ug/l","microgram per liter","CONCTTE","(massa)Concentratie","NVT","NVT","NVT","NVT","sPAK6","som 6 polycyclische aromatische koolwaterstoffen (Borneff)","(massa)Concentratie som 6 polycyclische aromatische koolwaterstoffen (Borneff) in Oppervlaktewater in ug/l","meting","NVT","NVT",TRUE,FALSE,FALSE
1294,"NVT","NVT","OW","Oppervlaktewater","ug/l","microgram per liter","CONCTTE","(massa)Concentratie","NVT","NVT","NVT","NVT","sPCB2831","som PCB28 en PCB31","(massa)Concentratie som PCB28 en PCB31 in Oppervlaktewater in ug/l","meting","NVT","NVT",TRUE,FALSE,FALSE
1295,"NVT","NVT","OW","Oppervlaktewater","ug/l","microgram per liter","CONCTTE","(massa)Concentratie","NVT","NVT","NVT","NVT","sPCB6","som 6 polychloorbifenylen PCB28, 52, 101, 138, 153, 180","(massa)Concentratie som 6 polychloorbifenylen PCB28, 52, 101, 138, 153, 180 in Oppervlaktewater in ug/l","meting","NVT","NVT",TRUE,FALSE,FALSE
1296,"NVT","NVT","OW","Oppervlaktewater","ug/l","microgram per liter","CONCTTE","(massa)Concentratie","NVT","NVT","NVT","NVT","sPCB7","som 7 polychloorbifenylen PCB28, 52, 101, 118, 138, 153, 180","(massa)Concentratie som 7 polychloorbifenylen PCB28, 52, 101, 118, 138, 153, 180 in Oppervlaktewater in ug/l","meting","NVT","NVT",TRUE,FALSE,FALSE
1297,"NVT","NVT","OW","Oppervlaktewater","ug/l","microgram per liter","CONCTTE","(massa)Concentratie","NVT","NVT","NVT","NVT","squaln","squaleen","Gemiddelde (massa)Concentratie squaleen in Oppervlaktewater in ug/l","meting","NVT","GEM",FALSE,FALSE,FALSE
1298,"NVT","NVT","OW","Oppervlaktewater","ug/l","microgram per liter","CONCTTE","(massa)Concentratie","NVT","NVT","NVT","NVT","squaln","squaleen","(massa)Concentratie squaleen in Oppervlaktewater in ug/l","meting","NVT","NVT",TRUE,FALSE,FALSE
1299,"NVT","NVT","OW","Oppervlaktewater","ug/l","microgram per liter","CONCTTE","(massa)Concentratie","NVT","NVT","NVT","NVT","Sr","strontium","(massa)Concentratie strontium in Oppervlaktewater in ug/l","meting","NVT","NVT",TRUE,FALSE,FALSE
1300,"NVT","NVT","OW","Oppervlaktewater","ug/l","microgram per liter","CONCTTE","(massa)Concentratie","NVT","NVT","NVT","NVT","sT4ClBen","som tetrachloorbenzeen-isomeren","(massa)Concentratie som tetrachloorbenzeen-isomeren in Oppervlaktewater in ug/l","meting","NVT","NVT",TRUE,FALSE,FALSE
1301,"NVT","NVT","OW","Oppervlaktewater","ug/l","microgram per liter","CONCTTE","(massa)Concentratie","NVT","NVT","NVT","NVT","styrn","styreen","Gemiddelde (massa)Concentratie styreen in Oppervlaktewater in ug/l","meting","NVT","GEM",FALSE,FALSE,FALSE
1302,"NVT","NVT","OW","Oppervlaktewater","ug/l","microgram per liter","CONCTTE","(massa)Concentratie","NVT","NVT","NVT","NVT","styrn","styreen","(massa)Concentratie styreen in Oppervlaktewater in ug/l","meting","NVT","NVT",TRUE,FALSE,FALSE
1303,"NVT","NVT","OW","Oppervlaktewater","ug/l","microgram per liter","CONCTTE","(massa)Concentratie","NVT","NVT","NVT","NVT","suclse","sucralose","(massa)Concentratie sucralose in Oppervlaktewater in ug/l","meting","NVT","NVT",FALSE,FALSE,FALSE
1304,"NVT","NVT","OW","Oppervlaktewater","ug/l","microgram per liter","CONCTTE","(massa)Concentratie","NVT","NVT","NVT","NVT","sulfdazne","sulfadiazine","(massa)Concentratie sulfadiazine in Oppervlaktewater in ug/l","meting","NVT","NVT",TRUE,FALSE,FALSE
1305,"NVT","NVT","OW","Oppervlaktewater","ug/l","microgram per liter","CONCTTE","(massa)Concentratie","NVT","NVT","NVT","NVT","sulfdmdne","sulfadimidine","(massa)Concentratie sulfadimidine in Oppervlaktewater in ug/l","meting","NVT","NVT",TRUE,FALSE,FALSE
1306,"NVT","NVT","OW","Oppervlaktewater","ug/l","microgram per liter","CONCTTE","(massa)Concentratie","NVT","NVT","NVT","NVT","sulfmtoazl","sulfamethoxazol","(massa)Concentratie sulfamethoxazol in Oppervlaktewater in ug/l","meting","NVT","NVT",TRUE,FALSE,FALSE
1307,"NVT","NVT","OW","Oppervlaktewater","ug/l","microgram per liter","CONCTTE","(massa)Concentratie","NVT","NVT","NVT","NVT","sulfprdne","sulfapyridine","(massa)Concentratie sulfapyridine in Oppervlaktewater in ug/l","meting","NVT","NVT",TRUE,FALSE,FALSE
1308,"NVT","NVT","OW","Oppervlaktewater","ug/l","microgram per liter","CONCTTE","(massa)Concentratie","NVT","NVT","NVT","NVT","sulfqoxlne","sulfaquinoxaline","(massa)Concentratie sulfaquinoxaline in Oppervlaktewater in ug/l","meting","NVT","NVT",TRUE,FALSE,FALSE
1309,"NVT","NVT","OW","Oppervlaktewater","ug/l","microgram per liter","CONCTTE","(massa)Concentratie","NVT","NVT","NVT","NVT","sverttPFHxS","som vertakte perfluorhexaansulfonzuur-isomeren","(massa)Concentratie som vertakte perfluorhexaansulfonzuur-isomeren in Oppervlaktewater in ug/l","meting","NVT","NVT",TRUE,FALSE,FALSE
1310,"NVT","NVT","OW","Oppervlaktewater","ug/l","microgram per liter","CONCTTE","(massa)Concentratie","NVT","NVT","NVT","NVT","sverttPFOS","som vertakte perfluoroctaansulfonzuur-isomeren","(massa)Concentratie som vertakte perfluoroctaansulfonzuur-isomeren in Oppervlaktewater in ug/l","meting","NVT","NVT",TRUE,FALSE,FALSE
1311,"NVT","NVT","OW","Oppervlaktewater","ug/l","microgram per liter","CONCTTE","(massa)Concentratie","NVT","NVT","NVT","NVT","sxyln","som xyleen-isomeren","(massa)Concentratie som xyleen-isomeren in Oppervlaktewater in ug/l","meting","NVT","NVT",TRUE,FALSE,FALSE
1312,"NVT","NVT","OW","Oppervlaktewater","ug/l","microgram per liter","CONCTTE","(massa)Concentratie","NVT","NVT","NVT","NVT","t1011DHOx101","trans-10,11-dihydroxy-10,11-dihydrocarbamazepine","(massa)Concentratie trans-10,11-dihydroxy-10,11-dihydrocarbamazepine in Oppervlaktewater in ug/l","meting","NVT","NVT",TRUE,FALSE,FALSE
1313,"NVT","NVT","OW","Oppervlaktewater","ug/l","microgram per liter","CONCTTE","(massa)Concentratie","NVT","NVT","NVT","NVT","t12DClC2e","trans-1,2-dichlooretheen","Gemiddelde (massa)Concentratie trans-1,2-dichlooretheen in Oppervlaktewater in ug/l","meting","NVT","GEM",FALSE,FALSE,FALSE
1314,"NVT","NVT","OW","Oppervlaktewater","ug/l","microgram per liter","CONCTTE","(massa)Concentratie","NVT","NVT","NVT","NVT","t12DClC2e","trans-1,2-dichlooretheen","(massa)Concentratie trans-1,2-dichlooretheen in Oppervlaktewater in ug/l","meting","NVT","NVT",TRUE,FALSE,FALSE
1315,"NVT","NVT","OW","Oppervlaktewater","ug/l","microgram per liter","CONCTTE","(massa)Concentratie","NVT","NVT","NVT","NVT","t13DClC3e","trans-1,3-dichloorpropeen","(massa)Concentratie trans-1,3-dichloorpropeen in Oppervlaktewater in ug/l","meting","NVT","NVT",TRUE,FALSE,FALSE
1316,"NVT","NVT","OW","Oppervlaktewater","ug/l","microgram per liter","CONCTTE","(massa)Concentratie","NVT","NVT","NVT","NVT","T2ClC2yPO4","tri(2-chloorethyl)fosfaat","Gemiddelde (massa)Concentratie tri(2-chloorethyl)fosfaat in Oppervlaktewater in ug/l","meting","NVT","GEM",FALSE,FALSE,FALSE
1317,"NVT","NVT","OW","Oppervlaktewater","ug/l","microgram per liter","CONCTTE","(massa)Concentratie","NVT","NVT","NVT","NVT","T2ClC2yPO4","tri(2-chloorethyl)fosfaat","(massa)Concentratie tri(2-chloorethyl)fosfaat in Oppervlaktewater in ug/l","meting","NVT","NVT",FALSE,FALSE,FALSE
1318,"NVT","NVT","OW","Oppervlaktewater","ug/l","microgram per liter","CONCTTE","(massa)Concentratie","NVT","NVT","NVT","NVT","T4BrbFolA","tetrabroombisfenol A","(massa)Concentratie tetrabroombisfenol A in Oppervlaktewater in ug/l","meting","NVT","NVT",FALSE,FALSE,FALSE
1319,"NVT","NVT","OW","Oppervlaktewater","ug/l","microgram per liter","CONCTTE","(massa)Concentratie","NVT","NVT","NVT","NVT","T4C13FTZR","Tetrachloororthoftaalzuur","(massa)Concentratie Tetrachloororthoftaalzuur in Oppervlaktewater in ug/l","meting","NVT","NVT",TRUE,FALSE,FALSE
1320,"NVT","NVT","OW","Oppervlaktewater","ug/l","microgram per liter","CONCTTE","(massa)Concentratie","NVT","NVT","NVT","NVT","T4C3yNH3Br","tetrapropylammoniumbromide","Gemiddelde (massa)Concentratie tetrapropylammoniumbromide in Oppervlaktewater in ug/l","meting","NVT","GEM",FALSE,FALSE,FALSE
1321,"NVT","NVT","OW","Oppervlaktewater","ug/l","microgram per liter","CONCTTE","(massa)Concentratie","NVT","NVT","NVT","NVT","T4ClC1a","tetrachloormethaan (tetra)","Gemiddelde (massa)Concentratie tetrachloormethaan (tetra) in Oppervlaktewater in ug/l","meting","NVT","GEM",FALSE,FALSE,FALSE
1322,"NVT","NVT","OW","Oppervlaktewater","ug/l","microgram per liter","CONCTTE","(massa)Concentratie","NVT","NVT","NVT","NVT","T4ClC1a","tetrachloormethaan (tetra)","(massa)Concentratie tetrachloormethaan (tetra) in Oppervlaktewater in ug/l","meting","NVT","NVT",TRUE,FALSE,FALSE
1323,"NVT","NVT","OW","Oppervlaktewater","ug/l","microgram per liter","CONCTTE","(massa)Concentratie","NVT","NVT","NVT","NVT","T4ClC2a","tetrachloorethaan","(massa)Concentratie tetrachloorethaan in Oppervlaktewater in ug/l","meting","NVT","NVT",TRUE,FALSE,FALSE
1324,"NVT","NVT","OW","Oppervlaktewater","ug/l","microgram per liter","CONCTTE","(massa)Concentratie","NVT","NVT","NVT","NVT","T4ClC2e","tetrachlooretheen (per)","Gemiddelde (massa)Concentratie tetrachlooretheen (per) in Oppervlaktewater in ug/l","meting","NVT","GEM",FALSE,FALSE,FALSE
1325,"NVT","NVT","OW","Oppervlaktewater","ug/l","microgram per liter","CONCTTE","(massa)Concentratie","NVT","NVT","NVT","NVT","T4ClC2e","tetrachlooretheen (per)","(massa)Concentratie tetrachlooretheen (per) in Oppervlaktewater in ug/l","meting","NVT","NVT",TRUE,FALSE,FALSE
1326,"NVT","NVT","OW","Oppervlaktewater","ug/l","microgram per liter","CONCTTE","(massa)Concentratie","NVT","NVT","NVT","NVT","T4Clvfs","tetrachloorvinfos (mixed isomeren)","(massa)Concentratie tetrachloorvinfos (mixed isomeren) in Oppervlaktewater in ug/l","meting","NVT","NVT",TRUE,FALSE,FALSE
1327,"NVT","NVT","OW","Oppervlaktewater","ug/l","microgram per liter","CONCTTE","(massa)Concentratie","NVT","NVT","NVT","NVT","T4cnzl","tetraconazool","(massa)Concentratie tetraconazool in Oppervlaktewater in ug/l","meting","NVT","NVT",FALSE,FALSE,FALSE
1328,"NVT","NVT","OW","Oppervlaktewater","ug/l","microgram per liter","CONCTTE","(massa)Concentratie","NVT","NVT","NVT","NVT","T4Hfrn","tetrahydrofuraan","Gemiddelde (massa)Concentratie tetrahydrofuraan in Oppervlaktewater in ug/l","meting","NVT","GEM",FALSE,FALSE,FALSE
1329,"NVT","NVT","OW","Oppervlaktewater","ug/l","microgram per liter","CONCTTE","(massa)Concentratie","NVT","NVT","NVT","NVT","T4Hfrn","tetrahydrofuraan","(massa)Concentratie tetrahydrofuraan in Oppervlaktewater in ug/l","meting","NVT","NVT",FALSE,FALSE,FALSE
1330,"NVT","NVT","OW","Oppervlaktewater","ug/l","microgram per liter","CONCTTE","(massa)Concentratie","NVT","NVT","NVT","NVT","Ta","tantalium","(massa)Concentratie tantalium in Oppervlaktewater in ug/l","meting","NVT","NVT",TRUE,FALSE,FALSE
1331,"NVT","NVT","OW","Oppervlaktewater","ug/l","microgram per liter","CONCTTE","(massa)Concentratie","NVT","NVT","NVT","NVT","TactnAe","triacetonamine","Gemiddelde (massa)Concentratie triacetonamine in Oppervlaktewater in ug/l","meting","NVT","GEM",FALSE,FALSE,FALSE
1332,"NVT","NVT","OW","Oppervlaktewater","ug/l","microgram per liter","CONCTTE","(massa)Concentratie","NVT","NVT","NVT","NVT","Tadmnl","triadimenol","(massa)Concentratie triadimenol in Oppervlaktewater in ug/l","meting","NVT","NVT",TRUE,FALSE,FALSE
1333,"NVT","NVT","OW","Oppervlaktewater","ug/l","microgram per liter","CONCTTE","(massa)Concentratie","NVT","NVT","NVT","NVT","TAED","tetraacetylethyleendiamine","Gemiddelde (massa)Concentratie tetraacetylethyleendiamine in Oppervlaktewater in ug/l","meting","NVT","GEM",FALSE,FALSE,FALSE
1334,"NVT","NVT","OW","Oppervlaktewater","ug/l","microgram per liter","CONCTTE","(massa)Concentratie","NVT","NVT","NVT","NVT","TAED","tetraacetylethyleendiamine","(massa)Concentratie tetraacetylethyleendiamine in Oppervlaktewater in ug/l","meting","NVT","NVT",TRUE,FALSE,FALSE
1335,"NVT","NVT","OW","Oppervlaktewater","ug/l","microgram per liter","CONCTTE","(massa)Concentratie","NVT","NVT","NVT","NVT","Talt","triallaat","(massa)Concentratie triallaat in Oppervlaktewater in ug/l","meting","NVT","NVT",TRUE,FALSE,FALSE
1336,"NVT","NVT","OW","Oppervlaktewater","ug/l","microgram per liter","CONCTTE","(massa)Concentratie","NVT","NVT","NVT","NVT","Tazfs","triazofos","(massa)Concentratie triazofos in Oppervlaktewater in ug/l","meting","NVT","NVT",TRUE,FALSE,FALSE
1337,"NVT","NVT","OW","Oppervlaktewater","ug/l","microgram per liter","CONCTTE","(massa)Concentratie","NVT","NVT","NVT","NVT","Tb","terbium","(massa)Concentratie terbium in Oppervlaktewater in ug/l","meting","NVT","NVT",TRUE,FALSE,FALSE
1338,"NVT","NVT","OW","Oppervlaktewater","ug/l","microgram per liter","CONCTTE","(massa)Concentratie","NVT","NVT","NVT","NVT","TBrC1a","tribroommethaan","(massa)Concentratie tribroommethaan in Oppervlaktewater in ug/l","meting","NVT","NVT",TRUE,FALSE,FALSE
1339,"NVT","NVT","OW","Oppervlaktewater","ug/l","microgram per liter","CONCTTE","(massa)Concentratie","NVT","NVT","NVT","NVT","TC1yPO4","trimethylfosfaat","Gemiddelde (massa)Concentratie trimethylfosfaat in Oppervlaktewater in ug/l","meting","NVT","GEM",FALSE,FALSE,FALSE
1340,"NVT","NVT","OW","Oppervlaktewater","ug/l","microgram per liter","CONCTTE","(massa)Concentratie","NVT","NVT","NVT","NVT","TC1ytoPO4","trimethylthiofosfaat","(massa)Concentratie trimethylthiofosfaat in Oppervlaktewater in ug/l","meting","NVT","NVT",FALSE,FALSE,FALSE
1341,"NVT","NVT","OW","Oppervlaktewater","ug/l","microgram per liter","CONCTTE","(massa)Concentratie","NVT","NVT","NVT","NVT","TC2yPO4","triethylfosfaat","Gemiddelde (massa)Concentratie triethylfosfaat in Oppervlaktewater in ug/l","meting","NVT","GEM",FALSE,FALSE,FALSE
1342,"NVT","NVT","OW","Oppervlaktewater","ug/l","microgram per liter","CONCTTE","(massa)Concentratie","NVT","NVT","NVT","NVT","TC2yPO4","triethylfosfaat","(massa)Concentratie triethylfosfaat in Oppervlaktewater in ug/l","meting","NVT","NVT",TRUE,FALSE,FALSE
1343,"NVT","NVT","OW","Oppervlaktewater","ug/l","microgram per liter","CONCTTE","(massa)Concentratie","NVT","NVT","NVT","NVT","TC4yPO4","tributylfosfaat","Gemiddelde (massa)Concentratie tributylfosfaat in Oppervlaktewater in ug/l","meting","NVT","GEM",FALSE,FALSE,FALSE
1344,"NVT","NVT","OW","Oppervlaktewater","ug/l","microgram per liter","CONCTTE","(massa)Concentratie","NVT","NVT","NVT","NVT","TC4yPO4","tributylfosfaat","(massa)Concentratie tributylfosfaat in Oppervlaktewater in ug/l","meting","NVT","NVT",TRUE,FALSE,FALSE
1345,"NVT","NVT","OW","Oppervlaktewater","ug/l","microgram per liter","CONCTTE","(massa)Concentratie","NVT","NVT","NVT","NVT","TClBen","trichloorbenzeen","(massa)Concentratie trichloorbenzeen in Oppervlaktewater in ug/l","meting","NVT","NVT",TRUE,FALSE,FALSE
1346,"NVT","NVT","OW","Oppervlaktewater","ug/l","microgram per liter","CONCTTE","(massa)Concentratie","NVT","NVT","NVT","NVT","TClC1a","trichloormethaan (chloroform)","Gemiddelde (massa)Concentratie trichloormethaan (chloroform) in Oppervlaktewater in ug/l","meting","NVT","GEM",FALSE,FALSE,FALSE
1347,"NVT","NVT","OW","Oppervlaktewater","ug/l","microgram per liter","CONCTTE","(massa)Concentratie","NVT","NVT","NVT","NVT","TClC1a","trichloormethaan (chloroform)","(massa)Concentratie trichloormethaan (chloroform) in Oppervlaktewater in ug/l","meting","NVT","NVT",TRUE,FALSE,FALSE
1348,"NVT","NVT","OW","Oppervlaktewater","ug/l","microgram per liter","CONCTTE","(massa)Concentratie","NVT","NVT","NVT","NVT","TClC2e","trichlooretheen (tri)","Gemiddelde (massa)Concentratie trichlooretheen (tri) in Oppervlaktewater in ug/l","meting","NVT","GEM",FALSE,FALSE,FALSE
1349,"NVT","NVT","OW","Oppervlaktewater","ug/l","microgram per liter","CONCTTE","(massa)Concentratie","NVT","NVT","NVT","NVT","TClC2e","trichlooretheen (tri)","(massa)Concentratie trichlooretheen (tri) in Oppervlaktewater in ug/l","meting","NVT","NVT",TRUE,FALSE,FALSE
1350,"NVT","NVT","OW","Oppervlaktewater","ug/l","microgram per liter","CONCTTE","(massa)Concentratie","NVT","NVT","NVT","NVT","TClC3yPO4","tris(1-chloor-2-propyl)fosfaat","Gemiddelde (massa)Concentratie tris(1-chloor-2-propyl)fosfaat in Oppervlaktewater in ug/l","meting","NVT","GEM",FALSE,FALSE,FALSE
1351,"NVT","NVT","OW","Oppervlaktewater","ug/l","microgram per liter","CONCTTE","(massa)Concentratie","NVT","NVT","NVT","NVT","TClfn","trichloorfon","(massa)Concentratie trichloorfon in Oppervlaktewater in ug/l","meting","NVT","NVT",TRUE,FALSE,FALSE
1352,"NVT","NVT","OW","Oppervlaktewater","ug/l","microgram per liter","CONCTTE","(massa)Concentratie","NVT","NVT","NVT","NVT","TClHAc","trichloorazijnzuur","(massa)Concentratie trichloorazijnzuur in Oppervlaktewater in ug/l","meting","NVT","NVT",TRUE,FALSE,FALSE
1353,"NVT","NVT","OW","Oppervlaktewater","ug/l","microgram per liter","CONCTTE","(massa)Concentratie","NVT","NVT","NVT","NVT","Tcsn","triclosan","(massa)Concentratie triclosan in Oppervlaktewater in ug/l","meting","NVT","NVT",TRUE,FALSE,FALSE
1354,"NVT","NVT","OW","Oppervlaktewater","ug/l","microgram per liter","CONCTTE","(massa)Concentratie","NVT","NVT","NVT","NVT","Te","tellurium","(massa)Concentratie tellurium in Oppervlaktewater in ug/l","meting","NVT","NVT",TRUE,FALSE,FALSE
1355,"NVT","NVT","OW","Oppervlaktewater","ug/l","microgram per liter","CONCTTE","(massa)Concentratie","NVT","NVT","NVT","NVT","tebcnzl","tebuconazol","(massa)Concentratie tebuconazol in Oppervlaktewater in ug/l","meting","NVT","NVT",FALSE,FALSE,FALSE
1356,"NVT","NVT","OW","Oppervlaktewater","ug/l","microgram per liter","CONCTTE","(massa)Concentratie","NVT","NVT","NVT","NVT","tefbzrn","teflubenzuron","(massa)Concentratie teflubenzuron in Oppervlaktewater in ug/l","meting","NVT","NVT",TRUE,FALSE,FALSE
1357,"NVT","NVT","OW","Oppervlaktewater","ug/l","microgram per liter","CONCTTE","(massa)Concentratie","NVT","NVT","NVT","NVT","TEGDME","tetraethyleenglycoldimethylether","Gemiddelde (massa)Concentratie tetraethyleenglycoldimethylether in Oppervlaktewater in ug/l","meting","NVT","GEM",FALSE,FALSE,FALSE
1358,"NVT","NVT","OW","Oppervlaktewater","ug/l","microgram per liter","CONCTTE","(massa)Concentratie","NVT","NVT","NVT","NVT","TEGDME","tetraethyleenglycoldimethylether","(massa)Concentratie tetraethyleenglycoldimethylether in Oppervlaktewater in ug/l","meting","NVT","NVT",FALSE,FALSE,FALSE
1359,"NVT","NVT","OW","Oppervlaktewater","ug/l","microgram per liter","CONCTTE","(massa)Concentratie","NVT","NVT","NVT","NVT","teldn","telodrin","(massa)Concentratie telodrin in Oppervlaktewater in ug/l","meting","NVT","NVT",TRUE,FALSE,FALSE
1360,"NVT","NVT","OW","Oppervlaktewater","ug/l","microgram per liter","CONCTTE","(massa)Concentratie","NVT","NVT","NVT","NVT","terbtn","terbutrin","Gemiddelde (massa)Concentratie terbutrin in Oppervlaktewater in ug/l","meting","NVT","GEM",FALSE,FALSE,FALSE
1361,"NVT","NVT","OW","Oppervlaktewater","ug/l","microgram per liter","CONCTTE","(massa)Concentratie","NVT","NVT","NVT","NVT","terbtn","terbutrin","(massa)Concentratie terbutrin in Oppervlaktewater in ug/l","meting","NVT","NVT",TRUE,FALSE,FALSE
1362,"NVT","NVT","OW","Oppervlaktewater","ug/l","microgram per liter","CONCTTE","(massa)Concentratie","NVT","NVT","NVT","NVT","terC4yazne","terbutylazine","Gemiddelde (massa)Concentratie terbutylazine in Oppervlaktewater in ug/l","meting","NVT","GEM",FALSE,FALSE,FALSE
1363,"NVT","NVT","OW","Oppervlaktewater","ug/l","microgram per liter","CONCTTE","(massa)Concentratie","NVT","NVT","NVT","NVT","terC4yazne","terbutylazine","(massa)Concentratie terbutylazine in Oppervlaktewater in ug/l","meting","NVT","NVT",TRUE,FALSE,FALSE
1364,"NVT","NVT","OW","Oppervlaktewater","ug/l","microgram per liter","CONCTTE","(massa)Concentratie","NVT","NVT","NVT","NVT","TFHAc","trifluorazijnzuur","(massa)Concentratie trifluorazijnzuur in Oppervlaktewater in ug/l","meting","NVT","NVT",TRUE,FALSE,FALSE
1365,"NVT","NVT","OW","Oppervlaktewater","ug/l","microgram per liter","CONCTTE","(massa)Concentratie","NVT","NVT","NVT","NVT","TFlC1asfzr","trifluormethaansulfonzuur","(massa)Concentratie trifluormethaansulfonzuur in Oppervlaktewater in ug/l","meting","NVT","NVT",TRUE,FALSE,FALSE
1366,"NVT","NVT","OW","Oppervlaktewater","ug/l","microgram per liter","CONCTTE","(massa)Concentratie","NVT","NVT","NVT","NVT","Tfrlne","trifluraline","(massa)Concentratie trifluraline in Oppervlaktewater in ug/l","meting","NVT","NVT",TRUE,FALSE,FALSE
1367,"NVT","NVT","OW","Oppervlaktewater","ug/l","microgram per liter","CONCTTE","(massa)Concentratie","NVT","NVT","NVT","NVT","TFyPO4","trifenylfosfaat","Gemiddelde (massa)Concentratie trifenylfosfaat in Oppervlaktewater in ug/l","meting","NVT","GEM",FALSE,FALSE,FALSE
1368,"NVT","NVT","OW","Oppervlaktewater","ug/l","microgram per liter","CONCTTE","(massa)Concentratie","NVT","NVT","NVT","NVT","TFyPO4","trifenylfosfaat","(massa)Concentratie trifenylfosfaat in Oppervlaktewater in ug/l","meting","NVT","NVT",TRUE,FALSE,FALSE
1369,"NVT","NVT","OW","Oppervlaktewater","ug/l","microgram per liter","CONCTTE","(massa)Concentratie","NVT","NVT","NVT","NVT","TFySn","trifenyltin (kation)","(massa)Concentratie trifenyltin (kation) in Oppervlaktewater in ug/l","meting","NVT","NVT",TRUE,FALSE,FALSE
1370,"NVT","NVT","OW","Oppervlaktewater","ug/l","microgram per liter","CONCTTE","(massa)Concentratie","NVT","NVT","NVT","NVT","Th","thorium","(massa)Concentratie thorium in Oppervlaktewater in ug/l","meting","NVT","NVT",TRUE,FALSE,FALSE
1371,"NVT","NVT","OW","Oppervlaktewater","ug/l","microgram per liter","CONCTTE","(massa)Concentratie","NVT","NVT","NVT","NVT","thiacpd","thiacloprid","(massa)Concentratie thiacloprid in Oppervlaktewater in ug/l","meting","NVT","NVT",TRUE,FALSE,FALSE
1372,"NVT","NVT","OW","Oppervlaktewater","ug/l","microgram per liter","CONCTTE","(massa)Concentratie","NVT","NVT","NVT","NVT","thiamtxm","thiamethoxam","(massa)Concentratie thiamethoxam in Oppervlaktewater in ug/l","meting","NVT","NVT",TRUE,FALSE,FALSE
1373,"NVT","NVT","OW","Oppervlaktewater","ug/l","microgram per liter","CONCTTE","(massa)Concentratie","NVT","NVT","NVT","NVT","tHpClepO","trans-heptachloorepoxide","(massa)Concentratie trans-heptachloorepoxide in Oppervlaktewater in ug/l","meting","NVT","NVT",TRUE,FALSE,FALSE
1374,"NVT","NVT","OW","Oppervlaktewater","ug/l","microgram per liter","CONCTTE","(massa)Concentratie","NVT","NVT","NVT","NVT","Ti","titaan","(massa)Concentratie titaan in Oppervlaktewater in ug/l","meting","NVT","NVT",TRUE,FALSE,FALSE
1375,"NVT","NVT","OW","Oppervlaktewater","ug/l","microgram per liter","CONCTTE","(massa)Concentratie","NVT","NVT","NVT","NVT","tiamlne","tiamuline","(massa)Concentratie tiamuline in Oppervlaktewater in ug/l","meting","NVT","NVT",TRUE,FALSE,FALSE
1376,"NVT","NVT","OW","Oppervlaktewater","ug/l","microgram per liter","CONCTTE","(massa)Concentratie","NVT","NVT","NVT","NVT","TiC4yPO4","triisobutylfosfaat","Gemiddelde (massa)Concentratie triisobutylfosfaat in Oppervlaktewater in ug/l","meting","NVT","GEM",FALSE,FALSE,FALSE
1377,"NVT","NVT","OW","Oppervlaktewater","ug/l","microgram per liter","CONCTTE","(massa)Concentratie","NVT","NVT","NVT","NVT","TiC4yPO4","triisobutylfosfaat","(massa)Concentratie triisobutylfosfaat in Oppervlaktewater in ug/l","meting","NVT","NVT",FALSE,FALSE,FALSE
1378,"NVT","NVT","OW","Oppervlaktewater","ug/l","microgram per liter","CONCTTE","(massa)Concentratie","NVT","NVT","NVT","NVT","Tl","thallium","(massa)Concentratie thallium in Oppervlaktewater in ug/l","meting","NVT","NVT",TRUE,FALSE,FALSE
1379,"NVT","NVT","OW","Oppervlaktewater","ug/l","microgram per liter","CONCTTE","(massa)Concentratie","NVT","NVT","NVT","NVT","Tm","thulium","(massa)Concentratie thulium in Oppervlaktewater in ug/l","meting","NVT","NVT",TRUE,FALSE,FALSE
1380,"NVT","NVT","OW","Oppervlaktewater","ug/l","microgram per liter","CONCTTE","(massa)Concentratie","NVT","NVT","NVT","NVT","TMPD","tetramethyl-1,4-benzeendiamine","Gemiddelde (massa)Concentratie tetramethyl-1,4-benzeendiamine in Oppervlaktewater in ug/l","meting","NVT","GEM",FALSE,FALSE,FALSE
1381,"NVT","NVT","OW","Oppervlaktewater","ug/l","microgram per liter","CONCTTE","(massa)Concentratie","NVT","NVT","NVT","NVT","TMPD","tetramethyl-1,4-benzeendiamine","(massa)Concentratie tetramethyl-1,4-benzeendiamine in Oppervlaktewater in ug/l","meting","NVT","NVT",FALSE,FALSE,FALSE
1382,"NVT","NVT","OW","Oppervlaktewater","ug/l","microgram per liter","CONCTTE","(massa)Concentratie","NVT","NVT","NVT","NVT","Tmtpm","trimethoprim","(massa)Concentratie trimethoprim in Oppervlaktewater in ug/l","meting","NVT","NVT",TRUE,FALSE,FALSE
1383,"NVT","NVT","OW","Oppervlaktewater","ug/l","microgram per liter","CONCTTE","(massa)Concentratie","NVT","NVT","NVT","NVT","Tol","tolueen","Gemiddelde (massa)Concentratie tolueen in Oppervlaktewater in ug/l","meting","NVT","GEM",FALSE,FALSE,FALSE
1384,"NVT","NVT","OW","Oppervlaktewater","ug/l","microgram per liter","CONCTTE","(massa)Concentratie","NVT","NVT","NVT","NVT","Tol","tolueen","(massa)Concentratie tolueen in Oppervlaktewater in ug/l","meting","NVT","NVT",TRUE,FALSE,FALSE
1385,"NVT","NVT","OW","Oppervlaktewater","ug/l","microgram per liter","CONCTTE","(massa)Concentratie","NVT","NVT","NVT","NVT","tolcfsC1y","tolclofos-methyl","(massa)Concentratie tolclofos-methyl in Oppervlaktewater in ug/l","meting","NVT","NVT",TRUE,FALSE,FALSE
1386,"NVT","NVT","OW","Oppervlaktewater","ug/l","microgram per liter","CONCTTE","(massa)Concentratie","NVT","NVT","NVT","NVT","TPPO","trifenylfosfineoxide","Gemiddelde (massa)Concentratie trifenylfosfineoxide in Oppervlaktewater in ug/l","meting","NVT","GEM",FALSE,FALSE,FALSE
1387,"NVT","NVT","OW","Oppervlaktewater","ug/l","microgram per liter","CONCTTE","(massa)Concentratie","NVT","NVT","NVT","NVT","TPPO","trifenylfosfineoxide","(massa)Concentratie trifenylfosfineoxide in Oppervlaktewater in ug/l","meting","NVT","NVT",TRUE,FALSE,FALSE
1388,"NVT","NVT","OW","Oppervlaktewater","ug/l","microgram per liter","CONCTTE","(massa)Concentratie","NVT","NVT","NVT","NVT","tramdl","tramadol","(massa)Concentratie tramadol in Oppervlaktewater in ug/l","meting","NVT","NVT",TRUE,FALSE,FALSE
1389,"NVT","NVT","OW","Oppervlaktewater","ug/l","microgram per liter","CONCTTE","(massa)Concentratie","NVT","NVT","NVT","NVT","tris2C4oxC2y","tris(2-butoxyethyl)fosfaat","(massa)Concentratie tris(2-butoxyethyl)fosfaat in Oppervlaktewater in ug/l","meting","NVT","NVT",TRUE,FALSE,FALSE
1390,"NVT","NVT","OW","Oppervlaktewater","ug/l","microgram per liter","CONCTTE","(massa)Concentratie","NVT","NVT","NVT","NVT","tT4ClFtzr","tetrachloorftaalzuur","(massa)Concentratie tetrachloorftaalzuur in Oppervlaktewater in ug/l","meting","NVT","NVT",TRUE,FALSE,FALSE
1391,"NVT","NVT","OW","Oppervlaktewater","ug/l","microgram per liter","CONCTTE","(massa)Concentratie","NVT","NVT","NVT","NVT","ttC4yBen","tertiair-butylbenzeen","Gemiddelde (massa)Concentratie tertiair-butylbenzeen in Oppervlaktewater in ug/l","meting","NVT","GEM",FALSE,FALSE,FALSE
1392,"NVT","NVT","OW","Oppervlaktewater","ug/l","microgram per liter","CONCTTE","(massa)Concentratie","NVT","NVT","NVT","NVT","ttC4yBen","tertiair-butylbenzeen","(massa)Concentratie tertiair-butylbenzeen in Oppervlaktewater in ug/l","meting","NVT","NVT",TRUE,FALSE,FALSE
1393,"NVT","NVT","OW","Oppervlaktewater","ug/l","microgram per liter","CONCTTE","(massa)Concentratie","NVT","NVT","NVT","NVT","U","uranium","(massa)Concentratie uranium in Oppervlaktewater in ug/l","meting","NVT","NVT",TRUE,FALSE,FALSE
1394,"NVT","NVT","OW","Oppervlaktewater","ug/l","microgram per liter","CONCTTE","(massa)Concentratie","NVT","NVT","NVT","NVT","V","vanadium","(massa)Concentratie vanadium in Oppervlaktewater in ug/l","meting","NVT","NVT",TRUE,FALSE,FALSE
1395,"NVT","NVT","OW","Oppervlaktewater","ug/l","microgram per liter","CONCTTE","(massa)Concentratie","NVT","NVT","NVT","NVT","valstan","valsartan","(massa)Concentratie valsartan in Oppervlaktewater in ug/l","meting","NVT","NVT",TRUE,FALSE,FALSE
1396,"NVT","NVT","OW","Oppervlaktewater","ug/l","microgram per liter","CONCTTE","(massa)Concentratie","NVT","NVT","NVT","NVT","valstzr","valsartanzuur","(massa)Concentratie valsartanzuur in Oppervlaktewater in ug/l","meting","NVT","NVT",TRUE,FALSE,FALSE
1397,"NVT","NVT","OW","Oppervlaktewater","ug/l","microgram per liter","CONCTTE","(massa)Concentratie","NVT","NVT","NVT","NVT","valum","valium","Gemiddelde (massa)Concentratie valium in Oppervlaktewater in ug/l","meting","NVT","GEM",FALSE,FALSE,FALSE
1398,"NVT","NVT","OW","Oppervlaktewater","ug/l","microgram per liter","CONCTTE","(massa)Concentratie","NVT","NVT","NVT","NVT","valum","valium","(massa)Concentratie valium in Oppervlaktewater in ug/l","meting","NVT","NVT",TRUE,FALSE,FALSE
1399,"NVT","NVT","OW","Oppervlaktewater","ug/l","microgram per liter","CONCTTE","(massa)Concentratie","NVT","NVT","NVT","NVT","venlfxne","venlafaxine","(massa)Concentratie venlafaxine in Oppervlaktewater in ug/l","meting","NVT","NVT",TRUE,FALSE,FALSE
1400,"NVT","NVT","OW","Oppervlaktewater","ug/l","microgram per liter","CONCTTE","(massa)Concentratie","NVT","NVT","NVT","NVT","verdx","verdox","(massa)Concentratie verdox in Oppervlaktewater in ug/l","meting","NVT","NVT",TRUE,FALSE,FALSE
1401,"NVT","NVT","OW","Oppervlaktewater","ug/l","microgram per liter","CONCTTE","(massa)Concentratie","NVT","NVT","NVT","NVT","vinczln","vinclozolin","(massa)Concentratie vinclozolin in Oppervlaktewater in ug/l","meting","NVT","NVT",TRUE,FALSE,FALSE
1402,"NVT","NVT","OW","Oppervlaktewater","ug/l","microgram per liter","CONCTTE","(massa)Concentratie","NVT","NVT","NVT","NVT","W","wolfraam","(massa)Concentratie wolfraam in Oppervlaktewater in ug/l","meting","NVT","NVT",TRUE,FALSE,FALSE
1403,"NVT","NVT","OW","Oppervlaktewater","ug/l","microgram per liter","CONCTTE","(massa)Concentratie","NVT","NVT","NVT","NVT","warfrn","warfarin","Gemiddelde (massa)Concentratie warfarin in Oppervlaktewater in ug/l","meting","NVT","GEM",FALSE,FALSE,FALSE
1404,"NVT","NVT","OW","Oppervlaktewater","ug/l","microgram per liter","CONCTTE","(massa)Concentratie","NVT","NVT","NVT","NVT","warfrn","warfarin","(massa)Concentratie warfarin in Oppervlaktewater in ug/l","meting","NVT","NVT",FALSE,FALSE,FALSE
1405,"NVT","NVT","OW","Oppervlaktewater","ug/l","microgram per liter","CONCTTE","(massa)Concentratie","NVT","NVT","NVT","NVT","Y","yttrium","(massa)Concentratie yttrium in Oppervlaktewater in ug/l","meting","NVT","NVT",TRUE,FALSE,FALSE
1406,"NVT","NVT","OW","Oppervlaktewater","ug/l","microgram per liter","CONCTTE","(massa)Concentratie","NVT","NVT","NVT","NVT","Yb","ytterbium","(massa)Concentratie ytterbium in Oppervlaktewater in ug/l","meting","NVT","NVT",TRUE,FALSE,FALSE
1407,"NVT","NVT","OW","Oppervlaktewater","ug/l","microgram per liter","CONCTTE","(massa)Concentratie","NVT","NVT","NVT","NVT","Zn","zink","Gemiddelde (massa)Concentratie zink in Oppervlaktewater in ug/l","meting","NVT","GEM",FALSE,FALSE,FALSE
1408,"NVT","NVT","OW","Oppervlaktewater","ug/l","microgram per liter","CONCTTE","(massa)Concentratie","NVT","NVT","NVT","NVT","Zn","zink","(massa)Concentratie zink in Oppervlaktewater in ug/l","meting","NVT","NVT",TRUE,FALSE,FALSE
1409,"NVT","NVT","OW","Oppervlaktewater","ug/l","microgram per liter","CONCTTE","(massa)Concentratie","NVT","NVT","NVT","NVT","Zr","zirkonium","(massa)Concentratie zirkonium in Oppervlaktewater in ug/l","meting","NVT","NVT",TRUE,FALSE,FALSE
1410,"NVT","NVT","OW","Oppervlaktewater","ug/l","microgram per liter","CONCTTE","(massa)Concentratie","OPGLT","opgelost","NVT","NVT","BaP","benzo(a)pyreen","Omreken. van passive sampler naar vrij opgeloste waterconc (massa)Concentratie benzo(a)pyreen in Oppervlaktewater opgelost in ug/l","meting","NVT","SRPSCW",TRUE,FALSE,FALSE
1411,"NVT","NVT","OW","Oppervlaktewater","ug/l","microgram per liter","CONCTTE","(massa)Concentratie","OPGLT","opgelost","NVT","NVT","BghiPe","benzo(ghi)peryleen","Omreken. van passive sampler naar vrij opgeloste waterconc (massa)Concentratie benzo(ghi)peryleen in Oppervlaktewater opgelost in ug/l","meting","NVT","SRPSCW",TRUE,FALSE,FALSE
1412,"NVT","NVT","OW","Oppervlaktewater","ug/l","microgram per liter","CONCTTE","(massa)Concentratie","OPGLT","opgelost","NVT","NVT","Flu","fluorantheen","Omreken. van passive sampler naar vrij opgeloste waterconc (massa)Concentratie fluorantheen in Oppervlaktewater opgelost in ug/l","meting","NVT","SRPSCW",TRUE,FALSE,FALSE
1413,"NVT","NVT","OW","Oppervlaktewater","ug/l","microgram per liter","CONCTTE","(massa)Concentratie","OPGLT","opgelost","NVT","NVT","HCB","hexachloorbenzeen","Omreken. van passive sampler naar vrij opgeloste waterconc (massa)Concentratie hexachloorbenzeen in Oppervlaktewater opgelost in ug/l","meting","NVT","SRPSCW",TRUE,FALSE,FALSE
1414,"NVT","NVT","OW","Oppervlaktewater","ug/l","microgram per liter","CONCTTE","(massa)Concentratie","OPGLT","opgelost","NVT","NVT","HxClbtDen","hexachloorbutadieen","Omreken. van passive sampler naar vrij opgeloste waterconc (massa)Concentratie hexachloorbutadieen in Oppervlaktewater opgelost in ug/l","meting","NVT","SRPSCW",TRUE,FALSE,FALSE
1415,"NVT","NVT","OW","Oppervlaktewater","ug/l","microgram per liter","CONCTTE","(massa)Concentratie","OPGLT","opgelost","NVT","NVT","InP","indeno(1,2,3-cd)pyreen","Omreken. van passive sampler naar vrij opgeloste waterconc (massa)Concentratie indeno(1,2,3-cd)pyreen in Oppervlaktewater opgelost in ug/l","meting","NVT","SRPSCW",TRUE,FALSE,FALSE
1416,"NVT","NVT","OW","Oppervlaktewater","ug/l","microgram per liter","CONCTTE","(massa)Concentratie","OPGLT","opgelost","NVT","NVT","PBDE100","2,2',4,4',6-pentabroomdifenylether","Omreken. van passive sampler naar vrij opgeloste waterconc (massa)Concentratie 2,2',4,4',6-pentabroomdifenylether in Oppervlaktewater opgelost in ug/l","meting","NVT","SRPSCW",TRUE,FALSE,FALSE
1417,"NVT","NVT","OW","Oppervlaktewater","ug/l","microgram per liter","CONCTTE","(massa)Concentratie","OPGLT","opgelost","NVT","NVT","PBDE138","2,2',3,4,4',5'-hexabroomdifenylether","Omreken. van passive sampler naar vrij opgeloste waterconc (massa)Concentratie 2,2',3,4,4',5'-hexabroomdifenylether in Oppervlaktewater opgelost in ug/l","meting","NVT","SRPSCW",TRUE,FALSE,FALSE
1418,"NVT","NVT","OW","Oppervlaktewater","ug/l","microgram per liter","CONCTTE","(massa)Concentratie","OPGLT","opgelost","NVT","NVT","PBDE153","2,2',4,4',5,5'-hexabroomdifenylether","Omreken. van passive sampler naar vrij opgeloste waterconc (massa)Concentratie 2,2',4,4',5,5'-hexabroomdifenylether in Oppervlaktewater opgelost in ug/l","meting","NVT","SRPSCW",TRUE,FALSE,FALSE
1419,"NVT","NVT","OW","Oppervlaktewater","ug/l","microgram per liter","CONCTTE","(massa)Concentratie","OPGLT","opgelost","NVT","NVT","PBDE154","2,2',4,4',5,6'-hexabroomdifenylether","Omreken. van passive sampler naar vrij opgeloste waterconc (massa)Concentratie 2,2',4,4',5,6'-hexabroomdifenylether in Oppervlaktewater opgelost in ug/l","meting","NVT","SRPSCW",TRUE,FALSE,FALSE
1420,"NVT","NVT","OW","Oppervlaktewater","ug/l","microgram per liter","CONCTTE","(massa)Concentratie","OPGLT","opgelost","NVT","NVT","PBDE183","2,2',3,4,4',5',6-heptabroomdifenylether","Omreken. van passive sampler naar vrij opgeloste waterconc (massa)Concentratie 2,2',3,4,4',5',6-heptabroomdifenylether in Oppervlaktewater opgelost in ug/l","meting","NVT","SRPSCW",TRUE,FALSE,FALSE
1421,"NVT","NVT","OW","Oppervlaktewater","ug/l","microgram per liter","CONCTTE","(massa)Concentratie","OPGLT","opgelost","NVT","NVT","PBDE185","1,2,3,4,5-pentabroom-6-(2,5-dibroomfenoxy)benzeen","Omreken. van passive sampler naar vrij opgeloste waterconc (massa)Concentratie 1,2,3,4,5-pentabroom-6-(2,5-dibroomfenoxy)benzeen in Oppervlaktewater opgelost in ug/l","meting","NVT","SRPSCW",TRUE,FALSE,FALSE
1422,"NVT","NVT","OW","Oppervlaktewater","ug/l","microgram per liter","CONCTTE","(massa)Concentratie","OPGLT","opgelost","NVT","NVT","PBDE28","2,4,4'-tribroomdifenylether","Omreken. van passive sampler naar vrij opgeloste waterconc (massa)Concentratie 2,4,4'-tribroomdifenylether in Oppervlaktewater opgelost in ug/l","meting","NVT","SRPSCW",TRUE,FALSE,FALSE
1423,"NVT","NVT","OW","Oppervlaktewater","ug/l","microgram per liter","CONCTTE","(massa)Concentratie","OPGLT","opgelost","NVT","NVT","PBDE47","2,2',4,4'-tetrabroomdifenylether","Omreken. van passive sampler naar vrij opgeloste waterconc (massa)Concentratie 2,2',4,4'-tetrabroomdifenylether in Oppervlaktewater opgelost in ug/l","meting","NVT","SRPSCW",TRUE,FALSE,FALSE
1424,"NVT","NVT","OW","Oppervlaktewater","ug/l","microgram per liter","CONCTTE","(massa)Concentratie","OPGLT","opgelost","NVT","NVT","PBDE49","2,2',4,5'-tetrabroomdifenylether","Omreken. van passive sampler naar vrij opgeloste waterconc (massa)Concentratie 2,2',4,5'-tetrabroomdifenylether in Oppervlaktewater opgelost in ug/l","meting","NVT","SRPSCW",TRUE,FALSE,FALSE
1425,"NVT","NVT","OW","Oppervlaktewater","ug/l","microgram per liter","CONCTTE","(massa)Concentratie","OPGLT","opgelost","NVT","NVT","PBDE66","2,3',4,4'-tetrabroomdifenylether","Omreken. van passive sampler naar vrij opgeloste waterconc (massa)Concentratie 2,3',4,4'-tetrabroomdifenylether in Oppervlaktewater opgelost in ug/l","meting","NVT","SRPSCW",TRUE,FALSE,FALSE
1426,"NVT","NVT","OW","Oppervlaktewater","ug/l","microgram per liter","CONCTTE","(massa)Concentratie","OPGLT","opgelost","NVT","NVT","PBDE75","2,4,4',6-tetrabroomdifenylether","Omreken. van passive sampler naar vrij opgeloste waterconc (massa)Concentratie 2,4,4',6-tetrabroomdifenylether in Oppervlaktewater opgelost in ug/l","meting","NVT","SRPSCW",TRUE,FALSE,FALSE
1427,"NVT","NVT","OW","Oppervlaktewater","ug/l","microgram per liter","CONCTTE","(massa)Concentratie","OPGLT","opgelost","NVT","NVT","PBDE85","2,2',3,4,4'-pentabroomdifenylether","Omreken. van passive sampler naar vrij opgeloste waterconc (massa)Concentratie 2,2',3,4,4'-pentabroomdifenylether in Oppervlaktewater opgelost in ug/l","meting","NVT","SRPSCW",TRUE,FALSE,FALSE
1428,"NVT","NVT","OW","Oppervlaktewater","ug/l","microgram per liter","CONCTTE","(massa)Concentratie","OPGLT","opgelost","NVT","NVT","PBDE99","2,2',4,4',5-pentabroomdifenylether","Omreken. van passive sampler naar vrij opgeloste waterconc (massa)Concentratie 2,2',4,4',5-pentabroomdifenylether in Oppervlaktewater opgelost in ug/l","meting","NVT","SRPSCW",TRUE,FALSE,FALSE
1429,"NVT","NVT","OW","Oppervlaktewater","ug/l","microgram per liter","CONCTTE","(massa)Concentratie","OPGLT","opgelost","NVT","NVT","PCB101","2,2',4,5,5'-pentachloorbifenyl","Omreken. van passive sampler naar vrij opgeloste waterconc (massa)Concentratie 2,2',4,5,5'-pentachloorbifenyl in Oppervlaktewater opgelost in ug/l","meting","NVT","SRPSCW",TRUE,FALSE,FALSE
1430,"NVT","NVT","OW","Oppervlaktewater","ug/l","microgram per liter","CONCTTE","(massa)Concentratie","OPGLT","opgelost","NVT","NVT","PCB118","2,3',4,4',5-pentachloorbifenyl","Omreken. van passive sampler naar vrij opgeloste waterconc (massa)Concentratie 2,3',4,4',5-pentachloorbifenyl in Oppervlaktewater opgelost in ug/l","meting","NVT","SRPSCW",TRUE,FALSE,FALSE
1431,"NVT","NVT","OW","Oppervlaktewater","ug/l","microgram per liter","CONCTTE","(massa)Concentratie","OPGLT","opgelost","NVT","NVT","PCB138","2,2',3,4,4',5'-hexachloorbifenyl","Omreken. van passive sampler naar vrij opgeloste waterconc (massa)Concentratie 2,2',3,4,4',5'-hexachloorbifenyl in Oppervlaktewater opgelost in ug/l","meting","NVT","SRPSCW",TRUE,FALSE,FALSE
1432,"NVT","NVT","OW","Oppervlaktewater","ug/l","microgram per liter","CONCTTE","(massa)Concentratie","OPGLT","opgelost","NVT","NVT","PCB153","2,2',4,4',5,5'-hexachloorbifenyl","Omreken. van passive sampler naar vrij opgeloste waterconc (massa)Concentratie 2,2',4,4',5,5'-hexachloorbifenyl in Oppervlaktewater opgelost in ug/l","meting","NVT","SRPSCW",TRUE,FALSE,FALSE
1433,"NVT","NVT","OW","Oppervlaktewater","ug/l","microgram per liter","CONCTTE","(massa)Concentratie","OPGLT","opgelost","NVT","NVT","PCB28","2,4,4'-trichloorbifenyl","Omreken. van passive sampler naar vrij opgeloste waterconc (massa)Concentratie 2,4,4'-trichloorbifenyl in Oppervlaktewater opgelost in ug/l","meting","NVT","SRPSCW",TRUE,FALSE,FALSE
1434,"NVT","NVT","OW","Oppervlaktewater","ug/l","microgram per liter","CONCTTE","(massa)Concentratie","OPGLT","opgelost","NVT","NVT","PCB52","2,2',5,5'-tetrachloorbifenyl","Omreken. van passive sampler naar vrij opgeloste waterconc (massa)Concentratie 2,2',5,5'-tetrachloorbifenyl in Oppervlaktewater opgelost in ug/l","meting","NVT","SRPSCW",TRUE,FALSE,FALSE
1435,"NVT","NVT","OW","Oppervlaktewater","ug/l","microgram per liter","CONCTTE","(massa)Concentratie","OPGLT","opgelost","NVT","NVT","sBbkF","som benzo(b)fluorantheen en benzo(k)fluorantheen","Omreken. van passive sampler naar vrij opgeloste waterconc (massa)Concentratie som benzo(b)fluorantheen en benzo(k)fluorantheen in Oppervlaktewater opgelost in ug/l","meting","NVT","SRPSCW",TRUE,FALSE,FALSE
1436,"NVT","NVT","OW","Oppervlaktewater","ug/l","microgram per liter","CONCTTE","(massa)Concentratie","pg","particulair gebonden","NVT","NVT","Cd","cadmium","(massa)Concentratie cadmium in Oppervlaktewater particulair gebonden in ug/l","meting","NVT","NVT",FALSE,FALSE,FALSE
1437,"NVT","NVT","OW","Oppervlaktewater","ug/l","microgram per liter","CONCTTE","(massa)Concentratie","pg","particulair gebonden","NVT","NVT","Cu","koper","(massa)Concentratie koper in Oppervlaktewater particulair gebonden in ug/l","meting","NVT","NVT",FALSE,FALSE,FALSE
1438,"NVT","NVT","OW","Oppervlaktewater","ug/l","microgram per liter","CONCTTE","(massa)Concentratie","pg","particulair gebonden","NVT","NVT","Ni","nikkel","(massa)Concentratie nikkel in Oppervlaktewater particulair gebonden in ug/l","meting","NVT","NVT",FALSE,FALSE,FALSE
1439,"NVT","NVT","OW","Oppervlaktewater","ug/l","microgram per liter","CONCTTE","(massa)Concentratie","pg","particulair gebonden","NVT","NVT","Pb","lood","(massa)Concentratie lood in Oppervlaktewater particulair gebonden in ug/l","meting","NVT","NVT",FALSE,FALSE,FALSE
1440,"NVT","NVT","OW","Oppervlaktewater","ug/l","microgram per liter","CONCTTE","(massa)Concentratie","pg","particulair gebonden","NVT","NVT","Zn","zink","(massa)Concentratie zink in Oppervlaktewater particulair gebonden in ug/l","meting","NVT","NVT",FALSE,FALSE,FALSE
1441,"NVT","NVT","OW","Oppervlaktewater","ug/l","microgram per liter","CONCTTE","(massa)Concentratie","Sn","uitgedrukt in tin","NVT","NVT","TFySn","trifenyltin (kation)","(massa)Concentratie trifenyltin (kation) in Oppervlaktewater uitgedrukt in tin in ug/l","meting","NVT","NVT",TRUE,FALSE,FALSE
1442,"NVT","NVT","OW","Oppervlaktewater","umol/kg","micromol per kilogram","CONCTTE","(massa)Concentratie","Cnf","uitgedrukt in koolstof / opgeloste fractie","NVT","NVT","Canorg","koolstof anorganisch","(massa)Concentratie koolstof anorganisch in Oppervlaktewater uitgedrukt in koolstof / opgeloste fractie in umol/kg","meting","NVT","NVT",TRUE,FALSE,FALSE
1443,"NVT","NVT","OW","Oppervlaktewater","NTU","Nephelometric Turbidity Unit","D10","maximale korreldiameter voor 10% van het monstervolume","NVT","NVT","NVT","NVT","NVT","NVT","maximale korreldiameter voor 10% van het monstervolume in Oppervlaktewater in NTU","meting","NVT","NVT",TRUE,FALSE,FALSE
1444,"NVT","NVT","BS","Bodem/Sediment","um","micrometer","D10","maximale korreldiameter voor 10% van het monstervolume","dg","t.o.v. drooggewicht","NVT","NVT","NVT","NVT","maximale korreldiameter voor 10% van het monstervolume in Bodem/Sediment t.o.v. drooggewicht in um","meting","NVT","NVT",TRUE,FALSE,FALSE
1445,"NVT","NVT","BS","Bodem/Sediment","um","micrometer","D20","maximale korreldiameter voor 20% van het monstervolume","dg","t.o.v. drooggewicht","NVT","NVT","NVT","NVT","maximale korreldiameter voor 20% van het monstervolume in Bodem/Sediment t.o.v. drooggewicht in um","meting","NVT","NVT",TRUE,FALSE,FALSE
1446,"NVT","NVT","BS","Bodem/Sediment","um","micrometer","D30","maximale korreldiameter voor 30% van het monstervolume","dg","t.o.v. drooggewicht","NVT","NVT","NVT","NVT","maximale korreldiameter voor 30% van het monstervolume in Bodem/Sediment t.o.v. drooggewicht in um","meting","NVT","NVT",TRUE,FALSE,FALSE
1447,"NVT","NVT","BS","Bodem/Sediment","um","micrometer","D40","maximale korreldiameter voor 40% van het monstervolume","dg","t.o.v. drooggewicht","NVT","NVT","NVT","NVT","maximale korreldiameter voor 40% van het monstervolume in Bodem/Sediment t.o.v. drooggewicht in um","meting","NVT","NVT",TRUE,FALSE,FALSE
1448,"NVT","NVT","BS","Bodem/Sediment","um","micrometer","D50","maximale korreldiameter voor 50% van het monstervolume","dg","t.o.v. drooggewicht","NVT","NVT","NVT","NVT","maximale korreldiameter voor 50% van het monstervolume in Bodem/Sediment t.o.v. drooggewicht in um","meting","NVT","NVT",TRUE,FALSE,FALSE
1449,"NVT","NVT","NT","Niet van toepassing","um","micrometer","D50","maximale korreldiameter voor 50% van het monstervolume","NVT","NVT","NVT","NVT","NVT","NVT","maximale korreldiameter voor 50% van het monstervolume in um","meting","NVT","NVT",TRUE,FALSE,FALSE
1450,"NVT","NVT","BS","Bodem/Sediment","um","micrometer","D60","maximale korreldiameter voor 60% van het monstervolume","dg","t.o.v. drooggewicht","NVT","NVT","NVT","NVT","maximale korreldiameter voor 60% van het monstervolume in Bodem/Sediment t.o.v. drooggewicht in um","meting","NVT","NVT",TRUE,FALSE,FALSE
1451,"NVT","NVT","BS","Bodem/Sediment","um","micrometer","D70","maximale korreldiameter voor 70% van het monstervolume","dg","t.o.v. drooggewicht","NVT","NVT","NVT","NVT","maximale korreldiameter voor 70% van het monstervolume in Bodem/Sediment t.o.v. drooggewicht in um","meting","NVT","NVT",TRUE,FALSE,FALSE
1452,"NVT","NVT","BS","Bodem/Sediment","um","micrometer","D80","maximale korreldiameter voor 80% van het monstervolume","dg","t.o.v. drooggewicht","NVT","NVT","NVT","NVT","maximale korreldiameter voor 80% van het monstervolume in Bodem/Sediment t.o.v. drooggewicht in um","meting","NVT","NVT",TRUE,FALSE,FALSE
1453,"NVT","NVT","BS","Bodem/Sediment","um","micrometer","D90","maximale korreldiameter voor 90% van het monstervolume","dg","t.o.v. drooggewicht","NVT","NVT","NVT","NVT","maximale korreldiameter voor 90% van het monstervolume in Bodem/Sediment t.o.v. drooggewicht in um","meting","NVT","NVT",TRUE,FALSE,FALSE
1454,"Platichthys flesus","Platichthys flesus","OE","Organisme (biota)","‰","promille","delta13C","Verhouding isotopen koolstof 13/koolstof-12","dg","t.o.v. drooggewicht","NVT","NVT","NVT","NVT","Verhouding isotopen koolstof 13/koolstof-12 in Organisme (biota) t.o.v. drooggewicht in Platichthys flesus ‰","meting","NVT","NVT",TRUE,FALSE,FALSE
1455,"Rutilus rutilus","Rutilus rutilus","OE","Organisme (biota)","‰","promille","delta13C","Verhouding isotopen koolstof 13/koolstof-12","dg","t.o.v. drooggewicht","NVT","NVT","NVT","NVT","Verhouding isotopen koolstof 13/koolstof-12 in Organisme (biota) t.o.v. drooggewicht in Rutilus rutilus ‰","meting","NVT","NVT",TRUE,FALSE,FALSE
1456,"Platichthys flesus","Platichthys flesus","OE","Organisme (biota)","‰","promille","delta15N","Verhouding isotopen stikstof-15/stikstof-14","dg","t.o.v. drooggewicht","NVT","NVT","NVT","NVT","Verhouding isotopen stikstof-15/stikstof-14 in Organisme (biota) t.o.v. drooggewicht in Platichthys flesus ‰","meting","NVT","NVT",TRUE,FALSE,FALSE
1457,"Rutilus rutilus","Rutilus rutilus","OE","Organisme (biota)","‰","promille","delta15N","Verhouding isotopen stikstof-15/stikstof-14","dg","t.o.v. drooggewicht","NVT","NVT","NVT","NVT","Verhouding isotopen stikstof-15/stikstof-14 in Organisme (biota) t.o.v. drooggewicht in Rutilus rutilus ‰","meting","NVT","NVT",TRUE,FALSE,FALSE
1458,"NVT","NVT","OW","Oppervlaktewater","kg/m3","kilogram per kubieke meter","DICHTHD","Dichtheid (soortelijke massa)","NVT","NVT","NVT","NVT","NVT","NVT","Dichtheid (soortelijke massa) in Oppervlaktewater in kg/m3","meting","NVT","NVT",TRUE,FALSE,FALSE
1459,"Haematopus ostralegus","Haematopus ostralegus","OE","Organisme (biota)","mm","millimeter","DIKTE","Dikte","LS-EI","Levensstadium-Ei","NVT","NVT","SCHAAL","Schaal","Dikte Schaal in Organisme (biota) Levensstadium-Ei in Haematopus ostralegus mm","meting","NVT","NVT",TRUE,FALSE,FALSE
1460,"Sterna hirundo","Sterna hirundo","OE","Organisme (biota)","mm","millimeter","DIKTE","Dikte","LS-EI","Levensstadium-Ei","NVT","NVT","SCHAAL","Schaal","Dikte Schaal in Organisme (biota) Levensstadium-Ei in Sterna hirundo mm","meting","NVT","NVT",TRUE,FALSE,FALSE
1461,"NVT","NVT","NT","Niet van toepassing","min","minuut","DRAAITD","Draaitijd","NVT","NVT","NVT","NVT","NVT","NVT","Draaitijd in min","meting","NVT","NVT",FALSE,FALSE,FALSE
1462,"NVT","NVT","OW","Oppervlaktewater","min","minuut","DRAAITD","Draaitijd","HALVKT","Halve kracht","NVT","NVT","NVT","NVT","Draaitijd in Oppervlaktewater Halve kracht in min","meting","NVT","NVT",FALSE,FALSE,FALSE
1463,"NVT","NVT","OW","Oppervlaktewater","min","minuut","DRAAITD","Draaitijd","NVT","NVT","NVT","NVT","NVT","NVT","Draaitijd in Oppervlaktewater in min","meting","NVT","NVT",FALSE,FALSE,FALSE
1464,"NVT","NVT","OW","Oppervlaktewater","DIMSLS","dimensieloos","E","Extinctie","L250nm","gemeten bij golflengte 250 nm","NVT","NVT","NVT","NVT","Extinctie in Oppervlaktewater gemeten bij golflengte 250 nm","meting","NVT","NVT",FALSE,FALSE,FALSE
1465,"NVT","NVT","OW","Oppervlaktewater","DIMSLS","dimensieloos","E","Extinctie","L380nm","gemeten bij golflengte 380 nm","NVT","NVT","NVT","NVT","Extinctie in Oppervlaktewater gemeten bij golflengte 380 nm","meting","NVT","NVT",FALSE,FALSE,FALSE
1466,"NVT","NVT","OW","Oppervlaktewater","/m","per meter","E","Extinctie","NVT","NVT","NVT","NVT","NVT","NVT","Gemiddelde over 10 monsters Extinctie in Oppervlaktewater in /m","meting","NVT","GEM10M",TRUE,FALSE,FALSE
1467,"NVT","NVT","OW","Oppervlaktewater","/m","per meter","E","Extinctie","NVT","NVT","NVT","NVT","NVT","NVT","Extinctie in Oppervlaktewater in /m","meting","NVT","NVT",TRUE,FALSE,FALSE
1468,"NVT","NVT","OW","Oppervlaktewater","dB","decibel","ECHO","Echosterkte","NVT","NVT","NVT","NVT","NVT","NVT","Echosterkte in Oppervlaktewater in dB","meting","NVT","NVT",TRUE,FALSE,FALSE
1469,"Haematopus ostralegus","Haematopus ostralegus","OE","Organisme (biota)","mm","millimeter","EMBOODAMTR","Embryo oog diameter","LS-EI","Levensstadium-Ei","NVT","NVT","NVT","NVT","Embryo oog diameter in Organisme (biota) Levensstadium-Ei in Haematopus ostralegus mm","meting","NVT","NVT",TRUE,FALSE,FALSE
1470,"Sterna hirundo","Sterna hirundo","OE","Organisme (biota)","mm","millimeter","EMBOODAMTR","Embryo oog diameter","LS-EI","Levensstadium-Ei","NVT","NVT","NVT","NVT","Embryo oog diameter in Organisme (biota) Levensstadium-Ei in Sterna hirundo mm","meting","NVT","NVT",TRUE,FALSE,FALSE
1471,"NVT","NVT","OW","Oppervlaktewater","RFU","Relative Fluorescence Units","FLUORCTE","Fluorescentie","NVT","NVT","NVT","NVT","NVT","NVT","Fluorescentie in Oppervlaktewater in RFU","meting","NVT","NVT",TRUE,FALSE,FALSE
1472,"NVT","NVT","OW","Oppervlaktewater","U","Unit","FLUORCTE","Fluorescentie","NVT","NVT","NVT","NVT","NVT","NVT","Gemiddelde Fluorescentie in Oppervlaktewater in U","meting","NVT","GEM",FALSE,FALSE,FALSE
1473,"NVT","NVT","OW","Oppervlaktewater","U","Unit","FLUORCTE","Fluorescentie","NVT","NVT","NVT","NVT","NVT","NVT","Gemiddelde over 10 monsters Fluorescentie in Oppervlaktewater in U","meting","NVT","GEM10M",TRUE,FALSE,FALSE
1474,"NVT","NVT","OW","Oppervlaktewater","U","Unit","FLUORCTE","Fluorescentie","NVT","NVT","NVT","NVT","NVT","NVT","Fluorescentie in Oppervlaktewater in U","meting","NVT","NVT",TRUE,FALSE,FALSE
1475,"NVT","NVT","OW","Oppervlaktewater","Hz","hertz","Fp","Golffrequentie bij maximum v.h. variantiedichtheidspectrum","NVT","NVT","NVT","NVT","NVT","NVT","Golffrequentie bij maximum v.h. variantiedichtheidspectrum in Oppervlaktewater in Hz","meting","NVT","NVT",TRUE,FALSE,FALSE
1476,"NVT","NVT","OW","Oppervlaktewater","mS/m","millisiemens per meter","GELDHD","Geleidendheid","20oC","t.o.v. 20 graden Celsius","NVT","NVT","NVT","NVT","Gemiddelde Geleidendheid in Oppervlaktewater t.o.v. 20 graden Celsius in mS/m","meting","NVT","GEM",FALSE,FALSE,FALSE
1477,"NVT","NVT","OW","Oppervlaktewater","mS/m","millisiemens per meter","GELDHD","Geleidendheid","20oC","t.o.v. 20 graden Celsius","NVT","NVT","NVT","NVT","Etmaalgemiddelde Geleidendheid in Oppervlaktewater t.o.v. 20 graden Celsius in mS/m","meting","NVT","GEM24H",FALSE,FALSE,FALSE
1478,"NVT","NVT","OW","Oppervlaktewater","mS/m","millisiemens per meter","GELDHD","Geleidendheid","20oC","t.o.v. 20 graden Celsius","NVT","NVT","NVT","NVT","Geleidendheid in Oppervlaktewater t.o.v. 20 graden Celsius in mS/m","meting","NVT","NVT",TRUE,FALSE,FALSE
1479,"NVT","NVT","OW","Oppervlaktewater","mS/m","millisiemens per meter","GELDHD","Geleidendheid","25oC","t.o.v. 25 graden Celsius","NVT","NVT","NVT","NVT","Geleidendheid in Oppervlaktewater t.o.v. 25 graden Celsius in mS/m","meting","NVT","NVT",TRUE,FALSE,FALSE
1480,"NVT","NVT","OW","Oppervlaktewater","mS/m","millisiemens per meter","GELDHD","Geleidendheid","NVT","NVT","NVT","NVT","NVT","NVT","Etmaalgemiddelde Geleidendheid in Oppervlaktewater in mS/m","meting","NVT","GEM24H",FALSE,FALSE,FALSE
1481,"NVT","NVT","OW","Oppervlaktewater","mS/m","millisiemens per meter","GELDHD","Geleidendheid","NVT","NVT","NVT","NVT","NVT","NVT","Geleidendheid in Oppervlaktewater in mS/m","meting","NVT","NVT",TRUE,FALSE,FALSE
1482,"NVT","NVT","OW","Oppervlaktewater","S/m","siemens per meter","GELDHD","Geleidendheid","NVT","NVT","NVT","NVT","NVT","NVT","Geleidendheid in Oppervlaktewater in S/m","meting","NVT","NVT",FALSE,FALSE,FALSE
1483,"NVT","NVT","OW","Oppervlaktewater","min","minuut","GETVVG","Getijvervroeging","NVT","NVT","NVT","NVT","NVT","NVT","Getijvervroeging in Oppervlaktewater in min","meting","NVT","NVT",TRUE,FALSE,FALSE
1484,"NVT","NVT","OW","Oppervlaktewater","DIMSLS","dimensieloos","GEURVDNFTR","Geurverdunningsfactor","NVT","NVT","NVT","NVT","NVT","NVT","Geurverdunningsfactor in Oppervlaktewater","meting","NVT","NVT",TRUE,FALSE,FALSE
1485,"NVT","NVT","OW","Oppervlaktewater","cm","centimeter","GGH","Gemiddelde golfhoogte in het tijdsdomein","NVT","NVT","NVT","NVT","NVT","NVT","Gemiddelde golfhoogte in het tijdsdomein in Oppervlaktewater in cm","meting","NVT","NVT",TRUE,FALSE,FALSE
1486,"NVT","NVT","OW","Oppervlaktewater","s","seconde","GGT","Gemiddelde golfperiode in het tijdsdomein","NVT","NVT","NVT","NVT","NVT","NVT","Gemiddelde golfperiode in het tijdsdomein in Oppervlaktewater in s","meting","NVT","NVT",TRUE,FALSE,FALSE
1487,"NVT","NVT","OW","Oppervlaktewater","dm","decimeter","GOLFHTE","Golfhoogte","NVT","NVT","NVT","NVT","NVT","NVT","Golfhoogte in Oppervlaktewater in dm","meting","NVT","NVT",TRUE,FALSE,FALSE
1488,"NVT","NVT","OW","Oppervlaktewater","cm","centimeter","H1/10","Gem. hoogte van hoogste 1/10 deel v.d. golven (tijdsdomein)","NVT","NVT","NVT","NVT","NVT","NVT","Gem. hoogte van hoogste 1/10 deel v.d. golven (tijdsdomein) in Oppervlaktewater in cm","meting","NVT","NVT",TRUE,FALSE,FALSE
1489,"NVT","NVT","OW","Oppervlaktewater","cm","centimeter","H1/3","Gem. hoogte van hoogste 1/3 deel v.d. golven (tijdsdomein)","NVT","NVT","NVT","NVT","NVT","NVT","Gem. hoogte van hoogste 1/3 deel v.d. golven (tijdsdomein) in Oppervlaktewater in cm","meting","NVT","NVT",TRUE,FALSE,FALSE
1490,"NVT","NVT","OW","Oppervlaktewater","cm","centimeter","H1/50","Gem. hoogte van hoogste 1/50 deel v.d. golven (tijdsdomein)","NVT","NVT","NVT","NVT","NVT","NVT","Gem. hoogte van hoogste 1/50 deel v.d. golven (tijdsdomein) in Oppervlaktewater in cm","meting","NVT","NVT",TRUE,FALSE,FALSE
1491,"NVT","NVT","NVT","NVT","cm","centimeter","HEFHTE","Hefhoogte","NAP","t.o.v. Normaal Amsterdams Peil","NVT","NVT","NVT","NVT","Hefhoogte in t.o.v. Normaal Amsterdams Peil in cm","meting","NVT","NVT",TRUE,FALSE,FALSE
1492,"NVT","NVT","OW","Oppervlaktewater","cm","centimeter","HEFHTE","Hefhoogte","NAP","t.o.v. Normaal Amsterdams Peil","NVT","NVT","NVT","NVT","Hefhoogte in Oppervlaktewater t.o.v. Normaal Amsterdams Peil in cm","meting","NVT","NVT",TRUE,FALSE,FALSE
1493,"NVT","NVT","OW","Oppervlaktewater","meq/l","milliequivalent per liter","HH","Hardheid","NVT","NVT","NVT","NVT","NVT","NVT","Hardheid in Oppervlaktewater in meq/l","meting","NVT","NVT",FALSE,FALSE,FALSE
1494,"NVT","NVT","OW","Oppervlaktewater","mg/l","milligram per liter","HH","Hardheid","CaCO3","uitgedrukt in calciumcarbonaat","NVT","NVT","NVT","NVT","Hardheid in Oppervlaktewater uitgedrukt in calciumcarbonaat in mg/l","meting","NVT","NVT",TRUE,FALSE,FALSE
1495,"NVT","NVT","OW","Oppervlaktewater","oD","Duitse graad","HH","Hardheid","NVT","NVT","NVT","NVT","NVT","NVT","Hardheid in Oppervlaktewater in oD","meting","NVT","NVT",TRUE,FALSE,FALSE
1496,"NVT","NVT","OW","Oppervlaktewater","meq/l","milliequivalent per liter","HHT","Hardheid tijdelijk","NVT","NVT","NVT","NVT","NVT","NVT","Hardheid tijdelijk in Oppervlaktewater in meq/l","meting","NVT","NVT",TRUE,FALSE,FALSE
1497,"NVT","NVT","OW","Oppervlaktewater","oD","Duitse graad","HHT","Hardheid tijdelijk","NVT","NVT","NVT","NVT","NVT","NVT","Hardheid tijdelijk in Oppervlaktewater in oD","meting","NVT","NVT",TRUE,FALSE,FALSE
1498,"NVT","NVT","OW","Oppervlaktewater","cm","centimeter","Hm0","Significante golfhoogte in het spectrale domein","F003-050","golffrequentie tussen 30 en 500 mHz","NVT","NVT","NVT","NVT","Significante golfhoogte in het spectrale domein verwachting in Oppervlaktewater golffrequentie tussen 30 en 500 mHz in cm","verwachting","NVT","NVT",TRUE,FALSE,FALSE
1499,"NVT","NVT","OW","Oppervlaktewater","cm","centimeter","Hm0","Significante golfhoogte in het spectrale domein","F003-050","golffrequentie tussen 30 en 500 mHz","NVT","NVT","NVT","NVT","Significante golfhoogte in het spectrale domein in Oppervlaktewater golffrequentie tussen 30 en 500 mHz in cm","meting","NVT","NVT",TRUE,FALSE,FALSE
1500,"NVT","NVT","OW","Oppervlaktewater","cm","centimeter","Hm0","Significante golfhoogte in het spectrale domein","F003-100","golffrequentie tussen 30 en 1000 mHz","NVT","NVT","NVT","NVT","Significante golfhoogte in het spectrale domein in Oppervlaktewater golffrequentie tussen 30 en 1000 mHz in cm","meting","NVT","NVT",TRUE,FALSE,FALSE
1501,"NVT","NVT","OW","Oppervlaktewater","cm","centimeter","Hm0","Significante golfhoogte in het spectrale domein","F003-150","Golffrequentie tussen 30 en 1500 mHz","NVT","NVT","NVT","NVT","Significante golfhoogte in het spectrale domein in Oppervlaktewater Golffrequentie tussen 30 en 1500 mHz in cm","meting","NVT","NVT",TRUE,FALSE,FALSE
1502,"NVT","NVT","OW","Oppervlaktewater","cm","centimeter","Hmax","Maximale golfhoogte in het tijdsdomein","NVT","NVT","NVT","NVT","NVT","NVT","Maximale golfhoogte in het tijdsdomein in Oppervlaktewater in cm","meting","NVT","NVT",TRUE,FALSE,FALSE
1503,"NVT","NVT","OW","Oppervlaktewater","cm","centimeter","HOOGTE","Hoogte","WATSGL","t.o.v. waterspiegel","NVT","NVT","SENSOR","Sensor","Hoogte Sensor in Oppervlaktewater t.o.v. waterspiegel in cm","meting","NVT","NVT",TRUE,FALSE,FALSE
1504,"NVT","NVT","ZS","Zwevende stof","cm","centimeter","HOOGTE","Hoogte","WATSGL","t.o.v. waterspiegel","NVT","NVT","SENSOR","Sensor","Hoogte Sensor in Zwevende stof t.o.v. waterspiegel in cm","meting","NVT","NVT",TRUE,FALSE,FALSE
1505,"NVT","NVT","OW","Oppervlaktewater","cm","centimeter","HOOGWTDG","Hoogwater dag","NAP","t.o.v. Normaal Amsterdams Peil","NVT","NVT","NVT","NVT","Hoogwater dag in Oppervlaktewater t.o.v. Normaal Amsterdams Peil in cm","meting","NVT","NVT",TRUE,FALSE,FALSE
1506,"NVT","NVT","OW","Oppervlaktewater","cm","centimeter","HOOGWTNT","Hoogwater nacht","NAP","t.o.v. Normaal Amsterdams Peil","NVT","NVT","NVT","NVT","Hoogwater nacht in Oppervlaktewater t.o.v. Normaal Amsterdams Peil in cm","meting","NVT","NVT",TRUE,FALSE,FALSE
1507,"NVT","NVT","OW","Oppervlaktewater","cm","centimeter","HTE3","Significante deiningshoogte in het spectrale domein","F003-010","golffrequentie tussen 30 en 100 mHz","NVT","NVT","NVT","NVT","Significante deiningshoogte in het spectrale domein in Oppervlaktewater golffrequentie tussen 30 en 100 mHz in cm","meting","NVT","NVT",TRUE,FALSE,FALSE
1508,"Nassarius reticulatus","Nassarius reticulatus","OE","Organisme (biota)","DIMSLS","dimensieloos","IMPSSDUM","Imposexstadium  (Vas Deferens Sequence)","NVT","NVT","NVT","NVT","NVT","NVT","Imposexstadium  (Vas Deferens Sequence) in Organisme (biota) in Nassarius reticulatus","meting","NVT","NVT",TRUE,FALSE,FALSE
1509,"Nucella lapillus","Nucella lapillus","OE","Organisme (biota)","DIMSLS","dimensieloos","IMPSSDUM","Imposexstadium  (Vas Deferens Sequence)","NVT","NVT","NVT","NVT","NVT","NVT","Imposexstadium  (Vas Deferens Sequence) in Organisme (biota) in Nucella lapillus","meting","NVT","NVT",TRUE,FALSE,FALSE
1510,"NVT","NVT","OW","Oppervlaktewater","DIMSLS","dimensieloos","INDCTOPDT","Indicatie open/dicht","NVT","NVT","NVT","NVT","NVT","NVT","Indicatie open/dicht in Oppervlaktewater","meting","NVT","NVT",FALSE,FALSE,FALSE
1511,"NVT","NVT","OW","Oppervlaktewater","min","minuut","INDCTOPDT","Indicatie open/dicht","HALFOPN","Half open","NVT","NVT","NVT","NVT","Indicatie open/dicht in Oppervlaktewater Half open in min","meting","NVT","NVT",FALSE,FALSE,FALSE
1512,"NVT","NVT","OW","Oppervlaktewater","uE","microeinstein","INSLG","Instraling","NVT","NVT","NVT","NVT","NVT","NVT","Gemiddelde over 10 monsters Instraling in Oppervlaktewater in uE","meting","NVT","GEM10M",TRUE,FALSE,FALSE
1513,"NVT","NVT","OW","Oppervlaktewater","uE","microeinstein","INSLG","Instraling","NVT","NVT","NVT","NVT","NVT","NVT","Instraling in Oppervlaktewater in uE","meting","NVT","NVT",TRUE,FALSE,FALSE
1514,"Littorina littorea","Littorina littorea","OE","Organisme (biota)","DIMSLS","dimensieloos","INTSSDUM","Intersexstadium","NVT","NVT","NVT","NVT","NVT","NVT","Intersexstadium in Organisme (biota) in Littorina littorea","meting","NVT","NVT",TRUE,FALSE,FALSE
1515,"Littorina littorea","Littorina littorea","OE","Organisme (biota)","DIMSLS","dimensieloos","ISI","Intersexindex","NVT","NVT","NVT","NVT","NVT","NVT","Intersexindex in Organisme (biota) in Littorina littorea","meting","NVT","NVT",TRUE,FALSE,FALSE
1516,"NVT","NVT","OW","Oppervlaktewater","DIMSLS","dimensieloos","I-TEQ","Internationaal toxisch equivalent volgens NATO/CCMS","TEQ","uitgedrukt in Toxiciteit equivalenten","NVT","NVT","NVT","NVT","Gemiddelde Internationaal toxisch equivalent volgens NATO/CCMS in Oppervlaktewater uitgedrukt in Toxiciteit equivalenten","meting","NVT","GEM",FALSE,FALSE,FALSE
1517,"NVT","NVT","BS","Bodem/Sediment","%","procent","KGF","Korrelgroottefractie","D016-2000dg","diameter tussen 16 en 2000 um / drooggewicht","NVT","NVT","NVT","NVT","Korrelgroottefractie in Bodem/Sediment diameter tussen 16 en 2000 um / drooggewicht in %","meting","NVT","NVT",TRUE,FALSE,FALSE
1518,"NVT","NVT","BS","Bodem/Sediment","%","procent","KGF","Korrelgroottefractie","dg","t.o.v. drooggewicht","NVT","NVT","NVT","NVT","Korrelgroottefractie in Bodem/Sediment t.o.v. drooggewicht in %","meting","NVT","NVT",TRUE,FALSE,FALSE
1519,"NVT","NVT","BS","Bodem/Sediment","%","procent","KGF","Korrelgroottefractie","Dg0016dg","diameter groter dan 16 um / drooggewicht","NVT","NVT","NVT","NVT","Korrelgroottefractie in Bodem/Sediment diameter groter dan 16 um / drooggewicht in %","meting","NVT","NVT",TRUE,FALSE,FALSE
1520,"NVT","NVT","BS","Bodem/Sediment","%","procent","KGF","Korrelgroottefractie","Dg0063dg","diameter groter dan 63 um / drooggewicht","NVT","NVT","NVT","NVT","Korrelgroottefractie in Bodem/Sediment diameter groter dan 63 um / drooggewicht in %","meting","NVT","NVT",TRUE,FALSE,FALSE
1521,"NVT","NVT","BS","Bodem/Sediment","%","procent","KGF","Korrelgroottefractie","Dg2000dg","diameter groter dan 2000 um / drooggewicht","NVT","NVT","NVT","NVT","Korrelgroottefractie in Bodem/Sediment diameter groter dan 2000 um / drooggewicht in %","meting","NVT","NVT",TRUE,FALSE,FALSE
1522,"NVT","NVT","BS","Bodem/Sediment","%","procent","KGF","Korrelgroottefractie","Dk0002dg","diameter kleiner dan 2 um / drooggewicht","NVT","NVT","NVT","NVT","Korrelgroottefractie in Bodem/Sediment diameter kleiner dan 2 um / drooggewicht in %","meting","NVT","NVT",TRUE,FALSE,FALSE
1523,"NVT","NVT","BS","Bodem/Sediment","%","procent","KGF","Korrelgroottefractie","Dk0004dg","diameter kleiner dan 4 um / drooggewicht","NVT","NVT","NVT","NVT","Korrelgroottefractie in Bodem/Sediment diameter kleiner dan 4 um / drooggewicht in %","meting","NVT","NVT",TRUE,FALSE,FALSE
1524,"NVT","NVT","BS","Bodem/Sediment","%","procent","KGF","Korrelgroottefractie","Dk0008dg","diameter kleiner dan 8 um / drooggewicht","NVT","NVT","NVT","NVT","Korrelgroottefractie in Bodem/Sediment diameter kleiner dan 8 um / drooggewicht in %","meting","NVT","NVT",TRUE,FALSE,FALSE
1525,"NVT","NVT","BS","Bodem/Sediment","%","procent","KGF","Korrelgroottefractie","Dk0010dg","diameter kleiner dan 10 um / drooggewicht","NVT","NVT","NVT","NVT","Korrelgroottefractie in Bodem/Sediment diameter kleiner dan 10 um / drooggewicht in %","meting","NVT","NVT",TRUE,FALSE,FALSE
1526,"NVT","NVT","BS","Bodem/Sediment","%","procent","KGF","Korrelgroottefractie","Dk0016dg","diameter kleiner dan 16 um / drooggewicht","NVT","NVT","NVT","NVT","Korrelgroottefractie in Bodem/Sediment diameter kleiner dan 16 um / drooggewicht in %","meting","NVT","NVT",TRUE,FALSE,FALSE
1527,"NVT","NVT","BS","Bodem/Sediment","%","procent","KGF","Korrelgroottefractie","Dk002000dg","Diameter kleiner dan 2000 um / drooggewicht","NVT","NVT","NVT","NVT","Korrelgroottefractie in Bodem/Sediment Diameter kleiner dan 2000 um / drooggewicht in %","meting","NVT","NVT",TRUE,FALSE,FALSE
1528,"NVT","NVT","BS","Bodem/Sediment","%","procent","KGF","Korrelgroottefractie","Dk0020dg","diameter kleiner dan 20 um / drooggewicht","NVT","NVT","NVT","NVT","Korrelgroottefractie in Bodem/Sediment diameter kleiner dan 20 um / drooggewicht in %","meting","NVT","NVT",TRUE,FALSE,FALSE
1529,"NVT","NVT","BS","Bodem/Sediment","%","procent","KGF","Korrelgroottefractie","Dk0032dg","diameter kleiner dan 32 um / drooggewicht","NVT","NVT","NVT","NVT","Korrelgroottefractie in Bodem/Sediment diameter kleiner dan 32 um / drooggewicht in %","meting","NVT","NVT",TRUE,FALSE,FALSE
1530,"NVT","NVT","BS","Bodem/Sediment","%","procent","KGF","Korrelgroottefractie","Dk0050dg","diameter kleiner dan 50 um / drooggewicht","NVT","NVT","NVT","NVT","Korrelgroottefractie in Bodem/Sediment diameter kleiner dan 50 um / drooggewicht in %","meting","NVT","NVT",TRUE,FALSE,FALSE
1531,"NVT","NVT","BS","Bodem/Sediment","%","procent","KGF","Korrelgroottefractie","Dk0053dg","diameter kleiner dan 53 um / drooggewicht","NVT","NVT","NVT","NVT","Korrelgroottefractie in Bodem/Sediment diameter kleiner dan 53 um / drooggewicht in %","meting","NVT","NVT",TRUE,FALSE,FALSE
1532,"NVT","NVT","BS","Bodem/Sediment","%","procent","KGF","Korrelgroottefractie","Dk0063dg","diameter kleiner dan 63 um / drooggewicht","NVT","NVT","NVT","NVT","Korrelgroottefractie in Bodem/Sediment diameter kleiner dan 63 um / drooggewicht in %","meting","NVT","NVT",TRUE,FALSE,FALSE
1533,"NVT","NVT","ZS","Zwevende stof","%","procent","KGF","Korrelgroottefractie","Dg0063dg","diameter groter dan 63 um / drooggewicht","NVT","NVT","NVT","NVT","Korrelgroottefractie in Zwevende stof diameter groter dan 63 um / drooggewicht in %","meting","NVT","NVT",TRUE,FALSE,FALSE
1534,"NVT","NVT","ZS","Zwevende stof","%","procent","KGF","Korrelgroottefractie","Dk0002dg","diameter kleiner dan 2 um / drooggewicht","NVT","NVT","NVT","NVT","Korrelgroottefractie in Zwevende stof diameter kleiner dan 2 um / drooggewicht in %","meting","NVT","NVT",TRUE,FALSE,FALSE
1535,"NVT","NVT","ZS","Zwevende stof","%","procent","KGF","Korrelgroottefractie","Dk0004dg","diameter kleiner dan 4 um / drooggewicht","NVT","NVT","NVT","NVT","Korrelgroottefractie in Zwevende stof diameter kleiner dan 4 um / drooggewicht in %","meting","NVT","NVT",TRUE,FALSE,FALSE
1536,"NVT","NVT","ZS","Zwevende stof","%","procent","KGF","Korrelgroottefractie","Dk0008dg","diameter kleiner dan 8 um / drooggewicht","NVT","NVT","NVT","NVT","Korrelgroottefractie in Zwevende stof diameter kleiner dan 8 um / drooggewicht in %","meting","NVT","NVT",TRUE,FALSE,FALSE
1537,"NVT","NVT","ZS","Zwevende stof","%","procent","KGF","Korrelgroottefractie","Dk0010dg","diameter kleiner dan 10 um / drooggewicht","NVT","NVT","NVT","NVT","Korrelgroottefractie in Zwevende stof diameter kleiner dan 10 um / drooggewicht in %","meting","NVT","NVT",TRUE,FALSE,FALSE
1538,"NVT","NVT","ZS","Zwevende stof","%","procent","KGF","Korrelgroottefractie","Dk0016dg","diameter kleiner dan 16 um / drooggewicht","NVT","NVT","NVT","NVT","Korrelgroottefractie in Zwevende stof diameter kleiner dan 16 um / drooggewicht in %","meting","NVT","NVT",TRUE,FALSE,FALSE
1539,"NVT","NVT","ZS","Zwevende stof","%","procent","KGF","Korrelgroottefractie","Dk0020dg","diameter kleiner dan 20 um / drooggewicht","NVT","NVT","NVT","NVT","Korrelgroottefractie in Zwevende stof diameter kleiner dan 20 um / drooggewicht in %","meting","NVT","NVT",TRUE,FALSE,FALSE
1540,"NVT","NVT","ZS","Zwevende stof","%","procent","KGF","Korrelgroottefractie","Dk0032dg","diameter kleiner dan 32 um / drooggewicht","NVT","NVT","NVT","NVT","Korrelgroottefractie in Zwevende stof diameter kleiner dan 32 um / drooggewicht in %","meting","NVT","NVT",TRUE,FALSE,FALSE
1541,"NVT","NVT","ZS","Zwevende stof","%","procent","KGF","Korrelgroottefractie","Dk0050dg","diameter kleiner dan 50 um / drooggewicht","NVT","NVT","NVT","NVT","Korrelgroottefractie in Zwevende stof diameter kleiner dan 50 um / drooggewicht in %","meting","NVT","NVT",TRUE,FALSE,FALSE
1542,"NVT","NVT","ZS","Zwevende stof","%","procent","KGF","Korrelgroottefractie","Dk0063dg","diameter kleiner dan 63 um / drooggewicht","NVT","NVT","NVT","NVT","Korrelgroottefractie in Zwevende stof diameter kleiner dan 63 um / drooggewicht in %","meting","NVT","NVT",TRUE,FALSE,FALSE
1543,"NVT","NVT","OW","Oppervlaktewater","n","exemplaren","KOLKOMZ","Kolkomzet van een sluis","NVT","NVT","NVT","NVT","SCHIP","Schip","Kolkomzet van een sluis Schip in Oppervlaktewater in n","meting","NVT","NVT",FALSE,FALSE,FALSE
1544,"NVT","NVT","NT","Niet van toepassing","cm","centimeter","KRUINHTE","Kruinhoogte","NAP","t.o.v. Normaal Amsterdams Peil","NVT","NVT","NVT","NVT","Kruinhoogte in t.o.v. Normaal Amsterdams Peil in cm","meting","NVT","NVT",FALSE,FALSE,FALSE
1545,"NVT","NVT","NT","Niet van toepassing","DIMSLS","dimensieloos","Ks","Empirische constante (Haekanson en Jansson 1983)","NVT","NVT","NVT","NVT","NVT","NVT","Gemiddelde over 20 monsters Empirische constante (Haekanson en Jansson 1983)","meting","NVT","GEM20M",TRUE,FALSE,FALSE
1546,"NVT","NVT","NT","Niet van toepassing","DIMSLS","dimensieloos","KTS","Kurtosis","NVT","NVT","NVT","NVT","NVT","NVT","Kurtosis","meting","NVT","NVT",TRUE,FALSE,FALSE
1547,"NVT","NVT","OW","Oppervlaktewater","cm","centimeter","LAAGWTDG","Laagwater dag","NAP","t.o.v. Normaal Amsterdams Peil","NVT","NVT","NVT","NVT","Laagwater dag in Oppervlaktewater t.o.v. Normaal Amsterdams Peil in cm","meting","NVT","NVT",TRUE,FALSE,FALSE
1548,"Haematopus ostralegus","Haematopus ostralegus","OE","Organisme (biota)","mm","millimeter","LENGTE","Lengte","LS-EI","Levensstadium-Ei","NVT","NVT","NVT","NVT","Lengte in Organisme (biota) Levensstadium-Ei in Haematopus ostralegus mm","meting","NVT","NVT",TRUE,FALSE,FALSE
1549,"Sterna hirundo","Sterna hirundo","OE","Organisme (biota)","mm","millimeter","LENGTE","Lengte","LS-EI","Levensstadium-Ei","NVT","NVT","NVT","NVT","Lengte in Organisme (biota) Levensstadium-Ei in Sterna hirundo mm","meting","NVT","NVT",TRUE,FALSE,FALSE
1550,"Platichthys flesus","Platichthys flesus","OE","Organisme (biota)","mm","millimeter","LENGTE","Lengte","NVT","NVT","NVT","NVT","NVT","NVT","Lengte in Organisme (biota) in Platichthys flesus mm","meting","NVT","NVT",TRUE,FALSE,FALSE
1551,"Rutilus rutilus","Rutilus rutilus","OE","Organisme (biota)","mm","millimeter","LENGTE","Lengte","NVT","NVT","NVT","NVT","NVT","NVT","Lengte in Organisme (biota) in Rutilus rutilus mm","meting","NVT","NVT",TRUE,FALSE,FALSE
1552,"Littorina littorea","Littorina littorea","OE","Organisme (biota)","mm","millimeter","LENGTE","Lengte","NVT","NVT","PS","Penis","NVT","NVT","Lengte in Organisme (biota) in Penis Littorina littorea mm","meting","NVT","NVT",TRUE,FALSE,FALSE
1553,"Nassarius reticulatus","Nassarius reticulatus","OE","Organisme (biota)","mm","millimeter","LENGTE","Lengte","NVT","NVT","PS","Penis","NVT","NVT","Lengte in Organisme (biota) in Penis Nassarius reticulatus mm","meting","NVT","NVT",TRUE,FALSE,FALSE
1554,"Nucella lapillus","Nucella lapillus","OE","Organisme (biota)","mm","millimeter","LENGTE","Lengte","NVT","NVT","PS","Penis","NVT","NVT","Lengte in Organisme (biota) in Penis Nucella lapillus mm","meting","NVT","NVT",TRUE,FALSE,FALSE
1555,"Dreissena bugensis","Dreissena bugensis","OE","Organisme (biota)","mm","millimeter","LENGTE","Lengte","NVT","NVT","SP","Schelp","NVT","NVT","Lengte in Organisme (biota) in Schelp Dreissena bugensis mm","meting","NVT","NVT",TRUE,FALSE,FALSE
1556,"Dreissena polymorpha","Dreissena polymorpha","OE","Organisme (biota)","mm","millimeter","LENGTE","Lengte","NVT","NVT","SP","Schelp","NVT","NVT","Lengte in Organisme (biota) in Schelp Dreissena polymorpha mm","meting","NVT","NVT",TRUE,FALSE,FALSE
1557,"Littorina littorea","Littorina littorea","OE","Organisme (biota)","mm","millimeter","LENGTE","Lengte","NVT","NVT","SP","Schelp","NVT","NVT","Lengte in Organisme (biota) in Schelp Littorina littorea mm","meting","NVT","NVT",TRUE,FALSE,FALSE
1558,"Mytilus edulis","Mytilus edulis","OE","Organisme (biota)","mm","millimeter","LENGTE","Lengte","NVT","NVT","SP","Schelp","NVT","NVT","Lengte in Organisme (biota) in Schelp Mytilus edulis mm","meting","NVT","NVT",TRUE,FALSE,FALSE
1559,"Nassarius reticulatus","Nassarius reticulatus","OE","Organisme (biota)","mm","millimeter","LENGTE","Lengte","NVT","NVT","SP","Schelp","NVT","NVT","Lengte in Organisme (biota) in Schelp Nassarius reticulatus mm","meting","NVT","NVT",TRUE,FALSE,FALSE
1560,"Nucella lapillus","Nucella lapillus","OE","Organisme (biota)","mm","millimeter","LENGTE","Lengte","NVT","NVT","SP","Schelp","NVT","NVT","Lengte in Organisme (biota) in Schelp Nucella lapillus mm","meting","NVT","NVT",TRUE,FALSE,FALSE
1561,"Platichthys flesus","Platichthys flesus","OE","Organisme (biota)","mm","millimeter","LENGTE_SD","Standaarddeviatie van de lengte","NVT","NVT","NVT","NVT","NVT","NVT","Standaarddeviatie van de lengte in Organisme (biota) in Platichthys flesus mm","meting","NVT","NVT",TRUE,FALSE,FALSE
1562,"Rutilus rutilus","Rutilus rutilus","OE","Organisme (biota)","mm","millimeter","LENGTE_SD","Standaarddeviatie van de lengte","NVT","NVT","NVT","NVT","NVT","NVT","Standaarddeviatie van de lengte in Organisme (biota) in Rutilus rutilus mm","meting","NVT","NVT",TRUE,FALSE,FALSE
1563,"NVT","NVT","OW","Oppervlaktewater","cm","centimeter","LG","Golfhoogte uit spectrum van 0,083 mHz- 8,33 mHz","F000-001","Golffrequentie tussen 0,083 en 8,33 mHz","NVT","NVT","NVT","NVT","Golfhoogte uit spectrum van 0,083 mHz- 8,33 mHz in Oppervlaktewater Golffrequentie tussen 0,083 en 8,33 mHz in cm","meting","NVT","NVT",TRUE,FALSE,FALSE
1564,"NVT","NVT","LT","Lucht","hPa","hectopascal","LUCHTDK","Luchtdruk","NVT","NVT","NVT","NVT","NVT","NVT","Luchtdruk in Lucht in hPa","meting","NVT","NVT",TRUE,FALSE,FALSE
1565,"NVT","NVT","OW","Oppervlaktewater","cm2","vierkante centimeter","M2_M","Tweede moment van het energiedichtheidsspec. 0","F003-100","golffrequentie tussen 30 en 1000 mHz","NVT","NVT","NVT","NVT","Tweede moment van het energiedichtheidsspec. 0 in Oppervlaktewater golffrequentie tussen 30 en 1000 mHz in cm2","meting","NVT","NVT",TRUE,FALSE,FALSE
1566,"NVT","NVT","OW","Oppervlaktewater","cm2","vierkante centimeter","M4_M","Vierde moment van het energiedichtheidsspec. 0","F003-100","golffrequentie tussen 30 en 1000 mHz","NVT","NVT","NVT","NVT","Vierde moment van het energiedichtheidsspec. 0 in Oppervlaktewater golffrequentie tussen 30 en 1000 mHz in cm2","meting","NVT","NVT",TRUE,FALSE,FALSE
1567,"NVT","NVT","BS","Bodem/Sediment","g","gram","MASSA","Massa","dg","t.o.v. drooggewicht","NVT","NVT","NVT","NVT","Massa in Bodem/Sediment t.o.v. drooggewicht in g","meting","NVT","NVT",TRUE,FALSE,FALSE
1568,"Haematopus ostralegus","Haematopus ostralegus","OE","Organisme (biota)","g","gram","MASSA","Massa","LS-EI","Levensstadium-Ei","NVT","NVT","NVT","NVT","Massa in Organisme (biota) Levensstadium-Ei in Haematopus ostralegus g","meting","NVT","NVT",TRUE,FALSE,FALSE
1569,"Sterna hirundo","Sterna hirundo","OE","Organisme (biota)","g","gram","MASSA","Massa","LS-EI","Levensstadium-Ei","NVT","NVT","NVT","NVT","Massa in Organisme (biota) Levensstadium-Ei in Sterna hirundo g","meting","NVT","NVT",TRUE,FALSE,FALSE
1570,"Haematopus ostralegus","Haematopus ostralegus","OE","Organisme (biota)","g","gram","MASSA","Massa","LS-EI","Levensstadium-Ei","NVT","NVT","SCHAAL","Schaal","Massa Schaal in Organisme (biota) Levensstadium-Ei in Haematopus ostralegus g","meting","NVT","NVT",TRUE,FALSE,FALSE
1571,"Sterna hirundo","Sterna hirundo","OE","Organisme (biota)","g","gram","MASSA","Massa","LS-EI","Levensstadium-Ei","NVT","NVT","SCHAAL","Schaal","Massa Schaal in Organisme (biota) Levensstadium-Ei in Sterna hirundo g","meting","NVT","NVT",TRUE,FALSE,FALSE
1572,"Platichthys flesus","Platichthys flesus","OE","Organisme (biota)","g","gram","MASSA","Massa","NVT","NVT","NVT","NVT","NVT","NVT","Massa in Organisme (biota) in Platichthys flesus g","meting","NVT","NVT",TRUE,FALSE,FALSE
1573,"Rutilus rutilus","Rutilus rutilus","OE","Organisme (biota)","g","gram","MASSA","Massa","NVT","NVT","NVT","NVT","NVT","NVT","Massa in Organisme (biota) in Rutilus rutilus g","meting","NVT","NVT",TRUE,FALSE,FALSE
1574,"Littorina littorea","Littorina littorea","OE","Organisme (biota)","g","gram","MASSA","Massa","NVT","NVT","SP","Schelp","NVT","NVT","Massa in Organisme (biota) in Schelp Littorina littorea g","meting","NVT","NVT",TRUE,FALSE,FALSE
1575,"Nassarius reticulatus","Nassarius reticulatus","OE","Organisme (biota)","g","gram","MASSA","Massa","NVT","NVT","SP","Schelp","NVT","NVT","Massa in Organisme (biota) in Schelp Nassarius reticulatus g","meting","NVT","NVT",TRUE,FALSE,FALSE
1576,"Nucella lapillus","Nucella lapillus","OE","Organisme (biota)","g","gram","MASSA","Massa","NVT","NVT","SP","Schelp","NVT","NVT","Massa in Organisme (biota) in Schelp Nucella lapillus g","meting","NVT","NVT",TRUE,FALSE,FALSE
1577,"Dreissena bugensis","Dreissena bugensis","OE","Organisme (biota)","g","gram","MASSA","Massa","NVT","NVT","VS","Vlees","NVT","NVT","Massa in Organisme (biota) in Vlees Dreissena bugensis g","meting","NVT","NVT",TRUE,FALSE,FALSE
1578,"Dreissena polymorpha","Dreissena polymorpha","OE","Organisme (biota)","g","gram","MASSA","Massa","NVT","NVT","VS","Vlees","NVT","NVT","Massa in Organisme (biota) in Vlees Dreissena polymorpha g","meting","NVT","NVT",TRUE,FALSE,FALSE
1579,"Littorina littorea","Littorina littorea","OE","Organisme (biota)","g","gram","MASSA","Massa","NVT","NVT","VS","Vlees","NVT","NVT","Massa in Organisme (biota) in Vlees Littorina littorea g","meting","NVT","NVT",TRUE,FALSE,FALSE
1580,"Mytilus edulis","Mytilus edulis","OE","Organisme (biota)","g","gram","MASSA","Massa","NVT","NVT","VS","Vlees","NVT","NVT","Massa in Organisme (biota) in Vlees Mytilus edulis g","meting","NVT","NVT",TRUE,FALSE,FALSE
1581,"Nassarius reticulatus","Nassarius reticulatus","OE","Organisme (biota)","g","gram","MASSA","Massa","NVT","NVT","VS","Vlees","NVT","NVT","Massa in Organisme (biota) in Vlees Nassarius reticulatus g","meting","NVT","NVT",TRUE,FALSE,FALSE
1582,"Nucella lapillus","Nucella lapillus","OE","Organisme (biota)","g","gram","MASSA","Massa","NVT","NVT","VS","Vlees","NVT","NVT","Massa in Organisme (biota) in Vlees Nucella lapillus g","meting","NVT","NVT",TRUE,FALSE,FALSE
1583,"Fulmarus glacialis","Fulmarus glacialis","OE","Organisme (biota)","g","gram","MASSA","Massa","NVT","NVT","MG","Maag","OSPAR_PLAIND","Plastic deeltjes, herkomst industrie (plastic granulaat)","Massa Plastic deeltjes, herkomst industrie (plastic granulaat) in Organisme (biota) in Maag Fulmarus glacialis g","meting","NVT","NVT",TRUE,FALSE,FALSE
1584,"Fulmarus glacialis","Fulmarus glacialis","OE","Organisme (biota)","g","gram","MASSA","Massa","NVT","NVT","MG","Maag","OSPAR_PLAUSE","Plastic deeltjes, herkomst consument","Massa Plastic deeltjes, herkomst consument in Organisme (biota) in Maag Fulmarus glacialis g","meting","NVT","NVT",TRUE,FALSE,FALSE
1585,"NVT","NVT","ZS","Zwevende stof","g","gram","MASSA","Massa","dg","t.o.v. drooggewicht","NVT","NVT","NVT","NVT","Massa in Zwevende stof t.o.v. drooggewicht in g","meting","NVT","NVT",TRUE,FALSE,FALSE
1586,"NVT","NVT","BS","Bodem/Sediment","%","procent","MASSFTE","Massafractie","Cdg","uitgedrukt in koolstof / drooggewicht","NVT","NVT","Corg","koolstof organisch","Massafractie koolstof organisch in Bodem/Sediment uitgedrukt in koolstof / drooggewicht in %","meting","NVT","NVT",TRUE,FALSE,FALSE
1587,"NVT","NVT","BS","Bodem/Sediment","%","procent","MASSFTE","Massafractie","dg","t.o.v. drooggewicht","NVT","NVT","C","koolstof","Massafractie koolstof in Bodem/Sediment t.o.v. drooggewicht in %","meting","NVT","NVT",TRUE,FALSE,FALSE
1588,"NVT","NVT","BS","Bodem/Sediment","%","procent","MASSFTE","Massafractie","dg","t.o.v. drooggewicht","NVT","NVT","CaCO3","calciumcarbonaat","Massafractie calciumcarbonaat in Bodem/Sediment t.o.v. drooggewicht in %","meting","NVT","NVT",TRUE,FALSE,FALSE
1589,"NVT","NVT","BS","Bodem/Sediment","%","procent","MASSFTE","Massafractie","dg","t.o.v. drooggewicht","NVT","NVT","Canorg","koolstof anorganisch","Massafractie koolstof anorganisch in Bodem/Sediment t.o.v. drooggewicht in %","meting","NVT","NVT",TRUE,FALSE,FALSE
1590,"NVT","NVT","BS","Bodem/Sediment","%","procent","MASSFTE","Massafractie","dg","t.o.v. drooggewicht","NVT","NVT","CaO","calciumoxide","Massafractie calciumoxide in Bodem/Sediment t.o.v. drooggewicht in %","meting","NVT","NVT",FALSE,FALSE,FALSE
1591,"NVT","NVT","BS","Bodem/Sediment","%","procent","MASSFTE","Massafractie","dg","t.o.v. drooggewicht","NVT","NVT","GV","Gloeiverlies","Massafractie Gloeiverlies in Bodem/Sediment t.o.v. drooggewicht in %","meting","NVT","NVT",TRUE,FALSE,FALSE
1592,"NVT","NVT","BS","Bodem/Sediment","%","procent","MASSFTE","Massafractie","dg","t.o.v. drooggewicht","NVT","NVT","HUMS","Humus","Massafractie Humus in Bodem/Sediment t.o.v. drooggewicht in %","meting","NVT","NVT",TRUE,FALSE,FALSE
1593,"NVT","NVT","BS","Bodem/Sediment","%","procent","MASSFTE","Massafractie","dg","t.o.v. drooggewicht","NVT","NVT","OSTOF","Organisch stof","Massafractie Organisch stof in Bodem/Sediment t.o.v. drooggewicht in %","meting","NVT","NVT",TRUE,FALSE,FALSE
1594,"NVT","NVT","BS","Bodem/Sediment","%","procent","MASSFTE","Massafractie","dg","t.o.v. drooggewicht","NVT","NVT","sNMDSED","Som niet minerale delen sediment (kalk, humus e.d.)","Massafractie Som niet minerale delen sediment (kalk, humus e.d.) in Bodem/Sediment t.o.v. drooggewicht in %","meting","NVT","NVT",TRUE,FALSE,FALSE
1595,"NVT","NVT","BS","Bodem/Sediment","%","procent","MASSFTE","Massafractie","NVT","NVT","NVT","NVT","DS","Droge stof","Massafractie Droge stof in Bodem/Sediment in %","meting","NVT","NVT",TRUE,FALSE,FALSE
1596,"NVT","NVT","BS","Bodem/Sediment","%","procent","MASSFTE","Massafractie","NVT","NVT","NVT","NVT","VOCHT","Vocht","Gemiddelde over 20 monsters Massafractie Vocht in Bodem/Sediment in %","meting","NVT","GEM20M",TRUE,FALSE,FALSE
1597,"NVT","NVT","BS","Bodem/Sediment","%","procent","MASSFTE","Massafractie","NVT","NVT","NVT","NVT","VOCHT","Vocht","Massafractie Vocht in Bodem/Sediment in %","meting","NVT","NVT",TRUE,FALSE,FALSE
1598,"NVT","NVT","LM","Litoraal","%","procent","MASSFTE","Massafractie","NVT","NVT","NVT","NVT","OSTOF","Organisch stof","Massafractie Organisch stof in Litoraal in %","meting","NVT","NVT",FALSE,FALSE,FALSE
1599,"NVT","NVT","LM","Litoraal","%","procent","MASSFTE","Massafractie","NVT","NVT","NVT","NVT","SLIB","Slib","Massafractie Slib in Litoraal in %","meting","NVT","NVT",FALSE,FALSE,FALSE
1600,"NVT","NVT","LM","Litoraal","%","procent","MASSFTE","Massafractie","NVT","NVT","NVT","NVT","WATPTN","Waterplanten","Massafractie Waterplanten in Litoraal in %","meting","NVT","NVT",FALSE,FALSE,FALSE
1601,"NVT","NVT","LM","Litoraal","%","procent","MASSFTE","Massafractie","NVT","NVT","NVT","NVT","ZAND","Zand","Massafractie Zand in Litoraal in %","meting","NVT","NVT",FALSE,FALSE,FALSE
1602,"Platichthys flesus","Platichthys flesus","OE","Organisme (biota)","%","procent","MASSFTE","Massafractie","ng","t.o.v. natgewicht","NVT","NVT","DS","Droge stof","Massafractie Droge stof in Organisme (biota) t.o.v. natgewicht in Platichthys flesus %","meting","NVT","NVT",TRUE,FALSE,FALSE
1603,"Rutilus rutilus","Rutilus rutilus","OE","Organisme (biota)","%","procent","MASSFTE","Massafractie","ng","t.o.v. natgewicht","NVT","NVT","DS","Droge stof","Massafractie Droge stof in Organisme (biota) t.o.v. natgewicht in Rutilus rutilus %","meting","NVT","NVT",TRUE,FALSE,FALSE
1604,"Anguilla anguilla","Anguilla anguilla","OE","Organisme (biota)","%","procent","MASSFTE","Massafractie","ng","t.o.v. natgewicht","VS","Vlees","DS","Droge stof","Massafractie Droge stof in Organisme (biota) t.o.v. natgewicht in Vlees Anguilla anguilla %","meting","NVT","NVT",TRUE,FALSE,FALSE
1605,"Dreissena bugensis","Dreissena bugensis","OE","Organisme (biota)","%","procent","MASSFTE","Massafractie","ng","t.o.v. natgewicht","VS","Vlees","DS","Droge stof","Massafractie Droge stof in Organisme (biota) t.o.v. natgewicht in Vlees Dreissena bugensis %","meting","NVT","NVT",TRUE,FALSE,FALSE
1606,"Dreissena polymorpha","Dreissena polymorpha","OE","Organisme (biota)","%","procent","MASSFTE","Massafractie","ng","t.o.v. natgewicht","VS","Vlees","DS","Droge stof","Massafractie Droge stof in Organisme (biota) t.o.v. natgewicht in Vlees Dreissena polymorpha %","meting","NVT","NVT",TRUE,FALSE,FALSE
1607,"Littorina littorea","Littorina littorea","OE","Organisme (biota)","%","procent","MASSFTE","Massafractie","ng","t.o.v. natgewicht","VS","Vlees","DS","Droge stof","Massafractie Droge stof in Organisme (biota) t.o.v. natgewicht in Vlees Littorina littorea %","meting","NVT","NVT",TRUE,FALSE,FALSE
1608,"Mytilus edulis","Mytilus edulis","OE","Organisme (biota)","%","procent","MASSFTE","Massafractie","ng","t.o.v. natgewicht","VS","Vlees","DS","Droge stof","Massafractie Droge stof in Organisme (biota) t.o.v. natgewicht in Vlees Mytilus edulis %","meting","NVT","NVT",TRUE,FALSE,FALSE
1609,"Nassarius reticulatus","Nassarius reticulatus","OE","Organisme (biota)","%","procent","MASSFTE","Massafractie","ng","t.o.v. natgewicht","VS","Vlees","DS","Droge stof","Massafractie Droge stof in Organisme (biota) t.o.v. natgewicht in Vlees Nassarius reticulatus %","meting","NVT","NVT",TRUE,FALSE,FALSE
1610,"Nucella lapillus","Nucella lapillus","OE","Organisme (biota)","%","procent","MASSFTE","Massafractie","ng","t.o.v. natgewicht","VS","Vlees","DS","Droge stof","Massafractie Droge stof in Organisme (biota) t.o.v. natgewicht in Vlees Nucella lapillus %","meting","NVT","NVT",TRUE,FALSE,FALSE
1611,"Anguilla anguilla","Anguilla anguilla","OE","Organisme (biota)","%","procent","MASSFTE","Massafractie","ng","t.o.v. natgewicht","VS","Vlees","GR","Gloeirest","Massafractie Gloeirest in Organisme (biota) t.o.v. natgewicht in Vlees Anguilla anguilla %","meting","NVT","NVT",TRUE,FALSE,FALSE
1612,"Dreissena bugensis","Dreissena bugensis","OE","Organisme (biota)","%","procent","MASSFTE","Massafractie","ng","t.o.v. natgewicht","VS","Vlees","GR","Gloeirest","Massafractie Gloeirest in Organisme (biota) t.o.v. natgewicht in Vlees Dreissena bugensis %","meting","NVT","NVT",TRUE,FALSE,FALSE
1613,"Dreissena polymorpha","Dreissena polymorpha","OE","Organisme (biota)","%","procent","MASSFTE","Massafractie","ng","t.o.v. natgewicht","VS","Vlees","GR","Gloeirest","Massafractie Gloeirest in Organisme (biota) t.o.v. natgewicht in Vlees Dreissena polymorpha %","meting","NVT","NVT",TRUE,FALSE,FALSE
1614,"Mytilus edulis","Mytilus edulis","OE","Organisme (biota)","%","procent","MASSFTE","Massafractie","ng","t.o.v. natgewicht","VS","Vlees","GR","Gloeirest","Massafractie Gloeirest in Organisme (biota) t.o.v. natgewicht in Vlees Mytilus edulis %","meting","NVT","NVT",TRUE,FALSE,FALSE
1615,"Anguilla anguilla","Anguilla anguilla","OE","Organisme (biota)","%","procent","MASSFTE","Massafractie","ng","t.o.v. natgewicht","VS","Vlees","GV","Gloeiverlies","Massafractie Gloeiverlies in Organisme (biota) t.o.v. natgewicht in Vlees Anguilla anguilla %","meting","NVT","NVT",TRUE,FALSE,FALSE
1616,"Dreissena bugensis","Dreissena bugensis","OE","Organisme (biota)","%","procent","MASSFTE","Massafractie","ng","t.o.v. natgewicht","VS","Vlees","GV","Gloeiverlies","Massafractie Gloeiverlies in Organisme (biota) t.o.v. natgewicht in Vlees Dreissena bugensis %","meting","NVT","NVT",TRUE,FALSE,FALSE
1617,"Dreissena polymorpha","Dreissena polymorpha","OE","Organisme (biota)","%","procent","MASSFTE","Massafractie","ng","t.o.v. natgewicht","VS","Vlees","GV","Gloeiverlies","Massafractie Gloeiverlies in Organisme (biota) t.o.v. natgewicht in Vlees Dreissena polymorpha %","meting","NVT","NVT",TRUE,FALSE,FALSE
1618,"Mytilus edulis","Mytilus edulis","OE","Organisme (biota)","%","procent","MASSFTE","Massafractie","ng","t.o.v. natgewicht","VS","Vlees","GV","Gloeiverlies","Massafractie Gloeiverlies in Organisme (biota) t.o.v. natgewicht in Vlees Mytilus edulis %","meting","NVT","NVT",TRUE,FALSE,FALSE
1619,"NVT","NVT","ZS","Zwevende stof","%","procent","MASSFTE","Massafractie","Cdg","uitgedrukt in koolstof / drooggewicht","NVT","NVT","Corg","koolstof organisch","Massafractie koolstof organisch in Zwevende stof uitgedrukt in koolstof / drooggewicht in %","meting","NVT","NVT",TRUE,FALSE,FALSE
1620,"NVT","NVT","ZS","Zwevende stof","%","procent","MASSFTE","Massafractie","dg","t.o.v. drooggewicht","NVT","NVT","C","koolstof","Massafractie koolstof in Zwevende stof t.o.v. drooggewicht in %","meting","NVT","NVT",TRUE,FALSE,FALSE
1621,"NVT","NVT","ZS","Zwevende stof","%","procent","MASSFTE","Massafractie","dg","t.o.v. drooggewicht","NVT","NVT","CaCO3","calciumcarbonaat","Massafractie calciumcarbonaat in Zwevende stof t.o.v. drooggewicht in %","meting","NVT","NVT",TRUE,FALSE,FALSE
1622,"NVT","NVT","ZS","Zwevende stof","%","procent","MASSFTE","Massafractie","dg","t.o.v. drooggewicht","NVT","NVT","Canorg","koolstof anorganisch","Massafractie koolstof anorganisch in Zwevende stof t.o.v. drooggewicht in %","meting","NVT","NVT",TRUE,FALSE,FALSE
1623,"NVT","NVT","ZS","Zwevende stof","%","procent","MASSFTE","Massafractie","dg","t.o.v. drooggewicht","NVT","NVT","GV","Gloeiverlies","Massafractie Gloeiverlies in Zwevende stof t.o.v. drooggewicht in %","meting","NVT","NVT",TRUE,FALSE,FALSE
1624,"NVT","NVT","ZS","Zwevende stof","%","procent","MASSFTE","Massafractie","NVT","NVT","NVT","NVT","DS","Droge stof","Massafractie Droge stof in Zwevende stof in %","meting","NVT","NVT",TRUE,FALSE,FALSE
1625,"NVT","NVT","BS","Bodem/Sediment","g/kg","gram per kilogram","MASSFTE","Massafractie","dg","t.o.v. drooggewicht","NVT","NVT","Ca","calcium","Massafractie calcium in Bodem/Sediment t.o.v. drooggewicht in g/kg","meting","NVT","NVT",TRUE,FALSE,FALSE
1626,"NVT","NVT","BS","Bodem/Sediment","g/kg","gram per kilogram","MASSFTE","Massafractie","dg","t.o.v. drooggewicht","NVT","NVT","Fe","ijzer","Massafractie ijzer in Bodem/Sediment t.o.v. drooggewicht in g/kg","meting","NVT","NVT",TRUE,FALSE,FALSE
1627,"Dreissena polymorpha","Dreissena polymorpha","OE","Organisme (biota)","g/kg","gram per kilogram","MASSFTE","Massafractie","adg","asvrij drooggewicht","VS","Vlees","NVT","NVT","Massafractie in Organisme (biota) asvrij drooggewicht in Vlees Dreissena polymorpha g/kg","meting","NVT","NVT",TRUE,FALSE,FALSE
1628,"Platichthys flesus","Platichthys flesus","OE","Organisme (biota)","g/kg","gram per kilogram","MASSFTE","Massafractie","ng","t.o.v. natgewicht","NVT","NVT","VET","Vet","Massafractie Vet in Organisme (biota) t.o.v. natgewicht in Platichthys flesus g/kg","meting","NVT","NVT",TRUE,FALSE,FALSE
1629,"Rutilus rutilus","Rutilus rutilus","OE","Organisme (biota)","g/kg","gram per kilogram","MASSFTE","Massafractie","ng","t.o.v. natgewicht","NVT","NVT","VET","Vet","Massafractie Vet in Organisme (biota) t.o.v. natgewicht in Rutilus rutilus g/kg","meting","NVT","NVT",TRUE,FALSE,FALSE
1630,"Anguilla anguilla","Anguilla anguilla","OE","Organisme (biota)","g/kg","gram per kilogram","MASSFTE","Massafractie","ng","t.o.v. natgewicht","VS","Vlees","VET","Vet","Massafractie Vet in Organisme (biota) t.o.v. natgewicht in Vlees Anguilla anguilla g/kg","meting","NVT","NVT",TRUE,FALSE,FALSE
1631,"Dreissena bugensis","Dreissena bugensis","OE","Organisme (biota)","g/kg","gram per kilogram","MASSFTE","Massafractie","ng","t.o.v. natgewicht","VS","Vlees","VET","Vet","Massafractie Vet in Organisme (biota) t.o.v. natgewicht in Vlees Dreissena bugensis g/kg","meting","NVT","NVT",TRUE,FALSE,FALSE
1632,"Dreissena polymorpha","Dreissena polymorpha","OE","Organisme (biota)","g/kg","gram per kilogram","MASSFTE","Massafractie","ng","t.o.v. natgewicht","VS","Vlees","VET","Vet","Massafractie Vet in Organisme (biota) t.o.v. natgewicht in Vlees Dreissena polymorpha g/kg","meting","NVT","NVT",TRUE,FALSE,FALSE
1633,"Mytilus edulis","Mytilus edulis","OE","Organisme (biota)","g/kg","gram per kilogram","MASSFTE","Massafractie","ng","t.o.v. natgewicht","VS","Vlees","VET","Vet","Massafractie Vet in Organisme (biota) t.o.v. natgewicht in Vlees Mytilus edulis g/kg","meting","NVT","NVT",TRUE,FALSE,FALSE
1634,"Dreissena polymorpha","Dreissena polymorpha","OE","Organisme (biota)","g/kg","gram per kilogram","MASSFTE","Massafractie","NVT","NVT","VS","Vlees","DS","Droge stof","Massafractie Droge stof in Organisme (biota) in Vlees Dreissena polymorpha g/kg","meting","NVT","NVT",TRUE,FALSE,FALSE
1635,"NVT","NVT","ZS","Zwevende stof","g/kg","gram per kilogram","MASSFTE","Massafractie","dg","t.o.v. drooggewicht","NVT","NVT","Ca","calcium","Massafractie calcium in Zwevende stof t.o.v. drooggewicht in g/kg","meting","NVT","NVT",TRUE,FALSE,FALSE
1636,"NVT","NVT","ZS","Zwevende stof","g/kg","gram per kilogram","MASSFTE","Massafractie","dg","t.o.v. drooggewicht","NVT","NVT","Fe","ijzer","Massafractie ijzer in Zwevende stof t.o.v. drooggewicht in g/kg","meting","NVT","NVT",TRUE,FALSE,FALSE
1637,"NVT","NVT","ZS","Zwevende stof","g/kg","gram per kilogram","MASSFTE","Massafractie","dg","t.o.v. drooggewicht","NVT","NVT","K","kalium","Massafractie kalium in Zwevende stof t.o.v. drooggewicht in g/kg","meting","NVT","NVT",TRUE,FALSE,FALSE
1638,"NVT","NVT","ZS","Zwevende stof","g/kg","gram per kilogram","MASSFTE","Massafractie","dg","t.o.v. drooggewicht","NVT","NVT","Mg","magnesium","Massafractie magnesium in Zwevende stof t.o.v. drooggewicht in g/kg","meting","NVT","NVT",TRUE,FALSE,FALSE
1639,"NVT","NVT","ZS","Zwevende stof","g/kg","gram per kilogram","MASSFTE","Massafractie","dg","t.o.v. drooggewicht","NVT","NVT","Na","natrium","Massafractie natrium in Zwevende stof t.o.v. drooggewicht in g/kg","meting","NVT","NVT",TRUE,FALSE,FALSE
1640,"NVT","NVT","ZS","Zwevende stof","g/kg","gram per kilogram","MASSFTE","Massafractie","dg","t.o.v. drooggewicht","NVT","NVT","Ti","titaan","Massafractie titaan in Zwevende stof t.o.v. drooggewicht in g/kg","meting","NVT","NVT",TRUE,FALSE,FALSE
1641,"NVT","NVT","OW","Oppervlaktewater","mBq/l","millibecquerel per liter","MASSFTE","Massafractie","NVT","NVT","NVT","NVT","Bi214","bismuth 214","Gemiddelde Massafractie bismuth 214 in Oppervlaktewater in mBq/l","meting","NVT","GEM",FALSE,FALSE,FALSE
1642,"NVT","NVT","BS","Bodem/Sediment","mg/g","milligram per gram","MASSFTE","Massafractie","dg","t.o.v. drooggewicht","NVT","NVT","Ptot","fosfor totaal","Massafractie fosfor totaal in Bodem/Sediment t.o.v. drooggewicht in mg/g","meting","NVT","NVT",TRUE,FALSE,FALSE
1643,"NVT","NVT","ZS","Zwevende stof","mg/g","milligram per gram","MASSFTE","Massafractie","dg","t.o.v. drooggewicht","NVT","NVT","Ptot","fosfor totaal","Massafractie fosfor totaal in Zwevende stof t.o.v. drooggewicht in mg/g","meting","NVT","NVT",TRUE,FALSE,FALSE
1644,"NVT","NVT","BS","Bodem/Sediment","mg/kg","milligram per kilogram","MASSFTE","Massafractie","dg","t.o.v. drooggewicht","NVT","NVT","2345T4ClFol","2,3,4,5-tetrachloorfenol","Massafractie 2,3,4,5-tetrachloorfenol in Bodem/Sediment t.o.v. drooggewicht in mg/kg","meting","NVT","NVT",TRUE,FALSE,FALSE
1645,"NVT","NVT","BS","Bodem/Sediment","mg/kg","milligram per kilogram","MASSFTE","Massafractie","dg","t.o.v. drooggewicht","NVT","NVT","234TClFol","2,3,4-trichloorfenol","Massafractie 2,3,4-trichloorfenol in Bodem/Sediment t.o.v. drooggewicht in mg/kg","meting","NVT","NVT",TRUE,FALSE,FALSE
1646,"NVT","NVT","BS","Bodem/Sediment","mg/kg","milligram per kilogram","MASSFTE","Massafractie","dg","t.o.v. drooggewicht","NVT","NVT","235TClFol","2,3,5-trichloorfenol","Massafractie 2,3,5-trichloorfenol in Bodem/Sediment t.o.v. drooggewicht in mg/kg","meting","NVT","NVT",TRUE,FALSE,FALSE
1647,"NVT","NVT","BS","Bodem/Sediment","mg/kg","milligram per kilogram","MASSFTE","Massafractie","dg","t.o.v. drooggewicht","NVT","NVT","236TClFol","2,3,6-trichloorfenol","Massafractie 2,3,6-trichloorfenol in Bodem/Sediment t.o.v. drooggewicht in mg/kg","meting","NVT","NVT",TRUE,FALSE,FALSE
1648,"NVT","NVT","BS","Bodem/Sediment","mg/kg","milligram per kilogram","MASSFTE","Massafractie","dg","t.o.v. drooggewicht","NVT","NVT","23DClFol","2,3-dichloorfenol","Massafractie 2,3-dichloorfenol in Bodem/Sediment t.o.v. drooggewicht in mg/kg","meting","NVT","NVT",TRUE,FALSE,FALSE
1649,"NVT","NVT","BS","Bodem/Sediment","mg/kg","milligram per kilogram","MASSFTE","Massafractie","dg","t.o.v. drooggewicht","NVT","NVT","245TClFol","2,4,5-trichloorfenol","Massafractie 2,4,5-trichloorfenol in Bodem/Sediment t.o.v. drooggewicht in mg/kg","meting","NVT","NVT",TRUE,FALSE,FALSE
1650,"NVT","NVT","BS","Bodem/Sediment","mg/kg","milligram per kilogram","MASSFTE","Massafractie","dg","t.o.v. drooggewicht","NVT","NVT","246TClFol","2,4,6-trichloorfenol","Massafractie 2,4,6-trichloorfenol in Bodem/Sediment t.o.v. drooggewicht in mg/kg","meting","NVT","NVT",TRUE,FALSE,FALSE
1651,"NVT","NVT","BS","Bodem/Sediment","mg/kg","milligram per kilogram","MASSFTE","Massafractie","dg","t.o.v. drooggewicht","NVT","NVT","26DClFol","2,6-dichloorfenol","Massafractie 2,6-dichloorfenol in Bodem/Sediment t.o.v. drooggewicht in mg/kg","meting","NVT","NVT",TRUE,FALSE,FALSE
1652,"NVT","NVT","BS","Bodem/Sediment","mg/kg","milligram per kilogram","MASSFTE","Massafractie","dg","t.o.v. drooggewicht","NVT","NVT","2ClFol","2-chloorfenol","Massafractie 2-chloorfenol in Bodem/Sediment t.o.v. drooggewicht in mg/kg","meting","NVT","NVT",TRUE,FALSE,FALSE
1653,"NVT","NVT","BS","Bodem/Sediment","mg/kg","milligram per kilogram","MASSFTE","Massafractie","dg","t.o.v. drooggewicht","NVT","NVT","345TClFol","3,4,5-trichloorfenol","Massafractie 3,4,5-trichloorfenol in Bodem/Sediment t.o.v. drooggewicht in mg/kg","meting","NVT","NVT",TRUE,FALSE,FALSE
1654,"NVT","NVT","BS","Bodem/Sediment","mg/kg","milligram per kilogram","MASSFTE","Massafractie","dg","t.o.v. drooggewicht","NVT","NVT","34DClFol","3,4-dichloorfenol","Massafractie 3,4-dichloorfenol in Bodem/Sediment t.o.v. drooggewicht in mg/kg","meting","NVT","NVT",TRUE,FALSE,FALSE
1655,"NVT","NVT","BS","Bodem/Sediment","mg/kg","milligram per kilogram","MASSFTE","Massafractie","dg","t.o.v. drooggewicht","NVT","NVT","35DClFol","3,5-dichloorfenol","Massafractie 3,5-dichloorfenol in Bodem/Sediment t.o.v. drooggewicht in mg/kg","meting","NVT","NVT",TRUE,FALSE,FALSE
1656,"NVT","NVT","BS","Bodem/Sediment","mg/kg","milligram per kilogram","MASSFTE","Massafractie","dg","t.o.v. drooggewicht","NVT","NVT","3ClFol","3-chloorfenol","Massafractie 3-chloorfenol in Bodem/Sediment t.o.v. drooggewicht in mg/kg","meting","NVT","NVT",TRUE,FALSE,FALSE
1657,"NVT","NVT","BS","Bodem/Sediment","mg/kg","milligram per kilogram","MASSFTE","Massafractie","dg","t.o.v. drooggewicht","NVT","NVT","4ClFol","4-chloorfenol","Massafractie 4-chloorfenol in Bodem/Sediment t.o.v. drooggewicht in mg/kg","meting","NVT","NVT",TRUE,FALSE,FALSE
1658,"NVT","NVT","BS","Bodem/Sediment","mg/kg","milligram per kilogram","MASSFTE","Massafractie","dg","t.o.v. drooggewicht","NVT","NVT","AcNe","acenafteen","Massafractie acenafteen in Bodem/Sediment t.o.v. drooggewicht in mg/kg","meting","NVT","NVT",TRUE,FALSE,FALSE
1659,"NVT","NVT","BS","Bodem/Sediment","mg/kg","milligram per kilogram","MASSFTE","Massafractie","dg","t.o.v. drooggewicht","NVT","NVT","AcNy","acenaftyleen","Massafractie acenaftyleen in Bodem/Sediment t.o.v. drooggewicht in mg/kg","meting","NVT","NVT",TRUE,FALSE,FALSE
1660,"NVT","NVT","BS","Bodem/Sediment","mg/kg","milligram per kilogram","MASSFTE","Massafractie","dg","t.o.v. drooggewicht","NVT","NVT","Ag","zilver","Massafractie zilver in Bodem/Sediment t.o.v. drooggewicht in mg/kg","meting","NVT","NVT",TRUE,FALSE,FALSE
1661,"NVT","NVT","BS","Bodem/Sediment","mg/kg","milligram per kilogram","MASSFTE","Massafractie","dg","t.o.v. drooggewicht","NVT","NVT","Al","aluminium","Massafractie aluminium in Bodem/Sediment t.o.v. drooggewicht in mg/kg","meting","NVT","NVT",TRUE,FALSE,FALSE
1662,"NVT","NVT","BS","Bodem/Sediment","mg/kg","milligram per kilogram","MASSFTE","Massafractie","dg","t.o.v. drooggewicht","NVT","NVT","Ant","antraceen","Massafractie antraceen in Bodem/Sediment t.o.v. drooggewicht in mg/kg","meting","NVT","NVT",TRUE,FALSE,FALSE
1663,"NVT","NVT","BS","Bodem/Sediment","mg/kg","milligram per kilogram","MASSFTE","Massafractie","dg","t.o.v. drooggewicht","NVT","NVT","As","arseen","Massafractie arseen in Bodem/Sediment t.o.v. drooggewicht in mg/kg","meting","NVT","NVT",TRUE,FALSE,FALSE
1664,"NVT","NVT","BS","Bodem/Sediment","mg/kg","milligram per kilogram","MASSFTE","Massafractie","dg","t.o.v. drooggewicht","NVT","NVT","Ba","barium","Massafractie barium in Bodem/Sediment t.o.v. drooggewicht in mg/kg","meting","NVT","NVT",TRUE,FALSE,FALSE
1665,"NVT","NVT","BS","Bodem/Sediment","mg/kg","milligram per kilogram","MASSFTE","Massafractie","dg","t.o.v. drooggewicht","NVT","NVT","BaA","benzo(a)antraceen","Massafractie benzo(a)antraceen in Bodem/Sediment t.o.v. drooggewicht in mg/kg","meting","NVT","NVT",TRUE,FALSE,FALSE
1666,"NVT","NVT","BS","Bodem/Sediment","mg/kg","milligram per kilogram","MASSFTE","Massafractie","dg","t.o.v. drooggewicht","NVT","NVT","BaP","benzo(a)pyreen","Massafractie benzo(a)pyreen in Bodem/Sediment t.o.v. drooggewicht in mg/kg","meting","NVT","NVT",TRUE,FALSE,FALSE
1667,"NVT","NVT","BS","Bodem/Sediment","mg/kg","milligram per kilogram","MASSFTE","Massafractie","dg","t.o.v. drooggewicht","NVT","NVT","BbF","benzo(b)fluorantheen","Massafractie benzo(b)fluorantheen in Bodem/Sediment t.o.v. drooggewicht in mg/kg","meting","NVT","NVT",TRUE,FALSE,FALSE
1668,"NVT","NVT","BS","Bodem/Sediment","mg/kg","milligram per kilogram","MASSFTE","Massafractie","dg","t.o.v. drooggewicht","NVT","NVT","Be","beryllium","Massafractie beryllium in Bodem/Sediment t.o.v. drooggewicht in mg/kg","meting","NVT","NVT",TRUE,FALSE,FALSE
1669,"NVT","NVT","BS","Bodem/Sediment","mg/kg","milligram per kilogram","MASSFTE","Massafractie","dg","t.o.v. drooggewicht","NVT","NVT","BeP","benzo(e)pyreen","Massafractie benzo(e)pyreen in Bodem/Sediment t.o.v. drooggewicht in mg/kg","meting","NVT","NVT",TRUE,FALSE,FALSE
1670,"NVT","NVT","BS","Bodem/Sediment","mg/kg","milligram per kilogram","MASSFTE","Massafractie","dg","t.o.v. drooggewicht","NVT","NVT","BghiPe","benzo(ghi)peryleen","Massafractie benzo(ghi)peryleen in Bodem/Sediment t.o.v. drooggewicht in mg/kg","meting","NVT","NVT",TRUE,FALSE,FALSE
1671,"NVT","NVT","BS","Bodem/Sediment","mg/kg","milligram per kilogram","MASSFTE","Massafractie","dg","t.o.v. drooggewicht","NVT","NVT","Bi","bismut","Massafractie bismut in Bodem/Sediment t.o.v. drooggewicht in mg/kg","meting","NVT","NVT",TRUE,FALSE,FALSE
1672,"NVT","NVT","BS","Bodem/Sediment","mg/kg","milligram per kilogram","MASSFTE","Massafractie","dg","t.o.v. drooggewicht","NVT","NVT","BkF","benzo(k)fluorantheen","Massafractie benzo(k)fluorantheen in Bodem/Sediment t.o.v. drooggewicht in mg/kg","meting","NVT","NVT",TRUE,FALSE,FALSE
1673,"NVT","NVT","BS","Bodem/Sediment","mg/kg","milligram per kilogram","MASSFTE","Massafractie","dg","t.o.v. drooggewicht","NVT","NVT","Cd","cadmium","Massafractie cadmium in Bodem/Sediment t.o.v. drooggewicht in mg/kg","meting","NVT","NVT",TRUE,FALSE,FALSE
1674,"NVT","NVT","BS","Bodem/Sediment","mg/kg","milligram per kilogram","MASSFTE","Massafractie","dg","t.o.v. drooggewicht","NVT","NVT","Ce","cerium","Massafractie cerium in Bodem/Sediment t.o.v. drooggewicht in mg/kg","meting","NVT","NVT",TRUE,FALSE,FALSE
1675,"NVT","NVT","BS","Bodem/Sediment","mg/kg","milligram per kilogram","MASSFTE","Massafractie","dg","t.o.v. drooggewicht","NVT","NVT","Chr","chryseen","Massafractie chryseen in Bodem/Sediment t.o.v. drooggewicht in mg/kg","meting","NVT","NVT",TRUE,FALSE,FALSE
1676,"NVT","NVT","BS","Bodem/Sediment","mg/kg","milligram per kilogram","MASSFTE","Massafractie","dg","t.o.v. drooggewicht","NVT","NVT","Co","kobalt","Massafractie kobalt in Bodem/Sediment t.o.v. drooggewicht in mg/kg","meting","NVT","NVT",TRUE,FALSE,FALSE
1677,"NVT","NVT","BS","Bodem/Sediment","mg/kg","milligram per kilogram","MASSFTE","Massafractie","dg","t.o.v. drooggewicht","NVT","NVT","Cr","chroom","Massafractie chroom in Bodem/Sediment t.o.v. drooggewicht in mg/kg","meting","NVT","NVT",TRUE,FALSE,FALSE
1678,"NVT","NVT","BS","Bodem/Sediment","mg/kg","milligram per kilogram","MASSFTE","Massafractie","dg","t.o.v. drooggewicht","NVT","NVT","Cs","cesium","Massafractie cesium in Bodem/Sediment t.o.v. drooggewicht in mg/kg","meting","NVT","NVT",TRUE,FALSE,FALSE
1679,"NVT","NVT","BS","Bodem/Sediment","mg/kg","milligram per kilogram","MASSFTE","Massafractie","dg","t.o.v. drooggewicht","NVT","NVT","Cu","koper","Massafractie koper in Bodem/Sediment t.o.v. drooggewicht in mg/kg","meting","NVT","NVT",TRUE,FALSE,FALSE
1680,"NVT","NVT","BS","Bodem/Sediment","mg/kg","milligram per kilogram","MASSFTE","Massafractie","dg","t.o.v. drooggewicht","NVT","NVT","DBahAnt","dibenzo(a,h)antraceen","Massafractie dibenzo(a,h)antraceen in Bodem/Sediment t.o.v. drooggewicht in mg/kg","meting","NVT","NVT",TRUE,FALSE,FALSE
1681,"NVT","NVT","BS","Bodem/Sediment","mg/kg","milligram per kilogram","MASSFTE","Massafractie","dg","t.o.v. drooggewicht","NVT","NVT","Dy","dysprosium","Massafractie dysprosium in Bodem/Sediment t.o.v. drooggewicht in mg/kg","meting","NVT","NVT",TRUE,FALSE,FALSE
1682,"NVT","NVT","BS","Bodem/Sediment","mg/kg","milligram per kilogram","MASSFTE","Massafractie","dg","t.o.v. drooggewicht","NVT","NVT","Er","erbium","Massafractie erbium in Bodem/Sediment t.o.v. drooggewicht in mg/kg","meting","NVT","NVT",TRUE,FALSE,FALSE
1683,"NVT","NVT","BS","Bodem/Sediment","mg/kg","milligram per kilogram","MASSFTE","Massafractie","dg","t.o.v. drooggewicht","NVT","NVT","Eu","europium","Massafractie europium in Bodem/Sediment t.o.v. drooggewicht in mg/kg","meting","NVT","NVT",TRUE,FALSE,FALSE
1684,"NVT","NVT","BS","Bodem/Sediment","mg/kg","milligram per kilogram","MASSFTE","Massafractie","dg","t.o.v. drooggewicht","NVT","NVT","Fen","fenantreen","Massafractie fenantreen in Bodem/Sediment t.o.v. drooggewicht in mg/kg","meting","NVT","NVT",TRUE,FALSE,FALSE
1685,"NVT","NVT","BS","Bodem/Sediment","mg/kg","milligram per kilogram","MASSFTE","Massafractie","dg","t.o.v. drooggewicht","NVT","NVT","Fle","fluoreen","Massafractie fluoreen in Bodem/Sediment t.o.v. drooggewicht in mg/kg","meting","NVT","NVT",TRUE,FALSE,FALSE
1686,"NVT","NVT","BS","Bodem/Sediment","mg/kg","milligram per kilogram","MASSFTE","Massafractie","dg","t.o.v. drooggewicht","NVT","NVT","Flu","fluorantheen","Massafractie fluorantheen in Bodem/Sediment t.o.v. drooggewicht in mg/kg","meting","NVT","NVT",TRUE,FALSE,FALSE
1687,"NVT","NVT","BS","Bodem/Sediment","mg/kg","milligram per kilogram","MASSFTE","Massafractie","dg","t.o.v. drooggewicht","NVT","NVT","Ga","gallium","Massafractie gallium in Bodem/Sediment t.o.v. drooggewicht in mg/kg","meting","NVT","NVT",TRUE,FALSE,FALSE
1688,"NVT","NVT","BS","Bodem/Sediment","mg/kg","milligram per kilogram","MASSFTE","Massafractie","dg","t.o.v. drooggewicht","NVT","NVT","Gd","gadolinium","Massafractie gadolinium in Bodem/Sediment t.o.v. drooggewicht in mg/kg","meting","NVT","NVT",TRUE,FALSE,FALSE
1689,"NVT","NVT","BS","Bodem/Sediment","mg/kg","milligram per kilogram","MASSFTE","Massafractie","dg","t.o.v. drooggewicht","NVT","NVT","Ge","germanium","Massafractie germanium in Bodem/Sediment t.o.v. drooggewicht in mg/kg","meting","NVT","NVT",TRUE,FALSE,FALSE
1690,"NVT","NVT","BS","Bodem/Sediment","mg/kg","milligram per kilogram","MASSFTE","Massafractie","dg","t.o.v. drooggewicht","NVT","NVT","Hg","kwik","Massafractie kwik in Bodem/Sediment t.o.v. drooggewicht in mg/kg","meting","NVT","NVT",TRUE,FALSE,FALSE
1691,"NVT","NVT","BS","Bodem/Sediment","mg/kg","milligram per kilogram","MASSFTE","Massafractie","dg","t.o.v. drooggewicht","NVT","NVT","Ho","holmium","Massafractie holmium in Bodem/Sediment t.o.v. drooggewicht in mg/kg","meting","NVT","NVT",TRUE,FALSE,FALSE
1692,"NVT","NVT","BS","Bodem/Sediment","mg/kg","milligram per kilogram","MASSFTE","Massafractie","dg","t.o.v. drooggewicht","NVT","NVT","InP","indeno(1,2,3-cd)pyreen","Massafractie indeno(1,2,3-cd)pyreen in Bodem/Sediment t.o.v. drooggewicht in mg/kg","meting","NVT","NVT",TRUE,FALSE,FALSE
1693,"NVT","NVT","BS","Bodem/Sediment","mg/kg","milligram per kilogram","MASSFTE","Massafractie","dg","t.o.v. drooggewicht","NVT","NVT","K","kalium","Massafractie kalium in Bodem/Sediment t.o.v. drooggewicht in mg/kg","meting","NVT","NVT",TRUE,FALSE,FALSE
1694,"NVT","NVT","BS","Bodem/Sediment","mg/kg","milligram per kilogram","MASSFTE","Massafractie","dg","t.o.v. drooggewicht","NVT","NVT","La","lanthaan","Massafractie lanthaan in Bodem/Sediment t.o.v. drooggewicht in mg/kg","meting","NVT","NVT",TRUE,FALSE,FALSE
1695,"NVT","NVT","BS","Bodem/Sediment","mg/kg","milligram per kilogram","MASSFTE","Massafractie","dg","t.o.v. drooggewicht","NVT","NVT","Li","lithium","Massafractie lithium in Bodem/Sediment t.o.v. drooggewicht in mg/kg","meting","NVT","NVT",TRUE,FALSE,FALSE
1696,"NVT","NVT","BS","Bodem/Sediment","mg/kg","milligram per kilogram","MASSFTE","Massafractie","dg","t.o.v. drooggewicht","NVT","NVT","Lu","lutetium","Massafractie lutetium in Bodem/Sediment t.o.v. drooggewicht in mg/kg","meting","NVT","NVT",TRUE,FALSE,FALSE
1697,"NVT","NVT","BS","Bodem/Sediment","mg/kg","milligram per kilogram","MASSFTE","Massafractie","dg","t.o.v. drooggewicht","NVT","NVT","Mg","magnesium","Massafractie magnesium in Bodem/Sediment t.o.v. drooggewicht in mg/kg","meting","NVT","NVT",TRUE,FALSE,FALSE
1698,"NVT","NVT","BS","Bodem/Sediment","mg/kg","milligram per kilogram","MASSFTE","Massafractie","dg","t.o.v. drooggewicht","NVT","NVT","minrlole","minerale olie","Massafractie minerale olie in Bodem/Sediment t.o.v. drooggewicht in mg/kg","meting","NVT","NVT",TRUE,FALSE,FALSE
1699,"NVT","NVT","BS","Bodem/Sediment","mg/kg","milligram per kilogram","MASSFTE","Massafractie","dg","t.o.v. drooggewicht","NVT","NVT","Mn","mangaan","Massafractie mangaan in Bodem/Sediment t.o.v. drooggewicht in mg/kg","meting","NVT","NVT",TRUE,FALSE,FALSE
1700,"NVT","NVT","BS","Bodem/Sediment","mg/kg","milligram per kilogram","MASSFTE","Massafractie","dg","t.o.v. drooggewicht","NVT","NVT","Mo","molybdeen","Massafractie molybdeen in Bodem/Sediment t.o.v. drooggewicht in mg/kg","meting","NVT","NVT",TRUE,FALSE,FALSE
1701,"NVT","NVT","BS","Bodem/Sediment","mg/kg","milligram per kilogram","MASSFTE","Massafractie","dg","t.o.v. drooggewicht","NVT","NVT","Na","natrium","Massafractie natrium in Bodem/Sediment t.o.v. drooggewicht in mg/kg","meting","NVT","NVT",TRUE,FALSE,FALSE
1702,"NVT","NVT","BS","Bodem/Sediment","mg/kg","milligram per kilogram","MASSFTE","Massafractie","dg","t.o.v. drooggewicht","NVT","NVT","Naf","naftaleen","Massafractie naftaleen in Bodem/Sediment t.o.v. drooggewicht in mg/kg","meting","NVT","NVT",TRUE,FALSE,FALSE
1703,"NVT","NVT","BS","Bodem/Sediment","mg/kg","milligram per kilogram","MASSFTE","Massafractie","dg","t.o.v. drooggewicht","NVT","NVT","Nb","niobium","Massafractie niobium in Bodem/Sediment t.o.v. drooggewicht in mg/kg","meting","NVT","NVT",TRUE,FALSE,FALSE
1704,"NVT","NVT","BS","Bodem/Sediment","mg/kg","milligram per kilogram","MASSFTE","Massafractie","dg","t.o.v. drooggewicht","NVT","NVT","Nd","neodymium","Massafractie neodymium in Bodem/Sediment t.o.v. drooggewicht in mg/kg","meting","NVT","NVT",TRUE,FALSE,FALSE
1705,"NVT","NVT","BS","Bodem/Sediment","mg/kg","milligram per kilogram","MASSFTE","Massafractie","dg","t.o.v. drooggewicht","NVT","NVT","Ni","nikkel","Massafractie nikkel in Bodem/Sediment t.o.v. drooggewicht in mg/kg","meting","NVT","NVT",TRUE,FALSE,FALSE
1706,"NVT","NVT","BS","Bodem/Sediment","mg/kg","milligram per kilogram","MASSFTE","Massafractie","dg","t.o.v. drooggewicht","NVT","NVT","Pb","lood","Massafractie lood in Bodem/Sediment t.o.v. drooggewicht in mg/kg","meting","NVT","NVT",TRUE,FALSE,FALSE
1707,"NVT","NVT","BS","Bodem/Sediment","mg/kg","milligram per kilogram","MASSFTE","Massafractie","dg","t.o.v. drooggewicht","NVT","NVT","Pr","praseodymium","Massafractie praseodymium in Bodem/Sediment t.o.v. drooggewicht in mg/kg","meting","NVT","NVT",TRUE,FALSE,FALSE
1708,"NVT","NVT","BS","Bodem/Sediment","mg/kg","milligram per kilogram","MASSFTE","Massafractie","dg","t.o.v. drooggewicht","NVT","NVT","Pyr","pyreen","Massafractie pyreen in Bodem/Sediment t.o.v. drooggewicht in mg/kg","meting","NVT","NVT",TRUE,FALSE,FALSE
1709,"NVT","NVT","BS","Bodem/Sediment","mg/kg","milligram per kilogram","MASSFTE","Massafractie","dg","t.o.v. drooggewicht","NVT","NVT","Rb","rubidium","Massafractie rubidium in Bodem/Sediment t.o.v. drooggewicht in mg/kg","meting","NVT","NVT",TRUE,FALSE,FALSE
1710,"NVT","NVT","BS","Bodem/Sediment","mg/kg","milligram per kilogram","MASSFTE","Massafractie","dg","t.o.v. drooggewicht","NVT","NVT","s23x6T4ClFol","som 2,3,4,6- en 2,3,5,6-tetrachloorfenol","Massafractie som 2,3,4,6- en 2,3,5,6-tetrachloorfenol in Bodem/Sediment t.o.v. drooggewicht in mg/kg","meting","NVT","NVT",TRUE,FALSE,FALSE
1711,"NVT","NVT","BS","Bodem/Sediment","mg/kg","milligram per kilogram","MASSFTE","Massafractie","dg","t.o.v. drooggewicht","NVT","NVT","s2425DClFol","som 2,4- en 2,5-dichloorfenol","Massafractie som 2,4- en 2,5-dichloorfenol in Bodem/Sediment t.o.v. drooggewicht in mg/kg","meting","NVT","NVT",TRUE,FALSE,FALSE
1712,"NVT","NVT","BS","Bodem/Sediment","mg/kg","milligram per kilogram","MASSFTE","Massafractie","dg","t.o.v. drooggewicht","NVT","NVT","Sb","antimoon","Massafractie antimoon in Bodem/Sediment t.o.v. drooggewicht in mg/kg","meting","NVT","NVT",TRUE,FALSE,FALSE
1713,"NVT","NVT","BS","Bodem/Sediment","mg/kg","milligram per kilogram","MASSFTE","Massafractie","dg","t.o.v. drooggewicht","NVT","NVT","Sc","scandium","Massafractie scandium in Bodem/Sediment t.o.v. drooggewicht in mg/kg","meting","NVT","NVT",TRUE,FALSE,FALSE
1714,"NVT","NVT","BS","Bodem/Sediment","mg/kg","milligram per kilogram","MASSFTE","Massafractie","dg","t.o.v. drooggewicht","NVT","NVT","Se","seleen","Massafractie seleen in Bodem/Sediment t.o.v. drooggewicht in mg/kg","meting","NVT","NVT",TRUE,FALSE,FALSE
1715,"NVT","NVT","BS","Bodem/Sediment","mg/kg","milligram per kilogram","MASSFTE","Massafractie","dg","t.o.v. drooggewicht","NVT","NVT","Sm","samarium","Massafractie samarium in Bodem/Sediment t.o.v. drooggewicht in mg/kg","meting","NVT","NVT",TRUE,FALSE,FALSE
1716,"NVT","NVT","BS","Bodem/Sediment","mg/kg","milligram per kilogram","MASSFTE","Massafractie","dg","t.o.v. drooggewicht","NVT","NVT","Sn","tin","Massafractie tin in Bodem/Sediment t.o.v. drooggewicht in mg/kg","meting","NVT","NVT",TRUE,FALSE,FALSE
1717,"NVT","NVT","BS","Bodem/Sediment","mg/kg","milligram per kilogram","MASSFTE","Massafractie","dg","t.o.v. drooggewicht","NVT","NVT","sPAK6","som 6 polycyclische aromatische koolwaterstoffen (Borneff)","Massafractie som 6 polycyclische aromatische koolwaterstoffen (Borneff) in Bodem/Sediment t.o.v. drooggewicht in mg/kg","meting","NVT","NVT",TRUE,FALSE,FALSE
1718,"NVT","NVT","BS","Bodem/Sediment","mg/kg","milligram per kilogram","MASSFTE","Massafractie","dg","t.o.v. drooggewicht","NVT","NVT","Sr","strontium","Massafractie strontium in Bodem/Sediment t.o.v. drooggewicht in mg/kg","meting","NVT","NVT",TRUE,FALSE,FALSE
1719,"NVT","NVT","BS","Bodem/Sediment","mg/kg","milligram per kilogram","MASSFTE","Massafractie","dg","t.o.v. drooggewicht","NVT","NVT","Stot","zwavel totaal","Massafractie zwavel totaal in Bodem/Sediment t.o.v. drooggewicht in mg/kg","meting","NVT","NVT",TRUE,FALSE,FALSE
1720,"NVT","NVT","BS","Bodem/Sediment","mg/kg","milligram per kilogram","MASSFTE","Massafractie","dg","t.o.v. drooggewicht","NVT","NVT","Tb","terbium","Massafractie terbium in Bodem/Sediment t.o.v. drooggewicht in mg/kg","meting","NVT","NVT",TRUE,FALSE,FALSE
1721,"NVT","NVT","BS","Bodem/Sediment","mg/kg","milligram per kilogram","MASSFTE","Massafractie","dg","t.o.v. drooggewicht","NVT","NVT","Te","tellurium","Massafractie tellurium in Bodem/Sediment t.o.v. drooggewicht in mg/kg","meting","NVT","NVT",TRUE,FALSE,FALSE
1722,"NVT","NVT","BS","Bodem/Sediment","mg/kg","milligram per kilogram","MASSFTE","Massafractie","dg","t.o.v. drooggewicht","NVT","NVT","Th","thorium","Massafractie thorium in Bodem/Sediment t.o.v. drooggewicht in mg/kg","meting","NVT","NVT",TRUE,FALSE,FALSE
1723,"NVT","NVT","BS","Bodem/Sediment","mg/kg","milligram per kilogram","MASSFTE","Massafractie","dg","t.o.v. drooggewicht","NVT","NVT","Ti","titaan","Massafractie titaan in Bodem/Sediment t.o.v. drooggewicht in mg/kg","meting","NVT","NVT",TRUE,FALSE,FALSE
1724,"NVT","NVT","BS","Bodem/Sediment","mg/kg","milligram per kilogram","MASSFTE","Massafractie","dg","t.o.v. drooggewicht","NVT","NVT","Tl","thallium","Massafractie thallium in Bodem/Sediment t.o.v. drooggewicht in mg/kg","meting","NVT","NVT",TRUE,FALSE,FALSE
1725,"NVT","NVT","BS","Bodem/Sediment","mg/kg","milligram per kilogram","MASSFTE","Massafractie","dg","t.o.v. drooggewicht","NVT","NVT","Tm","thulium","Massafractie thulium in Bodem/Sediment t.o.v. drooggewicht in mg/kg","meting","NVT","NVT",TRUE,FALSE,FALSE
1726,"NVT","NVT","BS","Bodem/Sediment","mg/kg","milligram per kilogram","MASSFTE","Massafractie","dg","t.o.v. drooggewicht","NVT","NVT","U","uranium","Massafractie uranium in Bodem/Sediment t.o.v. drooggewicht in mg/kg","meting","NVT","NVT",TRUE,FALSE,FALSE
1727,"NVT","NVT","BS","Bodem/Sediment","mg/kg","milligram per kilogram","MASSFTE","Massafractie","dg","t.o.v. drooggewicht","NVT","NVT","V","vanadium","Massafractie vanadium in Bodem/Sediment t.o.v. drooggewicht in mg/kg","meting","NVT","NVT",TRUE,FALSE,FALSE
1728,"NVT","NVT","BS","Bodem/Sediment","mg/kg","milligram per kilogram","MASSFTE","Massafractie","dg","t.o.v. drooggewicht","NVT","NVT","W","wolfraam","Massafractie wolfraam in Bodem/Sediment t.o.v. drooggewicht in mg/kg","meting","NVT","NVT",TRUE,FALSE,FALSE
1729,"NVT","NVT","BS","Bodem/Sediment","mg/kg","milligram per kilogram","MASSFTE","Massafractie","dg","t.o.v. drooggewicht","NVT","NVT","Y","yttrium","Massafractie yttrium in Bodem/Sediment t.o.v. drooggewicht in mg/kg","meting","NVT","NVT",TRUE,FALSE,FALSE
1730,"NVT","NVT","BS","Bodem/Sediment","mg/kg","milligram per kilogram","MASSFTE","Massafractie","dg","t.o.v. drooggewicht","NVT","NVT","Yb","ytterbium","Massafractie ytterbium in Bodem/Sediment t.o.v. drooggewicht in mg/kg","meting","NVT","NVT",TRUE,FALSE,FALSE
1731,"NVT","NVT","BS","Bodem/Sediment","mg/kg","milligram per kilogram","MASSFTE","Massafractie","dg","t.o.v. drooggewicht","NVT","NVT","Zn","zink","Massafractie zink in Bodem/Sediment t.o.v. drooggewicht in mg/kg","meting","NVT","NVT",TRUE,FALSE,FALSE
1732,"NVT","NVT","BS","Bodem/Sediment","mg/kg","milligram per kilogram","MASSFTE","Massafractie","dg","t.o.v. drooggewicht","NVT","NVT","Zr","zirkonium","Massafractie zirkonium in Bodem/Sediment t.o.v. drooggewicht in mg/kg","meting","NVT","NVT",TRUE,FALSE,FALSE
1733,"NVT","NVT","BS","Bodem/Sediment","mg/kg","milligram per kilogram","MASSFTE","Massafractie","Ndg","uitgedrukt in stikstof / drooggewicht","NVT","NVT","NKj","stikstof Kjeldahl","Massafractie stikstof Kjeldahl in Bodem/Sediment uitgedrukt in stikstof / drooggewicht in mg/kg","meting","NVT","NVT",TRUE,FALSE,FALSE
1734,"Dreissena bugensis","Dreissena bugensis","OE","Organisme (biota)","mg/kg","milligram per kilogram","MASSFTE","Massafractie","ng","t.o.v. natgewicht","VS","Vlees","Cd","cadmium","Massafractie cadmium in Organisme (biota) t.o.v. natgewicht in Vlees Dreissena bugensis mg/kg","meting","NVT","NVT",TRUE,FALSE,FALSE
1735,"Dreissena polymorpha","Dreissena polymorpha","OE","Organisme (biota)","mg/kg","milligram per kilogram","MASSFTE","Massafractie","ng","t.o.v. natgewicht","VS","Vlees","Cd","cadmium","Massafractie cadmium in Organisme (biota) t.o.v. natgewicht in Vlees Dreissena polymorpha mg/kg","meting","NVT","NVT",TRUE,FALSE,FALSE
1736,"Mytilus edulis","Mytilus edulis","OE","Organisme (biota)","mg/kg","milligram per kilogram","MASSFTE","Massafractie","ng","t.o.v. natgewicht","VS","Vlees","Cd","cadmium","Massafractie cadmium in Organisme (biota) t.o.v. natgewicht in Vlees Mytilus edulis mg/kg","meting","NVT","NVT",TRUE,FALSE,FALSE
1737,"Platichthys flesus","Platichthys flesus","OE","Organisme (biota)","mg/kg","milligram per kilogram","MASSFTE","Massafractie","ng","t.o.v. natgewicht","NVT","NVT","Hg","kwik","Massafractie kwik in Organisme (biota) t.o.v. natgewicht in Platichthys flesus mg/kg","meting","NVT","NVT",TRUE,FALSE,FALSE
1738,"Rutilus rutilus","Rutilus rutilus","OE","Organisme (biota)","mg/kg","milligram per kilogram","MASSFTE","Massafractie","ng","t.o.v. natgewicht","NVT","NVT","Hg","kwik","Massafractie kwik in Organisme (biota) t.o.v. natgewicht in Rutilus rutilus mg/kg","meting","NVT","NVT",TRUE,FALSE,FALSE
1739,"Haematopus ostralegus","Haematopus ostralegus","OE","Organisme (biota)","mg/kg","milligram per kilogram","MASSFTE","Massafractie","ng","t.o.v. natgewicht","SF","Struif","Hg","kwik","Massafractie kwik in Organisme (biota) t.o.v. natgewicht in Struif Haematopus ostralegus mg/kg","meting","NVT","NVT",TRUE,FALSE,FALSE
1740,"Sterna hirundo","Sterna hirundo","OE","Organisme (biota)","mg/kg","milligram per kilogram","MASSFTE","Massafractie","ng","t.o.v. natgewicht","SF","Struif","Hg","kwik","Massafractie kwik in Organisme (biota) t.o.v. natgewicht in Struif Sterna hirundo mg/kg","meting","NVT","NVT",TRUE,FALSE,FALSE
1741,"Anguilla anguilla","Anguilla anguilla","OE","Organisme (biota)","mg/kg","milligram per kilogram","MASSFTE","Massafractie","ng","t.o.v. natgewicht","VS","Vlees","Hg","kwik","Massafractie kwik in Organisme (biota) t.o.v. natgewicht in Vlees Anguilla anguilla mg/kg","meting","NVT","NVT",TRUE,FALSE,FALSE
1742,"Dreissena bugensis","Dreissena bugensis","OE","Organisme (biota)","mg/kg","milligram per kilogram","MASSFTE","Massafractie","ng","t.o.v. natgewicht","VS","Vlees","Hg","kwik","Massafractie kwik in Organisme (biota) t.o.v. natgewicht in Vlees Dreissena bugensis mg/kg","meting","NVT","NVT",TRUE,FALSE,FALSE
1743,"Dreissena polymorpha","Dreissena polymorpha","OE","Organisme (biota)","mg/kg","milligram per kilogram","MASSFTE","Massafractie","ng","t.o.v. natgewicht","VS","Vlees","Hg","kwik","Massafractie kwik in Organisme (biota) t.o.v. natgewicht in Vlees Dreissena polymorpha mg/kg","meting","NVT","NVT",TRUE,FALSE,FALSE
1744,"Mytilus edulis","Mytilus edulis","OE","Organisme (biota)","mg/kg","milligram per kilogram","MASSFTE","Massafractie","ng","t.o.v. natgewicht","VS","Vlees","Hg","kwik","Massafractie kwik in Organisme (biota) t.o.v. natgewicht in Vlees Mytilus edulis mg/kg","meting","NVT","NVT",TRUE,FALSE,FALSE
1745,"Dreissena bugensis","Dreissena bugensis","OE","Organisme (biota)","mg/kg","milligram per kilogram","MASSFTE","Massafractie","ng","t.o.v. natgewicht","VS","Vlees","Pb","lood","Massafractie lood in Organisme (biota) t.o.v. natgewicht in Vlees Dreissena bugensis mg/kg","meting","NVT","NVT",TRUE,FALSE,FALSE
1746,"Dreissena polymorpha","Dreissena polymorpha","OE","Organisme (biota)","mg/kg","milligram per kilogram","MASSFTE","Massafractie","ng","t.o.v. natgewicht","VS","Vlees","Pb","lood","Massafractie lood in Organisme (biota) t.o.v. natgewicht in Vlees Dreissena polymorpha mg/kg","meting","NVT","NVT",TRUE,FALSE,FALSE
1747,"Mytilus edulis","Mytilus edulis","OE","Organisme (biota)","mg/kg","milligram per kilogram","MASSFTE","Massafractie","ng","t.o.v. natgewicht","VS","Vlees","Pb","lood","Massafractie lood in Organisme (biota) t.o.v. natgewicht in Vlees Mytilus edulis mg/kg","meting","NVT","NVT",TRUE,FALSE,FALSE
1748,"NVT","NVT","OW","Oppervlaktewater","mg/kg","milligram per kilogram","MASSFTE","Massafractie","NVT","NVT","NVT","NVT","minrlole","minerale olie","Massafractie minerale olie in Oppervlaktewater in mg/kg","meting","NVT","NVT",TRUE,FALSE,FALSE
1749,"NVT","NVT","ZS","Zwevende stof","mg/kg","milligram per kilogram","MASSFTE","Massafractie","dg","t.o.v. drooggewicht","NVT","NVT","2345T4ClFol","2,3,4,5-tetrachloorfenol","Massafractie 2,3,4,5-tetrachloorfenol in Zwevende stof t.o.v. drooggewicht in mg/kg","meting","NVT","NVT",FALSE,FALSE,FALSE
1750,"NVT","NVT","ZS","Zwevende stof","mg/kg","milligram per kilogram","MASSFTE","Massafractie","dg","t.o.v. drooggewicht","NVT","NVT","234TClFol","2,3,4-trichloorfenol","Massafractie 2,3,4-trichloorfenol in Zwevende stof t.o.v. drooggewicht in mg/kg","meting","NVT","NVT",FALSE,FALSE,FALSE
1751,"NVT","NVT","ZS","Zwevende stof","mg/kg","milligram per kilogram","MASSFTE","Massafractie","dg","t.o.v. drooggewicht","NVT","NVT","235TClFol","2,3,5-trichloorfenol","Massafractie 2,3,5-trichloorfenol in Zwevende stof t.o.v. drooggewicht in mg/kg","meting","NVT","NVT",FALSE,FALSE,FALSE
1752,"NVT","NVT","ZS","Zwevende stof","mg/kg","milligram per kilogram","MASSFTE","Massafractie","dg","t.o.v. drooggewicht","NVT","NVT","236TClFol","2,3,6-trichloorfenol","Massafractie 2,3,6-trichloorfenol in Zwevende stof t.o.v. drooggewicht in mg/kg","meting","NVT","NVT",FALSE,FALSE,FALSE
1753,"NVT","NVT","ZS","Zwevende stof","mg/kg","milligram per kilogram","MASSFTE","Massafractie","dg","t.o.v. drooggewicht","NVT","NVT","23DClFol","2,3-dichloorfenol","Massafractie 2,3-dichloorfenol in Zwevende stof t.o.v. drooggewicht in mg/kg","meting","NVT","NVT",FALSE,FALSE,FALSE
1754,"NVT","NVT","ZS","Zwevende stof","mg/kg","milligram per kilogram","MASSFTE","Massafractie","dg","t.o.v. drooggewicht","NVT","NVT","245TClFol","2,4,5-trichloorfenol","Massafractie 2,4,5-trichloorfenol in Zwevende stof t.o.v. drooggewicht in mg/kg","meting","NVT","NVT",FALSE,FALSE,FALSE
1755,"NVT","NVT","ZS","Zwevende stof","mg/kg","milligram per kilogram","MASSFTE","Massafractie","dg","t.o.v. drooggewicht","NVT","NVT","246TClFol","2,4,6-trichloorfenol","Massafractie 2,4,6-trichloorfenol in Zwevende stof t.o.v. drooggewicht in mg/kg","meting","NVT","NVT",FALSE,FALSE,FALSE
1756,"NVT","NVT","ZS","Zwevende stof","mg/kg","milligram per kilogram","MASSFTE","Massafractie","dg","t.o.v. drooggewicht","NVT","NVT","24DClFol","2,4-dichloorfenol","Massafractie 2,4-dichloorfenol in Zwevende stof t.o.v. drooggewicht in mg/kg","meting","NVT","NVT",FALSE,FALSE,FALSE
1757,"NVT","NVT","ZS","Zwevende stof","mg/kg","milligram per kilogram","MASSFTE","Massafractie","dg","t.o.v. drooggewicht","NVT","NVT","25DClFol","2,5-dichloorfenol","Massafractie 2,5-dichloorfenol in Zwevende stof t.o.v. drooggewicht in mg/kg","meting","NVT","NVT",FALSE,FALSE,FALSE
1758,"NVT","NVT","ZS","Zwevende stof","mg/kg","milligram per kilogram","MASSFTE","Massafractie","dg","t.o.v. drooggewicht","NVT","NVT","26DClFol","2,6-dichloorfenol","Massafractie 2,6-dichloorfenol in Zwevende stof t.o.v. drooggewicht in mg/kg","meting","NVT","NVT",FALSE,FALSE,FALSE
1759,"NVT","NVT","ZS","Zwevende stof","mg/kg","milligram per kilogram","MASSFTE","Massafractie","dg","t.o.v. drooggewicht","NVT","NVT","2ClFol","2-chloorfenol","Massafractie 2-chloorfenol in Zwevende stof t.o.v. drooggewicht in mg/kg","meting","NVT","NVT",FALSE,FALSE,FALSE
1760,"NVT","NVT","ZS","Zwevende stof","mg/kg","milligram per kilogram","MASSFTE","Massafractie","dg","t.o.v. drooggewicht","NVT","NVT","345TClFol","3,4,5-trichloorfenol","Massafractie 3,4,5-trichloorfenol in Zwevende stof t.o.v. drooggewicht in mg/kg","meting","NVT","NVT",FALSE,FALSE,FALSE
1761,"NVT","NVT","ZS","Zwevende stof","mg/kg","milligram per kilogram","MASSFTE","Massafractie","dg","t.o.v. drooggewicht","NVT","NVT","34DClFol","3,4-dichloorfenol","Massafractie 3,4-dichloorfenol in Zwevende stof t.o.v. drooggewicht in mg/kg","meting","NVT","NVT",FALSE,FALSE,FALSE
1762,"NVT","NVT","ZS","Zwevende stof","mg/kg","milligram per kilogram","MASSFTE","Massafractie","dg","t.o.v. drooggewicht","NVT","NVT","35DClFol","3,5-dichloorfenol","Massafractie 3,5-dichloorfenol in Zwevende stof t.o.v. drooggewicht in mg/kg","meting","NVT","NVT",FALSE,FALSE,FALSE
1763,"NVT","NVT","ZS","Zwevende stof","mg/kg","milligram per kilogram","MASSFTE","Massafractie","dg","t.o.v. drooggewicht","NVT","NVT","3ClFol","3-chloorfenol","Massafractie 3-chloorfenol in Zwevende stof t.o.v. drooggewicht in mg/kg","meting","NVT","NVT",FALSE,FALSE,FALSE
1764,"NVT","NVT","ZS","Zwevende stof","mg/kg","milligram per kilogram","MASSFTE","Massafractie","dg","t.o.v. drooggewicht","NVT","NVT","4ClFol","4-chloorfenol","Massafractie 4-chloorfenol in Zwevende stof t.o.v. drooggewicht in mg/kg","meting","NVT","NVT",FALSE,FALSE,FALSE
1765,"NVT","NVT","ZS","Zwevende stof","mg/kg","milligram per kilogram","MASSFTE","Massafractie","dg","t.o.v. drooggewicht","NVT","NVT","AcNe","acenafteen","Massafractie acenafteen in Zwevende stof t.o.v. drooggewicht in mg/kg","meting","NVT","NVT",TRUE,FALSE,FALSE
1766,"NVT","NVT","ZS","Zwevende stof","mg/kg","milligram per kilogram","MASSFTE","Massafractie","dg","t.o.v. drooggewicht","NVT","NVT","AcNy","acenaftyleen","Massafractie acenaftyleen in Zwevende stof t.o.v. drooggewicht in mg/kg","meting","NVT","NVT",TRUE,FALSE,FALSE
1767,"NVT","NVT","ZS","Zwevende stof","mg/kg","milligram per kilogram","MASSFTE","Massafractie","dg","t.o.v. drooggewicht","NVT","NVT","Ag","zilver","Massafractie zilver in Zwevende stof t.o.v. drooggewicht in mg/kg","meting","NVT","NVT",TRUE,FALSE,FALSE
1768,"NVT","NVT","ZS","Zwevende stof","mg/kg","milligram per kilogram","MASSFTE","Massafractie","dg","t.o.v. drooggewicht","NVT","NVT","Al","aluminium","Massafractie aluminium in Zwevende stof t.o.v. drooggewicht in mg/kg","meting","NVT","NVT",TRUE,FALSE,FALSE
1769,"NVT","NVT","ZS","Zwevende stof","mg/kg","milligram per kilogram","MASSFTE","Massafractie","dg","t.o.v. drooggewicht","NVT","NVT","Ant","antraceen","Massafractie antraceen in Zwevende stof t.o.v. drooggewicht in mg/kg","meting","NVT","NVT",TRUE,FALSE,FALSE
1770,"NVT","NVT","ZS","Zwevende stof","mg/kg","milligram per kilogram","MASSFTE","Massafractie","dg","t.o.v. drooggewicht","NVT","NVT","As","arseen","Massafractie arseen in Zwevende stof t.o.v. drooggewicht in mg/kg","meting","NVT","NVT",TRUE,FALSE,FALSE
1771,"NVT","NVT","ZS","Zwevende stof","mg/kg","milligram per kilogram","MASSFTE","Massafractie","dg","t.o.v. drooggewicht","NVT","NVT","B","boor","Massafractie boor in Zwevende stof t.o.v. drooggewicht in mg/kg","meting","NVT","NVT",TRUE,FALSE,FALSE
1772,"NVT","NVT","ZS","Zwevende stof","mg/kg","milligram per kilogram","MASSFTE","Massafractie","dg","t.o.v. drooggewicht","NVT","NVT","Ba","barium","Massafractie barium in Zwevende stof t.o.v. drooggewicht in mg/kg","meting","NVT","NVT",TRUE,FALSE,FALSE
1773,"NVT","NVT","ZS","Zwevende stof","mg/kg","milligram per kilogram","MASSFTE","Massafractie","dg","t.o.v. drooggewicht","NVT","NVT","BaA","benzo(a)antraceen","Massafractie benzo(a)antraceen in Zwevende stof t.o.v. drooggewicht in mg/kg","meting","NVT","NVT",TRUE,FALSE,FALSE
1774,"NVT","NVT","ZS","Zwevende stof","mg/kg","milligram per kilogram","MASSFTE","Massafractie","dg","t.o.v. drooggewicht","NVT","NVT","BaP","benzo(a)pyreen","Massafractie benzo(a)pyreen in Zwevende stof t.o.v. drooggewicht in mg/kg","meting","NVT","NVT",TRUE,FALSE,FALSE
1775,"NVT","NVT","ZS","Zwevende stof","mg/kg","milligram per kilogram","MASSFTE","Massafractie","dg","t.o.v. drooggewicht","NVT","NVT","BbF","benzo(b)fluorantheen","Massafractie benzo(b)fluorantheen in Zwevende stof t.o.v. drooggewicht in mg/kg","meting","NVT","NVT",TRUE,FALSE,FALSE
1776,"NVT","NVT","ZS","Zwevende stof","mg/kg","milligram per kilogram","MASSFTE","Massafractie","dg","t.o.v. drooggewicht","NVT","NVT","Be","beryllium","Massafractie beryllium in Zwevende stof t.o.v. drooggewicht in mg/kg","meting","NVT","NVT",TRUE,FALSE,FALSE
1777,"NVT","NVT","ZS","Zwevende stof","mg/kg","milligram per kilogram","MASSFTE","Massafractie","dg","t.o.v. drooggewicht","NVT","NVT","BeP","benzo(e)pyreen","Massafractie benzo(e)pyreen in Zwevende stof t.o.v. drooggewicht in mg/kg","meting","NVT","NVT",TRUE,FALSE,FALSE
1778,"NVT","NVT","ZS","Zwevende stof","mg/kg","milligram per kilogram","MASSFTE","Massafractie","dg","t.o.v. drooggewicht","NVT","NVT","BghiPe","benzo(ghi)peryleen","Massafractie benzo(ghi)peryleen in Zwevende stof t.o.v. drooggewicht in mg/kg","meting","NVT","NVT",TRUE,FALSE,FALSE
1779,"NVT","NVT","ZS","Zwevende stof","mg/kg","milligram per kilogram","MASSFTE","Massafractie","dg","t.o.v. drooggewicht","NVT","NVT","Bi","bismut","Massafractie bismut in Zwevende stof t.o.v. drooggewicht in mg/kg","meting","NVT","NVT",TRUE,FALSE,FALSE
1780,"NVT","NVT","ZS","Zwevende stof","mg/kg","milligram per kilogram","MASSFTE","Massafractie","dg","t.o.v. drooggewicht","NVT","NVT","BkF","benzo(k)fluorantheen","Massafractie benzo(k)fluorantheen in Zwevende stof t.o.v. drooggewicht in mg/kg","meting","NVT","NVT",TRUE,FALSE,FALSE
1781,"NVT","NVT","ZS","Zwevende stof","mg/kg","milligram per kilogram","MASSFTE","Massafractie","dg","t.o.v. drooggewicht","NVT","NVT","Cd","cadmium","Massafractie cadmium in Zwevende stof t.o.v. drooggewicht in mg/kg","meting","NVT","NVT",TRUE,FALSE,FALSE
1782,"NVT","NVT","ZS","Zwevende stof","mg/kg","milligram per kilogram","MASSFTE","Massafractie","dg","t.o.v. drooggewicht","NVT","NVT","Ce","cerium","Massafractie cerium in Zwevende stof t.o.v. drooggewicht in mg/kg","meting","NVT","NVT",TRUE,FALSE,FALSE
1783,"NVT","NVT","ZS","Zwevende stof","mg/kg","milligram per kilogram","MASSFTE","Massafractie","dg","t.o.v. drooggewicht","NVT","NVT","Chr","chryseen","Massafractie chryseen in Zwevende stof t.o.v. drooggewicht in mg/kg","meting","NVT","NVT",TRUE,FALSE,FALSE
1784,"NVT","NVT","ZS","Zwevende stof","mg/kg","milligram per kilogram","MASSFTE","Massafractie","dg","t.o.v. drooggewicht","NVT","NVT","Co","kobalt","Massafractie kobalt in Zwevende stof t.o.v. drooggewicht in mg/kg","meting","NVT","NVT",TRUE,FALSE,FALSE
1785,"NVT","NVT","ZS","Zwevende stof","mg/kg","milligram per kilogram","MASSFTE","Massafractie","dg","t.o.v. drooggewicht","NVT","NVT","Cr","chroom","Massafractie chroom in Zwevende stof t.o.v. drooggewicht in mg/kg","meting","NVT","NVT",TRUE,FALSE,FALSE
1786,"NVT","NVT","ZS","Zwevende stof","mg/kg","milligram per kilogram","MASSFTE","Massafractie","dg","t.o.v. drooggewicht","NVT","NVT","Cs","cesium","Massafractie cesium in Zwevende stof t.o.v. drooggewicht in mg/kg","meting","NVT","NVT",TRUE,FALSE,FALSE
1787,"NVT","NVT","ZS","Zwevende stof","mg/kg","milligram per kilogram","MASSFTE","Massafractie","dg","t.o.v. drooggewicht","NVT","NVT","Cu","koper","Massafractie koper in Zwevende stof t.o.v. drooggewicht in mg/kg","meting","NVT","NVT",TRUE,FALSE,FALSE
1788,"NVT","NVT","ZS","Zwevende stof","mg/kg","milligram per kilogram","MASSFTE","Massafractie","dg","t.o.v. drooggewicht","NVT","NVT","DBahAnt","dibenzo(a,h)antraceen","Massafractie dibenzo(a,h)antraceen in Zwevende stof t.o.v. drooggewicht in mg/kg","meting","NVT","NVT",TRUE,FALSE,FALSE
1789,"NVT","NVT","ZS","Zwevende stof","mg/kg","milligram per kilogram","MASSFTE","Massafractie","dg","t.o.v. drooggewicht","NVT","NVT","Dy","dysprosium","Massafractie dysprosium in Zwevende stof t.o.v. drooggewicht in mg/kg","meting","NVT","NVT",TRUE,FALSE,FALSE
1790,"NVT","NVT","ZS","Zwevende stof","mg/kg","milligram per kilogram","MASSFTE","Massafractie","dg","t.o.v. drooggewicht","NVT","NVT","Er","erbium","Massafractie erbium in Zwevende stof t.o.v. drooggewicht in mg/kg","meting","NVT","NVT",TRUE,FALSE,FALSE
1791,"NVT","NVT","ZS","Zwevende stof","mg/kg","milligram per kilogram","MASSFTE","Massafractie","dg","t.o.v. drooggewicht","NVT","NVT","Eu","europium","Massafractie europium in Zwevende stof t.o.v. drooggewicht in mg/kg","meting","NVT","NVT",TRUE,FALSE,FALSE
1792,"NVT","NVT","ZS","Zwevende stof","mg/kg","milligram per kilogram","MASSFTE","Massafractie","dg","t.o.v. drooggewicht","NVT","NVT","Fen","fenantreen","Massafractie fenantreen in Zwevende stof t.o.v. drooggewicht in mg/kg","meting","NVT","NVT",TRUE,FALSE,FALSE
1793,"NVT","NVT","ZS","Zwevende stof","mg/kg","milligram per kilogram","MASSFTE","Massafractie","dg","t.o.v. drooggewicht","NVT","NVT","Fle","fluoreen","Massafractie fluoreen in Zwevende stof t.o.v. drooggewicht in mg/kg","meting","NVT","NVT",TRUE,FALSE,FALSE
1794,"NVT","NVT","ZS","Zwevende stof","mg/kg","milligram per kilogram","MASSFTE","Massafractie","dg","t.o.v. drooggewicht","NVT","NVT","Flu","fluorantheen","Massafractie fluorantheen in Zwevende stof t.o.v. drooggewicht in mg/kg","meting","NVT","NVT",TRUE,FALSE,FALSE
1795,"NVT","NVT","ZS","Zwevende stof","mg/kg","milligram per kilogram","MASSFTE","Massafractie","dg","t.o.v. drooggewicht","NVT","NVT","Ga","gallium","Massafractie gallium in Zwevende stof t.o.v. drooggewicht in mg/kg","meting","NVT","NVT",TRUE,FALSE,FALSE
1796,"NVT","NVT","ZS","Zwevende stof","mg/kg","milligram per kilogram","MASSFTE","Massafractie","dg","t.o.v. drooggewicht","NVT","NVT","Gd","gadolinium","Massafractie gadolinium in Zwevende stof t.o.v. drooggewicht in mg/kg","meting","NVT","NVT",TRUE,FALSE,FALSE
1797,"NVT","NVT","ZS","Zwevende stof","mg/kg","milligram per kilogram","MASSFTE","Massafractie","dg","t.o.v. drooggewicht","NVT","NVT","Ge","germanium","Massafractie germanium in Zwevende stof t.o.v. drooggewicht in mg/kg","meting","NVT","NVT",TRUE,FALSE,FALSE
1798,"NVT","NVT","ZS","Zwevende stof","mg/kg","milligram per kilogram","MASSFTE","Massafractie","dg","t.o.v. drooggewicht","NVT","NVT","Hf","hafnium","Massafractie hafnium in Zwevende stof t.o.v. drooggewicht in mg/kg","meting","NVT","NVT",TRUE,FALSE,FALSE
1799,"NVT","NVT","ZS","Zwevende stof","mg/kg","milligram per kilogram","MASSFTE","Massafractie","dg","t.o.v. drooggewicht","NVT","NVT","Hg","kwik","Massafractie kwik in Zwevende stof t.o.v. drooggewicht in mg/kg","meting","NVT","NVT",TRUE,FALSE,FALSE
1800,"NVT","NVT","ZS","Zwevende stof","mg/kg","milligram per kilogram","MASSFTE","Massafractie","dg","t.o.v. drooggewicht","NVT","NVT","Ho","holmium","Massafractie holmium in Zwevende stof t.o.v. drooggewicht in mg/kg","meting","NVT","NVT",TRUE,FALSE,FALSE
1801,"NVT","NVT","ZS","Zwevende stof","mg/kg","milligram per kilogram","MASSFTE","Massafractie","dg","t.o.v. drooggewicht","NVT","NVT","InP","indeno(1,2,3-cd)pyreen","Massafractie indeno(1,2,3-cd)pyreen in Zwevende stof t.o.v. drooggewicht in mg/kg","meting","NVT","NVT",TRUE,FALSE,FALSE
1802,"NVT","NVT","ZS","Zwevende stof","mg/kg","milligram per kilogram","MASSFTE","Massafractie","dg","t.o.v. drooggewicht","NVT","NVT","La","lanthaan","Massafractie lanthaan in Zwevende stof t.o.v. drooggewicht in mg/kg","meting","NVT","NVT",TRUE,FALSE,FALSE
1803,"NVT","NVT","ZS","Zwevende stof","mg/kg","milligram per kilogram","MASSFTE","Massafractie","dg","t.o.v. drooggewicht","NVT","NVT","Li","lithium","Massafractie lithium in Zwevende stof t.o.v. drooggewicht in mg/kg","meting","NVT","NVT",TRUE,FALSE,FALSE
1804,"NVT","NVT","ZS","Zwevende stof","mg/kg","milligram per kilogram","MASSFTE","Massafractie","dg","t.o.v. drooggewicht","NVT","NVT","Lu","lutetium","Massafractie lutetium in Zwevende stof t.o.v. drooggewicht in mg/kg","meting","NVT","NVT",TRUE,FALSE,FALSE
1805,"NVT","NVT","ZS","Zwevende stof","mg/kg","milligram per kilogram","MASSFTE","Massafractie","dg","t.o.v. drooggewicht","NVT","NVT","minrlole","minerale olie","Massafractie minerale olie in Zwevende stof t.o.v. drooggewicht in mg/kg","meting","NVT","NVT",TRUE,FALSE,FALSE
1806,"NVT","NVT","ZS","Zwevende stof","mg/kg","milligram per kilogram","MASSFTE","Massafractie","dg","t.o.v. drooggewicht","NVT","NVT","Mn","mangaan","Massafractie mangaan in Zwevende stof t.o.v. drooggewicht in mg/kg","meting","NVT","NVT",TRUE,FALSE,FALSE
1807,"NVT","NVT","ZS","Zwevende stof","mg/kg","milligram per kilogram","MASSFTE","Massafractie","dg","t.o.v. drooggewicht","NVT","NVT","Mo","molybdeen","Massafractie molybdeen in Zwevende stof t.o.v. drooggewicht in mg/kg","meting","NVT","NVT",TRUE,FALSE,FALSE
1808,"NVT","NVT","ZS","Zwevende stof","mg/kg","milligram per kilogram","MASSFTE","Massafractie","dg","t.o.v. drooggewicht","NVT","NVT","Naf","naftaleen","Massafractie naftaleen in Zwevende stof t.o.v. drooggewicht in mg/kg","meting","NVT","NVT",TRUE,FALSE,FALSE
1809,"NVT","NVT","ZS","Zwevende stof","mg/kg","milligram per kilogram","MASSFTE","Massafractie","dg","t.o.v. drooggewicht","NVT","NVT","Nb","niobium","Massafractie niobium in Zwevende stof t.o.v. drooggewicht in mg/kg","meting","NVT","NVT",TRUE,FALSE,FALSE
1810,"NVT","NVT","ZS","Zwevende stof","mg/kg","milligram per kilogram","MASSFTE","Massafractie","dg","t.o.v. drooggewicht","NVT","NVT","Nd","neodymium","Massafractie neodymium in Zwevende stof t.o.v. drooggewicht in mg/kg","meting","NVT","NVT",TRUE,FALSE,FALSE
1811,"NVT","NVT","ZS","Zwevende stof","mg/kg","milligram per kilogram","MASSFTE","Massafractie","dg","t.o.v. drooggewicht","NVT","NVT","Ni","nikkel","Massafractie nikkel in Zwevende stof t.o.v. drooggewicht in mg/kg","meting","NVT","NVT",TRUE,FALSE,FALSE
1812,"NVT","NVT","ZS","Zwevende stof","mg/kg","milligram per kilogram","MASSFTE","Massafractie","dg","t.o.v. drooggewicht","NVT","NVT","Ntot","stikstof totaal","Massafractie stikstof totaal in Zwevende stof t.o.v. drooggewicht in mg/kg","meting","NVT","NVT",TRUE,FALSE,FALSE
1813,"NVT","NVT","ZS","Zwevende stof","mg/kg","milligram per kilogram","MASSFTE","Massafractie","dg","t.o.v. drooggewicht","NVT","NVT","Pb","lood","Massafractie lood in Zwevende stof t.o.v. drooggewicht in mg/kg","meting","NVT","NVT",TRUE,FALSE,FALSE
1814,"NVT","NVT","ZS","Zwevende stof","mg/kg","milligram per kilogram","MASSFTE","Massafractie","dg","t.o.v. drooggewicht","NVT","NVT","Pr","praseodymium","Massafractie praseodymium in Zwevende stof t.o.v. drooggewicht in mg/kg","meting","NVT","NVT",TRUE,FALSE,FALSE
1815,"NVT","NVT","ZS","Zwevende stof","mg/kg","milligram per kilogram","MASSFTE","Massafractie","dg","t.o.v. drooggewicht","NVT","NVT","Pyr","pyreen","Massafractie pyreen in Zwevende stof t.o.v. drooggewicht in mg/kg","meting","NVT","NVT",TRUE,FALSE,FALSE
1816,"NVT","NVT","ZS","Zwevende stof","mg/kg","milligram per kilogram","MASSFTE","Massafractie","dg","t.o.v. drooggewicht","NVT","NVT","Rb","rubidium","Massafractie rubidium in Zwevende stof t.o.v. drooggewicht in mg/kg","meting","NVT","NVT",TRUE,FALSE,FALSE
1817,"NVT","NVT","ZS","Zwevende stof","mg/kg","milligram per kilogram","MASSFTE","Massafractie","dg","t.o.v. drooggewicht","NVT","NVT","s23x6T4ClFol","som 2,3,4,6- en 2,3,5,6-tetrachloorfenol","Massafractie som 2,3,4,6- en 2,3,5,6-tetrachloorfenol in Zwevende stof t.o.v. drooggewicht in mg/kg","meting","NVT","NVT",FALSE,FALSE,FALSE
1818,"NVT","NVT","ZS","Zwevende stof","mg/kg","milligram per kilogram","MASSFTE","Massafractie","dg","t.o.v. drooggewicht","NVT","NVT","s2425DClFol","som 2,4- en 2,5-dichloorfenol","Massafractie som 2,4- en 2,5-dichloorfenol in Zwevende stof t.o.v. drooggewicht in mg/kg","meting","NVT","NVT",FALSE,FALSE,FALSE
1819,"NVT","NVT","ZS","Zwevende stof","mg/kg","milligram per kilogram","MASSFTE","Massafractie","dg","t.o.v. drooggewicht","NVT","NVT","Sb","antimoon","Massafractie antimoon in Zwevende stof t.o.v. drooggewicht in mg/kg","meting","NVT","NVT",TRUE,FALSE,FALSE
1820,"NVT","NVT","ZS","Zwevende stof","mg/kg","milligram per kilogram","MASSFTE","Massafractie","dg","t.o.v. drooggewicht","NVT","NVT","Sc","scandium","Massafractie scandium in Zwevende stof t.o.v. drooggewicht in mg/kg","meting","NVT","NVT",TRUE,FALSE,FALSE
1821,"NVT","NVT","ZS","Zwevende stof","mg/kg","milligram per kilogram","MASSFTE","Massafractie","dg","t.o.v. drooggewicht","NVT","NVT","Se","seleen","Massafractie seleen in Zwevende stof t.o.v. drooggewicht in mg/kg","meting","NVT","NVT",TRUE,FALSE,FALSE
1822,"NVT","NVT","ZS","Zwevende stof","mg/kg","milligram per kilogram","MASSFTE","Massafractie","dg","t.o.v. drooggewicht","NVT","NVT","Sm","samarium","Massafractie samarium in Zwevende stof t.o.v. drooggewicht in mg/kg","meting","NVT","NVT",TRUE,FALSE,FALSE
1823,"NVT","NVT","ZS","Zwevende stof","mg/kg","milligram per kilogram","MASSFTE","Massafractie","dg","t.o.v. drooggewicht","NVT","NVT","Sn","tin","Massafractie tin in Zwevende stof t.o.v. drooggewicht in mg/kg","meting","NVT","NVT",TRUE,FALSE,FALSE
1824,"NVT","NVT","ZS","Zwevende stof","mg/kg","milligram per kilogram","MASSFTE","Massafractie","dg","t.o.v. drooggewicht","NVT","NVT","sPAK6","som 6 polycyclische aromatische koolwaterstoffen (Borneff)","Massafractie som 6 polycyclische aromatische koolwaterstoffen (Borneff) in Zwevende stof t.o.v. drooggewicht in mg/kg","meting","NVT","NVT",TRUE,FALSE,FALSE
1825,"NVT","NVT","ZS","Zwevende stof","mg/kg","milligram per kilogram","MASSFTE","Massafractie","dg","t.o.v. drooggewicht","NVT","NVT","Sr","strontium","Massafractie strontium in Zwevende stof t.o.v. drooggewicht in mg/kg","meting","NVT","NVT",TRUE,FALSE,FALSE
1826,"NVT","NVT","ZS","Zwevende stof","mg/kg","milligram per kilogram","MASSFTE","Massafractie","dg","t.o.v. drooggewicht","NVT","NVT","Stot","zwavel totaal","Massafractie zwavel totaal in Zwevende stof t.o.v. drooggewicht in mg/kg","meting","NVT","NVT",TRUE,FALSE,FALSE
1827,"NVT","NVT","ZS","Zwevende stof","mg/kg","milligram per kilogram","MASSFTE","Massafractie","dg","t.o.v. drooggewicht","NVT","NVT","Ta","tantalium","Massafractie tantalium in Zwevende stof t.o.v. drooggewicht in mg/kg","meting","NVT","NVT",TRUE,FALSE,FALSE
1828,"NVT","NVT","ZS","Zwevende stof","mg/kg","milligram per kilogram","MASSFTE","Massafractie","dg","t.o.v. drooggewicht","NVT","NVT","Tb","terbium","Massafractie terbium in Zwevende stof t.o.v. drooggewicht in mg/kg","meting","NVT","NVT",TRUE,FALSE,FALSE
1829,"NVT","NVT","ZS","Zwevende stof","mg/kg","milligram per kilogram","MASSFTE","Massafractie","dg","t.o.v. drooggewicht","NVT","NVT","Te","tellurium","Massafractie tellurium in Zwevende stof t.o.v. drooggewicht in mg/kg","meting","NVT","NVT",TRUE,FALSE,FALSE
1830,"NVT","NVT","ZS","Zwevende stof","mg/kg","milligram per kilogram","MASSFTE","Massafractie","dg","t.o.v. drooggewicht","NVT","NVT","Th","thorium","Massafractie thorium in Zwevende stof t.o.v. drooggewicht in mg/kg","meting","NVT","NVT",TRUE,FALSE,FALSE
1831,"NVT","NVT","ZS","Zwevende stof","mg/kg","milligram per kilogram","MASSFTE","Massafractie","dg","t.o.v. drooggewicht","NVT","NVT","Tl","thallium","Massafractie thallium in Zwevende stof t.o.v. drooggewicht in mg/kg","meting","NVT","NVT",TRUE,FALSE,FALSE
1832,"NVT","NVT","ZS","Zwevende stof","mg/kg","milligram per kilogram","MASSFTE","Massafractie","dg","t.o.v. drooggewicht","NVT","NVT","Tm","thulium","Massafractie thulium in Zwevende stof t.o.v. drooggewicht in mg/kg","meting","NVT","NVT",TRUE,FALSE,FALSE
1833,"NVT","NVT","ZS","Zwevende stof","mg/kg","milligram per kilogram","MASSFTE","Massafractie","dg","t.o.v. drooggewicht","NVT","NVT","U","uranium","Massafractie uranium in Zwevende stof t.o.v. drooggewicht in mg/kg","meting","NVT","NVT",TRUE,FALSE,FALSE
1834,"NVT","NVT","ZS","Zwevende stof","mg/kg","milligram per kilogram","MASSFTE","Massafractie","dg","t.o.v. drooggewicht","NVT","NVT","V","vanadium","Massafractie vanadium in Zwevende stof t.o.v. drooggewicht in mg/kg","meting","NVT","NVT",TRUE,FALSE,FALSE
1835,"NVT","NVT","ZS","Zwevende stof","mg/kg","milligram per kilogram","MASSFTE","Massafractie","dg","t.o.v. drooggewicht","NVT","NVT","W","wolfraam","Massafractie wolfraam in Zwevende stof t.o.v. drooggewicht in mg/kg","meting","NVT","NVT",TRUE,FALSE,FALSE
1836,"NVT","NVT","ZS","Zwevende stof","mg/kg","milligram per kilogram","MASSFTE","Massafractie","dg","t.o.v. drooggewicht","NVT","NVT","Y","yttrium","Massafractie yttrium in Zwevende stof t.o.v. drooggewicht in mg/kg","meting","NVT","NVT",TRUE,FALSE,FALSE
1837,"NVT","NVT","ZS","Zwevende stof","mg/kg","milligram per kilogram","MASSFTE","Massafractie","dg","t.o.v. drooggewicht","NVT","NVT","Yb","ytterbium","Massafractie ytterbium in Zwevende stof t.o.v. drooggewicht in mg/kg","meting","NVT","NVT",TRUE,FALSE,FALSE
1838,"NVT","NVT","ZS","Zwevende stof","mg/kg","milligram per kilogram","MASSFTE","Massafractie","dg","t.o.v. drooggewicht","NVT","NVT","Zn","zink","Massafractie zink in Zwevende stof t.o.v. drooggewicht in mg/kg","meting","NVT","NVT",TRUE,FALSE,FALSE
1839,"NVT","NVT","ZS","Zwevende stof","mg/kg","milligram per kilogram","MASSFTE","Massafractie","dg","t.o.v. drooggewicht","NVT","NVT","Zr","zirkonium","Massafractie zirkonium in Zwevende stof t.o.v. drooggewicht in mg/kg","meting","NVT","NVT",TRUE,FALSE,FALSE
1840,"NVT","NVT","ZS","Zwevende stof","mg/kg","milligram per kilogram","MASSFTE","Massafractie","Ndg","uitgedrukt in stikstof / drooggewicht","NVT","NVT","NKj","stikstof Kjeldahl","Massafractie stikstof Kjeldahl in Zwevende stof uitgedrukt in stikstof / drooggewicht in mg/kg","meting","NVT","NVT",TRUE,FALSE,FALSE
1841,"NVT","NVT","ZS","Zwevende stof","mg/kg","milligram per kilogram","MASSFTE","Massafractie","Ndg","uitgedrukt in stikstof / drooggewicht","NVT","NVT","sNO3NO2","som nitraat en nitriet","Massafractie som nitraat en nitriet in Zwevende stof uitgedrukt in stikstof / drooggewicht in mg/kg","meting","NVT","NVT",TRUE,FALSE,FALSE
1842,"NVT","NVT","ZS","Zwevende stof","mg/kg","milligram per kilogram","MASSFTE","Massafractie","NVT","NVT","NVT","NVT","As","arseen","Massafractie arseen in Zwevende stof in mg/kg","meting","NVT","NVT",FALSE,FALSE,FALSE
1843,"NVT","NVT","ZS","Zwevende stof","ng/g","nanogram per gram","MASSFTE","Massafractie","dg","t.o.v. drooggewicht","NVT","NVT","11ClPF3OUdS","11-chlooreicosafluor-3-oxaundecaan-1-sulfonzuur","Massafractie 11-chlooreicosafluor-3-oxaundecaan-1-sulfonzuur in Zwevende stof t.o.v. drooggewicht in ng/g","meting","NVT","NVT",TRUE,FALSE,FALSE
1844,"NVT","NVT","ZS","Zwevende stof","ng/g","nanogram per gram","MASSFTE","Massafractie","dg","t.o.v. drooggewicht","NVT","NVT","26ClF12C6oxT","2(6chloor-dodecafluorhexoxy)-tetrafluorethaansulfonaat,Kzout","Massafractie 2(6chloor-dodecafluorhexoxy)-tetrafluorethaansulfonaat,Kzout in Zwevende stof t.o.v. drooggewicht in ng/g","meting","NVT","NVT",TRUE,FALSE,FALSE
1845,"NVT","NVT","ZS","Zwevende stof","ng/g","nanogram per gram","MASSFTE","Massafractie","dg","t.o.v. drooggewicht","NVT","NVT","28ClF16C8oxT","2(8chloor-hexadecafluoroctoxy)-tetrafluorethaansulfonzuur,Kz","Massafractie 2(8chloor-hexadecafluoroctoxy)-tetrafluorethaansulfonzuur,Kz in Zwevende stof t.o.v. drooggewicht in ng/g","meting","NVT","NVT",FALSE,FALSE,FALSE
1846,"NVT","NVT","ZS","Zwevende stof","ng/g","nanogram per gram","MASSFTE","Massafractie","dg","t.o.v. drooggewicht","NVT","NVT","2PFC6yC2a1sf","6:2 fluortelomeersulfonzuur","Massafractie 6:2 fluortelomeersulfonzuur in Zwevende stof t.o.v. drooggewicht in ng/g","meting","NVT","NVT",TRUE,FALSE,FALSE
1847,"NVT","NVT","ZS","Zwevende stof","ng/g","nanogram per gram","MASSFTE","Massafractie","dg","t.o.v. drooggewicht","NVT","NVT","4-PFECHS","perfluor-4-ethylcyclohexaansulfonzuur","Massafractie perfluor-4-ethylcyclohexaansulfonzuur in Zwevende stof t.o.v. drooggewicht in ng/g","meting","NVT","NVT",TRUE,FALSE,FALSE
1848,"NVT","NVT","ZS","Zwevende stof","ng/g","nanogram per gram","MASSFTE","Massafractie","dg","t.o.v. drooggewicht","NVT","NVT","82FTUCA","8:2 fluortelomeer onverzadigd carbonzuur","Massafractie 8:2 fluortelomeer onverzadigd carbonzuur in Zwevende stof t.o.v. drooggewicht in ng/g","meting","NVT","NVT",TRUE,FALSE,FALSE
1849,"NVT","NVT","ZS","Zwevende stof","ng/g","nanogram per gram","MASSFTE","Massafractie","dg","t.o.v. drooggewicht","NVT","NVT","9-Cl-PF3ONS","9-chloorhexadecaanfluor-3-oxanon-1-sulfonzuur","Massafractie 9-chloorhexadecaanfluor-3-oxanon-1-sulfonzuur in Zwevende stof t.o.v. drooggewicht in ng/g","meting","NVT","NVT",TRUE,FALSE,FALSE
1850,"NVT","NVT","ZS","Zwevende stof","ng/g","nanogram per gram","MASSFTE","Massafractie","dg","t.o.v. drooggewicht","NVT","NVT","ADONA","ammonium 4,8-dioxa-3H-perfluornonanoaat","Massafractie ammonium 4,8-dioxa-3H-perfluornonanoaat in Zwevende stof t.o.v. drooggewicht in ng/g","meting","NVT","NVT",TRUE,FALSE,FALSE
1851,"NVT","NVT","ZS","Zwevende stof","ng/g","nanogram per gram","MASSFTE","Massafractie","dg","t.o.v. drooggewicht","NVT","NVT","bisPFC10yPO4","8:2 fluortelomeer fosfaat diester","Massafractie 8:2 fluortelomeer fosfaat diester in Zwevende stof t.o.v. drooggewicht in ng/g","meting","NVT","NVT",TRUE,FALSE,FALSE
1852,"NVT","NVT","ZS","Zwevende stof","ng/g","nanogram per gram","MASSFTE","Massafractie","dg","t.o.v. drooggewicht","NVT","NVT","cF16C10ezr","cis-hexadecafluor-2-deceenzuur","Massafractie cis-hexadecafluor-2-deceenzuur in Zwevende stof t.o.v. drooggewicht in ng/g","meting","NVT","NVT",TRUE,FALSE,FALSE
1853,"NVT","NVT","ZS","Zwevende stof","ng/g","nanogram per gram","MASSFTE","Massafractie","dg","t.o.v. drooggewicht","NVT","NVT","DONA","4,8-dioxa-3H-perfluornonaanzuur","Massafractie 4,8-dioxa-3H-perfluornonaanzuur in Zwevende stof t.o.v. drooggewicht in ng/g","meting","NVT","NVT",TRUE,FALSE,FALSE
1854,"NVT","NVT","ZS","Zwevende stof","ng/g","nanogram per gram","MASSFTE","Massafractie","dg","t.o.v. drooggewicht","NVT","NVT","EtFOSA","N-ethyl perfluoroctaansulfonamide","Massafractie N-ethyl perfluoroctaansulfonamide in Zwevende stof t.o.v. drooggewicht in ng/g","meting","NVT","NVT",TRUE,FALSE,FALSE
1855,"NVT","NVT","ZS","Zwevende stof","ng/g","nanogram per gram","MASSFTE","Massafractie","dg","t.o.v. drooggewicht","NVT","NVT","EtFOSAA","N-ethyl-perfluoroctaan sulfonamidoazijnzuur","Massafractie N-ethyl-perfluoroctaan sulfonamidoazijnzuur in Zwevende stof t.o.v. drooggewicht in ng/g","meting","NVT","NVT",TRUE,FALSE,FALSE
1856,"NVT","NVT","ZS","Zwevende stof","ng/g","nanogram per gram","MASSFTE","Massafractie","dg","t.o.v. drooggewicht","NVT","NVT","EtFOSE","N-ethyl-perfluoroctaan sulfonamidoethanol","Massafractie N-ethyl-perfluoroctaan sulfonamidoethanol in Zwevende stof t.o.v. drooggewicht in ng/g","meting","NVT","NVT",TRUE,FALSE,FALSE
1857,"NVT","NVT","ZS","Zwevende stof","ng/g","nanogram per gram","MASSFTE","Massafractie","dg","t.o.v. drooggewicht","NVT","NVT","FC1oxOaEsrO","2,2-Difluor-2-[{2,2,4,5-tetrafluor-5-(trifluormethoxy)-1,3-dioxolan-4-yl}oxy]azijnzuur","Massafractie 2,2-Difluor-2-[{2,2,4,5-tetrafluor-5-(trifluormethoxy)-1,3-dioxolan-4-yl}oxy]azijnzuur in Zwevende stof t.o.v. drooggewicht in ng/g","meting","NVT","NVT",TRUE,FALSE,FALSE
1858,"NVT","NVT","ZS","Zwevende stof","ng/g","nanogram per gram","MASSFTE","Massafractie","dg","t.o.v. drooggewicht","NVT","NVT","FRD-902","ammonium 2,3,3,3-tetrafluor-2-(heptafluorpropoxy)-propanoaat","Massafractie ammonium 2,3,3,3-tetrafluor-2-(heptafluorpropoxy)-propanoaat in Zwevende stof t.o.v. drooggewicht in ng/g","meting","NVT","NVT",TRUE,FALSE,FALSE
1859,"NVT","NVT","ZS","Zwevende stof","ng/g","nanogram per gram","MASSFTE","Massafractie","dg","t.o.v. drooggewicht","NVT","NVT","FRD-903","perfluor-2-propoxypropaanzuur","Massafractie perfluor-2-propoxypropaanzuur in Zwevende stof t.o.v. drooggewicht in ng/g","meting","NVT","NVT",TRUE,FALSE,FALSE
1860,"NVT","NVT","ZS","Zwevende stof","ng/g","nanogram per gram","MASSFTE","Massafractie","dg","t.o.v. drooggewicht","NVT","NVT","H-PFC10asfzr","8:2 fluortelomeersulfonzuur","Massafractie 8:2 fluortelomeersulfonzuur in Zwevende stof t.o.v. drooggewicht in ng/g","meting","NVT","NVT",TRUE,FALSE,FALSE
1861,"NVT","NVT","ZS","Zwevende stof","ng/g","nanogram per gram","MASSFTE","Massafractie","dg","t.o.v. drooggewicht","NVT","NVT","H-PFC12asfzr","10:2 fluortelomeersulfonzuur","Massafractie 10:2 fluortelomeersulfonzuur in Zwevende stof t.o.v. drooggewicht in ng/g","meting","NVT","NVT",TRUE,FALSE,FALSE
1862,"NVT","NVT","ZS","Zwevende stof","ng/g","nanogram per gram","MASSFTE","Massafractie","dg","t.o.v. drooggewicht","NVT","NVT","H-PFC6asfzr","4:2 fluortelomeersulfonzuur","Massafractie 4:2 fluortelomeersulfonzuur in Zwevende stof t.o.v. drooggewicht in ng/g","meting","NVT","NVT",TRUE,FALSE,FALSE
1863,"NVT","NVT","ZS","Zwevende stof","ng/g","nanogram per gram","MASSFTE","Massafractie","dg","t.o.v. drooggewicht","NVT","NVT","HPFHpA","7H-perfluorheptaanzuur","Massafractie 7H-perfluorheptaanzuur in Zwevende stof t.o.v. drooggewicht in ng/g","meting","NVT","NVT",TRUE,FALSE,FALSE
1864,"NVT","NVT","ZS","Zwevende stof","ng/g","nanogram per gram","MASSFTE","Massafractie","dg","t.o.v. drooggewicht","NVT","NVT","H-PFUdA","8:3 fluortelomeer carbonzuur","Massafractie 8:3 fluortelomeer carbonzuur in Zwevende stof t.o.v. drooggewicht in ng/g","meting","NVT","NVT",TRUE,FALSE,FALSE
1865,"NVT","NVT","ZS","Zwevende stof","ng/g","nanogram per gram","MASSFTE","Massafractie","dg","t.o.v. drooggewicht","NVT","NVT","L_PFBS","perfluorbutaansulfonzuur","Massafractie perfluorbutaansulfonzuur in Zwevende stof t.o.v. drooggewicht in ng/g","meting","NVT","NVT",TRUE,FALSE,FALSE
1866,"NVT","NVT","ZS","Zwevende stof","ng/g","nanogram per gram","MASSFTE","Massafractie","dg","t.o.v. drooggewicht","NVT","NVT","L_PFDS","perfluordecaansulfonzuur","Massafractie perfluordecaansulfonzuur in Zwevende stof t.o.v. drooggewicht in ng/g","meting","NVT","NVT",TRUE,FALSE,FALSE
1867,"NVT","NVT","ZS","Zwevende stof","ng/g","nanogram per gram","MASSFTE","Massafractie","dg","t.o.v. drooggewicht","NVT","NVT","L_PFHpS","perfluorheptaansulfonzuur","Massafractie perfluorheptaansulfonzuur in Zwevende stof t.o.v. drooggewicht in ng/g","meting","NVT","NVT",TRUE,FALSE,FALSE
1868,"NVT","NVT","ZS","Zwevende stof","ng/g","nanogram per gram","MASSFTE","Massafractie","dg","t.o.v. drooggewicht","NVT","NVT","L_PFHxS","perfluorhexaansulfonzuur","Massafractie perfluorhexaansulfonzuur in Zwevende stof t.o.v. drooggewicht in ng/g","meting","NVT","NVT",TRUE,FALSE,FALSE
1869,"NVT","NVT","ZS","Zwevende stof","ng/g","nanogram per gram","MASSFTE","Massafractie","dg","t.o.v. drooggewicht","NVT","NVT","L_PFOS","perfluor-1-octaansulfonaat (lineair)","Massafractie perfluor-1-octaansulfonaat (lineair) in Zwevende stof t.o.v. drooggewicht in ng/g","meting","NVT","NVT",TRUE,FALSE,FALSE
1870,"NVT","NVT","ZS","Zwevende stof","ng/g","nanogram per gram","MASSFTE","Massafractie","dg","t.o.v. drooggewicht","NVT","NVT","MeFBSAA","N-methyl-perfluorbutaan sulfonamidoazijnzuur","Massafractie N-methyl-perfluorbutaan sulfonamidoazijnzuur in Zwevende stof t.o.v. drooggewicht in ng/g","meting","NVT","NVT",TRUE,FALSE,FALSE
1871,"NVT","NVT","ZS","Zwevende stof","ng/g","nanogram per gram","MASSFTE","Massafractie","dg","t.o.v. drooggewicht","NVT","NVT","MeFOSA","N-methyl perfluoroctaansulfonamide","Massafractie N-methyl perfluoroctaansulfonamide in Zwevende stof t.o.v. drooggewicht in ng/g","meting","NVT","NVT",TRUE,FALSE,FALSE
1872,"NVT","NVT","ZS","Zwevende stof","ng/g","nanogram per gram","MASSFTE","Massafractie","dg","t.o.v. drooggewicht","NVT","NVT","MeFOSE","N-methyl-perfluoroctaan sulfonamidoethanol","Massafractie N-methyl-perfluoroctaan sulfonamidoethanol in Zwevende stof t.o.v. drooggewicht in ng/g","meting","NVT","NVT",TRUE,FALSE,FALSE
1873,"NVT","NVT","ZS","Zwevende stof","ng/g","nanogram per gram","MASSFTE","Massafractie","dg","t.o.v. drooggewicht","NVT","NVT","NC1yPFC4asfA","N-methylperfluorbutaansulfonamide","Massafractie N-methylperfluorbutaansulfonamide in Zwevende stof t.o.v. drooggewicht in ng/g","meting","NVT","NVT",TRUE,FALSE,FALSE
1874,"NVT","NVT","ZS","Zwevende stof","ng/g","nanogram per gram","MASSFTE","Massafractie","dg","t.o.v. drooggewicht","NVT","NVT","N-MeFOSAA","N-methyl-perfluoroctaan sulfonamidoazijnzuur","Massafractie N-methyl-perfluoroctaan sulfonamidoazijnzuur in Zwevende stof t.o.v. drooggewicht in ng/g","meting","NVT","NVT",TRUE,FALSE,FALSE
1875,"NVT","NVT","ZS","Zwevende stof","ng/g","nanogram per gram","MASSFTE","Massafractie","dg","t.o.v. drooggewicht","NVT","NVT","PF37DC1yOA","perfluor-3,7-dimethyloctaanzuur","Massafractie perfluor-3,7-dimethyloctaanzuur in Zwevende stof t.o.v. drooggewicht in ng/g","meting","NVT","NVT",TRUE,FALSE,FALSE
1876,"NVT","NVT","ZS","Zwevende stof","ng/g","nanogram per gram","MASSFTE","Massafractie","dg","t.o.v. drooggewicht","NVT","NVT","PFBA","perfluorbutaanzuur","Massafractie perfluorbutaanzuur in Zwevende stof t.o.v. drooggewicht in ng/g","meting","NVT","NVT",TRUE,FALSE,FALSE
1877,"NVT","NVT","ZS","Zwevende stof","ng/g","nanogram per gram","MASSFTE","Massafractie","dg","t.o.v. drooggewicht","NVT","NVT","PFC16azr","perfluorhexadecaanzuur","Massafractie perfluorhexadecaanzuur in Zwevende stof t.o.v. drooggewicht in ng/g","meting","NVT","NVT",TRUE,FALSE,FALSE
1878,"NVT","NVT","ZS","Zwevende stof","ng/g","nanogram per gram","MASSFTE","Massafractie","dg","t.o.v. drooggewicht","NVT","NVT","PFC18azr","perfluoroctadecaanzuur","Massafractie perfluoroctadecaanzuur in Zwevende stof t.o.v. drooggewicht in ng/g","meting","NVT","NVT",TRUE,FALSE,FALSE
1879,"NVT","NVT","ZS","Zwevende stof","ng/g","nanogram per gram","MASSFTE","Massafractie","dg","t.o.v. drooggewicht","NVT","NVT","PFC4asfAd","perfluorbutaansulfonamide","Massafractie perfluorbutaansulfonamide in Zwevende stof t.o.v. drooggewicht in ng/g","meting","NVT","NVT",TRUE,FALSE,FALSE
1880,"NVT","NVT","ZS","Zwevende stof","ng/g","nanogram per gram","MASSFTE","Massafractie","dg","t.o.v. drooggewicht","NVT","NVT","PFC5asfzr","perfluorpentaansulfonzuur","Massafractie perfluorpentaansulfonzuur in Zwevende stof t.o.v. drooggewicht in ng/g","meting","NVT","NVT",TRUE,FALSE,FALSE
1881,"NVT","NVT","ZS","Zwevende stof","ng/g","nanogram per gram","MASSFTE","Massafractie","dg","t.o.v. drooggewicht","NVT","NVT","PFC9asfzr","perfluornonaansulfonzuur","Massafractie perfluornonaansulfonzuur in Zwevende stof t.o.v. drooggewicht in ng/g","meting","NVT","NVT",TRUE,FALSE,FALSE
1882,"NVT","NVT","ZS","Zwevende stof","ng/g","nanogram per gram","MASSFTE","Massafractie","dg","t.o.v. drooggewicht","NVT","NVT","PFDA","perfluordecaanzuur","Massafractie perfluordecaanzuur in Zwevende stof t.o.v. drooggewicht in ng/g","meting","NVT","NVT",TRUE,FALSE,FALSE
1883,"NVT","NVT","ZS","Zwevende stof","ng/g","nanogram per gram","MASSFTE","Massafractie","dg","t.o.v. drooggewicht","NVT","NVT","PFDHpA","perfluor-3,6-dioxaheptaanzuur","Massafractie perfluor-3,6-dioxaheptaanzuur in Zwevende stof t.o.v. drooggewicht in ng/g","meting","NVT","NVT",TRUE,FALSE,FALSE
1884,"NVT","NVT","ZS","Zwevende stof","ng/g","nanogram per gram","MASSFTE","Massafractie","dg","t.o.v. drooggewicht","NVT","NVT","PFDoA","perfluordodecaanzuur","Massafractie perfluordodecaanzuur in Zwevende stof t.o.v. drooggewicht in ng/g","meting","NVT","NVT",TRUE,FALSE,FALSE
1885,"NVT","NVT","ZS","Zwevende stof","ng/g","nanogram per gram","MASSFTE","Massafractie","dg","t.o.v. drooggewicht","NVT","NVT","PFDoAS","perfluordodecaansulfonzuur","Massafractie perfluordodecaansulfonzuur in Zwevende stof t.o.v. drooggewicht in ng/g","meting","NVT","NVT",TRUE,FALSE,FALSE
1886,"NVT","NVT","ZS","Zwevende stof","ng/g","nanogram per gram","MASSFTE","Massafractie","dg","t.o.v. drooggewicht","NVT","NVT","PFEES","perfluor(2-ethoxyethaan)sulfonzuur","Massafractie perfluor(2-ethoxyethaan)sulfonzuur in Zwevende stof t.o.v. drooggewicht in ng/g","meting","NVT","NVT",TRUE,FALSE,FALSE
1887,"NVT","NVT","ZS","Zwevende stof","ng/g","nanogram per gram","MASSFTE","Massafractie","dg","t.o.v. drooggewicht","NVT","NVT","PFHpA","perfluorheptaanzuur","Massafractie perfluorheptaanzuur in Zwevende stof t.o.v. drooggewicht in ng/g","meting","NVT","NVT",TRUE,FALSE,FALSE
1888,"NVT","NVT","ZS","Zwevende stof","ng/g","nanogram per gram","MASSFTE","Massafractie","dg","t.o.v. drooggewicht","NVT","NVT","PFHxA","perfluorhexaanzuur","Massafractie perfluorhexaanzuur in Zwevende stof t.o.v. drooggewicht in ng/g","meting","NVT","NVT",TRUE,FALSE,FALSE
1889,"NVT","NVT","ZS","Zwevende stof","ng/g","nanogram per gram","MASSFTE","Massafractie","dg","t.o.v. drooggewicht","NVT","NVT","PFHxSA","perfluorhexaansulfonamide","Massafractie perfluorhexaansulfonamide in Zwevende stof t.o.v. drooggewicht in ng/g","meting","NVT","NVT",TRUE,FALSE,FALSE
1890,"NVT","NVT","ZS","Zwevende stof","ng/g","nanogram per gram","MASSFTE","Massafractie","dg","t.o.v. drooggewicht","NVT","NVT","PFMBA","perfluor-4-methoxybutaanzuur","Massafractie perfluor-4-methoxybutaanzuur in Zwevende stof t.o.v. drooggewicht in ng/g","meting","NVT","NVT",TRUE,FALSE,FALSE
1891,"NVT","NVT","ZS","Zwevende stof","ng/g","nanogram per gram","MASSFTE","Massafractie","dg","t.o.v. drooggewicht","NVT","NVT","PFMPrA","perfluor-3-methoxypropaanzuur","Massafractie perfluor-3-methoxypropaanzuur in Zwevende stof t.o.v. drooggewicht in ng/g","meting","NVT","NVT",TRUE,FALSE,FALSE
1892,"NVT","NVT","ZS","Zwevende stof","ng/g","nanogram per gram","MASSFTE","Massafractie","dg","t.o.v. drooggewicht","NVT","NVT","PFNA","perfluornonaanzuur","Massafractie perfluornonaanzuur in Zwevende stof t.o.v. drooggewicht in ng/g","meting","NVT","NVT",TRUE,FALSE,FALSE
1893,"NVT","NVT","ZS","Zwevende stof","ng/g","nanogram per gram","MASSFTE","Massafractie","dg","t.o.v. drooggewicht","NVT","NVT","PFOA","perfluoroctaanzuur","Massafractie perfluoroctaanzuur in Zwevende stof t.o.v. drooggewicht in ng/g","meting","NVT","NVT",TRUE,FALSE,FALSE
1894,"NVT","NVT","ZS","Zwevende stof","ng/g","nanogram per gram","MASSFTE","Massafractie","dg","t.o.v. drooggewicht","NVT","NVT","PFOS","perfluoroctaansulfonzuur","Massafractie perfluoroctaansulfonzuur in Zwevende stof t.o.v. drooggewicht in ng/g","meting","NVT","NVT",TRUE,FALSE,FALSE
1895,"NVT","NVT","ZS","Zwevende stof","ng/g","nanogram per gram","MASSFTE","Massafractie","dg","t.o.v. drooggewicht","NVT","NVT","PFOSA","perfluoroctaansulfonamide","Massafractie perfluoroctaansulfonamide in Zwevende stof t.o.v. drooggewicht in ng/g","meting","NVT","NVT",TRUE,FALSE,FALSE
1896,"NVT","NVT","ZS","Zwevende stof","ng/g","nanogram per gram","MASSFTE","Massafractie","dg","t.o.v. drooggewicht","NVT","NVT","PFPA","perfluorpentaanzuur","Massafractie perfluorpentaanzuur in Zwevende stof t.o.v. drooggewicht in ng/g","meting","NVT","NVT",TRUE,FALSE,FALSE
1897,"NVT","NVT","ZS","Zwevende stof","ng/g","nanogram per gram","MASSFTE","Massafractie","dg","t.o.v. drooggewicht","NVT","NVT","PFTDA","perfluortridecaanzuur","Massafractie perfluortridecaanzuur in Zwevende stof t.o.v. drooggewicht in ng/g","meting","NVT","NVT",TRUE,FALSE,FALSE
1898,"NVT","NVT","ZS","Zwevende stof","ng/g","nanogram per gram","MASSFTE","Massafractie","dg","t.o.v. drooggewicht","NVT","NVT","PFTeDA","perfluortetradecaanzuur","Massafractie perfluortetradecaanzuur in Zwevende stof t.o.v. drooggewicht in ng/g","meting","NVT","NVT",TRUE,FALSE,FALSE
1899,"NVT","NVT","ZS","Zwevende stof","ng/g","nanogram per gram","MASSFTE","Massafractie","dg","t.o.v. drooggewicht","NVT","NVT","PFUdA","perfluorundecaanzuur","Massafractie perfluorundecaanzuur in Zwevende stof t.o.v. drooggewicht in ng/g","meting","NVT","NVT",TRUE,FALSE,FALSE
1900,"NVT","NVT","ZS","Zwevende stof","ng/g","nanogram per gram","MASSFTE","Massafractie","dg","t.o.v. drooggewicht","NVT","NVT","PFUdAS","perfluorundecaansulfonzuur","Massafractie perfluorundecaansulfonzuur in Zwevende stof t.o.v. drooggewicht in ng/g","meting","NVT","NVT",TRUE,FALSE,FALSE
1901,"NVT","NVT","ZS","Zwevende stof","ng/g","nanogram per gram","MASSFTE","Massafractie","dg","t.o.v. drooggewicht","NVT","NVT","sF16C10ezr","Som hexadecafluor-2-deceenzuur-isomeren ","Massafractie Som hexadecafluor-2-deceenzuur-isomeren  in Zwevende stof t.o.v. drooggewicht in ng/g","meting","NVT","NVT",TRUE,FALSE,FALSE
1902,"NVT","NVT","ZS","Zwevende stof","ng/g","nanogram per gram","MASSFTE","Massafractie","dg","t.o.v. drooggewicht","NVT","NVT","slinvertPFOA","som lineair en vertakte perfluoroctaanzuur","Massafractie som lineair en vertakte perfluoroctaanzuur in Zwevende stof t.o.v. drooggewicht in ng/g","meting","NVT","NVT",TRUE,FALSE,FALSE
1903,"NVT","NVT","ZS","Zwevende stof","ng/g","nanogram per gram","MASSFTE","Massafractie","dg","t.o.v. drooggewicht","NVT","NVT","slinvertPFOS","som lineair en vertakte perfluoroctaansulfonzuur","Massafractie som lineair en vertakte perfluoroctaansulfonzuur in Zwevende stof t.o.v. drooggewicht in ng/g","meting","NVT","NVT",TRUE,FALSE,FALSE
1904,"NVT","NVT","ZS","Zwevende stof","ng/g","nanogram per gram","MASSFTE","Massafractie","dg","t.o.v. drooggewicht","NVT","NVT","sverttPFHxS","som vertakte perfluorhexaansulfonzuur-isomeren","Massafractie som vertakte perfluorhexaansulfonzuur-isomeren in Zwevende stof t.o.v. drooggewicht in ng/g","meting","NVT","NVT",TRUE,FALSE,FALSE
1905,"NVT","NVT","ZS","Zwevende stof","ng/g","nanogram per gram","MASSFTE","Massafractie","dg","t.o.v. drooggewicht","NVT","NVT","sverttPFOA","som vertakte perfluoroctaanzuur-isomeren","Massafractie som vertakte perfluoroctaanzuur-isomeren in Zwevende stof t.o.v. drooggewicht in ng/g","meting","NVT","NVT",TRUE,FALSE,FALSE
1906,"NVT","NVT","ZS","Zwevende stof","ng/g","nanogram per gram","MASSFTE","Massafractie","dg","t.o.v. drooggewicht","NVT","NVT","sverttPFOS","som vertakte perfluoroctaansulfonzuur-isomeren","Massafractie som vertakte perfluoroctaansulfonzuur-isomeren in Zwevende stof t.o.v. drooggewicht in ng/g","meting","NVT","NVT",TRUE,FALSE,FALSE
1907,"Platichthys flesus","Platichthys flesus","OE","Organisme (biota)","ng/kg","nanogram per kilogram","MASSFTE","Massafractie","ng","t.o.v. natgewicht","NVT","NVT","PCB126","3,3',4,4',5-pentachloorbifenyl","Massafractie 3,3',4,4',5-pentachloorbifenyl in Organisme (biota) t.o.v. natgewicht in Platichthys flesus ng/kg","meting","NVT","NVT",TRUE,FALSE,FALSE
1908,"Rutilus rutilus","Rutilus rutilus","OE","Organisme (biota)","ng/kg","nanogram per kilogram","MASSFTE","Massafractie","ng","t.o.v. natgewicht","NVT","NVT","PCB126","3,3',4,4',5-pentachloorbifenyl","Massafractie 3,3',4,4',5-pentachloorbifenyl in Organisme (biota) t.o.v. natgewicht in Rutilus rutilus ng/kg","meting","NVT","NVT",TRUE,FALSE,FALSE
1909,"Platichthys flesus","Platichthys flesus","OE","Organisme (biota)","ng/kg","nanogram per kilogram","MASSFTE","Massafractie","ng","t.o.v. natgewicht","NVT","NVT","PCB169","3,3',4,4',5,5'-hexachloorbifenyl","Massafractie 3,3',4,4',5,5'-hexachloorbifenyl in Organisme (biota) t.o.v. natgewicht in Platichthys flesus ng/kg","meting","NVT","NVT",TRUE,FALSE,FALSE
1910,"Rutilus rutilus","Rutilus rutilus","OE","Organisme (biota)","ng/kg","nanogram per kilogram","MASSFTE","Massafractie","ng","t.o.v. natgewicht","NVT","NVT","PCB169","3,3',4,4',5,5'-hexachloorbifenyl","Massafractie 3,3',4,4',5,5'-hexachloorbifenyl in Organisme (biota) t.o.v. natgewicht in Rutilus rutilus ng/kg","meting","NVT","NVT",TRUE,FALSE,FALSE
1911,"Platichthys flesus","Platichthys flesus","OE","Organisme (biota)","ng/kg","nanogram per kilogram","MASSFTE","Massafractie","ng","t.o.v. natgewicht","NVT","NVT","PCB77","3,3',4,4'-tetrachloorbifenyl","Massafractie 3,3',4,4'-tetrachloorbifenyl in Organisme (biota) t.o.v. natgewicht in Platichthys flesus ng/kg","meting","NVT","NVT",TRUE,FALSE,FALSE
1912,"Rutilus rutilus","Rutilus rutilus","OE","Organisme (biota)","ng/kg","nanogram per kilogram","MASSFTE","Massafractie","ng","t.o.v. natgewicht","NVT","NVT","PCB77","3,3',4,4'-tetrachloorbifenyl","Massafractie 3,3',4,4'-tetrachloorbifenyl in Organisme (biota) t.o.v. natgewicht in Rutilus rutilus ng/kg","meting","NVT","NVT",TRUE,FALSE,FALSE
1913,"Platichthys flesus","Platichthys flesus","OE","Organisme (biota)","ng/kg","nanogram per kilogram","MASSFTE","Massafractie","ng","t.o.v. natgewicht","NVT","NVT","PCB81","3,4,4',5-tetrachlorobifenyl","Massafractie 3,4,4',5-tetrachlorobifenyl in Organisme (biota) t.o.v. natgewicht in Platichthys flesus ng/kg","meting","NVT","NVT",TRUE,FALSE,FALSE
1914,"Rutilus rutilus","Rutilus rutilus","OE","Organisme (biota)","ng/kg","nanogram per kilogram","MASSFTE","Massafractie","ng","t.o.v. natgewicht","NVT","NVT","PCB81","3,4,4',5-tetrachlorobifenyl","Massafractie 3,4,4',5-tetrachlorobifenyl in Organisme (biota) t.o.v. natgewicht in Rutilus rutilus ng/kg","meting","NVT","NVT",TRUE,FALSE,FALSE
1915,"Platichthys flesus","Platichthys flesus","OE","Organisme (biota)","ng/kg","nanogram per kilogram","MASSFTE","Massafractie","ng","t.o.v. natgewicht","NVT","NVT","PCDD48","2,3,7,8-tetrachloordibenzo-p-dioxine","Massafractie 2,3,7,8-tetrachloordibenzo-p-dioxine in Organisme (biota) t.o.v. natgewicht in Platichthys flesus ng/kg","meting","NVT","NVT",TRUE,FALSE,FALSE
1916,"Rutilus rutilus","Rutilus rutilus","OE","Organisme (biota)","ng/kg","nanogram per kilogram","MASSFTE","Massafractie","ng","t.o.v. natgewicht","NVT","NVT","PCDD48","2,3,7,8-tetrachloordibenzo-p-dioxine","Massafractie 2,3,7,8-tetrachloordibenzo-p-dioxine in Organisme (biota) t.o.v. natgewicht in Rutilus rutilus ng/kg","meting","NVT","NVT",TRUE,FALSE,FALSE
1917,"Platichthys flesus","Platichthys flesus","OE","Organisme (biota)","ng/kg","nanogram per kilogram","MASSFTE","Massafractie","ng","t.o.v. natgewicht","NVT","NVT","PCDD54","1,2,3,7,8-pentachloordibenzo-p-dioxine","Massafractie 1,2,3,7,8-pentachloordibenzo-p-dioxine in Organisme (biota) t.o.v. natgewicht in Platichthys flesus ng/kg","meting","NVT","NVT",TRUE,FALSE,FALSE
1918,"Rutilus rutilus","Rutilus rutilus","OE","Organisme (biota)","ng/kg","nanogram per kilogram","MASSFTE","Massafractie","ng","t.o.v. natgewicht","NVT","NVT","PCDD54","1,2,3,7,8-pentachloordibenzo-p-dioxine","Massafractie 1,2,3,7,8-pentachloordibenzo-p-dioxine in Organisme (biota) t.o.v. natgewicht in Rutilus rutilus ng/kg","meting","NVT","NVT",TRUE,FALSE,FALSE
1919,"Platichthys flesus","Platichthys flesus","OE","Organisme (biota)","ng/kg","nanogram per kilogram","MASSFTE","Massafractie","ng","t.o.v. natgewicht","NVT","NVT","PCDD66","1,2,3,4,7,8-hexachloordibenzo-p-dioxine","Massafractie 1,2,3,4,7,8-hexachloordibenzo-p-dioxine in Organisme (biota) t.o.v. natgewicht in Platichthys flesus ng/kg","meting","NVT","NVT",TRUE,FALSE,FALSE
1920,"Rutilus rutilus","Rutilus rutilus","OE","Organisme (biota)","ng/kg","nanogram per kilogram","MASSFTE","Massafractie","ng","t.o.v. natgewicht","NVT","NVT","PCDD66","1,2,3,4,7,8-hexachloordibenzo-p-dioxine","Massafractie 1,2,3,4,7,8-hexachloordibenzo-p-dioxine in Organisme (biota) t.o.v. natgewicht in Rutilus rutilus ng/kg","meting","NVT","NVT",TRUE,FALSE,FALSE
1921,"Platichthys flesus","Platichthys flesus","OE","Organisme (biota)","ng/kg","nanogram per kilogram","MASSFTE","Massafractie","ng","t.o.v. natgewicht","NVT","NVT","PCDD67","1,2,3,6,7,8-hexachloordibenzo-p-dioxine","Massafractie 1,2,3,6,7,8-hexachloordibenzo-p-dioxine in Organisme (biota) t.o.v. natgewicht in Platichthys flesus ng/kg","meting","NVT","NVT",TRUE,FALSE,FALSE
1922,"Rutilus rutilus","Rutilus rutilus","OE","Organisme (biota)","ng/kg","nanogram per kilogram","MASSFTE","Massafractie","ng","t.o.v. natgewicht","NVT","NVT","PCDD67","1,2,3,6,7,8-hexachloordibenzo-p-dioxine","Massafractie 1,2,3,6,7,8-hexachloordibenzo-p-dioxine in Organisme (biota) t.o.v. natgewicht in Rutilus rutilus ng/kg","meting","NVT","NVT",TRUE,FALSE,FALSE
1923,"Platichthys flesus","Platichthys flesus","OE","Organisme (biota)","ng/kg","nanogram per kilogram","MASSFTE","Massafractie","ng","t.o.v. natgewicht","NVT","NVT","PCDD70","1,2,3,7,8,9-hexachloordibenzo-p-dioxine","Massafractie 1,2,3,7,8,9-hexachloordibenzo-p-dioxine in Organisme (biota) t.o.v. natgewicht in Platichthys flesus ng/kg","meting","NVT","NVT",TRUE,FALSE,FALSE
1924,"Rutilus rutilus","Rutilus rutilus","OE","Organisme (biota)","ng/kg","nanogram per kilogram","MASSFTE","Massafractie","ng","t.o.v. natgewicht","NVT","NVT","PCDD70","1,2,3,7,8,9-hexachloordibenzo-p-dioxine","Massafractie 1,2,3,7,8,9-hexachloordibenzo-p-dioxine in Organisme (biota) t.o.v. natgewicht in Rutilus rutilus ng/kg","meting","NVT","NVT",TRUE,FALSE,FALSE
1925,"Platichthys flesus","Platichthys flesus","OE","Organisme (biota)","ng/kg","nanogram per kilogram","MASSFTE","Massafractie","ng","t.o.v. natgewicht","NVT","NVT","PCDD73","1,2,3,4,6,7,8-heptachloordibenzo-p-dioxine","Massafractie 1,2,3,4,6,7,8-heptachloordibenzo-p-dioxine in Organisme (biota) t.o.v. natgewicht in Platichthys flesus ng/kg","meting","NVT","NVT",TRUE,FALSE,FALSE
1926,"Rutilus rutilus","Rutilus rutilus","OE","Organisme (biota)","ng/kg","nanogram per kilogram","MASSFTE","Massafractie","ng","t.o.v. natgewicht","NVT","NVT","PCDD73","1,2,3,4,6,7,8-heptachloordibenzo-p-dioxine","Massafractie 1,2,3,4,6,7,8-heptachloordibenzo-p-dioxine in Organisme (biota) t.o.v. natgewicht in Rutilus rutilus ng/kg","meting","NVT","NVT",TRUE,FALSE,FALSE
1927,"Platichthys flesus","Platichthys flesus","OE","Organisme (biota)","ng/kg","nanogram per kilogram","MASSFTE","Massafractie","ng","t.o.v. natgewicht","NVT","NVT","PCDD75","1,2,3,4,6,7,8,9-octachloordibenzo-p-dioxine","Massafractie 1,2,3,4,6,7,8,9-octachloordibenzo-p-dioxine in Organisme (biota) t.o.v. natgewicht in Platichthys flesus ng/kg","meting","NVT","NVT",TRUE,FALSE,FALSE
1928,"Rutilus rutilus","Rutilus rutilus","OE","Organisme (biota)","ng/kg","nanogram per kilogram","MASSFTE","Massafractie","ng","t.o.v. natgewicht","NVT","NVT","PCDD75","1,2,3,4,6,7,8,9-octachloordibenzo-p-dioxine","Massafractie 1,2,3,4,6,7,8,9-octachloordibenzo-p-dioxine in Organisme (biota) t.o.v. natgewicht in Rutilus rutilus ng/kg","meting","NVT","NVT",TRUE,FALSE,FALSE
1929,"Platichthys flesus","Platichthys flesus","OE","Organisme (biota)","ng/kg","nanogram per kilogram","MASSFTE","Massafractie","ng","t.o.v. natgewicht","NVT","NVT","PCDF114","2,3,4,7,8-pentachloordibenzofuraan","Massafractie 2,3,4,7,8-pentachloordibenzofuraan in Organisme (biota) t.o.v. natgewicht in Platichthys flesus ng/kg","meting","NVT","NVT",TRUE,FALSE,FALSE
1930,"Rutilus rutilus","Rutilus rutilus","OE","Organisme (biota)","ng/kg","nanogram per kilogram","MASSFTE","Massafractie","ng","t.o.v. natgewicht","NVT","NVT","PCDF114","2,3,4,7,8-pentachloordibenzofuraan","Massafractie 2,3,4,7,8-pentachloordibenzofuraan in Organisme (biota) t.o.v. natgewicht in Rutilus rutilus ng/kg","meting","NVT","NVT",TRUE,FALSE,FALSE
1931,"Platichthys flesus","Platichthys flesus","OE","Organisme (biota)","ng/kg","nanogram per kilogram","MASSFTE","Massafractie","ng","t.o.v. natgewicht","NVT","NVT","PCDF118","1,2,3,4,7,8-hexachloordibenzofuraan","Massafractie 1,2,3,4,7,8-hexachloordibenzofuraan in Organisme (biota) t.o.v. natgewicht in Platichthys flesus ng/kg","meting","NVT","NVT",TRUE,FALSE,FALSE
1932,"Rutilus rutilus","Rutilus rutilus","OE","Organisme (biota)","ng/kg","nanogram per kilogram","MASSFTE","Massafractie","ng","t.o.v. natgewicht","NVT","NVT","PCDF118","1,2,3,4,7,8-hexachloordibenzofuraan","Massafractie 1,2,3,4,7,8-hexachloordibenzofuraan in Organisme (biota) t.o.v. natgewicht in Rutilus rutilus ng/kg","meting","NVT","NVT",TRUE,FALSE,FALSE
1933,"Platichthys flesus","Platichthys flesus","OE","Organisme (biota)","ng/kg","nanogram per kilogram","MASSFTE","Massafractie","ng","t.o.v. natgewicht","NVT","NVT","PCDF121","1,2,3,6,7,8-hexachloordibenzofuraan","Massafractie 1,2,3,6,7,8-hexachloordibenzofuraan in Organisme (biota) t.o.v. natgewicht in Platichthys flesus ng/kg","meting","NVT","NVT",TRUE,FALSE,FALSE
1934,"Rutilus rutilus","Rutilus rutilus","OE","Organisme (biota)","ng/kg","nanogram per kilogram","MASSFTE","Massafractie","ng","t.o.v. natgewicht","NVT","NVT","PCDF121","1,2,3,6,7,8-hexachloordibenzofuraan","Massafractie 1,2,3,6,7,8-hexachloordibenzofuraan in Organisme (biota) t.o.v. natgewicht in Rutilus rutilus ng/kg","meting","NVT","NVT",TRUE,FALSE,FALSE
1935,"Platichthys flesus","Platichthys flesus","OE","Organisme (biota)","ng/kg","nanogram per kilogram","MASSFTE","Massafractie","ng","t.o.v. natgewicht","NVT","NVT","PCDF124","1,2,3,7,8,9-hexachloordibenzofuraan","Massafractie 1,2,3,7,8,9-hexachloordibenzofuraan in Organisme (biota) t.o.v. natgewicht in Platichthys flesus ng/kg","meting","NVT","NVT",TRUE,FALSE,FALSE
1936,"Rutilus rutilus","Rutilus rutilus","OE","Organisme (biota)","ng/kg","nanogram per kilogram","MASSFTE","Massafractie","ng","t.o.v. natgewicht","NVT","NVT","PCDF124","1,2,3,7,8,9-hexachloordibenzofuraan","Massafractie 1,2,3,7,8,9-hexachloordibenzofuraan in Organisme (biota) t.o.v. natgewicht in Rutilus rutilus ng/kg","meting","NVT","NVT",TRUE,FALSE,FALSE
1937,"Platichthys flesus","Platichthys flesus","OE","Organisme (biota)","ng/kg","nanogram per kilogram","MASSFTE","Massafractie","ng","t.o.v. natgewicht","NVT","NVT","PCDF130","2,3,4,6,7,8-hexachloordibenzofuraan","Massafractie 2,3,4,6,7,8-hexachloordibenzofuraan in Organisme (biota) t.o.v. natgewicht in Platichthys flesus ng/kg","meting","NVT","NVT",TRUE,FALSE,FALSE
1938,"Rutilus rutilus","Rutilus rutilus","OE","Organisme (biota)","ng/kg","nanogram per kilogram","MASSFTE","Massafractie","ng","t.o.v. natgewicht","NVT","NVT","PCDF130","2,3,4,6,7,8-hexachloordibenzofuraan","Massafractie 2,3,4,6,7,8-hexachloordibenzofuraan in Organisme (biota) t.o.v. natgewicht in Rutilus rutilus ng/kg","meting","NVT","NVT",TRUE,FALSE,FALSE
1939,"Platichthys flesus","Platichthys flesus","OE","Organisme (biota)","ng/kg","nanogram per kilogram","MASSFTE","Massafractie","ng","t.o.v. natgewicht","NVT","NVT","PCDF131","1,2,3,4,6,7,8-heptachloordibenzofuraan","Massafractie 1,2,3,4,6,7,8-heptachloordibenzofuraan in Organisme (biota) t.o.v. natgewicht in Platichthys flesus ng/kg","meting","NVT","NVT",TRUE,FALSE,FALSE
1940,"Rutilus rutilus","Rutilus rutilus","OE","Organisme (biota)","ng/kg","nanogram per kilogram","MASSFTE","Massafractie","ng","t.o.v. natgewicht","NVT","NVT","PCDF131","1,2,3,4,6,7,8-heptachloordibenzofuraan","Massafractie 1,2,3,4,6,7,8-heptachloordibenzofuraan in Organisme (biota) t.o.v. natgewicht in Rutilus rutilus ng/kg","meting","NVT","NVT",TRUE,FALSE,FALSE
1941,"Platichthys flesus","Platichthys flesus","OE","Organisme (biota)","ng/kg","nanogram per kilogram","MASSFTE","Massafractie","ng","t.o.v. natgewicht","NVT","NVT","PCDF134","1,2,3,4,7,8,9-heptachloordibenzofuraan","Massafractie 1,2,3,4,7,8,9-heptachloordibenzofuraan in Organisme (biota) t.o.v. natgewicht in Platichthys flesus ng/kg","meting","NVT","NVT",TRUE,FALSE,FALSE
1942,"Rutilus rutilus","Rutilus rutilus","OE","Organisme (biota)","ng/kg","nanogram per kilogram","MASSFTE","Massafractie","ng","t.o.v. natgewicht","NVT","NVT","PCDF134","1,2,3,4,7,8,9-heptachloordibenzofuraan","Massafractie 1,2,3,4,7,8,9-heptachloordibenzofuraan in Organisme (biota) t.o.v. natgewicht in Rutilus rutilus ng/kg","meting","NVT","NVT",TRUE,FALSE,FALSE
1943,"Platichthys flesus","Platichthys flesus","OE","Organisme (biota)","ng/kg","nanogram per kilogram","MASSFTE","Massafractie","ng","t.o.v. natgewicht","NVT","NVT","PCDF135","1,2,3,4,6,7,8,9-octachloordibenzofuraan","Massafractie 1,2,3,4,6,7,8,9-octachloordibenzofuraan in Organisme (biota) t.o.v. natgewicht in Platichthys flesus ng/kg","meting","NVT","NVT",TRUE,FALSE,FALSE
1944,"Rutilus rutilus","Rutilus rutilus","OE","Organisme (biota)","ng/kg","nanogram per kilogram","MASSFTE","Massafractie","ng","t.o.v. natgewicht","NVT","NVT","PCDF135","1,2,3,4,6,7,8,9-octachloordibenzofuraan","Massafractie 1,2,3,4,6,7,8,9-octachloordibenzofuraan in Organisme (biota) t.o.v. natgewicht in Rutilus rutilus ng/kg","meting","NVT","NVT",TRUE,FALSE,FALSE
1945,"Platichthys flesus","Platichthys flesus","OE","Organisme (biota)","ng/kg","nanogram per kilogram","MASSFTE","Massafractie","ng","t.o.v. natgewicht","NVT","NVT","PCDF83","2,3,7,8-tetrachloordibenzofuraan","Massafractie 2,3,7,8-tetrachloordibenzofuraan in Organisme (biota) t.o.v. natgewicht in Platichthys flesus ng/kg","meting","NVT","NVT",TRUE,FALSE,FALSE
1946,"Rutilus rutilus","Rutilus rutilus","OE","Organisme (biota)","ng/kg","nanogram per kilogram","MASSFTE","Massafractie","ng","t.o.v. natgewicht","NVT","NVT","PCDF83","2,3,7,8-tetrachloordibenzofuraan","Massafractie 2,3,7,8-tetrachloordibenzofuraan in Organisme (biota) t.o.v. natgewicht in Rutilus rutilus ng/kg","meting","NVT","NVT",TRUE,FALSE,FALSE
1947,"Platichthys flesus","Platichthys flesus","OE","Organisme (biota)","ng/kg","nanogram per kilogram","MASSFTE","Massafractie","ng","t.o.v. natgewicht","NVT","NVT","PCDF94","1,2,3,7,8-pentachloordibenzofuraan","Massafractie 1,2,3,7,8-pentachloordibenzofuraan in Organisme (biota) t.o.v. natgewicht in Platichthys flesus ng/kg","meting","NVT","NVT",TRUE,FALSE,FALSE
1948,"Rutilus rutilus","Rutilus rutilus","OE","Organisme (biota)","ng/kg","nanogram per kilogram","MASSFTE","Massafractie","ng","t.o.v. natgewicht","NVT","NVT","PCDF94","1,2,3,7,8-pentachloordibenzofuraan","Massafractie 1,2,3,7,8-pentachloordibenzofuraan in Organisme (biota) t.o.v. natgewicht in Rutilus rutilus ng/kg","meting","NVT","NVT",TRUE,FALSE,FALSE
1949,"Platichthys flesus","Platichthys flesus","OE","Organisme (biota)","ng/kg","nanogram per kilogram","MASSFTE","Massafractie","TEQng","Uitgedrukt in TEQ / Natgewicht","NVT","NVT","sDOxns29","som 29 dioxines en dioxineachtige verbindingen","Massafractie som 29 dioxines en dioxineachtige verbindingen in Organisme (biota) Uitgedrukt in TEQ / Natgewicht in Platichthys flesus ng/kg","meting","NVT","NVT",TRUE,FALSE,FALSE
1950,"Rutilus rutilus","Rutilus rutilus","OE","Organisme (biota)","ng/kg","nanogram per kilogram","MASSFTE","Massafractie","TEQng","Uitgedrukt in TEQ / Natgewicht","NVT","NVT","sDOxns29","som 29 dioxines en dioxineachtige verbindingen","Massafractie som 29 dioxines en dioxineachtige verbindingen in Organisme (biota) Uitgedrukt in TEQ / Natgewicht in Rutilus rutilus ng/kg","meting","NVT","NVT",TRUE,FALSE,FALSE
1951,"NVT","NVT","ZS","Zwevende stof","ng/kg","nanogram per kilogram","MASSFTE","Massafractie","dg","t.o.v. drooggewicht","NVT","NVT","PCDD48","2,3,7,8-tetrachloordibenzo-p-dioxine","Massafractie 2,3,7,8-tetrachloordibenzo-p-dioxine in Zwevende stof t.o.v. drooggewicht in ng/kg","meting","NVT","NVT",FALSE,FALSE,FALSE
1952,"NVT","NVT","ZS","Zwevende stof","ng/kg","nanogram per kilogram","MASSFTE","Massafractie","dg","t.o.v. drooggewicht","NVT","NVT","PCDD54","1,2,3,7,8-pentachloordibenzo-p-dioxine","Massafractie 1,2,3,7,8-pentachloordibenzo-p-dioxine in Zwevende stof t.o.v. drooggewicht in ng/kg","meting","NVT","NVT",FALSE,FALSE,FALSE
1953,"NVT","NVT","ZS","Zwevende stof","ng/kg","nanogram per kilogram","MASSFTE","Massafractie","dg","t.o.v. drooggewicht","NVT","NVT","PCDD66","1,2,3,4,7,8-hexachloordibenzo-p-dioxine","Massafractie 1,2,3,4,7,8-hexachloordibenzo-p-dioxine in Zwevende stof t.o.v. drooggewicht in ng/kg","meting","NVT","NVT",FALSE,FALSE,FALSE
1954,"NVT","NVT","ZS","Zwevende stof","ng/kg","nanogram per kilogram","MASSFTE","Massafractie","dg","t.o.v. drooggewicht","NVT","NVT","PCDD67","1,2,3,6,7,8-hexachloordibenzo-p-dioxine","Massafractie 1,2,3,6,7,8-hexachloordibenzo-p-dioxine in Zwevende stof t.o.v. drooggewicht in ng/kg","meting","NVT","NVT",FALSE,FALSE,FALSE
1955,"NVT","NVT","ZS","Zwevende stof","ng/kg","nanogram per kilogram","MASSFTE","Massafractie","dg","t.o.v. drooggewicht","NVT","NVT","PCDD70","1,2,3,7,8,9-hexachloordibenzo-p-dioxine","Massafractie 1,2,3,7,8,9-hexachloordibenzo-p-dioxine in Zwevende stof t.o.v. drooggewicht in ng/kg","meting","NVT","NVT",FALSE,FALSE,FALSE
1956,"NVT","NVT","ZS","Zwevende stof","ng/kg","nanogram per kilogram","MASSFTE","Massafractie","dg","t.o.v. drooggewicht","NVT","NVT","PCDD73","1,2,3,4,6,7,8-heptachloordibenzo-p-dioxine","Massafractie 1,2,3,4,6,7,8-heptachloordibenzo-p-dioxine in Zwevende stof t.o.v. drooggewicht in ng/kg","meting","NVT","NVT",FALSE,FALSE,FALSE
1957,"NVT","NVT","ZS","Zwevende stof","ng/kg","nanogram per kilogram","MASSFTE","Massafractie","dg","t.o.v. drooggewicht","NVT","NVT","PCDD75","1,2,3,4,6,7,8,9-octachloordibenzo-p-dioxine","Massafractie 1,2,3,4,6,7,8,9-octachloordibenzo-p-dioxine in Zwevende stof t.o.v. drooggewicht in ng/kg","meting","NVT","NVT",FALSE,FALSE,FALSE
1958,"NVT","NVT","ZS","Zwevende stof","ng/kg","nanogram per kilogram","MASSFTE","Massafractie","dg","t.o.v. drooggewicht","NVT","NVT","PCDF114","2,3,4,7,8-pentachloordibenzofuraan","Massafractie 2,3,4,7,8-pentachloordibenzofuraan in Zwevende stof t.o.v. drooggewicht in ng/kg","meting","NVT","NVT",FALSE,FALSE,FALSE
1959,"NVT","NVT","ZS","Zwevende stof","ng/kg","nanogram per kilogram","MASSFTE","Massafractie","dg","t.o.v. drooggewicht","NVT","NVT","PCDF121","1,2,3,6,7,8-hexachloordibenzofuraan","Massafractie 1,2,3,6,7,8-hexachloordibenzofuraan in Zwevende stof t.o.v. drooggewicht in ng/kg","meting","NVT","NVT",FALSE,FALSE,FALSE
1960,"NVT","NVT","ZS","Zwevende stof","ng/kg","nanogram per kilogram","MASSFTE","Massafractie","dg","t.o.v. drooggewicht","NVT","NVT","PCDF124","1,2,3,7,8,9-hexachloordibenzofuraan","Massafractie 1,2,3,7,8,9-hexachloordibenzofuraan in Zwevende stof t.o.v. drooggewicht in ng/kg","meting","NVT","NVT",FALSE,FALSE,FALSE
1961,"NVT","NVT","ZS","Zwevende stof","ng/kg","nanogram per kilogram","MASSFTE","Massafractie","dg","t.o.v. drooggewicht","NVT","NVT","PCDF130","2,3,4,6,7,8-hexachloordibenzofuraan","Massafractie 2,3,4,6,7,8-hexachloordibenzofuraan in Zwevende stof t.o.v. drooggewicht in ng/kg","meting","NVT","NVT",FALSE,FALSE,FALSE
1962,"NVT","NVT","ZS","Zwevende stof","ng/kg","nanogram per kilogram","MASSFTE","Massafractie","dg","t.o.v. drooggewicht","NVT","NVT","PCDF131","1,2,3,4,6,7,8-heptachloordibenzofuraan","Massafractie 1,2,3,4,6,7,8-heptachloordibenzofuraan in Zwevende stof t.o.v. drooggewicht in ng/kg","meting","NVT","NVT",FALSE,FALSE,FALSE
1963,"NVT","NVT","ZS","Zwevende stof","ng/kg","nanogram per kilogram","MASSFTE","Massafractie","dg","t.o.v. drooggewicht","NVT","NVT","PCDF134","1,2,3,4,7,8,9-heptachloordibenzofuraan","Massafractie 1,2,3,4,7,8,9-heptachloordibenzofuraan in Zwevende stof t.o.v. drooggewicht in ng/kg","meting","NVT","NVT",FALSE,FALSE,FALSE
1964,"NVT","NVT","ZS","Zwevende stof","ng/kg","nanogram per kilogram","MASSFTE","Massafractie","dg","t.o.v. drooggewicht","NVT","NVT","PCDF135","1,2,3,4,6,7,8,9-octachloordibenzofuraan","Massafractie 1,2,3,4,6,7,8,9-octachloordibenzofuraan in Zwevende stof t.o.v. drooggewicht in ng/kg","meting","NVT","NVT",FALSE,FALSE,FALSE
1965,"NVT","NVT","ZS","Zwevende stof","ng/kg","nanogram per kilogram","MASSFTE","Massafractie","dg","t.o.v. drooggewicht","NVT","NVT","PCDF83","2,3,7,8-tetrachloordibenzofuraan","Massafractie 2,3,7,8-tetrachloordibenzofuraan in Zwevende stof t.o.v. drooggewicht in ng/kg","meting","NVT","NVT",FALSE,FALSE,FALSE
1966,"NVT","NVT","ZS","Zwevende stof","ng/kg","nanogram per kilogram","MASSFTE","Massafractie","dg","t.o.v. drooggewicht","NVT","NVT","sPCDF118119","som PCDF118 en PCDF119","Massafractie som PCDF118 en PCDF119 in Zwevende stof t.o.v. drooggewicht in ng/kg","meting","NVT","NVT",FALSE,FALSE,FALSE
1967,"NVT","NVT","ZS","Zwevende stof","ng/kg","nanogram per kilogram","MASSFTE","Massafractie","dg","t.o.v. drooggewicht","NVT","NVT","sPCDF9489","som PCDF89 en PCDF94","Massafractie som PCDF89 en PCDF94 in Zwevende stof t.o.v. drooggewicht in ng/kg","meting","NVT","NVT",FALSE,FALSE,FALSE
1968,"NVT","NVT","BS","Bodem/Sediment","ug/kg","microgram per kilogram","MASSFTE","Massafractie","dg","t.o.v. drooggewicht","NVT","NVT","1234T4ClBen","1,2,3,4-tetrachloorbenzeen","Massafractie 1,2,3,4-tetrachloorbenzeen in Bodem/Sediment t.o.v. drooggewicht in ug/kg","meting","NVT","NVT",TRUE,FALSE,FALSE
1969,"NVT","NVT","BS","Bodem/Sediment","ug/kg","microgram per kilogram","MASSFTE","Massafractie","dg","t.o.v. drooggewicht","NVT","NVT","1235T4ClBen","1,2,3,5-tetrachloorbenzeen","Massafractie 1,2,3,5-tetrachloorbenzeen in Bodem/Sediment t.o.v. drooggewicht in ug/kg","meting","NVT","NVT",TRUE,FALSE,FALSE
1970,"NVT","NVT","BS","Bodem/Sediment","ug/kg","microgram per kilogram","MASSFTE","Massafractie","dg","t.o.v. drooggewicht","NVT","NVT","123TClBen","1,2,3-trichloorbenzeen","Massafractie 1,2,3-trichloorbenzeen in Bodem/Sediment t.o.v. drooggewicht in ug/kg","meting","NVT","NVT",TRUE,FALSE,FALSE
1971,"NVT","NVT","BS","Bodem/Sediment","ug/kg","microgram per kilogram","MASSFTE","Massafractie","dg","t.o.v. drooggewicht","NVT","NVT","1245T4ClBen","1,2,4,5-tetrachloorbenzeen","Massafractie 1,2,4,5-tetrachloorbenzeen in Bodem/Sediment t.o.v. drooggewicht in ug/kg","meting","NVT","NVT",TRUE,FALSE,FALSE
1972,"NVT","NVT","BS","Bodem/Sediment","ug/kg","microgram per kilogram","MASSFTE","Massafractie","dg","t.o.v. drooggewicht","NVT","NVT","124TClBen","1,2,4-trichloorbenzeen","Massafractie 1,2,4-trichloorbenzeen in Bodem/Sediment t.o.v. drooggewicht in ug/kg","meting","NVT","NVT",TRUE,FALSE,FALSE
1973,"NVT","NVT","BS","Bodem/Sediment","ug/kg","microgram per kilogram","MASSFTE","Massafractie","dg","t.o.v. drooggewicht","NVT","NVT","12DClBen","1,2-dichloorbenzeen","Massafractie 1,2-dichloorbenzeen in Bodem/Sediment t.o.v. drooggewicht in ug/kg","meting","NVT","NVT",TRUE,FALSE,FALSE
1974,"NVT","NVT","BS","Bodem/Sediment","ug/kg","microgram per kilogram","MASSFTE","Massafractie","dg","t.o.v. drooggewicht","NVT","NVT","135TClBen","1,3,5-trichloorbenzeen","Massafractie 1,3,5-trichloorbenzeen in Bodem/Sediment t.o.v. drooggewicht in ug/kg","meting","NVT","NVT",TRUE,FALSE,FALSE
1975,"NVT","NVT","BS","Bodem/Sediment","ug/kg","microgram per kilogram","MASSFTE","Massafractie","dg","t.o.v. drooggewicht","NVT","NVT","13DClBen","1,3-dichloorbenzeen","Massafractie 1,3-dichloorbenzeen in Bodem/Sediment t.o.v. drooggewicht in ug/kg","meting","NVT","NVT",TRUE,FALSE,FALSE
1976,"NVT","NVT","BS","Bodem/Sediment","ug/kg","microgram per kilogram","MASSFTE","Massafractie","dg","t.o.v. drooggewicht","NVT","NVT","14DClBen","1,4-dichloorbenzeen","Massafractie 1,4-dichloorbenzeen in Bodem/Sediment t.o.v. drooggewicht in ug/kg","meting","NVT","NVT",TRUE,FALSE,FALSE
1977,"NVT","NVT","BS","Bodem/Sediment","ug/kg","microgram per kilogram","MASSFTE","Massafractie","dg","t.o.v. drooggewicht","NVT","NVT","1Cl2NO2Ben","1-chloor-2-nitrobenzeen","Massafractie 1-chloor-2-nitrobenzeen in Bodem/Sediment t.o.v. drooggewicht in ug/kg","meting","NVT","NVT",TRUE,FALSE,FALSE
1978,"NVT","NVT","BS","Bodem/Sediment","ug/kg","microgram per kilogram","MASSFTE","Massafractie","dg","t.o.v. drooggewicht","NVT","NVT","1Cl3NO2Ben","1-chloor-3-nitrobenzeen","Massafractie 1-chloor-3-nitrobenzeen in Bodem/Sediment t.o.v. drooggewicht in ug/kg","meting","NVT","NVT",TRUE,FALSE,FALSE
1979,"NVT","NVT","BS","Bodem/Sediment","ug/kg","microgram per kilogram","MASSFTE","Massafractie","dg","t.o.v. drooggewicht","NVT","NVT","1Cl4NO2Ben","1-chloor-4-nitrobenzeen","Massafractie 1-chloor-4-nitrobenzeen in Bodem/Sediment t.o.v. drooggewicht in ug/kg","meting","NVT","NVT",TRUE,FALSE,FALSE
1980,"NVT","NVT","BS","Bodem/Sediment","ug/kg","microgram per kilogram","MASSFTE","Massafractie","dg","t.o.v. drooggewicht","NVT","NVT","23DClNO2Ben","2,3-dichloornitrobenzeen","Massafractie 2,3-dichloornitrobenzeen in Bodem/Sediment t.o.v. drooggewicht in ug/kg","meting","NVT","NVT",TRUE,FALSE,FALSE
1981,"NVT","NVT","BS","Bodem/Sediment","ug/kg","microgram per kilogram","MASSFTE","Massafractie","dg","t.o.v. drooggewicht","NVT","NVT","24DClNO2Ben","2,4-dichloornitrobenzeen","Massafractie 2,4-dichloornitrobenzeen in Bodem/Sediment t.o.v. drooggewicht in ug/kg","meting","NVT","NVT",TRUE,FALSE,FALSE
1982,"NVT","NVT","BS","Bodem/Sediment","ug/kg","microgram per kilogram","MASSFTE","Massafractie","dg","t.o.v. drooggewicht","NVT","NVT","24DDD","2,4'-dichloordifenyldichloorethaan","Massafractie 2,4'-dichloordifenyldichloorethaan in Bodem/Sediment t.o.v. drooggewicht in ug/kg","meting","NVT","NVT",TRUE,FALSE,FALSE
1983,"NVT","NVT","BS","Bodem/Sediment","ug/kg","microgram per kilogram","MASSFTE","Massafractie","dg","t.o.v. drooggewicht","NVT","NVT","24DDE","2,4'-dichloordifenyldichlooretheen","Massafractie 2,4'-dichloordifenyldichlooretheen in Bodem/Sediment t.o.v. drooggewicht in ug/kg","meting","NVT","NVT",TRUE,FALSE,FALSE
1984,"NVT","NVT","BS","Bodem/Sediment","ug/kg","microgram per kilogram","MASSFTE","Massafractie","dg","t.o.v. drooggewicht","NVT","NVT","24DDT","2,4'-dichloordifenyltrichloorethaan","Massafractie 2,4'-dichloordifenyltrichloorethaan in Bodem/Sediment t.o.v. drooggewicht in ug/kg","meting","NVT","NVT",TRUE,FALSE,FALSE
1985,"NVT","NVT","BS","Bodem/Sediment","ug/kg","microgram per kilogram","MASSFTE","Massafractie","dg","t.o.v. drooggewicht","NVT","NVT","25DClNO2Ben","2,5-dichloornitrobenzeen","Massafractie 2,5-dichloornitrobenzeen in Bodem/Sediment t.o.v. drooggewicht in ug/kg","meting","NVT","NVT",TRUE,FALSE,FALSE
1986,"NVT","NVT","BS","Bodem/Sediment","ug/kg","microgram per kilogram","MASSFTE","Massafractie","dg","t.o.v. drooggewicht","NVT","NVT","34DClNO2Ben","3,4-dichloornitrobenzeen","Massafractie 3,4-dichloornitrobenzeen in Bodem/Sediment t.o.v. drooggewicht in ug/kg","meting","NVT","NVT",TRUE,FALSE,FALSE
1987,"NVT","NVT","BS","Bodem/Sediment","ug/kg","microgram per kilogram","MASSFTE","Massafractie","dg","t.o.v. drooggewicht","NVT","NVT","44DDD","4,4'-dichloordifenyldichloorethaan","Massafractie 4,4'-dichloordifenyldichloorethaan in Bodem/Sediment t.o.v. drooggewicht in ug/kg","meting","NVT","NVT",TRUE,FALSE,FALSE
1988,"NVT","NVT","BS","Bodem/Sediment","ug/kg","microgram per kilogram","MASSFTE","Massafractie","dg","t.o.v. drooggewicht","NVT","NVT","44DDE","4,4'-dichloordifenyldichlooretheen","Massafractie 4,4'-dichloordifenyldichlooretheen in Bodem/Sediment t.o.v. drooggewicht in ug/kg","meting","NVT","NVT",TRUE,FALSE,FALSE
1989,"NVT","NVT","BS","Bodem/Sediment","ug/kg","microgram per kilogram","MASSFTE","Massafractie","dg","t.o.v. drooggewicht","NVT","NVT","44DDT","4,4'-dichloordifenyltrichloorethaan","Massafractie 4,4'-dichloordifenyltrichloorethaan in Bodem/Sediment t.o.v. drooggewicht in ug/kg","meting","NVT","NVT",TRUE,FALSE,FALSE
1990,"NVT","NVT","BS","Bodem/Sediment","ug/kg","microgram per kilogram","MASSFTE","Massafractie","dg","t.o.v. drooggewicht","NVT","NVT","aedsfn","alfa-endosulfan","Massafractie alfa-endosulfan in Bodem/Sediment t.o.v. drooggewicht in ug/kg","meting","NVT","NVT",TRUE,FALSE,FALSE
1991,"NVT","NVT","BS","Bodem/Sediment","ug/kg","microgram per kilogram","MASSFTE","Massafractie","dg","t.o.v. drooggewicht","NVT","NVT","aHCH","alfa-hexachloorcyclohexaan","Massafractie alfa-hexachloorcyclohexaan in Bodem/Sediment t.o.v. drooggewicht in ug/kg","meting","NVT","NVT",TRUE,FALSE,FALSE
1992,"NVT","NVT","BS","Bodem/Sediment","ug/kg","microgram per kilogram","MASSFTE","Massafractie","dg","t.o.v. drooggewicht","NVT","NVT","aldn","aldrin","Massafractie aldrin in Bodem/Sediment t.o.v. drooggewicht in ug/kg","meting","NVT","NVT",TRUE,FALSE,FALSE
1993,"NVT","NVT","BS","Bodem/Sediment","ug/kg","microgram per kilogram","MASSFTE","Massafractie","dg","t.o.v. drooggewicht","NVT","NVT","bedsfn","beta-endosulfan","Massafractie beta-endosulfan in Bodem/Sediment t.o.v. drooggewicht in ug/kg","meting","NVT","NVT",TRUE,FALSE,FALSE
1994,"NVT","NVT","BS","Bodem/Sediment","ug/kg","microgram per kilogram","MASSFTE","Massafractie","dg","t.o.v. drooggewicht","NVT","NVT","bHCH","beta-hexachloorcyclohexaan","Massafractie beta-hexachloorcyclohexaan in Bodem/Sediment t.o.v. drooggewicht in ug/kg","meting","NVT","NVT",TRUE,FALSE,FALSE
1995,"NVT","NVT","BS","Bodem/Sediment","ug/kg","microgram per kilogram","MASSFTE","Massafractie","dg","t.o.v. drooggewicht","NVT","NVT","cHCH","gamma-hexachloorcyclohexaan (lindaan)","Massafractie gamma-hexachloorcyclohexaan (lindaan) in Bodem/Sediment t.o.v. drooggewicht in ug/kg","meting","NVT","NVT",TRUE,FALSE,FALSE
1996,"NVT","NVT","BS","Bodem/Sediment","ug/kg","microgram per kilogram","MASSFTE","Massafractie","dg","t.o.v. drooggewicht","NVT","NVT","CHLFa","chlorofyl-a","Massafractie chlorofyl-a in Bodem/Sediment t.o.v. drooggewicht in ug/kg","meting","NVT","NVT",TRUE,FALSE,FALSE
1997,"NVT","NVT","BS","Bodem/Sediment","ug/kg","microgram per kilogram","MASSFTE","Massafractie","dg","t.o.v. drooggewicht","NVT","NVT","CHLFb","chlorofyl-b","Massafractie chlorofyl-b in Bodem/Sediment t.o.v. drooggewicht in ug/kg","meting","NVT","NVT",TRUE,FALSE,FALSE
1998,"NVT","NVT","BS","Bodem/Sediment","ug/kg","microgram per kilogram","MASSFTE","Massafractie","dg","t.o.v. drooggewicht","NVT","NVT","cHpClepO","cis-heptachloorepoxide","Massafractie cis-heptachloorepoxide in Bodem/Sediment t.o.v. drooggewicht in ug/kg","meting","NVT","NVT",TRUE,FALSE,FALSE
1999,"NVT","NVT","BS","Bodem/Sediment","ug/kg","microgram per kilogram","MASSFTE","Massafractie","dg","t.o.v. drooggewicht","NVT","NVT","DC4ySn","dibutyltin (kation)","Massafractie dibutyltin (kation) in Bodem/Sediment t.o.v. drooggewicht in ug/kg","meting","NVT","NVT",TRUE,FALSE,FALSE
2000,"NVT","NVT","BS","Bodem/Sediment","ug/kg","microgram per kilogram","MASSFTE","Massafractie","dg","t.o.v. drooggewicht","NVT","NVT","DFySn","difenyltin (kation)","Massafractie difenyltin (kation) in Bodem/Sediment t.o.v. drooggewicht in ug/kg","meting","NVT","NVT",TRUE,FALSE,FALSE
2001,"NVT","NVT","BS","Bodem/Sediment","ug/kg","microgram per kilogram","MASSFTE","Massafractie","dg","t.o.v. drooggewicht","NVT","NVT","dHCH","delta-hexachloorcyclohexaan","Massafractie delta-hexachloorcyclohexaan in Bodem/Sediment t.o.v. drooggewicht in ug/kg","meting","NVT","NVT",TRUE,FALSE,FALSE
2002,"NVT","NVT","BS","Bodem/Sediment","ug/kg","microgram per kilogram","MASSFTE","Massafractie","dg","t.o.v. drooggewicht","NVT","NVT","dieldn","dieldrin","Massafractie dieldrin in Bodem/Sediment t.o.v. drooggewicht in ug/kg","meting","NVT","NVT",TRUE,FALSE,FALSE
2003,"NVT","NVT","BS","Bodem/Sediment","ug/kg","microgram per kilogram","MASSFTE","Massafractie","dg","t.o.v. drooggewicht","NVT","NVT","endn","endrin","Massafractie endrin in Bodem/Sediment t.o.v. drooggewicht in ug/kg","meting","NVT","NVT",TRUE,FALSE,FALSE
2004,"NVT","NVT","BS","Bodem/Sediment","ug/kg","microgram per kilogram","MASSFTE","Massafractie","dg","t.o.v. drooggewicht","NVT","NVT","FEOa","Feofytine a","Massafractie Feofytine a in Bodem/Sediment t.o.v. drooggewicht in ug/kg","meting","NVT","NVT",TRUE,FALSE,FALSE
2005,"NVT","NVT","BS","Bodem/Sediment","ug/kg","microgram per kilogram","MASSFTE","Massafractie","dg","t.o.v. drooggewicht","NVT","NVT","FEOb","Feofytine b","Massafractie Feofytine b in Bodem/Sediment t.o.v. drooggewicht in ug/kg","meting","NVT","NVT",TRUE,FALSE,FALSE
2006,"NVT","NVT","BS","Bodem/Sediment","ug/kg","microgram per kilogram","MASSFTE","Massafractie","dg","t.o.v. drooggewicht","NVT","NVT","HCB","hexachloorbenzeen","Massafractie hexachloorbenzeen in Bodem/Sediment t.o.v. drooggewicht in ug/kg","meting","NVT","NVT",TRUE,FALSE,FALSE
2007,"NVT","NVT","BS","Bodem/Sediment","ug/kg","microgram per kilogram","MASSFTE","Massafractie","dg","t.o.v. drooggewicht","NVT","NVT","HpCl","heptachloor","Massafractie heptachloor in Bodem/Sediment t.o.v. drooggewicht in ug/kg","meting","NVT","NVT",TRUE,FALSE,FALSE
2008,"NVT","NVT","BS","Bodem/Sediment","ug/kg","microgram per kilogram","MASSFTE","Massafractie","dg","t.o.v. drooggewicht","NVT","NVT","HxClbtDen","hexachloorbutadieen","Massafractie hexachloorbutadieen in Bodem/Sediment t.o.v. drooggewicht in ug/kg","meting","NVT","NVT",TRUE,FALSE,FALSE
2009,"NVT","NVT","BS","Bodem/Sediment","ug/kg","microgram per kilogram","MASSFTE","Massafractie","dg","t.o.v. drooggewicht","NVT","NVT","HxClC2a","hexachloorethaan","Massafractie hexachloorethaan in Bodem/Sediment t.o.v. drooggewicht in ug/kg","meting","NVT","NVT",TRUE,FALSE,FALSE
2010,"NVT","NVT","BS","Bodem/Sediment","ug/kg","microgram per kilogram","MASSFTE","Massafractie","dg","t.o.v. drooggewicht","NVT","NVT","idn","isodrin","Massafractie isodrin in Bodem/Sediment t.o.v. drooggewicht in ug/kg","meting","NVT","NVT",TRUE,FALSE,FALSE
2011,"NVT","NVT","BS","Bodem/Sediment","ug/kg","microgram per kilogram","MASSFTE","Massafractie","dg","t.o.v. drooggewicht","NVT","NVT","MC4ySn","monobutyltin (kation)","Massafractie monobutyltin (kation) in Bodem/Sediment t.o.v. drooggewicht in ug/kg","meting","NVT","NVT",TRUE,FALSE,FALSE
2012,"NVT","NVT","BS","Bodem/Sediment","ug/kg","microgram per kilogram","MASSFTE","Massafractie","dg","t.o.v. drooggewicht","NVT","NVT","MFySn","monofenyltin (kation)","Massafractie monofenyltin (kation) in Bodem/Sediment t.o.v. drooggewicht in ug/kg","meting","NVT","NVT",TRUE,FALSE,FALSE
2013,"NVT","NVT","BS","Bodem/Sediment","ug/kg","microgram per kilogram","MASSFTE","Massafractie","dg","t.o.v. drooggewicht","NVT","NVT","PBDE100","2,2',4,4',6-pentabroomdifenylether","Massafractie 2,2',4,4',6-pentabroomdifenylether in Bodem/Sediment t.o.v. drooggewicht in ug/kg","meting","NVT","NVT",TRUE,FALSE,FALSE
2014,"NVT","NVT","BS","Bodem/Sediment","ug/kg","microgram per kilogram","MASSFTE","Massafractie","dg","t.o.v. drooggewicht","NVT","NVT","PBDE138","2,2',3,4,4',5'-hexabroomdifenylether","Massafractie 2,2',3,4,4',5'-hexabroomdifenylether in Bodem/Sediment t.o.v. drooggewicht in ug/kg","meting","NVT","NVT",TRUE,FALSE,FALSE
2015,"NVT","NVT","BS","Bodem/Sediment","ug/kg","microgram per kilogram","MASSFTE","Massafractie","dg","t.o.v. drooggewicht","NVT","NVT","PBDE153","2,2',4,4',5,5'-hexabroomdifenylether","Massafractie 2,2',4,4',5,5'-hexabroomdifenylether in Bodem/Sediment t.o.v. drooggewicht in ug/kg","meting","NVT","NVT",TRUE,FALSE,FALSE
2016,"NVT","NVT","BS","Bodem/Sediment","ug/kg","microgram per kilogram","MASSFTE","Massafractie","dg","t.o.v. drooggewicht","NVT","NVT","PBDE154","2,2',4,4',5,6'-hexabroomdifenylether","Massafractie 2,2',4,4',5,6'-hexabroomdifenylether in Bodem/Sediment t.o.v. drooggewicht in ug/kg","meting","NVT","NVT",TRUE,FALSE,FALSE
2017,"NVT","NVT","BS","Bodem/Sediment","ug/kg","microgram per kilogram","MASSFTE","Massafractie","dg","t.o.v. drooggewicht","NVT","NVT","PBDE183","2,2',3,4,4',5',6-heptabroomdifenylether","Massafractie 2,2',3,4,4',5',6-heptabroomdifenylether in Bodem/Sediment t.o.v. drooggewicht in ug/kg","meting","NVT","NVT",TRUE,FALSE,FALSE
2018,"NVT","NVT","BS","Bodem/Sediment","ug/kg","microgram per kilogram","MASSFTE","Massafractie","dg","t.o.v. drooggewicht","NVT","NVT","PBDE185","1,2,3,4,5-pentabroom-6-(2,5-dibroomfenoxy)benzeen","Massafractie 1,2,3,4,5-pentabroom-6-(2,5-dibroomfenoxy)benzeen in Bodem/Sediment t.o.v. drooggewicht in ug/kg","meting","NVT","NVT",TRUE,FALSE,FALSE
2019,"NVT","NVT","BS","Bodem/Sediment","ug/kg","microgram per kilogram","MASSFTE","Massafractie","dg","t.o.v. drooggewicht","NVT","NVT","PBDE209","2,2',3,3',4,4',5,5',6,6'-decabroomdiphenylether","Massafractie 2,2',3,3',4,4',5,5',6,6'-decabroomdiphenylether in Bodem/Sediment t.o.v. drooggewicht in ug/kg","meting","NVT","NVT",TRUE,FALSE,FALSE
2020,"NVT","NVT","BS","Bodem/Sediment","ug/kg","microgram per kilogram","MASSFTE","Massafractie","dg","t.o.v. drooggewicht","NVT","NVT","PBDE28","2,4,4'-tribroomdifenylether","Massafractie 2,4,4'-tribroomdifenylether in Bodem/Sediment t.o.v. drooggewicht in ug/kg","meting","NVT","NVT",TRUE,FALSE,FALSE
2021,"NVT","NVT","BS","Bodem/Sediment","ug/kg","microgram per kilogram","MASSFTE","Massafractie","dg","t.o.v. drooggewicht","NVT","NVT","PBDE47","2,2',4,4'-tetrabroomdifenylether","Massafractie 2,2',4,4'-tetrabroomdifenylether in Bodem/Sediment t.o.v. drooggewicht in ug/kg","meting","NVT","NVT",TRUE,FALSE,FALSE
2022,"NVT","NVT","BS","Bodem/Sediment","ug/kg","microgram per kilogram","MASSFTE","Massafractie","dg","t.o.v. drooggewicht","NVT","NVT","PBDE49","2,2',4,5'-tetrabroomdifenylether","Massafractie 2,2',4,5'-tetrabroomdifenylether in Bodem/Sediment t.o.v. drooggewicht in ug/kg","meting","NVT","NVT",TRUE,FALSE,FALSE
2023,"NVT","NVT","BS","Bodem/Sediment","ug/kg","microgram per kilogram","MASSFTE","Massafractie","dg","t.o.v. drooggewicht","NVT","NVT","PBDE66","2,3',4,4'-tetrabroomdifenylether","Massafractie 2,3',4,4'-tetrabroomdifenylether in Bodem/Sediment t.o.v. drooggewicht in ug/kg","meting","NVT","NVT",TRUE,FALSE,FALSE
2024,"NVT","NVT","BS","Bodem/Sediment","ug/kg","microgram per kilogram","MASSFTE","Massafractie","dg","t.o.v. drooggewicht","NVT","NVT","PBDE71","2,3',4',6-tetrabroomdifenylether","Massafractie 2,3',4',6-tetrabroomdifenylether in Bodem/Sediment t.o.v. drooggewicht in ug/kg","meting","NVT","NVT",TRUE,FALSE,FALSE
2025,"NVT","NVT","BS","Bodem/Sediment","ug/kg","microgram per kilogram","MASSFTE","Massafractie","dg","t.o.v. drooggewicht","NVT","NVT","PBDE75","2,4,4',6-tetrabroomdifenylether","Massafractie 2,4,4',6-tetrabroomdifenylether in Bodem/Sediment t.o.v. drooggewicht in ug/kg","meting","NVT","NVT",TRUE,FALSE,FALSE
2026,"NVT","NVT","BS","Bodem/Sediment","ug/kg","microgram per kilogram","MASSFTE","Massafractie","dg","t.o.v. drooggewicht","NVT","NVT","PBDE85","2,2',3,4,4'-pentabroomdifenylether","Massafractie 2,2',3,4,4'-pentabroomdifenylether in Bodem/Sediment t.o.v. drooggewicht in ug/kg","meting","NVT","NVT",TRUE,FALSE,FALSE
2027,"NVT","NVT","BS","Bodem/Sediment","ug/kg","microgram per kilogram","MASSFTE","Massafractie","dg","t.o.v. drooggewicht","NVT","NVT","PBDE99","2,2',4,4',5-pentabroomdifenylether","Massafractie 2,2',4,4',5-pentabroomdifenylether in Bodem/Sediment t.o.v. drooggewicht in ug/kg","meting","NVT","NVT",TRUE,FALSE,FALSE
2028,"NVT","NVT","BS","Bodem/Sediment","ug/kg","microgram per kilogram","MASSFTE","Massafractie","dg","t.o.v. drooggewicht","NVT","NVT","PCB101","2,2',4,5,5'-pentachloorbifenyl","Massafractie 2,2',4,5,5'-pentachloorbifenyl in Bodem/Sediment t.o.v. drooggewicht in ug/kg","meting","NVT","NVT",TRUE,FALSE,FALSE
2029,"NVT","NVT","BS","Bodem/Sediment","ug/kg","microgram per kilogram","MASSFTE","Massafractie","dg","t.o.v. drooggewicht","NVT","NVT","PCB105","2,3,3',4,4'-pentachloorbifenyl","Massafractie 2,3,3',4,4'-pentachloorbifenyl in Bodem/Sediment t.o.v. drooggewicht in ug/kg","meting","NVT","NVT",TRUE,FALSE,FALSE
2030,"NVT","NVT","BS","Bodem/Sediment","ug/kg","microgram per kilogram","MASSFTE","Massafractie","dg","t.o.v. drooggewicht","NVT","NVT","PCB118","2,3',4,4',5-pentachloorbifenyl","Massafractie 2,3',4,4',5-pentachloorbifenyl in Bodem/Sediment t.o.v. drooggewicht in ug/kg","meting","NVT","NVT",TRUE,FALSE,FALSE
2031,"NVT","NVT","BS","Bodem/Sediment","ug/kg","microgram per kilogram","MASSFTE","Massafractie","dg","t.o.v. drooggewicht","NVT","NVT","PCB138","2,2',3,4,4',5'-hexachloorbifenyl","Massafractie 2,2',3,4,4',5'-hexachloorbifenyl in Bodem/Sediment t.o.v. drooggewicht in ug/kg","meting","NVT","NVT",TRUE,FALSE,FALSE
2032,"NVT","NVT","BS","Bodem/Sediment","ug/kg","microgram per kilogram","MASSFTE","Massafractie","dg","t.o.v. drooggewicht","NVT","NVT","PCB153","2,2',4,4',5,5'-hexachloorbifenyl","Massafractie 2,2',4,4',5,5'-hexachloorbifenyl in Bodem/Sediment t.o.v. drooggewicht in ug/kg","meting","NVT","NVT",TRUE,FALSE,FALSE
2033,"NVT","NVT","BS","Bodem/Sediment","ug/kg","microgram per kilogram","MASSFTE","Massafractie","dg","t.o.v. drooggewicht","NVT","NVT","PCB170","2,2',3,3',4,4',5-heptachloorbifenyl","Massafractie 2,2',3,3',4,4',5-heptachloorbifenyl in Bodem/Sediment t.o.v. drooggewicht in ug/kg","meting","NVT","NVT",TRUE,FALSE,FALSE
2034,"NVT","NVT","BS","Bodem/Sediment","ug/kg","microgram per kilogram","MASSFTE","Massafractie","dg","t.o.v. drooggewicht","NVT","NVT","PCB18","2,2',5-trichloorbifenyl","Massafractie 2,2',5-trichloorbifenyl in Bodem/Sediment t.o.v. drooggewicht in ug/kg","meting","NVT","NVT",TRUE,FALSE,FALSE
2035,"NVT","NVT","BS","Bodem/Sediment","ug/kg","microgram per kilogram","MASSFTE","Massafractie","dg","t.o.v. drooggewicht","NVT","NVT","PCB180","2,2',3,4,4',5,5'-heptachloorbifenyl","Massafractie 2,2',3,4,4',5,5'-heptachloorbifenyl in Bodem/Sediment t.o.v. drooggewicht in ug/kg","meting","NVT","NVT",TRUE,FALSE,FALSE
2036,"NVT","NVT","BS","Bodem/Sediment","ug/kg","microgram per kilogram","MASSFTE","Massafractie","dg","t.o.v. drooggewicht","NVT","NVT","PCB187","2,2',3,4',5,5',6-heptachloorbifenyl","Massafractie 2,2',3,4',5,5',6-heptachloorbifenyl in Bodem/Sediment t.o.v. drooggewicht in ug/kg","meting","NVT","NVT",TRUE,FALSE,FALSE
2037,"NVT","NVT","BS","Bodem/Sediment","ug/kg","microgram per kilogram","MASSFTE","Massafractie","dg","t.o.v. drooggewicht","NVT","NVT","PCB28","2,4,4'-trichloorbifenyl","Massafractie 2,4,4'-trichloorbifenyl in Bodem/Sediment t.o.v. drooggewicht in ug/kg","meting","NVT","NVT",TRUE,FALSE,FALSE
2038,"NVT","NVT","BS","Bodem/Sediment","ug/kg","microgram per kilogram","MASSFTE","Massafractie","dg","t.o.v. drooggewicht","NVT","NVT","PCB31","2,4',5-trichloorbifenyl","Massafractie 2,4',5-trichloorbifenyl in Bodem/Sediment t.o.v. drooggewicht in ug/kg","meting","NVT","NVT",TRUE,FALSE,FALSE
2039,"NVT","NVT","BS","Bodem/Sediment","ug/kg","microgram per kilogram","MASSFTE","Massafractie","dg","t.o.v. drooggewicht","NVT","NVT","PCB44","2,2',3,5'-tetrachloorbifenyl","Massafractie 2,2',3,5'-tetrachloorbifenyl in Bodem/Sediment t.o.v. drooggewicht in ug/kg","meting","NVT","NVT",TRUE,FALSE,FALSE
2040,"NVT","NVT","BS","Bodem/Sediment","ug/kg","microgram per kilogram","MASSFTE","Massafractie","dg","t.o.v. drooggewicht","NVT","NVT","PCB49","2,2',4,5'-tetrachloorbifenyl","Massafractie 2,2',4,5'-tetrachloorbifenyl in Bodem/Sediment t.o.v. drooggewicht in ug/kg","meting","NVT","NVT",TRUE,FALSE,FALSE
2041,"NVT","NVT","BS","Bodem/Sediment","ug/kg","microgram per kilogram","MASSFTE","Massafractie","dg","t.o.v. drooggewicht","NVT","NVT","PCB52","2,2',5,5'-tetrachloorbifenyl","Massafractie 2,2',5,5'-tetrachloorbifenyl in Bodem/Sediment t.o.v. drooggewicht in ug/kg","meting","NVT","NVT",TRUE,FALSE,FALSE
2042,"NVT","NVT","BS","Bodem/Sediment","ug/kg","microgram per kilogram","MASSFTE","Massafractie","dg","t.o.v. drooggewicht","NVT","NVT","PeClBen","pentachloorbenzeen","Massafractie pentachloorbenzeen in Bodem/Sediment t.o.v. drooggewicht in ug/kg","meting","NVT","NVT",TRUE,FALSE,FALSE
2043,"NVT","NVT","BS","Bodem/Sediment","ug/kg","microgram per kilogram","MASSFTE","Massafractie","dg","t.o.v. drooggewicht","NVT","NVT","PeClFol","pentachloorfenol","Massafractie pentachloorfenol in Bodem/Sediment t.o.v. drooggewicht in ug/kg","meting","NVT","NVT",TRUE,FALSE,FALSE
2044,"NVT","NVT","BS","Bodem/Sediment","ug/kg","microgram per kilogram","MASSFTE","Massafractie","dg","t.o.v. drooggewicht","NVT","NVT","s1214DClBen","som 1,2- en 1,4-dichloorbenzeen","Massafractie som 1,2- en 1,4-dichloorbenzeen in Bodem/Sediment t.o.v. drooggewicht in ug/kg","meting","NVT","NVT",TRUE,FALSE,FALSE
2045,"NVT","NVT","BS","Bodem/Sediment","ug/kg","microgram per kilogram","MASSFTE","Massafractie","dg","t.o.v. drooggewicht","NVT","NVT","s1Cl24NO2Ben","som 1-chloor-2- en 4-nitrobenzeen","Massafractie som 1-chloor-2- en 4-nitrobenzeen in Bodem/Sediment t.o.v. drooggewicht in ug/kg","meting","NVT","NVT",TRUE,FALSE,FALSE
2046,"NVT","NVT","BS","Bodem/Sediment","ug/kg","microgram per kilogram","MASSFTE","Massafractie","dg","t.o.v. drooggewicht","NVT","NVT","sDClNO2Ben4","som 2,3-, 2,4-, 2,5- en 3,4-dichloornitrobenzeen","Massafractie som 2,3-, 2,4-, 2,5- en 3,4-dichloornitrobenzeen in Bodem/Sediment t.o.v. drooggewicht in ug/kg","meting","NVT","NVT",TRUE,FALSE,FALSE
2047,"NVT","NVT","BS","Bodem/Sediment","ug/kg","microgram per kilogram","MASSFTE","Massafractie","dg","t.o.v. drooggewicht","NVT","NVT","sT4ClBen","som tetrachloorbenzeen-isomeren","Massafractie som tetrachloorbenzeen-isomeren in Bodem/Sediment t.o.v. drooggewicht in ug/kg","meting","NVT","NVT",TRUE,FALSE,FALSE
2048,"NVT","NVT","BS","Bodem/Sediment","ug/kg","microgram per kilogram","MASSFTE","Massafractie","dg","t.o.v. drooggewicht","NVT","NVT","TC4ySn","tributyltin (kation)","Massafractie tributyltin (kation) in Bodem/Sediment t.o.v. drooggewicht in ug/kg","meting","NVT","NVT",TRUE,FALSE,FALSE
2049,"NVT","NVT","BS","Bodem/Sediment","ug/kg","microgram per kilogram","MASSFTE","Massafractie","dg","t.o.v. drooggewicht","NVT","NVT","TClBen","trichloorbenzeen","Massafractie trichloorbenzeen in Bodem/Sediment t.o.v. drooggewicht in ug/kg","meting","NVT","NVT",TRUE,FALSE,FALSE
2050,"NVT","NVT","BS","Bodem/Sediment","ug/kg","microgram per kilogram","MASSFTE","Massafractie","dg","t.o.v. drooggewicht","NVT","NVT","teldn","telodrin","Massafractie telodrin in Bodem/Sediment t.o.v. drooggewicht in ug/kg","meting","NVT","NVT",TRUE,FALSE,FALSE
2051,"NVT","NVT","BS","Bodem/Sediment","ug/kg","microgram per kilogram","MASSFTE","Massafractie","dg","t.o.v. drooggewicht","NVT","NVT","TFySn","trifenyltin (kation)","Massafractie trifenyltin (kation) in Bodem/Sediment t.o.v. drooggewicht in ug/kg","meting","NVT","NVT",TRUE,FALSE,FALSE
2052,"NVT","NVT","BS","Bodem/Sediment","ug/kg","microgram per kilogram","MASSFTE","Massafractie","dg","t.o.v. drooggewicht","NVT","NVT","tHpClepO","trans-heptachloorepoxide","Massafractie trans-heptachloorepoxide in Bodem/Sediment t.o.v. drooggewicht in ug/kg","meting","NVT","NVT",TRUE,FALSE,FALSE
2053,"Littorina littorea","Littorina littorea","OE","Organisme (biota)","ug/kg","microgram per kilogram","MASSFTE","Massafractie","dg","t.o.v. drooggewicht","NVT","NVT","DC4ySn","dibutyltin (kation)","Massafractie dibutyltin (kation) in Organisme (biota) t.o.v. drooggewicht in Littorina littorea ug/kg","meting","NVT","NVT",TRUE,FALSE,FALSE
2054,"Littorina littorea","Littorina littorea","OE","Organisme (biota)","ug/kg","microgram per kilogram","MASSFTE","Massafractie","dg","t.o.v. drooggewicht","NVT","NVT","DFySn","difenyltin (kation)","Massafractie difenyltin (kation) in Organisme (biota) t.o.v. drooggewicht in Littorina littorea ug/kg","meting","NVT","NVT",TRUE,FALSE,FALSE
2055,"Littorina littorea","Littorina littorea","OE","Organisme (biota)","ug/kg","microgram per kilogram","MASSFTE","Massafractie","dg","t.o.v. drooggewicht","NVT","NVT","MC4ySn","monobutyltin (kation)","Massafractie monobutyltin (kation) in Organisme (biota) t.o.v. drooggewicht in Littorina littorea ug/kg","meting","NVT","NVT",TRUE,FALSE,FALSE
2056,"Littorina littorea","Littorina littorea","OE","Organisme (biota)","ug/kg","microgram per kilogram","MASSFTE","Massafractie","dg","t.o.v. drooggewicht","NVT","NVT","MFySn","monofenyltin (kation)","Massafractie monofenyltin (kation) in Organisme (biota) t.o.v. drooggewicht in Littorina littorea ug/kg","meting","NVT","NVT",TRUE,FALSE,FALSE
2057,"Littorina littorea","Littorina littorea","OE","Organisme (biota)","ug/kg","microgram per kilogram","MASSFTE","Massafractie","dg","t.o.v. drooggewicht","NVT","NVT","TC4ySn","tributyltin (kation)","Massafractie tributyltin (kation) in Organisme (biota) t.o.v. drooggewicht in Littorina littorea ug/kg","meting","NVT","NVT",TRUE,FALSE,FALSE
2058,"Littorina littorea","Littorina littorea","OE","Organisme (biota)","ug/kg","microgram per kilogram","MASSFTE","Massafractie","dg","t.o.v. drooggewicht","NVT","NVT","TFySn","trifenyltin (kation)","Massafractie trifenyltin (kation) in Organisme (biota) t.o.v. drooggewicht in Littorina littorea ug/kg","meting","NVT","NVT",TRUE,FALSE,FALSE
2059,"Anguilla anguilla","Anguilla anguilla","OE","Organisme (biota)","ug/kg","microgram per kilogram","MASSFTE","Massafractie","ng","t.o.v. natgewicht","VS","Vlees","1234T4ClBen","1,2,3,4-tetrachloorbenzeen","Massafractie 1,2,3,4-tetrachloorbenzeen in Organisme (biota) t.o.v. natgewicht in Vlees Anguilla anguilla ug/kg","meting","NVT","NVT",TRUE,FALSE,FALSE
2060,"Anguilla anguilla","Anguilla anguilla","OE","Organisme (biota)","ug/kg","microgram per kilogram","MASSFTE","Massafractie","ng","t.o.v. natgewicht","VS","Vlees","1235T4ClBen","1,2,3,5-tetrachloorbenzeen","Massafractie 1,2,3,5-tetrachloorbenzeen in Organisme (biota) t.o.v. natgewicht in Vlees Anguilla anguilla ug/kg","meting","NVT","NVT",TRUE,FALSE,FALSE
2061,"Anguilla anguilla","Anguilla anguilla","OE","Organisme (biota)","ug/kg","microgram per kilogram","MASSFTE","Massafractie","ng","t.o.v. natgewicht","VS","Vlees","123TClBen","1,2,3-trichloorbenzeen","Massafractie 1,2,3-trichloorbenzeen in Organisme (biota) t.o.v. natgewicht in Vlees Anguilla anguilla ug/kg","meting","NVT","NVT",TRUE,FALSE,FALSE
2062,"Anguilla anguilla","Anguilla anguilla","OE","Organisme (biota)","ug/kg","microgram per kilogram","MASSFTE","Massafractie","ng","t.o.v. natgewicht","VS","Vlees","1245T4ClBen","1,2,4,5-tetrachloorbenzeen","Massafractie 1,2,4,5-tetrachloorbenzeen in Organisme (biota) t.o.v. natgewicht in Vlees Anguilla anguilla ug/kg","meting","NVT","NVT",TRUE,FALSE,FALSE
2063,"Anguilla anguilla","Anguilla anguilla","OE","Organisme (biota)","ug/kg","microgram per kilogram","MASSFTE","Massafractie","ng","t.o.v. natgewicht","VS","Vlees","124TClBen","1,2,4-trichloorbenzeen","Massafractie 1,2,4-trichloorbenzeen in Organisme (biota) t.o.v. natgewicht in Vlees Anguilla anguilla ug/kg","meting","NVT","NVT",TRUE,FALSE,FALSE
2064,"Anguilla anguilla","Anguilla anguilla","OE","Organisme (biota)","ug/kg","microgram per kilogram","MASSFTE","Massafractie","ng","t.o.v. natgewicht","VS","Vlees","135TClBen","1,3,5-trichloorbenzeen","Massafractie 1,3,5-trichloorbenzeen in Organisme (biota) t.o.v. natgewicht in Vlees Anguilla anguilla ug/kg","meting","NVT","NVT",TRUE,FALSE,FALSE
2065,"Haematopus ostralegus","Haematopus ostralegus","OE","Organisme (biota)","ug/kg","microgram per kilogram","MASSFTE","Massafractie","ng","t.o.v. natgewicht","SF","Struif","44DDD","4,4'-dichloordifenyldichloorethaan","Massafractie 4,4'-dichloordifenyldichloorethaan in Organisme (biota) t.o.v. natgewicht in Struif Haematopus ostralegus ug/kg","meting","NVT","NVT",TRUE,FALSE,FALSE
2066,"Sterna hirundo","Sterna hirundo","OE","Organisme (biota)","ug/kg","microgram per kilogram","MASSFTE","Massafractie","ng","t.o.v. natgewicht","SF","Struif","44DDD","4,4'-dichloordifenyldichloorethaan","Massafractie 4,4'-dichloordifenyldichloorethaan in Organisme (biota) t.o.v. natgewicht in Struif Sterna hirundo ug/kg","meting","NVT","NVT",TRUE,FALSE,FALSE
2067,"Anguilla anguilla","Anguilla anguilla","OE","Organisme (biota)","ug/kg","microgram per kilogram","MASSFTE","Massafractie","ng","t.o.v. natgewicht","VS","Vlees","44DDD","4,4'-dichloordifenyldichloorethaan","Massafractie 4,4'-dichloordifenyldichloorethaan in Organisme (biota) t.o.v. natgewicht in Vlees Anguilla anguilla ug/kg","meting","NVT","NVT",TRUE,FALSE,FALSE
2068,"Haematopus ostralegus","Haematopus ostralegus","OE","Organisme (biota)","ug/kg","microgram per kilogram","MASSFTE","Massafractie","ng","t.o.v. natgewicht","SF","Struif","44DDE","4,4'-dichloordifenyldichlooretheen","Massafractie 4,4'-dichloordifenyldichlooretheen in Organisme (biota) t.o.v. natgewicht in Struif Haematopus ostralegus ug/kg","meting","NVT","NVT",TRUE,FALSE,FALSE
2069,"Sterna hirundo","Sterna hirundo","OE","Organisme (biota)","ug/kg","microgram per kilogram","MASSFTE","Massafractie","ng","t.o.v. natgewicht","SF","Struif","44DDE","4,4'-dichloordifenyldichlooretheen","Massafractie 4,4'-dichloordifenyldichlooretheen in Organisme (biota) t.o.v. natgewicht in Struif Sterna hirundo ug/kg","meting","NVT","NVT",TRUE,FALSE,FALSE
2070,"Anguilla anguilla","Anguilla anguilla","OE","Organisme (biota)","ug/kg","microgram per kilogram","MASSFTE","Massafractie","ng","t.o.v. natgewicht","VS","Vlees","44DDE","4,4'-dichloordifenyldichlooretheen","Massafractie 4,4'-dichloordifenyldichlooretheen in Organisme (biota) t.o.v. natgewicht in Vlees Anguilla anguilla ug/kg","meting","NVT","NVT",TRUE,FALSE,FALSE
2071,"Haematopus ostralegus","Haematopus ostralegus","OE","Organisme (biota)","ug/kg","microgram per kilogram","MASSFTE","Massafractie","ng","t.o.v. natgewicht","SF","Struif","44DDT","4,4'-dichloordifenyltrichloorethaan","Massafractie 4,4'-dichloordifenyltrichloorethaan in Organisme (biota) t.o.v. natgewicht in Struif Haematopus ostralegus ug/kg","meting","NVT","NVT",TRUE,FALSE,FALSE
2072,"Sterna hirundo","Sterna hirundo","OE","Organisme (biota)","ug/kg","microgram per kilogram","MASSFTE","Massafractie","ng","t.o.v. natgewicht","SF","Struif","44DDT","4,4'-dichloordifenyltrichloorethaan","Massafractie 4,4'-dichloordifenyltrichloorethaan in Organisme (biota) t.o.v. natgewicht in Struif Sterna hirundo ug/kg","meting","NVT","NVT",TRUE,FALSE,FALSE
2073,"Anguilla anguilla","Anguilla anguilla","OE","Organisme (biota)","ug/kg","microgram per kilogram","MASSFTE","Massafractie","ng","t.o.v. natgewicht","VS","Vlees","44DDT","4,4'-dichloordifenyltrichloorethaan","Massafractie 4,4'-dichloordifenyltrichloorethaan in Organisme (biota) t.o.v. natgewicht in Vlees Anguilla anguilla ug/kg","meting","NVT","NVT",TRUE,FALSE,FALSE
2074,"Platichthys flesus","Platichthys flesus","OE","Organisme (biota)","ug/kg","microgram per kilogram","MASSFTE","Massafractie","ng","t.o.v. natgewicht","NVT","NVT","62FTOH","6:2 fluortelomeer alcohol","Massafractie 6:2 fluortelomeer alcohol in Organisme (biota) t.o.v. natgewicht in Platichthys flesus ug/kg","meting","NVT","NVT",TRUE,FALSE,FALSE
2075,"Rutilus rutilus","Rutilus rutilus","OE","Organisme (biota)","ug/kg","microgram per kilogram","MASSFTE","Massafractie","ng","t.o.v. natgewicht","NVT","NVT","62FTOH","6:2 fluortelomeer alcohol","Massafractie 6:2 fluortelomeer alcohol in Organisme (biota) t.o.v. natgewicht in Rutilus rutilus ug/kg","meting","NVT","NVT",TRUE,FALSE,FALSE
2076,"Platichthys flesus","Platichthys flesus","OE","Organisme (biota)","ug/kg","microgram per kilogram","MASSFTE","Massafractie","ng","t.o.v. natgewicht","NVT","NVT","82FTOH","8:2 fluortelomeer alcohol","Massafractie 8:2 fluortelomeer alcohol in Organisme (biota) t.o.v. natgewicht in Platichthys flesus ug/kg","meting","NVT","NVT",TRUE,FALSE,FALSE
2077,"Rutilus rutilus","Rutilus rutilus","OE","Organisme (biota)","ug/kg","microgram per kilogram","MASSFTE","Massafractie","ng","t.o.v. natgewicht","NVT","NVT","82FTOH","8:2 fluortelomeer alcohol","Massafractie 8:2 fluortelomeer alcohol in Organisme (biota) t.o.v. natgewicht in Rutilus rutilus ug/kg","meting","NVT","NVT",TRUE,FALSE,FALSE
2078,"Dreissena bugensis","Dreissena bugensis","OE","Organisme (biota)","ug/kg","microgram per kilogram","MASSFTE","Massafractie","ng","t.o.v. natgewicht","VS","Vlees","AcNe","acenafteen","Massafractie acenafteen in Organisme (biota) t.o.v. natgewicht in Vlees Dreissena bugensis ug/kg","meting","NVT","NVT",TRUE,FALSE,FALSE
2079,"Dreissena polymorpha","Dreissena polymorpha","OE","Organisme (biota)","ug/kg","microgram per kilogram","MASSFTE","Massafractie","ng","t.o.v. natgewicht","VS","Vlees","AcNe","acenafteen","Massafractie acenafteen in Organisme (biota) t.o.v. natgewicht in Vlees Dreissena polymorpha ug/kg","meting","NVT","NVT",TRUE,FALSE,FALSE
2080,"Mytilus edulis","Mytilus edulis","OE","Organisme (biota)","ug/kg","microgram per kilogram","MASSFTE","Massafractie","ng","t.o.v. natgewicht","VS","Vlees","AcNe","acenafteen","Massafractie acenafteen in Organisme (biota) t.o.v. natgewicht in Vlees Mytilus edulis ug/kg","meting","NVT","NVT",TRUE,FALSE,FALSE
2081,"Platichthys flesus","Platichthys flesus","OE","Organisme (biota)","ug/kg","microgram per kilogram","MASSFTE","Massafractie","ng","t.o.v. natgewicht","NVT","NVT","ADONA","ammonium 4,8-dioxa-3H-perfluornonanoaat","Massafractie ammonium 4,8-dioxa-3H-perfluornonanoaat in Organisme (biota) t.o.v. natgewicht in Platichthys flesus ug/kg","meting","NVT","NVT",TRUE,FALSE,FALSE
2082,"Rutilus rutilus","Rutilus rutilus","OE","Organisme (biota)","ug/kg","microgram per kilogram","MASSFTE","Massafractie","ng","t.o.v. natgewicht","NVT","NVT","ADONA","ammonium 4,8-dioxa-3H-perfluornonanoaat","Massafractie ammonium 4,8-dioxa-3H-perfluornonanoaat in Organisme (biota) t.o.v. natgewicht in Rutilus rutilus ug/kg","meting","NVT","NVT",TRUE,FALSE,FALSE
2083,"Anguilla anguilla","Anguilla anguilla","OE","Organisme (biota)","ug/kg","microgram per kilogram","MASSFTE","Massafractie","ng","t.o.v. natgewicht","VS","Vlees","aedsfn","alfa-endosulfan","Massafractie alfa-endosulfan in Organisme (biota) t.o.v. natgewicht in Vlees Anguilla anguilla ug/kg","meting","NVT","NVT",TRUE,FALSE,FALSE
2084,"Haematopus ostralegus","Haematopus ostralegus","OE","Organisme (biota)","ug/kg","microgram per kilogram","MASSFTE","Massafractie","ng","t.o.v. natgewicht","SF","Struif","aHCH","alfa-hexachloorcyclohexaan","Massafractie alfa-hexachloorcyclohexaan in Organisme (biota) t.o.v. natgewicht in Struif Haematopus ostralegus ug/kg","meting","NVT","NVT",TRUE,FALSE,FALSE
2085,"Sterna hirundo","Sterna hirundo","OE","Organisme (biota)","ug/kg","microgram per kilogram","MASSFTE","Massafractie","ng","t.o.v. natgewicht","SF","Struif","aHCH","alfa-hexachloorcyclohexaan","Massafractie alfa-hexachloorcyclohexaan in Organisme (biota) t.o.v. natgewicht in Struif Sterna hirundo ug/kg","meting","NVT","NVT",TRUE,FALSE,FALSE
2086,"Anguilla anguilla","Anguilla anguilla","OE","Organisme (biota)","ug/kg","microgram per kilogram","MASSFTE","Massafractie","ng","t.o.v. natgewicht","VS","Vlees","aHCH","alfa-hexachloorcyclohexaan","Massafractie alfa-hexachloorcyclohexaan in Organisme (biota) t.o.v. natgewicht in Vlees Anguilla anguilla ug/kg","meting","NVT","NVT",TRUE,FALSE,FALSE
2087,"Dreissena bugensis","Dreissena bugensis","OE","Organisme (biota)","ug/kg","microgram per kilogram","MASSFTE","Massafractie","ng","t.o.v. natgewicht","VS","Vlees","Ant","antraceen","Massafractie antraceen in Organisme (biota) t.o.v. natgewicht in Vlees Dreissena bugensis ug/kg","meting","NVT","NVT",TRUE,FALSE,FALSE
2088,"Dreissena polymorpha","Dreissena polymorpha","OE","Organisme (biota)","ug/kg","microgram per kilogram","MASSFTE","Massafractie","ng","t.o.v. natgewicht","VS","Vlees","Ant","antraceen","Massafractie antraceen in Organisme (biota) t.o.v. natgewicht in Vlees Dreissena polymorpha ug/kg","meting","NVT","NVT",TRUE,FALSE,FALSE
2089,"Mytilus edulis","Mytilus edulis","OE","Organisme (biota)","ug/kg","microgram per kilogram","MASSFTE","Massafractie","ng","t.o.v. natgewicht","VS","Vlees","Ant","antraceen","Massafractie antraceen in Organisme (biota) t.o.v. natgewicht in Vlees Mytilus edulis ug/kg","meting","NVT","NVT",TRUE,FALSE,FALSE
2090,"Dreissena bugensis","Dreissena bugensis","OE","Organisme (biota)","ug/kg","microgram per kilogram","MASSFTE","Massafractie","ng","t.o.v. natgewicht","VS","Vlees","BaA","benzo(a)antraceen","Massafractie benzo(a)antraceen in Organisme (biota) t.o.v. natgewicht in Vlees Dreissena bugensis ug/kg","meting","NVT","NVT",TRUE,FALSE,FALSE
2091,"Dreissena polymorpha","Dreissena polymorpha","OE","Organisme (biota)","ug/kg","microgram per kilogram","MASSFTE","Massafractie","ng","t.o.v. natgewicht","VS","Vlees","BaA","benzo(a)antraceen","Massafractie benzo(a)antraceen in Organisme (biota) t.o.v. natgewicht in Vlees Dreissena polymorpha ug/kg","meting","NVT","NVT",TRUE,FALSE,FALSE
2092,"Mytilus edulis","Mytilus edulis","OE","Organisme (biota)","ug/kg","microgram per kilogram","MASSFTE","Massafractie","ng","t.o.v. natgewicht","VS","Vlees","BaA","benzo(a)antraceen","Massafractie benzo(a)antraceen in Organisme (biota) t.o.v. natgewicht in Vlees Mytilus edulis ug/kg","meting","NVT","NVT",TRUE,FALSE,FALSE
2093,"Dreissena bugensis","Dreissena bugensis","OE","Organisme (biota)","ug/kg","microgram per kilogram","MASSFTE","Massafractie","ng","t.o.v. natgewicht","VS","Vlees","BaP","benzo(a)pyreen","Massafractie benzo(a)pyreen in Organisme (biota) t.o.v. natgewicht in Vlees Dreissena bugensis ug/kg","meting","NVT","NVT",TRUE,FALSE,FALSE
2094,"Dreissena polymorpha","Dreissena polymorpha","OE","Organisme (biota)","ug/kg","microgram per kilogram","MASSFTE","Massafractie","ng","t.o.v. natgewicht","VS","Vlees","BaP","benzo(a)pyreen","Massafractie benzo(a)pyreen in Organisme (biota) t.o.v. natgewicht in Vlees Dreissena polymorpha ug/kg","meting","NVT","NVT",TRUE,FALSE,FALSE
2095,"Mytilus edulis","Mytilus edulis","OE","Organisme (biota)","ug/kg","microgram per kilogram","MASSFTE","Massafractie","ng","t.o.v. natgewicht","VS","Vlees","BaP","benzo(a)pyreen","Massafractie benzo(a)pyreen in Organisme (biota) t.o.v. natgewicht in Vlees Mytilus edulis ug/kg","meting","NVT","NVT",TRUE,FALSE,FALSE
2096,"Dreissena bugensis","Dreissena bugensis","OE","Organisme (biota)","ug/kg","microgram per kilogram","MASSFTE","Massafractie","ng","t.o.v. natgewicht","VS","Vlees","BbF","benzo(b)fluorantheen","Massafractie benzo(b)fluorantheen in Organisme (biota) t.o.v. natgewicht in Vlees Dreissena bugensis ug/kg","meting","NVT","NVT",TRUE,FALSE,FALSE
2097,"Dreissena polymorpha","Dreissena polymorpha","OE","Organisme (biota)","ug/kg","microgram per kilogram","MASSFTE","Massafractie","ng","t.o.v. natgewicht","VS","Vlees","BbF","benzo(b)fluorantheen","Massafractie benzo(b)fluorantheen in Organisme (biota) t.o.v. natgewicht in Vlees Dreissena polymorpha ug/kg","meting","NVT","NVT",TRUE,FALSE,FALSE
2098,"Mytilus edulis","Mytilus edulis","OE","Organisme (biota)","ug/kg","microgram per kilogram","MASSFTE","Massafractie","ng","t.o.v. natgewicht","VS","Vlees","BbF","benzo(b)fluorantheen","Massafractie benzo(b)fluorantheen in Organisme (biota) t.o.v. natgewicht in Vlees Mytilus edulis ug/kg","meting","NVT","NVT",TRUE,FALSE,FALSE
2099,"Anguilla anguilla","Anguilla anguilla","OE","Organisme (biota)","ug/kg","microgram per kilogram","MASSFTE","Massafractie","ng","t.o.v. natgewicht","VS","Vlees","bedsfn","beta-endosulfan","Massafractie beta-endosulfan in Organisme (biota) t.o.v. natgewicht in Vlees Anguilla anguilla ug/kg","meting","NVT","NVT",TRUE,FALSE,FALSE
2100,"Dreissena bugensis","Dreissena bugensis","OE","Organisme (biota)","ug/kg","microgram per kilogram","MASSFTE","Massafractie","ng","t.o.v. natgewicht","VS","Vlees","BghiPe","benzo(ghi)peryleen","Massafractie benzo(ghi)peryleen in Organisme (biota) t.o.v. natgewicht in Vlees Dreissena bugensis ug/kg","meting","NVT","NVT",TRUE,FALSE,FALSE
2101,"Dreissena polymorpha","Dreissena polymorpha","OE","Organisme (biota)","ug/kg","microgram per kilogram","MASSFTE","Massafractie","ng","t.o.v. natgewicht","VS","Vlees","BghiPe","benzo(ghi)peryleen","Massafractie benzo(ghi)peryleen in Organisme (biota) t.o.v. natgewicht in Vlees Dreissena polymorpha ug/kg","meting","NVT","NVT",TRUE,FALSE,FALSE
2102,"Mytilus edulis","Mytilus edulis","OE","Organisme (biota)","ug/kg","microgram per kilogram","MASSFTE","Massafractie","ng","t.o.v. natgewicht","VS","Vlees","BghiPe","benzo(ghi)peryleen","Massafractie benzo(ghi)peryleen in Organisme (biota) t.o.v. natgewicht in Vlees Mytilus edulis ug/kg","meting","NVT","NVT",TRUE,FALSE,FALSE
2103,"Haematopus ostralegus","Haematopus ostralegus","OE","Organisme (biota)","ug/kg","microgram per kilogram","MASSFTE","Massafractie","ng","t.o.v. natgewicht","SF","Struif","bHCH","beta-hexachloorcyclohexaan","Massafractie beta-hexachloorcyclohexaan in Organisme (biota) t.o.v. natgewicht in Struif Haematopus ostralegus ug/kg","meting","NVT","NVT",TRUE,FALSE,FALSE
2104,"Sterna hirundo","Sterna hirundo","OE","Organisme (biota)","ug/kg","microgram per kilogram","MASSFTE","Massafractie","ng","t.o.v. natgewicht","SF","Struif","bHCH","beta-hexachloorcyclohexaan","Massafractie beta-hexachloorcyclohexaan in Organisme (biota) t.o.v. natgewicht in Struif Sterna hirundo ug/kg","meting","NVT","NVT",TRUE,FALSE,FALSE
2105,"Anguilla anguilla","Anguilla anguilla","OE","Organisme (biota)","ug/kg","microgram per kilogram","MASSFTE","Massafractie","ng","t.o.v. natgewicht","VS","Vlees","bHCH","beta-hexachloorcyclohexaan","Massafractie beta-hexachloorcyclohexaan in Organisme (biota) t.o.v. natgewicht in Vlees Anguilla anguilla ug/kg","meting","NVT","NVT",TRUE,FALSE,FALSE
2106,"Rutilus rutilus","Rutilus rutilus","OE","Organisme (biota)","ug/kg","microgram per kilogram","MASSFTE","Massafractie","ng","t.o.v. natgewicht","NVT","NVT","bisFolA","bisfenol-A","Massafractie bisfenol-A in Organisme (biota) t.o.v. natgewicht in Rutilus rutilus ug/kg","meting","NVT","NVT",TRUE,FALSE,FALSE
2107,"Dreissena bugensis","Dreissena bugensis","OE","Organisme (biota)","ug/kg","microgram per kilogram","MASSFTE","Massafractie","ng","t.o.v. natgewicht","VS","Vlees","BkF","benzo(k)fluorantheen","Massafractie benzo(k)fluorantheen in Organisme (biota) t.o.v. natgewicht in Vlees Dreissena bugensis ug/kg","meting","NVT","NVT",TRUE,FALSE,FALSE
2108,"Dreissena polymorpha","Dreissena polymorpha","OE","Organisme (biota)","ug/kg","microgram per kilogram","MASSFTE","Massafractie","ng","t.o.v. natgewicht","VS","Vlees","BkF","benzo(k)fluorantheen","Massafractie benzo(k)fluorantheen in Organisme (biota) t.o.v. natgewicht in Vlees Dreissena polymorpha ug/kg","meting","NVT","NVT",TRUE,FALSE,FALSE
2109,"Mytilus edulis","Mytilus edulis","OE","Organisme (biota)","ug/kg","microgram per kilogram","MASSFTE","Massafractie","ng","t.o.v. natgewicht","VS","Vlees","BkF","benzo(k)fluorantheen","Massafractie benzo(k)fluorantheen in Organisme (biota) t.o.v. natgewicht in Vlees Mytilus edulis ug/kg","meting","NVT","NVT",TRUE,FALSE,FALSE
2110,"Haematopus ostralegus","Haematopus ostralegus","OE","Organisme (biota)","ug/kg","microgram per kilogram","MASSFTE","Massafractie","ng","t.o.v. natgewicht","SF","Struif","cCldn","cis-chloordaan","Massafractie cis-chloordaan in Organisme (biota) t.o.v. natgewicht in Struif Haematopus ostralegus ug/kg","meting","NVT","NVT",TRUE,FALSE,FALSE
2111,"Sterna hirundo","Sterna hirundo","OE","Organisme (biota)","ug/kg","microgram per kilogram","MASSFTE","Massafractie","ng","t.o.v. natgewicht","SF","Struif","cCldn","cis-chloordaan","Massafractie cis-chloordaan in Organisme (biota) t.o.v. natgewicht in Struif Sterna hirundo ug/kg","meting","NVT","NVT",TRUE,FALSE,FALSE
2112,"Haematopus ostralegus","Haematopus ostralegus","OE","Organisme (biota)","ug/kg","microgram per kilogram","MASSFTE","Massafractie","ng","t.o.v. natgewicht","SF","Struif","cHCH","gamma-hexachloorcyclohexaan (lindaan)","Massafractie gamma-hexachloorcyclohexaan (lindaan) in Organisme (biota) t.o.v. natgewicht in Struif Haematopus ostralegus ug/kg","meting","NVT","NVT",TRUE,FALSE,FALSE
2113,"Sterna hirundo","Sterna hirundo","OE","Organisme (biota)","ug/kg","microgram per kilogram","MASSFTE","Massafractie","ng","t.o.v. natgewicht","SF","Struif","cHCH","gamma-hexachloorcyclohexaan (lindaan)","Massafractie gamma-hexachloorcyclohexaan (lindaan) in Organisme (biota) t.o.v. natgewicht in Struif Sterna hirundo ug/kg","meting","NVT","NVT",TRUE,FALSE,FALSE
2114,"Anguilla anguilla","Anguilla anguilla","OE","Organisme (biota)","ug/kg","microgram per kilogram","MASSFTE","Massafractie","ng","t.o.v. natgewicht","VS","Vlees","cHCH","gamma-hexachloorcyclohexaan (lindaan)","Massafractie gamma-hexachloorcyclohexaan (lindaan) in Organisme (biota) t.o.v. natgewicht in Vlees Anguilla anguilla ug/kg","meting","NVT","NVT",TRUE,FALSE,FALSE
2115,"Platichthys flesus","Platichthys flesus","OE","Organisme (biota)","ug/kg","microgram per kilogram","MASSFTE","Massafractie","ng","t.o.v. natgewicht","NVT","NVT","cHpClepO","cis-heptachloorepoxide","Massafractie cis-heptachloorepoxide in Organisme (biota) t.o.v. natgewicht in Platichthys flesus ug/kg","meting","NVT","NVT",TRUE,FALSE,FALSE
2116,"Rutilus rutilus","Rutilus rutilus","OE","Organisme (biota)","ug/kg","microgram per kilogram","MASSFTE","Massafractie","ng","t.o.v. natgewicht","NVT","NVT","cHpClepO","cis-heptachloorepoxide","Massafractie cis-heptachloorepoxide in Organisme (biota) t.o.v. natgewicht in Rutilus rutilus ug/kg","meting","NVT","NVT",TRUE,FALSE,FALSE
2117,"Dreissena bugensis","Dreissena bugensis","OE","Organisme (biota)","ug/kg","microgram per kilogram","MASSFTE","Massafractie","ng","t.o.v. natgewicht","VS","Vlees","Chr","chryseen","Massafractie chryseen in Organisme (biota) t.o.v. natgewicht in Vlees Dreissena bugensis ug/kg","meting","NVT","NVT",TRUE,FALSE,FALSE
2118,"Dreissena polymorpha","Dreissena polymorpha","OE","Organisme (biota)","ug/kg","microgram per kilogram","MASSFTE","Massafractie","ng","t.o.v. natgewicht","VS","Vlees","Chr","chryseen","Massafractie chryseen in Organisme (biota) t.o.v. natgewicht in Vlees Dreissena polymorpha ug/kg","meting","NVT","NVT",TRUE,FALSE,FALSE
2119,"Mytilus edulis","Mytilus edulis","OE","Organisme (biota)","ug/kg","microgram per kilogram","MASSFTE","Massafractie","ng","t.o.v. natgewicht","VS","Vlees","Chr","chryseen","Massafractie chryseen in Organisme (biota) t.o.v. natgewicht in Vlees Mytilus edulis ug/kg","meting","NVT","NVT",TRUE,FALSE,FALSE
2120,"Haematopus ostralegus","Haematopus ostralegus","OE","Organisme (biota)","ug/kg","microgram per kilogram","MASSFTE","Massafractie","ng","t.o.v. natgewicht","SF","Struif","cNnCl","cis-nonachloor","Massafractie cis-nonachloor in Organisme (biota) t.o.v. natgewicht in Struif Haematopus ostralegus ug/kg","meting","NVT","NVT",TRUE,FALSE,FALSE
2121,"Sterna hirundo","Sterna hirundo","OE","Organisme (biota)","ug/kg","microgram per kilogram","MASSFTE","Massafractie","ng","t.o.v. natgewicht","SF","Struif","cNnCl","cis-nonachloor","Massafractie cis-nonachloor in Organisme (biota) t.o.v. natgewicht in Struif Sterna hirundo ug/kg","meting","NVT","NVT",TRUE,FALSE,FALSE
2122,"Dreissena bugensis","Dreissena bugensis","OE","Organisme (biota)","ug/kg","microgram per kilogram","MASSFTE","Massafractie","ng","t.o.v. natgewicht","VS","Vlees","DBahAnt","dibenzo(a,h)antraceen","Massafractie dibenzo(a,h)antraceen in Organisme (biota) t.o.v. natgewicht in Vlees Dreissena bugensis ug/kg","meting","NVT","NVT",TRUE,FALSE,FALSE
2123,"Dreissena polymorpha","Dreissena polymorpha","OE","Organisme (biota)","ug/kg","microgram per kilogram","MASSFTE","Massafractie","ng","t.o.v. natgewicht","VS","Vlees","DBahAnt","dibenzo(a,h)antraceen","Massafractie dibenzo(a,h)antraceen in Organisme (biota) t.o.v. natgewicht in Vlees Dreissena polymorpha ug/kg","meting","NVT","NVT",TRUE,FALSE,FALSE
2124,"Mytilus edulis","Mytilus edulis","OE","Organisme (biota)","ug/kg","microgram per kilogram","MASSFTE","Massafractie","ng","t.o.v. natgewicht","VS","Vlees","DBahAnt","dibenzo(a,h)antraceen","Massafractie dibenzo(a,h)antraceen in Organisme (biota) t.o.v. natgewicht in Vlees Mytilus edulis ug/kg","meting","NVT","NVT",TRUE,FALSE,FALSE
2125,"Dreissena bugensis","Dreissena bugensis","OE","Organisme (biota)","ug/kg","microgram per kilogram","MASSFTE","Massafractie","ng","t.o.v. natgewicht","VS","Vlees","DC4ySn","dibutyltin (kation)","Massafractie dibutyltin (kation) in Organisme (biota) t.o.v. natgewicht in Vlees Dreissena bugensis ug/kg","meting","NVT","NVT",TRUE,FALSE,FALSE
2126,"Dreissena polymorpha","Dreissena polymorpha","OE","Organisme (biota)","ug/kg","microgram per kilogram","MASSFTE","Massafractie","ng","t.o.v. natgewicht","VS","Vlees","DC4ySn","dibutyltin (kation)","Massafractie dibutyltin (kation) in Organisme (biota) t.o.v. natgewicht in Vlees Dreissena polymorpha ug/kg","meting","NVT","NVT",TRUE,FALSE,FALSE
2127,"Littorina littorea","Littorina littorea","OE","Organisme (biota)","ug/kg","microgram per kilogram","MASSFTE","Massafractie","ng","t.o.v. natgewicht","VS","Vlees","DC4ySn","dibutyltin (kation)","Massafractie dibutyltin (kation) in Organisme (biota) t.o.v. natgewicht in Vlees Littorina littorea ug/kg","meting","NVT","NVT",TRUE,FALSE,FALSE
2128,"Nassarius reticulatus","Nassarius reticulatus","OE","Organisme (biota)","ug/kg","microgram per kilogram","MASSFTE","Massafractie","ng","t.o.v. natgewicht","VS","Vlees","DC4ySn","dibutyltin (kation)","Massafractie dibutyltin (kation) in Organisme (biota) t.o.v. natgewicht in Vlees Nassarius reticulatus ug/kg","meting","NVT","NVT",TRUE,FALSE,FALSE
2129,"Nucella lapillus","Nucella lapillus","OE","Organisme (biota)","ug/kg","microgram per kilogram","MASSFTE","Massafractie","ng","t.o.v. natgewicht","VS","Vlees","DC4ySn","dibutyltin (kation)","Massafractie dibutyltin (kation) in Organisme (biota) t.o.v. natgewicht in Vlees Nucella lapillus ug/kg","meting","NVT","NVT",TRUE,FALSE,FALSE
2130,"Platichthys flesus","Platichthys flesus","OE","Organisme (biota)","ug/kg","microgram per kilogram","MASSFTE","Massafractie","ng","t.o.v. natgewicht","NVT","NVT","Dcfl","dicofol","Massafractie dicofol in Organisme (biota) t.o.v. natgewicht in Platichthys flesus ug/kg","meting","NVT","NVT",TRUE,FALSE,FALSE
2131,"Rutilus rutilus","Rutilus rutilus","OE","Organisme (biota)","ug/kg","microgram per kilogram","MASSFTE","Massafractie","ng","t.o.v. natgewicht","NVT","NVT","Dcfl","dicofol","Massafractie dicofol in Organisme (biota) t.o.v. natgewicht in Rutilus rutilus ug/kg","meting","NVT","NVT",TRUE,FALSE,FALSE
2132,"Dreissena bugensis","Dreissena bugensis","OE","Organisme (biota)","ug/kg","microgram per kilogram","MASSFTE","Massafractie","ng","t.o.v. natgewicht","VS","Vlees","DFySn","difenyltin (kation)","Massafractie difenyltin (kation) in Organisme (biota) t.o.v. natgewicht in Vlees Dreissena bugensis ug/kg","meting","NVT","NVT",TRUE,FALSE,FALSE
2133,"Dreissena polymorpha","Dreissena polymorpha","OE","Organisme (biota)","ug/kg","microgram per kilogram","MASSFTE","Massafractie","ng","t.o.v. natgewicht","VS","Vlees","DFySn","difenyltin (kation)","Massafractie difenyltin (kation) in Organisme (biota) t.o.v. natgewicht in Vlees Dreissena polymorpha ug/kg","meting","NVT","NVT",TRUE,FALSE,FALSE
2134,"Littorina littorea","Littorina littorea","OE","Organisme (biota)","ug/kg","microgram per kilogram","MASSFTE","Massafractie","ng","t.o.v. natgewicht","VS","Vlees","DFySn","difenyltin (kation)","Massafractie difenyltin (kation) in Organisme (biota) t.o.v. natgewicht in Vlees Littorina littorea ug/kg","meting","NVT","NVT",TRUE,FALSE,FALSE
2135,"Nassarius reticulatus","Nassarius reticulatus","OE","Organisme (biota)","ug/kg","microgram per kilogram","MASSFTE","Massafractie","ng","t.o.v. natgewicht","VS","Vlees","DFySn","difenyltin (kation)","Massafractie difenyltin (kation) in Organisme (biota) t.o.v. natgewicht in Vlees Nassarius reticulatus ug/kg","meting","NVT","NVT",TRUE,FALSE,FALSE
2136,"Nucella lapillus","Nucella lapillus","OE","Organisme (biota)","ug/kg","microgram per kilogram","MASSFTE","Massafractie","ng","t.o.v. natgewicht","VS","Vlees","DFySn","difenyltin (kation)","Massafractie difenyltin (kation) in Organisme (biota) t.o.v. natgewicht in Vlees Nucella lapillus ug/kg","meting","NVT","NVT",TRUE,FALSE,FALSE
2137,"Anguilla anguilla","Anguilla anguilla","OE","Organisme (biota)","ug/kg","microgram per kilogram","MASSFTE","Massafractie","ng","t.o.v. natgewicht","VS","Vlees","dieldn","dieldrin","Massafractie dieldrin in Organisme (biota) t.o.v. natgewicht in Vlees Anguilla anguilla ug/kg","meting","NVT","NVT",TRUE,FALSE,FALSE
2138,"Platichthys flesus","Platichthys flesus","OE","Organisme (biota)","ug/kg","microgram per kilogram","MASSFTE","Massafractie","ng","t.o.v. natgewicht","NVT","NVT","EtFOSAA","N-ethyl-perfluoroctaan sulfonamidoazijnzuur","Massafractie N-ethyl-perfluoroctaan sulfonamidoazijnzuur in Organisme (biota) t.o.v. natgewicht in Platichthys flesus ug/kg","meting","NVT","NVT",TRUE,FALSE,FALSE
2139,"Rutilus rutilus","Rutilus rutilus","OE","Organisme (biota)","ug/kg","microgram per kilogram","MASSFTE","Massafractie","ng","t.o.v. natgewicht","NVT","NVT","EtFOSAA","N-ethyl-perfluoroctaan sulfonamidoazijnzuur","Massafractie N-ethyl-perfluoroctaan sulfonamidoazijnzuur in Organisme (biota) t.o.v. natgewicht in Rutilus rutilus ug/kg","meting","NVT","NVT",TRUE,FALSE,FALSE
2140,"Platichthys flesus","Platichthys flesus","OE","Organisme (biota)","ug/kg","microgram per kilogram","MASSFTE","Massafractie","ng","t.o.v. natgewicht","NVT","NVT","FC1oxOaEsrO","2,2-Difluor-2-[{2,2,4,5-tetrafluor-5-(trifluormethoxy)-1,3-dioxolan-4-yl}oxy]azijnzuur","Massafractie 2,2-Difluor-2-[{2,2,4,5-tetrafluor-5-(trifluormethoxy)-1,3-dioxolan-4-yl}oxy]azijnzuur in Organisme (biota) t.o.v. natgewicht in Platichthys flesus ug/kg","meting","NVT","NVT",TRUE,FALSE,FALSE
2141,"Rutilus rutilus","Rutilus rutilus","OE","Organisme (biota)","ug/kg","microgram per kilogram","MASSFTE","Massafractie","ng","t.o.v. natgewicht","NVT","NVT","FC1oxOaEsrO","2,2-Difluor-2-[{2,2,4,5-tetrafluor-5-(trifluormethoxy)-1,3-dioxolan-4-yl}oxy]azijnzuur","Massafractie 2,2-Difluor-2-[{2,2,4,5-tetrafluor-5-(trifluormethoxy)-1,3-dioxolan-4-yl}oxy]azijnzuur in Organisme (biota) t.o.v. natgewicht in Rutilus rutilus ug/kg","meting","NVT","NVT",TRUE,FALSE,FALSE
2142,"Dreissena bugensis","Dreissena bugensis","OE","Organisme (biota)","ug/kg","microgram per kilogram","MASSFTE","Massafractie","ng","t.o.v. natgewicht","VS","Vlees","Fen","fenantreen","Massafractie fenantreen in Organisme (biota) t.o.v. natgewicht in Vlees Dreissena bugensis ug/kg","meting","NVT","NVT",TRUE,FALSE,FALSE
2143,"Dreissena polymorpha","Dreissena polymorpha","OE","Organisme (biota)","ug/kg","microgram per kilogram","MASSFTE","Massafractie","ng","t.o.v. natgewicht","VS","Vlees","Fen","fenantreen","Massafractie fenantreen in Organisme (biota) t.o.v. natgewicht in Vlees Dreissena polymorpha ug/kg","meting","NVT","NVT",TRUE,FALSE,FALSE
2144,"Mytilus edulis","Mytilus edulis","OE","Organisme (biota)","ug/kg","microgram per kilogram","MASSFTE","Massafractie","ng","t.o.v. natgewicht","VS","Vlees","Fen","fenantreen","Massafractie fenantreen in Organisme (biota) t.o.v. natgewicht in Vlees Mytilus edulis ug/kg","meting","NVT","NVT",TRUE,FALSE,FALSE
2145,"Dreissena bugensis","Dreissena bugensis","OE","Organisme (biota)","ug/kg","microgram per kilogram","MASSFTE","Massafractie","ng","t.o.v. natgewicht","VS","Vlees","Fle","fluoreen","Massafractie fluoreen in Organisme (biota) t.o.v. natgewicht in Vlees Dreissena bugensis ug/kg","meting","NVT","NVT",TRUE,FALSE,FALSE
2146,"Dreissena polymorpha","Dreissena polymorpha","OE","Organisme (biota)","ug/kg","microgram per kilogram","MASSFTE","Massafractie","ng","t.o.v. natgewicht","VS","Vlees","Fle","fluoreen","Massafractie fluoreen in Organisme (biota) t.o.v. natgewicht in Vlees Dreissena polymorpha ug/kg","meting","NVT","NVT",TRUE,FALSE,FALSE
2147,"Mytilus edulis","Mytilus edulis","OE","Organisme (biota)","ug/kg","microgram per kilogram","MASSFTE","Massafractie","ng","t.o.v. natgewicht","VS","Vlees","Fle","fluoreen","Massafractie fluoreen in Organisme (biota) t.o.v. natgewicht in Vlees Mytilus edulis ug/kg","meting","NVT","NVT",TRUE,FALSE,FALSE
2148,"Dreissena bugensis","Dreissena bugensis","OE","Organisme (biota)","ug/kg","microgram per kilogram","MASSFTE","Massafractie","ng","t.o.v. natgewicht","VS","Vlees","Flu","fluorantheen","Massafractie fluorantheen in Organisme (biota) t.o.v. natgewicht in Vlees Dreissena bugensis ug/kg","meting","NVT","NVT",TRUE,FALSE,FALSE
2149,"Dreissena polymorpha","Dreissena polymorpha","OE","Organisme (biota)","ug/kg","microgram per kilogram","MASSFTE","Massafractie","ng","t.o.v. natgewicht","VS","Vlees","Flu","fluorantheen","Massafractie fluorantheen in Organisme (biota) t.o.v. natgewicht in Vlees Dreissena polymorpha ug/kg","meting","NVT","NVT",TRUE,FALSE,FALSE
2150,"Mytilus edulis","Mytilus edulis","OE","Organisme (biota)","ug/kg","microgram per kilogram","MASSFTE","Massafractie","ng","t.o.v. natgewicht","VS","Vlees","Flu","fluorantheen","Massafractie fluorantheen in Organisme (biota) t.o.v. natgewicht in Vlees Mytilus edulis ug/kg","meting","NVT","NVT",TRUE,FALSE,FALSE
2151,"Platichthys flesus","Platichthys flesus","OE","Organisme (biota)","ug/kg","microgram per kilogram","MASSFTE","Massafractie","ng","t.o.v. natgewicht","NVT","NVT","FRD-902","ammonium 2,3,3,3-tetrafluor-2-(heptafluorpropoxy)-propanoaat","Massafractie ammonium 2,3,3,3-tetrafluor-2-(heptafluorpropoxy)-propanoaat in Organisme (biota) t.o.v. natgewicht in Platichthys flesus ug/kg","meting","NVT","NVT",TRUE,FALSE,FALSE
2152,"Rutilus rutilus","Rutilus rutilus","OE","Organisme (biota)","ug/kg","microgram per kilogram","MASSFTE","Massafractie","ng","t.o.v. natgewicht","NVT","NVT","FRD-902","ammonium 2,3,3,3-tetrafluor-2-(heptafluorpropoxy)-propanoaat","Massafractie ammonium 2,3,3,3-tetrafluor-2-(heptafluorpropoxy)-propanoaat in Organisme (biota) t.o.v. natgewicht in Rutilus rutilus ug/kg","meting","NVT","NVT",TRUE,FALSE,FALSE
2153,"Platichthys flesus","Platichthys flesus","OE","Organisme (biota)","ug/kg","microgram per kilogram","MASSFTE","Massafractie","ng","t.o.v. natgewicht","NVT","NVT","HBCD","som HBCD (technisch mengsel, niet-gespecif. broom-posities)","Massafractie som HBCD (technisch mengsel, niet-gespecif. broom-posities) in Organisme (biota) t.o.v. natgewicht in Platichthys flesus ug/kg","meting","NVT","NVT",TRUE,FALSE,FALSE
2154,"Rutilus rutilus","Rutilus rutilus","OE","Organisme (biota)","ug/kg","microgram per kilogram","MASSFTE","Massafractie","ng","t.o.v. natgewicht","NVT","NVT","HBCD","som HBCD (technisch mengsel, niet-gespecif. broom-posities)","Massafractie som HBCD (technisch mengsel, niet-gespecif. broom-posities) in Organisme (biota) t.o.v. natgewicht in Rutilus rutilus ug/kg","meting","NVT","NVT",TRUE,FALSE,FALSE
2155,"Platichthys flesus","Platichthys flesus","OE","Organisme (biota)","ug/kg","microgram per kilogram","MASSFTE","Massafractie","ng","t.o.v. natgewicht","NVT","NVT","HCB","hexachloorbenzeen","Massafractie hexachloorbenzeen in Organisme (biota) t.o.v. natgewicht in Platichthys flesus ug/kg","meting","NVT","NVT",TRUE,FALSE,FALSE
2156,"Rutilus rutilus","Rutilus rutilus","OE","Organisme (biota)","ug/kg","microgram per kilogram","MASSFTE","Massafractie","ng","t.o.v. natgewicht","NVT","NVT","HCB","hexachloorbenzeen","Massafractie hexachloorbenzeen in Organisme (biota) t.o.v. natgewicht in Rutilus rutilus ug/kg","meting","NVT","NVT",TRUE,FALSE,FALSE
2157,"Haematopus ostralegus","Haematopus ostralegus","OE","Organisme (biota)","ug/kg","microgram per kilogram","MASSFTE","Massafractie","ng","t.o.v. natgewicht","SF","Struif","HCB","hexachloorbenzeen","Massafractie hexachloorbenzeen in Organisme (biota) t.o.v. natgewicht in Struif Haematopus ostralegus ug/kg","meting","NVT","NVT",TRUE,FALSE,FALSE
2158,"Sterna hirundo","Sterna hirundo","OE","Organisme (biota)","ug/kg","microgram per kilogram","MASSFTE","Massafractie","ng","t.o.v. natgewicht","SF","Struif","HCB","hexachloorbenzeen","Massafractie hexachloorbenzeen in Organisme (biota) t.o.v. natgewicht in Struif Sterna hirundo ug/kg","meting","NVT","NVT",TRUE,FALSE,FALSE
2159,"Anguilla anguilla","Anguilla anguilla","OE","Organisme (biota)","ug/kg","microgram per kilogram","MASSFTE","Massafractie","ng","t.o.v. natgewicht","VS","Vlees","HCB","hexachloorbenzeen","Massafractie hexachloorbenzeen in Organisme (biota) t.o.v. natgewicht in Vlees Anguilla anguilla ug/kg","meting","NVT","NVT",TRUE,FALSE,FALSE
2160,"Dreissena bugensis","Dreissena bugensis","OE","Organisme (biota)","ug/kg","microgram per kilogram","MASSFTE","Massafractie","ng","t.o.v. natgewicht","VS","Vlees","HCB","hexachloorbenzeen","Massafractie hexachloorbenzeen in Organisme (biota) t.o.v. natgewicht in Vlees Dreissena bugensis ug/kg","meting","NVT","NVT",TRUE,FALSE,FALSE
2161,"Dreissena polymorpha","Dreissena polymorpha","OE","Organisme (biota)","ug/kg","microgram per kilogram","MASSFTE","Massafractie","ng","t.o.v. natgewicht","VS","Vlees","HCB","hexachloorbenzeen","Massafractie hexachloorbenzeen in Organisme (biota) t.o.v. natgewicht in Vlees Dreissena polymorpha ug/kg","meting","NVT","NVT",TRUE,FALSE,FALSE
2162,"Platichthys flesus","Platichthys flesus","OE","Organisme (biota)","ug/kg","microgram per kilogram","MASSFTE","Massafractie","ng","t.o.v. natgewicht","NVT","NVT","HpCl","heptachloor","Massafractie heptachloor in Organisme (biota) t.o.v. natgewicht in Platichthys flesus ug/kg","meting","NVT","NVT",TRUE,FALSE,FALSE
2163,"Rutilus rutilus","Rutilus rutilus","OE","Organisme (biota)","ug/kg","microgram per kilogram","MASSFTE","Massafractie","ng","t.o.v. natgewicht","NVT","NVT","HpCl","heptachloor","Massafractie heptachloor in Organisme (biota) t.o.v. natgewicht in Rutilus rutilus ug/kg","meting","NVT","NVT",TRUE,FALSE,FALSE
2164,"Platichthys flesus","Platichthys flesus","OE","Organisme (biota)","ug/kg","microgram per kilogram","MASSFTE","Massafractie","ng","t.o.v. natgewicht","NVT","NVT","HxClbtDen","hexachloorbutadieen","Massafractie hexachloorbutadieen in Organisme (biota) t.o.v. natgewicht in Platichthys flesus ug/kg","meting","NVT","NVT",TRUE,FALSE,FALSE
2165,"Rutilus rutilus","Rutilus rutilus","OE","Organisme (biota)","ug/kg","microgram per kilogram","MASSFTE","Massafractie","ng","t.o.v. natgewicht","NVT","NVT","HxClbtDen","hexachloorbutadieen","Massafractie hexachloorbutadieen in Organisme (biota) t.o.v. natgewicht in Rutilus rutilus ug/kg","meting","NVT","NVT",TRUE,FALSE,FALSE
2166,"Anguilla anguilla","Anguilla anguilla","OE","Organisme (biota)","ug/kg","microgram per kilogram","MASSFTE","Massafractie","ng","t.o.v. natgewicht","VS","Vlees","HxClbtDen","hexachloorbutadieen","Massafractie hexachloorbutadieen in Organisme (biota) t.o.v. natgewicht in Vlees Anguilla anguilla ug/kg","meting","NVT","NVT",TRUE,FALSE,FALSE
2167,"Dreissena bugensis","Dreissena bugensis","OE","Organisme (biota)","ug/kg","microgram per kilogram","MASSFTE","Massafractie","ng","t.o.v. natgewicht","VS","Vlees","HxClbtDen","hexachloorbutadieen","Massafractie hexachloorbutadieen in Organisme (biota) t.o.v. natgewicht in Vlees Dreissena bugensis ug/kg","meting","NVT","NVT",TRUE,FALSE,FALSE
2168,"Dreissena polymorpha","Dreissena polymorpha","OE","Organisme (biota)","ug/kg","microgram per kilogram","MASSFTE","Massafractie","ng","t.o.v. natgewicht","VS","Vlees","HxClbtDen","hexachloorbutadieen","Massafractie hexachloorbutadieen in Organisme (biota) t.o.v. natgewicht in Vlees Dreissena polymorpha ug/kg","meting","NVT","NVT",TRUE,FALSE,FALSE
2169,"Dreissena bugensis","Dreissena bugensis","OE","Organisme (biota)","ug/kg","microgram per kilogram","MASSFTE","Massafractie","ng","t.o.v. natgewicht","VS","Vlees","InP","indeno(1,2,3-cd)pyreen","Massafractie indeno(1,2,3-cd)pyreen in Organisme (biota) t.o.v. natgewicht in Vlees Dreissena bugensis ug/kg","meting","NVT","NVT",TRUE,FALSE,FALSE
2170,"Dreissena polymorpha","Dreissena polymorpha","OE","Organisme (biota)","ug/kg","microgram per kilogram","MASSFTE","Massafractie","ng","t.o.v. natgewicht","VS","Vlees","InP","indeno(1,2,3-cd)pyreen","Massafractie indeno(1,2,3-cd)pyreen in Organisme (biota) t.o.v. natgewicht in Vlees Dreissena polymorpha ug/kg","meting","NVT","NVT",TRUE,FALSE,FALSE
2171,"Mytilus edulis","Mytilus edulis","OE","Organisme (biota)","ug/kg","microgram per kilogram","MASSFTE","Massafractie","ng","t.o.v. natgewicht","VS","Vlees","InP","indeno(1,2,3-cd)pyreen","Massafractie indeno(1,2,3-cd)pyreen in Organisme (biota) t.o.v. natgewicht in Vlees Mytilus edulis ug/kg","meting","NVT","NVT",TRUE,FALSE,FALSE
2172,"Platichthys flesus","Platichthys flesus","OE","Organisme (biota)","ug/kg","microgram per kilogram","MASSFTE","Massafractie","ng","t.o.v. natgewicht","NVT","NVT","L_PFBS","perfluorbutaansulfonzuur","Massafractie perfluorbutaansulfonzuur in Organisme (biota) t.o.v. natgewicht in Platichthys flesus ug/kg","meting","NVT","NVT",TRUE,FALSE,FALSE
2173,"Rutilus rutilus","Rutilus rutilus","OE","Organisme (biota)","ug/kg","microgram per kilogram","MASSFTE","Massafractie","ng","t.o.v. natgewicht","NVT","NVT","L_PFBS","perfluorbutaansulfonzuur","Massafractie perfluorbutaansulfonzuur in Organisme (biota) t.o.v. natgewicht in Rutilus rutilus ug/kg","meting","NVT","NVT",TRUE,FALSE,FALSE
2174,"Platichthys flesus","Platichthys flesus","OE","Organisme (biota)","ug/kg","microgram per kilogram","MASSFTE","Massafractie","ng","t.o.v. natgewicht","NVT","NVT","L_PFDS","perfluordecaansulfonzuur","Massafractie perfluordecaansulfonzuur in Organisme (biota) t.o.v. natgewicht in Platichthys flesus ug/kg","meting","NVT","NVT",TRUE,FALSE,FALSE
2175,"Rutilus rutilus","Rutilus rutilus","OE","Organisme (biota)","ug/kg","microgram per kilogram","MASSFTE","Massafractie","ng","t.o.v. natgewicht","NVT","NVT","L_PFDS","perfluordecaansulfonzuur","Massafractie perfluordecaansulfonzuur in Organisme (biota) t.o.v. natgewicht in Rutilus rutilus ug/kg","meting","NVT","NVT",TRUE,FALSE,FALSE
2176,"Platichthys flesus","Platichthys flesus","OE","Organisme (biota)","ug/kg","microgram per kilogram","MASSFTE","Massafractie","ng","t.o.v. natgewicht","NVT","NVT","L_PFHpS","perfluorheptaansulfonzuur","Massafractie perfluorheptaansulfonzuur in Organisme (biota) t.o.v. natgewicht in Platichthys flesus ug/kg","meting","NVT","NVT",TRUE,FALSE,FALSE
2177,"Rutilus rutilus","Rutilus rutilus","OE","Organisme (biota)","ug/kg","microgram per kilogram","MASSFTE","Massafractie","ng","t.o.v. natgewicht","NVT","NVT","L_PFHpS","perfluorheptaansulfonzuur","Massafractie perfluorheptaansulfonzuur in Organisme (biota) t.o.v. natgewicht in Rutilus rutilus ug/kg","meting","NVT","NVT",TRUE,FALSE,FALSE
2178,"Platichthys flesus","Platichthys flesus","OE","Organisme (biota)","ug/kg","microgram per kilogram","MASSFTE","Massafractie","ng","t.o.v. natgewicht","NVT","NVT","L_PFHxS","perfluorhexaansulfonzuur","Massafractie perfluorhexaansulfonzuur in Organisme (biota) t.o.v. natgewicht in Platichthys flesus ug/kg","meting","NVT","NVT",TRUE,FALSE,FALSE
2179,"Rutilus rutilus","Rutilus rutilus","OE","Organisme (biota)","ug/kg","microgram per kilogram","MASSFTE","Massafractie","ng","t.o.v. natgewicht","NVT","NVT","L_PFHxS","perfluorhexaansulfonzuur","Massafractie perfluorhexaansulfonzuur in Organisme (biota) t.o.v. natgewicht in Rutilus rutilus ug/kg","meting","NVT","NVT",TRUE,FALSE,FALSE
2180,"Dreissena bugensis","Dreissena bugensis","OE","Organisme (biota)","ug/kg","microgram per kilogram","MASSFTE","Massafractie","ng","t.o.v. natgewicht","VS","Vlees","MC4ySn","monobutyltin (kation)","Massafractie monobutyltin (kation) in Organisme (biota) t.o.v. natgewicht in Vlees Dreissena bugensis ug/kg","meting","NVT","NVT",TRUE,FALSE,FALSE
2181,"Dreissena polymorpha","Dreissena polymorpha","OE","Organisme (biota)","ug/kg","microgram per kilogram","MASSFTE","Massafractie","ng","t.o.v. natgewicht","VS","Vlees","MC4ySn","monobutyltin (kation)","Massafractie monobutyltin (kation) in Organisme (biota) t.o.v. natgewicht in Vlees Dreissena polymorpha ug/kg","meting","NVT","NVT",TRUE,FALSE,FALSE
2182,"Littorina littorea","Littorina littorea","OE","Organisme (biota)","ug/kg","microgram per kilogram","MASSFTE","Massafractie","ng","t.o.v. natgewicht","VS","Vlees","MC4ySn","monobutyltin (kation)","Massafractie monobutyltin (kation) in Organisme (biota) t.o.v. natgewicht in Vlees Littorina littorea ug/kg","meting","NVT","NVT",TRUE,FALSE,FALSE
2183,"Nassarius reticulatus","Nassarius reticulatus","OE","Organisme (biota)","ug/kg","microgram per kilogram","MASSFTE","Massafractie","ng","t.o.v. natgewicht","VS","Vlees","MC4ySn","monobutyltin (kation)","Massafractie monobutyltin (kation) in Organisme (biota) t.o.v. natgewicht in Vlees Nassarius reticulatus ug/kg","meting","NVT","NVT",TRUE,FALSE,FALSE
2184,"Nucella lapillus","Nucella lapillus","OE","Organisme (biota)","ug/kg","microgram per kilogram","MASSFTE","Massafractie","ng","t.o.v. natgewicht","VS","Vlees","MC4ySn","monobutyltin (kation)","Massafractie monobutyltin (kation) in Organisme (biota) t.o.v. natgewicht in Vlees Nucella lapillus ug/kg","meting","NVT","NVT",TRUE,FALSE,FALSE
2185,"Dreissena bugensis","Dreissena bugensis","OE","Organisme (biota)","ug/kg","microgram per kilogram","MASSFTE","Massafractie","ng","t.o.v. natgewicht","VS","Vlees","MFySn","monofenyltin (kation)","Massafractie monofenyltin (kation) in Organisme (biota) t.o.v. natgewicht in Vlees Dreissena bugensis ug/kg","meting","NVT","NVT",TRUE,FALSE,FALSE
2186,"Dreissena polymorpha","Dreissena polymorpha","OE","Organisme (biota)","ug/kg","microgram per kilogram","MASSFTE","Massafractie","ng","t.o.v. natgewicht","VS","Vlees","MFySn","monofenyltin (kation)","Massafractie monofenyltin (kation) in Organisme (biota) t.o.v. natgewicht in Vlees Dreissena polymorpha ug/kg","meting","NVT","NVT",TRUE,FALSE,FALSE
2187,"Littorina littorea","Littorina littorea","OE","Organisme (biota)","ug/kg","microgram per kilogram","MASSFTE","Massafractie","ng","t.o.v. natgewicht","VS","Vlees","MFySn","monofenyltin (kation)","Massafractie monofenyltin (kation) in Organisme (biota) t.o.v. natgewicht in Vlees Littorina littorea ug/kg","meting","NVT","NVT",TRUE,FALSE,FALSE
2188,"Nassarius reticulatus","Nassarius reticulatus","OE","Organisme (biota)","ug/kg","microgram per kilogram","MASSFTE","Massafractie","ng","t.o.v. natgewicht","VS","Vlees","MFySn","monofenyltin (kation)","Massafractie monofenyltin (kation) in Organisme (biota) t.o.v. natgewicht in Vlees Nassarius reticulatus ug/kg","meting","NVT","NVT",TRUE,FALSE,FALSE
2189,"Nucella lapillus","Nucella lapillus","OE","Organisme (biota)","ug/kg","microgram per kilogram","MASSFTE","Massafractie","ng","t.o.v. natgewicht","VS","Vlees","MFySn","monofenyltin (kation)","Massafractie monofenyltin (kation) in Organisme (biota) t.o.v. natgewicht in Vlees Nucella lapillus ug/kg","meting","NVT","NVT",TRUE,FALSE,FALSE
2190,"Platichthys flesus","Platichthys flesus","OE","Organisme (biota)","ug/kg","microgram per kilogram","MASSFTE","Massafractie","ng","t.o.v. natgewicht","NVT","NVT","N-MeFOSAA","N-methyl-perfluoroctaan sulfonamidoazijnzuur","Massafractie N-methyl-perfluoroctaan sulfonamidoazijnzuur in Organisme (biota) t.o.v. natgewicht in Platichthys flesus ug/kg","meting","NVT","NVT",TRUE,FALSE,FALSE
2191,"Rutilus rutilus","Rutilus rutilus","OE","Organisme (biota)","ug/kg","microgram per kilogram","MASSFTE","Massafractie","ng","t.o.v. natgewicht","NVT","NVT","N-MeFOSAA","N-methyl-perfluoroctaan sulfonamidoazijnzuur","Massafractie N-methyl-perfluoroctaan sulfonamidoazijnzuur in Organisme (biota) t.o.v. natgewicht in Rutilus rutilus ug/kg","meting","NVT","NVT",TRUE,FALSE,FALSE
2192,"Anguilla anguilla","Anguilla anguilla","OE","Organisme (biota)","ug/kg","microgram per kilogram","MASSFTE","Massafractie","ng","t.o.v. natgewicht","VS","Vlees","OcClsrn","octachloorstyreen","Massafractie octachloorstyreen in Organisme (biota) t.o.v. natgewicht in Vlees Anguilla anguilla ug/kg","meting","NVT","NVT",TRUE,FALSE,FALSE
2193,"Platichthys flesus","Platichthys flesus","OE","Organisme (biota)","ug/kg","microgram per kilogram","MASSFTE","Massafractie","ng","t.o.v. natgewicht","NVT","NVT","PBDE100","2,2',4,4',6-pentabroomdifenylether","Massafractie 2,2',4,4',6-pentabroomdifenylether in Organisme (biota) t.o.v. natgewicht in Platichthys flesus ug/kg","meting","NVT","NVT",TRUE,FALSE,FALSE
2194,"Rutilus rutilus","Rutilus rutilus","OE","Organisme (biota)","ug/kg","microgram per kilogram","MASSFTE","Massafractie","ng","t.o.v. natgewicht","NVT","NVT","PBDE100","2,2',4,4',6-pentabroomdifenylether","Massafractie 2,2',4,4',6-pentabroomdifenylether in Organisme (biota) t.o.v. natgewicht in Rutilus rutilus ug/kg","meting","NVT","NVT",TRUE,FALSE,FALSE
2195,"Dreissena bugensis","Dreissena bugensis","OE","Organisme (biota)","ug/kg","microgram per kilogram","MASSFTE","Massafractie","ng","t.o.v. natgewicht","VS","Vlees","PBDE100","2,2',4,4',6-pentabroomdifenylether","Massafractie 2,2',4,4',6-pentabroomdifenylether in Organisme (biota) t.o.v. natgewicht in Vlees Dreissena bugensis ug/kg","meting","NVT","NVT",TRUE,FALSE,FALSE
2196,"Dreissena polymorpha","Dreissena polymorpha","OE","Organisme (biota)","ug/kg","microgram per kilogram","MASSFTE","Massafractie","ng","t.o.v. natgewicht","VS","Vlees","PBDE100","2,2',4,4',6-pentabroomdifenylether","Massafractie 2,2',4,4',6-pentabroomdifenylether in Organisme (biota) t.o.v. natgewicht in Vlees Dreissena polymorpha ug/kg","meting","NVT","NVT",TRUE,FALSE,FALSE
2197,"Platichthys flesus","Platichthys flesus","OE","Organisme (biota)","ug/kg","microgram per kilogram","MASSFTE","Massafractie","ng","t.o.v. natgewicht","NVT","NVT","PBDE153","2,2',4,4',5,5'-hexabroomdifenylether","Massafractie 2,2',4,4',5,5'-hexabroomdifenylether in Organisme (biota) t.o.v. natgewicht in Platichthys flesus ug/kg","meting","NVT","NVT",TRUE,FALSE,FALSE
2198,"Rutilus rutilus","Rutilus rutilus","OE","Organisme (biota)","ug/kg","microgram per kilogram","MASSFTE","Massafractie","ng","t.o.v. natgewicht","NVT","NVT","PBDE153","2,2',4,4',5,5'-hexabroomdifenylether","Massafractie 2,2',4,4',5,5'-hexabroomdifenylether in Organisme (biota) t.o.v. natgewicht in Rutilus rutilus ug/kg","meting","NVT","NVT",TRUE,FALSE,FALSE
2199,"Platichthys flesus","Platichthys flesus","OE","Organisme (biota)","ug/kg","microgram per kilogram","MASSFTE","Massafractie","ng","t.o.v. natgewicht","NVT","NVT","PBDE183","2,2',3,4,4',5',6-heptabroomdifenylether","Massafractie 2,2',3,4,4',5',6-heptabroomdifenylether in Organisme (biota) t.o.v. natgewicht in Platichthys flesus ug/kg","meting","NVT","NVT",TRUE,FALSE,FALSE
2200,"Rutilus rutilus","Rutilus rutilus","OE","Organisme (biota)","ug/kg","microgram per kilogram","MASSFTE","Massafractie","ng","t.o.v. natgewicht","NVT","NVT","PBDE183","2,2',3,4,4',5',6-heptabroomdifenylether","Massafractie 2,2',3,4,4',5',6-heptabroomdifenylether in Organisme (biota) t.o.v. natgewicht in Rutilus rutilus ug/kg","meting","NVT","NVT",TRUE,FALSE,FALSE
2201,"Platichthys flesus","Platichthys flesus","OE","Organisme (biota)","ug/kg","microgram per kilogram","MASSFTE","Massafractie","ng","t.o.v. natgewicht","NVT","NVT","PBDE28","2,4,4'-tribroomdifenylether","Massafractie 2,4,4'-tribroomdifenylether in Organisme (biota) t.o.v. natgewicht in Platichthys flesus ug/kg","meting","NVT","NVT",TRUE,FALSE,FALSE
2202,"Rutilus rutilus","Rutilus rutilus","OE","Organisme (biota)","ug/kg","microgram per kilogram","MASSFTE","Massafractie","ng","t.o.v. natgewicht","NVT","NVT","PBDE28","2,4,4'-tribroomdifenylether","Massafractie 2,4,4'-tribroomdifenylether in Organisme (biota) t.o.v. natgewicht in Rutilus rutilus ug/kg","meting","NVT","NVT",TRUE,FALSE,FALSE
2203,"Platichthys flesus","Platichthys flesus","OE","Organisme (biota)","ug/kg","microgram per kilogram","MASSFTE","Massafractie","ng","t.o.v. natgewicht","NVT","NVT","PBDE47","2,2',4,4'-tetrabroomdifenylether","Massafractie 2,2',4,4'-tetrabroomdifenylether in Organisme (biota) t.o.v. natgewicht in Platichthys flesus ug/kg","meting","NVT","NVT",TRUE,FALSE,FALSE
2204,"Rutilus rutilus","Rutilus rutilus","OE","Organisme (biota)","ug/kg","microgram per kilogram","MASSFTE","Massafractie","ng","t.o.v. natgewicht","NVT","NVT","PBDE47","2,2',4,4'-tetrabroomdifenylether","Massafractie 2,2',4,4'-tetrabroomdifenylether in Organisme (biota) t.o.v. natgewicht in Rutilus rutilus ug/kg","meting","NVT","NVT",TRUE,FALSE,FALSE
2205,"Dreissena bugensis","Dreissena bugensis","OE","Organisme (biota)","ug/kg","microgram per kilogram","MASSFTE","Massafractie","ng","t.o.v. natgewicht","VS","Vlees","PBDE47","2,2',4,4'-tetrabroomdifenylether","Massafractie 2,2',4,4'-tetrabroomdifenylether in Organisme (biota) t.o.v. natgewicht in Vlees Dreissena bugensis ug/kg","meting","NVT","NVT",TRUE,FALSE,FALSE
2206,"Dreissena polymorpha","Dreissena polymorpha","OE","Organisme (biota)","ug/kg","microgram per kilogram","MASSFTE","Massafractie","ng","t.o.v. natgewicht","VS","Vlees","PBDE47","2,2',4,4'-tetrabroomdifenylether","Massafractie 2,2',4,4'-tetrabroomdifenylether in Organisme (biota) t.o.v. natgewicht in Vlees Dreissena polymorpha ug/kg","meting","NVT","NVT",TRUE,FALSE,FALSE
2207,"Platichthys flesus","Platichthys flesus","OE","Organisme (biota)","ug/kg","microgram per kilogram","MASSFTE","Massafractie","ng","t.o.v. natgewicht","NVT","NVT","PBDE66","2,3',4,4'-tetrabroomdifenylether","Massafractie 2,3',4,4'-tetrabroomdifenylether in Organisme (biota) t.o.v. natgewicht in Platichthys flesus ug/kg","meting","NVT","NVT",TRUE,FALSE,FALSE
2208,"Rutilus rutilus","Rutilus rutilus","OE","Organisme (biota)","ug/kg","microgram per kilogram","MASSFTE","Massafractie","ng","t.o.v. natgewicht","NVT","NVT","PBDE66","2,3',4,4'-tetrabroomdifenylether","Massafractie 2,3',4,4'-tetrabroomdifenylether in Organisme (biota) t.o.v. natgewicht in Rutilus rutilus ug/kg","meting","NVT","NVT",TRUE,FALSE,FALSE
2209,"Platichthys flesus","Platichthys flesus","OE","Organisme (biota)","ug/kg","microgram per kilogram","MASSFTE","Massafractie","ng","t.o.v. natgewicht","NVT","NVT","PBDE85","2,2',3,4,4'-pentabroomdifenylether","Massafractie 2,2',3,4,4'-pentabroomdifenylether in Organisme (biota) t.o.v. natgewicht in Platichthys flesus ug/kg","meting","NVT","NVT",TRUE,FALSE,FALSE
2210,"Rutilus rutilus","Rutilus rutilus","OE","Organisme (biota)","ug/kg","microgram per kilogram","MASSFTE","Massafractie","ng","t.o.v. natgewicht","NVT","NVT","PBDE85","2,2',3,4,4'-pentabroomdifenylether","Massafractie 2,2',3,4,4'-pentabroomdifenylether in Organisme (biota) t.o.v. natgewicht in Rutilus rutilus ug/kg","meting","NVT","NVT",TRUE,FALSE,FALSE
2211,"Platichthys flesus","Platichthys flesus","OE","Organisme (biota)","ug/kg","microgram per kilogram","MASSFTE","Massafractie","ng","t.o.v. natgewicht","NVT","NVT","PBDE99","2,2',4,4',5-pentabroomdifenylether","Massafractie 2,2',4,4',5-pentabroomdifenylether in Organisme (biota) t.o.v. natgewicht in Platichthys flesus ug/kg","meting","NVT","NVT",TRUE,FALSE,FALSE
2212,"Rutilus rutilus","Rutilus rutilus","OE","Organisme (biota)","ug/kg","microgram per kilogram","MASSFTE","Massafractie","ng","t.o.v. natgewicht","NVT","NVT","PBDE99","2,2',4,4',5-pentabroomdifenylether","Massafractie 2,2',4,4',5-pentabroomdifenylether in Organisme (biota) t.o.v. natgewicht in Rutilus rutilus ug/kg","meting","NVT","NVT",TRUE,FALSE,FALSE
2213,"Dreissena bugensis","Dreissena bugensis","OE","Organisme (biota)","ug/kg","microgram per kilogram","MASSFTE","Massafractie","ng","t.o.v. natgewicht","VS","Vlees","PBDE99","2,2',4,4',5-pentabroomdifenylether","Massafractie 2,2',4,4',5-pentabroomdifenylether in Organisme (biota) t.o.v. natgewicht in Vlees Dreissena bugensis ug/kg","meting","NVT","NVT",TRUE,FALSE,FALSE
2214,"Dreissena polymorpha","Dreissena polymorpha","OE","Organisme (biota)","ug/kg","microgram per kilogram","MASSFTE","Massafractie","ng","t.o.v. natgewicht","VS","Vlees","PBDE99","2,2',4,4',5-pentabroomdifenylether","Massafractie 2,2',4,4',5-pentabroomdifenylether in Organisme (biota) t.o.v. natgewicht in Vlees Dreissena polymorpha ug/kg","meting","NVT","NVT",TRUE,FALSE,FALSE
2215,"Haematopus ostralegus","Haematopus ostralegus","OE","Organisme (biota)","ug/kg","microgram per kilogram","MASSFTE","Massafractie","ng","t.o.v. natgewicht","SF","Struif","PCB101","2,2',4,5,5'-pentachloorbifenyl","Massafractie 2,2',4,5,5'-pentachloorbifenyl in Organisme (biota) t.o.v. natgewicht in Struif Haematopus ostralegus ug/kg","meting","NVT","NVT",TRUE,FALSE,FALSE
2216,"Sterna hirundo","Sterna hirundo","OE","Organisme (biota)","ug/kg","microgram per kilogram","MASSFTE","Massafractie","ng","t.o.v. natgewicht","SF","Struif","PCB101","2,2',4,5,5'-pentachloorbifenyl","Massafractie 2,2',4,5,5'-pentachloorbifenyl in Organisme (biota) t.o.v. natgewicht in Struif Sterna hirundo ug/kg","meting","NVT","NVT",TRUE,FALSE,FALSE
2217,"Anguilla anguilla","Anguilla anguilla","OE","Organisme (biota)","ug/kg","microgram per kilogram","MASSFTE","Massafractie","ng","t.o.v. natgewicht","VS","Vlees","PCB101","2,2',4,5,5'-pentachloorbifenyl","Massafractie 2,2',4,5,5'-pentachloorbifenyl in Organisme (biota) t.o.v. natgewicht in Vlees Anguilla anguilla ug/kg","meting","NVT","NVT",TRUE,FALSE,FALSE
2218,"Dreissena bugensis","Dreissena bugensis","OE","Organisme (biota)","ug/kg","microgram per kilogram","MASSFTE","Massafractie","ng","t.o.v. natgewicht","VS","Vlees","PCB101","2,2',4,5,5'-pentachloorbifenyl","Massafractie 2,2',4,5,5'-pentachloorbifenyl in Organisme (biota) t.o.v. natgewicht in Vlees Dreissena bugensis ug/kg","meting","NVT","NVT",TRUE,FALSE,FALSE
2219,"Dreissena polymorpha","Dreissena polymorpha","OE","Organisme (biota)","ug/kg","microgram per kilogram","MASSFTE","Massafractie","ng","t.o.v. natgewicht","VS","Vlees","PCB101","2,2',4,5,5'-pentachloorbifenyl","Massafractie 2,2',4,5,5'-pentachloorbifenyl in Organisme (biota) t.o.v. natgewicht in Vlees Dreissena polymorpha ug/kg","meting","NVT","NVT",TRUE,FALSE,FALSE
2220,"Platichthys flesus","Platichthys flesus","OE","Organisme (biota)","ug/kg","microgram per kilogram","MASSFTE","Massafractie","ng","t.o.v. natgewicht","NVT","NVT","PCB105","2,3,3',4,4'-pentachloorbifenyl","Massafractie 2,3,3',4,4'-pentachloorbifenyl in Organisme (biota) t.o.v. natgewicht in Platichthys flesus ug/kg","meting","NVT","NVT",TRUE,FALSE,FALSE
2221,"Rutilus rutilus","Rutilus rutilus","OE","Organisme (biota)","ug/kg","microgram per kilogram","MASSFTE","Massafractie","ng","t.o.v. natgewicht","NVT","NVT","PCB105","2,3,3',4,4'-pentachloorbifenyl","Massafractie 2,3,3',4,4'-pentachloorbifenyl in Organisme (biota) t.o.v. natgewicht in Rutilus rutilus ug/kg","meting","NVT","NVT",TRUE,FALSE,FALSE
2222,"Haematopus ostralegus","Haematopus ostralegus","OE","Organisme (biota)","ug/kg","microgram per kilogram","MASSFTE","Massafractie","ng","t.o.v. natgewicht","SF","Struif","PCB105","2,3,3',4,4'-pentachloorbifenyl","Massafractie 2,3,3',4,4'-pentachloorbifenyl in Organisme (biota) t.o.v. natgewicht in Struif Haematopus ostralegus ug/kg","meting","NVT","NVT",TRUE,FALSE,FALSE
2223,"Sterna hirundo","Sterna hirundo","OE","Organisme (biota)","ug/kg","microgram per kilogram","MASSFTE","Massafractie","ng","t.o.v. natgewicht","SF","Struif","PCB105","2,3,3',4,4'-pentachloorbifenyl","Massafractie 2,3,3',4,4'-pentachloorbifenyl in Organisme (biota) t.o.v. natgewicht in Struif Sterna hirundo ug/kg","meting","NVT","NVT",TRUE,FALSE,FALSE
2224,"Anguilla anguilla","Anguilla anguilla","OE","Organisme (biota)","ug/kg","microgram per kilogram","MASSFTE","Massafractie","ng","t.o.v. natgewicht","VS","Vlees","PCB105","2,3,3',4,4'-pentachloorbifenyl","Massafractie 2,3,3',4,4'-pentachloorbifenyl in Organisme (biota) t.o.v. natgewicht in Vlees Anguilla anguilla ug/kg","meting","NVT","NVT",TRUE,FALSE,FALSE
2225,"Dreissena bugensis","Dreissena bugensis","OE","Organisme (biota)","ug/kg","microgram per kilogram","MASSFTE","Massafractie","ng","t.o.v. natgewicht","VS","Vlees","PCB105","2,3,3',4,4'-pentachloorbifenyl","Massafractie 2,3,3',4,4'-pentachloorbifenyl in Organisme (biota) t.o.v. natgewicht in Vlees Dreissena bugensis ug/kg","meting","NVT","NVT",TRUE,FALSE,FALSE
2226,"Dreissena polymorpha","Dreissena polymorpha","OE","Organisme (biota)","ug/kg","microgram per kilogram","MASSFTE","Massafractie","ng","t.o.v. natgewicht","VS","Vlees","PCB105","2,3,3',4,4'-pentachloorbifenyl","Massafractie 2,3,3',4,4'-pentachloorbifenyl in Organisme (biota) t.o.v. natgewicht in Vlees Dreissena polymorpha ug/kg","meting","NVT","NVT",TRUE,FALSE,FALSE
2227,"Haematopus ostralegus","Haematopus ostralegus","OE","Organisme (biota)","ug/kg","microgram per kilogram","MASSFTE","Massafractie","ng","t.o.v. natgewicht","SF","Struif","PCB107","2,3,3',4,5-pentachloorbifenyl","Massafractie 2,3,3',4,5-pentachloorbifenyl in Organisme (biota) t.o.v. natgewicht in Struif Haematopus ostralegus ug/kg","meting","NVT","NVT",TRUE,FALSE,FALSE
2228,"Sterna hirundo","Sterna hirundo","OE","Organisme (biota)","ug/kg","microgram per kilogram","MASSFTE","Massafractie","ng","t.o.v. natgewicht","SF","Struif","PCB107","2,3,3',4,5-pentachloorbifenyl","Massafractie 2,3,3',4,5-pentachloorbifenyl in Organisme (biota) t.o.v. natgewicht in Struif Sterna hirundo ug/kg","meting","NVT","NVT",TRUE,FALSE,FALSE
2229,"Haematopus ostralegus","Haematopus ostralegus","OE","Organisme (biota)","ug/kg","microgram per kilogram","MASSFTE","Massafractie","ng","t.o.v. natgewicht","SF","Struif","PCB110","2,3,3',4',6-pentachloorbifenyl","Massafractie 2,3,3',4',6-pentachloorbifenyl in Organisme (biota) t.o.v. natgewicht in Struif Haematopus ostralegus ug/kg","meting","NVT","NVT",TRUE,FALSE,FALSE
2230,"Sterna hirundo","Sterna hirundo","OE","Organisme (biota)","ug/kg","microgram per kilogram","MASSFTE","Massafractie","ng","t.o.v. natgewicht","SF","Struif","PCB110","2,3,3',4',6-pentachloorbifenyl","Massafractie 2,3,3',4',6-pentachloorbifenyl in Organisme (biota) t.o.v. natgewicht in Struif Sterna hirundo ug/kg","meting","NVT","NVT",TRUE,FALSE,FALSE
2231,"Platichthys flesus","Platichthys flesus","OE","Organisme (biota)","ug/kg","microgram per kilogram","MASSFTE","Massafractie","ng","t.o.v. natgewicht","NVT","NVT","PCB114","2,3,4,4',5-pentachloorbifenyl","Massafractie 2,3,4,4',5-pentachloorbifenyl in Organisme (biota) t.o.v. natgewicht in Platichthys flesus ug/kg","meting","NVT","NVT",TRUE,FALSE,FALSE
2232,"Rutilus rutilus","Rutilus rutilus","OE","Organisme (biota)","ug/kg","microgram per kilogram","MASSFTE","Massafractie","ng","t.o.v. natgewicht","NVT","NVT","PCB114","2,3,4,4',5-pentachloorbifenyl","Massafractie 2,3,4,4',5-pentachloorbifenyl in Organisme (biota) t.o.v. natgewicht in Rutilus rutilus ug/kg","meting","NVT","NVT",TRUE,FALSE,FALSE
2233,"Haematopus ostralegus","Haematopus ostralegus","OE","Organisme (biota)","ug/kg","microgram per kilogram","MASSFTE","Massafractie","ng","t.o.v. natgewicht","SF","Struif","PCB114","2,3,4,4',5-pentachloorbifenyl","Massafractie 2,3,4,4',5-pentachloorbifenyl in Organisme (biota) t.o.v. natgewicht in Struif Haematopus ostralegus ug/kg","meting","NVT","NVT",TRUE,FALSE,FALSE
2234,"Sterna hirundo","Sterna hirundo","OE","Organisme (biota)","ug/kg","microgram per kilogram","MASSFTE","Massafractie","ng","t.o.v. natgewicht","SF","Struif","PCB114","2,3,4,4',5-pentachloorbifenyl","Massafractie 2,3,4,4',5-pentachloorbifenyl in Organisme (biota) t.o.v. natgewicht in Struif Sterna hirundo ug/kg","meting","NVT","NVT",TRUE,FALSE,FALSE
2235,"Platichthys flesus","Platichthys flesus","OE","Organisme (biota)","ug/kg","microgram per kilogram","MASSFTE","Massafractie","ng","t.o.v. natgewicht","NVT","NVT","PCB118","2,3',4,4',5-pentachloorbifenyl","Massafractie 2,3',4,4',5-pentachloorbifenyl in Organisme (biota) t.o.v. natgewicht in Platichthys flesus ug/kg","meting","NVT","NVT",TRUE,FALSE,FALSE
2236,"Rutilus rutilus","Rutilus rutilus","OE","Organisme (biota)","ug/kg","microgram per kilogram","MASSFTE","Massafractie","ng","t.o.v. natgewicht","NVT","NVT","PCB118","2,3',4,4',5-pentachloorbifenyl","Massafractie 2,3',4,4',5-pentachloorbifenyl in Organisme (biota) t.o.v. natgewicht in Rutilus rutilus ug/kg","meting","NVT","NVT",TRUE,FALSE,FALSE
2237,"Haematopus ostralegus","Haematopus ostralegus","OE","Organisme (biota)","ug/kg","microgram per kilogram","MASSFTE","Massafractie","ng","t.o.v. natgewicht","SF","Struif","PCB118","2,3',4,4',5-pentachloorbifenyl","Massafractie 2,3',4,4',5-pentachloorbifenyl in Organisme (biota) t.o.v. natgewicht in Struif Haematopus ostralegus ug/kg","meting","NVT","NVT",TRUE,FALSE,FALSE
2238,"Sterna hirundo","Sterna hirundo","OE","Organisme (biota)","ug/kg","microgram per kilogram","MASSFTE","Massafractie","ng","t.o.v. natgewicht","SF","Struif","PCB118","2,3',4,4',5-pentachloorbifenyl","Massafractie 2,3',4,4',5-pentachloorbifenyl in Organisme (biota) t.o.v. natgewicht in Struif Sterna hirundo ug/kg","meting","NVT","NVT",TRUE,FALSE,FALSE
2239,"Anguilla anguilla","Anguilla anguilla","OE","Organisme (biota)","ug/kg","microgram per kilogram","MASSFTE","Massafractie","ng","t.o.v. natgewicht","VS","Vlees","PCB118","2,3',4,4',5-pentachloorbifenyl","Massafractie 2,3',4,4',5-pentachloorbifenyl in Organisme (biota) t.o.v. natgewicht in Vlees Anguilla anguilla ug/kg","meting","NVT","NVT",TRUE,FALSE,FALSE
2240,"Dreissena bugensis","Dreissena bugensis","OE","Organisme (biota)","ug/kg","microgram per kilogram","MASSFTE","Massafractie","ng","t.o.v. natgewicht","VS","Vlees","PCB118","2,3',4,4',5-pentachloorbifenyl","Massafractie 2,3',4,4',5-pentachloorbifenyl in Organisme (biota) t.o.v. natgewicht in Vlees Dreissena bugensis ug/kg","meting","NVT","NVT",TRUE,FALSE,FALSE
2241,"Dreissena polymorpha","Dreissena polymorpha","OE","Organisme (biota)","ug/kg","microgram per kilogram","MASSFTE","Massafractie","ng","t.o.v. natgewicht","VS","Vlees","PCB118","2,3',4,4',5-pentachloorbifenyl","Massafractie 2,3',4,4',5-pentachloorbifenyl in Organisme (biota) t.o.v. natgewicht in Vlees Dreissena polymorpha ug/kg","meting","NVT","NVT",TRUE,FALSE,FALSE
2242,"Platichthys flesus","Platichthys flesus","OE","Organisme (biota)","ug/kg","microgram per kilogram","MASSFTE","Massafractie","ng","t.o.v. natgewicht","NVT","NVT","PCB123","2,3',4,4',5'-pentachloorbifenyl","Massafractie 2,3',4,4',5'-pentachloorbifenyl in Organisme (biota) t.o.v. natgewicht in Platichthys flesus ug/kg","meting","NVT","NVT",TRUE,FALSE,FALSE
2243,"Rutilus rutilus","Rutilus rutilus","OE","Organisme (biota)","ug/kg","microgram per kilogram","MASSFTE","Massafractie","ng","t.o.v. natgewicht","NVT","NVT","PCB123","2,3',4,4',5'-pentachloorbifenyl","Massafractie 2,3',4,4',5'-pentachloorbifenyl in Organisme (biota) t.o.v. natgewicht in Rutilus rutilus ug/kg","meting","NVT","NVT",TRUE,FALSE,FALSE
2244,"Haematopus ostralegus","Haematopus ostralegus","OE","Organisme (biota)","ug/kg","microgram per kilogram","MASSFTE","Massafractie","ng","t.o.v. natgewicht","SF","Struif","PCB123","2,3',4,4',5'-pentachloorbifenyl","Massafractie 2,3',4,4',5'-pentachloorbifenyl in Organisme (biota) t.o.v. natgewicht in Struif Haematopus ostralegus ug/kg","meting","NVT","NVT",TRUE,FALSE,FALSE
2245,"Sterna hirundo","Sterna hirundo","OE","Organisme (biota)","ug/kg","microgram per kilogram","MASSFTE","Massafractie","ng","t.o.v. natgewicht","SF","Struif","PCB123","2,3',4,4',5'-pentachloorbifenyl","Massafractie 2,3',4,4',5'-pentachloorbifenyl in Organisme (biota) t.o.v. natgewicht in Struif Sterna hirundo ug/kg","meting","NVT","NVT",TRUE,FALSE,FALSE
2246,"Haematopus ostralegus","Haematopus ostralegus","OE","Organisme (biota)","ug/kg","microgram per kilogram","MASSFTE","Massafractie","ng","t.o.v. natgewicht","SF","Struif","PCB126","3,3',4,4',5-pentachloorbifenyl","Massafractie 3,3',4,4',5-pentachloorbifenyl in Organisme (biota) t.o.v. natgewicht in Struif Haematopus ostralegus ug/kg","meting","NVT","NVT",TRUE,FALSE,FALSE
2247,"Sterna hirundo","Sterna hirundo","OE","Organisme (biota)","ug/kg","microgram per kilogram","MASSFTE","Massafractie","ng","t.o.v. natgewicht","SF","Struif","PCB126","3,3',4,4',5-pentachloorbifenyl","Massafractie 3,3',4,4',5-pentachloorbifenyl in Organisme (biota) t.o.v. natgewicht in Struif Sterna hirundo ug/kg","meting","NVT","NVT",TRUE,FALSE,FALSE
2248,"Anguilla anguilla","Anguilla anguilla","OE","Organisme (biota)","ug/kg","microgram per kilogram","MASSFTE","Massafractie","ng","t.o.v. natgewicht","VS","Vlees","PCB126","3,3',4,4',5-pentachloorbifenyl","Massafractie 3,3',4,4',5-pentachloorbifenyl in Organisme (biota) t.o.v. natgewicht in Vlees Anguilla anguilla ug/kg","meting","NVT","NVT",TRUE,FALSE,FALSE
2249,"Dreissena bugensis","Dreissena bugensis","OE","Organisme (biota)","ug/kg","microgram per kilogram","MASSFTE","Massafractie","ng","t.o.v. natgewicht","VS","Vlees","PCB126","3,3',4,4',5-pentachloorbifenyl","Massafractie 3,3',4,4',5-pentachloorbifenyl in Organisme (biota) t.o.v. natgewicht in Vlees Dreissena bugensis ug/kg","meting","NVT","NVT",TRUE,FALSE,FALSE
2250,"Dreissena polymorpha","Dreissena polymorpha","OE","Organisme (biota)","ug/kg","microgram per kilogram","MASSFTE","Massafractie","ng","t.o.v. natgewicht","VS","Vlees","PCB126","3,3',4,4',5-pentachloorbifenyl","Massafractie 3,3',4,4',5-pentachloorbifenyl in Organisme (biota) t.o.v. natgewicht in Vlees Dreissena polymorpha ug/kg","meting","NVT","NVT",TRUE,FALSE,FALSE
2251,"Haematopus ostralegus","Haematopus ostralegus","OE","Organisme (biota)","ug/kg","microgram per kilogram","MASSFTE","Massafractie","ng","t.o.v. natgewicht","SF","Struif","PCB128","2,2',3,3',4,4'-hexachloorbifenyl","Massafractie 2,2',3,3',4,4'-hexachloorbifenyl in Organisme (biota) t.o.v. natgewicht in Struif Haematopus ostralegus ug/kg","meting","NVT","NVT",TRUE,FALSE,FALSE
2252,"Sterna hirundo","Sterna hirundo","OE","Organisme (biota)","ug/kg","microgram per kilogram","MASSFTE","Massafractie","ng","t.o.v. natgewicht","SF","Struif","PCB128","2,2',3,3',4,4'-hexachloorbifenyl","Massafractie 2,2',3,3',4,4'-hexachloorbifenyl in Organisme (biota) t.o.v. natgewicht in Struif Sterna hirundo ug/kg","meting","NVT","NVT",TRUE,FALSE,FALSE
2253,"Haematopus ostralegus","Haematopus ostralegus","OE","Organisme (biota)","ug/kg","microgram per kilogram","MASSFTE","Massafractie","ng","t.o.v. natgewicht","SF","Struif","PCB129","2,2',3,3',4,5-Hexachloorbifenyl","Massafractie 2,2',3,3',4,5-Hexachloorbifenyl in Organisme (biota) t.o.v. natgewicht in Struif Haematopus ostralegus ug/kg","meting","NVT","NVT",TRUE,FALSE,FALSE
2254,"Sterna hirundo","Sterna hirundo","OE","Organisme (biota)","ug/kg","microgram per kilogram","MASSFTE","Massafractie","ng","t.o.v. natgewicht","SF","Struif","PCB129","2,2',3,3',4,5-Hexachloorbifenyl","Massafractie 2,2',3,3',4,5-Hexachloorbifenyl in Organisme (biota) t.o.v. natgewicht in Struif Sterna hirundo ug/kg","meting","NVT","NVT",TRUE,FALSE,FALSE
2255,"Haematopus ostralegus","Haematopus ostralegus","OE","Organisme (biota)","ug/kg","microgram per kilogram","MASSFTE","Massafractie","ng","t.o.v. natgewicht","SF","Struif","PCB130","2,2',3,3',4,5'-hexachloorbifenyl","Massafractie 2,2',3,3',4,5'-hexachloorbifenyl in Organisme (biota) t.o.v. natgewicht in Struif Haematopus ostralegus ug/kg","meting","NVT","NVT",TRUE,FALSE,FALSE
2256,"Sterna hirundo","Sterna hirundo","OE","Organisme (biota)","ug/kg","microgram per kilogram","MASSFTE","Massafractie","ng","t.o.v. natgewicht","SF","Struif","PCB130","2,2',3,3',4,5'-hexachloorbifenyl","Massafractie 2,2',3,3',4,5'-hexachloorbifenyl in Organisme (biota) t.o.v. natgewicht in Struif Sterna hirundo ug/kg","meting","NVT","NVT",TRUE,FALSE,FALSE
2257,"Haematopus ostralegus","Haematopus ostralegus","OE","Organisme (biota)","ug/kg","microgram per kilogram","MASSFTE","Massafractie","ng","t.o.v. natgewicht","SF","Struif","PCB132","2,2',3,3',4,6'-hexachloorbifenyl","Massafractie 2,2',3,3',4,6'-hexachloorbifenyl in Organisme (biota) t.o.v. natgewicht in Struif Haematopus ostralegus ug/kg","meting","NVT","NVT",TRUE,FALSE,FALSE
2258,"Sterna hirundo","Sterna hirundo","OE","Organisme (biota)","ug/kg","microgram per kilogram","MASSFTE","Massafractie","ng","t.o.v. natgewicht","SF","Struif","PCB132","2,2',3,3',4,6'-hexachloorbifenyl","Massafractie 2,2',3,3',4,6'-hexachloorbifenyl in Organisme (biota) t.o.v. natgewicht in Struif Sterna hirundo ug/kg","meting","NVT","NVT",TRUE,FALSE,FALSE
2259,"Haematopus ostralegus","Haematopus ostralegus","OE","Organisme (biota)","ug/kg","microgram per kilogram","MASSFTE","Massafractie","ng","t.o.v. natgewicht","SF","Struif","PCB138","2,2',3,4,4',5'-hexachloorbifenyl","Massafractie 2,2',3,4,4',5'-hexachloorbifenyl in Organisme (biota) t.o.v. natgewicht in Struif Haematopus ostralegus ug/kg","meting","NVT","NVT",TRUE,FALSE,FALSE
2260,"Sterna hirundo","Sterna hirundo","OE","Organisme (biota)","ug/kg","microgram per kilogram","MASSFTE","Massafractie","ng","t.o.v. natgewicht","SF","Struif","PCB138","2,2',3,4,4',5'-hexachloorbifenyl","Massafractie 2,2',3,4,4',5'-hexachloorbifenyl in Organisme (biota) t.o.v. natgewicht in Struif Sterna hirundo ug/kg","meting","NVT","NVT",TRUE,FALSE,FALSE
2261,"Dreissena bugensis","Dreissena bugensis","OE","Organisme (biota)","ug/kg","microgram per kilogram","MASSFTE","Massafractie","ng","t.o.v. natgewicht","VS","Vlees","PCB138","2,2',3,4,4',5'-hexachloorbifenyl","Massafractie 2,2',3,4,4',5'-hexachloorbifenyl in Organisme (biota) t.o.v. natgewicht in Vlees Dreissena bugensis ug/kg","meting","NVT","NVT",TRUE,FALSE,FALSE
2262,"Haematopus ostralegus","Haematopus ostralegus","OE","Organisme (biota)","ug/kg","microgram per kilogram","MASSFTE","Massafractie","ng","t.o.v. natgewicht","SF","Struif","PCB141","2,2',3,4,5,5'-hexachloorbifenyl","Massafractie 2,2',3,4,5,5'-hexachloorbifenyl in Organisme (biota) t.o.v. natgewicht in Struif Haematopus ostralegus ug/kg","meting","NVT","NVT",TRUE,FALSE,FALSE
2263,"Sterna hirundo","Sterna hirundo","OE","Organisme (biota)","ug/kg","microgram per kilogram","MASSFTE","Massafractie","ng","t.o.v. natgewicht","SF","Struif","PCB141","2,2',3,4,5,5'-hexachloorbifenyl","Massafractie 2,2',3,4,5,5'-hexachloorbifenyl in Organisme (biota) t.o.v. natgewicht in Struif Sterna hirundo ug/kg","meting","NVT","NVT",TRUE,FALSE,FALSE
2264,"Haematopus ostralegus","Haematopus ostralegus","OE","Organisme (biota)","ug/kg","microgram per kilogram","MASSFTE","Massafractie","ng","t.o.v. natgewicht","SF","Struif","PCB149","2,2',3,4',5',6-hexachloorbifenyl","Massafractie 2,2',3,4',5',6-hexachloorbifenyl in Organisme (biota) t.o.v. natgewicht in Struif Haematopus ostralegus ug/kg","meting","NVT","NVT",TRUE,FALSE,FALSE
2265,"Sterna hirundo","Sterna hirundo","OE","Organisme (biota)","ug/kg","microgram per kilogram","MASSFTE","Massafractie","ng","t.o.v. natgewicht","SF","Struif","PCB149","2,2',3,4',5',6-hexachloorbifenyl","Massafractie 2,2',3,4',5',6-hexachloorbifenyl in Organisme (biota) t.o.v. natgewicht in Struif Sterna hirundo ug/kg","meting","NVT","NVT",TRUE,FALSE,FALSE
2266,"Haematopus ostralegus","Haematopus ostralegus","OE","Organisme (biota)","ug/kg","microgram per kilogram","MASSFTE","Massafractie","ng","t.o.v. natgewicht","SF","Struif","PCB153","2,2',4,4',5,5'-hexachloorbifenyl","Massafractie 2,2',4,4',5,5'-hexachloorbifenyl in Organisme (biota) t.o.v. natgewicht in Struif Haematopus ostralegus ug/kg","meting","NVT","NVT",TRUE,FALSE,FALSE
2267,"Sterna hirundo","Sterna hirundo","OE","Organisme (biota)","ug/kg","microgram per kilogram","MASSFTE","Massafractie","ng","t.o.v. natgewicht","SF","Struif","PCB153","2,2',4,4',5,5'-hexachloorbifenyl","Massafractie 2,2',4,4',5,5'-hexachloorbifenyl in Organisme (biota) t.o.v. natgewicht in Struif Sterna hirundo ug/kg","meting","NVT","NVT",TRUE,FALSE,FALSE
2268,"Anguilla anguilla","Anguilla anguilla","OE","Organisme (biota)","ug/kg","microgram per kilogram","MASSFTE","Massafractie","ng","t.o.v. natgewicht","VS","Vlees","PCB153","2,2',4,4',5,5'-hexachloorbifenyl","Massafractie 2,2',4,4',5,5'-hexachloorbifenyl in Organisme (biota) t.o.v. natgewicht in Vlees Anguilla anguilla ug/kg","meting","NVT","NVT",TRUE,FALSE,FALSE
2269,"Dreissena bugensis","Dreissena bugensis","OE","Organisme (biota)","ug/kg","microgram per kilogram","MASSFTE","Massafractie","ng","t.o.v. natgewicht","VS","Vlees","PCB153","2,2',4,4',5,5'-hexachloorbifenyl","Massafractie 2,2',4,4',5,5'-hexachloorbifenyl in Organisme (biota) t.o.v. natgewicht in Vlees Dreissena bugensis ug/kg","meting","NVT","NVT",TRUE,FALSE,FALSE
2270,"Dreissena polymorpha","Dreissena polymorpha","OE","Organisme (biota)","ug/kg","microgram per kilogram","MASSFTE","Massafractie","ng","t.o.v. natgewicht","VS","Vlees","PCB153","2,2',4,4',5,5'-hexachloorbifenyl","Massafractie 2,2',4,4',5,5'-hexachloorbifenyl in Organisme (biota) t.o.v. natgewicht in Vlees Dreissena polymorpha ug/kg","meting","NVT","NVT",TRUE,FALSE,FALSE
2271,"Haematopus ostralegus","Haematopus ostralegus","OE","Organisme (biota)","ug/kg","microgram per kilogram","MASSFTE","Massafractie","ng","t.o.v. natgewicht","SF","Struif","PCB155","2,2',4,4',6,6'-hexachloorbifenyl","Massafractie 2,2',4,4',6,6'-hexachloorbifenyl in Organisme (biota) t.o.v. natgewicht in Struif Haematopus ostralegus ug/kg","meting","NVT","NVT",TRUE,FALSE,FALSE
2272,"Sterna hirundo","Sterna hirundo","OE","Organisme (biota)","ug/kg","microgram per kilogram","MASSFTE","Massafractie","ng","t.o.v. natgewicht","SF","Struif","PCB155","2,2',4,4',6,6'-hexachloorbifenyl","Massafractie 2,2',4,4',6,6'-hexachloorbifenyl in Organisme (biota) t.o.v. natgewicht in Struif Sterna hirundo ug/kg","meting","NVT","NVT",TRUE,FALSE,FALSE
2273,"Platichthys flesus","Platichthys flesus","OE","Organisme (biota)","ug/kg","microgram per kilogram","MASSFTE","Massafractie","ng","t.o.v. natgewicht","NVT","NVT","PCB156","2,3,3',4,4',5-hexachloorbifenyl","Massafractie 2,3,3',4,4',5-hexachloorbifenyl in Organisme (biota) t.o.v. natgewicht in Platichthys flesus ug/kg","meting","NVT","NVT",TRUE,FALSE,FALSE
2274,"Rutilus rutilus","Rutilus rutilus","OE","Organisme (biota)","ug/kg","microgram per kilogram","MASSFTE","Massafractie","ng","t.o.v. natgewicht","NVT","NVT","PCB156","2,3,3',4,4',5-hexachloorbifenyl","Massafractie 2,3,3',4,4',5-hexachloorbifenyl in Organisme (biota) t.o.v. natgewicht in Rutilus rutilus ug/kg","meting","NVT","NVT",TRUE,FALSE,FALSE
2275,"Haematopus ostralegus","Haematopus ostralegus","OE","Organisme (biota)","ug/kg","microgram per kilogram","MASSFTE","Massafractie","ng","t.o.v. natgewicht","SF","Struif","PCB156","2,3,3',4,4',5-hexachloorbifenyl","Massafractie 2,3,3',4,4',5-hexachloorbifenyl in Organisme (biota) t.o.v. natgewicht in Struif Haematopus ostralegus ug/kg","meting","NVT","NVT",TRUE,FALSE,FALSE
2276,"Sterna hirundo","Sterna hirundo","OE","Organisme (biota)","ug/kg","microgram per kilogram","MASSFTE","Massafractie","ng","t.o.v. natgewicht","SF","Struif","PCB156","2,3,3',4,4',5-hexachloorbifenyl","Massafractie 2,3,3',4,4',5-hexachloorbifenyl in Organisme (biota) t.o.v. natgewicht in Struif Sterna hirundo ug/kg","meting","NVT","NVT",TRUE,FALSE,FALSE
2277,"Anguilla anguilla","Anguilla anguilla","OE","Organisme (biota)","ug/kg","microgram per kilogram","MASSFTE","Massafractie","ng","t.o.v. natgewicht","VS","Vlees","PCB156","2,3,3',4,4',5-hexachloorbifenyl","Massafractie 2,3,3',4,4',5-hexachloorbifenyl in Organisme (biota) t.o.v. natgewicht in Vlees Anguilla anguilla ug/kg","meting","NVT","NVT",TRUE,FALSE,FALSE
2278,"Dreissena bugensis","Dreissena bugensis","OE","Organisme (biota)","ug/kg","microgram per kilogram","MASSFTE","Massafractie","ng","t.o.v. natgewicht","VS","Vlees","PCB156","2,3,3',4,4',5-hexachloorbifenyl","Massafractie 2,3,3',4,4',5-hexachloorbifenyl in Organisme (biota) t.o.v. natgewicht in Vlees Dreissena bugensis ug/kg","meting","NVT","NVT",TRUE,FALSE,FALSE
2279,"Dreissena polymorpha","Dreissena polymorpha","OE","Organisme (biota)","ug/kg","microgram per kilogram","MASSFTE","Massafractie","ng","t.o.v. natgewicht","VS","Vlees","PCB156","2,3,3',4,4',5-hexachloorbifenyl","Massafractie 2,3,3',4,4',5-hexachloorbifenyl in Organisme (biota) t.o.v. natgewicht in Vlees Dreissena polymorpha ug/kg","meting","NVT","NVT",TRUE,FALSE,FALSE
2280,"Platichthys flesus","Platichthys flesus","OE","Organisme (biota)","ug/kg","microgram per kilogram","MASSFTE","Massafractie","ng","t.o.v. natgewicht","NVT","NVT","PCB157","2,3,3',4,4',5'-hexachloorbifenyl","Massafractie 2,3,3',4,4',5'-hexachloorbifenyl in Organisme (biota) t.o.v. natgewicht in Platichthys flesus ug/kg","meting","NVT","NVT",TRUE,FALSE,FALSE
2281,"Rutilus rutilus","Rutilus rutilus","OE","Organisme (biota)","ug/kg","microgram per kilogram","MASSFTE","Massafractie","ng","t.o.v. natgewicht","NVT","NVT","PCB157","2,3,3',4,4',5'-hexachloorbifenyl","Massafractie 2,3,3',4,4',5'-hexachloorbifenyl in Organisme (biota) t.o.v. natgewicht in Rutilus rutilus ug/kg","meting","NVT","NVT",TRUE,FALSE,FALSE
2282,"Haematopus ostralegus","Haematopus ostralegus","OE","Organisme (biota)","ug/kg","microgram per kilogram","MASSFTE","Massafractie","ng","t.o.v. natgewicht","SF","Struif","PCB157","2,3,3',4,4',5'-hexachloorbifenyl","Massafractie 2,3,3',4,4',5'-hexachloorbifenyl in Organisme (biota) t.o.v. natgewicht in Struif Haematopus ostralegus ug/kg","meting","NVT","NVT",TRUE,FALSE,FALSE
2283,"Sterna hirundo","Sterna hirundo","OE","Organisme (biota)","ug/kg","microgram per kilogram","MASSFTE","Massafractie","ng","t.o.v. natgewicht","SF","Struif","PCB157","2,3,3',4,4',5'-hexachloorbifenyl","Massafractie 2,3,3',4,4',5'-hexachloorbifenyl in Organisme (biota) t.o.v. natgewicht in Struif Sterna hirundo ug/kg","meting","NVT","NVT",TRUE,FALSE,FALSE
2284,"Haematopus ostralegus","Haematopus ostralegus","OE","Organisme (biota)","ug/kg","microgram per kilogram","MASSFTE","Massafractie","ng","t.o.v. natgewicht","SF","Struif","PCB158","2,3,3',4,4',6-hexachloorbifenyl","Massafractie 2,3,3',4,4',6-hexachloorbifenyl in Organisme (biota) t.o.v. natgewicht in Struif Haematopus ostralegus ug/kg","meting","NVT","NVT",TRUE,FALSE,FALSE
2285,"Sterna hirundo","Sterna hirundo","OE","Organisme (biota)","ug/kg","microgram per kilogram","MASSFTE","Massafractie","ng","t.o.v. natgewicht","SF","Struif","PCB158","2,3,3',4,4',6-hexachloorbifenyl","Massafractie 2,3,3',4,4',6-hexachloorbifenyl in Organisme (biota) t.o.v. natgewicht in Struif Sterna hirundo ug/kg","meting","NVT","NVT",TRUE,FALSE,FALSE
2286,"Haematopus ostralegus","Haematopus ostralegus","OE","Organisme (biota)","ug/kg","microgram per kilogram","MASSFTE","Massafractie","ng","t.o.v. natgewicht","SF","Struif","PCB160","2,3,3',4,5,6-hexachloorbifenyl","Massafractie 2,3,3',4,5,6-hexachloorbifenyl in Organisme (biota) t.o.v. natgewicht in Struif Haematopus ostralegus ug/kg","meting","NVT","NVT",TRUE,FALSE,FALSE
2287,"Sterna hirundo","Sterna hirundo","OE","Organisme (biota)","ug/kg","microgram per kilogram","MASSFTE","Massafractie","ng","t.o.v. natgewicht","SF","Struif","PCB160","2,3,3',4,5,6-hexachloorbifenyl","Massafractie 2,3,3',4,5,6-hexachloorbifenyl in Organisme (biota) t.o.v. natgewicht in Struif Sterna hirundo ug/kg","meting","NVT","NVT",TRUE,FALSE,FALSE
2288,"Haematopus ostralegus","Haematopus ostralegus","OE","Organisme (biota)","ug/kg","microgram per kilogram","MASSFTE","Massafractie","ng","t.o.v. natgewicht","SF","Struif","PCB166","2,3,4,4',5,6-hexachloorbifenyl","Massafractie 2,3,4,4',5,6-hexachloorbifenyl in Organisme (biota) t.o.v. natgewicht in Struif Haematopus ostralegus ug/kg","meting","NVT","NVT",TRUE,FALSE,FALSE
2289,"Sterna hirundo","Sterna hirundo","OE","Organisme (biota)","ug/kg","microgram per kilogram","MASSFTE","Massafractie","ng","t.o.v. natgewicht","SF","Struif","PCB166","2,3,4,4',5,6-hexachloorbifenyl","Massafractie 2,3,4,4',5,6-hexachloorbifenyl in Organisme (biota) t.o.v. natgewicht in Struif Sterna hirundo ug/kg","meting","NVT","NVT",TRUE,FALSE,FALSE
2290,"Platichthys flesus","Platichthys flesus","OE","Organisme (biota)","ug/kg","microgram per kilogram","MASSFTE","Massafractie","ng","t.o.v. natgewicht","NVT","NVT","PCB167","2,3',4,4',5,5'-hexachloorbifenyl","Massafractie 2,3',4,4',5,5'-hexachloorbifenyl in Organisme (biota) t.o.v. natgewicht in Platichthys flesus ug/kg","meting","NVT","NVT",TRUE,FALSE,FALSE
2291,"Rutilus rutilus","Rutilus rutilus","OE","Organisme (biota)","ug/kg","microgram per kilogram","MASSFTE","Massafractie","ng","t.o.v. natgewicht","NVT","NVT","PCB167","2,3',4,4',5,5'-hexachloorbifenyl","Massafractie 2,3',4,4',5,5'-hexachloorbifenyl in Organisme (biota) t.o.v. natgewicht in Rutilus rutilus ug/kg","meting","NVT","NVT",TRUE,FALSE,FALSE
2292,"Haematopus ostralegus","Haematopus ostralegus","OE","Organisme (biota)","ug/kg","microgram per kilogram","MASSFTE","Massafractie","ng","t.o.v. natgewicht","SF","Struif","PCB167","2,3',4,4',5,5'-hexachloorbifenyl","Massafractie 2,3',4,4',5,5'-hexachloorbifenyl in Organisme (biota) t.o.v. natgewicht in Struif Haematopus ostralegus ug/kg","meting","NVT","NVT",TRUE,FALSE,FALSE
2293,"Sterna hirundo","Sterna hirundo","OE","Organisme (biota)","ug/kg","microgram per kilogram","MASSFTE","Massafractie","ng","t.o.v. natgewicht","SF","Struif","PCB167","2,3',4,4',5,5'-hexachloorbifenyl","Massafractie 2,3',4,4',5,5'-hexachloorbifenyl in Organisme (biota) t.o.v. natgewicht in Struif Sterna hirundo ug/kg","meting","NVT","NVT",TRUE,FALSE,FALSE
2294,"Haematopus ostralegus","Haematopus ostralegus","OE","Organisme (biota)","ug/kg","microgram per kilogram","MASSFTE","Massafractie","ng","t.o.v. natgewicht","SF","Struif","PCB169","3,3',4,4',5,5'-hexachloorbifenyl","Massafractie 3,3',4,4',5,5'-hexachloorbifenyl in Organisme (biota) t.o.v. natgewicht in Struif Haematopus ostralegus ug/kg","meting","NVT","NVT",TRUE,FALSE,FALSE
2295,"Sterna hirundo","Sterna hirundo","OE","Organisme (biota)","ug/kg","microgram per kilogram","MASSFTE","Massafractie","ng","t.o.v. natgewicht","SF","Struif","PCB169","3,3',4,4',5,5'-hexachloorbifenyl","Massafractie 3,3',4,4',5,5'-hexachloorbifenyl in Organisme (biota) t.o.v. natgewicht in Struif Sterna hirundo ug/kg","meting","NVT","NVT",TRUE,FALSE,FALSE
2296,"Anguilla anguilla","Anguilla anguilla","OE","Organisme (biota)","ug/kg","microgram per kilogram","MASSFTE","Massafractie","ng","t.o.v. natgewicht","VS","Vlees","PCB169","3,3',4,4',5,5'-hexachloorbifenyl","Massafractie 3,3',4,4',5,5'-hexachloorbifenyl in Organisme (biota) t.o.v. natgewicht in Vlees Anguilla anguilla ug/kg","meting","NVT","NVT",TRUE,FALSE,FALSE
2297,"Dreissena bugensis","Dreissena bugensis","OE","Organisme (biota)","ug/kg","microgram per kilogram","MASSFTE","Massafractie","ng","t.o.v. natgewicht","VS","Vlees","PCB169","3,3',4,4',5,5'-hexachloorbifenyl","Massafractie 3,3',4,4',5,5'-hexachloorbifenyl in Organisme (biota) t.o.v. natgewicht in Vlees Dreissena bugensis ug/kg","meting","NVT","NVT",TRUE,FALSE,FALSE
2298,"Dreissena polymorpha","Dreissena polymorpha","OE","Organisme (biota)","ug/kg","microgram per kilogram","MASSFTE","Massafractie","ng","t.o.v. natgewicht","VS","Vlees","PCB169","3,3',4,4',5,5'-hexachloorbifenyl","Massafractie 3,3',4,4',5,5'-hexachloorbifenyl in Organisme (biota) t.o.v. natgewicht in Vlees Dreissena polymorpha ug/kg","meting","NVT","NVT",TRUE,FALSE,FALSE
2299,"Haematopus ostralegus","Haematopus ostralegus","OE","Organisme (biota)","ug/kg","microgram per kilogram","MASSFTE","Massafractie","ng","t.o.v. natgewicht","SF","Struif","PCB170","2,2',3,3',4,4',5-heptachloorbifenyl","Massafractie 2,2',3,3',4,4',5-heptachloorbifenyl in Organisme (biota) t.o.v. natgewicht in Struif Haematopus ostralegus ug/kg","meting","NVT","NVT",TRUE,FALSE,FALSE
2300,"Sterna hirundo","Sterna hirundo","OE","Organisme (biota)","ug/kg","microgram per kilogram","MASSFTE","Massafractie","ng","t.o.v. natgewicht","SF","Struif","PCB170","2,2',3,3',4,4',5-heptachloorbifenyl","Massafractie 2,2',3,3',4,4',5-heptachloorbifenyl in Organisme (biota) t.o.v. natgewicht in Struif Sterna hirundo ug/kg","meting","NVT","NVT",TRUE,FALSE,FALSE
2301,"Haematopus ostralegus","Haematopus ostralegus","OE","Organisme (biota)","ug/kg","microgram per kilogram","MASSFTE","Massafractie","ng","t.o.v. natgewicht","SF","Struif","PCB171","2,2',3,3',4,4',6-heptachloorbifenyl","Massafractie 2,2',3,3',4,4',6-heptachloorbifenyl in Organisme (biota) t.o.v. natgewicht in Struif Haematopus ostralegus ug/kg","meting","NVT","NVT",TRUE,FALSE,FALSE
2302,"Sterna hirundo","Sterna hirundo","OE","Organisme (biota)","ug/kg","microgram per kilogram","MASSFTE","Massafractie","ng","t.o.v. natgewicht","SF","Struif","PCB171","2,2',3,3',4,4',6-heptachloorbifenyl","Massafractie 2,2',3,3',4,4',6-heptachloorbifenyl in Organisme (biota) t.o.v. natgewicht in Struif Sterna hirundo ug/kg","meting","NVT","NVT",TRUE,FALSE,FALSE
2303,"Haematopus ostralegus","Haematopus ostralegus","OE","Organisme (biota)","ug/kg","microgram per kilogram","MASSFTE","Massafractie","ng","t.o.v. natgewicht","SF","Struif","PCB172","2,2',3,3',4,5,5'-heptachloorbifenyl","Massafractie 2,2',3,3',4,5,5'-heptachloorbifenyl in Organisme (biota) t.o.v. natgewicht in Struif Haematopus ostralegus ug/kg","meting","NVT","NVT",TRUE,FALSE,FALSE
2304,"Sterna hirundo","Sterna hirundo","OE","Organisme (biota)","ug/kg","microgram per kilogram","MASSFTE","Massafractie","ng","t.o.v. natgewicht","SF","Struif","PCB172","2,2',3,3',4,5,5'-heptachloorbifenyl","Massafractie 2,2',3,3',4,5,5'-heptachloorbifenyl in Organisme (biota) t.o.v. natgewicht in Struif Sterna hirundo ug/kg","meting","NVT","NVT",TRUE,FALSE,FALSE
2305,"Haematopus ostralegus","Haematopus ostralegus","OE","Organisme (biota)","ug/kg","microgram per kilogram","MASSFTE","Massafractie","ng","t.o.v. natgewicht","SF","Struif","PCB174","2,2',3,3',4,5,6'-heptachloorbifenyl","Massafractie 2,2',3,3',4,5,6'-heptachloorbifenyl in Organisme (biota) t.o.v. natgewicht in Struif Haematopus ostralegus ug/kg","meting","NVT","NVT",TRUE,FALSE,FALSE
2306,"Sterna hirundo","Sterna hirundo","OE","Organisme (biota)","ug/kg","microgram per kilogram","MASSFTE","Massafractie","ng","t.o.v. natgewicht","SF","Struif","PCB174","2,2',3,3',4,5,6'-heptachloorbifenyl","Massafractie 2,2',3,3',4,5,6'-heptachloorbifenyl in Organisme (biota) t.o.v. natgewicht in Struif Sterna hirundo ug/kg","meting","NVT","NVT",TRUE,FALSE,FALSE
2307,"Haematopus ostralegus","Haematopus ostralegus","OE","Organisme (biota)","ug/kg","microgram per kilogram","MASSFTE","Massafractie","ng","t.o.v. natgewicht","SF","Struif","PCB175","2,2',3,3',4,5,6-heptachloorbifenyl","Massafractie 2,2',3,3',4,5,6-heptachloorbifenyl in Organisme (biota) t.o.v. natgewicht in Struif Haematopus ostralegus ug/kg","meting","NVT","NVT",TRUE,FALSE,FALSE
2308,"Sterna hirundo","Sterna hirundo","OE","Organisme (biota)","ug/kg","microgram per kilogram","MASSFTE","Massafractie","ng","t.o.v. natgewicht","SF","Struif","PCB175","2,2',3,3',4,5,6-heptachloorbifenyl","Massafractie 2,2',3,3',4,5,6-heptachloorbifenyl in Organisme (biota) t.o.v. natgewicht in Struif Sterna hirundo ug/kg","meting","NVT","NVT",TRUE,FALSE,FALSE
2309,"Haematopus ostralegus","Haematopus ostralegus","OE","Organisme (biota)","ug/kg","microgram per kilogram","MASSFTE","Massafractie","ng","t.o.v. natgewicht","SF","Struif","PCB177","2,2',3,3',4,5',6-heptachloorbifenyl","Massafractie 2,2',3,3',4,5',6-heptachloorbifenyl in Organisme (biota) t.o.v. natgewicht in Struif Haematopus ostralegus ug/kg","meting","NVT","NVT",TRUE,FALSE,FALSE
2310,"Sterna hirundo","Sterna hirundo","OE","Organisme (biota)","ug/kg","microgram per kilogram","MASSFTE","Massafractie","ng","t.o.v. natgewicht","SF","Struif","PCB177","2,2',3,3',4,5',6-heptachloorbifenyl","Massafractie 2,2',3,3',4,5',6-heptachloorbifenyl in Organisme (biota) t.o.v. natgewicht in Struif Sterna hirundo ug/kg","meting","NVT","NVT",TRUE,FALSE,FALSE
2311,"Haematopus ostralegus","Haematopus ostralegus","OE","Organisme (biota)","ug/kg","microgram per kilogram","MASSFTE","Massafractie","ng","t.o.v. natgewicht","SF","Struif","PCB178","2,2',3,3',5,5',6-heptachloorbifenyl","Massafractie 2,2',3,3',5,5',6-heptachloorbifenyl in Organisme (biota) t.o.v. natgewicht in Struif Haematopus ostralegus ug/kg","meting","NVT","NVT",TRUE,FALSE,FALSE
2312,"Sterna hirundo","Sterna hirundo","OE","Organisme (biota)","ug/kg","microgram per kilogram","MASSFTE","Massafractie","ng","t.o.v. natgewicht","SF","Struif","PCB178","2,2',3,3',5,5',6-heptachloorbifenyl","Massafractie 2,2',3,3',5,5',6-heptachloorbifenyl in Organisme (biota) t.o.v. natgewicht in Struif Sterna hirundo ug/kg","meting","NVT","NVT",TRUE,FALSE,FALSE
2313,"Haematopus ostralegus","Haematopus ostralegus","OE","Organisme (biota)","ug/kg","microgram per kilogram","MASSFTE","Massafractie","ng","t.o.v. natgewicht","SF","Struif","PCB180","2,2',3,4,4',5,5'-heptachloorbifenyl","Massafractie 2,2',3,4,4',5,5'-heptachloorbifenyl in Organisme (biota) t.o.v. natgewicht in Struif Haematopus ostralegus ug/kg","meting","NVT","NVT",TRUE,FALSE,FALSE
2314,"Sterna hirundo","Sterna hirundo","OE","Organisme (biota)","ug/kg","microgram per kilogram","MASSFTE","Massafractie","ng","t.o.v. natgewicht","SF","Struif","PCB180","2,2',3,4,4',5,5'-heptachloorbifenyl","Massafractie 2,2',3,4,4',5,5'-heptachloorbifenyl in Organisme (biota) t.o.v. natgewicht in Struif Sterna hirundo ug/kg","meting","NVT","NVT",TRUE,FALSE,FALSE
2315,"Anguilla anguilla","Anguilla anguilla","OE","Organisme (biota)","ug/kg","microgram per kilogram","MASSFTE","Massafractie","ng","t.o.v. natgewicht","VS","Vlees","PCB180","2,2',3,4,4',5,5'-heptachloorbifenyl","Massafractie 2,2',3,4,4',5,5'-heptachloorbifenyl in Organisme (biota) t.o.v. natgewicht in Vlees Anguilla anguilla ug/kg","meting","NVT","NVT",TRUE,FALSE,FALSE
2316,"Dreissena bugensis","Dreissena bugensis","OE","Organisme (biota)","ug/kg","microgram per kilogram","MASSFTE","Massafractie","ng","t.o.v. natgewicht","VS","Vlees","PCB180","2,2',3,4,4',5,5'-heptachloorbifenyl","Massafractie 2,2',3,4,4',5,5'-heptachloorbifenyl in Organisme (biota) t.o.v. natgewicht in Vlees Dreissena bugensis ug/kg","meting","NVT","NVT",TRUE,FALSE,FALSE
2317,"Dreissena polymorpha","Dreissena polymorpha","OE","Organisme (biota)","ug/kg","microgram per kilogram","MASSFTE","Massafractie","ng","t.o.v. natgewicht","VS","Vlees","PCB180","2,2',3,4,4',5,5'-heptachloorbifenyl","Massafractie 2,2',3,4,4',5,5'-heptachloorbifenyl in Organisme (biota) t.o.v. natgewicht in Vlees Dreissena polymorpha ug/kg","meting","NVT","NVT",TRUE,FALSE,FALSE
2318,"Haematopus ostralegus","Haematopus ostralegus","OE","Organisme (biota)","ug/kg","microgram per kilogram","MASSFTE","Massafractie","ng","t.o.v. natgewicht","SF","Struif","PCB183","2,2',3,4,4',5',6-heptachloorbifenyl","Massafractie 2,2',3,4,4',5',6-heptachloorbifenyl in Organisme (biota) t.o.v. natgewicht in Struif Haematopus ostralegus ug/kg","meting","NVT","NVT",TRUE,FALSE,FALSE
2319,"Sterna hirundo","Sterna hirundo","OE","Organisme (biota)","ug/kg","microgram per kilogram","MASSFTE","Massafractie","ng","t.o.v. natgewicht","SF","Struif","PCB183","2,2',3,4,4',5',6-heptachloorbifenyl","Massafractie 2,2',3,4,4',5',6-heptachloorbifenyl in Organisme (biota) t.o.v. natgewicht in Struif Sterna hirundo ug/kg","meting","NVT","NVT",TRUE,FALSE,FALSE
2320,"Platichthys flesus","Platichthys flesus","OE","Organisme (biota)","ug/kg","microgram per kilogram","MASSFTE","Massafractie","ng","t.o.v. natgewicht","NVT","NVT","PCB189","2,3,3',4,4',5,5 '-heptachlorobifenyl","Massafractie 2,3,3',4,4',5,5 '-heptachlorobifenyl in Organisme (biota) t.o.v. natgewicht in Platichthys flesus ug/kg","meting","NVT","NVT",TRUE,FALSE,FALSE
2321,"Rutilus rutilus","Rutilus rutilus","OE","Organisme (biota)","ug/kg","microgram per kilogram","MASSFTE","Massafractie","ng","t.o.v. natgewicht","NVT","NVT","PCB189","2,3,3',4,4',5,5 '-heptachlorobifenyl","Massafractie 2,3,3',4,4',5,5 '-heptachlorobifenyl in Organisme (biota) t.o.v. natgewicht in Rutilus rutilus ug/kg","meting","NVT","NVT",TRUE,FALSE,FALSE
2322,"Haematopus ostralegus","Haematopus ostralegus","OE","Organisme (biota)","ug/kg","microgram per kilogram","MASSFTE","Massafractie","ng","t.o.v. natgewicht","SF","Struif","PCB189","2,3,3',4,4',5,5 '-heptachlorobifenyl","Massafractie 2,3,3',4,4',5,5 '-heptachlorobifenyl in Organisme (biota) t.o.v. natgewicht in Struif Haematopus ostralegus ug/kg","meting","NVT","NVT",TRUE,FALSE,FALSE
2323,"Sterna hirundo","Sterna hirundo","OE","Organisme (biota)","ug/kg","microgram per kilogram","MASSFTE","Massafractie","ng","t.o.v. natgewicht","SF","Struif","PCB189","2,3,3',4,4',5,5 '-heptachlorobifenyl","Massafractie 2,3,3',4,4',5,5 '-heptachlorobifenyl in Organisme (biota) t.o.v. natgewicht in Struif Sterna hirundo ug/kg","meting","NVT","NVT",TRUE,FALSE,FALSE
2324,"Haematopus ostralegus","Haematopus ostralegus","OE","Organisme (biota)","ug/kg","microgram per kilogram","MASSFTE","Massafractie","ng","t.o.v. natgewicht","SF","Struif","PCB190","2,3,3',4,4',5,6-heptachloorbifenyl","Massafractie 2,3,3',4,4',5,6-heptachloorbifenyl in Organisme (biota) t.o.v. natgewicht in Struif Haematopus ostralegus ug/kg","meting","NVT","NVT",TRUE,FALSE,FALSE
2325,"Sterna hirundo","Sterna hirundo","OE","Organisme (biota)","ug/kg","microgram per kilogram","MASSFTE","Massafractie","ng","t.o.v. natgewicht","SF","Struif","PCB190","2,3,3',4,4',5,6-heptachloorbifenyl","Massafractie 2,3,3',4,4',5,6-heptachloorbifenyl in Organisme (biota) t.o.v. natgewicht in Struif Sterna hirundo ug/kg","meting","NVT","NVT",TRUE,FALSE,FALSE
2326,"Haematopus ostralegus","Haematopus ostralegus","OE","Organisme (biota)","ug/kg","microgram per kilogram","MASSFTE","Massafractie","ng","t.o.v. natgewicht","SF","Struif","PCB194","2,2',3,3',4,4',5,5'-octachloorbifenyl","Massafractie 2,2',3,3',4,4',5,5'-octachloorbifenyl in Organisme (biota) t.o.v. natgewicht in Struif Haematopus ostralegus ug/kg","meting","NVT","NVT",TRUE,FALSE,FALSE
2327,"Sterna hirundo","Sterna hirundo","OE","Organisme (biota)","ug/kg","microgram per kilogram","MASSFTE","Massafractie","ng","t.o.v. natgewicht","SF","Struif","PCB194","2,2',3,3',4,4',5,5'-octachloorbifenyl","Massafractie 2,2',3,3',4,4',5,5'-octachloorbifenyl in Organisme (biota) t.o.v. natgewicht in Struif Sterna hirundo ug/kg","meting","NVT","NVT",TRUE,FALSE,FALSE
2328,"Haematopus ostralegus","Haematopus ostralegus","OE","Organisme (biota)","ug/kg","microgram per kilogram","MASSFTE","Massafractie","ng","t.o.v. natgewicht","SF","Struif","PCB195","2,2',3,3',4,4',5,6-octachloorbifenyl","Massafractie 2,2',3,3',4,4',5,6-octachloorbifenyl in Organisme (biota) t.o.v. natgewicht in Struif Haematopus ostralegus ug/kg","meting","NVT","NVT",TRUE,FALSE,FALSE
2329,"Sterna hirundo","Sterna hirundo","OE","Organisme (biota)","ug/kg","microgram per kilogram","MASSFTE","Massafractie","ng","t.o.v. natgewicht","SF","Struif","PCB195","2,2',3,3',4,4',5,6-octachloorbifenyl","Massafractie 2,2',3,3',4,4',5,6-octachloorbifenyl in Organisme (biota) t.o.v. natgewicht in Struif Sterna hirundo ug/kg","meting","NVT","NVT",TRUE,FALSE,FALSE
2330,"Haematopus ostralegus","Haematopus ostralegus","OE","Organisme (biota)","ug/kg","microgram per kilogram","MASSFTE","Massafractie","ng","t.o.v. natgewicht","SF","Struif","PCB196","2,2',3,3',4,4',5,6'-octachloorbifenyl","Massafractie 2,2',3,3',4,4',5,6'-octachloorbifenyl in Organisme (biota) t.o.v. natgewicht in Struif Haematopus ostralegus ug/kg","meting","NVT","NVT",TRUE,FALSE,FALSE
2331,"Sterna hirundo","Sterna hirundo","OE","Organisme (biota)","ug/kg","microgram per kilogram","MASSFTE","Massafractie","ng","t.o.v. natgewicht","SF","Struif","PCB196","2,2',3,3',4,4',5,6'-octachloorbifenyl","Massafractie 2,2',3,3',4,4',5,6'-octachloorbifenyl in Organisme (biota) t.o.v. natgewicht in Struif Sterna hirundo ug/kg","meting","NVT","NVT",TRUE,FALSE,FALSE
2332,"Haematopus ostralegus","Haematopus ostralegus","OE","Organisme (biota)","ug/kg","microgram per kilogram","MASSFTE","Massafractie","ng","t.o.v. natgewicht","SF","Struif","PCB199","2,2',3,3',4,5,6,6'-octachloorbifenyl","Massafractie 2,2',3,3',4,5,6,6'-octachloorbifenyl in Organisme (biota) t.o.v. natgewicht in Struif Haematopus ostralegus ug/kg","meting","NVT","NVT",TRUE,FALSE,FALSE
2333,"Sterna hirundo","Sterna hirundo","OE","Organisme (biota)","ug/kg","microgram per kilogram","MASSFTE","Massafractie","ng","t.o.v. natgewicht","SF","Struif","PCB199","2,2',3,3',4,5,6,6'-octachloorbifenyl","Massafractie 2,2',3,3',4,5,6,6'-octachloorbifenyl in Organisme (biota) t.o.v. natgewicht in Struif Sterna hirundo ug/kg","meting","NVT","NVT",TRUE,FALSE,FALSE
2334,"Haematopus ostralegus","Haematopus ostralegus","OE","Organisme (biota)","ug/kg","microgram per kilogram","MASSFTE","Massafractie","ng","t.o.v. natgewicht","SF","Struif","PCB202","2,2',3,3',5,5',6,6'-octachloorbifenyl","Massafractie 2,2',3,3',5,5',6,6'-octachloorbifenyl in Organisme (biota) t.o.v. natgewicht in Struif Haematopus ostralegus ug/kg","meting","NVT","NVT",TRUE,FALSE,FALSE
2335,"Sterna hirundo","Sterna hirundo","OE","Organisme (biota)","ug/kg","microgram per kilogram","MASSFTE","Massafractie","ng","t.o.v. natgewicht","SF","Struif","PCB202","2,2',3,3',5,5',6,6'-octachloorbifenyl","Massafractie 2,2',3,3',5,5',6,6'-octachloorbifenyl in Organisme (biota) t.o.v. natgewicht in Struif Sterna hirundo ug/kg","meting","NVT","NVT",TRUE,FALSE,FALSE
2336,"Haematopus ostralegus","Haematopus ostralegus","OE","Organisme (biota)","ug/kg","microgram per kilogram","MASSFTE","Massafractie","ng","t.o.v. natgewicht","SF","Struif","PCB207","2,2',3,3',4,4',5,6,6'-nonachloorbifenyl","Massafractie 2,2',3,3',4,4',5,6,6'-nonachloorbifenyl in Organisme (biota) t.o.v. natgewicht in Struif Haematopus ostralegus ug/kg","meting","NVT","NVT",TRUE,FALSE,FALSE
2337,"Sterna hirundo","Sterna hirundo","OE","Organisme (biota)","ug/kg","microgram per kilogram","MASSFTE","Massafractie","ng","t.o.v. natgewicht","SF","Struif","PCB207","2,2',3,3',4,4',5,6,6'-nonachloorbifenyl","Massafractie 2,2',3,3',4,4',5,6,6'-nonachloorbifenyl in Organisme (biota) t.o.v. natgewicht in Struif Sterna hirundo ug/kg","meting","NVT","NVT",TRUE,FALSE,FALSE
2338,"Haematopus ostralegus","Haematopus ostralegus","OE","Organisme (biota)","ug/kg","microgram per kilogram","MASSFTE","Massafractie","ng","t.o.v. natgewicht","SF","Struif","PCB28","2,4,4'-trichloorbifenyl","Massafractie 2,4,4'-trichloorbifenyl in Organisme (biota) t.o.v. natgewicht in Struif Haematopus ostralegus ug/kg","meting","NVT","NVT",TRUE,FALSE,FALSE
2339,"Sterna hirundo","Sterna hirundo","OE","Organisme (biota)","ug/kg","microgram per kilogram","MASSFTE","Massafractie","ng","t.o.v. natgewicht","SF","Struif","PCB28","2,4,4'-trichloorbifenyl","Massafractie 2,4,4'-trichloorbifenyl in Organisme (biota) t.o.v. natgewicht in Struif Sterna hirundo ug/kg","meting","NVT","NVT",TRUE,FALSE,FALSE
2340,"Anguilla anguilla","Anguilla anguilla","OE","Organisme (biota)","ug/kg","microgram per kilogram","MASSFTE","Massafractie","ng","t.o.v. natgewicht","VS","Vlees","PCB28","2,4,4'-trichloorbifenyl","Massafractie 2,4,4'-trichloorbifenyl in Organisme (biota) t.o.v. natgewicht in Vlees Anguilla anguilla ug/kg","meting","NVT","NVT",TRUE,FALSE,FALSE
2341,"Dreissena bugensis","Dreissena bugensis","OE","Organisme (biota)","ug/kg","microgram per kilogram","MASSFTE","Massafractie","ng","t.o.v. natgewicht","VS","Vlees","PCB28","2,4,4'-trichloorbifenyl","Massafractie 2,4,4'-trichloorbifenyl in Organisme (biota) t.o.v. natgewicht in Vlees Dreissena bugensis ug/kg","meting","NVT","NVT",TRUE,FALSE,FALSE
2342,"Dreissena polymorpha","Dreissena polymorpha","OE","Organisme (biota)","ug/kg","microgram per kilogram","MASSFTE","Massafractie","ng","t.o.v. natgewicht","VS","Vlees","PCB28","2,4,4'-trichloorbifenyl","Massafractie 2,4,4'-trichloorbifenyl in Organisme (biota) t.o.v. natgewicht in Vlees Dreissena polymorpha ug/kg","meting","NVT","NVT",TRUE,FALSE,FALSE
2343,"Haematopus ostralegus","Haematopus ostralegus","OE","Organisme (biota)","ug/kg","microgram per kilogram","MASSFTE","Massafractie","ng","t.o.v. natgewicht","SF","Struif","PCB47","2,2',4,4'-tetrachloorbifenyl","Massafractie 2,2',4,4'-tetrachloorbifenyl in Organisme (biota) t.o.v. natgewicht in Struif Haematopus ostralegus ug/kg","meting","NVT","NVT",TRUE,FALSE,FALSE
2344,"Sterna hirundo","Sterna hirundo","OE","Organisme (biota)","ug/kg","microgram per kilogram","MASSFTE","Massafractie","ng","t.o.v. natgewicht","SF","Struif","PCB47","2,2',4,4'-tetrachloorbifenyl","Massafractie 2,2',4,4'-tetrachloorbifenyl in Organisme (biota) t.o.v. natgewicht in Struif Sterna hirundo ug/kg","meting","NVT","NVT",TRUE,FALSE,FALSE
2345,"Haematopus ostralegus","Haematopus ostralegus","OE","Organisme (biota)","ug/kg","microgram per kilogram","MASSFTE","Massafractie","ng","t.o.v. natgewicht","SF","Struif","PCB52","2,2',5,5'-tetrachloorbifenyl","Massafractie 2,2',5,5'-tetrachloorbifenyl in Organisme (biota) t.o.v. natgewicht in Struif Haematopus ostralegus ug/kg","meting","NVT","NVT",TRUE,FALSE,FALSE
2346,"Sterna hirundo","Sterna hirundo","OE","Organisme (biota)","ug/kg","microgram per kilogram","MASSFTE","Massafractie","ng","t.o.v. natgewicht","SF","Struif","PCB52","2,2',5,5'-tetrachloorbifenyl","Massafractie 2,2',5,5'-tetrachloorbifenyl in Organisme (biota) t.o.v. natgewicht in Struif Sterna hirundo ug/kg","meting","NVT","NVT",TRUE,FALSE,FALSE
2347,"Anguilla anguilla","Anguilla anguilla","OE","Organisme (biota)","ug/kg","microgram per kilogram","MASSFTE","Massafractie","ng","t.o.v. natgewicht","VS","Vlees","PCB52","2,2',5,5'-tetrachloorbifenyl","Massafractie 2,2',5,5'-tetrachloorbifenyl in Organisme (biota) t.o.v. natgewicht in Vlees Anguilla anguilla ug/kg","meting","NVT","NVT",TRUE,FALSE,FALSE
2348,"Dreissena bugensis","Dreissena bugensis","OE","Organisme (biota)","ug/kg","microgram per kilogram","MASSFTE","Massafractie","ng","t.o.v. natgewicht","VS","Vlees","PCB52","2,2',5,5'-tetrachloorbifenyl","Massafractie 2,2',5,5'-tetrachloorbifenyl in Organisme (biota) t.o.v. natgewicht in Vlees Dreissena bugensis ug/kg","meting","NVT","NVT",TRUE,FALSE,FALSE
2349,"Dreissena polymorpha","Dreissena polymorpha","OE","Organisme (biota)","ug/kg","microgram per kilogram","MASSFTE","Massafractie","ng","t.o.v. natgewicht","VS","Vlees","PCB52","2,2',5,5'-tetrachloorbifenyl","Massafractie 2,2',5,5'-tetrachloorbifenyl in Organisme (biota) t.o.v. natgewicht in Vlees Dreissena polymorpha ug/kg","meting","NVT","NVT",TRUE,FALSE,FALSE
2350,"Haematopus ostralegus","Haematopus ostralegus","OE","Organisme (biota)","ug/kg","microgram per kilogram","MASSFTE","Massafractie","ng","t.o.v. natgewicht","SF","Struif","PCB64","2,3,4',6-tetrachloorbifenyl","Massafractie 2,3,4',6-tetrachloorbifenyl in Organisme (biota) t.o.v. natgewicht in Struif Haematopus ostralegus ug/kg","meting","NVT","NVT",TRUE,FALSE,FALSE
2351,"Sterna hirundo","Sterna hirundo","OE","Organisme (biota)","ug/kg","microgram per kilogram","MASSFTE","Massafractie","ng","t.o.v. natgewicht","SF","Struif","PCB64","2,3,4',6-tetrachloorbifenyl","Massafractie 2,3,4',6-tetrachloorbifenyl in Organisme (biota) t.o.v. natgewicht in Struif Sterna hirundo ug/kg","meting","NVT","NVT",TRUE,FALSE,FALSE
2352,"Haematopus ostralegus","Haematopus ostralegus","OE","Organisme (biota)","ug/kg","microgram per kilogram","MASSFTE","Massafractie","ng","t.o.v. natgewicht","SF","Struif","PCB66","2,3,4,4-tetrachloorbifenyl","Massafractie 2,3,4,4-tetrachloorbifenyl in Organisme (biota) t.o.v. natgewicht in Struif Haematopus ostralegus ug/kg","meting","NVT","NVT",TRUE,FALSE,FALSE
2353,"Sterna hirundo","Sterna hirundo","OE","Organisme (biota)","ug/kg","microgram per kilogram","MASSFTE","Massafractie","ng","t.o.v. natgewicht","SF","Struif","PCB66","2,3,4,4-tetrachloorbifenyl","Massafractie 2,3,4,4-tetrachloorbifenyl in Organisme (biota) t.o.v. natgewicht in Struif Sterna hirundo ug/kg","meting","NVT","NVT",TRUE,FALSE,FALSE
2354,"Haematopus ostralegus","Haematopus ostralegus","OE","Organisme (biota)","ug/kg","microgram per kilogram","MASSFTE","Massafractie","ng","t.o.v. natgewicht","SF","Struif","PCB70","2,3',4',5-tetrachloorbifenyl","Massafractie 2,3',4',5-tetrachloorbifenyl in Organisme (biota) t.o.v. natgewicht in Struif Haematopus ostralegus ug/kg","meting","NVT","NVT",TRUE,FALSE,FALSE
2355,"Sterna hirundo","Sterna hirundo","OE","Organisme (biota)","ug/kg","microgram per kilogram","MASSFTE","Massafractie","ng","t.o.v. natgewicht","SF","Struif","PCB70","2,3',4',5-tetrachloorbifenyl","Massafractie 2,3',4',5-tetrachloorbifenyl in Organisme (biota) t.o.v. natgewicht in Struif Sterna hirundo ug/kg","meting","NVT","NVT",TRUE,FALSE,FALSE
2356,"Haematopus ostralegus","Haematopus ostralegus","OE","Organisme (biota)","ug/kg","microgram per kilogram","MASSFTE","Massafractie","ng","t.o.v. natgewicht","SF","Struif","PCB74","2,4,4',5-tetrachloorbifenyl","Massafractie 2,4,4',5-tetrachloorbifenyl in Organisme (biota) t.o.v. natgewicht in Struif Haematopus ostralegus ug/kg","meting","NVT","NVT",TRUE,FALSE,FALSE
2357,"Sterna hirundo","Sterna hirundo","OE","Organisme (biota)","ug/kg","microgram per kilogram","MASSFTE","Massafractie","ng","t.o.v. natgewicht","SF","Struif","PCB74","2,4,4',5-tetrachloorbifenyl","Massafractie 2,4,4',5-tetrachloorbifenyl in Organisme (biota) t.o.v. natgewicht in Struif Sterna hirundo ug/kg","meting","NVT","NVT",TRUE,FALSE,FALSE
2358,"Anguilla anguilla","Anguilla anguilla","OE","Organisme (biota)","ug/kg","microgram per kilogram","MASSFTE","Massafractie","ng","t.o.v. natgewicht","VS","Vlees","PCB77","3,3',4,4'-tetrachloorbifenyl","Massafractie 3,3',4,4'-tetrachloorbifenyl in Organisme (biota) t.o.v. natgewicht in Vlees Anguilla anguilla ug/kg","meting","NVT","NVT",TRUE,FALSE,FALSE
2359,"Dreissena bugensis","Dreissena bugensis","OE","Organisme (biota)","ug/kg","microgram per kilogram","MASSFTE","Massafractie","ng","t.o.v. natgewicht","VS","Vlees","PCB77","3,3',4,4'-tetrachloorbifenyl","Massafractie 3,3',4,4'-tetrachloorbifenyl in Organisme (biota) t.o.v. natgewicht in Vlees Dreissena bugensis ug/kg","meting","NVT","NVT",TRUE,FALSE,FALSE
2360,"Dreissena polymorpha","Dreissena polymorpha","OE","Organisme (biota)","ug/kg","microgram per kilogram","MASSFTE","Massafractie","ng","t.o.v. natgewicht","VS","Vlees","PCB77","3,3',4,4'-tetrachloorbifenyl","Massafractie 3,3',4,4'-tetrachloorbifenyl in Organisme (biota) t.o.v. natgewicht in Vlees Dreissena polymorpha ug/kg","meting","NVT","NVT",TRUE,FALSE,FALSE
2361,"Haematopus ostralegus","Haematopus ostralegus","OE","Organisme (biota)","ug/kg","microgram per kilogram","MASSFTE","Massafractie","ng","t.o.v. natgewicht","SF","Struif","PCB85","2,2',3,4,4'-pentachloorbifenyl","Massafractie 2,2',3,4,4'-pentachloorbifenyl in Organisme (biota) t.o.v. natgewicht in Struif Haematopus ostralegus ug/kg","meting","NVT","NVT",TRUE,FALSE,FALSE
2362,"Sterna hirundo","Sterna hirundo","OE","Organisme (biota)","ug/kg","microgram per kilogram","MASSFTE","Massafractie","ng","t.o.v. natgewicht","SF","Struif","PCB85","2,2',3,4,4'-pentachloorbifenyl","Massafractie 2,2',3,4,4'-pentachloorbifenyl in Organisme (biota) t.o.v. natgewicht in Struif Sterna hirundo ug/kg","meting","NVT","NVT",TRUE,FALSE,FALSE
2363,"Haematopus ostralegus","Haematopus ostralegus","OE","Organisme (biota)","ug/kg","microgram per kilogram","MASSFTE","Massafractie","ng","t.o.v. natgewicht","SF","Struif","PCB87","2,2',3,4,5'-pentachloorbifenyl","Massafractie 2,2',3,4,5'-pentachloorbifenyl in Organisme (biota) t.o.v. natgewicht in Struif Haematopus ostralegus ug/kg","meting","NVT","NVT",TRUE,FALSE,FALSE
2364,"Sterna hirundo","Sterna hirundo","OE","Organisme (biota)","ug/kg","microgram per kilogram","MASSFTE","Massafractie","ng","t.o.v. natgewicht","SF","Struif","PCB87","2,2',3,4,5'-pentachloorbifenyl","Massafractie 2,2',3,4,5'-pentachloorbifenyl in Organisme (biota) t.o.v. natgewicht in Struif Sterna hirundo ug/kg","meting","NVT","NVT",TRUE,FALSE,FALSE
2365,"Haematopus ostralegus","Haematopus ostralegus","OE","Organisme (biota)","ug/kg","microgram per kilogram","MASSFTE","Massafractie","ng","t.o.v. natgewicht","SF","Struif","PCB92","2,2',3,5,5'-pentachloorbifenyl","Massafractie 2,2',3,5,5'-pentachloorbifenyl in Organisme (biota) t.o.v. natgewicht in Struif Haematopus ostralegus ug/kg","meting","NVT","NVT",TRUE,FALSE,FALSE
2366,"Sterna hirundo","Sterna hirundo","OE","Organisme (biota)","ug/kg","microgram per kilogram","MASSFTE","Massafractie","ng","t.o.v. natgewicht","SF","Struif","PCB92","2,2',3,5,5'-pentachloorbifenyl","Massafractie 2,2',3,5,5'-pentachloorbifenyl in Organisme (biota) t.o.v. natgewicht in Struif Sterna hirundo ug/kg","meting","NVT","NVT",TRUE,FALSE,FALSE
2367,"Haematopus ostralegus","Haematopus ostralegus","OE","Organisme (biota)","ug/kg","microgram per kilogram","MASSFTE","Massafractie","ng","t.o.v. natgewicht","SF","Struif","PCB95","2,2',3,5',6-pentachloorbifenyl","Massafractie 2,2',3,5',6-pentachloorbifenyl in Organisme (biota) t.o.v. natgewicht in Struif Haematopus ostralegus ug/kg","meting","NVT","NVT",TRUE,FALSE,FALSE
2368,"Sterna hirundo","Sterna hirundo","OE","Organisme (biota)","ug/kg","microgram per kilogram","MASSFTE","Massafractie","ng","t.o.v. natgewicht","SF","Struif","PCB95","2,2',3,5',6-pentachloorbifenyl","Massafractie 2,2',3,5',6-pentachloorbifenyl in Organisme (biota) t.o.v. natgewicht in Struif Sterna hirundo ug/kg","meting","NVT","NVT",TRUE,FALSE,FALSE
2369,"Haematopus ostralegus","Haematopus ostralegus","OE","Organisme (biota)","ug/kg","microgram per kilogram","MASSFTE","Massafractie","ng","t.o.v. natgewicht","SF","Struif","PCB99","2,2',4,4',5-pentachloorbifenyl","Massafractie 2,2',4,4',5-pentachloorbifenyl in Organisme (biota) t.o.v. natgewicht in Struif Haematopus ostralegus ug/kg","meting","NVT","NVT",TRUE,FALSE,FALSE
2370,"Sterna hirundo","Sterna hirundo","OE","Organisme (biota)","ug/kg","microgram per kilogram","MASSFTE","Massafractie","ng","t.o.v. natgewicht","SF","Struif","PCB99","2,2',4,4',5-pentachloorbifenyl","Massafractie 2,2',4,4',5-pentachloorbifenyl in Organisme (biota) t.o.v. natgewicht in Struif Sterna hirundo ug/kg","meting","NVT","NVT",TRUE,FALSE,FALSE
2371,"Anguilla anguilla","Anguilla anguilla","OE","Organisme (biota)","ug/kg","microgram per kilogram","MASSFTE","Massafractie","ng","t.o.v. natgewicht","VS","Vlees","PeClansl","pentachlooranisol","Massafractie pentachlooranisol in Organisme (biota) t.o.v. natgewicht in Vlees Anguilla anguilla ug/kg","meting","NVT","NVT",TRUE,FALSE,FALSE
2372,"Anguilla anguilla","Anguilla anguilla","OE","Organisme (biota)","ug/kg","microgram per kilogram","MASSFTE","Massafractie","ng","t.o.v. natgewicht","VS","Vlees","PeClBen","pentachloorbenzeen","Massafractie pentachloorbenzeen in Organisme (biota) t.o.v. natgewicht in Vlees Anguilla anguilla ug/kg","meting","NVT","NVT",TRUE,FALSE,FALSE
2373,"Platichthys flesus","Platichthys flesus","OE","Organisme (biota)","ug/kg","microgram per kilogram","MASSFTE","Massafractie","ng","t.o.v. natgewicht","NVT","NVT","PFBA","perfluorbutaanzuur","Massafractie perfluorbutaanzuur in Organisme (biota) t.o.v. natgewicht in Platichthys flesus ug/kg","meting","NVT","NVT",TRUE,FALSE,FALSE
2374,"Rutilus rutilus","Rutilus rutilus","OE","Organisme (biota)","ug/kg","microgram per kilogram","MASSFTE","Massafractie","ng","t.o.v. natgewicht","NVT","NVT","PFBA","perfluorbutaanzuur","Massafractie perfluorbutaanzuur in Organisme (biota) t.o.v. natgewicht in Rutilus rutilus ug/kg","meting","NVT","NVT",TRUE,FALSE,FALSE
2375,"Platichthys flesus","Platichthys flesus","OE","Organisme (biota)","ug/kg","microgram per kilogram","MASSFTE","Massafractie","ng","t.o.v. natgewicht","NVT","NVT","PFC16azr","perfluorhexadecaanzuur","Massafractie perfluorhexadecaanzuur in Organisme (biota) t.o.v. natgewicht in Platichthys flesus ug/kg","meting","NVT","NVT",TRUE,FALSE,FALSE
2376,"Rutilus rutilus","Rutilus rutilus","OE","Organisme (biota)","ug/kg","microgram per kilogram","MASSFTE","Massafractie","ng","t.o.v. natgewicht","NVT","NVT","PFC16azr","perfluorhexadecaanzuur","Massafractie perfluorhexadecaanzuur in Organisme (biota) t.o.v. natgewicht in Rutilus rutilus ug/kg","meting","NVT","NVT",TRUE,FALSE,FALSE
2377,"Platichthys flesus","Platichthys flesus","OE","Organisme (biota)","ug/kg","microgram per kilogram","MASSFTE","Massafractie","ng","t.o.v. natgewicht","NVT","NVT","PFC18azr","perfluoroctadecaanzuur","Massafractie perfluoroctadecaanzuur in Organisme (biota) t.o.v. natgewicht in Platichthys flesus ug/kg","meting","NVT","NVT",TRUE,FALSE,FALSE
2378,"Rutilus rutilus","Rutilus rutilus","OE","Organisme (biota)","ug/kg","microgram per kilogram","MASSFTE","Massafractie","ng","t.o.v. natgewicht","NVT","NVT","PFC18azr","perfluoroctadecaanzuur","Massafractie perfluoroctadecaanzuur in Organisme (biota) t.o.v. natgewicht in Rutilus rutilus ug/kg","meting","NVT","NVT",TRUE,FALSE,FALSE
2379,"Rutilus rutilus","Rutilus rutilus","OE","Organisme (biota)","ug/kg","microgram per kilogram","MASSFTE","Massafractie","ng","t.o.v. natgewicht","NVT","NVT","PFC5asfzr","perfluorpentaansulfonzuur","Massafractie perfluorpentaansulfonzuur in Organisme (biota) t.o.v. natgewicht in Rutilus rutilus ug/kg","meting","NVT","NVT",TRUE,FALSE,FALSE
2380,"Platichthys flesus","Platichthys flesus","OE","Organisme (biota)","ug/kg","microgram per kilogram","MASSFTE","Massafractie","ng","t.o.v. natgewicht","NVT","NVT","PFDA","perfluordecaanzuur","Massafractie perfluordecaanzuur in Organisme (biota) t.o.v. natgewicht in Platichthys flesus ug/kg","meting","NVT","NVT",TRUE,FALSE,FALSE
2381,"Rutilus rutilus","Rutilus rutilus","OE","Organisme (biota)","ug/kg","microgram per kilogram","MASSFTE","Massafractie","ng","t.o.v. natgewicht","NVT","NVT","PFDA","perfluordecaanzuur","Massafractie perfluordecaanzuur in Organisme (biota) t.o.v. natgewicht in Rutilus rutilus ug/kg","meting","NVT","NVT",TRUE,FALSE,FALSE
2382,"Platichthys flesus","Platichthys flesus","OE","Organisme (biota)","ug/kg","microgram per kilogram","MASSFTE","Massafractie","ng","t.o.v. natgewicht","NVT","NVT","PFDoA","perfluordodecaanzuur","Massafractie perfluordodecaanzuur in Organisme (biota) t.o.v. natgewicht in Platichthys flesus ug/kg","meting","NVT","NVT",TRUE,FALSE,FALSE
2383,"Rutilus rutilus","Rutilus rutilus","OE","Organisme (biota)","ug/kg","microgram per kilogram","MASSFTE","Massafractie","ng","t.o.v. natgewicht","NVT","NVT","PFDoA","perfluordodecaanzuur","Massafractie perfluordodecaanzuur in Organisme (biota) t.o.v. natgewicht in Rutilus rutilus ug/kg","meting","NVT","NVT",TRUE,FALSE,FALSE
2384,"Platichthys flesus","Platichthys flesus","OE","Organisme (biota)","ug/kg","microgram per kilogram","MASSFTE","Massafractie","ng","t.o.v. natgewicht","NVT","NVT","PFHpA","perfluorheptaanzuur","Massafractie perfluorheptaanzuur in Organisme (biota) t.o.v. natgewicht in Platichthys flesus ug/kg","meting","NVT","NVT",TRUE,FALSE,FALSE
2385,"Rutilus rutilus","Rutilus rutilus","OE","Organisme (biota)","ug/kg","microgram per kilogram","MASSFTE","Massafractie","ng","t.o.v. natgewicht","NVT","NVT","PFHpA","perfluorheptaanzuur","Massafractie perfluorheptaanzuur in Organisme (biota) t.o.v. natgewicht in Rutilus rutilus ug/kg","meting","NVT","NVT",TRUE,FALSE,FALSE
2386,"Platichthys flesus","Platichthys flesus","OE","Organisme (biota)","ug/kg","microgram per kilogram","MASSFTE","Massafractie","ng","t.o.v. natgewicht","NVT","NVT","PFHxA","perfluorhexaanzuur","Massafractie perfluorhexaanzuur in Organisme (biota) t.o.v. natgewicht in Platichthys flesus ug/kg","meting","NVT","NVT",TRUE,FALSE,FALSE
2387,"Rutilus rutilus","Rutilus rutilus","OE","Organisme (biota)","ug/kg","microgram per kilogram","MASSFTE","Massafractie","ng","t.o.v. natgewicht","NVT","NVT","PFHxA","perfluorhexaanzuur","Massafractie perfluorhexaanzuur in Organisme (biota) t.o.v. natgewicht in Rutilus rutilus ug/kg","meting","NVT","NVT",TRUE,FALSE,FALSE
2388,"Platichthys flesus","Platichthys flesus","OE","Organisme (biota)","ug/kg","microgram per kilogram","MASSFTE","Massafractie","ng","t.o.v. natgewicht","NVT","NVT","PFNA","perfluornonaanzuur","Massafractie perfluornonaanzuur in Organisme (biota) t.o.v. natgewicht in Platichthys flesus ug/kg","meting","NVT","NVT",TRUE,FALSE,FALSE
2389,"Rutilus rutilus","Rutilus rutilus","OE","Organisme (biota)","ug/kg","microgram per kilogram","MASSFTE","Massafractie","ng","t.o.v. natgewicht","NVT","NVT","PFNA","perfluornonaanzuur","Massafractie perfluornonaanzuur in Organisme (biota) t.o.v. natgewicht in Rutilus rutilus ug/kg","meting","NVT","NVT",TRUE,FALSE,FALSE
2390,"Platichthys flesus","Platichthys flesus","OE","Organisme (biota)","ug/kg","microgram per kilogram","MASSFTE","Massafractie","ng","t.o.v. natgewicht","NVT","NVT","PFOA","perfluoroctaanzuur","Massafractie perfluoroctaanzuur in Organisme (biota) t.o.v. natgewicht in Platichthys flesus ug/kg","meting","NVT","NVT",TRUE,FALSE,FALSE
2391,"Rutilus rutilus","Rutilus rutilus","OE","Organisme (biota)","ug/kg","microgram per kilogram","MASSFTE","Massafractie","ng","t.o.v. natgewicht","NVT","NVT","PFOA","perfluoroctaanzuur","Massafractie perfluoroctaanzuur in Organisme (biota) t.o.v. natgewicht in Rutilus rutilus ug/kg","meting","NVT","NVT",TRUE,FALSE,FALSE
2392,"Platichthys flesus","Platichthys flesus","OE","Organisme (biota)","ug/kg","microgram per kilogram","MASSFTE","Massafractie","ng","t.o.v. natgewicht","NVT","NVT","PFOS","perfluoroctaansulfonzuur","Massafractie perfluoroctaansulfonzuur in Organisme (biota) t.o.v. natgewicht in Platichthys flesus ug/kg","meting","NVT","NVT",TRUE,FALSE,FALSE
2393,"Rutilus rutilus","Rutilus rutilus","OE","Organisme (biota)","ug/kg","microgram per kilogram","MASSFTE","Massafractie","ng","t.o.v. natgewicht","NVT","NVT","PFOS","perfluoroctaansulfonzuur","Massafractie perfluoroctaansulfonzuur in Organisme (biota) t.o.v. natgewicht in Rutilus rutilus ug/kg","meting","NVT","NVT",TRUE,FALSE,FALSE
2394,"Platichthys flesus","Platichthys flesus","OE","Organisme (biota)","ug/kg","microgram per kilogram","MASSFTE","Massafractie","ng","t.o.v. natgewicht","NVT","NVT","PFPA","perfluorpentaanzuur","Massafractie perfluorpentaanzuur in Organisme (biota) t.o.v. natgewicht in Platichthys flesus ug/kg","meting","NVT","NVT",TRUE,FALSE,FALSE
2395,"Rutilus rutilus","Rutilus rutilus","OE","Organisme (biota)","ug/kg","microgram per kilogram","MASSFTE","Massafractie","ng","t.o.v. natgewicht","NVT","NVT","PFPA","perfluorpentaanzuur","Massafractie perfluorpentaanzuur in Organisme (biota) t.o.v. natgewicht in Rutilus rutilus ug/kg","meting","NVT","NVT",TRUE,FALSE,FALSE
2396,"Platichthys flesus","Platichthys flesus","OE","Organisme (biota)","ug/kg","microgram per kilogram","MASSFTE","Massafractie","ng","t.o.v. natgewicht","NVT","NVT","PFTDA","perfluortridecaanzuur","Massafractie perfluortridecaanzuur in Organisme (biota) t.o.v. natgewicht in Platichthys flesus ug/kg","meting","NVT","NVT",TRUE,FALSE,FALSE
2397,"Rutilus rutilus","Rutilus rutilus","OE","Organisme (biota)","ug/kg","microgram per kilogram","MASSFTE","Massafractie","ng","t.o.v. natgewicht","NVT","NVT","PFTDA","perfluortridecaanzuur","Massafractie perfluortridecaanzuur in Organisme (biota) t.o.v. natgewicht in Rutilus rutilus ug/kg","meting","NVT","NVT",TRUE,FALSE,FALSE
2398,"Platichthys flesus","Platichthys flesus","OE","Organisme (biota)","ug/kg","microgram per kilogram","MASSFTE","Massafractie","ng","t.o.v. natgewicht","NVT","NVT","PFTeDA","perfluortetradecaanzuur","Massafractie perfluortetradecaanzuur in Organisme (biota) t.o.v. natgewicht in Platichthys flesus ug/kg","meting","NVT","NVT",TRUE,FALSE,FALSE
2399,"Rutilus rutilus","Rutilus rutilus","OE","Organisme (biota)","ug/kg","microgram per kilogram","MASSFTE","Massafractie","ng","t.o.v. natgewicht","NVT","NVT","PFTeDA","perfluortetradecaanzuur","Massafractie perfluortetradecaanzuur in Organisme (biota) t.o.v. natgewicht in Rutilus rutilus ug/kg","meting","NVT","NVT",TRUE,FALSE,FALSE
2400,"Platichthys flesus","Platichthys flesus","OE","Organisme (biota)","ug/kg","microgram per kilogram","MASSFTE","Massafractie","ng","t.o.v. natgewicht","NVT","NVT","PFUdA","perfluorundecaanzuur","Massafractie perfluorundecaanzuur in Organisme (biota) t.o.v. natgewicht in Platichthys flesus ug/kg","meting","NVT","NVT",TRUE,FALSE,FALSE
2401,"Rutilus rutilus","Rutilus rutilus","OE","Organisme (biota)","ug/kg","microgram per kilogram","MASSFTE","Massafractie","ng","t.o.v. natgewicht","NVT","NVT","PFUdA","perfluorundecaanzuur","Massafractie perfluorundecaanzuur in Organisme (biota) t.o.v. natgewicht in Rutilus rutilus ug/kg","meting","NVT","NVT",TRUE,FALSE,FALSE
2402,"Dreissena bugensis","Dreissena bugensis","OE","Organisme (biota)","ug/kg","microgram per kilogram","MASSFTE","Massafractie","ng","t.o.v. natgewicht","VS","Vlees","Pyr","pyreen","Massafractie pyreen in Organisme (biota) t.o.v. natgewicht in Vlees Dreissena bugensis ug/kg","meting","NVT","NVT",TRUE,FALSE,FALSE
2403,"Dreissena polymorpha","Dreissena polymorpha","OE","Organisme (biota)","ug/kg","microgram per kilogram","MASSFTE","Massafractie","ng","t.o.v. natgewicht","VS","Vlees","Pyr","pyreen","Massafractie pyreen in Organisme (biota) t.o.v. natgewicht in Vlees Dreissena polymorpha ug/kg","meting","NVT","NVT",TRUE,FALSE,FALSE
2404,"Mytilus edulis","Mytilus edulis","OE","Organisme (biota)","ug/kg","microgram per kilogram","MASSFTE","Massafractie","ng","t.o.v. natgewicht","VS","Vlees","Pyr","pyreen","Massafractie pyreen in Organisme (biota) t.o.v. natgewicht in Vlees Mytilus edulis ug/kg","meting","NVT","NVT",TRUE,FALSE,FALSE
2405,"Platichthys flesus","Platichthys flesus","OE","Organisme (biota)","ug/kg","microgram per kilogram","MASSFTE","Massafractie","ng","t.o.v. natgewicht","NVT","NVT","sPBB153DE154","som PBB153 en PBDE154","Massafractie som PBB153 en PBDE154 in Organisme (biota) t.o.v. natgewicht in Platichthys flesus ug/kg","meting","NVT","NVT",TRUE,FALSE,FALSE
2406,"Rutilus rutilus","Rutilus rutilus","OE","Organisme (biota)","ug/kg","microgram per kilogram","MASSFTE","Massafractie","ng","t.o.v. natgewicht","NVT","NVT","sPBB153DE154","som PBB153 en PBDE154","Massafractie som PBB153 en PBDE154 in Organisme (biota) t.o.v. natgewicht in Rutilus rutilus ug/kg","meting","NVT","NVT",TRUE,FALSE,FALSE
2407,"Anguilla anguilla","Anguilla anguilla","OE","Organisme (biota)","ug/kg","microgram per kilogram","MASSFTE","Massafractie","ng","t.o.v. natgewicht","VS","Vlees","sPCB138163","som PCB138 en PCB163","Massafractie som PCB138 en PCB163 in Organisme (biota) t.o.v. natgewicht in Vlees Anguilla anguilla ug/kg","meting","NVT","NVT",TRUE,FALSE,FALSE
2408,"Dreissena bugensis","Dreissena bugensis","OE","Organisme (biota)","ug/kg","microgram per kilogram","MASSFTE","Massafractie","ng","t.o.v. natgewicht","VS","Vlees","sPCB138163","som PCB138 en PCB163","Massafractie som PCB138 en PCB163 in Organisme (biota) t.o.v. natgewicht in Vlees Dreissena bugensis ug/kg","meting","NVT","NVT",TRUE,FALSE,FALSE
2409,"Dreissena polymorpha","Dreissena polymorpha","OE","Organisme (biota)","ug/kg","microgram per kilogram","MASSFTE","Massafractie","ng","t.o.v. natgewicht","VS","Vlees","sPCB138163","som PCB138 en PCB163","Massafractie som PCB138 en PCB163 in Organisme (biota) t.o.v. natgewicht in Vlees Dreissena polymorpha ug/kg","meting","NVT","NVT",TRUE,FALSE,FALSE
2410,"Dreissena bugensis","Dreissena bugensis","OE","Organisme (biota)","ug/kg","microgram per kilogram","MASSFTE","Massafractie","ng","t.o.v. natgewicht","VS","Vlees","sPCB156172","som PCB156 en PCB172","Massafractie som PCB156 en PCB172 in Organisme (biota) t.o.v. natgewicht in Vlees Dreissena bugensis ug/kg","meting","NVT","NVT",TRUE,FALSE,FALSE
2411,"Dreissena bugensis","Dreissena bugensis","OE","Organisme (biota)","ug/kg","microgram per kilogram","MASSFTE","Massafractie","ng","t.o.v. natgewicht","VS","Vlees","TC4ySn","tributyltin (kation)","Massafractie tributyltin (kation) in Organisme (biota) t.o.v. natgewicht in Vlees Dreissena bugensis ug/kg","meting","NVT","NVT",TRUE,FALSE,FALSE
2412,"Dreissena polymorpha","Dreissena polymorpha","OE","Organisme (biota)","ug/kg","microgram per kilogram","MASSFTE","Massafractie","ng","t.o.v. natgewicht","VS","Vlees","TC4ySn","tributyltin (kation)","Massafractie tributyltin (kation) in Organisme (biota) t.o.v. natgewicht in Vlees Dreissena polymorpha ug/kg","meting","NVT","NVT",TRUE,FALSE,FALSE
2413,"Littorina littorea","Littorina littorea","OE","Organisme (biota)","ug/kg","microgram per kilogram","MASSFTE","Massafractie","ng","t.o.v. natgewicht","VS","Vlees","TC4ySn","tributyltin (kation)","Massafractie tributyltin (kation) in Organisme (biota) t.o.v. natgewicht in Vlees Littorina littorea ug/kg","meting","NVT","NVT",TRUE,FALSE,FALSE
2414,"Nassarius reticulatus","Nassarius reticulatus","OE","Organisme (biota)","ug/kg","microgram per kilogram","MASSFTE","Massafractie","ng","t.o.v. natgewicht","VS","Vlees","TC4ySn","tributyltin (kation)","Massafractie tributyltin (kation) in Organisme (biota) t.o.v. natgewicht in Vlees Nassarius reticulatus ug/kg","meting","NVT","NVT",TRUE,FALSE,FALSE
2415,"Nucella lapillus","Nucella lapillus","OE","Organisme (biota)","ug/kg","microgram per kilogram","MASSFTE","Massafractie","ng","t.o.v. natgewicht","VS","Vlees","TC4ySn","tributyltin (kation)","Massafractie tributyltin (kation) in Organisme (biota) t.o.v. natgewicht in Vlees Nucella lapillus ug/kg","meting","NVT","NVT",TRUE,FALSE,FALSE
2416,"Haematopus ostralegus","Haematopus ostralegus","OE","Organisme (biota)","ug/kg","microgram per kilogram","MASSFTE","Massafractie","ng","t.o.v. natgewicht","SF","Struif","tCldn","trans-chloordaan","Massafractie trans-chloordaan in Organisme (biota) t.o.v. natgewicht in Struif Haematopus ostralegus ug/kg","meting","NVT","NVT",TRUE,FALSE,FALSE
2417,"Sterna hirundo","Sterna hirundo","OE","Organisme (biota)","ug/kg","microgram per kilogram","MASSFTE","Massafractie","ng","t.o.v. natgewicht","SF","Struif","tCldn","trans-chloordaan","Massafractie trans-chloordaan in Organisme (biota) t.o.v. natgewicht in Struif Sterna hirundo ug/kg","meting","NVT","NVT",TRUE,FALSE,FALSE
2418,"Dreissena bugensis","Dreissena bugensis","OE","Organisme (biota)","ug/kg","microgram per kilogram","MASSFTE","Massafractie","ng","t.o.v. natgewicht","VS","Vlees","TFySn","trifenyltin (kation)","Massafractie trifenyltin (kation) in Organisme (biota) t.o.v. natgewicht in Vlees Dreissena bugensis ug/kg","meting","NVT","NVT",TRUE,FALSE,FALSE
2419,"Dreissena polymorpha","Dreissena polymorpha","OE","Organisme (biota)","ug/kg","microgram per kilogram","MASSFTE","Massafractie","ng","t.o.v. natgewicht","VS","Vlees","TFySn","trifenyltin (kation)","Massafractie trifenyltin (kation) in Organisme (biota) t.o.v. natgewicht in Vlees Dreissena polymorpha ug/kg","meting","NVT","NVT",TRUE,FALSE,FALSE
2420,"Littorina littorea","Littorina littorea","OE","Organisme (biota)","ug/kg","microgram per kilogram","MASSFTE","Massafractie","ng","t.o.v. natgewicht","VS","Vlees","TFySn","trifenyltin (kation)","Massafractie trifenyltin (kation) in Organisme (biota) t.o.v. natgewicht in Vlees Littorina littorea ug/kg","meting","NVT","NVT",TRUE,FALSE,FALSE
2421,"Nassarius reticulatus","Nassarius reticulatus","OE","Organisme (biota)","ug/kg","microgram per kilogram","MASSFTE","Massafractie","ng","t.o.v. natgewicht","VS","Vlees","TFySn","trifenyltin (kation)","Massafractie trifenyltin (kation) in Organisme (biota) t.o.v. natgewicht in Vlees Nassarius reticulatus ug/kg","meting","NVT","NVT",TRUE,FALSE,FALSE
2422,"Nucella lapillus","Nucella lapillus","OE","Organisme (biota)","ug/kg","microgram per kilogram","MASSFTE","Massafractie","ng","t.o.v. natgewicht","VS","Vlees","TFySn","trifenyltin (kation)","Massafractie trifenyltin (kation) in Organisme (biota) t.o.v. natgewicht in Vlees Nucella lapillus ug/kg","meting","NVT","NVT",TRUE,FALSE,FALSE
2423,"Platichthys flesus","Platichthys flesus","OE","Organisme (biota)","ug/kg","microgram per kilogram","MASSFTE","Massafractie","ng","t.o.v. natgewicht","NVT","NVT","tHpClepO","trans-heptachloorepoxide","Massafractie trans-heptachloorepoxide in Organisme (biota) t.o.v. natgewicht in Platichthys flesus ug/kg","meting","NVT","NVT",TRUE,FALSE,FALSE
2424,"Rutilus rutilus","Rutilus rutilus","OE","Organisme (biota)","ug/kg","microgram per kilogram","MASSFTE","Massafractie","ng","t.o.v. natgewicht","NVT","NVT","tHpClepO","trans-heptachloorepoxide","Massafractie trans-heptachloorepoxide in Organisme (biota) t.o.v. natgewicht in Rutilus rutilus ug/kg","meting","NVT","NVT",TRUE,FALSE,FALSE
2425,"Haematopus ostralegus","Haematopus ostralegus","OE","Organisme (biota)","ug/kg","microgram per kilogram","MASSFTE","Massafractie","ng","t.o.v. natgewicht","SF","Struif","tNnCl","trans-nonachloor","Massafractie trans-nonachloor in Organisme (biota) t.o.v. natgewicht in Struif Haematopus ostralegus ug/kg","meting","NVT","NVT",TRUE,FALSE,FALSE
2426,"Sterna hirundo","Sterna hirundo","OE","Organisme (biota)","ug/kg","microgram per kilogram","MASSFTE","Massafractie","ng","t.o.v. natgewicht","SF","Struif","tNnCl","trans-nonachloor","Massafractie trans-nonachloor in Organisme (biota) t.o.v. natgewicht in Struif Sterna hirundo ug/kg","meting","NVT","NVT",TRUE,FALSE,FALSE
2427,"Dreissena polymorpha","Dreissena polymorpha","OE","Organisme (biota)","ug/kg","microgram per kilogram","MASSFTE","Massafractie","VETGWT","t.o.v. vetgewicht","VS","Vlees","1234T4ClBen","1,2,3,4-tetrachloorbenzeen","Massafractie 1,2,3,4-tetrachloorbenzeen in Organisme (biota) t.o.v. vetgewicht in Vlees Dreissena polymorpha ug/kg","meting","NVT","NVT",TRUE,FALSE,FALSE
2428,"Mytilus edulis","Mytilus edulis","OE","Organisme (biota)","ug/kg","microgram per kilogram","MASSFTE","Massafractie","VETGWT","t.o.v. vetgewicht","VS","Vlees","1234T4ClBen","1,2,3,4-tetrachloorbenzeen","Massafractie 1,2,3,4-tetrachloorbenzeen in Organisme (biota) t.o.v. vetgewicht in Vlees Mytilus edulis ug/kg","meting","NVT","NVT",TRUE,FALSE,FALSE
2429,"Dreissena polymorpha","Dreissena polymorpha","OE","Organisme (biota)","ug/kg","microgram per kilogram","MASSFTE","Massafractie","VETGWT","t.o.v. vetgewicht","VS","Vlees","1235T4ClBen","1,2,3,5-tetrachloorbenzeen","Massafractie 1,2,3,5-tetrachloorbenzeen in Organisme (biota) t.o.v. vetgewicht in Vlees Dreissena polymorpha ug/kg","meting","NVT","NVT",TRUE,FALSE,FALSE
2430,"Mytilus edulis","Mytilus edulis","OE","Organisme (biota)","ug/kg","microgram per kilogram","MASSFTE","Massafractie","VETGWT","t.o.v. vetgewicht","VS","Vlees","1235T4ClBen","1,2,3,5-tetrachloorbenzeen","Massafractie 1,2,3,5-tetrachloorbenzeen in Organisme (biota) t.o.v. vetgewicht in Vlees Mytilus edulis ug/kg","meting","NVT","NVT",TRUE,FALSE,FALSE
2431,"Dreissena polymorpha","Dreissena polymorpha","OE","Organisme (biota)","ug/kg","microgram per kilogram","MASSFTE","Massafractie","VETGWT","t.o.v. vetgewicht","VS","Vlees","123TClBen","1,2,3-trichloorbenzeen","Massafractie 1,2,3-trichloorbenzeen in Organisme (biota) t.o.v. vetgewicht in Vlees Dreissena polymorpha ug/kg","meting","NVT","NVT",TRUE,FALSE,FALSE
2432,"Mytilus edulis","Mytilus edulis","OE","Organisme (biota)","ug/kg","microgram per kilogram","MASSFTE","Massafractie","VETGWT","t.o.v. vetgewicht","VS","Vlees","123TClBen","1,2,3-trichloorbenzeen","Massafractie 1,2,3-trichloorbenzeen in Organisme (biota) t.o.v. vetgewicht in Vlees Mytilus edulis ug/kg","meting","NVT","NVT",TRUE,FALSE,FALSE
2433,"Dreissena polymorpha","Dreissena polymorpha","OE","Organisme (biota)","ug/kg","microgram per kilogram","MASSFTE","Massafractie","VETGWT","t.o.v. vetgewicht","VS","Vlees","1245T4ClBen","1,2,4,5-tetrachloorbenzeen","Massafractie 1,2,4,5-tetrachloorbenzeen in Organisme (biota) t.o.v. vetgewicht in Vlees Dreissena polymorpha ug/kg","meting","NVT","NVT",TRUE,FALSE,FALSE
2434,"Mytilus edulis","Mytilus edulis","OE","Organisme (biota)","ug/kg","microgram per kilogram","MASSFTE","Massafractie","VETGWT","t.o.v. vetgewicht","VS","Vlees","1245T4ClBen","1,2,4,5-tetrachloorbenzeen","Massafractie 1,2,4,5-tetrachloorbenzeen in Organisme (biota) t.o.v. vetgewicht in Vlees Mytilus edulis ug/kg","meting","NVT","NVT",TRUE,FALSE,FALSE
2435,"Dreissena polymorpha","Dreissena polymorpha","OE","Organisme (biota)","ug/kg","microgram per kilogram","MASSFTE","Massafractie","VETGWT","t.o.v. vetgewicht","VS","Vlees","124TClBen","1,2,4-trichloorbenzeen","Massafractie 1,2,4-trichloorbenzeen in Organisme (biota) t.o.v. vetgewicht in Vlees Dreissena polymorpha ug/kg","meting","NVT","NVT",TRUE,FALSE,FALSE
2436,"Mytilus edulis","Mytilus edulis","OE","Organisme (biota)","ug/kg","microgram per kilogram","MASSFTE","Massafractie","VETGWT","t.o.v. vetgewicht","VS","Vlees","124TClBen","1,2,4-trichloorbenzeen","Massafractie 1,2,4-trichloorbenzeen in Organisme (biota) t.o.v. vetgewicht in Vlees Mytilus edulis ug/kg","meting","NVT","NVT",TRUE,FALSE,FALSE
2437,"Dreissena polymorpha","Dreissena polymorpha","OE","Organisme (biota)","ug/kg","microgram per kilogram","MASSFTE","Massafractie","VETGWT","t.o.v. vetgewicht","VS","Vlees","135TClBen","1,3,5-trichloorbenzeen","Massafractie 1,3,5-trichloorbenzeen in Organisme (biota) t.o.v. vetgewicht in Vlees Dreissena polymorpha ug/kg","meting","NVT","NVT",TRUE,FALSE,FALSE
2438,"Mytilus edulis","Mytilus edulis","OE","Organisme (biota)","ug/kg","microgram per kilogram","MASSFTE","Massafractie","VETGWT","t.o.v. vetgewicht","VS","Vlees","135TClBen","1,3,5-trichloorbenzeen","Massafractie 1,3,5-trichloorbenzeen in Organisme (biota) t.o.v. vetgewicht in Vlees Mytilus edulis ug/kg","meting","NVT","NVT",TRUE,FALSE,FALSE
2439,"Dreissena polymorpha","Dreissena polymorpha","OE","Organisme (biota)","ug/kg","microgram per kilogram","MASSFTE","Massafractie","VETGWT","t.o.v. vetgewicht","VS","Vlees","44DDD","4,4'-dichloordifenyldichloorethaan","Massafractie 4,4'-dichloordifenyldichloorethaan in Organisme (biota) t.o.v. vetgewicht in Vlees Dreissena polymorpha ug/kg","meting","NVT","NVT",TRUE,FALSE,FALSE
2440,"Mytilus edulis","Mytilus edulis","OE","Organisme (biota)","ug/kg","microgram per kilogram","MASSFTE","Massafractie","VETGWT","t.o.v. vetgewicht","VS","Vlees","44DDD","4,4'-dichloordifenyldichloorethaan","Massafractie 4,4'-dichloordifenyldichloorethaan in Organisme (biota) t.o.v. vetgewicht in Vlees Mytilus edulis ug/kg","meting","NVT","NVT",TRUE,FALSE,FALSE
2441,"Dreissena polymorpha","Dreissena polymorpha","OE","Organisme (biota)","ug/kg","microgram per kilogram","MASSFTE","Massafractie","VETGWT","t.o.v. vetgewicht","VS","Vlees","44DDE","4,4'-dichloordifenyldichlooretheen","Massafractie 4,4'-dichloordifenyldichlooretheen in Organisme (biota) t.o.v. vetgewicht in Vlees Dreissena polymorpha ug/kg","meting","NVT","NVT",TRUE,FALSE,FALSE
2442,"Mytilus edulis","Mytilus edulis","OE","Organisme (biota)","ug/kg","microgram per kilogram","MASSFTE","Massafractie","VETGWT","t.o.v. vetgewicht","VS","Vlees","44DDE","4,4'-dichloordifenyldichlooretheen","Massafractie 4,4'-dichloordifenyldichlooretheen in Organisme (biota) t.o.v. vetgewicht in Vlees Mytilus edulis ug/kg","meting","NVT","NVT",TRUE,FALSE,FALSE
2443,"Dreissena polymorpha","Dreissena polymorpha","OE","Organisme (biota)","ug/kg","microgram per kilogram","MASSFTE","Massafractie","VETGWT","t.o.v. vetgewicht","VS","Vlees","44DDT","4,4'-dichloordifenyltrichloorethaan","Massafractie 4,4'-dichloordifenyltrichloorethaan in Organisme (biota) t.o.v. vetgewicht in Vlees Dreissena polymorpha ug/kg","meting","NVT","NVT",TRUE,FALSE,FALSE
2444,"Mytilus edulis","Mytilus edulis","OE","Organisme (biota)","ug/kg","microgram per kilogram","MASSFTE","Massafractie","VETGWT","t.o.v. vetgewicht","VS","Vlees","44DDT","4,4'-dichloordifenyltrichloorethaan","Massafractie 4,4'-dichloordifenyltrichloorethaan in Organisme (biota) t.o.v. vetgewicht in Vlees Mytilus edulis ug/kg","meting","NVT","NVT",TRUE,FALSE,FALSE
2445,"Dreissena polymorpha","Dreissena polymorpha","OE","Organisme (biota)","ug/kg","microgram per kilogram","MASSFTE","Massafractie","VETGWT","t.o.v. vetgewicht","VS","Vlees","AcNe","acenafteen","Massafractie acenafteen in Organisme (biota) t.o.v. vetgewicht in Vlees Dreissena polymorpha ug/kg","meting","NVT","NVT",TRUE,FALSE,FALSE
2446,"Mytilus edulis","Mytilus edulis","OE","Organisme (biota)","ug/kg","microgram per kilogram","MASSFTE","Massafractie","VETGWT","t.o.v. vetgewicht","VS","Vlees","AcNe","acenafteen","Massafractie acenafteen in Organisme (biota) t.o.v. vetgewicht in Vlees Mytilus edulis ug/kg","meting","NVT","NVT",TRUE,FALSE,FALSE
2447,"Dreissena polymorpha","Dreissena polymorpha","OE","Organisme (biota)","ug/kg","microgram per kilogram","MASSFTE","Massafractie","VETGWT","t.o.v. vetgewicht","VS","Vlees","aedsfn","alfa-endosulfan","Massafractie alfa-endosulfan in Organisme (biota) t.o.v. vetgewicht in Vlees Dreissena polymorpha ug/kg","meting","NVT","NVT",TRUE,FALSE,FALSE
2448,"Mytilus edulis","Mytilus edulis","OE","Organisme (biota)","ug/kg","microgram per kilogram","MASSFTE","Massafractie","VETGWT","t.o.v. vetgewicht","VS","Vlees","aedsfn","alfa-endosulfan","Massafractie alfa-endosulfan in Organisme (biota) t.o.v. vetgewicht in Vlees Mytilus edulis ug/kg","meting","NVT","NVT",TRUE,FALSE,FALSE
2449,"Dreissena polymorpha","Dreissena polymorpha","OE","Organisme (biota)","ug/kg","microgram per kilogram","MASSFTE","Massafractie","VETGWT","t.o.v. vetgewicht","VS","Vlees","aHCH","alfa-hexachloorcyclohexaan","Massafractie alfa-hexachloorcyclohexaan in Organisme (biota) t.o.v. vetgewicht in Vlees Dreissena polymorpha ug/kg","meting","NVT","NVT",TRUE,FALSE,FALSE
2450,"Mytilus edulis","Mytilus edulis","OE","Organisme (biota)","ug/kg","microgram per kilogram","MASSFTE","Massafractie","VETGWT","t.o.v. vetgewicht","VS","Vlees","aHCH","alfa-hexachloorcyclohexaan","Massafractie alfa-hexachloorcyclohexaan in Organisme (biota) t.o.v. vetgewicht in Vlees Mytilus edulis ug/kg","meting","NVT","NVT",TRUE,FALSE,FALSE
2451,"Dreissena polymorpha","Dreissena polymorpha","OE","Organisme (biota)","ug/kg","microgram per kilogram","MASSFTE","Massafractie","VETGWT","t.o.v. vetgewicht","VS","Vlees","Ant","antraceen","Massafractie antraceen in Organisme (biota) t.o.v. vetgewicht in Vlees Dreissena polymorpha ug/kg","meting","NVT","NVT",TRUE,FALSE,FALSE
2452,"Mytilus edulis","Mytilus edulis","OE","Organisme (biota)","ug/kg","microgram per kilogram","MASSFTE","Massafractie","VETGWT","t.o.v. vetgewicht","VS","Vlees","Ant","antraceen","Massafractie antraceen in Organisme (biota) t.o.v. vetgewicht in Vlees Mytilus edulis ug/kg","meting","NVT","NVT",TRUE,FALSE,FALSE
2453,"Dreissena polymorpha","Dreissena polymorpha","OE","Organisme (biota)","ug/kg","microgram per kilogram","MASSFTE","Massafractie","VETGWT","t.o.v. vetgewicht","VS","Vlees","BaA","benzo(a)antraceen","Massafractie benzo(a)antraceen in Organisme (biota) t.o.v. vetgewicht in Vlees Dreissena polymorpha ug/kg","meting","NVT","NVT",TRUE,FALSE,FALSE
2454,"Mytilus edulis","Mytilus edulis","OE","Organisme (biota)","ug/kg","microgram per kilogram","MASSFTE","Massafractie","VETGWT","t.o.v. vetgewicht","VS","Vlees","BaA","benzo(a)antraceen","Massafractie benzo(a)antraceen in Organisme (biota) t.o.v. vetgewicht in Vlees Mytilus edulis ug/kg","meting","NVT","NVT",TRUE,FALSE,FALSE
2455,"Dreissena polymorpha","Dreissena polymorpha","OE","Organisme (biota)","ug/kg","microgram per kilogram","MASSFTE","Massafractie","VETGWT","t.o.v. vetgewicht","VS","Vlees","BaP","benzo(a)pyreen","Massafractie benzo(a)pyreen in Organisme (biota) t.o.v. vetgewicht in Vlees Dreissena polymorpha ug/kg","meting","NVT","NVT",TRUE,FALSE,FALSE
2456,"Mytilus edulis","Mytilus edulis","OE","Organisme (biota)","ug/kg","microgram per kilogram","MASSFTE","Massafractie","VETGWT","t.o.v. vetgewicht","VS","Vlees","BaP","benzo(a)pyreen","Massafractie benzo(a)pyreen in Organisme (biota) t.o.v. vetgewicht in Vlees Mytilus edulis ug/kg","meting","NVT","NVT",TRUE,FALSE,FALSE
2457,"Dreissena polymorpha","Dreissena polymorpha","OE","Organisme (biota)","ug/kg","microgram per kilogram","MASSFTE","Massafractie","VETGWT","t.o.v. vetgewicht","VS","Vlees","BbF","benzo(b)fluorantheen","Massafractie benzo(b)fluorantheen in Organisme (biota) t.o.v. vetgewicht in Vlees Dreissena polymorpha ug/kg","meting","NVT","NVT",TRUE,FALSE,FALSE
2458,"Mytilus edulis","Mytilus edulis","OE","Organisme (biota)","ug/kg","microgram per kilogram","MASSFTE","Massafractie","VETGWT","t.o.v. vetgewicht","VS","Vlees","BbF","benzo(b)fluorantheen","Massafractie benzo(b)fluorantheen in Organisme (biota) t.o.v. vetgewicht in Vlees Mytilus edulis ug/kg","meting","NVT","NVT",TRUE,FALSE,FALSE
2459,"Dreissena polymorpha","Dreissena polymorpha","OE","Organisme (biota)","ug/kg","microgram per kilogram","MASSFTE","Massafractie","VETGWT","t.o.v. vetgewicht","VS","Vlees","BeP","benzo(e)pyreen","Massafractie benzo(e)pyreen in Organisme (biota) t.o.v. vetgewicht in Vlees Dreissena polymorpha ug/kg","meting","NVT","NVT",TRUE,FALSE,FALSE
2460,"Mytilus edulis","Mytilus edulis","OE","Organisme (biota)","ug/kg","microgram per kilogram","MASSFTE","Massafractie","VETGWT","t.o.v. vetgewicht","VS","Vlees","BeP","benzo(e)pyreen","Massafractie benzo(e)pyreen in Organisme (biota) t.o.v. vetgewicht in Vlees Mytilus edulis ug/kg","meting","NVT","NVT",TRUE,FALSE,FALSE
2461,"Dreissena polymorpha","Dreissena polymorpha","OE","Organisme (biota)","ug/kg","microgram per kilogram","MASSFTE","Massafractie","VETGWT","t.o.v. vetgewicht","VS","Vlees","BghiPe","benzo(ghi)peryleen","Massafractie benzo(ghi)peryleen in Organisme (biota) t.o.v. vetgewicht in Vlees Dreissena polymorpha ug/kg","meting","NVT","NVT",TRUE,FALSE,FALSE
2462,"Mytilus edulis","Mytilus edulis","OE","Organisme (biota)","ug/kg","microgram per kilogram","MASSFTE","Massafractie","VETGWT","t.o.v. vetgewicht","VS","Vlees","BghiPe","benzo(ghi)peryleen","Massafractie benzo(ghi)peryleen in Organisme (biota) t.o.v. vetgewicht in Vlees Mytilus edulis ug/kg","meting","NVT","NVT",TRUE,FALSE,FALSE
2463,"Dreissena polymorpha","Dreissena polymorpha","OE","Organisme (biota)","ug/kg","microgram per kilogram","MASSFTE","Massafractie","VETGWT","t.o.v. vetgewicht","VS","Vlees","bHCH","beta-hexachloorcyclohexaan","Massafractie beta-hexachloorcyclohexaan in Organisme (biota) t.o.v. vetgewicht in Vlees Dreissena polymorpha ug/kg","meting","NVT","NVT",TRUE,FALSE,FALSE
2464,"Mytilus edulis","Mytilus edulis","OE","Organisme (biota)","ug/kg","microgram per kilogram","MASSFTE","Massafractie","VETGWT","t.o.v. vetgewicht","VS","Vlees","bHCH","beta-hexachloorcyclohexaan","Massafractie beta-hexachloorcyclohexaan in Organisme (biota) t.o.v. vetgewicht in Vlees Mytilus edulis ug/kg","meting","NVT","NVT",TRUE,FALSE,FALSE
2465,"Dreissena polymorpha","Dreissena polymorpha","OE","Organisme (biota)","ug/kg","microgram per kilogram","MASSFTE","Massafractie","VETGWT","t.o.v. vetgewicht","VS","Vlees","BkF","benzo(k)fluorantheen","Massafractie benzo(k)fluorantheen in Organisme (biota) t.o.v. vetgewicht in Vlees Dreissena polymorpha ug/kg","meting","NVT","NVT",TRUE,FALSE,FALSE
2466,"Mytilus edulis","Mytilus edulis","OE","Organisme (biota)","ug/kg","microgram per kilogram","MASSFTE","Massafractie","VETGWT","t.o.v. vetgewicht","VS","Vlees","BkF","benzo(k)fluorantheen","Massafractie benzo(k)fluorantheen in Organisme (biota) t.o.v. vetgewicht in Vlees Mytilus edulis ug/kg","meting","NVT","NVT",TRUE,FALSE,FALSE
2467,"Dreissena polymorpha","Dreissena polymorpha","OE","Organisme (biota)","ug/kg","microgram per kilogram","MASSFTE","Massafractie","VETGWT","t.o.v. vetgewicht","VS","Vlees","cHCH","gamma-hexachloorcyclohexaan (lindaan)","Massafractie gamma-hexachloorcyclohexaan (lindaan) in Organisme (biota) t.o.v. vetgewicht in Vlees Dreissena polymorpha ug/kg","meting","NVT","NVT",TRUE,FALSE,FALSE
2468,"Mytilus edulis","Mytilus edulis","OE","Organisme (biota)","ug/kg","microgram per kilogram","MASSFTE","Massafractie","VETGWT","t.o.v. vetgewicht","VS","Vlees","cHCH","gamma-hexachloorcyclohexaan (lindaan)","Massafractie gamma-hexachloorcyclohexaan (lindaan) in Organisme (biota) t.o.v. vetgewicht in Vlees Mytilus edulis ug/kg","meting","NVT","NVT",TRUE,FALSE,FALSE
2469,"Dreissena polymorpha","Dreissena polymorpha","OE","Organisme (biota)","ug/kg","microgram per kilogram","MASSFTE","Massafractie","VETGWT","t.o.v. vetgewicht","VS","Vlees","Chr","chryseen","Massafractie chryseen in Organisme (biota) t.o.v. vetgewicht in Vlees Dreissena polymorpha ug/kg","meting","NVT","NVT",TRUE,FALSE,FALSE
2470,"Mytilus edulis","Mytilus edulis","OE","Organisme (biota)","ug/kg","microgram per kilogram","MASSFTE","Massafractie","VETGWT","t.o.v. vetgewicht","VS","Vlees","Chr","chryseen","Massafractie chryseen in Organisme (biota) t.o.v. vetgewicht in Vlees Mytilus edulis ug/kg","meting","NVT","NVT",TRUE,FALSE,FALSE
2471,"Dreissena polymorpha","Dreissena polymorpha","OE","Organisme (biota)","ug/kg","microgram per kilogram","MASSFTE","Massafractie","VETGWT","t.o.v. vetgewicht","VS","Vlees","DBahAnt","dibenzo(a,h)antraceen","Massafractie dibenzo(a,h)antraceen in Organisme (biota) t.o.v. vetgewicht in Vlees Dreissena polymorpha ug/kg","meting","NVT","NVT",TRUE,FALSE,FALSE
2472,"Mytilus edulis","Mytilus edulis","OE","Organisme (biota)","ug/kg","microgram per kilogram","MASSFTE","Massafractie","VETGWT","t.o.v. vetgewicht","VS","Vlees","DBahAnt","dibenzo(a,h)antraceen","Massafractie dibenzo(a,h)antraceen in Organisme (biota) t.o.v. vetgewicht in Vlees Mytilus edulis ug/kg","meting","NVT","NVT",TRUE,FALSE,FALSE
2473,"Dreissena polymorpha","Dreissena polymorpha","OE","Organisme (biota)","ug/kg","microgram per kilogram","MASSFTE","Massafractie","VETGWT","t.o.v. vetgewicht","VS","Vlees","dieldn","dieldrin","Massafractie dieldrin in Organisme (biota) t.o.v. vetgewicht in Vlees Dreissena polymorpha ug/kg","meting","NVT","NVT",TRUE,FALSE,FALSE
2474,"Mytilus edulis","Mytilus edulis","OE","Organisme (biota)","ug/kg","microgram per kilogram","MASSFTE","Massafractie","VETGWT","t.o.v. vetgewicht","VS","Vlees","dieldn","dieldrin","Massafractie dieldrin in Organisme (biota) t.o.v. vetgewicht in Vlees Mytilus edulis ug/kg","meting","NVT","NVT",TRUE,FALSE,FALSE
2475,"Dreissena polymorpha","Dreissena polymorpha","OE","Organisme (biota)","ug/kg","microgram per kilogram","MASSFTE","Massafractie","VETGWT","t.o.v. vetgewicht","VS","Vlees","endn","endrin","Massafractie endrin in Organisme (biota) t.o.v. vetgewicht in Vlees Dreissena polymorpha ug/kg","meting","NVT","NVT",TRUE,FALSE,FALSE
2476,"Mytilus edulis","Mytilus edulis","OE","Organisme (biota)","ug/kg","microgram per kilogram","MASSFTE","Massafractie","VETGWT","t.o.v. vetgewicht","VS","Vlees","endn","endrin","Massafractie endrin in Organisme (biota) t.o.v. vetgewicht in Vlees Mytilus edulis ug/kg","meting","NVT","NVT",TRUE,FALSE,FALSE
2477,"Dreissena polymorpha","Dreissena polymorpha","OE","Organisme (biota)","ug/kg","microgram per kilogram","MASSFTE","Massafractie","VETGWT","t.o.v. vetgewicht","VS","Vlees","Fen","fenantreen","Massafractie fenantreen in Organisme (biota) t.o.v. vetgewicht in Vlees Dreissena polymorpha ug/kg","meting","NVT","NVT",TRUE,FALSE,FALSE
2478,"Mytilus edulis","Mytilus edulis","OE","Organisme (biota)","ug/kg","microgram per kilogram","MASSFTE","Massafractie","VETGWT","t.o.v. vetgewicht","VS","Vlees","Fen","fenantreen","Massafractie fenantreen in Organisme (biota) t.o.v. vetgewicht in Vlees Mytilus edulis ug/kg","meting","NVT","NVT",TRUE,FALSE,FALSE
2479,"Dreissena polymorpha","Dreissena polymorpha","OE","Organisme (biota)","ug/kg","microgram per kilogram","MASSFTE","Massafractie","VETGWT","t.o.v. vetgewicht","VS","Vlees","Fle","fluoreen","Massafractie fluoreen in Organisme (biota) t.o.v. vetgewicht in Vlees Dreissena polymorpha ug/kg","meting","NVT","NVT",TRUE,FALSE,FALSE
2480,"Mytilus edulis","Mytilus edulis","OE","Organisme (biota)","ug/kg","microgram per kilogram","MASSFTE","Massafractie","VETGWT","t.o.v. vetgewicht","VS","Vlees","Fle","fluoreen","Massafractie fluoreen in Organisme (biota) t.o.v. vetgewicht in Vlees Mytilus edulis ug/kg","meting","NVT","NVT",TRUE,FALSE,FALSE
2481,"Dreissena polymorpha","Dreissena polymorpha","OE","Organisme (biota)","ug/kg","microgram per kilogram","MASSFTE","Massafractie","VETGWT","t.o.v. vetgewicht","VS","Vlees","Flu","fluorantheen","Massafractie fluorantheen in Organisme (biota) t.o.v. vetgewicht in Vlees Dreissena polymorpha ug/kg","meting","NVT","NVT",TRUE,FALSE,FALSE
2482,"Mytilus edulis","Mytilus edulis","OE","Organisme (biota)","ug/kg","microgram per kilogram","MASSFTE","Massafractie","VETGWT","t.o.v. vetgewicht","VS","Vlees","Flu","fluorantheen","Massafractie fluorantheen in Organisme (biota) t.o.v. vetgewicht in Vlees Mytilus edulis ug/kg","meting","NVT","NVT",TRUE,FALSE,FALSE
2483,"Dreissena polymorpha","Dreissena polymorpha","OE","Organisme (biota)","ug/kg","microgram per kilogram","MASSFTE","Massafractie","VETGWT","t.o.v. vetgewicht","VS","Vlees","HCB","hexachloorbenzeen","Massafractie hexachloorbenzeen in Organisme (biota) t.o.v. vetgewicht in Vlees Dreissena polymorpha ug/kg","meting","NVT","NVT",TRUE,FALSE,FALSE
2484,"Mytilus edulis","Mytilus edulis","OE","Organisme (biota)","ug/kg","microgram per kilogram","MASSFTE","Massafractie","VETGWT","t.o.v. vetgewicht","VS","Vlees","HCB","hexachloorbenzeen","Massafractie hexachloorbenzeen in Organisme (biota) t.o.v. vetgewicht in Vlees Mytilus edulis ug/kg","meting","NVT","NVT",TRUE,FALSE,FALSE
2485,"Dreissena polymorpha","Dreissena polymorpha","OE","Organisme (biota)","ug/kg","microgram per kilogram","MASSFTE","Massafractie","VETGWT","t.o.v. vetgewicht","VS","Vlees","HxClbtDen","hexachloorbutadieen","Massafractie hexachloorbutadieen in Organisme (biota) t.o.v. vetgewicht in Vlees Dreissena polymorpha ug/kg","meting","NVT","NVT",TRUE,FALSE,FALSE
2486,"Mytilus edulis","Mytilus edulis","OE","Organisme (biota)","ug/kg","microgram per kilogram","MASSFTE","Massafractie","VETGWT","t.o.v. vetgewicht","VS","Vlees","HxClbtDen","hexachloorbutadieen","Massafractie hexachloorbutadieen in Organisme (biota) t.o.v. vetgewicht in Vlees Mytilus edulis ug/kg","meting","NVT","NVT",TRUE,FALSE,FALSE
2487,"Dreissena polymorpha","Dreissena polymorpha","OE","Organisme (biota)","ug/kg","microgram per kilogram","MASSFTE","Massafractie","VETGWT","t.o.v. vetgewicht","VS","Vlees","InP","indeno(1,2,3-cd)pyreen","Massafractie indeno(1,2,3-cd)pyreen in Organisme (biota) t.o.v. vetgewicht in Vlees Dreissena polymorpha ug/kg","meting","NVT","NVT",TRUE,FALSE,FALSE
2488,"Mytilus edulis","Mytilus edulis","OE","Organisme (biota)","ug/kg","microgram per kilogram","MASSFTE","Massafractie","VETGWT","t.o.v. vetgewicht","VS","Vlees","InP","indeno(1,2,3-cd)pyreen","Massafractie indeno(1,2,3-cd)pyreen in Organisme (biota) t.o.v. vetgewicht in Vlees Mytilus edulis ug/kg","meting","NVT","NVT",TRUE,FALSE,FALSE
2489,"Dreissena polymorpha","Dreissena polymorpha","OE","Organisme (biota)","ug/kg","microgram per kilogram","MASSFTE","Massafractie","VETGWT","t.o.v. vetgewicht","VS","Vlees","PBDE100","2,2',4,4',6-pentabroomdifenylether","Massafractie 2,2',4,4',6-pentabroomdifenylether in Organisme (biota) t.o.v. vetgewicht in Vlees Dreissena polymorpha ug/kg","meting","NVT","NVT",TRUE,FALSE,FALSE
2490,"Mytilus edulis","Mytilus edulis","OE","Organisme (biota)","ug/kg","microgram per kilogram","MASSFTE","Massafractie","VETGWT","t.o.v. vetgewicht","VS","Vlees","PBDE100","2,2',4,4',6-pentabroomdifenylether","Massafractie 2,2',4,4',6-pentabroomdifenylether in Organisme (biota) t.o.v. vetgewicht in Vlees Mytilus edulis ug/kg","meting","NVT","NVT",TRUE,FALSE,FALSE
2491,"Dreissena polymorpha","Dreissena polymorpha","OE","Organisme (biota)","ug/kg","microgram per kilogram","MASSFTE","Massafractie","VETGWT","t.o.v. vetgewicht","VS","Vlees","PBDE47","2,2',4,4'-tetrabroomdifenylether","Massafractie 2,2',4,4'-tetrabroomdifenylether in Organisme (biota) t.o.v. vetgewicht in Vlees Dreissena polymorpha ug/kg","meting","NVT","NVT",TRUE,FALSE,FALSE
2492,"Mytilus edulis","Mytilus edulis","OE","Organisme (biota)","ug/kg","microgram per kilogram","MASSFTE","Massafractie","VETGWT","t.o.v. vetgewicht","VS","Vlees","PBDE47","2,2',4,4'-tetrabroomdifenylether","Massafractie 2,2',4,4'-tetrabroomdifenylether in Organisme (biota) t.o.v. vetgewicht in Vlees Mytilus edulis ug/kg","meting","NVT","NVT",TRUE,FALSE,FALSE
2493,"Dreissena polymorpha","Dreissena polymorpha","OE","Organisme (biota)","ug/kg","microgram per kilogram","MASSFTE","Massafractie","VETGWT","t.o.v. vetgewicht","VS","Vlees","PBDE99","2,2',4,4',5-pentabroomdifenylether","Massafractie 2,2',4,4',5-pentabroomdifenylether in Organisme (biota) t.o.v. vetgewicht in Vlees Dreissena polymorpha ug/kg","meting","NVT","NVT",TRUE,FALSE,FALSE
2494,"Mytilus edulis","Mytilus edulis","OE","Organisme (biota)","ug/kg","microgram per kilogram","MASSFTE","Massafractie","VETGWT","t.o.v. vetgewicht","VS","Vlees","PBDE99","2,2',4,4',5-pentabroomdifenylether","Massafractie 2,2',4,4',5-pentabroomdifenylether in Organisme (biota) t.o.v. vetgewicht in Vlees Mytilus edulis ug/kg","meting","NVT","NVT",TRUE,FALSE,FALSE
2495,"Dreissena polymorpha","Dreissena polymorpha","OE","Organisme (biota)","ug/kg","microgram per kilogram","MASSFTE","Massafractie","VETGWT","t.o.v. vetgewicht","VS","Vlees","PCB101","2,2',4,5,5'-pentachloorbifenyl","Massafractie 2,2',4,5,5'-pentachloorbifenyl in Organisme (biota) t.o.v. vetgewicht in Vlees Dreissena polymorpha ug/kg","meting","NVT","NVT",TRUE,FALSE,FALSE
2496,"Mytilus edulis","Mytilus edulis","OE","Organisme (biota)","ug/kg","microgram per kilogram","MASSFTE","Massafractie","VETGWT","t.o.v. vetgewicht","VS","Vlees","PCB101","2,2',4,5,5'-pentachloorbifenyl","Massafractie 2,2',4,5,5'-pentachloorbifenyl in Organisme (biota) t.o.v. vetgewicht in Vlees Mytilus edulis ug/kg","meting","NVT","NVT",TRUE,FALSE,FALSE
2497,"Dreissena polymorpha","Dreissena polymorpha","OE","Organisme (biota)","ug/kg","microgram per kilogram","MASSFTE","Massafractie","VETGWT","t.o.v. vetgewicht","VS","Vlees","PCB118","2,3',4,4',5-pentachloorbifenyl","Massafractie 2,3',4,4',5-pentachloorbifenyl in Organisme (biota) t.o.v. vetgewicht in Vlees Dreissena polymorpha ug/kg","meting","NVT","NVT",TRUE,FALSE,FALSE
2498,"Mytilus edulis","Mytilus edulis","OE","Organisme (biota)","ug/kg","microgram per kilogram","MASSFTE","Massafractie","VETGWT","t.o.v. vetgewicht","VS","Vlees","PCB118","2,3',4,4',5-pentachloorbifenyl","Massafractie 2,3',4,4',5-pentachloorbifenyl in Organisme (biota) t.o.v. vetgewicht in Vlees Mytilus edulis ug/kg","meting","NVT","NVT",TRUE,FALSE,FALSE
2499,"Dreissena polymorpha","Dreissena polymorpha","OE","Organisme (biota)","ug/kg","microgram per kilogram","MASSFTE","Massafractie","VETGWT","t.o.v. vetgewicht","VS","Vlees","PCB153","2,2',4,4',5,5'-hexachloorbifenyl","Massafractie 2,2',4,4',5,5'-hexachloorbifenyl in Organisme (biota) t.o.v. vetgewicht in Vlees Dreissena polymorpha ug/kg","meting","NVT","NVT",TRUE,FALSE,FALSE
2500,"Mytilus edulis","Mytilus edulis","OE","Organisme (biota)","ug/kg","microgram per kilogram","MASSFTE","Massafractie","VETGWT","t.o.v. vetgewicht","VS","Vlees","PCB153","2,2',4,4',5,5'-hexachloorbifenyl","Massafractie 2,2',4,4',5,5'-hexachloorbifenyl in Organisme (biota) t.o.v. vetgewicht in Vlees Mytilus edulis ug/kg","meting","NVT","NVT",TRUE,FALSE,FALSE
2501,"Dreissena polymorpha","Dreissena polymorpha","OE","Organisme (biota)","ug/kg","microgram per kilogram","MASSFTE","Massafractie","VETGWT","t.o.v. vetgewicht","VS","Vlees","PCB180","2,2',3,4,4',5,5'-heptachloorbifenyl","Massafractie 2,2',3,4,4',5,5'-heptachloorbifenyl in Organisme (biota) t.o.v. vetgewicht in Vlees Dreissena polymorpha ug/kg","meting","NVT","NVT",TRUE,FALSE,FALSE
2502,"Mytilus edulis","Mytilus edulis","OE","Organisme (biota)","ug/kg","microgram per kilogram","MASSFTE","Massafractie","VETGWT","t.o.v. vetgewicht","VS","Vlees","PCB180","2,2',3,4,4',5,5'-heptachloorbifenyl","Massafractie 2,2',3,4,4',5,5'-heptachloorbifenyl in Organisme (biota) t.o.v. vetgewicht in Vlees Mytilus edulis ug/kg","meting","NVT","NVT",TRUE,FALSE,FALSE
2503,"Dreissena polymorpha","Dreissena polymorpha","OE","Organisme (biota)","ug/kg","microgram per kilogram","MASSFTE","Massafractie","VETGWT","t.o.v. vetgewicht","VS","Vlees","PCB28","2,4,4'-trichloorbifenyl","Massafractie 2,4,4'-trichloorbifenyl in Organisme (biota) t.o.v. vetgewicht in Vlees Dreissena polymorpha ug/kg","meting","NVT","NVT",TRUE,FALSE,FALSE
2504,"Mytilus edulis","Mytilus edulis","OE","Organisme (biota)","ug/kg","microgram per kilogram","MASSFTE","Massafractie","VETGWT","t.o.v. vetgewicht","VS","Vlees","PCB28","2,4,4'-trichloorbifenyl","Massafractie 2,4,4'-trichloorbifenyl in Organisme (biota) t.o.v. vetgewicht in Vlees Mytilus edulis ug/kg","meting","NVT","NVT",TRUE,FALSE,FALSE
2505,"Dreissena polymorpha","Dreissena polymorpha","OE","Organisme (biota)","ug/kg","microgram per kilogram","MASSFTE","Massafractie","VETGWT","t.o.v. vetgewicht","VS","Vlees","PCB52","2,2',5,5'-tetrachloorbifenyl","Massafractie 2,2',5,5'-tetrachloorbifenyl in Organisme (biota) t.o.v. vetgewicht in Vlees Dreissena polymorpha ug/kg","meting","NVT","NVT",TRUE,FALSE,FALSE
2506,"Mytilus edulis","Mytilus edulis","OE","Organisme (biota)","ug/kg","microgram per kilogram","MASSFTE","Massafractie","VETGWT","t.o.v. vetgewicht","VS","Vlees","PCB52","2,2',5,5'-tetrachloorbifenyl","Massafractie 2,2',5,5'-tetrachloorbifenyl in Organisme (biota) t.o.v. vetgewicht in Vlees Mytilus edulis ug/kg","meting","NVT","NVT",TRUE,FALSE,FALSE
2507,"Dreissena polymorpha","Dreissena polymorpha","OE","Organisme (biota)","ug/kg","microgram per kilogram","MASSFTE","Massafractie","VETGWT","t.o.v. vetgewicht","VS","Vlees","PeClBen","pentachloorbenzeen","Massafractie pentachloorbenzeen in Organisme (biota) t.o.v. vetgewicht in Vlees Dreissena polymorpha ug/kg","meting","NVT","NVT",TRUE,FALSE,FALSE
2508,"Mytilus edulis","Mytilus edulis","OE","Organisme (biota)","ug/kg","microgram per kilogram","MASSFTE","Massafractie","VETGWT","t.o.v. vetgewicht","VS","Vlees","PeClBen","pentachloorbenzeen","Massafractie pentachloorbenzeen in Organisme (biota) t.o.v. vetgewicht in Vlees Mytilus edulis ug/kg","meting","NVT","NVT",TRUE,FALSE,FALSE
2509,"Dreissena polymorpha","Dreissena polymorpha","OE","Organisme (biota)","ug/kg","microgram per kilogram","MASSFTE","Massafractie","VETGWT","t.o.v. vetgewicht","VS","Vlees","Pyr","pyreen","Massafractie pyreen in Organisme (biota) t.o.v. vetgewicht in Vlees Dreissena polymorpha ug/kg","meting","NVT","NVT",TRUE,FALSE,FALSE
2510,"Mytilus edulis","Mytilus edulis","OE","Organisme (biota)","ug/kg","microgram per kilogram","MASSFTE","Massafractie","VETGWT","t.o.v. vetgewicht","VS","Vlees","Pyr","pyreen","Massafractie pyreen in Organisme (biota) t.o.v. vetgewicht in Vlees Mytilus edulis ug/kg","meting","NVT","NVT",TRUE,FALSE,FALSE
2511,"Dreissena polymorpha","Dreissena polymorpha","OE","Organisme (biota)","ug/kg","microgram per kilogram","MASSFTE","Massafractie","VETGWT","t.o.v. vetgewicht","VS","Vlees","sDDT","som 2,4'- en 4,4'-DDT","Massafractie som 2,4'- en 4,4'-DDT in Organisme (biota) t.o.v. vetgewicht in Vlees Dreissena polymorpha ug/kg","meting","NVT","NVT",TRUE,FALSE,FALSE
2512,"Dreissena polymorpha","Dreissena polymorpha","OE","Organisme (biota)","ug/kg","microgram per kilogram","MASSFTE","Massafractie","VETGWT","t.o.v. vetgewicht","VS","Vlees","sPCB138163","som PCB138 en PCB163","Massafractie som PCB138 en PCB163 in Organisme (biota) t.o.v. vetgewicht in Vlees Dreissena polymorpha ug/kg","meting","NVT","NVT",TRUE,FALSE,FALSE
2513,"Mytilus edulis","Mytilus edulis","OE","Organisme (biota)","ug/kg","microgram per kilogram","MASSFTE","Massafractie","VETGWT","t.o.v. vetgewicht","VS","Vlees","sPCB138163","som PCB138 en PCB163","Massafractie som PCB138 en PCB163 in Organisme (biota) t.o.v. vetgewicht in Vlees Mytilus edulis ug/kg","meting","NVT","NVT",TRUE,FALSE,FALSE
2514,"NVT","NVT","ZS","Zwevende stof","ug/kg","microgram per kilogram","MASSFTE","Massafractie","dg","t.o.v. drooggewicht","NVT","NVT","1234T4ClBen","1,2,3,4-tetrachloorbenzeen","Massafractie 1,2,3,4-tetrachloorbenzeen in Zwevende stof t.o.v. drooggewicht in ug/kg","meting","NVT","NVT",TRUE,FALSE,FALSE
2515,"NVT","NVT","ZS","Zwevende stof","ug/kg","microgram per kilogram","MASSFTE","Massafractie","dg","t.o.v. drooggewicht","NVT","NVT","1235T4ClBen","1,2,3,5-tetrachloorbenzeen","Massafractie 1,2,3,5-tetrachloorbenzeen in Zwevende stof t.o.v. drooggewicht in ug/kg","meting","NVT","NVT",TRUE,FALSE,FALSE
2516,"NVT","NVT","ZS","Zwevende stof","ug/kg","microgram per kilogram","MASSFTE","Massafractie","dg","t.o.v. drooggewicht","NVT","NVT","123TClBen","1,2,3-trichloorbenzeen","Massafractie 1,2,3-trichloorbenzeen in Zwevende stof t.o.v. drooggewicht in ug/kg","meting","NVT","NVT",TRUE,FALSE,FALSE
2517,"NVT","NVT","ZS","Zwevende stof","ug/kg","microgram per kilogram","MASSFTE","Massafractie","dg","t.o.v. drooggewicht","NVT","NVT","1245T4ClBen","1,2,4,5-tetrachloorbenzeen","Massafractie 1,2,4,5-tetrachloorbenzeen in Zwevende stof t.o.v. drooggewicht in ug/kg","meting","NVT","NVT",TRUE,FALSE,FALSE
2518,"NVT","NVT","ZS","Zwevende stof","ug/kg","microgram per kilogram","MASSFTE","Massafractie","dg","t.o.v. drooggewicht","NVT","NVT","124TClBen","1,2,4-trichloorbenzeen","Massafractie 1,2,4-trichloorbenzeen in Zwevende stof t.o.v. drooggewicht in ug/kg","meting","NVT","NVT",TRUE,FALSE,FALSE
2519,"NVT","NVT","ZS","Zwevende stof","ug/kg","microgram per kilogram","MASSFTE","Massafractie","dg","t.o.v. drooggewicht","NVT","NVT","12DClBen","1,2-dichloorbenzeen","Massafractie 1,2-dichloorbenzeen in Zwevende stof t.o.v. drooggewicht in ug/kg","meting","NVT","NVT",TRUE,FALSE,FALSE
2520,"NVT","NVT","ZS","Zwevende stof","ug/kg","microgram per kilogram","MASSFTE","Massafractie","dg","t.o.v. drooggewicht","NVT","NVT","135TClBen","1,3,5-trichloorbenzeen","Massafractie 1,3,5-trichloorbenzeen in Zwevende stof t.o.v. drooggewicht in ug/kg","meting","NVT","NVT",TRUE,FALSE,FALSE
2521,"NVT","NVT","ZS","Zwevende stof","ug/kg","microgram per kilogram","MASSFTE","Massafractie","dg","t.o.v. drooggewicht","NVT","NVT","13DClBen","1,3-dichloorbenzeen","Massafractie 1,3-dichloorbenzeen in Zwevende stof t.o.v. drooggewicht in ug/kg","meting","NVT","NVT",TRUE,FALSE,FALSE
2522,"NVT","NVT","ZS","Zwevende stof","ug/kg","microgram per kilogram","MASSFTE","Massafractie","dg","t.o.v. drooggewicht","NVT","NVT","14DClBen","1,4-dichloorbenzeen","Massafractie 1,4-dichloorbenzeen in Zwevende stof t.o.v. drooggewicht in ug/kg","meting","NVT","NVT",TRUE,FALSE,FALSE
2523,"NVT","NVT","ZS","Zwevende stof","ug/kg","microgram per kilogram","MASSFTE","Massafractie","dg","t.o.v. drooggewicht","NVT","NVT","1Cl2NO2Ben","1-chloor-2-nitrobenzeen","Massafractie 1-chloor-2-nitrobenzeen in Zwevende stof t.o.v. drooggewicht in ug/kg","meting","NVT","NVT",TRUE,FALSE,FALSE
2524,"NVT","NVT","ZS","Zwevende stof","ug/kg","microgram per kilogram","MASSFTE","Massafractie","dg","t.o.v. drooggewicht","NVT","NVT","1Cl3NO2Ben","1-chloor-3-nitrobenzeen","Massafractie 1-chloor-3-nitrobenzeen in Zwevende stof t.o.v. drooggewicht in ug/kg","meting","NVT","NVT",TRUE,FALSE,FALSE
2525,"NVT","NVT","ZS","Zwevende stof","ug/kg","microgram per kilogram","MASSFTE","Massafractie","dg","t.o.v. drooggewicht","NVT","NVT","1Cl4NO2Ben","1-chloor-4-nitrobenzeen","Massafractie 1-chloor-4-nitrobenzeen in Zwevende stof t.o.v. drooggewicht in ug/kg","meting","NVT","NVT",TRUE,FALSE,FALSE
2526,"NVT","NVT","ZS","Zwevende stof","ug/kg","microgram per kilogram","MASSFTE","Massafractie","dg","t.o.v. drooggewicht","NVT","NVT","23DClNO2Ben","2,3-dichloornitrobenzeen","Massafractie 2,3-dichloornitrobenzeen in Zwevende stof t.o.v. drooggewicht in ug/kg","meting","NVT","NVT",TRUE,FALSE,FALSE
2527,"NVT","NVT","ZS","Zwevende stof","ug/kg","microgram per kilogram","MASSFTE","Massafractie","dg","t.o.v. drooggewicht","NVT","NVT","24DClNO2Ben","2,4-dichloornitrobenzeen","Massafractie 2,4-dichloornitrobenzeen in Zwevende stof t.o.v. drooggewicht in ug/kg","meting","NVT","NVT",TRUE,FALSE,FALSE
2528,"NVT","NVT","ZS","Zwevende stof","ug/kg","microgram per kilogram","MASSFTE","Massafractie","dg","t.o.v. drooggewicht","NVT","NVT","24DDD","2,4'-dichloordifenyldichloorethaan","Massafractie 2,4'-dichloordifenyldichloorethaan in Zwevende stof t.o.v. drooggewicht in ug/kg","meting","NVT","NVT",TRUE,FALSE,FALSE
2529,"NVT","NVT","ZS","Zwevende stof","ug/kg","microgram per kilogram","MASSFTE","Massafractie","dg","t.o.v. drooggewicht","NVT","NVT","24DDE","2,4'-dichloordifenyldichlooretheen","Massafractie 2,4'-dichloordifenyldichlooretheen in Zwevende stof t.o.v. drooggewicht in ug/kg","meting","NVT","NVT",TRUE,FALSE,FALSE
2530,"NVT","NVT","ZS","Zwevende stof","ug/kg","microgram per kilogram","MASSFTE","Massafractie","dg","t.o.v. drooggewicht","NVT","NVT","24DDT","2,4'-dichloordifenyltrichloorethaan","Massafractie 2,4'-dichloordifenyltrichloorethaan in Zwevende stof t.o.v. drooggewicht in ug/kg","meting","NVT","NVT",TRUE,FALSE,FALSE
2531,"NVT","NVT","ZS","Zwevende stof","ug/kg","microgram per kilogram","MASSFTE","Massafractie","dg","t.o.v. drooggewicht","NVT","NVT","25DClNO2Ben","2,5-dichloornitrobenzeen","Massafractie 2,5-dichloornitrobenzeen in Zwevende stof t.o.v. drooggewicht in ug/kg","meting","NVT","NVT",TRUE,FALSE,FALSE
2532,"NVT","NVT","ZS","Zwevende stof","ug/kg","microgram per kilogram","MASSFTE","Massafractie","dg","t.o.v. drooggewicht","NVT","NVT","34DClNO2Ben","3,4-dichloornitrobenzeen","Massafractie 3,4-dichloornitrobenzeen in Zwevende stof t.o.v. drooggewicht in ug/kg","meting","NVT","NVT",TRUE,FALSE,FALSE
2533,"NVT","NVT","ZS","Zwevende stof","ug/kg","microgram per kilogram","MASSFTE","Massafractie","dg","t.o.v. drooggewicht","NVT","NVT","44DDD","4,4'-dichloordifenyldichloorethaan","Massafractie 4,4'-dichloordifenyldichloorethaan in Zwevende stof t.o.v. drooggewicht in ug/kg","meting","NVT","NVT",TRUE,FALSE,FALSE
2534,"NVT","NVT","ZS","Zwevende stof","ug/kg","microgram per kilogram","MASSFTE","Massafractie","dg","t.o.v. drooggewicht","NVT","NVT","44DDE","4,4'-dichloordifenyldichlooretheen","Massafractie 4,4'-dichloordifenyldichlooretheen in Zwevende stof t.o.v. drooggewicht in ug/kg","meting","NVT","NVT",TRUE,FALSE,FALSE
2535,"NVT","NVT","ZS","Zwevende stof","ug/kg","microgram per kilogram","MASSFTE","Massafractie","dg","t.o.v. drooggewicht","NVT","NVT","44DDT","4,4'-dichloordifenyltrichloorethaan","Massafractie 4,4'-dichloordifenyltrichloorethaan in Zwevende stof t.o.v. drooggewicht in ug/kg","meting","NVT","NVT",TRUE,FALSE,FALSE
2536,"NVT","NVT","ZS","Zwevende stof","ug/kg","microgram per kilogram","MASSFTE","Massafractie","dg","t.o.v. drooggewicht","NVT","NVT","aedsfn","alfa-endosulfan","Massafractie alfa-endosulfan in Zwevende stof t.o.v. drooggewicht in ug/kg","meting","NVT","NVT",TRUE,FALSE,FALSE
2537,"NVT","NVT","ZS","Zwevende stof","ug/kg","microgram per kilogram","MASSFTE","Massafractie","dg","t.o.v. drooggewicht","NVT","NVT","aHCH","alfa-hexachloorcyclohexaan","Massafractie alfa-hexachloorcyclohexaan in Zwevende stof t.o.v. drooggewicht in ug/kg","meting","NVT","NVT",TRUE,FALSE,FALSE
2538,"NVT","NVT","ZS","Zwevende stof","ug/kg","microgram per kilogram","MASSFTE","Massafractie","dg","t.o.v. drooggewicht","NVT","NVT","aldn","aldrin","Massafractie aldrin in Zwevende stof t.o.v. drooggewicht in ug/kg","meting","NVT","NVT",TRUE,FALSE,FALSE
2539,"NVT","NVT","ZS","Zwevende stof","ug/kg","microgram per kilogram","MASSFTE","Massafractie","dg","t.o.v. drooggewicht","NVT","NVT","bedsfn","beta-endosulfan","Massafractie beta-endosulfan in Zwevende stof t.o.v. drooggewicht in ug/kg","meting","NVT","NVT",TRUE,FALSE,FALSE
2540,"NVT","NVT","ZS","Zwevende stof","ug/kg","microgram per kilogram","MASSFTE","Massafractie","dg","t.o.v. drooggewicht","NVT","NVT","bHCH","beta-hexachloorcyclohexaan","Massafractie beta-hexachloorcyclohexaan in Zwevende stof t.o.v. drooggewicht in ug/kg","meting","NVT","NVT",TRUE,FALSE,FALSE
2541,"NVT","NVT","ZS","Zwevende stof","ug/kg","microgram per kilogram","MASSFTE","Massafractie","dg","t.o.v. drooggewicht","NVT","NVT","cCldn","cis-chloordaan","Massafractie cis-chloordaan in Zwevende stof t.o.v. drooggewicht in ug/kg","meting","NVT","NVT",TRUE,FALSE,FALSE
2542,"NVT","NVT","ZS","Zwevende stof","ug/kg","microgram per kilogram","MASSFTE","Massafractie","dg","t.o.v. drooggewicht","NVT","NVT","cHCH","gamma-hexachloorcyclohexaan (lindaan)","Massafractie gamma-hexachloorcyclohexaan (lindaan) in Zwevende stof t.o.v. drooggewicht in ug/kg","meting","NVT","NVT",TRUE,FALSE,FALSE
2543,"NVT","NVT","ZS","Zwevende stof","ug/kg","microgram per kilogram","MASSFTE","Massafractie","dg","t.o.v. drooggewicht","NVT","NVT","cHpClepO","cis-heptachloorepoxide","Massafractie cis-heptachloorepoxide in Zwevende stof t.o.v. drooggewicht in ug/kg","meting","NVT","NVT",TRUE,FALSE,FALSE
2544,"NVT","NVT","ZS","Zwevende stof","ug/kg","microgram per kilogram","MASSFTE","Massafractie","dg","t.o.v. drooggewicht","NVT","NVT","DC4ySn","dibutyltin (kation)","Massafractie dibutyltin (kation) in Zwevende stof t.o.v. drooggewicht in ug/kg","meting","NVT","NVT",TRUE,FALSE,FALSE
2545,"NVT","NVT","ZS","Zwevende stof","ug/kg","microgram per kilogram","MASSFTE","Massafractie","dg","t.o.v. drooggewicht","NVT","NVT","DFySn","difenyltin (kation)","Massafractie difenyltin (kation) in Zwevende stof t.o.v. drooggewicht in ug/kg","meting","NVT","NVT",TRUE,FALSE,FALSE
2546,"NVT","NVT","ZS","Zwevende stof","ug/kg","microgram per kilogram","MASSFTE","Massafractie","dg","t.o.v. drooggewicht","NVT","NVT","dHCH","delta-hexachloorcyclohexaan","Massafractie delta-hexachloorcyclohexaan in Zwevende stof t.o.v. drooggewicht in ug/kg","meting","NVT","NVT",TRUE,FALSE,FALSE
2547,"NVT","NVT","ZS","Zwevende stof","ug/kg","microgram per kilogram","MASSFTE","Massafractie","dg","t.o.v. drooggewicht","NVT","NVT","dieldn","dieldrin","Massafractie dieldrin in Zwevende stof t.o.v. drooggewicht in ug/kg","meting","NVT","NVT",TRUE,FALSE,FALSE
2548,"NVT","NVT","ZS","Zwevende stof","ug/kg","microgram per kilogram","MASSFTE","Massafractie","dg","t.o.v. drooggewicht","NVT","NVT","endn","endrin","Massafractie endrin in Zwevende stof t.o.v. drooggewicht in ug/kg","meting","NVT","NVT",TRUE,FALSE,FALSE
2549,"NVT","NVT","ZS","Zwevende stof","ug/kg","microgram per kilogram","MASSFTE","Massafractie","dg","t.o.v. drooggewicht","NVT","NVT","endsfSO4","endosulfansulfaat","Massafractie endosulfansulfaat in Zwevende stof t.o.v. drooggewicht in ug/kg","meting","NVT","NVT",TRUE,FALSE,FALSE
2550,"NVT","NVT","ZS","Zwevende stof","ug/kg","microgram per kilogram","MASSFTE","Massafractie","dg","t.o.v. drooggewicht","NVT","NVT","HCB","hexachloorbenzeen","Massafractie hexachloorbenzeen in Zwevende stof t.o.v. drooggewicht in ug/kg","meting","NVT","NVT",TRUE,FALSE,FALSE
2551,"NVT","NVT","ZS","Zwevende stof","ug/kg","microgram per kilogram","MASSFTE","Massafractie","dg","t.o.v. drooggewicht","NVT","NVT","HpCl","heptachloor","Massafractie heptachloor in Zwevende stof t.o.v. drooggewicht in ug/kg","meting","NVT","NVT",TRUE,FALSE,FALSE
2552,"NVT","NVT","ZS","Zwevende stof","ug/kg","microgram per kilogram","MASSFTE","Massafractie","dg","t.o.v. drooggewicht","NVT","NVT","HxClbtDen","hexachloorbutadieen","Massafractie hexachloorbutadieen in Zwevende stof t.o.v. drooggewicht in ug/kg","meting","NVT","NVT",TRUE,FALSE,FALSE
2553,"NVT","NVT","ZS","Zwevende stof","ug/kg","microgram per kilogram","MASSFTE","Massafractie","dg","t.o.v. drooggewicht","NVT","NVT","HxClC2a","hexachloorethaan","Massafractie hexachloorethaan in Zwevende stof t.o.v. drooggewicht in ug/kg","meting","NVT","NVT",TRUE,FALSE,FALSE
2554,"NVT","NVT","ZS","Zwevende stof","ug/kg","microgram per kilogram","MASSFTE","Massafractie","dg","t.o.v. drooggewicht","NVT","NVT","idn","isodrin","Massafractie isodrin in Zwevende stof t.o.v. drooggewicht in ug/kg","meting","NVT","NVT",TRUE,FALSE,FALSE
2555,"NVT","NVT","ZS","Zwevende stof","ug/kg","microgram per kilogram","MASSFTE","Massafractie","dg","t.o.v. drooggewicht","NVT","NVT","MC4ySn","monobutyltin (kation)","Massafractie monobutyltin (kation) in Zwevende stof t.o.v. drooggewicht in ug/kg","meting","NVT","NVT",TRUE,FALSE,FALSE
2556,"NVT","NVT","ZS","Zwevende stof","ug/kg","microgram per kilogram","MASSFTE","Massafractie","dg","t.o.v. drooggewicht","NVT","NVT","MFySn","monofenyltin (kation)","Massafractie monofenyltin (kation) in Zwevende stof t.o.v. drooggewicht in ug/kg","meting","NVT","NVT",TRUE,FALSE,FALSE
2557,"NVT","NVT","ZS","Zwevende stof","ug/kg","microgram per kilogram","MASSFTE","Massafractie","dg","t.o.v. drooggewicht","NVT","NVT","PBDE100","2,2',4,4',6-pentabroomdifenylether","Massafractie 2,2',4,4',6-pentabroomdifenylether in Zwevende stof t.o.v. drooggewicht in ug/kg","meting","NVT","NVT",TRUE,FALSE,FALSE
2558,"NVT","NVT","ZS","Zwevende stof","ug/kg","microgram per kilogram","MASSFTE","Massafractie","dg","t.o.v. drooggewicht","NVT","NVT","PBDE138","2,2',3,4,4',5'-hexabroomdifenylether","Massafractie 2,2',3,4,4',5'-hexabroomdifenylether in Zwevende stof t.o.v. drooggewicht in ug/kg","meting","NVT","NVT",TRUE,FALSE,FALSE
2559,"NVT","NVT","ZS","Zwevende stof","ug/kg","microgram per kilogram","MASSFTE","Massafractie","dg","t.o.v. drooggewicht","NVT","NVT","PBDE153","2,2',4,4',5,5'-hexabroomdifenylether","Massafractie 2,2',4,4',5,5'-hexabroomdifenylether in Zwevende stof t.o.v. drooggewicht in ug/kg","meting","NVT","NVT",TRUE,FALSE,FALSE
2560,"NVT","NVT","ZS","Zwevende stof","ug/kg","microgram per kilogram","MASSFTE","Massafractie","dg","t.o.v. drooggewicht","NVT","NVT","PBDE154","2,2',4,4',5,6'-hexabroomdifenylether","Massafractie 2,2',4,4',5,6'-hexabroomdifenylether in Zwevende stof t.o.v. drooggewicht in ug/kg","meting","NVT","NVT",TRUE,FALSE,FALSE
2561,"NVT","NVT","ZS","Zwevende stof","ug/kg","microgram per kilogram","MASSFTE","Massafractie","dg","t.o.v. drooggewicht","NVT","NVT","PBDE183","2,2',3,4,4',5',6-heptabroomdifenylether","Massafractie 2,2',3,4,4',5',6-heptabroomdifenylether in Zwevende stof t.o.v. drooggewicht in ug/kg","meting","NVT","NVT",TRUE,FALSE,FALSE
2562,"NVT","NVT","ZS","Zwevende stof","ug/kg","microgram per kilogram","MASSFTE","Massafractie","dg","t.o.v. drooggewicht","NVT","NVT","PBDE185","1,2,3,4,5-pentabroom-6-(2,5-dibroomfenoxy)benzeen","Massafractie 1,2,3,4,5-pentabroom-6-(2,5-dibroomfenoxy)benzeen in Zwevende stof t.o.v. drooggewicht in ug/kg","meting","NVT","NVT",TRUE,FALSE,FALSE
2563,"NVT","NVT","ZS","Zwevende stof","ug/kg","microgram per kilogram","MASSFTE","Massafractie","dg","t.o.v. drooggewicht","NVT","NVT","PBDE209","2,2',3,3',4,4',5,5',6,6'-decabroomdiphenylether","Massafractie 2,2',3,3',4,4',5,5',6,6'-decabroomdiphenylether in Zwevende stof t.o.v. drooggewicht in ug/kg","meting","NVT","NVT",TRUE,FALSE,FALSE
2564,"NVT","NVT","ZS","Zwevende stof","ug/kg","microgram per kilogram","MASSFTE","Massafractie","dg","t.o.v. drooggewicht","NVT","NVT","PBDE28","2,4,4'-tribroomdifenylether","Massafractie 2,4,4'-tribroomdifenylether in Zwevende stof t.o.v. drooggewicht in ug/kg","meting","NVT","NVT",TRUE,FALSE,FALSE
2565,"NVT","NVT","ZS","Zwevende stof","ug/kg","microgram per kilogram","MASSFTE","Massafractie","dg","t.o.v. drooggewicht","NVT","NVT","PBDE47","2,2',4,4'-tetrabroomdifenylether","Massafractie 2,2',4,4'-tetrabroomdifenylether in Zwevende stof t.o.v. drooggewicht in ug/kg","meting","NVT","NVT",TRUE,FALSE,FALSE
2566,"NVT","NVT","ZS","Zwevende stof","ug/kg","microgram per kilogram","MASSFTE","Massafractie","dg","t.o.v. drooggewicht","NVT","NVT","PBDE49","2,2',4,5'-tetrabroomdifenylether","Massafractie 2,2',4,5'-tetrabroomdifenylether in Zwevende stof t.o.v. drooggewicht in ug/kg","meting","NVT","NVT",TRUE,FALSE,FALSE
2567,"NVT","NVT","ZS","Zwevende stof","ug/kg","microgram per kilogram","MASSFTE","Massafractie","dg","t.o.v. drooggewicht","NVT","NVT","PBDE51","2,2',4,6'-tetrabroomdifenylether","Massafractie 2,2',4,6'-tetrabroomdifenylether in Zwevende stof t.o.v. drooggewicht in ug/kg","meting","NVT","NVT",TRUE,FALSE,FALSE
2568,"NVT","NVT","ZS","Zwevende stof","ug/kg","microgram per kilogram","MASSFTE","Massafractie","dg","t.o.v. drooggewicht","NVT","NVT","PBDE66","2,3',4,4'-tetrabroomdifenylether","Massafractie 2,3',4,4'-tetrabroomdifenylether in Zwevende stof t.o.v. drooggewicht in ug/kg","meting","NVT","NVT",TRUE,FALSE,FALSE
2569,"NVT","NVT","ZS","Zwevende stof","ug/kg","microgram per kilogram","MASSFTE","Massafractie","dg","t.o.v. drooggewicht","NVT","NVT","PBDE71","2,3',4',6-tetrabroomdifenylether","Massafractie 2,3',4',6-tetrabroomdifenylether in Zwevende stof t.o.v. drooggewicht in ug/kg","meting","NVT","NVT",TRUE,FALSE,FALSE
2570,"NVT","NVT","ZS","Zwevende stof","ug/kg","microgram per kilogram","MASSFTE","Massafractie","dg","t.o.v. drooggewicht","NVT","NVT","PBDE75","2,4,4',6-tetrabroomdifenylether","Massafractie 2,4,4',6-tetrabroomdifenylether in Zwevende stof t.o.v. drooggewicht in ug/kg","meting","NVT","NVT",TRUE,FALSE,FALSE
2571,"NVT","NVT","ZS","Zwevende stof","ug/kg","microgram per kilogram","MASSFTE","Massafractie","dg","t.o.v. drooggewicht","NVT","NVT","PBDE85","2,2',3,4,4'-pentabroomdifenylether","Massafractie 2,2',3,4,4'-pentabroomdifenylether in Zwevende stof t.o.v. drooggewicht in ug/kg","meting","NVT","NVT",TRUE,FALSE,FALSE
2572,"NVT","NVT","ZS","Zwevende stof","ug/kg","microgram per kilogram","MASSFTE","Massafractie","dg","t.o.v. drooggewicht","NVT","NVT","PBDE99","2,2',4,4',5-pentabroomdifenylether","Massafractie 2,2',4,4',5-pentabroomdifenylether in Zwevende stof t.o.v. drooggewicht in ug/kg","meting","NVT","NVT",TRUE,FALSE,FALSE
2573,"NVT","NVT","ZS","Zwevende stof","ug/kg","microgram per kilogram","MASSFTE","Massafractie","dg","t.o.v. drooggewicht","NVT","NVT","PCB101","2,2',4,5,5'-pentachloorbifenyl","Massafractie 2,2',4,5,5'-pentachloorbifenyl in Zwevende stof t.o.v. drooggewicht in ug/kg","meting","NVT","NVT",TRUE,FALSE,FALSE
2574,"NVT","NVT","ZS","Zwevende stof","ug/kg","microgram per kilogram","MASSFTE","Massafractie","dg","t.o.v. drooggewicht","NVT","NVT","PCB105","2,3,3',4,4'-pentachloorbifenyl","Massafractie 2,3,3',4,4'-pentachloorbifenyl in Zwevende stof t.o.v. drooggewicht in ug/kg","meting","NVT","NVT",TRUE,FALSE,FALSE
2575,"NVT","NVT","ZS","Zwevende stof","ug/kg","microgram per kilogram","MASSFTE","Massafractie","dg","t.o.v. drooggewicht","NVT","NVT","PCB118","2,3',4,4',5-pentachloorbifenyl","Massafractie 2,3',4,4',5-pentachloorbifenyl in Zwevende stof t.o.v. drooggewicht in ug/kg","meting","NVT","NVT",TRUE,FALSE,FALSE
2576,"NVT","NVT","ZS","Zwevende stof","ug/kg","microgram per kilogram","MASSFTE","Massafractie","dg","t.o.v. drooggewicht","NVT","NVT","PCB138","2,2',3,4,4',5'-hexachloorbifenyl","Massafractie 2,2',3,4,4',5'-hexachloorbifenyl in Zwevende stof t.o.v. drooggewicht in ug/kg","meting","NVT","NVT",TRUE,FALSE,FALSE
2577,"NVT","NVT","ZS","Zwevende stof","ug/kg","microgram per kilogram","MASSFTE","Massafractie","dg","t.o.v. drooggewicht","NVT","NVT","PCB153","2,2',4,4',5,5'-hexachloorbifenyl","Massafractie 2,2',4,4',5,5'-hexachloorbifenyl in Zwevende stof t.o.v. drooggewicht in ug/kg","meting","NVT","NVT",TRUE,FALSE,FALSE
2578,"NVT","NVT","ZS","Zwevende stof","ug/kg","microgram per kilogram","MASSFTE","Massafractie","dg","t.o.v. drooggewicht","NVT","NVT","PCB170","2,2',3,3',4,4',5-heptachloorbifenyl","Massafractie 2,2',3,3',4,4',5-heptachloorbifenyl in Zwevende stof t.o.v. drooggewicht in ug/kg","meting","NVT","NVT",TRUE,FALSE,FALSE
2579,"NVT","NVT","ZS","Zwevende stof","ug/kg","microgram per kilogram","MASSFTE","Massafractie","dg","t.o.v. drooggewicht","NVT","NVT","PCB18","2,2',5-trichloorbifenyl","Massafractie 2,2',5-trichloorbifenyl in Zwevende stof t.o.v. drooggewicht in ug/kg","meting","NVT","NVT",TRUE,FALSE,FALSE
2580,"NVT","NVT","ZS","Zwevende stof","ug/kg","microgram per kilogram","MASSFTE","Massafractie","dg","t.o.v. drooggewicht","NVT","NVT","PCB180","2,2',3,4,4',5,5'-heptachloorbifenyl","Massafractie 2,2',3,4,4',5,5'-heptachloorbifenyl in Zwevende stof t.o.v. drooggewicht in ug/kg","meting","NVT","NVT",TRUE,FALSE,FALSE
2581,"NVT","NVT","ZS","Zwevende stof","ug/kg","microgram per kilogram","MASSFTE","Massafractie","dg","t.o.v. drooggewicht","NVT","NVT","PCB187","2,2',3,4',5,5',6-heptachloorbifenyl","Massafractie 2,2',3,4',5,5',6-heptachloorbifenyl in Zwevende stof t.o.v. drooggewicht in ug/kg","meting","NVT","NVT",TRUE,FALSE,FALSE
2582,"NVT","NVT","ZS","Zwevende stof","ug/kg","microgram per kilogram","MASSFTE","Massafractie","dg","t.o.v. drooggewicht","NVT","NVT","PCB28","2,4,4'-trichloorbifenyl","Massafractie 2,4,4'-trichloorbifenyl in Zwevende stof t.o.v. drooggewicht in ug/kg","meting","NVT","NVT",TRUE,FALSE,FALSE
2583,"NVT","NVT","ZS","Zwevende stof","ug/kg","microgram per kilogram","MASSFTE","Massafractie","dg","t.o.v. drooggewicht","NVT","NVT","PCB31","2,4',5-trichloorbifenyl","Massafractie 2,4',5-trichloorbifenyl in Zwevende stof t.o.v. drooggewicht in ug/kg","meting","NVT","NVT",TRUE,FALSE,FALSE
2584,"NVT","NVT","ZS","Zwevende stof","ug/kg","microgram per kilogram","MASSFTE","Massafractie","dg","t.o.v. drooggewicht","NVT","NVT","PCB44","2,2',3,5'-tetrachloorbifenyl","Massafractie 2,2',3,5'-tetrachloorbifenyl in Zwevende stof t.o.v. drooggewicht in ug/kg","meting","NVT","NVT",TRUE,FALSE,FALSE
2585,"NVT","NVT","ZS","Zwevende stof","ug/kg","microgram per kilogram","MASSFTE","Massafractie","dg","t.o.v. drooggewicht","NVT","NVT","PCB49","2,2',4,5'-tetrachloorbifenyl","Massafractie 2,2',4,5'-tetrachloorbifenyl in Zwevende stof t.o.v. drooggewicht in ug/kg","meting","NVT","NVT",TRUE,FALSE,FALSE
2586,"NVT","NVT","ZS","Zwevende stof","ug/kg","microgram per kilogram","MASSFTE","Massafractie","dg","t.o.v. drooggewicht","NVT","NVT","PCB52","2,2',5,5'-tetrachloorbifenyl","Massafractie 2,2',5,5'-tetrachloorbifenyl in Zwevende stof t.o.v. drooggewicht in ug/kg","meting","NVT","NVT",TRUE,FALSE,FALSE
2587,"NVT","NVT","ZS","Zwevende stof","ug/kg","microgram per kilogram","MASSFTE","Massafractie","dg","t.o.v. drooggewicht","NVT","NVT","PeClBen","pentachloorbenzeen","Massafractie pentachloorbenzeen in Zwevende stof t.o.v. drooggewicht in ug/kg","meting","NVT","NVT",TRUE,FALSE,FALSE
2588,"NVT","NVT","ZS","Zwevende stof","ug/kg","microgram per kilogram","MASSFTE","Massafractie","dg","t.o.v. drooggewicht","NVT","NVT","PeClFol","pentachloorfenol","Massafractie pentachloorfenol in Zwevende stof t.o.v. drooggewicht in ug/kg","meting","NVT","NVT",TRUE,FALSE,FALSE
2589,"NVT","NVT","ZS","Zwevende stof","ug/kg","microgram per kilogram","MASSFTE","Massafractie","dg","t.o.v. drooggewicht","NVT","NVT","s1214DClBen","som 1,2- en 1,4-dichloorbenzeen","Massafractie som 1,2- en 1,4-dichloorbenzeen in Zwevende stof t.o.v. drooggewicht in ug/kg","meting","NVT","NVT",TRUE,FALSE,FALSE
2590,"NVT","NVT","ZS","Zwevende stof","ug/kg","microgram per kilogram","MASSFTE","Massafractie","dg","t.o.v. drooggewicht","NVT","NVT","s1Cl24NO2Ben","som 1-chloor-2- en 4-nitrobenzeen","Massafractie som 1-chloor-2- en 4-nitrobenzeen in Zwevende stof t.o.v. drooggewicht in ug/kg","meting","NVT","NVT",TRUE,FALSE,FALSE
2591,"NVT","NVT","ZS","Zwevende stof","ug/kg","microgram per kilogram","MASSFTE","Massafractie","dg","t.o.v. drooggewicht","NVT","NVT","sCldn","som chloordaan (som cis- en trans-)","Massafractie som chloordaan (som cis- en trans-) in Zwevende stof t.o.v. drooggewicht in ug/kg","meting","NVT","NVT",TRUE,FALSE,FALSE
2592,"NVT","NVT","ZS","Zwevende stof","ug/kg","microgram per kilogram","MASSFTE","Massafractie","dg","t.o.v. drooggewicht","NVT","NVT","sDClNO2Ben4","som 2,3-, 2,4-, 2,5- en 3,4-dichloornitrobenzeen","Massafractie som 2,3-, 2,4-, 2,5- en 3,4-dichloornitrobenzeen in Zwevende stof t.o.v. drooggewicht in ug/kg","meting","NVT","NVT",TRUE,FALSE,FALSE
2593,"NVT","NVT","ZS","Zwevende stof","ug/kg","microgram per kilogram","MASSFTE","Massafractie","dg","t.o.v. drooggewicht","NVT","NVT","sDDD","som 2,4'- en 4,4'-DDD","Massafractie som 2,4'- en 4,4'-DDD in Zwevende stof t.o.v. drooggewicht in ug/kg","meting","NVT","NVT",TRUE,FALSE,FALSE
2594,"NVT","NVT","ZS","Zwevende stof","ug/kg","microgram per kilogram","MASSFTE","Massafractie","dg","t.o.v. drooggewicht","NVT","NVT","sDDE","som 2,4'- en 4,4'-DDE","Massafractie som 2,4'- en 4,4'-DDE in Zwevende stof t.o.v. drooggewicht in ug/kg","meting","NVT","NVT",TRUE,FALSE,FALSE
2595,"NVT","NVT","ZS","Zwevende stof","ug/kg","microgram per kilogram","MASSFTE","Massafractie","dg","t.o.v. drooggewicht","NVT","NVT","sDDT","som 2,4'- en 4,4'-DDT","Massafractie som 2,4'- en 4,4'-DDT in Zwevende stof t.o.v. drooggewicht in ug/kg","meting","NVT","NVT",TRUE,FALSE,FALSE
2596,"NVT","NVT","ZS","Zwevende stof","ug/kg","microgram per kilogram","MASSFTE","Massafractie","dg","t.o.v. drooggewicht","NVT","NVT","sDDX4","som 2,4'-DDT, 4,4'-DDT, 4,4'-DDD en 4,4'-DDE","Massafractie som 2,4'-DDT, 4,4'-DDT, 4,4'-DDD en 4,4'-DDE in Zwevende stof t.o.v. drooggewicht in ug/kg","meting","NVT","NVT",TRUE,FALSE,FALSE
2597,"NVT","NVT","ZS","Zwevende stof","ug/kg","microgram per kilogram","MASSFTE","Massafractie","dg","t.o.v. drooggewicht","NVT","NVT","sDDX6","som 2,4'-, 4,4'-DDT, 2,4'-, 4,4'-DDD, 2,4'- en 4,4'-DDE","Massafractie som 2,4'-, 4,4'-DDT, 2,4'-, 4,4'-DDD, 2,4'- en 4,4'-DDE in Zwevende stof t.o.v. drooggewicht in ug/kg","meting","NVT","NVT",TRUE,FALSE,FALSE
2598,"NVT","NVT","ZS","Zwevende stof","ug/kg","microgram per kilogram","MASSFTE","Massafractie","dg","t.o.v. drooggewicht","NVT","NVT","sdrin3","som aldrin, dieldrin en endrin","Massafractie som aldrin, dieldrin en endrin in Zwevende stof t.o.v. drooggewicht in ug/kg","meting","NVT","NVT",TRUE,FALSE,FALSE
2599,"NVT","NVT","ZS","Zwevende stof","ug/kg","microgram per kilogram","MASSFTE","Massafractie","dg","t.o.v. drooggewicht","NVT","NVT","sHCH4","som a-, b-, c- en d-HCH","Massafractie som a-, b-, c- en d-HCH in Zwevende stof t.o.v. drooggewicht in ug/kg","meting","NVT","NVT",TRUE,FALSE,FALSE
2600,"NVT","NVT","ZS","Zwevende stof","ug/kg","microgram per kilogram","MASSFTE","Massafractie","dg","t.o.v. drooggewicht","NVT","NVT","sHpClepO","som heptachloorepoxide (som cis- en trans-)","Massafractie som heptachloorepoxide (som cis- en trans-) in Zwevende stof t.o.v. drooggewicht in ug/kg","meting","NVT","NVT",TRUE,FALSE,FALSE
2601,"NVT","NVT","ZS","Zwevende stof","ug/kg","microgram per kilogram","MASSFTE","Massafractie","dg","t.o.v. drooggewicht","NVT","NVT","sOCB21","som 21 organochloorhoudende bestrijdingsmiddelen","Massafractie som 21 organochloorhoudende bestrijdingsmiddelen in Zwevende stof t.o.v. drooggewicht in ug/kg","meting","NVT","NVT",TRUE,FALSE,FALSE
2602,"NVT","NVT","ZS","Zwevende stof","ug/kg","microgram per kilogram","MASSFTE","Massafractie","dg","t.o.v. drooggewicht","NVT","NVT","sOCB23","som 23 organochloorhoudende bestrijdingsmiddelen","Massafractie som 23 organochloorhoudende bestrijdingsmiddelen in Zwevende stof t.o.v. drooggewicht in ug/kg","meting","NVT","NVT",TRUE,FALSE,FALSE
2603,"NVT","NVT","ZS","Zwevende stof","ug/kg","microgram per kilogram","MASSFTE","Massafractie","dg","t.o.v. drooggewicht","NVT","NVT","sPCB7","som 7 polychloorbifenylen PCB28, 52, 101, 118, 138, 153, 180","Massafractie som 7 polychloorbifenylen PCB28, 52, 101, 118, 138, 153, 180 in Zwevende stof t.o.v. drooggewicht in ug/kg","meting","NVT","NVT",TRUE,FALSE,FALSE
2604,"NVT","NVT","ZS","Zwevende stof","ug/kg","microgram per kilogram","MASSFTE","Massafractie","dg","t.o.v. drooggewicht","NVT","NVT","sT4ClBen","som tetrachloorbenzeen-isomeren","Massafractie som tetrachloorbenzeen-isomeren in Zwevende stof t.o.v. drooggewicht in ug/kg","meting","NVT","NVT",TRUE,FALSE,FALSE
2605,"NVT","NVT","ZS","Zwevende stof","ug/kg","microgram per kilogram","MASSFTE","Massafractie","dg","t.o.v. drooggewicht","NVT","NVT","T4C4ySn","tetrabutyltin","Massafractie tetrabutyltin in Zwevende stof t.o.v. drooggewicht in ug/kg","meting","NVT","NVT",TRUE,FALSE,FALSE
2606,"NVT","NVT","ZS","Zwevende stof","ug/kg","microgram per kilogram","MASSFTE","Massafractie","dg","t.o.v. drooggewicht","NVT","NVT","TC4ySn","tributyltin (kation)","Massafractie tributyltin (kation) in Zwevende stof t.o.v. drooggewicht in ug/kg","meting","NVT","NVT",TRUE,FALSE,FALSE
2607,"NVT","NVT","ZS","Zwevende stof","ug/kg","microgram per kilogram","MASSFTE","Massafractie","dg","t.o.v. drooggewicht","NVT","NVT","TClBen","trichloorbenzeen","Massafractie trichloorbenzeen in Zwevende stof t.o.v. drooggewicht in ug/kg","meting","NVT","NVT",TRUE,FALSE,FALSE
2608,"NVT","NVT","ZS","Zwevende stof","ug/kg","microgram per kilogram","MASSFTE","Massafractie","dg","t.o.v. drooggewicht","NVT","NVT","tCldn","trans-chloordaan","Massafractie trans-chloordaan in Zwevende stof t.o.v. drooggewicht in ug/kg","meting","NVT","NVT",TRUE,FALSE,FALSE
2609,"NVT","NVT","ZS","Zwevende stof","ug/kg","microgram per kilogram","MASSFTE","Massafractie","dg","t.o.v. drooggewicht","NVT","NVT","teldn","telodrin","Massafractie telodrin in Zwevende stof t.o.v. drooggewicht in ug/kg","meting","NVT","NVT",TRUE,FALSE,FALSE
2610,"NVT","NVT","ZS","Zwevende stof","ug/kg","microgram per kilogram","MASSFTE","Massafractie","dg","t.o.v. drooggewicht","NVT","NVT","TFySn","trifenyltin (kation)","Massafractie trifenyltin (kation) in Zwevende stof t.o.v. drooggewicht in ug/kg","meting","NVT","NVT",TRUE,FALSE,FALSE
2611,"NVT","NVT","ZS","Zwevende stof","ug/kg","microgram per kilogram","MASSFTE","Massafractie","dg","t.o.v. drooggewicht","NVT","NVT","tHpClepO","trans-heptachloorepoxide","Massafractie trans-heptachloorepoxide in Zwevende stof t.o.v. drooggewicht in ug/kg","meting","NVT","NVT",TRUE,FALSE,FALSE
2612,"NVT","NVT","ZS","Zwevende stof","ug/kg","microgram per kilogram","MASSFTE","Massafractie","Sndg","uitgedrukt in tin / drooggewicht","NVT","NVT","cyhxtn","cyhexatin","Massafractie cyhexatin in Zwevende stof uitgedrukt in tin / drooggewicht in ug/kg","meting","NVT","NVT",TRUE,FALSE,FALSE
2613,"NVT","NVT","ZS","Zwevende stof","ug/kg","microgram per kilogram","MASSFTE","Massafractie","Sndg","uitgedrukt in tin / drooggewicht","NVT","NVT","DC4ySn","dibutyltin (kation)","Massafractie dibutyltin (kation) in Zwevende stof uitgedrukt in tin / drooggewicht in ug/kg","meting","NVT","NVT",TRUE,FALSE,FALSE
2614,"NVT","NVT","ZS","Zwevende stof","ug/kg","microgram per kilogram","MASSFTE","Massafractie","Sndg","uitgedrukt in tin / drooggewicht","NVT","NVT","DccC6ySnO","dicyclohexyltinoxide","Massafractie dicyclohexyltinoxide in Zwevende stof uitgedrukt in tin / drooggewicht in ug/kg","meting","NVT","NVT",TRUE,FALSE,FALSE
2615,"NVT","NVT","ZS","Zwevende stof","ug/kg","microgram per kilogram","MASSFTE","Massafractie","Sndg","uitgedrukt in tin / drooggewicht","NVT","NVT","DFySn","difenyltin (kation)","Massafractie difenyltin (kation) in Zwevende stof uitgedrukt in tin / drooggewicht in ug/kg","meting","NVT","NVT",TRUE,FALSE,FALSE
2616,"NVT","NVT","ZS","Zwevende stof","ug/kg","microgram per kilogram","MASSFTE","Massafractie","Sndg","uitgedrukt in tin / drooggewicht","NVT","NVT","fenbtSnO","fenbutatinoxide","Massafractie fenbutatinoxide in Zwevende stof uitgedrukt in tin / drooggewicht in ug/kg","meting","NVT","NVT",TRUE,FALSE,FALSE
2617,"NVT","NVT","ZS","Zwevende stof","ug/kg","microgram per kilogram","MASSFTE","Massafractie","Sndg","uitgedrukt in tin / drooggewicht","NVT","NVT","MC4ySn","monobutyltin (kation)","Massafractie monobutyltin (kation) in Zwevende stof uitgedrukt in tin / drooggewicht in ug/kg","meting","NVT","NVT",TRUE,FALSE,FALSE
2618,"NVT","NVT","ZS","Zwevende stof","ug/kg","microgram per kilogram","MASSFTE","Massafractie","Sndg","uitgedrukt in tin / drooggewicht","NVT","NVT","MFySn","monofenyltin (kation)","Massafractie monofenyltin (kation) in Zwevende stof uitgedrukt in tin / drooggewicht in ug/kg","meting","NVT","NVT",TRUE,FALSE,FALSE
2619,"NVT","NVT","ZS","Zwevende stof","ug/kg","microgram per kilogram","MASSFTE","Massafractie","Sndg","uitgedrukt in tin / drooggewicht","NVT","NVT","T4C4ySn","tetrabutyltin","Massafractie tetrabutyltin in Zwevende stof uitgedrukt in tin / drooggewicht in ug/kg","meting","NVT","NVT",TRUE,FALSE,FALSE
2620,"NVT","NVT","ZS","Zwevende stof","ug/kg","microgram per kilogram","MASSFTE","Massafractie","Sndg","uitgedrukt in tin / drooggewicht","NVT","NVT","TC4ySn","tributyltin (kation)","Massafractie tributyltin (kation) in Zwevende stof uitgedrukt in tin / drooggewicht in ug/kg","meting","NVT","NVT",TRUE,FALSE,FALSE
2621,"NVT","NVT","ZS","Zwevende stof","ug/kg","microgram per kilogram","MASSFTE","Massafractie","Sndg","uitgedrukt in tin / drooggewicht","NVT","NVT","TFySn","trifenyltin (kation)","Massafractie trifenyltin (kation) in Zwevende stof uitgedrukt in tin / drooggewicht in ug/kg","meting","NVT","NVT",TRUE,FALSE,FALSE
2622,"NVT","NVT","BS","Bodem/Sediment","g","gram","NG","Natgewicht","NVT","NVT","NVT","NVT","NVT","NVT","Natgewicht in Bodem/Sediment in g","meting","NVT","NVT",TRUE,FALSE,FALSE
2623,"NVT","NVT","ZS","Zwevende stof","g","gram","NG","Natgewicht","NVT","NVT","NVT","NVT","NVT","NVT","Natgewicht in Zwevende stof in g","meting","NVT","NVT",TRUE,FALSE,FALSE
2624,"NVT","NVT","ZS","Zwevende stof","g","gram","NGWTTL","Nat gewicht totaal","NVT","NVT","NVT","NVT","NVT","NVT","Nat gewicht totaal in Zwevende stof in g","meting","NVT","NVT",TRUE,FALSE,FALSE
2625,"NVT","NVT","OW","Oppervlaktewater","cm2","vierkante centimeter","NVT","NVT","NVT","NVT","NVT","NVT","NVT","NVT","Levendigheid in Oppervlaktewater in cm2","meting","LEVDHD","NVT",TRUE,FALSE,FALSE
2626,"NVT","NVT","OW","Oppervlaktewater","cm2","vierkante centimeter","NVT","NVT","NVT","NVT","NVT","NVT","NVT","NVT","Percentielen per etmaal Levendigheid in Oppervlaktewater in cm2","meting","LEVDHD","other:%24H",TRUE,FALSE,FALSE
2627,"NVT","NVT","LT","Lucht","DIMSLS","dimensieloos","NVT","NVT","NVT","NVT","NVT","NVT","NVT","NVT","Bewolkingsgraad in Lucht","meting","BEWKGD","NVT",TRUE,FALSE,FALSE
2628,"NVT","NVT","LT","Lucht","DIMSLS","dimensieloos","NVT","NVT","NVT","NVT","NVT","NVT","NVT","NVT","Neerslagvorm in Lucht","meting","NEERSVM","NVT",TRUE,FALSE,FALSE
2629,"NVT","NVT","OW","Oppervlaktewater","DIMSLS","dimensieloos","NVT","NVT","NVT","NVT","NVT","NVT","NVT","NVT","Etmaalgemiddelde Getijextreemtype in Oppervlaktewater","meting","GETETTPE","GEM24H",FALSE,FALSE,FALSE
2630,"NVT","NVT","OW","Oppervlaktewater","DIMSLS","dimensieloos","NVT","NVT","NVT","NVT","NVT","NVT","NVT","NVT","Getijextreemtype astronomisch in Oppervlaktewater","astronomisch","GETETTPE","NVT",TRUE,FALSE,FALSE
2631,"NVT","NVT","OW","Oppervlaktewater","DIMSLS","dimensieloos","NVT","NVT","NVT","NVT","NVT","NVT","NVT","NVT","Getijextreemtype in Oppervlaktewater","meting","GETETTPE","NVT",TRUE,FALSE,FALSE
2632,"NVT","NVT","OW","Oppervlaktewater","DIMSLS","dimensieloos","NVT","NVT","NVT","NVT","NVT","NVT","NVT","NVT","Maand extreem Getijextreemtype in Oppervlaktewater","meting","GETETTPE","other:EXTMND",TRUE,FALSE,FALSE
2633,"NVT","NVT","OW","Oppervlaktewater","DIMSLS","dimensieloos","NVT","NVT","NVT","NVT","NVT","NVT","NVT","NVT","IJsdek astronomisch in Oppervlaktewater","astronomisch","IJSDK","NVT",FALSE,FALSE,FALSE
2634,"NVT","NVT","OW","Oppervlaktewater","DIMSLS","dimensieloos","NVT","NVT","NVT","NVT","NVT","NVT","NVT","NVT","IJsdek in Oppervlaktewater","meting","IJSDK","NVT",TRUE,FALSE,FALSE
2635,"NVT","NVT","OW","Oppervlaktewater","DIMSLS","dimensieloos","NVT","NVT","PtCo","uitgedrukt volgens PtCo-schaal","NVT","NVT","NVT","NVT","Kleur intensiteit in Oppervlaktewater uitgedrukt volgens PtCo-schaal","meting","KLEURITSTT","NVT",TRUE,FALSE,FALSE
2636,"NVT","NVT","OW","Oppervlaktewater","ug/l","microgram per liter","NVT","NVT","NVT","NVT","NVT","NVT","2333TFPA","2,3,3,3-tetrafluorpropaanzuur","2,3,3,3-tetrafluorpropaanzuur in Oppervlaktewater in ug/l","meting","NVT","NVT",TRUE,FALSE,FALSE
2637,"NVT","NVT","OW","Oppervlaktewater","ug/l","microgram per liter","NVT","NVT","NVT","NVT","NVT","NVT","2Nafsfzr","2-naftaleensulfonzuur","2-naftaleensulfonzuur in Oppervlaktewater in ug/l","meting","NVT","NVT",FALSE,FALSE,FALSE
2638,"NVT","NVT","OW","Oppervlaktewater","ug/l","microgram per liter","NVT","NVT","NVT","NVT","NVT","NVT","PFPrA","perfluorpropaanzuur","perfluorpropaanzuur in Oppervlaktewater in ug/l","meting","NVT","NVT",TRUE,FALSE,FALSE
2639,"NVT","NVT","OW","Oppervlaktewater","min","minuut","OPNDR","Openingsduur","NVT","NVT","NVT","NVT","NVT","NVT","Openingsduur in Oppervlaktewater in min","meting","NVT","NVT",FALSE,FALSE,FALSE
2640,"NVT","NVT","BS","Bodem/Sediment","DIMSLS","dimensieloos","pH","Zuurgraad","NVT","NVT","NVT","NVT","NVT","NVT","Zuurgraad in Bodem/Sediment","meting","NVT","NVT",TRUE,FALSE,FALSE
2641,"NVT","NVT","OW","Oppervlaktewater","DIMSLS","dimensieloos","pH","Zuurgraad","NVT","NVT","NVT","NVT","NVT","NVT","Gemiddelde Zuurgraad in Oppervlaktewater","meting","NVT","GEM",FALSE,FALSE,FALSE
2642,"NVT","NVT","OW","Oppervlaktewater","DIMSLS","dimensieloos","pH","Zuurgraad","NVT","NVT","NVT","NVT","NVT","NVT","Etmaalgemiddelde Zuurgraad in Oppervlaktewater","meting","NVT","GEM24H",FALSE,FALSE,FALSE
2643,"NVT","NVT","OW","Oppervlaktewater","DIMSLS","dimensieloos","pH","Zuurgraad","NVT","NVT","NVT","NVT","NVT","NVT","Zuurgraad in Oppervlaktewater","meting","NVT","NVT",TRUE,FALSE,FALSE
2644,"NVT","NVT","NT","Niet van toepassing","um","micrometer","PIEK2","Piek 2","NVT","NVT","NVT","NVT","NVT","NVT","Piek 2 in um","meting","NVT","NVT",TRUE,FALSE,FALSE
2645,"NVT","NVT","OW","Oppervlaktewater","mg/l","milligram per liter","PMV","Kaliumpermanganaat verbruik","NVT","NVT","NVT","NVT","NVT","NVT","Kaliumpermanganaat verbruik in Oppervlaktewater in mg/l","meting","NVT","NVT",FALSE,FALSE,FALSE
2646,"NVT","NVT","OW","Oppervlaktewater","m3/d","kubieke meter per dag","Q","Debiet","NVT","NVT","NVT","NVT","NVT","NVT","Debiet in Oppervlaktewater in m3/d","meting","NVT","NVT",TRUE,FALSE,FALSE
2647,"NVT","NVT","OW","Oppervlaktewater","m3/d","kubieke meter per dag","Q","Debiet","NVT","NVT","NVT","NVT","NVT","NVT","Sommatie waarden Debiet in Oppervlaktewater in m3/d","meting","NVT","SOM",TRUE,FALSE,FALSE
2648,"NVT","NVT","OW","Oppervlaktewater","m3/s","kubieke meter per seconde","Q","Debiet","NVT","NVT","NVT","NVT","NVT","NVT","Etmaalgemiddelde Debiet in Oppervlaktewater in m3/s","meting","NVT","GEM24H",TRUE,FALSE,FALSE
2649,"NVT","NVT","OW","Oppervlaktewater","m3/s","kubieke meter per seconde","Q","Debiet","NVT","NVT","NVT","NVT","NVT","NVT","Debiet verwachting in Oppervlaktewater in m3/s","verwachting","NVT","NVT",FALSE,FALSE,FALSE
2650,"NVT","NVT","OW","Oppervlaktewater","m3/s","kubieke meter per seconde","Q","Debiet","NVT","NVT","NVT","NVT","NVT","NVT","Debiet in Oppervlaktewater in m3/s","meting","NVT","NVT",TRUE,FALSE,FALSE
2651,"NVT","NVT","OW","Oppervlaktewater","m3/d","kubieke meter per dag","Qo","Opgepompt debiet","NVT","NVT","NVT","NVT","NVT","NVT","Sommatie waarden Opgepompt debiet in Oppervlaktewater in m3/d","meting","NVT","SOM",FALSE,FALSE,FALSE
2652,"NVT","NVT","OW","Oppervlaktewater","m3/d","kubieke meter per dag","Qs","Schutverlies","NVT","NVT","NVT","NVT","NVT","NVT","Sommatie waarden Schutverlies in Oppervlaktewater in m3/d","meting","NVT","SOM",FALSE,FALSE,FALSE
2653,"NVT","NVT","NT","Niet van toepassing","DIMSLS","dimensieloos","R2","Correlatiecoefficient","NVT","NVT","NVT","NVT","NVT","NVT","Gemiddelde over 20 monsters Correlatiecoefficient","meting","NVT","GEM20M",TRUE,FALSE,FALSE
2654,"NVT","NVT","OW","Oppervlaktewater","DIMSLS","dimensieloos","REUK","Reuk","NVT","NVT","NVT","NVT","NVT","NVT","Reuk in Oppervlaktewater","meting","NVT","NVT",TRUE,FALSE,FALSE
2655,"Nassarius reticulatus","Nassarius reticulatus","OE","Organisme (biota)","%","procent","RPSI","Relatieve penisgrootte index","NVT","NVT","NVT","NVT","NVT","NVT","Relatieve penisgrootte index in Organisme (biota) in Nassarius reticulatus %","meting","NVT","NVT",TRUE,FALSE,FALSE
2656,"Nucella lapillus","Nucella lapillus","OE","Organisme (biota)","%","procent","RPSI","Relatieve penisgrootte index","NVT","NVT","NVT","NVT","NVT","NVT","Relatieve penisgrootte index in Organisme (biota) in Nucella lapillus %","meting","NVT","NVT",TRUE,FALSE,FALSE
2657,"NVT","NVT","OW","Oppervlaktewater","graad","graad","S0BH","Gemiddelde golfrichtingspreiding in het spectrale domein","F003-050","golffrequentie tussen 30 en 500 mHz","NVT","NVT","NVT","NVT","Gemiddelde golfrichtingspreiding in het spectrale domein in Oppervlaktewater golffrequentie tussen 30 en 500 mHz in graad","meting","NVT","NVT",TRUE,FALSE,FALSE
2658,"NVT","NVT","OW","Oppervlaktewater","graad","graad","S0BH","Gemiddelde golfrichtingspreiding in het spectrale domein","NVT","NVT","NVT","NVT","NVT","NVT","Gemiddelde golfrichtingspreiding in het spectrale domein in Oppervlaktewater in graad","meting","NVT","NVT",TRUE,FALSE,FALSE
2659,"NVT","NVT","OW","Oppervlaktewater","DIMSLS","dimensieloos","SALNTT","Saliniteit","NVT","NVT","NVT","NVT","NVT","NVT","Gemiddelde over 10 monsters Saliniteit in Oppervlaktewater","meting","NVT","GEM10M",TRUE,FALSE,FALSE
2660,"NVT","NVT","OW","Oppervlaktewater","DIMSLS","dimensieloos","SALNTT","Saliniteit","NVT","NVT","NVT","NVT","NVT","NVT","Saliniteit in Oppervlaktewater","meting","NVT","NVT",TRUE,FALSE,FALSE
2661,"NVT","NVT","NT","Niet van toepassing","DIMSLS","dimensieloos","SCH","Scheefheid","NVT","NVT","NVT","NVT","NVT","NVT","Scheefheid","meting","NVT","NVT",TRUE,FALSE,FALSE
2662,"NVT","NVT","OW","Oppervlaktewater","cm","centimeter","SLOTGHW","Slotgemiddelde hoogwater","DOODTIJ","Bij doodtij","NVT","NVT","NVT","NVT","Slotgemiddelde hoogwater in Oppervlaktewater Bij doodtij in cm","meting","NVT","NVT",TRUE,FALSE,FALSE
2663,"NVT","NVT","OW","Oppervlaktewater","cm","centimeter","SLOTGHW","Slotgemiddelde hoogwater","NVT","NVT","NVT","NVT","NVT","NVT","Slotgemiddelde hoogwater in Oppervlaktewater in cm","meting","NVT","NVT",TRUE,FALSE,FALSE
2664,"NVT","NVT","OW","Oppervlaktewater","cm","centimeter","SLOTGHW","Slotgemiddelde hoogwater","SPRINGTY","Bij springtij","NVT","NVT","NVT","NVT","Slotgemiddelde hoogwater in Oppervlaktewater Bij springtij in cm","meting","NVT","NVT",TRUE,FALSE,FALSE
2665,"NVT","NVT","OW","Oppervlaktewater","cm","centimeter","SLOTGLW","Slotgemiddelde laagwater","DOODTIJ","Bij doodtij","NVT","NVT","NVT","NVT","Slotgemiddelde laagwater in Oppervlaktewater Bij doodtij in cm","meting","NVT","NVT",TRUE,FALSE,FALSE
2666,"NVT","NVT","OW","Oppervlaktewater","cm","centimeter","SLOTGLW","Slotgemiddelde laagwater","NVT","NVT","NVT","NVT","NVT","NVT","Slotgemiddelde laagwater in Oppervlaktewater in cm","meting","NVT","NVT",TRUE,FALSE,FALSE
2667,"NVT","NVT","OW","Oppervlaktewater","cm","centimeter","SLOTGLW","Slotgemiddelde laagwater","SPRINGTY","Bij springtij","NVT","NVT","NVT","NVT","Slotgemiddelde laagwater in Oppervlaktewater Bij springtij in cm","meting","NVT","NVT",TRUE,FALSE,FALSE
2668,"NVT","NVT","OW","Oppervlaktewater","cm","centimeter","SLOTGWAT","Slotgemiddelde waterstand","NVT","NVT","NVT","NVT","NVT","NVT","Slotgemiddelde waterstand in Oppervlaktewater in cm","meting","NVT","NVT",TRUE,FALSE,FALSE
2669,"NVT","NVT","OW","Oppervlaktewater","cm","centimeter","SPGH","Standaardafwijking van de golfhoogte in het tijdsdomein","NVT","NVT","NVT","NVT","NVT","NVT","Standaardafwijking van de golfhoogte in het tijdsdomein in Oppervlaktewater in cm","meting","NVT","NVT",TRUE,FALSE,FALSE
2670,"NVT","NVT","OW","Oppervlaktewater","s","seconde","SPGT","Standaardafwijking van de golfperiode in het tijdsdomein","NVT","NVT","NVT","NVT","NVT","NVT","Standaardafwijking van de golfperiode in het tijdsdomein in Oppervlaktewater in s","meting","NVT","NVT",TRUE,FALSE,FALSE
2671,"NVT","NVT","OW","Oppervlaktewater","min","minuut","SPUITD","Spuitijd","GESTN","Gesloten","NVT","NVT","NVT","NVT","Spuitijd in Oppervlaktewater Gesloten in min","meting","NVT","NVT",FALSE,FALSE,FALSE
2672,"NVT","NVT","OW","Oppervlaktewater","min","minuut","SPUITD","Spuitijd","NVT","NVT","NVT","NVT","NVT","NVT","Spuitijd in Oppervlaktewater in min","meting","NVT","NVT",FALSE,FALSE,FALSE
2673,"NVT","NVT","OW","Oppervlaktewater","graad","graad","STROOMRTG","Stroomrichting","KAARTNDN","t.o.v. kaart Noorden","NVT","NVT","NVT","NVT","Stroomrichting in Oppervlaktewater t.o.v. kaart Noorden in graad","meting","NVT","NVT",TRUE,FALSE,FALSE
2674,"NVT","NVT","OW","Oppervlaktewater","graad","graad","STROOMRTG","Stroomrichting","WARNDN","t.o.v. ware Noorden","NVT","NVT","NVT","NVT","Stroomrichting in Oppervlaktewater t.o.v. ware Noorden in graad","meting","NVT","NVT",TRUE,FALSE,FALSE
2675,"NVT","NVT","OW","Oppervlaktewater","m/s","meter per seconde","STROOMSHD","Stroomsnelheid","hor-vlak","in horizontaal vlak","NVT","NVT","NVT","NVT","Stroomsnelheid in Oppervlaktewater in horizontaal vlak in m/s","meting","NVT","NVT",TRUE,FALSE,FALSE
2676,"NVT","NVT","OW","Oppervlaktewater","m/s","meter per seconde","STROOMSHD","Stroomsnelheid","NOORDCPT","Noordcomponent van de stroomsnelheid (zuid = negatief)","NVT","NVT","NVT","NVT","Stroomsnelheid in Oppervlaktewater Noordcomponent van de stroomsnelheid (zuid = negatief) in m/s","meting","NVT","NVT",TRUE,FALSE,FALSE
2677,"NVT","NVT","OW","Oppervlaktewater","m/s","meter per seconde","STROOMSHD","Stroomsnelheid","NVT","NVT","NVT","NVT","NVT","NVT","Stroomsnelheid in Oppervlaktewater in m/s","meting","NVT","NVT",TRUE,FALSE,FALSE
2678,"NVT","NVT","OW","Oppervlaktewater","m/s","meter per seconde","STROOMSHD","Stroomsnelheid","OOSTCPNT","Oostcomponent van de stroomsnelheid (negatief is west)","NVT","NVT","NVT","NVT","Stroomsnelheid in Oppervlaktewater Oostcomponent van de stroomsnelheid (negatief is west) in m/s","meting","NVT","NVT",TRUE,FALSE,FALSE
2679,"NVT","NVT","OW","Oppervlaktewater","m/s","meter per seconde","STROOMSHD","Stroomsnelheid","VERTKCPT","Vertikaal component van de stroomrichting (beneden=negatief)","NVT","NVT","NVT","NVT","Stroomsnelheid in Oppervlaktewater Vertikaal component van de stroomrichting (beneden=negatief) in m/s","meting","NVT","NVT",TRUE,FALSE,FALSE
2680,"NVT","NVT","OW","Oppervlaktewater","m/s","meter per seconde","STROOMSHD","Stroomsnelheid","ver-vlak","in verticaal vlak","NVT","NVT","NVT","NVT","Stroomsnelheid in Oppervlaktewater in verticaal vlak in m/s","meting","NVT","NVT",TRUE,FALSE,FALSE
2681,"NVT","NVT","LT","Lucht","oC","graad Celsius","T","Temperatuur","NVT","NVT","NVT","NVT","NVT","NVT","Etmaalgemiddelde Temperatuur in Lucht in oC","meting","NVT","GEM24H",TRUE,FALSE,FALSE
2682,"NVT","NVT","LT","Lucht","oC","graad Celsius","T","Temperatuur","NVT","NVT","NVT","NVT","NVT","NVT","Temperatuur in Lucht in oC","meting","NVT","NVT",TRUE,FALSE,FALSE
2683,"NVT","NVT","OW","Oppervlaktewater","oC","graad Celsius","T","Temperatuur","NVT","NVT","NVT","NVT","NVT","NVT","Gemiddelde Temperatuur in Oppervlaktewater in oC","meting","NVT","GEM",FALSE,FALSE,FALSE
2684,"NVT","NVT","OW","Oppervlaktewater","oC","graad Celsius","T","Temperatuur","NVT","NVT","NVT","NVT","NVT","NVT","Gemiddelde over 10 monsters Temperatuur in Oppervlaktewater in oC","meting","NVT","GEM10M",TRUE,FALSE,FALSE
2685,"NVT","NVT","OW","Oppervlaktewater","oC","graad Celsius","T","Temperatuur","NVT","NVT","NVT","NVT","NVT","NVT","Etmaalgemiddelde Temperatuur in Oppervlaktewater in oC","meting","NVT","GEM24H",TRUE,FALSE,FALSE
2686,"NVT","NVT","OW","Oppervlaktewater","oC","graad Celsius","T","Temperatuur","NVT","NVT","NVT","NVT","NVT","NVT","Zes-uursgemiddelde Temperatuur in Oppervlaktewater in oC","meting","NVT","GEM6H",FALSE,FALSE,FALSE
2687,"NVT","NVT","OW","Oppervlaktewater","oC","graad Celsius","T","Temperatuur","NVT","NVT","NVT","NVT","NVT","NVT","Uurgemiddelde Temperatuur in Oppervlaktewater in oC","meting","NVT","GEMH",FALSE,FALSE,FALSE
2688,"NVT","NVT","OW","Oppervlaktewater","oC","graad Celsius","T","Temperatuur","NVT","NVT","NVT","NVT","NVT","NVT","Temperatuur in Oppervlaktewater in oC","meting","NVT","NVT",TRUE,FALSE,FALSE
2689,"NVT","NVT","OW","Oppervlaktewater","s","seconde","T1/3","Gem. golfperiode langste 1/3 deel v.d. golven (tijdsdomein)","NVT","NVT","NVT","NVT","NVT","NVT","Gem. golfperiode langste 1/3 deel v.d. golven (tijdsdomein) in Oppervlaktewater in s","meting","NVT","NVT",TRUE,FALSE,FALSE
2690,"NVT","NVT","OW","Oppervlaktewater","cm2","vierkante centimeter","TE","Golfenergie in het spectrale domein","F003-100","golffrequentie tussen 30 en 1000 mHz","NVT","NVT","NVT","NVT","Golfenergie in het spectrale domein in Oppervlaktewater golffrequentie tussen 30 en 1000 mHz in cm2","meting","NVT","NVT",TRUE,FALSE,FALSE
2691,"NVT","NVT","OW","Oppervlaktewater","cm2","vierkante centimeter","TE","Golfenergie in het spectrale domein","F010-020","golffrequentie tussen 100 en 200 mHz","NVT","NVT","NVT","NVT","Golfenergie in het spectrale domein in Oppervlaktewater golffrequentie tussen 100 en 200 mHz in cm2","meting","NVT","NVT",TRUE,FALSE,FALSE
2692,"NVT","NVT","OW","Oppervlaktewater","cm2","vierkante centimeter","TE","Golfenergie in het spectrale domein","F020-050","golffrequentie tussen 200 en 500 mHz","NVT","NVT","NVT","NVT","Golfenergie in het spectrale domein in Oppervlaktewater golffrequentie tussen 200 en 500 mHz in cm2","meting","NVT","NVT",TRUE,FALSE,FALSE
2693,"NVT","NVT","OW","Oppervlaktewater","cm2","vierkante centimeter","TE","Golfenergie in het spectrale domein","F050-100","golffrequentie tussen 500 en 1000 mHz","NVT","NVT","NVT","NVT","Golfenergie in het spectrale domein in Oppervlaktewater golffrequentie tussen 500 en 1000 mHz in cm2","meting","NVT","NVT",TRUE,FALSE,FALSE
2694,"NVT","NVT","OW","Oppervlaktewater","cm2","vierkante centimeter","TE3","Deiningsenergie in het spectrale domein","F003-010","golffrequentie tussen 30 en 100 mHz","NVT","NVT","NVT","NVT","Deiningsenergie in het spectrale domein in Oppervlaktewater golffrequentie tussen 30 en 100 mHz in cm2","meting","NVT","NVT",TRUE,FALSE,FALSE
2695,"NVT","NVT","OW","Oppervlaktewater","%","procent","TELFAFA","Percentage telfout alfa activiteit","NVT","NVT","NVT","NVT","NVT","NVT","Percentage telfout alfa activiteit in Oppervlaktewater in %","meting","NVT","NVT",FALSE,FALSE,FALSE
2696,"NVT","NVT","OW","Oppervlaktewater","%","procent","TELFBTA","Percentage telfout beta activiteit","NVT","NVT","NVT","NVT","NVT","NVT","Percentage telfout beta activiteit in Oppervlaktewater in %","meting","NVT","NVT",FALSE,FALSE,FALSE
2697,"NVT","NVT","OW","Oppervlaktewater","%","procent","TELFH3","Percentage telfout beta activiteit van tritium","NVT","NVT","NVT","NVT","NVT","NVT","Percentage telfout beta activiteit van tritium in Oppervlaktewater in %","meting","NVT","NVT",FALSE,FALSE,FALSE
2698,"NVT","NVT","OW","Oppervlaktewater","graad","graad","Th0","Gemiddelde golfrichting in het spectrale domein","F003-050","golffrequentie tussen 30 en 500 mHz","NVT","NVT","NVT","NVT","Gemiddelde golfrichting in het spectrale domein in Oppervlaktewater golffrequentie tussen 30 en 500 mHz in graad","meting","NVT","NVT",TRUE,FALSE,FALSE
2699,"NVT","NVT","OW","Oppervlaktewater","s","seconde","T_H1/3","Golfperiode die hoort bij H1/3","NVT","NVT","NVT","NVT","NVT","NVT","Golfperiode die hoort bij H1/3 in Oppervlaktewater in s","meting","NVT","NVT",TRUE,FALSE,FALSE
2700,"NVT","NVT","OW","Oppervlaktewater","graad","graad","Th3","Gem. richting deining tov ware noorden in spectrale domein","WARNDN","t.o.v. ware Noorden","NVT","NVT","NVT","NVT","Gem. richting deining tov ware noorden in spectrale domein in Oppervlaktewater t.o.v. ware Noorden in graad","meting","NVT","NVT",TRUE,FALSE,FALSE
2701,"NVT","NVT","OW","Oppervlaktewater","s","seconde","T_Hmax","Golfperiode die hoort bij Hmax","NVT","NVT","NVT","NVT","NVT","NVT","Golfperiode die hoort bij Hmax in Oppervlaktewater in s","meting","NVT","NVT",TRUE,FALSE,FALSE
2702,"NVT","NVT","OW","Oppervlaktewater","s","seconde","Tm01","Golfperiode bepaald uit de spectrale momenten m0 en m1","F003-050","golffrequentie tussen 30 en 500 mHz","NVT","NVT","NVT","NVT","Golfperiode bepaald uit de spectrale momenten m0 en m1 in Oppervlaktewater golffrequentie tussen 30 en 500 mHz in s","meting","NVT","NVT",TRUE,FALSE,FALSE
2703,"NVT","NVT","OW","Oppervlaktewater","s","seconde","Tm02","Golfperiode bepaald uit de spectrale momenten m0 en m2","F003-050","golffrequentie tussen 30 en 500 mHz","NVT","NVT","NVT","NVT","Golfperiode bepaald uit de spectrale momenten m0 en m2 in Oppervlaktewater golffrequentie tussen 30 en 500 mHz in s","meting","NVT","NVT",TRUE,FALSE,FALSE
2704,"NVT","NVT","OW","Oppervlaktewater","s","seconde","Tm02","Golfperiode bepaald uit de spectrale momenten m0 en m2","F003-100","golffrequentie tussen 30 en 1000 mHz","NVT","NVT","NVT","NVT","Golfperiode bepaald uit de spectrale momenten m0 en m2 in Oppervlaktewater golffrequentie tussen 30 en 1000 mHz in s","meting","NVT","NVT",TRUE,FALSE,FALSE
2705,"NVT","NVT","OW","Oppervlaktewater","s","seconde","Tm02","Golfperiode bepaald uit de spectrale momenten m0 en m2","F003-150","Golffrequentie tussen 30 en 1500 mHz","NVT","NVT","NVT","NVT","Golfperiode bepaald uit de spectrale momenten m0 en m2 in Oppervlaktewater Golffrequentie tussen 30 en 1500 mHz in s","meting","NVT","NVT",TRUE,FALSE,FALSE
2706,"NVT","NVT","OW","Oppervlaktewater","s","seconde","Tm-10","Golfperiode bepaald uit de spectrale momenten m-1 en m0","F003-050","golffrequentie tussen 30 en 500 mHz","NVT","NVT","NVT","NVT","Golfperiode bepaald uit de spectrale momenten m-1 en m0 in Oppervlaktewater golffrequentie tussen 30 en 500 mHz in s","meting","NVT","NVT",TRUE,FALSE,FALSE
2707,"NVT","NVT","OW","Oppervlaktewater","s","seconde","Tm-10","Golfperiode bepaald uit de spectrale momenten m-1 en m0","F003-100","golffrequentie tussen 30 en 1000 mHz","NVT","NVT","NVT","NVT","Golfperiode bepaald uit de spectrale momenten m-1 en m0 in Oppervlaktewater golffrequentie tussen 30 en 1000 mHz in s","meting","NVT","NVT",TRUE,FALSE,FALSE
2708,"NVT","NVT","OW","Oppervlaktewater","s","seconde","Tm-10","Golfperiode bepaald uit de spectrale momenten m-1 en m0","F003-150","Golffrequentie tussen 30 en 1500 mHz","NVT","NVT","NVT","NVT","Golfperiode bepaald uit de spectrale momenten m-1 en m0 in Oppervlaktewater Golffrequentie tussen 30 en 1500 mHz in s","meting","NVT","NVT",TRUE,FALSE,FALSE
2709,"NVT","NVT","OW","Oppervlaktewater","s","seconde","Tmax","Maximale golfperiode in het tijdsdomein","NVT","NVT","NVT","NVT","NVT","NVT","Maximale golfperiode in het tijdsdomein in Oppervlaktewater in s","meting","NVT","NVT",TRUE,FALSE,FALSE
2710,"NVT","NVT","OW","Oppervlaktewater","%","procent","TROEBHD","Troebelheid","NVT","NVT","NVT","NVT","NVT","NVT","Troebelheid in Oppervlaktewater in %","meting","NVT","NVT",FALSE,FALSE,FALSE
2711,"NVT","NVT","OW","Oppervlaktewater","FNU","Formazine Nephelometric Unit","TROEBHD","Troebelheid","NVT","NVT","NVT","NVT","NVT","NVT","Troebelheid in Oppervlaktewater in FNU","meting","NVT","NVT",TRUE,FALSE,FALSE
2712,"NVT","NVT","OW","Oppervlaktewater","FTU","Formazine Turbidity Unit","TROEBHD","Troebelheid","NVT","NVT","NVT","NVT","NVT","NVT","Gemiddelde Troebelheid in Oppervlaktewater in FTU","meting","NVT","GEM",FALSE,FALSE,FALSE
2713,"NVT","NVT","OW","Oppervlaktewater","FTU","Formazine Turbidity Unit","TROEBHD","Troebelheid","NVT","NVT","NVT","NVT","NVT","NVT","Gemiddelde over 10 monsters Troebelheid in Oppervlaktewater in FTU","meting","NVT","GEM10M",TRUE,FALSE,FALSE
2714,"NVT","NVT","OW","Oppervlaktewater","FTU","Formazine Turbidity Unit","TROEBHD","Troebelheid","NVT","NVT","NVT","NVT","NVT","NVT","Etmaalgemiddelde Troebelheid in Oppervlaktewater in FTU","meting","NVT","GEM24H",FALSE,FALSE,FALSE
2715,"NVT","NVT","OW","Oppervlaktewater","FTU","Formazine Turbidity Unit","TROEBHD","Troebelheid","NVT","NVT","NVT","NVT","NVT","NVT","Troebelheid in Oppervlaktewater in FTU","meting","NVT","NVT",TRUE,FALSE,FALSE
2716,"NVT","NVT","OW","Oppervlaktewater","JTU","Jackson Turbidity Unit","TROEBHD","Troebelheid","NVT","NVT","NVT","NVT","NVT","NVT","Troebelheid in Oppervlaktewater in JTU","meting","NVT","NVT",TRUE,FALSE,FALSE
2717,"NVT","NVT","OW","Oppervlaktewater","NTU","Nephelometric Turbidity Unit","TROEBHD","Troebelheid","NVT","NVT","NVT","NVT","NVT","NVT","Gemiddelde Troebelheid in Oppervlaktewater in NTU","meting","NVT","GEM",FALSE,FALSE,FALSE
2718,"NVT","NVT","OW","Oppervlaktewater","NTU","Nephelometric Turbidity Unit","TROEBHD","Troebelheid","NVT","NVT","NVT","NVT","NVT","NVT","Troebelheid in Oppervlaktewater in NTU","meting","NVT","NVT",TRUE,FALSE,FALSE
2719,"NVT","NVT","OW","Oppervlaktewater","cm","centimeter","VAARDTE","Vaardiepte","WATSGL","t.o.v. waterspiegel","NVT","NVT","NVT","NVT","Vaardiepte in Oppervlaktewater t.o.v. waterspiegel in cm","meting","NVT","NVT",FALSE,FALSE,FALSE
2720,"NVT","NVT","NT","Niet van toepassing","um","micrometer","VAR","Variantie","NVT","NVT","NVT","NVT","NVT","NVT","Variantie in um","meting","NVT","NVT",TRUE,FALSE,FALSE
2721,"Nassarius reticulatus","Nassarius reticulatus","OE","Organisme (biota)","DIMSLS","dimensieloos","VDSI","Vas Deferens Sequence Index (zaadleider index)","NVT","NVT","NVT","NVT","NVT","NVT","Vas Deferens Sequence Index (zaadleider index) in Organisme (biota) in Nassarius reticulatus","meting","NVT","NVT",TRUE,FALSE,FALSE
2722,"Nucella lapillus","Nucella lapillus","OE","Organisme (biota)","DIMSLS","dimensieloos","VDSI","Vas Deferens Sequence Index (zaadleider index)","NVT","NVT","NVT","NVT","NVT","NVT","Vas Deferens Sequence Index (zaadleider index) in Organisme (biota) in Nucella lapillus","meting","NVT","NVT",TRUE,FALSE,FALSE
2723,"NVT","NVT","NT","Niet van toepassing","DIMSLS","dimensieloos","VERSIE","Versie","NVT","NVT","NVT","NVT","NVT","NVT","Versie","meting","NVT","NVT",TRUE,FALSE,FALSE
2724,"NVT","NVT","OW","Oppervlaktewater","%","procent","VERZDGGD","Verzadigingsgraad","NVT","NVT","NVT","NVT","O2","zuurstof","Etmaalgemiddelde Verzadigingsgraad zuurstof in Oppervlaktewater in %","meting","NVT","GEM24H",FALSE,FALSE,FALSE
2725,"NVT","NVT","OW","Oppervlaktewater","%","procent","VERZDGGD","Verzadigingsgraad","NVT","NVT","NVT","NVT","O2","zuurstof","Zes-uursgemiddelde Verzadigingsgraad zuurstof in Oppervlaktewater in %","meting","NVT","GEM6H",FALSE,FALSE,FALSE
2726,"NVT","NVT","OW","Oppervlaktewater","%","procent","VERZDGGD","Verzadigingsgraad","NVT","NVT","NVT","NVT","O2","zuurstof","Verzadigingsgraad zuurstof in Oppervlaktewater in %","meting","NVT","NVT",TRUE,FALSE,FALSE
2727,"NVT","NVT","OW","Oppervlaktewater","l","liter","VOLME","Volume","NVT","NVT","NVT","NVT","NVT","NVT","Volume in Oppervlaktewater in l","meting","NVT","NVT",FALSE,FALSE,FALSE
2728,"NVT","NVT","ZS","Zwevende stof","l","liter","VOLME","Volume","NVT","NVT","NVT","NVT","NVT","NVT","Volume in Zwevende stof in l","meting","NVT","NVT",TRUE,FALSE,FALSE
2729,"NVT","NVT","OW","Oppervlaktewater","%","procent","VOLMFTE","Volumefractie","NVT","NVT","NVT","NVT","CHLFa","chlorofyl-a","Volumefractie chlorofyl-a in Oppervlaktewater in %","meting","NVT","NVT",TRUE,FALSE,FALSE
2730,"NVT","NVT","OW","Oppervlaktewater","cm","centimeter","WATDTE","Waterdiepte","NVT","NVT","NVT","NVT","NVT","NVT","Waterdiepte in Oppervlaktewater in cm","meting","NVT","NVT",TRUE,FALSE,FALSE
2731,"NVT","NVT","OW","Oppervlaktewater","cm","centimeter","WATHTE","Waterhoogte","MSL","t.o.v. Mean Sea Level","NVT","NVT","NVT","NVT","Waterhoogte astronomisch in Oppervlaktewater t.o.v. Mean Sea Level in cm","astronomisch","NVT","NVT",TRUE,FALSE,FALSE
2732,"NVT","NVT","OW","Oppervlaktewater","cm","centimeter","WATHTE","Waterhoogte","MSL","t.o.v. Mean Sea Level","NVT","NVT","NVT","NVT","Waterhoogte in Oppervlaktewater t.o.v. Mean Sea Level in cm","meting","NVT","NVT",TRUE,FALSE,FALSE
2733,"NVT","NVT","OW","Oppervlaktewater","cm","centimeter","WATHTE","Waterhoogte","NAP","t.o.v. Normaal Amsterdams Peil","NVT","NVT","NVT","NVT","Etmaalgemiddelde Waterhoogte in Oppervlaktewater t.o.v. Normaal Amsterdams Peil in cm","meting","NVT","GEM24H",TRUE,FALSE,FALSE
2734,"NVT","NVT","OW","Oppervlaktewater","cm","centimeter","WATHTE","Waterhoogte","NAP","t.o.v. Normaal Amsterdams Peil","NVT","NVT","NVT","NVT","Uurgemiddelde Waterhoogte in Oppervlaktewater t.o.v. Normaal Amsterdams Peil in cm","meting","NVT","GEMH",FALSE,FALSE,FALSE
2735,"NVT","NVT","OW","Oppervlaktewater","cm","centimeter","WATHTE","Waterhoogte","NAP","t.o.v. Normaal Amsterdams Peil","NVT","NVT","NVT","NVT","Waterhoogte astronomisch in Oppervlaktewater t.o.v. Normaal Amsterdams Peil in cm","astronomisch","NVT","NVT",TRUE,FALSE,FALSE
2736,"NVT","NVT","OW","Oppervlaktewater","cm","centimeter","WATHTE","Waterhoogte","NAP","t.o.v. Normaal Amsterdams Peil","NVT","NVT","NVT","NVT","Waterhoogte verwachting in Oppervlaktewater t.o.v. Normaal Amsterdams Peil in cm","verwachting","NVT","NVT",TRUE,FALSE,FALSE
2737,"NVT","NVT","OW","Oppervlaktewater","cm","centimeter","WATHTE","Waterhoogte","NAP","t.o.v. Normaal Amsterdams Peil","NVT","NVT","NVT","NVT","Waterhoogte in Oppervlaktewater t.o.v. Normaal Amsterdams Peil in cm","meting","NVT","NVT",TRUE,FALSE,FALSE
2738,"NVT","NVT","OW","Oppervlaktewater","cm","centimeter","WATHTE","Waterhoogte","NAP","t.o.v. Normaal Amsterdams Peil","NVT","NVT","NVT","NVT","Maand extreem Waterhoogte in Oppervlaktewater t.o.v. Normaal Amsterdams Peil in cm","meting","NVT","other:EXTMND",TRUE,FALSE,FALSE
2739,"NVT","NVT","OW","Oppervlaktewater","cm","centimeter","WATHTE","Waterhoogte","NVT","NVT","NVT","NVT","NVT","NVT","Waterhoogte in Oppervlaktewater in cm","meting","NVT","NVT",TRUE,FALSE,FALSE
2740,"NVT","NVT","OW","Oppervlaktewater","cm","centimeter","WATHTE","Waterhoogte","PLAATSLR","t.o.v. plaatselijk referentievlak","NVT","NVT","NVT","NVT","Waterhoogte in Oppervlaktewater t.o.v. plaatselijk referentievlak in cm","meting","NVT","NVT",TRUE,FALSE,FALSE
2741,"NVT","NVT","OW","Oppervlaktewater","cm","centimeter","WATHTE","Waterhoogte","TAW","t.o.v. Tweede Algemene Waterpassing","NVT","NVT","NVT","NVT","Waterhoogte in Oppervlaktewater t.o.v. Tweede Algemene Waterpassing in cm","meting","NVT","NVT",FALSE,FALSE,FALSE
2742,"NVT","NVT","OW","Oppervlaktewater","cm","centimeter","WATOZT","Wateropzet","NVT","NVT","NVT","NVT","NVT","NVT","Berekend Wateropzet in Oppervlaktewater in cm","meting","NVT","BER",TRUE,FALSE,FALSE
2743,"NVT","NVT","OW","Oppervlaktewater","cm","centimeter","WATOZT","Wateropzet","NVT","NVT","NVT","NVT","NVT","NVT","Wateropzet in Oppervlaktewater in cm","meting","NVT","NVT",TRUE,FALSE,FALSE
2744,"NVT","NVT","LT","Lucht","graad","graad","WINDRTG","Windrichting","KAARTNDN","t.o.v. kaart Noorden","NVT","NVT","NVT","NVT","Windrichting in Lucht t.o.v. kaart Noorden in graad","meting","NVT","NVT",TRUE,FALSE,FALSE
2745,"NVT","NVT","LT","Lucht","graad","graad","WINDRTG","Windrichting","WARNDN","t.o.v. ware Noorden","NVT","NVT","NVT","NVT","Windrichting verwachting in Lucht t.o.v. ware Noorden in graad","verwachting","NVT","NVT",TRUE,FALSE,FALSE
2746,"NVT","NVT","LT","Lucht","graad","graad","WINDRTG","Windrichting","WARNDN","t.o.v. ware Noorden","NVT","NVT","NVT","NVT","Windrichting in Lucht t.o.v. ware Noorden in graad","meting","NVT","NVT",TRUE,FALSE,FALSE
2747,"NVT","NVT","LT","Lucht","graad","graad","WINDRTG_SD","Standaarddeviatie van de windrichting","NVT","NVT","NVT","NVT","NVT","NVT","Standaarddeviatie van de windrichting in Lucht in graad","meting","NVT","NVT",TRUE,FALSE,FALSE
2748,"NVT","NVT","LT","Lucht","m/s","meter per seconde","WINDSHD","Windsnelheid","MSL","t.o.v. Mean Sea Level","NVT","NVT","NVT","NVT","Windsnelheid verwachting in Lucht t.o.v. Mean Sea Level in m/s","verwachting","NVT","NVT",TRUE,FALSE,FALSE
2749,"NVT","NVT","LT","Lucht","m/s","meter per seconde","WINDSHD","Windsnelheid","MSL","t.o.v. Mean Sea Level","NVT","NVT","NVT","NVT","Windsnelheid in Lucht t.o.v. Mean Sea Level in m/s","meting","NVT","NVT",TRUE,FALSE,FALSE
2750,"NVT","NVT","LT","Lucht","m/s","meter per seconde","WINDSHD","Windsnelheid","NVT","NVT","NVT","NVT","NVT","NVT","Windsnelheid in Lucht in m/s","meting","NVT","NVT",TRUE,FALSE,FALSE
2751,"NVT","NVT","LT","Lucht","m/s","meter per seconde","WINDSHD_SD","Standaarddeviatie van de windsnelheid","NVT","NVT","NVT","NVT","NVT","NVT","Standaarddeviatie van de windsnelheid in Lucht in m/s","meting","NVT","NVT",TRUE,FALSE,FALSE
2752,"NVT","NVT","LT","Lucht","m/s","meter per seconde","WINDST","Maximale 3 seconden windstoot in de afgelopen 10 minuten","NVT","NVT","NVT","NVT","NVT","NVT","Maximale 3 seconden windstoot in de afgelopen 10 minuten in Lucht in m/s","meting","NVT","NVT",TRUE,FALSE,FALSE
2753,"NVT","NVT","LT","Lucht","graad","graad","WR1","1'- gemiddelde van de windrichting","WARNDN","t.o.v. ware Noorden","NVT","NVT","NVT","NVT","1'- gemiddelde van de windrichting in Lucht t.o.v. ware Noorden in graad","meting","NVT","NVT",TRUE,FALSE,FALSE
2754,"NVT","NVT","LT","Lucht","m/s","meter per seconde","WS1","1' scalair gemiddelde van de windsnelheid","NVT","NVT","NVT","NVT","NVT","NVT","1' scalair gemiddelde van de windsnelheid in Lucht in m/s","meting","NVT","NVT",TRUE,FALSE,FALSE
2755,"NVT","NVT","LT","Lucht","m/s","meter per seconde","WS10","10' scalair genmiddelde van de windsnelheid","NVT","NVT","NVT","NVT","NVT","NVT","10' scalair genmiddelde van de windsnelheid in Lucht in m/s","meting","NVT","NVT",TRUE,FALSE,FALSE
2756,"NVT","NVT","OW","Oppervlaktewater","dm","decimeter","ZICHT","Doorzicht","NVT","NVT","NVT","NVT","NVT","NVT","Doorzicht in Oppervlaktewater in dm","meting","NVT","NVT",TRUE,FALSE,FALSE
2757,"NVT","NVT","LT","Lucht","m","meter","ZICHT","Doorzicht","NVT","NVT","NVT","NVT","NVT","NVT","Doorzicht in Lucht in m","meting","NVT","NVT",TRUE,FALSE,FALSE
