"file_name","raw_relative_path","source_rows","valid_coordinate_rows","valid_time_rows","chlorophyll_present_rows","qc_eligible_chlorophyll_rows","usable_secondary_rows","core_usable_rows","external_transfer_usable_rows","outside_domain_usable_rows","invalid_coordinate_usable_rows","first_datetime_utc","last_datetime_utc"
"HZG-Ferrybox_Harw-CuxNR8038.nc","stage2/ds27_pangaea_ferrybox/DS27_PANGAEA_20260809T183210Z/HZG-Ferrybox_Harw-CuxNR8038.nc",5643,5643,5643,5643,5643,5643,5643,0,0,0,"2002-03-01T15:55:15Z","2002-03-02T07:39:25Z"
"HZG-Ferrybox_Cux-HarwNR8058.nc","stage2/ds27_pangaea_ferrybox/DS27_PANGAEA_20260809T183210Z/HZG-Ferrybox_Cux-HarwNR8058.nc",5661,5661,5661,5661,5661,5661,5661,0,0,0,"2002-03-02T16:51:45Z","2002-03-03T08:44:54Z"
"HZG-Ferrybox_Cux-HarwNR8098.nc","stage2/ds27_pangaea_ferrybox/DS27_PANGAEA_20260809T183210Z/HZG-Ferrybox_Cux-HarwNR8098.nc",5708,5708,5708,5708,5708,5708,5708,0,0,0,"2002-03-05T16:47:04Z","2002-03-06T08:40:25Z"
"HZG-Ferrybox_Harw-CuxNR8118.nc","stage2/ds27_pangaea_ferrybox/DS27_PANGAEA_20260809T183210Z/HZG-Ferrybox_Harw-CuxNR8118.nc",5692,5692,5692,5692,5692,5692,5692,0,0,0,"2002-03-06T15:32:25Z","2002-03-07T07:20:54Z"
"HZG-Ferrybox_Cux-HarwNR8138.nc","stage2/ds27_pangaea_ferrybox/DS27_PANGAEA_20260809T183210Z/HZG-Ferrybox_Cux-HarwNR8138.nc",5917,5917,5917,5917,5917,5917,5917,0,0,0,"2002-03-07T16:48:35Z","2002-03-08T09:14:34Z"
"HZG-Ferrybox_Cux-HarwNR8158.nc","stage2/ds27_pangaea_ferrybox/DS27_PANGAEA_20260809T183210Z/HZG-Ferrybox_Cux-HarwNR8158.nc",1371,1371,1371,1342,1342,1342,1342,0,0,0,"2002-03-11T16:40:25Z","2002-03-11T20:28:44Z"
"HZG-Ferrybox_Harw-CuxNR8178.nc","stage2/ds27_pangaea_ferrybox/DS27_PANGAEA_20260809T183210Z/HZG-Ferrybox_Harw-CuxNR8178.nc",5679,5679,5679,5679,5679,5679,5679,0,0,0,"2002-03-12T15:32:15Z","2002-03-13T07:18:36Z"
"HZG-Ferrybox_Cux-HarwNR8198.nc","stage2/ds27_pangaea_ferrybox/DS27_PANGAEA_20260809T183210Z/HZG-Ferrybox_Cux-HarwNR8198.nc",5603,5603,5603,5603,5603,5603,5603,0,0,0,"2002-03-13T17:22:06Z","2002-03-14T08:59:24Z"
"HZG-Ferrybox_Harw-CuxNR8218.nc","stage2/ds27_pangaea_ferrybox/DS27_PANGAEA_20260809T183210Z/HZG-Ferrybox_Harw-CuxNR8218.nc",6146,6146,6146,6146,6146,6146,6146,0,0,0,"2002-03-14T15:32:36Z","2002-03-15T08:36:45Z"
"HZG-Ferrybox_Cux-HarwNR8238.nc","stage2/ds27_pangaea_ferrybox/DS27_PANGAEA_20260809T183210Z/HZG-Ferrybox_Cux-HarwNR8238.nc",3551,3551,3551,3551,3551,3551,3551,0,0,0,"2002-03-15T16:48:54Z","2002-03-16T02:40:33Z"
"HZG-Ferrybox_Harw-CuxNR8258.nc","stage2/ds27_pangaea_ferrybox/DS27_PANGAEA_20260809T183210Z/HZG-Ferrybox_Harw-CuxNR8258.nc",5773,5773,5773,5773,5773,5773,5773,0,0,0,"2002-03-16T15:27:16Z","2002-03-17T07:29:15Z"
"HZG-Ferrybox_Cux-HarwNR8278.nc","stage2/ds27_pangaea_ferrybox/DS27_PANGAEA_20260809T183210Z/HZG-Ferrybox_Cux-HarwNR8278.nc",5736,5736,5736,5736,5736,5736,5736,0,0,0,"2002-03-17T16:31:56Z","2002-03-18T08:30:04Z"
"HZG-Ferrybox_Harw-CuxNR8298.nc","stage2/ds27_pangaea_ferrybox/DS27_PANGAEA_20260809T183210Z/HZG-Ferrybox_Harw-CuxNR8298.nc",5575,5575,5575,5575,5575,5575,5575,0,0,0,"2002-03-18T15:30:45Z","2002-03-19T07:03:45Z"
"HZG-Ferrybox_Cux-HarwNR8318.nc","stage2/ds27_pangaea_ferrybox/DS27_PANGAEA_20260809T183210Z/HZG-Ferrybox_Cux-HarwNR8318.nc",5727,5727,5727,5727,5727,5727,5727,0,0,0,"2002-03-19T16:49:35Z","2002-03-20T08:43:54Z"
"HZG-Ferrybox_Harw-CuxNR8338.nc","stage2/ds27_pangaea_ferrybox/DS27_PANGAEA_20260809T183210Z/HZG-Ferrybox_Harw-CuxNR8338.nc",5567,5567,5567,5567,5567,5567,5567,0,0,0,"2002-03-20T15:53:24Z","2002-03-21T07:20:04Z"
"HZG-Ferrybox_Cux-HarwNR8358.nc","stage2/ds27_pangaea_ferrybox/DS27_PANGAEA_20260809T183210Z/HZG-Ferrybox_Cux-HarwNR8358.nc",5561,5561,5561,5561,5561,5561,5561,0,0,0,"2002-03-21T17:19:35Z","2002-03-22T08:46:16Z"
"HZG-Ferrybox_Cux-HarwNR8378.nc","stage2/ds27_pangaea_ferrybox/DS27_PANGAEA_20260809T183210Z/HZG-Ferrybox_Cux-HarwNR8378.nc",1310,1310,1310,1310,1310,1310,1310,0,0,0,"2002-03-23T16:47:46Z","2002-03-23T20:25:53Z"
"HZG-Ferrybox_Harw-CuxNR8398.nc","stage2/ds27_pangaea_ferrybox/DS27_PANGAEA_20260809T183210Z/HZG-Ferrybox_Harw-CuxNR8398.nc",3123,3123,3123,3123,3123,3123,3123,0,0,0,"2002-04-01T15:28:54Z","2002-04-02T00:10:35Z"
"HZG-Ferrybox_Cux-HarwNR8418.nc","stage2/ds27_pangaea_ferrybox/DS27_PANGAEA_20260809T183210Z/HZG-Ferrybox_Cux-HarwNR8418.nc",5766,5766,5766,5766,5766,5766,5766,0,0,0,"2002-04-02T16:28:45Z","2002-04-03T08:41:34Z"
"HZG-Ferrybox_Harw-CuxNR8438.nc","stage2/ds27_pangaea_ferrybox/DS27_PANGAEA_20260809T183210Z/HZG-Ferrybox_Harw-CuxNR8438.nc",6796,6796,6796,6796,6735,6735,5914,0,821,0,"2002-04-03T14:41:26Z","2002-04-04T09:48:45Z"
"HZG-Ferrybox_Cux-HarwNR8458.nc","stage2/ds27_pangaea_ferrybox/DS27_PANGAEA_20260809T183210Z/HZG-Ferrybox_Cux-HarwNR8458.nc",5681,5681,5681,5681,5681,5681,5681,0,0,0,"2002-04-04T16:45:46Z","2002-04-05T08:32:54Z"
"HZG-Ferrybox_Harw-CuxNR8478.nc","stage2/ds27_pangaea_ferrybox/DS27_PANGAEA_20260809T183210Z/HZG-Ferrybox_Harw-CuxNR8478.nc",5599,5599,5599,5599,5599,5599,5599,0,0,0,"2002-04-05T15:39:34Z","2002-04-06T07:21:35Z"
"HZG-Ferrybox_Cux-HarwNR8498.nc","stage2/ds27_pangaea_ferrybox/DS27_PANGAEA_20260809T183210Z/HZG-Ferrybox_Cux-HarwNR8498.nc",5740,5740,5740,5740,5740,5740,5740,0,0,0,"2002-04-06T16:37:34Z","2002-04-07T08:34:04Z"
"HZG-Ferrybox_Harw-CuxNR8518.nc","stage2/ds27_pangaea_ferrybox/DS27_PANGAEA_20260809T183210Z/HZG-Ferrybox_Harw-CuxNR8518.nc",5649,5649,5649,5649,5649,5649,5649,0,0,0,"2002-04-07T15:41:34Z","2002-04-08T07:22:54Z"
"HZG-Ferrybox_Cux-HarwNR8538.nc","stage2/ds27_pangaea_ferrybox/DS27_PANGAEA_20260809T183210Z/HZG-Ferrybox_Cux-HarwNR8538.nc",1567,1567,1567,1567,1567,1567,1567,0,0,0,"2002-04-09T03:38:25Z","2002-04-09T08:35:16Z"
"HZG-Ferrybox_Cux-HarwNR8578.nc","stage2/ds27_pangaea_ferrybox/DS27_PANGAEA_20260809T183210Z/HZG-Ferrybox_Cux-HarwNR8578.nc",5071,5071,5071,5071,5071,5071,5071,0,0,0,"2002-04-10T16:41:46Z","2002-04-11T08:32:24Z"
"HZG-Ferrybox_Harw-CuxNR8598.nc","stage2/ds27_pangaea_ferrybox/DS27_PANGAEA_20260809T183210Z/HZG-Ferrybox_Harw-CuxNR8598.nc",4269,4269,4269,4269,4269,4269,4269,0,0,0,"2002-04-11T16:50:16Z","2002-04-12T08:25:34Z"
"HZG-Ferrybox_Cux-HarwNR8618.nc","stage2/ds27_pangaea_ferrybox/DS27_PANGAEA_20260809T183210Z/HZG-Ferrybox_Cux-HarwNR8618.nc",5704,5704,5704,5704,5704,5704,5704,0,0,0,"2002-04-12T16:39:44Z","2002-04-13T08:33:54Z"
"HZG-Ferrybox_Harw-CuxNR8638.nc","stage2/ds27_pangaea_ferrybox/DS27_PANGAEA_20260809T183210Z/HZG-Ferrybox_Harw-CuxNR8638.nc",5743,5743,5743,5743,5743,5743,5743,0,0,0,"2002-04-13T15:29:24Z","2002-04-14T07:26:25Z"
"HZG-Ferrybox_Cux-HarwNR8658.nc","stage2/ds27_pangaea_ferrybox/DS27_PANGAEA_20260809T183210Z/HZG-Ferrybox_Cux-HarwNR8658.nc",5694,5694,5694,5694,5694,5694,5694,0,0,0,"2002-04-14T16:47:04Z","2002-04-15T08:35:55Z"
"HZG-Ferrybox_Harw-CuxNR8678.nc","stage2/ds27_pangaea_ferrybox/DS27_PANGAEA_20260809T183210Z/HZG-Ferrybox_Harw-CuxNR8678.nc",5752,5752,5752,5752,5752,5752,5752,0,0,0,"2002-04-15T15:29:05Z","2002-04-16T07:27:35Z"
"HZG-Ferrybox_Cux-HarwNR8698.nc","stage2/ds27_pangaea_ferrybox/DS27_PANGAEA_20260809T183210Z/HZG-Ferrybox_Cux-HarwNR8698.nc",4493,4493,4493,4493,4493,4493,4493,0,0,0,"2002-04-16T16:22:25Z","2002-04-17T08:34:43Z"
"HZG-Ferrybox_Harw-CuxNR8718.nc","stage2/ds27_pangaea_ferrybox/DS27_PANGAEA_20260809T183210Z/HZG-Ferrybox_Harw-CuxNR8718.nc",4242,4242,4242,4242,4242,4242,4242,0,0,0,"2002-04-17T15:18:14Z","2002-04-18T07:28:25Z"
"HZG-Ferrybox_Cux-HarwNR8743.nc","stage2/ds27_pangaea_ferrybox/DS27_PANGAEA_20260809T183210Z/HZG-Ferrybox_Cux-HarwNR8743.nc",3222,3222,3222,3222,3222,3222,3222,0,0,0,"2002-04-18T16:30:44Z","2002-04-19T08:29:06Z"
"HZG-Ferrybox_Harw-CuxNR8749.nc","stage2/ds27_pangaea_ferrybox/DS27_PANGAEA_20260809T183210Z/HZG-Ferrybox_Harw-CuxNR8749.nc",5215,5215,5215,5215,5215,5215,5215,0,0,0,"2002-04-19T15:29:44Z","2002-04-20T07:25:55Z"
"HZG-Ferrybox_Cux-HarwNR8755.nc","stage2/ds27_pangaea_ferrybox/DS27_PANGAEA_20260809T183210Z/HZG-Ferrybox_Cux-HarwNR8755.nc",5254,5254,5254,5254,5254,5254,5254,0,0,0,"2002-04-20T16:27:35Z","2002-04-21T08:31:56Z"
"HZG-Ferrybox_Harw-CuxNR8761.nc","stage2/ds27_pangaea_ferrybox/DS27_PANGAEA_20260809T183210Z/HZG-Ferrybox_Harw-CuxNR8761.nc",5099,5099,5099,5099,5099,5099,5099,0,0,0,"2002-04-21T15:30:25Z","2002-04-22T07:26:15Z"
"HZG-Ferrybox_Cux-HarwNR8767.nc","stage2/ds27_pangaea_ferrybox/DS27_PANGAEA_20260809T183210Z/HZG-Ferrybox_Cux-HarwNR8767.nc",5284,5284,5284,5284,5284,5284,5284,0,0,0,"2002-04-22T16:30:55Z","2002-04-23T08:34:43Z"
"HZG-Ferrybox_Harw-CuxNR8773.nc","stage2/ds27_pangaea_ferrybox/DS27_PANGAEA_20260809T183210Z/HZG-Ferrybox_Harw-CuxNR8773.nc",5214,5214,5214,5214,5214,5214,5214,0,0,0,"2002-04-23T15:35:35Z","2002-04-24T07:23:05Z"
"HZG-Ferrybox_Cux-HarwNR8779.nc","stage2/ds27_pangaea_ferrybox/DS27_PANGAEA_20260809T183210Z/HZG-Ferrybox_Cux-HarwNR8779.nc",5234,5234,5234,5234,5234,5234,5234,0,0,0,"2002-04-24T16:32:56Z","2002-04-25T08:27:45Z"
"HZG-Ferrybox_Harw-CuxNR8798.nc","stage2/ds27_pangaea_ferrybox/DS27_PANGAEA_20260809T183210Z/HZG-Ferrybox_Harw-CuxNR8798.nc",5015,5015,5015,5015,5015,5015,5015,0,0,0,"2002-04-25T15:29:44Z","2002-04-26T07:23:55Z"
"HZG-Ferrybox_Cux-HarwNR8818.nc","stage2/ds27_pangaea_ferrybox/DS27_PANGAEA_20260809T183210Z/HZG-Ferrybox_Cux-HarwNR8818.nc",5315,5315,5315,5315,5315,5315,5315,0,0,0,"2002-04-26T16:30:55Z","2002-04-27T08:43:06Z"
"HZG-Ferrybox_Harw-CuxNR8838.nc","stage2/ds27_pangaea_ferrybox/DS27_PANGAEA_20260809T183210Z/HZG-Ferrybox_Harw-CuxNR8838.nc",5034,5034,5034,5034,5034,5034,5034,0,0,0,"2002-04-27T15:34:05Z","2002-04-28T07:35:14Z"
"HZG-Ferrybox_Cux-HarwNR8858.nc","stage2/ds27_pangaea_ferrybox/DS27_PANGAEA_20260809T183210Z/HZG-Ferrybox_Cux-HarwNR8858.nc",5193,5193,5193,5193,5193,5193,5193,0,0,0,"2002-04-28T16:28:53Z","2002-04-29T08:44:36Z"
"HZG-Ferrybox_Harw-CuxNR8878.nc","stage2/ds27_pangaea_ferrybox/DS27_PANGAEA_20260809T183210Z/HZG-Ferrybox_Harw-CuxNR8878.nc",5234,5234,5234,5234,5234,5234,5234,0,0,0,"2002-04-29T15:25:05Z","2002-04-30T07:28:44Z"
"HZG-Ferrybox_Cux-HarwNR8898.nc","stage2/ds27_pangaea_ferrybox/DS27_PANGAEA_20260809T183210Z/HZG-Ferrybox_Cux-HarwNR8898.nc",3291,3291,3291,3291,3291,3291,3291,0,0,0,"2002-04-30T22:05:05Z","2002-05-01T08:34:34Z"
"HZG-Ferrybox_Harw-CuxNR8918.nc","stage2/ds27_pangaea_ferrybox/DS27_PANGAEA_20260809T183210Z/HZG-Ferrybox_Harw-CuxNR8918.nc",5084,5084,5084,5084,5084,5084,5084,0,0,0,"2002-05-01T15:30:54Z","2002-05-02T07:27:54Z"
"HZG-Ferrybox_Cux-HarwNR8938.nc","stage2/ds27_pangaea_ferrybox/DS27_PANGAEA_20260809T183210Z/HZG-Ferrybox_Cux-HarwNR8938.nc",5019,5019,5019,5019,5019,5019,5019,0,0,0,"2002-05-02T17:04:06Z","2002-05-03T08:41:55Z"
"HZG-Ferrybox_Harw-CuxNR8958.nc","stage2/ds27_pangaea_ferrybox/DS27_PANGAEA_20260809T183210Z/HZG-Ferrybox_Harw-CuxNR8958.nc",5053,5053,5053,5053,5053,5053,5053,0,0,0,"2002-05-03T15:34:05Z","2002-05-04T07:21:25Z"
"HZG-Ferrybox_Cux-HarwNR8978.nc","stage2/ds27_pangaea_ferrybox/DS27_PANGAEA_20260809T183210Z/HZG-Ferrybox_Cux-HarwNR8978.nc",3026,3026,3026,3026,3026,3026,3026,0,0,0,"2002-05-04T23:16:56Z","2002-05-05T08:35:33Z"
"HZG-Ferrybox_Harw-CuxNR9038.nc","stage2/ds27_pangaea_ferrybox/DS27_PANGAEA_20260809T183210Z/HZG-Ferrybox_Harw-CuxNR9038.nc",5009,5009,5009,5009,5009,5009,5009,0,0,0,"2002-05-07T15:44:15Z","2002-05-08T07:18:23Z"
"HZG-Ferrybox_Cux-HarwNR11618.nc","stage2/ds27_pangaea_ferrybox/DS27_PANGAEA_20260809T183210Z/HZG-Ferrybox_Cux-HarwNR11618.nc",5641,5641,5641,5641,5641,5641,5641,0,0,0,"2002-05-08T16:54:26Z","2002-05-09T08:34:25Z"
"HZG-Ferrybox_Harw-CuxNR10974.nc","stage2/ds27_pangaea_ferrybox/DS27_PANGAEA_20260809T183210Z/HZG-Ferrybox_Harw-CuxNR10974.nc",5689,5689,5689,5689,5689,5689,5689,0,0,0,"2002-05-09T15:34:13Z","2002-05-10T07:22:15Z"
"HZG-Ferrybox_Cux-HarwNR10975.nc","stage2/ds27_pangaea_ferrybox/DS27_PANGAEA_20260809T183210Z/HZG-Ferrybox_Cux-HarwNR10975.nc",5759,5759,5759,5759,5759,5759,5759,0,0,0,"2002-05-10T16:38:34Z","2002-05-11T08:38:14Z"
"HZG-Ferrybox_Harw-CuxNR10976.nc","stage2/ds27_pangaea_ferrybox/DS27_PANGAEA_20260809T183210Z/HZG-Ferrybox_Harw-CuxNR10976.nc",5721,5721,5721,5721,5721,5721,5721,0,0,0,"2002-05-11T15:29:04Z","2002-05-12T07:21:25Z"
"HZG-Ferrybox_Cux-HarwNR10977.nc","stage2/ds27_pangaea_ferrybox/DS27_PANGAEA_20260809T183210Z/HZG-Ferrybox_Cux-HarwNR10977.nc",5685,5685,5685,5685,5685,5685,5685,0,0,0,"2002-05-12T16:42:54Z","2002-05-13T08:30:13Z"
"HZG-Ferrybox_Harw-CuxNR10978.nc","stage2/ds27_pangaea_ferrybox/DS27_PANGAEA_20260809T183210Z/HZG-Ferrybox_Harw-CuxNR10978.nc",5684,5684,5684,5684,5684,5684,5684,0,0,0,"2002-05-13T15:33:35Z","2002-05-14T07:20:46Z"
"HZG-Ferrybox_Cux-HarwNR10979.nc","stage2/ds27_pangaea_ferrybox/DS27_PANGAEA_20260809T183210Z/HZG-Ferrybox_Cux-HarwNR10979.nc",5709,5709,5709,5709,5709,5709,5709,0,0,0,"2002-05-14T16:43:25Z","2002-05-15T08:34:45Z"
"HZG-Ferrybox_Harw-CuxNR10980.nc","stage2/ds27_pangaea_ferrybox/DS27_PANGAEA_20260809T183210Z/HZG-Ferrybox_Harw-CuxNR10980.nc",5686,5686,5686,5686,5686,5686,5686,0,0,0,"2002-05-15T15:34:16Z","2002-05-16T07:21:45Z"
"HZG-Ferrybox_Cux-HarwNR10981.nc","stage2/ds27_pangaea_ferrybox/DS27_PANGAEA_20260809T183210Z/HZG-Ferrybox_Cux-HarwNR10981.nc",5613,5613,5613,5613,5613,5613,5613,0,0,0,"2002-05-16T17:37:24Z","2002-05-17T09:12:44Z"
"HZG-Ferrybox_Harw-CuxNR10982.nc","stage2/ds27_pangaea_ferrybox/DS27_PANGAEA_20260809T183210Z/HZG-Ferrybox_Harw-CuxNR10982.nc",5721,5721,5721,5721,5721,5721,5721,0,0,0,"2002-05-17T15:32:45Z","2002-05-18T07:26:05Z"
"HZG-Ferrybox_Cux-HarwNR10983.nc","stage2/ds27_pangaea_ferrybox/DS27_PANGAEA_20260809T183210Z/HZG-Ferrybox_Cux-HarwNR10983.nc",5757,5757,5757,5757,5757,5757,5757,0,0,0,"2002-05-18T16:37:44Z","2002-05-19T08:37:04Z"
"HZG-Ferrybox_Harw-CuxNR10984.nc","stage2/ds27_pangaea_ferrybox/DS27_PANGAEA_20260809T183210Z/HZG-Ferrybox_Harw-CuxNR10984.nc",5687,5687,5687,5687,5687,5687,5687,0,0,0,"2002-05-19T15:32:36Z","2002-05-20T07:20:15Z"
"HZG-Ferrybox_Cux-HarwNR10985.nc","stage2/ds27_pangaea_ferrybox/DS27_PANGAEA_20260809T183210Z/HZG-Ferrybox_Cux-HarwNR10985.nc",5712,5712,5712,5712,5712,5712,5712,0,0,0,"2002-05-20T16:36:43Z","2002-05-21T08:33:54Z"
"HZG-Ferrybox_Harw-CuxNR10986.nc","stage2/ds27_pangaea_ferrybox/DS27_PANGAEA_20260809T183210Z/HZG-Ferrybox_Harw-CuxNR10986.nc",5718,5718,5718,5718,5718,5718,5718,0,0,0,"2002-05-21T15:30:36Z","2002-05-22T07:23:24Z"
"HZG-Ferrybox_Cux-HarwNR10998.nc","stage2/ds27_pangaea_ferrybox/DS27_PANGAEA_20260809T183210Z/HZG-Ferrybox_Cux-HarwNR10998.nc",5564,5564,5564,5564,5564,5564,5564,0,0,0,"2002-05-22T17:04:45Z","2002-05-23T08:31:53Z"
"HZG-Ferrybox_Harw-CuxNR11018.nc","stage2/ds27_pangaea_ferrybox/DS27_PANGAEA_20260809T183210Z/HZG-Ferrybox_Harw-CuxNR11018.nc",5676,5676,5676,5676,5676,5676,5676,0,0,0,"2002-05-23T15:36:35Z","2002-05-24T07:22:25Z"
"HZG-Ferrybox_Cux-HarwNR11038.nc","stage2/ds27_pangaea_ferrybox/DS27_PANGAEA_20260809T183210Z/HZG-Ferrybox_Cux-HarwNR11038.nc",5756,5756,5756,5756,5756,5756,5756,0,0,0,"2002-05-24T16:30:36Z","2002-05-25T08:29:45Z"
"HZG-Ferrybox_Harw-CuxNR11058.nc","stage2/ds27_pangaea_ferrybox/DS27_PANGAEA_20260809T183210Z/HZG-Ferrybox_Harw-CuxNR11058.nc",5684,5684,5684,5684,5684,5684,5684,0,0,0,"2002-05-25T15:32:05Z","2002-05-26T07:19:13Z"
"HZG-Ferrybox_Cux-HarwNR11078.nc","stage2/ds27_pangaea_ferrybox/DS27_PANGAEA_20260809T183210Z/HZG-Ferrybox_Cux-HarwNR11078.nc",5744,5744,5744,5744,5744,5744,5744,0,0,0,"2002-05-26T16:29:04Z","2002-05-27T08:26:15Z"
"HZG-Ferrybox_Harw-CuxNR11098.nc","stage2/ds27_pangaea_ferrybox/DS27_PANGAEA_20260809T183210Z/HZG-Ferrybox_Harw-CuxNR11098.nc",5702,5702,5702,5702,5702,5702,5702,0,0,0,"2002-05-27T15:26:04Z","2002-05-28T07:27:05Z"
"HZG-Ferrybox_Cux-HarwNR11118.nc","stage2/ds27_pangaea_ferrybox/DS27_PANGAEA_20260809T183210Z/HZG-Ferrybox_Cux-HarwNR11118.nc",5723,5723,5723,5723,5723,5723,5723,0,0,0,"2002-05-28T16:31:26Z","2002-05-29T08:25:14Z"
"HZG-Ferrybox_Harw-CuxNR11138.nc","stage2/ds27_pangaea_ferrybox/DS27_PANGAEA_20260809T183210Z/HZG-Ferrybox_Harw-CuxNR11138.nc",5740,5740,5740,5740,5740,5740,5740,0,0,0,"2002-05-29T15:30:25Z","2002-05-30T07:26:56Z"
"HZG-Ferrybox_Cux-HarwNR11158.nc","stage2/ds27_pangaea_ferrybox/DS27_PANGAEA_20260809T183210Z/HZG-Ferrybox_Cux-HarwNR11158.nc",5591,5591,5591,5591,5591,5591,5591,0,0,0,"2002-05-30T17:05:06Z","2002-05-31T08:36:45Z"
"HZG-Ferrybox_Harw-CuxNR11178.nc","stage2/ds27_pangaea_ferrybox/DS27_PANGAEA_20260809T183210Z/HZG-Ferrybox_Harw-CuxNR11178.nc",5743,5743,5743,5743,5743,5743,5743,0,0,0,"2002-05-31T15:33:23Z","2002-06-01T07:30:25Z"
"HZG-Ferrybox_Cux-HarwNR11198.nc","stage2/ds27_pangaea_ferrybox/DS27_PANGAEA_20260809T183210Z/HZG-Ferrybox_Cux-HarwNR11198.nc",5631,5631,5631,5631,5631,5631,5631,0,0,0,"2002-06-01T16:47:35Z","2002-06-02T08:25:57Z"
"HZG-Ferrybox_Harw-CuxNR11218.nc","stage2/ds27_pangaea_ferrybox/DS27_PANGAEA_20260809T183210Z/HZG-Ferrybox_Harw-CuxNR11218.nc",5740,5740,5740,5740,5740,5740,5740,0,0,0,"2002-06-02T15:29:13Z","2002-06-03T07:25:44Z"
"HZG-Ferrybox_Cux-HarwNR11238.nc","stage2/ds27_pangaea_ferrybox/DS27_PANGAEA_20260809T183210Z/HZG-Ferrybox_Cux-HarwNR11238.nc",5725,5725,5725,5725,5725,5725,5725,0,0,0,"2002-06-03T16:43:16Z","2002-06-04T08:37:13Z"
"HZG-Ferrybox_Harw-CuxNR11258.nc","stage2/ds27_pangaea_ferrybox/DS27_PANGAEA_20260809T183210Z/HZG-Ferrybox_Harw-CuxNR11258.nc",5735,5735,5735,5735,5735,5735,5735,0,0,0,"2002-06-04T15:29:13Z","2002-06-05T07:24:54Z"
"HZG-Ferrybox_Cux-HarwNR11278.nc","stage2/ds27_pangaea_ferrybox/DS27_PANGAEA_20260809T183210Z/HZG-Ferrybox_Cux-HarwNR11278.nc",5680,5680,5680,5680,5680,5680,5680,0,0,0,"2002-06-05T16:44:25Z","2002-06-06T08:30:55Z"
"HZG-Ferrybox_Harw-CuxNR11298.nc","stage2/ds27_pangaea_ferrybox/DS27_PANGAEA_20260809T183210Z/HZG-Ferrybox_Harw-CuxNR11298.nc",5724,5724,5724,5724,5724,5724,5724,0,0,0,"2002-06-06T15:29:36Z","2002-06-07T07:23:24Z"
"HZG-Ferrybox_Cux-HarwNR11318.nc","stage2/ds27_pangaea_ferrybox/DS27_PANGAEA_20260809T183210Z/HZG-Ferrybox_Cux-HarwNR11318.nc",5717,5717,5717,5717,5717,5717,5717,0,0,0,"2002-06-07T16:40:56Z","2002-06-08T08:33:36Z"
"HZG-Ferrybox_Harw-CuxNR11338.nc","stage2/ds27_pangaea_ferrybox/DS27_PANGAEA_20260809T183210Z/HZG-Ferrybox_Harw-CuxNR11338.nc",5604,5604,5604,5604,5604,5604,5604,0,0,0,"2002-06-08T15:35:35Z","2002-06-09T07:25:44Z"
"HZG-Ferrybox_Cux-HarwNR11358.nc","stage2/ds27_pangaea_ferrybox/DS27_PANGAEA_20260809T183210Z/HZG-Ferrybox_Cux-HarwNR11358.nc",5685,5685,5685,5685,5685,5685,5685,0,0,0,"2002-06-09T16:45:46Z","2002-06-10T08:33:04Z"
"HZG-Ferrybox_Harw-CuxNR11378.nc","stage2/ds27_pangaea_ferrybox/DS27_PANGAEA_20260809T183210Z/HZG-Ferrybox_Harw-CuxNR11378.nc",5731,5731,5731,5731,5731,5731,5731,0,0,0,"2002-06-10T15:31:44Z","2002-06-11T07:26:45Z"
"HZG-Ferrybox_Cux-HarwNR11398.nc","stage2/ds27_pangaea_ferrybox/DS27_PANGAEA_20260809T183210Z/HZG-Ferrybox_Cux-HarwNR11398.nc",5726,5726,5726,5726,5726,5726,5726,0,0,0,"2002-06-11T16:34:54Z","2002-06-12T08:29:06Z"
"HZG-Ferrybox_Harw-CuxNR11418.nc","stage2/ds27_pangaea_ferrybox/DS27_PANGAEA_20260809T183210Z/HZG-Ferrybox_Harw-CuxNR11418.nc",5762,5762,5762,5762,5762,5762,5762,0,0,0,"2002-06-12T15:26:26Z","2002-06-13T07:26:34Z"
"HZG-Ferrybox_Cux-HarwNR11438.nc","stage2/ds27_pangaea_ferrybox/DS27_PANGAEA_20260809T183210Z/HZG-Ferrybox_Cux-HarwNR11438.nc",5717,5717,5717,5717,5717,5717,5717,0,0,0,"2002-06-13T17:14:45Z","2002-06-14T09:07:24Z"
"HZG-Ferrybox_Harw-CuxNR11458.nc","stage2/ds27_pangaea_ferrybox/DS27_PANGAEA_20260809T183210Z/HZG-Ferrybox_Harw-CuxNR11458.nc",5643,5643,5643,5643,5643,5643,5643,0,0,0,"2002-06-14T15:42:44Z","2002-06-15T07:23:05Z"
"HZG-Ferrybox_Cux-HarwNR11478.nc","stage2/ds27_pangaea_ferrybox/DS27_PANGAEA_20260809T183210Z/HZG-Ferrybox_Cux-HarwNR11478.nc",5779,5779,5779,5779,5779,5779,5779,0,0,0,"2002-06-15T16:31:34Z","2002-06-16T08:34:43Z"
"HZG-Ferrybox_Harw-CuxNR11498.nc","stage2/ds27_pangaea_ferrybox/DS27_PANGAEA_20260809T183210Z/HZG-Ferrybox_Harw-CuxNR11498.nc",5669,5669,5669,5669,5669,5669,5669,0,0,0,"2002-06-16T15:38:25Z","2002-06-17T07:22:15Z"
"HZG-Ferrybox_Cux-HarwNR11518.nc","stage2/ds27_pangaea_ferrybox/DS27_PANGAEA_20260809T183210Z/HZG-Ferrybox_Cux-HarwNR11518.nc",5728,5728,5728,5728,5728,5728,5728,0,0,0,"2002-06-17T16:39:24Z","2002-06-18T08:34:06Z"
"HZG-Ferrybox_Harw-CuxNR11538.nc","stage2/ds27_pangaea_ferrybox/DS27_PANGAEA_20260809T183210Z/HZG-Ferrybox_Harw-CuxNR11538.nc",5691,5691,5691,5691,5691,5691,5691,0,0,0,"2002-06-18T15:35:35Z","2002-06-19T07:23:55Z"
"HZG-Ferrybox_Cux-HarwNR11558.nc","stage2/ds27_pangaea_ferrybox/DS27_PANGAEA_20260809T183210Z/HZG-Ferrybox_Cux-HarwNR11558.nc",5600,5600,5600,5600,5600,5600,5600,0,0,0,"2002-06-19T17:00:53Z","2002-06-20T08:34:04Z"
"HZG-Ferrybox_Cux-HarwNR11578.nc","stage2/ds27_pangaea_ferrybox/DS27_PANGAEA_20260809T183210Z/HZG-Ferrybox_Cux-HarwNR11578.nc",3531,3531,3531,3531,3470,3470,3470,0,0,0,"2002-06-23T20:04:05Z","2002-06-24T06:09:35Z"
"HZG-Ferrybox_Harw-CuxNR11638.nc","stage2/ds27_pangaea_ferrybox/DS27_PANGAEA_20260809T183210Z/HZG-Ferrybox_Harw-CuxNR11638.nc",5189,5189,5189,5189,5133,5133,5133,0,0,0,"2002-06-24T16:15:44Z","2002-06-25T07:22:15Z"
"HZG-Ferrybox_Harw-CuxNR9078.nc","stage2/ds27_pangaea_ferrybox/DS27_PANGAEA_20260809T183210Z/HZG-Ferrybox_Harw-CuxNR9078.nc",5748,5748,5748,5748,5748,5748,5748,0,0,0,"2002-06-26T13:24:56Z","2002-06-27T05:22:44Z"
"HZG-Ferrybox_Cux-HarwNR9098.nc","stage2/ds27_pangaea_ferrybox/DS27_PANGAEA_20260809T183210Z/HZG-Ferrybox_Cux-HarwNR9098.nc",5773,5773,5773,5773,5773,5773,5773,0,0,0,"2002-06-27T14:51:36Z","2002-06-28T06:53:34Z"
"HZG-Ferrybox_Harw-CuxNR9118.nc","stage2/ds27_pangaea_ferrybox/DS27_PANGAEA_20260809T183210Z/HZG-Ferrybox_Harw-CuxNR9118.nc",5776,5776,5776,5776,5776,5776,5776,0,0,0,"2002-06-28T13:26:06Z","2002-06-29T05:28:35Z"
"HZG-Ferrybox_Cux-HarwNR9138.nc","stage2/ds27_pangaea_ferrybox/DS27_PANGAEA_20260809T183210Z/HZG-Ferrybox_Cux-HarwNR9138.nc",5722,5722,5722,5722,5722,5722,5722,0,0,0,"2002-06-29T14:37:55Z","2002-06-30T06:31:24Z"
"HZG-Ferrybox_Harw-CuxNR9158.nc","stage2/ds27_pangaea_ferrybox/DS27_PANGAEA_20260809T183210Z/HZG-Ferrybox_Harw-CuxNR9158.nc",5600,5600,5600,5600,5600,5600,5600,0,0,0,"2002-06-30T13:35:05Z","2002-07-01T05:22:25Z"
"HZG-Ferrybox_Harw-CuxNR9178.nc","stage2/ds27_pangaea_ferrybox/DS27_PANGAEA_20260809T183210Z/HZG-Ferrybox_Harw-CuxNR9178.nc",5698,5698,5698,5698,5698,5698,5698,0,0,0,"2002-07-02T13:32:05Z","2002-07-03T05:21:36Z"
"HZG-Ferrybox_Cux-HarwNR9198.nc","stage2/ds27_pangaea_ferrybox/DS27_PANGAEA_20260809T183210Z/HZG-Ferrybox_Cux-HarwNR9198.nc",5581,5581,5581,5581,5581,5581,5581,0,0,0,"2002-07-03T15:11:55Z","2002-07-04T06:43:14Z"
"HZG-Ferrybox_Harw-CuxNR9218.nc","stage2/ds27_pangaea_ferrybox/DS27_PANGAEA_20260809T183210Z/HZG-Ferrybox_Harw-CuxNR9218.nc",5716,5716,5716,5716,5716,5716,5716,0,0,0,"2002-07-04T13:29:43Z","2002-07-05T05:23:06Z"
"HZG-Ferrybox_Cux-HarwNR9238.nc","stage2/ds27_pangaea_ferrybox/DS27_PANGAEA_20260809T183210Z/HZG-Ferrybox_Cux-HarwNR9238.nc",5499,5499,5499,5499,5499,5499,5499,0,0,0,"2002-07-05T17:01:15Z","2002-07-06T08:18:26Z"
"HZG-Ferrybox_Harw-CuxNR9258.nc","stage2/ds27_pangaea_ferrybox/DS27_PANGAEA_20260809T183210Z/HZG-Ferrybox_Harw-CuxNR9258.nc",5507,5507,5507,5507,5507,5507,5507,0,0,0,"2002-07-06T14:02:14Z","2002-07-07T05:20:44Z"
"HZG-Ferrybox_Cux-HarwNR9278.nc","stage2/ds27_pangaea_ferrybox/DS27_PANGAEA_20260809T183210Z/HZG-Ferrybox_Cux-HarwNR9278.nc",5559,5559,5559,5559,5559,5559,5559,0,0,0,"2002-07-07T15:07:05Z","2002-07-08T06:36:04Z"
"HZG-Ferrybox_Harw-CuxNR9298.nc","stage2/ds27_pangaea_ferrybox/DS27_PANGAEA_20260809T183210Z/HZG-Ferrybox_Harw-CuxNR9298.nc",5705,5705,5705,5705,5705,5705,5705,0,0,0,"2002-07-08T13:30:05Z","2002-07-09T05:21:34Z"
"HZG-Ferrybox_Cux-HarwNR9318.nc","stage2/ds27_pangaea_ferrybox/DS27_PANGAEA_20260809T183210Z/HZG-Ferrybox_Cux-HarwNR9318.nc",5686,5686,5686,5686,5686,5686,5686,0,0,0,"2002-07-09T14:42:05Z","2002-07-10T06:30:14Z"
"HZG-Ferrybox_Harw-CuxNR9338.nc","stage2/ds27_pangaea_ferrybox/DS27_PANGAEA_20260809T183210Z/HZG-Ferrybox_Harw-CuxNR9338.nc",5650,5650,5650,5650,5650,5650,5650,0,0,0,"2002-07-10T13:43:55Z","2002-07-11T05:26:04Z"
"HZG-Ferrybox_Harw-CuxNR9363.nc","stage2/ds27_pangaea_ferrybox/DS27_PANGAEA_20260809T183210Z/HZG-Ferrybox_Harw-CuxNR9363.nc",5586,5586,5586,5586,5586,5586,5586,0,0,0,"2002-07-14T13:53:34Z","2002-07-15T05:25:03Z"
"HZG-Ferrybox_Cux-HarwNR9364.nc","stage2/ds27_pangaea_ferrybox/DS27_PANGAEA_20260809T183210Z/HZG-Ferrybox_Cux-HarwNR9364.nc",5683,5683,5683,5683,5683,5683,5683,0,0,0,"2002-07-15T14:44:04Z","2002-07-16T06:32:25Z"
"HZG-Ferrybox_Cux-HarwNR9365.nc","stage2/ds27_pangaea_ferrybox/DS27_PANGAEA_20260809T183210Z/HZG-Ferrybox_Cux-HarwNR9365.nc",5338,5338,5338,5338,5338,5338,5338,0,0,0,"2002-07-19T15:52:14Z","2002-07-20T07:11:04Z"
"HZG-Ferrybox_Harw-CuxNR9371.nc","stage2/ds27_pangaea_ferrybox/DS27_PANGAEA_20260809T183210Z/HZG-Ferrybox_Harw-CuxNR9371.nc",5671,5671,5671,5671,5671,5671,5671,0,0,0,"2002-07-30T13:43:04Z","2002-07-31T05:28:55Z"
"HZG-Ferrybox_Cux-HarwNR9377.nc","stage2/ds27_pangaea_ferrybox/DS27_PANGAEA_20260809T183210Z/HZG-Ferrybox_Cux-HarwNR9377.nc",5719,5719,5719,5719,5719,5719,5719,0,0,0,"2002-07-31T14:39:46Z","2002-08-01T06:34:24Z"
"HZG-Ferrybox_Harw-CuxNR9383.nc","stage2/ds27_pangaea_ferrybox/DS27_PANGAEA_20260809T183210Z/HZG-Ferrybox_Harw-CuxNR9383.nc",5664,5664,5664,5664,5664,5664,5664,0,0,0,"2002-08-01T13:37:24Z","2002-08-02T05:23:23Z"
"HZG-Ferrybox_Cux-HarwNR9389.nc","stage2/ds27_pangaea_ferrybox/DS27_PANGAEA_20260809T183210Z/HZG-Ferrybox_Cux-HarwNR9389.nc",5339,5339,5339,5339,5339,5339,5339,0,0,0,"2002-08-02T16:08:36Z","2002-08-03T07:08:46Z"
"HZG-Ferrybox_Harw-CuxNR9395.nc","stage2/ds27_pangaea_ferrybox/DS27_PANGAEA_20260809T183210Z/HZG-Ferrybox_Harw-CuxNR9395.nc",5651,5651,5651,5650,5650,5650,5650,0,0,0,"2002-08-03T13:40:53Z","2002-08-04T05:23:24Z"
"HZG-Ferrybox_Cux-HarwNR9401.nc","stage2/ds27_pangaea_ferrybox/DS27_PANGAEA_20260809T183210Z/HZG-Ferrybox_Cux-HarwNR9401.nc",5610,5610,5610,5610,5610,5610,5610,0,0,0,"2002-08-04T14:52:25Z","2002-08-05T06:29:04Z"
"HZG-Ferrybox_Cux-HarwNR9402.nc","stage2/ds27_pangaea_ferrybox/DS27_PANGAEA_20260809T183210Z/HZG-Ferrybox_Cux-HarwNR9402.nc",5509,5509,5509,5509,5509,5509,5509,0,0,0,"2002-08-06T15:09:44Z","2002-08-07T06:28:34Z"
"HZG-Ferrybox_Harw-CuxNR9403.nc","stage2/ds27_pangaea_ferrybox/DS27_PANGAEA_20260809T183210Z/HZG-Ferrybox_Harw-CuxNR9403.nc",5709,5709,5709,5709,5709,5709,5709,0,0,0,"2002-08-07T13:32:35Z","2002-08-08T05:24:45Z"
"HZG-Ferrybox_Cux-HarwNR9404.nc","stage2/ds27_pangaea_ferrybox/DS27_PANGAEA_20260809T183210Z/HZG-Ferrybox_Cux-HarwNR9404.nc",5686,5686,5686,5686,5686,5686,5686,0,0,0,"2002-08-10T14:41:45Z","2002-08-11T06:29:24Z"
"HZG-Ferrybox_Harw-CuxNR9418.nc","stage2/ds27_pangaea_ferrybox/DS27_PANGAEA_20260809T183210Z/HZG-Ferrybox_Harw-CuxNR9418.nc",5696,5696,5696,5696,5696,5696,5696,0,0,0,"2002-08-11T13:36:45Z","2002-08-12T05:25:53Z"
"HZG-Ferrybox_Cux-HarwNR9438.nc","stage2/ds27_pangaea_ferrybox/DS27_PANGAEA_20260809T183210Z/HZG-Ferrybox_Cux-HarwNR9438.nc",5627,5627,5627,5627,5627,5627,5627,0,0,0,"2002-08-12T15:03:45Z","2002-08-13T06:41:24Z"
"HZG-Ferrybox_Harw-CuxNR9458.nc","stage2/ds27_pangaea_ferrybox/DS27_PANGAEA_20260809T183210Z/HZG-Ferrybox_Harw-CuxNR9458.nc",5676,5676,5676,5676,5676,5676,5676,0,0,0,"2002-08-13T13:41:15Z","2002-08-14T05:27:04Z"
"HZG-Ferrybox_Cux-HarwNR9478.nc","stage2/ds27_pangaea_ferrybox/DS27_PANGAEA_20260809T183210Z/HZG-Ferrybox_Cux-HarwNR9478.nc",5662,5662,5662,5662,5662,5662,5662,0,0,0,"2002-08-14T14:55:55Z","2002-08-15T06:39:26Z"
"HZG-Ferrybox_Harw-CuxNR9498.nc","stage2/ds27_pangaea_ferrybox/DS27_PANGAEA_20260809T183210Z/HZG-Ferrybox_Harw-CuxNR9498.nc",5713,5713,5713,5713,5713,5713,5713,0,0,0,"2002-08-15T13:34:24Z","2002-08-16T05:27:04Z"
"HZG-Ferrybox_Cux-HarwNR9518.nc","stage2/ds27_pangaea_ferrybox/DS27_PANGAEA_20260809T183210Z/HZG-Ferrybox_Cux-HarwNR9518.nc",5610,5610,5610,5610,5610,5610,5610,0,0,0,"2002-08-16T14:48:15Z","2002-08-17T06:36:13Z"
"HZG-Ferrybox_Harw-CuxNR9538.nc","stage2/ds27_pangaea_ferrybox/DS27_PANGAEA_20260809T183210Z/HZG-Ferrybox_Harw-CuxNR9538.nc",5600,5600,5600,5600,5600,5600,5600,0,0,0,"2002-08-17T13:53:34Z","2002-08-18T05:26:43Z"
"HZG-Ferrybox_Cux-HarwNR9558.nc","stage2/ds27_pangaea_ferrybox/DS27_PANGAEA_20260809T183210Z/HZG-Ferrybox_Cux-HarwNR9558.nc",5728,5728,5728,5728,5728,5728,5728,0,0,0,"2002-08-18T14:37:13Z","2002-08-19T06:31:43Z"
"HZG-Ferrybox_Harw-CuxNR9578.nc","stage2/ds27_pangaea_ferrybox/DS27_PANGAEA_20260809T183210Z/HZG-Ferrybox_Harw-CuxNR9578.nc",5729,5729,5729,5729,5729,5729,5729,0,0,0,"2002-08-19T13:30:25Z","2002-08-20T05:25:03Z"
"HZG-Ferrybox_Cux-HarwNR9598.nc","stage2/ds27_pangaea_ferrybox/DS27_PANGAEA_20260809T183210Z/HZG-Ferrybox_Cux-HarwNR9598.nc",5772,5772,5772,5772,5772,5772,5772,0,0,0,"2002-08-20T14:28:35Z","2002-08-21T06:30:26Z"
"HZG-Ferrybox_Harw-CuxNR9618.nc","stage2/ds27_pangaea_ferrybox/DS27_PANGAEA_20260809T183210Z/HZG-Ferrybox_Harw-CuxNR9618.nc",5666,5666,5666,5666,5666,5666,5666,0,0,0,"2002-08-21T13:33:56Z","2002-08-22T05:28:05Z"
"HZG-Ferrybox_Cux-HarwNR9638.nc","stage2/ds27_pangaea_ferrybox/DS27_PANGAEA_20260809T183210Z/HZG-Ferrybox_Cux-HarwNR9638.nc",5578,5578,5578,5578,5578,5578,5578,0,0,0,"2002-08-22T14:58:14Z","2002-08-23T06:27:44Z"
"HZG-Ferrybox_Harw-CuxNR9658.nc","stage2/ds27_pangaea_ferrybox/DS27_PANGAEA_20260809T183210Z/HZG-Ferrybox_Harw-CuxNR9658.nc",5714,5714,5714,5714,5714,5714,5714,0,0,0,"2002-08-23T13:24:45Z","2002-08-24T05:25:03Z"
"HZG-Ferrybox_Cux-HarwNR9678.nc","stage2/ds27_pangaea_ferrybox/DS27_PANGAEA_20260809T183210Z/HZG-Ferrybox_Cux-HarwNR9678.nc",5396,5396,5396,5396,5396,5396,5396,0,0,0,"2002-08-24T15:36:04Z","2002-08-25T06:35:15Z"
"HZG-Ferrybox_Harw-CuxNR9698.nc","stage2/ds27_pangaea_ferrybox/DS27_PANGAEA_20260809T183210Z/HZG-Ferrybox_Harw-CuxNR9698.nc",5753,5753,5753,5753,5753,5753,5753,0,0,0,"2002-08-25T13:29:43Z","2002-08-26T05:28:24Z"
"HZG-Ferrybox_Cux-HarwNR9718.nc","stage2/ds27_pangaea_ferrybox/DS27_PANGAEA_20260809T183210Z/HZG-Ferrybox_Cux-HarwNR9718.nc",5629,5629,5629,5629,5629,5629,5629,0,0,0,"2002-08-26T14:56:17Z","2002-08-27T06:34:16Z"
"HZG-Ferrybox_Harw-CuxNR9738.nc","stage2/ds27_pangaea_ferrybox/DS27_PANGAEA_20260809T183210Z/HZG-Ferrybox_Harw-CuxNR9738.nc",5719,5719,5719,5719,5719,5719,5719,0,0,0,"2002-08-27T13:34:04Z","2002-08-28T05:27:04Z"
"HZG-Ferrybox_Cux-HarwNR9758.nc","stage2/ds27_pangaea_ferrybox/DS27_PANGAEA_20260809T183210Z/HZG-Ferrybox_Cux-HarwNR9758.nc",5530,5530,5530,5530,5530,5530,5530,0,0,0,"2002-08-28T15:11:05Z","2002-08-29T06:32:36Z"
"HZG-Ferrybox_Harw-CuxNR9778.nc","stage2/ds27_pangaea_ferrybox/DS27_PANGAEA_20260809T183210Z/HZG-Ferrybox_Harw-CuxNR9778.nc",5717,5717,5717,5717,5717,5717,5717,0,0,0,"2002-08-29T13:35:14Z","2002-08-30T05:27:54Z"
"HZG-Ferrybox_Cux-HarwNR9798.nc","stage2/ds27_pangaea_ferrybox/DS27_PANGAEA_20260809T183210Z/HZG-Ferrybox_Cux-HarwNR9798.nc",5628,5628,5628,5628,5628,5628,5628,0,0,0,"2002-08-30T14:56:45Z","2002-08-31T06:48:14Z"
"HZG-Ferrybox_Harw-CuxNR9818.nc","stage2/ds27_pangaea_ferrybox/DS27_PANGAEA_20260809T183210Z/HZG-Ferrybox_Harw-CuxNR9818.nc",5566,5566,5566,5566,5566,5566,5566,0,0,0,"2002-08-31T13:56:34Z","2002-09-01T05:24:05Z"
"HZG-Ferrybox_Cux-HarwNR9838.nc","stage2/ds27_pangaea_ferrybox/DS27_PANGAEA_20260809T183210Z/HZG-Ferrybox_Cux-HarwNR9838.nc",5652,5652,5652,5652,5652,5652,5652,0,0,0,"2002-09-01T14:48:45Z","2002-09-02T06:30:34Z"
"HZG-Ferrybox_Harw-CuxNR9858.nc","stage2/ds27_pangaea_ferrybox/DS27_PANGAEA_20260809T183210Z/HZG-Ferrybox_Harw-CuxNR9858.nc",5589,5589,5589,5589,5589,5589,5589,0,0,0,"2002-09-02T13:41:43Z","2002-09-03T05:13:03Z"
"HZG-Ferrybox_Cux-HarwNR9878.nc","stage2/ds27_pangaea_ferrybox/DS27_PANGAEA_20260809T183210Z/HZG-Ferrybox_Cux-HarwNR9878.nc",6001,6001,6001,6001,6001,6001,6001,0,0,0,"2002-09-03T14:19:15Z","2002-09-04T07:00:23Z"
"HZG-Ferrybox_Harw-CuxNR9898.nc","stage2/ds27_pangaea_ferrybox/DS27_PANGAEA_20260809T183210Z/HZG-Ferrybox_Harw-CuxNR9898.nc",5730,5730,5730,5730,5730,5730,5730,0,0,0,"2002-09-04T13:27:35Z","2002-09-05T05:22:25Z"
"HZG-Ferrybox_Cux-HarwNR9918.nc","stage2/ds27_pangaea_ferrybox/DS27_PANGAEA_20260809T183210Z/HZG-Ferrybox_Cux-HarwNR9918.nc",5747,5747,5747,5747,5747,5747,5735,0,12,0,"2002-09-05T14:04:55Z","2002-09-06T06:40:13Z"
"HZG-Ferrybox_Harw-CuxNR9938.nc","stage2/ds27_pangaea_ferrybox/DS27_PANGAEA_20260809T183210Z/HZG-Ferrybox_Harw-CuxNR9938.nc",5676,5676,5676,5676,5676,5676,5676,0,0,0,"2002-09-06T13:24:56Z","2002-09-07T05:26:55Z"
"HZG-Ferrybox_Cux-HarwNR9958.nc","stage2/ds27_pangaea_ferrybox/DS27_PANGAEA_20260809T183210Z/HZG-Ferrybox_Cux-HarwNR9958.nc",5733,5733,5733,5733,5733,5733,5733,0,0,0,"2002-09-07T14:36:34Z","2002-09-08T06:31:54Z"
"HZG-Ferrybox_Harw-CuxNR9978.nc","stage2/ds27_pangaea_ferrybox/DS27_PANGAEA_20260809T183210Z/HZG-Ferrybox_Harw-CuxNR9978.nc",5726,5726,5726,5726,5726,5726,5726,0,0,0,"2002-09-08T13:37:34Z","2002-09-09T05:31:14Z"
"HZG-Ferrybox_Cux-HarwNR9998.nc","stage2/ds27_pangaea_ferrybox/DS27_PANGAEA_20260809T183210Z/HZG-Ferrybox_Cux-HarwNR9998.nc",5716,5716,5716,5716,5716,5716,5716,0,0,0,"2002-09-10T14:36:25Z","2002-09-11T06:32:25Z"
"HZG-Ferrybox_Harw-CuxNR10018.nc","stage2/ds27_pangaea_ferrybox/DS27_PANGAEA_20260809T183210Z/HZG-Ferrybox_Harw-CuxNR10018.nc",5719,5719,5719,5719,5719,5719,5719,0,0,0,"2002-09-11T13:36:54Z","2002-09-12T05:29:55Z"
"HZG-Ferrybox_Cux-HarwNR10038.nc","stage2/ds27_pangaea_ferrybox/DS27_PANGAEA_20260809T183210Z/HZG-Ferrybox_Cux-HarwNR10038.nc",5747,5747,5747,5747,5747,5747,5747,0,0,0,"2002-09-12T14:36:54Z","2002-09-13T06:34:34Z"
"HZG-Ferrybox_Harw-CuxNR10058.nc","stage2/ds27_pangaea_ferrybox/DS27_PANGAEA_20260809T183210Z/HZG-Ferrybox_Harw-CuxNR10058.nc",5664,5664,5664,5664,5664,5664,5664,0,0,0,"2002-09-13T13:38:54Z","2002-09-14T05:22:44Z"
"HZG-Ferrybox_Cux-HarwNR10078.nc","stage2/ds27_pangaea_ferrybox/DS27_PANGAEA_20260809T183210Z/HZG-Ferrybox_Cux-HarwNR10078.nc",5758,5758,5758,5758,5758,5758,5758,0,0,0,"2002-09-14T14:33:45Z","2002-09-15T06:33:15Z"
"HZG-Ferrybox_Harw-CuxNR10098.nc","stage2/ds27_pangaea_ferrybox/DS27_PANGAEA_20260809T183210Z/HZG-Ferrybox_Harw-CuxNR10098.nc",5668,5668,5668,5668,5668,5668,5668,0,0,0,"2002-09-15T13:37:24Z","2002-09-16T05:21:54Z"
"HZG-Ferrybox_Cux-HarwNR10118.nc","stage2/ds27_pangaea_ferrybox/DS27_PANGAEA_20260809T183210Z/HZG-Ferrybox_Cux-HarwNR10118.nc",5640,5640,5640,5640,5640,5640,5640,0,0,0,"2002-09-17T14:35:35Z","2002-09-18T06:26:15Z"
"HZG-Ferrybox_Harw-CuxNR10138.nc","stage2/ds27_pangaea_ferrybox/DS27_PANGAEA_20260809T183210Z/HZG-Ferrybox_Harw-CuxNR10138.nc",5614,5614,5614,5614,5614,5614,5614,0,0,0,"2002-09-18T13:50:25Z","2002-09-19T05:25:53Z"
"HZG-Ferrybox_Cux-HarwNR10158.nc","stage2/ds27_pangaea_ferrybox/DS27_PANGAEA_20260809T183210Z/HZG-Ferrybox_Cux-HarwNR10158.nc",5744,5744,5744,5744,5744,5744,5744,0,0,0,"2002-09-19T14:34:54Z","2002-09-20T06:32:05Z"
"HZG-Ferrybox_Harw-CuxNR10178.nc","stage2/ds27_pangaea_ferrybox/DS27_PANGAEA_20260809T183210Z/HZG-Ferrybox_Harw-CuxNR10178.nc",5756,5756,5756,5756,5756,5756,5756,0,0,0,"2002-09-20T13:25:55Z","2002-09-21T05:25:03Z"
"HZG-Ferrybox_Cux-HarwNR10198.nc","stage2/ds27_pangaea_ferrybox/DS27_PANGAEA_20260809T183210Z/HZG-Ferrybox_Cux-HarwNR10198.nc",5711,5711,5711,5711,5711,5711,5711,0,0,0,"2002-09-21T14:41:06Z","2002-09-22T06:35:04Z"
"HZG-Ferrybox_Harw-CuxNR10218.nc","stage2/ds27_pangaea_ferrybox/DS27_PANGAEA_20260809T183210Z/HZG-Ferrybox_Harw-CuxNR10218.nc",5985,5985,5985,5985,5985,5985,5985,0,0,0,"2002-09-22T13:29:24Z","2002-09-23T06:31:54Z"
"HZG-Ferrybox_Cux-HarwNR10238.nc","stage2/ds27_pangaea_ferrybox/DS27_PANGAEA_20260809T183210Z/HZG-Ferrybox_Cux-HarwNR10238.nc",5651,5651,5651,5651,5651,5651,5651,0,0,0,"2002-09-24T14:43:25Z","2002-09-25T06:30:14Z"
"HZG-Ferrybox_Harw-CuxNR10258.nc","stage2/ds27_pangaea_ferrybox/DS27_PANGAEA_20260809T183210Z/HZG-Ferrybox_Harw-CuxNR10258.nc",5660,5660,5660,5660,5660,5660,5660,0,0,0,"2002-09-25T13:37:56Z","2002-09-26T05:24:55Z"
"HZG-Ferrybox_Cux-HarwNR10278.nc","stage2/ds27_pangaea_ferrybox/DS27_PANGAEA_20260809T183210Z/HZG-Ferrybox_Cux-HarwNR10278.nc",5553,5553,5553,5553,5553,5553,5553,0,0,0,"2002-09-26T15:26:54Z","2002-09-27T06:55:25Z"
"HZG-Ferrybox_Harw-CuxNR10298.nc","stage2/ds27_pangaea_ferrybox/DS27_PANGAEA_20260809T183210Z/HZG-Ferrybox_Harw-CuxNR10298.nc",5682,5682,5682,5682,5682,5682,5682,0,0,0,"2002-09-27T13:39:45Z","2002-09-28T05:26:35Z"
"HZG-Ferrybox_Cux-HarwNR10318.nc","stage2/ds27_pangaea_ferrybox/DS27_PANGAEA_20260809T183210Z/HZG-Ferrybox_Cux-HarwNR10318.nc",5631,5631,5631,5631,5631,5631,5631,0,0,0,"2002-09-28T14:53:44Z","2002-09-29T06:32:05Z"
"HZG-Ferrybox_Harw-CuxNR10338.nc","stage2/ds27_pangaea_ferrybox/DS27_PANGAEA_20260809T183210Z/HZG-Ferrybox_Harw-CuxNR10338.nc",5588,5588,5588,5588,5588,5588,5588,0,0,0,"2002-09-29T13:55:36Z","2002-09-30T05:26:46Z"
"HZG-Ferrybox_Cux-HarwNR10358.nc","stage2/ds27_pangaea_ferrybox/DS27_PANGAEA_20260809T183210Z/HZG-Ferrybox_Cux-HarwNR10358.nc",5441,5441,5441,5441,5441,5441,5441,0,0,0,"2002-10-01T15:07:33Z","2002-10-02T06:22:35Z"
"HZG-Ferrybox_Harw-CuxNR10378.nc","stage2/ds27_pangaea_ferrybox/DS27_PANGAEA_20260809T183210Z/HZG-Ferrybox_Harw-CuxNR10378.nc",5717,5717,5717,5717,5717,5717,5717,0,0,0,"2002-10-02T13:28:05Z","2002-10-03T05:20:45Z"
"HZG-Ferrybox_Cux-HarwNR10398.nc","stage2/ds27_pangaea_ferrybox/DS27_PANGAEA_20260809T183210Z/HZG-Ferrybox_Cux-HarwNR10398.nc",5510,5510,5510,5510,5510,5510,5510,0,0,0,"2002-10-03T15:02:16Z","2002-10-04T06:33:05Z"
"HZG-Ferrybox_Harw-CuxNR10418.nc","stage2/ds27_pangaea_ferrybox/DS27_PANGAEA_20260809T183210Z/HZG-Ferrybox_Harw-CuxNR10418.nc",5645,5645,5645,5645,5645,5645,5645,0,0,0,"2002-10-04T13:41:55Z","2002-10-05T05:22:33Z"
"HZG-Ferrybox_Cux-HarwNR10438.nc","stage2/ds27_pangaea_ferrybox/DS27_PANGAEA_20260809T183210Z/HZG-Ferrybox_Cux-HarwNR10438.nc",5677,5677,5677,5677,5677,5677,5677,0,0,0,"2002-10-05T14:49:06Z","2002-10-06T06:35:04Z"
"HZG-Ferrybox_Harw-CuxNR10458.nc","stage2/ds27_pangaea_ferrybox/DS27_PANGAEA_20260809T183210Z/HZG-Ferrybox_Harw-CuxNR10458.nc",5691,5691,5691,5691,5691,5691,5691,0,0,0,"2002-10-06T13:35:55Z","2002-10-07T05:24:13Z"
"HZG-Ferrybox_Cux-HarwNR10478.nc","stage2/ds27_pangaea_ferrybox/DS27_PANGAEA_20260809T183210Z/HZG-Ferrybox_Cux-HarwNR10478.nc",5537,5537,5537,5537,5537,5537,5537,0,0,0,"2002-10-08T14:41:54Z","2002-10-09T06:15:23Z"
"HZG-Ferrybox_Harw-CuxNR10498.nc","stage2/ds27_pangaea_ferrybox/DS27_PANGAEA_20260809T183210Z/HZG-Ferrybox_Harw-CuxNR10498.nc",5808,5808,5808,5808,5808,5808,5808,0,0,0,"2002-10-09T13:19:34Z","2002-10-10T05:27:25Z"
"HZG-Ferrybox_Cux-HarwNR10518.nc","stage2/ds27_pangaea_ferrybox/DS27_PANGAEA_20260809T183210Z/HZG-Ferrybox_Cux-HarwNR10518.nc",5583,5583,5583,5583,5583,5583,5583,0,0,0,"2002-10-10T15:01:56Z","2002-10-11T06:35:24Z"
"HZG-Ferrybox_Harw-CuxNR10538.nc","stage2/ds27_pangaea_ferrybox/DS27_PANGAEA_20260809T183210Z/HZG-Ferrybox_Harw-CuxNR10538.nc",5855,5855,5855,5855,5855,5855,5855,0,0,0,"2002-10-11T13:23:05Z","2002-10-12T05:40:55Z"
"HZG-Ferrybox_Cux-HarwNR10558.nc","stage2/ds27_pangaea_ferrybox/DS27_PANGAEA_20260809T183210Z/HZG-Ferrybox_Cux-HarwNR10558.nc",5563,5563,5563,5563,5563,5563,5563,0,0,0,"2002-10-12T15:17:54Z","2002-10-13T06:49:54Z"
"HZG-Ferrybox_Harw-CuxNR10578.nc","stage2/ds27_pangaea_ferrybox/DS27_PANGAEA_20260809T183210Z/HZG-Ferrybox_Harw-CuxNR10578.nc",5600,5600,5600,5600,5600,5600,5600,0,0,0,"2002-10-13T13:50:25Z","2002-10-14T05:26:15Z"
"HZG-Ferrybox_Cux-HarwNR10598.nc","stage2/ds27_pangaea_ferrybox/DS27_PANGAEA_20260809T183210Z/HZG-Ferrybox_Cux-HarwNR10598.nc",5920,5920,5920,5920,5920,5920,5920,0,0,0,"2002-10-15T14:40:05Z","2002-10-16T07:09:04Z"
"HZG-Ferrybox_Harw-CuxNR10618.nc","stage2/ds27_pangaea_ferrybox/DS27_PANGAEA_20260809T183210Z/HZG-Ferrybox_Harw-CuxNR10618.nc",5701,5701,5701,5701,5701,5701,5701,0,0,0,"2002-10-16T13:26:24Z","2002-10-17T05:21:15Z"
"HZG-Ferrybox_Cux-HarwNR10638.nc","stage2/ds27_pangaea_ferrybox/DS27_PANGAEA_20260809T183210Z/HZG-Ferrybox_Cux-HarwNR10638.nc",5712,5712,5712,5712,5712,5712,5712,0,0,0,"2002-10-17T14:31:03Z","2002-10-18T06:26:37Z"
"HZG-Ferrybox_Harw-CuxNR10658.nc","stage2/ds27_pangaea_ferrybox/DS27_PANGAEA_20260809T183210Z/HZG-Ferrybox_Harw-CuxNR10658.nc",5736,5736,5736,5736,5736,5736,5736,0,0,0,"2002-10-18T13:21:05Z","2002-10-19T05:22:25Z"
"HZG-Ferrybox_Cux-HarwNR10678.nc","stage2/ds27_pangaea_ferrybox/DS27_PANGAEA_20260809T183210Z/HZG-Ferrybox_Cux-HarwNR10678.nc",5705,5705,5705,5705,5705,5705,5705,0,0,0,"2002-10-19T14:32:04Z","2002-10-20T06:27:24Z"
"HZG-Ferrybox_Harw-CuxNR10698.nc","stage2/ds27_pangaea_ferrybox/DS27_PANGAEA_20260809T183210Z/HZG-Ferrybox_Harw-CuxNR10698.nc",5720,5720,5720,5720,5720,5720,5720,0,0,0,"2002-10-20T13:46:36Z","2002-10-21T05:41:54Z"
"HZG-Ferrybox_Cux-HarwNR10718.nc","stage2/ds27_pangaea_ferrybox/DS27_PANGAEA_20260809T183210Z/HZG-Ferrybox_Cux-HarwNR10718.nc",5707,5707,5707,5707,5707,5707,5707,0,0,0,"2002-10-22T14:32:15Z","2002-10-23T06:27:05Z"
"HZG-Ferrybox_Harw-CuxNR10738.nc","stage2/ds27_pangaea_ferrybox/DS27_PANGAEA_20260809T183210Z/HZG-Ferrybox_Harw-CuxNR10738.nc",5718,5718,5718,5718,5718,5718,5718,0,0,0,"2002-10-23T13:27:15Z","2002-10-24T05:25:46Z"
"HZG-Ferrybox_Cux-HarwNR10758.nc","stage2/ds27_pangaea_ferrybox/DS27_PANGAEA_20260809T183210Z/HZG-Ferrybox_Cux-HarwNR10758.nc",5766,5766,5766,5766,5766,5766,5766,0,0,0,"2002-10-24T14:31:06Z","2002-10-25T06:31:54Z"
"HZG-Ferrybox_Harw-CuxNR10778.nc","stage2/ds27_pangaea_ferrybox/DS27_PANGAEA_20260809T183210Z/HZG-Ferrybox_Harw-CuxNR10778.nc",5685,5685,5685,5685,5685,5685,5685,0,0,0,"2002-10-25T13:30:55Z","2002-10-26T05:24:55Z"
"HZG-Ferrybox_Cux-HarwNR10798.nc","stage2/ds27_pangaea_ferrybox/DS27_PANGAEA_20260809T183210Z/HZG-Ferrybox_Cux-HarwNR10798.nc",6229,6229,6229,6229,6229,6229,6229,0,0,0,"2002-10-26T14:36:14Z","2002-10-27T07:59:46Z"
"HZG-Ferrybox_Harw-CuxNR10818.nc","stage2/ds27_pangaea_ferrybox/DS27_PANGAEA_20260809T183210Z/HZG-Ferrybox_Harw-CuxNR10818.nc",5383,5383,5383,5383,5383,5383,5383,0,0,0,"2002-10-28T13:34:35Z","2002-10-29T04:39:05Z"
"HZG-Ferrybox_Cux-HarwNR10838.nc","stage2/ds27_pangaea_ferrybox/DS27_PANGAEA_20260809T183210Z/HZG-Ferrybox_Cux-HarwNR10838.nc",5662,5662,5662,5662,5662,5662,5662,0,0,0,"2002-10-29T15:43:25Z","2002-10-30T07:33:25Z"
"HZG-Ferrybox_Harw-CuxNR10858.nc","stage2/ds27_pangaea_ferrybox/DS27_PANGAEA_20260809T183210Z/HZG-Ferrybox_Harw-CuxNR10858.nc",5695,5695,5695,5695,5695,5695,5695,0,0,0,"2002-10-30T14:35:44Z","2002-10-31T06:24:43Z"
"HZG-Ferrybox_Cux-HarwNR10878.nc","stage2/ds27_pangaea_ferrybox/DS27_PANGAEA_20260809T183210Z/HZG-Ferrybox_Cux-HarwNR10878.nc",5644,5644,5644,5644,5644,5644,5644,0,0,0,"2002-10-31T15:52:05Z","2002-11-01T07:32:35Z"
"HZG-Ferrybox_Harw-CuxNR10898.nc","stage2/ds27_pangaea_ferrybox/DS27_PANGAEA_20260809T183210Z/HZG-Ferrybox_Harw-CuxNR10898.nc",5688,5688,5688,5688,5688,5688,5688,0,0,0,"2002-11-01T14:33:05Z","2002-11-02T06:20:55Z"
"HZG-Ferrybox_Cux-HarwNR10918.nc","stage2/ds27_pangaea_ferrybox/DS27_PANGAEA_20260809T183210Z/HZG-Ferrybox_Cux-HarwNR10918.nc",5668,5668,5668,5668,5668,5668,5668,0,0,0,"2002-11-02T16:07:44Z","2002-11-03T07:52:15Z"
"HZG-Ferrybox_Harw-CuxNR10938.nc","stage2/ds27_pangaea_ferrybox/DS27_PANGAEA_20260809T183210Z/HZG-Ferrybox_Harw-CuxNR10938.nc",5722,5722,5722,5722,5722,5722,5722,0,0,0,"2002-11-03T14:29:45Z","2002-11-04T06:23:14Z"
"HZG-Ferrybox_Cux-HarwNR3349.nc","stage2/ds27_pangaea_ferrybox/DS27_PANGAEA_20260809T183210Z/HZG-Ferrybox_Cux-HarwNR3349.nc",6389,6389,6389,6389,6389,6389,6389,0,0,0,"2003-10-16T16:28:37Z","2003-10-17T10:15:37Z"
"HZG-Ferrybox_Harw-CuxNR3350.nc","stage2/ds27_pangaea_ferrybox/DS27_PANGAEA_20260809T183210Z/HZG-Ferrybox_Harw-CuxNR3350.nc",6401,6401,6401,6401,6401,6401,6401,0,0,0,"2003-10-17T16:26:34Z","2003-10-18T10:15:45Z"
"HZG-Ferrybox_Cux-HarwNR3351.nc","stage2/ds27_pangaea_ferrybox/DS27_PANGAEA_20260809T183210Z/HZG-Ferrybox_Cux-HarwNR3351.nc",6350,6350,6350,6350,6350,6350,6350,0,0,0,"2003-10-18T16:33:45Z","2003-10-19T10:14:08Z"
"HZG-Ferrybox_Harw-CuxNR3352.nc","stage2/ds27_pangaea_ferrybox/DS27_PANGAEA_20260809T183210Z/HZG-Ferrybox_Harw-CuxNR3352.nc",6168,6168,6168,6168,6168,6168,6168,0,0,0,"2003-10-19T16:57:27Z","2003-10-20T10:19:56Z"
"HZG-Ferrybox_Cux-HarwNR3353.nc","stage2/ds27_pangaea_ferrybox/DS27_PANGAEA_20260809T183210Z/HZG-Ferrybox_Cux-HarwNR3353.nc",5881,5881,5881,5881,5881,5881,5881,0,0,0,"2003-10-20T17:25:08Z","2003-10-21T10:17:28Z"
"HZG-Ferrybox_Harw-CuxNR3354.nc","stage2/ds27_pangaea_ferrybox/DS27_PANGAEA_20260809T183210Z/HZG-Ferrybox_Harw-CuxNR3354.nc",5969,5969,5969,5969,5969,5969,5969,0,0,0,"2003-10-21T16:21:41Z","2003-10-22T09:53:07Z"
"HZG-Ferrybox_Cux-HarwNR3355.nc","stage2/ds27_pangaea_ferrybox/DS27_PANGAEA_20260809T183210Z/HZG-Ferrybox_Cux-HarwNR3355.nc",1061,1061,1061,1061,1061,1061,1061,0,0,0,"2003-10-22T16:27:58Z","2003-10-23T10:07:58Z"
"HZG-Ferrybox_Cux-HarwNR3356.nc","stage2/ds27_pangaea_ferrybox/DS27_PANGAEA_20260809T183210Z/HZG-Ferrybox_Cux-HarwNR3356.nc",6344,6344,6344,6344,6344,6344,6344,0,0,0,"2003-10-24T16:25:35Z","2003-10-25T10:12:58Z"
"HZG-Ferrybox_Harw-CuxNR3357.nc","stage2/ds27_pangaea_ferrybox/DS27_PANGAEA_20260809T183210Z/HZG-Ferrybox_Harw-CuxNR3357.nc",1122,1122,1122,1122,1122,1122,1122,0,0,0,"2003-10-25T16:18:00Z","2003-10-26T11:10:00Z"
"HZG-Ferrybox_Cux-HarwNR3358.nc","stage2/ds27_pangaea_ferrybox/DS27_PANGAEA_20260809T183210Z/HZG-Ferrybox_Cux-HarwNR3358.nc",5603,5603,5603,5603,5603,5603,5603,0,0,0,"2003-10-26T18:27:51Z","2003-10-27T11:11:41Z"
"HZG-Ferrybox_Harw-CuxNR3359.nc","stage2/ds27_pangaea_ferrybox/DS27_PANGAEA_20260809T183210Z/HZG-Ferrybox_Harw-CuxNR3359.nc",4862,4862,4862,4862,4835,4835,4835,0,0,0,"2003-10-27T17:45:48Z","2003-10-28T11:12:53Z"
"HZG-Ferrybox_Cux-HarwNR3360.nc","stage2/ds27_pangaea_ferrybox/DS27_PANGAEA_20260809T183210Z/HZG-Ferrybox_Cux-HarwNR3360.nc",6383,6383,6383,6383,6383,6383,6383,0,0,0,"2003-10-28T17:22:06Z","2003-10-29T11:10:07Z"
"HZG-Ferrybox_Harw-CuxNR3361.nc","stage2/ds27_pangaea_ferrybox/DS27_PANGAEA_20260809T183210Z/HZG-Ferrybox_Harw-CuxNR3361.nc",6302,6302,6302,6302,6302,6302,6302,0,0,0,"2003-10-29T17:20:17Z","2003-10-30T11:10:38Z"
"HZG-Ferrybox_Cux-HarwNR3362.nc","stage2/ds27_pangaea_ferrybox/DS27_PANGAEA_20260809T183210Z/HZG-Ferrybox_Cux-HarwNR3362.nc",6379,6379,6379,6379,6379,6379,6379,0,0,0,"2003-10-30T17:22:25Z","2003-10-31T11:13:07Z"
"HZG-Ferrybox_Harw-CuxNR3363.nc","stage2/ds27_pangaea_ferrybox/DS27_PANGAEA_20260809T183210Z/HZG-Ferrybox_Harw-CuxNR3363.nc",6054,6054,6054,6054,6054,6054,6054,0,0,0,"2003-10-31T17:56:18Z","2003-11-01T11:13:25Z"
"HZG-Ferrybox_Cux-HarwNR1.nc","stage2/ds27_pangaea_ferrybox/DS27_PANGAEA_20260809T183210Z/HZG-Ferrybox_Cux-HarwNR1.nc",6098,6098,6098,6098,6065,6065,6065,0,0,0,"2003-11-01T17:31:39Z","2003-11-02T11:51:02Z"
"HZG-Ferrybox_Harw-CuxNR2.nc","stage2/ds27_pangaea_ferrybox/DS27_PANGAEA_20260809T183210Z/HZG-Ferrybox_Harw-CuxNR2.nc",5360,5360,5360,5360,5360,5360,5360,0,0,0,"2003-11-02T17:31:13Z","2003-11-03T10:55:26Z"
"HZG-Ferrybox_Cux-HarwNR3.nc","stage2/ds27_pangaea_ferrybox/DS27_PANGAEA_20260809T183210Z/HZG-Ferrybox_Cux-HarwNR3.nc",4476,4476,4476,4476,0,0,0,0,0,0,"2003-11-04T18:51:16Z","2003-11-05T11:17:55Z"
"HZG-Ferrybox_Harw-CuxNR4.nc","stage2/ds27_pangaea_ferrybox/DS27_PANGAEA_20260809T183210Z/HZG-Ferrybox_Harw-CuxNR4.nc",5651,5651,5651,5651,5603,5603,5603,0,0,0,"2003-11-05T17:30:15Z","2003-11-06T11:10:19Z"
"HZG-Ferrybox_Cux-HarwNR5.nc","stage2/ds27_pangaea_ferrybox/DS27_PANGAEA_20260809T183210Z/HZG-Ferrybox_Cux-HarwNR5.nc",5764,5764,5764,5764,5707,5707,5707,0,0,0,"2003-11-06T18:25:57Z","2003-11-07T11:16:41Z"
"HZG-Ferrybox_Cux-HarwNR6.nc","stage2/ds27_pangaea_ferrybox/DS27_PANGAEA_20260809T183210Z/HZG-Ferrybox_Cux-HarwNR6.nc",6051,6051,6051,6051,6051,6051,6051,0,0,0,"2003-11-08T17:30:46Z","2003-11-09T11:10:05Z"
"HZG-Ferrybox_Harw-CuxNR7.nc","stage2/ds27_pangaea_ferrybox/DS27_PANGAEA_20260809T183210Z/HZG-Ferrybox_Harw-CuxNR7.nc",5460,5460,5460,5459,5459,5459,5459,0,0,0,"2003-11-09T17:24:14Z","2003-11-10T10:57:36Z"
"HZG-Ferrybox_Cux-HarwNR8.nc","stage2/ds27_pangaea_ferrybox/DS27_PANGAEA_20260809T183210Z/HZG-Ferrybox_Cux-HarwNR8.nc",1745,1745,1745,1745,1745,1745,1745,0,0,0,"2003-11-11T17:34:15Z","2003-11-11T23:00:14Z"
"HZG-Ferrybox_Harw-CuxNR9.nc","stage2/ds27_pangaea_ferrybox/DS27_PANGAEA_20260809T183210Z/HZG-Ferrybox_Harw-CuxNR9.nc",3251,3251,3251,3251,3251,3251,3251,0,0,0,"2003-11-12T01:16:24Z","2003-11-12T11:16:15Z"
"HZG-Ferrybox_Cux-HarwNR11.nc","stage2/ds27_pangaea_ferrybox/DS27_PANGAEA_20260809T183210Z/HZG-Ferrybox_Cux-HarwNR11.nc",5244,5244,5244,5244,5244,5244,5244,0,0,0,"2003-11-13T17:59:51Z","2003-11-14T11:23:04Z"
"HZG-Ferrybox_Harw-CuxNR12.nc","stage2/ds27_pangaea_ferrybox/DS27_PANGAEA_20260809T183210Z/HZG-Ferrybox_Harw-CuxNR12.nc",5281,5281,5281,5281,5281,5281,5281,0,0,0,"2003-11-14T17:25:15Z","2003-11-15T11:12:35Z"
"HZG-Ferrybox_Harw-CuxNR14.nc","stage2/ds27_pangaea_ferrybox/DS27_PANGAEA_20260809T183210Z/HZG-Ferrybox_Harw-CuxNR14.nc",5829,5829,5829,5829,5829,5829,5829,0,0,0,"2003-11-19T17:50:24Z","2003-11-20T11:00:46Z"
"HZG-Ferrybox_Harw-CuxNR15.nc","stage2/ds27_pangaea_ferrybox/DS27_PANGAEA_20260809T183210Z/HZG-Ferrybox_Harw-CuxNR15.nc",5614,5614,5614,5614,5614,5614,5614,0,0,0,"2003-11-21T18:05:25Z","2003-11-22T11:05:34Z"
"HZG-Ferrybox_Cux-HarwNR16.nc","stage2/ds27_pangaea_ferrybox/DS27_PANGAEA_20260809T183210Z/HZG-Ferrybox_Cux-HarwNR16.nc",5950,5950,5950,5950,5950,5950,5950,0,0,0,"2003-11-22T17:23:34Z","2003-11-23T11:15:25Z"
"HZG-Ferrybox_Harw-CuxNR17.nc","stage2/ds27_pangaea_ferrybox/DS27_PANGAEA_20260809T183210Z/HZG-Ferrybox_Harw-CuxNR17.nc",1733,1733,1733,1733,1733,1733,1733,0,0,0,"2003-11-24T05:34:45Z","2003-11-24T11:04:56Z"
"HZG-Ferrybox_Cux-HarwNR18.nc","stage2/ds27_pangaea_ferrybox/DS27_PANGAEA_20260809T183210Z/HZG-Ferrybox_Cux-HarwNR18.nc",6398,6398,6398,6398,6398,6398,6398,0,0,0,"2003-11-25T16:29:45Z","2003-11-26T10:17:55Z"
"HZG-Ferrybox_Harw-CuxNR19.nc","stage2/ds27_pangaea_ferrybox/DS27_PANGAEA_20260809T183210Z/HZG-Ferrybox_Harw-CuxNR19.nc",6326,6326,6326,6325,6325,6325,6325,0,0,0,"2003-11-26T16:16:16Z","2003-11-27T09:59:15Z"
"HZG-Ferrybox_Cux-HarwNR20.nc","stage2/ds27_pangaea_ferrybox/DS27_PANGAEA_20260809T183210Z/HZG-Ferrybox_Cux-HarwNR20.nc",6420,6420,6420,6419,6419,6419,6419,0,0,0,"2003-11-27T16:16:35Z","2003-11-28T10:12:44Z"
"HZG-Ferrybox_Harw-CuxNR21.nc","stage2/ds27_pangaea_ferrybox/DS27_PANGAEA_20260809T183210Z/HZG-Ferrybox_Harw-CuxNR21.nc",6324,6324,6324,6324,6324,6324,6324,0,0,0,"2003-11-28T16:18:26Z","2003-11-29T09:58:24Z"
"HZG-Ferrybox_Cux-HarwNR22.nc","stage2/ds27_pangaea_ferrybox/DS27_PANGAEA_20260809T183210Z/HZG-Ferrybox_Cux-HarwNR22.nc",6385,6385,6385,6385,6385,6385,6385,0,0,0,"2003-11-29T16:19:44Z","2003-11-30T10:10:16Z"
"HZG-Ferrybox_Harw-CuxNR23.nc","stage2/ds27_pangaea_ferrybox/DS27_PANGAEA_20260809T183210Z/HZG-Ferrybox_Harw-CuxNR23.nc",6271,6271,6271,6271,6271,6271,6271,0,0,0,"2003-11-30T16:19:45Z","2003-12-01T10:00:46Z"
"HZG-Ferrybox_Cux-HarwNR24.nc","stage2/ds27_pangaea_ferrybox/DS27_PANGAEA_20260809T183210Z/HZG-Ferrybox_Cux-HarwNR24.nc",5817,5817,5817,5817,5817,5817,5817,0,0,0,"2003-12-02T16:20:04Z","2003-12-03T10:21:25Z"
"HZG-Ferrybox_Harw-CuxNR25.nc","stage2/ds27_pangaea_ferrybox/DS27_PANGAEA_20260809T183210Z/HZG-Ferrybox_Harw-CuxNR25.nc",5823,5823,5823,5823,5823,5823,5823,0,0,0,"2003-12-03T16:31:04Z","2003-12-04T10:04:26Z"
"HZG-Ferrybox_Cux-HarwNR26.nc","stage2/ds27_pangaea_ferrybox/DS27_PANGAEA_20260809T183210Z/HZG-Ferrybox_Cux-HarwNR26.nc",5910,5910,5910,5910,5910,5910,5910,0,0,0,"2003-12-04T16:23:33Z","2003-12-05T10:15:54Z"
"HZG-Ferrybox_Harw-CuxNR27.nc","stage2/ds27_pangaea_ferrybox/DS27_PANGAEA_20260809T183210Z/HZG-Ferrybox_Harw-CuxNR27.nc",5719,5719,5719,5719,5719,5719,5719,0,0,0,"2003-12-07T16:36:34Z","2003-12-08T10:00:46Z"
"HZG-Ferrybox_Cux-HarwNR28.nc","stage2/ds27_pangaea_ferrybox/DS27_PANGAEA_20260809T183210Z/HZG-Ferrybox_Cux-HarwNR28.nc",5872,5872,5872,5872,5872,5872,5872,0,0,0,"2003-12-09T16:25:16Z","2003-12-10T10:08:25Z"
"HZG-Ferrybox_Harw-CuxNR29.nc","stage2/ds27_pangaea_ferrybox/DS27_PANGAEA_20260809T183210Z/HZG-Ferrybox_Harw-CuxNR29.nc",5846,5846,5846,5846,5846,5846,5846,0,0,0,"2003-12-10T16:32:44Z","2003-12-11T10:07:24Z"
"HZG-Ferrybox_Cux-HarwNR30.nc","stage2/ds27_pangaea_ferrybox/DS27_PANGAEA_20260809T183210Z/HZG-Ferrybox_Cux-HarwNR30.nc",5825,5825,5825,5825,5825,5825,5825,0,0,0,"2003-12-11T16:32:55Z","2003-12-12T10:08:14Z"
"HZG-Ferrybox_Cux-HarwNR31.nc","stage2/ds27_pangaea_ferrybox/DS27_PANGAEA_20260809T183210Z/HZG-Ferrybox_Cux-HarwNR31.nc",6711,6711,6711,6711,6711,6711,6711,0,0,0,"2003-12-13T16:59:24Z","2003-12-14T13:02:54Z"
"HZG-Ferrybox_Cux-HarwNR32.nc","stage2/ds27_pangaea_ferrybox/DS27_PANGAEA_20260809T183210Z/HZG-Ferrybox_Cux-HarwNR32.nc",6109,6109,6109,6109,6109,6109,6109,0,0,0,"2003-12-16T16:32:35Z","2003-12-17T10:46:53Z"
"HZG-Ferrybox_Harw-CuxNR33.nc","stage2/ds27_pangaea_ferrybox/DS27_PANGAEA_20260809T183210Z/HZG-Ferrybox_Harw-CuxNR33.nc",5871,5871,5871,5871,5871,5871,5871,0,0,0,"2003-12-17T16:44:05Z","2003-12-18T10:10:55Z"
"HZG-Ferrybox_Cux-HarwNR34.nc","stage2/ds27_pangaea_ferrybox/DS27_PANGAEA_20260809T183210Z/HZG-Ferrybox_Cux-HarwNR34.nc",5676,5676,5676,5676,5676,5676,5676,0,0,0,"2003-12-18T17:13:34Z","2003-12-19T10:17:55Z"
"HZG-Ferrybox_Harw-CuxNR35.nc","stage2/ds27_pangaea_ferrybox/DS27_PANGAEA_20260809T183210Z/HZG-Ferrybox_Harw-CuxNR35.nc",5843,5843,5843,5843,5843,5843,5843,0,0,0,"2003-12-19T16:32:05Z","2003-12-20T09:59:25Z"
"HZG-Ferrybox_Cux-HarwNR36.nc","stage2/ds27_pangaea_ferrybox/DS27_PANGAEA_20260809T183210Z/HZG-Ferrybox_Cux-HarwNR36.nc",1730,1730,1730,1730,1730,1730,1730,0,0,0,"2003-12-20T16:45:45Z","2003-12-20T21:56:55Z"
"HZG-Ferrybox_Cux-HarwNR37.nc","stage2/ds27_pangaea_ferrybox/DS27_PANGAEA_20260809T183210Z/HZG-Ferrybox_Cux-HarwNR37.nc",6065,6065,6065,6065,6065,6065,6065,0,0,0,"2003-12-23T03:24:35Z","2003-12-23T21:13:25Z"
"HZG-Ferrybox_Harw-CuxNR38.nc","stage2/ds27_pangaea_ferrybox/DS27_PANGAEA_20260809T183210Z/HZG-Ferrybox_Harw-CuxNR38.nc",5527,5527,5527,5527,5527,5527,5527,0,0,0,"2003-12-23T21:28:46Z","2003-12-24T14:26:47Z"
"HZG-Ferrybox_Harw-CuxNR39.nc","stage2/ds27_pangaea_ferrybox/DS27_PANGAEA_20260809T183210Z/HZG-Ferrybox_Harw-CuxNR39.nc",5538,5538,5538,5538,5538,5538,5538,0,0,0,"2003-12-26T17:48:04Z","2003-12-27T10:07:24Z"
"HZG-Ferrybox_Cux-HarwNR40.nc","stage2/ds27_pangaea_ferrybox/DS27_PANGAEA_20260809T183210Z/HZG-Ferrybox_Cux-HarwNR40.nc",6244,6244,6244,6244,6244,6244,6244,0,0,0,"2003-12-27T16:31:34Z","2003-12-28T10:47:35Z"
"HZG-Ferrybox_Harw-CuxNR41.nc","stage2/ds27_pangaea_ferrybox/DS27_PANGAEA_20260809T183210Z/HZG-Ferrybox_Harw-CuxNR41.nc",6052,6052,6052,6052,6052,6052,6052,0,0,0,"2003-12-28T16:30:36Z","2003-12-29T10:07:46Z"
"HZG-Ferrybox_Cux-HarwNR42.nc","stage2/ds27_pangaea_ferrybox/DS27_PANGAEA_20260809T183210Z/HZG-Ferrybox_Cux-HarwNR42.nc",6080,6080,6080,6080,6080,6080,6080,0,0,0,"2003-12-29T16:31:06Z","2003-12-30T10:12:44Z"
"HZG-Ferrybox_Harw-CuxNR43.nc","stage2/ds27_pangaea_ferrybox/DS27_PANGAEA_20260809T183210Z/HZG-Ferrybox_Harw-CuxNR43.nc",6082,6082,6082,6082,6082,6082,6082,0,0,0,"2003-12-30T16:22:43Z","2003-12-31T10:01:44Z"
"HZG-Ferrybox_Cux-HarwNR44.nc","stage2/ds27_pangaea_ferrybox/DS27_PANGAEA_20260809T183210Z/HZG-Ferrybox_Cux-HarwNR44.nc",6192,6192,6192,6192,6192,6192,6192,0,0,0,"2003-12-31T16:26:45Z","2004-01-01T10:19:56Z"
"HZG-Ferrybox_Harw-CuxNR45.nc","stage2/ds27_pangaea_ferrybox/DS27_PANGAEA_20260809T183210Z/HZG-Ferrybox_Harw-CuxNR45.nc",6017,6017,6017,6017,6017,6017,6017,0,0,0,"2004-01-01T16:33:06Z","2004-01-02T09:57:45Z"
"HZG-Ferrybox_Cux-HarwNR46.nc","stage2/ds27_pangaea_ferrybox/DS27_PANGAEA_20260809T183210Z/HZG-Ferrybox_Cux-HarwNR46.nc",6099,6099,6099,6099,6099,6099,6099,0,0,0,"2004-01-02T16:41:05Z","2004-01-03T10:19:16Z"
"HZG-Ferrybox_Cux-HarwNR47.nc","stage2/ds27_pangaea_ferrybox/DS27_PANGAEA_20260809T183210Z/HZG-Ferrybox_Cux-HarwNR47.nc",5648,5648,5648,5648,5648,5648,5648,0,0,0,"2004-01-07T16:41:35Z","2004-01-08T10:05:35Z"
"HZG-Ferrybox_Harw-CuxNR48.nc","stage2/ds27_pangaea_ferrybox/DS27_PANGAEA_20260809T183210Z/HZG-Ferrybox_Harw-CuxNR48.nc",5994,5994,5994,5994,5994,5994,5994,0,0,0,"2004-01-08T16:24:34Z","2004-01-09T10:12:35Z"
"HZG-Ferrybox_Cux-HarwNR49.nc","stage2/ds27_pangaea_ferrybox/DS27_PANGAEA_20260809T183210Z/HZG-Ferrybox_Cux-HarwNR49.nc",6281,6281,6281,6281,6281,6281,6281,0,0,0,"2004-01-09T16:29:43Z","2004-01-10T11:01:16Z"
"HZG-Ferrybox_Harw-CuxNR50.nc","stage2/ds27_pangaea_ferrybox/DS27_PANGAEA_20260809T183210Z/HZG-Ferrybox_Harw-CuxNR50.nc",7585,7585,7585,7585,7585,7585,7585,0,0,0,"2004-01-10T16:22:15Z","2004-01-11T14:40:33Z"
"HZG-Ferrybox_Cux-HarwNR52.nc","stage2/ds27_pangaea_ferrybox/DS27_PANGAEA_20260809T183210Z/HZG-Ferrybox_Cux-HarwNR52.nc",6010,6010,6010,6010,6010,6010,6010,0,0,0,"2004-01-14T20:32:15Z","2004-01-15T14:22:06Z"
"HZG-Ferrybox_Harw-CuxNR53.nc","stage2/ds27_pangaea_ferrybox/DS27_PANGAEA_20260809T183210Z/HZG-Ferrybox_Harw-CuxNR53.nc",5828,5828,5828,5828,5828,5828,5828,0,0,0,"2004-01-15T16:49:04Z","2004-01-16T10:09:04Z"
"HZG-Ferrybox_Cux-HarwNR54.nc","stage2/ds27_pangaea_ferrybox/DS27_PANGAEA_20260809T183210Z/HZG-Ferrybox_Cux-HarwNR54.nc",6752,6752,6752,6752,6752,6752,6752,0,0,0,"2004-01-16T16:23:33Z","2004-01-17T12:31:15Z"
"HZG-Ferrybox_Harw-CuxNR55.nc","stage2/ds27_pangaea_ferrybox/DS27_PANGAEA_20260809T183210Z/HZG-Ferrybox_Harw-CuxNR55.nc",6218,6218,6218,6218,6218,6218,6218,0,0,0,"2004-01-17T16:55:25Z","2004-01-18T11:31:34Z"
"HZG-Ferrybox_Cux-HarwNR7578.nc","stage2/ds27_pangaea_ferrybox/DS27_PANGAEA_20260809T183210Z/HZG-Ferrybox_Cux-HarwNR7578.nc",5990,5990,5990,5990,5990,5990,5990,0,0,0,"2004-01-19T16:30:25Z","2004-01-20T10:10:33Z"
"HZG-Ferrybox_Harw-CuxNR56.nc","stage2/ds27_pangaea_ferrybox/DS27_PANGAEA_20260809T183210Z/HZG-Ferrybox_Harw-CuxNR56.nc",5950,5950,5950,5950,5950,5950,5950,0,0,0,"2004-01-20T16:28:14Z","2004-01-21T10:06:04Z"
"HZG-Ferrybox_Cux-HarwNR57.nc","stage2/ds27_pangaea_ferrybox/DS27_PANGAEA_20260809T183210Z/HZG-Ferrybox_Cux-HarwNR57.nc",6001,6001,6001,6001,6001,6001,6001,0,0,0,"2004-01-21T16:34:15Z","2004-01-22T10:14:50Z"
"HZG-Ferrybox_Harw-CuxNR58.nc","stage2/ds27_pangaea_ferrybox/DS27_PANGAEA_20260809T183210Z/HZG-Ferrybox_Harw-CuxNR58.nc",5874,5874,5874,5874,5874,5874,5874,0,0,0,"2004-01-22T16:24:54Z","2004-01-23T10:06:56Z"
"HZG-Ferrybox_Cux-HarwNR59.nc","stage2/ds27_pangaea_ferrybox/DS27_PANGAEA_20260809T183210Z/HZG-Ferrybox_Cux-HarwNR59.nc",5889,5889,5889,5889,5889,5889,5889,0,0,0,"2004-01-26T17:00:54Z","2004-01-27T10:27:15Z"
"HZG-Ferrybox_Harw-CuxNR60.nc","stage2/ds27_pangaea_ferrybox/DS27_PANGAEA_20260809T183210Z/HZG-Ferrybox_Harw-CuxNR60.nc",6063,6063,6063,6063,6063,6063,6063,0,0,0,"2004-01-27T16:19:56Z","2004-01-28T10:07:24Z"
"HZG-Ferrybox_Cux-HarwNR61.nc","stage2/ds27_pangaea_ferrybox/DS27_PANGAEA_20260809T183210Z/HZG-Ferrybox_Cux-HarwNR61.nc",6430,6430,6430,6430,6430,6430,6430,0,0,0,"2004-01-28T16:54:04Z","2004-01-29T11:43:23Z"
"HZG-Ferrybox_Harw-CuxNR62.nc","stage2/ds27_pangaea_ferrybox/DS27_PANGAEA_20260809T183210Z/HZG-Ferrybox_Harw-CuxNR62.nc",6089,6089,6089,6089,6089,6089,6089,0,0,0,"2004-01-29T16:29:15Z","2004-01-30T10:07:55Z"
"HZG-Ferrybox_Cux-HarwNR63.nc","stage2/ds27_pangaea_ferrybox/DS27_PANGAEA_20260809T183210Z/HZG-Ferrybox_Cux-HarwNR63.nc",6128,6128,6128,6128,6128,6128,6128,0,0,0,"2004-02-04T16:15:53Z","2004-02-05T10:29:15Z"
"HZG-Ferrybox_Harw-CuxNR64.nc","stage2/ds27_pangaea_ferrybox/DS27_PANGAEA_20260809T183210Z/HZG-Ferrybox_Harw-CuxNR64.nc",5958,5958,5958,5958,5958,5958,5958,0,0,0,"2004-02-05T16:22:43Z","2004-02-06T10:05:24Z"
"HZG-Ferrybox_Cux-HarwNR67.nc","stage2/ds27_pangaea_ferrybox/DS27_PANGAEA_20260809T183210Z/HZG-Ferrybox_Cux-HarwNR67.nc",6114,6114,6114,6114,6114,6114,6114,0,0,0,"2004-02-09T16:23:55Z","2004-02-10T10:53:25Z"
"HZG-Ferrybox_Cux-HarwNR68.nc","stage2/ds27_pangaea_ferrybox/DS27_PANGAEA_20260809T183210Z/HZG-Ferrybox_Cux-HarwNR68.nc",5714,5714,5714,5714,5714,5714,5714,0,0,0,"2004-02-11T16:24:34Z","2004-02-12T09:28:25Z"
"HZG-Ferrybox_Cux-HarwNR69.nc","stage2/ds27_pangaea_ferrybox/DS27_PANGAEA_20260809T183210Z/HZG-Ferrybox_Cux-HarwNR69.nc",1006,1006,1006,0,0,0,0,0,0,0,"2004-02-16T16:35:44Z","2004-02-16T20:11:25Z"
"HZG-Ferrybox_Cux-HarwNR70.nc","stage2/ds27_pangaea_ferrybox/DS27_PANGAEA_20260809T183210Z/HZG-Ferrybox_Cux-HarwNR70.nc",4530,4530,4530,4530,4530,4530,4530,0,0,0,"2004-02-16T20:38:53Z","2004-02-17T10:09:35Z"
"HZG-Ferrybox_Harw-CuxNR71.nc","stage2/ds27_pangaea_ferrybox/DS27_PANGAEA_20260809T183210Z/HZG-Ferrybox_Harw-CuxNR71.nc",5827,5827,5827,5827,5827,5827,5827,0,0,0,"2004-02-17T16:44:25Z","2004-02-18T10:05:44Z"
"HZG-Ferrybox_Cux-HarwNR72.nc","stage2/ds27_pangaea_ferrybox/DS27_PANGAEA_20260809T183210Z/HZG-Ferrybox_Cux-HarwNR72.nc",5801,5801,5801,0,0,0,0,0,0,0,"2004-02-18T16:46:56Z","2004-02-19T10:07:15Z"
"HZG-Ferrybox_Harw-CuxNR73.nc","stage2/ds27_pangaea_ferrybox/DS27_PANGAEA_20260809T183210Z/HZG-Ferrybox_Harw-CuxNR73.nc",6090,6090,6090,6090,6090,6090,6090,0,0,0,"2004-02-19T16:47:35Z","2004-02-20T11:01:04Z"
"HZG-Ferrybox_Cux-HarwNR74.nc","stage2/ds27_pangaea_ferrybox/DS27_PANGAEA_20260809T183210Z/HZG-Ferrybox_Cux-HarwNR74.nc",5890,5890,5890,5890,5890,5890,5890,0,0,0,"2004-02-20T16:32:05Z","2004-02-21T10:01:25Z"
"HZG-Ferrybox_Harw-CuxNR75.nc","stage2/ds27_pangaea_ferrybox/DS27_PANGAEA_20260809T183210Z/HZG-Ferrybox_Harw-CuxNR75.nc",6031,6031,6031,6031,6031,6031,6031,0,0,0,"2004-02-21T16:31:26Z","2004-02-22T10:22:35Z"
"HZG-Ferrybox_Cux-HarwNR76.nc","stage2/ds27_pangaea_ferrybox/DS27_PANGAEA_20260809T183210Z/HZG-Ferrybox_Cux-HarwNR76.nc",5789,5789,5789,5789,5789,5789,5789,0,0,0,"2004-02-23T16:50:35Z","2004-02-24T10:12:05Z"
"HZG-Ferrybox_Harw-CuxNR77.nc","stage2/ds27_pangaea_ferrybox/DS27_PANGAEA_20260809T183210Z/HZG-Ferrybox_Harw-CuxNR77.nc",6062,6062,6062,6061,6061,6061,6061,0,0,0,"2004-02-24T16:31:15Z","2004-02-25T10:31:15Z"
"HZG-Ferrybox_Cux-HarwNR78.nc","stage2/ds27_pangaea_ferrybox/DS27_PANGAEA_20260809T183210Z/HZG-Ferrybox_Cux-HarwNR78.nc",6281,6281,6281,6281,6281,6281,6281,0,0,0,"2004-02-25T16:43:25Z","2004-02-26T11:19:04Z"
"HZG-Ferrybox_Harw-CuxNR79.nc","stage2/ds27_pangaea_ferrybox/DS27_PANGAEA_20260809T183210Z/HZG-Ferrybox_Harw-CuxNR79.nc",5920,5920,5920,5920,5920,5920,5920,0,0,0,"2004-02-26T16:32:35Z","2004-02-27T10:04:54Z"
"HZG-Ferrybox_Harw-CuxNR80.nc","stage2/ds27_pangaea_ferrybox/DS27_PANGAEA_20260809T183210Z/HZG-Ferrybox_Harw-CuxNR80.nc",5878,5878,5878,5878,5878,5878,5878,0,0,0,"2004-02-28T16:38:23Z","2004-02-29T10:08:14Z"
"HZG-Ferrybox_Cux-HarwNR7598.nc","stage2/ds27_pangaea_ferrybox/DS27_PANGAEA_20260809T183210Z/HZG-Ferrybox_Cux-HarwNR7598.nc",5301,5301,5301,5301,5250,5250,5250,0,0,0,"2004-03-01T16:58:34Z","2004-03-02T10:12:24Z"
"HZG-Ferrybox_Cux-HarwNR81.nc","stage2/ds27_pangaea_ferrybox/DS27_PANGAEA_20260809T183210Z/HZG-Ferrybox_Cux-HarwNR81.nc",4811,4811,4811,4811,4811,4811,4811,0,0,0,"2004-03-03T19:54:15Z","2004-03-04T10:10:14Z"
"HZG-Ferrybox_Harw-CuxNR82.nc","stage2/ds27_pangaea_ferrybox/DS27_PANGAEA_20260809T183210Z/HZG-Ferrybox_Harw-CuxNR82.nc",5859,5859,5859,5859,5859,5859,5859,0,0,0,"2004-03-04T16:55:25Z","2004-03-05T10:15:25Z"
"HZG-Ferrybox_Cux-HarwNR87.nc","stage2/ds27_pangaea_ferrybox/DS27_PANGAEA_20260809T183210Z/HZG-Ferrybox_Cux-HarwNR87.nc",2666,2666,2666,2666,2666,2666,2666,0,0,0,"2004-03-14T16:35:14Z","2004-03-15T00:34:34Z"
"HZG-Ferrybox_Harw-CuxNR88.nc","stage2/ds27_pangaea_ferrybox/DS27_PANGAEA_20260809T183210Z/HZG-Ferrybox_Harw-CuxNR88.nc",6031,6031,6031,6031,6031,6031,6031,0,0,0,"2004-03-15T16:25:35Z","2004-03-16T09:55:35Z"
"HZG-Ferrybox_Harw-CuxNR89.nc","stage2/ds27_pangaea_ferrybox/DS27_PANGAEA_20260809T183210Z/HZG-Ferrybox_Harw-CuxNR89.nc",5929,5929,5929,5929,5929,5929,5929,0,0,0,"2004-03-17T16:30:25Z","2004-03-18T09:56:05Z"
"HZG-Ferrybox_Cux-HarwNR90.nc","stage2/ds27_pangaea_ferrybox/DS27_PANGAEA_20260809T183210Z/HZG-Ferrybox_Cux-HarwNR90.nc",5896,5896,5896,5896,5896,5896,5896,0,0,0,"2004-03-18T16:43:55Z","2004-03-19T10:08:14Z"
"HZG-Ferrybox_Harw-CuxNR91.nc","stage2/ds27_pangaea_ferrybox/DS27_PANGAEA_20260809T183210Z/HZG-Ferrybox_Harw-CuxNR91.nc",5965,5965,5965,5965,5965,5965,5965,0,0,0,"2004-03-19T16:32:55Z","2004-03-20T10:07:35Z"
"HZG-Ferrybox_Harw-CuxNR92.nc","stage2/ds27_pangaea_ferrybox/DS27_PANGAEA_20260809T183210Z/HZG-Ferrybox_Harw-CuxNR92.nc",5479,5479,5479,5479,5479,5479,5479,0,0,0,"2004-03-23T16:33:56Z","2004-03-24T10:05:55Z"
"HZG-Ferrybox_Harw-CuxNR93.nc","stage2/ds27_pangaea_ferrybox/DS27_PANGAEA_20260809T183210Z/HZG-Ferrybox_Harw-CuxNR93.nc",5959,5959,5959,5959,5959,5959,5959,0,0,0,"2004-03-25T16:42:15Z","2004-03-26T10:25:16Z"
"HZG-Ferrybox_Cux-HarwNR94.nc","stage2/ds27_pangaea_ferrybox/DS27_PANGAEA_20260809T183210Z/HZG-Ferrybox_Cux-HarwNR94.nc",5739,5739,5739,5739,5739,5739,5739,0,0,0,"2004-03-26T17:01:04Z","2004-03-27T10:02:43Z"
"HZG-Ferrybox_Harw-CuxNR95.nc","stage2/ds27_pangaea_ferrybox/DS27_PANGAEA_20260809T183210Z/HZG-Ferrybox_Harw-CuxNR95.nc",5827,5827,5827,5827,5827,5827,5827,0,0,0,"2004-03-27T16:26:45Z","2004-03-28T09:31:43Z"
"HZG-Ferrybox_Cux-HarwNR96.nc","stage2/ds27_pangaea_ferrybox/DS27_PANGAEA_20260809T183210Z/HZG-Ferrybox_Cux-HarwNR96.nc",6075,6075,6075,6075,6075,6075,6075,0,0,0,"2004-04-01T15:29:54Z","2004-04-02T09:25:55Z"
"HZG-Ferrybox_Harw-CuxNR97.nc","stage2/ds27_pangaea_ferrybox/DS27_PANGAEA_20260809T183210Z/HZG-Ferrybox_Harw-CuxNR97.nc",5607,5607,5607,5607,5607,5607,5607,0,0,0,"2004-04-02T16:05:35Z","2004-04-03T08:41:15Z"
"HZG-Ferrybox_Cux-HarwNR98.nc","stage2/ds27_pangaea_ferrybox/DS27_PANGAEA_20260809T183210Z/HZG-Ferrybox_Cux-HarwNR98.nc",5995,5995,5995,5995,5995,5995,5995,0,0,0,"2004-04-03T15:15:16Z","2004-04-04T09:05:14Z"
"HZG-Ferrybox_Harw-CuxNR99.nc","stage2/ds27_pangaea_ferrybox/DS27_PANGAEA_20260809T183210Z/HZG-Ferrybox_Harw-CuxNR99.nc",5949,5949,5949,5948,5948,5948,5948,0,0,0,"2004-04-04T15:28:04Z","2004-04-05T08:57:24Z"
"HZG-Ferrybox_Harw-CuxNR100.nc","stage2/ds27_pangaea_ferrybox/DS27_PANGAEA_20260809T183210Z/HZG-Ferrybox_Harw-CuxNR100.nc",5981,5981,5981,5981,5981,5981,5981,0,0,0,"2004-04-06T15:23:06Z","2004-04-07T09:00:16Z"
"HZG-Ferrybox_Cux-HarwNR101.nc","stage2/ds27_pangaea_ferrybox/DS27_PANGAEA_20260809T183210Z/HZG-Ferrybox_Cux-HarwNR101.nc",5968,5968,5968,5968,5968,5968,5968,0,0,0,"2004-04-07T15:20:44Z","2004-04-08T09:07:34Z"
"HZG-Ferrybox_Harw-CuxNR102.nc","stage2/ds27_pangaea_ferrybox/DS27_PANGAEA_20260809T183210Z/HZG-Ferrybox_Harw-CuxNR102.nc",5975,5975,5975,5975,5975,5975,5975,0,0,0,"2004-04-08T15:27:35Z","2004-04-09T09:09:13Z"
"HZG-Ferrybox_Cux-HarwNR103.nc","stage2/ds27_pangaea_ferrybox/DS27_PANGAEA_20260809T183210Z/HZG-Ferrybox_Cux-HarwNR103.nc",5976,5976,5976,5976,5976,5976,5976,0,0,0,"2004-04-09T15:20:55Z","2004-04-10T09:06:15Z"
"HZG-Ferrybox_Harw-CuxNR104.nc","stage2/ds27_pangaea_ferrybox/DS27_PANGAEA_20260809T183210Z/HZG-Ferrybox_Harw-CuxNR104.nc",2120,2120,2120,2120,2120,2120,2120,0,0,0,"2004-04-10T15:30:36Z","2004-04-10T21:52:25Z"
"HZG-Ferrybox_Harw-CuxNR105.nc","stage2/ds27_pangaea_ferrybox/DS27_PANGAEA_20260809T183210Z/HZG-Ferrybox_Harw-CuxNR105.nc",6067,6067,6067,6067,6067,6067,6067,0,0,0,"2004-04-12T15:24:46Z","2004-04-13T09:07:05Z"
"HZG-Ferrybox_Cux-HarwNR106.nc","stage2/ds27_pangaea_ferrybox/DS27_PANGAEA_20260809T183210Z/HZG-Ferrybox_Cux-HarwNR106.nc",5998,5998,5998,5998,5998,5998,5998,0,0,0,"2004-04-13T15:34:24Z","2004-04-14T09:09:05Z"
"HZG-Ferrybox_Cux-HarwNR107.nc","stage2/ds27_pangaea_ferrybox/DS27_PANGAEA_20260809T183210Z/HZG-Ferrybox_Cux-HarwNR107.nc",5751,5751,5751,5749,5749,5749,5749,0,0,0,"2004-04-15T15:44:35Z","2004-04-16T09:05:25Z"
"HZG-Ferrybox_Harw-CuxNR108.nc","stage2/ds27_pangaea_ferrybox/DS27_PANGAEA_20260809T183210Z/HZG-Ferrybox_Harw-CuxNR108.nc",5982,5982,5982,5982,5982,5982,5982,0,0,0,"2004-04-16T15:32:55Z","2004-04-17T09:06:24Z"
"HZG-Ferrybox_Harw-CuxNR109.nc","stage2/ds27_pangaea_ferrybox/DS27_PANGAEA_20260809T183210Z/HZG-Ferrybox_Harw-CuxNR109.nc",5909,5909,5909,5909,5909,5909,5909,0,0,0,"2004-04-18T15:31:25Z","2004-04-19T09:00:44Z"
"HZG-Ferrybox_Cux-HarwNR110.nc","stage2/ds27_pangaea_ferrybox/DS27_PANGAEA_20260809T183210Z/HZG-Ferrybox_Cux-HarwNR110.nc",5842,5842,5842,5842,5842,5842,5842,0,0,0,"2004-04-21T15:39:45Z","2004-04-22T09:03:36Z"
"HZG-Ferrybox_Cux-HarwNR111.nc","stage2/ds27_pangaea_ferrybox/DS27_PANGAEA_20260809T183210Z/HZG-Ferrybox_Cux-HarwNR111.nc",5968,5968,5968,5968,5968,5968,5968,0,0,0,"2004-04-23T15:25:25Z","2004-04-24T09:04:54Z"
"HZG-Ferrybox_Harw-CuxNR112.nc","stage2/ds27_pangaea_ferrybox/DS27_PANGAEA_20260809T183210Z/HZG-Ferrybox_Harw-CuxNR112.nc",6010,6010,6010,6010,6010,6010,6010,0,0,0,"2004-04-24T15:26:45Z","2004-04-25T08:57:35Z"
"HZG-Ferrybox_Cux-HarwNR113.nc","stage2/ds27_pangaea_ferrybox/DS27_PANGAEA_20260809T183210Z/HZG-Ferrybox_Cux-HarwNR113.nc",6005,6005,6005,6005,6005,6005,6005,0,0,0,"2004-04-25T15:22:44Z","2004-04-26T09:03:03Z"
"HZG-Ferrybox_Harw-CuxNR114.nc","stage2/ds27_pangaea_ferrybox/DS27_PANGAEA_20260809T183210Z/HZG-Ferrybox_Harw-CuxNR114.nc",6116,6116,6116,6116,6116,6116,6116,0,0,0,"2004-04-26T15:30:44Z","2004-04-27T09:18:44Z"
"HZG-Ferrybox_Cux-HarwNR116.nc","stage2/ds27_pangaea_ferrybox/DS27_PANGAEA_20260809T183210Z/HZG-Ferrybox_Cux-HarwNR116.nc",5970,5970,5970,5970,5970,5970,5970,0,0,0,"2004-04-29T15:37:34Z","2004-04-30T09:00:55Z"
"HZG-Ferrybox_Harw-CuxNR7918.nc","stage2/ds27_pangaea_ferrybox/DS27_PANGAEA_20260809T183210Z/HZG-Ferrybox_Harw-CuxNR7918.nc",5861,5861,5861,5861,5805,5805,5805,0,0,0,"2004-04-30T15:34:25Z","2004-05-01T09:07:24Z"
"HZG-Ferrybox_Cux-HarwNR117.nc","stage2/ds27_pangaea_ferrybox/DS27_PANGAEA_20260809T183210Z/HZG-Ferrybox_Cux-HarwNR117.nc",6061,6061,6061,6061,6061,6061,6061,0,0,0,"2004-05-01T15:24:09Z","2004-05-02T09:01:15Z"
"HZG-Ferrybox_Harw-CuxNR137.nc","stage2/ds27_pangaea_ferrybox/DS27_PANGAEA_20260809T183210Z/HZG-Ferrybox_Harw-CuxNR137.nc",5864,5864,5864,5864,5864,5864,5864,0,0,0,"2004-05-02T15:43:03Z","2004-05-03T09:00:25Z"
"HZG-Ferrybox_Cux-HarwNR157.nc","stage2/ds27_pangaea_ferrybox/DS27_PANGAEA_20260809T183210Z/HZG-Ferrybox_Cux-HarwNR157.nc",6167,6167,6167,6167,6167,6167,6167,0,0,0,"2004-05-05T15:25:55Z","2004-05-06T09:21:14Z"
"HZG-Ferrybox_Harw-CuxNR177.nc","stage2/ds27_pangaea_ferrybox/DS27_PANGAEA_20260809T183210Z/HZG-Ferrybox_Harw-CuxNR177.nc",6019,6019,6019,6019,6019,6019,6019,0,0,0,"2004-05-06T15:32:06Z","2004-05-07T09:09:35Z"
"HZG-Ferrybox_Cux-HarwNR197.nc","stage2/ds27_pangaea_ferrybox/DS27_PANGAEA_20260809T183210Z/HZG-Ferrybox_Cux-HarwNR197.nc",4590,4590,4590,4590,4590,4590,4590,0,0,0,"2004-05-07T19:34:35Z","2004-05-08T09:06:26Z"
"HZG-Ferrybox_Harw-CuxNR217.nc","stage2/ds27_pangaea_ferrybox/DS27_PANGAEA_20260809T183210Z/HZG-Ferrybox_Harw-CuxNR217.nc",6154,6154,6154,6154,6154,6154,6154,0,0,0,"2004-05-08T15:21:14Z","2004-05-09T09:10:35Z"
"HZG-Ferrybox_Cux-HarwNR237.nc","stage2/ds27_pangaea_ferrybox/DS27_PANGAEA_20260809T183210Z/HZG-Ferrybox_Cux-HarwNR237.nc",6121,6121,6121,6121,6121,6121,6121,0,0,0,"2004-05-09T15:20:55Z","2004-05-10T09:07:24Z"
"HZG-Ferrybox_Harw-CuxNR257.nc","stage2/ds27_pangaea_ferrybox/DS27_PANGAEA_20260809T183210Z/HZG-Ferrybox_Harw-CuxNR257.nc",6150,6150,6150,6150,6150,6150,6150,0,0,0,"2004-05-10T15:20:55Z","2004-05-11T09:11:05Z"
"HZG-Ferrybox_Cux-HarwNR277.nc","stage2/ds27_pangaea_ferrybox/DS27_PANGAEA_20260809T183210Z/HZG-Ferrybox_Cux-HarwNR277.nc",6108,6108,6108,6108,6108,6108,6108,0,0,0,"2004-05-11T15:22:05Z","2004-05-12T09:08:34Z"
"HZG-Ferrybox_Cux-HarwNR297.nc","stage2/ds27_pangaea_ferrybox/DS27_PANGAEA_20260809T183210Z/HZG-Ferrybox_Cux-HarwNR297.nc",6126,6126,6126,6126,6126,6126,6126,0,0,0,"2004-05-13T15:22:15Z","2004-05-14T09:12:25Z"
"HZG-Ferrybox_Harw-CuxNR317.nc","stage2/ds27_pangaea_ferrybox/DS27_PANGAEA_20260809T183210Z/HZG-Ferrybox_Harw-CuxNR317.nc",847,847,847,847,847,847,847,0,0,0,"2004-05-15T06:33:35Z","2004-05-15T08:57:55Z"
"HZG-Ferrybox_Cux-HarwNR337.nc","stage2/ds27_pangaea_ferrybox/DS27_PANGAEA_20260809T183210Z/HZG-Ferrybox_Cux-HarwNR337.nc",6065,6065,6065,6065,6065,6065,6065,0,0,0,"2004-05-15T15:18:04Z","2004-05-16T09:09:44Z"
"HZG-Ferrybox_Harw-CuxNR357.nc","stage2/ds27_pangaea_ferrybox/DS27_PANGAEA_20260809T183210Z/HZG-Ferrybox_Harw-CuxNR357.nc",5445,5445,5445,5445,5445,5445,5445,0,0,0,"2004-05-16T17:12:13Z","2004-05-17T08:56:15Z"
"HZG-Ferrybox_Cux-HarwNR377.nc","stage2/ds27_pangaea_ferrybox/DS27_PANGAEA_20260809T183210Z/HZG-Ferrybox_Cux-HarwNR377.nc",5885,5885,5885,5885,5885,5885,5885,0,0,0,"2004-05-19T15:43:25Z","2004-05-20T09:23:36Z"
"HZG-Ferrybox_Cux-HarwNR397.nc","stage2/ds27_pangaea_ferrybox/DS27_PANGAEA_20260809T183210Z/HZG-Ferrybox_Cux-HarwNR397.nc",6028,6028,6028,6028,6028,6028,6028,0,0,0,"2004-05-27T15:33:45Z","2004-05-28T09:07:44Z"
"HZG-Ferrybox_Harw-CuxNR417.nc","stage2/ds27_pangaea_ferrybox/DS27_PANGAEA_20260809T183210Z/HZG-Ferrybox_Harw-CuxNR417.nc",5930,5930,5930,5930,5930,5930,5930,0,0,0,"2004-05-28T15:47:55Z","2004-05-29T09:04:15Z"
"HZG-Ferrybox_Cux-HarwNR437.nc","stage2/ds27_pangaea_ferrybox/DS27_PANGAEA_20260809T183210Z/HZG-Ferrybox_Cux-HarwNR437.nc",5968,5968,5968,5968,5968,5968,5968,0,0,0,"2004-05-29T15:26:15Z","2004-05-30T09:01:45Z"
"HZG-Ferrybox_Harw-CuxNR457.nc","stage2/ds27_pangaea_ferrybox/DS27_PANGAEA_20260809T183210Z/HZG-Ferrybox_Harw-CuxNR457.nc",5821,5821,5821,5821,5821,5821,5821,0,0,0,"2004-05-30T15:49:15Z","2004-05-31T08:57:35Z"
"HZG-Ferrybox_Cux-HarwNR477.nc","stage2/ds27_pangaea_ferrybox/DS27_PANGAEA_20260809T183210Z/HZG-Ferrybox_Cux-HarwNR477.nc",5963,5963,5963,5963,5963,5963,5963,0,0,0,"2004-05-31T15:29:24Z","2004-06-01T09:03:34Z"
"HZG-Ferrybox_Harw-CuxNR497.nc","stage2/ds27_pangaea_ferrybox/DS27_PANGAEA_20260809T183210Z/HZG-Ferrybox_Harw-CuxNR497.nc",6023,6023,6023,6023,6023,6023,6023,0,0,0,"2004-06-01T15:24:04Z","2004-06-02T08:55:35Z"
"HZG-Ferrybox_Cux-HarwNR517.nc","stage2/ds27_pangaea_ferrybox/DS27_PANGAEA_20260809T183210Z/HZG-Ferrybox_Cux-HarwNR517.nc",6055,6055,6055,6055,6055,6055,6055,0,0,0,"2004-06-02T15:25:44Z","2004-06-03T09:09:55Z"
"HZG-Ferrybox_Harw-CuxNR537.nc","stage2/ds27_pangaea_ferrybox/DS27_PANGAEA_20260809T183210Z/HZG-Ferrybox_Harw-CuxNR537.nc",6035,6035,6035,6035,6035,6035,6035,0,0,0,"2004-06-03T15:26:15Z","2004-06-04T09:10:35Z"
"HZG-Ferrybox_Cux-HarwNR557.nc","stage2/ds27_pangaea_ferrybox/DS27_PANGAEA_20260809T183210Z/HZG-Ferrybox_Cux-HarwNR557.nc",6032,6032,6032,6032,6032,6032,6032,0,0,0,"2004-06-04T15:41:05Z","2004-06-05T09:09:44Z"
"HZG-Ferrybox_Harw-CuxNR577.nc","stage2/ds27_pangaea_ferrybox/DS27_PANGAEA_20260809T183210Z/HZG-Ferrybox_Harw-CuxNR577.nc",6006,6006,6006,6006,6006,6006,6006,0,0,0,"2004-06-05T15:32:56Z","2004-06-06T09:03:34Z"
"HZG-Ferrybox_Cux-HarwNR597.nc","stage2/ds27_pangaea_ferrybox/DS27_PANGAEA_20260809T183210Z/HZG-Ferrybox_Cux-HarwNR597.nc",6012,6012,6012,6012,6012,6012,6012,0,0,0,"2004-06-06T15:18:14Z","2004-06-07T09:10:46Z"
"HZG-Ferrybox_Harw-CuxNR617.nc","stage2/ds27_pangaea_ferrybox/DS27_PANGAEA_20260809T183210Z/HZG-Ferrybox_Harw-CuxNR617.nc",6105,6105,6105,6105,6105,6105,6105,0,0,0,"2004-06-07T15:24:46Z","2004-06-08T09:09:55Z"
"HZG-Ferrybox_Cux-HarwNR637.nc","stage2/ds27_pangaea_ferrybox/DS27_PANGAEA_20260809T183210Z/HZG-Ferrybox_Cux-HarwNR637.nc",6057,6057,6057,6057,6057,6057,6057,0,0,0,"2004-06-08T15:31:04Z","2004-06-09T09:07:55Z"
"HZG-Ferrybox_Harw-CuxNR657.nc","stage2/ds27_pangaea_ferrybox/DS27_PANGAEA_20260809T183210Z/HZG-Ferrybox_Harw-CuxNR657.nc",5964,5964,5964,5964,5964,5964,5964,0,0,0,"2004-06-09T15:46:56Z","2004-06-10T09:07:05Z"
"HZG-Ferrybox_Cux-HarwNR677.nc","stage2/ds27_pangaea_ferrybox/DS27_PANGAEA_20260809T183210Z/HZG-Ferrybox_Cux-HarwNR677.nc",6013,6013,6013,6013,6013,6013,6013,0,0,0,"2004-06-10T15:30:25Z","2004-06-11T09:06:15Z"
"HZG-Ferrybox_Harw-CuxNR697.nc","stage2/ds27_pangaea_ferrybox/DS27_PANGAEA_20260809T183210Z/HZG-Ferrybox_Harw-CuxNR697.nc",5997,5997,5997,5997,5997,5997,5997,0,0,0,"2004-06-11T15:31:04Z","2004-06-12T08:59:35Z"
"HZG-Ferrybox_Cux-HarwNR717.nc","stage2/ds27_pangaea_ferrybox/DS27_PANGAEA_20260809T183210Z/HZG-Ferrybox_Cux-HarwNR717.nc",6338,6338,6338,6338,6338,6338,6338,0,0,0,"2004-06-12T15:30:03Z","2004-06-13T09:06:15Z"
"HZG-Ferrybox_Cux-HarwNR757.nc","stage2/ds27_pangaea_ferrybox/DS27_PANGAEA_20260809T183210Z/HZG-Ferrybox_Cux-HarwNR757.nc",6338,6338,6338,6338,6338,6338,6338,0,0,0,"2004-06-16T15:27:05Z","2004-06-17T09:03:14Z"
"HZG-Ferrybox_Harw-CuxNR4037.nc","stage2/ds27_pangaea_ferrybox/DS27_PANGAEA_20260809T183210Z/HZG-Ferrybox_Harw-CuxNR4037.nc",6285,6285,6285,6285,6285,6285,6285,0,0,0,"2004-06-17T15:29:46Z","2004-06-18T08:57:05Z"
"HZG-Ferrybox_Cux-HarwNR4038.nc","stage2/ds27_pangaea_ferrybox/DS27_PANGAEA_20260809T183210Z/HZG-Ferrybox_Cux-HarwNR4038.nc",6387,6387,6387,6387,6387,6387,6387,0,0,0,"2004-06-18T15:22:05Z","2004-06-19T09:06:24Z"
"HZG-Ferrybox_Harw-CuxNR4039.nc","stage2/ds27_pangaea_ferrybox/DS27_PANGAEA_20260809T183210Z/HZG-Ferrybox_Harw-CuxNR4039.nc",6300,6300,6300,6300,6300,6300,6300,0,0,0,"2004-06-19T15:33:16Z","2004-06-20T09:03:03Z"
"HZG-Ferrybox_Cux-HarwNR777.nc","stage2/ds27_pangaea_ferrybox/DS27_PANGAEA_20260809T183210Z/HZG-Ferrybox_Cux-HarwNR777.nc",6342,6342,6342,6342,6342,6342,6342,0,0,0,"2004-06-20T15:26:45Z","2004-06-21T09:03:34Z"
"HZG-Ferrybox_Harw-CuxNR797.nc","stage2/ds27_pangaea_ferrybox/DS27_PANGAEA_20260809T183210Z/HZG-Ferrybox_Harw-CuxNR797.nc",6280,6280,6280,6280,6280,6280,6280,0,0,0,"2004-06-21T15:39:34Z","2004-06-22T09:06:04Z"
"HZG-Ferrybox_Cux-HarwNR817.nc","stage2/ds27_pangaea_ferrybox/DS27_PANGAEA_20260809T183210Z/HZG-Ferrybox_Cux-HarwNR817.nc",6349,6349,6349,6349,6349,6349,6349,0,0,0,"2004-06-22T15:25:14Z","2004-06-23T09:03:14Z"
"HZG-Ferrybox_Harw-CuxNR837.nc","stage2/ds27_pangaea_ferrybox/DS27_PANGAEA_20260809T183210Z/HZG-Ferrybox_Harw-CuxNR837.nc",6360,6360,6360,6360,6360,6360,6360,0,0,0,"2004-06-23T15:28:15Z","2004-06-24T09:08:06Z"
"HZG-Ferrybox_Harw-CuxNR897.nc","stage2/ds27_pangaea_ferrybox/DS27_PANGAEA_20260809T183210Z/HZG-Ferrybox_Harw-CuxNR897.nc",6171,6171,6171,6171,6171,6171,6171,0,0,0,"2004-06-25T15:59:23Z","2004-06-26T09:07:44Z"
"HZG-Ferrybox_Cux-HarwNR917.nc","stage2/ds27_pangaea_ferrybox/DS27_PANGAEA_20260809T183210Z/HZG-Ferrybox_Cux-HarwNR917.nc",6398,6398,6398,6398,6398,6398,6398,0,0,0,"2004-06-26T15:22:46Z","2004-06-27T09:08:54Z"
"HZG-Ferrybox_Harw-CuxNR937.nc","stage2/ds27_pangaea_ferrybox/DS27_PANGAEA_20260809T183210Z/HZG-Ferrybox_Harw-CuxNR937.nc",6008,6008,6008,6008,6008,6008,6008,0,0,0,"2004-06-27T16:22:26Z","2004-06-28T09:03:34Z"
"HZG-Ferrybox_Cux-HarwNR957.nc","stage2/ds27_pangaea_ferrybox/DS27_PANGAEA_20260809T183210Z/HZG-Ferrybox_Cux-HarwNR957.nc",6251,6251,6251,6251,6251,6251,6251,0,0,0,"2004-06-28T15:45:05Z","2004-06-29T09:06:43Z"
"HZG-Ferrybox_Harw-CuxNR977.nc","stage2/ds27_pangaea_ferrybox/DS27_PANGAEA_20260809T183210Z/HZG-Ferrybox_Harw-CuxNR977.nc",6275,6275,6275,6275,6275,6275,6275,0,0,0,"2004-06-29T15:39:23Z","2004-06-30T09:05:03Z"
"HZG-Ferrybox_Cux-HarwNR997.nc","stage2/ds27_pangaea_ferrybox/DS27_PANGAEA_20260809T183210Z/HZG-Ferrybox_Cux-HarwNR997.nc",6337,6337,6337,6337,6337,6337,6337,0,0,0,"2004-06-30T15:25:44Z","2004-07-01T09:01:45Z"
"HZG-Ferrybox_Harw-CuxNR1017.nc","stage2/ds27_pangaea_ferrybox/DS27_PANGAEA_20260809T183210Z/HZG-Ferrybox_Harw-CuxNR1017.nc",6289,6289,6289,6289,6289,6289,6289,0,0,0,"2004-07-01T15:30:45Z","2004-07-02T08:58:45Z"
"HZG-Ferrybox_Cux-HarwNR1037.nc","stage2/ds27_pangaea_ferrybox/DS27_PANGAEA_20260809T183210Z/HZG-Ferrybox_Cux-HarwNR1037.nc",6304,6304,6304,6304,6304,6304,6304,0,0,0,"2004-07-02T15:28:34Z","2004-07-03T08:59:04Z"
"HZG-Ferrybox_Harw-CuxNR1057.nc","stage2/ds27_pangaea_ferrybox/DS27_PANGAEA_20260809T183210Z/HZG-Ferrybox_Harw-CuxNR1057.nc",6318,6318,6318,6318,6318,6318,6318,0,0,0,"2004-07-03T15:33:05Z","2004-07-04T09:05:53Z"
"HZG-Ferrybox_Cux-HarwNR1077.nc","stage2/ds27_pangaea_ferrybox/DS27_PANGAEA_20260809T183210Z/HZG-Ferrybox_Cux-HarwNR1077.nc",6345,6345,6345,6345,6345,6345,6345,0,0,0,"2004-07-04T15:25:36Z","2004-07-05T09:02:55Z"
"HZG-Ferrybox_Harw-CuxNR1097.nc","stage2/ds27_pangaea_ferrybox/DS27_PANGAEA_20260809T183210Z/HZG-Ferrybox_Harw-CuxNR1097.nc",6344,6344,6344,6344,6344,6344,6344,0,0,0,"2004-07-05T15:26:04Z","2004-07-06T09:03:14Z"
"HZG-Ferrybox_Cux-HarwNR1117.nc","stage2/ds27_pangaea_ferrybox/DS27_PANGAEA_20260809T183210Z/HZG-Ferrybox_Cux-HarwNR1117.nc",6262,6262,6262,6262,6262,6262,6262,0,0,0,"2004-07-06T15:42:04Z","2004-07-07T09:05:34Z"
"HZG-Ferrybox_Harw-CuxNR1137.nc","stage2/ds27_pangaea_ferrybox/DS27_PANGAEA_20260809T183210Z/HZG-Ferrybox_Harw-CuxNR1137.nc",6423,6423,6423,6423,6423,6423,6423,0,0,0,"2004-07-07T15:58:05Z","2004-07-08T09:48:25Z"
"HZG-Ferrybox_Cux-HarwNR1157.nc","stage2/ds27_pangaea_ferrybox/DS27_PANGAEA_20260809T183210Z/HZG-Ferrybox_Cux-HarwNR1157.nc",6434,6434,6434,6434,6434,6434,6434,0,0,0,"2004-07-08T15:26:06Z","2004-07-09T09:18:16Z"
"HZG-Ferrybox_Cux-HarwNR1177.nc","stage2/ds27_pangaea_ferrybox/DS27_PANGAEA_20260809T183210Z/HZG-Ferrybox_Cux-HarwNR1177.nc",6400,6400,6400,6400,6400,6400,6400,0,0,0,"2004-07-28T15:21:45Z","2004-07-29T09:08:14Z"
"HZG-Ferrybox_Harw-CuxNR1197.nc","stage2/ds27_pangaea_ferrybox/DS27_PANGAEA_20260809T183210Z/HZG-Ferrybox_Harw-CuxNR1197.nc",6278,6278,6278,6278,6278,6278,6278,0,0,0,"2004-07-29T15:32:14Z","2004-07-30T08:58:25Z"
"HZG-Ferrybox_Cux-HarwNR1217.nc","stage2/ds27_pangaea_ferrybox/DS27_PANGAEA_20260809T183210Z/HZG-Ferrybox_Cux-HarwNR1217.nc",6227,6227,6227,6227,6227,6227,6227,0,0,0,"2004-07-30T15:47:05Z","2004-07-31T09:04:44Z"
"HZG-Ferrybox_Harw-CuxNR1237.nc","stage2/ds27_pangaea_ferrybox/DS27_PANGAEA_20260809T183210Z/HZG-Ferrybox_Harw-CuxNR1237.nc",6226,6226,6226,6226,6226,6226,6226,0,0,0,"2004-07-31T15:38:55Z","2004-08-01T08:56:24Z"
"HZG-Ferrybox_Cux-HarwNR1257.nc","stage2/ds27_pangaea_ferrybox/DS27_PANGAEA_20260809T183210Z/HZG-Ferrybox_Cux-HarwNR1257.nc",6395,6395,6395,6395,6395,6395,6395,0,0,0,"2004-08-01T15:20:44Z","2004-08-02T09:06:24Z"
"HZG-Ferrybox_Harw-CuxNR1277.nc","stage2/ds27_pangaea_ferrybox/DS27_PANGAEA_20260809T183210Z/HZG-Ferrybox_Harw-CuxNR1277.nc",6318,6318,6318,6318,6318,6318,6318,0,0,0,"2004-08-02T15:31:55Z","2004-08-03T09:04:44Z"
"HZG-Ferrybox_Cux-HarwNR1297.nc","stage2/ds27_pangaea_ferrybox/DS27_PANGAEA_20260809T183210Z/HZG-Ferrybox_Cux-HarwNR1297.nc",6383,6383,6383,6383,6383,6383,6383,0,0,0,"2004-08-03T15:19:45Z","2004-08-04T09:03:25Z"
"HZG-Ferrybox_Harw-CuxNR1317.nc","stage2/ds27_pangaea_ferrybox/DS27_PANGAEA_20260809T183210Z/HZG-Ferrybox_Harw-CuxNR1317.nc",6372,6372,6372,6372,6372,6372,6372,0,0,0,"2004-08-04T15:23:36Z","2004-08-05T09:05:25Z"
"HZG-Ferrybox_Cux-HarwNR1337.nc","stage2/ds27_pangaea_ferrybox/DS27_PANGAEA_20260809T183210Z/HZG-Ferrybox_Cux-HarwNR1337.nc",6482,6482,6482,6482,6482,6482,6482,0,0,0,"2004-08-11T15:23:36Z","2004-08-12T09:23:45Z"
"HZG-Ferrybox_Harw-CuxNR1357.nc","stage2/ds27_pangaea_ferrybox/DS27_PANGAEA_20260809T183210Z/HZG-Ferrybox_Harw-CuxNR1357.nc",6411,6411,6411,6411,6411,6411,6411,0,0,0,"2004-08-12T15:23:53Z","2004-08-13T09:12:14Z"
"HZG-Ferrybox_Cux-HarwNR1377.nc","stage2/ds27_pangaea_ferrybox/DS27_PANGAEA_20260809T183210Z/HZG-Ferrybox_Cux-HarwNR1377.nc",6213,6213,6213,6213,6213,6213,6213,0,0,0,"2004-08-13T15:56:24Z","2004-08-14T09:11:46Z"
"HZG-Ferrybox_Harw-CuxNR1397.nc","stage2/ds27_pangaea_ferrybox/DS27_PANGAEA_20260809T183210Z/HZG-Ferrybox_Harw-CuxNR1397.nc",6086,6086,6086,6086,6086,6086,6086,0,0,0,"2004-08-14T15:50:45Z","2004-08-15T08:44:55Z"
"HZG-Ferrybox_Cux-HarwNR1417.nc","stage2/ds27_pangaea_ferrybox/DS27_PANGAEA_20260809T183210Z/HZG-Ferrybox_Cux-HarwNR1417.nc",6285,6285,6285,6285,6285,6285,6285,0,0,0,"2004-08-15T15:38:15Z","2004-08-16T09:05:34Z"
"HZG-Ferrybox_Harw-CuxNR1477.nc","stage2/ds27_pangaea_ferrybox/DS27_PANGAEA_20260809T183210Z/HZG-Ferrybox_Harw-CuxNR1477.nc",6282,6282,6282,6282,6282,6282,6282,0,0,0,"2004-08-16T15:27:55Z","2004-08-17T08:54:45Z"
"HZG-Ferrybox_Cux-HarwNR1437.nc","stage2/ds27_pangaea_ferrybox/DS27_PANGAEA_20260809T183210Z/HZG-Ferrybox_Cux-HarwNR1437.nc",6351,6351,6351,6351,6351,6351,6351,0,0,0,"2004-08-17T15:19:54Z","2004-08-18T08:58:14Z"
"HZG-Ferrybox_Harw-CuxNR1457.nc","stage2/ds27_pangaea_ferrybox/DS27_PANGAEA_20260809T183210Z/HZG-Ferrybox_Harw-CuxNR1457.nc",6307,6307,6307,6307,6307,6307,6307,0,0,0,"2004-08-18T15:30:25Z","2004-08-19T09:01:26Z"
"HZG-Ferrybox_Cux-HarwNR1517.nc","stage2/ds27_pangaea_ferrybox/DS27_PANGAEA_20260809T183210Z/HZG-Ferrybox_Cux-HarwNR1517.nc",6482,6482,6482,6482,6482,6482,6482,0,0,0,"2004-08-19T15:36:05Z","2004-08-20T09:36:13Z"
"HZG-Ferrybox_Harw-CuxNR1597.nc","stage2/ds27_pangaea_ferrybox/DS27_PANGAEA_20260809T183210Z/HZG-Ferrybox_Harw-CuxNR1597.nc",6186,6186,6186,6186,6186,6186,6186,0,0,0,"2004-08-20T15:53:46Z","2004-08-21T09:04:35Z"
"HZG-Ferrybox_Harw-CuxNR1617.nc","stage2/ds27_pangaea_ferrybox/DS27_PANGAEA_20260809T183210Z/HZG-Ferrybox_Harw-CuxNR1617.nc",6173,6173,6173,6173,6173,6173,6173,0,0,0,"2004-08-24T15:27:05Z","2004-08-25T08:35:44Z"
"HZG-Ferrybox_Cux-HarwNR1637.nc","stage2/ds27_pangaea_ferrybox/DS27_PANGAEA_20260809T183210Z/HZG-Ferrybox_Cux-HarwNR1637.nc",6454,6454,6454,6454,6454,6454,6454,0,0,0,"2004-08-25T15:28:15Z","2004-08-26T09:23:45Z"
"HZG-Ferrybox_Cux-HarwNR1657.nc","stage2/ds27_pangaea_ferrybox/DS27_PANGAEA_20260809T183210Z/HZG-Ferrybox_Cux-HarwNR1657.nc",6388,6388,6388,6388,6388,6388,6388,0,0,0,"2004-08-31T15:26:55Z","2004-09-01T09:17:04Z"
"HZG-Ferrybox_Harw-CuxNR1497.nc","stage2/ds27_pangaea_ferrybox/DS27_PANGAEA_20260809T183210Z/HZG-Ferrybox_Harw-CuxNR1497.nc",6318,6318,6318,6317,6317,6317,6317,0,0,0,"2004-09-01T15:31:35Z","2004-09-02T09:06:16Z"
"HZG-Ferrybox_Cux-HarwNR1537.nc","stage2/ds27_pangaea_ferrybox/DS27_PANGAEA_20260809T183210Z/HZG-Ferrybox_Cux-HarwNR1537.nc",6191,6191,6191,6191,6191,6191,6191,0,0,0,"2004-09-02T15:51:45Z","2004-09-03T09:03:25Z"
"HZG-Ferrybox_Harw-CuxNR1557.nc","stage2/ds27_pangaea_ferrybox/DS27_PANGAEA_20260809T183210Z/HZG-Ferrybox_Harw-CuxNR1557.nc",6138,6138,6138,6138,6138,6138,6138,0,0,0,"2004-09-03T16:05:16Z","2004-09-04T09:08:04Z"
"HZG-Ferrybox_Cux-HarwNR1577.nc","stage2/ds27_pangaea_ferrybox/DS27_PANGAEA_20260809T183210Z/HZG-Ferrybox_Cux-HarwNR1577.nc",6223,6223,6223,6223,6223,6223,6223,0,0,0,"2004-09-04T15:48:25Z","2004-09-05T09:05:25Z"
"HZG-Ferrybox_Harw-CuxNR1677.nc","stage2/ds27_pangaea_ferrybox/DS27_PANGAEA_20260809T183210Z/HZG-Ferrybox_Harw-CuxNR1677.nc",6356,6356,6356,6356,6356,6356,6356,0,0,0,"2004-09-05T15:31:16Z","2004-09-06T09:10:25Z"
"HZG-Ferrybox_Cux-HarwNR1697.nc","stage2/ds27_pangaea_ferrybox/DS27_PANGAEA_20260809T183210Z/HZG-Ferrybox_Cux-HarwNR1697.nc",6317,6317,6317,6317,6317,6317,6317,0,0,0,"2004-09-06T15:31:35Z","2004-09-07T09:04:15Z"
"HZG-Ferrybox_Harw-CuxNR1717.nc","stage2/ds27_pangaea_ferrybox/DS27_PANGAEA_20260809T183210Z/HZG-Ferrybox_Harw-CuxNR1717.nc",6255,6255,6255,6255,6255,6255,6255,0,0,0,"2004-09-07T15:44:26Z","2004-09-08T09:06:45Z"
"HZG-Ferrybox_Cux-HarwNR1737.nc","stage2/ds27_pangaea_ferrybox/DS27_PANGAEA_20260809T183210Z/HZG-Ferrybox_Cux-HarwNR1737.nc",6332,6332,6332,6332,6332,6332,6332,0,0,0,"2004-09-08T15:31:35Z","2004-09-09T09:06:54Z"
"HZG-Ferrybox_Harw-CuxNR1757.nc","stage2/ds27_pangaea_ferrybox/DS27_PANGAEA_20260809T183210Z/HZG-Ferrybox_Harw-CuxNR1757.nc",6298,6298,6298,6298,6298,6298,6298,0,0,0,"2004-09-09T15:31:04Z","2004-09-10T09:01:56Z"
"HZG-Ferrybox_Cux-HarwNR1777.nc","stage2/ds27_pangaea_ferrybox/DS27_PANGAEA_20260809T183210Z/HZG-Ferrybox_Cux-HarwNR1777.nc",6392,6392,6392,6392,6392,6392,6392,0,0,0,"2004-09-10T15:24:15Z","2004-09-11T09:10:06Z"
"HZG-Ferrybox_Harw-CuxNR1797.nc","stage2/ds27_pangaea_ferrybox/DS27_PANGAEA_20260809T183210Z/HZG-Ferrybox_Harw-CuxNR1797.nc",6201,6201,6201,6201,6201,6201,6201,0,0,0,"2004-09-11T15:46:15Z","2004-09-12T09:02:06Z"
"HZG-Ferrybox_Cux-HarwNR1817.nc","stage2/ds27_pangaea_ferrybox/DS27_PANGAEA_20260809T183210Z/HZG-Ferrybox_Cux-HarwNR1817.nc",7423,7423,7423,7423,7423,7423,7423,0,0,0,"2004-09-12T15:15:05Z","2004-09-13T12:00:55Z"
"HZG-Ferrybox_Harw-CuxNR1837.nc","stage2/ds27_pangaea_ferrybox/DS27_PANGAEA_20260809T183210Z/HZG-Ferrybox_Harw-CuxNR1837.nc",6306,6306,6306,6306,6306,6306,6306,0,0,0,"2004-09-13T15:34:06Z","2004-09-14T09:04:54Z"
"HZG-Ferrybox_Cux-HarwNR1857.nc","stage2/ds27_pangaea_ferrybox/DS27_PANGAEA_20260809T183210Z/HZG-Ferrybox_Cux-HarwNR1857.nc",6558,6558,6558,6558,6558,6558,6558,0,0,0,"2004-09-14T15:16:25Z","2004-09-15T09:29:15Z"
"HZG-Ferrybox_Harw-CuxNR1877.nc","stage2/ds27_pangaea_ferrybox/DS27_PANGAEA_20260809T183210Z/HZG-Ferrybox_Harw-CuxNR1877.nc",6337,6337,6337,6337,6337,6337,6337,0,0,0,"2004-09-15T15:29:24Z","2004-09-16T09:05:25Z"
"HZG-Ferrybox_Cux-HarwNR1897.nc","stage2/ds27_pangaea_ferrybox/DS27_PANGAEA_20260809T183210Z/HZG-Ferrybox_Cux-HarwNR1897.nc",6409,6409,6409,6409,6409,6409,6409,0,0,0,"2004-09-16T15:17:35Z","2004-09-17T09:05:36Z"
"HZG-Ferrybox_Harw-CuxNR1917.nc","stage2/ds27_pangaea_ferrybox/DS27_PANGAEA_20260809T183210Z/HZG-Ferrybox_Harw-CuxNR1917.nc",6320,6320,6320,6320,6320,6320,6320,0,0,0,"2004-09-17T15:34:34Z","2004-09-18T09:07:06Z"
"HZG-Ferrybox_Cux-HarwNR1937.nc","stage2/ds27_pangaea_ferrybox/DS27_PANGAEA_20260809T183210Z/HZG-Ferrybox_Cux-HarwNR1937.nc",6410,6410,6410,6410,6410,6410,6410,0,0,0,"2004-09-18T15:19:15Z","2004-09-19T09:07:25Z"
"HZG-Ferrybox_Harw-CuxNR1957.nc","stage2/ds27_pangaea_ferrybox/DS27_PANGAEA_20260809T183210Z/HZG-Ferrybox_Harw-CuxNR1957.nc",6215,6215,6215,6215,6215,6215,6215,0,0,0,"2004-09-19T15:50:14Z","2004-09-20T09:05:55Z"
"HZG-Ferrybox_Cux-HarwNR1977.nc","stage2/ds27_pangaea_ferrybox/DS27_PANGAEA_20260809T183210Z/HZG-Ferrybox_Cux-HarwNR1977.nc",3214,3214,3214,3214,3214,3214,3214,0,0,0,"2004-09-20T15:22:15Z","2004-09-21T00:17:43Z"
"HZG-Ferrybox_Cux-HarwNR1997.nc","stage2/ds27_pangaea_ferrybox/DS27_PANGAEA_20260809T183210Z/HZG-Ferrybox_Cux-HarwNR1997.nc",6407,6407,6407,6407,6407,6407,6407,0,0,0,"2004-09-22T15:21:06Z","2004-09-23T09:08:55Z"
"HZG-Ferrybox_Harw-CuxNR2017.nc","stage2/ds27_pangaea_ferrybox/DS27_PANGAEA_20260809T183210Z/HZG-Ferrybox_Harw-CuxNR2017.nc",6213,6213,6213,6213,6213,6213,6213,0,0,0,"2004-09-23T15:36:55Z","2004-09-24T08:58:45Z"
"HZG-Ferrybox_Cux-HarwNR2037.nc","stage2/ds27_pangaea_ferrybox/DS27_PANGAEA_20260809T183210Z/HZG-Ferrybox_Cux-HarwNR2037.nc",6302,6302,6302,6302,6302,6302,6302,0,0,0,"2004-09-24T15:31:04Z","2004-09-25T09:18:36Z"
"HZG-Ferrybox_Harw-CuxNR2057.nc","stage2/ds27_pangaea_ferrybox/DS27_PANGAEA_20260809T183210Z/HZG-Ferrybox_Harw-CuxNR2057.nc",6165,6165,6165,6164,6164,6164,6164,0,0,0,"2004-09-25T15:43:34Z","2004-09-26T09:04:24Z"
"HZG-Ferrybox_Cux-HarwNR2077.nc","stage2/ds27_pangaea_ferrybox/DS27_PANGAEA_20260809T183210Z/HZG-Ferrybox_Cux-HarwNR2077.nc",6288,6288,6288,6288,6288,6288,6288,0,0,0,"2004-09-26T15:12:36Z","2004-09-27T09:03:18Z"
"HZG-Ferrybox_Harw-CuxNR2097.nc","stage2/ds27_pangaea_ferrybox/DS27_PANGAEA_20260809T183210Z/HZG-Ferrybox_Harw-CuxNR2097.nc",6236,6236,6236,6236,6236,6236,6236,0,0,0,"2004-09-27T15:21:15Z","2004-09-28T09:02:19Z"
"HZG-Ferrybox_Cux-HarwNR3757.nc","stage2/ds27_pangaea_ferrybox/DS27_PANGAEA_20260809T183210Z/HZG-Ferrybox_Cux-HarwNR3757.nc",6551,6551,6551,6551,6551,6551,6551,0,0,0,"2004-09-28T15:25:55Z","2004-09-29T09:41:25Z"
"HZG-Ferrybox_Harw-CuxNR2237.nc","stage2/ds27_pangaea_ferrybox/DS27_PANGAEA_20260809T183210Z/HZG-Ferrybox_Harw-CuxNR2237.nc",6230,6230,6230,6230,6230,6230,6230,0,0,0,"2004-09-29T15:42:24Z","2004-09-30T09:03:26Z"
"HZG-Ferrybox_Cux-HarwNR2257.nc","stage2/ds27_pangaea_ferrybox/DS27_PANGAEA_20260809T183210Z/HZG-Ferrybox_Cux-HarwNR2257.nc",6287,6287,6287,6287,6287,6287,6287,0,0,0,"2004-09-30T15:23:15Z","2004-10-01T09:05:45Z"
"HZG-Ferrybox_Harw-CuxNR2157.nc","stage2/ds27_pangaea_ferrybox/DS27_PANGAEA_20260809T183210Z/HZG-Ferrybox_Harw-CuxNR2157.nc",6078,6078,6078,6078,6078,6078,6078,0,0,0,"2004-10-01T15:54:16Z","2004-10-02T09:03:25Z"
"HZG-Ferrybox_Cux-HarwNR2177.nc","stage2/ds27_pangaea_ferrybox/DS27_PANGAEA_20260809T183210Z/HZG-Ferrybox_Cux-HarwNR2177.nc",6306,6306,6306,6306,6306,6306,6306,0,0,0,"2004-10-02T15:37:45Z","2004-10-03T09:09:25Z"
"HZG-Ferrybox_Harw-CuxNR2137.nc","stage2/ds27_pangaea_ferrybox/DS27_PANGAEA_20260809T183210Z/HZG-Ferrybox_Harw-CuxNR2137.nc",6291,6291,6291,6291,6291,6291,6291,0,0,0,"2004-10-03T15:29:36Z","2004-10-04T09:11:55Z"
"HZG-Ferrybox_Cux-HarwNR2197.nc","stage2/ds27_pangaea_ferrybox/DS27_PANGAEA_20260809T183210Z/HZG-Ferrybox_Cux-HarwNR2197.nc",6277,6277,6277,6277,6277,6277,6277,0,0,0,"2004-10-04T15:21:56Z","2004-10-05T09:04:25Z"
"HZG-Ferrybox_Harw-CuxNR2217.nc","stage2/ds27_pangaea_ferrybox/DS27_PANGAEA_20260809T183210Z/HZG-Ferrybox_Harw-CuxNR2217.nc",5928,5928,5928,5928,5928,5928,5928,0,0,0,"2004-10-05T15:26:55Z","2004-10-06T08:58:34Z"
"HZG-Ferrybox_Harw-CuxNR2537.nc","stage2/ds27_pangaea_ferrybox/DS27_PANGAEA_20260809T183210Z/HZG-Ferrybox_Harw-CuxNR2537.nc",4814,4814,4814,4814,4814,4814,4814,0,0,0,"2004-10-09T15:32:15Z","2004-10-10T06:15:15Z"
"HZG-Ferrybox_Cux-HarwNR2557.nc","stage2/ds27_pangaea_ferrybox/DS27_PANGAEA_20260809T183210Z/HZG-Ferrybox_Cux-HarwNR2557.nc",5759,5759,5759,4626,4626,4626,4626,0,0,0,"2004-10-10T15:28:46Z","2004-10-11T09:04:35Z"
"HZG-Ferrybox_Harw-CuxNR2577.nc","stage2/ds27_pangaea_ferrybox/DS27_PANGAEA_20260809T183210Z/HZG-Ferrybox_Harw-CuxNR2577.nc",6431,6431,6431,6431,6431,6431,6431,0,0,0,"2004-10-11T15:33:35Z","2004-10-12T09:24:24Z"
"HZG-Ferrybox_Cux-HarwNR2597.nc","stage2/ds27_pangaea_ferrybox/DS27_PANGAEA_20260809T183210Z/HZG-Ferrybox_Cux-HarwNR2597.nc",4907,4907,4907,3932,3932,3932,3932,0,0,0,"2004-10-12T15:20:16Z","2004-10-13T09:16:29Z"
"HZG-Ferrybox_Harw-CuxNR2617.nc","stage2/ds27_pangaea_ferrybox/DS27_PANGAEA_20260809T183210Z/HZG-Ferrybox_Harw-CuxNR2617.nc",4195,4195,4195,4195,4195,4195,4195,0,0,0,"2004-10-13T15:22:46Z","2004-10-14T03:59:30Z"
"HZG-Ferrybox_Cux-HarwNR2277.nc","stage2/ds27_pangaea_ferrybox/DS27_PANGAEA_20260809T183210Z/HZG-Ferrybox_Cux-HarwNR2277.nc",6419,6419,6419,6419,6419,6419,6419,0,0,0,"2004-10-14T15:20:05Z","2004-10-15T09:13:44Z"
"HZG-Ferrybox_Harw-CuxNR2297.nc","stage2/ds27_pangaea_ferrybox/DS27_PANGAEA_20260809T183210Z/HZG-Ferrybox_Harw-CuxNR2297.nc",6208,6208,6208,6208,6208,6208,6208,0,0,0,"2004-10-15T15:39:34Z","2004-10-16T09:12:46Z"
"HZG-Ferrybox_Cux-HarwNR2317.nc","stage2/ds27_pangaea_ferrybox/DS27_PANGAEA_20260809T183210Z/HZG-Ferrybox_Cux-HarwNR2317.nc",6133,6133,6133,6133,6133,6133,6133,0,0,0,"2004-10-16T15:47:16Z","2004-10-17T09:11:36Z"
"HZG-Ferrybox_Harw-CuxNR2337.nc","stage2/ds27_pangaea_ferrybox/DS27_PANGAEA_20260809T183210Z/HZG-Ferrybox_Harw-CuxNR2337.nc",6269,6269,6269,6269,6269,6269,6269,0,0,0,"2004-10-17T15:29:05Z","2004-10-18T09:12:54Z"
"HZG-Ferrybox_Cux-HarwNR2377.nc","stage2/ds27_pangaea_ferrybox/DS27_PANGAEA_20260809T183210Z/HZG-Ferrybox_Cux-HarwNR2377.nc",6223,6223,6223,6223,6223,6223,6223,0,0,0,"2004-10-18T15:29:46Z","2004-10-19T09:08:18Z"
"HZG-Ferrybox_Harw-CuxNR4057.nc","stage2/ds27_pangaea_ferrybox/DS27_PANGAEA_20260809T183210Z/HZG-Ferrybox_Harw-CuxNR4057.nc",6154,6154,6154,6154,6154,6154,6154,0,0,0,"2004-10-19T15:20:25Z","2004-10-20T09:11:36Z"
"HZG-Ferrybox_Cux-HarwNR4058.nc","stage2/ds27_pangaea_ferrybox/DS27_PANGAEA_20260809T183210Z/HZG-Ferrybox_Cux-HarwNR4058.nc",5471,5471,5471,5471,5471,5471,5471,0,0,0,"2004-10-20T15:18:36Z","2004-10-21T09:21:15Z"
"HZG-Ferrybox_Harw-CuxNR4059.nc","stage2/ds27_pangaea_ferrybox/DS27_PANGAEA_20260809T183210Z/HZG-Ferrybox_Harw-CuxNR4059.nc",5323,5323,5323,5323,5323,5323,5323,0,0,0,"2004-10-21T15:37:15Z","2004-10-22T09:08:39Z"
"HZG-Ferrybox_Cux-HarwNR4060.nc","stage2/ds27_pangaea_ferrybox/DS27_PANGAEA_20260809T183210Z/HZG-Ferrybox_Cux-HarwNR4060.nc",6427,6427,6427,6427,6427,6427,6427,0,0,0,"2004-10-22T15:30:45Z","2004-10-23T09:56:24Z"
"HZG-Ferrybox_Harw-CuxNR4061.nc","stage2/ds27_pangaea_ferrybox/DS27_PANGAEA_20260809T183210Z/HZG-Ferrybox_Harw-CuxNR4061.nc",5819,5819,5819,5817,5817,5817,5817,0,0,0,"2004-10-23T15:34:34Z","2004-10-24T09:00:05Z"
"HZG-Ferrybox_Cux-HarwNR4062.nc","stage2/ds27_pangaea_ferrybox/DS27_PANGAEA_20260809T183210Z/HZG-Ferrybox_Cux-HarwNR4062.nc",6419,6419,6419,6419,6419,6419,6419,0,0,0,"2004-10-24T16:01:25Z","2004-10-25T12:31:25Z"
"HZG-Ferrybox_Harw-CuxNR2357.nc","stage2/ds27_pangaea_ferrybox/DS27_PANGAEA_20260809T183210Z/HZG-Ferrybox_Harw-CuxNR2357.nc",5868,5868,5868,0,0,0,0,0,0,0,"2004-10-25T15:36:55Z","2004-10-26T08:48:50Z"
"HZG-Ferrybox_Cux-HarwNR2637.nc","stage2/ds27_pangaea_ferrybox/DS27_PANGAEA_20260809T183210Z/HZG-Ferrybox_Cux-HarwNR2637.nc",5730,5730,5730,0,0,0,0,0,0,0,"2004-10-26T15:23:05Z","2004-10-27T09:11:16Z"
"HZG-Ferrybox_Harw-CuxNR2657.nc","stage2/ds27_pangaea_ferrybox/DS27_PANGAEA_20260809T183210Z/HZG-Ferrybox_Harw-CuxNR2657.nc",5479,5479,5479,0,0,0,0,0,0,0,"2004-10-27T15:43:06Z","2004-10-28T09:05:05Z"
"HZG-Ferrybox_Cux-HarwNR2677.nc","stage2/ds27_pangaea_ferrybox/DS27_PANGAEA_20260809T183210Z/HZG-Ferrybox_Cux-HarwNR2677.nc",6268,6268,6268,0,0,0,0,0,0,0,"2004-10-28T15:33:46Z","2004-10-29T09:08:55Z"
"HZG-Ferrybox_Harw-CuxNR2697.nc","stage2/ds27_pangaea_ferrybox/DS27_PANGAEA_20260809T183210Z/HZG-Ferrybox_Harw-CuxNR2697.nc",6219,6219,6219,0,0,0,0,0,0,0,"2004-10-29T15:49:05Z","2004-10-30T09:05:25Z"
"HZG-Ferrybox_Cux-HarwNR2717.nc","stage2/ds27_pangaea_ferrybox/DS27_PANGAEA_20260809T183210Z/HZG-Ferrybox_Cux-HarwNR2717.nc",6635,6635,6635,0,0,0,0,0,0,0,"2004-10-30T15:41:15Z","2004-10-31T10:06:56Z"
"HZG-Ferrybox_Harw-CuxNR2737.nc","stage2/ds27_pangaea_ferrybox/DS27_PANGAEA_20260809T183210Z/HZG-Ferrybox_Harw-CuxNR2737.nc",6319,6319,6319,0,0,0,0,0,0,0,"2004-10-31T16:29:15Z","2004-11-01T10:02:15Z"
"HZG-Ferrybox_Cux-HarwNR2757.nc","stage2/ds27_pangaea_ferrybox/DS27_PANGAEA_20260809T183210Z/HZG-Ferrybox_Cux-HarwNR2757.nc",6339,6339,6339,6339,6339,6339,6339,0,0,0,"2004-11-01T16:35:55Z","2004-11-02T10:12:14Z"
"HZG-Ferrybox_Harw-CuxNR2777.nc","stage2/ds27_pangaea_ferrybox/DS27_PANGAEA_20260809T183210Z/HZG-Ferrybox_Harw-CuxNR2777.nc",6382,6382,6382,6382,6382,6382,6382,0,0,0,"2004-11-02T16:27:35Z","2004-11-03T10:11:04Z"
"HZG-Ferrybox_Cux-HarwNR2837.nc","stage2/ds27_pangaea_ferrybox/DS27_PANGAEA_20260809T183210Z/HZG-Ferrybox_Cux-HarwNR2837.nc",6437,6437,6437,6437,6437,6437,6437,0,0,0,"2004-11-03T16:21:16Z","2004-11-04T10:13:54Z"
"HZG-Ferrybox_Cux-HarwNR2797.nc","stage2/ds27_pangaea_ferrybox/DS27_PANGAEA_20260809T183210Z/HZG-Ferrybox_Cux-HarwNR2797.nc",6388,6388,6388,6388,6388,6388,6388,0,0,0,"2004-11-08T16:26:26Z","2004-11-09T10:10:56Z"
"HZG-Ferrybox_Harw-CuxNR2817.nc","stage2/ds27_pangaea_ferrybox/DS27_PANGAEA_20260809T183210Z/HZG-Ferrybox_Harw-CuxNR2817.nc",6341,6341,6341,6341,6341,6341,6341,0,0,0,"2004-11-09T16:29:46Z","2004-11-10T10:06:26Z"
"HZG-Ferrybox_Cux-HarwNR2877.nc","stage2/ds27_pangaea_ferrybox/DS27_PANGAEA_20260809T183210Z/HZG-Ferrybox_Cux-HarwNR2877.nc",6285,6285,6285,0,0,0,0,0,0,0,"2004-11-15T16:47:35Z","2004-11-16T10:14:55Z"
"HZG-Ferrybox_Harw-CuxNR8018.nc","stage2/ds27_pangaea_ferrybox/DS27_PANGAEA_20260809T183210Z/HZG-Ferrybox_Harw-CuxNR8018.nc",6369,6369,6369,6369,6369,6369,6369,0,0,0,"2004-11-16T16:21:04Z","2004-11-17T10:02:26Z"
"HZG-Ferrybox_Cux-HarwNR2917.nc","stage2/ds27_pangaea_ferrybox/DS27_PANGAEA_20260809T183210Z/HZG-Ferrybox_Cux-HarwNR2917.nc",2265,2265,2265,0,0,0,0,0,0,0,"2004-11-17T16:20:35Z","2004-11-17T22:38:26Z"
"HZG-Ferrybox_Cux-HarwNR2937.nc","stage2/ds27_pangaea_ferrybox/DS27_PANGAEA_20260809T183210Z/HZG-Ferrybox_Cux-HarwNR2937.nc",2472,2472,2472,0,0,0,0,0,0,0,"2004-11-19T16:29:04Z","2004-11-19T23:21:26Z"
"HZG-Ferrybox_Harw-CuxNR2958.nc","stage2/ds27_pangaea_ferrybox/DS27_PANGAEA_20260809T183210Z/HZG-Ferrybox_Harw-CuxNR2958.nc",6395,6395,6395,0,0,0,0,0,0,0,"2004-11-23T16:30:25Z","2004-11-24T10:16:04Z"
"HZG-Ferrybox_Cux-HarwNR2977.nc","stage2/ds27_pangaea_ferrybox/DS27_PANGAEA_20260809T183210Z/HZG-Ferrybox_Cux-HarwNR2977.nc",6395,6395,6395,6395,6395,6395,6395,0,0,0,"2004-11-26T16:21:35Z","2004-11-27T10:07:15Z"
"HZG-Ferrybox_Harw-CuxNR2997.nc","stage2/ds27_pangaea_ferrybox/DS27_PANGAEA_20260809T183210Z/HZG-Ferrybox_Harw-CuxNR2997.nc",6453,6453,6453,6453,6453,6453,6453,0,0,0,"2004-11-27T16:17:55Z","2004-11-28T10:13:15Z"
"HZG-Ferrybox_Harw-CuxNR3017.nc","stage2/ds27_pangaea_ferrybox/DS27_PANGAEA_20260809T183210Z/HZG-Ferrybox_Harw-CuxNR3017.nc",6364,6364,6364,6364,6364,6364,6364,0,0,0,"2004-11-30T16:24:45Z","2004-12-01T10:05:14Z"
"HZG-Ferrybox_Cux-HarwNR3037.nc","stage2/ds27_pangaea_ferrybox/DS27_PANGAEA_20260809T183210Z/HZG-Ferrybox_Cux-HarwNR3037.nc",6578,6578,6578,6578,6578,6578,6578,0,0,0,"2004-12-01T16:27:05Z","2004-12-02T10:51:45Z"
"HZG-Ferrybox_Harw-CuxNR3057.nc","stage2/ds27_pangaea_ferrybox/DS27_PANGAEA_20260809T183210Z/HZG-Ferrybox_Harw-CuxNR3057.nc",6338,6338,6338,6338,6338,6338,6338,0,0,0,"2004-12-02T16:28:16Z","2004-12-03T10:12:55Z"
"HZG-Ferrybox_Cux-HarwNR3077.nc","stage2/ds27_pangaea_ferrybox/DS27_PANGAEA_20260809T183210Z/HZG-Ferrybox_Cux-HarwNR3077.nc",6392,6392,6392,6392,6392,6392,6392,0,0,0,"2004-12-03T16:25:35Z","2004-12-04T10:10:45Z"
"HZG-Ferrybox_Harw-CuxNR3097.nc","stage2/ds27_pangaea_ferrybox/DS27_PANGAEA_20260809T183210Z/HZG-Ferrybox_Harw-CuxNR3097.nc",6403,6403,6403,6402,6402,6402,6402,0,0,0,"2004-12-04T16:25:35Z","2004-12-05T10:13:45Z"
"HZG-Ferrybox_Cux-HarwNR3117.nc","stage2/ds27_pangaea_ferrybox/DS27_PANGAEA_20260809T183210Z/HZG-Ferrybox_Cux-HarwNR3117.nc",6343,6343,6343,6343,6343,6343,6343,0,0,0,"2004-12-06T16:41:36Z","2004-12-07T10:18:36Z"
"HZG-Ferrybox_Harw-CuxNR3137.nc","stage2/ds27_pangaea_ferrybox/DS27_PANGAEA_20260809T183210Z/HZG-Ferrybox_Harw-CuxNR3137.nc",6299,6299,6299,6299,6299,6299,6299,0,0,0,"2004-12-07T16:43:35Z","2004-12-08T10:13:15Z"
"HZG-Ferrybox_Cux-HarwNR3157.nc","stage2/ds27_pangaea_ferrybox/DS27_PANGAEA_20260809T183210Z/HZG-Ferrybox_Cux-HarwNR3157.nc",6320,6320,6320,6320,6320,6320,6320,0,0,0,"2004-12-08T16:31:04Z","2004-12-09T10:09:55Z"
"HZG-Ferrybox_Harw-CuxNR3177.nc","stage2/ds27_pangaea_ferrybox/DS27_PANGAEA_20260809T183210Z/HZG-Ferrybox_Harw-CuxNR3177.nc",6335,6335,6335,6335,6335,6335,6335,0,0,0,"2004-12-09T16:31:34Z","2004-12-10T10:07:15Z"
"HZG-Ferrybox_Cux-HarwNR3197.nc","stage2/ds27_pangaea_ferrybox/DS27_PANGAEA_20260809T183210Z/HZG-Ferrybox_Cux-HarwNR3197.nc",6214,6214,6214,6214,6214,6214,6214,0,0,0,"2004-12-10T16:50:55Z","2004-12-11T10:06:26Z"
"HZG-Ferrybox_Harw-CuxNR3217.nc","stage2/ds27_pangaea_ferrybox/DS27_PANGAEA_20260809T183210Z/HZG-Ferrybox_Harw-CuxNR3217.nc",6328,6328,6328,6328,6328,6328,6328,0,0,0,"2004-12-11T16:32:16Z","2004-12-12T10:06:45Z"
"HZG-Ferrybox_Cux-HarwNR3377.nc","stage2/ds27_pangaea_ferrybox/DS27_PANGAEA_20260809T183210Z/HZG-Ferrybox_Cux-HarwNR3377.nc",6363,6363,6363,6363,6363,6363,6363,0,0,0,"2004-12-13T16:24:14Z","2004-12-14T10:04:34Z"
"HZG-Ferrybox_Harw-CuxNR3397.nc","stage2/ds27_pangaea_ferrybox/DS27_PANGAEA_20260809T183210Z/HZG-Ferrybox_Harw-CuxNR3397.nc",6313,6313,6313,6313,6313,6313,6313,0,0,0,"2004-12-14T16:32:44Z","2004-12-15T10:04:45Z"
"HZG-Ferrybox_Cux-HarwNR3417.nc","stage2/ds27_pangaea_ferrybox/DS27_PANGAEA_20260809T183210Z/HZG-Ferrybox_Cux-HarwNR3417.nc",6487,6487,6487,6487,6487,6487,6487,0,0,0,"2004-12-15T16:28:25Z","2004-12-16T10:29:24Z"
"HZG-Ferrybox_Harw-CuxNR3437.nc","stage2/ds27_pangaea_ferrybox/DS27_PANGAEA_20260809T183210Z/HZG-Ferrybox_Harw-CuxNR3437.nc",6273,6273,6273,6273,6273,6273,6273,0,0,0,"2004-12-16T16:39:25Z","2004-12-17T10:04:46Z"
"HZG-Ferrybox_Cux-HarwNR3457.nc","stage2/ds27_pangaea_ferrybox/DS27_PANGAEA_20260809T183210Z/HZG-Ferrybox_Cux-HarwNR3457.nc",6354,6354,6354,6354,6354,6354,6354,0,0,0,"2004-12-20T16:30:45Z","2004-12-21T10:09:35Z"
"HZG-Ferrybox_Harw-CuxNR3477.nc","stage2/ds27_pangaea_ferrybox/DS27_PANGAEA_20260809T183210Z/HZG-Ferrybox_Harw-CuxNR3477.nc",6037,6037,6037,6037,6037,6037,6037,0,0,0,"2004-12-21T17:12:16Z","2004-12-22T09:58:16Z"
"HZG-Ferrybox_Cux-HarwNR3497.nc","stage2/ds27_pangaea_ferrybox/DS27_PANGAEA_20260809T183210Z/HZG-Ferrybox_Cux-HarwNR3497.nc",6433,6433,6433,6433,6433,6433,6433,0,0,0,"2004-12-22T16:33:25Z","2004-12-23T10:25:25Z"
"HZG-Ferrybox_Harw-CuxNR3517.nc","stage2/ds27_pangaea_ferrybox/DS27_PANGAEA_20260809T183210Z/HZG-Ferrybox_Harw-CuxNR3517.nc",6069,6069,6069,6069,6069,6069,6069,0,0,0,"2004-12-23T16:45:46Z","2004-12-24T09:37:04Z"
"HZG-Ferrybox_Harw-CuxNR3537.nc","stage2/ds27_pangaea_ferrybox/DS27_PANGAEA_20260809T183210Z/HZG-Ferrybox_Harw-CuxNR3537.nc",6192,6192,6192,6192,6192,6192,6192,0,0,0,"2005-01-05T16:55:56Z","2005-01-06T10:07:46Z"
"HZG-Ferrybox_Harw-CuxNR3557.nc","stage2/ds27_pangaea_ferrybox/DS27_PANGAEA_20260809T183210Z/HZG-Ferrybox_Harw-CuxNR3557.nc",6078,6078,6078,6078,6078,6078,6078,0,0,0,"2005-01-07T17:03:24Z","2005-01-08T09:56:15Z"
"HZG-Ferrybox_Cux-HarwNR3577.nc","stage2/ds27_pangaea_ferrybox/DS27_PANGAEA_20260809T183210Z/HZG-Ferrybox_Cux-HarwNR3577.nc",6359,6359,6359,6359,6359,6359,6359,0,0,0,"2005-01-25T16:27:35Z","2005-01-26T10:07:15Z"
"HZG-Ferrybox_Cux-HarwNR3597.nc","stage2/ds27_pangaea_ferrybox/DS27_PANGAEA_20260809T183210Z/HZG-Ferrybox_Cux-HarwNR3597.nc",6345,6345,6345,6345,6345,6345,6345,0,0,0,"2005-01-29T16:24:06Z","2005-01-30T10:01:25Z"
"HZG-Ferrybox_Harw-CuxNR3617.nc","stage2/ds27_pangaea_ferrybox/DS27_PANGAEA_20260809T183210Z/HZG-Ferrybox_Harw-CuxNR3617.nc",6382,6382,6382,6382,6382,6382,6382,0,0,0,"2005-01-30T16:26:25Z","2005-01-31T10:10:06Z"
"HZG-Ferrybox_Cux-HarwNR3657.nc","stage2/ds27_pangaea_ferrybox/DS27_PANGAEA_20260809T183210Z/HZG-Ferrybox_Cux-HarwNR3657.nc",7379,7379,7379,7379,7379,7379,7379,0,0,0,"2005-02-01T16:28:16Z","2005-02-02T12:57:56Z"
"HZG-Ferrybox_Harw-CuxNR3637.nc","stage2/ds27_pangaea_ferrybox/DS27_PANGAEA_20260809T183210Z/HZG-Ferrybox_Harw-CuxNR3637.nc",2015,2015,2015,2015,2015,2015,2015,0,0,0,"2005-02-02T17:04:44Z","2005-02-02T22:40:25Z"
"HZG-Ferrybox_Cux-HarwNR3677.nc","stage2/ds27_pangaea_ferrybox/DS27_PANGAEA_20260809T183210Z/HZG-Ferrybox_Cux-HarwNR3677.nc",6178,6178,6178,6178,6178,6178,6178,0,0,0,"2005-02-03T16:56:45Z","2005-02-04T10:06:56Z"
"HZG-Ferrybox_Cux-HarwNR3697.nc","stage2/ds27_pangaea_ferrybox/DS27_PANGAEA_20260809T183210Z/HZG-Ferrybox_Cux-HarwNR3697.nc",6408,6408,6408,6408,6408,6408,6408,0,0,0,"2005-02-05T16:18:26Z","2005-02-06T10:06:14Z"
"HZG-Ferrybox_Harw-CuxNR3717.nc","stage2/ds27_pangaea_ferrybox/DS27_PANGAEA_20260809T183210Z/HZG-Ferrybox_Harw-CuxNR3717.nc",6353,6353,6353,6353,6353,6353,6353,0,0,0,"2005-02-06T16:33:26Z","2005-02-07T10:12:05Z"
"HZG-Ferrybox_Cux-HarwNR3737.nc","stage2/ds27_pangaea_ferrybox/DS27_PANGAEA_20260809T183210Z/HZG-Ferrybox_Cux-HarwNR3737.nc",6354,6354,6354,6354,6354,6354,6354,0,0,0,"2005-02-08T16:31:45Z","2005-02-09T10:10:34Z"
"HZG-Ferrybox_Cux-HarwNR3777.nc","stage2/ds27_pangaea_ferrybox/DS27_PANGAEA_20260809T183210Z/HZG-Ferrybox_Cux-HarwNR3777.nc",6343,6343,6343,6343,6343,6343,6343,0,0,0,"2005-02-15T16:28:05Z","2005-02-16T10:05:05Z"
"HZG-Ferrybox_Harw-CuxNR3797.nc","stage2/ds27_pangaea_ferrybox/DS27_PANGAEA_20260809T183210Z/HZG-Ferrybox_Harw-CuxNR3797.nc",6437,6437,6437,6437,6437,6437,6437,0,0,0,"2005-02-16T16:27:35Z","2005-02-17T10:20:15Z"
"HZG-Ferrybox_Cux-HarwNR3817.nc","stage2/ds27_pangaea_ferrybox/DS27_PANGAEA_20260809T183210Z/HZG-Ferrybox_Cux-HarwNR3817.nc",6321,6321,6321,6321,6282,6282,6282,0,0,0,"2005-02-17T16:25:35Z","2005-02-18T10:16:55Z"
"HZG-Ferrybox_Harw-CuxNR3837.nc","stage2/ds27_pangaea_ferrybox/DS27_PANGAEA_20260809T183210Z/HZG-Ferrybox_Harw-CuxNR3837.nc",6332,6332,6332,6332,6332,6332,6332,0,0,0,"2005-02-18T16:29:54Z","2005-02-19T10:05:05Z"
"HZG-Ferrybox_Cux-HarwNR3857.nc","stage2/ds27_pangaea_ferrybox/DS27_PANGAEA_20260809T183210Z/HZG-Ferrybox_Cux-HarwNR3857.nc",6368,6368,6368,6368,6368,6368,6368,0,0,0,"2005-02-19T16:27:54Z","2005-02-20T10:09:04Z"
"HZG-Ferrybox_Harw-CuxNR3877.nc","stage2/ds27_pangaea_ferrybox/DS27_PANGAEA_20260809T183210Z/HZG-Ferrybox_Harw-CuxNR3877.nc",6331,6331,6331,6302,6302,6302,6302,0,0,0,"2005-02-20T16:31:54Z","2005-02-21T10:07:05Z"
"HZG-Ferrybox_Cux-HarwNR3897.nc","stage2/ds27_pangaea_ferrybox/DS27_PANGAEA_20260809T183210Z/HZG-Ferrybox_Cux-HarwNR3897.nc",5993,5993,5993,5993,5993,5993,5993,0,0,0,"2005-02-22T17:25:25Z","2005-02-23T10:04:06Z"
"HZG-Ferrybox_Cux-HarwNR3938.nc","stage2/ds27_pangaea_ferrybox/DS27_PANGAEA_20260809T183210Z/HZG-Ferrybox_Cux-HarwNR3938.nc",6263,6263,6263,6263,6263,6263,6263,0,0,0,"2005-02-26T16:43:44Z","2005-02-27T10:07:35Z"
"HZG-Ferrybox_Harw-CuxNR3957.nc","stage2/ds27_pangaea_ferrybox/DS27_PANGAEA_20260809T183210Z/HZG-Ferrybox_Harw-CuxNR3957.nc",6259,6259,6259,6259,6259,6259,6259,0,0,0,"2005-02-27T16:28:05Z","2005-02-28T09:51:04Z"
"HZG-Ferrybox_Cux-HarwNR4297.nc","stage2/ds27_pangaea_ferrybox/DS27_PANGAEA_20260809T183210Z/HZG-Ferrybox_Cux-HarwNR4297.nc",6508,6508,6508,6508,6508,6508,6508,0,0,0,"2005-03-10T16:34:35Z","2005-03-11T10:39:06Z"
"HZG-Ferrybox_Harw-CuxNR4317.nc","stage2/ds27_pangaea_ferrybox/DS27_PANGAEA_20260809T183210Z/HZG-Ferrybox_Harw-CuxNR4317.nc",2434,2434,2434,2432,2432,2432,2432,0,0,0,"2005-03-11T16:30:55Z","2005-03-11T23:16:56Z"
"HZG-Ferrybox_Harw-CuxNR4337.nc","stage2/ds27_pangaea_ferrybox/DS27_PANGAEA_20260809T183210Z/HZG-Ferrybox_Harw-CuxNR4337.nc",2590,2590,2590,2590,2590,2590,2590,0,0,0,"2005-03-13T03:27:24Z","2005-03-13T10:38:54Z"
"HZG-Ferrybox_Harw-CuxNR4357.nc","stage2/ds27_pangaea_ferrybox/DS27_PANGAEA_20260809T183210Z/HZG-Ferrybox_Harw-CuxNR4357.nc",6270,6270,6270,6270,6270,6270,6270,0,0,0,"2005-03-13T16:31:23Z","2005-03-14T09:56:15Z"
"HZG-Ferrybox_Cux-HarwNR4377.nc","stage2/ds27_pangaea_ferrybox/DS27_PANGAEA_20260809T183210Z/HZG-Ferrybox_Cux-HarwNR4377.nc",6411,6411,6411,6411,6411,6411,6411,0,0,0,"2005-03-14T16:23:44Z","2005-03-15T10:12:05Z"
"HZG-Ferrybox_Harw-CuxNR4397.nc","stage2/ds27_pangaea_ferrybox/DS27_PANGAEA_20260809T183210Z/HZG-Ferrybox_Harw-CuxNR4397.nc",6351,6351,6351,6351,6351,6351,6351,0,0,0,"2005-03-15T16:23:05Z","2005-03-16T10:01:25Z"
"HZG-Ferrybox_Cux-HarwNR4417.nc","stage2/ds27_pangaea_ferrybox/DS27_PANGAEA_20260809T183210Z/HZG-Ferrybox_Cux-HarwNR4417.nc",6403,6403,6403,6403,6403,6403,6403,0,0,0,"2005-03-16T16:34:35Z","2005-03-17T10:21:36Z"
"HZG-Ferrybox_Harw-CuxNR4437.nc","stage2/ds27_pangaea_ferrybox/DS27_PANGAEA_20260809T183210Z/HZG-Ferrybox_Harw-CuxNR4437.nc",6346,6346,6346,6346,6346,6346,6346,0,0,0,"2005-03-17T16:26:05Z","2005-03-18T10:03:35Z"
"HZG-Ferrybox_Cux-HarwNR4457.nc","stage2/ds27_pangaea_ferrybox/DS27_PANGAEA_20260809T183210Z/HZG-Ferrybox_Cux-HarwNR4457.nc",6502,6502,6502,6502,6502,6502,6502,0,0,0,"2005-03-18T16:59:15Z","2005-03-19T11:02:45Z"
"HZG-Ferrybox_Harw-CuxNR4477.nc","stage2/ds27_pangaea_ferrybox/DS27_PANGAEA_20260809T183210Z/HZG-Ferrybox_Harw-CuxNR4477.nc",6256,6256,6256,6256,6256,6256,6256,0,0,0,"2005-03-19T16:39:45Z","2005-03-20T10:02:15Z"
"HZG-Ferrybox_Cux-HarwNR4497.nc","stage2/ds27_pangaea_ferrybox/DS27_PANGAEA_20260809T183210Z/HZG-Ferrybox_Cux-HarwNR4497.nc",6258,6258,6258,6258,6258,6258,6258,0,0,0,"2005-03-20T16:39:35Z","2005-03-21T10:02:26Z"
"HZG-Ferrybox_Harw-CuxNR4517.nc","stage2/ds27_pangaea_ferrybox/DS27_PANGAEA_20260809T183210Z/HZG-Ferrybox_Harw-CuxNR4517.nc",6360,6360,6360,6360,6360,6360,6360,0,0,0,"2005-03-21T16:28:55Z","2005-03-22T10:08:45Z"
"HZG-Ferrybox_Cux-HarwNR4537.nc","stage2/ds27_pangaea_ferrybox/DS27_PANGAEA_20260809T183210Z/HZG-Ferrybox_Cux-HarwNR4537.nc",6339,6339,6339,6339,6339,6339,6339,0,0,0,"2005-03-22T16:33:14Z","2005-03-23T10:09:35Z"
"HZG-Ferrybox_Harw-CuxNR4557.nc","stage2/ds27_pangaea_ferrybox/DS27_PANGAEA_20260809T183210Z/HZG-Ferrybox_Harw-CuxNR4557.nc",6102,6102,6102,6102,6102,6102,6102,0,0,0,"2005-03-23T17:08:05Z","2005-03-24T10:04:54Z"
"HZG-Ferrybox_Cux-HarwNR4577.nc","stage2/ds27_pangaea_ferrybox/DS27_PANGAEA_20260809T183210Z/HZG-Ferrybox_Cux-HarwNR4577.nc",6292,6292,6292,6292,6292,6292,6292,0,0,0,"2005-03-24T16:21:44Z","2005-03-25T11:04:34Z"
"HZG-Ferrybox_Cux-HarwNR4597.nc","stage2/ds27_pangaea_ferrybox/DS27_PANGAEA_20260809T183210Z/HZG-Ferrybox_Cux-HarwNR4597.nc",6291,6291,6291,6291,6291,6291,6291,0,0,0,"2005-03-30T15:34:05Z","2005-03-31T09:02:24Z"
"HZG-Ferrybox_Harw-CuxNR4617.nc","stage2/ds27_pangaea_ferrybox/DS27_PANGAEA_20260809T183210Z/HZG-Ferrybox_Harw-CuxNR4617.nc",6365,6365,6365,6365,6365,6365,6365,0,0,0,"2005-03-31T15:36:45Z","2005-04-01T09:17:24Z"
"HZG-Ferrybox_Cux-HarwNR4137.nc","stage2/ds27_pangaea_ferrybox/DS27_PANGAEA_20260809T183210Z/HZG-Ferrybox_Cux-HarwNR4137.nc",6258,6258,6258,6258,6258,6258,6258,0,0,0,"2005-04-01T15:46:15Z","2005-04-02T09:09:05Z"
"HZG-Ferrybox_Harw-CuxNR4157.nc","stage2/ds27_pangaea_ferrybox/DS27_PANGAEA_20260809T183210Z/HZG-Ferrybox_Harw-CuxNR4157.nc",6259,6259,6259,6259,6259,6259,6259,0,0,0,"2005-04-02T15:46:46Z","2005-04-03T09:09:44Z"
"HZG-Ferrybox_Cux-HarwNR4637.nc","stage2/ds27_pangaea_ferrybox/DS27_PANGAEA_20260809T183210Z/HZG-Ferrybox_Cux-HarwNR4637.nc",5707,5707,5707,5696,5696,5696,5696,0,0,0,"2005-04-03T15:26:34Z","2005-04-04T07:17:34Z"
"HZG-Ferrybox_Harw-CuxNR4657.nc","stage2/ds27_pangaea_ferrybox/DS27_PANGAEA_20260809T183210Z/HZG-Ferrybox_Harw-CuxNR4657.nc",6206,6206,6206,6206,6206,6206,6206,0,0,0,"2005-04-04T15:28:15Z","2005-04-05T08:42:24Z"
"HZG-Ferrybox_Cux-HarwNR4677.nc","stage2/ds27_pangaea_ferrybox/DS27_PANGAEA_20260809T183210Z/HZG-Ferrybox_Cux-HarwNR4677.nc",6425,6425,6425,6425,6425,6425,6425,0,0,0,"2005-04-05T15:41:05Z","2005-04-06T09:31:46Z"
"HZG-Ferrybox_Harw-CuxNR4697.nc","stage2/ds27_pangaea_ferrybox/DS27_PANGAEA_20260809T183210Z/HZG-Ferrybox_Harw-CuxNR4697.nc",6133,6133,6133,6133,6133,6133,6133,0,0,0,"2005-04-06T16:02:46Z","2005-04-07T09:04:46Z"
"HZG-Ferrybox_Cux-HarwNR4777.nc","stage2/ds27_pangaea_ferrybox/DS27_PANGAEA_20260809T183210Z/HZG-Ferrybox_Cux-HarwNR4777.nc",6267,6267,6267,6267,6267,6267,6267,0,0,0,"2005-04-07T15:38:05Z","2005-04-08T09:02:25Z"
"HZG-Ferrybox_Harw-CuxNR4717.nc","stage2/ds27_pangaea_ferrybox/DS27_PANGAEA_20260809T183210Z/HZG-Ferrybox_Harw-CuxNR4717.nc",6327,6327,6327,6327,6327,6327,6327,0,0,0,"2005-04-10T15:18:56Z","2005-04-11T08:53:16Z"
"HZG-Ferrybox_Harw-CuxNR4797.nc","stage2/ds27_pangaea_ferrybox/DS27_PANGAEA_20260809T183210Z/HZG-Ferrybox_Harw-CuxNR4797.nc",6317,6317,6317,6317,6317,6317,6317,0,0,0,"2005-04-12T15:28:46Z","2005-04-13T09:01:25Z"
"HZG-Ferrybox_Cux-HarwNR4837.nc","stage2/ds27_pangaea_ferrybox/DS27_PANGAEA_20260809T183210Z/HZG-Ferrybox_Cux-HarwNR4837.nc",6346,6346,6346,6346,6346,6346,6346,0,0,0,"2005-04-13T15:30:06Z","2005-04-14T09:07:34Z"
"HZG-Ferrybox_Harw-CuxNR4817.nc","stage2/ds27_pangaea_ferrybox/DS27_PANGAEA_20260809T183210Z/HZG-Ferrybox_Harw-CuxNR4817.nc",6331,6331,6331,6331,6331,6331,6331,0,0,0,"2005-04-14T15:35:26Z","2005-04-15T09:10:25Z"
"HZG-Ferrybox_Cux-HarwNR4857.nc","stage2/ds27_pangaea_ferrybox/DS27_PANGAEA_20260809T183210Z/HZG-Ferrybox_Cux-HarwNR4857.nc",6253,6253,6253,6253,6253,6253,6253,0,0,0,"2005-04-15T15:48:26Z","2005-04-16T09:10:26Z"
"HZG-Ferrybox_Harw-CuxNR4877.nc","stage2/ds27_pangaea_ferrybox/DS27_PANGAEA_20260809T183210Z/HZG-Ferrybox_Harw-CuxNR4877.nc",6348,6348,6348,6348,6348,6348,6348,0,0,0,"2005-04-16T15:28:25Z","2005-04-17T09:06:16Z"
"HZG-Ferrybox_Cux-HarwNR4897.nc","stage2/ds27_pangaea_ferrybox/DS27_PANGAEA_20260809T183210Z/HZG-Ferrybox_Cux-HarwNR4897.nc",6306,6306,6306,6306,6306,6306,6306,0,0,0,"2005-04-17T15:32:45Z","2005-04-18T09:03:34Z"
"HZG-Ferrybox_Harw-CuxNR4917.nc","stage2/ds27_pangaea_ferrybox/DS27_PANGAEA_20260809T183210Z/HZG-Ferrybox_Harw-CuxNR4917.nc",6299,6299,6299,6299,6299,6299,6299,0,0,0,"2005-04-18T15:30:26Z","2005-04-19T09:00:05Z"
"HZG-Ferrybox_Cux-HarwNR4937.nc","stage2/ds27_pangaea_ferrybox/DS27_PANGAEA_20260809T183210Z/HZG-Ferrybox_Cux-HarwNR4937.nc",6356,6356,6356,6356,6356,6356,6356,0,0,0,"2005-04-19T15:26:06Z","2005-04-20T09:05:15Z"
"HZG-Ferrybox_Harw-CuxNR4977.nc","stage2/ds27_pangaea_ferrybox/DS27_PANGAEA_20260809T183210Z/HZG-Ferrybox_Harw-CuxNR4977.nc",6308,6308,6308,6308,6308,6308,6308,0,0,0,"2005-04-20T15:32:56Z","2005-04-21T09:04:04Z"
"HZG-Ferrybox_Cux-HarwNR4957.nc","stage2/ds27_pangaea_ferrybox/DS27_PANGAEA_20260809T183210Z/HZG-Ferrybox_Cux-HarwNR4957.nc",6323,6323,6323,6323,6323,6323,6323,0,0,0,"2005-04-21T15:30:56Z","2005-04-22T09:04:35Z"
"HZG-Ferrybox_Harw-CuxNR5017.nc","stage2/ds27_pangaea_ferrybox/DS27_PANGAEA_20260809T183210Z/HZG-Ferrybox_Harw-CuxNR5017.nc",6275,6275,6275,6275,6275,6275,6275,0,0,0,"2005-04-22T15:37:04Z","2005-04-23T09:02:46Z"
"HZG-Ferrybox_Cux-HarwNR5037.nc","stage2/ds27_pangaea_ferrybox/DS27_PANGAEA_20260809T183210Z/HZG-Ferrybox_Cux-HarwNR5037.nc",6378,6378,6378,6378,6378,6378,6378,0,0,0,"2005-04-23T15:22:35Z","2005-04-24T09:05:25Z"
"HZG-Ferrybox_Harw-CuxNR4997.nc","stage2/ds27_pangaea_ferrybox/DS27_PANGAEA_20260809T183210Z/HZG-Ferrybox_Harw-CuxNR4997.nc",6216,6216,6216,6216,6216,6216,6216,0,0,0,"2005-04-24T15:25:05Z","2005-04-25T08:40:55Z"
"HZG-Ferrybox_Cux-HarwNR7638.nc","stage2/ds27_pangaea_ferrybox/DS27_PANGAEA_20260809T183210Z/HZG-Ferrybox_Cux-HarwNR7638.nc",6398,6398,6398,5975,5975,5975,5975,0,0,0,"2005-04-25T15:20:14Z","2005-04-26T09:06:24Z"
"HZG-Ferrybox_Harw-CuxNR5057.nc","stage2/ds27_pangaea_ferrybox/DS27_PANGAEA_20260809T183210Z/HZG-Ferrybox_Harw-CuxNR5057.nc",6369,6369,6369,6369,6369,6369,6369,0,0,0,"2005-04-26T15:25:16Z","2005-04-27T09:06:35Z"
"HZG-Ferrybox_Cux-HarwNR5077.nc","stage2/ds27_pangaea_ferrybox/DS27_PANGAEA_20260809T183210Z/HZG-Ferrybox_Cux-HarwNR5077.nc",6370,6370,6370,6370,6370,6370,6370,0,0,0,"2005-04-27T15:26:45Z","2005-04-28T09:08:15Z"
"HZG-Ferrybox_Harw-CuxNR5097.nc","stage2/ds27_pangaea_ferrybox/DS27_PANGAEA_20260809T183210Z/HZG-Ferrybox_Harw-CuxNR5097.nc",6232,6232,6232,6231,6231,6231,6231,0,0,0,"2005-04-28T15:45:05Z","2005-04-29T09:07:25Z"
"HZG-Ferrybox_Cux-HarwNR5137.nc","stage2/ds27_pangaea_ferrybox/DS27_PANGAEA_20260809T183210Z/HZG-Ferrybox_Cux-HarwNR5137.nc",6250,6250,6250,6250,6250,6250,6250,0,0,0,"2005-04-29T15:52:45Z","2005-04-30T09:14:15Z"
"HZG-Ferrybox_Harw-CuxNR5117.nc","stage2/ds27_pangaea_ferrybox/DS27_PANGAEA_20260809T183210Z/HZG-Ferrybox_Harw-CuxNR5117.nc",6307,6307,6307,6307,6307,6307,6307,0,0,0,"2005-04-30T15:43:47Z","2005-05-01T09:14:45Z"
"HZG-Ferrybox_Cux-HarwNR5157.nc","stage2/ds27_pangaea_ferrybox/DS27_PANGAEA_20260809T183210Z/HZG-Ferrybox_Cux-HarwNR5157.nc",6375,6375,6375,6375,6375,6375,6375,0,0,0,"2005-05-01T15:28:15Z","2005-05-02T09:10:34Z"
"HZG-Ferrybox_Harw-CuxNR5177.nc","stage2/ds27_pangaea_ferrybox/DS27_PANGAEA_20260809T183210Z/HZG-Ferrybox_Harw-CuxNR5177.nc",6395,6395,6395,6395,6395,6395,6395,0,0,0,"2005-05-02T15:30:04Z","2005-05-03T09:15:45Z"
"HZG-Ferrybox_Cux-HarwNR5197.nc","stage2/ds27_pangaea_ferrybox/DS27_PANGAEA_20260809T183210Z/HZG-Ferrybox_Cux-HarwNR5197.nc",6367,6367,6367,6367,6367,6367,6367,0,0,0,"2005-05-03T15:26:35Z","2005-05-04T09:07:36Z"
"HZG-Ferrybox_Cux-HarwNR5377.nc","stage2/ds27_pangaea_ferrybox/DS27_PANGAEA_20260809T183210Z/HZG-Ferrybox_Cux-HarwNR5377.nc",6373,6373,6373,6373,6373,6373,6373,0,0,0,"2005-05-05T15:23:05Z","2005-05-06T09:05:06Z"
"HZG-Ferrybox_Harw-CuxNR5397.nc","stage2/ds27_pangaea_ferrybox/DS27_PANGAEA_20260809T183210Z/HZG-Ferrybox_Harw-CuxNR5397.nc",6254,6254,6254,6254,6254,6254,6254,0,0,0,"2005-05-06T15:42:54Z","2005-05-07T09:05:06Z"
"HZG-Ferrybox_Harw-CuxNR5417.nc","stage2/ds27_pangaea_ferrybox/DS27_PANGAEA_20260809T183210Z/HZG-Ferrybox_Harw-CuxNR5417.nc",6369,6369,6369,6281,6281,6281,6281,0,0,0,"2005-05-08T15:23:45Z","2005-05-09T09:05:06Z"
"HZG-Ferrybox_Cux-HarwNR5217.nc","stage2/ds27_pangaea_ferrybox/DS27_PANGAEA_20260809T183210Z/HZG-Ferrybox_Cux-HarwNR5217.nc",6411,6411,6411,6411,6411,6411,6411,0,0,0,"2005-05-09T15:23:15Z","2005-05-10T09:11:36Z"
"HZG-Ferrybox_Harw-CuxNR5437.nc","stage2/ds27_pangaea_ferrybox/DS27_PANGAEA_20260809T183210Z/HZG-Ferrybox_Harw-CuxNR5437.nc",6404,6404,6404,6404,6404,6404,6404,0,0,0,"2005-05-10T15:24:16Z","2005-05-11T09:11:25Z"
"HZG-Ferrybox_Cux-HarwNR5237.nc","stage2/ds27_pangaea_ferrybox/DS27_PANGAEA_20260809T183210Z/HZG-Ferrybox_Cux-HarwNR5237.nc",6354,6354,6354,6354,6354,6354,6354,0,0,0,"2005-05-11T15:24:15Z","2005-05-12T09:03:14Z"
"HZG-Ferrybox_Harw-CuxNR5457.nc","stage2/ds27_pangaea_ferrybox/DS27_PANGAEA_20260809T183210Z/HZG-Ferrybox_Harw-CuxNR5457.nc",4477,4477,4477,4477,4477,4477,4477,0,0,0,"2005-05-12T20:51:05Z","2005-05-13T09:17:06Z"
"HZG-Ferrybox_Cux-HarwNR5297.nc","stage2/ds27_pangaea_ferrybox/DS27_PANGAEA_20260809T183210Z/HZG-Ferrybox_Cux-HarwNR5297.nc",6223,6223,6223,6223,6223,6223,6223,0,0,0,"2005-05-13T15:46:34Z","2005-05-14T09:03:34Z"
"HZG-Ferrybox_Harw-CuxNR5317.nc","stage2/ds27_pangaea_ferrybox/DS27_PANGAEA_20260809T183210Z/HZG-Ferrybox_Harw-CuxNR5317.nc",6407,6407,6407,6407,6407,6407,6407,0,0,0,"2005-05-14T15:30:14Z","2005-05-15T09:18:05Z"
"HZG-Ferrybox_Cux-HarwNR5337.nc","stage2/ds27_pangaea_ferrybox/DS27_PANGAEA_20260809T183210Z/HZG-Ferrybox_Cux-HarwNR5337.nc",6367,6367,6367,6367,6367,6367,6367,0,0,0,"2005-05-15T15:26:26Z","2005-05-16T09:07:25Z"
"HZG-Ferrybox_Harw-CuxNR5257.nc","stage2/ds27_pangaea_ferrybox/DS27_PANGAEA_20260809T183210Z/HZG-Ferrybox_Harw-CuxNR5257.nc",6357,6357,6357,6357,6357,6357,6357,0,0,0,"2005-05-16T15:26:54Z","2005-05-17T09:06:26Z"
"HZG-Ferrybox_Cux-HarwNR5277.nc","stage2/ds27_pangaea_ferrybox/DS27_PANGAEA_20260809T183210Z/HZG-Ferrybox_Cux-HarwNR5277.nc",6412,6412,6412,6412,6412,6412,6412,0,0,0,"2005-05-17T15:27:06Z","2005-05-18T09:15:35Z"
"HZG-Ferrybox_Harw-CuxNR5477.nc","stage2/ds27_pangaea_ferrybox/DS27_PANGAEA_20260809T183210Z/HZG-Ferrybox_Harw-CuxNR5477.nc",6302,6302,6302,6302,6302,6302,6302,0,0,0,"2005-05-18T15:32:06Z","2005-05-19T09:02:16Z"
"HZG-Ferrybox_Cux-HarwNR5517.nc","stage2/ds27_pangaea_ferrybox/DS27_PANGAEA_20260809T183210Z/HZG-Ferrybox_Cux-HarwNR5517.nc",6380,6380,6380,6380,6380,6380,6380,0,0,0,"2005-05-19T15:28:35Z","2005-05-20T09:11:46Z"
"HZG-Ferrybox_Harw-CuxNR5497.nc","stage2/ds27_pangaea_ferrybox/DS27_PANGAEA_20260809T183210Z/HZG-Ferrybox_Harw-CuxNR5497.nc",6428,6428,6428,6428,6428,6428,6428,0,0,0,"2005-05-20T15:08:15Z","2005-05-21T08:59:26Z"
"HZG-Ferrybox_Cux-HarwNR5537.nc","stage2/ds27_pangaea_ferrybox/DS27_PANGAEA_20260809T183210Z/HZG-Ferrybox_Cux-HarwNR5537.nc",6339,6339,6339,6339,6339,6339,6339,0,0,0,"2005-05-21T15:27:55Z","2005-05-22T09:04:16Z"
"HZG-Ferrybox_Cux-HarwNR5597.nc","stage2/ds27_pangaea_ferrybox/DS27_PANGAEA_20260809T183210Z/HZG-Ferrybox_Cux-HarwNR5597.nc",6256,6256,6256,6256,6195,6195,6195,0,0,0,"2005-05-23T15:29:55Z","2005-05-24T09:01:54Z"
"HZG-Ferrybox_Harw-CuxNR5577.nc","stage2/ds27_pangaea_ferrybox/DS27_PANGAEA_20260809T183210Z/HZG-Ferrybox_Harw-CuxNR5577.nc",6297,6297,6297,6297,6297,6297,6297,0,0,0,"2005-05-24T15:32:05Z","2005-05-25T09:01:26Z"
"HZG-Ferrybox_Cux-HarwNR5617.nc","stage2/ds27_pangaea_ferrybox/DS27_PANGAEA_20260809T183210Z/HZG-Ferrybox_Cux-HarwNR5617.nc",6325,6325,6325,6325,6325,6325,6325,0,0,0,"2005-05-25T15:33:55Z","2005-05-26T09:07:56Z"
"HZG-Ferrybox_Harw-CuxNR5637.nc","stage2/ds27_pangaea_ferrybox/DS27_PANGAEA_20260809T183210Z/HZG-Ferrybox_Harw-CuxNR5637.nc",6250,6250,6250,6250,6250,6250,6250,0,0,0,"2005-05-26T15:36:14Z","2005-05-27T08:57:46Z"
"HZG-Ferrybox_Cux-HarwNR5657.nc","stage2/ds27_pangaea_ferrybox/DS27_PANGAEA_20260809T183210Z/HZG-Ferrybox_Cux-HarwNR5657.nc",6344,6344,6344,6344,6344,6344,6344,0,0,0,"2005-05-27T15:33:24Z","2005-05-28T09:10:34Z"
"HZG-Ferrybox_Harw-CuxNR5677.nc","stage2/ds27_pangaea_ferrybox/DS27_PANGAEA_20260809T183210Z/HZG-Ferrybox_Harw-CuxNR5677.nc",6289,6289,6289,6289,6289,6289,6289,0,0,0,"2005-05-28T15:36:36Z","2005-05-29T09:04:46Z"
"HZG-Ferrybox_Cux-HarwNR5697.nc","stage2/ds27_pangaea_ferrybox/DS27_PANGAEA_20260809T183210Z/HZG-Ferrybox_Cux-HarwNR5697.nc",6291,6291,6291,6291,6291,6291,6291,0,0,0,"2005-05-29T15:42:46Z","2005-05-30T09:11:05Z"
"HZG-Ferrybox_Cux-HarwNR5717.nc","stage2/ds27_pangaea_ferrybox/DS27_PANGAEA_20260809T183210Z/HZG-Ferrybox_Cux-HarwNR5717.nc",6773,6773,6773,6773,6773,6773,6545,0,228,0,"2005-05-31T14:33:35Z","2005-06-01T09:22:16Z"
"HZG-Ferrybox_Harw-CuxNR5737.nc","stage2/ds27_pangaea_ferrybox/DS27_PANGAEA_20260809T183210Z/HZG-Ferrybox_Harw-CuxNR5737.nc",6116,6116,6116,6116,6116,6116,6116,0,0,0,"2005-06-01T15:57:56Z","2005-06-02T08:58:17Z"
"HZG-Ferrybox_Cux-HarwNR5757.nc","stage2/ds27_pangaea_ferrybox/DS27_PANGAEA_20260809T183210Z/HZG-Ferrybox_Cux-HarwNR5757.nc",6236,6236,6236,6236,6236,6236,6236,0,0,0,"2005-06-02T15:55:35Z","2005-06-03T09:14:45Z"
"HZG-Ferrybox_Harw-CuxNR5797.nc","stage2/ds27_pangaea_ferrybox/DS27_PANGAEA_20260809T183210Z/HZG-Ferrybox_Harw-CuxNR5797.nc",6270,6270,6270,6270,6270,6270,6270,0,0,0,"2005-06-03T15:33:45Z","2005-06-04T08:58:34Z"
"HZG-Ferrybox_Cux-HarwNR5817.nc","stage2/ds27_pangaea_ferrybox/DS27_PANGAEA_20260809T183210Z/HZG-Ferrybox_Cux-HarwNR5817.nc",6309,6309,6309,6309,6309,6309,6309,0,0,0,"2005-06-04T15:37:04Z","2005-06-05T09:08:24Z"
"HZG-Ferrybox_Harw-CuxNR5777.nc","stage2/ds27_pangaea_ferrybox/DS27_PANGAEA_20260809T183210Z/HZG-Ferrybox_Harw-CuxNR5777.nc",6341,6341,6341,6341,6341,6341,6341,0,0,0,"2005-06-05T15:45:44Z","2005-06-06T09:22:25Z"
"HZG-Ferrybox_Cux-HarwNR5837.nc","stage2/ds27_pangaea_ferrybox/DS27_PANGAEA_20260809T183210Z/HZG-Ferrybox_Cux-HarwNR5837.nc",6306,6306,6306,6306,6306,6306,6306,0,0,0,"2005-06-06T15:34:56Z","2005-06-07T09:05:45Z"
"HZG-Ferrybox_Harw-CuxNR5877.nc","stage2/ds27_pangaea_ferrybox/DS27_PANGAEA_20260809T183210Z/HZG-Ferrybox_Harw-CuxNR5877.nc",6347,6347,6347,6347,6347,6347,6347,0,0,0,"2005-06-07T15:29:46Z","2005-06-08T09:07:25Z"
"HZG-Ferrybox_Cux-HarwNR5857.nc","stage2/ds27_pangaea_ferrybox/DS27_PANGAEA_20260809T183210Z/HZG-Ferrybox_Cux-HarwNR5857.nc",6346,6346,6346,6346,6346,6346,6346,0,0,0,"2005-06-08T15:32:36Z","2005-06-09T09:10:06Z"
"HZG-Ferrybox_Harw-CuxNR5897.nc","stage2/ds27_pangaea_ferrybox/DS27_PANGAEA_20260809T183210Z/HZG-Ferrybox_Harw-CuxNR5897.nc",6309,6309,6309,6309,6309,6309,6309,0,0,0,"2005-06-09T15:31:46Z","2005-06-10T09:03:04Z"
"HZG-Ferrybox_Cux-HarwNR5917.nc","stage2/ds27_pangaea_ferrybox/DS27_PANGAEA_20260809T183210Z/HZG-Ferrybox_Cux-HarwNR5917.nc",6344,6344,6344,0,0,0,0,0,0,0,"2005-06-14T15:23:25Z","2005-06-15T09:00:35Z"
"HZG-Ferrybox_Harw-CuxNR5937.nc","stage2/ds27_pangaea_ferrybox/DS27_PANGAEA_20260809T183210Z/HZG-Ferrybox_Harw-CuxNR5937.nc",6340,6340,6340,0,0,0,0,0,0,0,"2005-06-15T15:26:45Z","2005-06-16T09:03:15Z"
"HZG-Ferrybox_Cux-HarwNR6137.nc","stage2/ds27_pangaea_ferrybox/DS27_PANGAEA_20260809T183210Z/HZG-Ferrybox_Cux-HarwNR6137.nc",6293,6293,6293,6293,6232,6232,6232,0,0,0,"2005-06-20T15:23:15Z","2005-06-21T09:06:46Z"
"HZG-Ferrybox_Harw-CuxNR5977.nc","stage2/ds27_pangaea_ferrybox/DS27_PANGAEA_20260809T183210Z/HZG-Ferrybox_Harw-CuxNR5977.nc",6193,6193,6193,6193,6193,6193,6193,0,0,0,"2005-06-21T15:39:04Z","2005-06-22T08:54:56Z"
"HZG-Ferrybox_Cux-HarwNR5997.nc","stage2/ds27_pangaea_ferrybox/DS27_PANGAEA_20260809T183210Z/HZG-Ferrybox_Cux-HarwNR5997.nc",6240,6240,6240,6240,6240,6240,6240,0,0,0,"2005-06-22T15:40:24Z","2005-06-23T09:05:25Z"
"HZG-Ferrybox_Harw-CuxNR6017.nc","stage2/ds27_pangaea_ferrybox/DS27_PANGAEA_20260809T183210Z/HZG-Ferrybox_Harw-CuxNR6017.nc",6212,6212,6212,6212,6212,6212,6212,0,0,0,"2005-06-23T16:30:44Z","2005-06-24T09:48:45Z"
"HZG-Ferrybox_Cux-HarwNR6037.nc","stage2/ds27_pangaea_ferrybox/DS27_PANGAEA_20260809T183210Z/HZG-Ferrybox_Cux-HarwNR6037.nc",6303,6303,6303,6303,6303,6303,6303,0,0,0,"2005-06-24T15:32:56Z","2005-06-25T09:03:15Z"
"HZG-Ferrybox_Harw-CuxNR6057.nc","stage2/ds27_pangaea_ferrybox/DS27_PANGAEA_20260809T183210Z/HZG-Ferrybox_Harw-CuxNR6057.nc",6378,6378,6378,6378,6378,6378,6378,0,0,0,"2005-06-25T15:32:15Z","2005-06-26T09:15:05Z"
"HZG-Ferrybox_Cux-HarwNR6077.nc","stage2/ds27_pangaea_ferrybox/DS27_PANGAEA_20260809T183210Z/HZG-Ferrybox_Cux-HarwNR6077.nc",6289,6289,6289,6289,6289,6289,6289,0,0,0,"2005-06-26T15:36:16Z","2005-06-27T09:04:16Z"
"HZG-Ferrybox_Cux-HarwNR6117.nc","stage2/ds27_pangaea_ferrybox/DS27_PANGAEA_20260809T183210Z/HZG-Ferrybox_Cux-HarwNR6117.nc",6272,6272,6272,6272,6211,6211,6211,0,0,0,"2005-06-28T15:26:35Z","2005-06-29T09:08:26Z"
"HZG-Ferrybox_Harw-CuxNR6197.nc","stage2/ds27_pangaea_ferrybox/DS27_PANGAEA_20260809T183210Z/HZG-Ferrybox_Harw-CuxNR6197.nc",6121,6121,6121,6121,6121,6121,6121,0,0,0,"2005-06-29T16:01:34Z","2005-06-30T09:01:34Z"
"HZG-Ferrybox_Cux-HarwNR6217.nc","stage2/ds27_pangaea_ferrybox/DS27_PANGAEA_20260809T183210Z/HZG-Ferrybox_Cux-HarwNR6217.nc",6310,6310,6310,6310,6310,6310,6310,0,0,0,"2005-06-30T15:47:44Z","2005-07-01T09:19:15Z"
"HZG-Ferrybox_Harw-CuxNR6237.nc","stage2/ds27_pangaea_ferrybox/DS27_PANGAEA_20260809T183210Z/HZG-Ferrybox_Harw-CuxNR6237.nc",6266,6266,6266,6266,6266,6266,6266,0,0,0,"2005-07-01T15:37:45Z","2005-07-02T09:01:56Z"
"HZG-Ferrybox_Cux-HarwNR6257.nc","stage2/ds27_pangaea_ferrybox/DS27_PANGAEA_20260809T183210Z/HZG-Ferrybox_Cux-HarwNR6257.nc",6270,6270,6270,6270,6270,6270,6270,0,0,0,"2005-07-02T15:42:55Z","2005-07-03T09:07:45Z"
"HZG-Ferrybox_Harw-CuxNR6277.nc","stage2/ds27_pangaea_ferrybox/DS27_PANGAEA_20260809T183210Z/HZG-Ferrybox_Harw-CuxNR6277.nc",6265,6265,6265,6265,6265,6265,6265,0,0,0,"2005-07-03T15:37:06Z","2005-07-04T09:01:06Z"
"HZG-Ferrybox_Cux-HarwNR6297.nc","stage2/ds27_pangaea_ferrybox/DS27_PANGAEA_20260809T183210Z/HZG-Ferrybox_Cux-HarwNR6297.nc",6499,6499,6499,6499,6499,6499,6499,0,0,0,"2005-07-04T15:38:15Z","2005-07-05T09:41:15Z"
"HZG-Ferrybox_Harw-CuxNR6317.nc","stage2/ds27_pangaea_ferrybox/DS27_PANGAEA_20260809T183210Z/HZG-Ferrybox_Harw-CuxNR6317.nc",6240,6240,6240,6240,6240,6240,6240,0,0,0,"2005-07-05T15:41:55Z","2005-07-06T09:01:46Z"
"HZG-Ferrybox_Cux-HarwNR6337.nc","stage2/ds27_pangaea_ferrybox/DS27_PANGAEA_20260809T183210Z/HZG-Ferrybox_Cux-HarwNR6337.nc",6358,6358,6358,6358,6358,6358,6358,0,0,0,"2005-07-06T15:28:35Z","2005-07-07T09:08:07Z"
"HZG-Ferrybox_Harw-CuxNR6357.nc","stage2/ds27_pangaea_ferrybox/DS27_PANGAEA_20260809T183210Z/HZG-Ferrybox_Harw-CuxNR6357.nc",6292,6292,6292,6292,6292,6292,6292,0,0,0,"2005-07-07T15:59:25Z","2005-07-08T09:27:55Z"
"HZG-Ferrybox_Cux-HarwNR6377.nc","stage2/ds27_pangaea_ferrybox/DS27_PANGAEA_20260809T183210Z/HZG-Ferrybox_Cux-HarwNR6377.nc",6250,6250,6250,6250,6250,6250,6250,0,0,0,"2005-07-08T15:51:04Z","2005-07-09T09:12:36Z"
"HZG-Ferrybox_Harw-CuxNR6397.nc","stage2/ds27_pangaea_ferrybox/DS27_PANGAEA_20260809T183210Z/HZG-Ferrybox_Harw-CuxNR6397.nc",6305,6305,6305,6305,6305,6305,6305,0,0,0,"2005-07-09T15:34:56Z","2005-07-10T09:05:36Z"
"HZG-Ferrybox_Cux-HarwNR6437.nc","stage2/ds27_pangaea_ferrybox/DS27_PANGAEA_20260809T183210Z/HZG-Ferrybox_Cux-HarwNR6437.nc",6393,6393,6393,6393,6393,6393,6393,0,0,0,"2005-07-14T15:30:56Z","2005-07-15T09:16:16Z"
"HZG-Ferrybox_Harw-CuxNR6417.nc","stage2/ds27_pangaea_ferrybox/DS27_PANGAEA_20260809T183210Z/HZG-Ferrybox_Harw-CuxNR6417.nc",6321,6321,6321,6321,6321,6321,6321,0,0,0,"2005-07-15T15:33:16Z","2005-07-16T09:06:35Z"
"HZG-Ferrybox_Harw-CuxNR6458.nc","stage2/ds27_pangaea_ferrybox/DS27_PANGAEA_20260809T183210Z/HZG-Ferrybox_Harw-CuxNR6458.nc",6339,6339,6339,6339,6339,6339,6339,0,0,0,"2005-07-17T15:34:06Z","2005-07-18T09:10:26Z"
"HZG-Ferrybox_Cux-HarwNR6477.nc","stage2/ds27_pangaea_ferrybox/DS27_PANGAEA_20260809T183210Z/HZG-Ferrybox_Cux-HarwNR6477.nc",6338,6338,6338,6338,6338,6338,6338,0,0,0,"2005-07-18T15:31:46Z","2005-07-19T09:07:55Z"
"HZG-Ferrybox_Cux-HarwNR6497.nc","stage2/ds27_pangaea_ferrybox/DS27_PANGAEA_20260809T183210Z/HZG-Ferrybox_Cux-HarwNR6497.nc",6625,6625,6625,6625,6625,6625,6625,0,0,0,"2005-07-20T15:40:25Z","2005-07-21T10:04:26Z"
"HZG-Ferrybox_Harw-CuxNR6517.nc","stage2/ds27_pangaea_ferrybox/DS27_PANGAEA_20260809T183210Z/HZG-Ferrybox_Harw-CuxNR6517.nc",6329,6329,6329,6329,6329,6329,6329,0,0,0,"2005-07-21T15:45:25Z","2005-07-22T09:20:05Z"
"HZG-Ferrybox_Cux-HarwNR6537.nc","stage2/ds27_pangaea_ferrybox/DS27_PANGAEA_20260809T183210Z/HZG-Ferrybox_Cux-HarwNR6537.nc",6354,6354,6354,6354,6354,6354,6354,0,0,0,"2005-07-22T15:35:24Z","2005-07-23T09:14:14Z"
"HZG-Ferrybox_Harw-CuxNR6557.nc","stage2/ds27_pangaea_ferrybox/DS27_PANGAEA_20260809T183210Z/HZG-Ferrybox_Harw-CuxNR6557.nc",6314,6314,6314,6314,6314,6314,6314,0,0,0,"2005-07-23T15:34:14Z","2005-07-24T09:06:26Z"
"HZG-Ferrybox_Cux-HarwNR6577.nc","stage2/ds27_pangaea_ferrybox/DS27_PANGAEA_20260809T183210Z/HZG-Ferrybox_Cux-HarwNR6577.nc",6407,6407,6407,6407,6407,6407,6407,0,0,0,"2005-07-24T15:28:34Z","2005-07-25T09:16:14Z"
"HZG-Ferrybox_Harw-CuxNR6597.nc","stage2/ds27_pangaea_ferrybox/DS27_PANGAEA_20260809T183210Z/HZG-Ferrybox_Harw-CuxNR6597.nc",6281,6281,6281,6281,6281,6281,6281,0,0,0,"2005-07-25T15:43:05Z","2005-07-26T09:09:45Z"
"HZG-Ferrybox_Cux-HarwNR6617.nc","stage2/ds27_pangaea_ferrybox/DS27_PANGAEA_20260809T183210Z/HZG-Ferrybox_Cux-HarwNR6617.nc",6203,6203,6203,6203,6203,6203,6203,0,0,0,"2005-07-26T15:50:45Z","2005-07-27T09:04:25Z"
"HZG-Ferrybox_Harw-CuxNR6637.nc","stage2/ds27_pangaea_ferrybox/DS27_PANGAEA_20260809T183210Z/HZG-Ferrybox_Harw-CuxNR6637.nc",6224,6224,6224,6224,6224,6224,6224,0,0,0,"2005-07-27T15:33:16Z","2005-07-28T08:50:26Z"
"HZG-Ferrybox_Cux-HarwNR7658.nc","stage2/ds27_pangaea_ferrybox/DS27_PANGAEA_20260809T183210Z/HZG-Ferrybox_Cux-HarwNR7658.nc",6374,6374,6374,6374,6374,6374,6374,0,0,0,"2005-08-03T15:27:05Z","2005-08-04T09:09:17Z"
"HZG-Ferrybox_Harw-CuxNR7678.nc","stage2/ds27_pangaea_ferrybox/DS27_PANGAEA_20260809T183210Z/HZG-Ferrybox_Harw-CuxNR7678.nc",6245,6245,6245,6245,6245,6245,6245,0,0,0,"2005-08-04T15:45:05Z","2005-08-05T09:05:44Z"
"HZG-Ferrybox_Cux-HarwNR6657.nc","stage2/ds27_pangaea_ferrybox/DS27_PANGAEA_20260809T183210Z/HZG-Ferrybox_Cux-HarwNR6657.nc",6353,6353,6353,6353,6353,6353,6353,0,0,0,"2005-08-05T15:29:55Z","2005-08-06T09:08:35Z"
"HZG-Ferrybox_Harw-CuxNR6677.nc","stage2/ds27_pangaea_ferrybox/DS27_PANGAEA_20260809T183210Z/HZG-Ferrybox_Harw-CuxNR6677.nc",6278,6278,6278,6278,6278,6278,6278,0,0,0,"2005-08-06T15:47:05Z","2005-08-07T09:13:16Z"
"HZG-Ferrybox_Cux-HarwNR6697.nc","stage2/ds27_pangaea_ferrybox/DS27_PANGAEA_20260809T183210Z/HZG-Ferrybox_Cux-HarwNR6697.nc",6277,6277,6277,6277,6277,6277,6277,0,0,0,"2005-08-07T15:57:06Z","2005-08-08T09:23:05Z"
"HZG-Ferrybox_Harw-CuxNR6737.nc","stage2/ds27_pangaea_ferrybox/DS27_PANGAEA_20260809T183210Z/HZG-Ferrybox_Harw-CuxNR6737.nc",3680,3680,3680,3680,3680,3680,3680,0,0,0,"2005-08-08T15:32:33Z","2005-08-08T22:48:55Z"
"HZG-Ferrybox_Cux-HarwNR6717.nc","stage2/ds27_pangaea_ferrybox/DS27_PANGAEA_20260809T183210Z/HZG-Ferrybox_Cux-HarwNR6717.nc",6305,6305,6305,6305,6305,6305,6305,0,0,0,"2005-08-09T15:43:14Z","2005-08-10T09:13:55Z"
"HZG-Ferrybox_Harw-CuxNR6757.nc","stage2/ds27_pangaea_ferrybox/DS27_PANGAEA_20260809T183210Z/HZG-Ferrybox_Harw-CuxNR6757.nc",6292,6292,6292,6292,6292,6292,6292,0,0,0,"2005-08-10T15:33:15Z","2005-08-11T09:01:46Z"
"HZG-Ferrybox_Cux-HarwNR6777.nc","stage2/ds27_pangaea_ferrybox/DS27_PANGAEA_20260809T183210Z/HZG-Ferrybox_Cux-HarwNR6777.nc",6293,6293,6293,6293,6293,6293,6293,0,0,0,"2005-08-11T15:41:55Z","2005-08-12T09:10:35Z"
"HZG-Ferrybox_Harw-CuxNR6797.nc","stage2/ds27_pangaea_ferrybox/DS27_PANGAEA_20260809T183210Z/HZG-Ferrybox_Harw-CuxNR6797.nc",6313,6313,6313,6313,6313,6313,6313,0,0,0,"2005-08-12T15:36:05Z","2005-08-13T09:08:06Z"
"HZG-Ferrybox_Cux-HarwNR6817.nc","stage2/ds27_pangaea_ferrybox/DS27_PANGAEA_20260809T183210Z/HZG-Ferrybox_Cux-HarwNR6817.nc",6347,6347,6347,6347,6347,6347,6347,0,0,0,"2005-08-13T15:34:25Z","2005-08-14T09:12:04Z"
"HZG-Ferrybox_Harw-CuxNR6837.nc","stage2/ds27_pangaea_ferrybox/DS27_PANGAEA_20260809T183210Z/HZG-Ferrybox_Harw-CuxNR6837.nc",6400,6400,6400,6400,6400,6400,6400,0,0,0,"2005-08-14T15:22:35Z","2005-08-15T09:09:05Z"
"HZG-Ferrybox_Cux-HarwNR6857.nc","stage2/ds27_pangaea_ferrybox/DS27_PANGAEA_20260809T183210Z/HZG-Ferrybox_Cux-HarwNR6857.nc",6300,6300,6300,6300,6239,6239,6239,0,0,0,"2005-08-15T15:28:04Z","2005-08-16T09:08:26Z"
"HZG-Ferrybox_Harw-CuxNR6877.nc","stage2/ds27_pangaea_ferrybox/DS27_PANGAEA_20260809T183210Z/HZG-Ferrybox_Harw-CuxNR6877.nc",6364,6364,6364,6364,6364,6364,6364,0,0,0,"2005-08-16T15:26:55Z","2005-08-17T09:07:25Z"
"HZG-Ferrybox_Cux-HarwNR6897.nc","stage2/ds27_pangaea_ferrybox/DS27_PANGAEA_20260809T183210Z/HZG-Ferrybox_Cux-HarwNR6897.nc",6280,6280,6280,6280,6280,6280,6280,0,0,0,"2005-08-17T15:40:05Z","2005-08-18T09:06:35Z"
"HZG-Ferrybox_Cux-HarwNR6937.nc","stage2/ds27_pangaea_ferrybox/DS27_PANGAEA_20260809T183210Z/HZG-Ferrybox_Cux-HarwNR6937.nc",6258,6258,6258,6258,6258,6258,6258,0,0,0,"2005-08-19T15:49:24Z","2005-08-20T09:12:15Z"
"HZG-Ferrybox_Harw-CuxNR6957.nc","stage2/ds27_pangaea_ferrybox/DS27_PANGAEA_20260809T183210Z/HZG-Ferrybox_Harw-CuxNR6957.nc",6217,6217,6217,6217,6217,6217,6217,0,0,0,"2005-08-20T15:46:04Z","2005-08-21T09:02:05Z"
"HZG-Ferrybox_Cux-HarwNR6977.nc","stage2/ds27_pangaea_ferrybox/DS27_PANGAEA_20260809T183210Z/HZG-Ferrybox_Cux-HarwNR6977.nc",6347,6347,6347,6347,6347,6347,6347,0,0,0,"2005-08-21T15:27:55Z","2005-08-22T09:05:34Z"
"HZG-Ferrybox_Cux-HarwNR7017.nc","stage2/ds27_pangaea_ferrybox/DS27_PANGAEA_20260809T183210Z/HZG-Ferrybox_Cux-HarwNR7017.nc",6346,6346,6346,6346,6346,6346,6346,0,0,0,"2005-08-23T15:39:54Z","2005-08-24T09:17:26Z"
"HZG-Ferrybox_Cux-HarwNR7898.nc","stage2/ds27_pangaea_ferrybox/DS27_PANGAEA_20260809T183210Z/HZG-Ferrybox_Cux-HarwNR7898.nc",6287,6287,6287,6287,6287,6287,6287,0,0,0,"2005-08-31T15:38:15Z","2005-09-01T09:05:53Z"
"HZG-Ferrybox_Harw-CuxNR7698.nc","stage2/ds27_pangaea_ferrybox/DS27_PANGAEA_20260809T183210Z/HZG-Ferrybox_Harw-CuxNR7698.nc",6237,6237,6237,6237,6237,6237,6237,0,0,0,"2005-09-01T15:40:24Z","2005-09-02T08:59:45Z"
"HZG-Ferrybox_Cux-HarwNR7718.nc","stage2/ds27_pangaea_ferrybox/DS27_PANGAEA_20260809T183210Z/HZG-Ferrybox_Cux-HarwNR7718.nc",6234,6234,6234,6234,6234,6234,6234,0,0,0,"2005-09-02T15:47:44Z","2005-09-03T09:06:35Z"
"HZG-Ferrybox_Harw-CuxNR7037.nc","stage2/ds27_pangaea_ferrybox/DS27_PANGAEA_20260809T183210Z/HZG-Ferrybox_Harw-CuxNR7037.nc",6282,6282,6282,6282,6282,6282,6282,0,0,0,"2005-09-03T15:35:46Z","2005-09-04T09:02:36Z"
"HZG-Ferrybox_Cux-HarwNR7057.nc","stage2/ds27_pangaea_ferrybox/DS27_PANGAEA_20260809T183210Z/HZG-Ferrybox_Cux-HarwNR7057.nc",6318,6318,6318,6318,6318,6318,6318,0,0,0,"2005-09-04T15:34:14Z","2005-09-05T09:07:06Z"
"HZG-Ferrybox_Harw-CuxNR7077.nc","stage2/ds27_pangaea_ferrybox/DS27_PANGAEA_20260809T183210Z/HZG-Ferrybox_Harw-CuxNR7077.nc",6304,6304,6304,6304,6304,6304,6304,0,0,0,"2005-09-05T15:31:15Z","2005-09-06T09:01:46Z"
"HZG-Ferrybox_Cux-HarwNR7097.nc","stage2/ds27_pangaea_ferrybox/DS27_PANGAEA_20260809T183210Z/HZG-Ferrybox_Cux-HarwNR7097.nc",6323,6323,6323,6323,6323,6323,6323,0,0,0,"2005-09-06T15:30:56Z","2005-09-07T09:04:35Z"
"HZG-Ferrybox_Harw-CuxNR7117.nc","stage2/ds27_pangaea_ferrybox/DS27_PANGAEA_20260809T183210Z/HZG-Ferrybox_Harw-CuxNR7117.nc",6284,6284,6284,6284,6284,6284,6284,0,0,0,"2005-09-07T15:34:36Z","2005-09-08T09:01:45Z"
"HZG-Ferrybox_Cux-HarwNR7738.nc","stage2/ds27_pangaea_ferrybox/DS27_PANGAEA_20260809T183210Z/HZG-Ferrybox_Cux-HarwNR7738.nc",6355,6355,6355,6355,6355,6355,6355,0,0,0,"2005-09-08T15:35:35Z","2005-09-09T09:14:34Z"
"HZG-Ferrybox_Harw-CuxNR7137.nc","stage2/ds27_pangaea_ferrybox/DS27_PANGAEA_20260809T183210Z/HZG-Ferrybox_Harw-CuxNR7137.nc",6289,6289,6289,6289,6289,6289,6289,0,0,0,"2005-09-09T15:30:25Z","2005-09-10T08:58:25Z"
"HZG-Ferrybox_Cux-HarwNR7758.nc","stage2/ds27_pangaea_ferrybox/DS27_PANGAEA_20260809T183210Z/HZG-Ferrybox_Cux-HarwNR7758.nc",6098,6098,6098,6098,6098,6098,6098,0,0,0,"2005-09-10T16:50:16Z","2005-09-11T09:46:26Z"
"HZG-Ferrybox_Harw-CuxNR7778.nc","stage2/ds27_pangaea_ferrybox/DS27_PANGAEA_20260809T183210Z/HZG-Ferrybox_Harw-CuxNR7778.nc",6259,6259,6259,6259,6259,6259,6259,0,0,0,"2005-09-11T15:37:43Z","2005-09-12T09:00:44Z"
"HZG-Ferrybox_Cux-HarwNR7798.nc","stage2/ds27_pangaea_ferrybox/DS27_PANGAEA_20260809T183210Z/HZG-Ferrybox_Cux-HarwNR7798.nc",6398,6398,6398,6398,6398,6398,6398,0,0,0,"2005-09-12T15:26:15Z","2005-09-13T09:12:26Z"
"HZG-Ferrybox_Harw-CuxNR7818.nc","stage2/ds27_pangaea_ferrybox/DS27_PANGAEA_20260809T183210Z/HZG-Ferrybox_Harw-CuxNR7818.nc",6273,6273,6273,6273,6273,6273,6273,0,0,0,"2005-09-13T15:29:46Z","2005-09-14T08:55:05Z"
"HZG-Ferrybox_Cux-HarwNR7838.nc","stage2/ds27_pangaea_ferrybox/DS27_PANGAEA_20260809T183210Z/HZG-Ferrybox_Cux-HarwNR7838.nc",6379,6379,6379,6379,6379,6379,6379,0,0,0,"2005-09-14T15:28:23Z","2005-09-15T09:11:24Z"
"HZG-Ferrybox_Harw-CuxNR7217.nc","stage2/ds27_pangaea_ferrybox/DS27_PANGAEA_20260809T183210Z/HZG-Ferrybox_Harw-CuxNR7217.nc",4309,4309,4309,4309,4309,4309,4309,0,0,0,"2005-09-15T20:40:55Z","2005-09-16T08:38:55Z"
"HZG-Ferrybox_Cux-HarwNR7197.nc","stage2/ds27_pangaea_ferrybox/DS27_PANGAEA_20260809T183210Z/HZG-Ferrybox_Cux-HarwNR7197.nc",6363,6363,6363,6363,6363,6363,6363,0,0,0,"2005-09-16T15:28:15Z","2005-09-17T09:08:35Z"
"HZG-Ferrybox_Harw-CuxNR7177.nc","stage2/ds27_pangaea_ferrybox/DS27_PANGAEA_20260809T183210Z/HZG-Ferrybox_Harw-CuxNR7177.nc",6321,6321,6321,6321,6321,6321,6321,0,0,0,"2005-09-17T15:29:05Z","2005-09-18T09:02:24Z"
"HZG-Ferrybox_Cux-HarwNR7157.nc","stage2/ds27_pangaea_ferrybox/DS27_PANGAEA_20260809T183210Z/HZG-Ferrybox_Cux-HarwNR7157.nc",6398,6398,6398,6398,6398,6398,6398,0,0,0,"2005-09-18T15:18:05Z","2005-09-19T09:04:16Z"
"HZG-Ferrybox_Harw-CuxNR7237.nc","stage2/ds27_pangaea_ferrybox/DS27_PANGAEA_20260809T183210Z/HZG-Ferrybox_Harw-CuxNR7237.nc",6315,6315,6315,6315,6315,6315,6315,0,0,0,"2005-09-19T15:33:05Z","2005-09-20T09:05:25Z"
"HZG-Ferrybox_Cux-HarwNR7257.nc","stage2/ds27_pangaea_ferrybox/DS27_PANGAEA_20260809T183210Z/HZG-Ferrybox_Cux-HarwNR7257.nc",6296,6296,6296,6296,6296,6296,6296,0,0,0,"2005-09-20T15:30:54Z","2005-09-21T09:00:05Z"
"HZG-Ferrybox_Harw-CuxNR7277.nc","stage2/ds27_pangaea_ferrybox/DS27_PANGAEA_20260809T183210Z/HZG-Ferrybox_Harw-CuxNR7277.nc",6312,6312,6312,6312,6312,6312,6312,0,0,0,"2005-09-21T15:36:16Z","2005-09-22T09:08:06Z"
"HZG-Ferrybox_Cux-HarwNR7978.nc","stage2/ds27_pangaea_ferrybox/DS27_PANGAEA_20260809T183210Z/HZG-Ferrybox_Cux-HarwNR7978.nc",6351,6351,6351,6351,6351,6351,6351,0,0,0,"2005-09-22T15:26:45Z","2005-09-23T09:05:03Z"
"HZG-Ferrybox_Harw-CuxNR7278.nc","stage2/ds27_pangaea_ferrybox/DS27_PANGAEA_20260809T183210Z/HZG-Ferrybox_Harw-CuxNR7278.nc",6345,6345,6345,6345,6345,6345,6345,0,0,0,"2005-09-23T15:29:46Z","2005-09-24T09:07:05Z"
"HZG-Ferrybox_Cux-HarwNR7858.nc","stage2/ds27_pangaea_ferrybox/DS27_PANGAEA_20260809T183210Z/HZG-Ferrybox_Cux-HarwNR7858.nc",6326,6326,6326,6326,6326,6326,6326,0,0,0,"2005-09-24T15:31:43Z","2005-09-25T09:05:53Z"
"HZG-Ferrybox_Harw-CuxNR7298.nc","stage2/ds27_pangaea_ferrybox/DS27_PANGAEA_20260809T183210Z/HZG-Ferrybox_Harw-CuxNR7298.nc",6378,6378,6378,6378,6378,6378,6378,0,0,0,"2005-09-25T15:24:55Z","2005-09-26T09:07:45Z"
"HZG-Ferrybox_Cux-HarwNR7318.nc","stage2/ds27_pangaea_ferrybox/DS27_PANGAEA_20260809T183210Z/HZG-Ferrybox_Cux-HarwNR7318.nc",6400,6400,6400,6361,6361,6361,6361,0,0,0,"2005-09-26T15:29:25Z","2005-09-27T09:15:54Z"
"HZG-Ferrybox_Harw-CuxNR7979.nc","stage2/ds27_pangaea_ferrybox/DS27_PANGAEA_20260809T183210Z/HZG-Ferrybox_Harw-CuxNR7979.nc",6221,6221,6221,6221,6221,6221,6221,0,0,0,"2005-09-27T15:34:16Z","2005-09-28T09:00:33Z"
"HZG-Ferrybox_Cux-HarwNR7338.nc","stage2/ds27_pangaea_ferrybox/DS27_PANGAEA_20260809T183210Z/HZG-Ferrybox_Cux-HarwNR7338.nc",6504,6504,6504,6504,6504,6504,6504,0,0,0,"2005-09-28T15:35:34Z","2005-09-29T09:39:26Z"
"HZG-Ferrybox_Cux-HarwNR7980.nc","stage2/ds27_pangaea_ferrybox/DS27_PANGAEA_20260809T183210Z/HZG-Ferrybox_Cux-HarwNR7980.nc",6369,6369,6369,6369,6369,6369,6369,0,0,0,"2005-10-10T15:24:15Z","2005-10-11T09:05:36Z"
"HZG-Ferrybox_Harw-CuxNR7981.nc","stage2/ds27_pangaea_ferrybox/DS27_PANGAEA_20260809T183210Z/HZG-Ferrybox_Harw-CuxNR7981.nc",6250,6250,6250,6250,6250,6250,6250,0,0,0,"2005-10-11T15:34:55Z","2005-10-12T08:56:26Z"
"HZG-Ferrybox_Cux-HarwNR7358.nc","stage2/ds27_pangaea_ferrybox/DS27_PANGAEA_20260809T183210Z/HZG-Ferrybox_Cux-HarwNR7358.nc",6318,6318,6318,6318,6318,6318,6318,0,0,0,"2005-10-12T15:34:14Z","2005-10-13T09:07:06Z"
"HZG-Ferrybox_Harw-CuxNR7378.nc","stage2/ds27_pangaea_ferrybox/DS27_PANGAEA_20260809T183210Z/HZG-Ferrybox_Harw-CuxNR7378.nc",6282,6282,6282,6282,6282,6282,6282,0,0,0,"2005-10-13T15:38:36Z","2005-10-14T09:05:25Z"
"HZG-Ferrybox_Cux-HarwNR7398.nc","stage2/ds27_pangaea_ferrybox/DS27_PANGAEA_20260809T183210Z/HZG-Ferrybox_Cux-HarwNR7398.nc",6204,6204,6204,6204,6204,6204,6204,0,0,0,"2005-10-14T15:49:44Z","2005-10-15T09:03:36Z"
"HZG-Ferrybox_Harw-CuxNR7418.nc","stage2/ds27_pangaea_ferrybox/DS27_PANGAEA_20260809T183210Z/HZG-Ferrybox_Harw-CuxNR7418.nc",6127,6127,6127,6127,6127,6127,6127,0,0,0,"2005-10-15T15:58:25Z","2005-10-16T08:59:24Z"
"HZG-Ferrybox_Cux-HarwNR7438.nc","stage2/ds27_pangaea_ferrybox/DS27_PANGAEA_20260809T183210Z/HZG-Ferrybox_Cux-HarwNR7438.nc",6392,6392,6392,6392,6392,6392,6392,0,0,0,"2005-10-16T15:19:15Z","2005-10-17T09:04:25Z"
"HZG-Ferrybox_Harw-CuxNR7458.nc","stage2/ds27_pangaea_ferrybox/DS27_PANGAEA_20260809T183210Z/HZG-Ferrybox_Harw-CuxNR7458.nc",6284,6284,6284,6284,6284,6284,6284,0,0,0,"2005-10-17T15:39:45Z","2005-10-18T09:06:55Z"
"HZG-Ferrybox_Cux-HarwNR7478.nc","stage2/ds27_pangaea_ferrybox/DS27_PANGAEA_20260809T183210Z/HZG-Ferrybox_Cux-HarwNR7478.nc",6383,6383,6383,6383,6383,6383,6383,0,0,0,"2005-10-18T15:23:34Z","2005-10-19T09:07:16Z"
"HZG-Ferrybox_Harw-CuxNR7498.nc","stage2/ds27_pangaea_ferrybox/DS27_PANGAEA_20260809T183210Z/HZG-Ferrybox_Harw-CuxNR7498.nc",6393,6393,6393,6393,6393,6393,6393,0,0,0,"2005-10-19T15:19:25Z","2005-10-20T09:04:46Z"
"HZG-Ferrybox_Cux-HarwNR7518.nc","stage2/ds27_pangaea_ferrybox/DS27_PANGAEA_20260809T183210Z/HZG-Ferrybox_Cux-HarwNR7518.nc",6397,6397,6397,6397,6397,6397,6397,0,0,0,"2005-10-22T15:21:54Z","2005-10-23T09:07:55Z"
"HZG-Ferrybox_Harw-CuxNR7538.nc","stage2/ds27_pangaea_ferrybox/DS27_PANGAEA_20260809T183210Z/HZG-Ferrybox_Harw-CuxNR7538.nc",6305,6305,6305,6305,6305,6305,6305,0,0,0,"2005-10-23T15:37:04Z","2005-10-24T09:08:15Z"
"HZG-Ferrybox_Cux-HarwNR7558.nc","stage2/ds27_pangaea_ferrybox/DS27_PANGAEA_20260809T183210Z/HZG-Ferrybox_Cux-HarwNR7558.nc",6754,6754,6754,6754,6754,6754,6754,0,0,0,"2005-10-24T15:16:55Z","2005-10-25T10:02:26Z"
